11874,1,2,20754,0
11874,1,2,20384,350
11874,1,2,20014,420
11874,1,2,19274,490
11874,1,2,18904,560
11874,1,2,18534,630
11874,1,2,17794,700
11874,1,2,17424,770
11874,1,2,16684,840
11874,1,2,16314,910
11874,1,2,15944,980
11874,1,2,15204,1050
11874,1,2,14834,1120
11874,1,2,14094,1190
11874,1,2,13724,1260
11874,1,2,13354,1330
11874,1,2,12614,1400
11874,1,2,12244,1470
13724,2,3,20759,0
13724,2,3,20389,280
13724,2,3,19649,350
13724,2,3,18909,420
13724,2,3,18539,490
13724,2,3,17799,560
13724,2,3,17429,630
13724,2,3,17059,700
13724,2,3,16319,770
13724,2,3,15949,840
13724,2,3,15209,910
13724,2,3,14839,980
13724,2,3,14469,1050
13724,2,3,13729,1120
13724,2,3,1,1190
18534,2,3,21882,0
18534,2,3,21512,350
18534,2,3,21142,630
18534,2,3,20772,840
18534,2,3,20402,1120
18534,2,3,19662,1190
18534,2,3,19292,1260
18534,2,3,18552,1330
18534,2,3,1,1400
20754,2,3,22628,0
20754,2,3,22258,420
20754,2,3,21888,700
20754,2,3,21518,910
20754,2,3,21148,1190
20754,2,3,20778,1400
16684,2,3,21507,0
16684,2,3,21137,560
16684,2,3,20767,770
16684,2,3,20397,1050
16684,2,3,19657,1120
16684,2,3,19287,1190
16684,2,3,18917,1260
16684,2,3,18177,1330
16684,2,3,17807,1400
16684,2,3,17067,1470
20014,2,3,22256,0
20014,2,3,21886,560
20014,2,3,21516,840
20014,2,3,21146,1050
20014,2,3,20776,1330
14834,2,3,21502,0
14834,2,3,21132,350
14834,2,3,20762,560
14834,2,3,20392,840
14834,2,3,19652,910
14834,2,3,19282,980
14834,2,3,18542,1050
14834,2,3,18172,1120
14834,2,3,17802,1190
14834,2,3,17062,1260
14834,2,3,16692,1330
14834,2,3,15952,1400
14834,2,3,15582,1470
19274,2,3,21884,0
19274,2,3,21514,420
19274,2,3,21144,700
19274,2,3,20774,910
19274,2,3,20034,1190
19274,2,3,19664,1260
19274,2,3,19294,1330
19274,2,3,1,1400
17424,2,3,21879,0
17424,2,3,21509,490
17424,2,3,21139,700
17424,2,3,20769,980
17424,2,3,20029,1260
17424,2,3,19659,1330
17424,2,3,18919,1400
17424,2,3,18549,1470
16314,2,3,21506,0
16314,2,3,21136,490
16314,2,3,20766,770
16314,2,3,20396,980
16314,2,3,20026,1050
16314,2,3,19286,1120
16314,2,3,18916,1190
16314,2,3,18546,1260
16314,2,3,17806,1330
16314,2,3,17436,1400
16314,2,3,16696,1470
15204,2,3,21503,0
15204,2,3,21133,490
15204,2,3,20763,700
15204,2,3,20393,980
15204,2,3,19653,1050
15204,2,3,19283,1120
15204,2,3,18913,1190
15204,2,3,18173,1260
15204,2,3,17803,1330
15204,2,3,17063,1400
15204,2,3,16693,1470
17794,2,3,21880,0
17794,2,3,21510,560
17794,2,3,21140,770
17794,2,3,20770,1050
17794,2,3,20400,1260
17794,2,3,20030,1330
17794,2,3,19290,1400
17794,2,3,18920,1470
15944,2,3,21875,0
15944,2,3,21505,420
15944,2,3,21135,700
15944,2,3,20765,910
15944,2,3,20395,1190
15944,2,3,19655,1260
15944,2,3,19285,1330
15944,2,3,18915,1400
15944,2,3,18175,1470
14094,2,3,20760,0
14094,2,3,20020,350
14094,2,3,19280,420
14094,2,3,18910,490
14094,2,3,18170,560
14094,2,3,17800,630
14094,2,3,17430,700
14094,2,3,16690,770
14094,2,3,16320,840
14094,2,3,15580,910
14094,2,3,15210,980
14094,2,3,14840,1050
14094,2,3,14100,1120
14094,2,3,1,1190
13354,2,3,20388,0
13354,2,3,20018,280
13354,2,3,19278,350
13354,2,3,18538,420
13354,2,3,18168,490
13354,2,3,17428,560
13354,2,3,17058,630
13354,2,3,16688,700
13354,2,3,15948,770
13354,2,3,15578,840
13354,2,3,14838,910
13354,2,3,14468,980
13354,2,3,14098,1050
13354,2,3,13358,1120
13354,2,3,1,1190
20384,2,3,22627,0
20384,2,3,22257,350
20384,2,3,21887,630
20384,2,3,21517,840
20384,2,3,21147,1120
20384,2,3,20777,1400
12614,2,3,19646,0
12614,2,3,18536,350
12614,2,3,18166,420
12614,2,3,17796,490
12614,2,3,17056,560
12614,2,3,16686,630
12614,2,3,15946,700
12614,2,3,15576,770
12614,2,3,15206,840
12614,2,3,14466,910
12614,2,3,14096,980
12614,2,3,13356,1050
12614,2,3,12986,1120
12614,2,3,12616,1190
12614,2,3,1,1260
18904,2,3,21883,0
18904,2,3,21513,350
18904,2,3,21143,560
18904,2,3,20773,770
18904,2,3,20403,1050
18904,2,3,19663,1120
18904,2,3,19293,1190
18904,2,3,1,1260
12244,2,3,19275,0
12244,2,3,18905,280
12244,2,3,18165,350
12244,2,3,17795,420
12244,2,3,17055,490
12244,2,3,16685,560
12244,2,3,15945,630
12244,2,3,15575,700
12244,2,3,15205,770
12244,2,3,14465,840
12244,2,3,14095,910
12244,2,3,13355,980
12244,2,3,12985,1050
12244,2,3,12615,1120
12244,2,3,1,1190
1,3,4,1,0
19282,3,4,21884,0
19282,3,4,21514,560
19282,3,4,21144,770
19282,3,4,20774,1050
19282,3,4,20034,1330
19282,3,4,19664,1400
19282,3,4,19294,1470
15949,3,4,21135,0
15949,3,4,20765,350
15949,3,4,20395,630
15949,3,4,19655,700
15949,3,4,19285,770
15949,3,4,18915,840
15949,3,4,18175,910
15949,3,4,17805,980
15949,3,4,17065,1050
15949,3,4,16695,1120
15949,3,4,16325,1190
15949,3,4,1,1260
21518,3,4,23370,0
21518,3,4,23000,490
21518,3,4,22630,770
21518,3,4,22260,980
21518,3,4,21890,1260
21518,3,4,21520,1470
21887,3,4,23741,0
21887,3,4,23371,420
21887,3,4,23001,630
21887,3,4,22631,910
21887,3,4,22261,1120
21887,3,4,21891,1400
12985,3,4,19277,0
12985,3,4,18537,350
12985,3,4,18167,420
12985,3,4,17427,490
12985,3,4,17057,560
12985,3,4,16317,630
12985,3,4,15947,700
12985,3,4,15577,770
12985,3,4,14837,840
12985,3,4,14467,910
12985,3,4,13727,980
12985,3,4,13357,1050
12985,3,4,12987,1120
12985,3,4,1,1190
14465,3,4,20391,0
14465,3,4,19651,350
14465,3,4,19281,420
14465,3,4,18541,490
14465,3,4,18171,560
14465,3,4,17431,630
14465,3,4,17061,700
14465,3,4,16691,770
14465,3,4,15951,840
14465,3,4,15581,910
14465,3,4,14841,980
14465,3,4,14471,1050
14465,3,4,1,1120
21140,3,4,22629,0
21140,3,4,22259,560
21140,3,4,21889,770
21140,3,4,21519,1050
21140,3,4,21149,1260
17807,3,4,21140,0
17807,3,4,20770,560
17807,3,4,20030,840
17807,3,4,19660,910
17807,3,4,19290,980
17807,3,4,18550,1050
17807,3,4,18180,1120
17807,3,4,1,1190
20759,3,4,21888,0
20759,3,4,21518,560
20759,3,4,21148,770
20759,3,4,20778,1050
20759,3,4,1,1330
21502,3,4,23370,0
21502,3,4,23000,420
21502,3,4,22630,630
21502,3,4,22260,910
21502,3,4,21890,1120
21502,3,4,21520,1400
18538,3,4,21882,0
18538,3,4,21512,560
18538,3,4,21142,770
18538,3,4,20772,1050
18538,3,4,20402,1260
18538,3,4,20032,1330
18538,3,4,19292,1400
18538,3,4,18922,1470
20402,3,4,21887,0
20402,3,4,21517,420
20402,3,4,21147,700
20402,3,4,20777,910
20402,3,4,20407,1190
20402,3,4,1,1260
19275,3,4,21514,0
19275,3,4,21144,560
19275,3,4,20774,840
19275,3,4,20404,1050
19275,3,4,20034,1120
19275,3,4,19664,1190
19275,3,4,1,1260
15205,3,4,21503,0
15205,3,4,21133,350
15205,3,4,20763,630
15205,3,4,20393,840
15205,3,4,20023,910
15205,3,4,19653,980
15205,3,4,18913,1050
15205,3,4,18543,1120
15205,3,4,17803,1190
15205,3,4,17433,1260
15205,3,4,17063,1330
15205,3,4,16323,1400
15205,3,4,15953,1470
21880,3,4,23741,0
21880,3,4,23371,350
21880,3,4,23001,630
21880,3,4,22631,840
21880,3,4,22261,1120
21880,3,4,21891,1330
16320,3,4,21136,0
16320,3,4,20766,350
16320,3,4,20026,630
16320,3,4,19656,700
16320,3,4,19286,770
16320,3,4,18546,840
16320,3,4,18176,910
16320,3,4,17436,980
16320,3,4,17066,1050
16320,3,4,16696,1120
16320,3,4,1,1190
19293,3,4,21514,0
19293,3,4,21144,560
19293,3,4,20774,770
19293,3,4,20404,1050
19293,3,4,19664,1120
19293,3,4,19294,1190
19293,3,4,1,1260
21133,3,4,22629,0
21133,3,4,22259,420
21133,3,4,21889,630
21133,3,4,21519,910
21133,3,4,21149,1120
21133,3,4,1,1400
17063,3,4,21138,0
17063,3,4,20768,490
17063,3,4,20398,700
17063,3,4,20028,770
17063,3,4,19288,840
17063,3,4,18918,910
17063,3,4,18178,980
17063,3,4,17808,1050
17063,3,4,17438,1120
17063,3,4,1,1190
17800,3,4,21880,0
17800,3,4,21510,560
17800,3,4,21140,770
17800,3,4,20770,1050
17800,3,4,20400,1260
17800,3,4,20030,1330
17800,3,4,19290,1400
17800,3,4,18920,1470
19646,3,4,21885,0
19646,3,4,21515,420
19646,3,4,21145,630
19646,3,4,20775,910
19646,3,4,20405,1120
19646,3,4,20035,1190
19646,3,4,19665,1260
19646,3,4,1,1330
21142,3,4,22999,0
21142,3,4,22629,420
21142,3,4,22259,700
21142,3,4,21889,980
21142,3,4,21519,1190
21142,3,4,21149,1470
20395,3,4,22257,0
20395,3,4,21887,490
20395,3,4,21517,700
20395,3,4,21147,980
20395,3,4,20777,1260
20395,3,4,20407,1470
21513,3,4,23370,0
21513,3,4,23000,420
21513,3,4,22630,630
21513,3,4,22260,910
21513,3,4,21890,1120
21513,3,4,21520,1400
15576,3,4,21504,0
15576,3,4,21134,420
15576,3,4,20764,700
15576,3,4,20394,910
15576,3,4,20024,980
15576,3,4,19284,1050
15576,3,4,18914,1120
15576,3,4,18174,1190
15576,3,4,17804,1260
15576,3,4,17434,1330
15576,3,4,16694,1400
15576,3,4,16324,1470
21882,3,4,23371,0
21882,3,4,23001,350
21882,3,4,22631,630
21882,3,4,22261,910
21882,3,4,21891,1120
21882,3,4,1,1400
18549,3,4,21512,0
18549,3,4,21142,420
18549,3,4,20772,700
18549,3,4,20402,910
18549,3,4,20032,980
18549,3,4,19292,1050
18549,3,4,18922,1120
18549,3,4,1,1190
19286,3,4,22254,0
19286,3,4,21884,350
19286,3,4,21514,630
19286,3,4,21144,840
19286,3,4,20774,1120
19286,3,4,20404,1330
19286,3,4,20034,1400
19286,3,4,19294,1470
22628,3,4,24853,0
22628,3,4,24483,420
22628,3,4,24113,630
22628,3,4,23743,910
22628,3,4,23373,1190
22628,3,4,23003,1400
17056,3,4,21508,0
17056,3,4,21138,490
17056,3,4,20768,770
17056,3,4,20398,980
17056,3,4,20028,1050
17056,3,4,19288,1120
17056,3,4,18918,1190
17056,3,4,18548,1260
17056,3,4,17808,1330
17056,3,4,17438,1400
17056,3,4,17068,1470
21135,3,4,22629,0
21135,3,4,22259,420
21135,3,4,21889,700
21135,3,4,21519,910
21135,3,4,21149,1190
21135,3,4,1,1470
17802,3,4,21880,0
17802,3,4,21510,420
17802,3,4,21140,630
17802,3,4,20770,910
17802,3,4,20400,1120
17802,3,4,20030,1190
17802,3,4,19660,1260
17802,3,4,18920,1330
17802,3,4,18550,1400
17802,3,4,17810,1470
14469,3,4,20761,0
14469,3,4,20021,350
14469,3,4,19281,420
14469,3,4,18911,490
14469,3,4,18171,560
14469,3,4,17801,630
14469,3,4,17431,700
14469,3,4,16691,770
14469,3,4,16321,840
14469,3,4,15581,910
14469,3,4,15211,980
14469,3,4,14841,1050
14469,3,4,1,1120
14838,3,4,20762,0
14838,3,4,20392,420
14838,3,4,19652,490
14838,3,4,19282,560
14838,3,4,18912,630
14838,3,4,18172,700
14838,3,4,17802,770
14838,3,4,17062,840
14838,3,4,16692,910
14838,3,4,16322,980
14838,3,4,15582,1050
14838,3,4,15212,1120
14838,3,4,1,1190
21144,3,4,22999,0
21144,3,4,22629,350
21144,3,4,22259,560
21144,3,4,21889,840
21144,3,4,21519,1120
21144,3,4,21149,1330
20026,3,4,22626,0
20026,3,4,22256,350
20026,3,4,21886,560
20026,3,4,21516,840
20026,3,4,21146,1120
20026,3,4,20776,1330
20388,3,4,21887,0
20388,3,4,21517,490
20388,3,4,21147,770
20388,3,4,20777,980
20388,3,4,20407,1260
20388,3,4,1,1330
20397,3,4,22627,0
20397,3,4,22257,420
20397,3,4,21887,630
20397,3,4,21517,910
20397,3,4,21147,1190
20397,3,4,20777,1400
21506,3,4,23370,0
21506,3,4,23000,350
21506,3,4,22630,630
21506,3,4,22260,910
21506,3,4,21890,1120
21506,3,4,21520,1400
21875,3,4,23741,0
21875,3,4,23371,350
21875,3,4,23001,630
21875,3,4,22631,910
21875,3,4,22261,1120
21875,3,4,21891,1400
18542,3,4,22252,0
18542,3,4,21882,350
18542,3,4,21512,630
18542,3,4,21142,910
18542,3,4,20772,1120
18542,3,4,20032,1400
18542,3,4,19662,1470
15209,3,4,20763,0
15209,3,4,20023,560
15209,3,4,19653,630
15209,3,4,18913,700
15209,3,4,18543,770
15209,3,4,18173,840
15209,3,4,17433,910
15209,3,4,17063,980
15209,3,4,16323,1050
15209,3,4,15953,1120
15209,3,4,15583,1190
15209,3,4,1,1260
15946,3,4,21505,0
15946,3,4,21135,490
15946,3,4,20765,700
15946,3,4,20395,980
15946,3,4,19655,1050
15946,3,4,19285,1120
15946,3,4,18545,1190
15946,3,4,18175,1260
15946,3,4,17805,1330
15946,3,4,17065,1400
15946,3,4,16695,1470
15578,3,4,20764,0
15578,3,4,20394,560
15578,3,4,20024,630
15578,3,4,19284,700
15578,3,4,18914,770
15578,3,4,18544,840
15578,3,4,17804,910
15578,3,4,17434,980
15578,3,4,16694,1050
15578,3,4,16324,1120
15578,3,4,15954,1190
15578,3,4,1,1260
21884,3,4,23001,0
21884,3,4,22631,560
21884,3,4,22261,840
21884,3,4,21891,1050
21884,3,4,1,1330
17058,3,4,21878,0
17058,3,4,21508,420
17058,3,4,21138,700
17058,3,4,20768,910
17058,3,4,20398,1190
17058,3,4,19658,1260
17058,3,4,19288,1330
17058,3,4,18548,1400
17058,3,4,18178,1470
17795,3,4,21880,0
17795,3,4,21510,420
17795,3,4,21140,700
17795,3,4,20770,910
17795,3,4,20030,1190
17795,3,4,19660,1260
17795,3,4,19290,1330
17795,3,4,18550,1400
17795,3,4,18180,1470
21137,3,4,22999,0
21137,3,4,22629,350
21137,3,4,22259,630
21137,3,4,21889,840
21137,3,4,21519,1120
21137,3,4,21149,1400
17067,3,4,21138,0
17067,3,4,20768,490
17067,3,4,20028,770
17067,3,4,19658,840
17067,3,4,18918,910
17067,3,4,18548,980
17067,3,4,18178,1050
17067,3,4,17438,1120
17067,3,4,17068,1190
17067,3,4,1,1260
18173,3,4,21881,0
18173,3,4,21511,420
18173,3,4,21141,700
18173,3,4,20771,980
18173,3,4,20401,1190
18173,3,4,20031,1260
18173,3,4,19291,1330
18173,3,4,18921,1400
18173,3,4,18181,1470
14840,3,4,20762,0
14840,3,4,20022,490
14840,3,4,19652,560
14840,3,4,18912,630
14840,3,4,18542,700
14840,3,4,18172,770
14840,3,4,17432,840
14840,3,4,17062,910
14840,3,4,16322,980
14840,3,4,15952,1050
14840,3,4,15582,1120
14840,3,4,14842,1190
14840,3,4,1,1260
21146,3,4,22259,0
21146,3,4,21889,490
21146,3,4,21519,770
21146,3,4,21149,980
21146,3,4,1,1260
19653,3,4,22255,0
19653,3,4,21885,350
19653,3,4,21515,630
19653,3,4,21145,840
19653,3,4,20775,1120
19653,3,4,20035,1400
19653,3,4,19665,1470
13356,3,4,19648,0
13356,3,4,18908,350
13356,3,4,18168,420
13356,3,4,17798,490
13356,3,4,17058,560
13356,3,4,16688,630
13356,3,4,15948,700
13356,3,4,15578,770
13356,3,4,15208,840
13356,3,4,14468,910
13356,3,4,14098,980
13356,3,4,13358,1050
13356,3,4,1,1120
19662,3,4,21885,0
19662,3,4,21515,350
19662,3,4,21145,560
19662,3,4,20775,840
19662,3,4,20035,1120
19662,3,4,19665,1190
19662,3,4,1,1260
15580,3,4,20764,0
15580,3,4,20394,560
15580,3,4,20024,630
15580,3,4,19284,700
15580,3,4,18914,770
15580,3,4,18544,840
15580,3,4,17804,910
15580,3,4,17434,980
15580,3,4,16694,1050
15580,3,4,16324,1120
15580,3,4,15954,1190
15580,3,4,1,1260
21886,3,4,23371,0
21886,3,4,23001,490
21886,3,4,22631,700
21886,3,4,22261,980
21886,3,4,21891,1190
21886,3,4,1,1470
20777,3,4,21888,0
20777,3,4,21518,490
20777,3,4,21148,770
20777,3,4,20778,980
20777,3,4,1,1260
18915,3,4,21883,0
18915,3,4,21513,560
18915,3,4,21143,770
18915,3,4,20773,1050
18915,3,4,20033,1330
18915,3,4,19663,1400
18915,3,4,18923,1470
22257,3,4,24112,0
22257,3,4,23742,420
22257,3,4,23372,700
22257,3,4,23002,910
22257,3,4,22632,1190
22257,3,4,22262,1400
18166,3,4,21881,0
18166,3,4,21511,490
18166,3,4,21141,700
18166,3,4,20771,980
18166,3,4,20401,1190
18166,3,4,20031,1260
18166,3,4,19661,1330
18166,3,4,18921,1400
18166,3,4,18551,1470
14096,3,4,20020,0
14096,3,4,19280,350
14096,3,4,18540,420
14096,3,4,18170,490
14096,3,4,17430,560
14096,3,4,17060,630
14096,3,4,16690,700
14096,3,4,15950,770
14096,3,4,15580,840
14096,3,4,14840,910
14096,3,4,14470,980
14096,3,4,14100,1050
14096,3,4,1,1120
21139,3,4,22999,0
21139,3,4,22629,350
21139,3,4,22259,630
21139,3,4,21889,840
21139,3,4,21519,1120
21139,3,4,21149,1330
17806,3,4,21140,0
17806,3,4,20770,560
17806,3,4,20030,840
17806,3,4,19660,910
17806,3,4,18920,980
17806,3,4,18550,1050
17806,3,4,18180,1120
17806,3,4,1,1190
18175,3,4,21511,0
18175,3,4,21141,350
18175,3,4,20771,630
18175,3,4,20401,840
18175,3,4,20031,910
18175,3,4,19291,980
18175,3,4,18921,1050
18175,3,4,18551,1120
18175,3,4,1,1190
21148,3,4,22259,0
21148,3,4,21889,490
21148,3,4,21519,770
21148,3,4,21149,980
21148,3,4,1,1260
19655,3,4,22255,0
19655,3,4,21885,560
19655,3,4,21515,770
19655,3,4,21145,1050
19655,3,4,20775,1260
20392,3,4,22257,0
20392,3,4,21887,560
20392,3,4,21517,840
20392,3,4,21147,1050
20392,3,4,20777,1330
17428,3,4,21879,0
17428,3,4,21509,490
17428,3,4,21139,700
17428,3,4,20769,980
17428,3,4,20399,1190
17428,3,4,20029,1260
17428,3,4,19659,1330
17428,3,4,18919,1400
17428,3,4,18549,1470
19664,3,4,21885,0
19664,3,4,21515,350
19664,3,4,21145,630
19664,3,4,20775,840
19664,3,4,20405,1120
19664,3,4,19665,1190
19664,3,4,1,1260
13358,3,4,21498,0
13358,3,4,21128,350
13358,3,4,20758,560
13358,3,4,20388,770
13358,3,4,20018,840
13358,3,4,19278,910
13358,3,4,18908,980
13358,3,4,18538,1050
13358,3,4,17798,1120
13358,3,4,17428,1190
13358,3,4,16688,1260
13358,3,4,16318,1330
13358,3,4,15948,1400
13358,3,4,15208,1470
20770,3,4,22258,0
20770,3,4,21888,560
20770,3,4,21518,840
20770,3,4,21148,1050
20770,3,4,20778,1330
21879,3,4,23741,0
21879,3,4,23371,350
21879,3,4,23001,630
21879,3,4,22631,840
21879,3,4,22261,1120
21879,3,4,21891,1400
18546,3,4,21512,0
18546,3,4,21142,420
18546,3,4,20772,630
18546,3,4,20402,910
18546,3,4,19662,980
18546,3,4,19292,1050
18546,3,4,18922,1120
18546,3,4,1,1190
15582,3,4,21134,0
15582,3,4,20764,350
15582,3,4,20394,630
15582,3,4,19654,700
15582,3,4,19284,770
15582,3,4,18544,840
15582,3,4,18174,910
15582,3,4,17804,980
15582,3,4,17064,1050
15582,3,4,16694,1120
15582,3,4,15954,1190
15582,3,4,15584,1260
15582,3,4,1,1330
16319,3,4,21136,0
16319,3,4,20766,350
16319,3,4,20026,630
16319,3,4,19656,700
16319,3,4,19286,770
16319,3,4,18546,840
16319,3,4,18176,910
16319,3,4,17436,980
16319,3,4,17066,1050
16319,3,4,16696,1120
16319,3,4,1,1190
21888,3,4,23741,0
21888,3,4,23371,350
21888,3,4,23001,630
21888,3,4,22631,910
21888,3,4,22261,1120
21888,3,4,21891,1400
18917,3,4,21513,0
18917,3,4,21143,490
18917,3,4,20773,700
18917,3,4,20033,980
18917,3,4,19663,1050
18917,3,4,19293,1120
18917,3,4,1,1190
21132,3,4,22629,0
21132,3,4,22259,350
21132,3,4,21889,630
21132,3,4,21519,840
21132,3,4,21149,1120
21132,3,4,1,1400
17799,3,4,21880,0
17799,3,4,21510,490
17799,3,4,21140,770
17799,3,4,20770,1050
17799,3,4,20400,1260
17799,3,4,20030,1330
17799,3,4,19290,1400
17799,3,4,18920,1470
17062,3,4,21138,0
17062,3,4,20768,490
17062,3,4,20398,700
17062,3,4,20028,770
17062,3,4,19288,840
17062,3,4,18918,910
17062,3,4,18178,980
17062,3,4,17808,1050
17062,3,4,17438,1120
17062,3,4,1,1190
18168,3,4,21881,0
18168,3,4,21511,420
18168,3,4,21141,630
18168,3,4,20771,910
18168,3,4,20401,1120
18168,3,4,20031,1190
18168,3,4,19661,1260
18168,3,4,18921,1330
18168,3,4,18551,1400
18168,3,4,18181,1470
14098,3,4,20390,0
14098,3,4,19650,350
14098,3,4,18910,420
14098,3,4,18540,490
14098,3,4,17800,560
14098,3,4,17430,630
14098,3,4,17060,700
14098,3,4,16320,770
14098,3,4,15950,840
14098,3,4,15210,910
14098,3,4,14840,980
14098,3,4,14470,1050
14098,3,4,1,1120
14466,3,4,20391,0
14466,3,4,19651,350
14466,3,4,19281,420
14466,3,4,18541,490
14466,3,4,18171,560
14466,3,4,17431,630
14466,3,4,17061,700
14466,3,4,16691,770
14466,3,4,15951,840
14466,3,4,15581,910
14466,3,4,14841,980
14466,3,4,14471,1050
14466,3,4,1,1120
18177,3,4,21511,0
18177,3,4,21141,350
18177,3,4,20771,630
18177,3,4,20401,840
18177,3,4,20031,910
18177,3,4,19291,980
18177,3,4,18921,1050
18177,3,4,18551,1120
18177,3,4,1,1190
19657,3,4,22255,0
19657,3,4,21885,420
19657,3,4,21515,700
19657,3,4,21145,910
19657,3,4,20775,1190
19657,3,4,20405,1400
19657,3,4,20035,1470
20763,3,4,22628,0
20763,3,4,22258,350
20763,3,4,21888,560
20763,3,4,21518,840
20763,3,4,21148,1120
20763,3,4,20778,1330
16693,3,4,21137,0
16693,3,4,20767,420
16693,3,4,20397,630
16693,3,4,20027,700
16693,3,4,19657,770
16693,3,4,18917,840
16693,3,4,18547,910
16693,3,4,17807,980
16693,3,4,17437,1050
16693,3,4,17067,1120
16693,3,4,1,1190
18539,3,4,21882,0
18539,3,4,21512,420
18539,3,4,21142,700
18539,3,4,20772,980
18539,3,4,20402,1190
18539,3,4,20032,1260
18539,3,4,19292,1330
18539,3,4,18922,1400
18539,3,4,18552,1470
13729,3,4,21499,0
13729,3,4,21129,350
13729,3,4,20759,560
13729,3,4,20389,840
13729,3,4,19649,910
13729,3,4,19279,980
13729,3,4,18909,1050
13729,3,4,18169,1120
13729,3,4,17799,1190
13729,3,4,17059,1260
13729,3,4,16689,1330
13729,3,4,16319,1400
13729,3,4,15579,1470
17430,3,4,21879,0
17430,3,4,21509,350
17430,3,4,21139,630
17430,3,4,20769,840
17430,3,4,20029,1120
17430,3,4,19659,1190
17430,3,4,19289,1260
17430,3,4,18549,1330
17430,3,4,18179,1400
17430,3,4,17439,1470
20772,3,4,21888,0
20772,3,4,21518,490
20772,3,4,21148,700
20772,3,4,20778,980
20772,3,4,1,1260
20403,3,4,21887,0
20403,3,4,21517,420
20403,3,4,21147,700
20403,3,4,20777,910
20403,3,4,20407,1190
20403,3,4,1,1260
15575,3,4,21504,0
15575,3,4,21134,420
15575,3,4,20764,700
15575,3,4,20394,910
15575,3,4,20024,980
15575,3,4,19284,1050
15575,3,4,18914,1120
15575,3,4,18174,1190
15575,3,4,17804,1260
15575,3,4,17434,1330
15575,3,4,16694,1400
15575,3,4,16324,1470
18910,3,4,21883,0
18910,3,4,21513,490
18910,3,4,21143,770
18910,3,4,20773,980
18910,3,4,20403,1260
18910,3,4,19663,1330
18910,3,4,19293,1400
18910,3,4,18923,1470
17055,3,4,21508,0
17055,3,4,21138,490
17055,3,4,20768,770
17055,3,4,20398,980
17055,3,4,20028,1050
17055,3,4,19288,1120
17055,3,4,18918,1190
17055,3,4,18548,1260
17055,3,4,17808,1330
17055,3,4,17438,1400
17055,3,4,1,1470
18919,3,4,21513,0
18919,3,4,21143,490
18919,3,4,20773,700
18919,3,4,20033,980
18919,3,4,19663,1050
18919,3,4,19293,1120
18919,3,4,1,1190
18170,3,4,21881,0
18170,3,4,21511,560
18170,3,4,21141,840
18170,3,4,20771,1050
18170,3,4,20401,1330
18170,3,4,19661,1400
18170,3,4,19291,1470
14100,3,4,21500,0
14100,3,4,21130,420
14100,3,4,20760,630
14100,3,4,20020,910
14100,3,4,19650,980
14100,3,4,19280,1050
14100,3,4,18540,1120
14100,3,4,18170,1190
14100,3,4,17430,1260
14100,3,4,17060,1330
14100,3,4,16690,1400
14100,3,4,15950,1470
21143,3,4,22999,0
21143,3,4,22629,490
21143,3,4,22259,700
21143,3,4,21889,980
21143,3,4,21519,1190
21143,3,4,21149,1470
16686,3,4,21877,0
16686,3,4,21507,350
16686,3,4,21137,630
16686,3,4,20767,840
16686,3,4,20397,1120
16686,3,4,19657,1190
16686,3,4,19287,1260
16686,3,4,18917,1330
16686,3,4,18177,1400
16686,3,4,17807,1470
12616,3,4,21126,0
12616,3,4,20756,490
12616,3,4,20386,700
12616,3,4,20016,770
12616,3,4,19276,840
12616,3,4,18906,910
12616,3,4,18166,980
12616,3,4,17796,1050
12616,3,4,17426,1120
12616,3,4,16686,1190
12616,3,4,16316,1260
12616,3,4,15576,1330
12616,3,4,15206,1400
12616,3,4,14836,1470
19659,3,4,21515,0
19659,3,4,21145,560
19659,3,4,20775,840
19659,3,4,20405,1050
19659,3,4,20035,1120
19659,3,4,19665,1190
19659,3,4,1,1260
20396,3,4,22627,0
20396,3,4,22257,420
20396,3,4,21887,630
20396,3,4,21517,910
20396,3,4,21147,1120
20396,3,4,20777,1400
20765,3,4,22258,0
20765,3,4,21888,490
20765,3,4,21518,770
20765,3,4,21148,1050
20765,3,4,20778,1260
20774,3,4,21888,0
20774,3,4,21518,490
20774,3,4,21148,700
20774,3,4,20778,980
20774,3,4,1,1190
15948,3,4,21135,0
15948,3,4,20765,350
15948,3,4,20395,630
15948,3,4,19655,700
15948,3,4,19285,770
15948,3,4,18915,840
15948,3,4,18175,910
15948,3,4,17805,980
15948,3,4,17065,1050
15948,3,4,16695,1120
15948,3,4,16325,1190
15948,3,4,1,1260
21517,3,4,23370,0
21517,3,4,23000,490
21517,3,4,22630,700
21517,3,4,22260,980
21517,3,4,21890,1260
21517,3,4,21520,1470
19290,3,4,21514,0
19290,3,4,21144,490
19290,3,4,20774,770
19290,3,4,20404,980
19290,3,4,20034,1050
19290,3,4,19664,1120
19290,3,4,1,1190
21136,3,4,22629,0
21136,3,4,22259,420
21136,3,4,21889,700
21136,3,4,21519,910
21136,3,4,21149,1190
21136,3,4,1,1470
18172,3,4,21881,0
18172,3,4,21511,420
18172,3,4,21141,700
18172,3,4,20771,980
18172,3,4,20401,1190
18172,3,4,20031,1260
18172,3,4,19291,1330
18172,3,4,18921,1400
18172,3,4,18181,1470
14839,3,4,20762,0
14839,3,4,20392,420
14839,3,4,20022,490
14839,3,4,19282,560
14839,3,4,18912,630
14839,3,4,18172,700
14839,3,4,17802,770
14839,3,4,17432,840
14839,3,4,16692,910
14839,3,4,16322,980
14839,3,4,15582,1050
14839,3,4,15212,1120
14839,3,4,14842,1190
14839,3,4,1,1260
19652,3,4,22255,0
19652,3,4,21885,350
19652,3,4,21515,630
19652,3,4,21145,840
19652,3,4,20775,1120
19652,3,4,20035,1400
19652,3,4,19665,1470
20389,3,4,22257,0
20389,3,4,21887,420
20389,3,4,21517,630
20389,3,4,21147,910
20389,3,4,20777,1120
20389,3,4,20407,1400
20389,3,4,1,1470
16688,3,4,21507,0
16688,3,4,21137,490
16688,3,4,20767,770
16688,3,4,20397,980
16688,3,4,20027,1050
16688,3,4,19287,1120
16688,3,4,18917,1190
16688,3,4,18547,1260
16688,3,4,17807,1330
16688,3,4,17437,1400
16688,3,4,16697,1470
13355,3,4,19278,0
13355,3,4,18538,350
13355,3,4,17798,420
13355,3,4,17428,490
13355,3,4,17058,560
13355,3,4,16318,630
13355,3,4,15948,700
13355,3,4,15208,770
13355,3,4,14838,840
13355,3,4,14468,910
13355,3,4,13728,980
13355,3,4,13358,1050
13355,3,4,1,1120
20030,3,4,21886,0
20030,3,4,21516,350
20030,3,4,21146,630
20030,3,4,20776,910
20030,3,4,20406,1120
20030,3,4,20036,1190
20030,3,4,1,1260
20767,3,4,22628,0
20767,3,4,22258,420
20767,3,4,21888,700
20767,3,4,21518,910
20767,3,4,21148,1190
20767,3,4,20778,1400
20776,3,4,21888,0
20776,3,4,21518,490
20776,3,4,21148,770
20776,3,4,20778,980
20776,3,4,1,1260
18905,3,4,21883,0
18905,3,4,21513,420
18905,3,4,21143,630
18905,3,4,20773,910
18905,3,4,20033,1190
18905,3,4,19663,1260
18905,3,4,18923,1330
18905,3,4,1,1400
21510,3,4,23000,0
21510,3,4,22630,490
21510,3,4,22260,700
21510,3,4,21890,980
21510,3,4,21520,1190
21510,3,4,1,1470
19283,3,4,22254,0
19283,3,4,21884,490
19283,3,4,21514,700
19283,3,4,21144,980
19283,3,4,20774,1190
19283,3,4,20404,1470
17059,3,4,21508,0
17059,3,4,21138,560
17059,3,4,20768,770
17059,3,4,20398,1050
17059,3,4,19658,1120
17059,3,4,19288,1190
17059,3,4,18918,1260
17059,3,4,18178,1330
17059,3,4,17808,1400
17059,3,4,17068,1470
22256,3,4,24482,0
22256,3,4,24112,420
22256,3,4,23742,630
22256,3,4,23372,910
22256,3,4,23002,1190
22256,3,4,22632,1400
17796,3,4,21880,0
17796,3,4,21510,420
17796,3,4,21140,700
17796,3,4,20770,910
17796,3,4,20400,1190
17796,3,4,19660,1260
17796,3,4,19290,1330
17796,3,4,18550,1400
17796,3,4,18180,1470
19292,3,4,21514,0
19292,3,4,21144,560
19292,3,4,20774,770
19292,3,4,20404,1050
19292,3,4,19664,1120
19292,3,4,19294,1190
19292,3,4,1,1260
12986,3,4,19277,0
12986,3,4,18537,350
12986,3,4,17797,420
12986,3,4,17427,490
12986,3,4,17057,560
12986,3,4,16317,630
12986,3,4,15947,700
12986,3,4,15207,770
12986,3,4,14837,840
12986,3,4,14467,910
12986,3,4,13727,980
12986,3,4,13357,1050
12986,3,4,1,1120
18165,3,4,21881,0
18165,3,4,21511,490
18165,3,4,21141,770
18165,3,4,20771,980
18165,3,4,20031,1260
18165,3,4,19661,1330
18165,3,4,19291,1400
18165,3,4,18551,1470
14095,3,4,20020,0
14095,3,4,19280,350
14095,3,4,18540,420
14095,3,4,18170,490
14095,3,4,17800,560
14095,3,4,17060,630
14095,3,4,16690,700
14095,3,4,15950,770
14095,3,4,15580,840
14095,3,4,15210,910
14095,3,4,14470,980
14095,3,4,14100,1050
14095,3,4,1,1120
20760,3,4,22258,0
20760,3,4,21888,420
20760,3,4,21518,700
20760,3,4,21148,910
20760,3,4,20778,1190
20760,3,4,1,1400
16690,3,4,21137,0
16690,3,4,20767,420
16690,3,4,20397,630
16690,3,4,20027,700
16690,3,4,19657,770
16690,3,4,18917,840
16690,3,4,18547,910
16690,3,4,17807,980
16690,3,4,17437,1050
16690,3,4,17067,1120
16690,3,4,1,1190
19663,3,4,21885,0
19663,3,4,21515,350
19663,3,4,21145,630
19663,3,4,20775,840
19663,3,4,20405,1120
19663,3,4,19665,1190
19663,3,4,1,1260
20400,3,4,21887,0
20400,3,4,21517,420
20400,3,4,21147,700
20400,3,4,20777,910
20400,3,4,20407,1190
20400,3,4,1,1260
20769,3,4,22258,0
20769,3,4,21888,560
20769,3,4,21518,840
20769,3,4,21148,1050
20769,3,4,20778,1330
17436,3,4,21139,0
17436,3,4,20769,490
17436,3,4,20399,770
17436,3,4,19659,840
17436,3,4,19289,910
17436,3,4,18919,980
17436,3,4,18179,1050
17436,3,4,17809,1120
17436,3,4,1,1190
20778,3,4,22998,0
20778,3,4,22628,420
20778,3,4,22258,630
20778,3,4,21888,910
20778,3,4,21518,1120
20778,3,4,21148,1400
21503,3,4,23370,0
21503,3,4,23000,350
21503,3,4,22630,630
21503,3,4,22260,840
21503,3,4,21890,1120
21503,3,4,21520,1400
15206,3,4,20763,0
15206,3,4,20023,560
15206,3,4,19653,630
15206,3,4,18913,700
15206,3,4,18543,770
15206,3,4,18173,840
15206,3,4,17433,910
15206,3,4,17063,980
15206,3,4,16323,1050
15206,3,4,15953,1120
15206,3,4,15583,1190
15206,3,4,1,1260
21512,3,4,23370,0
21512,3,4,23000,420
21512,3,4,22630,630
21512,3,4,22260,910
21512,3,4,21890,1120
21512,3,4,21520,1400
18916,3,4,21513,0
18916,3,4,21143,490
18916,3,4,20773,700
18916,3,4,20033,980
18916,3,4,19663,1050
18916,3,4,19293,1120
18916,3,4,1,1190
19285,3,4,22254,0
19285,3,4,21884,350
19285,3,4,21514,630
19285,3,4,21144,840
19285,3,4,20774,1120
19285,3,4,20404,1330
19285,3,4,20034,1400
19285,3,4,19294,1470
15952,3,4,21135,0
15952,3,4,20765,420
15952,3,4,20395,630
15952,3,4,20025,700
15952,3,4,19285,770
15952,3,4,18915,840
15952,3,4,18175,910
15952,3,4,17805,980
15952,3,4,17435,1050
15952,3,4,16695,1120
15952,3,4,16325,1190
15952,3,4,1,1260
22258,3,4,24112,0
22258,3,4,23742,490
22258,3,4,23372,700
22258,3,4,23002,980
22258,3,4,22632,1190
22258,3,4,22262,1470
22627,3,4,24853,0
22627,3,4,24483,420
22627,3,4,24113,700
22627,3,4,23743,910
22627,3,4,23373,1190
22627,3,4,23003,1400
19294,3,4,22624,0
19294,3,4,22254,420
19294,3,4,21884,700
19294,3,4,21514,910
19294,3,4,21144,1190
19294,3,4,20774,1470
14468,3,4,20391,0
14468,3,4,19651,350
14468,3,4,19281,420
14468,3,4,18541,490
14468,3,4,18171,560
14468,3,4,17431,630
14468,3,4,17061,700
14468,3,4,16691,770
14468,3,4,15951,840
14468,3,4,15581,910
14468,3,4,14841,980
14468,3,4,14471,1050
14468,3,4,1,1120
20393,3,4,22257,0
20393,3,4,21887,560
20393,3,4,21517,840
20393,3,4,21147,1050
20393,3,4,20777,1330
20762,3,4,22628,0
20762,3,4,22258,350
20762,3,4,21888,630
20762,3,4,21518,840
20762,3,4,21148,1120
20762,3,4,20778,1330
17429,3,4,21879,0
17429,3,4,21509,490
17429,3,4,21139,700
17429,3,4,20769,980
17429,3,4,20029,1260
17429,3,4,19659,1330
17429,3,4,18919,1400
17429,3,4,18549,1470
16692,3,4,21137,0
16692,3,4,20767,420
16692,3,4,20397,630
16692,3,4,20027,700
16692,3,4,19657,770
16692,3,4,18917,840
16692,3,4,18547,910
16692,3,4,17807,980
16692,3,4,17437,1050
16692,3,4,17067,1120
16692,3,4,1,1190
20034,3,4,21886,0
20034,3,4,21516,420
20034,3,4,21146,630
20034,3,4,20776,910
20034,3,4,20036,1190
20034,3,4,1,1260
21505,3,4,23370,0
21505,3,4,23000,350
21505,3,4,22630,630
21505,3,4,22260,840
21505,3,4,21890,1120
21505,3,4,21520,1400
18909,3,4,21883,0
18909,3,4,21513,560
18909,3,4,21143,840
18909,3,4,20773,1050
18909,3,4,20403,1330
18909,3,4,19663,1400
18909,3,4,19293,1470
19278,3,4,22254,0
19278,3,4,21884,420
19278,3,4,21514,630
19278,3,4,21144,910
19278,3,4,20774,1120
19278,3,4,20404,1400
19278,3,4,19664,1470
21514,3,4,23370,0
21514,3,4,23000,420
21514,3,4,22630,630
21514,3,4,22260,910
21514,3,4,21890,1120
21514,3,4,21520,1400
15945,3,4,21875,0
15945,3,4,21505,350
15945,3,4,21135,630
15945,3,4,20765,840
15945,3,4,20025,1120
15945,3,4,19655,1190
15945,3,4,19285,1260
15945,3,4,18545,1330
15945,3,4,18175,1400
15945,3,4,17435,1470
21883,3,4,23371,0
21883,3,4,23001,420
21883,3,4,22631,700
21883,3,4,22261,910
21883,3,4,21891,1190
21883,3,4,1,1400
19287,3,4,21514,0
19287,3,4,21144,490
19287,3,4,20774,770
19287,3,4,20404,980
19287,3,4,20034,1050
19287,3,4,19664,1120
19287,3,4,1,1190
17803,3,4,21140,0
17803,3,4,20770,560
17803,3,4,20030,840
17803,3,4,19660,910
17803,3,4,18920,980
17803,3,4,18550,1050
17803,3,4,18180,1120
17803,3,4,1,1190
19649,3,4,22255,0
19649,3,4,21885,490
19649,3,4,21515,700
19649,3,4,21145,980
19649,3,4,20775,1190
19649,3,4,20405,1470
20018,3,4,21886,0
20018,3,4,21516,560
20018,3,4,21146,840
20018,3,4,20776,1050
20018,3,4,20406,1330
20018,3,4,1,1400
16685,3,4,21507,0
16685,3,4,21137,420
16685,3,4,20767,700
16685,3,4,20027,980
16685,3,4,19657,1050
16685,3,4,18917,1120
16685,3,4,18547,1190
16685,3,4,18177,1260
16685,3,4,17437,1330
16685,3,4,17067,1400
16685,3,4,1,1470
12615,3,4,18906,0
12615,3,4,18166,350
12615,3,4,17426,420
12615,3,4,17056,490
12615,3,4,16686,560
12615,3,4,15946,630
12615,3,4,15576,700
12615,3,4,14836,770
12615,3,4,14466,840
12615,3,4,14096,910
12615,3,4,13356,980
12615,3,4,12986,1050
12615,3,4,1,1120
20773,3,4,21888,0
20773,3,4,21518,490
20773,3,4,21148,700
20773,3,4,20778,980
20773,3,4,1,1260
21507,3,4,23000,0
21507,3,4,22630,420
21507,3,4,22260,630
21507,3,4,21890,910
21507,3,4,21520,1120
21507,3,4,1,1400
19280,3,4,22254,0
19280,3,4,21884,350
19280,3,4,21514,630
19280,3,4,21144,910
19280,3,4,20774,1120
19280,3,4,20034,1400
19280,3,4,19664,1470
21516,3,4,23000,0
21516,3,4,22630,560
21516,3,4,22260,840
21516,3,4,21890,1050
21516,3,4,21520,1330
15210,3,4,20763,0
15210,3,4,20023,560
15210,3,4,19653,630
15210,3,4,19283,700
15210,3,4,18543,770
15210,3,4,18173,840
15210,3,4,17433,910
15210,3,4,17063,980
15210,3,4,16693,1050
15210,3,4,15953,1120
15210,3,4,15583,1190
15210,3,4,1,1260
18920,3,4,21513,0
18920,3,4,21143,490
18920,3,4,20773,700
18920,3,4,20403,980
18920,3,4,19663,1050
18920,3,4,19293,1120
18920,3,4,1,1190
18552,3,4,22622,0
18552,3,4,22252,350
18552,3,4,21882,560
18552,3,4,21512,840
18552,3,4,21142,1120
18552,3,4,20772,1330
20020,3,4,22256,0
20020,3,4,21886,490
20020,3,4,21516,770
20020,3,4,21146,980
20020,3,4,20776,1260
21147,3,4,22259,0
21147,3,4,21889,490
21147,3,4,21519,770
21147,3,4,21149,980
21147,3,4,1,1260
20029,3,4,21886,0
20029,3,4,21516,350
20029,3,4,21146,630
20029,3,4,20776,910
20029,3,4,20406,1120
20029,3,4,20036,1190
20029,3,4,1,1260
20766,3,4,22258,0
20766,3,4,21888,490
20766,3,4,21518,770
20766,3,4,21148,1050
20766,3,4,20778,1260
16696,3,4,21137,0
16696,3,4,20767,420
16696,3,4,20397,700
16696,3,4,19657,770
16696,3,4,19287,840
16696,3,4,18547,910
16696,3,4,18177,980
16696,3,4,17807,1050
16696,3,4,17067,1120
16696,3,4,16697,1190
16696,3,4,1,1260
18536,3,4,21882,0
18536,3,4,21512,560
18536,3,4,21142,770
18536,3,4,20772,1050
18536,3,4,20402,1260
18536,3,4,20032,1330
18536,3,4,19662,1400
18536,3,4,18922,1470
21509,3,4,23000,0
21509,3,4,22630,350
21509,3,4,22260,630
21509,3,4,21890,840
21509,3,4,21520,1120
21509,3,4,1,1330
18913,3,4,22253,0
18913,3,4,21883,420
18913,3,4,21513,700
18913,3,4,21143,910
18913,3,4,20773,1190
18913,3,4,20403,1400
18913,3,4,20033,1470
21887,4,5,23741,0
21887,4,5,23371,420
21887,4,5,23001,630
21887,4,5,22631,910
21887,4,5,22261,1120
21887,4,5,21891,1400
17798,4,5,21880,0
17798,4,5,21510,350
17798,4,5,21140,630
17798,4,5,20770,840
17798,4,5,20030,1120
17798,4,5,19660,1190
17798,4,5,19290,1260
17798,4,5,18550,1330
17798,4,5,18180,1400
17798,4,5,1,1470
17807,4,5,21140,0
17807,4,5,20770,560
17807,4,5,20030,840
17807,4,5,19660,910
17807,4,5,19290,980
17807,4,5,18550,1050
17807,4,5,18180,1120
17807,4,5,1,1190
23373,4,5,25595,0
23373,4,5,25225,350
23373,4,5,24855,630
23373,4,5,24485,840
23373,4,5,24115,1120
23373,4,5,23745,1330
19284,4,5,22254,0
19284,4,5,21884,490
19284,4,5,21514,700
19284,4,5,21144,980
19284,4,5,20774,1260
19284,4,5,20404,1470
16320,4,5,21136,0
16320,4,5,20766,350
16320,4,5,20026,630
16320,4,5,19656,700
16320,4,5,19286,770
16320,4,5,18546,840
16320,4,5,18176,910
16320,4,5,17436,980
16320,4,5,17066,1050
16320,4,5,16696,1120
16320,4,5,1,1190
19293,4,5,21514,0
19293,4,5,21144,560
19293,4,5,20774,770
19293,4,5,20404,1050
19293,4,5,19664,1120
19293,4,5,19294,1190
19293,4,5,1,1260
20761,4,5,22258,0
20761,4,5,21888,420
20761,4,5,21518,700
20761,4,5,21148,910
20761,4,5,20778,1190
20761,4,5,1,1400
13727,4,5,20019,0
13727,4,5,18909,350
13727,4,5,18539,420
13727,4,5,17799,490
13727,4,5,17429,560
13727,4,5,17059,630
13727,4,5,16319,700
13727,4,5,15949,770
13727,4,5,15209,840
13727,4,5,14839,910
13727,4,5,14469,980
13727,4,5,13729,1050
13727,4,5,1,1120
20395,4,5,22257,0
20395,4,5,21887,490
20395,4,5,21517,700
20395,4,5,21147,980
20395,4,5,20777,1260
20395,4,5,20407,1470
20404,4,5,21887,0
20404,4,5,21517,420
20404,4,5,21147,700
20404,4,5,20777,910
20404,4,5,20407,1190
20404,4,5,1,1260
21882,4,5,23371,0
21882,4,5,23001,350
21882,4,5,22631,630
21882,4,5,22261,910
21882,4,5,21891,1120
21882,4,5,1,1400
21891,4,5,24111,0
21891,4,5,23741,420
21891,4,5,23371,700
21891,4,5,23001,910
21891,4,5,22631,1190
21891,4,5,22261,1470
17802,4,5,21880,0
17802,4,5,21510,420
17802,4,5,21140,630
17802,4,5,20770,910
17802,4,5,20400,1120
17802,4,5,20030,1190
17802,4,5,19660,1260
17802,4,5,18920,1330
17802,4,5,18550,1400
17802,4,5,17810,1470
14838,4,5,20762,0
14838,4,5,20392,420
14838,4,5,19652,490
14838,4,5,19282,560
14838,4,5,18542,630
14838,4,5,18172,700
14838,4,5,17802,770
14838,4,5,17062,840
14838,4,5,16692,910
14838,4,5,15952,980
14838,4,5,15582,1050
14838,4,5,15212,1120
14838,4,5,1,1190
23002,4,5,25224,0
23002,4,5,24854,350
23002,4,5,24484,630
23002,4,5,24114,840
23002,4,5,23744,1120
23002,4,5,23374,1330
19279,4,5,22254,0
19279,4,5,21884,350
19279,4,5,21514,630
19279,4,5,21144,840
19279,4,5,20774,1120
19279,4,5,20034,1400
19279,4,5,19664,1470
19288,4,5,21514,0
19288,4,5,21144,490
19288,4,5,20774,770
19288,4,5,20404,980
19288,4,5,20034,1050
19288,4,5,19664,1120
19288,4,5,1,1190
16324,4,5,21136,0
16324,4,5,20766,420
16324,4,5,20396,630
16324,4,5,20026,700
16324,4,5,19286,770
16324,4,5,18916,840
16324,4,5,18176,910
16324,4,5,17806,980
16324,4,5,17436,1050
16324,4,5,16696,1120
16324,4,5,16326,1190
16324,4,5,1,1260
18922,4,5,21513,0
18922,4,5,21143,490
18922,4,5,20773,770
18922,4,5,20403,980
18922,4,5,20033,1050
18922,4,5,19293,1120
18922,4,5,18923,1190
18922,4,5,1,1260
20390,4,5,22257,0
20390,4,5,21887,420
20390,4,5,21517,630
20390,4,5,21147,910
20390,4,5,20777,1120
20390,4,5,20407,1400
20390,4,5,1,1470
17426,4,5,21509,0
17426,4,5,21139,560
17426,4,5,20769,770
17426,4,5,20399,1050
17426,4,5,19659,1120
17426,4,5,19289,1190
17426,4,5,18919,1260
17426,4,5,18179,1330
17426,4,5,17809,1400
17426,4,5,17439,1470
13356,4,5,19648,0
13356,4,5,18538,350
13356,4,5,18168,420
13356,4,5,17428,490
13356,4,5,17058,560
13356,4,5,16688,630
13356,4,5,15948,700
13356,4,5,15578,770
13356,4,5,14838,840
13356,4,5,14468,910
13356,4,5,14098,980
13356,4,5,13358,1050
13356,4,5,1,1120
20399,4,5,22257,0
20399,4,5,21887,560
20399,4,5,21517,770
20399,4,5,21147,1050
20399,4,5,20777,1260
21877,4,5,23741,0
21877,4,5,23371,420
21877,4,5,23001,630
21877,4,5,22631,910
21877,4,5,22261,1120
21877,4,5,21891,1400
17435,4,5,21139,0
17435,4,5,20769,490
17435,4,5,20399,770
17435,4,5,19659,840
17435,4,5,19289,910
17435,4,5,18549,980
17435,4,5,18179,1050
17435,4,5,17809,1120
17435,4,5,1,1190
21886,4,5,23371,0
21886,4,5,23001,490
21886,4,5,22631,700
21886,4,5,22261,980
21886,4,5,21891,1190
21886,4,5,1,1470
17797,4,5,21880,0
17797,4,5,21510,350
17797,4,5,21140,630
17797,4,5,20770,840
17797,4,5,20030,1120
17797,4,5,19660,1190
17797,4,5,19290,1260
17797,4,5,18550,1330
17797,4,5,18180,1400
17797,4,5,17810,1470
14842,4,5,21872,0
14842,4,5,21502,350
14842,4,5,21132,630
14842,4,5,20762,840
14842,4,5,20022,1120
14842,4,5,19652,1190
14842,4,5,19282,1260
14842,4,5,18542,1330
14842,4,5,18172,1400
14842,4,5,17432,1470
20033,4,5,21886,0
20033,4,5,21516,420
20033,4,5,21146,630
20033,4,5,20776,910
20033,4,5,20406,1120
20033,4,5,20036,1190
20033,4,5,1,1260
16319,4,5,21136,0
16319,4,5,20766,350
16319,4,5,20026,630
16319,4,5,19656,700
16319,4,5,19286,770
16319,4,5,18546,840
16319,4,5,18176,910
16319,4,5,17436,980
16319,4,5,17066,1050
16319,4,5,16696,1120
16319,4,5,1,1190
18917,4,5,21513,0
18917,4,5,21143,490
18917,4,5,20773,700
18917,4,5,20033,980
18917,4,5,19663,1050
18917,4,5,19293,1120
18917,4,5,1,1190
15953,4,5,21135,0
15953,4,5,20765,420
15953,4,5,20025,700
15953,4,5,19655,770
15953,4,5,18915,840
15953,4,5,18545,910
15953,4,5,18175,980
15953,4,5,17435,1050
15953,4,5,17065,1120
15953,4,5,16325,1190
15953,4,5,15955,1260
15953,4,5,1,1330
24483,4,5,26708,0
24483,4,5,26338,350
24483,4,5,25968,630
24483,4,5,25598,840
24483,4,5,25228,1120
24483,4,5,24858,1400
20394,4,5,22257,0
20394,4,5,21887,490
20394,4,5,21517,700
20394,4,5,21147,980
20394,4,5,20777,1260
20394,4,5,20407,1470
17430,4,5,21879,0
17430,4,5,21509,350
17430,4,5,21139,630
17430,4,5,20769,840
17430,4,5,20029,1120
17430,4,5,19659,1190
17430,4,5,19289,1260
17430,4,5,18549,1330
17430,4,5,18179,1400
17430,4,5,17439,1470
20403,4,5,21887,0
20403,4,5,21517,420
20403,4,5,21147,700
20403,4,5,20777,910
20403,4,5,20407,1190
20403,4,5,1,1260
21881,4,5,23741,0
21881,4,5,23371,350
21881,4,5,23001,630
21881,4,5,22631,840
21881,4,5,22261,1120
21881,4,5,21891,1330
17439,4,5,22249,0
17439,4,5,21879,420
17439,4,5,21509,700
17439,4,5,21139,910
17439,4,5,20769,1190
17439,4,5,20029,1470
17801,4,5,21880,0
17801,4,5,21510,420
17801,4,5,21140,630
17801,4,5,20770,910
17801,4,5,20400,1120
17801,4,5,20030,1190
17801,4,5,19660,1260
17801,4,5,18920,1330
17801,4,5,18550,1400
17801,4,5,17810,1470
14837,4,5,20762,0
14837,4,5,20392,420
14837,4,5,19652,490
14837,4,5,19282,560
14837,4,5,18542,630
14837,4,5,18172,700
14837,4,5,17802,770
14837,4,5,17062,840
14837,4,5,16692,910
14837,4,5,15952,980
14837,4,5,15582,1050
14837,4,5,15212,1120
14837,4,5,1,1190
20028,4,5,22256,0
20028,4,5,21886,490
20028,4,5,21516,700
20028,4,5,21146,980
20028,4,5,20776,1190
20028,4,5,20406,1470
23001,4,5,25224,0
23001,4,5,24854,420
23001,4,5,24484,700
23001,4,5,24114,980
23001,4,5,23744,1190
23001,4,5,23374,1470
18912,4,5,22253,0
18912,4,5,21883,420
18912,4,5,21513,700
18912,4,5,21143,910
18912,4,5,20773,1190
18912,4,5,20403,1400
18912,4,5,20033,1470
15948,4,5,21135,0
15948,4,5,20765,350
15948,4,5,20395,630
15948,4,5,19655,700
15948,4,5,19285,770
15948,4,5,18915,840
15948,4,5,18175,910
15948,4,5,17805,980
15948,4,5,17065,1050
15948,4,5,16695,1120
15948,4,5,16325,1190
15948,4,5,1,1260
18921,4,5,21513,0
18921,4,5,21143,490
18921,4,5,20773,770
18921,4,5,20403,980
18921,4,5,20033,1050
18921,4,5,19293,1120
18921,4,5,18923,1190
18921,4,5,1,1260
20389,4,5,22257,0
20389,4,5,21887,420
20389,4,5,21517,630
20389,4,5,21147,910
20389,4,5,20777,1120
20389,4,5,20407,1400
20389,4,5,1,1470
20398,4,5,22257,0
20398,4,5,21887,560
20398,4,5,21517,770
20398,4,5,21147,1050
20398,4,5,20777,1260
17434,4,5,21139,0
17434,4,5,20769,490
17434,4,5,20399,770
17434,4,5,19659,840
17434,4,5,19289,910
17434,4,5,18549,980
17434,4,5,18179,1050
17434,4,5,17809,1120
17434,4,5,1,1190
21510,4,5,23000,0
21510,4,5,22630,490
21510,4,5,22260,700
21510,4,5,21890,980
21510,4,5,21520,1190
21510,4,5,1,1470
21519,4,5,22630,0
21519,4,5,22260,560
21519,4,5,21890,770
21519,4,5,21520,1050
21519,4,5,1,1260
17796,4,5,21880,0
17796,4,5,21510,420
17796,4,5,21140,700
17796,4,5,20770,910
17796,4,5,20400,1190
17796,4,5,19660,1260
17796,4,5,19290,1330
17796,4,5,18550,1400
17796,4,5,18180,1470
20023,4,5,22256,0
20023,4,5,21886,420
20023,4,5,21516,700
20023,4,5,21146,910
20023,4,5,20776,1190
20023,4,5,20406,1400
20023,4,5,20036,1470
20032,4,5,21886,0
20032,4,5,21516,350
20032,4,5,21146,630
20032,4,5,20776,840
20032,4,5,20406,1120
20032,4,5,1,1190
15952,4,5,21135,0
15952,4,5,20765,420
15952,4,5,20395,630
15952,4,5,20025,700
15952,4,5,19285,770
15952,4,5,18915,840
15952,4,5,18175,910
15952,4,5,17805,980
15952,4,5,17435,1050
15952,4,5,16695,1120
15952,4,5,16325,1190
15952,4,5,1,1260
20393,4,5,22257,0
20393,4,5,21887,560
20393,4,5,21517,840
20393,4,5,21147,1050
20393,4,5,20777,1330
17438,4,5,21139,0
17438,4,5,20769,560
17438,4,5,20399,770
17438,4,5,20029,840
17438,4,5,19289,910
17438,4,5,18919,980
17438,4,5,18549,1050
17438,4,5,17809,1120
17438,4,5,17439,1190
17438,4,5,1,1260
21505,4,5,23370,0
21505,4,5,23000,350
21505,4,5,22630,630
21505,4,5,22260,840
21505,4,5,21890,1120
21505,4,5,21520,1400
18541,4,5,22252,0
18541,4,5,21882,350
18541,4,5,21512,630
18541,4,5,21142,840
18541,4,5,20772,1120
18541,4,5,20032,1400
18541,4,5,19662,1470
21514,4,5,23370,0
21514,4,5,23000,420
21514,4,5,22630,630
21514,4,5,22260,910
21514,4,5,21890,1120
21514,4,5,21520,1400
18550,4,5,21512,0
18550,4,5,21142,420
18550,4,5,20772,700
18550,4,5,20402,910
18550,4,5,20032,980
18550,4,5,19662,1050
18550,4,5,18922,1120
18550,4,5,18552,1190
18550,4,5,1,1260
22629,4,5,24483,0
22629,4,5,24113,490
22629,4,5,23743,700
22629,4,5,23373,980
22629,4,5,23003,1190
22629,4,5,22633,1470
14470,4,5,20761,0
14470,4,5,19651,350
14470,4,5,19281,420
14470,4,5,18541,490
14470,4,5,18171,560
14470,4,5,17801,630
14470,4,5,17061,700
14470,4,5,16691,770
14470,4,5,15951,840
14470,4,5,15581,910
14470,4,5,15211,980
14470,4,5,14471,1050
14470,4,5,1,1120
20018,4,5,21886,0
20018,4,5,21516,560
20018,4,5,21146,840
20018,4,5,20776,1050
20018,4,5,20406,1330
20018,4,5,1,1400
20027,4,5,22256,0
20027,4,5,21886,490
20027,4,5,21516,700
20027,4,5,21146,980
20027,4,5,20776,1190
20027,4,5,20406,1470
23000,4,5,24854,0
23000,4,5,24484,490
23000,4,5,24114,770
23000,4,5,23744,980
23000,4,5,23374,1260
23000,4,5,23004,1470
20036,4,5,22626,0
20036,4,5,22256,560
20036,4,5,21886,840
20036,4,5,21516,1050
20036,4,5,21146,1330
18911,4,5,21883,0
18911,4,5,21513,490
18911,4,5,21143,770
18911,4,5,20773,980
18911,4,5,20403,1260
18911,4,5,19663,1330
18911,4,5,19293,1400
18911,4,5,18923,1470
15947,4,5,21505,0
15947,4,5,21135,490
15947,4,5,20765,700
15947,4,5,20395,980
15947,4,5,19655,1050
15947,4,5,19285,1120
15947,4,5,18545,1190
15947,4,5,18175,1260
15947,4,5,17805,1330
15947,4,5,17065,1400
15947,4,5,16695,1470
18920,4,5,21513,0
18920,4,5,21143,490
18920,4,5,20773,700
18920,4,5,20403,980
18920,4,5,19663,1050
18920,4,5,19293,1120
18920,4,5,1,1190
17068,4,5,22248,0
17068,4,5,21878,420
17068,4,5,21508,630
17068,4,5,21138,910
17068,4,5,20768,1120
17068,4,5,20398,1400
17068,4,5,19658,1470
21147,4,5,22259,0
21147,4,5,21889,490
21147,4,5,21519,770
21147,4,5,21149,980
21147,4,5,1,1260
21500,4,5,23370,0
21500,4,5,23000,420
21500,4,5,22630,630
21500,4,5,22260,910
21500,4,5,21890,1120
21500,4,5,21520,1400
21509,4,5,23000,0
21509,4,5,22630,350
21509,4,5,22260,630
21509,4,5,21890,840
21509,4,5,21520,1120
21509,4,5,1,1330
18545,4,5,21512,0
18545,4,5,21142,420
18545,4,5,20772,630
18545,4,5,20402,910
18545,4,5,19662,980
18545,4,5,19292,1050
18545,4,5,18922,1120
18545,4,5,1,1190
21518,4,5,23370,0
21518,4,5,23000,490
21518,4,5,22630,770
21518,4,5,22260,980
21518,4,5,21890,1260
21518,4,5,21520,1470
15581,4,5,21134,0
15581,4,5,20764,350
15581,4,5,20394,560
15581,4,5,20024,630
15581,4,5,19654,700
15581,4,5,18914,770
15581,4,5,18544,840
15581,4,5,17804,910
15581,4,5,17434,980
15581,4,5,17064,1050
15581,4,5,16324,1120
15581,4,5,15954,1190
15581,4,5,1,1260
22624,4,5,24853,0
22624,4,5,24483,420
22624,4,5,24113,700
22624,4,5,23743,910
22624,4,5,23373,1190
22624,4,5,23003,1400
20022,4,5,22256,0
20022,4,5,21886,490
20022,4,5,21516,770
20022,4,5,21146,980
20022,4,5,20776,1260
20022,4,5,20406,1470
20031,4,5,21886,0
20031,4,5,21516,350
20031,4,5,21146,630
20031,4,5,20776,910
20031,4,5,20406,1120
20031,4,5,20036,1190
20031,4,5,1,1260
18906,4,5,21883,0
18906,4,5,21513,420
18906,4,5,21143,630
18906,4,5,20773,910
18906,4,5,20403,1120
18906,4,5,20033,1190
18906,4,5,19663,1260
18906,4,5,18923,1330
18906,4,5,1,1400
15951,4,5,21135,0
15951,4,5,20765,350
15951,4,5,20395,630
15951,4,5,19655,700
15951,4,5,19285,770
15951,4,5,18915,840
15951,4,5,18175,910
15951,4,5,17805,980
15951,4,5,17065,1050
15951,4,5,16695,1120
15951,4,5,16325,1190
15951,4,5,1,1260
12987,4,5,21127,0
12987,4,5,20757,490
12987,4,5,20017,770
12987,4,5,19647,840
12987,4,5,18907,910
12987,4,5,18537,980
12987,4,5,18167,1050
12987,4,5,17427,1120
12987,4,5,17057,1190
12987,4,5,16317,1260
12987,4,5,15947,1330
12987,4,5,15577,1400
12987,4,5,14837,1470
21133,4,5,22629,0
21133,4,5,22259,420
21133,4,5,21889,630
21133,4,5,21519,910
21133,4,5,21149,1120
21133,4,5,1,1400
17063,4,5,21138,0
17063,4,5,20768,490
17063,4,5,20398,700
17063,4,5,20028,770
17063,4,5,19288,840
17063,4,5,18918,910
17063,4,5,18178,980
17063,4,5,17808,1050
17063,4,5,17438,1120
17063,4,5,1,1190
21142,4,5,22999,0
21142,4,5,22629,420
21142,4,5,22259,700
21142,4,5,21889,980
21142,4,5,21519,1190
21142,4,5,21149,1470
18178,4,5,21511,0
18178,4,5,21141,350
18178,4,5,20771,630
18178,4,5,20401,840
18178,4,5,20031,910
18178,4,5,19661,980
18178,4,5,18921,1050
18178,4,5,18551,1120
18178,4,5,1,1190
21504,4,5,23370,0
21504,4,5,23000,350
21504,4,5,22630,630
21504,4,5,22260,910
21504,4,5,21890,1120
21504,4,5,21520,1400
18540,4,5,21882,0
18540,4,5,21512,420
18540,4,5,21142,700
18540,4,5,20772,980
18540,4,5,20402,1190
18540,4,5,20032,1260
18540,4,5,19292,1330
18540,4,5,18922,1400
18540,4,5,1,1470
21513,4,5,23370,0
21513,4,5,23000,420
21513,4,5,22630,630
21513,4,5,22260,910
21513,4,5,21890,1120
21513,4,5,21520,1400
15576,4,5,21504,0
15576,4,5,21134,420
15576,4,5,20764,700
15576,4,5,20394,910
15576,4,5,20024,980
15576,4,5,19284,1050
15576,4,5,18914,1120
15576,4,5,18174,1190
15576,4,5,17804,1260
15576,4,5,17434,1330
15576,4,5,16694,1400
15576,4,5,16324,1470
18549,4,5,21512,0
18549,4,5,21142,420
18549,4,5,20772,700
18549,4,5,20402,910
18549,4,5,20032,980
18549,4,5,19292,1050
18549,4,5,18922,1120
18549,4,5,1,1190
22628,4,5,24853,0
22628,4,5,24483,420
22628,4,5,24113,630
22628,4,5,23743,910
22628,4,5,23373,1190
22628,4,5,23003,1400
20026,4,5,22626,0
20026,4,5,22256,350
20026,4,5,21886,560
20026,4,5,21516,840
20026,4,5,21146,1120
20026,4,5,20776,1330
19660,4,5,21515,0
19660,4,5,21145,560
19660,4,5,20775,840
19660,4,5,20405,1050
19660,4,5,20035,1120
19660,4,5,19665,1190
19660,4,5,1,1260
15946,4,5,21505,0
15946,4,5,21135,490
15946,4,5,20765,700
15946,4,5,20395,980
15946,4,5,19655,1050
15946,4,5,19285,1120
15946,4,5,18545,1190
15946,4,5,18175,1260
15946,4,5,17805,1330
15946,4,5,17065,1400
15946,4,5,16695,1470
20775,4,5,21888,0
20775,4,5,21518,490
20775,4,5,21148,700
20775,4,5,20778,980
20775,4,5,1,1260
17058,4,5,21878,0
17058,4,5,21508,420
17058,4,5,21138,700
17058,4,5,20768,910
17058,4,5,20398,1190
17058,4,5,19658,1260
17058,4,5,19288,1330
17058,4,5,18548,1400
17058,4,5,18178,1470
21128,4,5,22999,0
21128,4,5,22629,350
21128,4,5,22259,560
21128,4,5,21889,840
21128,4,5,21519,1120
21128,4,5,21149,1330
21137,4,5,22999,0
21137,4,5,22629,350
21137,4,5,22259,630
21137,4,5,21889,840
21137,4,5,21519,1120
21137,4,5,21149,1400
17067,4,5,21138,0
17067,4,5,20768,490
17067,4,5,20028,770
17067,4,5,19658,840
17067,4,5,18918,910
17067,4,5,18548,980
17067,4,5,18178,1050
17067,4,5,17438,1120
17067,4,5,17068,1190
17067,4,5,1,1260
18173,4,5,21881,0
18173,4,5,21511,420
18173,4,5,21141,700
18173,4,5,20771,980
18173,4,5,20401,1190
18173,4,5,20031,1260
18173,4,5,19291,1330
18173,4,5,18921,1400
18173,4,5,18181,1470
21146,4,5,22259,0
21146,4,5,21889,490
21146,4,5,21519,770
21146,4,5,21149,980
21146,4,5,1,1260
21499,4,5,23370,0
21499,4,5,23000,420
21499,4,5,22630,630
21499,4,5,22260,910
21499,4,5,21890,1120
21499,4,5,21520,1400
21508,4,5,23000,0
21508,4,5,22630,420
21508,4,5,22260,700
21508,4,5,21890,910
21508,4,5,21520,1190
21508,4,5,1,1400
18544,4,5,21882,0
18544,4,5,21512,490
18544,4,5,21142,770
18544,4,5,20772,980
18544,4,5,20402,1260
18544,4,5,19662,1330
18544,4,5,19292,1400
18544,4,5,18552,1470
15580,4,5,20764,0
15580,4,5,20394,560
15580,4,5,20024,630
15580,4,5,19284,700
15580,4,5,18914,770
15580,4,5,18544,840
15580,4,5,17804,910
15580,4,5,17434,980
15580,4,5,16694,1050
15580,4,5,16324,1120
15580,4,5,15954,1190
15580,4,5,1,1260
22257,4,5,24112,0
22257,4,5,23742,420
22257,4,5,23372,700
22257,4,5,23002,910
22257,4,5,22632,1190
22257,4,5,22262,1400
19655,4,5,22255,0
19655,4,5,21885,560
19655,4,5,21515,770
19655,4,5,21145,1050
19655,4,5,20775,1260
16691,4,5,21137,0
16691,4,5,20767,420
16691,4,5,20397,630
16691,4,5,20027,700
16691,4,5,19657,770
16691,4,5,18917,840
16691,4,5,18547,910
16691,4,5,17807,980
16691,4,5,17437,1050
16691,4,5,17067,1120
16691,4,5,1,1190
19664,4,5,21885,0
19664,4,5,21515,350
19664,4,5,21145,630
19664,4,5,20775,840
19664,4,5,20405,1120
19664,4,5,19665,1190
19664,4,5,1,1260
20770,4,5,22258,0
20770,4,5,21888,560
20770,4,5,21518,840
20770,4,5,21148,1050
20770,4,5,20778,1330
23743,4,5,25966,0
23743,4,5,25596,420
23743,4,5,25226,700
23743,4,5,24856,910
23743,4,5,24486,1190
23743,4,5,24116,1470
17062,4,5,21138,0
17062,4,5,20768,490
17062,4,5,20398,700
17062,4,5,20028,770
17062,4,5,19288,840
17062,4,5,18918,910
17062,4,5,18178,980
17062,4,5,17808,1050
17062,4,5,17438,1120
17062,4,5,1,1190
18168,4,5,21881,0
18168,4,5,21511,420
18168,4,5,21141,630
18168,4,5,20771,910
18168,4,5,20401,1120
18168,4,5,20031,1190
18168,4,5,19661,1260
18168,4,5,18921,1330
18168,4,5,18551,1400
18168,4,5,1,1470
14098,4,5,20390,0
14098,4,5,19280,350
14098,4,5,18910,420
14098,4,5,18170,490
14098,4,5,17800,560
14098,4,5,17430,630
14098,4,5,16690,700
14098,4,5,16320,770
14098,4,5,15580,840
14098,4,5,15210,910
14098,4,5,14840,980
14098,4,5,14100,1050
14098,4,5,1,1120
21141,4,5,22629,0
21141,4,5,22259,560
21141,4,5,21889,770
21141,4,5,21519,1050
21141,4,5,21149,1260
18177,4,5,21511,0
18177,4,5,21141,350
18177,4,5,20771,630
18177,4,5,20401,840
18177,4,5,20031,910
18177,4,5,19291,980
18177,4,5,18921,1050
18177,4,5,18551,1120
18177,4,5,1,1190
15584,4,5,21874,0
15584,4,5,21504,490
15584,4,5,21134,770
15584,4,5,20764,1050
15584,4,5,20394,1260
15584,4,5,20024,1330
15584,4,5,19284,1400
15584,4,5,18914,1470
22252,4,5,24482,0
22252,4,5,24112,420
22252,4,5,23742,700
22252,4,5,23372,910
22252,4,5,23002,1190
22252,4,5,22632,1400
22261,4,5,23742,0
22261,4,5,23372,350
22261,4,5,23002,630
22261,4,5,22632,840
22261,4,5,22262,1120
22261,4,5,1,1400
19650,4,5,22255,0
19650,4,5,21885,420
19650,4,5,21515,700
19650,4,5,21145,910
19650,4,5,20775,1190
19650,4,5,20035,1470
20756,4,5,22258,0
20756,4,5,21888,560
20756,4,5,21518,840
20756,4,5,21148,1050
20756,4,5,20778,1330
16686,4,5,21877,0
16686,4,5,21507,350
16686,4,5,21137,630
16686,4,5,20767,840
16686,4,5,20397,1120
16686,4,5,19657,1190
16686,4,5,19287,1260
16686,4,5,18917,1330
16686,4,5,18177,1400
16686,4,5,17807,1470
19659,4,5,21515,0
19659,4,5,21145,560
19659,4,5,20775,840
19659,4,5,20405,1050
19659,4,5,20035,1120
19659,4,5,19665,1190
19659,4,5,1,1260
20765,4,5,22258,0
20765,4,5,21888,490
20765,4,5,21518,770
20765,4,5,21148,1050
20765,4,5,20778,1260
16695,4,5,21137,0
16695,4,5,20767,420
16695,4,5,20397,700
16695,4,5,19657,770
16695,4,5,19287,840
16695,4,5,18547,910
16695,4,5,18177,980
16695,4,5,17807,1050
16695,4,5,17067,1120
16695,4,5,16697,1190
16695,4,5,1,1260
20774,4,5,21888,0
20774,4,5,21518,490
20774,4,5,21148,700
20774,4,5,20778,980
20774,4,5,1,1190
17057,4,5,21878,0
17057,4,5,21508,420
17057,4,5,21138,700
17057,4,5,20768,910
17057,4,5,20028,1190
17057,4,5,19658,1260
17057,4,5,19288,1330
17057,4,5,18548,1400
17057,4,5,18178,1470
21136,4,5,22629,0
21136,4,5,22259,420
21136,4,5,21889,700
21136,4,5,21519,910
21136,4,5,21149,1190
21136,4,5,1,1470
17066,4,5,21138,0
17066,4,5,20768,490
17066,4,5,20028,770
17066,4,5,19658,840
17066,4,5,18918,910
17066,4,5,18548,980
17066,4,5,18178,1050
17066,4,5,17438,1120
17066,4,5,17068,1190
17066,4,5,1,1260
18172,4,5,21881,0
18172,4,5,21511,420
18172,4,5,21141,700
18172,4,5,20771,980
18172,4,5,20401,1190
18172,4,5,20031,1260
18172,4,5,19291,1330
18172,4,5,18921,1400
18172,4,5,18181,1470
18181,4,5,22251,0
18181,4,5,21881,560
18181,4,5,21511,770
18181,4,5,21141,1050
18181,4,5,20771,1260
23372,4,5,25595,0
23372,4,5,25225,420
23372,4,5,24855,700
23372,4,5,24485,910
23372,4,5,24115,1190
23372,4,5,23745,1470
19283,4,5,22254,0
19283,4,5,21884,490
19283,4,5,21514,700
19283,4,5,21144,980
19283,4,5,20774,1190
19283,4,5,20404,1470
22256,4,5,24482,0
22256,4,5,24112,420
22256,4,5,23742,630
22256,4,5,23372,910
22256,4,5,23002,1190
22256,4,5,22632,1400
19292,4,5,21514,0
19292,4,5,21144,560
19292,4,5,20774,770
19292,4,5,20404,1050
19292,4,5,19664,1120
19292,4,5,19294,1190
19292,4,5,1,1260
19654,4,5,22255,0
19654,4,5,21885,560
19654,4,5,21515,770
19654,4,5,21145,1050
19654,4,5,20775,1260
16690,4,5,21137,0
16690,4,5,20767,420
16690,4,5,20397,630
16690,4,5,20027,700
16690,4,5,19657,770
16690,4,5,18917,840
16690,4,5,18547,910
16690,4,5,17807,980
16690,4,5,17437,1050
16690,4,5,17067,1120
16690,4,5,1,1190
20760,4,5,22258,0
20760,4,5,21888,420
20760,4,5,21518,700
20760,4,5,21148,910
20760,4,5,20778,1190
20760,4,5,1,1400
19663,4,5,21885,0
19663,4,5,21515,350
19663,4,5,21145,630
19663,4,5,20775,840
19663,4,5,20405,1120
19663,4,5,19665,1190
19663,4,5,1,1260
20769,4,5,22258,0
20769,4,5,21888,560
20769,4,5,21518,840
20769,4,5,21148,1050
20769,4,5,20778,1330
23742,4,5,25596,0
23742,4,5,25226,490
23742,4,5,24856,700
23742,4,5,24486,980
23742,4,5,24116,1260
23742,4,5,23746,1470
20778,4,5,22998,0
20778,4,5,22628,420
20778,4,5,22258,630
20778,4,5,21888,910
20778,4,5,21518,1120
20778,4,5,21148,1400
17061,4,5,21138,0
17061,4,5,20768,490
17061,4,5,20398,700
17061,4,5,20028,770
17061,4,5,19288,840
17061,4,5,18918,910
17061,4,5,18178,980
17061,4,5,17808,1050
17061,4,5,17438,1120
17061,4,5,1,1190
21890,4,5,23001,0
21890,4,5,22631,490
21890,4,5,22261,770
21890,4,5,21891,980
21890,4,5,1,1260
18167,4,5,21881,0
18167,4,5,21511,490
18167,4,5,21141,700
18167,4,5,20771,980
18167,4,5,20031,1260
18167,4,5,19661,1330
18167,4,5,18921,1400
18167,4,5,18551,1470
18176,4,5,21511,0
18176,4,5,21141,350
18176,4,5,20771,630
18176,4,5,20401,840
18176,4,5,20031,910
18176,4,5,19291,980
18176,4,5,18921,1050
18176,4,5,18551,1120
18176,4,5,1,1190
17810,4,5,22250,0
17810,4,5,21880,490
17810,4,5,21510,770
17810,4,5,21140,980
17810,4,5,20770,1260
17810,4,5,20400,1470
15208,4,5,20763,0
15208,4,5,20023,560
15208,4,5,19653,630
15208,4,5,18913,700
15208,4,5,18543,770
15208,4,5,18173,840
15208,4,5,17433,910
15208,4,5,17063,980
15208,4,5,16323,1050
15208,4,5,15953,1120
15208,4,5,15583,1190
15208,4,5,1,1260
19278,4,5,22254,0
19278,4,5,21884,420
19278,4,5,21514,630
19278,4,5,21144,910
19278,4,5,20774,1120
19278,4,5,20404,1400
19278,4,5,19664,1470
19287,4,5,21514,0
19287,4,5,21144,490
19287,4,5,20774,770
19287,4,5,20404,980
19287,4,5,20034,1050
19287,4,5,19664,1120
19287,4,5,1,1190
22260,4,5,24112,0
22260,4,5,23742,560
22260,4,5,23372,840
22260,4,5,23002,1050
22260,4,5,22632,1330
16323,4,5,21136,0
16323,4,5,20766,350
16323,4,5,20396,630
16323,4,5,19656,700
16323,4,5,19286,770
16323,4,5,18546,840
16323,4,5,18176,910
16323,4,5,17806,980
16323,4,5,17066,1050
16323,4,5,16696,1120
16323,4,5,1,1190
19649,4,5,22255,0
19649,4,5,21885,490
19649,4,5,21515,700
19649,4,5,21145,980
19649,4,5,20775,1190
19649,4,5,20405,1470
19658,4,5,21515,0
19658,4,5,21145,560
19658,4,5,20775,840
19658,4,5,20405,1050
19658,4,5,20035,1120
19658,4,5,19665,1190
19658,4,5,1,1260
20764,4,5,22628,0
20764,4,5,22258,350
20764,4,5,21888,560
20764,4,5,21518,840
20764,4,5,21148,1120
20764,4,5,20778,1330
16694,4,5,21137,0
16694,4,5,20767,420
16694,4,5,20027,700
16694,4,5,19657,770
16694,4,5,18917,840
16694,4,5,18547,910
16694,4,5,18177,980
16694,4,5,17437,1050
16694,4,5,17067,1120
16694,4,5,1,1190
20773,4,5,21888,0
20773,4,5,21518,490
20773,4,5,21148,700
20773,4,5,20778,980
20773,4,5,1,1260
20407,4,5,22997,0
20407,4,5,22627,350
20407,4,5,22257,630
20407,4,5,21887,840
20407,4,5,21517,1120
20407,4,5,21147,1330
21885,4,5,23371,0
21885,4,5,23001,490
21885,4,5,22631,700
21885,4,5,22261,980
21885,4,5,21891,1190
21885,4,5,1,1470
17805,4,5,21140,0
17805,4,5,20770,560
17805,4,5,20030,840
17805,4,5,19660,910
17805,4,5,18920,980
17805,4,5,18550,1050
17805,4,5,18180,1120
17805,4,5,1,1190
14841,4,5,20762,0
14841,4,5,20392,420
14841,4,5,20022,490
14841,4,5,19282,560
14841,4,5,18912,630
14841,4,5,18542,700
14841,4,5,17802,770
14841,4,5,17432,840
14841,4,5,16692,910
14841,4,5,16322,980
14841,4,5,15952,1050
14841,4,5,15212,1120
14841,4,5,14842,1190
14841,4,5,1,1260
23371,4,5,25225,0
23371,4,5,24855,490
23371,4,5,24485,700
23371,4,5,24115,980
23371,4,5,23745,1260
23371,4,5,23375,1470
19282,4,5,21884,0
19282,4,5,21514,560
19282,4,5,21144,770
19282,4,5,20774,1050
19282,4,5,20034,1330
19282,4,5,19664,1400
19282,4,5,19294,1470
15212,4,5,20763,0
15212,4,5,20393,560
15212,4,5,19653,630
15212,4,5,19283,700
15212,4,5,18913,770
15212,4,5,18173,840
15212,4,5,17803,910
15212,4,5,17063,980
15212,4,5,16693,1050
15212,4,5,16323,1120
15212,4,5,15583,1190
15212,4,5,15213,1260
15212,4,5,1,1330
22255,4,5,24482,0
22255,4,5,24112,420
22255,4,5,23742,630
22255,4,5,23372,910
22255,4,5,23002,1120
22255,4,5,22632,1400
16318,4,5,21506,0
16318,4,5,21136,420
16318,4,5,20766,700
16318,4,5,20026,980
16318,4,5,19656,1050
16318,4,5,18916,1120
16318,4,5,18546,1190
16318,4,5,18176,1260
16318,4,5,17436,1330
16318,4,5,17066,1400
16318,4,5,16326,1470
19291,4,5,21514,0
19291,4,5,21144,490
19291,4,5,20774,770
19291,4,5,20034,1050
19291,4,5,19664,1120
19291,4,5,1,1190
24482,4,5,26708,0
24482,4,5,26338,420
24482,4,5,25968,630
24482,4,5,25598,910
24482,4,5,25228,1120
24482,4,5,24858,1400
20759,4,5,21888,0
20759,4,5,21518,560
20759,4,5,21148,770
20759,4,5,20778,1050
20759,4,5,1,1330
16689,4,5,21507,0
16689,4,5,21137,490
16689,4,5,20767,770
16689,4,5,20397,980
16689,4,5,20027,1050
16689,4,5,19287,1120
16689,4,5,18917,1190
16689,4,5,18547,1260
16689,4,5,17807,1330
16689,4,5,17437,1400
16689,4,5,16697,1470
20402,4,5,21887,0
20402,4,5,21517,420
20402,4,5,21147,700
20402,4,5,20777,910
20402,4,5,20407,1190
20402,4,5,1,1260
21880,4,5,23741,0
21880,4,5,23371,350
21880,4,5,23001,630
21880,4,5,22631,840
21880,4,5,22261,1120
21880,4,5,21891,1330
24853,4,5,27079,0
24853,4,5,26709,350
24853,4,5,26339,630
24853,4,5,25969,840
24853,4,5,25599,1120
24853,4,5,25229,1330
21889,4,5,23741,0
21889,4,5,23371,490
21889,4,5,23001,700
21889,4,5,22631,980
21889,4,5,22261,1260
21889,4,5,21891,1470
17800,4,5,21880,0
17800,4,5,21510,560
17800,4,5,21140,770
17800,4,5,20770,1050
17800,4,5,20400,1260
17800,4,5,20030,1330
17800,4,5,19290,1400
17800,4,5,18920,1470
14836,4,5,20762,0
14836,4,5,20392,420
14836,4,5,19652,490
14836,4,5,19282,560
14836,4,5,18542,630
14836,4,5,18172,700
14836,4,5,17802,770
14836,4,5,17062,840
14836,4,5,16692,910
14836,4,5,15952,980
14836,4,5,15582,1050
14836,4,5,15212,1120
14836,4,5,1,1190
17809,4,5,21510,0
17809,4,5,21140,350
17809,4,5,20770,560
17809,4,5,20400,840
17809,4,5,19660,910
17809,4,5,19290,980
17809,4,5,18920,1050
17809,4,5,18180,1120
17809,4,5,17810,1190
17809,4,5,1,1260
19277,4,5,21884,0
19277,4,5,21514,420
19277,4,5,21144,700
19277,4,5,20774,980
19277,4,5,20404,1190
19277,4,5,20034,1260
19277,4,5,19294,1330
19277,4,5,1,1400
15207,4,5,20763,0
15207,4,5,20023,560
15207,4,5,19653,630
15207,4,5,18913,700
15207,4,5,18543,770
15207,4,5,18173,840
15207,4,5,17433,910
15207,4,5,17063,980
15207,4,5,16323,1050
15207,4,5,15953,1120
15207,4,5,15583,1190
15207,4,5,1,1260
19286,4,5,22254,0
19286,4,5,21884,350
19286,4,5,21514,630
19286,4,5,21144,840
19286,4,5,20774,1120
19286,4,5,20404,1330
19286,4,5,20034,1400
19286,4,5,19294,1470
16322,4,5,21136,0
16322,4,5,20766,350
16322,4,5,20026,630
16322,4,5,19656,700
16322,4,5,19286,770
16322,4,5,18546,840
16322,4,5,18176,910
16322,4,5,17436,980
16322,4,5,17066,1050
16322,4,5,16696,1120
16322,4,5,1,1190
20388,4,5,21887,0
20388,4,5,21517,490
20388,4,5,21147,770
20388,4,5,20777,980
20388,4,5,20407,1260
20388,4,5,1,1330
20397,4,5,22627,0
20397,4,5,22257,420
20397,4,5,21887,630
20397,4,5,21517,910
20397,4,5,21147,1190
20397,4,5,20777,1400
17433,4,5,21139,0
17433,4,5,20769,490
17433,4,5,20399,770
17433,4,5,19659,840
17433,4,5,19289,910
17433,4,5,18549,980
17433,4,5,18179,1050
17433,4,5,17809,1120
17433,4,5,1,1190
21875,4,5,23741,0
21875,4,5,23371,350
21875,4,5,23001,630
21875,4,5,22631,910
21875,4,5,22261,1120
21875,4,5,21891,1400
20406,4,5,21887,0
20406,4,5,21517,490
20406,4,5,21147,700
20406,4,5,20777,980
20406,4,5,20407,1190
20406,4,5,1,1260
21884,4,5,23001,0
21884,4,5,22631,560
21884,4,5,22261,840
21884,4,5,21891,1050
21884,4,5,1,1330
17804,4,5,21140,0
17804,4,5,20770,560
17804,4,5,20030,840
17804,4,5,19660,910
17804,4,5,18920,980
17804,4,5,18550,1050
17804,4,5,18180,1120
17804,4,5,1,1190
14840,4,5,20762,0
14840,4,5,20392,420
14840,4,5,20022,490
14840,4,5,19652,560
14840,4,5,18912,630
14840,4,5,18542,700
14840,4,5,17802,770
14840,4,5,17432,840
14840,4,5,17062,910
14840,4,5,16322,980
14840,4,5,15952,1050
14840,4,5,15212,1120
14840,4,5,14842,1190
14840,4,5,1,1260
19281,4,5,21884,0
19281,4,5,21514,560
19281,4,5,21144,770
19281,4,5,20774,1050
19281,4,5,20034,1330
19281,4,5,19664,1400
19281,4,5,1,1470
15211,4,5,20763,0
15211,4,5,20393,560
15211,4,5,20023,630
15211,4,5,19283,700
15211,4,5,18913,770
15211,4,5,18173,840
15211,4,5,17803,910
15211,4,5,17433,980
15211,4,5,16693,1050
15211,4,5,16323,1120
15211,4,5,15583,1190
15211,4,5,15213,1260
15211,4,5,1,1330
16317,4,5,21506,0
16317,4,5,21136,420
16317,4,5,20766,700
16317,4,5,20026,980
16317,4,5,19656,1050
16317,4,5,18916,1120
16317,4,5,18546,1190
16317,4,5,18176,1260
16317,4,5,17436,1330
16317,4,5,17066,1400
16317,4,5,16326,1470
18915,4,5,21883,0
18915,4,5,21513,560
18915,4,5,21143,770
18915,4,5,20773,1050
18915,4,5,20033,1330
18915,4,5,19663,1400
18915,4,5,18923,1470
20392,4,5,22257,0
20392,4,5,21887,560
20392,4,5,21517,840
20392,4,5,21147,1050
20392,4,5,20777,1330
13358,4,5,21498,0
13358,4,5,21128,350
13358,4,5,20758,490
13358,4,5,20388,770
13358,4,5,19648,840
13358,4,5,19278,910
13358,4,5,18908,980
13358,4,5,18168,1050
13358,4,5,17798,1120
13358,4,5,17058,1190
13358,4,5,16688,1260
13358,4,5,16318,1330
13358,4,5,15578,1400
13358,4,5,15208,1470
17428,4,5,21879,0
17428,4,5,21509,490
17428,4,5,21139,700
17428,4,5,20769,980
17428,4,5,20399,1190
17428,4,5,20029,1260
17428,4,5,19659,1330
17428,4,5,18919,1400
17428,4,5,18549,1470
20401,4,5,21887,0
20401,4,5,21517,420
20401,4,5,21147,700
20401,4,5,20777,910
20401,4,5,20407,1190
20401,4,5,1,1260
21879,4,5,23741,0
21879,4,5,23371,350
21879,4,5,23001,630
21879,4,5,22631,840
21879,4,5,22261,1120
21879,4,5,21891,1400
17437,4,5,21139,0
17437,4,5,20769,560
17437,4,5,20399,770
17437,4,5,20029,840
17437,4,5,19289,910
17437,4,5,18919,980
17437,4,5,18549,1050
17437,4,5,17809,1120
17437,4,5,17439,1190
17437,4,5,1,1260
21888,4,5,23741,0
21888,4,5,23371,350
21888,4,5,23001,630
21888,4,5,22631,910
21888,4,5,22261,1120
21888,4,5,21891,1400
17799,4,5,21880,0
17799,4,5,21510,490
17799,4,5,21140,770
17799,4,5,20770,1050
17799,4,5,20400,1260
17799,4,5,20030,1330
17799,4,5,19290,1400
17799,4,5,18920,1470
17808,4,5,21510,0
17808,4,5,21140,350
17808,4,5,20770,560
17808,4,5,20400,840
17808,4,5,19660,910
17808,4,5,19290,980
17808,4,5,18920,1050
17808,4,5,18180,1120
17808,4,5,17810,1190
17808,4,5,1,1260
22999,4,5,25224,0
22999,4,5,24854,420
22999,4,5,24484,700
22999,4,5,24114,910
22999,4,5,23744,1190
22999,4,5,23374,1400
20035,4,5,21886,0
20035,4,5,21516,420
20035,4,5,21146,630
20035,4,5,20776,910
20035,4,5,20036,1190
20035,4,5,1,1260
18910,4,5,21883,0
18910,4,5,21513,490
18910,4,5,21143,770
18910,4,5,20773,980
18910,4,5,20403,1260
18910,4,5,19663,1330
18910,4,5,19293,1400
18910,4,5,1,1470
18919,4,5,21513,0
18919,4,5,21143,490
18919,4,5,20773,700
18919,4,5,20033,980
18919,4,5,19663,1050
18919,4,5,19293,1120
18919,4,5,1,1190
17432,4,5,21139,0
17432,4,5,20769,490
17432,4,5,20399,770
17432,4,5,19659,840
17432,4,5,19289,910
17432,4,5,18549,980
17432,4,5,18179,1050
17432,4,5,17809,1120
17432,4,5,1,1190
20405,4,5,21887,0
20405,4,5,21517,490
20405,4,5,21147,700
20405,4,5,20777,980
20405,4,5,20407,1190
20405,4,5,1,1260
21517,4,5,23370,0
21517,4,5,23000,490
21517,4,5,22630,700
21517,4,5,22260,980
21517,4,5,21890,1260
21517,4,5,21520,1470
22632,4,5,24113,0
22632,4,5,23743,350
22632,4,5,23373,630
22632,4,5,23003,840
22632,4,5,22633,1120
22632,4,5,1,1400
20021,4,5,22256,0
20021,4,5,21886,490
20021,4,5,21516,770
20021,4,5,21146,980
20021,4,5,20776,1260
20021,4,5,20406,1470
20030,4,5,21886,0
20030,4,5,21516,350
20030,4,5,21146,630
20030,4,5,20776,910
20030,4,5,20406,1120
20030,4,5,20036,1190
20030,4,5,1,1260
23003,4,5,24484,0
23003,4,5,24114,420
23003,4,5,23744,630
23003,4,5,23374,910
23003,4,5,23004,1120
23003,4,5,1,1400
18914,4,5,21883,0
18914,4,5,21513,560
18914,4,5,21143,770
18914,4,5,20773,1050
18914,4,5,20033,1330
18914,4,5,19663,1400
18914,4,5,18923,1470
15950,4,5,21135,0
15950,4,5,20765,350
15950,4,5,20395,630
15950,4,5,19655,700
15950,4,5,19285,770
15950,4,5,18915,840
15950,4,5,18175,910
15950,4,5,17805,980
15950,4,5,17065,1050
15950,4,5,16695,1120
15950,4,5,16325,1190
15950,4,5,1,1260
18923,4,5,22623,0
18923,4,5,22253,420
18923,4,5,21883,630
18923,4,5,21513,910
18923,4,5,21143,1120
18923,4,5,20773,1400
12986,4,5,19277,0
12986,4,5,18167,350
12986,4,5,17797,420
12986,4,5,17427,490
12986,4,5,16687,560
12986,4,5,16317,630
12986,4,5,15577,700
12986,4,5,15207,770
12986,4,5,14837,840
12986,4,5,14097,910
12986,4,5,13727,980
12986,4,5,12987,1050
12986,4,5,1,1120
20391,4,5,22257,0
20391,4,5,21887,560
20391,4,5,21517,840
20391,4,5,21147,1050
20391,4,5,20777,1330
17427,4,5,21509,0
17427,4,5,21139,560
17427,4,5,20769,770
17427,4,5,20399,1050
17427,4,5,19659,1120
17427,4,5,19289,1190
17427,4,5,18919,1260
17427,4,5,18179,1330
17427,4,5,17809,1400
17427,4,5,1,1470
13357,4,5,19648,0
13357,4,5,18538,350
13357,4,5,18168,420
13357,4,5,17428,490
13357,4,5,17058,560
13357,4,5,16318,630
13357,4,5,15948,700
13357,4,5,15578,770
13357,4,5,14838,840
13357,4,5,14468,910
13357,4,5,13728,980
13357,4,5,13358,1050
13357,4,5,1,1120
20400,4,5,21887,0
20400,4,5,21517,420
20400,4,5,21147,700
20400,4,5,20777,910
20400,4,5,20407,1190
20400,4,5,1,1260
17436,4,5,21139,0
17436,4,5,20769,490
17436,4,5,20399,770
17436,4,5,19659,840
17436,4,5,19289,910
17436,4,5,18919,980
17436,4,5,18179,1050
17436,4,5,17809,1120
17436,4,5,1,1190
21503,4,5,23370,0
21503,4,5,23000,350
21503,4,5,22630,630
21503,4,5,22260,840
21503,4,5,21890,1120
21503,4,5,21520,1400
21512,4,5,23370,0
21512,4,5,23000,420
21512,4,5,22630,630
21512,4,5,22260,910
21512,4,5,21890,1120
21512,4,5,21520,1400
18548,4,5,21512,0
18548,4,5,21142,420
18548,4,5,20772,630
18548,4,5,20402,910
18548,4,5,19662,980
18548,4,5,19292,1050
18548,4,5,18922,1120
18548,4,5,1,1190
22627,4,5,24853,0
22627,4,5,24483,420
22627,4,5,24113,700
22627,4,5,23743,910
22627,4,5,23373,1190
22627,4,5,23003,1400
14468,4,5,20391,0
14468,4,5,19651,350
14468,4,5,18911,420
14468,4,5,18541,490
14468,4,5,18171,560
14468,4,5,17431,630
14468,4,5,17061,700
14468,4,5,16321,770
14468,4,5,15951,840
14468,4,5,15581,910
14468,4,5,14841,980
14468,4,5,14471,1050
14468,4,5,1,1120
20016,4,5,21886,0
20016,4,5,21516,560
20016,4,5,21146,770
20016,4,5,20776,1050
20016,4,5,20406,1260
20016,4,5,20036,1330
20016,4,5,1,1400
20025,4,5,22626,0
20025,4,5,22256,350
20025,4,5,21886,560
20025,4,5,21516,840
20025,4,5,21146,1120
20025,4,5,20776,1330
22998,4,5,25224,0
22998,4,5,24854,490
22998,4,5,24484,700
22998,4,5,24114,980
22998,4,5,23744,1190
22998,4,5,23374,1470
20034,4,5,21886,0
20034,4,5,21516,420
20034,4,5,21146,630
20034,4,5,20776,910
20034,4,5,20036,1190
20034,4,5,1,1260
18909,4,5,21883,0
18909,4,5,21513,560
18909,4,5,21143,840
18909,4,5,20773,1050
18909,4,5,20403,1330
18909,4,5,19663,1400
18909,4,5,19293,1470
18918,4,5,21513,0
18918,4,5,21143,490
18918,4,5,20773,700
18918,4,5,20033,980
18918,4,5,19663,1050
18918,4,5,19293,1120
18918,4,5,1,1190
15954,4,5,21135,0
15954,4,5,20765,420
15954,4,5,20395,630
15954,4,5,20025,700
15954,4,5,19655,770
15954,4,5,18915,840
15954,4,5,18545,910
15954,4,5,17805,980
15954,4,5,17435,1050
15954,4,5,17065,1120
15954,4,5,16325,1190
15954,4,5,15955,1260
15954,4,5,1,1330
20386,4,5,21887,0
20386,4,5,21517,560
20386,4,5,21147,840
20386,4,5,20777,1050
20386,4,5,20407,1330
20386,4,5,1,1400
21145,4,5,22999,0
21145,4,5,22629,350
21145,4,5,22259,560
21145,4,5,21889,840
21145,4,5,21519,1120
21145,4,5,21149,1330
17431,4,5,21879,0
17431,4,5,21509,350
17431,4,5,21139,630
17431,4,5,20769,840
17431,4,5,20029,1120
17431,4,5,19659,1190
17431,4,5,19289,1260
17431,4,5,18549,1330
17431,4,5,18179,1400
17431,4,5,17439,1470
21498,4,5,23370,0
21498,4,5,23000,420
21498,4,5,22630,630
21498,4,5,22260,910
21498,4,5,21890,1120
21498,4,5,21520,1400
21507,4,5,23000,0
21507,4,5,22630,420
21507,4,5,22260,630
21507,4,5,21890,910
21507,4,5,21520,1120
21507,4,5,1,1400
18543,4,5,21882,0
18543,4,5,21512,490
18543,4,5,21142,770
18543,4,5,20772,980
18543,4,5,20402,1260
18543,4,5,19662,1330
18543,4,5,19292,1400
18543,4,5,18552,1470
21516,4,5,23000,0
21516,4,5,22630,560
21516,4,5,22260,840
21516,4,5,21890,1050
21516,4,5,21520,1330
15579,4,5,20764,0
15579,4,5,20394,560
15579,4,5,20024,630
15579,4,5,19284,700
15579,4,5,18914,770
15579,4,5,18544,840
15579,4,5,17804,910
15579,4,5,17434,980
15579,4,5,16694,1050
15579,4,5,16324,1120
15579,4,5,15954,1190
15579,4,5,1,1260
18552,4,5,22622,0
18552,4,5,22252,350
18552,4,5,21882,560
18552,4,5,21512,840
18552,4,5,21142,1120
18552,4,5,20772,1330
22622,4,5,24853,0
22622,4,5,24483,420
22622,4,5,24113,700
22622,4,5,23743,910
22622,4,5,23373,1190
22622,4,5,23003,1400
22631,4,5,24483,0
22631,4,5,24113,560
22631,4,5,23743,840
22631,4,5,23373,1050
22631,4,5,23003,1330
20020,4,5,22256,0
20020,4,5,21886,490
20020,4,5,21516,770
20020,4,5,21146,980
20020,4,5,20776,1260
20029,4,5,21886,0
20029,4,5,21516,350
20029,4,5,21146,630
20029,4,5,20776,910
20029,4,5,20406,1120
20029,4,5,20036,1190
20029,4,5,1,1260
18913,4,5,22253,0
18913,4,5,21883,420
18913,4,5,21513,700
18913,4,5,21143,910
18913,4,5,20773,1190
18913,4,5,20403,1400
18913,4,5,20033,1470
21140,4,5,22629,0
21140,4,5,22259,560
21140,4,5,21889,770
21140,4,5,21519,1050
21140,4,5,21149,1260
24113,4,5,25967,0
24113,4,5,25597,420
24113,4,5,25227,700
24113,4,5,24857,910
24113,4,5,24487,1190
24113,4,5,24117,1400
21149,4,5,23369,0
21149,4,5,22999,420
21149,4,5,22629,700
21149,4,5,22259,910
21149,4,5,21889,1190
21149,4,5,21519,1400
18538,4,5,21882,0
18538,4,5,21512,560
18538,4,5,21142,770
18538,4,5,20772,1050
18538,4,5,20402,1260
18538,4,5,20032,1330
18538,4,5,19292,1400
18538,4,5,18922,1470
21511,4,5,23000,0
21511,4,5,22630,490
21511,4,5,22260,700
21511,4,5,21890,980
21511,4,5,21520,1190
21511,4,5,1,1470
18547,4,5,21512,0
18547,4,5,21142,420
18547,4,5,20772,630
18547,4,5,20402,910
18547,4,5,19662,980
18547,4,5,19292,1050
18547,4,5,18922,1120
18547,4,5,1,1190
21520,4,5,23740,0
21520,4,5,23370,420
21520,4,5,23000,700
21520,4,5,22630,910
21520,4,5,22260,1190
21520,4,5,21890,1470
15583,4,5,21134,0
15583,4,5,20764,350
15583,4,5,20024,630
15583,4,5,19654,700
15583,4,5,19284,770
15583,4,5,18544,840
15583,4,5,18174,910
15583,4,5,17434,980
15583,4,5,17064,1050
15583,4,5,16694,1120
15583,4,5,15954,1190
15583,4,5,15584,1260
15583,4,5,1,1330
22626,4,5,24853,0
22626,4,5,24483,420
22626,4,5,24113,700
22626,4,5,23743,910
22626,4,5,23373,1190
22626,4,5,23003,1400
14467,4,5,20391,0
14467,4,5,19281,350
14467,4,5,18911,420
14467,4,5,18541,490
14467,4,5,17801,560
14467,4,5,17431,630
14467,4,5,17061,700
14467,4,5,16321,770
14467,4,5,15951,840
14467,4,5,15211,910
14467,4,5,14841,980
14467,4,5,14471,1050
14467,4,5,1,1120
20024,4,5,22256,0
20024,4,5,21886,420
20024,4,5,21516,700
20024,4,5,21146,910
20024,4,5,20776,1190
20024,4,5,20406,1400
20024,4,5,20036,1470
18908,4,5,21883,0
18908,4,5,21513,560
18908,4,5,21143,840
18908,4,5,20773,1050
18908,4,5,20403,1330
18908,4,5,19663,1400
18908,4,5,19293,1470
21126,4,5,22999,0
21126,4,5,22629,350
21126,4,5,22259,630
21126,4,5,21889,840
21126,4,5,21519,1120
21126,4,5,21149,1400
17056,4,5,21508,0
17056,4,5,21138,490
17056,4,5,20768,770
17056,4,5,20398,980
17056,4,5,20028,1050
17056,4,5,19288,1120
17056,4,5,18918,1190
17056,4,5,18548,1260
17056,4,5,17808,1330
17056,4,5,17438,1400
17056,4,5,1,1470
21135,4,5,22629,0
21135,4,5,22259,420
21135,4,5,21889,700
21135,4,5,21519,910
21135,4,5,21149,1190
21135,4,5,1,1470
17065,4,5,21138,0
17065,4,5,20768,490
17065,4,5,20398,700
17065,4,5,20028,770
17065,4,5,19288,840
17065,4,5,18918,910
17065,4,5,18548,980
17065,4,5,17808,1050
17065,4,5,17438,1120
17065,4,5,1,1190
18171,4,5,21881,0
18171,4,5,21511,560
18171,4,5,21141,840
18171,4,5,20771,1050
18171,4,5,20401,1330
18171,4,5,19661,1400
18171,4,5,19291,1470
21144,4,5,22999,0
21144,4,5,22629,350
21144,4,5,22259,560
21144,4,5,21889,840
21144,4,5,21519,1120
21144,4,5,21149,1330
18180,4,5,21511,0
18180,4,5,21141,420
18180,4,5,20771,630
18180,4,5,20031,910
18180,4,5,19661,980
18180,4,5,19291,1050
18180,4,5,18551,1120
18180,4,5,18181,1190
18180,4,5,1,1260
18542,4,5,22252,0
18542,4,5,21882,350
18542,4,5,21512,630
18542,4,5,21142,910
18542,4,5,20772,1120
18542,4,5,20032,1400
18542,4,5,19662,1470
21515,4,5,23000,0
21515,4,5,22630,560
21515,4,5,22260,840
21515,4,5,21890,1050
21515,4,5,21520,1330
15578,4,5,20764,0
15578,4,5,20394,560
15578,4,5,20024,630
15578,4,5,19284,700
15578,4,5,18914,770
15578,4,5,18544,840
15578,4,5,17804,910
15578,4,5,17434,980
15578,4,5,16694,1050
15578,4,5,16324,1120
15578,4,5,15954,1190
15578,4,5,1,1260
18551,4,5,21512,0
18551,4,5,21142,420
18551,4,5,20772,700
18551,4,5,20402,910
18551,4,5,20032,980
18551,4,5,19662,1050
18551,4,5,18922,1120
18551,4,5,18552,1190
18551,4,5,1,1260
22630,4,5,24853,0
22630,4,5,24483,420
22630,4,5,24113,700
22630,4,5,23743,910
22630,4,5,23373,1190
22630,4,5,23003,1400
14471,4,5,21501,0
14471,4,5,21131,420
14471,4,5,20761,700
14471,4,5,20391,910
14471,4,5,20021,980
14471,4,5,19281,1050
14471,4,5,18911,1120
14471,4,5,18541,1190
14471,4,5,17801,1260
14471,4,5,17431,1330
14471,4,5,16691,1400
14471,4,5,16321,1470
19653,4,5,22255,0
19653,4,5,21885,350
19653,4,5,21515,630
19653,4,5,21145,840
19653,4,5,20775,1120
19653,4,5,20035,1400
19653,4,5,19665,1470
19662,4,5,21885,0
19662,4,5,21515,350
19662,4,5,21145,560
19662,4,5,20775,840
19662,4,5,20035,1120
19662,4,5,19665,1190
19662,4,5,1,1260
20768,4,5,22628,0
20768,4,5,22258,420
20768,4,5,21888,700
20768,4,5,21518,910
20768,4,5,21148,1190
20768,4,5,20778,1470
23741,4,5,25966,0
23741,4,5,25596,420
23741,4,5,25226,700
23741,4,5,24856,910
23741,4,5,24486,1190
23741,4,5,24116,1400
20777,4,5,21888,0
20777,4,5,21518,490
20777,4,5,21148,770
20777,4,5,20778,980
20777,4,5,1,1260
17060,4,5,21508,0
17060,4,5,21138,560
17060,4,5,20768,770
17060,4,5,20398,1050
17060,4,5,19658,1120
17060,4,5,19288,1190
17060,4,5,18918,1260
17060,4,5,18178,1330
17060,4,5,17808,1400
17060,4,5,17068,1470
21130,4,5,22999,0
21130,4,5,22629,350
21130,4,5,22259,560
21130,4,5,21889,840
21130,4,5,21519,1120
21130,4,5,21149,1330
18166,4,5,21881,0
18166,4,5,21511,490
18166,4,5,21141,700
18166,4,5,20771,980
18166,4,5,20401,1190
18166,4,5,20031,1260
18166,4,5,19661,1330
18166,4,5,18921,1400
18166,4,5,18551,1470
14096,4,5,20020,0
14096,4,5,18910,350
14096,4,5,18540,420
14096,4,5,18170,490
14096,4,5,17430,560
14096,4,5,17060,630
14096,4,5,16320,700
14096,4,5,15950,770
14096,4,5,15580,840
14096,4,5,14840,910
14096,4,5,14470,980
14096,4,5,1,1050
21139,4,5,22999,0
21139,4,5,22629,350
21139,4,5,22259,630
21139,4,5,21889,840
21139,4,5,21519,1120
21139,4,5,21149,1330
24112,4,5,26337,0
24112,4,5,25967,350
24112,4,5,25597,630
24112,4,5,25227,840
24112,4,5,24857,1120
24112,4,5,24487,1400
18175,4,5,21511,0
18175,4,5,21141,350
18175,4,5,20771,630
18175,4,5,20401,840
18175,4,5,20031,910
18175,4,5,19291,980
18175,4,5,18921,1050
18175,4,5,18551,1120
18175,4,5,1,1190
21148,4,5,22259,0
21148,4,5,21889,490
21148,4,5,21519,770
21148,4,5,21149,980
21148,4,5,1,1260
18537,4,5,21882,0
18537,4,5,21512,490
18537,4,5,21142,770
18537,4,5,20772,1050
18537,4,5,20402,1260
18537,4,5,20032,1330
18537,4,5,19292,1400
18537,4,5,18922,1470
18546,4,5,21512,0
18546,4,5,21142,420
18546,4,5,20772,630
18546,4,5,20402,910
18546,4,5,19662,980
18546,4,5,19292,1050
18546,4,5,18922,1120
18546,4,5,1,1190
15582,4,5,21134,0
15582,4,5,20764,350
15582,4,5,20394,630
15582,4,5,19654,700
15582,4,5,19284,770
15582,4,5,18544,840
15582,4,5,18174,910
15582,4,5,17804,980
15582,4,5,17064,1050
15582,4,5,16694,1120
15582,4,5,15954,1190
15582,4,5,15584,1260
15582,4,5,1,1330
22259,4,5,24482,0
22259,4,5,24112,420
22259,4,5,23742,700
22259,4,5,23372,910
22259,4,5,23002,1190
22259,4,5,22632,1400
14466,4,5,20391,0
14466,4,5,19281,350
14466,4,5,18911,420
14466,4,5,18541,490
14466,4,5,18171,560
14466,4,5,17431,630
14466,4,5,17061,700
14466,4,5,16321,770
14466,4,5,15951,840
14466,4,5,15581,910
14466,4,5,14841,980
14466,4,5,14471,1050
14466,4,5,1,1120
19648,4,5,21885,0
19648,4,5,21515,560
19648,4,5,21145,770
19648,4,5,20775,1050
19648,4,5,20405,1260
19648,4,5,20035,1330
19648,4,5,1,1400
19657,4,5,22255,0
19657,4,5,21885,420
19657,4,5,21515,700
19657,4,5,21145,910
19657,4,5,20775,1190
19657,4,5,20405,1400
19657,4,5,20035,1470
20763,4,5,22628,0
20763,4,5,22258,350
20763,4,5,21888,560
20763,4,5,21518,840
20763,4,5,21148,1120
20763,4,5,20778,1330
16693,4,5,21137,0
16693,4,5,20767,420
16693,4,5,20397,630
16693,4,5,20027,700
16693,4,5,19657,770
16693,4,5,18917,840
16693,4,5,18547,910
16693,4,5,17807,980
16693,4,5,17437,1050
16693,4,5,17067,1120
16693,4,5,1,1190
20772,4,5,21888,0
20772,4,5,21518,490
20772,4,5,21148,700
20772,4,5,20778,980
20772,4,5,1,1260
21134,4,5,22259,0
21134,4,5,21889,560
21134,4,5,21519,840
21134,4,5,21149,1050
21134,4,5,1,1330
17064,4,5,21138,0
17064,4,5,20768,490
17064,4,5,20398,700
17064,4,5,20028,770
17064,4,5,19288,840
17064,4,5,18918,910
17064,4,5,18178,980
17064,4,5,17808,1050
17064,4,5,17438,1120
17064,4,5,1,1190
18170,4,5,21881,0
18170,4,5,21511,560
18170,4,5,21141,840
18170,4,5,20771,1050
18170,4,5,20401,1330
18170,4,5,19661,1400
18170,4,5,19291,1470
14100,4,5,21500,0
14100,4,5,21130,350
14100,4,5,20760,630
14100,4,5,20020,910
14100,4,5,19650,980
14100,4,5,18910,1050
14100,4,5,18540,1120
14100,4,5,18170,1190
14100,4,5,17430,1260
14100,4,5,17060,1330
14100,4,5,16320,1400
14100,4,5,15950,1470
21143,4,5,22999,0
21143,4,5,22629,490
21143,4,5,22259,700
21143,4,5,21889,980
21143,4,5,21519,1190
21143,4,5,21149,1470
18179,4,5,21511,0
18179,4,5,21141,420
18179,4,5,20771,630
18179,4,5,20031,910
18179,4,5,19661,980
18179,4,5,19291,1050
18179,4,5,18551,1120
18179,4,5,18181,1190
18179,4,5,1,1260
23370,4,5,25595,0
23370,4,5,25225,420
23370,4,5,24855,700
23370,4,5,24485,910
23370,4,5,24115,1190
23370,4,5,23745,1400
15577,4,5,20764,0
15577,4,5,20394,560
15577,4,5,20024,630
15577,4,5,19284,700
15577,4,5,18914,770
15577,4,5,18544,840
15577,4,5,17804,910
15577,4,5,17434,980
15577,4,5,16694,1050
15577,4,5,16324,1120
15577,4,5,15954,1190
15577,4,5,1,1260
22254,4,5,24482,0
22254,4,5,24112,420
22254,4,5,23742,630
22254,4,5,23372,910
22254,4,5,23002,1190
22254,4,5,22632,1400
19290,4,5,21514,0
19290,4,5,21144,490
19290,4,5,20774,770
19290,4,5,20404,980
19290,4,5,20034,1050
19290,4,5,19664,1120
19290,4,5,1,1190
19652,4,5,22255,0
19652,4,5,21885,350
19652,4,5,21515,630
19652,4,5,21145,840
19652,4,5,20775,1120
19652,4,5,20035,1400
19652,4,5,19665,1470
16688,4,5,21507,0
16688,4,5,21137,490
16688,4,5,20767,770
16688,4,5,20397,980
16688,4,5,20027,1050
16688,4,5,19287,1120
16688,4,5,18917,1190
16688,4,5,18547,1260
16688,4,5,17807,1330
16688,4,5,17437,1400
16688,4,5,16697,1470
20758,4,5,22258,0
20758,4,5,21888,350
20758,4,5,21518,630
20758,4,5,21148,910
20758,4,5,20778,1120
20758,4,5,1,1400
19661,4,5,21515,0
19661,4,5,21145,560
19661,4,5,20775,840
19661,4,5,20405,1050
19661,4,5,20035,1120
19661,4,5,1,1190
20767,4,5,22628,0
20767,4,5,22258,420
20767,4,5,21888,700
20767,4,5,21518,910
20767,4,5,21148,1190
20767,4,5,20778,1400
16697,4,5,22247,0
16697,4,5,21877,350
16697,4,5,21507,560
16697,4,5,21137,840
16697,4,5,20767,1120
16697,4,5,20397,1330
16697,4,5,20027,1400
16697,4,5,19287,1470
20776,4,5,21888,0
20776,4,5,21518,490
20776,4,5,21148,770
20776,4,5,20778,980
20776,4,5,1,1260
21129,4,5,22999,0
21129,4,5,22629,350
21129,4,5,22259,630
21129,4,5,21889,840
21129,4,5,21519,1120
21129,4,5,21149,1330
17059,4,5,21508,0
17059,4,5,21138,560
17059,4,5,20768,770
17059,4,5,20398,1050
17059,4,5,19658,1120
17059,4,5,19288,1190
17059,4,5,18918,1260
17059,4,5,18178,1330
17059,4,5,17808,1400
17059,4,5,17068,1470
21138,4,5,22999,0
21138,4,5,22629,350
21138,4,5,22259,630
21138,4,5,21889,840
21138,4,5,21519,1120
21138,4,5,21149,1330
18174,4,5,21511,0
18174,4,5,21141,350
18174,4,5,20771,630
18174,4,5,20401,840
18174,4,5,20031,910
18174,4,5,19291,980
18174,4,5,18921,1050
18174,4,5,18551,1120
18174,4,5,1,1190
19276,4,5,21884,0
19276,4,5,21514,420
19276,4,5,21144,700
19276,4,5,20774,980
19276,4,5,20404,1190
19276,4,5,20034,1260
19276,4,5,19294,1330
19276,4,5,1,1400
15206,4,5,20763,0
15206,4,5,20023,560
15206,4,5,19653,630
15206,4,5,18913,700
15206,4,5,18543,770
15206,4,5,18173,840
15206,4,5,17433,910
15206,4,5,17063,980
15206,4,5,16323,1050
15206,4,5,15953,1120
15206,4,5,15583,1190
15206,4,5,1,1260
19285,4,5,22254,0
19285,4,5,21884,350
19285,4,5,21514,630
19285,4,5,21144,840
19285,4,5,20774,1120
19285,4,5,20404,1330
19285,4,5,20034,1400
19285,4,5,19294,1470
22258,4,5,24112,0
22258,4,5,23742,490
22258,4,5,23372,700
22258,4,5,23002,980
22258,4,5,22632,1190
22258,4,5,22262,1470
16321,4,5,21136,0
16321,4,5,20766,350
16321,4,5,20026,630
16321,4,5,19656,700
16321,4,5,19286,770
16321,4,5,18546,840
16321,4,5,18176,910
16321,4,5,17436,980
16321,4,5,17066,1050
16321,4,5,16696,1120
16321,4,5,1,1190
19294,4,5,22624,0
19294,4,5,22254,420
19294,4,5,21884,700
19294,4,5,21514,910
19294,4,5,21144,1190
19294,4,5,20774,1470
19656,4,5,22255,0
19656,4,5,21885,420
19656,4,5,21515,700
19656,4,5,21145,910
19656,4,5,20775,1190
19656,4,5,20405,1400
19656,4,5,20035,1470
20762,4,5,22628,0
20762,4,5,22258,350
20762,4,5,21888,630
20762,4,5,21518,840
20762,4,5,21148,1120
20762,4,5,20778,1330
16692,4,5,21137,0
16692,4,5,20767,420
16692,4,5,20397,630
16692,4,5,20027,700
16692,4,5,19657,770
16692,4,5,18917,840
16692,4,5,18547,910
16692,4,5,17807,980
16692,4,5,17437,1050
16692,4,5,17067,1120
16692,4,5,1,1190
19665,4,5,22625,0
19665,4,5,22255,490
19665,4,5,21885,770
19665,4,5,21515,980
19665,4,5,21145,1260
13728,4,5,20019,0
13728,4,5,18909,350
13728,4,5,18539,420
13728,4,5,17799,490
13728,4,5,17429,560
13728,4,5,17059,630
13728,4,5,16319,700
13728,4,5,15949,770
13728,4,5,15209,840
13728,4,5,14839,910
13728,4,5,14469,980
13728,4,5,13729,1050
13728,4,5,1,1120
20771,4,5,21888,0
20771,4,5,21518,490
20771,4,5,21148,700
20771,4,5,20778,980
20771,4,5,1,1260
21883,4,5,23371,0
21883,4,5,23001,420
21883,4,5,22631,700
21883,4,5,22261,910
21883,4,5,21891,1190
21883,4,5,1,1400
18169,4,5,21881,0
18169,4,5,21511,420
18169,4,5,21141,630
18169,4,5,20771,910
18169,4,5,20401,1120
18169,4,5,20031,1190
18169,4,5,19661,1260
18169,4,5,18921,1330
18169,4,5,18551,1400
18169,4,5,18181,1470
17803,4,5,21140,0
17803,4,5,20770,560
17803,4,5,20030,840
17803,4,5,19660,910
17803,4,5,18920,980
17803,4,5,18550,1050
17803,4,5,18180,1120
17803,4,5,1,1190
19280,4,5,22254,0
19280,4,5,21884,350
19280,4,5,21514,630
19280,4,5,21144,910
19280,4,5,20774,1120
19280,4,5,20034,1400
19280,4,5,19664,1470
15210,4,5,20763,0
15210,4,5,20023,560
15210,4,5,19653,630
15210,4,5,19283,700
15210,4,5,18543,770
15210,4,5,18173,840
15210,4,5,17433,910
15210,4,5,17063,980
15210,4,5,16693,1050
15210,4,5,15953,1120
15210,4,5,15583,1190
15210,4,5,1,1260
22253,4,5,24482,0
22253,4,5,24112,420
22253,4,5,23742,630
22253,4,5,23372,910
22253,4,5,23002,1190
22253,4,5,22632,1400
16316,4,5,21506,0
16316,4,5,21136,560
16316,4,5,20766,840
16316,4,5,20396,1050
16316,4,5,20026,1120
16316,4,5,19656,1190
16316,4,5,18916,1260
16316,4,5,18546,1330
16316,4,5,17806,1400
16316,4,5,17436,1470
19289,4,5,21514,0
19289,4,5,21144,490
19289,4,5,20774,770
19289,4,5,20404,980
19289,4,5,20034,1050
19289,4,5,19664,1120
19289,4,5,1,1190
22262,4,5,24482,0
22262,4,5,24112,560
22262,4,5,23742,840
22262,4,5,23372,1050
22262,4,5,23002,1330
16325,4,5,21136,0
16325,4,5,20766,420
16325,4,5,20396,630
16325,4,5,20026,700
16325,4,5,19286,770
16325,4,5,18916,840
16325,4,5,18176,910
16325,4,5,17806,980
16325,4,5,17436,1050
16325,4,5,16696,1120
16325,4,5,16326,1190
16325,4,5,1,1260
19651,4,5,22255,0
19651,4,5,21885,420
19651,4,5,21515,700
19651,4,5,21145,980
19651,4,5,20775,1190
19651,4,5,20035,1470
20766,4,5,22258,0
20766,4,5,21888,490
20766,4,5,21518,770
20766,4,5,21148,1050
20766,4,5,20778,1260
16696,4,5,21137,0
16696,4,5,20767,420
16696,4,5,20397,700
16696,4,5,19657,770
16696,4,5,19287,840
16696,4,5,18547,910
16696,4,5,18177,980
16696,4,5,17807,1050
16696,4,5,17067,1120
16696,4,5,16697,1190
16696,4,5,1,1260
21878,4,5,23741,0
21878,4,5,23371,350
21878,4,5,23001,630
21878,4,5,22631,840
21878,4,5,22261,1120
21878,4,5,21891,1330
21887,5,6,23741,0
21887,5,6,23371,420
21887,5,6,23001,630
21887,5,6,22631,910
21887,5,6,22261,1120
21887,5,6,21891,1400
25966,5,6,27822,0
25966,5,6,27452,560
25966,5,6,27082,770
25966,5,6,26712,1050
25966,5,6,26342,1260
17798,5,6,21880,0
17798,5,6,21510,350
17798,5,6,21140,630
17798,5,6,20770,840
17798,5,6,20030,1120
17798,5,6,19660,1190
17798,5,6,19290,1260
17798,5,6,18550,1330
17798,5,6,18180,1400
17798,5,6,1,1470
17807,5,6,21140,0
17807,5,6,20770,560
17807,5,6,20030,840
17807,5,6,19660,910
17807,5,6,19290,980
17807,5,6,18550,1050
17807,5,6,18180,1120
17807,5,6,1,1190
23373,5,6,25595,0
23373,5,6,25225,350
23373,5,6,24855,630
23373,5,6,24485,840
23373,5,6,24115,1120
23373,5,6,23745,1330
22248,5,6,24482,0
22248,5,6,24112,420
22248,5,6,23742,700
22248,5,6,23372,910
22248,5,6,23002,1190
22248,5,6,22632,1400
19284,5,6,22254,0
19284,5,6,21884,490
19284,5,6,21514,700
19284,5,6,21144,980
19284,5,6,20774,1260
19284,5,6,20404,1470
16320,5,6,21136,0
16320,5,6,20766,350
16320,5,6,20026,630
16320,5,6,19656,700
16320,5,6,19286,770
16320,5,6,18546,840
16320,5,6,18176,910
16320,5,6,17436,980
16320,5,6,17066,1050
16320,5,6,16696,1120
16320,5,6,1,1190
19293,5,6,21514,0
19293,5,6,21144,560
19293,5,6,20774,770
19293,5,6,20404,1050
19293,5,6,19664,1120
19293,5,6,19294,1190
19293,5,6,1,1260
24484,5,6,26338,0
24484,5,6,25968,420
24484,5,6,25598,700
24484,5,6,25228,910
24484,5,6,24858,1190
24484,5,6,24488,1400
20761,5,6,22258,0
20761,5,6,21888,420
20761,5,6,21518,700
20761,5,6,21148,910
20761,5,6,20778,1190
20761,5,6,1,1400
13727,5,6,20019,0
13727,5,6,18909,350
13727,5,6,18539,420
13727,5,6,17799,490
13727,5,6,17429,560
13727,5,6,17059,630
13727,5,6,16319,700
13727,5,6,15949,770
13727,5,6,15209,840
13727,5,6,14839,910
13727,5,6,14469,980
13727,5,6,13729,1050
13727,5,6,1,1120
20395,5,6,22257,0
20395,5,6,21887,490
20395,5,6,21517,700
20395,5,6,21147,980
20395,5,6,20777,1260
20395,5,6,20407,1470
20404,5,6,21887,0
20404,5,6,21517,420
20404,5,6,21147,700
20404,5,6,20777,910
20404,5,6,20407,1190
20404,5,6,1,1260
21882,5,6,23371,0
21882,5,6,23001,420
21882,5,6,22631,630
21882,5,6,22261,910
21882,5,6,21891,1120
21882,5,6,1,1400
24855,5,6,26709,0
24855,5,6,26339,420
24855,5,6,25969,630
24855,5,6,25599,910
24855,5,6,25229,1120
24855,5,6,24859,1400
21891,5,6,24111,0
21891,5,6,23741,420
21891,5,6,23371,700
21891,5,6,23001,980
21891,5,6,22631,1190
21891,5,6,22261,1470
17802,5,6,21880,0
17802,5,6,21510,420
17802,5,6,21140,630
17802,5,6,20770,910
17802,5,6,20400,1120
17802,5,6,20030,1190
17802,5,6,19660,1260
17802,5,6,18920,1330
17802,5,6,18550,1400
17802,5,6,17810,1470
14838,5,6,20762,0
14838,5,6,20392,420
14838,5,6,19652,490
14838,5,6,19282,560
14838,5,6,18542,630
14838,5,6,18172,700
14838,5,6,17802,770
14838,5,6,17062,840
14838,5,6,16692,910
14838,5,6,15952,980
14838,5,6,15582,1050
14838,5,6,15212,1120
14838,5,6,1,1190
23002,5,6,25224,0
23002,5,6,24854,350
23002,5,6,24484,630
23002,5,6,24114,840
23002,5,6,23744,1120
23002,5,6,23374,1330
15209,5,6,20763,0
15209,5,6,20023,560
15209,5,6,19653,630
15209,5,6,18913,700
15209,5,6,18543,770
15209,5,6,18173,840
15209,5,6,17433,910
15209,5,6,17063,980
15209,5,6,16323,1050
15209,5,6,15953,1120
15209,5,6,15583,1190
15209,5,6,1,1260
19288,5,6,21514,0
19288,5,6,21144,490
19288,5,6,20774,770
19288,5,6,20404,980
19288,5,6,20034,1050
19288,5,6,19664,1120
19288,5,6,1,1190
16324,5,6,21136,0
16324,5,6,20766,420
16324,5,6,20396,630
16324,5,6,20026,700
16324,5,6,19286,770
16324,5,6,18916,840
16324,5,6,18176,910
16324,5,6,17806,980
16324,5,6,17436,1050
16324,5,6,16696,1120
16324,5,6,16326,1190
16324,5,6,1,1260
18922,5,6,21513,0
18922,5,6,21143,490
18922,5,6,20773,770
18922,5,6,20403,980
18922,5,6,20033,1050
18922,5,6,19293,1120
18922,5,6,18923,1190
18922,5,6,1,1260
20390,5,6,22257,0
20390,5,6,21887,420
20390,5,6,21517,630
20390,5,6,21147,910
20390,5,6,20777,1120
20390,5,6,20407,1400
20390,5,6,1,1470
20399,5,6,22257,0
20399,5,6,21887,560
20399,5,6,21517,770
20399,5,6,21147,1050
20399,5,6,20777,1260
17435,5,6,21139,0
17435,5,6,20769,490
17435,5,6,20399,770
17435,5,6,19659,840
17435,5,6,19289,910
17435,5,6,18549,980
17435,5,6,18179,1050
17435,5,6,17809,1120
17435,5,6,1,1190
21877,5,6,23741,0
21877,5,6,23371,420
21877,5,6,23001,630
21877,5,6,22631,910
21877,5,6,22261,1120
21877,5,6,21891,1400
21886,5,6,23371,0
21886,5,6,23001,490
21886,5,6,22631,700
21886,5,6,22261,980
21886,5,6,21891,1190
21886,5,6,1,1470
17797,5,6,21880,0
17797,5,6,21510,350
17797,5,6,21140,630
17797,5,6,20770,840
17797,5,6,20030,1120
17797,5,6,19660,1190
17797,5,6,19290,1260
17797,5,6,18550,1330
17797,5,6,18180,1400
17797,5,6,1,1470
25599,5,6,27451,0
25599,5,6,27081,490
25599,5,6,26711,770
25599,5,6,26341,1050
25599,5,6,25971,1260
17806,5,6,21140,0
17806,5,6,20770,560
17806,5,6,20030,840
17806,5,6,19660,910
17806,5,6,18920,980
17806,5,6,18550,1050
17806,5,6,18180,1120
17806,5,6,1,1190
14842,5,6,21872,0
14842,5,6,21502,350
14842,5,6,21132,630
14842,5,6,20762,840
14842,5,6,20022,1120
14842,5,6,19652,1190
14842,5,6,19282,1260
14842,5,6,18542,1330
14842,5,6,18172,1400
14842,5,6,17432,1470
22997,5,6,25224,0
22997,5,6,24854,490
22997,5,6,24484,700
22997,5,6,24114,980
22997,5,6,23744,1190
22997,5,6,23374,1470
20033,5,6,21886,0
20033,5,6,21516,420
20033,5,6,21146,630
20033,5,6,20776,910
20033,5,6,20406,1120
20033,5,6,20036,1190
20033,5,6,1,1260
16319,5,6,21136,0
16319,5,6,20766,350
16319,5,6,20026,630
16319,5,6,19656,700
16319,5,6,19286,770
16319,5,6,18546,840
16319,5,6,18176,910
16319,5,6,17436,980
16319,5,6,17066,1050
16319,5,6,16696,1120
16319,5,6,1,1190
18917,5,6,21513,0
18917,5,6,21143,490
18917,5,6,20773,700
18917,5,6,20033,980
18917,5,6,19663,1050
18917,5,6,19293,1120
18917,5,6,1,1190
15953,5,6,21135,0
15953,5,6,20765,420
15953,5,6,20025,700
15953,5,6,19655,770
15953,5,6,18915,840
15953,5,6,18545,910
15953,5,6,18175,980
15953,5,6,17435,1050
15953,5,6,17065,1120
15953,5,6,16325,1190
15953,5,6,15955,1260
15953,5,6,1,1330
24483,5,6,26708,0
24483,5,6,26338,350
24483,5,6,25968,630
24483,5,6,25598,840
24483,5,6,25228,1120
24483,5,6,24858,1400
20394,5,6,22257,0
20394,5,6,21887,490
20394,5,6,21517,700
20394,5,6,21147,980
20394,5,6,20777,1260
20394,5,6,20407,1470
17430,5,6,21879,0
17430,5,6,21509,350
17430,5,6,21139,630
17430,5,6,20769,840
17430,5,6,20029,1120
17430,5,6,19659,1190
17430,5,6,19289,1260
17430,5,6,18549,1330
17430,5,6,18179,1400
17430,5,6,17439,1470
21872,5,6,23741,0
21872,5,6,23371,350
21872,5,6,23001,630
21872,5,6,22631,910
21872,5,6,22261,1120
21872,5,6,21891,1400
20403,5,6,21887,0
20403,5,6,21517,420
20403,5,6,21147,700
20403,5,6,20777,910
20403,5,6,20407,1190
20403,5,6,1,1260
17439,5,6,22249,0
17439,5,6,21879,420
17439,5,6,21509,700
17439,5,6,21139,980
17439,5,6,20769,1190
17439,5,6,20029,1470
21881,5,6,23741,0
21881,5,6,23371,350
21881,5,6,23001,630
21881,5,6,22631,840
21881,5,6,22261,1120
21881,5,6,21891,1330
17801,5,6,21880,0
17801,5,6,21510,420
17801,5,6,21140,630
17801,5,6,20770,910
17801,5,6,20400,1120
17801,5,6,20030,1190
17801,5,6,19660,1260
17801,5,6,18920,1330
17801,5,6,18550,1400
17801,5,6,17810,1470
14837,5,6,20762,0
14837,5,6,20392,420
14837,5,6,19652,490
14837,5,6,19282,560
14837,5,6,18542,630
14837,5,6,18172,700
14837,5,6,17802,770
14837,5,6,17062,840
14837,5,6,16692,910
14837,5,6,15952,980
14837,5,6,15582,1050
14837,5,6,15212,1120
14837,5,6,1,1190
20028,5,6,22256,0
20028,5,6,21886,490
20028,5,6,21516,700
20028,5,6,21146,980
20028,5,6,20776,1190
20028,5,6,20406,1470
23001,5,6,25224,0
23001,5,6,24854,420
23001,5,6,24484,700
23001,5,6,24114,980
23001,5,6,23744,1190
23001,5,6,23374,1470
18912,5,6,22253,0
18912,5,6,21883,420
18912,5,6,21513,700
18912,5,6,21143,910
18912,5,6,20773,1190
18912,5,6,20403,1400
18912,5,6,20033,1470
15948,5,6,21135,0
15948,5,6,20765,350
15948,5,6,20395,630
15948,5,6,19655,700
15948,5,6,19285,770
15948,5,6,18915,840
15948,5,6,18175,910
15948,5,6,17805,980
15948,5,6,17065,1050
15948,5,6,16695,1120
15948,5,6,16325,1190
15948,5,6,1,1260
18921,5,6,21513,0
18921,5,6,21143,490
18921,5,6,20773,770
18921,5,6,20403,980
18921,5,6,20033,1050
18921,5,6,19293,1120
18921,5,6,18923,1190
18921,5,6,1,1260
20398,5,6,22257,0
20398,5,6,21887,560
20398,5,6,21517,770
20398,5,6,21147,1050
20398,5,6,20777,1260
17434,5,6,21139,0
17434,5,6,20769,490
17434,5,6,20399,770
17434,5,6,19659,840
17434,5,6,19289,910
17434,5,6,18549,980
17434,5,6,18179,1050
17434,5,6,17809,1120
17434,5,6,1,1190
21510,5,6,23000,0
21510,5,6,22630,490
21510,5,6,22260,700
21510,5,6,21890,980
21510,5,6,21520,1190
21510,5,6,1,1470
21519,5,6,22630,0
21519,5,6,22260,560
21519,5,6,21890,770
21519,5,6,21520,1050
21519,5,6,1,1260
22625,5,6,24853,0
22625,5,6,24483,420
22625,5,6,24113,700
22625,5,6,23743,910
22625,5,6,23373,1190
22625,5,6,23003,1400
25598,5,6,27451,0
25598,5,6,27081,560
25598,5,6,26711,770
25598,5,6,26341,1050
25598,5,6,25971,1330
20023,5,6,22256,0
20023,5,6,21886,420
20023,5,6,21516,700
20023,5,6,21146,910
20023,5,6,20776,1190
20023,5,6,20406,1400
20023,5,6,20036,1470
20032,5,6,21886,0
20032,5,6,21516,350
20032,5,6,21146,630
20032,5,6,20776,840
20032,5,6,20406,1120
20032,5,6,1,1190
18907,5,6,22253,0
18907,5,6,21883,350
18907,5,6,21513,560
18907,5,6,21143,840
18907,5,6,20773,1120
18907,5,6,20403,1330
18907,5,6,20033,1400
18907,5,6,19293,1470
18916,5,6,21513,0
18916,5,6,21143,490
18916,5,6,20773,700
18916,5,6,20033,980
18916,5,6,19663,1050
18916,5,6,19293,1120
18916,5,6,1,1190
15952,5,6,21135,0
15952,5,6,20765,420
15952,5,6,20395,630
15952,5,6,20025,700
15952,5,6,19285,770
15952,5,6,18915,840
15952,5,6,18175,910
15952,5,6,17805,980
15952,5,6,17435,1050
15952,5,6,16695,1120
15952,5,6,16325,1190
15952,5,6,1,1260
24116,5,6,25597,0
24116,5,6,25227,350
24116,5,6,24857,630
24116,5,6,24487,840
24116,5,6,24117,1120
24116,5,6,1,1330
20393,5,6,22257,0
20393,5,6,21887,560
20393,5,6,21517,840
20393,5,6,21147,1050
20393,5,6,20777,1330
17429,5,6,21879,0
17429,5,6,21509,490
17429,5,6,21139,700
17429,5,6,20769,980
17429,5,6,20029,1260
17429,5,6,19659,1330
17429,5,6,18919,1400
17429,5,6,18549,1470
17438,5,6,21139,0
17438,5,6,20769,560
17438,5,6,20399,770
17438,5,6,20029,840
17438,5,6,19659,910
17438,5,6,18919,980
17438,5,6,18549,1050
17438,5,6,17809,1120
17438,5,6,17439,1190
17438,5,6,1,1260
21505,5,6,23370,0
21505,5,6,23000,350
21505,5,6,22630,630
21505,5,6,22260,840
21505,5,6,21890,1120
21505,5,6,21520,1400
18541,5,6,22252,0
18541,5,6,21882,350
18541,5,6,21512,630
18541,5,6,21142,840
18541,5,6,20772,1120
18541,5,6,20032,1400
18541,5,6,19662,1470
21514,5,6,23370,0
21514,5,6,23000,420
21514,5,6,22630,630
21514,5,6,22260,910
21514,5,6,21890,1120
21514,5,6,21520,1400
18550,5,6,21512,0
18550,5,6,21142,420
18550,5,6,20772,700
18550,5,6,20402,910
18550,5,6,20032,980
18550,5,6,19662,1050
18550,5,6,18922,1120
18550,5,6,18552,1190
18550,5,6,1,1260
22629,5,6,24483,0
22629,5,6,24113,490
22629,5,6,23743,700
22629,5,6,23373,980
22629,5,6,23003,1190
22629,5,6,22633,1470
14470,5,6,20761,0
14470,5,6,19651,350
14470,5,6,19281,420
14470,5,6,18541,490
14470,5,6,18171,560
14470,5,6,17801,630
14470,5,6,17061,700
14470,5,6,16691,770
14470,5,6,15951,840
14470,5,6,15581,910
14470,5,6,15211,980
14470,5,6,14471,1050
14470,5,6,1,1120
20027,5,6,22256,0
20027,5,6,21886,490
20027,5,6,21516,700
20027,5,6,21146,980
20027,5,6,20776,1190
20027,5,6,20406,1470
23000,5,6,24854,0
23000,5,6,24484,490
23000,5,6,24114,770
23000,5,6,23744,980
23000,5,6,23374,1260
23000,5,6,23004,1470
20036,5,6,22626,0
20036,5,6,22256,560
20036,5,6,21886,840
20036,5,6,21516,1050
20036,5,6,21146,1330
18911,5,6,21883,0
18911,5,6,21513,490
18911,5,6,21143,770
18911,5,6,20773,980
18911,5,6,20403,1260
18911,5,6,19663,1330
18911,5,6,19293,1400
18911,5,6,18923,1470
15947,5,6,21505,0
15947,5,6,21135,490
15947,5,6,20765,700
15947,5,6,20395,980
15947,5,6,19655,1050
15947,5,6,19285,1120
15947,5,6,18545,1190
15947,5,6,18175,1260
15947,5,6,17805,1330
15947,5,6,17065,1400
15947,5,6,16695,1470
18920,5,6,21513,0
18920,5,6,21143,490
18920,5,6,20773,700
18920,5,6,20403,980
18920,5,6,19663,1050
18920,5,6,19293,1120
18920,5,6,1,1190
17068,5,6,22248,0
17068,5,6,21878,420
17068,5,6,21508,630
17068,5,6,21138,910
17068,5,6,20768,1120
17068,5,6,20398,1400
17068,5,6,19658,1470
24111,5,6,26337,0
24111,5,6,25967,420
24111,5,6,25597,630
24111,5,6,25227,910
24111,5,6,24857,1120
24111,5,6,24487,1400
21147,5,6,22259,0
21147,5,6,21889,490
21147,5,6,21519,770
21147,5,6,21149,980
21147,5,6,1,1260
25226,5,6,27080,0
25226,5,6,26710,350
25226,5,6,26340,630
25226,5,6,25970,840
25226,5,6,25600,1120
25226,5,6,25230,1400
21500,5,6,23370,0
21500,5,6,23000,420
21500,5,6,22630,630
21500,5,6,22260,910
21500,5,6,21890,1120
21500,5,6,21520,1400
21509,5,6,23000,0
21509,5,6,22630,350
21509,5,6,22260,630
21509,5,6,21890,840
21509,5,6,21520,1120
21509,5,6,1,1330
18545,5,6,21512,0
18545,5,6,21142,420
18545,5,6,20772,630
18545,5,6,20402,910
18545,5,6,19662,980
18545,5,6,19292,1050
18545,5,6,18922,1120
18545,5,6,1,1190
21518,5,6,23370,0
21518,5,6,23000,490
21518,5,6,22630,770
21518,5,6,22260,980
21518,5,6,21890,1260
21518,5,6,21520,1470
15581,5,6,21134,0
15581,5,6,20764,350
15581,5,6,20394,560
15581,5,6,20024,630
15581,5,6,19654,700
15581,5,6,18914,770
15581,5,6,18544,840
15581,5,6,17804,910
15581,5,6,17434,980
15581,5,6,17064,1050
15581,5,6,16324,1120
15581,5,6,15954,1190
15581,5,6,1,1260
22624,5,6,24853,0
22624,5,6,24483,420
22624,5,6,24113,700
22624,5,6,23743,910
22624,5,6,23373,1190
22624,5,6,23003,1400
25597,5,6,27451,0
25597,5,6,27081,350
25597,5,6,26711,560
25597,5,6,26341,840
25597,5,6,25971,1120
25597,5,6,25601,1330
22633,5,6,24853,0
22633,5,6,24483,560
22633,5,6,24113,840
22633,5,6,23743,1050
22633,5,6,23373,1330
20022,5,6,22256,0
20022,5,6,21886,490
20022,5,6,21516,770
20022,5,6,21146,980
20022,5,6,20776,1260
20022,5,6,20406,1470
20031,5,6,21886,0
20031,5,6,21516,350
20031,5,6,21146,630
20031,5,6,20776,910
20031,5,6,20406,1120
20031,5,6,20036,1190
20031,5,6,1,1260
26708,5,6,28564,0
26708,5,6,28194,490
26708,5,6,27824,770
26708,5,6,27454,980
26708,5,6,27084,1260
23744,5,6,25966,0
23744,5,6,25596,350
23744,5,6,25226,630
23744,5,6,24856,840
23744,5,6,24486,1120
23744,5,6,24116,1330
15951,5,6,21135,0
15951,5,6,20765,350
15951,5,6,20395,630
15951,5,6,19655,700
15951,5,6,19285,770
15951,5,6,18915,840
15951,5,6,18175,910
15951,5,6,17805,980
15951,5,6,17065,1050
15951,5,6,16695,1120
15951,5,6,16325,1190
15951,5,6,1,1260
12987,5,6,21127,0
12987,5,6,20757,490
12987,5,6,20017,770
12987,5,6,19647,840
12987,5,6,18907,910
12987,5,6,18537,980
12987,5,6,18167,1050
12987,5,6,17427,1120
12987,5,6,17057,1190
12987,5,6,16317,1260
12987,5,6,15947,1330
12987,5,6,15577,1400
12987,5,6,14837,1470
17063,5,6,21138,0
17063,5,6,20768,490
17063,5,6,20398,700
17063,5,6,20028,770
17063,5,6,19288,840
17063,5,6,18918,910
17063,5,6,18178,980
17063,5,6,17808,1050
17063,5,6,17438,1120
17063,5,6,1,1190
21142,5,6,22999,0
21142,5,6,22629,420
21142,5,6,22259,700
21142,5,6,21889,980
21142,5,6,21519,1190
21142,5,6,21149,1470
24115,5,6,25967,0
24115,5,6,25597,560
24115,5,6,25227,840
24115,5,6,24857,1050
24115,5,6,24487,1330
18178,5,6,21511,0
18178,5,6,21141,350
18178,5,6,20771,630
18178,5,6,20401,840
18178,5,6,20031,910
18178,5,6,19661,980
18178,5,6,18921,1050
18178,5,6,18551,1120
18178,5,6,1,1190
21504,5,6,23370,0
21504,5,6,23000,350
21504,5,6,22630,630
21504,5,6,22260,910
21504,5,6,21890,1120
21504,5,6,21520,1400
18540,5,6,21882,0
18540,5,6,21512,420
18540,5,6,21142,700
18540,5,6,20772,980
18540,5,6,20402,1190
18540,5,6,20032,1260
18540,5,6,19292,1330
18540,5,6,18922,1400
18540,5,6,18552,1470
21513,5,6,23370,0
21513,5,6,23000,420
21513,5,6,22630,630
21513,5,6,22260,910
21513,5,6,21890,1120
21513,5,6,21520,1400
18549,5,6,21512,0
18549,5,6,21142,420
18549,5,6,20772,700
18549,5,6,20402,910
18549,5,6,20032,980
18549,5,6,19292,1050
18549,5,6,18922,1120
18549,5,6,1,1190
22628,5,6,24853,0
22628,5,6,24483,420
22628,5,6,24113,630
22628,5,6,23743,910
22628,5,6,23373,1190
22628,5,6,23003,1400
14469,5,6,20761,0
14469,5,6,20021,350
14469,5,6,19281,420
14469,5,6,18911,490
14469,5,6,18171,560
14469,5,6,17801,630
14469,5,6,17061,700
14469,5,6,16691,770
14469,5,6,16321,840
14469,5,6,15581,910
14469,5,6,15211,980
14469,5,6,14471,1050
14469,5,6,1,1120
20017,5,6,21886,0
20017,5,6,21516,420
20017,5,6,21146,700
20017,5,6,20776,980
20017,5,6,20406,1190
20017,5,6,20036,1260
20017,5,6,1,1330
20026,5,6,22626,0
20026,5,6,22256,350
20026,5,6,21886,560
20026,5,6,21516,840
20026,5,6,21146,1120
20026,5,6,20776,1330
19660,5,6,21515,0
19660,5,6,21145,560
19660,5,6,20775,840
19660,5,6,20405,1050
19660,5,6,20035,1120
19660,5,6,19665,1190
19660,5,6,1,1260
20775,5,6,21888,0
20775,5,6,21518,490
20775,5,6,21148,700
20775,5,6,20778,980
20775,5,6,1,1260
17058,5,6,21878,0
17058,5,6,21508,420
17058,5,6,21138,700
17058,5,6,20768,910
17058,5,6,20398,1190
17058,5,6,19658,1260
17058,5,6,19288,1330
17058,5,6,18548,1400
17058,5,6,18178,1470
21128,5,6,22999,0
21128,5,6,22629,350
21128,5,6,22259,560
21128,5,6,21889,840
21128,5,6,21519,1120
21128,5,6,21149,1330
21137,5,6,22999,0
21137,5,6,22629,350
21137,5,6,22259,630
21137,5,6,21889,840
21137,5,6,21519,1120
21137,5,6,21149,1400
17067,5,6,21138,0
17067,5,6,20768,490
17067,5,6,20028,770
17067,5,6,19658,840
17067,5,6,19288,910
17067,5,6,18548,980
17067,5,6,18178,1050
17067,5,6,17438,1120
17067,5,6,17068,1190
17067,5,6,1,1260
18173,5,6,21881,0
18173,5,6,21511,420
18173,5,6,21141,700
18173,5,6,20771,980
18173,5,6,20401,1190
18173,5,6,20031,1260
18173,5,6,19291,1330
18173,5,6,18921,1400
18173,5,6,18181,1470
21146,5,6,22259,0
21146,5,6,21889,490
21146,5,6,21519,770
21146,5,6,21149,980
21146,5,6,1,1260
25225,5,6,27080,0
25225,5,6,26710,560
25225,5,6,26340,840
25225,5,6,25970,1050
25225,5,6,25600,1330
21508,5,6,23000,0
21508,5,6,22630,420
21508,5,6,22260,700
21508,5,6,21890,910
21508,5,6,21520,1190
21508,5,6,1,1400
26337,5,6,28193,0
26337,5,6,27823,560
26337,5,6,27453,770
26337,5,6,27083,1050
26337,5,6,26713,1260
18544,5,6,21882,0
18544,5,6,21512,490
18544,5,6,21142,770
18544,5,6,20772,980
18544,5,6,20402,1260
18544,5,6,19662,1330
18544,5,6,19292,1400
18544,5,6,18552,1470
15580,5,6,20764,0
15580,5,6,20394,560
15580,5,6,20024,630
15580,5,6,19284,700
15580,5,6,18914,770
15580,5,6,18544,840
15580,5,6,17804,910
15580,5,6,17434,980
15580,5,6,16694,1050
15580,5,6,16324,1120
15580,5,6,15954,1190
15580,5,6,1,1260
22623,5,6,24853,0
22623,5,6,24483,420
22623,5,6,24113,700
22623,5,6,23743,910
22623,5,6,23373,1190
22623,5,6,23003,1400
22257,5,6,24112,0
22257,5,6,23742,420
22257,5,6,23372,700
22257,5,6,23002,910
22257,5,6,22632,1190
22257,5,6,22262,1400
19655,5,6,22255,0
19655,5,6,21885,560
19655,5,6,21515,770
19655,5,6,21145,1050
19655,5,6,20775,1260
16691,5,6,21137,0
16691,5,6,20767,420
16691,5,6,20397,630
16691,5,6,20027,700
16691,5,6,19657,770
16691,5,6,18917,840
16691,5,6,18547,910
16691,5,6,17807,980
16691,5,6,17437,1050
16691,5,6,17067,1120
16691,5,6,1,1190
19664,5,6,21885,0
19664,5,6,21515,350
19664,5,6,21145,630
19664,5,6,20775,840
19664,5,6,20405,1120
19664,5,6,19665,1190
19664,5,6,1,1260
20770,5,6,22258,0
20770,5,6,21888,560
20770,5,6,21518,840
20770,5,6,21148,1050
20770,5,6,20778,1330
23743,5,6,25966,0
23743,5,6,25596,420
23743,5,6,25226,700
23743,5,6,24856,910
23743,5,6,24486,1190
23743,5,6,24116,1470
17062,5,6,21138,0
17062,5,6,20768,490
17062,5,6,20398,700
17062,5,6,20028,770
17062,5,6,19288,840
17062,5,6,18918,910
17062,5,6,18178,980
17062,5,6,17808,1050
17062,5,6,17438,1120
17062,5,6,1,1190
21132,5,6,22629,0
21132,5,6,22259,350
21132,5,6,21889,630
21132,5,6,21519,840
21132,5,6,21149,1120
21132,5,6,1,1400
18168,5,6,21881,0
18168,5,6,21511,420
18168,5,6,21141,630
18168,5,6,20771,910
18168,5,6,20401,1120
18168,5,6,20031,1190
18168,5,6,19661,1260
18168,5,6,18921,1330
18168,5,6,18551,1400
18168,5,6,1,1470
14098,5,6,20390,0
14098,5,6,19280,350
14098,5,6,18910,420
14098,5,6,18170,490
14098,5,6,17800,560
14098,5,6,17430,630
14098,5,6,16690,700
14098,5,6,16320,770
14098,5,6,15580,840
14098,5,6,15210,910
14098,5,6,14840,980
14098,5,6,14100,1050
14098,5,6,1,1120
21141,5,6,22629,0
21141,5,6,22259,560
21141,5,6,21889,770
21141,5,6,21519,1050
21141,5,6,21149,1260
18177,5,6,21511,0
18177,5,6,21141,350
18177,5,6,20771,630
18177,5,6,20401,840
18177,5,6,20031,910
18177,5,6,19291,980
18177,5,6,18921,1050
18177,5,6,18551,1120
18177,5,6,1,1190
18539,5,6,21882,0
18539,5,6,21512,420
18539,5,6,21142,700
18539,5,6,20772,980
18539,5,6,20402,1190
18539,5,6,20032,1260
18539,5,6,19292,1330
18539,5,6,18922,1400
18539,5,6,18552,1470
15584,5,6,21874,0
15584,5,6,21504,490
15584,5,6,21134,770
15584,5,6,20764,1050
15584,5,6,20394,1260
15584,5,6,20024,1330
15584,5,6,19284,1400
15584,5,6,18914,1470
22252,5,6,24482,0
22252,5,6,24112,420
22252,5,6,23742,700
22252,5,6,23372,910
22252,5,6,23002,1190
22252,5,6,22632,1400
22261,5,6,23742,0
22261,5,6,23372,350
22261,5,6,23002,630
22261,5,6,22632,840
22261,5,6,22262,1120
22261,5,6,1,1400
19650,5,6,22255,0
19650,5,6,21885,420
19650,5,6,21515,700
19650,5,6,21145,910
19650,5,6,20775,1190
19650,5,6,20035,1470
19659,5,6,21515,0
19659,5,6,21145,560
19659,5,6,20775,840
19659,5,6,20405,1050
19659,5,6,20035,1120
19659,5,6,19665,1190
19659,5,6,1,1260
20765,5,6,22258,0
20765,5,6,21888,490
20765,5,6,21518,770
20765,5,6,21148,1050
20765,5,6,20778,1260
16695,5,6,21137,0
16695,5,6,20767,420
16695,5,6,20397,700
16695,5,6,19657,770
16695,5,6,19287,840
16695,5,6,18547,910
16695,5,6,18177,980
16695,5,6,17807,1050
16695,5,6,17067,1120
16695,5,6,16697,1190
16695,5,6,1,1260
20774,5,6,21888,0
20774,5,6,21518,490
20774,5,6,21148,700
20774,5,6,20778,980
20774,5,6,1,1190
21127,5,6,22999,0
21127,5,6,22629,350
21127,5,6,22259,630
21127,5,6,21889,840
21127,5,6,21519,1120
21127,5,6,21149,1400
17057,5,6,21878,0
17057,5,6,21508,420
17057,5,6,21138,700
17057,5,6,20768,910
17057,5,6,20028,1190
17057,5,6,19658,1260
17057,5,6,19288,1330
17057,5,6,18548,1400
17057,5,6,18178,1470
21136,5,6,22629,0
21136,5,6,22259,420
21136,5,6,21889,700
21136,5,6,21519,910
21136,5,6,21149,1190
21136,5,6,1,1470
17066,5,6,21138,0
17066,5,6,20768,490
17066,5,6,20028,770
17066,5,6,19658,840
17066,5,6,18918,910
17066,5,6,18548,980
17066,5,6,18178,1050
17066,5,6,17438,1120
17066,5,6,17068,1190
17066,5,6,1,1260
18172,5,6,21881,0
18172,5,6,21511,420
18172,5,6,21141,700
18172,5,6,20771,980
18172,5,6,20401,1190
18172,5,6,20031,1260
18172,5,6,19291,1330
18172,5,6,18921,1400
18172,5,6,18181,1470
18181,5,6,22251,0
18181,5,6,21881,560
18181,5,6,21511,770
18181,5,6,21141,1050
18181,5,6,20771,1330
23372,5,6,25595,0
23372,5,6,25225,420
23372,5,6,24855,700
23372,5,6,24485,910
23372,5,6,24115,1190
23372,5,6,23745,1470
22247,5,6,24482,0
22247,5,6,24112,420
22247,5,6,23742,700
22247,5,6,23372,910
22247,5,6,23002,1190
22247,5,6,22632,1400
19283,5,6,22254,0
19283,5,6,21884,490
19283,5,6,21514,700
19283,5,6,21144,980
19283,5,6,20774,1190
19283,5,6,20404,1470
15213,5,6,21873,0
15213,5,6,21503,490
15213,5,6,21133,700
15213,5,6,20763,980
15213,5,6,20393,1190
15213,5,6,20023,1260
15213,5,6,19653,1330
15213,5,6,18913,1400
15213,5,6,18543,1470
22256,5,6,24482,0
22256,5,6,24112,420
22256,5,6,23742,630
22256,5,6,23372,910
22256,5,6,23002,1190
22256,5,6,22632,1400
19292,5,6,21514,0
19292,5,6,21144,560
19292,5,6,20774,770
19292,5,6,20404,1050
19292,5,6,19664,1120
19292,5,6,19294,1190
19292,5,6,1,1260
19654,5,6,22255,0
19654,5,6,21885,560
19654,5,6,21515,770
19654,5,6,21145,1050
19654,5,6,20775,1260
16690,5,6,21137,0
16690,5,6,20767,420
16690,5,6,20397,630
16690,5,6,20027,700
16690,5,6,19657,770
16690,5,6,18917,840
16690,5,6,18547,910
16690,5,6,17807,980
16690,5,6,17437,1050
16690,5,6,17067,1120
16690,5,6,1,1190
20760,5,6,22258,0
20760,5,6,21888,420
20760,5,6,21518,700
20760,5,6,21148,910
20760,5,6,20778,1190
20760,5,6,1,1400
19663,5,6,21885,0
19663,5,6,21515,350
19663,5,6,21145,630
19663,5,6,20775,840
19663,5,6,20405,1120
19663,5,6,19665,1190
19663,5,6,1,1260
20769,5,6,22258,0
20769,5,6,21888,560
20769,5,6,21518,840
20769,5,6,21148,1050
20769,5,6,20778,1330
23742,5,6,25596,0
23742,5,6,25226,490
23742,5,6,24856,700
23742,5,6,24486,980
23742,5,6,24116,1260
23742,5,6,23746,1470
20778,5,6,22998,0
20778,5,6,22628,420
20778,5,6,22258,630
20778,5,6,21888,910
20778,5,6,21518,1120
20778,5,6,21148,1400
24854,5,6,26709,0
24854,5,6,26339,560
24854,5,6,25969,840
24854,5,6,25599,1050
24854,5,6,25229,1330
17061,5,6,21138,0
17061,5,6,20768,490
17061,5,6,20398,700
17061,5,6,20028,770
17061,5,6,19288,840
17061,5,6,18918,910
17061,5,6,18178,980
17061,5,6,17808,1050
17061,5,6,17438,1120
17061,5,6,1,1190
21890,5,6,23001,0
21890,5,6,22631,490
21890,5,6,22261,770
21890,5,6,21891,980
21890,5,6,1,1260
21131,5,6,22999,0
21131,5,6,22629,350
21131,5,6,22259,630
21131,5,6,21889,840
21131,5,6,21519,1120
21131,5,6,21149,1330
18167,5,6,21881,0
18167,5,6,21511,490
18167,5,6,21141,700
18167,5,6,20771,980
18167,5,6,20031,1260
18167,5,6,19661,1330
18167,5,6,18921,1400
18167,5,6,18551,1470
14097,5,6,20020,0
14097,5,6,18910,350
14097,5,6,18540,420
14097,5,6,18170,490
14097,5,6,17430,560
14097,5,6,17060,630
14097,5,6,16690,700
14097,5,6,15950,770
14097,5,6,15580,840
14097,5,6,14840,910
14097,5,6,14470,980
14097,5,6,14100,1050
14097,5,6,1,1120
25969,5,6,27822,0
25969,5,6,27452,560
25969,5,6,27082,770
25969,5,6,26712,1050
25969,5,6,26342,1260
18176,5,6,21511,0
18176,5,6,21141,350
18176,5,6,20771,630
18176,5,6,20401,840
18176,5,6,20031,910
18176,5,6,19291,980
18176,5,6,18921,1050
18176,5,6,18551,1120
18176,5,6,1,1190
17810,5,6,22250,0
17810,5,6,21880,490
17810,5,6,21510,770
17810,5,6,21140,980
17810,5,6,20770,1260
17810,5,6,20400,1470
19278,5,6,22254,0
19278,5,6,21884,420
19278,5,6,21514,630
19278,5,6,21144,910
19278,5,6,20774,1120
19278,5,6,20404,1400
19278,5,6,19664,1470
15208,5,6,20763,0
15208,5,6,20023,560
15208,5,6,19653,630
15208,5,6,18913,700
15208,5,6,18543,770
15208,5,6,18173,840
15208,5,6,17433,910
15208,5,6,17063,980
15208,5,6,16323,1050
15208,5,6,15953,1120
15208,5,6,15583,1190
15208,5,6,1,1260
22251,5,6,24482,0
22251,5,6,24112,420
22251,5,6,23742,700
22251,5,6,23372,910
22251,5,6,23002,1190
22251,5,6,22632,1400
19287,5,6,21514,0
19287,5,6,21144,490
19287,5,6,20774,770
19287,5,6,20404,980
19287,5,6,20034,1050
19287,5,6,19664,1120
19287,5,6,1,1190
22260,5,6,24112,0
22260,5,6,23742,560
22260,5,6,23372,840
22260,5,6,23002,1050
22260,5,6,22632,1330
16323,5,6,21136,0
16323,5,6,20766,350
16323,5,6,20396,630
16323,5,6,19656,700
16323,5,6,19286,770
16323,5,6,18546,840
16323,5,6,18176,910
16323,5,6,17806,980
16323,5,6,17066,1050
16323,5,6,16696,1120
16323,5,6,1,1190
19658,5,6,21515,0
19658,5,6,21145,560
19658,5,6,20775,840
19658,5,6,20405,1050
19658,5,6,20035,1120
19658,5,6,19665,1190
19658,5,6,1,1260
24487,5,6,25968,0
24487,5,6,25598,350
24487,5,6,25228,630
24487,5,6,24858,840
24487,5,6,24488,1120
24487,5,6,1,1330
20764,5,6,22628,0
20764,5,6,22258,350
20764,5,6,21888,560
20764,5,6,21518,840
20764,5,6,21148,1120
20764,5,6,20778,1330
16694,5,6,21137,0
16694,5,6,20767,420
16694,5,6,20027,700
16694,5,6,19657,770
16694,5,6,18917,840
16694,5,6,18547,910
16694,5,6,18177,980
16694,5,6,17437,1050
16694,5,6,17067,1120
16694,5,6,1,1190
20773,5,6,21888,0
20773,5,6,21518,490
20773,5,6,21148,700
20773,5,6,20778,980
20773,5,6,1,1260
20407,5,6,22997,0
20407,5,6,22627,350
20407,5,6,22257,630
20407,5,6,21887,840
20407,5,6,21517,1120
20407,5,6,21147,1400
21885,5,6,23371,0
21885,5,6,23001,490
21885,5,6,22631,700
21885,5,6,22261,980
21885,5,6,21891,1190
21885,5,6,1,1470
24858,5,6,25969,0
24858,5,6,25599,560
24858,5,6,25229,840
24858,5,6,24859,1050
24858,5,6,1,1330
17805,5,6,21140,0
17805,5,6,20770,560
17805,5,6,20030,840
17805,5,6,19660,910
17805,5,6,18920,980
17805,5,6,18550,1050
17805,5,6,18180,1120
17805,5,6,1,1190
14841,5,6,20762,0
14841,5,6,20392,420
14841,5,6,20022,490
14841,5,6,19282,560
14841,5,6,18912,630
14841,5,6,18542,700
14841,5,6,17802,770
14841,5,6,17432,840
14841,5,6,16692,910
14841,5,6,16322,980
14841,5,6,15952,1050
14841,5,6,15212,1120
14841,5,6,14842,1190
14841,5,6,1,1260
23371,5,6,25225,0
23371,5,6,24855,490
23371,5,6,24485,700
23371,5,6,24115,980
23371,5,6,23745,1260
23371,5,6,23375,1470
19282,5,6,21884,0
19282,5,6,21514,560
19282,5,6,21144,770
19282,5,6,20774,1050
19282,5,6,20034,1330
19282,5,6,19664,1400
19282,5,6,1,1470
15212,5,6,20763,0
15212,5,6,20393,560
15212,5,6,20023,630
15212,5,6,19283,700
15212,5,6,18913,770
15212,5,6,18173,840
15212,5,6,17803,910
15212,5,6,17433,980
15212,5,6,16693,1050
15212,5,6,16323,1120
15212,5,6,15583,1190
15212,5,6,15213,1260
15212,5,6,1,1330
22255,5,6,24482,0
22255,5,6,24112,420
22255,5,6,23742,630
22255,5,6,23372,910
22255,5,6,23002,1120
22255,5,6,22632,1400
16318,5,6,21506,0
16318,5,6,21136,420
16318,5,6,20766,700
16318,5,6,20026,980
16318,5,6,19656,1050
16318,5,6,18916,1120
16318,5,6,18546,1190
16318,5,6,18176,1260
16318,5,6,17436,1330
16318,5,6,17066,1400
16318,5,6,16326,1470
19291,5,6,21514,0
19291,5,6,21144,490
19291,5,6,20774,770
19291,5,6,20034,1050
19291,5,6,19664,1120
19291,5,6,1,1190
24482,5,6,26708,0
24482,5,6,26338,420
24482,5,6,25968,630
24482,5,6,25598,910
24482,5,6,25228,1120
24482,5,6,24858,1400
20402,5,6,21887,0
20402,5,6,21517,420
20402,5,6,21147,700
20402,5,6,20777,910
20402,5,6,20407,1190
20402,5,6,1,1260
21880,5,6,23741,0
21880,5,6,23371,350
21880,5,6,23001,630
21880,5,6,22631,840
21880,5,6,22261,1120
21880,5,6,21891,1330
24853,5,6,27079,0
24853,5,6,26709,350
24853,5,6,26339,630
24853,5,6,25969,840
24853,5,6,25599,1120
24853,5,6,25229,1330
21889,5,6,23741,0
21889,5,6,23371,490
21889,5,6,23001,700
21889,5,6,22631,980
21889,5,6,22261,1260
21889,5,6,21891,1470
25968,5,6,27452,0
25968,5,6,27082,560
25968,5,6,26712,840
25968,5,6,26342,1050
25968,5,6,25972,1330
17800,5,6,21880,0
17800,5,6,21510,560
17800,5,6,21140,770
17800,5,6,20770,1050
17800,5,6,20400,1260
17800,5,6,20030,1330
17800,5,6,19290,1400
17800,5,6,18920,1470
17809,5,6,21510,0
17809,5,6,21140,350
17809,5,6,20770,630
17809,5,6,20400,840
17809,5,6,20030,910
17809,5,6,19290,980
17809,5,6,18920,1050
17809,5,6,18180,1120
17809,5,6,17810,1190
17809,5,6,1,1260
23375,5,6,25595,0
23375,5,6,25225,560
23375,5,6,24855,770
23375,5,6,24485,1050
23375,5,6,24115,1330
19277,5,6,21884,0
19277,5,6,21514,420
19277,5,6,21144,700
19277,5,6,20774,980
19277,5,6,20404,1190
19277,5,6,20034,1260
19277,5,6,19294,1330
19277,5,6,1,1400
15207,5,6,20763,0
15207,5,6,20023,560
15207,5,6,19653,630
15207,5,6,18913,700
15207,5,6,18543,770
15207,5,6,18173,840
15207,5,6,17433,910
15207,5,6,17063,980
15207,5,6,16323,1050
15207,5,6,15953,1120
15207,5,6,15583,1190
15207,5,6,1,1260
22250,5,6,24482,0
22250,5,6,24112,420
22250,5,6,23742,700
22250,5,6,23372,910
22250,5,6,23002,1190
22250,5,6,22632,1400
27079,5,6,28935,0
27079,5,6,28565,490
27079,5,6,28195,770
27079,5,6,27825,1050
27079,5,6,27455,1260
19286,5,6,22254,0
19286,5,6,21884,350
19286,5,6,21514,630
19286,5,6,21144,840
19286,5,6,20774,1120
19286,5,6,20404,1330
19286,5,6,20034,1400
19286,5,6,19294,1470
16322,5,6,21136,0
16322,5,6,20766,350
16322,5,6,20026,630
16322,5,6,19656,700
16322,5,6,19286,770
16322,5,6,18546,840
16322,5,6,18176,910
16322,5,6,17436,980
16322,5,6,17066,1050
16322,5,6,16696,1120
16322,5,6,1,1190
24486,5,6,26338,0
24486,5,6,25968,560
24486,5,6,25598,840
24486,5,6,25228,1050
24486,5,6,24858,1330
20388,5,6,21887,0
20388,5,6,21517,490
20388,5,6,21147,770
20388,5,6,20777,1050
20388,5,6,20407,1260
20388,5,6,1,1330
20397,5,6,22627,0
20397,5,6,22257,420
20397,5,6,21887,630
20397,5,6,21517,910
20397,5,6,21147,1190
20397,5,6,20777,1400
17433,5,6,21139,0
17433,5,6,20769,490
17433,5,6,20399,770
17433,5,6,19659,840
17433,5,6,19289,910
17433,5,6,18549,980
17433,5,6,18179,1050
17433,5,6,17809,1120
17433,5,6,1,1190
20406,5,6,21887,0
20406,5,6,21517,490
20406,5,6,21147,700
20406,5,6,20777,980
20406,5,6,20407,1190
20406,5,6,1,1260
21884,5,6,23001,0
21884,5,6,22631,560
21884,5,6,22261,840
21884,5,6,21891,1050
21884,5,6,1,1330
24857,5,6,26709,0
24857,5,6,26339,560
24857,5,6,25969,770
24857,5,6,25599,1050
24857,5,6,25229,1260
17804,5,6,21140,0
17804,5,6,20770,560
17804,5,6,20030,840
17804,5,6,19660,910
17804,5,6,18920,980
17804,5,6,18550,1050
17804,5,6,18180,1120
17804,5,6,1,1190
14840,5,6,20762,0
14840,5,6,20392,420
14840,5,6,20022,490
14840,5,6,19652,560
14840,5,6,18912,630
14840,5,6,18542,700
14840,5,6,17802,770
14840,5,6,17432,840
14840,5,6,17062,910
14840,5,6,16322,980
14840,5,6,15952,1050
14840,5,6,15212,1120
14840,5,6,14842,1190
14840,5,6,1,1260
23004,5,6,25224,0
23004,5,6,24854,560
23004,5,6,24484,840
23004,5,6,24114,1050
23004,5,6,23744,1330
19281,5,6,21884,0
19281,5,6,21514,560
19281,5,6,21144,770
19281,5,6,20774,1050
19281,5,6,20034,1330
19281,5,6,19664,1400
19281,5,6,19294,1470
15211,5,6,20763,0
15211,5,6,20393,560
15211,5,6,20023,630
15211,5,6,19283,700
15211,5,6,18913,770
15211,5,6,18173,840
15211,5,6,17803,910
15211,5,6,17433,980
15211,5,6,16693,1050
15211,5,6,16323,1120
15211,5,6,15583,1190
15211,5,6,15213,1260
15211,5,6,1,1330
16317,5,6,21506,0
16317,5,6,21136,420
16317,5,6,20766,700
16317,5,6,20026,980
16317,5,6,19656,1050
16317,5,6,18916,1120
16317,5,6,18546,1190
16317,5,6,18176,1260
16317,5,6,17436,1330
16317,5,6,17066,1400
16317,5,6,16326,1470
16326,5,6,21876,0
16326,5,6,21506,560
16326,5,6,21136,770
16326,5,6,20766,1050
16326,5,6,20026,1330
16326,5,6,19656,1400
16326,5,6,18916,1470
18915,5,6,21883,0
18915,5,6,21513,560
18915,5,6,21143,770
18915,5,6,20773,1050
18915,5,6,20033,1330
18915,5,6,19663,1400
18915,5,6,18923,1470
20392,5,6,22257,0
20392,5,6,21887,560
20392,5,6,21517,840
20392,5,6,21147,1050
20392,5,6,20777,1330
17428,5,6,21879,0
17428,5,6,21509,490
17428,5,6,21139,700
17428,5,6,20769,980
17428,5,6,20399,1190
17428,5,6,20029,1260
17428,5,6,19659,1330
17428,5,6,18919,1400
17428,5,6,18549,1470
13358,5,6,21498,0
13358,5,6,21128,350
13358,5,6,20758,490
13358,5,6,20388,770
13358,5,6,19648,840
13358,5,6,19278,910
13358,5,6,18908,980
13358,5,6,18168,1050
13358,5,6,17798,1120
13358,5,6,17058,1190
13358,5,6,16688,1260
13358,5,6,16318,1330
13358,5,6,15578,1400
13358,5,6,15208,1470
20401,5,6,21887,0
20401,5,6,21517,420
20401,5,6,21147,700
20401,5,6,20777,910
20401,5,6,20407,1190
20401,5,6,1,1260
21879,5,6,23741,0
21879,5,6,23371,350
21879,5,6,23001,630
21879,5,6,22631,840
21879,5,6,22261,1120
21879,5,6,21891,1400
17437,5,6,21139,0
17437,5,6,20769,560
17437,5,6,20399,770
17437,5,6,20029,840
17437,5,6,19289,910
17437,5,6,18919,980
17437,5,6,18549,1050
17437,5,6,17809,1120
17437,5,6,17439,1190
17437,5,6,1,1260
21888,5,6,23741,0
21888,5,6,23371,350
21888,5,6,23001,630
21888,5,6,22631,910
21888,5,6,22261,1120
21888,5,6,21891,1400
17799,5,6,21880,0
17799,5,6,21510,490
17799,5,6,21140,770
17799,5,6,20770,1050
17799,5,6,20400,1260
17799,5,6,20030,1330
17799,5,6,19290,1400
17799,5,6,18920,1470
17808,5,6,21510,0
17808,5,6,21140,350
17808,5,6,20770,560
17808,5,6,20400,840
17808,5,6,19660,910
17808,5,6,19290,980
17808,5,6,18920,1050
17808,5,6,18180,1120
17808,5,6,17810,1190
17808,5,6,1,1260
22999,5,6,25224,0
22999,5,6,24854,420
22999,5,6,24484,700
22999,5,6,24114,910
22999,5,6,23744,1190
22999,5,6,23374,1400
20035,5,6,21886,0
20035,5,6,21516,420
20035,5,6,21146,630
20035,5,6,20776,910
20035,5,6,20036,1190
20035,5,6,1,1260
18910,5,6,21883,0
18910,5,6,21513,490
18910,5,6,21143,770
18910,5,6,20773,980
18910,5,6,20403,1260
18910,5,6,19663,1330
18910,5,6,19293,1400
18910,5,6,18923,1470
18919,5,6,21513,0
18919,5,6,21143,490
18919,5,6,20773,700
18919,5,6,20033,980
18919,5,6,19663,1050
18919,5,6,19293,1120
18919,5,6,1,1190
15955,5,6,21875,0
15955,5,6,21505,560
15955,5,6,21135,840
15955,5,6,20765,1050
15955,5,6,20395,1330
15955,5,6,19655,1400
15955,5,6,19285,1470
24485,5,6,26708,0
24485,5,6,26338,420
24485,5,6,25968,630
24485,5,6,25598,910
24485,5,6,25228,1120
24485,5,6,24858,1400
20396,5,6,22627,0
20396,5,6,22257,420
20396,5,6,21887,630
20396,5,6,21517,910
20396,5,6,21147,1120
20396,5,6,20777,1400
17432,5,6,21139,0
17432,5,6,20769,490
17432,5,6,20399,770
17432,5,6,19659,840
17432,5,6,19289,910
17432,5,6,18549,980
17432,5,6,18179,1050
17432,5,6,17809,1120
17432,5,6,1,1190
21874,5,6,23741,0
21874,5,6,23371,420
21874,5,6,23001,630
21874,5,6,22631,910
21874,5,6,22261,1120
21874,5,6,21891,1400
20405,5,6,21887,0
20405,5,6,21517,490
20405,5,6,21147,700
20405,5,6,20777,980
20405,5,6,20407,1190
20405,5,6,1,1260
21517,5,6,23370,0
21517,5,6,23000,490
21517,5,6,22630,700
21517,5,6,22260,980
21517,5,6,21890,1260
21517,5,6,21520,1470
25596,5,6,27451,0
25596,5,6,27081,490
25596,5,6,26711,770
25596,5,6,26341,1050
25596,5,6,25971,1260
22632,5,6,24113,0
22632,5,6,23743,350
22632,5,6,23373,630
22632,5,6,23003,840
22632,5,6,22633,1120
22632,5,6,1,1400
14839,5,6,20762,0
14839,5,6,20392,420
14839,5,6,19652,490
14839,5,6,19282,560
14839,5,6,18912,630
14839,5,6,18172,700
14839,5,6,17802,770
14839,5,6,17062,840
14839,5,6,16692,910
14839,5,6,16322,980
14839,5,6,15582,1050
14839,5,6,15212,1120
14839,5,6,1,1190
20021,5,6,22256,0
20021,5,6,21886,490
20021,5,6,21516,770
20021,5,6,21146,980
20021,5,6,20776,1260
20021,5,6,20406,1470
20030,5,6,21886,0
20030,5,6,21516,350
20030,5,6,21146,630
20030,5,6,20776,910
20030,5,6,20406,1120
20030,5,6,20036,1190
20030,5,6,1,1260
23003,5,6,24484,0
23003,5,6,24114,420
23003,5,6,23744,630
23003,5,6,23374,910
23003,5,6,23004,1120
23003,5,6,1,1400
18914,5,6,21883,0
18914,5,6,21513,560
18914,5,6,21143,770
18914,5,6,20773,1050
18914,5,6,20033,1330
18914,5,6,19663,1400
18914,5,6,18923,1470
15950,5,6,21135,0
15950,5,6,20765,350
15950,5,6,20395,630
15950,5,6,19655,700
15950,5,6,19285,770
15950,5,6,18915,840
15950,5,6,18175,910
15950,5,6,17805,980
15950,5,6,17065,1050
15950,5,6,16695,1120
15950,5,6,16325,1190
15950,5,6,1,1260
18923,5,6,22623,0
18923,5,6,22253,420
18923,5,6,21883,630
18923,5,6,21513,910
18923,5,6,21143,1120
18923,5,6,20773,1400
24114,5,6,26337,0
24114,5,6,25967,420
24114,5,6,25597,630
24114,5,6,25227,910
24114,5,6,24857,1120
24114,5,6,24487,1400
20391,5,6,22257,0
20391,5,6,21887,560
20391,5,6,21517,840
20391,5,6,21147,1050
20391,5,6,20777,1330
17427,5,6,21509,0
17427,5,6,21139,560
17427,5,6,20769,770
17427,5,6,20399,1050
17427,5,6,19659,1120
17427,5,6,19289,1190
17427,5,6,18919,1260
17427,5,6,18179,1330
17427,5,6,17809,1400
17427,5,6,1,1470
20400,5,6,21887,0
20400,5,6,21517,420
20400,5,6,21147,700
20400,5,6,20777,910
20400,5,6,20407,1190
20400,5,6,1,1260
25229,5,6,26340,0
25229,5,6,25970,560
25229,5,6,25600,840
25229,5,6,25230,1050
25229,5,6,1,1330
17436,5,6,21139,0
17436,5,6,20769,490
17436,5,6,20399,770
17436,5,6,19659,840
17436,5,6,19289,910
17436,5,6,18919,980
17436,5,6,18179,1050
17436,5,6,17809,1120
17436,5,6,1,1190
21512,5,6,23370,0
21512,5,6,23000,420
21512,5,6,22630,630
21512,5,6,22260,910
21512,5,6,21890,1120
21512,5,6,21520,1400
18548,5,6,21512,0
18548,5,6,21142,420
18548,5,6,20772,630
18548,5,6,20402,910
18548,5,6,19662,980
18548,5,6,19292,1050
18548,5,6,18922,1120
18548,5,6,1,1190
22627,5,6,24853,0
22627,5,6,24483,420
22627,5,6,24113,700
22627,5,6,23743,910
22627,5,6,23373,1190
22627,5,6,23003,1400
14468,5,6,20391,0
14468,5,6,19651,350
14468,5,6,18911,420
14468,5,6,18541,490
14468,5,6,18171,560
14468,5,6,17431,630
14468,5,6,17061,700
14468,5,6,16321,770
14468,5,6,15951,840
14468,5,6,15581,910
14468,5,6,14841,980
14468,5,6,14471,1050
14468,5,6,1,1120
20025,5,6,22626,0
20025,5,6,22256,350
20025,5,6,21886,560
20025,5,6,21516,840
20025,5,6,21146,1120
20025,5,6,20776,1330
22998,5,6,25224,0
22998,5,6,24854,490
22998,5,6,24484,700
22998,5,6,24114,980
22998,5,6,23744,1190
22998,5,6,23374,1470
20034,5,6,21886,0
20034,5,6,21516,420
20034,5,6,21146,630
20034,5,6,20776,910
20034,5,6,20036,1190
20034,5,6,1,1260
18909,5,6,21883,0
18909,5,6,21513,560
18909,5,6,21143,840
18909,5,6,20773,1050
18909,5,6,20403,1330
18909,5,6,19663,1400
18909,5,6,19293,1470
18918,5,6,21513,0
18918,5,6,21143,490
18918,5,6,20773,700
18918,5,6,20033,980
18918,5,6,19663,1050
18918,5,6,19293,1120
18918,5,6,1,1190
15954,5,6,21135,0
15954,5,6,20765,420
15954,5,6,20025,700
15954,5,6,19655,770
15954,5,6,18915,840
15954,5,6,18545,910
15954,5,6,18175,980
15954,5,6,17435,1050
15954,5,6,17065,1120
15954,5,6,16325,1190
15954,5,6,15955,1260
15954,5,6,1,1330
21145,5,6,22999,0
21145,5,6,22629,350
21145,5,6,22259,560
21145,5,6,21889,840
21145,5,6,21519,1120
21145,5,6,21149,1330
25224,5,6,27080,0
25224,5,6,26710,560
25224,5,6,26340,840
25224,5,6,25970,1050
25224,5,6,25600,1330
17431,5,6,21879,0
17431,5,6,21509,350
17431,5,6,21139,630
17431,5,6,20769,840
17431,5,6,20029,1120
17431,5,6,19659,1190
17431,5,6,19289,1260
17431,5,6,18549,1330
17431,5,6,18179,1400
17431,5,6,17439,1470
21498,5,6,23370,0
21498,5,6,23000,420
21498,5,6,22630,630
21498,5,6,22260,910
21498,5,6,21890,1120
21498,5,6,21520,1400
21507,5,6,23000,0
21507,5,6,22630,420
21507,5,6,22260,630
21507,5,6,21890,910
21507,5,6,21520,1120
21507,5,6,1,1400
18543,5,6,21882,0
18543,5,6,21512,490
18543,5,6,21142,770
18543,5,6,20772,980
18543,5,6,20402,1260
18543,5,6,19662,1330
18543,5,6,19292,1400
18543,5,6,18552,1470
21516,5,6,23000,0
21516,5,6,22630,560
21516,5,6,22260,840
21516,5,6,21890,1050
21516,5,6,21520,1330
18552,5,6,22622,0
18552,5,6,22252,350
18552,5,6,21882,630
18552,5,6,21512,840
18552,5,6,21142,1120
18552,5,6,20772,1330
22622,5,6,24853,0
22622,5,6,24483,420
22622,5,6,24113,700
22622,5,6,23743,910
22622,5,6,23373,1190
22622,5,6,23003,1400
25595,5,6,27451,0
25595,5,6,27081,560
25595,5,6,26711,770
25595,5,6,26341,1050
25595,5,6,25971,1330
22631,5,6,24483,0
22631,5,6,24113,560
22631,5,6,23743,840
22631,5,6,23373,1050
22631,5,6,23003,1330
20020,5,6,22256,0
20020,5,6,21886,490
20020,5,6,21516,770
20020,5,6,21146,980
20020,5,6,20776,1260
20029,5,6,21886,0
20029,5,6,21516,350
20029,5,6,21146,630
20029,5,6,20776,910
20029,5,6,20406,1120
20029,5,6,20036,1190
20029,5,6,1,1260
18913,5,6,22253,0
18913,5,6,21883,420
18913,5,6,21513,700
18913,5,6,21143,910
18913,5,6,20773,1190
18913,5,6,20403,1400
18913,5,6,20033,1470
15949,5,6,21135,0
15949,5,6,20765,350
15949,5,6,20395,630
15949,5,6,19655,700
15949,5,6,19285,770
15949,5,6,18915,840
15949,5,6,18175,910
15949,5,6,17805,980
15949,5,6,17065,1050
15949,5,6,16695,1120
15949,5,6,16325,1190
15949,5,6,1,1260
21140,5,6,22629,0
21140,5,6,22259,560
21140,5,6,21889,770
21140,5,6,21519,1050
21140,5,6,21149,1260
24113,5,6,25967,0
24113,5,6,25597,420
24113,5,6,25227,700
24113,5,6,24857,910
24113,5,6,24487,1190
24113,5,6,24117,1400
21149,5,6,23369,0
21149,5,6,22999,420
21149,5,6,22629,700
21149,5,6,22259,910
21149,5,6,21889,1190
21149,5,6,21519,1400
25228,5,6,27080,0
25228,5,6,26710,490
25228,5,6,26340,770
25228,5,6,25970,1050
25228,5,6,25600,1260
21502,5,6,23370,0
21502,5,6,23000,420
21502,5,6,22630,630
21502,5,6,22260,910
21502,5,6,21890,1120
21502,5,6,21520,1400
18538,5,6,21882,0
18538,5,6,21512,560
18538,5,6,21142,770
18538,5,6,20772,1050
18538,5,6,20402,1260
18538,5,6,20032,1330
18538,5,6,19292,1400
18538,5,6,18922,1470
21511,5,6,23000,0
21511,5,6,22630,490
21511,5,6,22260,700
21511,5,6,21890,980
21511,5,6,21520,1190
21511,5,6,1,1470
18547,5,6,21512,0
18547,5,6,21142,420
18547,5,6,20772,630
18547,5,6,20402,910
18547,5,6,19662,980
18547,5,6,19292,1050
18547,5,6,18922,1120
18547,5,6,1,1190
21520,5,6,23740,0
21520,5,6,23370,420
21520,5,6,23000,700
21520,5,6,22630,980
21520,5,6,22260,1190
21520,5,6,21890,1470
15583,5,6,21134,0
15583,5,6,20764,350
15583,5,6,20394,630
15583,5,6,19654,700
15583,5,6,19284,770
15583,5,6,18544,840
15583,5,6,18174,910
15583,5,6,17804,980
15583,5,6,17064,1050
15583,5,6,16694,1120
15583,5,6,15954,1190
15583,5,6,15584,1260
15583,5,6,1,1330
22626,5,6,24853,0
22626,5,6,24483,420
22626,5,6,24113,700
22626,5,6,23743,910
22626,5,6,23373,1190
22626,5,6,23003,1400
20024,5,6,22256,0
20024,5,6,21886,420
20024,5,6,21516,700
20024,5,6,21146,910
20024,5,6,20776,1190
20024,5,6,20406,1400
20024,5,6,20036,1470
18908,5,6,21883,0
18908,5,6,21513,560
18908,5,6,21143,840
18908,5,6,20773,1050
18908,5,6,20403,1330
18908,5,6,19663,1400
18908,5,6,19293,1470
23746,5,6,25966,0
23746,5,6,25596,560
23746,5,6,25226,840
23746,5,6,24856,1050
23746,5,6,24486,1330
21135,5,6,22629,0
21135,5,6,22259,420
21135,5,6,21889,700
21135,5,6,21519,910
21135,5,6,21149,1190
21135,5,6,1,1470
17065,5,6,21138,0
17065,5,6,20768,490
17065,5,6,20398,700
17065,5,6,20028,770
17065,5,6,19288,840
17065,5,6,18918,910
17065,5,6,18548,980
17065,5,6,17808,1050
17065,5,6,17438,1120
17065,5,6,1,1190
18171,5,6,21881,0
18171,5,6,21511,560
18171,5,6,21141,840
18171,5,6,20771,1050
18171,5,6,20401,1330
18171,5,6,19661,1400
18171,5,6,19291,1470
21144,5,6,22999,0
21144,5,6,22629,350
21144,5,6,22259,560
21144,5,6,21889,840
21144,5,6,21519,1120
21144,5,6,21149,1330
24117,5,6,26337,0
24117,5,6,25967,560
24117,5,6,25597,770
24117,5,6,25227,1050
24117,5,6,24857,1260
18180,5,6,21511,0
18180,5,6,21141,420
18180,5,6,20771,630
18180,5,6,20401,910
18180,5,6,19661,980
18180,5,6,19291,1050
18180,5,6,18551,1120
18180,5,6,18181,1190
18180,5,6,1,1260
21506,5,6,23370,0
21506,5,6,23000,350
21506,5,6,22630,630
21506,5,6,22260,910
21506,5,6,21890,1120
21506,5,6,21520,1400
18542,5,6,22252,0
18542,5,6,21882,350
18542,5,6,21512,630
18542,5,6,21142,910
18542,5,6,20772,1120
18542,5,6,20032,1400
18542,5,6,19662,1470
21515,5,6,23000,0
21515,5,6,22630,560
21515,5,6,22260,840
21515,5,6,21890,1050
21515,5,6,21520,1330
15578,5,6,20764,0
15578,5,6,20394,560
15578,5,6,20024,630
15578,5,6,19284,700
15578,5,6,18914,770
15578,5,6,18544,840
15578,5,6,17804,910
15578,5,6,17434,980
15578,5,6,16694,1050
15578,5,6,16324,1120
15578,5,6,15954,1190
15578,5,6,1,1260
18551,5,6,21512,0
18551,5,6,21142,420
18551,5,6,20772,700
18551,5,6,20032,980
18551,5,6,19662,1050
18551,5,6,18922,1120
18551,5,6,18552,1190
18551,5,6,1,1260
22630,5,6,24853,0
22630,5,6,24483,420
22630,5,6,24113,700
22630,5,6,23743,910
22630,5,6,23373,1190
22630,5,6,23003,1400
14471,5,6,21501,0
14471,5,6,21131,420
14471,5,6,20761,700
14471,5,6,20391,910
14471,5,6,20021,980
14471,5,6,19281,1050
14471,5,6,18911,1120
14471,5,6,18541,1190
14471,5,6,17801,1260
14471,5,6,17431,1330
14471,5,6,16691,1400
14471,5,6,16321,1470
20019,5,6,21886,0
20019,5,6,21516,560
20019,5,6,21146,840
20019,5,6,20776,1050
20019,5,6,20406,1330
20019,5,6,1,1400
19653,5,6,22255,0
19653,5,6,21885,350
19653,5,6,21515,630
19653,5,6,21145,840
19653,5,6,20775,1120
19653,5,6,20035,1400
19653,5,6,19665,1470
19662,5,6,21885,0
19662,5,6,21515,350
19662,5,6,21145,560
19662,5,6,20775,840
19662,5,6,20035,1120
19662,5,6,19665,1190
19662,5,6,1,1260
20768,5,6,22628,0
20768,5,6,22258,420
20768,5,6,21888,700
20768,5,6,21518,910
20768,5,6,21148,1190
20768,5,6,20778,1470
23741,5,6,25966,0
23741,5,6,25596,420
23741,5,6,25226,700
23741,5,6,24856,910
23741,5,6,24486,1190
23741,5,6,24116,1400
20777,5,6,21888,0
20777,5,6,21518,490
20777,5,6,21148,770
20777,5,6,20778,980
20777,5,6,1,1260
17060,5,6,21508,0
17060,5,6,21138,560
17060,5,6,20768,770
17060,5,6,20398,1050
17060,5,6,19658,1120
17060,5,6,19288,1190
17060,5,6,18918,1260
17060,5,6,18178,1330
17060,5,6,17808,1400
17060,5,6,17068,1470
21130,5,6,22999,0
21130,5,6,22629,350
21130,5,6,22259,560
21130,5,6,21889,840
21130,5,6,21519,1120
21130,5,6,21149,1330
21139,5,6,22999,0
21139,5,6,22629,350
21139,5,6,22259,630
21139,5,6,21889,840
21139,5,6,21519,1120
21139,5,6,21149,1330
24112,5,6,26337,0
24112,5,6,25967,350
24112,5,6,25597,630
24112,5,6,25227,840
24112,5,6,24857,1120
24112,5,6,24487,1400
18175,5,6,21511,0
18175,5,6,21141,350
18175,5,6,20771,630
18175,5,6,20401,840
18175,5,6,20031,910
18175,5,6,19291,980
18175,5,6,18921,1050
18175,5,6,18551,1120
18175,5,6,1,1190
21148,5,6,22259,0
21148,5,6,21889,490
21148,5,6,21519,770
21148,5,6,21149,980
21148,5,6,1,1260
25227,5,6,27080,0
25227,5,6,26710,560
25227,5,6,26340,840
25227,5,6,25970,1050
25227,5,6,25600,1330
21501,5,6,23370,0
21501,5,6,23000,420
21501,5,6,22630,630
21501,5,6,22260,910
21501,5,6,21890,1120
21501,5,6,21520,1400
18537,5,6,21882,0
18537,5,6,21512,560
18537,5,6,21142,770
18537,5,6,20772,1050
18537,5,6,20402,1260
18537,5,6,20032,1330
18537,5,6,19292,1400
18537,5,6,18922,1470
26339,5,6,27823,0
26339,5,6,27453,560
26339,5,6,27083,840
26339,5,6,26713,1050
26339,5,6,26343,1330
18546,5,6,21512,0
18546,5,6,21142,420
18546,5,6,20772,630
18546,5,6,20402,910
18546,5,6,19662,980
18546,5,6,19292,1050
18546,5,6,18922,1120
18546,5,6,1,1190
15582,5,6,21134,0
15582,5,6,20764,350
15582,5,6,20394,630
15582,5,6,19654,700
15582,5,6,19284,770
15582,5,6,18544,840
15582,5,6,18174,910
15582,5,6,17804,980
15582,5,6,17064,1050
15582,5,6,16694,1120
15582,5,6,15954,1190
15582,5,6,15584,1260
15582,5,6,1,1330
22259,5,6,24482,0
22259,5,6,24112,420
22259,5,6,23742,700
22259,5,6,23372,910
22259,5,6,23002,1190
22259,5,6,22632,1400
19648,5,6,21885,0
19648,5,6,21515,560
19648,5,6,21145,770
19648,5,6,20775,1050
19648,5,6,20405,1260
19648,5,6,20035,1330
19648,5,6,1,1400
19657,5,6,22255,0
19657,5,6,21885,420
19657,5,6,21515,700
19657,5,6,21145,910
19657,5,6,20775,1190
19657,5,6,20405,1400
19657,5,6,20035,1470
20763,5,6,22628,0
20763,5,6,22258,350
20763,5,6,21888,560
20763,5,6,21518,840
20763,5,6,21148,1120
20763,5,6,20778,1330
16693,5,6,21137,0
16693,5,6,20767,420
16693,5,6,20397,630
16693,5,6,20027,700
16693,5,6,19657,770
16693,5,6,18917,840
16693,5,6,18547,910
16693,5,6,17807,980
16693,5,6,17437,1050
16693,5,6,17067,1120
16693,5,6,1,1190
13729,5,6,21499,0
13729,5,6,21129,350
13729,5,6,20759,560
13729,5,6,20389,840
13729,5,6,19649,910
13729,5,6,19279,980
13729,5,6,18539,1050
13729,5,6,18169,1120
13729,5,6,17799,1190
13729,5,6,17059,1260
13729,5,6,16689,1330
13729,5,6,15949,1400
13729,5,6,15579,1470
26709,5,6,28564,0
26709,5,6,28194,490
26709,5,6,27824,770
26709,5,6,27454,980
26709,5,6,27084,1260
26709,5,6,26714,1470
20772,5,6,21888,0
20772,5,6,21518,490
20772,5,6,21148,700
20772,5,6,20778,980
20772,5,6,1,1260
23745,5,6,25226,0
23745,5,6,24856,420
23745,5,6,24486,630
23745,5,6,24116,910
23745,5,6,23746,1120
23745,5,6,1,1400
21134,5,6,22259,0
21134,5,6,21889,560
21134,5,6,21519,840
21134,5,6,21149,1050
21134,5,6,1,1330
17064,5,6,21138,0
17064,5,6,20768,490
17064,5,6,20398,700
17064,5,6,20028,770
17064,5,6,19288,840
17064,5,6,18918,910
17064,5,6,18178,980
17064,5,6,17808,1050
17064,5,6,17438,1120
17064,5,6,1,1190
18170,5,6,21881,0
18170,5,6,21511,560
18170,5,6,21141,840
18170,5,6,20771,1050
18170,5,6,20401,1330
18170,5,6,19661,1400
18170,5,6,19291,1470
14100,5,6,21500,0
14100,5,6,21130,350
14100,5,6,20760,630
14100,5,6,20020,910
14100,5,6,19650,980
14100,5,6,18910,1050
14100,5,6,18540,1120
14100,5,6,18170,1190
14100,5,6,17430,1260
14100,5,6,17060,1330
14100,5,6,16320,1400
14100,5,6,15950,1470
21143,5,6,22999,0
21143,5,6,22629,490
21143,5,6,22259,700
21143,5,6,21889,980
21143,5,6,21519,1190
21143,5,6,21149,1470
18179,5,6,21511,0
18179,5,6,21141,420
18179,5,6,20771,630
18179,5,6,20031,910
18179,5,6,19661,980
18179,5,6,19291,1050
18179,5,6,18551,1120
18179,5,6,18181,1190
18179,5,6,1,1260
23370,5,6,25595,0
23370,5,6,25225,420
23370,5,6,24855,700
23370,5,6,24485,910
23370,5,6,24115,1190
23370,5,6,23745,1400
15577,5,6,20764,0
15577,5,6,20394,560
15577,5,6,20024,630
15577,5,6,19284,700
15577,5,6,18914,770
15577,5,6,18544,840
15577,5,6,17804,910
15577,5,6,17434,980
15577,5,6,16694,1050
15577,5,6,16324,1120
15577,5,6,15954,1190
15577,5,6,1,1260
22254,5,6,24482,0
22254,5,6,24112,420
22254,5,6,23742,700
22254,5,6,23372,910
22254,5,6,23002,1190
22254,5,6,22632,1400
19290,5,6,21514,0
19290,5,6,21144,490
19290,5,6,20774,770
19290,5,6,20404,980
19290,5,6,20034,1050
19290,5,6,19664,1120
19290,5,6,1,1190
19652,5,6,22255,0
19652,5,6,21885,350
19652,5,6,21515,630
19652,5,6,21145,840
19652,5,6,20775,1120
19652,5,6,20035,1400
19652,5,6,19665,1470
16688,5,6,21507,0
16688,5,6,21137,490
16688,5,6,20767,770
16688,5,6,20397,980
16688,5,6,20027,1050
16688,5,6,19287,1120
16688,5,6,18917,1190
16688,5,6,18547,1260
16688,5,6,17807,1330
16688,5,6,17437,1400
16688,5,6,16697,1470
20758,5,6,22258,0
20758,5,6,21888,350
20758,5,6,21518,630
20758,5,6,21148,910
20758,5,6,20778,1120
20758,5,6,1,1400
19661,5,6,21515,0
19661,5,6,21145,560
19661,5,6,20775,840
19661,5,6,20405,1050
19661,5,6,20035,1120
19661,5,6,1,1190
20767,5,6,22628,0
20767,5,6,22258,420
20767,5,6,21888,700
20767,5,6,21518,910
20767,5,6,21148,1190
20767,5,6,20778,1400
16697,5,6,22247,0
16697,5,6,21877,350
16697,5,6,21507,630
16697,5,6,21137,840
16697,5,6,20767,1120
16697,5,6,20397,1330
16697,5,6,20027,1400
16697,5,6,19287,1470
23740,5,6,25966,0
23740,5,6,25596,420
23740,5,6,25226,700
23740,5,6,24856,980
23740,5,6,24486,1190
23740,5,6,24116,1470
20776,5,6,21888,0
20776,5,6,21518,490
20776,5,6,21148,770
20776,5,6,20778,980
20776,5,6,1,1260
17059,5,6,21508,0
17059,5,6,21138,560
17059,5,6,20768,770
17059,5,6,20398,1050
17059,5,6,19658,1120
17059,5,6,19288,1190
17059,5,6,18918,1260
17059,5,6,18178,1330
17059,5,6,17808,1400
17059,5,6,17068,1470
21138,5,6,22999,0
21138,5,6,22629,350
21138,5,6,22259,630
21138,5,6,21889,840
21138,5,6,21519,1120
21138,5,6,21149,1330
25967,5,6,27822,0
25967,5,6,27452,490
25967,5,6,27082,770
25967,5,6,26712,1050
25967,5,6,26342,1260
18174,5,6,21511,0
18174,5,6,21141,350
18174,5,6,20771,630
18174,5,6,20401,840
18174,5,6,20031,910
18174,5,6,19291,980
18174,5,6,18921,1050
18174,5,6,18551,1120
18174,5,6,1,1190
26338,5,6,28193,0
26338,5,6,27823,490
26338,5,6,27453,770
26338,5,6,27083,1050
26338,5,6,26713,1260
23374,5,6,24855,0
23374,5,6,24485,350
23374,5,6,24115,630
23374,5,6,23745,910
23374,5,6,23375,1120
23374,5,6,1,1400
22249,5,6,24482,0
22249,5,6,24112,420
22249,5,6,23742,700
22249,5,6,23372,910
22249,5,6,23002,1190
22249,5,6,22632,1400
19285,5,6,22254,0
19285,5,6,21884,350
19285,5,6,21514,630
19285,5,6,21144,840
19285,5,6,20774,1120
19285,5,6,20404,1330
19285,5,6,20034,1400
19285,5,6,19294,1470
22258,5,6,24112,0
22258,5,6,23742,490
22258,5,6,23372,700
22258,5,6,23002,980
22258,5,6,22632,1190
22258,5,6,22262,1470
16321,5,6,21136,0
16321,5,6,20766,350
16321,5,6,20026,630
16321,5,6,19656,700
16321,5,6,19286,770
16321,5,6,18546,840
16321,5,6,18176,910
16321,5,6,17436,980
16321,5,6,17066,1050
16321,5,6,16696,1120
16321,5,6,1,1190
19294,5,6,22624,0
19294,5,6,22254,420
19294,5,6,21884,700
19294,5,6,21514,980
19294,5,6,21144,1190
19294,5,6,20774,1470
19647,5,6,21885,0
19647,5,6,21515,560
19647,5,6,21145,770
19647,5,6,20775,1050
19647,5,6,20405,1260
19647,5,6,20035,1330
19647,5,6,1,1400
19656,5,6,22255,0
19656,5,6,21885,420
19656,5,6,21515,700
19656,5,6,21145,910
19656,5,6,20775,1190
19656,5,6,20405,1400
19656,5,6,20035,1470
20762,5,6,22628,0
20762,5,6,22258,350
20762,5,6,21888,630
20762,5,6,21518,840
20762,5,6,21148,1120
20762,5,6,20778,1330
16692,5,6,21137,0
16692,5,6,20767,420
16692,5,6,20397,630
16692,5,6,20027,700
16692,5,6,19657,770
16692,5,6,18917,840
16692,5,6,18547,910
16692,5,6,17807,980
16692,5,6,17437,1050
16692,5,6,17067,1120
16692,5,6,1,1190
19665,5,6,22625,0
19665,5,6,22255,490
19665,5,6,21885,770
19665,5,6,21515,1050
19665,5,6,21145,1260
13728,5,6,20019,0
13728,5,6,18909,350
13728,5,6,18539,420
13728,5,6,17799,490
13728,5,6,17429,560
13728,5,6,17059,630
13728,5,6,16319,700
13728,5,6,15949,770
13728,5,6,15209,840
13728,5,6,14839,910
13728,5,6,14469,980
13728,5,6,13729,1050
13728,5,6,1,1120
20771,5,6,21888,0
20771,5,6,21518,490
20771,5,6,21148,700
20771,5,6,20778,980
20771,5,6,1,1260
21883,5,6,23371,0
21883,5,6,23001,420
21883,5,6,22631,700
21883,5,6,22261,910
21883,5,6,21891,1190
21883,5,6,1,1400
24856,5,6,27079,0
24856,5,6,26709,350
24856,5,6,26339,630
24856,5,6,25969,840
24856,5,6,25599,1120
24856,5,6,25229,1330
17803,5,6,21140,0
17803,5,6,20770,560
17803,5,6,20030,840
17803,5,6,19660,910
17803,5,6,18920,980
17803,5,6,18550,1050
17803,5,6,18180,1120
17803,5,6,1,1190
23369,5,6,25595,0
23369,5,6,25225,420
23369,5,6,24855,700
23369,5,6,24485,910
23369,5,6,24115,1190
23369,5,6,23745,1470
15210,5,6,20763,0
15210,5,6,20023,560
15210,5,6,19653,630
15210,5,6,19283,700
15210,5,6,18543,770
15210,5,6,18173,840
15210,5,6,17433,910
15210,5,6,17063,980
15210,5,6,16693,1050
15210,5,6,15953,1120
15210,5,6,15583,1190
15210,5,6,1,1260
19280,5,6,22254,0
19280,5,6,21884,350
19280,5,6,21514,630
19280,5,6,21144,910
19280,5,6,20774,1120
19280,5,6,20034,1400
19280,5,6,19664,1470
22253,5,6,24482,0
22253,5,6,24112,420
22253,5,6,23742,630
22253,5,6,23372,910
22253,5,6,23002,1190
22253,5,6,22632,1400
19289,5,6,21514,0
19289,5,6,21144,490
19289,5,6,20774,770
19289,5,6,20404,980
19289,5,6,20034,1050
19289,5,6,19664,1120
19289,5,6,1,1190
22262,5,6,24482,0
22262,5,6,24112,560
22262,5,6,23742,840
22262,5,6,23372,1050
22262,5,6,23002,1330
16325,5,6,21136,0
16325,5,6,20766,420
16325,5,6,20396,630
16325,5,6,20026,700
16325,5,6,19286,770
16325,5,6,18916,840
16325,5,6,18546,910
16325,5,6,17806,980
16325,5,6,17436,1050
16325,5,6,16696,1120
16325,5,6,16326,1190
16325,5,6,1,1260
19651,5,6,22255,0
19651,5,6,21885,420
19651,5,6,21515,700
19651,5,6,21145,980
19651,5,6,20775,1190
19651,5,6,20035,1470
20757,5,6,22258,0
20757,5,6,21888,350
20757,5,6,21518,630
20757,5,6,21148,840
20757,5,6,20778,1120
20757,5,6,1,1330
16687,5,6,21877,0
16687,5,6,21507,350
16687,5,6,21137,630
16687,5,6,20767,910
16687,5,6,20397,1120
16687,5,6,20027,1190
16687,5,6,19287,1260
16687,5,6,18917,1330
16687,5,6,18177,1400
16687,5,6,17807,1470
20766,5,6,22258,0
20766,5,6,21888,490
20766,5,6,21518,770
20766,5,6,21148,1050
20766,5,6,20778,1260
16696,5,6,21137,0
16696,5,6,20767,420
16696,5,6,20397,700
16696,5,6,19657,770
16696,5,6,19287,840
16696,5,6,18917,910
16696,5,6,18177,980
16696,5,6,17807,1050
16696,5,6,17067,1120
16696,5,6,16697,1190
16696,5,6,1,1260
21878,5,6,23741,0
21878,5,6,23371,350
21878,5,6,23001,630
21878,5,6,22631,840
21878,5,6,22261,1120
21878,5,6,21891,1330
21887,6,7,23741,0
21887,6,7,23371,420
21887,6,7,23001,700
21887,6,7,22631,910
21887,6,7,22261,1190
21887,6,7,21891,1400
25966,6,7,28192,0
25966,6,7,27822,350
25966,6,7,27452,560
25966,6,7,27082,840
25966,6,7,26712,1120
25966,6,7,26342,1330
17798,6,7,21880,0
17798,6,7,21510,420
17798,6,7,21140,630
17798,6,7,20770,910
17798,6,7,20400,1120
17798,6,7,20030,1190
17798,6,7,19290,1260
17798,6,7,18920,1330
17798,6,7,18550,1400
17798,6,7,17810,1470
17807,6,7,21510,0
17807,6,7,21140,350
17807,6,7,20770,630
17807,6,7,20400,840
17807,6,7,20030,910
17807,6,7,19290,980
17807,6,7,18920,1050
17807,6,7,18550,1120
17807,6,7,17810,1190
17807,6,7,1,1260
23373,6,7,25595,0
23373,6,7,25225,420
23373,6,7,24855,630
23373,6,7,24485,910
23373,6,7,24115,1120
23373,6,7,23745,1400
22248,6,7,24482,0
22248,6,7,24112,490
22248,6,7,23742,700
22248,6,7,23372,980
22248,6,7,23002,1190
22248,6,7,22632,1470
19284,6,7,22254,0
19284,6,7,21884,490
19284,6,7,21514,770
19284,6,7,21144,1050
19284,6,7,20774,1260
16320,6,7,21136,0
16320,6,7,20766,420
16320,6,7,20396,630
16320,6,7,20026,700
16320,6,7,19286,770
16320,6,7,18916,840
16320,6,7,18546,910
16320,6,7,17806,980
16320,6,7,17436,1050
16320,6,7,16696,1120
16320,6,7,16326,1190
16320,6,7,1,1260
19293,6,7,21884,0
19293,6,7,21514,350
19293,6,7,21144,560
19293,6,7,20774,840
19293,6,7,20034,1120
19293,6,7,19664,1190
19293,6,7,1,1260
24484,6,7,26338,0
24484,6,7,25968,490
24484,6,7,25598,700
24484,6,7,25228,980
24484,6,7,24858,1190
24484,6,7,24488,1470
20761,6,7,22258,0
20761,6,7,21888,490
20761,6,7,21518,700
20761,6,7,21148,980
20761,6,7,20778,1190
20761,6,7,1,1470
20395,6,7,22257,0
20395,6,7,21887,490
20395,6,7,21517,770
20395,6,7,21147,1050
20395,6,7,20777,1260
21873,6,7,23741,0
21873,6,7,23371,420
21873,6,7,23001,700
21873,6,7,22631,910
21873,6,7,22261,1190
21873,6,7,21891,1400
20404,6,7,21887,0
20404,6,7,21517,490
20404,6,7,21147,700
20404,6,7,20777,980
20404,6,7,1,1260
21882,6,7,23371,0
21882,6,7,23001,420
21882,6,7,22631,700
21882,6,7,22261,910
21882,6,7,21891,1190
21882,6,7,1,1400
24855,6,7,26709,0
24855,6,7,26339,420
24855,6,7,25969,700
24855,6,7,25599,910
24855,6,7,25229,1190
24855,6,7,24859,1470
21891,6,7,24111,0
21891,6,7,23741,490
21891,6,7,23371,700
21891,6,7,23001,980
21891,6,7,22631,1260
21891,6,7,22261,1470
25970,6,7,27822,0
25970,6,7,27452,560
25970,6,7,27082,840
25970,6,7,26712,1050
25970,6,7,26342,1330
17802,6,7,21880,0
17802,6,7,21510,420
17802,6,7,21140,700
17802,6,7,20770,910
17802,6,7,20400,1190
17802,6,7,19660,1260
17802,6,7,19290,1330
17802,6,7,18920,1400
17802,6,7,18180,1470
23002,6,7,25224,0
23002,6,7,24854,420
23002,6,7,24484,630
23002,6,7,24114,910
23002,6,7,23744,1120
23002,6,7,23374,1400
15209,6,7,20763,0
15209,6,7,20393,560
15209,6,7,20023,630
15209,6,7,19283,700
15209,6,7,18913,770
15209,6,7,18173,840
15209,6,7,17803,910
15209,6,7,17433,980
15209,6,7,16693,1050
15209,6,7,16323,1120
15209,6,7,15583,1190
15209,6,7,15213,1260
15209,6,7,1,1330
19279,6,7,22254,0
19279,6,7,21884,420
19279,6,7,21514,700
19279,6,7,21144,910
19279,6,7,20774,1190
19279,6,7,20404,1400
19279,6,7,20034,1470
27081,6,7,28565,0
27081,6,7,28195,560
27081,6,7,27825,840
27081,6,7,27455,1050
27081,6,7,27085,1330
19288,6,7,21514,0
19288,6,7,21144,560
19288,6,7,20774,770
19288,6,7,20404,1050
19288,6,7,19664,1120
19288,6,7,19294,1190
19288,6,7,1,1260
16324,6,7,21136,0
16324,6,7,20766,420
16324,6,7,20026,700
16324,6,7,19656,770
16324,6,7,19286,840
16324,6,7,18546,910
16324,6,7,18176,980
16324,6,7,17436,1050
16324,6,7,17066,1120
16324,6,7,16696,1190
16324,6,7,1,1260
18922,6,7,21513,0
18922,6,7,21143,560
18922,6,7,20773,770
18922,6,7,20403,1050
18922,6,7,19663,1120
18922,6,7,19293,1190
18922,6,7,1,1260
27452,6,7,28936,0
27452,6,7,28566,490
27452,6,7,28196,770
27452,6,7,27826,980
27452,6,7,27456,1260
24488,6,7,26708,0
24488,6,7,26338,560
24488,6,7,25968,840
24488,6,7,25598,1050
24488,6,7,25228,1330
20390,6,7,22257,0
20390,6,7,21887,420
20390,6,7,21517,700
20390,6,7,21147,910
20390,6,7,20777,1190
20390,6,7,20407,1400
20390,6,7,1,1470
20399,6,7,22257,0
20399,6,7,21887,560
20399,6,7,21517,840
20399,6,7,21147,1050
20399,6,7,20777,1330
17435,6,7,21139,0
17435,6,7,20769,560
17435,6,7,20399,770
17435,6,7,20029,840
17435,6,7,19659,910
17435,6,7,18919,980
17435,6,7,18549,1050
17435,6,7,17809,1120
17435,6,7,17439,1190
17435,6,7,1,1260
21877,6,7,23741,0
21877,6,7,23371,420
21877,6,7,23001,700
21877,6,7,22631,910
21877,6,7,22261,1190
21877,6,7,21891,1400
21886,6,7,23371,0
21886,6,7,23001,490
21886,6,7,22631,770
21886,6,7,22261,980
21886,6,7,21891,1260
25599,6,7,27451,0
25599,6,7,27081,560
25599,6,7,26711,840
25599,6,7,26341,1050
25599,6,7,25971,1330
17806,6,7,21510,0
17806,6,7,21140,350
17806,6,7,20770,630
17806,6,7,20400,840
17806,6,7,20030,910
17806,6,7,19290,980
17806,6,7,18920,1050
17806,6,7,18180,1120
17806,6,7,17810,1190
17806,6,7,1,1260
14842,6,7,21872,0
14842,6,7,21502,350
14842,6,7,21132,630
14842,6,7,20762,910
14842,6,7,20392,1120
14842,6,7,20022,1190
14842,6,7,19282,1260
14842,6,7,18912,1330
14842,6,7,18172,1400
14842,6,7,17802,1470
22997,6,7,25224,0
22997,6,7,24854,490
22997,6,7,24484,770
22997,6,7,24114,980
22997,6,7,23744,1260
22997,6,7,23374,1470
20033,6,7,21886,0
20033,6,7,21516,420
20033,6,7,21146,700
20033,6,7,20776,910
20033,6,7,20406,1190
20033,6,7,1,1260
16319,6,7,21136,0
16319,6,7,20766,420
16319,6,7,20396,630
16319,6,7,20026,700
16319,6,7,19286,770
16319,6,7,18916,840
16319,6,7,18546,910
16319,6,7,17806,980
16319,6,7,17436,1050
16319,6,7,16696,1120
16319,6,7,16326,1190
16319,6,7,1,1260
18917,6,7,21513,0
18917,6,7,21143,490
18917,6,7,20773,770
18917,6,7,20403,980
18917,6,7,20033,1050
18917,6,7,19293,1120
18917,6,7,18923,1190
18917,6,7,1,1260
15953,6,7,21135,0
15953,6,7,20765,490
15953,6,7,20395,700
15953,6,7,20025,770
15953,6,7,19285,840
15953,6,7,18915,910
15953,6,7,18175,980
15953,6,7,17805,1050
15953,6,7,17435,1120
15953,6,7,16695,1190
15953,6,7,16325,1260
15953,6,7,1,1330
24483,6,7,26708,0
24483,6,7,26338,420
24483,6,7,25968,700
24483,6,7,25598,910
24483,6,7,25228,1190
24483,6,7,24858,1400
20394,6,7,22257,0
20394,6,7,21887,490
20394,6,7,21517,770
20394,6,7,21147,1050
20394,6,7,20777,1260
21872,6,7,23741,0
21872,6,7,23371,420
21872,6,7,23001,700
21872,6,7,22631,910
21872,6,7,22261,1190
21872,6,7,21891,1400
17430,6,7,21879,0
17430,6,7,21509,420
17430,6,7,21139,630
17430,6,7,20769,910
17430,6,7,20399,1120
17430,6,7,20029,1190
17430,6,7,19289,1260
17430,6,7,18919,1330
17430,6,7,18549,1400
17430,6,7,17809,1470
20403,6,7,21887,0
20403,6,7,21517,490
20403,6,7,21147,700
20403,6,7,20777,980
20403,6,7,1,1260
17439,6,7,22249,0
17439,6,7,21879,490
17439,6,7,21509,700
17439,6,7,21139,980
17439,6,7,20769,1260
17439,6,7,20399,1470
21881,6,7,23741,0
21881,6,7,23371,420
21881,6,7,23001,630
21881,6,7,22631,910
21881,6,7,22261,1190
21881,6,7,21891,1400
17801,6,7,21880,0
17801,6,7,21510,420
17801,6,7,21140,700
17801,6,7,20770,910
17801,6,7,20400,1190
17801,6,7,19660,1260
17801,6,7,19290,1330
17801,6,7,18920,1400
17801,6,7,18180,1470
14837,6,7,20762,0
14837,6,7,20022,490
14837,6,7,19652,560
14837,6,7,18912,630
14837,6,7,18542,700
14837,6,7,18172,770
14837,6,7,17432,840
14837,6,7,17062,910
14837,6,7,16322,980
14837,6,7,15952,1050
14837,6,7,15582,1120
14837,6,7,14842,1190
14837,6,7,1,1260
20028,6,7,22256,0
20028,6,7,21886,490
20028,6,7,21516,770
20028,6,7,21146,980
20028,6,7,20776,1260
23001,6,7,25224,0
23001,6,7,24854,490
23001,6,7,24484,770
23001,6,7,24114,980
23001,6,7,23744,1260
23001,6,7,23374,1470
27080,6,7,28935,0
27080,6,7,28565,560
27080,6,7,28195,770
27080,6,7,27825,1050
27080,6,7,27455,1260
18912,6,7,22253,0
18912,6,7,21883,490
18912,6,7,21513,700
18912,6,7,21143,980
18912,6,7,20773,1190
18912,6,7,20403,1470
18921,6,7,21513,0
18921,6,7,21143,560
18921,6,7,20773,770
18921,6,7,20033,1050
18921,6,7,19663,1120
18921,6,7,19293,1190
18921,6,7,1,1260
20389,6,7,22257,0
20389,6,7,21887,420
20389,6,7,21517,700
20389,6,7,21147,910
20389,6,7,20777,1190
20389,6,7,20407,1400
20389,6,7,1,1470
20398,6,7,22257,0
20398,6,7,21887,560
20398,6,7,21517,840
20398,6,7,21147,1050
20398,6,7,20777,1330
17434,6,7,21139,0
17434,6,7,20769,560
17434,6,7,20399,770
17434,6,7,20029,840
17434,6,7,19659,910
17434,6,7,18919,980
17434,6,7,18549,1050
17434,6,7,17809,1120
17434,6,7,17439,1190
17434,6,7,1,1260
21876,6,7,23741,0
21876,6,7,23371,420
21876,6,7,23001,700
21876,6,7,22631,910
21876,6,7,22261,1190
21876,6,7,21891,1400
21510,6,7,23000,0
21510,6,7,22630,490
21510,6,7,22260,770
21510,6,7,21890,1050
21510,6,7,21520,1260
21519,6,7,22630,0
21519,6,7,22260,560
21519,6,7,21890,840
21519,6,7,21520,1050
21519,6,7,1,1330
22625,6,7,24853,0
22625,6,7,24483,490
22625,6,7,24113,700
22625,6,7,23743,980
22625,6,7,23373,1190
22625,6,7,23003,1470
25598,6,7,27821,0
25598,6,7,27451,350
25598,6,7,27081,560
25598,6,7,26711,840
25598,6,7,26341,1120
25598,6,7,25971,1330
20023,6,7,22256,0
20023,6,7,21886,490
20023,6,7,21516,700
20023,6,7,21146,980
20023,6,7,20776,1190
20023,6,7,20406,1470
20032,6,7,21886,0
20032,6,7,21516,420
20032,6,7,21146,700
20032,6,7,20776,910
20032,6,7,20036,1190
20032,6,7,1,1260
27084,6,7,28565,0
27084,6,7,28195,350
27084,6,7,27825,560
27084,6,7,27455,840
27084,6,7,27085,1120
27084,6,7,1,1330
18907,6,7,22253,0
18907,6,7,21883,350
18907,6,7,21513,630
18907,6,7,21143,910
18907,6,7,20773,1120
18907,6,7,20033,1400
18907,6,7,19663,1470
18916,6,7,21513,0
18916,6,7,21143,490
18916,6,7,20773,770
18916,6,7,20403,980
18916,6,7,20033,1050
18916,6,7,19293,1120
18916,6,7,18923,1190
18916,6,7,1,1260
15952,6,7,21135,0
15952,6,7,20765,420
15952,6,7,20025,700
15952,6,7,19655,770
15952,6,7,19285,840
15952,6,7,18545,910
15952,6,7,18175,980
15952,6,7,17435,1050
15952,6,7,17065,1120
15952,6,7,16695,1190
15952,6,7,15955,1260
15952,6,7,1,1330
24116,6,7,25597,0
24116,6,7,25227,420
24116,6,7,24857,630
24116,6,7,24487,910
24116,6,7,24117,1120
24116,6,7,1,1400
20393,6,7,22627,0
20393,6,7,22257,350
20393,6,7,21887,630
20393,6,7,21517,840
20393,6,7,21147,1120
20393,6,7,20777,1330
17429,6,7,21879,0
17429,6,7,21509,490
17429,6,7,21139,770
17429,6,7,20769,1050
17429,6,7,20399,1260
17429,6,7,20029,1330
17429,6,7,19289,1400
17429,6,7,18919,1470
28195,6,7,30048,0
28195,6,7,29678,420
28195,6,7,29308,630
28195,6,7,28938,910
28195,6,7,28568,1190
28195,6,7,28198,1400
17438,6,7,21509,0
17438,6,7,21139,350
17438,6,7,20769,560
17438,6,7,20399,840
17438,6,7,19659,910
17438,6,7,19289,980
17438,6,7,18919,1050
17438,6,7,18179,1120
17438,6,7,17809,1190
17438,6,7,1,1260
21505,6,7,23370,0
21505,6,7,23000,420
21505,6,7,22630,700
21505,6,7,22260,910
21505,6,7,21890,1190
21505,6,7,21520,1400
18541,6,7,22252,0
18541,6,7,21882,420
18541,6,7,21512,630
18541,6,7,21142,910
18541,6,7,20772,1190
18541,6,7,20402,1400
18541,6,7,20032,1470
21514,6,7,23370,0
21514,6,7,23000,420
21514,6,7,22630,700
21514,6,7,22260,910
21514,6,7,21890,1190
21514,6,7,21520,1400
18550,6,7,21512,0
18550,6,7,21142,490
18550,6,7,20772,700
18550,6,7,20402,980
18550,6,7,19662,1050
18550,6,7,19292,1120
18550,6,7,18922,1190
18550,6,7,1,1260
22629,6,7,24483,0
22629,6,7,24113,490
22629,6,7,23743,770
22629,6,7,23373,980
22629,6,7,23003,1260
14470,6,7,20761,0
14470,6,7,20021,350
14470,6,7,19651,420
14470,6,7,18911,490
14470,6,7,18541,560
14470,6,7,17801,630
14470,6,7,17431,700
14470,6,7,17061,770
14470,6,7,16321,840
14470,6,7,15951,910
14470,6,7,15211,980
14470,6,7,14841,1050
14470,6,7,14471,1120
14470,6,7,1,1190
20027,6,7,22256,0
20027,6,7,21886,490
20027,6,7,21516,770
20027,6,7,21146,980
20027,6,7,20776,1260
23000,6,7,24854,0
23000,6,7,24484,560
23000,6,7,24114,770
23000,6,7,23744,1050
23000,6,7,23374,1260
20036,6,7,22996,0
20036,6,7,22626,350
20036,6,7,22256,630
20036,6,7,21886,840
20036,6,7,21516,1120
20036,6,7,21146,1330
18911,6,7,21883,0
18911,6,7,21513,560
18911,6,7,21143,770
18911,6,7,20773,1050
18911,6,7,20403,1260
18911,6,7,20033,1330
18911,6,7,19663,1400
18911,6,7,18923,1470
15947,6,7,21505,0
15947,6,7,21135,490
15947,6,7,20765,770
15947,6,7,20025,1050
15947,6,7,19655,1120
15947,6,7,18915,1190
15947,6,7,18545,1260
15947,6,7,18175,1330
15947,6,7,17435,1400
15947,6,7,17065,1470
26713,6,7,28194,0
26713,6,7,27824,350
26713,6,7,27454,560
26713,6,7,27084,840
26713,6,7,26714,1120
26713,6,7,1,1330
18920,6,7,21513,0
18920,6,7,21143,490
18920,6,7,20773,770
18920,6,7,20403,980
18920,6,7,20033,1050
18920,6,7,19663,1120
18920,6,7,18923,1190
18920,6,7,1,1260
17068,6,7,22248,0
17068,6,7,21878,420
17068,6,7,21508,700
17068,6,7,21138,910
17068,6,7,20768,1190
17068,6,7,20398,1400
17068,6,7,20028,1470
24111,6,7,26337,0
24111,6,7,25967,420
24111,6,7,25597,700
24111,6,7,25227,910
24111,6,7,24857,1190
24111,6,7,24487,1470
21147,6,7,22259,0
21147,6,7,21889,560
21147,6,7,21519,770
21147,6,7,21149,1050
21147,6,7,1,1260
25226,6,7,27080,0
25226,6,7,26710,420
25226,6,7,26340,700
25226,6,7,25970,910
25226,6,7,25600,1190
25226,6,7,25230,1400
21500,6,7,23370,0
21500,6,7,23000,420
21500,6,7,22630,700
21500,6,7,22260,910
21500,6,7,21890,1190
21500,6,7,21520,1470
21509,6,7,23000,0
21509,6,7,22630,420
21509,6,7,22260,630
21509,6,7,21890,910
21509,6,7,21520,1120
21509,6,7,1,1400
18545,6,7,21512,0
18545,6,7,21142,420
18545,6,7,20772,700
18545,6,7,20032,980
18545,6,7,19662,1050
18545,6,7,18922,1120
18545,6,7,18552,1190
18545,6,7,1,1260
21518,6,7,23370,0
21518,6,7,23000,560
21518,6,7,22630,770
21518,6,7,22260,1050
21518,6,7,21890,1260
15581,6,7,21134,0
15581,6,7,20764,350
15581,6,7,20394,630
15581,6,7,19654,700
15581,6,7,19284,770
15581,6,7,18914,840
15581,6,7,18174,910
15581,6,7,17804,980
15581,6,7,17064,1050
15581,6,7,16694,1120
15581,6,7,16324,1190
15581,6,7,15584,1260
15581,6,7,1,1330
22624,6,7,24853,0
22624,6,7,24483,490
22624,6,7,24113,700
22624,6,7,23743,980
22624,6,7,23373,1190
22624,6,7,23003,1470
25597,6,7,27451,0
25597,6,7,27081,350
25597,6,7,26711,630
25597,6,7,26341,910
25597,6,7,25971,1120
25597,6,7,25601,1400
22633,6,7,25223,0
22633,6,7,24853,350
22633,6,7,24483,560
22633,6,7,24113,840
22633,6,7,23743,1120
22633,6,7,23373,1330
20022,6,7,22256,0
20022,6,7,21886,560
20022,6,7,21516,770
20022,6,7,21146,1050
20022,6,7,20776,1260
27824,6,7,29677,0
27824,6,7,29307,490
27824,6,7,28937,700
27824,6,7,28567,980
27824,6,7,28197,1190
27824,6,7,27827,1470
20031,6,7,21886,0
20031,6,7,21516,420
20031,6,7,21146,700
20031,6,7,20776,910
20031,6,7,20036,1190
20031,6,7,1,1260
26708,6,7,28564,0
26708,6,7,28194,560
26708,6,7,27824,840
26708,6,7,27454,1050
26708,6,7,27084,1330
23744,6,7,25966,0
23744,6,7,25596,420
23744,6,7,25226,630
23744,6,7,24856,910
23744,6,7,24486,1120
23744,6,7,24116,1400
15951,6,7,21135,0
15951,6,7,20765,420
15951,6,7,20025,700
15951,6,7,19655,770
15951,6,7,18915,840
15951,6,7,18545,910
15951,6,7,18175,980
15951,6,7,17435,1050
15951,6,7,17065,1120
15951,6,7,16325,1190
15951,6,7,15955,1260
15951,6,7,1,1330
17063,6,7,21138,0
17063,6,7,20768,490
17063,6,7,20028,770
17063,6,7,19658,840
17063,6,7,19288,910
17063,6,7,18548,980
17063,6,7,18178,1050
17063,6,7,17438,1120
17063,6,7,17068,1190
17063,6,7,1,1260
21133,6,7,22629,0
21133,6,7,22259,420
21133,6,7,21889,700
21133,6,7,21519,910
21133,6,7,21149,1190
21133,6,7,1,1470
21142,6,7,22999,0
21142,6,7,22629,490
21142,6,7,22259,770
21142,6,7,21889,980
21142,6,7,21519,1260
21142,6,7,21149,1470
24115,6,7,26337,0
24115,6,7,25967,350
24115,6,7,25597,630
24115,6,7,25227,840
24115,6,7,24857,1120
24115,6,7,24487,1400
18178,6,7,21511,0
18178,6,7,21141,420
18178,6,7,20771,630
18178,6,7,20401,910
18178,6,7,19661,980
18178,6,7,19291,1050
18178,6,7,18921,1120
18178,6,7,18181,1190
18178,6,7,1,1260
28194,6,7,29678,0
28194,6,7,29308,490
28194,6,7,28938,700
28194,6,7,28568,980
28194,6,7,28198,1190
28194,6,7,1,1470
25230,6,7,27450,0
25230,6,7,27080,560
25230,6,7,26710,770
25230,6,7,26340,1050
25230,6,7,25970,1260
21504,6,7,23370,0
21504,6,7,23000,420
21504,6,7,22630,700
21504,6,7,22260,910
21504,6,7,21890,1190
21504,6,7,21520,1400
18540,6,7,21882,0
18540,6,7,21512,490
18540,6,7,21142,770
18540,6,7,20772,980
18540,6,7,20032,1260
18540,6,7,19662,1330
18540,6,7,19292,1400
18540,6,7,18552,1470
21513,6,7,23370,0
21513,6,7,23000,420
21513,6,7,22630,700
21513,6,7,22260,910
21513,6,7,21890,1190
21513,6,7,21520,1400
18549,6,7,21512,0
18549,6,7,21142,490
18549,6,7,20772,700
18549,6,7,20032,980
18549,6,7,19662,1050
18549,6,7,19292,1120
18549,6,7,18552,1190
18549,6,7,1,1260
22628,6,7,24853,0
22628,6,7,24483,420
22628,6,7,24113,700
22628,6,7,23743,980
22628,6,7,23373,1190
22628,6,7,23003,1470
14469,6,7,20761,0
14469,6,7,20021,350
14469,6,7,19651,420
14469,6,7,18911,490
14469,6,7,18541,560
14469,6,7,18171,630
14469,6,7,17431,700
14469,6,7,17061,770
14469,6,7,16321,840
14469,6,7,15951,910
14469,6,7,15581,980
14469,6,7,14841,1050
14469,6,7,14471,1120
14469,6,7,1,1190
20017,6,7,21886,0
20017,6,7,21516,490
20017,6,7,21146,770
20017,6,7,20776,980
20017,6,7,20406,1260
20017,6,7,1,1330
20026,6,7,22626,0
20026,6,7,22256,420
20026,6,7,21886,630
20026,6,7,21516,910
20026,6,7,21146,1120
20026,6,7,20776,1400
19660,6,7,21885,0
19660,6,7,21515,350
19660,6,7,21145,630
19660,6,7,20775,840
19660,6,7,20405,1120
19660,6,7,19665,1190
19660,6,7,1,1260
26712,6,7,28564,0
26712,6,7,28194,560
26712,6,7,27824,770
26712,6,7,27454,1050
26712,6,7,27084,1260
20775,6,7,21888,0
20775,6,7,21518,490
20775,6,7,21148,770
20775,6,7,20778,1050
20775,6,7,1,1260
21128,6,7,22999,0
21128,6,7,22629,420
21128,6,7,22259,630
21128,6,7,21889,910
21128,6,7,21519,1120
21128,6,7,21149,1400
17058,6,7,21878,0
17058,6,7,21508,490
17058,6,7,21138,700
17058,6,7,20768,980
17058,6,7,20398,1190
17058,6,7,20028,1260
17058,6,7,19658,1330
17058,6,7,18918,1400
17058,6,7,18548,1470
21137,6,7,22999,0
21137,6,7,22629,420
21137,6,7,22259,700
21137,6,7,21889,910
21137,6,7,21519,1190
21137,6,7,21149,1400
17067,6,7,21138,0
17067,6,7,20768,560
17067,6,7,20398,770
17067,6,7,20028,840
17067,6,7,19288,910
17067,6,7,18918,980
17067,6,7,18548,1050
17067,6,7,17808,1120
17067,6,7,17438,1190
17067,6,7,1,1260
18173,6,7,21881,0
18173,6,7,21511,490
18173,6,7,21141,770
18173,6,7,20771,980
18173,6,7,20031,1260
18173,6,7,19661,1330
18173,6,7,19291,1400
18173,6,7,18551,1470
21146,6,7,22259,0
21146,6,7,21889,560
21146,6,7,21519,770
21146,6,7,21149,1050
21146,6,7,1,1260
25225,6,7,27450,0
25225,6,7,27080,350
25225,6,7,26710,630
25225,6,7,26340,840
25225,6,7,25970,1120
25225,6,7,25600,1330
21499,6,7,23370,0
21499,6,7,23000,420
21499,6,7,22630,700
21499,6,7,22260,910
21499,6,7,21890,1190
21499,6,7,21520,1470
21508,6,7,23000,0
21508,6,7,22630,490
21508,6,7,22260,700
21508,6,7,21890,980
21508,6,7,21520,1190
21508,6,7,1,1470
26337,6,7,28563,0
26337,6,7,28193,350
26337,6,7,27823,560
26337,6,7,27453,840
26337,6,7,27083,1120
26337,6,7,26713,1330
18544,6,7,21882,0
18544,6,7,21512,560
18544,6,7,21142,770
18544,6,7,20772,1050
18544,6,7,20402,1260
18544,6,7,20032,1330
18544,6,7,19662,1400
18544,6,7,18922,1470
15580,6,7,21134,0
15580,6,7,20764,350
15580,6,7,20394,630
15580,6,7,19654,700
15580,6,7,19284,770
15580,6,7,18544,840
15580,6,7,18174,910
15580,6,7,17804,980
15580,6,7,17064,1050
15580,6,7,16694,1120
15580,6,7,15954,1190
15580,6,7,15584,1260
15580,6,7,1,1330
22623,6,7,24853,0
22623,6,7,24483,490
22623,6,7,24113,700
22623,6,7,23743,980
22623,6,7,23373,1190
22623,6,7,23003,1470
22257,6,7,24112,0
22257,6,7,23742,490
22257,6,7,23372,700
22257,6,7,23002,980
22257,6,7,22632,1190
22257,6,7,22262,1470
27823,6,7,29307,0
27823,6,7,28937,490
27823,6,7,28567,770
27823,6,7,28197,980
27823,6,7,27827,1260
27823,6,7,1,1470
19655,6,7,22625,0
19655,6,7,22255,350
19655,6,7,21885,560
19655,6,7,21515,840
19655,6,7,21145,1120
19655,6,7,20775,1330
16691,6,7,21137,0
16691,6,7,20767,420
16691,6,7,20397,700
16691,6,7,19657,770
16691,6,7,19287,840
16691,6,7,18917,910
16691,6,7,18177,980
16691,6,7,17807,1050
16691,6,7,17067,1120
16691,6,7,16697,1190
16691,6,7,1,1260
19664,6,7,21885,0
19664,6,7,21515,420
19664,6,7,21145,630
19664,6,7,20775,910
19664,6,7,20035,1190
19664,6,7,19665,1260
19664,6,7,1,1330
20770,6,7,22628,0
20770,6,7,22258,350
20770,6,7,21888,630
20770,6,7,21518,840
20770,6,7,21148,1120
20770,6,7,20778,1330
23743,6,7,25966,0
23743,6,7,25596,490
23743,6,7,25226,700
23743,6,7,24856,980
23743,6,7,24486,1260
23743,6,7,24116,1470
17062,6,7,21138,0
17062,6,7,20768,490
17062,6,7,20028,770
17062,6,7,19658,840
17062,6,7,19288,910
17062,6,7,18548,980
17062,6,7,18178,1050
17062,6,7,17438,1120
17062,6,7,17068,1190
17062,6,7,1,1260
21132,6,7,22629,0
21132,6,7,22259,420
21132,6,7,21889,630
21132,6,7,21519,910
21132,6,7,21149,1190
21132,6,7,1,1400
18168,6,7,21881,0
18168,6,7,21511,420
18168,6,7,21141,700
18168,6,7,20771,910
18168,6,7,20401,1190
18168,6,7,19661,1260
18168,6,7,19291,1330
18168,6,7,18921,1400
18168,6,7,18181,1470
21141,6,7,22629,0
21141,6,7,22259,560
21141,6,7,21889,840
21141,6,7,21519,1050
21141,6,7,21149,1330
18177,6,7,21511,0
18177,6,7,21141,420
18177,6,7,20771,630
18177,6,7,20401,910
18177,6,7,19661,980
18177,6,7,19291,1050
18177,6,7,18551,1120
18177,6,7,18181,1190
18177,6,7,1,1260
18539,6,7,21882,0
18539,6,7,21512,490
18539,6,7,21142,770
18539,6,7,20772,980
18539,6,7,20032,1260
18539,6,7,19662,1330
18539,6,7,19292,1400
18539,6,7,18552,1470
26341,6,7,28193,0
26341,6,7,27823,560
26341,6,7,27453,840
26341,6,7,27083,1050
26341,6,7,26713,1330
15584,6,7,21874,0
15584,6,7,21504,560
15584,6,7,21134,770
15584,6,7,20764,1050
15584,6,7,20024,1330
15584,6,7,19654,1400
15584,6,7,18914,1470
22252,6,7,24482,0
22252,6,7,24112,490
22252,6,7,23742,700
22252,6,7,23372,980
22252,6,7,23002,1190
22252,6,7,22632,1470
22261,6,7,23742,0
22261,6,7,23372,420
22261,6,7,23002,630
22261,6,7,22632,910
22261,6,7,22262,1190
22261,6,7,1,1400
19650,6,7,22255,0
19650,6,7,21885,490
19650,6,7,21515,770
19650,6,7,21145,980
19650,6,7,20775,1260
19650,6,7,20405,1470
19659,6,7,21885,0
19659,6,7,21515,350
19659,6,7,21145,630
19659,6,7,20775,840
19659,6,7,20405,1120
19659,6,7,19665,1190
19659,6,7,1,1260
20765,6,7,22258,0
20765,6,7,21888,560
20765,6,7,21518,840
20765,6,7,21148,1050
20765,6,7,20778,1330
16695,6,7,21137,0
16695,6,7,20767,490
16695,6,7,20397,700
16695,6,7,20027,770
16695,6,7,19657,840
16695,6,7,18917,910
16695,6,7,18547,980
16695,6,7,17807,1050
16695,6,7,17437,1120
16695,6,7,17067,1190
16695,6,7,1,1260
20774,6,7,21888,0
20774,6,7,21518,490
20774,6,7,21148,770
20774,6,7,20778,980
20774,6,7,1,1260
21127,6,7,22999,0
21127,6,7,22629,420
21127,6,7,22259,630
21127,6,7,21889,910
21127,6,7,21519,1190
21127,6,7,21149,1400
17057,6,7,21878,0
17057,6,7,21508,490
17057,6,7,21138,700
17057,6,7,20768,980
17057,6,7,20398,1190
17057,6,7,20028,1260
17057,6,7,19288,1330
17057,6,7,18918,1400
17057,6,7,18548,1470
24859,6,7,27079,0
24859,6,7,26709,560
24859,6,7,26339,770
24859,6,7,25969,1050
24859,6,7,25599,1260
21136,6,7,22629,0
21136,6,7,22259,490
21136,6,7,21889,770
21136,6,7,21519,980
21136,6,7,21149,1260
21136,6,7,1,1470
17066,6,7,21138,0
17066,6,7,20768,560
17066,6,7,20398,770
17066,6,7,20028,840
17066,6,7,19288,910
17066,6,7,18918,980
17066,6,7,18178,1050
17066,6,7,17808,1120
17066,6,7,17438,1190
17066,6,7,1,1260
18172,6,7,21881,0
18172,6,7,21511,490
18172,6,7,21141,770
18172,6,7,20771,980
18172,6,7,20031,1260
18172,6,7,19661,1330
18172,6,7,19291,1400
18172,6,7,18551,1470
18181,6,7,22251,0
18181,6,7,21881,560
18181,6,7,21511,840
18181,6,7,21141,1050
18181,6,7,20771,1330
23372,6,7,25595,0
23372,6,7,25225,490
23372,6,7,24855,700
23372,6,7,24485,980
23372,6,7,24115,1260
23372,6,7,23745,1470
22247,6,7,24482,0
22247,6,7,24112,490
22247,6,7,23742,700
22247,6,7,23372,980
22247,6,7,23002,1190
22247,6,7,22632,1470
19283,6,7,22254,0
19283,6,7,21884,490
19283,6,7,21514,770
19283,6,7,21144,980
19283,6,7,20774,1260
15213,6,7,21873,0
15213,6,7,21503,490
15213,6,7,21133,770
15213,6,7,20763,980
15213,6,7,20393,1260
15213,6,7,19653,1330
15213,6,7,19283,1400
15213,6,7,18543,1470
22256,6,7,24482,0
22256,6,7,24112,420
22256,6,7,23742,700
22256,6,7,23372,980
22256,6,7,23002,1190
22256,6,7,22632,1470
19292,6,7,21514,0
19292,6,7,21144,560
19292,6,7,20774,840
19292,6,7,20404,1050
19292,6,7,20034,1120
19292,6,7,19664,1190
19292,6,7,1,1260
27822,6,7,29677,0
27822,6,7,29307,490
27822,6,7,28937,700
27822,6,7,28567,980
27822,6,7,28197,1260
27822,6,7,27827,1470
19654,6,7,22255,0
19654,6,7,21885,560
19654,6,7,21515,840
19654,6,7,21145,1050
19654,6,7,20775,1330
16690,6,7,21137,0
16690,6,7,20767,420
16690,6,7,20397,700
16690,6,7,19657,770
16690,6,7,19287,840
16690,6,7,18917,910
16690,6,7,18177,980
16690,6,7,17807,1050
16690,6,7,17067,1120
16690,6,7,16697,1190
16690,6,7,1,1260
20760,6,7,22258,0
20760,6,7,21888,490
20760,6,7,21518,700
20760,6,7,21148,980
20760,6,7,20778,1190
20760,6,7,1,1470
19663,6,7,21885,0
19663,6,7,21515,420
19663,6,7,21145,630
19663,6,7,20775,910
19663,6,7,20405,1120
19663,6,7,20035,1190
19663,6,7,19665,1260
19663,6,7,1,1330
20769,6,7,22628,0
20769,6,7,22258,350
20769,6,7,21888,630
20769,6,7,21518,840
20769,6,7,21148,1120
20769,6,7,20778,1330
23742,6,7,25596,0
23742,6,7,25226,560
23742,6,7,24856,770
23742,6,7,24486,1050
23742,6,7,24116,1260
20778,6,7,22998,0
20778,6,7,22628,420
20778,6,7,22258,700
20778,6,7,21888,910
20778,6,7,21518,1190
20778,6,7,21148,1400
24854,6,7,27079,0
24854,6,7,26709,350
24854,6,7,26339,630
24854,6,7,25969,840
24854,6,7,25599,1120
24854,6,7,25229,1400
17061,6,7,21138,0
17061,6,7,20768,490
17061,6,7,20028,770
17061,6,7,19658,840
17061,6,7,19288,910
17061,6,7,18548,980
17061,6,7,18178,1050
17061,6,7,17438,1120
17061,6,7,17068,1190
17061,6,7,1,1260
21890,6,7,23001,0
21890,6,7,22631,560
21890,6,7,22261,840
21890,6,7,21891,1050
21890,6,7,1,1330
21131,6,7,22999,0
21131,6,7,22629,420
21131,6,7,22259,630
21131,6,7,21889,910
21131,6,7,21519,1120
21131,6,7,21149,1400
18167,6,7,21881,0
18167,6,7,21511,490
18167,6,7,21141,770
18167,6,7,20771,1050
18167,6,7,20401,1260
18167,6,7,20031,1330
18167,6,7,19291,1400
18167,6,7,18921,1470
25969,6,7,27822,0
25969,6,7,27452,560
25969,6,7,27082,840
25969,6,7,26712,1050
25969,6,7,26342,1330
18176,6,7,21511,0
18176,6,7,21141,420
18176,6,7,20771,630
18176,6,7,20401,910
18176,6,7,19661,980
18176,6,7,19291,1050
18176,6,7,18551,1120
18176,6,7,18181,1190
18176,6,7,1,1260
17810,6,7,22250,0
17810,6,7,21880,560
17810,6,7,21510,770
17810,6,7,21140,1050
17810,6,7,20770,1260
26340,6,7,28193,0
26340,6,7,27823,560
26340,6,7,27453,840
26340,6,7,27083,1050
26340,6,7,26713,1330
19278,6,7,22254,0
19278,6,7,21884,420
19278,6,7,21514,700
19278,6,7,21144,910
19278,6,7,20774,1190
19278,6,7,20404,1400
19278,6,7,20034,1470
15208,6,7,20763,0
15208,6,7,20393,560
15208,6,7,20023,630
15208,6,7,19283,700
15208,6,7,18913,770
15208,6,7,18543,840
15208,6,7,17803,910
15208,6,7,17433,980
15208,6,7,16693,1050
15208,6,7,16323,1120
15208,6,7,15953,1190
15208,6,7,15213,1260
15208,6,7,1,1330
22251,6,7,24482,0
22251,6,7,24112,490
22251,6,7,23742,700
22251,6,7,23372,980
22251,6,7,23002,1190
22251,6,7,22632,1470
19287,6,7,21514,0
19287,6,7,21144,560
19287,6,7,20774,770
19287,6,7,20404,1050
19287,6,7,19664,1120
19287,6,7,19294,1190
19287,6,7,1,1260
22260,6,7,24482,0
22260,6,7,24112,350
22260,6,7,23742,630
22260,6,7,23372,910
22260,6,7,23002,1120
22260,6,7,22632,1400
16323,6,7,21136,0
16323,6,7,20766,420
16323,6,7,20396,630
16323,6,7,20026,700
16323,6,7,19656,770
16323,6,7,18916,840
16323,6,7,18546,910
16323,6,7,17806,980
16323,6,7,17436,1050
16323,6,7,17066,1120
16323,6,7,16326,1190
16323,6,7,1,1260
19649,6,7,22255,0
19649,6,7,21885,490
19649,6,7,21515,770
19649,6,7,21145,980
19649,6,7,20775,1260
19649,6,7,20405,1470
27451,6,7,29306,0
27451,6,7,28936,490
27451,6,7,28566,700
27451,6,7,28196,980
27451,6,7,27826,1190
27451,6,7,27456,1470
19658,6,7,21885,0
19658,6,7,21515,350
19658,6,7,21145,630
19658,6,7,20775,840
19658,6,7,20405,1120
19658,6,7,19665,1190
19658,6,7,1,1260
24487,6,7,25968,0
24487,6,7,25598,420
24487,6,7,25228,630
24487,6,7,24858,910
24487,6,7,24488,1190
24487,6,7,1,1400
20764,6,7,22628,0
20764,6,7,22258,420
20764,6,7,21888,630
20764,6,7,21518,910
20764,6,7,21148,1120
20764,6,7,20778,1400
16694,6,7,21137,0
16694,6,7,20767,490
16694,6,7,20397,700
16694,6,7,20027,770
16694,6,7,19287,840
16694,6,7,18917,910
16694,6,7,18177,980
16694,6,7,17807,1050
16694,6,7,17437,1120
16694,6,7,16697,1190
16694,6,7,1,1260
20773,6,7,21888,0
20773,6,7,21518,490
20773,6,7,21148,770
20773,6,7,20778,1050
20773,6,7,1,1260
20407,6,7,22997,0
20407,6,7,22627,420
20407,6,7,22257,630
20407,6,7,21887,910
20407,6,7,21517,1120
20407,6,7,21147,1400
21885,6,7,23371,0
21885,6,7,23001,490
21885,6,7,22631,770
21885,6,7,22261,980
21885,6,7,21891,1260
24858,6,7,26339,0
24858,6,7,25969,350
24858,6,7,25599,630
24858,6,7,25229,840
24858,6,7,24859,1120
24858,6,7,1,1400
17805,6,7,21510,0
17805,6,7,21140,350
17805,6,7,20770,630
17805,6,7,20400,840
17805,6,7,20030,910
17805,6,7,19290,980
17805,6,7,18920,1050
17805,6,7,18180,1120
17805,6,7,17810,1190
17805,6,7,1,1260
14841,6,7,20762,0
14841,6,7,20392,490
14841,6,7,19652,560
14841,6,7,19282,630
14841,6,7,18542,700
14841,6,7,18172,770
14841,6,7,17802,840
14841,6,7,17062,910
14841,6,7,16692,980
14841,6,7,15952,1050
14841,6,7,15582,1120
14841,6,7,15212,1190
14841,6,7,1,1260
23371,6,7,25225,0
23371,6,7,24855,490
23371,6,7,24485,770
23371,6,7,24115,1050
23371,6,7,23745,1260
19282,6,7,22254,0
19282,6,7,21884,350
19282,6,7,21514,560
19282,6,7,21144,840
19282,6,7,20774,1120
19282,6,7,20404,1330
19282,6,7,20034,1400
19282,6,7,19294,1470
15212,6,7,21133,0
15212,6,7,20763,350
15212,6,7,20023,630
15212,6,7,19653,700
15212,6,7,19283,770
15212,6,7,18543,840
15212,6,7,18173,910
15212,6,7,17433,980
15212,6,7,17063,1050
15212,6,7,16693,1120
15212,6,7,15953,1190
15212,6,7,15583,1260
15212,6,7,1,1330
22255,6,7,24482,0
22255,6,7,24112,420
22255,6,7,23742,700
22255,6,7,23372,980
22255,6,7,23002,1190
22255,6,7,22632,1470
16318,6,7,21506,0
16318,6,7,21136,490
16318,6,7,20766,770
16318,6,7,20396,980
16318,6,7,20026,1050
16318,6,7,19286,1120
16318,6,7,18916,1190
16318,6,7,18176,1260
16318,6,7,17806,1330
16318,6,7,17436,1400
16318,6,7,16696,1470
19291,6,7,21514,0
19291,6,7,21144,560
19291,6,7,20774,840
19291,6,7,20404,1050
19291,6,7,20034,1120
19291,6,7,19294,1190
19291,6,7,1,1260
24482,6,7,26708,0
24482,6,7,26338,420
24482,6,7,25968,700
24482,6,7,25598,910
24482,6,7,25228,1190
24482,6,7,24858,1470
27455,6,7,28566,0
27455,6,7,28196,560
27455,6,7,27826,770
27455,6,7,27456,1050
27455,6,7,1,1260
20759,6,7,22258,0
20759,6,7,21888,350
20759,6,7,21518,560
20759,6,7,21148,840
20759,6,7,20778,1120
20759,6,7,1,1330
16689,6,7,21507,0
16689,6,7,21137,560
16689,6,7,20767,770
16689,6,7,20397,1050
16689,6,7,19657,1120
16689,6,7,19287,1190
16689,6,7,18547,1260
16689,6,7,18177,1330
16689,6,7,17807,1400
16689,6,7,17067,1470
20402,6,7,21887,0
20402,6,7,21517,490
20402,6,7,21147,770
20402,6,7,20777,980
20402,6,7,1,1260
21880,6,7,23741,0
21880,6,7,23371,420
21880,6,7,23001,630
21880,6,7,22631,910
21880,6,7,22261,1120
21880,6,7,21891,1400
24853,6,7,27079,0
24853,6,7,26709,420
24853,6,7,26339,630
24853,6,7,25969,910
24853,6,7,25599,1120
24853,6,7,25229,1400
21889,6,7,23741,0
21889,6,7,23371,490
21889,6,7,23001,770
21889,6,7,22631,1050
21889,6,7,22261,1260
25968,6,7,27822,0
25968,6,7,27452,350
25968,6,7,27082,630
25968,6,7,26712,910
25968,6,7,26342,1120
25968,6,7,25972,1400
17800,6,7,21880,0
17800,6,7,21510,560
17800,6,7,21140,840
17800,6,7,20770,1050
17800,6,7,20400,1330
17800,6,7,19660,1400
17800,6,7,19290,1470
17809,6,7,21510,0
17809,6,7,21140,420
17809,6,7,20770,630
17809,6,7,20030,910
17809,6,7,19660,980
17809,6,7,19290,1050
17809,6,7,18550,1120
17809,6,7,18180,1190
17809,6,7,1,1260
23375,6,7,25595,0
23375,6,7,25225,560
23375,6,7,24855,840
23375,6,7,24485,1050
23375,6,7,24115,1330
22250,6,7,24482,0
22250,6,7,24112,490
22250,6,7,23742,700
22250,6,7,23372,980
22250,6,7,23002,1190
22250,6,7,22632,1470
27079,6,7,28935,0
27079,6,7,28565,560
27079,6,7,28195,840
27079,6,7,27825,1050
27079,6,7,27455,1330
19286,6,7,22254,0
19286,6,7,21884,420
19286,6,7,21514,630
19286,6,7,21144,910
19286,6,7,20774,1120
19286,6,7,20404,1400
19286,6,7,19664,1470
16322,6,7,21136,0
16322,6,7,20766,420
16322,6,7,20396,630
16322,6,7,20026,700
16322,6,7,19286,770
16322,6,7,18916,840
16322,6,7,18546,910
16322,6,7,17806,980
16322,6,7,17436,1050
16322,6,7,16696,1120
16322,6,7,16326,1190
16322,6,7,1,1260
24486,6,7,26708,0
24486,6,7,26338,350
24486,6,7,25968,630
24486,6,7,25598,840
24486,6,7,25228,1120
24486,6,7,24858,1400
20388,6,7,21887,0
20388,6,7,21517,560
20388,6,7,21147,840
20388,6,7,20777,1050
20388,6,7,1,1330
20397,6,7,22627,0
20397,6,7,22257,420
20397,6,7,21887,700
20397,6,7,21517,980
20397,6,7,21147,1190
20397,6,7,20777,1470
17433,6,7,21139,0
17433,6,7,20769,560
17433,6,7,20399,770
17433,6,7,20029,840
17433,6,7,19659,910
17433,6,7,18919,980
17433,6,7,18549,1050
17433,6,7,17809,1120
17433,6,7,17439,1190
17433,6,7,1,1260
21875,6,7,23741,0
21875,6,7,23371,420
21875,6,7,23001,700
21875,6,7,22631,910
21875,6,7,22261,1190
21875,6,7,21891,1400
20406,6,7,21887,0
20406,6,7,21517,490
20406,6,7,21147,770
20406,6,7,20777,980
20406,6,7,20407,1260
20406,6,7,1,1330
21884,6,7,23371,0
21884,6,7,23001,350
21884,6,7,22631,630
21884,6,7,22261,910
21884,6,7,21891,1120
21884,6,7,1,1400
24857,6,7,26709,0
24857,6,7,26339,560
24857,6,7,25969,840
24857,6,7,25599,1050
24857,6,7,25229,1330
25972,6,7,28192,0
25972,6,7,27822,560
25972,6,7,27452,770
25972,6,7,27082,1050
25972,6,7,26712,1330
17804,6,7,21510,0
17804,6,7,21140,350
17804,6,7,20770,630
17804,6,7,20400,840
17804,6,7,20030,910
17804,6,7,19290,980
17804,6,7,18920,1050
17804,6,7,18180,1120
17804,6,7,17810,1190
17804,6,7,1,1260
14840,6,7,20762,0
14840,6,7,20392,490
14840,6,7,19652,560
14840,6,7,19282,630
14840,6,7,18912,700
14840,6,7,18172,770
14840,6,7,17802,840
14840,6,7,17062,910
14840,6,7,16692,980
14840,6,7,16322,1050
14840,6,7,15582,1120
14840,6,7,15212,1190
14840,6,7,1,1260
23004,6,7,25594,0
23004,6,7,25224,350
23004,6,7,24854,630
23004,6,7,24484,840
23004,6,7,24114,1120
23004,6,7,23744,1330
19281,6,7,22254,0
19281,6,7,21884,350
19281,6,7,21514,560
19281,6,7,21144,840
19281,6,7,20774,1120
19281,6,7,20404,1330
19281,6,7,20034,1400
19281,6,7,19294,1470
15211,6,7,21133,0
15211,6,7,20763,350
15211,6,7,20023,630
15211,6,7,19653,700
15211,6,7,19283,770
15211,6,7,18543,840
15211,6,7,18173,910
15211,6,7,17433,980
15211,6,7,17063,1050
15211,6,7,16693,1120
15211,6,7,15953,1190
15211,6,7,15583,1260
15211,6,7,1,1330
16317,6,7,21506,0
16317,6,7,21136,490
16317,6,7,20766,770
16317,6,7,20396,980
16317,6,7,20026,1050
16317,6,7,19286,1120
16317,6,7,18916,1190
16317,6,7,18176,1260
16317,6,7,17806,1330
16317,6,7,17436,1400
16317,6,7,16696,1470
27083,6,7,28935,0
27083,6,7,28565,560
27083,6,7,28195,770
27083,6,7,27825,1050
27083,6,7,27455,1260
16326,6,7,21876,0
16326,6,7,21506,560
16326,6,7,21136,840
16326,6,7,20766,1050
16326,6,7,20396,1330
16326,6,7,19656,1400
16326,6,7,19286,1470
18915,6,7,22253,0
18915,6,7,21883,350
18915,6,7,21513,560
18915,6,7,21143,840
18915,6,7,20773,1120
18915,6,7,20403,1330
18915,6,7,20033,1400
18915,6,7,19293,1470
27454,6,7,29306,0
27454,6,7,28936,490
27454,6,7,28566,700
27454,6,7,28196,980
27454,6,7,27826,1190
27454,6,7,27456,1470
20392,6,7,22627,0
20392,6,7,22257,350
20392,6,7,21887,630
20392,6,7,21517,840
20392,6,7,21147,1120
20392,6,7,20777,1330
20401,6,7,21887,0
20401,6,7,21517,490
20401,6,7,21147,770
20401,6,7,20777,980
20401,6,7,1,1260
21879,6,7,23741,0
21879,6,7,23371,420
21879,6,7,23001,630
21879,6,7,22631,910
21879,6,7,22261,1190
21879,6,7,21891,1400
17437,6,7,21139,0
17437,6,7,20769,560
17437,6,7,20399,840
17437,6,7,19659,910
17437,6,7,19289,980
17437,6,7,18549,1050
17437,6,7,18179,1120
17437,6,7,17809,1190
17437,6,7,1,1260
21888,6,7,23741,0
21888,6,7,23371,420
21888,6,7,23001,700
21888,6,7,22631,910
21888,6,7,22261,1190
21888,6,7,21891,1400
17799,6,7,21880,0
17799,6,7,21510,560
17799,6,7,21140,840
17799,6,7,20770,1050
17799,6,7,20030,1330
17799,6,7,19660,1400
17799,6,7,19290,1470
28565,6,7,30049,0
28565,6,7,29679,490
28565,6,7,29309,700
28565,6,7,28939,980
28565,6,7,28569,1190
28565,6,7,1,1470
25601,6,7,27821,0
25601,6,7,27451,560
25601,6,7,27081,770
25601,6,7,26711,1050
25601,6,7,26341,1260
17808,6,7,21510,0
17808,6,7,21140,350
17808,6,7,20770,630
17808,6,7,20030,910
17808,6,7,19660,980
17808,6,7,18920,1050
17808,6,7,18550,1120
17808,6,7,18180,1190
17808,6,7,1,1260
22999,6,7,25224,0
22999,6,7,24854,490
22999,6,7,24484,700
22999,6,7,24114,980
22999,6,7,23744,1260
22999,6,7,23374,1470
20035,6,7,21886,0
20035,6,7,21516,490
20035,6,7,21146,700
20035,6,7,20776,980
20035,6,7,20406,1190
20035,6,7,20036,1260
20035,6,7,1,1330
18910,6,7,21883,0
18910,6,7,21513,560
18910,6,7,21143,770
18910,6,7,20773,1050
18910,6,7,20403,1260
18910,6,7,20033,1330
18910,6,7,19663,1400
18910,6,7,18923,1470
18919,6,7,21513,0
18919,6,7,21143,490
18919,6,7,20773,770
18919,6,7,20403,980
18919,6,7,20033,1050
18919,6,7,19293,1120
18919,6,7,18923,1190
18919,6,7,1,1260
15955,6,7,22245,0
15955,6,7,21875,350
15955,6,7,21505,630
15955,6,7,21135,840
15955,6,7,20765,1120
15955,6,7,20395,1330
15955,6,7,20025,1400
15955,6,7,19285,1470
24485,6,7,26708,0
24485,6,7,26338,420
24485,6,7,25968,700
24485,6,7,25598,910
24485,6,7,25228,1190
24485,6,7,24858,1400
20396,6,7,22627,0
20396,6,7,22257,420
20396,6,7,21887,700
20396,6,7,21517,910
20396,6,7,21147,1190
20396,6,7,20777,1470
17432,6,7,21139,0
17432,6,7,20769,560
17432,6,7,20399,770
17432,6,7,20029,840
17432,6,7,19659,910
17432,6,7,18919,980
17432,6,7,18549,1050
17432,6,7,17809,1120
17432,6,7,17439,1190
17432,6,7,1,1260
21874,6,7,23741,0
21874,6,7,23371,420
21874,6,7,23001,700
21874,6,7,22631,910
21874,6,7,22261,1190
21874,6,7,21891,1400
20405,6,7,21887,0
20405,6,7,21517,490
20405,6,7,21147,770
20405,6,7,20777,980
20405,6,7,20407,1260
20405,6,7,1,1330
21517,6,7,23370,0
21517,6,7,23000,490
21517,6,7,22630,770
21517,6,7,22260,1050
21517,6,7,21890,1260
25596,6,7,27451,0
25596,6,7,27081,560
25596,6,7,26711,840
25596,6,7,26341,1050
25596,6,7,25971,1330
22632,6,7,24113,0
22632,6,7,23743,420
22632,6,7,23373,630
22632,6,7,23003,910
22632,6,7,22633,1190
22632,6,7,1,1400
14839,6,7,20762,0
14839,6,7,20022,490
14839,6,7,19652,560
14839,6,7,18912,630
14839,6,7,18542,700
14839,6,7,18172,770
14839,6,7,17432,840
14839,6,7,17062,910
14839,6,7,16322,980
14839,6,7,15952,1050
14839,6,7,15582,1120
14839,6,7,14842,1190
14839,6,7,1,1260
20021,6,7,22256,0
20021,6,7,21886,560
20021,6,7,21516,770
20021,6,7,21146,1050
20021,6,7,20776,1260
20030,6,7,21886,0
20030,6,7,21516,420
20030,6,7,21146,700
20030,6,7,20776,910
20030,6,7,20036,1190
20030,6,7,1,1260
23003,6,7,24484,0
23003,6,7,24114,420
23003,6,7,23744,700
23003,6,7,23374,910
23003,6,7,23004,1190
23003,6,7,1,1470
27082,6,7,28935,0
27082,6,7,28565,560
27082,6,7,28195,770
27082,6,7,27825,1050
27082,6,7,27455,1260
18914,6,7,22253,0
18914,6,7,21883,350
18914,6,7,21513,560
18914,6,7,21143,840
18914,6,7,20773,1120
18914,6,7,20403,1330
18914,6,7,20033,1400
18914,6,7,19293,1470
15950,6,7,21135,0
15950,6,7,20765,420
15950,6,7,20025,700
15950,6,7,19655,770
15950,6,7,19285,840
15950,6,7,18545,910
15950,6,7,18175,980
15950,6,7,17435,1050
15950,6,7,17065,1120
15950,6,7,16695,1190
15950,6,7,15955,1260
15950,6,7,1,1330
18923,6,7,22623,0
18923,6,7,22253,420
18923,6,7,21883,700
18923,6,7,21513,910
18923,6,7,21143,1190
18923,6,7,20773,1400
24114,6,7,26337,0
24114,6,7,25967,420
24114,6,7,25597,700
24114,6,7,25227,910
24114,6,7,24857,1190
24114,6,7,24487,1400
20391,6,7,22627,0
20391,6,7,22257,350
20391,6,7,21887,630
20391,6,7,21517,840
20391,6,7,21147,1120
20391,6,7,20777,1330
17427,6,7,21879,0
17427,6,7,21509,350
17427,6,7,21139,560
17427,6,7,20769,840
17427,6,7,20029,1120
17427,6,7,19659,1190
17427,6,7,18919,1260
17427,6,7,18549,1330
17427,6,7,18179,1400
17427,6,7,17439,1470
28193,6,7,30048,0
28193,6,7,29678,420
28193,6,7,29308,700
28193,6,7,28938,910
28193,6,7,28568,1190
28193,6,7,28198,1470
20400,6,7,21887,0
20400,6,7,21517,490
20400,6,7,21147,770
20400,6,7,20777,980
20400,6,7,1,1260
25229,6,7,26710,0
25229,6,7,26340,350
25229,6,7,25970,630
25229,6,7,25600,840
25229,6,7,25230,1120
25229,6,7,1,1330
17436,6,7,21139,0
17436,6,7,20769,560
17436,6,7,20029,840
17436,6,7,19659,910
17436,6,7,18919,980
17436,6,7,18549,1050
17436,6,7,18179,1120
17436,6,7,17439,1190
17436,6,7,1,1260
21503,6,7,23370,0
21503,6,7,23000,420
21503,6,7,22630,700
21503,6,7,22260,910
21503,6,7,21890,1190
21503,6,7,21520,1400
21512,6,7,23370,0
21512,6,7,23000,420
21512,6,7,22630,700
21512,6,7,22260,910
21512,6,7,21890,1190
21512,6,7,21520,1470
18548,6,7,21512,0
18548,6,7,21142,420
18548,6,7,20772,700
18548,6,7,20032,980
18548,6,7,19662,1050
18548,6,7,18922,1120
18548,6,7,18552,1190
18548,6,7,1,1260
28564,6,7,30419,0
28564,6,7,30049,420
28564,6,7,29679,700
28564,6,7,29309,910
28564,6,7,28939,1190
28564,6,7,28569,1470
22627,6,7,24853,0
22627,6,7,24483,490
22627,6,7,24113,700
22627,6,7,23743,980
22627,6,7,23373,1190
22627,6,7,23003,1470
25600,6,7,27081,0
25600,6,7,26711,350
25600,6,7,26341,630
25600,6,7,25971,840
25600,6,7,25601,1120
25600,6,7,1,1330
20025,6,7,22626,0
20025,6,7,22256,350
20025,6,7,21886,630
20025,6,7,21516,910
20025,6,7,21146,1120
20025,6,7,20776,1400
22998,6,7,25224,0
22998,6,7,24854,490
22998,6,7,24484,770
22998,6,7,24114,980
22998,6,7,23744,1260
22998,6,7,23374,1470
20034,6,7,21886,0
20034,6,7,21516,420
20034,6,7,21146,700
20034,6,7,20776,980
20034,6,7,20406,1190
20034,6,7,20036,1260
20034,6,7,1,1330
18909,6,7,22253,0
18909,6,7,21883,350
18909,6,7,21513,630
18909,6,7,21143,840
18909,6,7,20773,1120
18909,6,7,20033,1400
18909,6,7,19663,1470
26711,6,7,28564,0
26711,6,7,28194,490
26711,6,7,27824,770
26711,6,7,27454,1050
26711,6,7,27084,1260
18918,6,7,21513,0
18918,6,7,21143,490
18918,6,7,20773,770
18918,6,7,20403,980
18918,6,7,20033,1050
18918,6,7,19293,1120
18918,6,7,18923,1190
18918,6,7,1,1260
15954,6,7,21135,0
15954,6,7,20765,490
15954,6,7,20395,700
15954,6,7,20025,770
15954,6,7,19285,840
15954,6,7,18915,910
15954,6,7,18175,980
15954,6,7,17805,1050
15954,6,7,17435,1120
15954,6,7,16695,1190
15954,6,7,16325,1260
15954,6,7,1,1330
21145,6,7,22999,0
21145,6,7,22629,350
21145,6,7,22259,630
21145,6,7,21889,910
21145,6,7,21519,1120
21145,6,7,21149,1400
25224,6,7,27450,0
25224,6,7,27080,350
25224,6,7,26710,630
25224,6,7,26340,910
25224,6,7,25970,1120
25224,6,7,25600,1400
17431,6,7,21879,0
17431,6,7,21509,420
17431,6,7,21139,630
17431,6,7,20769,910
17431,6,7,20399,1120
17431,6,7,20029,1190
17431,6,7,19289,1260
17431,6,7,18919,1330
17431,6,7,18549,1400
17431,6,7,17809,1470
21498,6,7,23370,0
21498,6,7,23000,420
21498,6,7,22630,700
21498,6,7,22260,910
21498,6,7,21890,1190
21498,6,7,21520,1470
21507,6,7,23000,0
21507,6,7,22630,420
21507,6,7,22260,700
21507,6,7,21890,910
21507,6,7,21520,1190
21507,6,7,1,1470
18543,6,7,21882,0
18543,6,7,21512,560
18543,6,7,21142,770
18543,6,7,20772,1050
18543,6,7,20402,1260
18543,6,7,20032,1330
18543,6,7,19662,1400
18543,6,7,18922,1470
21516,6,7,23370,0
21516,6,7,23000,350
21516,6,7,22630,630
21516,6,7,22260,840
21516,6,7,21890,1120
21516,6,7,21520,1330
15579,6,7,21134,0
15579,6,7,20764,350
15579,6,7,20394,630
15579,6,7,19654,700
15579,6,7,19284,770
15579,6,7,18914,840
15579,6,7,18174,910
15579,6,7,17804,980
15579,6,7,17064,1050
15579,6,7,16694,1120
15579,6,7,16324,1190
15579,6,7,15584,1260
15579,6,7,1,1330
18552,6,7,22622,0
18552,6,7,22252,350
18552,6,7,21882,630
18552,6,7,21512,910
18552,6,7,21142,1120
18552,6,7,20772,1400
22622,6,7,24853,0
22622,6,7,24483,490
22622,6,7,24113,700
22622,6,7,23743,980
22622,6,7,23373,1190
22622,6,7,23003,1470
25595,6,7,27821,0
25595,6,7,27451,350
25595,6,7,27081,560
25595,6,7,26711,840
25595,6,7,26341,1120
25595,6,7,25971,1330
22631,6,7,24853,0
22631,6,7,24483,350
22631,6,7,24113,630
22631,6,7,23743,910
22631,6,7,23373,1120
22631,6,7,23003,1400
20020,6,7,22256,0
20020,6,7,21886,560
20020,6,7,21516,770
20020,6,7,21146,1050
20020,6,7,20776,1330
20029,6,7,21886,0
20029,6,7,21516,420
20029,6,7,21146,700
20029,6,7,20776,910
20029,6,7,20036,1190
20029,6,7,1,1260
18913,6,7,22253,0
18913,6,7,21883,490
18913,6,7,21513,700
18913,6,7,21143,980
18913,6,7,20773,1190
18913,6,7,20403,1470
15949,6,7,21135,0
15949,6,7,20765,420
15949,6,7,20025,700
15949,6,7,19655,770
15949,6,7,19285,840
15949,6,7,18545,910
15949,6,7,18175,980
15949,6,7,17435,1050
15949,6,7,17065,1120
15949,6,7,16695,1190
15949,6,7,15955,1260
15949,6,7,1,1330
21140,6,7,22629,0
21140,6,7,22259,560
21140,6,7,21889,840
21140,6,7,21519,1050
21140,6,7,21149,1330
24113,6,7,25967,0
24113,6,7,25597,490
24113,6,7,25227,700
24113,6,7,24857,980
24113,6,7,24487,1190
24113,6,7,24117,1470
21149,6,7,23369,0
21149,6,7,22999,420
21149,6,7,22629,700
21149,6,7,22259,980
21149,6,7,21889,1190
21149,6,7,21519,1470
25228,6,7,27080,0
25228,6,7,26710,560
25228,6,7,26340,840
25228,6,7,25970,1050
25228,6,7,25600,1330
21502,6,7,23370,0
21502,6,7,23000,420
21502,6,7,22630,700
21502,6,7,22260,910
21502,6,7,21890,1190
21502,6,7,21520,1470
21511,6,7,23000,0
21511,6,7,22630,490
21511,6,7,22260,770
21511,6,7,21890,1050
21511,6,7,21520,1260
18547,6,7,21512,0
18547,6,7,21142,420
18547,6,7,20772,700
18547,6,7,20032,980
18547,6,7,19662,1050
18547,6,7,18922,1120
18547,6,7,18552,1190
18547,6,7,1,1260
21520,6,7,23740,0
21520,6,7,23370,490
21520,6,7,23000,700
21520,6,7,22630,980
21520,6,7,22260,1260
21520,6,7,21890,1470
15583,6,7,21134,0
15583,6,7,20764,420
15583,6,7,20394,630
15583,6,7,20024,700
15583,6,7,19654,770
15583,6,7,18914,840
15583,6,7,18544,910
15583,6,7,17804,980
15583,6,7,17434,1050
15583,6,7,17064,1120
15583,6,7,16324,1190
15583,6,7,15954,1260
15583,6,7,1,1330
22626,6,7,24853,0
22626,6,7,24483,490
22626,6,7,24113,700
22626,6,7,23743,980
22626,6,7,23373,1190
22626,6,7,23003,1470
20024,6,7,22256,0
20024,6,7,21886,490
20024,6,7,21516,700
20024,6,7,21146,980
20024,6,7,20776,1190
20024,6,7,20406,1470
18908,6,7,22253,0
18908,6,7,21883,350
18908,6,7,21513,630
18908,6,7,21143,840
18908,6,7,20773,1120
18908,6,7,20033,1400
18908,6,7,19663,1470
26710,6,7,28194,0
26710,6,7,27824,560
26710,6,7,27454,840
26710,6,7,27084,1050
26710,6,7,26714,1330
23746,6,7,26336,0
23746,6,7,25966,350
23746,6,7,25596,560
23746,6,7,25226,840
23746,6,7,24856,1120
23746,6,7,24486,1330
21135,6,7,22629,0
21135,6,7,22259,490
21135,6,7,21889,770
21135,6,7,21519,980
21135,6,7,21149,1260
21135,6,7,1,1470
17065,6,7,21138,0
17065,6,7,20768,490
17065,6,7,20398,770
17065,6,7,19658,840
17065,6,7,19288,910
17065,6,7,18548,980
17065,6,7,18178,1050
17065,6,7,17808,1120
17065,6,7,17068,1190
17065,6,7,1,1260
18171,6,7,22251,0
18171,6,7,21881,350
18171,6,7,21511,630
18171,6,7,21141,840
18171,6,7,20771,1120
18171,6,7,20031,1400
18171,6,7,19661,1470
21144,6,7,22999,0
21144,6,7,22629,350
21144,6,7,22259,630
21144,6,7,21889,910
21144,6,7,21519,1120
21144,6,7,21149,1400
24117,6,7,26337,0
24117,6,7,25967,560
24117,6,7,25597,840
24117,6,7,25227,1050
24117,6,7,24857,1330
18180,6,7,21511,0
18180,6,7,21141,420
18180,6,7,20771,700
18180,6,7,20401,910
18180,6,7,20031,980
18180,6,7,19661,1050
18180,6,7,18921,1120
18180,6,7,18551,1190
18180,6,7,1,1260
21506,6,7,23370,0
21506,6,7,23000,420
21506,6,7,22630,700
21506,6,7,22260,910
21506,6,7,21890,1190
21506,6,7,21520,1400
18542,6,7,22252,0
18542,6,7,21882,420
18542,6,7,21512,700
18542,6,7,21142,910
18542,6,7,20772,1190
18542,6,7,20402,1400
18542,6,7,20032,1470
21515,6,7,23370,0
21515,6,7,23000,350
21515,6,7,22630,630
21515,6,7,22260,840
21515,6,7,21890,1120
21515,6,7,21520,1330
15578,6,7,21134,0
15578,6,7,20764,350
15578,6,7,20394,630
15578,6,7,19654,700
15578,6,7,19284,770
15578,6,7,18914,840
15578,6,7,18174,910
15578,6,7,17804,980
15578,6,7,17064,1050
15578,6,7,16694,1120
15578,6,7,16324,1190
15578,6,7,15584,1260
15578,6,7,1,1330
18551,6,7,21512,0
18551,6,7,21142,490
18551,6,7,20772,770
18551,6,7,20402,980
18551,6,7,20032,1050
18551,6,7,19292,1120
18551,6,7,18922,1190
18551,6,7,1,1260
22630,6,7,24853,0
22630,6,7,24483,490
22630,6,7,24113,700
22630,6,7,23743,980
22630,6,7,23373,1190
22630,6,7,23003,1470
14471,6,7,21501,0
14471,6,7,21131,490
14471,6,7,20761,700
14471,6,7,20021,980
14471,6,7,19651,1050
14471,6,7,19281,1120
14471,6,7,18541,1190
14471,6,7,18171,1260
14471,6,7,17431,1330
14471,6,7,17061,1400
14471,6,7,16691,1470
20019,6,7,22256,0
20019,6,7,21886,350
20019,6,7,21516,630
20019,6,7,21146,840
20019,6,7,20776,1120
20019,6,7,20036,1400
20019,6,7,1,1470
19653,6,7,22255,0
19653,6,7,21885,420
19653,6,7,21515,630
19653,6,7,21145,910
19653,6,7,20775,1190
19653,6,7,20405,1400
19653,6,7,20035,1470
19662,6,7,21885,0
19662,6,7,21515,350
19662,6,7,21145,630
19662,6,7,20775,910
19662,6,7,20405,1120
19662,6,7,20035,1190
19662,6,7,1,1260
20768,6,7,22628,0
20768,6,7,22258,490
20768,6,7,21888,700
20768,6,7,21518,980
20768,6,7,21148,1260
20768,6,7,20778,1470
23741,6,7,25966,0
23741,6,7,25596,490
23741,6,7,25226,700
23741,6,7,24856,980
23741,6,7,24486,1190
23741,6,7,24116,1470
26714,6,7,28934,0
26714,6,7,28564,560
26714,6,7,28194,770
26714,6,7,27824,1050
26714,6,7,27454,1260
20777,6,7,21888,0
20777,6,7,21518,560
20777,6,7,21148,770
20777,6,7,20778,1050
20777,6,7,1,1260
17060,6,7,21878,0
17060,6,7,21508,350
17060,6,7,21138,560
17060,6,7,20768,840
17060,6,7,20028,1120
17060,6,7,19658,1190
17060,6,7,18918,1260
17060,6,7,18548,1330
17060,6,7,18178,1400
17060,6,7,17438,1470
21130,6,7,22999,0
21130,6,7,22629,420
21130,6,7,22259,630
21130,6,7,21889,910
21130,6,7,21519,1120
21130,6,7,21149,1400
21139,6,7,22999,0
21139,6,7,22629,420
21139,6,7,22259,630
21139,6,7,21889,910
21139,6,7,21519,1120
21139,6,7,21149,1400
24112,6,7,26337,0
24112,6,7,25967,420
24112,6,7,25597,630
24112,6,7,25227,910
24112,6,7,24857,1190
24112,6,7,24487,1400
18175,6,7,21511,0
18175,6,7,21141,420
18175,6,7,20771,630
18175,6,7,20401,910
18175,6,7,19661,980
18175,6,7,19291,1050
18175,6,7,18551,1120
18175,6,7,18181,1190
18175,6,7,1,1260
21148,6,7,22259,0
21148,6,7,21889,560
21148,6,7,21519,770
21148,6,7,21149,1050
21148,6,7,1,1260
25227,6,7,27450,0
25227,6,7,27080,350
25227,6,7,26710,630
25227,6,7,26340,840
25227,6,7,25970,1120
25227,6,7,25600,1400
21501,6,7,23370,0
21501,6,7,23000,420
21501,6,7,22630,700
21501,6,7,22260,910
21501,6,7,21890,1190
21501,6,7,21520,1470
18537,6,7,21882,0
18537,6,7,21512,560
18537,6,7,21142,840
18537,6,7,20772,1050
18537,6,7,20402,1330
18537,6,7,19662,1400
18537,6,7,19292,1470
26339,6,7,28193,0
26339,6,7,27823,350
26339,6,7,27453,630
26339,6,7,27083,910
26339,6,7,26713,1120
26339,6,7,26343,1400
18546,6,7,21512,0
18546,6,7,21142,420
18546,6,7,20772,700
18546,6,7,20032,980
18546,6,7,19662,1050
18546,6,7,18922,1120
18546,6,7,18552,1190
18546,6,7,1,1260
15582,6,7,21134,0
15582,6,7,20764,420
15582,6,7,20394,630
15582,6,7,20024,700
15582,6,7,19654,770
15582,6,7,18914,840
15582,6,7,18544,910
15582,6,7,17804,980
15582,6,7,17434,1050
15582,6,7,17064,1120
15582,6,7,16324,1190
15582,6,7,15954,1260
15582,6,7,1,1330
22259,6,7,24482,0
22259,6,7,24112,490
22259,6,7,23742,700
22259,6,7,23372,980
22259,6,7,23002,1190
22259,6,7,22632,1470
27825,6,7,29677,0
27825,6,7,29307,490
27825,6,7,28937,700
27825,6,7,28567,980
27825,6,7,28197,1190
27825,6,7,27827,1470
19648,6,7,21885,0
19648,6,7,21515,560
19648,6,7,21145,840
19648,6,7,20775,1050
19648,6,7,20405,1330
19648,6,7,19665,1400
19648,6,7,1,1470
19657,6,7,22255,0
19657,6,7,21885,490
19657,6,7,21515,700
19657,6,7,21145,980
19657,6,7,20775,1190
19657,6,7,20405,1470
20763,6,7,22628,0
20763,6,7,22258,350
20763,6,7,21888,630
20763,6,7,21518,910
20763,6,7,21148,1120
20763,6,7,20778,1400
16693,6,7,21137,0
16693,6,7,20767,420
16693,6,7,20397,700
16693,6,7,19657,770
16693,6,7,19287,840
16693,6,7,18917,910
16693,6,7,18177,980
16693,6,7,17807,1050
16693,6,7,17067,1120
16693,6,7,16697,1190
16693,6,7,1,1260
13729,6,7,21499,0
13729,6,7,21129,350
13729,6,7,20759,630
13729,6,7,20389,840
13729,6,7,20019,910
13729,6,7,19279,980
13729,6,7,18909,1050
13729,6,7,18539,1120
13729,6,7,17799,1190
13729,6,7,17429,1260
13729,6,7,16689,1330
13729,6,7,16319,1400
13729,6,7,15949,1470
26709,6,7,28564,0
26709,6,7,28194,560
26709,6,7,27824,770
26709,6,7,27454,1050
26709,6,7,27084,1260
20772,6,7,21888,0
20772,6,7,21518,490
20772,6,7,21148,770
20772,6,7,20778,1050
20772,6,7,1,1260
23745,6,7,25226,0
23745,6,7,24856,420
23745,6,7,24486,700
23745,6,7,24116,910
23745,6,7,23746,1190
23745,6,7,1,1400
21134,6,7,22629,0
21134,6,7,22259,350
21134,6,7,21889,630
21134,6,7,21519,840
21134,6,7,21149,1120
21134,6,7,1,1330
17064,6,7,21138,0
17064,6,7,20768,490
17064,6,7,20028,770
17064,6,7,19658,840
17064,6,7,19288,910
17064,6,7,18548,980
17064,6,7,18178,1050
17064,6,7,17438,1120
17064,6,7,17068,1190
17064,6,7,1,1260
18170,6,7,22251,0
18170,6,7,21881,350
18170,6,7,21511,630
18170,6,7,21141,840
18170,6,7,20771,1120
18170,6,7,20401,1330
18170,6,7,20031,1400
18170,6,7,19661,1470
14100,6,7,21500,0
14100,6,7,21130,420
14100,6,7,20760,630
14100,6,7,20390,910
14100,6,7,19650,980
14100,6,7,19280,1050
14100,6,7,18910,1120
14100,6,7,18170,1190
14100,6,7,17800,1260
14100,6,7,17060,1330
14100,6,7,16690,1400
14100,6,7,16320,1470
21143,6,7,22999,0
21143,6,7,22629,490
21143,6,7,22259,770
21143,6,7,21889,980
21143,6,7,21519,1260
21143,6,7,21149,1470
18179,6,7,21511,0
18179,6,7,21141,420
18179,6,7,20771,700
18179,6,7,20401,910
18179,6,7,20031,980
18179,6,7,19291,1050
18179,6,7,18921,1120
18179,6,7,18551,1190
18179,6,7,1,1260
23370,6,7,25595,0
23370,6,7,25225,490
23370,6,7,24855,700
23370,6,7,24485,980
23370,6,7,24115,1190
23370,6,7,23745,1470
15577,6,7,21134,0
15577,6,7,20764,350
15577,6,7,20394,630
15577,6,7,19654,700
15577,6,7,19284,770
15577,6,7,18914,840
15577,6,7,18174,910
15577,6,7,17804,980
15577,6,7,17064,1050
15577,6,7,16694,1120
15577,6,7,16324,1190
15577,6,7,15584,1260
15577,6,7,1,1330
26343,6,7,28563,0
26343,6,7,28193,560
26343,6,7,27823,770
26343,6,7,27453,1050
26343,6,7,27083,1330
22254,6,7,24482,0
22254,6,7,24112,490
22254,6,7,23742,700
22254,6,7,23372,980
22254,6,7,23002,1190
22254,6,7,22632,1470
19290,6,7,21514,0
19290,6,7,21144,560
19290,6,7,20774,770
19290,6,7,20404,1050
19290,6,7,19664,1120
19290,6,7,19294,1190
19290,6,7,1,1260
19652,6,7,22255,0
19652,6,7,21885,420
19652,6,7,21515,630
19652,6,7,21145,910
19652,6,7,20775,1190
19652,6,7,20405,1400
19652,6,7,20035,1470
20758,6,7,22258,0
20758,6,7,21888,420
20758,6,7,21518,700
20758,6,7,21148,910
20758,6,7,20778,1190
20758,6,7,1,1400
16688,6,7,21507,0
16688,6,7,21137,560
16688,6,7,20767,770
16688,6,7,20397,1050
16688,6,7,19657,1120
16688,6,7,19287,1190
16688,6,7,18547,1260
16688,6,7,18177,1330
16688,6,7,17807,1400
16688,6,7,17067,1470
19661,6,7,21885,0
19661,6,7,21515,350
19661,6,7,21145,630
19661,6,7,20775,840
19661,6,7,20405,1120
19661,6,7,19665,1190
19661,6,7,1,1260
20767,6,7,22628,0
20767,6,7,22258,490
20767,6,7,21888,700
20767,6,7,21518,980
20767,6,7,21148,1190
20767,6,7,20778,1470
16697,6,7,22247,0
16697,6,7,21877,350
16697,6,7,21507,630
16697,6,7,21137,910
16697,6,7,20767,1120
16697,6,7,20027,1400
16697,6,7,19657,1470
23740,6,7,25966,0
23740,6,7,25596,490
23740,6,7,25226,770
23740,6,7,24856,980
23740,6,7,24486,1260
23740,6,7,24116,1470
20776,6,7,21888,0
20776,6,7,21518,560
20776,6,7,21148,770
20776,6,7,20778,1050
20776,6,7,1,1260
17059,6,7,21878,0
17059,6,7,21508,350
17059,6,7,21138,560
17059,6,7,20768,840
17059,6,7,20028,1120
17059,6,7,19658,1190
17059,6,7,18918,1260
17059,6,7,18548,1330
17059,6,7,18178,1400
17059,6,7,17438,1470
21129,6,7,22999,0
21129,6,7,22629,420
21129,6,7,22259,630
21129,6,7,21889,910
21129,6,7,21519,1120
21129,6,7,21149,1400
21138,6,7,22999,0
21138,6,7,22629,420
21138,6,7,22259,630
21138,6,7,21889,910
21138,6,7,21519,1120
21138,6,7,21149,1400
25967,6,7,27822,0
25967,6,7,27452,560
25967,6,7,27082,840
25967,6,7,26712,1050
25967,6,7,26342,1330
18174,6,7,21511,0
18174,6,7,21141,420
18174,6,7,20771,630
18174,6,7,20401,910
18174,6,7,19661,980
18174,6,7,19291,1050
18174,6,7,18551,1120
18174,6,7,18181,1190
18174,6,7,1,1260
26338,6,7,28193,0
26338,6,7,27823,560
26338,6,7,27453,840
26338,6,7,27083,1050
26338,6,7,26713,1330
23374,6,7,24855,0
23374,6,7,24485,420
23374,6,7,24115,700
23374,6,7,23745,910
23374,6,7,23375,1190
23374,6,7,1,1400
22249,6,7,24482,0
22249,6,7,24112,490
22249,6,7,23742,700
22249,6,7,23372,980
22249,6,7,23002,1190
22249,6,7,22632,1470
19285,6,7,22254,0
19285,6,7,21884,420
19285,6,7,21514,630
19285,6,7,21144,910
19285,6,7,20774,1120
19285,6,7,20404,1400
19285,6,7,19664,1470
22258,6,7,24112,0
22258,6,7,23742,490
22258,6,7,23372,770
22258,6,7,23002,980
22258,6,7,22632,1260
16321,6,7,21136,0
16321,6,7,20766,420
16321,6,7,20396,630
16321,6,7,20026,700
16321,6,7,19286,770
16321,6,7,18916,840
16321,6,7,18546,910
16321,6,7,17806,980
16321,6,7,17436,1050
16321,6,7,16696,1120
16321,6,7,16326,1190
16321,6,7,1,1260
19294,6,7,22624,0
19294,6,7,22254,490
19294,6,7,21884,700
19294,6,7,21514,980
19294,6,7,21144,1260
19294,6,7,20774,1470
19647,6,7,21885,0
19647,6,7,21515,560
19647,6,7,21145,840
19647,6,7,20775,1050
19647,6,7,20405,1330
19647,6,7,19665,1400
19647,6,7,1,1470
19656,6,7,22255,0
19656,6,7,21885,490
19656,6,7,21515,700
19656,6,7,21145,980
19656,6,7,20775,1190
19656,6,7,20405,1470
20762,6,7,22628,0
20762,6,7,22258,420
20762,6,7,21888,630
20762,6,7,21518,910
20762,6,7,21148,1120
20762,6,7,20778,1400
16692,6,7,21137,0
16692,6,7,20767,420
16692,6,7,20397,700
16692,6,7,19657,770
16692,6,7,19287,840
16692,6,7,18917,910
16692,6,7,18177,980
16692,6,7,17807,1050
16692,6,7,17067,1120
16692,6,7,16697,1190
16692,6,7,1,1260
19665,6,7,22625,0
19665,6,7,22255,560
19665,6,7,21885,770
19665,6,7,21515,1050
19665,6,7,21145,1330
20771,6,7,21888,0
20771,6,7,21518,490
20771,6,7,21148,770
20771,6,7,20778,1050
20771,6,7,1,1260
21883,6,7,23371,0
21883,6,7,23001,490
21883,6,7,22631,700
21883,6,7,22261,980
21883,6,7,21891,1190
21883,6,7,1,1470
24856,6,7,27079,0
24856,6,7,26709,420
24856,6,7,26339,630
24856,6,7,25969,910
24856,6,7,25599,1120
24856,6,7,25229,1400
28935,6,7,30790,0
28935,6,7,30420,420
28935,6,7,30050,700
28935,6,7,29680,910
28935,6,7,29310,1190
28935,6,7,28940,1400
18169,6,7,21881,0
18169,6,7,21511,420
18169,6,7,21141,700
18169,6,7,20771,910
18169,6,7,20401,1190
18169,6,7,19661,1260
18169,6,7,19291,1330
18169,6,7,18921,1400
18169,6,7,18181,1470
25971,6,7,27452,0
25971,6,7,27082,350
25971,6,7,26712,630
25971,6,7,26342,840
25971,6,7,25972,1120
25971,6,7,1,1330
17803,6,7,21510,0
17803,6,7,21140,350
17803,6,7,20770,630
17803,6,7,20400,840
17803,6,7,20030,910
17803,6,7,19290,980
17803,6,7,18920,1050
17803,6,7,18180,1120
17803,6,7,17810,1190
17803,6,7,1,1260
23369,6,7,25595,0
23369,6,7,25225,490
23369,6,7,24855,770
23369,6,7,24485,980
23369,6,7,24115,1260
23369,6,7,23745,1470
26342,6,7,27823,0
26342,6,7,27453,350
26342,6,7,27083,630
26342,6,7,26713,840
26342,6,7,26343,1120
26342,6,7,1,1330
19280,6,7,22254,0
19280,6,7,21884,420
19280,6,7,21514,700
19280,6,7,21144,910
19280,6,7,20774,1190
19280,6,7,20404,1400
19280,6,7,20034,1470
15210,6,7,20763,0
15210,6,7,20393,560
15210,6,7,20023,630
15210,6,7,19283,700
15210,6,7,18913,770
15210,6,7,18543,840
15210,6,7,17803,910
15210,6,7,17433,980
15210,6,7,16693,1050
15210,6,7,16323,1120
15210,6,7,15953,1190
15210,6,7,15213,1260
15210,6,7,1,1330
22253,6,7,24482,0
22253,6,7,24112,420
22253,6,7,23742,700
22253,6,7,23372,980
22253,6,7,23002,1190
22253,6,7,22632,1470
19289,6,7,21514,0
19289,6,7,21144,560
19289,6,7,20774,770
19289,6,7,20404,1050
19289,6,7,19664,1120
19289,6,7,19294,1190
19289,6,7,1,1260
22262,6,7,24852,0
22262,6,7,24482,350
22262,6,7,24112,560
22262,6,7,23742,840
22262,6,7,23372,1120
22262,6,7,23002,1330
16325,6,7,21136,0
16325,6,7,20766,420
16325,6,7,20396,700
16325,6,7,19656,770
16325,6,7,19286,840
16325,6,7,18546,910
16325,6,7,18176,980
16325,6,7,17806,1050
16325,6,7,17066,1120
16325,6,7,16696,1190
16325,6,7,1,1260
19651,6,7,22255,0
19651,6,7,21885,490
19651,6,7,21515,770
19651,6,7,21145,980
19651,6,7,20775,1260
19651,6,7,20405,1470
20757,6,7,22258,0
20757,6,7,21888,420
20757,6,7,21518,630
20757,6,7,21148,910
20757,6,7,20778,1120
20757,6,7,1,1400
27453,6,7,29306,0
27453,6,7,28936,490
27453,6,7,28566,700
27453,6,7,28196,980
27453,6,7,27826,1190
27453,6,7,27456,1470
20766,6,7,22258,0
20766,6,7,21888,560
20766,6,7,21518,840
20766,6,7,21148,1050
20766,6,7,20778,1330
16696,6,7,21137,0
16696,6,7,20767,490
16696,6,7,20027,770
16696,6,7,19657,840
16696,6,7,18917,910
16696,6,7,18547,980
16696,6,7,18177,1050
16696,6,7,17437,1120
16696,6,7,17067,1190
16696,6,7,1,1260
21878,6,7,23741,0
21878,6,7,23371,420
21878,6,7,23001,630
21878,6,7,22631,910
21878,6,7,22261,1190
21878,6,7,21891,1400
21887,7,8,23371,0
21887,7,8,23001,560
21887,7,8,22631,770
21887,7,8,22261,1050
21887,7,8,21891,1260
25966,7,8,27822,0
25966,7,8,27452,490
25966,7,8,27082,700
25966,7,8,26712,980
25966,7,8,26342,1190
25966,7,8,25972,1470
28939,7,8,30050,0
28939,7,8,29680,350
28939,7,8,29310,630
28939,7,8,28940,840
28939,7,8,1,1120
17807,7,8,21140,0
17807,7,8,20770,490
17807,7,8,20400,700
17807,7,8,20030,770
17807,7,8,19660,840
17807,7,8,18920,910
17807,7,8,18550,980
17807,7,8,17810,1050
17807,7,8,1,1120
23373,7,8,25225,0
23373,7,8,24855,490
23373,7,8,24485,770
23373,7,8,24115,980
23373,7,8,23745,1260
23373,7,8,23375,1470
22248,7,8,24482,0
22248,7,8,24112,350
22248,7,8,23742,560
22248,7,8,23372,840
22248,7,8,23002,1120
22248,7,8,22632,1330
19284,7,8,22254,0
19284,7,8,21884,350
19284,7,8,21514,630
19284,7,8,21144,910
19284,7,8,20774,1120
19284,7,8,20034,1400
19284,7,8,19664,1470
30050,7,8,31533,0
30050,7,8,31163,560
30050,7,8,30793,770
30050,7,8,30423,1050
30050,7,8,30053,1330
16320,7,8,20766,0
16320,7,8,20396,490
16320,7,8,20026,560
16320,7,8,19656,630
16320,7,8,18916,700
16320,7,8,18546,770
16320,7,8,17806,840
16320,7,8,17436,910
16320,7,8,17066,980
16320,7,8,16326,1050
16320,7,8,1,1120
19293,7,8,21514,0
19293,7,8,21144,420
19293,7,8,20774,700
19293,7,8,20034,980
19293,7,8,19664,1050
19293,7,8,1,1120
24484,7,8,26338,0
24484,7,8,25968,350
24484,7,8,25598,560
24484,7,8,25228,840
24484,7,8,24858,1120
24484,7,8,24488,1330
20761,7,8,21888,0
20761,7,8,21518,560
20761,7,8,21148,840
20761,7,8,20778,1050
20761,7,8,1,1330
20395,7,8,22257,0
20395,7,8,21887,420
20395,7,8,21517,630
20395,7,8,21147,910
20395,7,8,20777,1120
20395,7,8,20407,1400
20395,7,8,1,1470
21873,7,8,23371,0
21873,7,8,23001,560
21873,7,8,22631,770
21873,7,8,22261,1050
21873,7,8,21891,1260
20404,7,8,21887,0
20404,7,8,21517,350
20404,7,8,21147,630
20404,7,8,20777,840
20404,7,8,1,1120
21882,7,8,23001,0
21882,7,8,22631,560
21882,7,8,22261,770
21882,7,8,21891,1050
21882,7,8,1,1260
24855,7,8,26339,0
24855,7,8,25969,560
24855,7,8,25599,840
24855,7,8,25229,1050
24855,7,8,24859,1330
21891,7,8,24111,0
21891,7,8,23741,350
21891,7,8,23371,560
21891,7,8,23001,840
21891,7,8,22631,1120
21891,7,8,22261,1330
28934,7,8,30420,0
28934,7,8,30050,560
28934,7,8,29680,840
28934,7,8,29310,1050
28934,7,8,28940,1330
25970,7,8,27822,0
25970,7,8,27452,420
25970,7,8,27082,700
25970,7,8,26712,910
25970,7,8,26342,1190
25970,7,8,25972,1400
17802,7,8,21510,0
17802,7,8,21140,560
17802,7,8,20770,840
17802,7,8,20400,1050
17802,7,8,20030,1120
17802,7,8,19290,1190
17802,7,8,18920,1260
17802,7,8,18180,1330
17802,7,8,17810,1400
17802,7,8,1,1470
28568,7,8,29679,0
28568,7,8,29309,350
28568,7,8,28939,630
28568,7,8,28569,840
28568,7,8,1,1120
23002,7,8,24854,0
23002,7,8,24484,490
23002,7,8,24114,770
23002,7,8,23744,1050
23002,7,8,23374,1260
19279,7,8,21884,0
19279,7,8,21514,560
19279,7,8,21144,770
19279,7,8,20774,1050
19279,7,8,20404,1260
19279,7,8,20034,1330
19279,7,8,19294,1400
19279,7,8,1,1470
27081,7,8,28565,0
27081,7,8,28195,420
27081,7,8,27825,700
27081,7,8,27455,910
27081,7,8,27085,1190
27081,7,8,1,1470
19288,7,8,21514,0
19288,7,8,21144,420
19288,7,8,20774,700
19288,7,8,20404,910
19288,7,8,20034,980
19288,7,8,19294,1050
19288,7,8,1,1120
16324,7,8,20766,0
16324,7,8,20396,560
16324,7,8,19656,630
16324,7,8,19286,700
16324,7,8,18546,770
16324,7,8,18176,840
16324,7,8,17806,910
16324,7,8,17066,980
16324,7,8,16696,1050
16324,7,8,1,1120
18922,7,8,21513,0
18922,7,8,21143,420
18922,7,8,20773,630
18922,7,8,20403,910
18922,7,8,19663,980
18922,7,8,19293,1050
18922,7,8,1,1120
27452,7,8,28936,0
27452,7,8,28566,350
27452,7,8,28196,630
27452,7,8,27826,910
27452,7,8,27456,1120
27452,7,8,1,1400
24488,7,8,26708,0
24488,7,8,26338,420
24488,7,8,25968,700
24488,7,8,25598,910
24488,7,8,25228,1190
24488,7,8,24858,1400
20390,7,8,21887,0
20390,7,8,21517,560
20390,7,8,21147,770
20390,7,8,20777,1050
20390,7,8,1,1330
20399,7,8,22257,0
20399,7,8,21887,420
20399,7,8,21517,700
20399,7,8,21147,910
20399,7,8,20777,1190
20399,7,8,1,1470
17435,7,8,21139,0
17435,7,8,20769,420
17435,7,8,20399,630
17435,7,8,20029,700
17435,7,8,19659,770
17435,7,8,18919,840
17435,7,8,18549,910
17435,7,8,17809,980
17435,7,8,17439,1050
17435,7,8,1,1120
21877,7,8,23371,0
21877,7,8,23001,560
21877,7,8,22631,770
21877,7,8,22261,1050
21877,7,8,21891,1260
21886,7,8,23371,0
21886,7,8,23001,350
21886,7,8,22631,630
21886,7,8,22261,840
21886,7,8,21891,1120
21886,7,8,1,1400
28563,7,8,30049,0
28563,7,8,29679,560
28563,7,8,29309,840
28563,7,8,28939,1050
28563,7,8,28569,1330
25599,7,8,27451,0
25599,7,8,27081,420
25599,7,8,26711,700
25599,7,8,26341,910
25599,7,8,25971,1190
25599,7,8,25601,1470
17806,7,8,21140,0
17806,7,8,20770,490
17806,7,8,20400,700
17806,7,8,20030,770
17806,7,8,19290,840
17806,7,8,18920,910
17806,7,8,18180,980
17806,7,8,17810,1050
17806,7,8,1,1120
14842,7,8,21502,0
14842,7,8,21132,490
14842,7,8,20762,770
14842,7,8,20392,980
14842,7,8,20022,1050
14842,7,8,19282,1120
14842,7,8,18912,1190
14842,7,8,18172,1260
14842,7,8,17802,1330
14842,7,8,17432,1400
14842,7,8,16692,1470
29678,7,8,31162,0
29678,7,8,30792,350
29678,7,8,30422,630
29678,7,8,30052,840
29678,7,8,29682,1120
29678,7,8,1,1330
22997,7,8,25224,0
22997,7,8,24854,350
22997,7,8,24484,630
22997,7,8,24114,840
22997,7,8,23744,1120
22997,7,8,23374,1330
20033,7,8,21516,0
20033,7,8,21146,560
20033,7,8,20776,770
20033,7,8,20406,1050
20033,7,8,1,1120
30049,7,8,31533,0
30049,7,8,31163,350
30049,7,8,30793,630
30049,7,8,30423,840
30049,7,8,30053,1120
30049,7,8,1,1330
27085,7,8,29305,0
27085,7,8,28935,420
27085,7,8,28565,630
27085,7,8,28195,910
27085,7,8,27825,1120
27085,7,8,27455,1400
16319,7,8,20766,0
16319,7,8,20396,490
16319,7,8,20026,560
16319,7,8,19656,630
16319,7,8,18916,700
16319,7,8,18546,770
16319,7,8,17806,840
16319,7,8,17436,910
16319,7,8,17066,980
16319,7,8,16326,1050
16319,7,8,1,1120
18917,7,8,21513,0
18917,7,8,21143,350
18917,7,8,20773,630
18917,7,8,20403,840
18917,7,8,20033,910
18917,7,8,19663,980
18917,7,8,18923,1050
18917,7,8,1,1120
15953,7,8,20765,0
15953,7,8,20395,560
15953,7,8,20025,630
15953,7,8,19285,700
15953,7,8,18915,770
15953,7,8,18175,840
15953,7,8,17805,910
15953,7,8,17435,980
15953,7,8,16695,1050
15953,7,8,16325,1120
15953,7,8,1,1190
24483,7,8,26338,0
24483,7,8,25968,560
24483,7,8,25598,770
24483,7,8,25228,1050
24483,7,8,24858,1260
20394,7,8,22257,0
20394,7,8,21887,420
20394,7,8,21517,630
20394,7,8,21147,910
20394,7,8,20777,1120
20394,7,8,20407,1400
20394,7,8,1,1470
21872,7,8,23371,0
21872,7,8,23001,560
21872,7,8,22631,770
21872,7,8,22261,1050
21872,7,8,21891,1260
20403,7,8,21887,0
20403,7,8,21517,350
20403,7,8,21147,630
20403,7,8,20777,840
20403,7,8,1,1120
17439,7,8,22249,0
17439,7,8,21879,350
17439,7,8,21509,630
17439,7,8,21139,840
17439,7,8,20769,1120
17439,7,8,20399,1330
17439,7,8,20029,1400
17439,7,8,19289,1470
21881,7,8,23371,0
21881,7,8,23001,490
21881,7,8,22631,770
21881,7,8,22261,1050
21881,7,8,21891,1260
25594,7,8,27451,0
25594,7,8,27081,490
25594,7,8,26711,700
25594,7,8,26341,980
25594,7,8,25971,1190
25594,7,8,25601,1470
17801,7,8,21510,0
17801,7,8,21140,560
17801,7,8,20770,840
17801,7,8,20400,1050
17801,7,8,20030,1120
17801,7,8,19290,1190
17801,7,8,18920,1260
17801,7,8,18180,1330
17801,7,8,17810,1400
17801,7,8,1,1470
28567,7,8,30049,0
28567,7,8,29679,560
28567,7,8,29309,770
28567,7,8,28939,1050
28567,7,8,28569,1260
20028,7,8,22256,0
20028,7,8,21886,350
20028,7,8,21516,630
20028,7,8,21146,910
20028,7,8,20776,1120
20028,7,8,20036,1400
20028,7,8,1,1470
23001,7,8,25224,0
23001,7,8,24854,350
23001,7,8,24484,630
23001,7,8,24114,840
23001,7,8,23744,1120
23001,7,8,23374,1330
27080,7,8,28935,0
27080,7,8,28565,420
27080,7,8,28195,630
27080,7,8,27825,910
27080,7,8,27455,1190
27080,7,8,27085,1400
18912,7,8,21883,0
18912,7,8,21513,560
18912,7,8,21143,840
18912,7,8,20773,1050
18912,7,8,20403,1330
18912,7,8,19663,1400
18912,7,8,19293,1470
18921,7,8,21513,0
18921,7,8,21143,420
18921,7,8,20773,630
18921,7,8,20403,910
18921,7,8,19663,980
18921,7,8,19293,1050
18921,7,8,1,1120
20389,7,8,21887,0
20389,7,8,21517,560
20389,7,8,21147,770
20389,7,8,20777,1050
20389,7,8,1,1330
20398,7,8,22257,0
20398,7,8,21887,420
20398,7,8,21517,700
20398,7,8,21147,910
20398,7,8,20777,1190
20398,7,8,1,1470
21876,7,8,23371,0
21876,7,8,23001,560
21876,7,8,22631,770
21876,7,8,22261,1050
21876,7,8,21891,1260
17434,7,8,21139,0
17434,7,8,20769,420
17434,7,8,20029,700
17434,7,8,19659,770
17434,7,8,18919,840
17434,7,8,18549,910
17434,7,8,18179,980
17434,7,8,17439,1050
17434,7,8,1,1120
21510,7,8,23000,0
21510,7,8,22630,350
21510,7,8,22260,630
21510,7,8,21890,910
21510,7,8,21520,1120
21510,7,8,1,1400
21519,7,8,22630,0
21519,7,8,22260,420
21519,7,8,21890,700
21519,7,8,21520,910
21519,7,8,1,1190
22625,7,8,24853,0
22625,7,8,24483,350
22625,7,8,24113,560
22625,7,8,23743,840
22625,7,8,23373,1120
22625,7,8,23003,1330
25598,7,8,27451,0
25598,7,8,27081,490
25598,7,8,26711,700
25598,7,8,26341,980
25598,7,8,25971,1190
25598,7,8,25601,1470
29677,7,8,31162,0
29677,7,8,30792,560
29677,7,8,30422,840
29677,7,8,30052,1050
29677,7,8,29682,1330
20023,7,8,21886,0
20023,7,8,21516,560
20023,7,8,21146,840
20023,7,8,20776,1050
20023,7,8,20406,1330
20023,7,8,1,1400
22996,7,8,25224,0
22996,7,8,24854,420
22996,7,8,24484,630
22996,7,8,24114,910
22996,7,8,23744,1120
22996,7,8,23374,1400
20032,7,8,21516,0
20032,7,8,21146,560
20032,7,8,20776,770
20032,7,8,20036,1050
20032,7,8,1,1120
27084,7,8,28195,0
27084,7,8,27825,490
27084,7,8,27455,700
27084,7,8,27085,980
27084,7,8,1,1190
18916,7,8,21513,0
18916,7,8,21143,350
18916,7,8,20773,630
18916,7,8,20403,840
18916,7,8,20033,910
18916,7,8,19663,980
18916,7,8,18923,1050
18916,7,8,1,1120
15952,7,8,20765,0
15952,7,8,20395,560
15952,7,8,19655,630
15952,7,8,19285,700
15952,7,8,18545,770
15952,7,8,18175,840
15952,7,8,17805,910
15952,7,8,17065,980
15952,7,8,16695,1050
15952,7,8,15955,1120
15952,7,8,1,1190
24116,7,8,25227,0
24116,7,8,24857,490
24116,7,8,24487,770
24116,7,8,24117,980
24116,7,8,1,1260
20393,7,8,22257,0
20393,7,8,21887,490
20393,7,8,21517,700
20393,7,8,21147,980
20393,7,8,20777,1190
20393,7,8,20407,1470
28195,7,8,29678,0
28195,7,8,29308,560
28195,7,8,28938,770
28195,7,8,28568,1050
28195,7,8,28198,1260
17429,7,8,21879,0
17429,7,8,21509,350
17429,7,8,21139,630
17429,7,8,20769,910
17429,7,8,20399,1120
17429,7,8,20029,1190
17429,7,8,19289,1260
17429,7,8,18919,1330
17429,7,8,18179,1400
17429,7,8,17809,1470
17438,7,8,21139,0
17438,7,8,20769,420
17438,7,8,20399,700
17438,7,8,19659,770
17438,7,8,19289,840
17438,7,8,18919,910
17438,7,8,18179,980
17438,7,8,17809,1050
17438,7,8,1,1120
21505,7,8,23000,0
21505,7,8,22630,560
21505,7,8,22260,770
21505,7,8,21890,1050
21505,7,8,21520,1260
18541,7,8,21882,0
18541,7,8,21512,490
18541,7,8,21142,770
18541,7,8,20772,1050
18541,7,8,20402,1260
18541,7,8,20032,1330
18541,7,8,19292,1400
18541,7,8,18922,1470
21514,7,8,23000,0
21514,7,8,22630,560
21514,7,8,22260,770
21514,7,8,21890,1050
21514,7,8,21520,1330
18550,7,8,21512,0
18550,7,8,21142,350
18550,7,8,20772,630
18550,7,8,20402,840
18550,7,8,20032,910
18550,7,8,19292,980
18550,7,8,18922,1050
18550,7,8,1,1120
28566,7,8,30049,0
28566,7,8,29679,560
28566,7,8,29309,770
28566,7,8,28939,1050
28566,7,8,28569,1260
22629,7,8,24483,0
22629,7,8,24113,350
22629,7,8,23743,630
22629,7,8,23373,840
22629,7,8,23003,1120
22629,7,8,22633,1400
20027,7,8,22256,0
20027,7,8,21886,350
20027,7,8,21516,630
20027,7,8,21146,910
20027,7,8,20776,1120
20027,7,8,20036,1400
20027,7,8,1,1470
23000,7,8,24854,0
23000,7,8,24484,420
23000,7,8,24114,630
23000,7,8,23744,910
23000,7,8,23374,1120
23000,7,8,23004,1400
20036,7,8,22626,0
20036,7,8,22256,490
20036,7,8,21886,700
20036,7,8,21516,980
20036,7,8,21146,1190
20036,7,8,20776,1470
18911,7,8,21883,0
18911,7,8,21513,420
18911,7,8,21143,630
18911,7,8,20773,910
18911,7,8,20033,1190
18911,7,8,19663,1260
18911,7,8,18923,1330
18911,7,8,1,1400
26713,7,8,27824,0
26713,7,8,27454,490
26713,7,8,27084,700
26713,7,8,26714,980
26713,7,8,1,1190
18920,7,8,21513,0
18920,7,8,21143,350
18920,7,8,20773,630
18920,7,8,20033,910
18920,7,8,19663,980
18920,7,8,18923,1050
18920,7,8,1,1120
17068,7,8,21878,0
17068,7,8,21508,560
17068,7,8,21138,770
17068,7,8,20768,1050
17068,7,8,20028,1330
17068,7,8,19658,1400
17068,7,8,18918,1470
24111,7,8,25967,0
24111,7,8,25597,560
24111,7,8,25227,770
24111,7,8,24857,1050
24111,7,8,24487,1330
21147,7,8,22259,0
21147,7,8,21889,420
21147,7,8,21519,630
21147,7,8,21149,910
21147,7,8,1,1120
25226,7,8,26710,0
25226,7,8,26340,560
25226,7,8,25970,770
25226,7,8,25600,1050
25226,7,8,25230,1260
21500,7,8,23000,0
21500,7,8,22630,560
21500,7,8,22260,840
21500,7,8,21890,1050
21500,7,8,21520,1330
21509,7,8,22630,0
21509,7,8,22260,490
21509,7,8,21890,770
21509,7,8,21520,980
21509,7,8,1,1260
18545,7,8,21142,0
18545,7,8,20772,560
18545,7,8,20032,840
18545,7,8,19662,910
18545,7,8,19292,980
18545,7,8,18552,1050
18545,7,8,1,1120
21518,7,8,23370,0
21518,7,8,23000,420
21518,7,8,22630,630
21518,7,8,22260,910
21518,7,8,21890,1120
21518,7,8,21520,1400
15581,7,8,20764,0
15581,7,8,20394,490
15581,7,8,20024,560
15581,7,8,19284,630
15581,7,8,18914,700
15581,7,8,18174,770
15581,7,8,17804,840
15581,7,8,17434,910
15581,7,8,16694,980
15581,7,8,16324,1050
15581,7,8,15584,1120
15581,7,8,1,1190
22624,7,8,24853,0
22624,7,8,24483,350
22624,7,8,24113,560
22624,7,8,23743,840
22624,7,8,23373,1120
22624,7,8,23003,1330
25597,7,8,27081,0
25597,7,8,26711,490
25597,7,8,26341,770
25597,7,8,25971,980
25597,7,8,25601,1260
25597,7,8,1,1470
22633,7,8,24853,0
22633,7,8,24483,490
22633,7,8,24113,700
22633,7,8,23743,980
22633,7,8,23373,1190
22633,7,8,23003,1470
20022,7,8,22256,0
20022,7,8,21886,420
20022,7,8,21516,630
20022,7,8,21146,910
20022,7,8,20776,1120
20022,7,8,20406,1400
20022,7,8,20036,1470
27824,7,8,29307,0
27824,7,8,28937,560
27824,7,8,28567,840
27824,7,8,28197,1050
27824,7,8,27827,1330
20031,7,8,21516,0
20031,7,8,21146,560
20031,7,8,20776,770
20031,7,8,20406,1050
20031,7,8,1,1120
26708,7,8,28564,0
26708,7,8,28194,420
26708,7,8,27824,700
26708,7,8,27454,910
26708,7,8,27084,1190
26708,7,8,26714,1400
23744,7,8,25596,0
23744,7,8,25226,490
23744,7,8,24856,770
23744,7,8,24486,980
23744,7,8,24116,1260
15951,7,8,20765,0
15951,7,8,20025,560
15951,7,8,19655,630
15951,7,8,19285,700
15951,7,8,18545,770
15951,7,8,18175,840
15951,7,8,17435,910
15951,7,8,17065,980
15951,7,8,16695,1050
15951,7,8,15955,1120
15951,7,8,1,1190
21133,7,8,22259,0
21133,7,8,21889,560
21133,7,8,21519,840
21133,7,8,21149,1050
21133,7,8,1,1330
17063,7,8,21138,0
17063,7,8,20768,350
17063,7,8,20398,630
17063,7,8,19658,700
17063,7,8,19288,770
17063,7,8,18548,840
17063,7,8,18178,910
17063,7,8,17808,980
17063,7,8,17068,1050
17063,7,8,1,1120
21142,7,8,22999,0
21142,7,8,22629,350
21142,7,8,22259,630
21142,7,8,21889,840
21142,7,8,21519,1120
21142,7,8,21149,1330
24115,7,8,25967,0
24115,7,8,25597,490
24115,7,8,25227,700
24115,7,8,24857,980
24115,7,8,24487,1260
24115,7,8,24117,1470
18178,7,8,21141,0
18178,7,8,20771,560
18178,7,8,20401,770
18178,7,8,20031,840
18178,7,8,19291,910
18178,7,8,18921,980
18178,7,8,18181,1050
18178,7,8,1,1120
28194,7,8,29678,0
28194,7,8,29308,350
28194,7,8,28938,560
28194,7,8,28568,840
28194,7,8,28198,1120
28194,7,8,1,1330
25230,7,8,27450,0
25230,7,8,27080,420
25230,7,8,26710,630
25230,7,8,26340,910
25230,7,8,25970,1190
25230,7,8,25600,1400
21504,7,8,23000,0
21504,7,8,22630,560
21504,7,8,22260,770
21504,7,8,21890,1050
21504,7,8,21520,1260
29306,7,8,30791,0
29306,7,8,30421,560
29306,7,8,30051,770
29306,7,8,29681,1050
29306,7,8,29311,1330
21513,7,8,23000,0
21513,7,8,22630,560
21513,7,8,22260,770
21513,7,8,21890,1050
21513,7,8,21520,1260
18549,7,8,21142,0
18549,7,8,20772,560
18549,7,8,20402,840
18549,7,8,19662,910
18549,7,8,19292,980
18549,7,8,18552,1050
18549,7,8,1,1120
22628,7,8,24483,0
22628,7,8,24113,560
22628,7,8,23743,840
22628,7,8,23373,1050
22628,7,8,23003,1330
20026,7,8,22256,0
20026,7,8,21886,490
20026,7,8,21516,770
20026,7,8,21146,980
20026,7,8,20776,1260
20026,7,8,20406,1470
19660,7,8,21515,0
19660,7,8,21145,490
19660,7,8,20775,770
19660,7,8,20405,980
19660,7,8,20035,1050
19660,7,8,1,1120
26712,7,8,28564,0
26712,7,8,28194,420
26712,7,8,27824,630
26712,7,8,27454,910
26712,7,8,27084,1120
26712,7,8,26714,1400
20775,7,8,21888,0
20775,7,8,21518,350
20775,7,8,21148,630
20775,7,8,20778,910
20775,7,8,1,1120
21137,7,8,22629,0
21137,7,8,22259,560
21137,7,8,21889,770
21137,7,8,21519,1050
21137,7,8,21149,1260
17067,7,8,21138,0
17067,7,8,20768,420
17067,7,8,20398,630
17067,7,8,20028,700
17067,7,8,19288,770
17067,7,8,18918,840
17067,7,8,18548,910
17067,7,8,17808,980
17067,7,8,17438,1050
17067,7,8,1,1120
18173,7,8,21881,0
18173,7,8,21511,350
18173,7,8,21141,630
18173,7,8,20771,840
18173,7,8,20401,1120
18173,7,8,19661,1190
18173,7,8,19291,1260
18173,7,8,18551,1330
18173,7,8,18181,1400
18173,7,8,1,1470
21146,7,8,22259,0
21146,7,8,21889,420
21146,7,8,21519,630
21146,7,8,21149,910
21146,7,8,1,1120
25225,7,8,27080,0
25225,7,8,26710,490
25225,7,8,26340,700
25225,7,8,25970,980
25225,7,8,25600,1260
25225,7,8,25230,1470
21499,7,8,23000,0
21499,7,8,22630,560
21499,7,8,22260,840
21499,7,8,21890,1050
21499,7,8,21520,1330
21508,7,8,23000,0
21508,7,8,22630,350
21508,7,8,22260,560
21508,7,8,21890,840
21508,7,8,21520,1120
21508,7,8,1,1330
26337,7,8,28193,0
26337,7,8,27823,490
26337,7,8,27453,700
26337,7,8,27083,980
26337,7,8,26713,1190
26337,7,8,26343,1470
18544,7,8,21882,0
18544,7,8,21512,420
18544,7,8,21142,630
18544,7,8,20772,910
18544,7,8,20032,1190
18544,7,8,19662,1260
18544,7,8,18922,1330
18544,7,8,18552,1400
18544,7,8,1,1470
29310,7,8,30421,0
29310,7,8,30051,350
29310,7,8,29681,630
29310,7,8,29311,840
29310,7,8,1,1120
22623,7,8,24853,0
22623,7,8,24483,350
22623,7,8,24113,560
22623,7,8,23743,840
22623,7,8,23373,1120
22623,7,8,23003,1330
22257,7,8,24112,0
22257,7,8,23742,350
22257,7,8,23372,560
22257,7,8,23002,840
22257,7,8,22632,1120
22257,7,8,22262,1330
27823,7,8,29307,0
27823,7,8,28937,350
27823,7,8,28567,630
27823,7,8,28197,840
27823,7,8,27827,1120
27823,7,8,1,1400
19655,7,8,22255,0
19655,7,8,21885,420
19655,7,8,21515,700
19655,7,8,21145,980
19655,7,8,20775,1190
19655,7,8,20035,1470
16691,7,8,20767,0
16691,7,8,20397,560
16691,7,8,20027,630
16691,7,8,19287,700
16691,7,8,18917,770
16691,7,8,18177,840
16691,7,8,17807,910
16691,7,8,17437,980
16691,7,8,16697,1050
16691,7,8,1,1120
19664,7,8,21515,0
19664,7,8,21145,490
19664,7,8,20775,770
19664,7,8,20035,1050
19664,7,8,19665,1120
19664,7,8,1,1190
20770,7,8,22258,0
20770,7,8,21888,490
20770,7,8,21518,700
20770,7,8,21148,980
20770,7,8,20778,1190
20770,7,8,1,1470
23743,7,8,25966,0
23743,7,8,25596,350
23743,7,8,25226,630
23743,7,8,24856,840
23743,7,8,24486,1120
23743,7,8,24116,1330
21132,7,8,22259,0
21132,7,8,21889,560
21132,7,8,21519,770
21132,7,8,21149,1050
21132,7,8,1,1260
17062,7,8,21138,0
17062,7,8,20768,350
17062,7,8,20398,630
17062,7,8,19658,700
17062,7,8,19288,770
17062,7,8,18548,840
17062,7,8,18178,910
17062,7,8,17808,980
17062,7,8,17068,1050
17062,7,8,1,1120
21141,7,8,22629,0
21141,7,8,22259,420
21141,7,8,21889,700
21141,7,8,21519,910
21141,7,8,21149,1190
21141,7,8,1,1470
18177,7,8,21141,0
18177,7,8,20771,490
18177,7,8,20401,770
18177,7,8,19661,840
18177,7,8,19291,910
18177,7,8,18551,980
18177,7,8,18181,1050
18177,7,8,1,1120
18539,7,8,21882,0
18539,7,8,21512,350
18539,7,8,21142,630
18539,7,8,20772,840
18539,7,8,20402,1120
18539,7,8,19662,1190
18539,7,8,19292,1260
18539,7,8,18552,1330
18539,7,8,1,1400
26341,7,8,28193,0
26341,7,8,27823,420
26341,7,8,27453,700
26341,7,8,27083,910
26341,7,8,26713,1190
26341,7,8,26343,1400
15584,7,8,21874,0
15584,7,8,21504,420
15584,7,8,21134,700
15584,7,8,20764,910
15584,7,8,20024,1190
15584,7,8,19654,1260
15584,7,8,19284,1330
15584,7,8,18544,1400
15584,7,8,18174,1470
30420,7,8,31904,0
30420,7,8,31534,350
30420,7,8,31164,630
30420,7,8,30794,840
30420,7,8,30424,1120
30420,7,8,1,1330
22252,7,8,24482,0
22252,7,8,24112,350
22252,7,8,23742,560
22252,7,8,23372,840
22252,7,8,23002,1120
22252,7,8,22632,1330
22261,7,8,23372,0
22261,7,8,23002,490
22261,7,8,22632,770
22261,7,8,22262,1050
22261,7,8,1,1260
27827,7,8,29677,0
27827,7,8,29307,560
27827,7,8,28937,840
27827,7,8,28567,1050
27827,7,8,28197,1330
19650,7,8,22255,0
19650,7,8,21885,350
19650,7,8,21515,630
19650,7,8,21145,840
19650,7,8,20775,1120
19650,7,8,20405,1330
19650,7,8,20035,1400
19650,7,8,1,1470
19659,7,8,21515,0
19659,7,8,21145,490
19659,7,8,20775,770
19659,7,8,20405,980
19659,7,8,20035,1050
19659,7,8,1,1120
20765,7,8,22258,0
20765,7,8,21888,420
20765,7,8,21518,700
20765,7,8,21148,910
20765,7,8,20778,1190
20765,7,8,1,1400
16695,7,8,21137,0
16695,7,8,20767,350
16695,7,8,20027,630
16695,7,8,19657,700
16695,7,8,18917,770
16695,7,8,18547,840
16695,7,8,18177,910
16695,7,8,17437,980
16695,7,8,17067,1050
16695,7,8,1,1120
20774,7,8,21888,0
20774,7,8,21518,350
20774,7,8,21148,630
20774,7,8,20778,910
20774,7,8,1,1120
24859,7,8,27079,0
24859,7,8,26709,420
24859,7,8,26339,630
24859,7,8,25969,910
24859,7,8,25599,1190
24859,7,8,25229,1400
21136,7,8,22629,0
21136,7,8,22259,350
21136,7,8,21889,630
21136,7,8,21519,840
21136,7,8,21149,1120
21136,7,8,1,1330
17066,7,8,21138,0
17066,7,8,20768,420
17066,7,8,20398,630
17066,7,8,20028,700
17066,7,8,19288,770
17066,7,8,18918,840
17066,7,8,18548,910
17066,7,8,17808,980
17066,7,8,17438,1050
17066,7,8,1,1120
18172,7,8,21881,0
18172,7,8,21511,350
18172,7,8,21141,630
18172,7,8,20771,840
18172,7,8,20401,1120
18172,7,8,19661,1190
18172,7,8,19291,1260
18172,7,8,18551,1330
18172,7,8,18181,1400
18172,7,8,1,1470
28938,7,8,30420,0
28938,7,8,30050,560
28938,7,8,29680,770
28938,7,8,29310,1050
28938,7,8,28940,1260
18181,7,8,22251,0
18181,7,8,21881,420
18181,7,8,21511,700
18181,7,8,21141,980
18181,7,8,20771,1190
18181,7,8,20031,1470
26336,7,8,28193,0
26336,7,8,27823,420
26336,7,8,27453,700
26336,7,8,27083,980
26336,7,8,26713,1190
26336,7,8,26343,1470
29309,7,8,30791,0
29309,7,8,30421,560
29309,7,8,30051,770
29309,7,8,29681,1050
29309,7,8,29311,1260
23372,7,8,25595,0
23372,7,8,25225,350
23372,7,8,24855,560
23372,7,8,24485,840
23372,7,8,24115,1120
23372,7,8,23745,1330
22247,7,8,24482,0
22247,7,8,24112,350
22247,7,8,23742,560
22247,7,8,23372,840
22247,7,8,23002,1120
22247,7,8,22632,1330
19283,7,8,22254,0
19283,7,8,21884,350
19283,7,8,21514,630
19283,7,8,21144,840
19283,7,8,20774,1120
19283,7,8,20034,1400
19283,7,8,19664,1470
15213,7,8,21873,0
15213,7,8,21503,350
15213,7,8,21133,630
15213,7,8,20763,840
15213,7,8,20393,1120
15213,7,8,19653,1190
15213,7,8,19283,1260
15213,7,8,18913,1330
15213,7,8,18173,1400
15213,7,8,17803,1470
22256,7,8,24112,0
22256,7,8,23742,560
22256,7,8,23372,840
22256,7,8,23002,1050
22256,7,8,22632,1330
19292,7,8,21514,0
19292,7,8,21144,420
19292,7,8,20774,700
19292,7,8,20034,980
19292,7,8,19664,1050
19292,7,8,1,1120
27822,7,8,29677,0
27822,7,8,29307,350
27822,7,8,28937,630
27822,7,8,28567,840
27822,7,8,28197,1120
27822,7,8,27827,1330
19654,7,8,22255,0
19654,7,8,21885,420
19654,7,8,21515,700
19654,7,8,21145,910
19654,7,8,20775,1190
19654,7,8,20035,1470
27456,7,8,29676,0
27456,7,8,29306,350
27456,7,8,28936,560
27456,7,8,28566,840
27456,7,8,28196,1120
27456,7,8,27826,1330
20760,7,8,21888,0
20760,7,8,21518,560
20760,7,8,21148,840
20760,7,8,20778,1050
20760,7,8,1,1330
19663,7,8,21515,0
19663,7,8,21145,490
19663,7,8,20775,770
19663,7,8,20035,1050
19663,7,8,19665,1120
19663,7,8,1,1190
16690,7,8,20767,0
16690,7,8,20397,560
16690,7,8,20027,630
16690,7,8,19287,700
16690,7,8,18917,770
16690,7,8,18177,840
16690,7,8,17807,910
16690,7,8,17437,980
16690,7,8,16697,1050
16690,7,8,1,1120
20769,7,8,22258,0
20769,7,8,21888,490
20769,7,8,21518,700
20769,7,8,21148,980
20769,7,8,20778,1190
20769,7,8,1,1470
23742,7,8,25596,0
23742,7,8,25226,420
23742,7,8,24856,630
23742,7,8,24486,910
23742,7,8,24116,1120
23742,7,8,23746,1400
20778,7,8,22628,0
20778,7,8,22258,560
20778,7,8,21888,770
20778,7,8,21518,1050
20778,7,8,21148,1330
24854,7,8,26709,0
24854,7,8,26339,490
24854,7,8,25969,770
24854,7,8,25599,980
24854,7,8,25229,1260
24854,7,8,24859,1470
17061,7,8,21138,0
17061,7,8,20768,350
17061,7,8,20398,630
17061,7,8,19658,700
17061,7,8,19288,770
17061,7,8,18548,840
17061,7,8,18178,910
17061,7,8,17808,980
17061,7,8,17068,1050
17061,7,8,1,1120
21890,7,8,23001,0
21890,7,8,22631,420
21890,7,8,22261,700
21890,7,8,21891,910
21890,7,8,1,1190
21131,7,8,22629,0
21131,7,8,22259,490
21131,7,8,21889,770
21131,7,8,21519,980
21131,7,8,21149,1260
25969,7,8,27822,0
25969,7,8,27452,490
25969,7,8,27082,700
25969,7,8,26712,980
25969,7,8,26342,1190
25969,7,8,25972,1470
18176,7,8,21141,0
18176,7,8,20771,490
18176,7,8,20401,770
18176,7,8,19661,840
18176,7,8,19291,910
18176,7,8,18921,980
18176,7,8,18181,1050
18176,7,8,1,1120
17810,7,8,22250,0
17810,7,8,21880,420
17810,7,8,21510,630
17810,7,8,21140,910
17810,7,8,20770,1120
17810,7,8,20400,1400
17810,7,8,19660,1470
26340,7,8,28193,0
26340,7,8,27823,490
26340,7,8,27453,700
26340,7,8,27083,980
26340,7,8,26713,1190
26340,7,8,26343,1470
30419,7,8,31904,0
30419,7,8,31534,560
30419,7,8,31164,840
30419,7,8,30794,1050
30419,7,8,30424,1330
22251,7,8,24482,0
22251,7,8,24112,350
22251,7,8,23742,560
22251,7,8,23372,840
22251,7,8,23002,1120
22251,7,8,22632,1330
19287,7,8,21514,0
19287,7,8,21144,420
19287,7,8,20774,700
19287,7,8,20404,910
19287,7,8,20034,980
19287,7,8,19294,1050
19287,7,8,1,1120
22260,7,8,24112,0
22260,7,8,23742,490
22260,7,8,23372,770
22260,7,8,23002,980
22260,7,8,22632,1260
22260,7,8,22262,1470
16323,7,8,20766,0
16323,7,8,20026,560
16323,7,8,19656,630
16323,7,8,18916,700
16323,7,8,18546,770
16323,7,8,18176,840
16323,7,8,17436,910
16323,7,8,17066,980
16323,7,8,16326,1050
16323,7,8,1,1120
27451,7,8,29306,0
27451,7,8,28936,350
27451,7,8,28566,630
27451,7,8,28196,840
27451,7,8,27826,1120
27451,7,8,27456,1330
19658,7,8,21515,0
19658,7,8,21145,490
19658,7,8,20775,770
19658,7,8,20405,980
19658,7,8,20035,1050
19658,7,8,1,1120
24487,7,8,25598,0
24487,7,8,25228,490
24487,7,8,24858,770
24487,7,8,24488,1050
24487,7,8,1,1260
20764,7,8,22258,0
20764,7,8,21888,490
20764,7,8,21518,770
20764,7,8,21148,980
20764,7,8,20778,1260
20764,7,8,1,1470
16694,7,8,20767,0
16694,7,8,20397,560
16694,7,8,20027,630
16694,7,8,19287,700
16694,7,8,18917,770
16694,7,8,18547,840
16694,7,8,17807,910
16694,7,8,17437,980
16694,7,8,16697,1050
16694,7,8,1,1120
20773,7,8,21888,0
20773,7,8,21518,350
20773,7,8,21148,630
20773,7,8,20778,910
20773,7,8,1,1120
20407,7,8,22627,0
20407,7,8,22257,490
20407,7,8,21887,770
20407,7,8,21517,1050
20407,7,8,21147,1260
21885,7,8,23371,0
21885,7,8,23001,350
21885,7,8,22631,630
21885,7,8,22261,840
21885,7,8,21891,1120
21885,7,8,1,1400
24858,7,8,25969,0
24858,7,8,25599,490
24858,7,8,25229,770
24858,7,8,24859,980
24858,7,8,1,1260
28937,7,8,30420,0
28937,7,8,30050,560
28937,7,8,29680,770
28937,7,8,29310,1050
28937,7,8,28940,1260
17805,7,8,21140,0
17805,7,8,20770,490
17805,7,8,20400,700
17805,7,8,20030,770
17805,7,8,19290,840
17805,7,8,18920,910
17805,7,8,18550,980
17805,7,8,17810,1050
17805,7,8,1,1120
14841,7,8,20762,0
14841,7,8,20392,350
14841,7,8,19652,420
14841,7,8,19282,490
14841,7,8,18542,560
14841,7,8,18172,630
14841,7,8,17802,700
14841,7,8,17062,770
14841,7,8,16692,840
14841,7,8,15952,910
14841,7,8,15582,980
14841,7,8,15212,1050
14841,7,8,1,1120
23371,7,8,25225,0
23371,7,8,24855,350
23371,7,8,24485,630
23371,7,8,24115,910
23371,7,8,23745,1120
23371,7,8,23375,1400
19282,7,8,21884,0
19282,7,8,21514,490
19282,7,8,21144,700
19282,7,8,20774,980
19282,7,8,20404,1190
19282,7,8,20034,1260
19282,7,8,19294,1330
19282,7,8,1,1400
30048,7,8,31533,0
30048,7,8,31163,560
30048,7,8,30793,840
30048,7,8,30423,1050
30048,7,8,30053,1330
22255,7,8,24112,0
22255,7,8,23742,560
22255,7,8,23372,840
22255,7,8,23002,1050
22255,7,8,22632,1330
15212,7,8,20763,0
15212,7,8,20393,490
15212,7,8,19653,560
15212,7,8,19283,630
15212,7,8,18543,700
15212,7,8,18173,770
15212,7,8,17803,840
15212,7,8,17063,910
15212,7,8,16693,980
15212,7,8,15953,1050
15212,7,8,15583,1120
15212,7,8,15213,1190
15212,7,8,1,1260
19291,7,8,21514,0
19291,7,8,21144,420
19291,7,8,20774,700
19291,7,8,20404,910
19291,7,8,20034,980
19291,7,8,19294,1050
19291,7,8,1,1120
24482,7,8,26338,0
24482,7,8,25968,560
24482,7,8,25598,770
24482,7,8,25228,1050
24482,7,8,24858,1330
27455,7,8,28566,0
27455,7,8,28196,420
27455,7,8,27826,630
27455,7,8,27456,910
27455,7,8,1,1120
20759,7,8,21888,0
20759,7,8,21518,490
20759,7,8,21148,700
20759,7,8,20778,980
20759,7,8,1,1190
16689,7,8,21507,0
16689,7,8,21137,420
16689,7,8,20767,630
16689,7,8,20397,910
16689,7,8,19657,980
16689,7,8,19287,1050
16689,7,8,18917,1120
16689,7,8,18177,1190
16689,7,8,17807,1260
16689,7,8,17067,1330
16689,7,8,16697,1400
16689,7,8,1,1470
20402,7,8,21887,0
20402,7,8,21517,350
20402,7,8,21147,630
20402,7,8,20777,840
20402,7,8,1,1120
21880,7,8,23371,0
21880,7,8,23001,490
21880,7,8,22631,770
21880,7,8,22261,1050
21880,7,8,21891,1260
24853,7,8,26709,0
24853,7,8,26339,490
24853,7,8,25969,770
24853,7,8,25599,1050
24853,7,8,25229,1260
21889,7,8,23741,0
21889,7,8,23371,350
21889,7,8,23001,630
21889,7,8,22631,910
21889,7,8,22261,1120
21889,7,8,21891,1400
25968,7,8,27452,0
25968,7,8,27082,490
25968,7,8,26712,770
25968,7,8,26342,980
25968,7,8,25972,1260
25968,7,8,1,1470
17800,7,8,21880,0
17800,7,8,21510,420
17800,7,8,21140,700
17800,7,8,20770,910
17800,7,8,20400,1190
17800,7,8,19660,1260
17800,7,8,19290,1330
17800,7,8,18550,1400
17800,7,8,18180,1470
17809,7,8,21140,0
17809,7,8,20770,490
17809,7,8,20030,770
17809,7,8,19660,840
17809,7,8,19290,910
17809,7,8,18550,980
17809,7,8,18180,1050
17809,7,8,1,1120
23375,7,8,25595,0
23375,7,8,25225,420
23375,7,8,24855,700
23375,7,8,24485,980
23375,7,8,24115,1190
23375,7,8,23745,1470
22250,7,8,24482,0
22250,7,8,24112,350
22250,7,8,23742,560
22250,7,8,23372,840
22250,7,8,23002,1120
22250,7,8,22632,1330
27079,7,8,28935,0
27079,7,8,28565,420
27079,7,8,28195,700
27079,7,8,27825,910
27079,7,8,27455,1190
27079,7,8,27085,1400
19286,7,8,21884,0
19286,7,8,21514,490
19286,7,8,21144,770
19286,7,8,20774,980
19286,7,8,20404,1260
19286,7,8,19664,1330
19286,7,8,19294,1400
19286,7,8,1,1470
16322,7,8,20766,0
16322,7,8,20396,490
16322,7,8,20026,560
16322,7,8,19286,630
16322,7,8,18916,700
16322,7,8,18546,770
16322,7,8,17806,840
16322,7,8,17436,910
16322,7,8,16696,980
16322,7,8,16326,1050
16322,7,8,1,1120
27450,7,8,29306,0
27450,7,8,28936,350
27450,7,8,28566,630
27450,7,8,28196,840
27450,7,8,27826,1120
27450,7,8,27456,1400
24486,7,8,26338,0
24486,7,8,25968,490
24486,7,8,25598,700
24486,7,8,25228,980
24486,7,8,24858,1260
24486,7,8,24488,1470
20397,7,8,22257,0
20397,7,8,21887,560
20397,7,8,21517,840
20397,7,8,21147,1050
20397,7,8,20777,1330
17433,7,8,21139,0
17433,7,8,20769,420
17433,7,8,20029,700
17433,7,8,19659,770
17433,7,8,18919,840
17433,7,8,18549,910
17433,7,8,18179,980
17433,7,8,17439,1050
17433,7,8,1,1120
21875,7,8,23371,0
21875,7,8,23001,560
21875,7,8,22631,770
21875,7,8,22261,1050
21875,7,8,21891,1260
20406,7,8,21887,0
20406,7,8,21517,350
20406,7,8,21147,630
20406,7,8,20777,910
20406,7,8,20407,1120
20406,7,8,1,1190
21884,7,8,23001,0
21884,7,8,22631,490
21884,7,8,22261,770
21884,7,8,21891,980
21884,7,8,1,1260
24857,7,8,26709,0
24857,7,8,26339,490
24857,7,8,25969,700
24857,7,8,25599,980
24857,7,8,25229,1190
24857,7,8,24859,1470
25972,7,8,28192,0
25972,7,8,27822,420
25972,7,8,27452,700
25972,7,8,27082,910
25972,7,8,26712,1190
25972,7,8,26342,1400
17804,7,8,21140,0
17804,7,8,20770,490
17804,7,8,20400,700
17804,7,8,20030,770
17804,7,8,19290,840
17804,7,8,18920,910
17804,7,8,18550,980
17804,7,8,17810,1050
17804,7,8,1,1120
23004,7,8,25224,0
23004,7,8,24854,490
23004,7,8,24484,700
23004,7,8,24114,980
23004,7,8,23744,1190
23004,7,8,23374,1470
15211,7,8,20763,0
15211,7,8,20023,490
15211,7,8,19653,560
15211,7,8,19283,630
15211,7,8,18543,700
15211,7,8,18173,770
15211,7,8,17433,840
15211,7,8,17063,910
15211,7,8,16693,980
15211,7,8,15953,1050
15211,7,8,15583,1120
15211,7,8,1,1190
19281,7,8,21884,0
19281,7,8,21514,490
19281,7,8,21144,700
19281,7,8,20774,980
19281,7,8,20404,1190
19281,7,8,20034,1260
19281,7,8,19294,1330
19281,7,8,1,1400
27083,7,8,28935,0
27083,7,8,28565,420
27083,7,8,28195,630
27083,7,8,27825,910
27083,7,8,27455,1190
27083,7,8,27085,1400
16326,7,8,21876,0
16326,7,8,21506,420
16326,7,8,21136,700
16326,7,8,20766,980
16326,7,8,20396,1190
16326,7,8,20026,1260
16326,7,8,19286,1330
16326,7,8,18916,1400
16326,7,8,18176,1470
18915,7,8,21883,0
18915,7,8,21513,490
18915,7,8,21143,700
18915,7,8,20773,980
18915,7,8,20403,1190
18915,7,8,20033,1260
18915,7,8,19293,1330
18915,7,8,18923,1400
18915,7,8,1,1470
27454,7,8,29306,0
27454,7,8,28936,350
27454,7,8,28566,560
27454,7,8,28196,840
27454,7,8,27826,1120
27454,7,8,27456,1330
20392,7,8,22257,0
20392,7,8,21887,490
20392,7,8,21517,700
20392,7,8,21147,980
20392,7,8,20777,1190
20392,7,8,20407,1470
20401,7,8,21887,0
20401,7,8,21517,350
20401,7,8,21147,630
20401,7,8,20777,840
20401,7,8,1,1120
21879,7,8,23371,0
21879,7,8,23001,560
21879,7,8,22631,770
21879,7,8,22261,1050
21879,7,8,21891,1260
17437,7,8,21139,0
17437,7,8,20769,420
17437,7,8,20399,700
17437,7,8,19659,770
17437,7,8,19289,840
17437,7,8,18919,910
17437,7,8,18179,980
17437,7,8,17809,1050
17437,7,8,1,1120
21888,7,8,23371,0
21888,7,8,23001,560
21888,7,8,22631,770
21888,7,8,22261,1050
21888,7,8,21891,1260
28565,7,8,30049,0
28565,7,8,29679,350
28565,7,8,29309,560
28565,7,8,28939,840
28565,7,8,28569,1120
28565,7,8,1,1330
17799,7,8,21880,0
17799,7,8,21510,420
17799,7,8,21140,700
17799,7,8,20770,910
17799,7,8,20030,1190
17799,7,8,19660,1260
17799,7,8,19290,1330
17799,7,8,18550,1400
17799,7,8,18180,1470
25601,7,8,27821,0
25601,7,8,27451,420
25601,7,8,27081,630
25601,7,8,26711,910
25601,7,8,26341,1190
25601,7,8,25971,1400
17808,7,8,21140,0
17808,7,8,20770,490
17808,7,8,20030,770
17808,7,8,19660,840
17808,7,8,19290,910
17808,7,8,18550,980
17808,7,8,18180,1050
17808,7,8,1,1120
29680,7,8,31162,0
29680,7,8,30792,560
29680,7,8,30422,770
29680,7,8,30052,1050
29680,7,8,29682,1330
22999,7,8,25224,0
22999,7,8,24854,350
22999,7,8,24484,560
22999,7,8,24114,840
22999,7,8,23744,1120
22999,7,8,23374,1330
20035,7,8,21516,0
20035,7,8,21146,560
20035,7,8,20776,840
20035,7,8,20406,1050
20035,7,8,20036,1120
20035,7,8,1,1190
18910,7,8,21883,0
18910,7,8,21513,420
18910,7,8,21143,630
18910,7,8,20773,910
18910,7,8,20033,1190
18910,7,8,19663,1260
18910,7,8,18923,1330
18910,7,8,1,1400
18919,7,8,21513,0
18919,7,8,21143,350
18919,7,8,20773,630
18919,7,8,20403,840
18919,7,8,20033,910
18919,7,8,19293,980
18919,7,8,18923,1050
18919,7,8,1,1120
15955,7,8,21875,0
15955,7,8,21505,490
15955,7,8,21135,700
15955,7,8,20765,980
15955,7,8,20395,1190
15955,7,8,20025,1260
15955,7,8,19655,1330
15955,7,8,18915,1400
15955,7,8,18545,1470
24485,7,8,26338,0
24485,7,8,25968,560
24485,7,8,25598,770
24485,7,8,25228,1050
24485,7,8,24858,1260
20396,7,8,22257,0
20396,7,8,21887,560
20396,7,8,21517,840
20396,7,8,21147,1050
20396,7,8,20777,1330
17432,7,8,21139,0
17432,7,8,20769,420
17432,7,8,20029,700
17432,7,8,19659,770
17432,7,8,18919,840
17432,7,8,18549,910
17432,7,8,18179,980
17432,7,8,17439,1050
17432,7,8,1,1120
28198,7,8,30048,0
28198,7,8,29678,560
28198,7,8,29308,770
28198,7,8,28938,1050
28198,7,8,28568,1260
20405,7,8,21887,0
20405,7,8,21517,350
20405,7,8,21147,630
20405,7,8,20777,840
20405,7,8,20407,1120
20405,7,8,1,1190
21874,7,8,23371,0
21874,7,8,23001,560
21874,7,8,22631,770
21874,7,8,22261,1050
21874,7,8,21891,1260
21517,7,8,23370,0
21517,7,8,23000,420
21517,7,8,22630,630
21517,7,8,22260,910
21517,7,8,21890,1120
21517,7,8,21520,1400
25596,7,8,27451,0
25596,7,8,27081,420
25596,7,8,26711,700
25596,7,8,26341,910
25596,7,8,25971,1190
25596,7,8,25601,1470
28569,7,8,30419,0
28569,7,8,30049,560
28569,7,8,29679,770
28569,7,8,29309,1050
28569,7,8,28939,1260
22632,7,8,23743,0
22632,7,8,23373,490
22632,7,8,23003,770
22632,7,8,22633,1050
22632,7,8,1,1260
20021,7,8,22256,0
20021,7,8,21886,420
20021,7,8,21516,630
20021,7,8,21146,910
20021,7,8,20776,1120
20021,7,8,20406,1400
20021,7,8,20036,1470
20030,7,8,21516,0
20030,7,8,21146,560
20030,7,8,20776,770
20030,7,8,20406,1050
20030,7,8,1,1120
23003,7,8,24114,0
23003,7,8,23744,560
23003,7,8,23374,770
23003,7,8,23004,1050
23003,7,8,1,1330
27082,7,8,28935,0
27082,7,8,28565,420
27082,7,8,28195,630
27082,7,8,27825,910
27082,7,8,27455,1120
27082,7,8,27085,1400
18914,7,8,21883,0
18914,7,8,21513,490
18914,7,8,21143,700
18914,7,8,20773,980
18914,7,8,20403,1190
18914,7,8,20033,1260
18914,7,8,19293,1330
18914,7,8,18923,1400
18914,7,8,1,1470
18923,7,8,22253,0
18923,7,8,21883,560
18923,7,8,21513,770
18923,7,8,21143,1050
18923,7,8,20773,1330
24114,7,8,25967,0
24114,7,8,25597,560
24114,7,8,25227,770
24114,7,8,24857,1050
24114,7,8,24487,1260
28193,7,8,29678,0
28193,7,8,29308,560
28193,7,8,28938,840
28193,7,8,28568,1050
28193,7,8,28198,1330
20400,7,8,21887,0
20400,7,8,21517,350
20400,7,8,21147,630
20400,7,8,20777,840
20400,7,8,1,1120
25229,7,8,26340,0
25229,7,8,25970,490
25229,7,8,25600,700
25229,7,8,25230,980
25229,7,8,1,1190
17436,7,8,21139,0
17436,7,8,20769,420
17436,7,8,20029,700
17436,7,8,19659,770
17436,7,8,19289,840
17436,7,8,18549,910
17436,7,8,18179,980
17436,7,8,17439,1050
17436,7,8,1,1120
21503,7,8,23000,0
21503,7,8,22630,560
21503,7,8,22260,770
21503,7,8,21890,1050
21503,7,8,21520,1260
21512,7,8,23000,0
21512,7,8,22630,560
21512,7,8,22260,840
21512,7,8,21890,1050
21512,7,8,21520,1330
18548,7,8,21142,0
18548,7,8,20772,560
18548,7,8,20032,840
18548,7,8,19662,910
18548,7,8,18922,980
18548,7,8,18552,1050
18548,7,8,1,1120
28564,7,8,30049,0
28564,7,8,29679,560
28564,7,8,29309,840
28564,7,8,28939,1050
28564,7,8,28569,1330
22627,7,8,24853,0
22627,7,8,24483,350
22627,7,8,24113,560
22627,7,8,23743,840
22627,7,8,23373,1120
22627,7,8,23003,1330
25600,7,8,26711,0
25600,7,8,26341,490
25600,7,8,25971,700
25600,7,8,25601,980
25600,7,8,1,1190
29679,7,8,31162,0
29679,7,8,30792,560
29679,7,8,30422,770
29679,7,8,30052,1050
29679,7,8,29682,1260
20025,7,8,22256,0
20025,7,8,21886,490
20025,7,8,21516,770
20025,7,8,21146,980
20025,7,8,20776,1260
20025,7,8,20406,1470
22998,7,8,25224,0
22998,7,8,24854,350
22998,7,8,24484,630
22998,7,8,24114,840
22998,7,8,23744,1120
22998,7,8,23374,1330
20034,7,8,21516,0
20034,7,8,21146,560
20034,7,8,20776,840
20034,7,8,20406,1050
20034,7,8,20036,1120
20034,7,8,1,1190
18909,7,8,21883,0
18909,7,8,21513,490
18909,7,8,21143,700
18909,7,8,20773,980
18909,7,8,20033,1260
18909,7,8,19663,1330
18909,7,8,18923,1400
18909,7,8,1,1470
26711,7,8,28564,0
26711,7,8,28194,420
26711,7,8,27824,630
26711,7,8,27454,910
26711,7,8,27084,1120
26711,7,8,26714,1400
18918,7,8,21513,0
18918,7,8,21143,350
18918,7,8,20773,630
18918,7,8,20403,840
18918,7,8,20033,910
18918,7,8,19663,980
18918,7,8,18923,1050
18918,7,8,1,1120
15954,7,8,20765,0
15954,7,8,20395,560
15954,7,8,20025,630
15954,7,8,19285,700
15954,7,8,18915,770
15954,7,8,18545,840
15954,7,8,17805,910
15954,7,8,17435,980
15954,7,8,16695,1050
15954,7,8,16325,1120
15954,7,8,15955,1190
15954,7,8,1,1260
21145,7,8,22629,0
21145,7,8,22259,490
21145,7,8,21889,770
21145,7,8,21519,980
21145,7,8,21149,1260
21145,7,8,1,1470
25224,7,8,27080,0
25224,7,8,26710,490
25224,7,8,26340,770
25224,7,8,25970,980
25224,7,8,25600,1260
25224,7,8,25230,1470
17431,7,8,21509,0
17431,7,8,21139,490
17431,7,8,20769,770
17431,7,8,20399,980
17431,7,8,20029,1050
17431,7,8,19659,1120
17431,7,8,18919,1190
17431,7,8,18549,1260
17431,7,8,17809,1330
17431,7,8,17439,1400
17431,7,8,1,1470
28197,7,8,29308,0
28197,7,8,28938,350
28197,7,8,28568,630
28197,7,8,28198,840
28197,7,8,1,1120
21507,7,8,22630,0
21507,7,8,22260,560
21507,7,8,21890,840
21507,7,8,21520,1050
21507,7,8,1,1330
18543,7,8,21882,0
18543,7,8,21512,420
18543,7,8,21142,630
18543,7,8,20772,910
18543,7,8,20032,1190
18543,7,8,19662,1260
18543,7,8,18922,1330
18543,7,8,18552,1400
18543,7,8,1,1470
21516,7,8,23000,0
21516,7,8,22630,490
21516,7,8,22260,700
21516,7,8,21890,980
21516,7,8,21520,1190
21516,7,8,1,1470
18552,7,8,22252,0
18552,7,8,21882,490
18552,7,8,21512,770
18552,7,8,21142,980
18552,7,8,20772,1260
18552,7,8,20402,1470
22622,7,8,24853,0
22622,7,8,24483,350
22622,7,8,24113,560
22622,7,8,23743,840
22622,7,8,23373,1120
22622,7,8,23003,1330
25595,7,8,27451,0
25595,7,8,27081,490
25595,7,8,26711,700
25595,7,8,26341,980
25595,7,8,25971,1190
25595,7,8,25601,1470
22631,7,8,24483,0
22631,7,8,24113,490
22631,7,8,23743,770
22631,7,8,23373,980
22631,7,8,23003,1260
22631,7,8,22633,1470
20029,7,8,21516,0
20029,7,8,21146,560
20029,7,8,20776,770
20029,7,8,20406,1050
20029,7,8,1,1120
18913,7,8,21883,0
18913,7,8,21513,560
18913,7,8,21143,840
18913,7,8,20773,1050
18913,7,8,20403,1330
18913,7,8,19663,1400
18913,7,8,19293,1470
15949,7,8,20765,0
15949,7,8,20025,560
15949,7,8,19655,630
15949,7,8,19285,700
15949,7,8,18545,770
15949,7,8,18175,840
15949,7,8,17435,910
15949,7,8,17065,980
15949,7,8,16695,1050
15949,7,8,15955,1120
15949,7,8,1,1190
21140,7,8,22629,0
21140,7,8,22259,420
21140,7,8,21889,700
21140,7,8,21519,910
21140,7,8,21149,1190
21140,7,8,1,1470
24113,7,8,25597,0
24113,7,8,25227,560
24113,7,8,24857,840
24113,7,8,24487,1050
24113,7,8,24117,1330
21149,7,8,22999,0
21149,7,8,22629,560
21149,7,8,22259,840
21149,7,8,21889,1050
21149,7,8,21519,1330
28192,7,8,29678,0
28192,7,8,29308,560
28192,7,8,28938,840
28192,7,8,28568,1050
28192,7,8,28198,1330
25228,7,8,27080,0
25228,7,8,26710,420
25228,7,8,26340,700
25228,7,8,25970,910
25228,7,8,25600,1190
25228,7,8,25230,1470
21502,7,8,23000,0
21502,7,8,22630,560
21502,7,8,22260,840
21502,7,8,21890,1050
21502,7,8,21520,1330
21511,7,8,23000,0
21511,7,8,22630,350
21511,7,8,22260,630
21511,7,8,21890,910
21511,7,8,21520,1120
21511,7,8,1,1400
18547,7,8,21142,0
18547,7,8,20772,560
18547,7,8,20032,840
18547,7,8,19662,910
18547,7,8,19292,980
18547,7,8,18552,1050
18547,7,8,1,1120
21520,7,8,23740,0
21520,7,8,23370,350
21520,7,8,23000,630
21520,7,8,22630,840
21520,7,8,22260,1120
21520,7,8,21890,1330
15583,7,8,20764,0
15583,7,8,20024,560
15583,7,8,19654,630
15583,7,8,18914,700
15583,7,8,18544,770
15583,7,8,18174,840
15583,7,8,17434,910
15583,7,8,17064,980
15583,7,8,16324,1050
15583,7,8,15954,1120
15583,7,8,15584,1190
15583,7,8,1,1260
22626,7,8,24853,0
22626,7,8,24483,350
22626,7,8,24113,560
22626,7,8,23743,840
22626,7,8,23373,1120
22626,7,8,23003,1330
20024,7,8,21886,0
20024,7,8,21516,560
20024,7,8,21146,840
20024,7,8,20776,1050
20024,7,8,20406,1330
20024,7,8,1,1400
30790,7,8,32275,0
30790,7,8,31905,560
30790,7,8,31535,840
30790,7,8,31165,1050
30790,7,8,30795,1330
27826,7,8,28937,0
27826,7,8,28567,420
27826,7,8,28197,630
27826,7,8,27827,910
27826,7,8,1,1120
26710,7,8,28194,0
26710,7,8,27824,420
26710,7,8,27454,700
26710,7,8,27084,910
26710,7,8,26714,1190
26710,7,8,1,1470
23746,7,8,25966,0
23746,7,8,25596,420
23746,7,8,25226,700
23746,7,8,24856,980
23746,7,8,24486,1190
23746,7,8,24116,1470
21135,7,8,22629,0
21135,7,8,22259,350
21135,7,8,21889,630
21135,7,8,21519,840
21135,7,8,21149,1120
21135,7,8,1,1330
17065,7,8,21138,0
17065,7,8,20768,350
17065,7,8,20398,630
17065,7,8,19658,700
17065,7,8,19288,770
17065,7,8,18918,840
17065,7,8,18178,910
17065,7,8,17808,980
17065,7,8,17068,1050
17065,7,8,1,1120
18171,7,8,21881,0
18171,7,8,21511,490
18171,7,8,21141,700
18171,7,8,20771,980
18171,7,8,20031,1260
18171,7,8,19661,1330
18171,7,8,18921,1400
18171,7,8,18551,1470
21144,7,8,22629,0
21144,7,8,22259,490
21144,7,8,21889,770
21144,7,8,21519,980
21144,7,8,21149,1260
21144,7,8,1,1470
24117,7,8,26337,0
24117,7,8,25967,420
24117,7,8,25597,700
24117,7,8,25227,910
24117,7,8,24857,1190
24117,7,8,24487,1400
18180,7,8,21141,0
18180,7,8,20771,560
18180,7,8,20401,770
18180,7,8,20031,840
18180,7,8,19661,910
18180,7,8,18921,980
18180,7,8,18551,1050
18180,7,8,1,1120
25223,7,8,27080,0
25223,7,8,26710,490
25223,7,8,26340,770
25223,7,8,25970,980
25223,7,8,25600,1260
25223,7,8,25230,1470
28196,7,8,29678,0
28196,7,8,29308,560
28196,7,8,28938,770
28196,7,8,28568,1050
28196,7,8,28198,1260
21506,7,8,23000,0
21506,7,8,22630,560
21506,7,8,22260,770
21506,7,8,21890,1050
21506,7,8,21520,1260
18542,7,8,21882,0
18542,7,8,21512,560
18542,7,8,21142,770
18542,7,8,20772,1050
18542,7,8,20402,1260
18542,7,8,20032,1330
18542,7,8,19292,1400
18542,7,8,18922,1470
29308,7,8,30791,0
29308,7,8,30421,560
29308,7,8,30051,770
29308,7,8,29681,1050
29308,7,8,29311,1260
21515,7,8,23000,0
21515,7,8,22630,490
21515,7,8,22260,700
21515,7,8,21890,980
21515,7,8,21520,1190
21515,7,8,1,1470
18551,7,8,21512,0
18551,7,8,21142,350
18551,7,8,20772,630
18551,7,8,20402,840
18551,7,8,20032,910
18551,7,8,19292,980
18551,7,8,18922,1050
18551,7,8,1,1120
22630,7,8,24483,0
22630,7,8,24113,560
22630,7,8,23743,840
22630,7,8,23373,1050
22630,7,8,23003,1330
14471,7,8,21501,0
14471,7,8,21131,350
14471,7,8,20761,560
14471,7,8,20021,840
14471,7,8,19651,910
14471,7,8,19281,980
14471,7,8,18541,1050
14471,7,8,18171,1120
14471,7,8,17431,1190
14471,7,8,17061,1260
14471,7,8,16691,1330
14471,7,8,15951,1400
14471,7,8,15581,1470
20019,7,8,21886,0
20019,7,8,21516,490
20019,7,8,21146,770
20019,7,8,20776,980
20019,7,8,20036,1260
20019,7,8,1,1330
27821,7,8,29677,0
27821,7,8,29307,350
27821,7,8,28937,630
27821,7,8,28567,840
27821,7,8,28197,1120
27821,7,8,27827,1400
19653,7,8,21885,0
19653,7,8,21515,490
19653,7,8,21145,770
19653,7,8,20775,1050
19653,7,8,20405,1260
19653,7,8,20035,1330
19653,7,8,1,1400
19662,7,8,21515,0
19662,7,8,21145,490
19662,7,8,20775,770
19662,7,8,20405,980
19662,7,8,20035,1050
19662,7,8,1,1120
20768,7,8,22628,0
20768,7,8,22258,350
20768,7,8,21888,630
20768,7,8,21518,840
20768,7,8,21148,1120
20768,7,8,20778,1330
23741,7,8,25596,0
23741,7,8,25226,560
23741,7,8,24856,840
23741,7,8,24486,1050
23741,7,8,24116,1330
26714,7,8,28934,0
26714,7,8,28564,420
26714,7,8,28194,630
26714,7,8,27824,910
26714,7,8,27454,1120
26714,7,8,27084,1400
20777,7,8,21888,0
20777,7,8,21518,420
20777,7,8,21148,630
20777,7,8,20778,910
20777,7,8,1,1190
21130,7,8,22629,0
21130,7,8,22259,490
21130,7,8,21889,770
21130,7,8,21519,980
21130,7,8,21149,1260
17060,7,8,21508,0
17060,7,8,21138,490
17060,7,8,20768,700
17060,7,8,20028,980
17060,7,8,19658,1050
17060,7,8,19288,1120
17060,7,8,18548,1190
17060,7,8,18178,1260
17060,7,8,17438,1330
17060,7,8,17068,1400
17060,7,8,1,1470
21139,7,8,22629,0
21139,7,8,22259,490
21139,7,8,21889,770
21139,7,8,21519,1050
21139,7,8,21149,1260
24112,7,8,25967,0
24112,7,8,25597,560
24112,7,8,25227,770
24112,7,8,24857,1050
24112,7,8,24487,1260
18175,7,8,21141,0
18175,7,8,20771,490
18175,7,8,20401,770
18175,7,8,19661,840
18175,7,8,19291,910
18175,7,8,18921,980
18175,7,8,18181,1050
18175,7,8,1,1120
21148,7,8,22259,0
21148,7,8,21889,420
21148,7,8,21519,630
21148,7,8,21149,910
21148,7,8,1,1120
25227,7,8,27080,0
25227,7,8,26710,490
25227,7,8,26340,770
25227,7,8,25970,980
25227,7,8,25600,1260
25227,7,8,25230,1470
21501,7,8,23000,0
21501,7,8,22630,560
21501,7,8,22260,840
21501,7,8,21890,1050
21501,7,8,21520,1330
26339,7,8,27823,0
26339,7,8,27453,490
26339,7,8,27083,770
26339,7,8,26713,980
26339,7,8,26343,1260
26339,7,8,1,1470
18546,7,8,21142,0
18546,7,8,20772,560
18546,7,8,20032,840
18546,7,8,19662,910
18546,7,8,19292,980
18546,7,8,18552,1050
18546,7,8,1,1120
15582,7,8,20764,0
15582,7,8,20394,490
15582,7,8,20024,560
15582,7,8,19654,630
15582,7,8,18914,700
15582,7,8,18544,770
15582,7,8,17804,840
15582,7,8,17434,910
15582,7,8,17064,980
15582,7,8,16324,1050
15582,7,8,15954,1120
15582,7,8,1,1190
22259,7,8,24112,0
22259,7,8,23742,560
22259,7,8,23372,840
22259,7,8,23002,1050
22259,7,8,22632,1330
27825,7,8,29677,0
27825,7,8,29307,350
27825,7,8,28937,560
27825,7,8,28567,840
27825,7,8,28197,1120
27825,7,8,27827,1330
19657,7,8,21885,0
19657,7,8,21515,560
19657,7,8,21145,840
19657,7,8,20775,1050
19657,7,8,20405,1330
19657,7,8,19665,1400
19657,7,8,1,1470
20763,7,8,22258,0
20763,7,8,21888,490
20763,7,8,21518,770
20763,7,8,21148,980
20763,7,8,20778,1260
16693,7,8,20767,0
16693,7,8,20397,560
16693,7,8,19657,630
16693,7,8,19287,700
16693,7,8,18917,770
16693,7,8,18177,840
16693,7,8,17807,910
16693,7,8,17067,980
16693,7,8,16697,1050
16693,7,8,1,1120
26709,7,8,28564,0
26709,7,8,28194,420
26709,7,8,27824,630
26709,7,8,27454,910
26709,7,8,27084,1190
26709,7,8,26714,1400
20772,7,8,21888,0
20772,7,8,21518,350
20772,7,8,21148,630
20772,7,8,20778,910
20772,7,8,1,1120
23745,7,8,24856,0
23745,7,8,24486,560
23745,7,8,24116,770
23745,7,8,23746,1050
23745,7,8,1,1260
21134,7,8,22259,0
21134,7,8,21889,490
21134,7,8,21519,700
21134,7,8,21149,980
21134,7,8,1,1260
17064,7,8,21138,0
17064,7,8,20768,350
17064,7,8,20028,630
17064,7,8,19658,700
17064,7,8,19288,770
17064,7,8,18548,840
17064,7,8,18178,910
17064,7,8,17438,980
17064,7,8,17068,1050
17064,7,8,1,1120
28936,7,8,30420,0
28936,7,8,30050,350
28936,7,8,29680,560
28936,7,8,29310,840
28936,7,8,28940,1120
28936,7,8,1,1330
18170,7,8,21881,0
18170,7,8,21511,490
18170,7,8,21141,700
18170,7,8,20771,980
18170,7,8,20401,1190
18170,7,8,20031,1260
18170,7,8,19661,1330
18170,7,8,18921,1400
18170,7,8,18551,1470
21143,7,8,22999,0
21143,7,8,22629,350
21143,7,8,22259,630
21143,7,8,21889,840
21143,7,8,21519,1120
21143,7,8,21149,1400
18179,7,8,21141,0
18179,7,8,20771,560
18179,7,8,20401,770
18179,7,8,20031,840
18179,7,8,19661,910
18179,7,8,18921,980
18179,7,8,18551,1050
18179,7,8,1,1120
29307,7,8,30791,0
29307,7,8,30421,350
29307,7,8,30051,560
29307,7,8,29681,840
29307,7,8,29311,1120
29307,7,8,1,1330
23370,7,8,25225,0
23370,7,8,24855,560
23370,7,8,24485,840
23370,7,8,24115,1050
23370,7,8,23745,1330
26343,7,8,28563,0
26343,7,8,28193,420
26343,7,8,27823,700
26343,7,8,27453,910
26343,7,8,27083,1190
26343,7,8,26713,1400
22245,7,8,24482,0
22245,7,8,24112,350
22245,7,8,23742,630
22245,7,8,23372,840
22245,7,8,23002,1120
22245,7,8,22632,1330
22254,7,8,24112,0
22254,7,8,23742,560
22254,7,8,23372,840
22254,7,8,23002,1050
22254,7,8,22632,1330
19290,7,8,21514,0
19290,7,8,21144,420
19290,7,8,20774,630
19290,7,8,20404,910
19290,7,8,19664,980
19290,7,8,19294,1050
19290,7,8,1,1120
19652,7,8,21885,0
19652,7,8,21515,490
19652,7,8,21145,770
19652,7,8,20775,1050
19652,7,8,20405,1260
19652,7,8,20035,1330
19652,7,8,1,1400
19661,7,8,21515,0
19661,7,8,21145,490
19661,7,8,20775,700
19661,7,8,20405,980
19661,7,8,19665,1050
19661,7,8,1,1120
20767,7,8,22628,0
20767,7,8,22258,350
20767,7,8,21888,560
20767,7,8,21518,840
20767,7,8,21148,1120
20767,7,8,20778,1330
16697,7,8,21877,0
16697,7,8,21507,490
16697,7,8,21137,770
16697,7,8,20767,980
16697,7,8,20397,1260
16697,7,8,19657,1330
16697,7,8,19287,1400
16697,7,8,18547,1470
23740,7,8,25966,0
23740,7,8,25596,350
23740,7,8,25226,630
23740,7,8,24856,840
23740,7,8,24486,1120
23740,7,8,24116,1330
20776,7,8,21888,0
20776,7,8,21518,420
20776,7,8,21148,630
20776,7,8,20778,910
20776,7,8,1,1190
24852,7,8,26709,0
24852,7,8,26339,490
24852,7,8,25969,770
24852,7,8,25599,1050
24852,7,8,25229,1260
21129,7,8,22629,0
21129,7,8,22259,490
21129,7,8,21889,770
21129,7,8,21519,980
21129,7,8,21149,1260
21138,7,8,22629,0
21138,7,8,22259,490
21138,7,8,21889,770
21138,7,8,21519,1050
21138,7,8,21149,1260
25967,7,8,27822,0
25967,7,8,27452,420
25967,7,8,27082,700
25967,7,8,26712,910
25967,7,8,26342,1190
25967,7,8,25972,1470
18174,7,8,21141,0
18174,7,8,20771,490
18174,7,8,20401,770
18174,7,8,19661,840
18174,7,8,19291,910
18174,7,8,18921,980
18174,7,8,18181,1050
18174,7,8,1,1120
28940,7,8,30790,0
28940,7,8,30420,490
28940,7,8,30050,770
28940,7,8,29680,1050
28940,7,8,29310,1260
26338,7,8,28193,0
26338,7,8,27823,420
26338,7,8,27453,700
26338,7,8,27083,910
26338,7,8,26713,1190
26338,7,8,26343,1470
23374,7,8,24485,0
23374,7,8,24115,560
23374,7,8,23745,770
23374,7,8,23375,1050
23374,7,8,1,1260
22249,7,8,24482,0
22249,7,8,24112,350
22249,7,8,23742,560
22249,7,8,23372,840
22249,7,8,23002,1120
22249,7,8,22632,1330
19285,7,8,21884,0
19285,7,8,21514,490
19285,7,8,21144,770
19285,7,8,20774,980
19285,7,8,20404,1260
19285,7,8,19664,1330
19285,7,8,19294,1400
19285,7,8,1,1470
22258,7,8,24112,0
22258,7,8,23742,350
22258,7,8,23372,630
22258,7,8,23002,840
22258,7,8,22632,1120
22258,7,8,22262,1400
16321,7,8,20766,0
16321,7,8,20396,490
16321,7,8,20026,560
16321,7,8,19656,630
16321,7,8,18916,700
16321,7,8,18546,770
16321,7,8,17806,840
16321,7,8,17436,910
16321,7,8,17066,980
16321,7,8,16326,1050
16321,7,8,1,1120
19294,7,8,22624,0
19294,7,8,22254,350
19294,7,8,21884,630
19294,7,8,21514,840
19294,7,8,21144,1120
19294,7,8,20774,1330
19656,7,8,21885,0
19656,7,8,21515,560
19656,7,8,21145,840
19656,7,8,20775,1050
19656,7,8,20405,1330
19656,7,8,19665,1400
19656,7,8,1,1470
20762,7,8,22258,0
20762,7,8,21888,490
20762,7,8,21518,770
20762,7,8,21148,980
20762,7,8,20778,1260
16692,7,8,20767,0
16692,7,8,20397,560
16692,7,8,20027,630
16692,7,8,19287,700
16692,7,8,18917,770
16692,7,8,18177,840
16692,7,8,17807,910
16692,7,8,17437,980
16692,7,8,16697,1050
16692,7,8,1,1120
19665,7,8,22625,0
19665,7,8,22255,420
19665,7,8,21885,700
19665,7,8,21515,910
19665,7,8,21145,1190
19665,7,8,20775,1400
20771,7,8,21888,0
20771,7,8,21518,350
20771,7,8,21148,630
20771,7,8,20778,910
20771,7,8,1,1120
21883,7,8,23001,0
21883,7,8,22631,560
21883,7,8,22261,840
21883,7,8,21891,1050
21883,7,8,1,1330
24856,7,8,26709,0
24856,7,8,26339,490
24856,7,8,25969,770
24856,7,8,25599,1050
24856,7,8,25229,1260
28935,7,8,30420,0
28935,7,8,30050,560
28935,7,8,29680,770
28935,7,8,29310,1050
28935,7,8,28940,1330
25971,7,8,27082,0
25971,7,8,26712,490
25971,7,8,26342,700
25971,7,8,25972,980
25971,7,8,1,1260
17803,7,8,21140,0
17803,7,8,20770,490
17803,7,8,20400,700
17803,7,8,20030,770
17803,7,8,19290,840
17803,7,8,18920,910
17803,7,8,18550,980
17803,7,8,17810,1050
17803,7,8,1,1120
23369,7,8,25595,0
23369,7,8,25225,350
23369,7,8,24855,630
23369,7,8,24485,840
23369,7,8,24115,1120
23369,7,8,23745,1330
26342,7,8,27453,0
26342,7,8,27083,490
26342,7,8,26713,700
26342,7,8,26343,980
26342,7,8,1,1260
19280,7,8,21884,0
19280,7,8,21514,560
19280,7,8,21144,770
19280,7,8,20774,1050
19280,7,8,20404,1260
19280,7,8,20034,1330
19280,7,8,19294,1400
19280,7,8,1,1470
22253,7,8,24112,0
22253,7,8,23742,560
22253,7,8,23372,840
22253,7,8,23002,1050
22253,7,8,22632,1330
19289,7,8,21514,0
19289,7,8,21144,420
19289,7,8,20774,700
19289,7,8,20404,910
19289,7,8,20034,980
19289,7,8,19294,1050
19289,7,8,1,1120
22262,7,8,24482,0
22262,7,8,24112,490
22262,7,8,23742,700
22262,7,8,23372,980
22262,7,8,23002,1190
22262,7,8,22632,1470
16325,7,8,20766,0
16325,7,8,20396,560
16325,7,8,19656,630
16325,7,8,19286,700
16325,7,8,18546,770
16325,7,8,18176,840
16325,7,8,17806,910
16325,7,8,17066,980
16325,7,8,16696,1050
16325,7,8,1,1120
19651,7,8,22255,0
19651,7,8,21885,350
19651,7,8,21515,630
19651,7,8,21145,840
19651,7,8,20775,1120
19651,7,8,20405,1330
19651,7,8,20035,1400
19651,7,8,1,1470
27453,7,8,29306,0
27453,7,8,28936,350
27453,7,8,28566,560
27453,7,8,28196,840
27453,7,8,27826,1120
27453,7,8,27456,1330
20766,7,8,22258,0
20766,7,8,21888,420
20766,7,8,21518,700
20766,7,8,21148,910
20766,7,8,20778,1190
20766,7,8,1,1400
16696,7,8,21137,0
16696,7,8,20767,350
16696,7,8,20027,630
16696,7,8,19657,700
16696,7,8,18917,770
16696,7,8,18547,840
16696,7,8,18177,910
16696,7,8,17437,980
16696,7,8,17067,1050
16696,7,8,1,1120
21878,7,8,23371,0
21878,7,8,23001,490
21878,7,8,22631,770
21878,7,8,22261,1050
21878,7,8,21891,1260
21887,8,9,23371,0
21887,8,9,23001,560
21887,8,9,22631,770
21887,8,9,22261,1050
21887,8,9,21891,1330
25966,8,9,27822,0
25966,8,9,27452,490
25966,8,9,27082,700
25966,8,9,26712,980
25966,8,9,26342,1190
25966,8,9,25972,1470
28939,8,9,30050,0
28939,8,9,29680,350
28939,8,9,29310,630
28939,8,9,28940,840
28939,8,9,1,1120
17807,8,9,21140,0
17807,8,9,20770,490
17807,8,9,20400,700
17807,8,9,20030,770
17807,8,9,19660,840
17807,8,9,18920,910
17807,8,9,18550,980
17807,8,9,17810,1050
17807,8,9,1,1120
23373,8,9,25225,0
23373,8,9,24855,490
23373,8,9,24485,770
23373,8,9,24115,980
23373,8,9,23745,1260
30050,8,9,31533,0
30050,8,9,31163,560
30050,8,9,30793,770
30050,8,9,30423,1050
30050,8,9,30053,1330
19284,8,9,22254,0
19284,8,9,21884,420
19284,8,9,21514,630
19284,8,9,21144,910
19284,8,9,20774,1120
19284,8,9,20404,1400
19284,8,9,19664,1470
19293,8,9,21514,0
19293,8,9,21144,490
19293,8,9,20774,700
19293,8,9,20034,980
19293,8,9,19664,1050
19293,8,9,19294,1120
19293,8,9,1,1190
24484,8,9,26338,0
24484,8,9,25968,350
24484,8,9,25598,560
24484,8,9,25228,840
24484,8,9,24858,1120
24484,8,9,24488,1330
20761,8,9,22258,0
20761,8,9,21888,350
20761,8,9,21518,560
20761,8,9,21148,840
20761,8,9,20778,1120
20761,8,9,1,1330
20395,8,9,22257,0
20395,8,9,21887,420
20395,8,9,21517,630
20395,8,9,21147,910
20395,8,9,20777,1120
20395,8,9,20407,1400
20395,8,9,1,1470
21873,8,9,23371,0
21873,8,9,23001,560
21873,8,9,22631,770
21873,8,9,22261,1050
21873,8,9,21891,1330
20404,8,9,21887,0
20404,8,9,21517,350
20404,8,9,21147,630
20404,8,9,20777,840
20404,8,9,1,1120
21882,8,9,23001,0
21882,8,9,22631,560
21882,8,9,22261,770
21882,8,9,21891,1050
21882,8,9,1,1330
24855,8,9,26339,0
24855,8,9,25969,560
24855,8,9,25599,840
24855,8,9,25229,1050
24855,8,9,24859,1330
21891,8,9,24111,0
21891,8,9,23741,350
21891,8,9,23371,560
21891,8,9,23001,840
21891,8,9,22631,1120
21891,8,9,22261,1330
28934,8,9,30420,0
28934,8,9,30050,560
28934,8,9,29680,840
28934,8,9,29310,1050
28934,8,9,28940,1330
25970,8,9,27822,0
25970,8,9,27452,420
25970,8,9,27082,700
25970,8,9,26712,910
25970,8,9,26342,1190
25970,8,9,25972,1470
17802,8,9,21510,0
17802,8,9,21140,560
17802,8,9,20770,840
17802,8,9,20400,1050
17802,8,9,20030,1120
17802,8,9,19290,1190
17802,8,9,18920,1260
17802,8,9,18180,1330
17802,8,9,17810,1400
17802,8,9,1,1470
28568,8,9,29679,0
28568,8,9,29309,350
28568,8,9,28939,630
28568,8,9,28569,840
28568,8,9,1,1120
23002,8,9,24854,0
23002,8,9,24484,490
23002,8,9,24114,770
23002,8,9,23744,1050
23002,8,9,23374,1260
27081,8,9,28565,0
27081,8,9,28195,420
27081,8,9,27825,700
27081,8,9,27455,980
27081,8,9,27085,1190
27081,8,9,1,1470
19288,8,9,21514,0
19288,8,9,21144,420
19288,8,9,20774,700
19288,8,9,20404,910
19288,8,9,20034,980
19288,8,9,19294,1050
19288,8,9,1,1120
16324,8,9,20766,0
16324,8,9,20396,560
16324,8,9,19656,630
16324,8,9,19286,700
16324,8,9,18546,770
16324,8,9,18176,840
16324,8,9,17806,910
16324,8,9,17066,980
16324,8,9,16696,1050
16324,8,9,1,1120
18922,8,9,21513,0
18922,8,9,21143,420
18922,8,9,20773,630
18922,8,9,20403,910
18922,8,9,19663,980
18922,8,9,19293,1050
18922,8,9,18923,1120
18922,8,9,1,1190
27452,8,9,28936,0
27452,8,9,28566,350
27452,8,9,28196,630
27452,8,9,27826,910
27452,8,9,27456,1120
27452,8,9,1,1400
24488,8,9,26708,0
24488,8,9,26338,420
24488,8,9,25968,700
24488,8,9,25598,910
24488,8,9,25228,1190
24488,8,9,24858,1400
20399,8,9,22257,0
20399,8,9,21887,420
20399,8,9,21517,700
20399,8,9,21147,980
20399,8,9,20777,1190
20399,8,9,1,1470
17435,8,9,21139,0
17435,8,9,20769,420
17435,8,9,20029,700
17435,8,9,19659,770
17435,8,9,18919,840
17435,8,9,18549,910
17435,8,9,18179,980
17435,8,9,17439,1050
17435,8,9,1,1120
21877,8,9,23371,0
21877,8,9,23001,560
21877,8,9,22631,770
21877,8,9,22261,1050
21877,8,9,21891,1330
21886,8,9,23371,0
21886,8,9,23001,350
21886,8,9,22631,630
21886,8,9,22261,840
21886,8,9,21891,1120
21886,8,9,1,1400
28563,8,9,30049,0
28563,8,9,29679,560
28563,8,9,29309,840
28563,8,9,28939,1050
28563,8,9,28569,1330
25599,8,9,27451,0
25599,8,9,27081,420
25599,8,9,26711,700
25599,8,9,26341,910
25599,8,9,25971,1190
25599,8,9,25601,1470
17806,8,9,21140,0
17806,8,9,20770,490
17806,8,9,20400,700
17806,8,9,20030,770
17806,8,9,19290,840
17806,8,9,18920,910
17806,8,9,18550,980
17806,8,9,17810,1050
17806,8,9,1,1120
29678,8,9,31162,0
29678,8,9,30792,350
29678,8,9,30422,630
29678,8,9,30052,840
29678,8,9,29682,1120
29678,8,9,1,1330
20033,8,9,21516,0
20033,8,9,21146,560
20033,8,9,20776,770
20033,8,9,20406,1050
20033,8,9,1,1120
30049,8,9,31533,0
30049,8,9,31163,350
30049,8,9,30793,630
30049,8,9,30423,840
30049,8,9,30053,1120
30049,8,9,1,1330
27085,8,9,29305,0
27085,8,9,28935,420
27085,8,9,28565,630
27085,8,9,28195,910
27085,8,9,27825,1120
27085,8,9,27455,1400
18917,8,9,21513,0
18917,8,9,21143,350
18917,8,9,20773,630
18917,8,9,20403,840
18917,8,9,20033,910
18917,8,9,19663,980
18917,8,9,18923,1050
18917,8,9,1,1120
15953,8,9,20765,0
15953,8,9,20395,560
15953,8,9,20025,630
15953,8,9,19285,700
15953,8,9,18915,770
15953,8,9,18545,840
15953,8,9,17805,910
15953,8,9,17435,980
15953,8,9,16695,1050
15953,8,9,16325,1120
15953,8,9,15955,1190
15953,8,9,1,1260
24483,8,9,26338,0
24483,8,9,25968,560
24483,8,9,25598,770
24483,8,9,25228,1050
24483,8,9,24858,1260
20394,8,9,22257,0
20394,8,9,21887,420
20394,8,9,21517,630
20394,8,9,21147,910
20394,8,9,20777,1120
20394,8,9,20407,1400
20394,8,9,1,1470
20403,8,9,21887,0
20403,8,9,21517,350
20403,8,9,21147,630
20403,8,9,20777,840
20403,8,9,1,1120
17439,8,9,22249,0
17439,8,9,21879,350
17439,8,9,21509,630
17439,8,9,21139,840
17439,8,9,20769,1120
17439,8,9,20399,1330
17439,8,9,20029,1400
17439,8,9,19289,1470
21881,8,9,23371,0
21881,8,9,23001,560
21881,8,9,22631,770
21881,8,9,22261,1050
21881,8,9,21891,1260
28567,8,9,30049,0
28567,8,9,29679,560
28567,8,9,29309,770
28567,8,9,28939,1050
28567,8,9,28569,1330
29682,8,9,31532,0
29682,8,9,31162,560
29682,8,9,30792,770
29682,8,9,30422,1050
29682,8,9,30052,1260
20028,8,9,22256,0
20028,8,9,21886,350
20028,8,9,21516,630
20028,8,9,21146,910
20028,8,9,20776,1120
20028,8,9,20036,1400
20028,8,9,1,1470
23001,8,9,25224,0
23001,8,9,24854,350
23001,8,9,24484,630
23001,8,9,24114,840
23001,8,9,23744,1120
23001,8,9,23374,1330
27080,8,9,28935,0
27080,8,9,28565,420
27080,8,9,28195,700
27080,8,9,27825,910
27080,8,9,27455,1190
27080,8,9,27085,1400
18912,8,9,21883,0
18912,8,9,21513,560
18912,8,9,21143,840
18912,8,9,20773,1050
18912,8,9,20403,1330
18912,8,9,19663,1400
18912,8,9,19293,1470
18921,8,9,21513,0
18921,8,9,21143,420
18921,8,9,20773,630
18921,8,9,20403,910
18921,8,9,19663,980
18921,8,9,19293,1050
18921,8,9,1,1120
31165,8,9,32276,0
31165,8,9,31906,420
31165,8,9,31536,630
31165,8,9,31166,910
31165,8,9,1,1120
20398,8,9,22257,0
20398,8,9,21887,420
20398,8,9,21517,700
20398,8,9,21147,980
20398,8,9,20777,1190
20398,8,9,1,1470
17434,8,9,21139,0
17434,8,9,20769,420
17434,8,9,20029,700
17434,8,9,19659,770
17434,8,9,18919,840
17434,8,9,18549,910
17434,8,9,18179,980
17434,8,9,17439,1050
17434,8,9,1,1120
21876,8,9,23371,0
21876,8,9,23001,560
21876,8,9,22631,770
21876,8,9,22261,1050
21876,8,9,21891,1330
21510,8,9,23000,0
21510,8,9,22630,420
21510,8,9,22260,630
21510,8,9,21890,910
21510,8,9,21520,1120
21510,8,9,1,1400
21519,8,9,22630,0
21519,8,9,22260,420
21519,8,9,21890,700
21519,8,9,21520,910
21519,8,9,1,1190
22625,8,9,24853,0
22625,8,9,24483,350
22625,8,9,24113,560
22625,8,9,23743,840
22625,8,9,23373,1120
22625,8,9,23003,1330
25598,8,9,27451,0
25598,8,9,27081,490
25598,8,9,26711,700
25598,8,9,26341,980
25598,8,9,25971,1190
25598,8,9,25601,1470
29677,8,9,31162,0
29677,8,9,30792,560
29677,8,9,30422,840
29677,8,9,30052,1050
29677,8,9,29682,1330
20023,8,9,21886,0
20023,8,9,21516,560
20023,8,9,21146,840
20023,8,9,20776,1050
20023,8,9,20406,1330
20023,8,9,1,1400
20032,8,9,21516,0
20032,8,9,21146,560
20032,8,9,20776,770
20032,8,9,20406,1050
20032,8,9,1,1120
27084,8,9,28195,0
27084,8,9,27825,490
27084,8,9,27455,700
27084,8,9,27085,980
27084,8,9,1,1190
18916,8,9,21513,0
18916,8,9,21143,350
18916,8,9,20773,630
18916,8,9,20403,840
18916,8,9,20033,910
18916,8,9,19663,980
18916,8,9,18923,1050
18916,8,9,1,1120
15952,8,9,20765,0
15952,8,9,20395,560
15952,8,9,19655,630
15952,8,9,19285,700
15952,8,9,18545,770
15952,8,9,18175,840
15952,8,9,17805,910
15952,8,9,17065,980
15952,8,9,16695,1050
15952,8,9,15955,1120
15952,8,9,1,1190
32275,8,9,33759,0
32275,8,9,33389,420
32275,8,9,33019,630
32275,8,9,32649,910
32275,8,9,32279,1190
32275,8,9,1,1400
24116,8,9,25227,0
24116,8,9,24857,490
24116,8,9,24487,770
24116,8,9,24117,1050
24116,8,9,1,1260
20393,8,9,22257,0
20393,8,9,21887,490
20393,8,9,21517,700
20393,8,9,21147,980
20393,8,9,20777,1190
20393,8,9,20407,1470
28195,8,9,29678,0
28195,8,9,29308,560
28195,8,9,28938,770
28195,8,9,28568,1050
28195,8,9,28198,1260
17438,8,9,21139,0
17438,8,9,20769,490
17438,8,9,20399,700
17438,8,9,20029,770
17438,8,9,19289,840
17438,8,9,18919,910
17438,8,9,18179,980
17438,8,9,17809,1050
17438,8,9,17439,1120
17438,8,9,1,1190
21505,8,9,23000,0
21505,8,9,22630,560
21505,8,9,22260,770
21505,8,9,21890,1050
21505,8,9,21520,1260
18541,8,9,21882,0
18541,8,9,21512,560
18541,8,9,21142,770
18541,8,9,20772,1050
18541,8,9,20402,1260
18541,8,9,20032,1330
18541,8,9,19292,1400
18541,8,9,18922,1470
21514,8,9,23000,0
21514,8,9,22630,560
21514,8,9,22260,770
21514,8,9,21890,1050
21514,8,9,21520,1330
18550,8,9,21512,0
18550,8,9,21142,350
18550,8,9,20772,630
18550,8,9,20402,840
18550,8,9,20032,910
18550,8,9,19292,980
18550,8,9,18922,1050
18550,8,9,1,1120
28566,8,9,30049,0
28566,8,9,29679,560
28566,8,9,29309,770
28566,8,9,28939,1050
28566,8,9,28569,1260
22629,8,9,24483,0
22629,8,9,24113,350
22629,8,9,23743,630
22629,8,9,23373,840
22629,8,9,23003,1120
22629,8,9,22633,1400
29681,8,9,30792,0
29681,8,9,30422,350
29681,8,9,30052,630
29681,8,9,29682,840
29681,8,9,1,1120
30793,8,9,32275,0
30793,8,9,31905,560
30793,8,9,31535,840
30793,8,9,31165,1050
30793,8,9,30795,1330
20027,8,9,22256,0
20027,8,9,21886,350
20027,8,9,21516,630
20027,8,9,21146,910
20027,8,9,20776,1120
20027,8,9,20036,1400
20027,8,9,1,1470
23000,8,9,24854,0
23000,8,9,24484,420
23000,8,9,24114,630
23000,8,9,23744,910
23000,8,9,23374,1120
23000,8,9,23004,1400
20036,8,9,22626,0
20036,8,9,22256,490
20036,8,9,21886,700
20036,8,9,21516,980
20036,8,9,21146,1190
20036,8,9,20776,1470
26713,8,9,27824,0
26713,8,9,27454,490
26713,8,9,27084,700
26713,8,9,26714,980
26713,8,9,1,1190
18920,8,9,21513,0
18920,8,9,21143,350
18920,8,9,20773,630
18920,8,9,20033,910
18920,8,9,19663,980
18920,8,9,18923,1050
18920,8,9,1,1120
31164,8,9,33016,0
31164,8,9,32646,350
31164,8,9,32276,630
31164,8,9,31906,840
31164,8,9,31536,1120
31164,8,9,31166,1330
17068,8,9,21878,0
17068,8,9,21508,560
17068,8,9,21138,770
17068,8,9,20768,1050
17068,8,9,20028,1330
17068,8,9,19658,1400
17068,8,9,18918,1470
24111,8,9,25967,0
24111,8,9,25597,560
24111,8,9,25227,840
24111,8,9,24857,1050
24111,8,9,24487,1330
21147,8,9,22259,0
21147,8,9,21889,420
21147,8,9,21519,630
21147,8,9,21149,910
21147,8,9,1,1190
25226,8,9,26710,0
25226,8,9,26340,560
25226,8,9,25970,770
25226,8,9,25600,1050
25226,8,9,25230,1260
21509,8,9,22630,0
21509,8,9,22260,490
21509,8,9,21890,770
21509,8,9,21520,980
21509,8,9,1,1260
18545,8,9,21142,0
18545,8,9,20772,560
18545,8,9,20032,840
18545,8,9,19662,910
18545,8,9,19292,980
18545,8,9,18552,1050
18545,8,9,1,1120
21518,8,9,23370,0
21518,8,9,23000,420
21518,8,9,22630,630
21518,8,9,22260,910
21518,8,9,21890,1120
21518,8,9,21520,1400
15581,8,9,20764,0
15581,8,9,20394,490
15581,8,9,20024,560
15581,8,9,19284,630
15581,8,9,18914,700
15581,8,9,18174,770
15581,8,9,17804,840
15581,8,9,17434,910
15581,8,9,16694,980
15581,8,9,16324,1050
15581,8,9,15584,1120
15581,8,9,1,1190
22624,8,9,24853,0
22624,8,9,24483,350
22624,8,9,24113,560
22624,8,9,23743,840
22624,8,9,23373,1120
22624,8,9,23003,1330
25597,8,9,27081,0
25597,8,9,26711,490
25597,8,9,26341,770
25597,8,9,25971,980
25597,8,9,25601,1260
22633,8,9,24853,0
22633,8,9,24483,490
22633,8,9,24113,700
22633,8,9,23743,980
22633,8,9,23373,1190
22633,8,9,23003,1470
20022,8,9,22256,0
20022,8,9,21886,420
20022,8,9,21516,630
20022,8,9,21146,910
20022,8,9,20776,1190
20022,8,9,20406,1400
20022,8,9,20036,1470
27824,8,9,29677,0
27824,8,9,29307,350
27824,8,9,28937,560
27824,8,9,28567,840
27824,8,9,28197,1120
27824,8,9,27827,1330
20031,8,9,21516,0
20031,8,9,21146,560
20031,8,9,20776,770
20031,8,9,20406,1050
20031,8,9,1,1120
26708,8,9,28564,0
26708,8,9,28194,420
26708,8,9,27824,700
26708,8,9,27454,910
26708,8,9,27084,1190
26708,8,9,26714,1400
23744,8,9,25596,0
23744,8,9,25226,490
23744,8,9,24856,770
23744,8,9,24486,980
23744,8,9,24116,1260
15951,8,9,20765,0
15951,8,9,20025,560
15951,8,9,19655,630
15951,8,9,19285,700
15951,8,9,18545,770
15951,8,9,18175,840
15951,8,9,17435,910
15951,8,9,17065,980
15951,8,9,16695,1050
15951,8,9,15955,1120
15951,8,9,1,1190
21133,8,9,22259,0
21133,8,9,21889,560
21133,8,9,21519,840
21133,8,9,21149,1050
21133,8,9,1,1330
17063,8,9,21138,0
17063,8,9,20768,350
17063,8,9,20398,630
17063,8,9,19658,700
17063,8,9,19288,770
17063,8,9,18548,840
17063,8,9,18178,910
17063,8,9,17808,980
17063,8,9,17068,1050
17063,8,9,1,1120
21142,8,9,22999,0
21142,8,9,22629,350
21142,8,9,22259,630
21142,8,9,21889,840
21142,8,9,21519,1120
21142,8,9,21149,1330
24115,8,9,25967,0
24115,8,9,25597,490
24115,8,9,25227,700
24115,8,9,24857,980
24115,8,9,24487,1260
24115,8,9,24117,1470
18178,8,9,21141,0
18178,8,9,20771,560
18178,8,9,20401,770
18178,8,9,20031,840
18178,8,9,19291,910
18178,8,9,18921,980
18178,8,9,18181,1050
18178,8,9,1,1120
28194,8,9,29678,0
28194,8,9,29308,350
28194,8,9,28938,630
28194,8,9,28568,840
28194,8,9,28198,1120
28194,8,9,1,1330
25230,8,9,27450,0
25230,8,9,27080,420
25230,8,9,26710,630
25230,8,9,26340,910
25230,8,9,25970,1190
25230,8,9,25600,1400
21504,8,9,23000,0
21504,8,9,22630,560
21504,8,9,22260,770
21504,8,9,21890,1050
21504,8,9,21520,1330
29306,8,9,30791,0
29306,8,9,30421,560
29306,8,9,30051,840
29306,8,9,29681,1050
29306,8,9,29311,1330
21513,8,9,23000,0
21513,8,9,22630,560
21513,8,9,22260,770
21513,8,9,21890,1050
21513,8,9,21520,1330
18549,8,9,21142,0
18549,8,9,20772,560
18549,8,9,20402,840
18549,8,9,19662,910
18549,8,9,19292,980
18549,8,9,18552,1050
18549,8,9,1,1120
30421,8,9,31904,0
30421,8,9,31534,560
30421,8,9,31164,770
30421,8,9,30794,1050
30421,8,9,30424,1330
22628,8,9,24483,0
22628,8,9,24113,560
22628,8,9,23743,840
22628,8,9,23373,1050
22628,8,9,23003,1330
20026,8,9,22256,0
20026,8,9,21886,490
20026,8,9,21516,770
20026,8,9,21146,980
20026,8,9,20776,1260
30792,8,9,32275,0
30792,8,9,31905,560
30792,8,9,31535,770
30792,8,9,31165,1050
30792,8,9,30795,1330
19660,8,9,21515,0
19660,8,9,21145,490
19660,8,9,20775,770
19660,8,9,20405,980
19660,8,9,20035,1050
19660,8,9,1,1120
26712,8,9,28564,0
26712,8,9,28194,420
26712,8,9,27824,630
26712,8,9,27454,910
26712,8,9,27084,1190
26712,8,9,26714,1400
20775,8,9,21888,0
20775,8,9,21518,420
20775,8,9,21148,630
20775,8,9,20778,910
20775,8,9,1,1120
21137,8,9,22629,0
21137,8,9,22259,560
21137,8,9,21889,770
21137,8,9,21519,1050
21137,8,9,21149,1260
17067,8,9,21138,0
17067,8,9,20768,420
17067,8,9,20398,630
17067,8,9,20028,700
17067,8,9,19658,770
17067,8,9,18918,840
17067,8,9,18548,910
17067,8,9,17808,980
17067,8,9,17438,1050
17067,8,9,17068,1120
17067,8,9,1,1190
18173,8,9,21881,0
18173,8,9,21511,350
18173,8,9,21141,630
18173,8,9,20771,840
18173,8,9,20401,1120
18173,8,9,19661,1190
18173,8,9,19291,1260
18173,8,9,18551,1330
18173,8,9,18181,1400
18173,8,9,1,1470
21146,8,9,22259,0
21146,8,9,21889,420
21146,8,9,21519,630
21146,8,9,21149,910
21146,8,9,1,1190
25225,8,9,27080,0
25225,8,9,26710,490
25225,8,9,26340,700
25225,8,9,25970,980
25225,8,9,25600,1260
25225,8,9,25230,1470
21508,8,9,23000,0
21508,8,9,22630,350
21508,8,9,22260,560
21508,8,9,21890,840
21508,8,9,21520,1120
21508,8,9,1,1330
26337,8,9,28193,0
26337,8,9,27823,490
26337,8,9,27453,700
26337,8,9,27083,980
26337,8,9,26713,1190
26337,8,9,26343,1470
29310,8,9,30421,0
29310,8,9,30051,350
29310,8,9,29681,630
29310,8,9,29311,840
29310,8,9,1,1120
18544,8,9,21882,0
18544,8,9,21512,420
18544,8,9,21142,630
18544,8,9,20772,910
18544,8,9,20032,1190
18544,8,9,19662,1260
18544,8,9,18922,1330
18544,8,9,18552,1400
18544,8,9,1,1470
22257,8,9,24112,0
22257,8,9,23742,350
22257,8,9,23372,560
22257,8,9,23002,840
22257,8,9,22632,1120
22257,8,9,22262,1330
27823,8,9,29307,0
27823,8,9,28937,350
27823,8,9,28567,630
27823,8,9,28197,910
27823,8,9,27827,1120
27823,8,9,1,1400
19655,8,9,22255,0
19655,8,9,21885,490
19655,8,9,21515,700
19655,8,9,21145,980
19655,8,9,20775,1190
19655,8,9,20405,1470
16691,8,9,20767,0
16691,8,9,20397,560
16691,8,9,20027,630
16691,8,9,19287,700
16691,8,9,18917,770
16691,8,9,18177,840
16691,8,9,17807,910
16691,8,9,17437,980
16691,8,9,16697,1050
16691,8,9,1,1120
19664,8,9,21515,0
19664,8,9,21145,560
19664,8,9,20775,770
19664,8,9,20035,1050
19664,8,9,19665,1120
19664,8,9,1,1190
20770,8,9,22258,0
20770,8,9,21888,490
20770,8,9,21518,700
20770,8,9,21148,980
20770,8,9,20778,1260
20770,8,9,1,1470
23743,8,9,25966,0
23743,8,9,25596,350
23743,8,9,25226,630
23743,8,9,24856,840
23743,8,9,24486,1120
23743,8,9,24116,1330
21132,8,9,22259,0
21132,8,9,21889,560
21132,8,9,21519,770
21132,8,9,21149,1050
21132,8,9,1,1260
17062,8,9,21138,0
17062,8,9,20768,350
17062,8,9,20398,630
17062,8,9,19658,700
17062,8,9,19288,770
17062,8,9,18548,840
17062,8,9,18178,910
17062,8,9,17808,980
17062,8,9,17068,1050
17062,8,9,1,1120
21141,8,9,22629,0
21141,8,9,22259,420
21141,8,9,21889,700
21141,8,9,21519,980
21141,8,9,21149,1190
21141,8,9,1,1470
18177,8,9,21141,0
18177,8,9,20771,490
18177,8,9,20401,770
18177,8,9,19661,840
18177,8,9,19291,910
18177,8,9,18921,980
18177,8,9,18181,1050
18177,8,9,1,1120
29305,8,9,30791,0
29305,8,9,30421,560
29305,8,9,30051,840
29305,8,9,29681,1050
29305,8,9,29311,1330
26341,8,9,28193,0
26341,8,9,27823,420
26341,8,9,27453,700
26341,8,9,27083,910
26341,8,9,26713,1190
26341,8,9,26343,1470
30420,8,9,31904,0
30420,8,9,31534,350
30420,8,9,31164,630
30420,8,9,30794,840
30420,8,9,30424,1120
30420,8,9,1,1330
15584,8,9,21874,0
15584,8,9,21504,420
15584,8,9,21134,700
15584,8,9,20764,910
15584,8,9,20024,1190
15584,8,9,19654,1260
15584,8,9,19284,1330
15584,8,9,18544,1400
15584,8,9,18174,1470
22252,8,9,24482,0
22252,8,9,24112,350
22252,8,9,23742,560
22252,8,9,23372,840
22252,8,9,23002,1120
22252,8,9,22632,1330
22261,8,9,23372,0
22261,8,9,23002,560
22261,8,9,22632,770
22261,8,9,22262,1050
22261,8,9,1,1260
27827,8,9,29677,0
27827,8,9,29307,560
27827,8,9,28937,840
27827,8,9,28567,1050
27827,8,9,28197,1330
19659,8,9,21515,0
19659,8,9,21145,490
19659,8,9,20775,770
19659,8,9,20405,980
19659,8,9,20035,1050
19659,8,9,1,1120
20765,8,9,22258,0
20765,8,9,21888,420
20765,8,9,21518,700
20765,8,9,21148,910
20765,8,9,20778,1190
20765,8,9,1,1400
16695,8,9,21137,0
16695,8,9,20767,350
16695,8,9,20027,630
16695,8,9,19657,700
16695,8,9,18917,770
16695,8,9,18547,840
16695,8,9,18177,910
16695,8,9,17437,980
16695,8,9,17067,1050
16695,8,9,1,1120
20774,8,9,21888,0
20774,8,9,21518,350
20774,8,9,21148,630
20774,8,9,20778,910
20774,8,9,1,1120
24859,8,9,27079,0
24859,8,9,26709,420
24859,8,9,26339,630
24859,8,9,25969,910
24859,8,9,25599,1190
24859,8,9,25229,1400
17066,8,9,21138,0
17066,8,9,20768,420
17066,8,9,20398,630
17066,8,9,20028,700
17066,8,9,19288,770
17066,8,9,18918,840
17066,8,9,18548,910
17066,8,9,17808,980
17066,8,9,17438,1050
17066,8,9,1,1120
21136,8,9,22629,0
21136,8,9,22259,350
21136,8,9,21889,630
21136,8,9,21519,840
21136,8,9,21149,1120
21136,8,9,1,1330
18172,8,9,21881,0
18172,8,9,21511,350
18172,8,9,21141,630
18172,8,9,20771,840
18172,8,9,20401,1120
18172,8,9,19661,1190
18172,8,9,19291,1260
18172,8,9,18551,1330
18172,8,9,18181,1400
18172,8,9,1,1470
28938,8,9,30420,0
28938,8,9,30050,560
28938,8,9,29680,770
28938,8,9,29310,1050
28938,8,9,28940,1260
18181,8,9,22251,0
18181,8,9,21881,420
18181,8,9,21511,700
18181,8,9,21141,980
18181,8,9,20771,1190
18181,8,9,20031,1470
29309,8,9,30791,0
29309,8,9,30421,560
29309,8,9,30051,770
29309,8,9,29681,1050
29309,8,9,29311,1260
23372,8,9,25595,0
23372,8,9,25225,350
23372,8,9,24855,560
23372,8,9,24485,840
23372,8,9,24115,1120
23372,8,9,23745,1330
30424,8,9,32274,0
30424,8,9,31904,560
30424,8,9,31534,770
30424,8,9,31164,1050
30424,8,9,30794,1260
19283,8,9,22254,0
19283,8,9,21884,350
19283,8,9,21514,630
19283,8,9,21144,910
19283,8,9,20774,1120
19283,8,9,20034,1400
19283,8,9,19664,1470
15213,8,9,21873,0
15213,8,9,21503,350
15213,8,9,21133,630
15213,8,9,20763,840
15213,8,9,20393,1120
15213,8,9,19653,1190
15213,8,9,19283,1260
15213,8,9,18913,1330
15213,8,9,18173,1400
15213,8,9,17803,1470
22256,8,9,24112,0
22256,8,9,23742,560
22256,8,9,23372,840
22256,8,9,23002,1050
22256,8,9,22632,1330
19292,8,9,21514,0
19292,8,9,21144,420
19292,8,9,20774,700
19292,8,9,20034,980
19292,8,9,19664,1050
19292,8,9,1,1120
27822,8,9,29677,0
27822,8,9,29307,350
27822,8,9,28937,630
27822,8,9,28567,840
27822,8,9,28197,1120
27822,8,9,27827,1330
19654,8,9,22255,0
19654,8,9,21885,420
19654,8,9,21515,700
19654,8,9,21145,980
19654,8,9,20775,1190
19654,8,9,20035,1470
27456,8,9,29676,0
27456,8,9,29306,350
27456,8,9,28936,560
27456,8,9,28566,840
27456,8,9,28196,1120
27456,8,9,27826,1330
19663,8,9,21515,0
19663,8,9,21145,490
19663,8,9,20775,770
19663,8,9,20035,1050
19663,8,9,19665,1120
19663,8,9,1,1190
20769,8,9,22258,0
20769,8,9,21888,490
20769,8,9,21518,700
20769,8,9,21148,980
20769,8,9,20778,1260
20769,8,9,1,1470
31535,8,9,33017,0
31535,8,9,32647,560
31535,8,9,32277,840
31535,8,9,31907,1050
31535,8,9,31537,1330
23742,8,9,25596,0
23742,8,9,25226,420
23742,8,9,24856,630
23742,8,9,24486,910
23742,8,9,24116,1120
23742,8,9,23746,1400
20778,8,9,22628,0
20778,8,9,22258,560
20778,8,9,21888,770
20778,8,9,21518,1050
20778,8,9,21148,1330
24854,8,9,26709,0
24854,8,9,26339,490
24854,8,9,25969,770
24854,8,9,25599,980
24854,8,9,25229,1260
24854,8,9,24859,1470
21131,8,9,22629,0
21131,8,9,22259,490
21131,8,9,21889,770
21131,8,9,21519,980
21131,8,9,21149,1260
21890,8,9,23001,0
21890,8,9,22631,420
21890,8,9,22261,700
21890,8,9,21891,910
21890,8,9,1,1190
17061,8,9,21138,0
17061,8,9,20768,350
17061,8,9,20398,630
17061,8,9,19658,700
17061,8,9,19288,770
17061,8,9,18548,840
17061,8,9,18178,910
17061,8,9,17808,980
17061,8,9,17068,1050
17061,8,9,1,1120
25969,8,9,27822,0
25969,8,9,27452,490
25969,8,9,27082,700
25969,8,9,26712,980
25969,8,9,26342,1190
25969,8,9,25972,1470
18176,8,9,21141,0
18176,8,9,20771,490
18176,8,9,20401,770
18176,8,9,19661,840
18176,8,9,19291,910
18176,8,9,18921,980
18176,8,9,18181,1050
18176,8,9,1,1120
17810,8,9,22250,0
17810,8,9,21880,420
17810,8,9,21510,630
17810,8,9,21140,910
17810,8,9,20770,1120
17810,8,9,20400,1400
17810,8,9,19660,1470
26340,8,9,28193,0
26340,8,9,27823,490
26340,8,9,27453,700
26340,8,9,27083,980
26340,8,9,26713,1190
26340,8,9,26343,1470
30419,8,9,31904,0
30419,8,9,31534,560
30419,8,9,31164,840
30419,8,9,30794,1050
30419,8,9,30424,1330
22251,8,9,24482,0
22251,8,9,24112,350
22251,8,9,23742,560
22251,8,9,23372,840
22251,8,9,23002,1120
22251,8,9,22632,1330
30053,8,9,31903,0
30053,8,9,31533,560
30053,8,9,31163,770
30053,8,9,30793,1050
30053,8,9,30423,1260
19287,8,9,21514,0
19287,8,9,21144,420
19287,8,9,20774,700
19287,8,9,20404,910
19287,8,9,20034,980
19287,8,9,19294,1050
19287,8,9,1,1120
22260,8,9,24112,0
22260,8,9,23742,490
22260,8,9,23372,770
22260,8,9,23002,980
22260,8,9,22632,1260
22260,8,9,22262,1470
27451,8,9,29306,0
27451,8,9,28936,350
27451,8,9,28566,630
27451,8,9,28196,840
27451,8,9,27826,1120
27451,8,9,27456,1330
19658,8,9,21515,0
19658,8,9,21145,490
19658,8,9,20775,770
19658,8,9,20405,980
19658,8,9,20035,1050
19658,8,9,1,1120
24487,8,9,25598,0
24487,8,9,25228,490
24487,8,9,24858,770
24487,8,9,24488,1050
24487,8,9,1,1260
20764,8,9,22258,0
20764,8,9,21888,490
20764,8,9,21518,770
20764,8,9,21148,980
20764,8,9,20778,1260
16694,8,9,20767,0
16694,8,9,20397,560
16694,8,9,20027,630
16694,8,9,19287,700
16694,8,9,18917,770
16694,8,9,18547,840
16694,8,9,17807,910
16694,8,9,17437,980
16694,8,9,16697,1050
16694,8,9,1,1120
20773,8,9,21888,0
20773,8,9,21518,420
20773,8,9,21148,630
20773,8,9,20778,910
20773,8,9,1,1120
20407,8,9,22627,0
20407,8,9,22257,490
20407,8,9,21887,770
20407,8,9,21517,1050
20407,8,9,21147,1260
21885,8,9,23371,0
21885,8,9,23001,350
21885,8,9,22631,630
21885,8,9,22261,840
21885,8,9,21891,1120
21885,8,9,1,1400
24858,8,9,25969,0
24858,8,9,25599,490
24858,8,9,25229,770
24858,8,9,24859,980
24858,8,9,1,1260
28937,8,9,30420,0
28937,8,9,30050,560
28937,8,9,29680,770
28937,8,9,29310,1050
28937,8,9,28940,1260
17805,8,9,21140,0
17805,8,9,20770,490
17805,8,9,20400,700
17805,8,9,20030,770
17805,8,9,19290,840
17805,8,9,18920,910
17805,8,9,18550,980
17805,8,9,17810,1050
17805,8,9,1,1120
23371,8,9,25225,0
23371,8,9,24855,420
23371,8,9,24485,630
23371,8,9,24115,910
23371,8,9,23745,1120
23371,8,9,23375,1400
19282,8,9,21884,0
19282,8,9,21514,490
19282,8,9,21144,700
19282,8,9,20774,980
19282,8,9,20404,1190
19282,8,9,20034,1260
19282,8,9,19294,1330
19282,8,9,1,1400
15212,8,9,20763,0
15212,8,9,20393,490
15212,8,9,19653,560
15212,8,9,19283,630
15212,8,9,18543,700
15212,8,9,18173,770
15212,8,9,17803,840
15212,8,9,17063,910
15212,8,9,16693,980
15212,8,9,15953,1050
15212,8,9,15583,1120
15212,8,9,15213,1190
15212,8,9,1,1260
22255,8,9,24112,0
22255,8,9,23742,560
22255,8,9,23372,840
22255,8,9,23002,1050
22255,8,9,22632,1330
30048,8,9,31533,0
30048,8,9,31163,560
30048,8,9,30793,840
30048,8,9,30423,1050
30048,8,9,30053,1330
19291,8,9,21514,0
19291,8,9,21144,420
19291,8,9,20774,700
19291,8,9,20404,910
19291,8,9,20034,980
19291,8,9,19294,1050
19291,8,9,1,1120
24482,8,9,26338,0
24482,8,9,25968,560
24482,8,9,25598,840
24482,8,9,25228,1050
24482,8,9,24858,1330
27455,8,9,28566,0
27455,8,9,28196,420
27455,8,9,27826,630
27455,8,9,27456,910
27455,8,9,1,1190
31534,8,9,33017,0
31534,8,9,32647,560
31534,8,9,32277,840
31534,8,9,31907,1050
31534,8,9,31537,1330
20402,8,9,21887,0
20402,8,9,21517,350
20402,8,9,21147,630
20402,8,9,20777,840
20402,8,9,20407,1120
20402,8,9,1,1190
21880,8,9,23371,0
21880,8,9,23001,490
21880,8,9,22631,770
21880,8,9,22261,1050
21880,8,9,21891,1260
24853,8,9,26709,0
24853,8,9,26339,490
24853,8,9,25969,770
24853,8,9,25599,1050
24853,8,9,25229,1260
21889,8,9,23741,0
21889,8,9,23371,420
21889,8,9,23001,630
21889,8,9,22631,910
21889,8,9,22261,1120
21889,8,9,21891,1400
25968,8,9,27452,0
25968,8,9,27082,490
25968,8,9,26712,770
25968,8,9,26342,980
25968,8,9,25972,1260
17809,8,9,21140,0
17809,8,9,20770,490
17809,8,9,20400,770
17809,8,9,19660,840
17809,8,9,19290,910
17809,8,9,18550,980
17809,8,9,18180,1050
17809,8,9,17810,1120
17809,8,9,1,1190
23375,8,9,25595,0
23375,8,9,25225,420
23375,8,9,24855,700
23375,8,9,24485,980
23375,8,9,24115,1190
23375,8,9,23745,1470
22250,8,9,24482,0
22250,8,9,24112,350
22250,8,9,23742,560
22250,8,9,23372,840
22250,8,9,23002,1120
22250,8,9,22632,1330
27079,8,9,28935,0
27079,8,9,28565,420
27079,8,9,28195,700
27079,8,9,27825,910
27079,8,9,27455,1190
27079,8,9,27085,1470
19286,8,9,21884,0
19286,8,9,21514,490
19286,8,9,21144,770
19286,8,9,20774,980
19286,8,9,20404,1260
19286,8,9,19664,1330
19286,8,9,19294,1400
19286,8,9,1,1470
30052,8,9,31163,0
30052,8,9,30793,350
30052,8,9,30423,630
30052,8,9,30053,840
30052,8,9,1,1120
27450,8,9,29306,0
27450,8,9,28936,350
27450,8,9,28566,630
27450,8,9,28196,910
27450,8,9,27826,1120
27450,8,9,27456,1400
24486,8,9,26338,0
24486,8,9,25968,490
24486,8,9,25598,770
24486,8,9,25228,980
24486,8,9,24858,1260
24486,8,9,24488,1470
20397,8,9,22257,0
20397,8,9,21887,560
20397,8,9,21517,840
20397,8,9,21147,1050
20397,8,9,20777,1330
17433,8,9,21139,0
17433,8,9,20769,420
17433,8,9,20029,700
17433,8,9,19659,770
17433,8,9,18919,840
17433,8,9,18549,910
17433,8,9,18179,980
17433,8,9,17439,1050
17433,8,9,1,1120
21875,8,9,23371,0
21875,8,9,23001,560
21875,8,9,22631,770
21875,8,9,22261,1050
21875,8,9,21891,1330
20406,8,9,21887,0
20406,8,9,21517,350
20406,8,9,21147,630
20406,8,9,20777,910
20406,8,9,20407,1120
20406,8,9,1,1190
21884,8,9,23001,0
21884,8,9,22631,490
21884,8,9,22261,770
21884,8,9,21891,980
21884,8,9,1,1260
24857,8,9,26709,0
24857,8,9,26339,490
24857,8,9,25969,700
24857,8,9,25599,980
24857,8,9,25229,1190
24857,8,9,24859,1470
25972,8,9,28192,0
25972,8,9,27822,420
25972,8,9,27452,700
25972,8,9,27082,910
25972,8,9,26712,1190
25972,8,9,26342,1400
17804,8,9,21140,0
17804,8,9,20770,490
17804,8,9,20400,700
17804,8,9,20030,770
17804,8,9,19290,840
17804,8,9,18920,910
17804,8,9,18550,980
17804,8,9,17810,1050
17804,8,9,1,1120
29676,8,9,31532,0
29676,8,9,31162,350
29676,8,9,30792,560
29676,8,9,30422,840
29676,8,9,30052,1120
29676,8,9,29682,1330
23004,8,9,25224,0
23004,8,9,24854,490
23004,8,9,24484,700
23004,8,9,24114,980
23004,8,9,23744,1190
23004,8,9,23374,1470
19281,8,9,21884,0
19281,8,9,21514,490
19281,8,9,21144,700
19281,8,9,20774,980
19281,8,9,20404,1190
19281,8,9,20034,1260
19281,8,9,19294,1330
19281,8,9,1,1400
27083,8,9,28935,0
27083,8,9,28565,420
27083,8,9,28195,630
27083,8,9,27825,910
27083,8,9,27455,1190
27083,8,9,27085,1400
16326,8,9,21876,0
16326,8,9,21506,420
16326,8,9,21136,700
16326,8,9,20766,980
16326,8,9,20396,1190
16326,8,9,20026,1260
16326,8,9,19286,1330
16326,8,9,18916,1400
16326,8,9,18176,1470
18915,8,9,21883,0
18915,8,9,21513,490
18915,8,9,21143,700
18915,8,9,20773,980
18915,8,9,20403,1190
18915,8,9,20033,1260
18915,8,9,19293,1330
18915,8,9,18923,1400
18915,8,9,1,1470
27454,8,9,29306,0
27454,8,9,28936,350
27454,8,9,28566,630
27454,8,9,28196,840
27454,8,9,27826,1120
27454,8,9,27456,1330
20392,8,9,22257,0
20392,8,9,21887,490
20392,8,9,21517,700
20392,8,9,21147,980
20392,8,9,20777,1190
20392,8,9,20407,1470
20401,8,9,21887,0
20401,8,9,21517,350
20401,8,9,21147,630
20401,8,9,20777,840
20401,8,9,20407,1120
20401,8,9,1,1190
21879,8,9,23371,0
21879,8,9,23001,560
21879,8,9,22631,770
21879,8,9,22261,1050
21879,8,9,21891,1260
17437,8,9,21139,0
17437,8,9,20769,420
17437,8,9,20399,700
17437,8,9,19659,770
17437,8,9,19289,840
17437,8,9,18919,910
17437,8,9,18179,980
17437,8,9,17809,1050
17437,8,9,1,1120
21888,8,9,23371,0
21888,8,9,23001,560
21888,8,9,22631,770
21888,8,9,22261,1050
21888,8,9,21891,1260
28565,8,9,30049,0
28565,8,9,29679,350
28565,8,9,29309,630
28565,8,9,28939,840
28565,8,9,28569,1120
28565,8,9,1,1330
25601,8,9,27821,0
25601,8,9,27451,420
25601,8,9,27081,630
25601,8,9,26711,910
25601,8,9,26341,1190
25601,8,9,25971,1400
17808,8,9,21140,0
17808,8,9,20770,490
17808,8,9,20030,770
17808,8,9,19660,840
17808,8,9,19290,910
17808,8,9,18550,980
17808,8,9,18180,1050
17808,8,9,1,1120
29680,8,9,31162,0
29680,8,9,30792,560
29680,8,9,30422,840
29680,8,9,30052,1050
29680,8,9,29682,1330
22999,8,9,25224,0
22999,8,9,24854,350
22999,8,9,24484,630
22999,8,9,24114,840
22999,8,9,23744,1120
22999,8,9,23374,1330
20035,8,9,21516,0
20035,8,9,21146,560
20035,8,9,20776,840
20035,8,9,20406,1050
20035,8,9,20036,1120
20035,8,9,1,1190
30051,8,9,31533,0
30051,8,9,31163,560
30051,8,9,30793,840
30051,8,9,30423,1050
30051,8,9,30053,1330
18919,8,9,21513,0
18919,8,9,21143,350
18919,8,9,20773,630
18919,8,9,20403,840
18919,8,9,20033,910
18919,8,9,19663,980
18919,8,9,18923,1050
18919,8,9,1,1120
31163,8,9,33016,0
31163,8,9,32646,350
31163,8,9,32276,560
31163,8,9,31906,840
31163,8,9,31536,1120
31163,8,9,31166,1330
15955,8,9,21875,0
15955,8,9,21505,490
15955,8,9,21135,700
15955,8,9,20765,980
15955,8,9,20395,1190
15955,8,9,20025,1260
15955,8,9,19655,1330
15955,8,9,18915,1400
15955,8,9,18545,1470
24485,8,9,26338,0
24485,8,9,25968,560
24485,8,9,25598,770
24485,8,9,25228,1050
24485,8,9,24858,1330
20396,8,9,22257,0
20396,8,9,21887,560
20396,8,9,21517,840
20396,8,9,21147,1050
20396,8,9,20777,1330
17432,8,9,21139,0
17432,8,9,20769,420
17432,8,9,20029,700
17432,8,9,19659,770
17432,8,9,18919,840
17432,8,9,18549,910
17432,8,9,18179,980
17432,8,9,17439,1050
17432,8,9,1,1120
28198,8,9,30048,0
28198,8,9,29678,560
28198,8,9,29308,770
28198,8,9,28938,1050
28198,8,9,28568,1260
20405,8,9,21887,0
20405,8,9,21517,350
20405,8,9,21147,630
20405,8,9,20777,910
20405,8,9,20407,1120
20405,8,9,1,1190
21874,8,9,23371,0
21874,8,9,23001,560
21874,8,9,22631,770
21874,8,9,22261,1050
21874,8,9,21891,1330
21517,8,9,23370,0
21517,8,9,23000,420
21517,8,9,22630,630
21517,8,9,22260,910
21517,8,9,21890,1120
21517,8,9,21520,1400
25596,8,9,27451,0
25596,8,9,27081,420
25596,8,9,26711,700
25596,8,9,26341,980
25596,8,9,25971,1190
25596,8,9,25601,1470
28569,8,9,30419,0
28569,8,9,30049,560
28569,8,9,29679,770
28569,8,9,29309,1050
28569,8,9,28939,1260
22632,8,9,23743,0
22632,8,9,23373,560
22632,8,9,23003,770
22632,8,9,22633,1050
22632,8,9,1,1260
20021,8,9,22256,0
20021,8,9,21886,420
20021,8,9,21516,630
20021,8,9,21146,910
20021,8,9,20776,1190
20021,8,9,20406,1400
20021,8,9,20036,1470
20030,8,9,21516,0
20030,8,9,21146,560
20030,8,9,20776,770
20030,8,9,20406,1050
20030,8,9,1,1120
23003,8,9,24114,0
23003,8,9,23744,560
23003,8,9,23374,840
23003,8,9,23004,1050
23003,8,9,1,1330
27082,8,9,28935,0
27082,8,9,28565,420
27082,8,9,28195,630
27082,8,9,27825,910
27082,8,9,27455,1120
27082,8,9,27085,1400
18914,8,9,21883,0
18914,8,9,21513,490
18914,8,9,21143,700
18914,8,9,20773,980
18914,8,9,20403,1190
18914,8,9,20033,1260
18914,8,9,19293,1330
18914,8,9,18923,1400
18914,8,9,1,1470
18923,8,9,22253,0
18923,8,9,21883,560
18923,8,9,21513,770
18923,8,9,21143,1050
18923,8,9,20773,1330
24114,8,9,25967,0
24114,8,9,25597,560
24114,8,9,25227,770
24114,8,9,24857,1050
24114,8,9,24487,1260
28193,8,9,29678,0
28193,8,9,29308,560
28193,8,9,28938,840
28193,8,9,28568,1050
28193,8,9,28198,1330
20400,8,9,21887,0
20400,8,9,21517,350
20400,8,9,21147,630
20400,8,9,20777,840
20400,8,9,20407,1120
20400,8,9,1,1190
25229,8,9,26340,0
25229,8,9,25970,490
25229,8,9,25600,700
25229,8,9,25230,980
25229,8,9,1,1260
17436,8,9,21139,0
17436,8,9,20769,420
17436,8,9,20029,700
17436,8,9,19659,770
17436,8,9,19289,840
17436,8,9,18549,910
17436,8,9,18179,980
17436,8,9,17439,1050
17436,8,9,1,1120
21503,8,9,23000,0
21503,8,9,22630,560
21503,8,9,22260,770
21503,8,9,21890,1050
21503,8,9,21520,1260
21512,8,9,23000,0
21512,8,9,22630,560
21512,8,9,22260,840
21512,8,9,21890,1050
21512,8,9,21520,1330
18548,8,9,21142,0
18548,8,9,20772,560
18548,8,9,20032,840
18548,8,9,19662,910
18548,8,9,19292,980
18548,8,9,18552,1050
18548,8,9,1,1120
28564,8,9,30049,0
28564,8,9,29679,560
28564,8,9,29309,840
28564,8,9,28939,1050
28564,8,9,28569,1330
22627,8,9,24853,0
22627,8,9,24483,350
22627,8,9,24113,560
22627,8,9,23743,840
22627,8,9,23373,1120
22627,8,9,23003,1330
25600,8,9,26711,0
25600,8,9,26341,490
25600,8,9,25971,700
25600,8,9,25601,980
25600,8,9,1,1260
29679,8,9,31162,0
29679,8,9,30792,560
29679,8,9,30422,770
29679,8,9,30052,1050
29679,8,9,29682,1330
20025,8,9,22256,0
20025,8,9,21886,490
20025,8,9,21516,770
20025,8,9,21146,980
20025,8,9,20776,1260
20025,8,9,20406,1470
30791,8,9,32275,0
30791,8,9,31905,350
30791,8,9,31535,630
30791,8,9,31165,840
30791,8,9,30795,1120
30791,8,9,1,1330
20034,8,9,21516,0
20034,8,9,21146,560
20034,8,9,20776,840
20034,8,9,20406,1050
20034,8,9,20036,1120
20034,8,9,1,1190
26711,8,9,28564,0
26711,8,9,28194,420
26711,8,9,27824,630
26711,8,9,27454,910
26711,8,9,27084,1120
26711,8,9,26714,1400
18918,8,9,21513,0
18918,8,9,21143,350
18918,8,9,20773,630
18918,8,9,20403,840
18918,8,9,20033,910
18918,8,9,19663,980
18918,8,9,18923,1050
18918,8,9,1,1120
31162,8,9,32646,0
31162,8,9,32276,420
31162,8,9,31906,630
31162,8,9,31536,910
31162,8,9,31166,1120
31162,8,9,1,1400
15954,8,9,20765,0
15954,8,9,20395,560
15954,8,9,20025,630
15954,8,9,19285,700
15954,8,9,18915,770
15954,8,9,18545,840
15954,8,9,17805,910
15954,8,9,17435,980
15954,8,9,16695,1050
15954,8,9,16325,1120
15954,8,9,15955,1190
15954,8,9,1,1260
21145,8,9,22629,0
21145,8,9,22259,490
21145,8,9,21889,770
21145,8,9,21519,980
21145,8,9,21149,1260
25224,8,9,27080,0
25224,8,9,26710,490
25224,8,9,26340,770
25224,8,9,25970,980
25224,8,9,25600,1260
25224,8,9,25230,1470
28197,8,9,29308,0
28197,8,9,28938,350
28197,8,9,28568,630
28197,8,9,28198,840
28197,8,9,1,1120
17431,8,9,21509,0
17431,8,9,21139,490
17431,8,9,20769,770
17431,8,9,20399,980
17431,8,9,20029,1050
17431,8,9,19659,1120
17431,8,9,18919,1190
17431,8,9,18549,1260
17431,8,9,17809,1330
17431,8,9,17439,1400
17431,8,9,1,1470
21507,8,9,22630,0
21507,8,9,22260,560
21507,8,9,21890,840
21507,8,9,21520,1050
21507,8,9,1,1330
18543,8,9,21882,0
18543,8,9,21512,420
18543,8,9,21142,630
18543,8,9,20772,910
18543,8,9,20032,1190
18543,8,9,19662,1260
18543,8,9,18922,1330
18543,8,9,18552,1400
18543,8,9,1,1470
21516,8,9,23000,0
21516,8,9,22630,490
21516,8,9,22260,700
21516,8,9,21890,980
21516,8,9,21520,1190
21516,8,9,1,1470
18552,8,9,22252,0
18552,8,9,21882,490
18552,8,9,21512,770
18552,8,9,21142,980
18552,8,9,20772,1260
18552,8,9,20402,1470
25595,8,9,27451,0
25595,8,9,27081,490
25595,8,9,26711,700
25595,8,9,26341,980
25595,8,9,25971,1190
25595,8,9,25601,1470
22631,8,9,24483,0
22631,8,9,24113,490
22631,8,9,23743,770
22631,8,9,23373,980
22631,8,9,23003,1260
22631,8,9,22633,1470
20029,8,9,21516,0
20029,8,9,21146,560
20029,8,9,20776,770
20029,8,9,20406,1050
20029,8,9,1,1120
30795,8,9,32645,0
30795,8,9,32275,560
30795,8,9,31905,770
30795,8,9,31535,1050
30795,8,9,31165,1260
18913,8,9,22253,0
18913,8,9,21883,350
18913,8,9,21513,560
18913,8,9,21143,840
18913,8,9,20773,1120
18913,8,9,20403,1330
18913,8,9,20033,1400
18913,8,9,19293,1470
21140,8,9,22629,0
21140,8,9,22259,420
21140,8,9,21889,700
21140,8,9,21519,980
21140,8,9,21149,1190
21140,8,9,1,1470
24113,8,9,25967,0
24113,8,9,25597,350
24113,8,9,25227,560
24113,8,9,24857,840
24113,8,9,24487,1120
24113,8,9,24117,1330
21149,8,9,22999,0
21149,8,9,22629,560
21149,8,9,22259,840
21149,8,9,21889,1050
21149,8,9,21519,1330
28192,8,9,29678,0
28192,8,9,29308,560
28192,8,9,28938,840
28192,8,9,28568,1050
28192,8,9,28198,1330
25228,8,9,27080,0
25228,8,9,26710,420
25228,8,9,26340,700
25228,8,9,25970,910
25228,8,9,25600,1190
25228,8,9,25230,1470
21502,8,9,23000,0
21502,8,9,22630,560
21502,8,9,22260,840
21502,8,9,21890,1050
21502,8,9,21520,1330
21511,8,9,23000,0
21511,8,9,22630,420
21511,8,9,22260,630
21511,8,9,21890,910
21511,8,9,21520,1120
21511,8,9,1,1400
18547,8,9,21142,0
18547,8,9,20772,560
18547,8,9,20032,840
18547,8,9,19662,910
18547,8,9,19292,980
18547,8,9,18552,1050
18547,8,9,1,1120
21520,8,9,23740,0
21520,8,9,23370,350
21520,8,9,23000,630
21520,8,9,22630,840
21520,8,9,22260,1120
21520,8,9,21890,1330
15583,8,9,20764,0
15583,8,9,20024,560
15583,8,9,19654,630
15583,8,9,18914,700
15583,8,9,18544,770
15583,8,9,18174,840
15583,8,9,17434,910
15583,8,9,17064,980
15583,8,9,16324,1050
15583,8,9,15954,1120
15583,8,9,15584,1190
15583,8,9,1,1260
22626,8,9,24853,0
22626,8,9,24483,350
22626,8,9,24113,560
22626,8,9,23743,840
22626,8,9,23373,1120
22626,8,9,23003,1330
20024,8,9,21886,0
20024,8,9,21516,560
20024,8,9,21146,840
20024,8,9,20776,1050
20024,8,9,20406,1330
20024,8,9,1,1400
30790,8,9,32275,0
30790,8,9,31905,560
30790,8,9,31535,840
30790,8,9,31165,1050
30790,8,9,30795,1330
27826,8,9,28937,0
27826,8,9,28567,420
27826,8,9,28197,630
27826,8,9,27827,910
27826,8,9,1,1120
26710,8,9,28194,0
26710,8,9,27824,420
26710,8,9,27454,700
26710,8,9,27084,910
26710,8,9,26714,1190
26710,8,9,1,1470
23746,8,9,25966,0
23746,8,9,25596,420
23746,8,9,25226,700
23746,8,9,24856,980
23746,8,9,24486,1190
23746,8,9,24116,1470
17065,8,9,21138,0
17065,8,9,20768,350
17065,8,9,20398,630
17065,8,9,19658,700
17065,8,9,19288,770
17065,8,9,18918,840
17065,8,9,18178,910
17065,8,9,17808,980
17065,8,9,17068,1050
17065,8,9,1,1120
21135,8,9,22629,0
21135,8,9,22259,350
21135,8,9,21889,630
21135,8,9,21519,840
21135,8,9,21149,1120
21135,8,9,1,1330
18171,8,9,21881,0
18171,8,9,21511,490
18171,8,9,21141,770
18171,8,9,20771,980
18171,8,9,20031,1260
18171,8,9,19661,1330
18171,8,9,19291,1400
18171,8,9,18551,1470
21144,8,9,22629,0
21144,8,9,22259,490
21144,8,9,21889,770
21144,8,9,21519,980
21144,8,9,21149,1260
24117,8,9,26337,0
24117,8,9,25967,420
24117,8,9,25597,700
24117,8,9,25227,910
24117,8,9,24857,1190
24117,8,9,24487,1400
18180,8,9,21141,0
18180,8,9,20771,560
18180,8,9,20031,840
18180,8,9,19661,910
18180,8,9,18921,980
18180,8,9,18551,1050
18180,8,9,18181,1120
18180,8,9,1,1190
28196,8,9,29678,0
28196,8,9,29308,560
28196,8,9,28938,770
28196,8,9,28568,1050
28196,8,9,28198,1330
21506,8,9,23000,0
21506,8,9,22630,560
21506,8,9,22260,770
21506,8,9,21890,1050
21506,8,9,21520,1260
29308,8,9,30791,0
29308,8,9,30421,560
29308,8,9,30051,770
29308,8,9,29681,1050
29308,8,9,29311,1260
18542,8,9,21882,0
18542,8,9,21512,560
18542,8,9,21142,770
18542,8,9,20772,1050
18542,8,9,20402,1260
18542,8,9,20032,1330
18542,8,9,19662,1400
18542,8,9,18922,1470
21515,8,9,23000,0
21515,8,9,22630,490
21515,8,9,22260,700
21515,8,9,21890,980
21515,8,9,21520,1190
21515,8,9,1,1470
18551,8,9,21512,0
18551,8,9,21142,350
18551,8,9,20772,630
18551,8,9,20402,840
18551,8,9,20032,910
18551,8,9,19292,980
18551,8,9,18922,1050
18551,8,9,18552,1120
18551,8,9,1,1190
30423,8,9,31534,0
30423,8,9,31164,350
30423,8,9,30794,630
30423,8,9,30424,840
30423,8,9,1,1120
22630,8,9,24483,0
22630,8,9,24113,560
22630,8,9,23743,840
22630,8,9,23373,1050
22630,8,9,23003,1330
27821,8,9,29677,0
27821,8,9,29307,350
27821,8,9,28937,630
27821,8,9,28567,840
27821,8,9,28197,1120
27821,8,9,27827,1400
30794,8,9,31905,0
30794,8,9,31535,350
30794,8,9,31165,630
30794,8,9,30795,840
30794,8,9,1,1120
19653,8,9,21885,0
19653,8,9,21515,560
19653,8,9,21145,770
19653,8,9,20775,1050
19653,8,9,20405,1260
19653,8,9,20035,1330
19653,8,9,1,1400
19662,8,9,21515,0
19662,8,9,21145,490
19662,8,9,20775,770
19662,8,9,20405,980
19662,8,9,20035,1050
19662,8,9,1,1120
20768,8,9,22628,0
20768,8,9,22258,350
20768,8,9,21888,630
20768,8,9,21518,840
20768,8,9,21148,1120
20768,8,9,20778,1330
23741,8,9,25966,0
23741,8,9,25596,350
23741,8,9,25226,560
23741,8,9,24856,840
23741,8,9,24486,1120
23741,8,9,24116,1330
26714,8,9,28934,0
26714,8,9,28564,420
26714,8,9,28194,630
26714,8,9,27824,910
26714,8,9,27454,1120
26714,8,9,27084,1400
20777,8,9,21888,0
20777,8,9,21518,420
20777,8,9,21148,630
20777,8,9,20778,910
20777,8,9,1,1190
21139,8,9,22629,0
21139,8,9,22259,490
21139,8,9,21889,770
21139,8,9,21519,1050
21139,8,9,21149,1260
31905,8,9,33388,0
31905,8,9,33018,560
31905,8,9,32648,840
31905,8,9,32278,1050
31905,8,9,31908,1330
24112,8,9,25967,0
24112,8,9,25597,560
24112,8,9,25227,770
24112,8,9,24857,1050
24112,8,9,24487,1260
18175,8,9,21141,0
18175,8,9,20771,490
18175,8,9,20401,770
18175,8,9,19661,840
18175,8,9,19291,910
18175,8,9,18921,980
18175,8,9,18181,1050
18175,8,9,1,1120
21148,8,9,22259,0
21148,8,9,21889,420
21148,8,9,21519,630
21148,8,9,21149,910
21148,8,9,1,1190
25227,8,9,27080,0
25227,8,9,26710,490
25227,8,9,26340,770
25227,8,9,25970,980
25227,8,9,25600,1260
25227,8,9,25230,1470
21501,8,9,23000,0
21501,8,9,22630,560
21501,8,9,22260,840
21501,8,9,21890,1050
21501,8,9,21520,1330
26339,8,9,27823,0
26339,8,9,27453,490
26339,8,9,27083,770
26339,8,9,26713,980
26339,8,9,26343,1260
18546,8,9,21142,0
18546,8,9,20772,560
18546,8,9,20032,840
18546,8,9,19662,910
18546,8,9,19292,980
18546,8,9,18552,1050
18546,8,9,1,1120
15582,8,9,20764,0
15582,8,9,20024,560
15582,8,9,19654,630
15582,8,9,18914,700
15582,8,9,18544,770
15582,8,9,18174,840
15582,8,9,17434,910
15582,8,9,17064,980
15582,8,9,16324,1050
15582,8,9,15954,1120
15582,8,9,15584,1190
15582,8,9,1,1260
22259,8,9,24112,0
22259,8,9,23742,560
22259,8,9,23372,840
22259,8,9,23002,1050
22259,8,9,22632,1330
27825,8,9,29677,0
27825,8,9,29307,350
27825,8,9,28937,560
27825,8,9,28567,840
27825,8,9,28197,1120
27825,8,9,27827,1330
19657,8,9,21885,0
19657,8,9,21515,560
19657,8,9,21145,840
19657,8,9,20775,1050
19657,8,9,20405,1330
19657,8,9,19665,1400
19657,8,9,1,1470
20763,8,9,22258,0
20763,8,9,21888,490
20763,8,9,21518,770
20763,8,9,21148,980
20763,8,9,20778,1260
16693,8,9,20767,0
16693,8,9,20397,560
16693,8,9,20027,630
16693,8,9,19287,700
16693,8,9,18917,770
16693,8,9,18177,840
16693,8,9,17807,910
16693,8,9,17437,980
16693,8,9,16697,1050
16693,8,9,1,1120
26709,8,9,28564,0
26709,8,9,28194,420
26709,8,9,27824,630
26709,8,9,27454,910
26709,8,9,27084,1190
26709,8,9,26714,1400
20772,8,9,21888,0
20772,8,9,21518,420
20772,8,9,21148,630
20772,8,9,20778,910
20772,8,9,1,1120
23745,8,9,24856,0
23745,8,9,24486,560
23745,8,9,24116,770
23745,8,9,23746,1050
23745,8,9,1,1330
21134,8,9,22259,0
21134,8,9,21889,490
21134,8,9,21519,700
21134,8,9,21149,980
21134,8,9,1,1260
17064,8,9,21138,0
17064,8,9,20768,350
17064,8,9,20398,630
17064,8,9,19658,700
17064,8,9,19288,770
17064,8,9,18548,840
17064,8,9,18178,910
17064,8,9,17808,980
17064,8,9,17068,1050
17064,8,9,1,1120
28936,8,9,30420,0
28936,8,9,30050,350
28936,8,9,29680,560
28936,8,9,29310,840
28936,8,9,28940,1120
28936,8,9,1,1330
21143,8,9,22999,0
21143,8,9,22629,350
21143,8,9,22259,630
21143,8,9,21889,840
21143,8,9,21519,1120
21143,8,9,21149,1400
18179,8,9,21141,0
18179,8,9,20771,560
18179,8,9,20401,770
18179,8,9,20031,840
18179,8,9,19661,910
18179,8,9,18921,980
18179,8,9,18551,1050
18179,8,9,1,1120
29307,8,9,30791,0
29307,8,9,30421,350
29307,8,9,30051,560
29307,8,9,29681,840
29307,8,9,29311,1120
29307,8,9,1,1330
23370,8,9,25225,0
23370,8,9,24855,560
23370,8,9,24485,840
23370,8,9,24115,1050
23370,8,9,23745,1330
26343,8,9,28563,0
26343,8,9,28193,420
26343,8,9,27823,700
26343,8,9,27453,910
26343,8,9,27083,1190
26343,8,9,26713,1400
30422,8,9,31904,0
30422,8,9,31534,560
30422,8,9,31164,840
30422,8,9,30794,1050
30422,8,9,30424,1330
22254,8,9,24112,0
22254,8,9,23742,560
22254,8,9,23372,840
22254,8,9,23002,1050
22254,8,9,22632,1330
19290,8,9,21514,0
19290,8,9,21144,420
19290,8,9,20774,700
19290,8,9,20404,910
19290,8,9,20034,980
19290,8,9,19294,1050
19290,8,9,1,1120
19652,8,9,21885,0
19652,8,9,21515,560
19652,8,9,21145,770
19652,8,9,20775,1050
19652,8,9,20405,1260
19652,8,9,20035,1330
19652,8,9,1,1400
19661,8,9,21515,0
19661,8,9,21145,490
19661,8,9,20775,770
19661,8,9,20405,980
19661,8,9,20035,1050
19661,8,9,1,1120
31533,8,9,33017,0
31533,8,9,32647,420
31533,8,9,32277,630
31533,8,9,31907,910
31533,8,9,31537,1120
31533,8,9,1,1400
20767,8,9,22628,0
20767,8,9,22258,350
20767,8,9,21888,560
20767,8,9,21518,840
20767,8,9,21148,1120
20767,8,9,20778,1330
16697,8,9,21877,0
16697,8,9,21507,490
16697,8,9,21137,770
16697,8,9,20767,980
16697,8,9,20397,1260
16697,8,9,19657,1330
16697,8,9,19287,1400
16697,8,9,18547,1470
23740,8,9,25966,0
23740,8,9,25596,350
23740,8,9,25226,630
23740,8,9,24856,840
23740,8,9,24486,1120
23740,8,9,24116,1330
20776,8,9,21888,0
20776,8,9,21518,420
20776,8,9,21148,630
20776,8,9,20778,910
20776,8,9,1,1190
21138,8,9,22629,0
21138,8,9,22259,490
21138,8,9,21889,770
21138,8,9,21519,1050
21138,8,9,21149,1260
25967,8,9,27822,0
25967,8,9,27452,420
25967,8,9,27082,700
25967,8,9,26712,910
25967,8,9,26342,1190
25967,8,9,25972,1470
31904,8,9,33388,0
31904,8,9,33018,420
31904,8,9,32648,630
31904,8,9,32278,910
31904,8,9,31908,1120
31904,8,9,1,1400
28940,8,9,30790,0
28940,8,9,30420,490
28940,8,9,30050,770
28940,8,9,29680,1050
28940,8,9,29310,1260
18174,8,9,21141,0
18174,8,9,20771,490
18174,8,9,20401,770
18174,8,9,19661,840
18174,8,9,19291,910
18174,8,9,18921,980
18174,8,9,18181,1050
18174,8,9,1,1120
26338,8,9,28193,0
26338,8,9,27823,420
26338,8,9,27453,700
26338,8,9,27083,910
26338,8,9,26713,1190
26338,8,9,26343,1470
29311,8,9,31161,0
29311,8,9,30791,490
29311,8,9,30421,770
29311,8,9,30051,1050
29311,8,9,29681,1260
23374,8,9,24485,0
23374,8,9,24115,560
23374,8,9,23745,770
23374,8,9,23375,1050
23374,8,9,1,1260
22249,8,9,24482,0
22249,8,9,24112,350
22249,8,9,23742,560
22249,8,9,23372,840
22249,8,9,23002,1120
22249,8,9,22632,1330
19285,8,9,21884,0
19285,8,9,21514,490
19285,8,9,21144,770
19285,8,9,20774,980
19285,8,9,20404,1260
19285,8,9,19664,1330
19285,8,9,19294,1400
19285,8,9,1,1470
22258,8,9,24112,0
22258,8,9,23742,350
22258,8,9,23372,630
22258,8,9,23002,840
22258,8,9,22632,1120
22258,8,9,22262,1400
19294,8,9,22624,0
19294,8,9,22254,350
19294,8,9,21884,630
19294,8,9,21514,840
19294,8,9,21144,1120
19294,8,9,20774,1330
19656,8,9,21885,0
19656,8,9,21515,560
19656,8,9,21145,840
19656,8,9,20775,1050
19656,8,9,20405,1330
19656,8,9,19665,1400
19656,8,9,1,1470
20762,8,9,22258,0
20762,8,9,21888,490
20762,8,9,21518,770
20762,8,9,21148,1050
20762,8,9,20778,1260
16692,8,9,20767,0
16692,8,9,20397,560
16692,8,9,20027,630
16692,8,9,19287,700
16692,8,9,18917,770
16692,8,9,18177,840
16692,8,9,17807,910
16692,8,9,17437,980
16692,8,9,16697,1050
16692,8,9,1,1120
19665,8,9,22625,0
19665,8,9,22255,420
19665,8,9,21885,700
19665,8,9,21515,910
19665,8,9,21145,1190
19665,8,9,20775,1400
20771,8,9,21888,0
20771,8,9,21518,420
20771,8,9,21148,630
20771,8,9,20778,910
20771,8,9,1,1120
21883,8,9,23001,0
21883,8,9,22631,560
21883,8,9,22261,840
21883,8,9,21891,1050
21883,8,9,1,1330
24856,8,9,26709,0
24856,8,9,26339,490
24856,8,9,25969,770
24856,8,9,25599,1050
24856,8,9,25229,1260
28935,8,9,30420,0
28935,8,9,30050,560
28935,8,9,29680,840
28935,8,9,29310,1050
28935,8,9,28940,1330
25971,8,9,27082,0
25971,8,9,26712,490
25971,8,9,26342,770
25971,8,9,25972,980
25971,8,9,1,1260
17803,8,9,21140,0
17803,8,9,20770,490
17803,8,9,20400,700
17803,8,9,20030,770
17803,8,9,19290,840
17803,8,9,18920,910
17803,8,9,18550,980
17803,8,9,17810,1050
17803,8,9,1,1120
26342,8,9,27453,0
26342,8,9,27083,490
26342,8,9,26713,770
26342,8,9,26343,980
26342,8,9,1,1260
22253,8,9,24112,0
22253,8,9,23742,560
22253,8,9,23372,840
22253,8,9,23002,1050
22253,8,9,22632,1330
19289,8,9,21514,0
19289,8,9,21144,420
19289,8,9,20774,700
19289,8,9,20404,910
19289,8,9,20034,980
19289,8,9,19294,1050
19289,8,9,1,1120
22262,8,9,24482,0
22262,8,9,24112,490
22262,8,9,23742,700
22262,8,9,23372,980
22262,8,9,23002,1190
22262,8,9,22632,1470
16325,8,9,20766,0
16325,8,9,20396,560
16325,8,9,19656,630
16325,8,9,19286,700
16325,8,9,18916,770
16325,8,9,18176,840
16325,8,9,17806,910
16325,8,9,17066,980
16325,8,9,16696,1050
16325,8,9,16326,1120
16325,8,9,1,1190
19651,8,9,22255,0
19651,8,9,21885,350
19651,8,9,21515,630
19651,8,9,21145,840
19651,8,9,20775,1120
19651,8,9,20405,1330
19651,8,9,20035,1400
19651,8,9,19665,1470
27453,8,9,29306,0
27453,8,9,28936,350
27453,8,9,28566,560
27453,8,9,28196,840
27453,8,9,27826,1120
27453,8,9,27456,1330
20766,8,9,22258,0
20766,8,9,21888,420
20766,8,9,21518,700
20766,8,9,21148,910
20766,8,9,20778,1190
20766,8,9,1,1400
16696,8,9,21137,0
16696,8,9,20767,350
16696,8,9,20027,630
16696,8,9,19657,700
16696,8,9,19287,770
16696,8,9,18547,840
16696,8,9,18177,910
16696,8,9,17437,980
16696,8,9,17067,1050
16696,8,9,16697,1120
16696,8,9,1,1190
21878,8,9,23371,0
21878,8,9,23001,490
21878,8,9,22631,770
21878,8,9,22261,1050
21878,8,9,21891,1260
21887,9,10,23371,0
21887,9,10,23001,560
21887,9,10,22631,770
21887,9,10,22261,1050
21887,9,10,21891,1330
25966,9,10,27822,0
25966,9,10,27452,490
25966,9,10,27082,700
25966,9,10,26712,980
25966,9,10,26342,1190
25966,9,10,25972,1470
28939,9,10,30050,0
28939,9,10,29680,350
28939,9,10,29310,630
28939,9,10,28940,840
28939,9,10,1,1120
17807,9,10,21140,0
17807,9,10,20770,490
17807,9,10,20400,700
17807,9,10,20030,770
17807,9,10,19660,840
17807,9,10,18920,910
17807,9,10,18550,980
17807,9,10,17810,1050
17807,9,10,1,1120
23373,9,10,25225,0
23373,9,10,24855,490
23373,9,10,24485,770
23373,9,10,24115,980
23373,9,10,23745,1260
30050,9,10,31533,0
30050,9,10,31163,560
30050,9,10,30793,770
30050,9,10,30423,1050
30050,9,10,30053,1330
19284,9,10,22254,0
19284,9,10,21884,420
19284,9,10,21514,630
19284,9,10,21144,910
19284,9,10,20774,1120
19284,9,10,20404,1400
19284,9,10,19664,1470
19293,9,10,21514,0
19293,9,10,21144,490
19293,9,10,20774,700
19293,9,10,20034,980
19293,9,10,19664,1050
19293,9,10,19294,1120
19293,9,10,1,1190
24484,9,10,26338,0
24484,9,10,25968,350
24484,9,10,25598,560
24484,9,10,25228,840
24484,9,10,24858,1120
24484,9,10,24488,1330
31536,9,10,32647,0
31536,9,10,32277,420
31536,9,10,31907,630
31536,9,10,31537,910
31536,9,10,1,1120
20395,9,10,22257,0
20395,9,10,21887,420
20395,9,10,21517,630
20395,9,10,21147,910
20395,9,10,20777,1120
20395,9,10,20407,1400
20395,9,10,1,1470
21873,9,10,23371,0
21873,9,10,23001,560
21873,9,10,22631,770
21873,9,10,22261,1050
21873,9,10,21891,1330
20404,9,10,21887,0
20404,9,10,21517,350
20404,9,10,21147,630
20404,9,10,20777,840
20404,9,10,1,1120
21882,9,10,23001,0
21882,9,10,22631,560
21882,9,10,22261,770
21882,9,10,21891,1050
21882,9,10,1,1330
32648,9,10,34500,0
32648,9,10,34130,350
32648,9,10,33760,630
32648,9,10,33390,840
32648,9,10,33020,1120
32648,9,10,32650,1330
24855,9,10,26339,0
24855,9,10,25969,560
24855,9,10,25599,840
24855,9,10,25229,1050
24855,9,10,24859,1330
21891,9,10,24111,0
21891,9,10,23741,350
21891,9,10,23371,560
21891,9,10,23001,840
21891,9,10,22631,1120
21891,9,10,22261,1330
28934,9,10,30420,0
28934,9,10,30050,560
28934,9,10,29680,840
28934,9,10,29310,1050
28934,9,10,28940,1330
25970,9,10,27822,0
25970,9,10,27452,420
25970,9,10,27082,700
25970,9,10,26712,910
25970,9,10,26342,1190
25970,9,10,25972,1470
28568,9,10,29679,0
28568,9,10,29309,350
28568,9,10,28939,630
28568,9,10,28569,840
28568,9,10,1,1120
23002,9,10,24854,0
23002,9,10,24484,490
23002,9,10,24114,770
23002,9,10,23744,1050
23002,9,10,23374,1260
27081,9,10,28565,0
27081,9,10,28195,420
27081,9,10,27825,700
27081,9,10,27455,980
27081,9,10,27085,1190
27081,9,10,1,1470
19288,9,10,21514,0
19288,9,10,21144,420
19288,9,10,20774,700
19288,9,10,20404,910
19288,9,10,20034,980
19288,9,10,19294,1050
19288,9,10,1,1120
16324,9,10,20766,0
16324,9,10,20396,560
16324,9,10,19656,630
16324,9,10,19286,700
16324,9,10,18546,770
16324,9,10,18176,840
16324,9,10,17806,910
16324,9,10,17066,980
16324,9,10,16696,1050
16324,9,10,1,1120
18922,9,10,21513,0
18922,9,10,21143,420
18922,9,10,20773,630
18922,9,10,20403,910
18922,9,10,19663,980
18922,9,10,19293,1050
18922,9,10,18923,1120
18922,9,10,1,1190
27452,9,10,28936,0
27452,9,10,28566,350
27452,9,10,28196,630
27452,9,10,27826,910
27452,9,10,27456,1120
27452,9,10,1,1400
24488,9,10,26708,0
24488,9,10,26338,420
24488,9,10,25968,700
24488,9,10,25598,910
24488,9,10,25228,1190
24488,9,10,24858,1400
20399,9,10,22257,0
20399,9,10,21887,420
20399,9,10,21517,700
20399,9,10,21147,980
20399,9,10,20777,1190
20399,9,10,1,1470
17435,9,10,21139,0
17435,9,10,20769,420
17435,9,10,20029,700
17435,9,10,19659,770
17435,9,10,18919,840
17435,9,10,18549,910
17435,9,10,18179,980
17435,9,10,17439,1050
17435,9,10,1,1120
21877,9,10,23371,0
21877,9,10,23001,560
21877,9,10,22631,770
21877,9,10,22261,1050
21877,9,10,21891,1330
21886,9,10,23371,0
21886,9,10,23001,350
21886,9,10,22631,630
21886,9,10,22261,840
21886,9,10,21891,1120
21886,9,10,1,1400
28563,9,10,30049,0
28563,9,10,29679,560
28563,9,10,29309,840
28563,9,10,28939,1050
28563,9,10,28569,1330
25599,9,10,27451,0
25599,9,10,27081,420
25599,9,10,26711,700
25599,9,10,26341,910
25599,9,10,25971,1190
25599,9,10,25601,1470
17806,9,10,21140,0
17806,9,10,20770,490
17806,9,10,20400,700
17806,9,10,20030,770
17806,9,10,19290,840
17806,9,10,18920,910
17806,9,10,18550,980
17806,9,10,17810,1050
17806,9,10,1,1120
29678,9,10,31162,0
29678,9,10,30792,350
29678,9,10,30422,630
29678,9,10,30052,840
29678,9,10,29682,1120
29678,9,10,1,1330
20033,9,10,21516,0
20033,9,10,21146,560
20033,9,10,20776,770
20033,9,10,20406,1050
20033,9,10,1,1120
30049,9,10,31533,0
30049,9,10,31163,350
30049,9,10,30793,630
30049,9,10,30423,840
30049,9,10,30053,1120
30049,9,10,1,1330
27085,9,10,29305,0
27085,9,10,28935,420
27085,9,10,28565,630
27085,9,10,28195,910
27085,9,10,27825,1120
27085,9,10,27455,1400
18917,9,10,21513,0
18917,9,10,21143,350
18917,9,10,20773,630
18917,9,10,20403,840
18917,9,10,20033,910
18917,9,10,19663,980
18917,9,10,18923,1050
18917,9,10,1,1120
15953,9,10,20765,0
15953,9,10,20395,560
15953,9,10,20025,630
15953,9,10,19285,700
15953,9,10,18915,770
15953,9,10,18545,840
15953,9,10,17805,910
15953,9,10,17435,980
15953,9,10,16695,1050
15953,9,10,16325,1120
15953,9,10,15955,1190
15953,9,10,1,1260
24483,9,10,26338,0
24483,9,10,25968,560
24483,9,10,25598,770
24483,9,10,25228,1050
24483,9,10,24858,1260
20394,9,10,22257,0
20394,9,10,21887,420
20394,9,10,21517,630
20394,9,10,21147,910
20394,9,10,20777,1120
20394,9,10,20407,1400
20394,9,10,1,1470
20403,9,10,21887,0
20403,9,10,21517,350
20403,9,10,21147,630
20403,9,10,20777,840
20403,9,10,1,1120
17439,9,10,22249,0
17439,9,10,21879,350
17439,9,10,21509,630
17439,9,10,21139,840
17439,9,10,20769,1120
17439,9,10,20399,1330
17439,9,10,20029,1400
17439,9,10,19289,1470
21881,9,10,23371,0
21881,9,10,23001,560
21881,9,10,22631,770
21881,9,10,22261,1050
21881,9,10,21891,1260
32647,9,10,34500,0
32647,9,10,34130,350
32647,9,10,33760,560
32647,9,10,33390,840
32647,9,10,33020,1120
32647,9,10,32650,1330
28567,9,10,30049,0
28567,9,10,29679,560
28567,9,10,29309,770
28567,9,10,28939,1050
28567,9,10,28569,1330
29682,9,10,31532,0
29682,9,10,31162,560
29682,9,10,30792,770
29682,9,10,30422,1050
29682,9,10,30052,1260
20028,9,10,22256,0
20028,9,10,21886,350
20028,9,10,21516,630
20028,9,10,21146,910
20028,9,10,20776,1120
20028,9,10,20036,1400
20028,9,10,1,1470
23001,9,10,25224,0
23001,9,10,24854,350
23001,9,10,24484,630
23001,9,10,24114,840
23001,9,10,23744,1120
23001,9,10,23374,1330
27080,9,10,28935,0
27080,9,10,28565,420
27080,9,10,28195,700
27080,9,10,27825,910
27080,9,10,27455,1190
27080,9,10,27085,1400
18921,9,10,21513,0
18921,9,10,21143,420
18921,9,10,20773,630
18921,9,10,20403,910
18921,9,10,19663,980
18921,9,10,19293,1050
18921,9,10,1,1120
31165,9,10,32276,0
31165,9,10,31906,420
31165,9,10,31536,630
31165,9,10,31166,910
31165,9,10,1,1120
20398,9,10,22257,0
20398,9,10,21887,420
20398,9,10,21517,700
20398,9,10,21147,980
20398,9,10,20777,1190
20398,9,10,1,1470
17434,9,10,21139,0
17434,9,10,20769,420
17434,9,10,20029,700
17434,9,10,19659,770
17434,9,10,18919,840
17434,9,10,18549,910
17434,9,10,18179,980
17434,9,10,17439,1050
17434,9,10,1,1120
21876,9,10,23371,0
21876,9,10,23001,560
21876,9,10,22631,770
21876,9,10,22261,1050
21876,9,10,21891,1330
21510,9,10,23000,0
21510,9,10,22630,420
21510,9,10,22260,630
21510,9,10,21890,910
21510,9,10,21520,1120
21510,9,10,1,1400
21519,9,10,22630,0
21519,9,10,22260,420
21519,9,10,21890,700
21519,9,10,21520,910
21519,9,10,1,1190
22625,9,10,24853,0
22625,9,10,24483,350
22625,9,10,24113,560
22625,9,10,23743,840
22625,9,10,23373,1120
22625,9,10,23003,1330
25598,9,10,27451,0
25598,9,10,27081,490
25598,9,10,26711,700
25598,9,10,26341,980
25598,9,10,25971,1190
25598,9,10,25601,1470
29677,9,10,31162,0
29677,9,10,30792,560
29677,9,10,30422,840
29677,9,10,30052,1050
29677,9,10,29682,1330
20032,9,10,21516,0
20032,9,10,21146,560
20032,9,10,20776,770
20032,9,10,20406,1050
20032,9,10,1,1120
27084,9,10,28195,0
27084,9,10,27825,490
27084,9,10,27455,700
27084,9,10,27085,980
27084,9,10,1,1190
18916,9,10,21513,0
18916,9,10,21143,350
18916,9,10,20773,630
18916,9,10,20403,840
18916,9,10,20033,910
18916,9,10,19663,980
18916,9,10,18923,1050
18916,9,10,1,1120
32275,9,10,33759,0
32275,9,10,33389,420
32275,9,10,33019,630
32275,9,10,32649,910
32275,9,10,32279,1190
32275,9,10,1,1400
24116,9,10,25227,0
24116,9,10,24857,490
24116,9,10,24487,770
24116,9,10,24117,1050
24116,9,10,1,1260
20393,9,10,22257,0
20393,9,10,21887,490
20393,9,10,21517,700
20393,9,10,21147,980
20393,9,10,20777,1190
20393,9,10,20407,1470
28195,9,10,29678,0
28195,9,10,29308,560
28195,9,10,28938,770
28195,9,10,28568,1050
28195,9,10,28198,1260
32646,9,10,34130,0
32646,9,10,33760,420
32646,9,10,33390,630
32646,9,10,33020,910
32646,9,10,32650,1190
32646,9,10,1,1400
17438,9,10,21139,0
17438,9,10,20769,490
17438,9,10,20399,700
17438,9,10,20029,770
17438,9,10,19289,840
17438,9,10,18919,910
17438,9,10,18179,980
17438,9,10,17809,1050
17438,9,10,17439,1120
17438,9,10,1,1190
21505,9,10,23000,0
21505,9,10,22630,560
21505,9,10,22260,770
21505,9,10,21890,1050
21505,9,10,21520,1260
21514,9,10,23000,0
21514,9,10,22630,560
21514,9,10,22260,770
21514,9,10,21890,1050
21514,9,10,21520,1330
18550,9,10,21512,0
18550,9,10,21142,350
18550,9,10,20772,630
18550,9,10,20402,840
18550,9,10,20032,910
18550,9,10,19292,980
18550,9,10,18922,1050
18550,9,10,1,1120
28566,9,10,30049,0
28566,9,10,29679,560
28566,9,10,29309,770
28566,9,10,28939,1050
28566,9,10,28569,1260
22629,9,10,24483,0
22629,9,10,24113,350
22629,9,10,23743,630
22629,9,10,23373,840
22629,9,10,23003,1120
22629,9,10,22633,1400
29681,9,10,30792,0
29681,9,10,30422,350
29681,9,10,30052,630
29681,9,10,29682,840
29681,9,10,1,1120
30793,9,10,32275,0
30793,9,10,31905,560
30793,9,10,31535,840
30793,9,10,31165,1050
30793,9,10,30795,1330
20027,9,10,22256,0
20027,9,10,21886,350
20027,9,10,21516,630
20027,9,10,21146,910
20027,9,10,20776,1120
20027,9,10,20036,1400
20027,9,10,1,1470
23000,9,10,24854,0
23000,9,10,24484,420
23000,9,10,24114,630
23000,9,10,23744,910
23000,9,10,23374,1120
23000,9,10,23004,1400
20036,9,10,22626,0
20036,9,10,22256,490
20036,9,10,21886,700
20036,9,10,21516,980
20036,9,10,21146,1190
20036,9,10,20776,1470
26713,9,10,27824,0
26713,9,10,27454,490
26713,9,10,27084,700
26713,9,10,26714,980
26713,9,10,1,1190
18920,9,10,21513,0
18920,9,10,21143,350
18920,9,10,20773,630
18920,9,10,20033,910
18920,9,10,19663,980
18920,9,10,18923,1050
18920,9,10,1,1120
31164,9,10,33016,0
31164,9,10,32646,350
31164,9,10,32276,630
31164,9,10,31906,840
31164,9,10,31536,1120
31164,9,10,31166,1330
32279,9,10,34129,0
32279,9,10,33759,560
32279,9,10,33389,770
32279,9,10,33019,1050
32279,9,10,32649,1330
17068,9,10,21878,0
17068,9,10,21508,560
17068,9,10,21138,770
17068,9,10,20768,1050
17068,9,10,20028,1330
17068,9,10,19658,1400
17068,9,10,18918,1470
24111,9,10,25967,0
24111,9,10,25597,560
24111,9,10,25227,840
24111,9,10,24857,1050
24111,9,10,24487,1330
21147,9,10,22259,0
21147,9,10,21889,420
21147,9,10,21519,630
21147,9,10,21149,910
21147,9,10,1,1190
25226,9,10,26710,0
25226,9,10,26340,560
25226,9,10,25970,770
25226,9,10,25600,1050
25226,9,10,25230,1260
21509,9,10,22630,0
21509,9,10,22260,490
21509,9,10,21890,770
21509,9,10,21520,980
21509,9,10,1,1260
18545,9,10,21142,0
18545,9,10,20772,560
18545,9,10,20032,840
18545,9,10,19662,910
18545,9,10,19292,980
18545,9,10,18552,1050
18545,9,10,1,1120
21518,9,10,23370,0
21518,9,10,23000,420
21518,9,10,22630,630
21518,9,10,22260,910
21518,9,10,21890,1120
21518,9,10,21520,1400
22624,9,10,24853,0
22624,9,10,24483,350
22624,9,10,24113,560
22624,9,10,23743,840
22624,9,10,23373,1120
22624,9,10,23003,1330
25597,9,10,27081,0
25597,9,10,26711,490
25597,9,10,26341,770
25597,9,10,25971,980
25597,9,10,25601,1260
22633,9,10,24853,0
22633,9,10,24483,490
22633,9,10,24113,700
22633,9,10,23743,980
22633,9,10,23373,1190
22633,9,10,23003,1470
27824,9,10,29677,0
27824,9,10,29307,350
27824,9,10,28937,560
27824,9,10,28567,840
27824,9,10,28197,1120
27824,9,10,27827,1330
20031,9,10,21516,0
20031,9,10,21146,560
20031,9,10,20776,770
20031,9,10,20406,1050
20031,9,10,1,1120
26708,9,10,28564,0
26708,9,10,28194,420
26708,9,10,27824,700
26708,9,10,27454,910
26708,9,10,27084,1190
26708,9,10,26714,1400
23744,9,10,25596,0
23744,9,10,25226,490
23744,9,10,24856,770
23744,9,10,24486,980
23744,9,10,24116,1260
32274,9,10,34129,0
32274,9,10,33759,350
32274,9,10,33389,630
32274,9,10,33019,910
32274,9,10,32649,1120
32274,9,10,32279,1400
21133,9,10,22259,0
21133,9,10,21889,560
21133,9,10,21519,840
21133,9,10,21149,1050
21133,9,10,1,1330
17063,9,10,21138,0
17063,9,10,20768,350
17063,9,10,20398,630
17063,9,10,19658,700
17063,9,10,19288,770
17063,9,10,18548,840
17063,9,10,18178,910
17063,9,10,17808,980
17063,9,10,17068,1050
17063,9,10,1,1120
21142,9,10,22999,0
21142,9,10,22629,350
21142,9,10,22259,630
21142,9,10,21889,840
21142,9,10,21519,1120
21142,9,10,21149,1330
24115,9,10,25967,0
24115,9,10,25597,490
24115,9,10,25227,700
24115,9,10,24857,980
24115,9,10,24487,1260
24115,9,10,24117,1470
18178,9,10,21141,0
18178,9,10,20771,560
18178,9,10,20401,770
18178,9,10,20031,840
18178,9,10,19291,910
18178,9,10,18921,980
18178,9,10,18181,1050
18178,9,10,1,1120
28194,9,10,29678,0
28194,9,10,29308,350
28194,9,10,28938,630
28194,9,10,28568,840
28194,9,10,28198,1120
28194,9,10,1,1330
25230,9,10,27450,0
25230,9,10,27080,420
25230,9,10,26710,630
25230,9,10,26340,910
25230,9,10,25970,1190
25230,9,10,25600,1400
21504,9,10,23000,0
21504,9,10,22630,560
21504,9,10,22260,770
21504,9,10,21890,1050
21504,9,10,21520,1330
29306,9,10,30791,0
29306,9,10,30421,560
29306,9,10,30051,840
29306,9,10,29681,1050
29306,9,10,29311,1330
21513,9,10,23000,0
21513,9,10,22630,560
21513,9,10,22260,770
21513,9,10,21890,1050
21513,9,10,21520,1330
18549,9,10,21142,0
18549,9,10,20772,560
18549,9,10,20402,840
18549,9,10,19662,910
18549,9,10,19292,980
18549,9,10,18552,1050
18549,9,10,1,1120
30421,9,10,31904,0
30421,9,10,31534,560
30421,9,10,31164,770
30421,9,10,30794,1050
30421,9,10,30424,1330
22628,9,10,24483,0
22628,9,10,24113,560
22628,9,10,23743,840
22628,9,10,23373,1050
22628,9,10,23003,1330
30792,9,10,32275,0
30792,9,10,31905,560
30792,9,10,31535,770
30792,9,10,31165,1050
30792,9,10,30795,1330
20026,9,10,22256,0
20026,9,10,21886,490
20026,9,10,21516,770
20026,9,10,21146,980
20026,9,10,20776,1260
19660,9,10,21515,0
19660,9,10,21145,490
19660,9,10,20775,770
19660,9,10,20405,980
19660,9,10,20035,1050
19660,9,10,1,1120
26712,9,10,28564,0
26712,9,10,28194,420
26712,9,10,27824,630
26712,9,10,27454,910
26712,9,10,27084,1190
26712,9,10,26714,1400
20775,9,10,21888,0
20775,9,10,21518,420
20775,9,10,21148,630
20775,9,10,20778,910
20775,9,10,1,1120
21137,9,10,22629,0
21137,9,10,22259,560
21137,9,10,21889,770
21137,9,10,21519,1050
21137,9,10,21149,1260
17067,9,10,21138,0
17067,9,10,20768,420
17067,9,10,20398,630
17067,9,10,20028,700
17067,9,10,19658,770
17067,9,10,18918,840
17067,9,10,18548,910
17067,9,10,17808,980
17067,9,10,17438,1050
17067,9,10,17068,1120
17067,9,10,1,1190
31903,9,10,33758,0
31903,9,10,33388,350
31903,9,10,33018,630
31903,9,10,32648,840
31903,9,10,32278,1120
31903,9,10,31908,1330
18173,9,10,21881,0
18173,9,10,21511,350
18173,9,10,21141,630
18173,9,10,20771,840
18173,9,10,20401,1120
18173,9,10,19661,1190
18173,9,10,19291,1260
18173,9,10,18551,1330
18173,9,10,18181,1400
18173,9,10,1,1470
21146,9,10,22259,0
21146,9,10,21889,420
21146,9,10,21519,630
21146,9,10,21149,910
21146,9,10,1,1190
33018,9,10,34871,0
33018,9,10,34501,420
33018,9,10,34131,630
33018,9,10,33761,910
33018,9,10,33391,1120
33018,9,10,33021,1400
25225,9,10,27080,0
25225,9,10,26710,490
25225,9,10,26340,700
25225,9,10,25970,980
25225,9,10,25600,1260
25225,9,10,25230,1470
21508,9,10,23000,0
21508,9,10,22630,350
21508,9,10,22260,560
21508,9,10,21890,840
21508,9,10,21520,1120
21508,9,10,1,1330
26337,9,10,28193,0
26337,9,10,27823,490
26337,9,10,27453,700
26337,9,10,27083,980
26337,9,10,26713,1190
26337,9,10,26343,1470
29310,9,10,30421,0
29310,9,10,30051,350
29310,9,10,29681,630
29310,9,10,29311,840
29310,9,10,1,1120
18544,9,10,21882,0
18544,9,10,21512,420
18544,9,10,21142,630
18544,9,10,20772,910
18544,9,10,20032,1190
18544,9,10,19662,1260
18544,9,10,18922,1330
18544,9,10,18552,1400
18544,9,10,1,1470
33389,9,10,35242,0
33389,9,10,34872,420
33389,9,10,34502,630
33389,9,10,34132,910
33389,9,10,33762,1190
33389,9,10,33392,1400
22257,9,10,24112,0
22257,9,10,23742,350
22257,9,10,23372,560
22257,9,10,23002,840
22257,9,10,22632,1120
22257,9,10,22262,1330
27823,9,10,29307,0
27823,9,10,28937,350
27823,9,10,28567,630
27823,9,10,28197,910
27823,9,10,27827,1120
27823,9,10,1,1400
19655,9,10,22255,0
19655,9,10,21885,490
19655,9,10,21515,700
19655,9,10,21145,980
19655,9,10,20775,1190
19655,9,10,20405,1470
19664,9,10,21515,0
19664,9,10,21145,560
19664,9,10,20775,770
19664,9,10,20035,1050
19664,9,10,19665,1120
19664,9,10,1,1190
20770,9,10,22258,0
20770,9,10,21888,490
20770,9,10,21518,700
20770,9,10,21148,980
20770,9,10,20778,1260
20770,9,10,1,1470
23743,9,10,25966,0
23743,9,10,25596,350
23743,9,10,25226,630
23743,9,10,24856,840
23743,9,10,24486,1120
23743,9,10,24116,1330
21141,9,10,22629,0
21141,9,10,22259,420
21141,9,10,21889,700
21141,9,10,21519,980
21141,9,10,21149,1190
21141,9,10,1,1470
31907,9,10,33018,0
31907,9,10,32648,350
31907,9,10,32278,630
31907,9,10,31908,910
31907,9,10,1,1120
18177,9,10,21141,0
18177,9,10,20771,490
18177,9,10,20401,770
18177,9,10,19661,840
18177,9,10,19291,910
18177,9,10,18921,980
18177,9,10,18181,1050
18177,9,10,1,1120
29305,9,10,30791,0
29305,9,10,30421,560
29305,9,10,30051,840
29305,9,10,29681,1050
29305,9,10,29311,1330
26341,9,10,28193,0
26341,9,10,27823,420
26341,9,10,27453,700
26341,9,10,27083,910
26341,9,10,26713,1190
26341,9,10,26343,1470
30420,9,10,31904,0
30420,9,10,31534,350
30420,9,10,31164,630
30420,9,10,30794,840
30420,9,10,30424,1120
30420,9,10,1,1330
15584,9,10,21874,0
15584,9,10,21504,420
15584,9,10,21134,700
15584,9,10,20764,910
15584,9,10,20024,1190
15584,9,10,19654,1260
15584,9,10,19284,1330
15584,9,10,18544,1400
15584,9,10,18174,1470
22252,9,10,24482,0
22252,9,10,24112,350
22252,9,10,23742,560
22252,9,10,23372,840
22252,9,10,23002,1120
22252,9,10,22632,1330
22261,9,10,23372,0
22261,9,10,23002,560
22261,9,10,22632,770
22261,9,10,22262,1050
22261,9,10,1,1260
27827,9,10,29677,0
27827,9,10,29307,560
27827,9,10,28937,840
27827,9,10,28567,1050
27827,9,10,28197,1330
19659,9,10,21515,0
19659,9,10,21145,490
19659,9,10,20775,770
19659,9,10,20405,980
19659,9,10,20035,1050
19659,9,10,1,1120
20765,9,10,22258,0
20765,9,10,21888,420
20765,9,10,21518,700
20765,9,10,21148,910
20765,9,10,20778,1190
20765,9,10,1,1400
16695,9,10,21137,0
16695,9,10,20767,350
16695,9,10,20027,630
16695,9,10,19657,700
16695,9,10,18917,770
16695,9,10,18547,840
16695,9,10,18177,910
16695,9,10,17437,980
16695,9,10,17067,1050
16695,9,10,1,1120
20774,9,10,21888,0
20774,9,10,21518,350
20774,9,10,21148,630
20774,9,10,20778,910
20774,9,10,1,1120
24859,9,10,27079,0
24859,9,10,26709,420
24859,9,10,26339,630
24859,9,10,25969,910
24859,9,10,25599,1190
24859,9,10,25229,1400
17066,9,10,21138,0
17066,9,10,20768,420
17066,9,10,20398,630
17066,9,10,20028,700
17066,9,10,19288,770
17066,9,10,18918,840
17066,9,10,18548,910
17066,9,10,17808,980
17066,9,10,17438,1050
17066,9,10,1,1120
21136,9,10,22629,0
21136,9,10,22259,350
21136,9,10,21889,630
21136,9,10,21519,840
21136,9,10,21149,1120
21136,9,10,1,1330
28938,9,10,30420,0
28938,9,10,30050,560
28938,9,10,29680,770
28938,9,10,29310,1050
28938,9,10,28940,1260
18181,9,10,22251,0
18181,9,10,21881,420
18181,9,10,21511,700
18181,9,10,21141,980
18181,9,10,20771,1190
18181,9,10,20031,1470
33017,9,10,34501,0
33017,9,10,34131,490
33017,9,10,33761,700
33017,9,10,33391,980
33017,9,10,33021,1260
33017,9,10,1,1470
29309,9,10,30791,0
29309,9,10,30421,560
29309,9,10,30051,770
29309,9,10,29681,1050
29309,9,10,29311,1260
23372,9,10,25595,0
23372,9,10,25225,350
23372,9,10,24855,560
23372,9,10,24485,840
23372,9,10,24115,1120
23372,9,10,23745,1330
33388,9,10,34872,0
33388,9,10,34502,490
33388,9,10,34132,770
33388,9,10,33762,980
33388,9,10,33392,1260
33388,9,10,1,1470
30424,9,10,32274,0
30424,9,10,31904,560
30424,9,10,31534,770
30424,9,10,31164,1050
30424,9,10,30794,1260
19283,9,10,22254,0
19283,9,10,21884,350
19283,9,10,21514,630
19283,9,10,21144,910
19283,9,10,20774,1120
19283,9,10,20034,1400
19283,9,10,19664,1470
15213,9,10,21873,0
15213,9,10,21503,350
15213,9,10,21133,630
15213,9,10,20763,840
15213,9,10,20393,1120
15213,9,10,19653,1190
15213,9,10,19283,1260
15213,9,10,18913,1330
15213,9,10,18173,1400
15213,9,10,17803,1470
22256,9,10,24112,0
22256,9,10,23742,560
22256,9,10,23372,840
22256,9,10,23002,1050
22256,9,10,22632,1330
19292,9,10,21514,0
19292,9,10,21144,420
19292,9,10,20774,700
19292,9,10,20034,980
19292,9,10,19664,1050
19292,9,10,1,1120
27822,9,10,29677,0
27822,9,10,29307,350
27822,9,10,28937,630
27822,9,10,28567,840
27822,9,10,28197,1120
27822,9,10,27827,1330
19654,9,10,22255,0
19654,9,10,21885,420
19654,9,10,21515,700
19654,9,10,21145,980
19654,9,10,20775,1190
19654,9,10,20035,1470
27456,9,10,29676,0
27456,9,10,29306,350
27456,9,10,28936,560
27456,9,10,28566,840
27456,9,10,28196,1120
27456,9,10,27826,1330
19663,9,10,21515,0
19663,9,10,21145,490
19663,9,10,20775,770
19663,9,10,20035,1050
19663,9,10,19665,1120
19663,9,10,1,1190
20769,9,10,22258,0
20769,9,10,21888,490
20769,9,10,21518,700
20769,9,10,21148,980
20769,9,10,20778,1260
20769,9,10,1,1470
31535,9,10,33017,0
31535,9,10,32647,560
31535,9,10,32277,840
31535,9,10,31907,1050
31535,9,10,31537,1330
23742,9,10,25596,0
23742,9,10,25226,420
23742,9,10,24856,630
23742,9,10,24486,910
23742,9,10,24116,1120
23742,9,10,23746,1400
20778,9,10,22628,0
20778,9,10,22258,560
20778,9,10,21888,770
20778,9,10,21518,1050
20778,9,10,21148,1330
24854,9,10,26709,0
24854,9,10,26339,490
24854,9,10,25969,770
24854,9,10,25599,980
24854,9,10,25229,1260
24854,9,10,24859,1470
21890,9,10,23001,0
21890,9,10,22631,420
21890,9,10,22261,700
21890,9,10,21891,910
21890,9,10,1,1190
31906,9,10,33388,0
31906,9,10,33018,560
31906,9,10,32648,840
31906,9,10,32278,1050
31906,9,10,31908,1330
25969,9,10,27822,0
25969,9,10,27452,490
25969,9,10,27082,700
25969,9,10,26712,980
25969,9,10,26342,1190
25969,9,10,25972,1470
18176,9,10,21141,0
18176,9,10,20771,490
18176,9,10,20401,770
18176,9,10,19661,840
18176,9,10,19291,910
18176,9,10,18921,980
18176,9,10,18181,1050
18176,9,10,1,1120
17810,9,10,22250,0
17810,9,10,21880,420
17810,9,10,21510,630
17810,9,10,21140,910
17810,9,10,20770,1120
17810,9,10,20400,1400
17810,9,10,19660,1470
26340,9,10,28193,0
26340,9,10,27823,490
26340,9,10,27453,700
26340,9,10,27083,980
26340,9,10,26713,1190
26340,9,10,26343,1470
30419,9,10,31904,0
30419,9,10,31534,560
30419,9,10,31164,840
30419,9,10,30794,1050
30419,9,10,30424,1330
22251,9,10,24482,0
22251,9,10,24112,350
22251,9,10,23742,560
22251,9,10,23372,840
22251,9,10,23002,1120
22251,9,10,22632,1330
30053,9,10,31903,0
30053,9,10,31533,560
30053,9,10,31163,770
30053,9,10,30793,1050
30053,9,10,30423,1260
19287,9,10,21514,0
19287,9,10,21144,420
19287,9,10,20774,700
19287,9,10,20404,910
19287,9,10,20034,980
19287,9,10,19294,1050
19287,9,10,1,1120
22260,9,10,24112,0
22260,9,10,23742,490
22260,9,10,23372,770
22260,9,10,23002,980
22260,9,10,22632,1260
22260,9,10,22262,1470
27451,9,10,29306,0
27451,9,10,28936,350
27451,9,10,28566,630
27451,9,10,28196,840
27451,9,10,27826,1120
27451,9,10,27456,1330
19658,9,10,21515,0
19658,9,10,21145,490
19658,9,10,20775,770
19658,9,10,20405,980
19658,9,10,20035,1050
19658,9,10,1,1120
24487,9,10,25598,0
24487,9,10,25228,490
24487,9,10,24858,770
24487,9,10,24488,1050
24487,9,10,1,1260
20764,9,10,22258,0
20764,9,10,21888,490
20764,9,10,21518,770
20764,9,10,21148,980
20764,9,10,20778,1260
16694,9,10,20767,0
16694,9,10,20397,560
16694,9,10,20027,630
16694,9,10,19287,700
16694,9,10,18917,770
16694,9,10,18547,840
16694,9,10,17807,910
16694,9,10,17437,980
16694,9,10,16697,1050
16694,9,10,1,1120
20773,9,10,21888,0
20773,9,10,21518,420
20773,9,10,21148,630
20773,9,10,20778,910
20773,9,10,1,1120
20407,9,10,22627,0
20407,9,10,22257,490
20407,9,10,21887,770
20407,9,10,21517,1050
20407,9,10,21147,1260
21885,9,10,23371,0
21885,9,10,23001,350
21885,9,10,22631,630
21885,9,10,22261,840
21885,9,10,21891,1120
21885,9,10,1,1400
24858,9,10,25969,0
24858,9,10,25599,490
24858,9,10,25229,770
24858,9,10,24859,980
24858,9,10,1,1260
28937,9,10,30420,0
28937,9,10,30050,560
28937,9,10,29680,770
28937,9,10,29310,1050
28937,9,10,28940,1260
33016,9,10,34871,0
33016,9,10,34501,420
33016,9,10,34131,700
33016,9,10,33761,910
33016,9,10,33391,1190
33016,9,10,33021,1470
17805,9,10,21140,0
17805,9,10,20770,490
17805,9,10,20400,700
17805,9,10,20030,770
17805,9,10,19290,840
17805,9,10,18920,910
17805,9,10,18550,980
17805,9,10,17810,1050
17805,9,10,1,1120
23371,9,10,25225,0
23371,9,10,24855,420
23371,9,10,24485,630
23371,9,10,24115,910
23371,9,10,23745,1120
23371,9,10,23375,1400
30048,9,10,31533,0
30048,9,10,31163,560
30048,9,10,30793,840
30048,9,10,30423,1050
30048,9,10,30053,1330
22255,9,10,24112,0
22255,9,10,23742,560
22255,9,10,23372,840
22255,9,10,23002,1050
22255,9,10,22632,1330
19291,9,10,21514,0
19291,9,10,21144,420
19291,9,10,20774,700
19291,9,10,20404,910
19291,9,10,20034,980
19291,9,10,19294,1050
19291,9,10,1,1120
24482,9,10,26338,0
24482,9,10,25968,560
24482,9,10,25598,840
24482,9,10,25228,1050
24482,9,10,24858,1330
27455,9,10,28566,0
27455,9,10,28196,420
27455,9,10,27826,630
27455,9,10,27456,910
27455,9,10,1,1190
31534,9,10,33017,0
31534,9,10,32647,560
31534,9,10,32277,840
31534,9,10,31907,1050
31534,9,10,31537,1330
20402,9,10,21887,0
20402,9,10,21517,350
20402,9,10,21147,630
20402,9,10,20777,840
20402,9,10,20407,1120
20402,9,10,1,1190
21880,9,10,23371,0
21880,9,10,23001,490
21880,9,10,22631,770
21880,9,10,22261,1050
21880,9,10,21891,1260
24853,9,10,26709,0
24853,9,10,26339,490
24853,9,10,25969,770
24853,9,10,25599,1050
24853,9,10,25229,1260
21889,9,10,23741,0
21889,9,10,23371,420
21889,9,10,23001,630
21889,9,10,22631,910
21889,9,10,22261,1120
21889,9,10,21891,1400
25968,9,10,27452,0
25968,9,10,27082,490
25968,9,10,26712,770
25968,9,10,26342,980
25968,9,10,25972,1260
17809,9,10,21140,0
17809,9,10,20770,490
17809,9,10,20400,770
17809,9,10,19660,840
17809,9,10,19290,910
17809,9,10,18550,980
17809,9,10,18180,1050
17809,9,10,17810,1120
17809,9,10,1,1190
23375,9,10,25595,0
23375,9,10,25225,420
23375,9,10,24855,700
23375,9,10,24485,980
23375,9,10,24115,1190
23375,9,10,23745,1470
22250,9,10,24482,0
22250,9,10,24112,350
22250,9,10,23742,560
22250,9,10,23372,840
22250,9,10,23002,1120
22250,9,10,22632,1330
27079,9,10,28935,0
27079,9,10,28565,420
27079,9,10,28195,700
27079,9,10,27825,910
27079,9,10,27455,1190
27079,9,10,27085,1470
19286,9,10,21884,0
19286,9,10,21514,490
19286,9,10,21144,770
19286,9,10,20774,980
19286,9,10,20404,1260
19286,9,10,19664,1330
19286,9,10,19294,1400
19286,9,10,1,1470
30052,9,10,31163,0
30052,9,10,30793,350
30052,9,10,30423,630
30052,9,10,30053,840
30052,9,10,1,1120
27450,9,10,29306,0
27450,9,10,28936,350
27450,9,10,28566,630
27450,9,10,28196,910
27450,9,10,27826,1120
27450,9,10,27456,1400
24486,9,10,26338,0
24486,9,10,25968,490
24486,9,10,25598,770
24486,9,10,25228,980
24486,9,10,24858,1260
24486,9,10,24488,1470
20397,9,10,22257,0
20397,9,10,21887,560
20397,9,10,21517,840
20397,9,10,21147,1050
20397,9,10,20777,1330
21875,9,10,23371,0
21875,9,10,23001,560
21875,9,10,22631,770
21875,9,10,22261,1050
21875,9,10,21891,1330
20406,9,10,21887,0
20406,9,10,21517,350
20406,9,10,21147,630
20406,9,10,20777,910
20406,9,10,20407,1120
20406,9,10,1,1190
21884,9,10,23001,0
21884,9,10,22631,490
21884,9,10,22261,770
21884,9,10,21891,980
21884,9,10,1,1260
24857,9,10,26709,0
24857,9,10,26339,490
24857,9,10,25969,700
24857,9,10,25599,980
24857,9,10,25229,1190
24857,9,10,24859,1470
25972,9,10,28192,0
25972,9,10,27822,420
25972,9,10,27452,700
25972,9,10,27082,910
25972,9,10,26712,1190
25972,9,10,26342,1400
17804,9,10,21140,0
17804,9,10,20770,490
17804,9,10,20400,700
17804,9,10,20030,770
17804,9,10,19290,840
17804,9,10,18920,910
17804,9,10,18550,980
17804,9,10,17810,1050
17804,9,10,1,1120
29676,9,10,31532,0
29676,9,10,31162,350
29676,9,10,30792,560
29676,9,10,30422,840
29676,9,10,30052,1120
29676,9,10,29682,1330
23004,9,10,25224,0
23004,9,10,24854,490
23004,9,10,24484,700
23004,9,10,24114,980
23004,9,10,23744,1190
23004,9,10,23374,1470
27083,9,10,28935,0
27083,9,10,28565,420
27083,9,10,28195,630
27083,9,10,27825,910
27083,9,10,27455,1190
27083,9,10,27085,1400
16326,9,10,21876,0
16326,9,10,21506,420
16326,9,10,21136,700
16326,9,10,20766,980
16326,9,10,20396,1190
16326,9,10,20026,1260
16326,9,10,19286,1330
16326,9,10,18916,1400
16326,9,10,18176,1470
18915,9,10,21883,0
18915,9,10,21513,490
18915,9,10,21143,700
18915,9,10,20773,980
18915,9,10,20403,1190
18915,9,10,20033,1260
18915,9,10,19293,1330
18915,9,10,18923,1400
18915,9,10,1,1470
27454,9,10,29306,0
27454,9,10,28936,350
27454,9,10,28566,630
27454,9,10,28196,840
27454,9,10,27826,1120
27454,9,10,27456,1330
20401,9,10,21887,0
20401,9,10,21517,350
20401,9,10,21147,630
20401,9,10,20777,840
20401,9,10,20407,1120
20401,9,10,1,1190
21879,9,10,23371,0
21879,9,10,23001,560
21879,9,10,22631,770
21879,9,10,22261,1050
21879,9,10,21891,1260
17437,9,10,21139,0
17437,9,10,20769,420
17437,9,10,20399,700
17437,9,10,19659,770
17437,9,10,19289,840
17437,9,10,18919,910
17437,9,10,18179,980
17437,9,10,17809,1050
17437,9,10,1,1120
32645,9,10,34500,0
32645,9,10,34130,350
32645,9,10,33760,630
32645,9,10,33390,910
32645,9,10,33020,1120
32645,9,10,32650,1400
21888,9,10,23371,0
21888,9,10,23001,560
21888,9,10,22631,770
21888,9,10,22261,1050
21888,9,10,21891,1260
28565,9,10,30049,0
28565,9,10,29679,350
28565,9,10,29309,630
28565,9,10,28939,840
28565,9,10,28569,1120
28565,9,10,1,1330
25601,9,10,27821,0
25601,9,10,27451,420
25601,9,10,27081,630
25601,9,10,26711,910
25601,9,10,26341,1190
25601,9,10,25971,1400
17808,9,10,21140,0
17808,9,10,20770,490
17808,9,10,20030,770
17808,9,10,19660,840
17808,9,10,19290,910
17808,9,10,18550,980
17808,9,10,18180,1050
17808,9,10,1,1120
29680,9,10,31162,0
29680,9,10,30792,560
29680,9,10,30422,840
29680,9,10,30052,1050
29680,9,10,29682,1330
22999,9,10,25224,0
22999,9,10,24854,350
22999,9,10,24484,630
22999,9,10,24114,840
22999,9,10,23744,1120
22999,9,10,23374,1330
20035,9,10,21516,0
20035,9,10,21146,560
20035,9,10,20776,840
20035,9,10,20406,1050
20035,9,10,20036,1120
20035,9,10,1,1190
30051,9,10,31533,0
30051,9,10,31163,560
30051,9,10,30793,840
30051,9,10,30423,1050
30051,9,10,30053,1330
18919,9,10,21513,0
18919,9,10,21143,350
18919,9,10,20773,630
18919,9,10,20403,840
18919,9,10,20033,910
18919,9,10,19663,980
18919,9,10,18923,1050
18919,9,10,1,1120
31163,9,10,33016,0
31163,9,10,32646,350
31163,9,10,32276,560
31163,9,10,31906,840
31163,9,10,31536,1120
31163,9,10,31166,1330
15955,9,10,21875,0
15955,9,10,21505,490
15955,9,10,21135,700
15955,9,10,20765,980
15955,9,10,20395,1190
15955,9,10,20025,1260
15955,9,10,19655,1330
15955,9,10,18915,1400
15955,9,10,18545,1470
32278,9,10,33389,0
32278,9,10,33019,420
32278,9,10,32649,630
32278,9,10,32279,910
32278,9,10,1,1120
24485,9,10,26338,0
24485,9,10,25968,560
24485,9,10,25598,770
24485,9,10,25228,1050
24485,9,10,24858,1330
20396,9,10,22257,0
20396,9,10,21887,560
20396,9,10,21517,840
20396,9,10,21147,1050
20396,9,10,20777,1330
28198,9,10,30048,0
28198,9,10,29678,560
28198,9,10,29308,770
28198,9,10,28938,1050
28198,9,10,28568,1260
21874,9,10,23371,0
21874,9,10,23001,560
21874,9,10,22631,770
21874,9,10,22261,1050
21874,9,10,21891,1330
20405,9,10,21887,0
20405,9,10,21517,350
20405,9,10,21147,630
20405,9,10,20777,910
20405,9,10,20407,1120
20405,9,10,1,1190
32649,9,10,33760,0
32649,9,10,33390,420
32649,9,10,33020,630
32649,9,10,32650,910
32649,9,10,1,1120
21517,9,10,23370,0
21517,9,10,23000,420
21517,9,10,22630,630
21517,9,10,22260,910
21517,9,10,21890,1120
21517,9,10,21520,1400
25596,9,10,27451,0
25596,9,10,27081,420
25596,9,10,26711,700
25596,9,10,26341,980
25596,9,10,25971,1190
25596,9,10,25601,1470
28569,9,10,30419,0
28569,9,10,30049,560
28569,9,10,29679,770
28569,9,10,29309,1050
28569,9,10,28939,1260
22632,9,10,23743,0
22632,9,10,23373,560
22632,9,10,23003,770
22632,9,10,22633,1050
22632,9,10,1,1260
20030,9,10,21516,0
20030,9,10,21146,560
20030,9,10,20776,770
20030,9,10,20406,1050
20030,9,10,1,1120
23003,9,10,24114,0
23003,9,10,23744,560
23003,9,10,23374,840
23003,9,10,23004,1050
23003,9,10,1,1330
27082,9,10,28935,0
27082,9,10,28565,420
27082,9,10,28195,630
27082,9,10,27825,910
27082,9,10,27455,1120
27082,9,10,27085,1400
18914,9,10,21883,0
18914,9,10,21513,490
18914,9,10,21143,700
18914,9,10,20773,980
18914,9,10,20403,1190
18914,9,10,20033,1260
18914,9,10,19293,1330
18914,9,10,18923,1400
18914,9,10,1,1470
18923,9,10,22253,0
18923,9,10,21883,560
18923,9,10,21513,770
18923,9,10,21143,1050
18923,9,10,20773,1330
24114,9,10,25967,0
24114,9,10,25597,560
24114,9,10,25227,770
24114,9,10,24857,1050
24114,9,10,24487,1260
28193,9,10,29678,0
28193,9,10,29308,560
28193,9,10,28938,840
28193,9,10,28568,1050
28193,9,10,28198,1330
20400,9,10,21887,0
20400,9,10,21517,350
20400,9,10,21147,630
20400,9,10,20777,840
20400,9,10,20407,1120
20400,9,10,1,1190
25229,9,10,26340,0
25229,9,10,25970,490
25229,9,10,25600,700
25229,9,10,25230,980
25229,9,10,1,1260
21503,9,10,23000,0
21503,9,10,22630,560
21503,9,10,22260,770
21503,9,10,21890,1050
21503,9,10,21520,1260
21512,9,10,23000,0
21512,9,10,22630,560
21512,9,10,22260,840
21512,9,10,21890,1050
21512,9,10,21520,1330
18548,9,10,21142,0
18548,9,10,20772,560
18548,9,10,20032,840
18548,9,10,19662,910
18548,9,10,19292,980
18548,9,10,18552,1050
18548,9,10,1,1120
28564,9,10,30049,0
28564,9,10,29679,560
28564,9,10,29309,840
28564,9,10,28939,1050
28564,9,10,28569,1330
22627,9,10,24853,0
22627,9,10,24483,350
22627,9,10,24113,560
22627,9,10,23743,840
22627,9,10,23373,1120
22627,9,10,23003,1330
25600,9,10,26711,0
25600,9,10,26341,490
25600,9,10,25971,700
25600,9,10,25601,980
25600,9,10,1,1260
29679,9,10,31162,0
29679,9,10,30792,560
29679,9,10,30422,770
29679,9,10,30052,1050
29679,9,10,29682,1330
20025,9,10,22256,0
20025,9,10,21886,490
20025,9,10,21516,770
20025,9,10,21146,980
20025,9,10,20776,1260
20025,9,10,20406,1470
30791,9,10,32275,0
30791,9,10,31905,350
30791,9,10,31535,630
30791,9,10,31165,840
30791,9,10,30795,1120
30791,9,10,1,1330
20034,9,10,21516,0
20034,9,10,21146,560
20034,9,10,20776,840
20034,9,10,20406,1050
20034,9,10,20036,1120
20034,9,10,1,1190
26711,9,10,28564,0
26711,9,10,28194,420
26711,9,10,27824,630
26711,9,10,27454,910
26711,9,10,27084,1120
26711,9,10,26714,1400
18918,9,10,21513,0
18918,9,10,21143,350
18918,9,10,20773,630
18918,9,10,20403,840
18918,9,10,20033,910
18918,9,10,19663,980
18918,9,10,18923,1050
18918,9,10,1,1120
31162,9,10,32646,0
31162,9,10,32276,420
31162,9,10,31906,630
31162,9,10,31536,910
31162,9,10,31166,1120
31162,9,10,1,1400
15954,9,10,20765,0
15954,9,10,20395,560
15954,9,10,20025,630
15954,9,10,19285,700
15954,9,10,18915,770
15954,9,10,18545,840
15954,9,10,17805,910
15954,9,10,17435,980
15954,9,10,16695,1050
15954,9,10,16325,1120
15954,9,10,15955,1190
15954,9,10,1,1260
32277,9,10,34129,0
32277,9,10,33759,350
32277,9,10,33389,630
32277,9,10,33019,840
32277,9,10,32649,1120
32277,9,10,32279,1330
21145,9,10,22629,0
21145,9,10,22259,490
21145,9,10,21889,770
21145,9,10,21519,980
21145,9,10,21149,1260
25224,9,10,27080,0
25224,9,10,26710,490
25224,9,10,26340,770
25224,9,10,25970,980
25224,9,10,25600,1260
25224,9,10,25230,1470
28197,9,10,29308,0
28197,9,10,28938,350
28197,9,10,28568,630
28197,9,10,28198,840
28197,9,10,1,1120
21507,9,10,22630,0
21507,9,10,22260,560
21507,9,10,21890,840
21507,9,10,21520,1050
21507,9,10,1,1330
18543,9,10,21882,0
18543,9,10,21512,420
18543,9,10,21142,630
18543,9,10,20772,910
18543,9,10,20032,1190
18543,9,10,19662,1260
18543,9,10,18922,1330
18543,9,10,18552,1400
18543,9,10,1,1470
21516,9,10,23000,0
21516,9,10,22630,490
21516,9,10,22260,700
21516,9,10,21890,980
21516,9,10,21520,1190
21516,9,10,1,1470
18552,9,10,22252,0
18552,9,10,21882,490
18552,9,10,21512,770
18552,9,10,21142,980
18552,9,10,20772,1260
18552,9,10,20402,1470
25595,9,10,27451,0
25595,9,10,27081,490
25595,9,10,26711,700
25595,9,10,26341,980
25595,9,10,25971,1190
25595,9,10,25601,1470
22631,9,10,24483,0
22631,9,10,24113,490
22631,9,10,23743,770
22631,9,10,23373,980
22631,9,10,23003,1260
22631,9,10,22633,1470
33759,9,10,35243,0
33759,9,10,34873,490
33759,9,10,34503,770
33759,9,10,34133,980
33759,9,10,33763,1260
33759,9,10,1,1470
20029,9,10,21516,0
20029,9,10,21146,560
20029,9,10,20776,770
20029,9,10,20406,1050
20029,9,10,1,1120
30795,9,10,32645,0
30795,9,10,32275,560
30795,9,10,31905,770
30795,9,10,31535,1050
30795,9,10,31165,1260
18913,9,10,22253,0
18913,9,10,21883,350
18913,9,10,21513,560
18913,9,10,21143,840
18913,9,10,20773,1120
18913,9,10,20403,1330
18913,9,10,20033,1400
18913,9,10,19293,1470
31166,9,10,33016,0
31166,9,10,32646,560
31166,9,10,32276,840
31166,9,10,31906,1050
31166,9,10,31536,1330
21140,9,10,22629,0
21140,9,10,22259,420
21140,9,10,21889,700
21140,9,10,21519,980
21140,9,10,21149,1190
21140,9,10,1,1470
24113,9,10,25967,0
24113,9,10,25597,350
24113,9,10,25227,560
24113,9,10,24857,840
24113,9,10,24487,1120
24113,9,10,24117,1330
21149,9,10,22999,0
21149,9,10,22629,560
21149,9,10,22259,840
21149,9,10,21889,1050
21149,9,10,21519,1330
28192,9,10,29678,0
28192,9,10,29308,560
28192,9,10,28938,840
28192,9,10,28568,1050
28192,9,10,28198,1330
25228,9,10,27080,0
25228,9,10,26710,420
25228,9,10,26340,700
25228,9,10,25970,910
25228,9,10,25600,1190
25228,9,10,25230,1470
21511,9,10,23000,0
21511,9,10,22630,420
21511,9,10,22260,630
21511,9,10,21890,910
21511,9,10,21520,1120
21511,9,10,1,1400
18547,9,10,21142,0
18547,9,10,20772,560
18547,9,10,20032,840
18547,9,10,19662,910
18547,9,10,19292,980
18547,9,10,18552,1050
18547,9,10,1,1120
21520,9,10,23740,0
21520,9,10,23370,350
21520,9,10,23000,630
21520,9,10,22630,840
21520,9,10,22260,1120
21520,9,10,21890,1330
15583,9,10,20764,0
15583,9,10,20024,560
15583,9,10,19654,630
15583,9,10,18914,700
15583,9,10,18544,770
15583,9,10,18174,840
15583,9,10,17434,910
15583,9,10,17064,980
15583,9,10,16324,1050
15583,9,10,15954,1120
15583,9,10,15584,1190
15583,9,10,1,1260
22626,9,10,24853,0
22626,9,10,24483,350
22626,9,10,24113,560
22626,9,10,23743,840
22626,9,10,23373,1120
22626,9,10,23003,1330
20024,9,10,21886,0
20024,9,10,21516,560
20024,9,10,21146,840
20024,9,10,20776,1050
20024,9,10,20406,1330
20024,9,10,1,1400
30790,9,10,32275,0
30790,9,10,31905,560
30790,9,10,31535,840
30790,9,10,31165,1050
30790,9,10,30795,1330
27826,9,10,28937,0
27826,9,10,28567,420
27826,9,10,28197,630
27826,9,10,27827,910
27826,9,10,1,1120
26710,9,10,28194,0
26710,9,10,27824,420
26710,9,10,27454,700
26710,9,10,27084,910
26710,9,10,26714,1190
26710,9,10,1,1470
23746,9,10,25966,0
23746,9,10,25596,420
23746,9,10,25226,700
23746,9,10,24856,980
23746,9,10,24486,1190
23746,9,10,24116,1470
31161,9,10,33016,0
31161,9,10,32646,350
31161,9,10,32276,630
31161,9,10,31906,840
31161,9,10,31536,1120
31161,9,10,31166,1400
32276,9,10,34129,0
32276,9,10,33759,350
32276,9,10,33389,560
32276,9,10,33019,840
32276,9,10,32649,1120
32276,9,10,32279,1330
17065,9,10,21138,0
17065,9,10,20768,350
17065,9,10,20398,630
17065,9,10,19658,700
17065,9,10,19288,770
17065,9,10,18918,840
17065,9,10,18178,910
17065,9,10,17808,980
17065,9,10,17068,1050
17065,9,10,1,1120
21135,9,10,22629,0
21135,9,10,22259,350
21135,9,10,21889,630
21135,9,10,21519,840
21135,9,10,21149,1120
21135,9,10,1,1330
21144,9,10,22629,0
21144,9,10,22259,490
21144,9,10,21889,770
21144,9,10,21519,980
21144,9,10,21149,1260
24117,9,10,26337,0
24117,9,10,25967,420
24117,9,10,25597,700
24117,9,10,25227,910
24117,9,10,24857,1190
24117,9,10,24487,1400
18180,9,10,21141,0
18180,9,10,20771,560
18180,9,10,20031,840
18180,9,10,19661,910
18180,9,10,18921,980
18180,9,10,18551,1050
18180,9,10,18181,1120
18180,9,10,1,1190
28196,9,10,29678,0
28196,9,10,29308,560
28196,9,10,28938,770
28196,9,10,28568,1050
28196,9,10,28198,1330
21506,9,10,23000,0
21506,9,10,22630,560
21506,9,10,22260,770
21506,9,10,21890,1050
21506,9,10,21520,1260
29308,9,10,30791,0
29308,9,10,30421,560
29308,9,10,30051,770
29308,9,10,29681,1050
29308,9,10,29311,1260
21515,9,10,23000,0
21515,9,10,22630,490
21515,9,10,22260,700
21515,9,10,21890,980
21515,9,10,21520,1190
21515,9,10,1,1470
18551,9,10,21512,0
18551,9,10,21142,350
18551,9,10,20772,630
18551,9,10,20402,840
18551,9,10,20032,910
18551,9,10,19292,980
18551,9,10,18922,1050
18551,9,10,18552,1120
18551,9,10,1,1190
30423,9,10,31534,0
30423,9,10,31164,350
30423,9,10,30794,630
30423,9,10,30424,840
30423,9,10,1,1120
22630,9,10,24483,0
22630,9,10,24113,560
22630,9,10,23743,840
22630,9,10,23373,1050
22630,9,10,23003,1330
27821,9,10,29677,0
27821,9,10,29307,350
27821,9,10,28937,630
27821,9,10,28567,840
27821,9,10,28197,1120
27821,9,10,27827,1400
30794,9,10,31905,0
30794,9,10,31535,350
30794,9,10,31165,630
30794,9,10,30795,840
30794,9,10,1,1120
19653,9,10,21885,0
19653,9,10,21515,560
19653,9,10,21145,770
19653,9,10,20775,1050
19653,9,10,20405,1260
19653,9,10,20035,1330
19653,9,10,1,1400
19662,9,10,21515,0
19662,9,10,21145,490
19662,9,10,20775,770
19662,9,10,20405,980
19662,9,10,20035,1050
19662,9,10,1,1120
20768,9,10,22628,0
20768,9,10,22258,350
20768,9,10,21888,630
20768,9,10,21518,840
20768,9,10,21148,1120
20768,9,10,20778,1330
23741,9,10,25966,0
23741,9,10,25596,350
23741,9,10,25226,560
23741,9,10,24856,840
23741,9,10,24486,1120
23741,9,10,24116,1330
26714,9,10,28934,0
26714,9,10,28564,420
26714,9,10,28194,630
26714,9,10,27824,910
26714,9,10,27454,1120
26714,9,10,27084,1400
20777,9,10,21888,0
20777,9,10,21518,420
20777,9,10,21148,630
20777,9,10,20778,910
20777,9,10,1,1190
21139,9,10,22629,0
21139,9,10,22259,490
21139,9,10,21889,770
21139,9,10,21519,1050
21139,9,10,21149,1260
31905,9,10,33388,0
31905,9,10,33018,560
31905,9,10,32648,840
31905,9,10,32278,1050
31905,9,10,31908,1330
24112,9,10,25967,0
24112,9,10,25597,560
24112,9,10,25227,770
24112,9,10,24857,1050
24112,9,10,24487,1260
18175,9,10,21141,0
18175,9,10,20771,490
18175,9,10,20401,770
18175,9,10,19661,840
18175,9,10,19291,910
18175,9,10,18921,980
18175,9,10,18181,1050
18175,9,10,1,1120
21148,9,10,22259,0
21148,9,10,21889,420
21148,9,10,21519,630
21148,9,10,21149,910
21148,9,10,1,1190
25227,9,10,27080,0
25227,9,10,26710,490
25227,9,10,26340,770
25227,9,10,25970,980
25227,9,10,25600,1260
25227,9,10,25230,1470
26339,9,10,27823,0
26339,9,10,27453,490
26339,9,10,27083,770
26339,9,10,26713,980
26339,9,10,26343,1260
18546,9,10,21142,0
18546,9,10,20772,560
18546,9,10,20032,840
18546,9,10,19662,910
18546,9,10,19292,980
18546,9,10,18552,1050
18546,9,10,1,1120
22259,9,10,24112,0
22259,9,10,23742,560
22259,9,10,23372,840
22259,9,10,23002,1050
22259,9,10,22632,1330
27825,9,10,29677,0
27825,9,10,29307,350
27825,9,10,28937,560
27825,9,10,28567,840
27825,9,10,28197,1120
27825,9,10,27827,1330
19657,9,10,21885,0
19657,9,10,21515,560
19657,9,10,21145,840
19657,9,10,20775,1050
19657,9,10,20405,1330
19657,9,10,19665,1400
19657,9,10,1,1470
20763,9,10,22258,0
20763,9,10,21888,490
20763,9,10,21518,770
20763,9,10,21148,980
20763,9,10,20778,1260
16693,9,10,20767,0
16693,9,10,20397,560
16693,9,10,20027,630
16693,9,10,19287,700
16693,9,10,18917,770
16693,9,10,18177,840
16693,9,10,17807,910
16693,9,10,17437,980
16693,9,10,16697,1050
16693,9,10,1,1120
26709,9,10,28564,0
26709,9,10,28194,420
26709,9,10,27824,630
26709,9,10,27454,910
26709,9,10,27084,1190
26709,9,10,26714,1400
20772,9,10,21888,0
20772,9,10,21518,420
20772,9,10,21148,630
20772,9,10,20778,910
20772,9,10,1,1120
23745,9,10,24856,0
23745,9,10,24486,560
23745,9,10,24116,770
23745,9,10,23746,1050
23745,9,10,1,1330
21134,9,10,22259,0
21134,9,10,21889,490
21134,9,10,21519,700
21134,9,10,21149,980
21134,9,10,1,1260
17064,9,10,21138,0
17064,9,10,20768,350
17064,9,10,20398,630
17064,9,10,19658,700
17064,9,10,19288,770
17064,9,10,18548,840
17064,9,10,18178,910
17064,9,10,17808,980
17064,9,10,17068,1050
17064,9,10,1,1120
28936,9,10,30420,0
28936,9,10,30050,350
28936,9,10,29680,560
28936,9,10,29310,840
28936,9,10,28940,1120
28936,9,10,1,1330
21143,9,10,22999,0
21143,9,10,22629,350
21143,9,10,22259,630
21143,9,10,21889,840
21143,9,10,21519,1120
21143,9,10,21149,1400
18179,9,10,21141,0
18179,9,10,20771,560
18179,9,10,20401,770
18179,9,10,20031,840
18179,9,10,19661,910
18179,9,10,18921,980
18179,9,10,18551,1050
18179,9,10,1,1120
29307,9,10,30791,0
29307,9,10,30421,350
29307,9,10,30051,560
29307,9,10,29681,840
29307,9,10,29311,1120
29307,9,10,1,1330
23370,9,10,25225,0
23370,9,10,24855,560
23370,9,10,24485,840
23370,9,10,24115,1050
23370,9,10,23745,1330
26343,9,10,28563,0
26343,9,10,28193,420
26343,9,10,27823,700
26343,9,10,27453,910
26343,9,10,27083,1190
26343,9,10,26713,1400
30422,9,10,31904,0
30422,9,10,31534,560
30422,9,10,31164,840
30422,9,10,30794,1050
30422,9,10,30424,1330
22254,9,10,24112,0
22254,9,10,23742,560
22254,9,10,23372,840
22254,9,10,23002,1050
22254,9,10,22632,1330
19290,9,10,21514,0
19290,9,10,21144,420
19290,9,10,20774,700
19290,9,10,20404,910
19290,9,10,20034,980
19290,9,10,19294,1050
19290,9,10,1,1120
19661,9,10,21515,0
19661,9,10,21145,490
19661,9,10,20775,770
19661,9,10,20405,980
19661,9,10,20035,1050
19661,9,10,1,1120
31533,9,10,33017,0
31533,9,10,32647,420
31533,9,10,32277,630
31533,9,10,31907,910
31533,9,10,31537,1120
31533,9,10,1,1400
20767,9,10,22628,0
20767,9,10,22258,350
20767,9,10,21888,560
20767,9,10,21518,840
20767,9,10,21148,1120
20767,9,10,20778,1330
16697,9,10,21877,0
16697,9,10,21507,490
16697,9,10,21137,770
16697,9,10,20767,980
16697,9,10,20397,1260
16697,9,10,19657,1330
16697,9,10,19287,1400
16697,9,10,18547,1470
23740,9,10,25966,0
23740,9,10,25596,350
23740,9,10,25226,630
23740,9,10,24856,840
23740,9,10,24486,1120
23740,9,10,24116,1330
20776,9,10,21888,0
20776,9,10,21518,420
20776,9,10,21148,630
20776,9,10,20778,910
20776,9,10,1,1190
21138,9,10,22629,0
21138,9,10,22259,490
21138,9,10,21889,770
21138,9,10,21519,1050
21138,9,10,21149,1260
25967,9,10,27822,0
25967,9,10,27452,420
25967,9,10,27082,700
25967,9,10,26712,910
25967,9,10,26342,1190
25967,9,10,25972,1470
31904,9,10,33388,0
31904,9,10,33018,420
31904,9,10,32648,630
31904,9,10,32278,910
31904,9,10,31908,1120
31904,9,10,1,1400
28940,9,10,30790,0
28940,9,10,30420,490
28940,9,10,30050,770
28940,9,10,29680,1050
28940,9,10,29310,1260
18174,9,10,21141,0
18174,9,10,20771,490
18174,9,10,20401,770
18174,9,10,19661,840
18174,9,10,19291,910
18174,9,10,18921,980
18174,9,10,18181,1050
18174,9,10,1,1120
33019,9,10,34871,0
33019,9,10,34501,350
33019,9,10,34131,630
33019,9,10,33761,840
33019,9,10,33391,1120
33019,9,10,33021,1330
26338,9,10,28193,0
26338,9,10,27823,420
26338,9,10,27453,700
26338,9,10,27083,910
26338,9,10,26713,1190
26338,9,10,26343,1470
29311,9,10,31161,0
29311,9,10,30791,490
29311,9,10,30421,770
29311,9,10,30051,1050
29311,9,10,29681,1260
23374,9,10,24485,0
23374,9,10,24115,560
23374,9,10,23745,770
23374,9,10,23375,1050
23374,9,10,1,1260
22249,9,10,24482,0
22249,9,10,24112,350
22249,9,10,23742,560
22249,9,10,23372,840
22249,9,10,23002,1120
22249,9,10,22632,1330
19285,9,10,21884,0
19285,9,10,21514,490
19285,9,10,21144,770
19285,9,10,20774,980
19285,9,10,20404,1260
19285,9,10,19664,1330
19285,9,10,19294,1400
19285,9,10,1,1470
22258,9,10,24112,0
22258,9,10,23742,350
22258,9,10,23372,630
22258,9,10,23002,840
22258,9,10,22632,1120
22258,9,10,22262,1400
19294,9,10,22624,0
19294,9,10,22254,350
19294,9,10,21884,630
19294,9,10,21514,840
19294,9,10,21144,1120
19294,9,10,20774,1330
19656,9,10,21885,0
19656,9,10,21515,560
19656,9,10,21145,840
19656,9,10,20775,1050
19656,9,10,20405,1330
19656,9,10,19665,1400
19656,9,10,1,1470
19665,9,10,22625,0
19665,9,10,22255,420
19665,9,10,21885,700
19665,9,10,21515,910
19665,9,10,21145,1190
19665,9,10,20775,1400
20771,9,10,21888,0
20771,9,10,21518,420
20771,9,10,21148,630
20771,9,10,20778,910
20771,9,10,1,1120
31537,9,10,33387,0
31537,9,10,33017,560
31537,9,10,32647,770
31537,9,10,32277,1050
31537,9,10,31907,1330
21883,9,10,23001,0
21883,9,10,22631,560
21883,9,10,22261,840
21883,9,10,21891,1050
21883,9,10,1,1330
24856,9,10,26709,0
24856,9,10,26339,490
24856,9,10,25969,770
24856,9,10,25599,1050
24856,9,10,25229,1260
28935,9,10,30420,0
28935,9,10,30050,560
28935,9,10,29680,840
28935,9,10,29310,1050
28935,9,10,28940,1330
31908,9,10,33758,0
31908,9,10,33388,560
31908,9,10,33018,770
31908,9,10,32648,1050
31908,9,10,32278,1330
25971,9,10,27082,0
25971,9,10,26712,490
25971,9,10,26342,770
25971,9,10,25972,980
25971,9,10,1,1260
17803,9,10,21140,0
17803,9,10,20770,490
17803,9,10,20400,700
17803,9,10,20030,770
17803,9,10,19290,840
17803,9,10,18920,910
17803,9,10,18550,980
17803,9,10,17810,1050
17803,9,10,1,1120
26342,9,10,27453,0
26342,9,10,27083,490
26342,9,10,26713,770
26342,9,10,26343,980
26342,9,10,1,1260
22253,9,10,24112,0
22253,9,10,23742,560
22253,9,10,23372,840
22253,9,10,23002,1050
22253,9,10,22632,1330
19289,9,10,21514,0
19289,9,10,21144,420
19289,9,10,20774,700
19289,9,10,20404,910
19289,9,10,20034,980
19289,9,10,19294,1050
19289,9,10,1,1120
22262,9,10,24482,0
22262,9,10,24112,490
22262,9,10,23742,700
22262,9,10,23372,980
22262,9,10,23002,1190
22262,9,10,22632,1470
16325,9,10,20766,0
16325,9,10,20396,560
16325,9,10,19656,630
16325,9,10,19286,700
16325,9,10,18916,770
16325,9,10,18176,840
16325,9,10,17806,910
16325,9,10,17066,980
16325,9,10,16696,1050
16325,9,10,16326,1120
16325,9,10,1,1190
27453,9,10,29306,0
27453,9,10,28936,350
27453,9,10,28566,560
27453,9,10,28196,840
27453,9,10,27826,1120
27453,9,10,27456,1330
20766,9,10,22258,0
20766,9,10,21888,420
20766,9,10,21518,700
20766,9,10,21148,910
20766,9,10,20778,1190
20766,9,10,1,1400
16696,9,10,21137,0
16696,9,10,20767,350
16696,9,10,20027,630
16696,9,10,19657,700
16696,9,10,19287,770
16696,9,10,18547,840
16696,9,10,18177,910
16696,9,10,17437,980
16696,9,10,17067,1050
16696,9,10,16697,1120
16696,9,10,1,1190
31532,9,10,33387,0
31532,9,10,33017,350
31532,9,10,32647,630
31532,9,10,32277,840
31532,9,10,31907,1120
31532,9,10,31537,1400
21878,9,10,23371,0
21878,9,10,23001,490
21878,9,10,22631,770
21878,9,10,22261,1050
21878,9,10,21891,1260
21887,10,11,23371,0
21887,10,11,23001,560
21887,10,11,22631,770
21887,10,11,22261,1050
21887,10,11,21891,1330
25966,10,11,27822,0
25966,10,11,27452,490
25966,10,11,27082,700
25966,10,11,26712,980
25966,10,11,26342,1190
25966,10,11,25972,1470
28939,10,11,30050,0
28939,10,11,29680,350
28939,10,11,29310,630
28939,10,11,28940,840
28939,10,11,1,1120
17807,10,11,21140,0
17807,10,11,20770,490
17807,10,11,20400,700
17807,10,11,20030,770
17807,10,11,19660,840
17807,10,11,18920,910
17807,10,11,18550,980
17807,10,11,17810,1050
17807,10,11,1,1120
34130,10,11,35614,0
34130,10,11,35244,490
34130,10,11,34874,770
34130,10,11,34504,980
34130,10,11,34134,1260
34130,10,11,1,1470
23373,10,11,25225,0
23373,10,11,24855,490
23373,10,11,24485,770
23373,10,11,24115,980
23373,10,11,23745,1260
30050,10,11,31533,0
30050,10,11,31163,560
30050,10,11,30793,770
30050,10,11,30423,1050
30050,10,11,30053,1330
19284,10,11,22254,0
19284,10,11,21884,420
19284,10,11,21514,630
19284,10,11,21144,910
19284,10,11,20774,1120
19284,10,11,20404,1400
19284,10,11,19664,1470
19293,10,11,21514,0
19293,10,11,21144,490
19293,10,11,20774,700
19293,10,11,20034,980
19293,10,11,19664,1050
19293,10,11,19294,1120
19293,10,11,1,1190
24484,10,11,26338,0
24484,10,11,25968,350
24484,10,11,25598,560
24484,10,11,25228,840
24484,10,11,24858,1120
24484,10,11,24488,1330
34500,10,11,36355,0
34500,10,11,35985,490
34500,10,11,35615,700
34500,10,11,35245,980
34500,10,11,34875,1190
34500,10,11,34505,1470
31536,10,11,32647,0
31536,10,11,32277,350
31536,10,11,31907,630
31536,10,11,31537,910
31536,10,11,1,1120
20395,10,11,22257,0
20395,10,11,21887,420
20395,10,11,21517,630
20395,10,11,21147,910
20395,10,11,20777,1120
20395,10,11,20407,1400
20395,10,11,1,1470
21873,10,11,23371,0
21873,10,11,23001,560
21873,10,11,22631,770
21873,10,11,22261,1050
21873,10,11,21891,1260
20404,10,11,21887,0
20404,10,11,21517,350
20404,10,11,21147,630
20404,10,11,20777,840
20404,10,11,1,1120
32648,10,11,34500,0
32648,10,11,34130,350
32648,10,11,33760,560
32648,10,11,33390,840
32648,10,11,33020,1120
32648,10,11,32650,1330
21882,10,11,23001,0
21882,10,11,22631,560
21882,10,11,22261,770
21882,10,11,21891,1050
21882,10,11,1,1330
24855,10,11,26339,0
24855,10,11,25969,560
24855,10,11,25599,840
24855,10,11,25229,1050
24855,10,11,24859,1330
21891,10,11,24111,0
21891,10,11,23741,350
21891,10,11,23371,560
21891,10,11,23001,840
21891,10,11,22631,1120
21891,10,11,22261,1330
28934,10,11,30420,0
28934,10,11,30050,560
28934,10,11,29680,840
28934,10,11,29310,1050
28934,10,11,28940,1330
25970,10,11,27822,0
25970,10,11,27452,420
25970,10,11,27082,700
25970,10,11,26712,910
25970,10,11,26342,1190
25970,10,11,25972,1400
28568,10,11,29679,0
28568,10,11,29309,350
28568,10,11,28939,630
28568,10,11,28569,840
28568,10,11,1,1120
23002,10,11,24854,0
23002,10,11,24484,490
23002,10,11,24114,770
23002,10,11,23744,1050
23002,10,11,23374,1260
27081,10,11,28565,0
27081,10,11,28195,420
27081,10,11,27825,700
27081,10,11,27455,980
27081,10,11,27085,1190
27081,10,11,1,1470
19288,10,11,21514,0
19288,10,11,21144,420
19288,10,11,20774,700
19288,10,11,20404,910
19288,10,11,20034,980
19288,10,11,19294,1050
19288,10,11,1,1120
16324,10,11,20766,0
16324,10,11,20396,560
16324,10,11,19656,630
16324,10,11,19286,700
16324,10,11,18546,770
16324,10,11,18176,840
16324,10,11,17806,910
16324,10,11,17066,980
16324,10,11,16696,1050
16324,10,11,1,1120
18922,10,11,21513,0
18922,10,11,21143,420
18922,10,11,20773,630
18922,10,11,20403,910
18922,10,11,19663,980
18922,10,11,19293,1050
18922,10,11,18923,1120
18922,10,11,1,1190
27452,10,11,28936,0
27452,10,11,28566,350
27452,10,11,28196,630
27452,10,11,27826,910
27452,10,11,27456,1120
27452,10,11,1,1400
24488,10,11,26708,0
24488,10,11,26338,420
24488,10,11,25968,700
24488,10,11,25598,910
24488,10,11,25228,1190
24488,10,11,24858,1400
20399,10,11,22257,0
20399,10,11,21887,420
20399,10,11,21517,700
20399,10,11,21147,910
20399,10,11,20777,1190
20399,10,11,1,1470
17435,10,11,21139,0
17435,10,11,20769,420
17435,10,11,20029,700
17435,10,11,19659,770
17435,10,11,18919,840
17435,10,11,18549,910
17435,10,11,18179,980
17435,10,11,17439,1050
17435,10,11,1,1120
21877,10,11,23371,0
21877,10,11,23001,560
21877,10,11,22631,770
21877,10,11,22261,1050
21877,10,11,21891,1330
21886,10,11,23371,0
21886,10,11,23001,350
21886,10,11,22631,630
21886,10,11,22261,840
21886,10,11,21891,1120
21886,10,11,1,1400
28563,10,11,30049,0
28563,10,11,29679,560
28563,10,11,29309,840
28563,10,11,28939,1050
28563,10,11,28569,1330
25599,10,11,27451,0
25599,10,11,27081,420
25599,10,11,26711,700
25599,10,11,26341,910
25599,10,11,25971,1190
25599,10,11,25601,1470
17806,10,11,21140,0
17806,10,11,20770,490
17806,10,11,20400,700
17806,10,11,20030,770
17806,10,11,19290,840
17806,10,11,18920,910
17806,10,11,18550,980
17806,10,11,17810,1050
17806,10,11,1,1120
29678,10,11,31162,0
29678,10,11,30792,350
29678,10,11,30422,630
29678,10,11,30052,840
29678,10,11,29682,1120
29678,10,11,1,1330
34129,10,11,35984,0
34129,10,11,35614,490
34129,10,11,35244,700
34129,10,11,34874,980
34129,10,11,34504,1190
34129,10,11,34134,1470
20033,10,11,21516,0
20033,10,11,21146,560
20033,10,11,20776,770
20033,10,11,20406,1050
20033,10,11,1,1120
30049,10,11,31533,0
30049,10,11,31163,350
30049,10,11,30793,630
30049,10,11,30423,840
30049,10,11,30053,1120
30049,10,11,1,1330
27085,10,11,29305,0
27085,10,11,28935,420
27085,10,11,28565,630
27085,10,11,28195,910
27085,10,11,27825,1120
27085,10,11,27455,1400
18917,10,11,21513,0
18917,10,11,21143,350
18917,10,11,20773,630
18917,10,11,20403,840
18917,10,11,20033,910
18917,10,11,19663,980
18917,10,11,18923,1050
18917,10,11,1,1120
24483,10,11,26338,0
24483,10,11,25968,560
24483,10,11,25598,770
24483,10,11,25228,1050
24483,10,11,24858,1260
20403,10,11,21887,0
20403,10,11,21517,350
20403,10,11,21147,630
20403,10,11,20777,840
20403,10,11,1,1120
32647,10,11,34500,0
32647,10,11,34130,350
32647,10,11,33760,560
32647,10,11,33390,840
32647,10,11,33020,1120
32647,10,11,32650,1330
17439,10,11,22249,0
17439,10,11,21879,350
17439,10,11,21509,630
17439,10,11,21139,840
17439,10,11,20769,1120
17439,10,11,20399,1330
17439,10,11,20029,1400
17439,10,11,19289,1470
21881,10,11,23371,0
21881,10,11,23001,490
21881,10,11,22631,770
21881,10,11,22261,1050
21881,10,11,21891,1260
28567,10,11,30049,0
28567,10,11,29679,560
28567,10,11,29309,770
28567,10,11,28939,1050
28567,10,11,28569,1330
29682,10,11,31532,0
29682,10,11,31162,560
29682,10,11,30792,770
29682,10,11,30422,1050
29682,10,11,30052,1260
20028,10,11,22256,0
20028,10,11,21886,350
20028,10,11,21516,630
20028,10,11,21146,910
20028,10,11,20776,1120
20028,10,11,20036,1400
20028,10,11,1,1470
23001,10,11,25224,0
23001,10,11,24854,350
23001,10,11,24484,630
23001,10,11,24114,840
23001,10,11,23744,1120
23001,10,11,23374,1330
27080,10,11,28935,0
27080,10,11,28565,420
27080,10,11,28195,630
27080,10,11,27825,910
27080,10,11,27455,1190
27080,10,11,27085,1400
18921,10,11,21513,0
18921,10,11,21143,420
18921,10,11,20773,630
18921,10,11,20403,910
18921,10,11,19663,980
18921,10,11,19293,1050
18921,10,11,1,1120
31165,10,11,32276,0
31165,10,11,31906,420
31165,10,11,31536,630
31165,10,11,31166,910
31165,10,11,1,1120
20398,10,11,22257,0
20398,10,11,21887,420
20398,10,11,21517,700
20398,10,11,21147,910
20398,10,11,20777,1190
20398,10,11,1,1470
21876,10,11,23371,0
21876,10,11,23001,560
21876,10,11,22631,770
21876,10,11,22261,1050
21876,10,11,21891,1260
17434,10,11,21139,0
17434,10,11,20769,420
17434,10,11,20029,700
17434,10,11,19659,770
17434,10,11,18919,840
17434,10,11,18549,910
17434,10,11,18179,980
17434,10,11,17439,1050
17434,10,11,1,1120
21510,10,11,23000,0
21510,10,11,22630,350
21510,10,11,22260,630
21510,10,11,21890,910
21510,10,11,21520,1120
21510,10,11,1,1400
21519,10,11,22630,0
21519,10,11,22260,420
21519,10,11,21890,700
21519,10,11,21520,910
21519,10,11,1,1190
22625,10,11,24853,0
22625,10,11,24483,350
22625,10,11,24113,560
22625,10,11,23743,840
22625,10,11,23373,1120
22625,10,11,23003,1330
25598,10,11,27451,0
25598,10,11,27081,490
25598,10,11,26711,700
25598,10,11,26341,980
25598,10,11,25971,1190
25598,10,11,25601,1470
29677,10,11,31162,0
29677,10,11,30792,560
29677,10,11,30422,840
29677,10,11,30052,1050
29677,10,11,29682,1330
33762,10,11,34873,0
33762,10,11,34503,420
33762,10,11,34133,630
33762,10,11,33763,910
33762,10,11,1,1190
20032,10,11,21516,0
20032,10,11,21146,560
20032,10,11,20776,770
20032,10,11,20036,1050
20032,10,11,1,1120
27084,10,11,28195,0
27084,10,11,27825,490
27084,10,11,27455,700
27084,10,11,27085,980
27084,10,11,1,1190
18916,10,11,21513,0
18916,10,11,21143,350
18916,10,11,20773,630
18916,10,11,20403,840
18916,10,11,20033,910
18916,10,11,19663,980
18916,10,11,18923,1050
18916,10,11,1,1120
32275,10,11,33759,0
32275,10,11,33389,420
32275,10,11,33019,630
32275,10,11,32649,910
32275,10,11,32279,1190
32275,10,11,1,1400
24116,10,11,25227,0
24116,10,11,24857,490
24116,10,11,24487,770
24116,10,11,24117,1050
24116,10,11,1,1260
20393,10,11,22257,0
20393,10,11,21887,490
20393,10,11,21517,700
20393,10,11,21147,980
20393,10,11,20777,1190
20393,10,11,20407,1470
28195,10,11,29678,0
28195,10,11,29308,560
28195,10,11,28938,770
28195,10,11,28568,1050
28195,10,11,28198,1260
32646,10,11,34130,0
32646,10,11,33760,420
32646,10,11,33390,630
32646,10,11,33020,910
32646,10,11,32650,1190
32646,10,11,1,1400
17438,10,11,21139,0
17438,10,11,20769,490
17438,10,11,20399,700
17438,10,11,20029,770
17438,10,11,19289,840
17438,10,11,18919,910
17438,10,11,18179,980
17438,10,11,17809,1050
17438,10,11,17439,1120
17438,10,11,1,1190
21505,10,11,23000,0
21505,10,11,22630,560
21505,10,11,22260,770
21505,10,11,21890,1050
21505,10,11,21520,1260
21514,10,11,23000,0
21514,10,11,22630,560
21514,10,11,22260,770
21514,10,11,21890,1050
21514,10,11,21520,1330
18550,10,11,21512,0
18550,10,11,21142,350
18550,10,11,20772,630
18550,10,11,20402,840
18550,10,11,20032,910
18550,10,11,19292,980
18550,10,11,18922,1050
18550,10,11,1,1120
28566,10,11,30049,0
28566,10,11,29679,560
28566,10,11,29309,770
28566,10,11,28939,1050
28566,10,11,28569,1260
22629,10,11,24483,0
22629,10,11,24113,350
22629,10,11,23743,630
22629,10,11,23373,840
22629,10,11,23003,1120
22629,10,11,22633,1400
29681,10,11,30792,0
29681,10,11,30422,350
29681,10,11,30052,630
29681,10,11,29682,840
29681,10,11,1,1120
30793,10,11,32275,0
30793,10,11,31905,560
30793,10,11,31535,840
30793,10,11,31165,1050
30793,10,11,30795,1330
20027,10,11,22256,0
20027,10,11,21886,350
20027,10,11,21516,630
20027,10,11,21146,910
20027,10,11,20776,1120
20027,10,11,20036,1400
20027,10,11,1,1470
23000,10,11,24854,0
23000,10,11,24484,420
23000,10,11,24114,630
23000,10,11,23744,910
23000,10,11,23374,1120
23000,10,11,23004,1400
20036,10,11,22626,0
20036,10,11,22256,490
20036,10,11,21886,700
20036,10,11,21516,980
20036,10,11,21146,1190
20036,10,11,20776,1470
34872,10,11,36356,0
34872,10,11,35986,490
34872,10,11,35616,770
34872,10,11,35246,980
34872,10,11,34876,1260
26713,10,11,27824,0
26713,10,11,27454,490
26713,10,11,27084,700
26713,10,11,26714,980
26713,10,11,1,1190
18920,10,11,21513,0
18920,10,11,21143,350
18920,10,11,20773,630
18920,10,11,20033,910
18920,10,11,19663,980
18920,10,11,18923,1050
18920,10,11,1,1120
31164,10,11,33016,0
31164,10,11,32646,350
31164,10,11,32276,630
31164,10,11,31906,840
31164,10,11,31536,1120
31164,10,11,31166,1330
35243,10,11,36727,0
35243,10,11,36357,490
35243,10,11,35987,770
35243,10,11,35617,980
35243,10,11,35247,1260
32279,10,11,34129,0
32279,10,11,33759,560
32279,10,11,33389,770
32279,10,11,33019,1050
32279,10,11,32649,1330
17068,10,11,21878,0
17068,10,11,21508,560
17068,10,11,21138,770
17068,10,11,20768,1050
17068,10,11,20028,1330
17068,10,11,19658,1400
17068,10,11,18918,1470
24111,10,11,25967,0
24111,10,11,25597,560
24111,10,11,25227,770
24111,10,11,24857,1050
24111,10,11,24487,1330
21147,10,11,22259,0
21147,10,11,21889,420
21147,10,11,21519,630
21147,10,11,21149,910
21147,10,11,1,1190
25226,10,11,26710,0
25226,10,11,26340,560
25226,10,11,25970,770
25226,10,11,25600,1050
25226,10,11,25230,1260
21509,10,11,22630,0
21509,10,11,22260,490
21509,10,11,21890,770
21509,10,11,21520,980
21509,10,11,1,1260
18545,10,11,21142,0
18545,10,11,20772,560
18545,10,11,20032,840
18545,10,11,19662,910
18545,10,11,19292,980
18545,10,11,18552,1050
18545,10,11,1,1120
21518,10,11,23370,0
21518,10,11,23000,420
21518,10,11,22630,630
21518,10,11,22260,910
21518,10,11,21890,1120
21518,10,11,21520,1400
33390,10,11,35242,0
33390,10,11,34872,350
33390,10,11,34502,630
33390,10,11,34132,840
33390,10,11,33762,1120
33390,10,11,33392,1330
22624,10,11,24853,0
22624,10,11,24483,350
22624,10,11,24113,560
22624,10,11,23743,840
22624,10,11,23373,1120
22624,10,11,23003,1330
25597,10,11,27081,0
25597,10,11,26711,490
25597,10,11,26341,770
25597,10,11,25971,980
25597,10,11,25601,1260
22633,10,11,24853,0
22633,10,11,24483,420
22633,10,11,24113,700
22633,10,11,23743,980
22633,10,11,23373,1190
22633,10,11,23003,1470
33761,10,11,35613,0
33761,10,11,35243,350
33761,10,11,34873,630
33761,10,11,34503,840
33761,10,11,34133,1120
33761,10,11,33763,1330
27824,10,11,29307,0
27824,10,11,28937,560
27824,10,11,28567,840
27824,10,11,28197,1050
27824,10,11,27827,1330
20031,10,11,21516,0
20031,10,11,21146,560
20031,10,11,20776,770
20031,10,11,20406,1050
20031,10,11,1,1120
26708,10,11,28564,0
26708,10,11,28194,420
26708,10,11,27824,700
26708,10,11,27454,910
26708,10,11,27084,1190
26708,10,11,26714,1400
23744,10,11,25596,0
23744,10,11,25226,490
23744,10,11,24856,770
23744,10,11,24486,980
23744,10,11,24116,1260
32274,10,11,34129,0
32274,10,11,33759,350
32274,10,11,33389,630
32274,10,11,33019,910
32274,10,11,32649,1120
32274,10,11,32279,1400
21133,10,11,22259,0
21133,10,11,21889,560
21133,10,11,21519,840
21133,10,11,21149,1050
21133,10,11,1,1330
21142,10,11,22999,0
21142,10,11,22629,350
21142,10,11,22259,630
21142,10,11,21889,840
21142,10,11,21519,1120
21142,10,11,21149,1330
24115,10,11,25967,0
24115,10,11,25597,490
24115,10,11,25227,700
24115,10,11,24857,980
24115,10,11,24487,1260
24115,10,11,24117,1470
18178,10,11,21141,0
18178,10,11,20771,560
18178,10,11,20401,770
18178,10,11,20031,840
18178,10,11,19291,910
18178,10,11,18921,980
18178,10,11,18181,1050
18178,10,11,1,1120
28194,10,11,29678,0
28194,10,11,29308,350
28194,10,11,28938,630
28194,10,11,28568,840
28194,10,11,28198,1120
28194,10,11,1,1330
25230,10,11,27450,0
25230,10,11,27080,420
25230,10,11,26710,630
25230,10,11,26340,910
25230,10,11,25970,1190
25230,10,11,25600,1400
21504,10,11,23000,0
21504,10,11,22630,560
21504,10,11,22260,770
21504,10,11,21890,1050
21504,10,11,21520,1330
29306,10,11,30791,0
29306,10,11,30421,560
29306,10,11,30051,840
29306,10,11,29681,1050
29306,10,11,29311,1330
21513,10,11,23000,0
21513,10,11,22630,560
21513,10,11,22260,770
21513,10,11,21890,1050
21513,10,11,21520,1330
18549,10,11,21142,0
18549,10,11,20772,560
18549,10,11,20402,840
18549,10,11,19662,910
18549,10,11,19292,980
18549,10,11,18552,1050
18549,10,11,1,1120
30421,10,11,31904,0
30421,10,11,31534,560
30421,10,11,31164,770
30421,10,11,30794,1050
30421,10,11,30424,1330
22628,10,11,24483,0
22628,10,11,24113,560
22628,10,11,23743,840
22628,10,11,23373,1050
22628,10,11,23003,1330
30792,10,11,32275,0
30792,10,11,31905,560
30792,10,11,31535,770
30792,10,11,31165,1050
30792,10,11,30795,1330
20026,10,11,22256,0
20026,10,11,21886,490
20026,10,11,21516,770
20026,10,11,21146,980
20026,10,11,20776,1260
20026,10,11,20406,1470
34871,10,11,36726,0
34871,10,11,36356,490
34871,10,11,35986,700
34871,10,11,35616,980
34871,10,11,35246,1260
34871,10,11,34876,1470
19660,10,11,21515,0
19660,10,11,21145,490
19660,10,11,20775,770
19660,10,11,20405,980
19660,10,11,20035,1050
19660,10,11,1,1120
26712,10,11,28564,0
26712,10,11,28194,420
26712,10,11,27824,630
26712,10,11,27454,910
26712,10,11,27084,1190
26712,10,11,26714,1400
20775,10,11,21888,0
20775,10,11,21518,420
20775,10,11,21148,630
20775,10,11,20778,910
20775,10,11,1,1120
21137,10,11,22629,0
21137,10,11,22259,560
21137,10,11,21889,770
21137,10,11,21519,1050
21137,10,11,21149,1260
17067,10,11,21138,0
17067,10,11,20768,420
17067,10,11,20398,630
17067,10,11,20028,700
17067,10,11,19658,770
17067,10,11,18918,840
17067,10,11,18548,910
17067,10,11,17808,980
17067,10,11,17438,1050
17067,10,11,17068,1120
17067,10,11,1,1190
31903,10,11,33758,0
31903,10,11,33388,350
31903,10,11,33018,630
31903,10,11,32648,840
31903,10,11,32278,1120
31903,10,11,31908,1330
18173,10,11,21881,0
18173,10,11,21511,350
18173,10,11,21141,630
18173,10,11,20771,840
18173,10,11,20401,1120
18173,10,11,19661,1190
18173,10,11,19291,1260
18173,10,11,18551,1330
18173,10,11,18181,1400
18173,10,11,1,1470
21146,10,11,22259,0
21146,10,11,21889,420
21146,10,11,21519,630
21146,10,11,21149,910
21146,10,11,1,1190
33018,10,11,34871,0
33018,10,11,34501,420
33018,10,11,34131,630
33018,10,11,33761,910
33018,10,11,33391,1120
33018,10,11,33021,1400
25225,10,11,27080,0
25225,10,11,26710,490
25225,10,11,26340,700
25225,10,11,25970,980
25225,10,11,25600,1260
25225,10,11,25230,1470
21508,10,11,23000,0
21508,10,11,22630,350
21508,10,11,22260,560
21508,10,11,21890,840
21508,10,11,21520,1120
21508,10,11,1,1330
26337,10,11,28193,0
26337,10,11,27823,490
26337,10,11,27453,700
26337,10,11,27083,980
26337,10,11,26713,1190
26337,10,11,26343,1470
29310,10,11,30421,0
29310,10,11,30051,350
29310,10,11,29681,630
29310,10,11,29311,840
29310,10,11,1,1120
18544,10,11,21882,0
18544,10,11,21512,420
18544,10,11,21142,630
18544,10,11,20772,910
18544,10,11,20032,1190
18544,10,11,19662,1260
18544,10,11,18922,1330
18544,10,11,18552,1400
18544,10,11,1,1470
33389,10,11,35242,0
33389,10,11,34872,420
33389,10,11,34502,630
33389,10,11,34132,910
33389,10,11,33762,1190
33389,10,11,33392,1400
22257,10,11,24112,0
22257,10,11,23742,350
22257,10,11,23372,560
22257,10,11,23002,840
22257,10,11,22632,1120
22257,10,11,22262,1330
27823,10,11,29307,0
27823,10,11,28937,350
27823,10,11,28567,630
27823,10,11,28197,910
27823,10,11,27827,1120
27823,10,11,1,1400
19655,10,11,22255,0
19655,10,11,21885,420
19655,10,11,21515,700
19655,10,11,21145,980
19655,10,11,20775,1190
19655,10,11,20035,1470
19664,10,11,21515,0
19664,10,11,21145,490
19664,10,11,20775,770
19664,10,11,20035,1050
19664,10,11,19665,1120
19664,10,11,1,1190
20770,10,11,22258,0
20770,10,11,21888,490
20770,10,11,21518,700
20770,10,11,21148,980
20770,10,11,20778,1260
20770,10,11,1,1470
23743,10,11,25966,0
23743,10,11,25596,350
23743,10,11,25226,630
23743,10,11,24856,840
23743,10,11,24486,1120
23743,10,11,24116,1330
31907,10,11,33018,0
31907,10,11,32648,350
31907,10,11,32278,630
31907,10,11,31908,910
31907,10,11,1,1120
21141,10,11,22629,0
21141,10,11,22259,420
21141,10,11,21889,700
21141,10,11,21519,910
21141,10,11,21149,1190
21141,10,11,1,1470
18177,10,11,21141,0
18177,10,11,20771,490
18177,10,11,20401,770
18177,10,11,19661,840
18177,10,11,19291,910
18177,10,11,18921,980
18177,10,11,18181,1050
18177,10,11,1,1120
29305,10,11,30791,0
29305,10,11,30421,560
29305,10,11,30051,840
29305,10,11,29681,1050
29305,10,11,29311,1330
26341,10,11,28193,0
26341,10,11,27823,420
26341,10,11,27453,700
26341,10,11,27083,910
26341,10,11,26713,1190
26341,10,11,26343,1400
30420,10,11,31904,0
30420,10,11,31534,350
30420,10,11,31164,630
30420,10,11,30794,840
30420,10,11,30424,1120
30420,10,11,1,1330
15584,10,11,21874,0
15584,10,11,21504,420
15584,10,11,21134,700
15584,10,11,20764,910
15584,10,11,20024,1190
15584,10,11,19654,1260
15584,10,11,19284,1330
15584,10,11,18544,1400
15584,10,11,18174,1470
22252,10,11,24482,0
22252,10,11,24112,350
22252,10,11,23742,560
22252,10,11,23372,840
22252,10,11,23002,1120
22252,10,11,22632,1330
22261,10,11,23372,0
22261,10,11,23002,560
22261,10,11,22632,770
22261,10,11,22262,1050
22261,10,11,1,1260
27827,10,11,29677,0
27827,10,11,29307,560
27827,10,11,28937,840
27827,10,11,28567,1050
27827,10,11,28197,1330
19659,10,11,21515,0
19659,10,11,21145,490
19659,10,11,20775,770
19659,10,11,20405,980
19659,10,11,20035,1050
19659,10,11,1,1120
20765,10,11,22258,0
20765,10,11,21888,420
20765,10,11,21518,700
20765,10,11,21148,910
20765,10,11,20778,1190
20765,10,11,1,1400
16695,10,11,21137,0
16695,10,11,20767,350
16695,10,11,20027,630
16695,10,11,19657,700
16695,10,11,18917,770
16695,10,11,18547,840
16695,10,11,18177,910
16695,10,11,17437,980
16695,10,11,17067,1050
16695,10,11,1,1120
20774,10,11,21888,0
20774,10,11,21518,350
20774,10,11,21148,630
20774,10,11,20778,910
20774,10,11,1,1120
24859,10,11,27079,0
24859,10,11,26709,420
24859,10,11,26339,630
24859,10,11,25969,910
24859,10,11,25599,1190
24859,10,11,25229,1400
17066,10,11,21138,0
17066,10,11,20768,420
17066,10,11,20398,630
17066,10,11,20028,700
17066,10,11,19288,770
17066,10,11,18918,840
17066,10,11,18548,910
17066,10,11,17808,980
17066,10,11,17438,1050
17066,10,11,1,1120
21136,10,11,22629,0
21136,10,11,22259,350
21136,10,11,21889,630
21136,10,11,21519,840
21136,10,11,21149,1120
21136,10,11,1,1330
28938,10,11,30420,0
28938,10,11,30050,560
28938,10,11,29680,770
28938,10,11,29310,1050
28938,10,11,28940,1260
18181,10,11,22251,0
18181,10,11,21881,420
18181,10,11,21511,700
18181,10,11,21141,980
18181,10,11,20771,1190
18181,10,11,20031,1470
33017,10,11,34501,0
33017,10,11,34131,490
33017,10,11,33761,700
33017,10,11,33391,980
33017,10,11,33021,1260
33017,10,11,1,1470
29309,10,11,30791,0
29309,10,11,30421,560
29309,10,11,30051,770
29309,10,11,29681,1050
29309,10,11,29311,1260
23372,10,11,25595,0
23372,10,11,25225,350
23372,10,11,24855,560
23372,10,11,24485,840
23372,10,11,24115,1120
23372,10,11,23745,1330
33388,10,11,34872,0
33388,10,11,34502,490
33388,10,11,34132,770
33388,10,11,33762,980
33388,10,11,33392,1260
33388,10,11,1,1470
30424,10,11,32274,0
30424,10,11,31904,560
30424,10,11,31534,770
30424,10,11,31164,1050
30424,10,11,30794,1260
19283,10,11,22254,0
19283,10,11,21884,350
19283,10,11,21514,630
19283,10,11,21144,910
19283,10,11,20774,1120
19283,10,11,20034,1400
19283,10,11,19664,1470
22256,10,11,24112,0
22256,10,11,23742,560
22256,10,11,23372,840
22256,10,11,23002,1050
22256,10,11,22632,1330
19292,10,11,21514,0
19292,10,11,21144,420
19292,10,11,20774,700
19292,10,11,20034,980
19292,10,11,19664,1050
19292,10,11,1,1120
27822,10,11,29677,0
27822,10,11,29307,350
27822,10,11,28937,630
27822,10,11,28567,840
27822,10,11,28197,1120
27822,10,11,27827,1330
19654,10,11,22255,0
19654,10,11,21885,420
19654,10,11,21515,700
19654,10,11,21145,980
19654,10,11,20775,1190
19654,10,11,20035,1470
27456,10,11,29676,0
27456,10,11,29306,350
27456,10,11,28936,560
27456,10,11,28566,840
27456,10,11,28196,1120
27456,10,11,27826,1330
19663,10,11,21515,0
19663,10,11,21145,490
19663,10,11,20775,770
19663,10,11,20035,1050
19663,10,11,19665,1120
19663,10,11,1,1190
20769,10,11,22258,0
20769,10,11,21888,490
20769,10,11,21518,700
20769,10,11,21148,980
20769,10,11,20778,1260
20769,10,11,1,1470
31535,10,11,33017,0
31535,10,11,32647,560
31535,10,11,32277,840
31535,10,11,31907,1050
31535,10,11,31537,1330
23742,10,11,25596,0
23742,10,11,25226,420
23742,10,11,24856,630
23742,10,11,24486,910
23742,10,11,24116,1120
23742,10,11,23746,1400
20778,10,11,22628,0
20778,10,11,22258,560
20778,10,11,21888,770
20778,10,11,21518,1050
20778,10,11,21148,1330
24854,10,11,26709,0
24854,10,11,26339,490
24854,10,11,25969,770
24854,10,11,25599,980
24854,10,11,25229,1260
24854,10,11,24859,1470
21890,10,11,23001,0
21890,10,11,22631,420
21890,10,11,22261,700
21890,10,11,21891,910
21890,10,11,1,1190
31906,10,11,33388,0
31906,10,11,33018,560
31906,10,11,32648,840
31906,10,11,32278,1050
31906,10,11,31908,1330
25969,10,11,27822,0
25969,10,11,27452,490
25969,10,11,27082,700
25969,10,11,26712,980
25969,10,11,26342,1190
25969,10,11,25972,1470
18176,10,11,21141,0
18176,10,11,20771,490
18176,10,11,20401,770
18176,10,11,19661,840
18176,10,11,19291,910
18176,10,11,18921,980
18176,10,11,18181,1050
18176,10,11,1,1120
33021,10,11,34871,0
33021,10,11,34501,560
33021,10,11,34131,770
33021,10,11,33761,1050
33021,10,11,33391,1330
17810,10,11,22250,0
17810,10,11,21880,420
17810,10,11,21510,630
17810,10,11,21140,910
17810,10,11,20770,1120
17810,10,11,20400,1400
17810,10,11,19660,1470
34133,10,11,35244,0
34133,10,11,34874,420
34133,10,11,34504,700
34133,10,11,34134,910
34133,10,11,1,1190
26340,10,11,28193,0
26340,10,11,27823,490
26340,10,11,27453,700
26340,10,11,27083,980
26340,10,11,26713,1190
26340,10,11,26343,1470
30419,10,11,31904,0
30419,10,11,31534,560
30419,10,11,31164,840
30419,10,11,30794,1050
30419,10,11,30424,1330
22251,10,11,24482,0
22251,10,11,24112,350
22251,10,11,23742,560
22251,10,11,23372,840
22251,10,11,23002,1120
22251,10,11,22632,1330
30053,10,11,31903,0
30053,10,11,31533,560
30053,10,11,31163,770
30053,10,11,30793,1050
30053,10,11,30423,1260
19287,10,11,21514,0
19287,10,11,21144,420
19287,10,11,20774,700
19287,10,11,20404,910
19287,10,11,20034,980
19287,10,11,19294,1050
19287,10,11,1,1120
22260,10,11,24112,0
22260,10,11,23742,490
22260,10,11,23372,770
22260,10,11,23002,980
22260,10,11,22632,1260
22260,10,11,22262,1470
27451,10,11,29306,0
27451,10,11,28936,350
27451,10,11,28566,630
27451,10,11,28196,840
27451,10,11,27826,1120
27451,10,11,27456,1330
19658,10,11,21515,0
19658,10,11,21145,490
19658,10,11,20775,770
19658,10,11,20405,980
19658,10,11,20035,1050
19658,10,11,1,1120
24487,10,11,25598,0
24487,10,11,25228,490
24487,10,11,24858,770
24487,10,11,24488,1050
24487,10,11,1,1260
20764,10,11,22258,0
20764,10,11,21888,490
20764,10,11,21518,770
20764,10,11,21148,980
20764,10,11,20778,1260
34503,10,11,36355,0
34503,10,11,35985,350
34503,10,11,35615,630
34503,10,11,35245,840
34503,10,11,34875,1120
34503,10,11,34505,1400
20773,10,11,21888,0
20773,10,11,21518,420
20773,10,11,21148,630
20773,10,11,20778,910
20773,10,11,1,1120
20407,10,11,22627,0
20407,10,11,22257,490
20407,10,11,21887,770
20407,10,11,21517,980
20407,10,11,21147,1260
21885,10,11,23371,0
21885,10,11,23001,350
21885,10,11,22631,630
21885,10,11,22261,840
21885,10,11,21891,1120
21885,10,11,1,1400
24858,10,11,25969,0
24858,10,11,25599,490
24858,10,11,25229,770
24858,10,11,24859,980
24858,10,11,1,1260
28937,10,11,30420,0
28937,10,11,30050,560
28937,10,11,29680,770
28937,10,11,29310,1050
28937,10,11,28940,1260
33016,10,11,34871,0
33016,10,11,34501,420
33016,10,11,34131,700
33016,10,11,33761,910
33016,10,11,33391,1190
33016,10,11,33021,1470
17805,10,11,21140,0
17805,10,11,20770,490
17805,10,11,20400,700
17805,10,11,20030,770
17805,10,11,19290,840
17805,10,11,18920,910
17805,10,11,18550,980
17805,10,11,17810,1050
17805,10,11,1,1120
23371,10,11,25225,0
23371,10,11,24855,420
23371,10,11,24485,630
23371,10,11,24115,910
23371,10,11,23745,1120
23371,10,11,23375,1400
30048,10,11,31533,0
30048,10,11,31163,560
30048,10,11,30793,840
30048,10,11,30423,1050
30048,10,11,30053,1330
22255,10,11,24112,0
22255,10,11,23742,560
22255,10,11,23372,840
22255,10,11,23002,1050
22255,10,11,22632,1330
19291,10,11,21514,0
19291,10,11,21144,420
19291,10,11,20774,700
19291,10,11,20404,910
19291,10,11,20034,980
19291,10,11,19294,1050
19291,10,11,1,1120
24482,10,11,26338,0
24482,10,11,25968,560
24482,10,11,25598,840
24482,10,11,25228,1050
24482,10,11,24858,1330
27455,10,11,28566,0
27455,10,11,28196,420
27455,10,11,27826,630
27455,10,11,27456,910
27455,10,11,1,1190
31534,10,11,33017,0
31534,10,11,32647,560
31534,10,11,32277,840
31534,10,11,31907,1050
31534,10,11,31537,1330
20402,10,11,21887,0
20402,10,11,21517,350
20402,10,11,21147,630
20402,10,11,20777,840
20402,10,11,1,1120
21880,10,11,23371,0
21880,10,11,23001,490
21880,10,11,22631,770
21880,10,11,22261,1050
21880,10,11,21891,1260
24853,10,11,26709,0
24853,10,11,26339,490
24853,10,11,25969,770
24853,10,11,25599,1050
24853,10,11,25229,1260
21889,10,11,23741,0
21889,10,11,23371,420
21889,10,11,23001,630
21889,10,11,22631,910
21889,10,11,22261,1120
21889,10,11,21891,1400
25968,10,11,27452,0
25968,10,11,27082,490
25968,10,11,26712,770
25968,10,11,26342,980
25968,10,11,25972,1260
25968,10,11,1,1470
17809,10,11,21140,0
17809,10,11,20770,490
17809,10,11,20400,770
17809,10,11,19660,840
17809,10,11,19290,910
17809,10,11,18550,980
17809,10,11,18180,1050
17809,10,11,17810,1120
17809,10,11,1,1190
34132,10,11,35984,0
34132,10,11,35614,350
34132,10,11,35244,630
34132,10,11,34874,840
34132,10,11,34504,1120
34132,10,11,34134,1400
23375,10,11,25595,0
23375,10,11,25225,420
23375,10,11,24855,700
23375,10,11,24485,980
23375,10,11,24115,1190
23375,10,11,23745,1470
22250,10,11,24482,0
22250,10,11,24112,350
22250,10,11,23742,560
22250,10,11,23372,840
22250,10,11,23002,1120
22250,10,11,22632,1330
27079,10,11,28935,0
27079,10,11,28565,420
27079,10,11,28195,700
27079,10,11,27825,910
27079,10,11,27455,1190
27079,10,11,27085,1470
19286,10,11,21884,0
19286,10,11,21514,490
19286,10,11,21144,770
19286,10,11,20774,980
19286,10,11,20404,1260
19286,10,11,19664,1330
19286,10,11,19294,1400
19286,10,11,1,1470
30052,10,11,31163,0
30052,10,11,30793,350
30052,10,11,30423,630
30052,10,11,30053,840
30052,10,11,1,1120
27450,10,11,29306,0
27450,10,11,28936,350
27450,10,11,28566,630
27450,10,11,28196,840
27450,10,11,27826,1120
27450,10,11,27456,1400
24486,10,11,26338,0
24486,10,11,25968,490
24486,10,11,25598,770
24486,10,11,25228,980
24486,10,11,24858,1260
24486,10,11,24488,1470
20397,10,11,22257,0
20397,10,11,21887,560
20397,10,11,21517,840
20397,10,11,21147,1050
20397,10,11,20777,1330
21875,10,11,23371,0
21875,10,11,23001,560
21875,10,11,22631,770
21875,10,11,22261,1050
21875,10,11,21891,1330
20406,10,11,21887,0
20406,10,11,21517,350
20406,10,11,21147,630
20406,10,11,20777,910
20406,10,11,20407,1120
20406,10,11,1,1190
32650,10,11,34500,0
32650,10,11,34130,560
32650,10,11,33760,770
32650,10,11,33390,1050
32650,10,11,33020,1330
21884,10,11,23001,0
21884,10,11,22631,490
21884,10,11,22261,770
21884,10,11,21891,980
21884,10,11,1,1260
24857,10,11,26709,0
24857,10,11,26339,490
24857,10,11,25969,700
24857,10,11,25599,980
24857,10,11,25229,1190
24857,10,11,24859,1470
25972,10,11,28192,0
25972,10,11,27822,420
25972,10,11,27452,700
25972,10,11,27082,910
25972,10,11,26712,1190
25972,10,11,26342,1400
29676,10,11,31532,0
29676,10,11,31162,350
29676,10,11,30792,560
29676,10,11,30422,840
29676,10,11,30052,1120
29676,10,11,29682,1330
23004,10,11,25224,0
23004,10,11,24854,490
23004,10,11,24484,700
23004,10,11,24114,980
23004,10,11,23744,1190
23004,10,11,23374,1470
27083,10,11,28935,0
27083,10,11,28565,420
27083,10,11,28195,630
27083,10,11,27825,910
27083,10,11,27455,1190
27083,10,11,27085,1400
16326,10,11,21876,0
16326,10,11,21506,420
16326,10,11,21136,700
16326,10,11,20766,980
16326,10,11,20396,1190
16326,10,11,20026,1260
16326,10,11,19286,1330
16326,10,11,18916,1400
16326,10,11,18176,1470
18915,10,11,21883,0
18915,10,11,21513,490
18915,10,11,21143,700
18915,10,11,20773,980
18915,10,11,20403,1190
18915,10,11,20033,1260
18915,10,11,19293,1330
18915,10,11,18923,1400
18915,10,11,1,1470
27454,10,11,29306,0
27454,10,11,28936,350
27454,10,11,28566,630
27454,10,11,28196,840
27454,10,11,27826,1120
27454,10,11,27456,1330
20401,10,11,21887,0
20401,10,11,21517,350
20401,10,11,21147,630
20401,10,11,20777,840
20401,10,11,1,1120
21879,10,11,23371,0
21879,10,11,23001,560
21879,10,11,22631,770
21879,10,11,22261,1050
21879,10,11,21891,1260
17437,10,11,21139,0
17437,10,11,20769,420
17437,10,11,20399,700
17437,10,11,19659,770
17437,10,11,19289,840
17437,10,11,18919,910
17437,10,11,18179,980
17437,10,11,17809,1050
17437,10,11,1,1120
32645,10,11,34500,0
32645,10,11,34130,350
32645,10,11,33760,630
32645,10,11,33390,910
32645,10,11,33020,1120
32645,10,11,32650,1400
21888,10,11,23371,0
21888,10,11,23001,560
21888,10,11,22631,770
21888,10,11,22261,1050
21888,10,11,21891,1260
28565,10,11,30049,0
28565,10,11,29679,350
28565,10,11,29309,630
28565,10,11,28939,840
28565,10,11,28569,1120
28565,10,11,1,1330
25601,10,11,27821,0
25601,10,11,27451,420
25601,10,11,27081,630
25601,10,11,26711,910
25601,10,11,26341,1190
25601,10,11,25971,1400
17808,10,11,21140,0
17808,10,11,20770,490
17808,10,11,20030,770
17808,10,11,19660,840
17808,10,11,19290,910
17808,10,11,18550,980
17808,10,11,18180,1050
17808,10,11,1,1120
29680,10,11,31162,0
29680,10,11,30792,560
29680,10,11,30422,770
29680,10,11,30052,1050
29680,10,11,29682,1330
34131,10,11,35984,0
34131,10,11,35614,420
34131,10,11,35244,700
34131,10,11,34874,910
34131,10,11,34504,1190
34131,10,11,34134,1400
22999,10,11,25224,0
22999,10,11,24854,350
22999,10,11,24484,560
22999,10,11,24114,840
22999,10,11,23744,1120
22999,10,11,23374,1330
20035,10,11,21516,0
20035,10,11,21146,560
20035,10,11,20776,840
20035,10,11,20406,1050
20035,10,11,20036,1120
20035,10,11,1,1190
30051,10,11,31533,0
30051,10,11,31163,560
30051,10,11,30793,840
30051,10,11,30423,1050
30051,10,11,30053,1330
18919,10,11,21513,0
18919,10,11,21143,350
18919,10,11,20773,630
18919,10,11,20403,840
18919,10,11,20033,910
18919,10,11,19663,980
18919,10,11,18923,1050
18919,10,11,1,1120
31163,10,11,33016,0
31163,10,11,32646,350
31163,10,11,32276,560
31163,10,11,31906,840
31163,10,11,31536,1120
31163,10,11,31166,1330
15955,10,11,21875,0
15955,10,11,21505,490
15955,10,11,21135,700
15955,10,11,20765,980
15955,10,11,20395,1190
15955,10,11,20025,1260
15955,10,11,19655,1330
15955,10,11,18915,1400
15955,10,11,18545,1470
35242,10,11,37097,0
35242,10,11,36727,490
35242,10,11,36357,700
35242,10,11,35987,980
35242,10,11,35617,1260
35242,10,11,35247,1470
32278,10,11,33389,0
32278,10,11,33019,420
32278,10,11,32649,630
32278,10,11,32279,910
32278,10,11,1,1120
24485,10,11,26338,0
24485,10,11,25968,560
24485,10,11,25598,770
24485,10,11,25228,1050
24485,10,11,24858,1330
20396,10,11,22257,0
20396,10,11,21887,560
20396,10,11,21517,840
20396,10,11,21147,1050
20396,10,11,20777,1330
28198,10,11,30048,0
28198,10,11,29678,490
28198,10,11,29308,770
28198,10,11,28938,1050
28198,10,11,28568,1260
21874,10,11,23371,0
21874,10,11,23001,560
21874,10,11,22631,770
21874,10,11,22261,1050
21874,10,11,21891,1260
20405,10,11,21887,0
20405,10,11,21517,350
20405,10,11,21147,630
20405,10,11,20777,910
20405,10,11,20407,1120
20405,10,11,1,1190
32649,10,11,33760,0
32649,10,11,33390,420
32649,10,11,33020,630
32649,10,11,32650,910
32649,10,11,1,1120
21517,10,11,23370,0
21517,10,11,23000,420
21517,10,11,22630,630
21517,10,11,22260,910
21517,10,11,21890,1120
21517,10,11,21520,1400
25596,10,11,27451,0
25596,10,11,27081,420
25596,10,11,26711,700
25596,10,11,26341,910
25596,10,11,25971,1190
25596,10,11,25601,1470
28569,10,11,30419,0
28569,10,11,30049,490
28569,10,11,29679,770
28569,10,11,29309,1050
28569,10,11,28939,1260
22632,10,11,23743,0
22632,10,11,23373,560
22632,10,11,23003,770
22632,10,11,22633,1050
22632,10,11,1,1260
33760,10,11,35613,0
33760,10,11,35243,420
33760,10,11,34873,630
33760,10,11,34503,910
33760,10,11,34133,1190
33760,10,11,33763,1400
20030,10,11,21516,0
20030,10,11,21146,560
20030,10,11,20776,770
20030,10,11,20406,1050
20030,10,11,1,1120
23003,10,11,24114,0
23003,10,11,23744,560
23003,10,11,23374,770
23003,10,11,23004,1050
23003,10,11,1,1330
27082,10,11,28935,0
27082,10,11,28565,420
27082,10,11,28195,630
27082,10,11,27825,910
27082,10,11,27455,1120
27082,10,11,27085,1400
18914,10,11,21883,0
18914,10,11,21513,490
18914,10,11,21143,700
18914,10,11,20773,980
18914,10,11,20403,1190
18914,10,11,20033,1260
18914,10,11,19293,1330
18914,10,11,18923,1400
18914,10,11,1,1470
18923,10,11,22253,0
18923,10,11,21883,560
18923,10,11,21513,770
18923,10,11,21143,1050
18923,10,11,20773,1330
24114,10,11,25967,0
24114,10,11,25597,560
24114,10,11,25227,770
24114,10,11,24857,1050
24114,10,11,24487,1260
28193,10,11,29678,0
28193,10,11,29308,560
28193,10,11,28938,840
28193,10,11,28568,1050
28193,10,11,28198,1330
20400,10,11,21887,0
20400,10,11,21517,350
20400,10,11,21147,630
20400,10,11,20777,840
20400,10,11,1,1120
25229,10,11,26340,0
25229,10,11,25970,490
25229,10,11,25600,700
25229,10,11,25230,980
25229,10,11,1,1190
21503,10,11,23000,0
21503,10,11,22630,560
21503,10,11,22260,770
21503,10,11,21890,1050
21503,10,11,21520,1260
21512,10,11,23000,0
21512,10,11,22630,560
21512,10,11,22260,840
21512,10,11,21890,1050
21512,10,11,21520,1330
18548,10,11,21142,0
18548,10,11,20772,560
18548,10,11,20032,840
18548,10,11,19662,910
18548,10,11,19292,980
18548,10,11,18552,1050
18548,10,11,1,1120
28564,10,11,30049,0
28564,10,11,29679,560
28564,10,11,29309,840
28564,10,11,28939,1050
28564,10,11,28569,1330
22627,10,11,24853,0
22627,10,11,24483,350
22627,10,11,24113,560
22627,10,11,23743,840
22627,10,11,23373,1120
22627,10,11,23003,1330
25600,10,11,26711,0
25600,10,11,26341,490
25600,10,11,25971,700
25600,10,11,25601,980
25600,10,11,1,1190
29679,10,11,31162,0
29679,10,11,30792,560
29679,10,11,30422,770
29679,10,11,30052,1050
29679,10,11,29682,1330
20025,10,11,22256,0
20025,10,11,21886,490
20025,10,11,21516,770
20025,10,11,21146,980
20025,10,11,20776,1260
20025,10,11,20406,1470
30791,10,11,32275,0
30791,10,11,31905,350
30791,10,11,31535,630
30791,10,11,31165,840
30791,10,11,30795,1120
30791,10,11,1,1330
20034,10,11,21516,0
20034,10,11,21146,560
20034,10,11,20776,840
20034,10,11,20406,1050
20034,10,11,20036,1120
20034,10,11,1,1190
26711,10,11,28564,0
26711,10,11,28194,420
26711,10,11,27824,630
26711,10,11,27454,910
26711,10,11,27084,1120
26711,10,11,26714,1400
18918,10,11,21513,0
18918,10,11,21143,350
18918,10,11,20773,630
18918,10,11,20403,840
18918,10,11,20033,910
18918,10,11,19663,980
18918,10,11,18923,1050
18918,10,11,1,1120
31162,10,11,32646,0
31162,10,11,32276,420
31162,10,11,31906,630
31162,10,11,31536,910
31162,10,11,31166,1120
31162,10,11,1,1400
15954,10,11,20765,0
15954,10,11,20395,560
15954,10,11,20025,630
15954,10,11,19285,700
15954,10,11,18915,770
15954,10,11,18545,840
15954,10,11,17805,910
15954,10,11,17435,980
15954,10,11,16695,1050
15954,10,11,16325,1120
15954,10,11,15955,1190
15954,10,11,1,1260
32277,10,11,34129,0
32277,10,11,33759,350
32277,10,11,33389,560
32277,10,11,33019,840
32277,10,11,32649,1120
32277,10,11,32279,1330
21145,10,11,22629,0
21145,10,11,22259,490
21145,10,11,21889,770
21145,10,11,21519,980
21145,10,11,21149,1260
21145,10,11,1,1470
25224,10,11,27080,0
25224,10,11,26710,490
25224,10,11,26340,770
25224,10,11,25970,980
25224,10,11,25600,1260
25224,10,11,25230,1470
28197,10,11,29308,0
28197,10,11,28938,350
28197,10,11,28568,630
28197,10,11,28198,840
28197,10,11,1,1120
21507,10,11,22630,0
21507,10,11,22260,560
21507,10,11,21890,840
21507,10,11,21520,1050
21507,10,11,1,1330
21516,10,11,23000,0
21516,10,11,22630,490
21516,10,11,22260,700
21516,10,11,21890,980
21516,10,11,21520,1190
21516,10,11,1,1470
18552,10,11,22252,0
18552,10,11,21882,490
18552,10,11,21512,770
18552,10,11,21142,980
18552,10,11,20772,1260
18552,10,11,20402,1470
25595,10,11,27451,0
25595,10,11,27081,490
25595,10,11,26711,700
25595,10,11,26341,980
25595,10,11,25971,1190
25595,10,11,25601,1470
22631,10,11,24483,0
22631,10,11,24113,490
22631,10,11,23743,770
22631,10,11,23373,980
22631,10,11,23003,1260
22631,10,11,22633,1470
33759,10,11,35243,0
33759,10,11,34873,490
33759,10,11,34503,770
33759,10,11,34133,980
33759,10,11,33763,1260
33759,10,11,1,1470
20029,10,11,21516,0
20029,10,11,21146,560
20029,10,11,20776,770
20029,10,11,20406,1050
20029,10,11,1,1120
30795,10,11,32645,0
30795,10,11,32275,560
30795,10,11,31905,770
30795,10,11,31535,1050
30795,10,11,31165,1260
18913,10,11,22253,0
18913,10,11,21883,350
18913,10,11,21513,560
18913,10,11,21143,840
18913,10,11,20773,1120
18913,10,11,20403,1330
18913,10,11,20033,1400
18913,10,11,19293,1470
31166,10,11,33016,0
31166,10,11,32646,560
31166,10,11,32276,840
31166,10,11,31906,1050
31166,10,11,31536,1330
21140,10,11,22629,0
21140,10,11,22259,420
21140,10,11,21889,700
21140,10,11,21519,910
21140,10,11,21149,1190
21140,10,11,1,1470
24113,10,11,25967,0
24113,10,11,25597,350
24113,10,11,25227,560
24113,10,11,24857,840
24113,10,11,24487,1120
24113,10,11,24117,1330
21149,10,11,22999,0
21149,10,11,22629,560
21149,10,11,22259,840
21149,10,11,21889,1050
21149,10,11,21519,1330
28192,10,11,29678,0
28192,10,11,29308,560
28192,10,11,28938,840
28192,10,11,28568,1050
28192,10,11,28198,1330
25228,10,11,27080,0
25228,10,11,26710,420
25228,10,11,26340,700
25228,10,11,25970,910
25228,10,11,25600,1190
25228,10,11,25230,1470
21511,10,11,23000,0
21511,10,11,22630,350
21511,10,11,22260,630
21511,10,11,21890,910
21511,10,11,21520,1120
21511,10,11,1,1400
18547,10,11,21142,0
18547,10,11,20772,560
18547,10,11,20032,840
18547,10,11,19662,910
18547,10,11,19292,980
18547,10,11,18552,1050
18547,10,11,1,1120
21520,10,11,23740,0
21520,10,11,23370,350
21520,10,11,23000,630
21520,10,11,22630,840
21520,10,11,22260,1120
21520,10,11,21890,1330
22626,10,11,24853,0
22626,10,11,24483,350
22626,10,11,24113,560
22626,10,11,23743,840
22626,10,11,23373,1120
22626,10,11,23003,1330
33392,10,11,35242,0
33392,10,11,34872,560
33392,10,11,34502,840
33392,10,11,34132,1050
33392,10,11,33762,1330
20024,10,11,21886,0
20024,10,11,21516,560
20024,10,11,21146,840
20024,10,11,20776,1050
20024,10,11,20406,1330
20024,10,11,1,1400
30790,10,11,32275,0
30790,10,11,31905,560
30790,10,11,31535,840
30790,10,11,31165,1050
30790,10,11,30795,1330
33763,10,11,35613,0
33763,10,11,35243,560
33763,10,11,34873,840
33763,10,11,34503,1050
33763,10,11,34133,1330
27826,10,11,28937,0
27826,10,11,28567,420
27826,10,11,28197,630
27826,10,11,27827,910
27826,10,11,1,1120
26710,10,11,28194,0
26710,10,11,27824,420
26710,10,11,27454,700
26710,10,11,27084,910
26710,10,11,26714,1190
26710,10,11,1,1470
23746,10,11,25966,0
23746,10,11,25596,420
23746,10,11,25226,700
23746,10,11,24856,980
23746,10,11,24486,1190
23746,10,11,24116,1470
31161,10,11,33016,0
31161,10,11,32646,350
31161,10,11,32276,630
31161,10,11,31906,840
31161,10,11,31536,1120
31161,10,11,31166,1330
32276,10,11,34129,0
32276,10,11,33759,350
32276,10,11,33389,560
32276,10,11,33019,840
32276,10,11,32649,1120
32276,10,11,32279,1330
21135,10,11,22629,0
21135,10,11,22259,350
21135,10,11,21889,630
21135,10,11,21519,840
21135,10,11,21149,1120
21135,10,11,1,1330
21144,10,11,22629,0
21144,10,11,22259,490
21144,10,11,21889,770
21144,10,11,21519,980
21144,10,11,21149,1260
21144,10,11,1,1470
24117,10,11,26337,0
24117,10,11,25967,420
24117,10,11,25597,700
24117,10,11,25227,910
24117,10,11,24857,1190
24117,10,11,24487,1400
18180,10,11,21141,0
18180,10,11,20771,560
18180,10,11,20031,840
18180,10,11,19661,910
18180,10,11,18921,980
18180,10,11,18551,1050
18180,10,11,18181,1120
18180,10,11,1,1190
28196,10,11,29678,0
28196,10,11,29308,560
28196,10,11,28938,770
28196,10,11,28568,1050
28196,10,11,28198,1330
21506,10,11,23000,0
21506,10,11,22630,560
21506,10,11,22260,770
21506,10,11,21890,1050
21506,10,11,21520,1260
29308,10,11,30791,0
29308,10,11,30421,560
29308,10,11,30051,770
29308,10,11,29681,1050
29308,10,11,29311,1260
21515,10,11,23000,0
21515,10,11,22630,490
21515,10,11,22260,700
21515,10,11,21890,980
21515,10,11,21520,1190
21515,10,11,1,1470
18551,10,11,21512,0
18551,10,11,21142,350
18551,10,11,20772,630
18551,10,11,20402,840
18551,10,11,20032,910
18551,10,11,19292,980
18551,10,11,18922,1050
18551,10,11,18552,1120
18551,10,11,1,1190
33387,10,11,35242,0
33387,10,11,34872,420
33387,10,11,34502,700
33387,10,11,34132,980
33387,10,11,33762,1190
33387,10,11,33392,1470
30423,10,11,31534,0
30423,10,11,31164,350
30423,10,11,30794,630
30423,10,11,30424,840
30423,10,11,1,1120
22630,10,11,24483,0
22630,10,11,24113,560
22630,10,11,23743,840
22630,10,11,23373,1050
22630,10,11,23003,1330
33758,10,11,35613,0
33758,10,11,35243,420
33758,10,11,34873,700
33758,10,11,34503,980
33758,10,11,34133,1190
33758,10,11,33763,1470
27821,10,11,29677,0
27821,10,11,29307,350
27821,10,11,28937,630
27821,10,11,28567,840
27821,10,11,28197,1120
27821,10,11,27827,1400
30794,10,11,31905,0
30794,10,11,31535,350
30794,10,11,31165,630
30794,10,11,30795,840
30794,10,11,1,1120
19653,10,11,21885,0
19653,10,11,21515,560
19653,10,11,21145,770
19653,10,11,20775,1050
19653,10,11,20405,1260
19653,10,11,20035,1330
19653,10,11,1,1400
34873,10,11,36726,0
34873,10,11,36356,420
34873,10,11,35986,700
34873,10,11,35616,910
34873,10,11,35246,1190
34873,10,11,34876,1400
19662,10,11,21515,0
19662,10,11,21145,490
19662,10,11,20775,770
19662,10,11,20405,980
19662,10,11,20035,1050
19662,10,11,1,1120
20768,10,11,22628,0
20768,10,11,22258,350
20768,10,11,21888,630
20768,10,11,21518,840
20768,10,11,21148,1120
20768,10,11,20778,1330
23741,10,11,25966,0
23741,10,11,25596,350
23741,10,11,25226,560
23741,10,11,24856,840
23741,10,11,24486,1120
23741,10,11,24116,1330
26714,10,11,28934,0
26714,10,11,28564,420
26714,10,11,28194,630
26714,10,11,27824,910
26714,10,11,27454,1120
26714,10,11,27084,1400
20777,10,11,21888,0
20777,10,11,21518,420
20777,10,11,21148,630
20777,10,11,20778,910
20777,10,11,1,1190
21139,10,11,22629,0
21139,10,11,22259,490
21139,10,11,21889,770
21139,10,11,21519,1050
21139,10,11,21149,1260
31905,10,11,33388,0
31905,10,11,33018,560
31905,10,11,32648,840
31905,10,11,32278,1050
31905,10,11,31908,1330
24112,10,11,25967,0
24112,10,11,25597,560
24112,10,11,25227,770
24112,10,11,24857,1050
24112,10,11,24487,1260
21148,10,11,22259,0
21148,10,11,21889,420
21148,10,11,21519,630
21148,10,11,21149,910
21148,10,11,1,1190
33020,10,11,34131,0
33020,10,11,33761,420
33020,10,11,33391,630
33020,10,11,33021,910
33020,10,11,1,1120
25227,10,11,27080,0
25227,10,11,26710,490
25227,10,11,26340,770
25227,10,11,25970,980
25227,10,11,25600,1260
25227,10,11,25230,1470
26339,10,11,27823,0
26339,10,11,27453,490
26339,10,11,27083,770
26339,10,11,26713,980
26339,10,11,26343,1260
26339,10,11,1,1470
18546,10,11,21142,0
18546,10,11,20772,560
18546,10,11,20032,840
18546,10,11,19662,910
18546,10,11,19292,980
18546,10,11,18552,1050
18546,10,11,1,1120
33391,10,11,34502,0
33391,10,11,34132,420
33391,10,11,33762,630
33391,10,11,33392,910
33391,10,11,1,1190
22259,10,11,24112,0
22259,10,11,23742,560
22259,10,11,23372,840
22259,10,11,23002,1050
22259,10,11,22632,1330
27825,10,11,29677,0
27825,10,11,29307,350
27825,10,11,28937,560
27825,10,11,28567,840
27825,10,11,28197,1120
27825,10,11,27827,1330
19657,10,11,21885,0
19657,10,11,21515,560
19657,10,11,21145,840
19657,10,11,20775,1050
19657,10,11,20405,1330
19657,10,11,19665,1400
19657,10,11,1,1470
20763,10,11,22258,0
20763,10,11,21888,490
20763,10,11,21518,770
20763,10,11,21148,980
20763,10,11,20778,1260
20763,10,11,1,1470
34502,10,11,36355,0
34502,10,11,35985,420
34502,10,11,35615,700
34502,10,11,35245,910
34502,10,11,34875,1190
34502,10,11,34505,1400
26709,10,11,28564,0
26709,10,11,28194,420
26709,10,11,27824,630
26709,10,11,27454,910
26709,10,11,27084,1190
26709,10,11,26714,1400
20772,10,11,21888,0
20772,10,11,21518,420
20772,10,11,21148,630
20772,10,11,20778,910
20772,10,11,1,1120
23745,10,11,24856,0
23745,10,11,24486,560
23745,10,11,24116,770
23745,10,11,23746,1050
23745,10,11,1,1330
21134,10,11,22259,0
21134,10,11,21889,490
21134,10,11,21519,700
21134,10,11,21149,980
21134,10,11,1,1260
17064,10,11,21138,0
17064,10,11,20768,350
17064,10,11,20398,630
17064,10,11,19658,700
17064,10,11,19288,770
17064,10,11,18548,840
17064,10,11,18178,910
17064,10,11,17808,980
17064,10,11,17068,1050
17064,10,11,1,1120
28936,10,11,30420,0
28936,10,11,30050,350
28936,10,11,29680,560
28936,10,11,29310,840
28936,10,11,28940,1120
28936,10,11,1,1330
21143,10,11,22999,0
21143,10,11,22629,350
21143,10,11,22259,630
21143,10,11,21889,840
21143,10,11,21519,1120
21143,10,11,21149,1400
18179,10,11,21141,0
18179,10,11,20771,560
18179,10,11,20401,770
18179,10,11,20031,840
18179,10,11,19661,910
18179,10,11,18921,980
18179,10,11,18551,1050
18179,10,11,1,1120
29307,10,11,30791,0
29307,10,11,30421,350
29307,10,11,30051,560
29307,10,11,29681,840
29307,10,11,29311,1120
29307,10,11,1,1330
23370,10,11,25225,0
23370,10,11,24855,560
23370,10,11,24485,840
23370,10,11,24115,1050
23370,10,11,23745,1330
26343,10,11,28563,0
26343,10,11,28193,420
26343,10,11,27823,700
26343,10,11,27453,910
26343,10,11,27083,1190
26343,10,11,26713,1400
30422,10,11,31904,0
30422,10,11,31534,560
30422,10,11,31164,840
30422,10,11,30794,1050
30422,10,11,30424,1330
22254,10,11,24112,0
22254,10,11,23742,560
22254,10,11,23372,840
22254,10,11,23002,1050
22254,10,11,22632,1330
19290,10,11,21514,0
19290,10,11,21144,420
19290,10,11,20774,700
19290,10,11,20404,910
19290,10,11,20034,980
19290,10,11,19294,1050
19290,10,11,1,1120
19661,10,11,21515,0
19661,10,11,21145,490
19661,10,11,20775,700
19661,10,11,20405,980
19661,10,11,19665,1050
19661,10,11,1,1120
31533,10,11,33017,0
31533,10,11,32647,420
31533,10,11,32277,630
31533,10,11,31907,910
31533,10,11,31537,1120
31533,10,11,1,1400
20767,10,11,22628,0
20767,10,11,22258,350
20767,10,11,21888,560
20767,10,11,21518,840
20767,10,11,21148,1120
20767,10,11,20778,1330
16697,10,11,21877,0
16697,10,11,21507,490
16697,10,11,21137,770
16697,10,11,20767,980
16697,10,11,20397,1260
16697,10,11,19657,1330
16697,10,11,19287,1400
16697,10,11,18547,1470
23740,10,11,25966,0
23740,10,11,25596,350
23740,10,11,25226,630
23740,10,11,24856,840
23740,10,11,24486,1120
23740,10,11,24116,1330
20776,10,11,21888,0
20776,10,11,21518,420
20776,10,11,21148,630
20776,10,11,20778,910
20776,10,11,1,1190
21138,10,11,22629,0
21138,10,11,22259,490
21138,10,11,21889,770
21138,10,11,21519,1050
21138,10,11,21149,1260
25967,10,11,27822,0
25967,10,11,27452,420
25967,10,11,27082,700
25967,10,11,26712,910
25967,10,11,26342,1190
25967,10,11,25972,1470
31904,10,11,33388,0
31904,10,11,33018,420
31904,10,11,32648,630
31904,10,11,32278,910
31904,10,11,31908,1120
31904,10,11,1,1400
28940,10,11,30790,0
28940,10,11,30420,490
28940,10,11,30050,770
28940,10,11,29680,1050
28940,10,11,29310,1260
18174,10,11,21141,0
18174,10,11,20771,490
18174,10,11,20401,770
18174,10,11,19661,840
18174,10,11,19291,910
18174,10,11,18921,980
18174,10,11,18181,1050
18174,10,11,1,1120
33019,10,11,34871,0
33019,10,11,34501,350
33019,10,11,34131,560
33019,10,11,33761,840
33019,10,11,33391,1120
33019,10,11,33021,1330
26338,10,11,28193,0
26338,10,11,27823,420
26338,10,11,27453,700
26338,10,11,27083,910
26338,10,11,26713,1190
26338,10,11,26343,1470
29311,10,11,31161,0
29311,10,11,30791,490
29311,10,11,30421,770
29311,10,11,30051,1050
29311,10,11,29681,1260
23374,10,11,24485,0
23374,10,11,24115,560
23374,10,11,23745,770
23374,10,11,23375,1050
23374,10,11,1,1260
22249,10,11,24482,0
22249,10,11,24112,350
22249,10,11,23742,560
22249,10,11,23372,840
22249,10,11,23002,1120
22249,10,11,22632,1330
19285,10,11,21884,0
19285,10,11,21514,490
19285,10,11,21144,770
19285,10,11,20774,980
19285,10,11,20404,1260
19285,10,11,19664,1330
19285,10,11,19294,1400
19285,10,11,1,1470
22258,10,11,24112,0
22258,10,11,23742,350
22258,10,11,23372,630
22258,10,11,23002,840
22258,10,11,22632,1120
22258,10,11,22262,1400
19294,10,11,22624,0
19294,10,11,22254,350
19294,10,11,21884,630
19294,10,11,21514,840
19294,10,11,21144,1120
19294,10,11,20774,1330
19656,10,11,21885,0
19656,10,11,21515,560
19656,10,11,21145,840
19656,10,11,20775,1050
19656,10,11,20405,1330
19656,10,11,19665,1400
19656,10,11,1,1470
34501,10,11,35985,0
34501,10,11,35615,490
34501,10,11,35245,770
34501,10,11,34875,980
34501,10,11,34505,1260
34501,10,11,1,1470
19665,10,11,22625,0
19665,10,11,22255,420
19665,10,11,21885,630
19665,10,11,21515,910
19665,10,11,21145,1190
19665,10,11,20775,1400
31537,10,11,33387,0
31537,10,11,33017,560
31537,10,11,32647,770
31537,10,11,32277,1050
31537,10,11,31907,1330
20771,10,11,21888,0
20771,10,11,21518,420
20771,10,11,21148,630
20771,10,11,20778,910
20771,10,11,1,1120
21883,10,11,23001,0
21883,10,11,22631,560
21883,10,11,22261,840
21883,10,11,21891,1050
21883,10,11,1,1330
24856,10,11,26709,0
24856,10,11,26339,490
24856,10,11,25969,770
24856,10,11,25599,1050
24856,10,11,25229,1260
28935,10,11,30420,0
28935,10,11,30050,560
28935,10,11,29680,840
28935,10,11,29310,1050
28935,10,11,28940,1330
31908,10,11,33758,0
31908,10,11,33388,560
31908,10,11,33018,770
31908,10,11,32648,1050
31908,10,11,32278,1330
25971,10,11,27082,0
25971,10,11,26712,490
25971,10,11,26342,770
25971,10,11,25972,980
25971,10,11,1,1260
17803,10,11,21140,0
17803,10,11,20770,490
17803,10,11,20400,700
17803,10,11,20030,770
17803,10,11,19290,840
17803,10,11,18920,910
17803,10,11,18550,980
17803,10,11,17810,1050
17803,10,11,1,1120
26342,10,11,27453,0
26342,10,11,27083,490
26342,10,11,26713,770
26342,10,11,26343,980
26342,10,11,1,1260
22253,10,11,24112,0
22253,10,11,23742,560
22253,10,11,23372,840
22253,10,11,23002,1050
22253,10,11,22632,1330
19289,10,11,21514,0
19289,10,11,21144,420
19289,10,11,20774,700
19289,10,11,20404,910
19289,10,11,20034,980
19289,10,11,19294,1050
19289,10,11,1,1120
22262,10,11,24482,0
22262,10,11,24112,420
22262,10,11,23742,700
22262,10,11,23372,980
22262,10,11,23002,1190
22262,10,11,22632,1470
16325,10,11,20766,0
16325,10,11,20396,560
16325,10,11,19656,630
16325,10,11,19286,700
16325,10,11,18916,770
16325,10,11,18176,840
16325,10,11,17806,910
16325,10,11,17066,980
16325,10,11,16696,1050
16325,10,11,16326,1120
16325,10,11,1,1190
27453,10,11,29306,0
27453,10,11,28936,350
27453,10,11,28566,560
27453,10,11,28196,840
27453,10,11,27826,1120
27453,10,11,27456,1330
20766,10,11,22258,0
20766,10,11,21888,420
20766,10,11,21518,700
20766,10,11,21148,910
20766,10,11,20778,1190
20766,10,11,1,1400
16696,10,11,21137,0
16696,10,11,20767,350
16696,10,11,20027,630
16696,10,11,19657,700
16696,10,11,19287,770
16696,10,11,18547,840
16696,10,11,18177,910
16696,10,11,17437,980
16696,10,11,17067,1050
16696,10,11,16697,1120
16696,10,11,1,1190
31532,10,11,33387,0
31532,10,11,33017,350
31532,10,11,32647,630
31532,10,11,32277,840
31532,10,11,31907,1120
31532,10,11,31537,1330
21878,10,11,23371,0
21878,10,11,23001,490
21878,10,11,22631,770
21878,10,11,22261,1050
21878,10,11,21891,1260
35617,11,12,36728,0
35617,11,12,36358,420
35617,11,12,35988,700
35617,11,12,35618,910
35617,11,12,1,1190
21887,11,12,23371,0
21887,11,12,23001,560
21887,11,12,22631,770
21887,11,12,22261,1050
21887,11,12,21891,1330
25966,11,12,27822,0
25966,11,12,27452,490
25966,11,12,27082,700
25966,11,12,26712,980
25966,11,12,26342,1190
25966,11,12,25972,1470
28939,11,12,30050,0
28939,11,12,29680,350
28939,11,12,29310,630
28939,11,12,28940,840
28939,11,12,1,1120
34130,11,12,35614,0
34130,11,12,35244,490
34130,11,12,34874,770
34130,11,12,34504,980
34130,11,12,34134,1260
34130,11,12,1,1470
23373,11,12,25225,0
23373,11,12,24855,490
23373,11,12,24485,770
23373,11,12,24115,980
23373,11,12,23745,1260
30050,11,12,31533,0
30050,11,12,31163,560
30050,11,12,30793,770
30050,11,12,30423,1050
30050,11,12,30053,1330
19284,11,12,22254,0
19284,11,12,21884,420
19284,11,12,21514,630
19284,11,12,21144,910
19284,11,12,20774,1120
19284,11,12,20404,1400
19284,11,12,19664,1470
19293,11,12,21514,0
19293,11,12,21144,490
19293,11,12,20774,700
19293,11,12,20034,980
19293,11,12,19664,1050
19293,11,12,19294,1120
19293,11,12,1,1190
24484,11,12,26338,0
24484,11,12,25968,350
24484,11,12,25598,560
24484,11,12,25228,840
24484,11,12,24858,1120
24484,11,12,24488,1330
34500,11,12,36355,0
34500,11,12,35985,490
34500,11,12,35615,700
34500,11,12,35245,980
34500,11,12,34875,1190
34500,11,12,34505,1470
31536,11,12,32647,0
31536,11,12,32277,350
31536,11,12,31907,630
31536,11,12,31537,910
31536,11,12,1,1120
20395,11,12,22257,0
20395,11,12,21887,420
20395,11,12,21517,630
20395,11,12,21147,910
20395,11,12,20777,1120
20395,11,12,20407,1400
20395,11,12,1,1470
20404,11,12,21887,0
20404,11,12,21517,350
20404,11,12,21147,630
20404,11,12,20777,840
20404,11,12,1,1120
32648,11,12,34500,0
32648,11,12,34130,350
32648,11,12,33760,560
32648,11,12,33390,840
32648,11,12,33020,1120
32648,11,12,32650,1330
21882,11,12,23001,0
21882,11,12,22631,560
21882,11,12,22261,770
21882,11,12,21891,1050
21882,11,12,1,1330
24855,11,12,26339,0
24855,11,12,25969,560
24855,11,12,25599,840
24855,11,12,25229,1050
24855,11,12,24859,1330
21891,11,12,24111,0
21891,11,12,23741,350
21891,11,12,23371,560
21891,11,12,23001,840
21891,11,12,22631,1120
21891,11,12,22261,1330
36727,11,12,38211,0
36727,11,12,37841,420
36727,11,12,37471,700
36727,11,12,37101,910
36727,11,12,36731,1190
36727,11,12,1,1400
28934,11,12,30420,0
28934,11,12,30050,560
28934,11,12,29680,840
28934,11,12,29310,1050
28934,11,12,28940,1330
25970,11,12,27822,0
25970,11,12,27452,420
25970,11,12,27082,700
25970,11,12,26712,910
25970,11,12,26342,1190
25970,11,12,25972,1400
28568,11,12,29679,0
28568,11,12,29309,350
28568,11,12,28939,630
28568,11,12,28569,840
28568,11,12,1,1120
34134,11,12,35984,0
34134,11,12,35614,560
34134,11,12,35244,840
34134,11,12,34874,1050
34134,11,12,34504,1330
23002,11,12,24854,0
23002,11,12,24484,490
23002,11,12,24114,770
23002,11,12,23744,1050
23002,11,12,23374,1260
27081,11,12,28565,0
27081,11,12,28195,420
27081,11,12,27825,700
27081,11,12,27455,980
27081,11,12,27085,1190
27081,11,12,1,1470
19288,11,12,21514,0
19288,11,12,21144,420
19288,11,12,20774,700
19288,11,12,20404,910
19288,11,12,20034,980
19288,11,12,19294,1050
19288,11,12,1,1120
18922,11,12,21513,0
18922,11,12,21143,420
18922,11,12,20773,630
18922,11,12,20403,910
18922,11,12,19663,980
18922,11,12,19293,1050
18922,11,12,18923,1120
18922,11,12,1,1190
35245,11,12,37097,0
35245,11,12,36727,350
35245,11,12,36357,630
35245,11,12,35987,910
35245,11,12,35617,1120
35245,11,12,35247,1400
27452,11,12,28936,0
27452,11,12,28566,350
27452,11,12,28196,630
27452,11,12,27826,910
27452,11,12,27456,1120
27452,11,12,1,1400
24488,11,12,26708,0
24488,11,12,26338,420
24488,11,12,25968,700
24488,11,12,25598,910
24488,11,12,25228,1190
24488,11,12,24858,1400
20399,11,12,22257,0
20399,11,12,21887,420
20399,11,12,21517,700
20399,11,12,21147,910
20399,11,12,20777,1190
20399,11,12,1,1470
17435,11,12,21139,0
17435,11,12,20769,420
17435,11,12,20029,700
17435,11,12,19659,770
17435,11,12,18919,840
17435,11,12,18549,910
17435,11,12,18179,980
17435,11,12,17439,1050
17435,11,12,1,1120
21877,11,12,23371,0
21877,11,12,23001,560
21877,11,12,22631,770
21877,11,12,22261,1050
21877,11,12,21891,1330
35616,11,12,37468,0
35616,11,12,37098,350
35616,11,12,36728,630
35616,11,12,36358,910
35616,11,12,35988,1120
35616,11,12,35618,1400
21886,11,12,23371,0
21886,11,12,23001,350
21886,11,12,22631,630
21886,11,12,22261,840
21886,11,12,21891,1120
21886,11,12,1,1400
28563,11,12,30049,0
28563,11,12,29679,560
28563,11,12,29309,840
28563,11,12,28939,1050
28563,11,12,28569,1330
25599,11,12,27451,0
25599,11,12,27081,420
25599,11,12,26711,700
25599,11,12,26341,910
25599,11,12,25971,1190
25599,11,12,25601,1470
17806,11,12,21140,0
17806,11,12,20770,490
17806,11,12,20400,700
17806,11,12,20030,770
17806,11,12,19290,840
17806,11,12,18920,910
17806,11,12,18550,980
17806,11,12,17810,1050
17806,11,12,1,1120
29678,11,12,31162,0
29678,11,12,30792,350
29678,11,12,30422,630
29678,11,12,30052,840
29678,11,12,29682,1120
29678,11,12,1,1330
34129,11,12,35984,0
34129,11,12,35614,490
34129,11,12,35244,700
34129,11,12,34874,980
34129,11,12,34504,1190
34129,11,12,34134,1470
20033,11,12,21516,0
20033,11,12,21146,560
20033,11,12,20776,770
20033,11,12,20406,1050
20033,11,12,1,1120
30049,11,12,31533,0
30049,11,12,31163,350
30049,11,12,30793,630
30049,11,12,30423,840
30049,11,12,30053,1120
30049,11,12,1,1330
27085,11,12,29305,0
27085,11,12,28935,420
27085,11,12,28565,630
27085,11,12,28195,910
27085,11,12,27825,1120
27085,11,12,27455,1400
18917,11,12,21513,0
18917,11,12,21143,350
18917,11,12,20773,630
18917,11,12,20403,840
18917,11,12,20033,910
18917,11,12,19663,980
18917,11,12,18923,1050
18917,11,12,1,1120
24483,11,12,26338,0
24483,11,12,25968,560
24483,11,12,25598,770
24483,11,12,25228,1050
24483,11,12,24858,1260
20403,11,12,21887,0
20403,11,12,21517,350
20403,11,12,21147,630
20403,11,12,20777,840
20403,11,12,1,1120
32647,11,12,34500,0
32647,11,12,34130,350
32647,11,12,33760,560
32647,11,12,33390,840
32647,11,12,33020,1120
32647,11,12,32650,1330
17439,11,12,22249,0
17439,11,12,21879,350
17439,11,12,21509,630
17439,11,12,21139,840
17439,11,12,20769,1120
17439,11,12,20399,1330
17439,11,12,20029,1400
17439,11,12,19289,1470
21881,11,12,23371,0
21881,11,12,23001,490
21881,11,12,22631,770
21881,11,12,22261,1050
21881,11,12,21891,1260
36726,11,12,38581,0
36726,11,12,38211,420
36726,11,12,37841,700
36726,11,12,37471,910
36726,11,12,37101,1190
36726,11,12,36731,1400
28567,11,12,30049,0
28567,11,12,29679,560
28567,11,12,29309,770
28567,11,12,28939,1050
28567,11,12,28569,1330
29682,11,12,31532,0
29682,11,12,31162,560
29682,11,12,30792,770
29682,11,12,30422,1050
29682,11,12,30052,1260
20028,11,12,22256,0
20028,11,12,21886,350
20028,11,12,21516,630
20028,11,12,21146,910
20028,11,12,20776,1120
20028,11,12,20036,1400
20028,11,12,1,1470
23001,11,12,25224,0
23001,11,12,24854,350
23001,11,12,24484,630
23001,11,12,24114,840
23001,11,12,23744,1120
23001,11,12,23374,1330
27080,11,12,28935,0
27080,11,12,28565,420
27080,11,12,28195,630
27080,11,12,27825,910
27080,11,12,27455,1190
27080,11,12,27085,1400
18921,11,12,21513,0
18921,11,12,21143,420
18921,11,12,20773,630
18921,11,12,20403,910
18921,11,12,19663,980
18921,11,12,19293,1050
18921,11,12,1,1120
31165,11,12,32276,0
31165,11,12,31906,420
31165,11,12,31536,630
31165,11,12,31166,910
31165,11,12,1,1120
35244,11,12,37097,0
35244,11,12,36727,420
35244,11,12,36357,700
35244,11,12,35987,910
35244,11,12,35617,1190
35244,11,12,35247,1400
20398,11,12,22257,0
20398,11,12,21887,420
20398,11,12,21517,700
20398,11,12,21147,910
20398,11,12,20777,1190
20398,11,12,1,1470
21876,11,12,23371,0
21876,11,12,23001,560
21876,11,12,22631,770
21876,11,12,22261,1050
21876,11,12,21891,1260
35615,11,12,37468,0
35615,11,12,37098,420
35615,11,12,36728,700
35615,11,12,36358,910
35615,11,12,35988,1190
35615,11,12,35618,1400
21510,11,12,23000,0
21510,11,12,22630,350
21510,11,12,22260,630
21510,11,12,21890,910
21510,11,12,21520,1120
21510,11,12,1,1400
21519,11,12,22630,0
21519,11,12,22260,420
21519,11,12,21890,700
21519,11,12,21520,910
21519,11,12,1,1190
22625,11,12,24853,0
22625,11,12,24483,350
22625,11,12,24113,560
22625,11,12,23743,840
22625,11,12,23373,1120
22625,11,12,23003,1330
25598,11,12,27451,0
25598,11,12,27081,490
25598,11,12,26711,700
25598,11,12,26341,980
25598,11,12,25971,1190
25598,11,12,25601,1470
29677,11,12,31162,0
29677,11,12,30792,560
29677,11,12,30422,840
29677,11,12,30052,1050
29677,11,12,29682,1330
33762,11,12,34873,0
33762,11,12,34503,420
33762,11,12,34133,630
33762,11,12,33763,910
33762,11,12,1,1190
20032,11,12,21516,0
20032,11,12,21146,560
20032,11,12,20776,770
20032,11,12,20036,1050
20032,11,12,1,1120
27084,11,12,28195,0
27084,11,12,27825,490
27084,11,12,27455,700
27084,11,12,27085,980
27084,11,12,1,1190
18916,11,12,21513,0
18916,11,12,21143,350
18916,11,12,20773,630
18916,11,12,20403,840
18916,11,12,20033,910
18916,11,12,19663,980
18916,11,12,18923,1050
18916,11,12,1,1120
32275,11,12,33759,0
32275,11,12,33389,420
32275,11,12,33019,630
32275,11,12,32649,910
32275,11,12,32279,1190
32275,11,12,1,1400
24116,11,12,25227,0
24116,11,12,24857,490
24116,11,12,24487,770
24116,11,12,24117,1050
24116,11,12,1,1260
28195,11,12,29678,0
28195,11,12,29308,560
28195,11,12,28938,770
28195,11,12,28568,1050
28195,11,12,28198,1260
32646,11,12,34130,0
32646,11,12,33760,420
32646,11,12,33390,630
32646,11,12,33020,910
32646,11,12,32650,1190
32646,11,12,1,1400
17438,11,12,21139,0
17438,11,12,20769,490
17438,11,12,20399,700
17438,11,12,20029,770
17438,11,12,19289,840
17438,11,12,18919,910
17438,11,12,18179,980
17438,11,12,17809,1050
17438,11,12,17439,1120
17438,11,12,1,1190
21505,11,12,23000,0
21505,11,12,22630,560
21505,11,12,22260,770
21505,11,12,21890,1050
21505,11,12,21520,1260
21514,11,12,23000,0
21514,11,12,22630,560
21514,11,12,22260,770
21514,11,12,21890,1050
21514,11,12,21520,1330
18550,11,12,21512,0
18550,11,12,21142,350
18550,11,12,20772,630
18550,11,12,20402,840
18550,11,12,20032,910
18550,11,12,19292,980
18550,11,12,18922,1050
18550,11,12,1,1120
28566,11,12,30049,0
28566,11,12,29679,560
28566,11,12,29309,770
28566,11,12,28939,1050
28566,11,12,28569,1260
22629,11,12,24483,0
22629,11,12,24113,350
22629,11,12,23743,630
22629,11,12,23373,840
22629,11,12,23003,1120
22629,11,12,22633,1400
29681,11,12,30792,0
29681,11,12,30422,350
29681,11,12,30052,630
29681,11,12,29682,840
29681,11,12,1,1120
30793,11,12,32275,0
30793,11,12,31905,560
30793,11,12,31535,840
30793,11,12,31165,1050
30793,11,12,30795,1330
20027,11,12,22256,0
20027,11,12,21886,350
20027,11,12,21516,630
20027,11,12,21146,910
20027,11,12,20776,1120
20027,11,12,20036,1400
20027,11,12,1,1470
23000,11,12,24854,0
23000,11,12,24484,420
23000,11,12,24114,630
23000,11,12,23744,910
23000,11,12,23374,1120
23000,11,12,23004,1400
20036,11,12,22626,0
20036,11,12,22256,490
20036,11,12,21886,700
20036,11,12,21516,980
20036,11,12,21146,1190
20036,11,12,20776,1470
34872,11,12,36356,0
34872,11,12,35986,490
34872,11,12,35616,770
34872,11,12,35246,980
34872,11,12,34876,1260
26713,11,12,27824,0
26713,11,12,27454,490
26713,11,12,27084,700
26713,11,12,26714,980
26713,11,12,1,1190
18920,11,12,21513,0
18920,11,12,21143,350
18920,11,12,20773,630
18920,11,12,20033,910
18920,11,12,19663,980
18920,11,12,18923,1050
18920,11,12,1,1120
31164,11,12,33016,0
31164,11,12,32646,350
31164,11,12,32276,630
31164,11,12,31906,840
31164,11,12,31536,1120
31164,11,12,31166,1330
35243,11,12,36727,0
35243,11,12,36357,490
35243,11,12,35987,770
35243,11,12,35617,980
35243,11,12,35247,1260
32279,11,12,34129,0
32279,11,12,33759,560
32279,11,12,33389,770
32279,11,12,33019,1050
32279,11,12,32649,1330
17068,11,12,21878,0
17068,11,12,21508,560
17068,11,12,21138,770
17068,11,12,20768,1050
17068,11,12,20028,1330
17068,11,12,19658,1400
17068,11,12,18918,1470
24111,11,12,25967,0
24111,11,12,25597,560
24111,11,12,25227,770
24111,11,12,24857,1050
24111,11,12,24487,1330
21147,11,12,22259,0
21147,11,12,21889,420
21147,11,12,21519,630
21147,11,12,21149,910
21147,11,12,1,1190
25226,11,12,26710,0
25226,11,12,26340,560
25226,11,12,25970,770
25226,11,12,25600,1050
25226,11,12,25230,1260
21509,11,12,22630,0
21509,11,12,22260,490
21509,11,12,21890,770
21509,11,12,21520,980
21509,11,12,1,1260
18545,11,12,21142,0
18545,11,12,20772,560
18545,11,12,20032,840
18545,11,12,19662,910
18545,11,12,19292,980
18545,11,12,18552,1050
18545,11,12,1,1120
21518,11,12,23370,0
21518,11,12,23000,420
21518,11,12,22630,630
21518,11,12,22260,910
21518,11,12,21890,1120
21518,11,12,21520,1400
33390,11,12,35242,0
33390,11,12,34872,350
33390,11,12,34502,630
33390,11,12,34132,840
33390,11,12,33762,1120
33390,11,12,33392,1330
22624,11,12,24853,0
22624,11,12,24483,350
22624,11,12,24113,560
22624,11,12,23743,840
22624,11,12,23373,1120
22624,11,12,23003,1330
25597,11,12,27081,0
25597,11,12,26711,490
25597,11,12,26341,770
25597,11,12,25971,980
25597,11,12,25601,1260
22633,11,12,24853,0
22633,11,12,24483,420
22633,11,12,24113,700
22633,11,12,23743,980
22633,11,12,23373,1190
22633,11,12,23003,1470
33761,11,12,35613,0
33761,11,12,35243,350
33761,11,12,34873,630
33761,11,12,34503,840
33761,11,12,34133,1120
33761,11,12,33763,1330
27824,11,12,29307,0
27824,11,12,28937,560
27824,11,12,28567,840
27824,11,12,28197,1050
27824,11,12,27827,1330
20031,11,12,21516,0
20031,11,12,21146,560
20031,11,12,20776,770
20031,11,12,20406,1050
20031,11,12,1,1120
34876,11,12,36726,0
34876,11,12,36356,560
34876,11,12,35986,840
34876,11,12,35616,1050
34876,11,12,35246,1330
26708,11,12,28564,0
26708,11,12,28194,420
26708,11,12,27824,700
26708,11,12,27454,910
26708,11,12,27084,1190
26708,11,12,26714,1400
23744,11,12,25596,0
23744,11,12,25226,490
23744,11,12,24856,770
23744,11,12,24486,980
23744,11,12,24116,1260
32274,11,12,34129,0
32274,11,12,33759,350
32274,11,12,33389,630
32274,11,12,33019,910
32274,11,12,32649,1120
32274,11,12,32279,1400
21142,11,12,22999,0
21142,11,12,22629,350
21142,11,12,22259,630
21142,11,12,21889,840
21142,11,12,21519,1120
21142,11,12,21149,1330
24115,11,12,25967,0
24115,11,12,25597,490
24115,11,12,25227,700
24115,11,12,24857,980
24115,11,12,24487,1260
24115,11,12,24117,1470
18178,11,12,21141,0
18178,11,12,20771,560
18178,11,12,20401,770
18178,11,12,20031,840
18178,11,12,19291,910
18178,11,12,18921,980
18178,11,12,18181,1050
18178,11,12,1,1120
35987,11,12,37839,0
35987,11,12,37469,350
35987,11,12,37099,630
35987,11,12,36729,840
35987,11,12,36359,1120
35987,11,12,35989,1330
28194,11,12,29678,0
28194,11,12,29308,350
28194,11,12,28938,630
28194,11,12,28568,840
28194,11,12,28198,1120
28194,11,12,1,1330
25230,11,12,27450,0
25230,11,12,27080,420
25230,11,12,26710,630
25230,11,12,26340,910
25230,11,12,25970,1190
25230,11,12,25600,1400
21504,11,12,23000,0
21504,11,12,22630,560
21504,11,12,22260,770
21504,11,12,21890,1050
21504,11,12,21520,1330
29306,11,12,30791,0
29306,11,12,30421,560
29306,11,12,30051,840
29306,11,12,29681,1050
29306,11,12,29311,1330
21513,11,12,23000,0
21513,11,12,22630,560
21513,11,12,22260,770
21513,11,12,21890,1050
21513,11,12,21520,1330
18549,11,12,21142,0
18549,11,12,20772,560
18549,11,12,20402,840
18549,11,12,19662,910
18549,11,12,19292,980
18549,11,12,18552,1050
18549,11,12,1,1120
30421,11,12,31904,0
30421,11,12,31534,560
30421,11,12,31164,770
30421,11,12,30794,1050
30421,11,12,30424,1330
22628,11,12,24483,0
22628,11,12,24113,560
22628,11,12,23743,840
22628,11,12,23373,1050
22628,11,12,23003,1330
30792,11,12,32275,0
30792,11,12,31905,560
30792,11,12,31535,770
30792,11,12,31165,1050
30792,11,12,30795,1330
20026,11,12,22256,0
20026,11,12,21886,490
20026,11,12,21516,770
20026,11,12,21146,980
20026,11,12,20776,1260
20026,11,12,20406,1470
34871,11,12,36726,0
34871,11,12,36356,490
34871,11,12,35986,700
34871,11,12,35616,980
34871,11,12,35246,1260
34871,11,12,34876,1470
19660,11,12,21515,0
19660,11,12,21145,490
19660,11,12,20775,770
19660,11,12,20405,980
19660,11,12,20035,1050
19660,11,12,1,1120
26712,11,12,28564,0
26712,11,12,28194,420
26712,11,12,27824,630
26712,11,12,27454,910
26712,11,12,27084,1190
26712,11,12,26714,1400
20775,11,12,21888,0
20775,11,12,21518,420
20775,11,12,21148,630
20775,11,12,20778,910
20775,11,12,1,1120
21137,11,12,22629,0
21137,11,12,22259,560
21137,11,12,21889,770
21137,11,12,21519,1050
21137,11,12,21149,1260
17067,11,12,21138,0
17067,11,12,20768,420
17067,11,12,20398,630
17067,11,12,20028,700
17067,11,12,19658,770
17067,11,12,18918,840
17067,11,12,18548,910
17067,11,12,17808,980
17067,11,12,17438,1050
17067,11,12,17068,1120
17067,11,12,1,1190
31903,11,12,33758,0
31903,11,12,33388,350
31903,11,12,33018,630
31903,11,12,32648,840
31903,11,12,32278,1120
31903,11,12,31908,1330
21146,11,12,22259,0
21146,11,12,21889,420
21146,11,12,21519,630
21146,11,12,21149,910
21146,11,12,1,1190
33018,11,12,34871,0
33018,11,12,34501,420
33018,11,12,34131,630
33018,11,12,33761,910
33018,11,12,33391,1120
33018,11,12,33021,1400
25225,11,12,27080,0
25225,11,12,26710,490
25225,11,12,26340,700
25225,11,12,25970,980
25225,11,12,25600,1260
25225,11,12,25230,1470
21508,11,12,23000,0
21508,11,12,22630,350
21508,11,12,22260,560
21508,11,12,21890,840
21508,11,12,21520,1120
21508,11,12,1,1330
26337,11,12,28193,0
26337,11,12,27823,490
26337,11,12,27453,700
26337,11,12,27083,980
26337,11,12,26713,1190
26337,11,12,26343,1470
29310,11,12,30421,0
29310,11,12,30051,350
29310,11,12,29681,630
29310,11,12,29311,840
29310,11,12,1,1120
18544,11,12,21882,0
18544,11,12,21512,420
18544,11,12,21142,630
18544,11,12,20772,910
18544,11,12,20032,1190
18544,11,12,19662,1260
18544,11,12,18922,1330
18544,11,12,18552,1400
18544,11,12,1,1470
33389,11,12,35242,0
33389,11,12,34872,420
33389,11,12,34502,630
33389,11,12,34132,910
33389,11,12,33762,1190
33389,11,12,33392,1400
22257,11,12,24112,0
22257,11,12,23742,350
22257,11,12,23372,560
22257,11,12,23002,840
22257,11,12,22632,1120
22257,11,12,22262,1330
27823,11,12,29307,0
27823,11,12,28937,350
27823,11,12,28567,630
27823,11,12,28197,910
27823,11,12,27827,1120
27823,11,12,1,1400
19655,11,12,22255,0
19655,11,12,21885,420
19655,11,12,21515,700
19655,11,12,21145,980
19655,11,12,20775,1190
19655,11,12,20035,1470
19664,11,12,21515,0
19664,11,12,21145,490
19664,11,12,20775,770
19664,11,12,20035,1050
19664,11,12,19665,1120
19664,11,12,1,1190
20770,11,12,22258,0
20770,11,12,21888,490
20770,11,12,21518,700
20770,11,12,21148,980
20770,11,12,20778,1260
20770,11,12,1,1470
23743,11,12,25966,0
23743,11,12,25596,350
23743,11,12,25226,630
23743,11,12,24856,840
23743,11,12,24486,1120
23743,11,12,24116,1330
31907,11,12,33018,0
31907,11,12,32648,350
31907,11,12,32278,630
31907,11,12,31908,910
31907,11,12,1,1120
21141,11,12,22629,0
21141,11,12,22259,420
21141,11,12,21889,700
21141,11,12,21519,910
21141,11,12,21149,1190
21141,11,12,1,1470
18177,11,12,21141,0
18177,11,12,20771,490
18177,11,12,20401,770
18177,11,12,19661,840
18177,11,12,19291,910
18177,11,12,18921,980
18177,11,12,18181,1050
18177,11,12,1,1120
35986,11,12,37839,0
35986,11,12,37469,420
35986,11,12,37099,630
35986,11,12,36729,910
35986,11,12,36359,1190
35986,11,12,35989,1400
29305,11,12,30791,0
29305,11,12,30421,560
29305,11,12,30051,840
29305,11,12,29681,1050
29305,11,12,29311,1330
26341,11,12,28193,0
26341,11,12,27823,420
26341,11,12,27453,700
26341,11,12,27083,910
26341,11,12,26713,1190
26341,11,12,26343,1400
30420,11,12,31904,0
30420,11,12,31534,350
30420,11,12,31164,630
30420,11,12,30794,840
30420,11,12,30424,1120
30420,11,12,1,1330
22252,11,12,24482,0
22252,11,12,24112,350
22252,11,12,23742,560
22252,11,12,23372,840
22252,11,12,23002,1120
22252,11,12,22632,1330
22261,11,12,23372,0
22261,11,12,23002,560
22261,11,12,22632,770
22261,11,12,22262,1050
22261,11,12,1,1260
27827,11,12,29677,0
27827,11,12,29307,560
27827,11,12,28937,840
27827,11,12,28567,1050
27827,11,12,28197,1330
19659,11,12,21515,0
19659,11,12,21145,490
19659,11,12,20775,770
19659,11,12,20405,980
19659,11,12,20035,1050
19659,11,12,1,1120
20765,11,12,22258,0
20765,11,12,21888,420
20765,11,12,21518,700
20765,11,12,21148,910
20765,11,12,20778,1190
20765,11,12,1,1400
16695,11,12,21137,0
16695,11,12,20767,350
16695,11,12,20027,630
16695,11,12,19657,700
16695,11,12,18917,770
16695,11,12,18547,840
16695,11,12,18177,910
16695,11,12,17437,980
16695,11,12,17067,1050
16695,11,12,1,1120
34504,11,12,35615,0
34504,11,12,35245,420
34504,11,12,34875,700
34504,11,12,34505,910
34504,11,12,1,1190
20774,11,12,21888,0
20774,11,12,21518,350
20774,11,12,21148,630
20774,11,12,20778,910
20774,11,12,1,1120
24859,11,12,27079,0
24859,11,12,26709,420
24859,11,12,26339,630
24859,11,12,25969,910
24859,11,12,25599,1190
24859,11,12,25229,1400
17066,11,12,21138,0
17066,11,12,20768,420
17066,11,12,20398,630
17066,11,12,20028,700
17066,11,12,19288,770
17066,11,12,18918,840
17066,11,12,18548,910
17066,11,12,17808,980
17066,11,12,17438,1050
17066,11,12,1,1120
21136,11,12,22629,0
21136,11,12,22259,350
21136,11,12,21889,630
21136,11,12,21519,840
21136,11,12,21149,1120
21136,11,12,1,1330
28938,11,12,30420,0
28938,11,12,30050,560
28938,11,12,29680,770
28938,11,12,29310,1050
28938,11,12,28940,1260
18181,11,12,22251,0
18181,11,12,21881,420
18181,11,12,21511,700
18181,11,12,21141,980
18181,11,12,20771,1190
18181,11,12,20031,1470
33017,11,12,34501,0
33017,11,12,34131,490
33017,11,12,33761,700
33017,11,12,33391,980
33017,11,12,33021,1260
33017,11,12,1,1470
29309,11,12,30791,0
29309,11,12,30421,560
29309,11,12,30051,770
29309,11,12,29681,1050
29309,11,12,29311,1260
23372,11,12,25595,0
23372,11,12,25225,350
23372,11,12,24855,560
23372,11,12,24485,840
23372,11,12,24115,1120
23372,11,12,23745,1330
33388,11,12,34872,0
33388,11,12,34502,490
33388,11,12,34132,770
33388,11,12,33762,980
33388,11,12,33392,1260
33388,11,12,1,1470
30424,11,12,32274,0
30424,11,12,31904,560
30424,11,12,31534,770
30424,11,12,31164,1050
30424,11,12,30794,1260
22256,11,12,24112,0
22256,11,12,23742,560
22256,11,12,23372,840
22256,11,12,23002,1050
22256,11,12,22632,1330
19292,11,12,21514,0
19292,11,12,21144,420
19292,11,12,20774,700
19292,11,12,20034,980
19292,11,12,19664,1050
19292,11,12,1,1120
27822,11,12,29677,0
27822,11,12,29307,350
27822,11,12,28937,630
27822,11,12,28567,840
27822,11,12,28197,1120
27822,11,12,27827,1330
19654,11,12,22255,0
19654,11,12,21885,420
19654,11,12,21515,700
19654,11,12,21145,980
19654,11,12,20775,1190
19654,11,12,20035,1470
27456,11,12,29676,0
27456,11,12,29306,350
27456,11,12,28936,560
27456,11,12,28566,840
27456,11,12,28196,1120
27456,11,12,27826,1330
19663,11,12,21515,0
19663,11,12,21145,490
19663,11,12,20775,770
19663,11,12,20035,1050
19663,11,12,19665,1120
19663,11,12,1,1190
20769,11,12,22258,0
20769,11,12,21888,490
20769,11,12,21518,700
20769,11,12,21148,980
20769,11,12,20778,1260
20769,11,12,1,1470
31535,11,12,33017,0
31535,11,12,32647,560
31535,11,12,32277,840
31535,11,12,31907,1050
31535,11,12,31537,1330
23742,11,12,25596,0
23742,11,12,25226,420
23742,11,12,24856,630
23742,11,12,24486,910
23742,11,12,24116,1120
23742,11,12,23746,1400
20778,11,12,22628,0
20778,11,12,22258,560
20778,11,12,21888,770
20778,11,12,21518,1050
20778,11,12,21148,1330
24854,11,12,26709,0
24854,11,12,26339,490
24854,11,12,25969,770
24854,11,12,25599,980
24854,11,12,25229,1260
24854,11,12,24859,1470
21890,11,12,23001,0
21890,11,12,22631,420
21890,11,12,22261,700
21890,11,12,21891,910
21890,11,12,1,1190
31906,11,12,33388,0
31906,11,12,33018,560
31906,11,12,32648,840
31906,11,12,32278,1050
31906,11,12,31908,1330
25969,11,12,27822,0
25969,11,12,27452,490
25969,11,12,27082,700
25969,11,12,26712,980
25969,11,12,26342,1190
25969,11,12,25972,1470
18176,11,12,21141,0
18176,11,12,20771,490
18176,11,12,20401,770
18176,11,12,19661,840
18176,11,12,19291,910
18176,11,12,18921,980
18176,11,12,18181,1050
18176,11,12,1,1120
35985,11,12,37469,0
35985,11,12,37099,490
35985,11,12,36729,770
35985,11,12,36359,980
35985,11,12,35989,1260
35985,11,12,1,1470
33021,11,12,34871,0
33021,11,12,34501,560
33021,11,12,34131,770
33021,11,12,33761,1050
33021,11,12,33391,1330
17810,11,12,22250,0
17810,11,12,21880,420
17810,11,12,21510,630
17810,11,12,21140,910
17810,11,12,20770,1120
17810,11,12,20400,1400
17810,11,12,19660,1470
37097,11,12,38952,0
37097,11,12,38582,420
37097,11,12,38212,700
37097,11,12,37842,910
37097,11,12,37472,1190
37097,11,12,37102,1400
34133,11,12,35244,0
34133,11,12,34874,420
34133,11,12,34504,700
34133,11,12,34134,910
34133,11,12,1,1190
26340,11,12,28193,0
26340,11,12,27823,490
26340,11,12,27453,700
26340,11,12,27083,980
26340,11,12,26713,1190
26340,11,12,26343,1470
30419,11,12,31904,0
30419,11,12,31534,560
30419,11,12,31164,840
30419,11,12,30794,1050
30419,11,12,30424,1330
22251,11,12,24482,0
22251,11,12,24112,350
22251,11,12,23742,560
22251,11,12,23372,840
22251,11,12,23002,1120
22251,11,12,22632,1330
30053,11,12,31903,0
30053,11,12,31533,560
30053,11,12,31163,770
30053,11,12,30793,1050
30053,11,12,30423,1260
19287,11,12,21514,0
19287,11,12,21144,420
19287,11,12,20774,700
19287,11,12,20404,910
19287,11,12,20034,980
19287,11,12,19294,1050
19287,11,12,1,1120
22260,11,12,24112,0
22260,11,12,23742,490
22260,11,12,23372,770
22260,11,12,23002,980
22260,11,12,22632,1260
22260,11,12,22262,1470
27451,11,12,29306,0
27451,11,12,28936,350
27451,11,12,28566,630
27451,11,12,28196,840
27451,11,12,27826,1120
27451,11,12,27456,1330
19658,11,12,21515,0
19658,11,12,21145,490
19658,11,12,20775,770
19658,11,12,20405,980
19658,11,12,20035,1050
19658,11,12,1,1120
24487,11,12,25598,0
24487,11,12,25228,490
24487,11,12,24858,770
24487,11,12,24488,1050
24487,11,12,1,1260
20764,11,12,22258,0
20764,11,12,21888,490
20764,11,12,21518,770
20764,11,12,21148,980
20764,11,12,20778,1260
34503,11,12,36355,0
34503,11,12,35985,350
34503,11,12,35615,630
34503,11,12,35245,840
34503,11,12,34875,1120
34503,11,12,34505,1400
20773,11,12,21888,0
20773,11,12,21518,420
20773,11,12,21148,630
20773,11,12,20778,910
20773,11,12,1,1120
20407,11,12,22627,0
20407,11,12,22257,490
20407,11,12,21887,770
20407,11,12,21517,980
20407,11,12,21147,1260
21885,11,12,23371,0
21885,11,12,23001,350
21885,11,12,22631,630
21885,11,12,22261,840
21885,11,12,21891,1120
21885,11,12,1,1400
24858,11,12,25969,0
24858,11,12,25599,490
24858,11,12,25229,770
24858,11,12,24859,980
24858,11,12,1,1260
28937,11,12,30420,0
28937,11,12,30050,560
28937,11,12,29680,770
28937,11,12,29310,1050
28937,11,12,28940,1260
33016,11,12,34871,0
33016,11,12,34501,420
33016,11,12,34131,700
33016,11,12,33761,910
33016,11,12,33391,1190
33016,11,12,33021,1470
17805,11,12,21140,0
17805,11,12,20770,490
17805,11,12,20400,700
17805,11,12,20030,770
17805,11,12,19290,840
17805,11,12,18920,910
17805,11,12,18550,980
17805,11,12,17810,1050
17805,11,12,1,1120
23371,11,12,25225,0
23371,11,12,24855,420
23371,11,12,24485,630
23371,11,12,24115,910
23371,11,12,23745,1120
23371,11,12,23375,1400
30048,11,12,31533,0
30048,11,12,31163,560
30048,11,12,30793,840
30048,11,12,30423,1050
30048,11,12,30053,1330
22255,11,12,24112,0
22255,11,12,23742,560
22255,11,12,23372,840
22255,11,12,23002,1050
22255,11,12,22632,1330
19291,11,12,21514,0
19291,11,12,21144,420
19291,11,12,20774,700
19291,11,12,20404,910
19291,11,12,20034,980
19291,11,12,19294,1050
19291,11,12,1,1120
24482,11,12,26338,0
24482,11,12,25968,560
24482,11,12,25598,840
24482,11,12,25228,1050
24482,11,12,24858,1330
27455,11,12,28566,0
27455,11,12,28196,420
27455,11,12,27826,630
27455,11,12,27456,910
27455,11,12,1,1190
31534,11,12,33017,0
31534,11,12,32647,560
31534,11,12,32277,840
31534,11,12,31907,1050
31534,11,12,31537,1330
20402,11,12,21887,0
20402,11,12,21517,350
20402,11,12,21147,630
20402,11,12,20777,840
20402,11,12,1,1120
21880,11,12,23371,0
21880,11,12,23001,490
21880,11,12,22631,770
21880,11,12,22261,1050
21880,11,12,21891,1260
24853,11,12,26709,0
24853,11,12,26339,490
24853,11,12,25969,770
24853,11,12,25599,1050
24853,11,12,25229,1260
21889,11,12,23741,0
21889,11,12,23371,420
21889,11,12,23001,630
21889,11,12,22631,910
21889,11,12,22261,1120
21889,11,12,21891,1400
25968,11,12,27452,0
25968,11,12,27082,490
25968,11,12,26712,770
25968,11,12,26342,980
25968,11,12,25972,1260
25968,11,12,1,1470
17809,11,12,21140,0
17809,11,12,20770,490
17809,11,12,20400,770
17809,11,12,19660,840
17809,11,12,19290,910
17809,11,12,18550,980
17809,11,12,18180,1050
17809,11,12,17810,1120
17809,11,12,1,1190
34132,11,12,35984,0
34132,11,12,35614,350
34132,11,12,35244,630
34132,11,12,34874,840
34132,11,12,34504,1120
34132,11,12,34134,1400
23375,11,12,25595,0
23375,11,12,25225,420
23375,11,12,24855,700
23375,11,12,24485,980
23375,11,12,24115,1190
23375,11,12,23745,1470
22250,11,12,24482,0
22250,11,12,24112,350
22250,11,12,23742,560
22250,11,12,23372,840
22250,11,12,23002,1120
22250,11,12,22632,1330
27079,11,12,28935,0
27079,11,12,28565,420
27079,11,12,28195,700
27079,11,12,27825,910
27079,11,12,27455,1190
27079,11,12,27085,1470
19286,11,12,21884,0
19286,11,12,21514,490
19286,11,12,21144,770
19286,11,12,20774,980
19286,11,12,20404,1260
19286,11,12,19664,1330
19286,11,12,19294,1400
19286,11,12,1,1470
30052,11,12,31163,0
30052,11,12,30793,350
30052,11,12,30423,630
30052,11,12,30053,840
30052,11,12,1,1120
27450,11,12,29306,0
27450,11,12,28936,350
27450,11,12,28566,630
27450,11,12,28196,840
27450,11,12,27826,1120
27450,11,12,27456,1400
24486,11,12,26338,0
24486,11,12,25968,490
24486,11,12,25598,770
24486,11,12,25228,980
24486,11,12,24858,1260
24486,11,12,24488,1470
20397,11,12,22257,0
20397,11,12,21887,560
20397,11,12,21517,840
20397,11,12,21147,1050
20397,11,12,20777,1330
21875,11,12,23371,0
21875,11,12,23001,560
21875,11,12,22631,770
21875,11,12,22261,1050
21875,11,12,21891,1330
35614,11,12,37098,0
35614,11,12,36728,490
35614,11,12,36358,770
35614,11,12,35988,980
35614,11,12,35618,1260
20406,11,12,21887,0
20406,11,12,21517,350
20406,11,12,21147,630
20406,11,12,20777,910
20406,11,12,20407,1120
20406,11,12,1,1190
32650,11,12,34500,0
32650,11,12,34130,560
32650,11,12,33760,770
32650,11,12,33390,1050
32650,11,12,33020,1330
21884,11,12,23001,0
21884,11,12,22631,490
21884,11,12,22261,770
21884,11,12,21891,980
21884,11,12,1,1260
24857,11,12,26709,0
24857,11,12,26339,490
24857,11,12,25969,700
24857,11,12,25599,980
24857,11,12,25229,1190
24857,11,12,24859,1470
25972,11,12,28192,0
25972,11,12,27822,420
25972,11,12,27452,700
25972,11,12,27082,910
25972,11,12,26712,1190
25972,11,12,26342,1400
29676,11,12,31532,0
29676,11,12,31162,350
29676,11,12,30792,560
29676,11,12,30422,840
29676,11,12,30052,1120
29676,11,12,29682,1330
23004,11,12,25224,0
23004,11,12,24854,490
23004,11,12,24484,700
23004,11,12,24114,980
23004,11,12,23744,1190
23004,11,12,23374,1470
27083,11,12,28935,0
27083,11,12,28565,420
27083,11,12,28195,630
27083,11,12,27825,910
27083,11,12,27455,1190
27083,11,12,27085,1400
16326,11,12,21876,0
16326,11,12,21506,420
16326,11,12,21136,700
16326,11,12,20766,980
16326,11,12,20396,1190
16326,11,12,20026,1260
16326,11,12,19286,1330
16326,11,12,18916,1400
16326,11,12,18176,1470
18915,11,12,21883,0
18915,11,12,21513,490
18915,11,12,21143,700
18915,11,12,20773,980
18915,11,12,20403,1190
18915,11,12,20033,1260
18915,11,12,19293,1330
18915,11,12,18923,1400
18915,11,12,1,1470
35247,11,12,37097,0
35247,11,12,36727,560
35247,11,12,36357,840
35247,11,12,35987,1050
35247,11,12,35617,1330
27454,11,12,29306,0
27454,11,12,28936,350
27454,11,12,28566,630
27454,11,12,28196,840
27454,11,12,27826,1120
27454,11,12,27456,1330
20401,11,12,21887,0
20401,11,12,21517,350
20401,11,12,21147,630
20401,11,12,20777,840
20401,11,12,1,1120
21879,11,12,23371,0
21879,11,12,23001,560
21879,11,12,22631,770
21879,11,12,22261,1050
21879,11,12,21891,1260
17437,11,12,21139,0
17437,11,12,20769,420
17437,11,12,20399,700
17437,11,12,19659,770
17437,11,12,19289,840
17437,11,12,18919,910
17437,11,12,18179,980
17437,11,12,17809,1050
17437,11,12,1,1120
32645,11,12,34500,0
32645,11,12,34130,350
32645,11,12,33760,630
32645,11,12,33390,910
32645,11,12,33020,1120
32645,11,12,32650,1400
21888,11,12,23371,0
21888,11,12,23001,560
21888,11,12,22631,770
21888,11,12,22261,1050
21888,11,12,21891,1260
28565,11,12,30049,0
28565,11,12,29679,350
28565,11,12,29309,630
28565,11,12,28939,840
28565,11,12,28569,1120
28565,11,12,1,1330
25601,11,12,27821,0
25601,11,12,27451,420
25601,11,12,27081,630
25601,11,12,26711,910
25601,11,12,26341,1190
25601,11,12,25971,1400
17808,11,12,21140,0
17808,11,12,20770,490
17808,11,12,20030,770
17808,11,12,19660,840
17808,11,12,19290,910
17808,11,12,18550,980
17808,11,12,18180,1050
17808,11,12,1,1120
29680,11,12,31162,0
29680,11,12,30792,560
29680,11,12,30422,770
29680,11,12,30052,1050
29680,11,12,29682,1330
34131,11,12,35984,0
34131,11,12,35614,420
34131,11,12,35244,700
34131,11,12,34874,910
34131,11,12,34504,1190
34131,11,12,34134,1400
22999,11,12,25224,0
22999,11,12,24854,350
22999,11,12,24484,560
22999,11,12,24114,840
22999,11,12,23744,1120
22999,11,12,23374,1330
20035,11,12,21516,0
20035,11,12,21146,560
20035,11,12,20776,840
20035,11,12,20406,1050
20035,11,12,20036,1120
20035,11,12,1,1190
30051,11,12,31533,0
30051,11,12,31163,560
30051,11,12,30793,840
30051,11,12,30423,1050
30051,11,12,30053,1330
18919,11,12,21513,0
18919,11,12,21143,350
18919,11,12,20773,630
18919,11,12,20403,840
18919,11,12,20033,910
18919,11,12,19663,980
18919,11,12,18923,1050
18919,11,12,1,1120
31163,11,12,33016,0
31163,11,12,32646,350
31163,11,12,32276,560
31163,11,12,31906,840
31163,11,12,31536,1120
31163,11,12,31166,1330
15955,11,12,21875,0
15955,11,12,21505,490
15955,11,12,21135,700
15955,11,12,20765,980
15955,11,12,20395,1190
15955,11,12,20025,1260
15955,11,12,19655,1330
15955,11,12,18915,1400
15955,11,12,18545,1470
35242,11,12,37097,0
35242,11,12,36727,490
35242,11,12,36357,700
35242,11,12,35987,980
35242,11,12,35617,1260
35242,11,12,35247,1470
32278,11,12,33389,0
32278,11,12,33019,420
32278,11,12,32649,630
32278,11,12,32279,910
32278,11,12,1,1120
24485,11,12,26338,0
24485,11,12,25968,560
24485,11,12,25598,770
24485,11,12,25228,1050
24485,11,12,24858,1330
20396,11,12,22257,0
20396,11,12,21887,560
20396,11,12,21517,840
20396,11,12,21147,1050
20396,11,12,20777,1330
28198,11,12,30048,0
28198,11,12,29678,490
28198,11,12,29308,770
28198,11,12,28938,1050
28198,11,12,28568,1260
21874,11,12,23371,0
21874,11,12,23001,560
21874,11,12,22631,770
21874,11,12,22261,1050
21874,11,12,21891,1260
35613,11,12,37468,0
35613,11,12,37098,490
35613,11,12,36728,700
35613,11,12,36358,980
35613,11,12,35988,1260
35613,11,12,35618,1470
20405,11,12,21887,0
20405,11,12,21517,350
20405,11,12,21147,630
20405,11,12,20777,910
20405,11,12,20407,1120
20405,11,12,1,1190
32649,11,12,33760,0
32649,11,12,33390,420
32649,11,12,33020,630
32649,11,12,32650,910
32649,11,12,1,1120
21517,11,12,23370,0
21517,11,12,23000,420
21517,11,12,22630,630
21517,11,12,22260,910
21517,11,12,21890,1120
21517,11,12,21520,1400
25596,11,12,27451,0
25596,11,12,27081,420
25596,11,12,26711,700
25596,11,12,26341,910
25596,11,12,25971,1190
25596,11,12,25601,1470
28569,11,12,30419,0
28569,11,12,30049,490
28569,11,12,29679,770
28569,11,12,29309,1050
28569,11,12,28939,1260
22632,11,12,23743,0
22632,11,12,23373,560
22632,11,12,23003,770
22632,11,12,22633,1050
22632,11,12,1,1260
33760,11,12,35613,0
33760,11,12,35243,420
33760,11,12,34873,630
33760,11,12,34503,910
33760,11,12,34133,1190
33760,11,12,33763,1400
20030,11,12,21516,0
20030,11,12,21146,560
20030,11,12,20776,770
20030,11,12,20406,1050
20030,11,12,1,1120
23003,11,12,24114,0
23003,11,12,23744,560
23003,11,12,23374,770
23003,11,12,23004,1050
23003,11,12,1,1330
34875,11,12,35986,0
34875,11,12,35616,420
34875,11,12,35246,700
34875,11,12,34876,910
34875,11,12,1,1190
27082,11,12,28935,0
27082,11,12,28565,420
27082,11,12,28195,630
27082,11,12,27825,910
27082,11,12,27455,1120
27082,11,12,27085,1400
18923,11,12,22253,0
18923,11,12,21883,560
18923,11,12,21513,770
18923,11,12,21143,1050
18923,11,12,20773,1330
35246,11,12,36357,0
35246,11,12,35987,420
35246,11,12,35617,700
35246,11,12,35247,910
35246,11,12,1,1190
24114,11,12,25967,0
24114,11,12,25597,560
24114,11,12,25227,770
24114,11,12,24857,1050
24114,11,12,24487,1260
28193,11,12,29678,0
28193,11,12,29308,560
28193,11,12,28938,840
28193,11,12,28568,1050
28193,11,12,28198,1330
20400,11,12,21887,0
20400,11,12,21517,350
20400,11,12,21147,630
20400,11,12,20777,840
20400,11,12,1,1120
25229,11,12,26340,0
25229,11,12,25970,490
25229,11,12,25600,700
25229,11,12,25230,980
25229,11,12,1,1190
21512,11,12,23000,0
21512,11,12,22630,560
21512,11,12,22260,840
21512,11,12,21890,1050
21512,11,12,21520,1330
18548,11,12,21142,0
18548,11,12,20772,560
18548,11,12,20032,840
18548,11,12,19662,910
18548,11,12,19292,980
18548,11,12,18552,1050
18548,11,12,1,1120
36357,11,12,38210,0
36357,11,12,37840,350
36357,11,12,37470,630
36357,11,12,37100,840
36357,11,12,36730,1120
36357,11,12,36360,1330
28564,11,12,30049,0
28564,11,12,29679,560
28564,11,12,29309,840
28564,11,12,28939,1050
28564,11,12,28569,1330
22627,11,12,24853,0
22627,11,12,24483,350
22627,11,12,24113,560
22627,11,12,23743,840
22627,11,12,23373,1120
22627,11,12,23003,1330
25600,11,12,26711,0
25600,11,12,26341,490
25600,11,12,25971,700
25600,11,12,25601,980
25600,11,12,1,1190
29679,11,12,31162,0
29679,11,12,30792,560
29679,11,12,30422,770
29679,11,12,30052,1050
29679,11,12,29682,1330
30791,11,12,32275,0
30791,11,12,31905,350
30791,11,12,31535,630
30791,11,12,31165,840
30791,11,12,30795,1120
30791,11,12,1,1330
20025,11,12,22256,0
20025,11,12,21886,490
20025,11,12,21516,770
20025,11,12,21146,980
20025,11,12,20776,1260
20025,11,12,20406,1470
20034,11,12,21516,0
20034,11,12,21146,560
20034,11,12,20776,840
20034,11,12,20406,1050
20034,11,12,20036,1120
20034,11,12,1,1190
26711,11,12,28564,0
26711,11,12,28194,420
26711,11,12,27824,630
26711,11,12,27454,910
26711,11,12,27084,1120
26711,11,12,26714,1400
18918,11,12,21513,0
18918,11,12,21143,350
18918,11,12,20773,630
18918,11,12,20403,840
18918,11,12,20033,910
18918,11,12,19663,980
18918,11,12,18923,1050
18918,11,12,1,1120
31162,11,12,32646,0
31162,11,12,32276,420
31162,11,12,31906,630
31162,11,12,31536,910
31162,11,12,31166,1120
31162,11,12,1,1400
32277,11,12,34129,0
32277,11,12,33759,350
32277,11,12,33389,560
32277,11,12,33019,840
32277,11,12,32649,1120
32277,11,12,32279,1330
21145,11,12,22629,0
21145,11,12,22259,490
21145,11,12,21889,770
21145,11,12,21519,980
21145,11,12,21149,1260
21145,11,12,1,1470
25224,11,12,27080,0
25224,11,12,26710,490
25224,11,12,26340,770
25224,11,12,25970,980
25224,11,12,25600,1260
25224,11,12,25230,1470
28197,11,12,29308,0
28197,11,12,28938,350
28197,11,12,28568,630
28197,11,12,28198,840
28197,11,12,1,1120
21507,11,12,22630,0
21507,11,12,22260,560
21507,11,12,21890,840
21507,11,12,21520,1050
21507,11,12,1,1330
21516,11,12,23000,0
21516,11,12,22630,490
21516,11,12,22260,700
21516,11,12,21890,980
21516,11,12,21520,1190
21516,11,12,1,1470
18552,11,12,22252,0
18552,11,12,21882,490
18552,11,12,21512,770
18552,11,12,21142,980
18552,11,12,20772,1260
18552,11,12,20402,1470
25595,11,12,27451,0
25595,11,12,27081,490
25595,11,12,26711,700
25595,11,12,26341,980
25595,11,12,25971,1190
25595,11,12,25601,1470
22631,11,12,24483,0
22631,11,12,24113,490
22631,11,12,23743,770
22631,11,12,23373,980
22631,11,12,23003,1260
22631,11,12,22633,1470
33759,11,12,35243,0
33759,11,12,34873,490
33759,11,12,34503,770
33759,11,12,34133,980
33759,11,12,33763,1260
33759,11,12,1,1470
20029,11,12,21516,0
20029,11,12,21146,560
20029,11,12,20776,770
20029,11,12,20406,1050
20029,11,12,1,1120
30795,11,12,32645,0
30795,11,12,32275,560
30795,11,12,31905,770
30795,11,12,31535,1050
30795,11,12,31165,1260
34874,11,12,36726,0
34874,11,12,36356,350
34874,11,12,35986,630
34874,11,12,35616,910
34874,11,12,35246,1120
34874,11,12,34876,1400
31166,11,12,33016,0
31166,11,12,32646,560
31166,11,12,32276,840
31166,11,12,31906,1050
31166,11,12,31536,1330
21140,11,12,22629,0
21140,11,12,22259,420
21140,11,12,21889,700
21140,11,12,21519,910
21140,11,12,21149,1190
21140,11,12,1,1470
24113,11,12,25967,0
24113,11,12,25597,350
24113,11,12,25227,560
24113,11,12,24857,840
24113,11,12,24487,1120
24113,11,12,24117,1330
21149,11,12,22999,0
21149,11,12,22629,560
21149,11,12,22259,840
21149,11,12,21889,1050
21149,11,12,21519,1330
28192,11,12,29678,0
28192,11,12,29308,560
28192,11,12,28938,840
28192,11,12,28568,1050
28192,11,12,28198,1330
25228,11,12,27080,0
25228,11,12,26710,420
25228,11,12,26340,700
25228,11,12,25970,910
25228,11,12,25600,1190
25228,11,12,25230,1470
21511,11,12,23000,0
21511,11,12,22630,350
21511,11,12,22260,630
21511,11,12,21890,910
21511,11,12,21520,1120
21511,11,12,1,1400
18547,11,12,21142,0
18547,11,12,20772,560
18547,11,12,20032,840
18547,11,12,19662,910
18547,11,12,19292,980
18547,11,12,18552,1050
18547,11,12,1,1120
21520,11,12,23740,0
21520,11,12,23370,350
21520,11,12,23000,630
21520,11,12,22630,840
21520,11,12,22260,1120
21520,11,12,21890,1330
36356,11,12,37840,0
36356,11,12,37470,420
36356,11,12,37100,700
36356,11,12,36730,910
36356,11,12,36360,1190
36356,11,12,1,1400
22626,11,12,24853,0
22626,11,12,24483,350
22626,11,12,24113,560
22626,11,12,23743,840
22626,11,12,23373,1120
22626,11,12,23003,1330
33392,11,12,35242,0
33392,11,12,34872,560
33392,11,12,34502,840
33392,11,12,34132,1050
33392,11,12,33762,1330
20024,11,12,21886,0
20024,11,12,21516,560
20024,11,12,21146,840
20024,11,12,20776,1050
20024,11,12,20406,1330
20024,11,12,1,1400
30790,11,12,32275,0
30790,11,12,31905,560
30790,11,12,31535,840
30790,11,12,31165,1050
30790,11,12,30795,1330
33763,11,12,35613,0
33763,11,12,35243,560
33763,11,12,34873,840
33763,11,12,34503,1050
33763,11,12,34133,1330
27826,11,12,28937,0
27826,11,12,28567,420
27826,11,12,28197,630
27826,11,12,27827,910
27826,11,12,1,1120
26710,11,12,28194,0
26710,11,12,27824,420
26710,11,12,27454,700
26710,11,12,27084,910
26710,11,12,26714,1190
26710,11,12,1,1470
23746,11,12,25966,0
23746,11,12,25596,420
23746,11,12,25226,700
23746,11,12,24856,980
23746,11,12,24486,1190
23746,11,12,24116,1470
31161,11,12,33016,0
31161,11,12,32646,350
31161,11,12,32276,630
31161,11,12,31906,840
31161,11,12,31536,1120
31161,11,12,31166,1330
32276,11,12,34129,0
32276,11,12,33759,350
32276,11,12,33389,560
32276,11,12,33019,840
32276,11,12,32649,1120
32276,11,12,32279,1330
21135,11,12,22629,0
21135,11,12,22259,350
21135,11,12,21889,630
21135,11,12,21519,840
21135,11,12,21149,1120
21135,11,12,1,1330
21144,11,12,22629,0
21144,11,12,22259,490
21144,11,12,21889,770
21144,11,12,21519,980
21144,11,12,21149,1260
21144,11,12,1,1470
24117,11,12,26337,0
24117,11,12,25967,420
24117,11,12,25597,700
24117,11,12,25227,910
24117,11,12,24857,1190
24117,11,12,24487,1400
18180,11,12,21141,0
18180,11,12,20771,560
18180,11,12,20031,840
18180,11,12,19661,910
18180,11,12,18921,980
18180,11,12,18551,1050
18180,11,12,18181,1120
18180,11,12,1,1190
28196,11,12,29678,0
28196,11,12,29308,560
28196,11,12,28938,770
28196,11,12,28568,1050
28196,11,12,28198,1330
21506,11,12,23000,0
21506,11,12,22630,560
21506,11,12,22260,770
21506,11,12,21890,1050
21506,11,12,21520,1260
29308,11,12,30791,0
29308,11,12,30421,560
29308,11,12,30051,770
29308,11,12,29681,1050
29308,11,12,29311,1260
21515,11,12,23000,0
21515,11,12,22630,490
21515,11,12,22260,700
21515,11,12,21890,980
21515,11,12,21520,1190
21515,11,12,1,1470
18551,11,12,21512,0
18551,11,12,21142,350
18551,11,12,20772,630
18551,11,12,20402,840
18551,11,12,20032,910
18551,11,12,19292,980
18551,11,12,18922,1050
18551,11,12,18552,1120
18551,11,12,1,1190
33387,11,12,35242,0
33387,11,12,34872,420
33387,11,12,34502,700
33387,11,12,34132,980
33387,11,12,33762,1190
33387,11,12,33392,1470
30423,11,12,31534,0
30423,11,12,31164,350
30423,11,12,30794,630
30423,11,12,30424,840
30423,11,12,1,1120
22630,11,12,24483,0
22630,11,12,24113,560
22630,11,12,23743,840
22630,11,12,23373,1050
22630,11,12,23003,1330
33758,11,12,35613,0
33758,11,12,35243,420
33758,11,12,34873,700
33758,11,12,34503,980
33758,11,12,34133,1190
33758,11,12,33763,1470
27821,11,12,29677,0
27821,11,12,29307,350
27821,11,12,28937,630
27821,11,12,28567,840
27821,11,12,28197,1120
27821,11,12,27827,1400
30794,11,12,31905,0
30794,11,12,31535,350
30794,11,12,31165,630
30794,11,12,30795,840
30794,11,12,1,1120
34873,11,12,36726,0
34873,11,12,36356,420
34873,11,12,35986,700
34873,11,12,35616,910
34873,11,12,35246,1190
34873,11,12,34876,1400
19662,11,12,21515,0
19662,11,12,21145,490
19662,11,12,20775,770
19662,11,12,20405,980
19662,11,12,20035,1050
19662,11,12,1,1120
20768,11,12,22628,0
20768,11,12,22258,350
20768,11,12,21888,630
20768,11,12,21518,840
20768,11,12,21148,1120
20768,11,12,20778,1330
23741,11,12,25966,0
23741,11,12,25596,350
23741,11,12,25226,560
23741,11,12,24856,840
23741,11,12,24486,1120
23741,11,12,24116,1330
26714,11,12,28934,0
26714,11,12,28564,420
26714,11,12,28194,630
26714,11,12,27824,910
26714,11,12,27454,1120
26714,11,12,27084,1400
20777,11,12,21888,0
20777,11,12,21518,420
20777,11,12,21148,630
20777,11,12,20778,910
20777,11,12,1,1190
21139,11,12,22629,0
21139,11,12,22259,490
21139,11,12,21889,770
21139,11,12,21519,1050
21139,11,12,21149,1260
31905,11,12,33388,0
31905,11,12,33018,560
31905,11,12,32648,840
31905,11,12,32278,1050
31905,11,12,31908,1330
24112,11,12,25967,0
24112,11,12,25597,560
24112,11,12,25227,770
24112,11,12,24857,1050
24112,11,12,24487,1260
35984,11,12,37839,0
35984,11,12,37469,490
35984,11,12,37099,700
35984,11,12,36729,980
35984,11,12,36359,1190
35984,11,12,35989,1470
21148,11,12,22259,0
21148,11,12,21889,420
21148,11,12,21519,630
21148,11,12,21149,910
21148,11,12,1,1190
33020,11,12,34131,0
33020,11,12,33761,420
33020,11,12,33391,630
33020,11,12,33021,910
33020,11,12,1,1120
25227,11,12,27080,0
25227,11,12,26710,490
25227,11,12,26340,770
25227,11,12,25970,980
25227,11,12,25600,1260
25227,11,12,25230,1470
26339,11,12,27823,0
26339,11,12,27453,490
26339,11,12,27083,770
26339,11,12,26713,980
26339,11,12,26343,1260
26339,11,12,1,1470
18546,11,12,21142,0
18546,11,12,20772,560
18546,11,12,20032,840
18546,11,12,19662,910
18546,11,12,19292,980
18546,11,12,18552,1050
18546,11,12,1,1120
36355,11,12,38210,0
36355,11,12,37840,420
36355,11,12,37470,700
36355,11,12,37100,910
36355,11,12,36730,1190
36355,11,12,36360,1400
33391,11,12,34502,0
33391,11,12,34132,420
33391,11,12,33762,630
33391,11,12,33392,910
33391,11,12,1,1190
22259,11,12,24112,0
22259,11,12,23742,560
22259,11,12,23372,840
22259,11,12,23002,1050
22259,11,12,22632,1330
27825,11,12,29677,0
27825,11,12,29307,350
27825,11,12,28937,560
27825,11,12,28567,840
27825,11,12,28197,1120
27825,11,12,27827,1330
19657,11,12,21885,0
19657,11,12,21515,560
19657,11,12,21145,840
19657,11,12,20775,1050
19657,11,12,20405,1330
19657,11,12,19665,1400
19657,11,12,1,1470
34502,11,12,36355,0
34502,11,12,35985,420
34502,11,12,35615,700
34502,11,12,35245,910
34502,11,12,34875,1190
34502,11,12,34505,1400
26709,11,12,28564,0
26709,11,12,28194,420
26709,11,12,27824,630
26709,11,12,27454,910
26709,11,12,27084,1190
26709,11,12,26714,1400
20772,11,12,21888,0
20772,11,12,21518,420
20772,11,12,21148,630
20772,11,12,20778,910
20772,11,12,1,1120
23745,11,12,24856,0
23745,11,12,24486,560
23745,11,12,24116,770
23745,11,12,23746,1050
23745,11,12,1,1330
21134,11,12,22259,0
21134,11,12,21889,490
21134,11,12,21519,700
21134,11,12,21149,980
21134,11,12,1,1260
28936,11,12,30420,0
28936,11,12,30050,350
28936,11,12,29680,560
28936,11,12,29310,840
28936,11,12,28940,1120
28936,11,12,1,1330
21143,11,12,22999,0
21143,11,12,22629,350
21143,11,12,22259,630
21143,11,12,21889,840
21143,11,12,21519,1120
21143,11,12,21149,1400
18179,11,12,21141,0
18179,11,12,20771,560
18179,11,12,20401,770
18179,11,12,20031,840
18179,11,12,19661,910
18179,11,12,18921,980
18179,11,12,18551,1050
18179,11,12,1,1120
29307,11,12,30791,0
29307,11,12,30421,350
29307,11,12,30051,560
29307,11,12,29681,840
29307,11,12,29311,1120
29307,11,12,1,1330
23370,11,12,25225,0
23370,11,12,24855,560
23370,11,12,24485,840
23370,11,12,24115,1050
23370,11,12,23745,1330
26343,11,12,28563,0
26343,11,12,28193,420
26343,11,12,27823,700
26343,11,12,27453,910
26343,11,12,27083,1190
26343,11,12,26713,1400
30422,11,12,31904,0
30422,11,12,31534,560
30422,11,12,31164,840
30422,11,12,30794,1050
30422,11,12,30424,1330
22254,11,12,24112,0
22254,11,12,23742,560
22254,11,12,23372,840
22254,11,12,23002,1050
22254,11,12,22632,1330
19290,11,12,21514,0
19290,11,12,21144,420
19290,11,12,20774,700
19290,11,12,20404,910
19290,11,12,20034,980
19290,11,12,19294,1050
19290,11,12,1,1120
19661,11,12,21515,0
19661,11,12,21145,490
19661,11,12,20775,700
19661,11,12,20405,980
19661,11,12,19665,1050
19661,11,12,1,1120
31533,11,12,33017,0
31533,11,12,32647,420
31533,11,12,32277,630
31533,11,12,31907,910
31533,11,12,31537,1120
31533,11,12,1,1400
20767,11,12,22628,0
20767,11,12,22258,350
20767,11,12,21888,560
20767,11,12,21518,840
20767,11,12,21148,1120
20767,11,12,20778,1330
23740,11,12,25966,0
23740,11,12,25596,350
23740,11,12,25226,630
23740,11,12,24856,840
23740,11,12,24486,1120
23740,11,12,24116,1330
16697,11,12,21877,0
16697,11,12,21507,490
16697,11,12,21137,770
16697,11,12,20767,980
16697,11,12,20397,1260
16697,11,12,19657,1330
16697,11,12,19287,1400
16697,11,12,18547,1470
20776,11,12,21888,0
20776,11,12,21518,420
20776,11,12,21148,630
20776,11,12,20778,910
20776,11,12,1,1190
21138,11,12,22629,0
21138,11,12,22259,490
21138,11,12,21889,770
21138,11,12,21519,1050
21138,11,12,21149,1260
25967,11,12,27822,0
25967,11,12,27452,420
25967,11,12,27082,700
25967,11,12,26712,910
25967,11,12,26342,1190
25967,11,12,25972,1470
31904,11,12,33388,0
31904,11,12,33018,420
31904,11,12,32648,630
31904,11,12,32278,910
31904,11,12,31908,1120
31904,11,12,1,1400
28940,11,12,30790,0
28940,11,12,30420,490
28940,11,12,30050,770
28940,11,12,29680,1050
28940,11,12,29310,1260
18174,11,12,21141,0
18174,11,12,20771,490
18174,11,12,20401,770
18174,11,12,19661,840
18174,11,12,19291,910
18174,11,12,18921,980
18174,11,12,18181,1050
18174,11,12,1,1120
33019,11,12,34871,0
33019,11,12,34501,350
33019,11,12,34131,560
33019,11,12,33761,840
33019,11,12,33391,1120
33019,11,12,33021,1330
26338,11,12,28193,0
26338,11,12,27823,420
26338,11,12,27453,700
26338,11,12,27083,910
26338,11,12,26713,1190
26338,11,12,26343,1470
29311,11,12,31161,0
29311,11,12,30791,490
29311,11,12,30421,770
29311,11,12,30051,1050
29311,11,12,29681,1260
23374,11,12,24485,0
23374,11,12,24115,560
23374,11,12,23745,770
23374,11,12,23375,1050
23374,11,12,1,1260
22249,11,12,24482,0
22249,11,12,24112,350
22249,11,12,23742,560
22249,11,12,23372,840
22249,11,12,23002,1120
22249,11,12,22632,1330
19285,11,12,21884,0
19285,11,12,21514,490
19285,11,12,21144,770
19285,11,12,20774,980
19285,11,12,20404,1260
19285,11,12,19664,1330
19285,11,12,19294,1400
19285,11,12,1,1470
22258,11,12,24112,0
22258,11,12,23742,350
22258,11,12,23372,630
22258,11,12,23002,840
22258,11,12,22632,1120
22258,11,12,22262,1400
19294,11,12,22624,0
19294,11,12,22254,350
19294,11,12,21884,630
19294,11,12,21514,840
19294,11,12,21144,1120
19294,11,12,20774,1330
19656,11,12,21885,0
19656,11,12,21515,560
19656,11,12,21145,840
19656,11,12,20775,1050
19656,11,12,20405,1330
19656,11,12,19665,1400
19656,11,12,1,1470
34501,11,12,35985,0
34501,11,12,35615,490
34501,11,12,35245,770
34501,11,12,34875,980
34501,11,12,34505,1260
34501,11,12,1,1470
19665,11,12,22625,0
19665,11,12,22255,420
19665,11,12,21885,630
19665,11,12,21515,910
19665,11,12,21145,1190
19665,11,12,20775,1400
31537,11,12,33387,0
31537,11,12,33017,560
31537,11,12,32647,770
31537,11,12,32277,1050
31537,11,12,31907,1330
20771,11,12,21888,0
20771,11,12,21518,420
20771,11,12,21148,630
20771,11,12,20778,910
20771,11,12,1,1120
21883,11,12,23001,0
21883,11,12,22631,560
21883,11,12,22261,840
21883,11,12,21891,1050
21883,11,12,1,1330
24856,11,12,26709,0
24856,11,12,26339,490
24856,11,12,25969,770
24856,11,12,25599,1050
24856,11,12,25229,1260
28935,11,12,30420,0
28935,11,12,30050,560
28935,11,12,29680,840
28935,11,12,29310,1050
28935,11,12,28940,1330
31908,11,12,33758,0
31908,11,12,33388,560
31908,11,12,33018,770
31908,11,12,32648,1050
31908,11,12,32278,1330
25971,11,12,27082,0
25971,11,12,26712,490
25971,11,12,26342,770
25971,11,12,25972,980
25971,11,12,1,1260
26342,11,12,27453,0
26342,11,12,27083,490
26342,11,12,26713,770
26342,11,12,26343,980
26342,11,12,1,1260
22253,11,12,24112,0
22253,11,12,23742,560
22253,11,12,23372,840
22253,11,12,23002,1050
22253,11,12,22632,1330
19289,11,12,21514,0
19289,11,12,21144,420
19289,11,12,20774,700
19289,11,12,20404,910
19289,11,12,20034,980
19289,11,12,19294,1050
19289,11,12,1,1120
22262,11,12,24482,0
22262,11,12,24112,420
22262,11,12,23742,700
22262,11,12,23372,980
22262,11,12,23002,1190
22262,11,12,22632,1470
16325,11,12,20766,0
16325,11,12,20396,560
16325,11,12,19656,630
16325,11,12,19286,700
16325,11,12,18916,770
16325,11,12,18176,840
16325,11,12,17806,910
16325,11,12,17066,980
16325,11,12,16696,1050
16325,11,12,16326,1120
16325,11,12,1,1190
27453,11,12,29306,0
27453,11,12,28936,350
27453,11,12,28566,560
27453,11,12,28196,840
27453,11,12,27826,1120
27453,11,12,27456,1330
20766,11,12,22258,0
20766,11,12,21888,420
20766,11,12,21518,700
20766,11,12,21148,910
20766,11,12,20778,1190
20766,11,12,1,1400
16696,11,12,21137,0
16696,11,12,20767,350
16696,11,12,20027,630
16696,11,12,19657,700
16696,11,12,19287,770
16696,11,12,18547,840
16696,11,12,18177,910
16696,11,12,17437,980
16696,11,12,17067,1050
16696,11,12,16697,1120
16696,11,12,1,1190
34505,11,12,36355,0
34505,11,12,35985,560
34505,11,12,35615,840
34505,11,12,35245,1050
34505,11,12,34875,1330
31532,11,12,33387,0
31532,11,12,33017,350
31532,11,12,32647,630
31532,11,12,32277,840
31532,11,12,31907,1120
31532,11,12,31537,1330
21878,11,12,23371,0
21878,11,12,23001,490
21878,11,12,22631,770
21878,11,12,22261,1050
21878,11,12,21891,1260
35617,12,13,36728,0
35617,12,13,36358,420
35617,12,13,35988,700
35617,12,13,35618,910
35617,12,13,1,1190
21887,12,13,23371,0
21887,12,13,23001,560
21887,12,13,22631,770
21887,12,13,22261,1050
21887,12,13,21891,1330
25966,12,13,27822,0
25966,12,13,27452,490
25966,12,13,27082,700
25966,12,13,26712,980
25966,12,13,26342,1190
25966,12,13,25972,1470
28939,12,13,30050,0
28939,12,13,29680,350
28939,12,13,29310,630
28939,12,13,28940,840
28939,12,13,1,1120
34130,12,13,35614,0
34130,12,13,35244,490
34130,12,13,34874,770
34130,12,13,34504,980
34130,12,13,34134,1260
34130,12,13,1,1470
23373,12,13,25225,0
23373,12,13,24855,490
23373,12,13,24485,770
23373,12,13,24115,980
23373,12,13,23745,1260
30050,12,13,31533,0
30050,12,13,31163,560
30050,12,13,30793,770
30050,12,13,30423,1050
30050,12,13,30053,1330
19293,12,13,21514,0
19293,12,13,21144,490
19293,12,13,20774,700
19293,12,13,20034,980
19293,12,13,19664,1050
19293,12,13,19294,1120
19293,12,13,1,1190
24484,12,13,26338,0
24484,12,13,25968,350
24484,12,13,25598,560
24484,12,13,25228,840
24484,12,13,24858,1120
24484,12,13,24488,1330
34500,12,13,36355,0
34500,12,13,35985,490
34500,12,13,35615,700
34500,12,13,35245,980
34500,12,13,34875,1190
34500,12,13,34505,1470
31536,12,13,32647,0
31536,12,13,32277,350
31536,12,13,31907,630
31536,12,13,31537,910
31536,12,13,1,1120
20395,12,13,22257,0
20395,12,13,21887,420
20395,12,13,21517,630
20395,12,13,21147,910
20395,12,13,20777,1120
20395,12,13,20407,1400
20395,12,13,1,1470
20404,12,13,21887,0
20404,12,13,21517,350
20404,12,13,21147,630
20404,12,13,20777,840
20404,12,13,1,1120
32648,12,13,34500,0
32648,12,13,34130,350
32648,12,13,33760,560
32648,12,13,33390,840
32648,12,13,33020,1120
32648,12,13,32650,1330
21882,12,13,23001,0
21882,12,13,22631,560
21882,12,13,22261,770
21882,12,13,21891,1050
21882,12,13,1,1330
24855,12,13,26339,0
24855,12,13,25969,560
24855,12,13,25599,840
24855,12,13,25229,1050
24855,12,13,24859,1330
21891,12,13,24111,0
21891,12,13,23741,350
21891,12,13,23371,560
21891,12,13,23001,840
21891,12,13,22631,1120
21891,12,13,22261,1330
36727,12,13,38211,0
36727,12,13,37841,420
36727,12,13,37471,700
36727,12,13,37101,910
36727,12,13,36731,1190
36727,12,13,1,1400
28934,12,13,30420,0
28934,12,13,30050,560
28934,12,13,29680,840
28934,12,13,29310,1050
28934,12,13,28940,1330
25970,12,13,27822,0
25970,12,13,27452,420
25970,12,13,27082,700
25970,12,13,26712,910
25970,12,13,26342,1190
25970,12,13,25972,1400
28568,12,13,29679,0
28568,12,13,29309,350
28568,12,13,28939,630
28568,12,13,28569,840
28568,12,13,1,1120
37098,12,13,38582,0
37098,12,13,38212,420
37098,12,13,37842,700
37098,12,13,37472,910
37098,12,13,37102,1190
37098,12,13,1,1400
34134,12,13,35984,0
34134,12,13,35614,560
34134,12,13,35244,840
34134,12,13,34874,1050
34134,12,13,34504,1330
23002,12,13,24854,0
23002,12,13,24484,490
23002,12,13,24114,770
23002,12,13,23744,1050
23002,12,13,23374,1260
27081,12,13,28565,0
27081,12,13,28195,420
27081,12,13,27825,700
27081,12,13,27455,980
27081,12,13,27085,1190
27081,12,13,1,1470
19288,12,13,21514,0
19288,12,13,21144,420
19288,12,13,20774,700
19288,12,13,20404,910
19288,12,13,20034,980
19288,12,13,19294,1050
19288,12,13,1,1120
18922,12,13,21513,0
18922,12,13,21143,420
18922,12,13,20773,630
18922,12,13,20403,910
18922,12,13,19663,980
18922,12,13,19293,1050
18922,12,13,18923,1120
18922,12,13,1,1190
35245,12,13,37097,0
35245,12,13,36727,350
35245,12,13,36357,630
35245,12,13,35987,910
35245,12,13,35617,1120
35245,12,13,35247,1400
27452,12,13,28936,0
27452,12,13,28566,350
27452,12,13,28196,630
27452,12,13,27826,910
27452,12,13,27456,1120
27452,12,13,1,1400
24488,12,13,26708,0
24488,12,13,26338,420
24488,12,13,25968,700
24488,12,13,25598,910
24488,12,13,25228,1190
24488,12,13,24858,1400
20399,12,13,22257,0
20399,12,13,21887,420
20399,12,13,21517,700
20399,12,13,21147,910
20399,12,13,20777,1190
20399,12,13,1,1470
21877,12,13,23371,0
21877,12,13,23001,560
21877,12,13,22631,770
21877,12,13,22261,1050
21877,12,13,21891,1330
35616,12,13,37468,0
35616,12,13,37098,350
35616,12,13,36728,630
35616,12,13,36358,910
35616,12,13,35988,1120
35616,12,13,35618,1400
21886,12,13,23371,0
21886,12,13,23001,350
21886,12,13,22631,630
21886,12,13,22261,840
21886,12,13,21891,1120
21886,12,13,1,1400
36731,12,13,38581,0
36731,12,13,38211,490
36731,12,13,37841,770
36731,12,13,37471,980
36731,12,13,37101,1260
28563,12,13,30049,0
28563,12,13,29679,560
28563,12,13,29309,840
28563,12,13,28939,1050
28563,12,13,28569,1330
25599,12,13,27451,0
25599,12,13,27081,420
25599,12,13,26711,700
25599,12,13,26341,910
25599,12,13,25971,1190
25599,12,13,25601,1470
17806,12,13,21140,0
17806,12,13,20770,490
17806,12,13,20400,700
17806,12,13,20030,770
17806,12,13,19290,840
17806,12,13,18920,910
17806,12,13,18550,980
17806,12,13,17810,1050
17806,12,13,1,1120
29678,12,13,31162,0
29678,12,13,30792,350
29678,12,13,30422,630
29678,12,13,30052,840
29678,12,13,29682,1120
29678,12,13,1,1330
34129,12,13,35984,0
34129,12,13,35614,490
34129,12,13,35244,700
34129,12,13,34874,980
34129,12,13,34504,1190
34129,12,13,34134,1470
20033,12,13,21516,0
20033,12,13,21146,560
20033,12,13,20776,770
20033,12,13,20406,1050
20033,12,13,1,1120
30049,12,13,31533,0
30049,12,13,31163,350
30049,12,13,30793,630
30049,12,13,30423,840
30049,12,13,30053,1120
30049,12,13,1,1330
27085,12,13,29305,0
27085,12,13,28935,420
27085,12,13,28565,630
27085,12,13,28195,910
27085,12,13,27825,1120
27085,12,13,27455,1400
18917,12,13,21513,0
18917,12,13,21143,350
18917,12,13,20773,630
18917,12,13,20403,840
18917,12,13,20033,910
18917,12,13,19663,980
18917,12,13,18923,1050
18917,12,13,1,1120
24483,12,13,26338,0
24483,12,13,25968,560
24483,12,13,25598,770
24483,12,13,25228,1050
24483,12,13,24858,1260
20403,12,13,21887,0
20403,12,13,21517,350
20403,12,13,21147,630
20403,12,13,20777,840
20403,12,13,1,1120
32647,12,13,34500,0
32647,12,13,34130,350
32647,12,13,33760,560
32647,12,13,33390,840
32647,12,13,33020,1120
32647,12,13,32650,1330
17439,12,13,22249,0
17439,12,13,21879,350
17439,12,13,21509,630
17439,12,13,21139,840
17439,12,13,20769,1120
17439,12,13,20399,1330
17439,12,13,20029,1400
17439,12,13,19289,1470
21881,12,13,23371,0
21881,12,13,23001,490
21881,12,13,22631,770
21881,12,13,22261,1050
21881,12,13,21891,1260
36726,12,13,38581,0
36726,12,13,38211,420
36726,12,13,37841,700
36726,12,13,37471,910
36726,12,13,37101,1190
36726,12,13,36731,1400
28567,12,13,30049,0
28567,12,13,29679,560
28567,12,13,29309,770
28567,12,13,28939,1050
28567,12,13,28569,1330
29682,12,13,31532,0
29682,12,13,31162,560
29682,12,13,30792,770
29682,12,13,30422,1050
29682,12,13,30052,1260
20028,12,13,22256,0
20028,12,13,21886,350
20028,12,13,21516,630
20028,12,13,21146,910
20028,12,13,20776,1120
20028,12,13,20036,1400
20028,12,13,1,1470
23001,12,13,25224,0
23001,12,13,24854,350
23001,12,13,24484,630
23001,12,13,24114,840
23001,12,13,23744,1120
23001,12,13,23374,1330
27080,12,13,28935,0
27080,12,13,28565,420
27080,12,13,28195,630
27080,12,13,27825,910
27080,12,13,27455,1190
27080,12,13,27085,1400
18921,12,13,21513,0
18921,12,13,21143,420
18921,12,13,20773,630
18921,12,13,20403,910
18921,12,13,19663,980
18921,12,13,19293,1050
18921,12,13,1,1120
31165,12,13,32276,0
31165,12,13,31906,420
31165,12,13,31536,630
31165,12,13,31166,910
31165,12,13,1,1120
35244,12,13,37097,0
35244,12,13,36727,420
35244,12,13,36357,700
35244,12,13,35987,910
35244,12,13,35617,1190
35244,12,13,35247,1400
20398,12,13,22257,0
20398,12,13,21887,420
20398,12,13,21517,700
20398,12,13,21147,910
20398,12,13,20777,1190
20398,12,13,1,1470
21876,12,13,23371,0
21876,12,13,23001,560
21876,12,13,22631,770
21876,12,13,22261,1050
21876,12,13,21891,1260
35615,12,13,37468,0
35615,12,13,37098,420
35615,12,13,36728,700
35615,12,13,36358,910
35615,12,13,35988,1190
35615,12,13,35618,1400
21510,12,13,23000,0
21510,12,13,22630,350
21510,12,13,22260,630
21510,12,13,21890,910
21510,12,13,21520,1120
21510,12,13,1,1400
36730,12,13,37841,0
36730,12,13,37471,350
36730,12,13,37101,630
36730,12,13,36731,840
36730,12,13,1,1120
21519,12,13,22630,0
21519,12,13,22260,420
21519,12,13,21890,700
21519,12,13,21520,910
21519,12,13,1,1190
22625,12,13,24853,0
22625,12,13,24483,350
22625,12,13,24113,560
22625,12,13,23743,840
22625,12,13,23373,1120
22625,12,13,23003,1330
25598,12,13,27451,0
25598,12,13,27081,490
25598,12,13,26711,700
25598,12,13,26341,980
25598,12,13,25971,1190
25598,12,13,25601,1470
29677,12,13,31162,0
29677,12,13,30792,560
29677,12,13,30422,840
29677,12,13,30052,1050
29677,12,13,29682,1330
33762,12,13,34873,0
33762,12,13,34503,420
33762,12,13,34133,630
33762,12,13,33763,910
33762,12,13,1,1190
20032,12,13,21516,0
20032,12,13,21146,560
20032,12,13,20776,770
20032,12,13,20036,1050
20032,12,13,1,1120
37841,12,13,39694,0
37841,12,13,39324,350
37841,12,13,38954,630
37841,12,13,38584,840
37841,12,13,38214,1120
37841,12,13,37844,1330
27084,12,13,28195,0
27084,12,13,27825,490
27084,12,13,27455,700
27084,12,13,27085,980
27084,12,13,1,1190
18916,12,13,21513,0
18916,12,13,21143,350
18916,12,13,20773,630
18916,12,13,20403,840
18916,12,13,20033,910
18916,12,13,19663,980
18916,12,13,18923,1050
18916,12,13,1,1120
38212,12,13,40065,0
38212,12,13,39695,350
38212,12,13,39325,630
38212,12,13,38955,840
38212,12,13,38585,1120
38212,12,13,38215,1330
32275,12,13,33759,0
32275,12,13,33389,420
32275,12,13,33019,630
32275,12,13,32649,910
32275,12,13,32279,1190
32275,12,13,1,1400
24116,12,13,25227,0
24116,12,13,24857,490
24116,12,13,24487,770
24116,12,13,24117,1050
24116,12,13,1,1260
28195,12,13,29678,0
28195,12,13,29308,560
28195,12,13,28938,770
28195,12,13,28568,1050
28195,12,13,28198,1260
32646,12,13,34130,0
32646,12,13,33760,420
32646,12,13,33390,630
32646,12,13,33020,910
32646,12,13,32650,1190
32646,12,13,1,1400
17438,12,13,21139,0
17438,12,13,20769,490
17438,12,13,20399,700
17438,12,13,20029,770
17438,12,13,19289,840
17438,12,13,18919,910
17438,12,13,18179,980
17438,12,13,17809,1050
17438,12,13,17439,1120
17438,12,13,1,1190
21505,12,13,23000,0
21505,12,13,22630,560
21505,12,13,22260,770
21505,12,13,21890,1050
21505,12,13,21520,1260
21514,12,13,23000,0
21514,12,13,22630,560
21514,12,13,22260,770
21514,12,13,21890,1050
21514,12,13,21520,1330
18550,12,13,21512,0
18550,12,13,21142,350
18550,12,13,20772,630
18550,12,13,20402,840
18550,12,13,20032,910
18550,12,13,19292,980
18550,12,13,18922,1050
18550,12,13,1,1120
36359,12,13,37470,0
36359,12,13,37100,350
36359,12,13,36730,630
36359,12,13,36360,840
36359,12,13,1,1120
28566,12,13,30049,0
28566,12,13,29679,560
28566,12,13,29309,770
28566,12,13,28939,1050
28566,12,13,28569,1260
22629,12,13,24483,0
22629,12,13,24113,350
22629,12,13,23743,630
22629,12,13,23373,840
22629,12,13,23003,1120
22629,12,13,22633,1400
29681,12,13,30792,0
29681,12,13,30422,350
29681,12,13,30052,630
29681,12,13,29682,840
29681,12,13,1,1120
30793,12,13,32275,0
30793,12,13,31905,560
30793,12,13,31535,840
30793,12,13,31165,1050
30793,12,13,30795,1330
20027,12,13,22256,0
20027,12,13,21886,350
20027,12,13,21516,630
20027,12,13,21146,910
20027,12,13,20776,1120
20027,12,13,20036,1400
20027,12,13,1,1470
23000,12,13,24854,0
23000,12,13,24484,420
23000,12,13,24114,630
23000,12,13,23744,910
23000,12,13,23374,1120
23000,12,13,23004,1400
20036,12,13,22626,0
20036,12,13,22256,490
20036,12,13,21886,700
20036,12,13,21516,980
20036,12,13,21146,1190
20036,12,13,20776,1470
34872,12,13,36356,0
34872,12,13,35986,490
34872,12,13,35616,770
34872,12,13,35246,980
34872,12,13,34876,1260
26713,12,13,27824,0
26713,12,13,27454,490
26713,12,13,27084,700
26713,12,13,26714,980
26713,12,13,1,1190
18920,12,13,21513,0
18920,12,13,21143,350
18920,12,13,20773,630
18920,12,13,20033,910
18920,12,13,19663,980
18920,12,13,18923,1050
18920,12,13,1,1120
31164,12,13,33016,0
31164,12,13,32646,350
31164,12,13,32276,630
31164,12,13,31906,840
31164,12,13,31536,1120
31164,12,13,31166,1330
35243,12,13,36727,0
35243,12,13,36357,490
35243,12,13,35987,770
35243,12,13,35617,980
35243,12,13,35247,1260
32279,12,13,34129,0
32279,12,13,33759,560
32279,12,13,33389,770
32279,12,13,33019,1050
32279,12,13,32649,1330
17068,12,13,21878,0
17068,12,13,21508,560
17068,12,13,21138,770
17068,12,13,20768,1050
17068,12,13,20028,1330
17068,12,13,19658,1400
17068,12,13,18918,1470
24111,12,13,25967,0
24111,12,13,25597,560
24111,12,13,25227,770
24111,12,13,24857,1050
24111,12,13,24487,1330
21147,12,13,22259,0
21147,12,13,21889,420
21147,12,13,21519,630
21147,12,13,21149,910
21147,12,13,1,1190
25226,12,13,26710,0
25226,12,13,26340,560
25226,12,13,25970,770
25226,12,13,25600,1050
25226,12,13,25230,1260
21509,12,13,22630,0
21509,12,13,22260,490
21509,12,13,21890,770
21509,12,13,21520,980
21509,12,13,1,1260
18545,12,13,21142,0
18545,12,13,20772,560
18545,12,13,20032,840
18545,12,13,19662,910
18545,12,13,19292,980
18545,12,13,18552,1050
18545,12,13,1,1120
21518,12,13,23370,0
21518,12,13,23000,420
21518,12,13,22630,630
21518,12,13,22260,910
21518,12,13,21890,1120
21518,12,13,21520,1400
33390,12,13,35242,0
33390,12,13,34872,350
33390,12,13,34502,630
33390,12,13,34132,840
33390,12,13,33762,1120
33390,12,13,33392,1330
22624,12,13,24853,0
22624,12,13,24483,350
22624,12,13,24113,560
22624,12,13,23743,840
22624,12,13,23373,1120
22624,12,13,23003,1330
25597,12,13,27081,0
25597,12,13,26711,490
25597,12,13,26341,770
25597,12,13,25971,980
25597,12,13,25601,1260
22633,12,13,24853,0
22633,12,13,24483,420
22633,12,13,24113,700
22633,12,13,23743,980
22633,12,13,23373,1190
22633,12,13,23003,1470
37469,12,13,38953,0
37469,12,13,38583,420
37469,12,13,38213,700
37469,12,13,37843,910
37469,12,13,37473,1190
37469,12,13,1,1400
33761,12,13,35613,0
33761,12,13,35243,350
33761,12,13,34873,630
33761,12,13,34503,840
33761,12,13,34133,1120
33761,12,13,33763,1330
27824,12,13,29307,0
27824,12,13,28937,560
27824,12,13,28567,840
27824,12,13,28197,1050
27824,12,13,27827,1330
20031,12,13,21516,0
20031,12,13,21146,560
20031,12,13,20776,770
20031,12,13,20406,1050
20031,12,13,1,1120
37840,12,13,39324,0
37840,12,13,38954,420
37840,12,13,38584,700
37840,12,13,38214,910
37840,12,13,37844,1190
37840,12,13,1,1400
34876,12,13,36726,0
34876,12,13,36356,560
34876,12,13,35986,840
34876,12,13,35616,1050
34876,12,13,35246,1330
26708,12,13,28564,0
26708,12,13,28194,420
26708,12,13,27824,700
26708,12,13,27454,910
26708,12,13,27084,1190
26708,12,13,26714,1400
23744,12,13,25596,0
23744,12,13,25226,490
23744,12,13,24856,770
23744,12,13,24486,980
23744,12,13,24116,1260
38952,12,13,40807,0
38952,12,13,40437,420
38952,12,13,40067,700
38952,12,13,39697,910
38952,12,13,39327,1190
38952,12,13,38957,1400
32274,12,13,34129,0
32274,12,13,33759,350
32274,12,13,33389,630
32274,12,13,33019,910
32274,12,13,32649,1120
32274,12,13,32279,1400
21142,12,13,22999,0
21142,12,13,22629,350
21142,12,13,22259,630
21142,12,13,21889,840
21142,12,13,21519,1120
21142,12,13,21149,1330
24115,12,13,25967,0
24115,12,13,25597,490
24115,12,13,25227,700
24115,12,13,24857,980
24115,12,13,24487,1260
24115,12,13,24117,1470
35987,12,13,37839,0
35987,12,13,37469,350
35987,12,13,37099,630
35987,12,13,36729,840
35987,12,13,36359,1120
35987,12,13,35989,1330
28194,12,13,29678,0
28194,12,13,29308,350
28194,12,13,28938,630
28194,12,13,28568,840
28194,12,13,28198,1120
28194,12,13,1,1330
25230,12,13,27450,0
25230,12,13,27080,420
25230,12,13,26710,630
25230,12,13,26340,910
25230,12,13,25970,1190
25230,12,13,25600,1400
29306,12,13,30791,0
29306,12,13,30421,560
29306,12,13,30051,840
29306,12,13,29681,1050
29306,12,13,29311,1330
21513,12,13,23000,0
21513,12,13,22630,560
21513,12,13,22260,770
21513,12,13,21890,1050
21513,12,13,21520,1330
18549,12,13,21142,0
18549,12,13,20772,560
18549,12,13,20402,840
18549,12,13,19662,910
18549,12,13,19292,980
18549,12,13,18552,1050
18549,12,13,1,1120
36358,12,13,37840,0
36358,12,13,37470,560
36358,12,13,37100,770
36358,12,13,36730,1050
36358,12,13,36360,1330
30421,12,13,31904,0
30421,12,13,31534,560
30421,12,13,31164,770
30421,12,13,30794,1050
30421,12,13,30424,1330
22628,12,13,24483,0
22628,12,13,24113,560
22628,12,13,23743,840
22628,12,13,23373,1050
22628,12,13,23003,1330
30792,12,13,32275,0
30792,12,13,31905,560
30792,12,13,31535,770
30792,12,13,31165,1050
30792,12,13,30795,1330
20026,12,13,22256,0
20026,12,13,21886,490
20026,12,13,21516,770
20026,12,13,21146,980
20026,12,13,20776,1260
20026,12,13,20406,1470
34871,12,13,36726,0
34871,12,13,36356,490
34871,12,13,35986,700
34871,12,13,35616,980
34871,12,13,35246,1260
34871,12,13,34876,1470
19660,12,13,21515,0
19660,12,13,21145,490
19660,12,13,20775,770
19660,12,13,20405,980
19660,12,13,20035,1050
19660,12,13,1,1120
26712,12,13,28564,0
26712,12,13,28194,420
26712,12,13,27824,630
26712,12,13,27454,910
26712,12,13,27084,1190
26712,12,13,26714,1400
20775,12,13,21888,0
20775,12,13,21518,420
20775,12,13,21148,630
20775,12,13,20778,910
20775,12,13,1,1120
21137,12,13,22629,0
21137,12,13,22259,560
21137,12,13,21889,770
21137,12,13,21519,1050
21137,12,13,21149,1260
17067,12,13,21138,0
17067,12,13,20768,420
17067,12,13,20398,630
17067,12,13,20028,700
17067,12,13,19658,770
17067,12,13,18918,840
17067,12,13,18548,910
17067,12,13,17808,980
17067,12,13,17438,1050
17067,12,13,17068,1120
17067,12,13,1,1190
31903,12,13,33758,0
31903,12,13,33388,350
31903,12,13,33018,630
31903,12,13,32648,840
31903,12,13,32278,1120
31903,12,13,31908,1330
21146,12,13,22259,0
21146,12,13,21889,420
21146,12,13,21519,630
21146,12,13,21149,910
21146,12,13,1,1190
33018,12,13,34871,0
33018,12,13,34501,420
33018,12,13,34131,630
33018,12,13,33761,910
33018,12,13,33391,1120
33018,12,13,33021,1400
25225,12,13,27080,0
25225,12,13,26710,490
25225,12,13,26340,700
25225,12,13,25970,980
25225,12,13,25600,1260
25225,12,13,25230,1470
21508,12,13,23000,0
21508,12,13,22630,350
21508,12,13,22260,560
21508,12,13,21890,840
21508,12,13,21520,1120
21508,12,13,1,1330
26337,12,13,28193,0
26337,12,13,27823,490
26337,12,13,27453,700
26337,12,13,27083,980
26337,12,13,26713,1190
26337,12,13,26343,1470
29310,12,13,30421,0
29310,12,13,30051,350
29310,12,13,29681,630
29310,12,13,29311,840
29310,12,13,1,1120
33389,12,13,35242,0
33389,12,13,34872,420
33389,12,13,34502,630
33389,12,13,34132,910
33389,12,13,33762,1190
33389,12,13,33392,1400
37468,12,13,39323,0
37468,12,13,38953,420
37468,12,13,38583,700
37468,12,13,38213,910
37468,12,13,37843,1190
37468,12,13,37473,1400
22257,12,13,24112,0
22257,12,13,23742,350
22257,12,13,23372,560
22257,12,13,23002,840
22257,12,13,22632,1120
22257,12,13,22262,1330
27823,12,13,29307,0
27823,12,13,28937,350
27823,12,13,28567,630
27823,12,13,28197,910
27823,12,13,27827,1120
27823,12,13,1,1400
19655,12,13,22255,0
19655,12,13,21885,420
19655,12,13,21515,700
19655,12,13,21145,980
19655,12,13,20775,1190
19655,12,13,20035,1470
19664,12,13,21515,0
19664,12,13,21145,490
19664,12,13,20775,770
19664,12,13,20035,1050
19664,12,13,19665,1120
19664,12,13,1,1190
20770,12,13,22258,0
20770,12,13,21888,490
20770,12,13,21518,700
20770,12,13,21148,980
20770,12,13,20778,1260
20770,12,13,1,1470
23743,12,13,25966,0
23743,12,13,25596,350
23743,12,13,25226,630
23743,12,13,24856,840
23743,12,13,24486,1120
23743,12,13,24116,1330
31907,12,13,33018,0
31907,12,13,32648,350
31907,12,13,32278,630
31907,12,13,31908,910
31907,12,13,1,1120
21141,12,13,22629,0
21141,12,13,22259,420
21141,12,13,21889,700
21141,12,13,21519,910
21141,12,13,21149,1190
21141,12,13,1,1470
18177,12,13,21141,0
18177,12,13,20771,490
18177,12,13,20401,770
18177,12,13,19661,840
18177,12,13,19291,910
18177,12,13,18921,980
18177,12,13,18181,1050
18177,12,13,1,1120
35986,12,13,37839,0
35986,12,13,37469,420
35986,12,13,37099,630
35986,12,13,36729,910
35986,12,13,36359,1190
35986,12,13,35989,1400
29305,12,13,30791,0
29305,12,13,30421,560
29305,12,13,30051,840
29305,12,13,29681,1050
29305,12,13,29311,1330
26341,12,13,28193,0
26341,12,13,27823,420
26341,12,13,27453,700
26341,12,13,27083,910
26341,12,13,26713,1190
26341,12,13,26343,1400
30420,12,13,31904,0
30420,12,13,31534,350
30420,12,13,31164,630
30420,12,13,30794,840
30420,12,13,30424,1120
30420,12,13,1,1330
22252,12,13,24482,0
22252,12,13,24112,350
22252,12,13,23742,560
22252,12,13,23372,840
22252,12,13,23002,1120
22252,12,13,22632,1330
22261,12,13,23372,0
22261,12,13,23002,560
22261,12,13,22632,770
22261,12,13,22262,1050
22261,12,13,1,1260
27827,12,13,29677,0
27827,12,13,29307,560
27827,12,13,28937,840
27827,12,13,28567,1050
27827,12,13,28197,1330
19659,12,13,21515,0
19659,12,13,21145,490
19659,12,13,20775,770
19659,12,13,20405,980
19659,12,13,20035,1050
19659,12,13,1,1120
20765,12,13,22258,0
20765,12,13,21888,420
20765,12,13,21518,700
20765,12,13,21148,910
20765,12,13,20778,1190
20765,12,13,1,1400
34504,12,13,35615,0
34504,12,13,35245,420
34504,12,13,34875,700
34504,12,13,34505,910
34504,12,13,1,1190
20774,12,13,21888,0
20774,12,13,21518,350
20774,12,13,21148,630
20774,12,13,20778,910
20774,12,13,1,1120
24859,12,13,27079,0
24859,12,13,26709,420
24859,12,13,26339,630
24859,12,13,25969,910
24859,12,13,25599,1190
24859,12,13,25229,1400
21136,12,13,22629,0
21136,12,13,22259,350
21136,12,13,21889,630
21136,12,13,21519,840
21136,12,13,21149,1120
21136,12,13,1,1330
17066,12,13,21138,0
17066,12,13,20768,420
17066,12,13,20398,630
17066,12,13,20028,700
17066,12,13,19288,770
17066,12,13,18918,840
17066,12,13,18548,910
17066,12,13,17808,980
17066,12,13,17438,1050
17066,12,13,1,1120
28938,12,13,30420,0
28938,12,13,30050,560
28938,12,13,29680,770
28938,12,13,29310,1050
28938,12,13,28940,1260
18181,12,13,22251,0
18181,12,13,21881,420
18181,12,13,21511,700
18181,12,13,21141,980
18181,12,13,20771,1190
18181,12,13,20031,1470
33017,12,13,34501,0
33017,12,13,34131,490
33017,12,13,33761,700
33017,12,13,33391,980
33017,12,13,33021,1260
33017,12,13,1,1470
37102,12,13,38952,0
37102,12,13,38582,490
37102,12,13,38212,770
37102,12,13,37842,980
37102,12,13,37472,1260
29309,12,13,30791,0
29309,12,13,30421,560
29309,12,13,30051,770
29309,12,13,29681,1050
29309,12,13,29311,1260
23372,12,13,25595,0
23372,12,13,25225,350
23372,12,13,24855,560
23372,12,13,24485,840
23372,12,13,24115,1120
23372,12,13,23745,1330
33388,12,13,34872,0
33388,12,13,34502,490
33388,12,13,34132,770
33388,12,13,33762,980
33388,12,13,33392,1260
33388,12,13,1,1470
30424,12,13,32274,0
30424,12,13,31904,560
30424,12,13,31534,770
30424,12,13,31164,1050
30424,12,13,30794,1260
22256,12,13,24112,0
22256,12,13,23742,560
22256,12,13,23372,840
22256,12,13,23002,1050
22256,12,13,22632,1330
19292,12,13,21514,0
19292,12,13,21144,420
19292,12,13,20774,700
19292,12,13,20034,980
19292,12,13,19664,1050
19292,12,13,1,1120
27822,12,13,29677,0
27822,12,13,29307,350
27822,12,13,28937,630
27822,12,13,28567,840
27822,12,13,28197,1120
27822,12,13,27827,1330
27456,12,13,29676,0
27456,12,13,29306,350
27456,12,13,28936,560
27456,12,13,28566,840
27456,12,13,28196,1120
27456,12,13,27826,1330
19663,12,13,21515,0
19663,12,13,21145,490
19663,12,13,20775,770
19663,12,13,20035,1050
19663,12,13,19665,1120
19663,12,13,1,1190
20769,12,13,22258,0
20769,12,13,21888,490
20769,12,13,21518,700
20769,12,13,21148,980
20769,12,13,20778,1260
20769,12,13,1,1470
31535,12,13,33017,0
31535,12,13,32647,560
31535,12,13,32277,840
31535,12,13,31907,1050
31535,12,13,31537,1330
23742,12,13,25596,0
23742,12,13,25226,420
23742,12,13,24856,630
23742,12,13,24486,910
23742,12,13,24116,1120
23742,12,13,23746,1400
20778,12,13,22628,0
20778,12,13,22258,560
20778,12,13,21888,770
20778,12,13,21518,1050
20778,12,13,21148,1330
24854,12,13,26709,0
24854,12,13,26339,490
24854,12,13,25969,770
24854,12,13,25599,980
24854,12,13,25229,1260
24854,12,13,24859,1470
21890,12,13,23001,0
21890,12,13,22631,420
21890,12,13,22261,700
21890,12,13,21891,910
21890,12,13,1,1190
31906,12,13,33388,0
31906,12,13,33018,560
31906,12,13,32648,840
31906,12,13,32278,1050
31906,12,13,31908,1330
25969,12,13,27822,0
25969,12,13,27452,490
25969,12,13,27082,700
25969,12,13,26712,980
25969,12,13,26342,1190
25969,12,13,25972,1470
18176,12,13,21141,0
18176,12,13,20771,490
18176,12,13,20401,770
18176,12,13,19661,840
18176,12,13,19291,910
18176,12,13,18921,980
18176,12,13,18181,1050
18176,12,13,1,1120
35985,12,13,37469,0
35985,12,13,37099,490
35985,12,13,36729,770
35985,12,13,36359,980
35985,12,13,35989,1260
35985,12,13,1,1470
33021,12,13,34871,0
33021,12,13,34501,560
33021,12,13,34131,770
33021,12,13,33761,1050
33021,12,13,33391,1330
17810,12,13,22250,0
17810,12,13,21880,420
17810,12,13,21510,630
17810,12,13,21140,910
17810,12,13,20770,1120
17810,12,13,20400,1400
17810,12,13,19660,1470
37097,12,13,38952,0
37097,12,13,38582,420
37097,12,13,38212,700
37097,12,13,37842,910
37097,12,13,37472,1190
37097,12,13,37102,1400
34133,12,13,35244,0
34133,12,13,34874,420
34133,12,13,34504,700
34133,12,13,34134,910
34133,12,13,1,1190
26340,12,13,28193,0
26340,12,13,27823,490
26340,12,13,27453,700
26340,12,13,27083,980
26340,12,13,26713,1190
26340,12,13,26343,1470
30419,12,13,31904,0
30419,12,13,31534,560
30419,12,13,31164,840
30419,12,13,30794,1050
30419,12,13,30424,1330
22251,12,13,24482,0
22251,12,13,24112,350
22251,12,13,23742,560
22251,12,13,23372,840
22251,12,13,23002,1120
22251,12,13,22632,1330
30053,12,13,31903,0
30053,12,13,31533,560
30053,12,13,31163,770
30053,12,13,30793,1050
30053,12,13,30423,1260
19287,12,13,21514,0
19287,12,13,21144,420
19287,12,13,20774,700
19287,12,13,20404,910
19287,12,13,20034,980
19287,12,13,19294,1050
19287,12,13,1,1120
22260,12,13,24112,0
22260,12,13,23742,490
22260,12,13,23372,770
22260,12,13,23002,980
22260,12,13,22632,1260
22260,12,13,22262,1470
27451,12,13,29306,0
27451,12,13,28936,350
27451,12,13,28566,630
27451,12,13,28196,840
27451,12,13,27826,1120
27451,12,13,27456,1330
19658,12,13,21515,0
19658,12,13,21145,490
19658,12,13,20775,770
19658,12,13,20405,980
19658,12,13,20035,1050
19658,12,13,1,1120
24487,12,13,25598,0
24487,12,13,25228,490
24487,12,13,24858,770
24487,12,13,24488,1050
24487,12,13,1,1260
34503,12,13,36355,0
34503,12,13,35985,350
34503,12,13,35615,630
34503,12,13,35245,840
34503,12,13,34875,1120
34503,12,13,34505,1400
20773,12,13,21888,0
20773,12,13,21518,420
20773,12,13,21148,630
20773,12,13,20778,910
20773,12,13,1,1120
20407,12,13,22627,0
20407,12,13,22257,490
20407,12,13,21887,770
20407,12,13,21517,980
20407,12,13,21147,1260
21885,12,13,23371,0
21885,12,13,23001,350
21885,12,13,22631,630
21885,12,13,22261,840
21885,12,13,21891,1120
21885,12,13,1,1400
24858,12,13,25969,0
24858,12,13,25599,490
24858,12,13,25229,770
24858,12,13,24859,980
24858,12,13,1,1260
28937,12,13,30420,0
28937,12,13,30050,560
28937,12,13,29680,770
28937,12,13,29310,1050
28937,12,13,28940,1260
33016,12,13,34871,0
33016,12,13,34501,420
33016,12,13,34131,700
33016,12,13,33761,910
33016,12,13,33391,1190
33016,12,13,33021,1470
37101,12,13,38212,0
37101,12,13,37842,350
37101,12,13,37472,630
37101,12,13,37102,840
37101,12,13,1,1120
23371,12,13,25225,0
23371,12,13,24855,420
23371,12,13,24485,630
23371,12,13,24115,910
23371,12,13,23745,1120
23371,12,13,23375,1400
30048,12,13,31533,0
30048,12,13,31163,560
30048,12,13,30793,840
30048,12,13,30423,1050
30048,12,13,30053,1330
22255,12,13,24112,0
22255,12,13,23742,560
22255,12,13,23372,840
22255,12,13,23002,1050
22255,12,13,22632,1330
19291,12,13,21514,0
19291,12,13,21144,420
19291,12,13,20774,700
19291,12,13,20404,910
19291,12,13,20034,980
19291,12,13,19294,1050
19291,12,13,1,1120
24482,12,13,26338,0
24482,12,13,25968,560
24482,12,13,25598,840
24482,12,13,25228,1050
24482,12,13,24858,1330
27455,12,13,28566,0
27455,12,13,28196,420
27455,12,13,27826,630
27455,12,13,27456,910
27455,12,13,1,1190
31534,12,13,33017,0
31534,12,13,32647,560
31534,12,13,32277,840
31534,12,13,31907,1050
31534,12,13,31537,1330
20402,12,13,21887,0
20402,12,13,21517,350
20402,12,13,21147,630
20402,12,13,20777,840
20402,12,13,1,1120
21880,12,13,23371,0
21880,12,13,23001,490
21880,12,13,22631,770
21880,12,13,22261,1050
21880,12,13,21891,1260
24853,12,13,26709,0
24853,12,13,26339,490
24853,12,13,25969,770
24853,12,13,25599,1050
24853,12,13,25229,1260
21889,12,13,23741,0
21889,12,13,23371,420
21889,12,13,23001,630
21889,12,13,22631,910
21889,12,13,22261,1120
21889,12,13,21891,1400
25968,12,13,27452,0
25968,12,13,27082,490
25968,12,13,26712,770
25968,12,13,26342,980
25968,12,13,25972,1260
25968,12,13,1,1470
17809,12,13,21140,0
17809,12,13,20770,490
17809,12,13,20400,770
17809,12,13,19660,840
17809,12,13,19290,910
17809,12,13,18550,980
17809,12,13,18180,1050
17809,12,13,17810,1120
17809,12,13,1,1190
34132,12,13,35984,0
34132,12,13,35614,350
34132,12,13,35244,630
34132,12,13,34874,840
34132,12,13,34504,1120
34132,12,13,34134,1400
23375,12,13,25595,0
23375,12,13,25225,420
23375,12,13,24855,700
23375,12,13,24485,980
23375,12,13,24115,1190
23375,12,13,23745,1470
22250,12,13,24482,0
22250,12,13,24112,350
22250,12,13,23742,560
22250,12,13,23372,840
22250,12,13,23002,1120
22250,12,13,22632,1330
27079,12,13,28935,0
27079,12,13,28565,420
27079,12,13,28195,700
27079,12,13,27825,910
27079,12,13,27455,1190
27079,12,13,27085,1470
30052,12,13,31163,0
30052,12,13,30793,350
30052,12,13,30423,630
30052,12,13,30053,840
30052,12,13,1,1120
19286,12,13,21884,0
19286,12,13,21514,490
19286,12,13,21144,770
19286,12,13,20774,980
19286,12,13,20404,1260
19286,12,13,19664,1330
19286,12,13,19294,1400
19286,12,13,1,1470
27450,12,13,29306,0
27450,12,13,28936,350
27450,12,13,28566,630
27450,12,13,28196,840
27450,12,13,27826,1120
27450,12,13,27456,1400
24486,12,13,26338,0
24486,12,13,25968,490
24486,12,13,25598,770
24486,12,13,25228,980
24486,12,13,24858,1260
24486,12,13,24488,1470
20397,12,13,22257,0
20397,12,13,21887,560
20397,12,13,21517,840
20397,12,13,21147,1050
20397,12,13,20777,1330
21875,12,13,23371,0
21875,12,13,23001,560
21875,12,13,22631,770
21875,12,13,22261,1050
21875,12,13,21891,1330
35614,12,13,37098,0
35614,12,13,36728,490
35614,12,13,36358,770
35614,12,13,35988,980
35614,12,13,35618,1260
20406,12,13,21887,0
20406,12,13,21517,350
20406,12,13,21147,630
20406,12,13,20777,910
20406,12,13,20407,1120
20406,12,13,1,1190
32650,12,13,34500,0
32650,12,13,34130,560
32650,12,13,33760,770
32650,12,13,33390,1050
32650,12,13,33020,1330
21884,12,13,23001,0
21884,12,13,22631,490
21884,12,13,22261,770
21884,12,13,21891,980
21884,12,13,1,1260
24857,12,13,26709,0
24857,12,13,26339,490
24857,12,13,25969,700
24857,12,13,25599,980
24857,12,13,25229,1190
24857,12,13,24859,1470
36729,12,13,38211,0
36729,12,13,37841,560
36729,12,13,37471,770
36729,12,13,37101,1050
36729,12,13,36731,1330
25972,12,13,28192,0
25972,12,13,27822,420
25972,12,13,27452,700
25972,12,13,27082,910
25972,12,13,26712,1190
25972,12,13,26342,1400
29676,12,13,31532,0
29676,12,13,31162,350
29676,12,13,30792,560
29676,12,13,30422,840
29676,12,13,30052,1120
29676,12,13,29682,1330
37100,12,13,38582,0
37100,12,13,38212,560
37100,12,13,37842,770
37100,12,13,37472,1050
37100,12,13,37102,1330
23004,12,13,25224,0
23004,12,13,24854,490
23004,12,13,24484,700
23004,12,13,24114,980
23004,12,13,23744,1190
23004,12,13,23374,1470
27083,12,13,28935,0
27083,12,13,28565,420
27083,12,13,28195,630
27083,12,13,27825,910
27083,12,13,27455,1190
27083,12,13,27085,1400
16326,12,13,21876,0
16326,12,13,21506,420
16326,12,13,21136,700
16326,12,13,20766,980
16326,12,13,20396,1190
16326,12,13,20026,1260
16326,12,13,19286,1330
16326,12,13,18916,1400
16326,12,13,18176,1470
18915,12,13,21883,0
18915,12,13,21513,490
18915,12,13,21143,700
18915,12,13,20773,980
18915,12,13,20403,1190
18915,12,13,20033,1260
18915,12,13,19293,1330
18915,12,13,18923,1400
18915,12,13,1,1470
38211,12,13,39695,0
38211,12,13,39325,420
38211,12,13,38955,700
38211,12,13,38585,910
38211,12,13,38215,1190
38211,12,13,1,1400
35247,12,13,37097,0
35247,12,13,36727,560
35247,12,13,36357,840
35247,12,13,35987,1050
35247,12,13,35617,1330
27454,12,13,29306,0
27454,12,13,28936,350
27454,12,13,28566,630
27454,12,13,28196,840
27454,12,13,27826,1120
27454,12,13,27456,1330
20401,12,13,21887,0
20401,12,13,21517,350
20401,12,13,21147,630
20401,12,13,20777,840
20401,12,13,1,1120
21879,12,13,23371,0
21879,12,13,23001,560
21879,12,13,22631,770
21879,12,13,22261,1050
21879,12,13,21891,1260
17437,12,13,21139,0
17437,12,13,20769,420
17437,12,13,20399,700
17437,12,13,19659,770
17437,12,13,19289,840
17437,12,13,18919,910
17437,12,13,18179,980
17437,12,13,17809,1050
17437,12,13,1,1120
35618,12,13,37468,0
35618,12,13,37098,560
35618,12,13,36728,840
35618,12,13,36358,1050
35618,12,13,35988,1330
32645,12,13,34500,0
32645,12,13,34130,350
32645,12,13,33760,630
32645,12,13,33390,910
32645,12,13,33020,1120
32645,12,13,32650,1400
21888,12,13,23371,0
21888,12,13,23001,560
21888,12,13,22631,770
21888,12,13,22261,1050
21888,12,13,21891,1260
28565,12,13,30049,0
28565,12,13,29679,350
28565,12,13,29309,630
28565,12,13,28939,840
28565,12,13,28569,1120
28565,12,13,1,1330
25601,12,13,27821,0
25601,12,13,27451,420
25601,12,13,27081,630
25601,12,13,26711,910
25601,12,13,26341,1190
25601,12,13,25971,1400
17808,12,13,21140,0
17808,12,13,20770,490
17808,12,13,20030,770
17808,12,13,19660,840
17808,12,13,19290,910
17808,12,13,18550,980
17808,12,13,18180,1050
17808,12,13,1,1120
29680,12,13,31162,0
29680,12,13,30792,560
29680,12,13,30422,770
29680,12,13,30052,1050
29680,12,13,29682,1330
34131,12,13,35984,0
34131,12,13,35614,420
34131,12,13,35244,700
34131,12,13,34874,910
34131,12,13,34504,1190
34131,12,13,34134,1400
22999,12,13,25224,0
22999,12,13,24854,350
22999,12,13,24484,560
22999,12,13,24114,840
22999,12,13,23744,1120
22999,12,13,23374,1330
20035,12,13,21516,0
20035,12,13,21146,560
20035,12,13,20776,840
20035,12,13,20406,1050
20035,12,13,20036,1120
20035,12,13,1,1190
30051,12,13,31533,0
30051,12,13,31163,560
30051,12,13,30793,840
30051,12,13,30423,1050
30051,12,13,30053,1330
18919,12,13,21513,0
18919,12,13,21143,350
18919,12,13,20773,630
18919,12,13,20403,840
18919,12,13,20033,910
18919,12,13,19663,980
18919,12,13,18923,1050
18919,12,13,1,1120
31163,12,13,33016,0
31163,12,13,32646,350
31163,12,13,32276,560
31163,12,13,31906,840
31163,12,13,31536,1120
31163,12,13,31166,1330
35242,12,13,37097,0
35242,12,13,36727,490
35242,12,13,36357,700
35242,12,13,35987,980
35242,12,13,35617,1260
35242,12,13,35247,1470
32278,12,13,33389,0
32278,12,13,33019,420
32278,12,13,32649,630
32278,12,13,32279,910
32278,12,13,1,1120
24485,12,13,26338,0
24485,12,13,25968,560
24485,12,13,25598,770
24485,12,13,25228,1050
24485,12,13,24858,1330
20396,12,13,22257,0
20396,12,13,21887,560
20396,12,13,21517,840
20396,12,13,21147,1050
20396,12,13,20777,1330
28198,12,13,30048,0
28198,12,13,29678,490
28198,12,13,29308,770
28198,12,13,28938,1050
28198,12,13,28568,1260
35613,12,13,37468,0
35613,12,13,37098,490
35613,12,13,36728,700
35613,12,13,36358,980
35613,12,13,35988,1260
35613,12,13,35618,1470
20405,12,13,21887,0
20405,12,13,21517,350
20405,12,13,21147,630
20405,12,13,20777,910
20405,12,13,20407,1120
20405,12,13,1,1190
32649,12,13,33760,0
32649,12,13,33390,420
32649,12,13,33020,630
32649,12,13,32650,910
32649,12,13,1,1120
36728,12,13,38581,0
36728,12,13,38211,350
36728,12,13,37841,630
36728,12,13,37471,840
36728,12,13,37101,1120
36728,12,13,36731,1330
21517,12,13,23370,0
21517,12,13,23000,420
21517,12,13,22630,630
21517,12,13,22260,910
21517,12,13,21890,1120
21517,12,13,21520,1400
25596,12,13,27451,0
25596,12,13,27081,420
25596,12,13,26711,700
25596,12,13,26341,910
25596,12,13,25971,1190
25596,12,13,25601,1470
28569,12,13,30419,0
28569,12,13,30049,490
28569,12,13,29679,770
28569,12,13,29309,1050
28569,12,13,28939,1260
22632,12,13,23743,0
22632,12,13,23373,560
22632,12,13,23003,770
22632,12,13,22633,1050
22632,12,13,1,1260
33760,12,13,35613,0
33760,12,13,35243,420
33760,12,13,34873,630
33760,12,13,34503,910
33760,12,13,34133,1190
33760,12,13,33763,1400
20030,12,13,21516,0
20030,12,13,21146,560
20030,12,13,20776,770
20030,12,13,20406,1050
20030,12,13,1,1120
23003,12,13,24114,0
23003,12,13,23744,560
23003,12,13,23374,770
23003,12,13,23004,1050
23003,12,13,1,1330
37839,12,13,39694,0
37839,12,13,39324,420
37839,12,13,38954,700
37839,12,13,38584,910
37839,12,13,38214,1190
37839,12,13,37844,1400
34875,12,13,35986,0
34875,12,13,35616,420
34875,12,13,35246,700
34875,12,13,34876,910
34875,12,13,1,1190
27082,12,13,28935,0
27082,12,13,28565,420
27082,12,13,28195,630
27082,12,13,27825,910
27082,12,13,27455,1120
27082,12,13,27085,1400
18923,12,13,22253,0
18923,12,13,21883,560
18923,12,13,21513,770
18923,12,13,21143,1050
18923,12,13,20773,1330
38210,12,13,40065,0
38210,12,13,39695,420
38210,12,13,39325,700
38210,12,13,38955,910
38210,12,13,38585,1190
38210,12,13,38215,1400
35246,12,13,36357,0
35246,12,13,35987,420
35246,12,13,35617,700
35246,12,13,35247,910
35246,12,13,1,1190
24114,12,13,25967,0
24114,12,13,25597,560
24114,12,13,25227,770
24114,12,13,24857,1050
24114,12,13,24487,1260
28193,12,13,29678,0
28193,12,13,29308,560
28193,12,13,28938,840
28193,12,13,28568,1050
28193,12,13,28198,1330
20400,12,13,21887,0
20400,12,13,21517,350
20400,12,13,21147,630
20400,12,13,20777,840
20400,12,13,1,1120
25229,12,13,26340,0
25229,12,13,25970,490
25229,12,13,25600,700
25229,12,13,25230,980
25229,12,13,1,1190
21512,12,13,23000,0
21512,12,13,22630,560
21512,12,13,22260,840
21512,12,13,21890,1050
21512,12,13,21520,1330
18548,12,13,21142,0
18548,12,13,20772,560
18548,12,13,20032,840
18548,12,13,19662,910
18548,12,13,19292,980
18548,12,13,18552,1050
18548,12,13,1,1120
36357,12,13,38210,0
36357,12,13,37840,350
36357,12,13,37470,630
36357,12,13,37100,840
36357,12,13,36730,1120
36357,12,13,36360,1330
28564,12,13,30049,0
28564,12,13,29679,560
28564,12,13,29309,840
28564,12,13,28939,1050
28564,12,13,28569,1330
22627,12,13,24853,0
22627,12,13,24483,350
22627,12,13,24113,560
22627,12,13,23743,840
22627,12,13,23373,1120
22627,12,13,23003,1330
25600,12,13,26711,0
25600,12,13,26341,490
25600,12,13,25971,700
25600,12,13,25601,980
25600,12,13,1,1190
37472,12,13,38583,0
37472,12,13,38213,350
37472,12,13,37843,630
37472,12,13,37473,840
37472,12,13,1,1120
29679,12,13,31162,0
29679,12,13,30792,560
29679,12,13,30422,770
29679,12,13,30052,1050
29679,12,13,29682,1330
30791,12,13,32275,0
30791,12,13,31905,350
30791,12,13,31535,630
30791,12,13,31165,840
30791,12,13,30795,1120
30791,12,13,1,1330
20025,12,13,22256,0
20025,12,13,21886,490
20025,12,13,21516,770
20025,12,13,21146,980
20025,12,13,20776,1260
20025,12,13,20406,1470
20034,12,13,21516,0
20034,12,13,21146,560
20034,12,13,20776,840
20034,12,13,20406,1050
20034,12,13,20036,1120
20034,12,13,1,1190
26711,12,13,28564,0
26711,12,13,28194,420
26711,12,13,27824,630
26711,12,13,27454,910
26711,12,13,27084,1120
26711,12,13,26714,1400
18918,12,13,21513,0
18918,12,13,21143,350
18918,12,13,20773,630
18918,12,13,20403,840
18918,12,13,20033,910
18918,12,13,19663,980
18918,12,13,18923,1050
18918,12,13,1,1120
31162,12,13,32646,0
31162,12,13,32276,420
31162,12,13,31906,630
31162,12,13,31536,910
31162,12,13,31166,1120
31162,12,13,1,1400
32277,12,13,34129,0
32277,12,13,33759,350
32277,12,13,33389,560
32277,12,13,33019,840
32277,12,13,32649,1120
32277,12,13,32279,1330
21145,12,13,22629,0
21145,12,13,22259,490
21145,12,13,21889,770
21145,12,13,21519,980
21145,12,13,21149,1260
21145,12,13,1,1470
25224,12,13,27080,0
25224,12,13,26710,490
25224,12,13,26340,770
25224,12,13,25970,980
25224,12,13,25600,1260
25224,12,13,25230,1470
28197,12,13,29308,0
28197,12,13,28938,350
28197,12,13,28568,630
28197,12,13,28198,840
28197,12,13,1,1120
21507,12,13,22630,0
21507,12,13,22260,560
21507,12,13,21890,840
21507,12,13,21520,1050
21507,12,13,1,1330
21516,12,13,23000,0
21516,12,13,22630,490
21516,12,13,22260,700
21516,12,13,21890,980
21516,12,13,21520,1190
21516,12,13,1,1470
18552,12,13,22252,0
18552,12,13,21882,490
18552,12,13,21512,770
18552,12,13,21142,980
18552,12,13,20772,1260
18552,12,13,20402,1470
25595,12,13,27451,0
25595,12,13,27081,490
25595,12,13,26711,700
25595,12,13,26341,980
25595,12,13,25971,1190
25595,12,13,25601,1470
22631,12,13,24483,0
22631,12,13,24113,490
22631,12,13,23743,770
22631,12,13,23373,980
22631,12,13,23003,1260
22631,12,13,22633,1470
33759,12,13,35243,0
33759,12,13,34873,490
33759,12,13,34503,770
33759,12,13,34133,980
33759,12,13,33763,1260
33759,12,13,1,1470
20029,12,13,21516,0
20029,12,13,21146,560
20029,12,13,20776,770
20029,12,13,20406,1050
20029,12,13,1,1120
30795,12,13,32645,0
30795,12,13,32275,560
30795,12,13,31905,770
30795,12,13,31535,1050
30795,12,13,31165,1260
34874,12,13,36726,0
34874,12,13,36356,350
34874,12,13,35986,630
34874,12,13,35616,910
34874,12,13,35246,1120
34874,12,13,34876,1400
31166,12,13,33016,0
31166,12,13,32646,560
31166,12,13,32276,840
31166,12,13,31906,1050
31166,12,13,31536,1330
21140,12,13,22629,0
21140,12,13,22259,420
21140,12,13,21889,700
21140,12,13,21519,910
21140,12,13,21149,1190
21140,12,13,1,1470
24113,12,13,25967,0
24113,12,13,25597,350
24113,12,13,25227,560
24113,12,13,24857,840
24113,12,13,24487,1120
24113,12,13,24117,1330
21149,12,13,22999,0
21149,12,13,22629,560
21149,12,13,22259,840
21149,12,13,21889,1050
21149,12,13,21519,1330
28192,12,13,29678,0
28192,12,13,29308,560
28192,12,13,28938,840
28192,12,13,28568,1050
28192,12,13,28198,1330
25228,12,13,27080,0
25228,12,13,26710,420
25228,12,13,26340,700
25228,12,13,25970,910
25228,12,13,25600,1190
25228,12,13,25230,1470
21511,12,13,23000,0
21511,12,13,22630,350
21511,12,13,22260,630
21511,12,13,21890,910
21511,12,13,21520,1120
21511,12,13,1,1400
18547,12,13,21142,0
18547,12,13,20772,560
18547,12,13,20032,840
18547,12,13,19662,910
18547,12,13,19292,980
18547,12,13,18552,1050
18547,12,13,1,1120
21520,12,13,23740,0
21520,12,13,23370,350
21520,12,13,23000,630
21520,12,13,22630,840
21520,12,13,22260,1120
21520,12,13,21890,1330
36356,12,13,37840,0
36356,12,13,37470,420
36356,12,13,37100,700
36356,12,13,36730,910
36356,12,13,36360,1190
36356,12,13,1,1400
22626,12,13,24853,0
22626,12,13,24483,350
22626,12,13,24113,560
22626,12,13,23743,840
22626,12,13,23373,1120
22626,12,13,23003,1330
33392,12,13,35242,0
33392,12,13,34872,560
33392,12,13,34502,840
33392,12,13,34132,1050
33392,12,13,33762,1330
37471,12,13,38953,0
37471,12,13,38583,560
37471,12,13,38213,770
37471,12,13,37843,1050
37471,12,13,37473,1330
30790,12,13,32275,0
30790,12,13,31905,560
30790,12,13,31535,840
30790,12,13,31165,1050
30790,12,13,30795,1330
33763,12,13,35613,0
33763,12,13,35243,560
33763,12,13,34873,840
33763,12,13,34503,1050
33763,12,13,34133,1330
27826,12,13,28937,0
27826,12,13,28567,420
27826,12,13,28197,630
27826,12,13,27827,910
27826,12,13,1,1120
37842,12,13,39324,0
37842,12,13,38954,560
37842,12,13,38584,770
37842,12,13,38214,1050
37842,12,13,37844,1330
26710,12,13,28194,0
26710,12,13,27824,420
26710,12,13,27454,700
26710,12,13,27084,910
26710,12,13,26714,1190
26710,12,13,1,1470
23746,12,13,25966,0
23746,12,13,25596,420
23746,12,13,25226,700
23746,12,13,24856,980
23746,12,13,24486,1190
23746,12,13,24116,1470
31161,12,13,33016,0
31161,12,13,32646,350
31161,12,13,32276,630
31161,12,13,31906,840
31161,12,13,31536,1120
31161,12,13,31166,1330
32276,12,13,34129,0
32276,12,13,33759,350
32276,12,13,33389,560
32276,12,13,33019,840
32276,12,13,32649,1120
32276,12,13,32279,1330
21135,12,13,22629,0
21135,12,13,22259,350
21135,12,13,21889,630
21135,12,13,21519,840
21135,12,13,21149,1120
21135,12,13,1,1330
21144,12,13,22629,0
21144,12,13,22259,490
21144,12,13,21889,770
21144,12,13,21519,980
21144,12,13,21149,1260
21144,12,13,1,1470
24117,12,13,26337,0
24117,12,13,25967,420
24117,12,13,25597,700
24117,12,13,25227,910
24117,12,13,24857,1190
24117,12,13,24487,1400
18180,12,13,21141,0
18180,12,13,20771,560
18180,12,13,20031,840
18180,12,13,19661,910
18180,12,13,18921,980
18180,12,13,18551,1050
18180,12,13,18181,1120
18180,12,13,1,1190
35989,12,13,37839,0
35989,12,13,37469,560
35989,12,13,37099,840
35989,12,13,36729,1050
35989,12,13,36359,1330
28196,12,13,29678,0
28196,12,13,29308,560
28196,12,13,28938,770
28196,12,13,28568,1050
28196,12,13,28198,1330
21506,12,13,23000,0
21506,12,13,22630,560
21506,12,13,22260,770
21506,12,13,21890,1050
21506,12,13,21520,1260
29308,12,13,30791,0
29308,12,13,30421,560
29308,12,13,30051,770
29308,12,13,29681,1050
29308,12,13,29311,1260
21515,12,13,23000,0
21515,12,13,22630,490
21515,12,13,22260,700
21515,12,13,21890,980
21515,12,13,21520,1190
21515,12,13,1,1470
18551,12,13,21512,0
18551,12,13,21142,350
18551,12,13,20772,630
18551,12,13,20402,840
18551,12,13,20032,910
18551,12,13,19292,980
18551,12,13,18922,1050
18551,12,13,18552,1120
18551,12,13,1,1190
33387,12,13,35242,0
33387,12,13,34872,420
33387,12,13,34502,700
33387,12,13,34132,980
33387,12,13,33762,1190
33387,12,13,33392,1470
36360,12,13,38210,0
36360,12,13,37840,490
36360,12,13,37470,770
36360,12,13,37100,980
36360,12,13,36730,1260
30423,12,13,31534,0
30423,12,13,31164,350
30423,12,13,30794,630
30423,12,13,30424,840
30423,12,13,1,1120
22630,12,13,24483,0
22630,12,13,24113,560
22630,12,13,23743,840
22630,12,13,23373,1050
22630,12,13,23003,1330
33758,12,13,35613,0
33758,12,13,35243,420
33758,12,13,34873,700
33758,12,13,34503,980
33758,12,13,34133,1190
33758,12,13,33763,1470
27821,12,13,29677,0
27821,12,13,29307,350
27821,12,13,28937,630
27821,12,13,28567,840
27821,12,13,28197,1120
27821,12,13,27827,1400
30794,12,13,31905,0
30794,12,13,31535,350
30794,12,13,31165,630
30794,12,13,30795,840
30794,12,13,1,1120
34873,12,13,36726,0
34873,12,13,36356,420
34873,12,13,35986,700
34873,12,13,35616,910
34873,12,13,35246,1190
34873,12,13,34876,1400
19662,12,13,21515,0
19662,12,13,21145,490
19662,12,13,20775,770
19662,12,13,20405,980
19662,12,13,20035,1050
19662,12,13,1,1120
20768,12,13,22628,0
20768,12,13,22258,350
20768,12,13,21888,630
20768,12,13,21518,840
20768,12,13,21148,1120
20768,12,13,20778,1330
23741,12,13,25966,0
23741,12,13,25596,350
23741,12,13,25226,560
23741,12,13,24856,840
23741,12,13,24486,1120
23741,12,13,24116,1330
26714,12,13,28934,0
26714,12,13,28564,420
26714,12,13,28194,630
26714,12,13,27824,910
26714,12,13,27454,1120
26714,12,13,27084,1400
20777,12,13,21888,0
20777,12,13,21518,420
20777,12,13,21148,630
20777,12,13,20778,910
20777,12,13,1,1190
21139,12,13,22629,0
21139,12,13,22259,490
21139,12,13,21889,770
21139,12,13,21519,1050
21139,12,13,21149,1260
31905,12,13,33388,0
31905,12,13,33018,560
31905,12,13,32648,840
31905,12,13,32278,1050
31905,12,13,31908,1330
24112,12,13,25967,0
24112,12,13,25597,560
24112,12,13,25227,770
24112,12,13,24857,1050
24112,12,13,24487,1260
35984,12,13,37839,0
35984,12,13,37469,490
35984,12,13,37099,700
35984,12,13,36729,980
35984,12,13,36359,1190
35984,12,13,35989,1470
21148,12,13,22259,0
21148,12,13,21889,420
21148,12,13,21519,630
21148,12,13,21149,910
21148,12,13,1,1190
33020,12,13,34131,0
33020,12,13,33761,420
33020,12,13,33391,630
33020,12,13,33021,910
33020,12,13,1,1120
25227,12,13,27080,0
25227,12,13,26710,490
25227,12,13,26340,770
25227,12,13,25970,980
25227,12,13,25600,1260
25227,12,13,25230,1470
26339,12,13,27823,0
26339,12,13,27453,490
26339,12,13,27083,770
26339,12,13,26713,980
26339,12,13,26343,1260
26339,12,13,1,1470
36355,12,13,38210,0
36355,12,13,37840,420
36355,12,13,37470,700
36355,12,13,37100,910
36355,12,13,36730,1190
36355,12,13,36360,1400
33391,12,13,34502,0
33391,12,13,34132,420
33391,12,13,33762,630
33391,12,13,33392,910
33391,12,13,1,1190
37470,12,13,39323,0
37470,12,13,38953,350
37470,12,13,38583,630
37470,12,13,38213,840
37470,12,13,37843,1120
37470,12,13,37473,1330
22259,12,13,24112,0
22259,12,13,23742,560
22259,12,13,23372,840
22259,12,13,23002,1050
22259,12,13,22632,1330
38582,12,13,40066,0
38582,12,13,39696,420
38582,12,13,39326,700
38582,12,13,38956,910
38582,12,13,38586,1190
38582,12,13,1,1400
27825,12,13,29677,0
27825,12,13,29307,350
27825,12,13,28937,560
27825,12,13,28567,840
27825,12,13,28197,1120
27825,12,13,27827,1330
19657,12,13,21885,0
19657,12,13,21515,560
19657,12,13,21145,840
19657,12,13,20775,1050
19657,12,13,20405,1330
19657,12,13,19665,1400
19657,12,13,1,1470
34502,12,13,36355,0
34502,12,13,35985,420
34502,12,13,35615,700
34502,12,13,35245,910
34502,12,13,34875,1190
34502,12,13,34505,1400
26709,12,13,28564,0
26709,12,13,28194,420
26709,12,13,27824,630
26709,12,13,27454,910
26709,12,13,27084,1190
26709,12,13,26714,1400
20772,12,13,21888,0
20772,12,13,21518,420
20772,12,13,21148,630
20772,12,13,20778,910
20772,12,13,1,1120
23745,12,13,24856,0
23745,12,13,24486,560
23745,12,13,24116,770
23745,12,13,23746,1050
23745,12,13,1,1330
28936,12,13,30420,0
28936,12,13,30050,350
28936,12,13,29680,560
28936,12,13,29310,840
28936,12,13,28940,1120
28936,12,13,1,1330
21143,12,13,22999,0
21143,12,13,22629,350
21143,12,13,22259,630
21143,12,13,21889,840
21143,12,13,21519,1120
21143,12,13,21149,1400
18179,12,13,21141,0
18179,12,13,20771,560
18179,12,13,20401,770
18179,12,13,20031,840
18179,12,13,19661,910
18179,12,13,18921,980
18179,12,13,18551,1050
18179,12,13,1,1120
35988,12,13,37099,0
35988,12,13,36729,420
35988,12,13,36359,630
35988,12,13,35989,910
35988,12,13,1,1190
29307,12,13,30791,0
29307,12,13,30421,350
29307,12,13,30051,560
29307,12,13,29681,840
29307,12,13,29311,1120
29307,12,13,1,1330
23370,12,13,25225,0
23370,12,13,24855,560
23370,12,13,24485,840
23370,12,13,24115,1050
23370,12,13,23745,1330
26343,12,13,28563,0
26343,12,13,28193,420
26343,12,13,27823,700
26343,12,13,27453,910
26343,12,13,27083,1190
26343,12,13,26713,1400
30422,12,13,31904,0
30422,12,13,31534,560
30422,12,13,31164,840
30422,12,13,30794,1050
30422,12,13,30424,1330
22254,12,13,24112,0
22254,12,13,23742,560
22254,12,13,23372,840
22254,12,13,23002,1050
22254,12,13,22632,1330
19290,12,13,21514,0
19290,12,13,21144,420
19290,12,13,20774,700
19290,12,13,20404,910
19290,12,13,20034,980
19290,12,13,19294,1050
19290,12,13,1,1120
19661,12,13,21515,0
19661,12,13,21145,490
19661,12,13,20775,700
19661,12,13,20405,980
19661,12,13,19665,1050
19661,12,13,1,1120
31533,12,13,33017,0
31533,12,13,32647,420
31533,12,13,32277,630
31533,12,13,31907,910
31533,12,13,31537,1120
31533,12,13,1,1400
20767,12,13,22628,0
20767,12,13,22258,350
20767,12,13,21888,560
20767,12,13,21518,840
20767,12,13,21148,1120
20767,12,13,20778,1330
23740,12,13,25966,0
23740,12,13,25596,350
23740,12,13,25226,630
23740,12,13,24856,840
23740,12,13,24486,1120
23740,12,13,24116,1330
16697,12,13,21877,0
16697,12,13,21507,490
16697,12,13,21137,770
16697,12,13,20767,980
16697,12,13,20397,1260
16697,12,13,19657,1330
16697,12,13,19287,1400
16697,12,13,18547,1470
20776,12,13,21888,0
20776,12,13,21518,420
20776,12,13,21148,630
20776,12,13,20778,910
20776,12,13,1,1190
21138,12,13,22629,0
21138,12,13,22259,490
21138,12,13,21889,770
21138,12,13,21519,1050
21138,12,13,21149,1260
25967,12,13,27822,0
25967,12,13,27452,420
25967,12,13,27082,700
25967,12,13,26712,910
25967,12,13,26342,1190
25967,12,13,25972,1470
31904,12,13,33388,0
31904,12,13,33018,420
31904,12,13,32648,630
31904,12,13,32278,910
31904,12,13,31908,1120
31904,12,13,1,1400
28940,12,13,30790,0
28940,12,13,30420,490
28940,12,13,30050,770
28940,12,13,29680,1050
28940,12,13,29310,1260
33019,12,13,34871,0
33019,12,13,34501,350
33019,12,13,34131,560
33019,12,13,33761,840
33019,12,13,33391,1120
33019,12,13,33021,1330
26338,12,13,28193,0
26338,12,13,27823,420
26338,12,13,27453,700
26338,12,13,27083,910
26338,12,13,26713,1190
26338,12,13,26343,1470
29311,12,13,31161,0
29311,12,13,30791,490
29311,12,13,30421,770
29311,12,13,30051,1050
29311,12,13,29681,1260
23374,12,13,24485,0
23374,12,13,24115,560
23374,12,13,23745,770
23374,12,13,23375,1050
23374,12,13,1,1260
22249,12,13,24482,0
22249,12,13,24112,350
22249,12,13,23742,560
22249,12,13,23372,840
22249,12,13,23002,1120
22249,12,13,22632,1330
22258,12,13,24112,0
22258,12,13,23742,350
22258,12,13,23372,630
22258,12,13,23002,840
22258,12,13,22632,1120
22258,12,13,22262,1400
19294,12,13,22624,0
19294,12,13,22254,350
19294,12,13,21884,630
19294,12,13,21514,840
19294,12,13,21144,1120
19294,12,13,20774,1330
38581,12,13,40436,0
38581,12,13,40066,420
38581,12,13,39696,700
38581,12,13,39326,910
38581,12,13,38956,1190
38581,12,13,38586,1400
19656,12,13,21885,0
19656,12,13,21515,560
19656,12,13,21145,840
19656,12,13,20775,1050
19656,12,13,20405,1330
19656,12,13,19665,1400
19656,12,13,1,1470
34501,12,13,35985,0
34501,12,13,35615,490
34501,12,13,35245,770
34501,12,13,34875,980
34501,12,13,34505,1260
34501,12,13,1,1470
19665,12,13,22625,0
19665,12,13,22255,420
19665,12,13,21885,630
19665,12,13,21515,910
19665,12,13,21145,1190
19665,12,13,20775,1400
31537,12,13,33387,0
31537,12,13,33017,560
31537,12,13,32647,770
31537,12,13,32277,1050
31537,12,13,31907,1330
20771,12,13,21888,0
20771,12,13,21518,420
20771,12,13,21148,630
20771,12,13,20778,910
20771,12,13,1,1120
21883,12,13,23001,0
21883,12,13,22631,560
21883,12,13,22261,840
21883,12,13,21891,1050
21883,12,13,1,1330
24856,12,13,26709,0
24856,12,13,26339,490
24856,12,13,25969,770
24856,12,13,25599,1050
24856,12,13,25229,1260
28935,12,13,30420,0
28935,12,13,30050,560
28935,12,13,29680,840
28935,12,13,29310,1050
28935,12,13,28940,1330
31908,12,13,33758,0
31908,12,13,33388,560
31908,12,13,33018,770
31908,12,13,32648,1050
31908,12,13,32278,1330
25971,12,13,27082,0
25971,12,13,26712,490
25971,12,13,26342,770
25971,12,13,25972,980
25971,12,13,1,1260
37099,12,13,38952,0
37099,12,13,38582,350
37099,12,13,38212,630
37099,12,13,37842,840
37099,12,13,37472,1120
37099,12,13,37102,1330
26342,12,13,27453,0
26342,12,13,27083,490
26342,12,13,26713,770
26342,12,13,26343,980
26342,12,13,1,1260
22253,12,13,24112,0
22253,12,13,23742,560
22253,12,13,23372,840
22253,12,13,23002,1050
22253,12,13,22632,1330
19289,12,13,21514,0
19289,12,13,21144,420
19289,12,13,20774,700
19289,12,13,20404,910
19289,12,13,20034,980
19289,12,13,19294,1050
19289,12,13,1,1120
22262,12,13,24482,0
22262,12,13,24112,420
22262,12,13,23742,700
22262,12,13,23372,980
22262,12,13,23002,1190
22262,12,13,22632,1470
27453,12,13,29306,0
27453,12,13,28936,350
27453,12,13,28566,560
27453,12,13,28196,840
27453,12,13,27826,1120
27453,12,13,27456,1330
31532,12,13,33387,0
31532,12,13,33017,350
31532,12,13,32647,630
31532,12,13,32277,840
31532,12,13,31907,1120
31532,12,13,31537,1330
20766,12,13,22258,0
20766,12,13,21888,420
20766,12,13,21518,700
20766,12,13,21148,910
20766,12,13,20778,1190
20766,12,13,1,1400
34505,12,13,36355,0
34505,12,13,35985,560
34505,12,13,35615,840
34505,12,13,35245,1050
34505,12,13,34875,1330
16696,12,13,21137,0
16696,12,13,20767,350
16696,12,13,20027,630
16696,12,13,19657,700
16696,12,13,19287,770
16696,12,13,18547,840
16696,12,13,18177,910
16696,12,13,17437,980
16696,12,13,17067,1050
16696,12,13,16697,1120
16696,12,13,1,1190
21878,12,13,23371,0
21878,12,13,23001,490
21878,12,13,22631,770
21878,12,13,22261,1050
21878,12,13,21891,1260
35617,13,14,36728,0
35617,13,14,36358,420
35617,13,14,35988,700
35617,13,14,35618,910
35617,13,14,1,1190
21887,13,14,23371,0
21887,13,14,23001,560
21887,13,14,22631,770
21887,13,14,22261,1050
21887,13,14,21891,1330
39696,13,14,41549,0
39696,13,14,41179,350
39696,13,14,40809,630
39696,13,14,40439,840
39696,13,14,40069,1120
39696,13,14,39699,1400
25966,13,14,27822,0
25966,13,14,27452,490
25966,13,14,27082,700
25966,13,14,26712,980
25966,13,14,26342,1190
25966,13,14,25972,1470
28939,13,14,30050,0
28939,13,14,29680,350
28939,13,14,29310,630
28939,13,14,28940,840
28939,13,14,1,1120
34130,13,14,35614,0
34130,13,14,35244,490
34130,13,14,34874,770
34130,13,14,34504,980
34130,13,14,34134,1260
34130,13,14,1,1470
23373,13,14,25225,0
23373,13,14,24855,490
23373,13,14,24485,770
23373,13,14,24115,980
23373,13,14,23745,1260
30050,13,14,31533,0
30050,13,14,31163,560
30050,13,14,30793,770
30050,13,14,30423,1050
30050,13,14,30053,1330
19293,13,14,21514,0
19293,13,14,21144,490
19293,13,14,20774,700
19293,13,14,20034,980
19293,13,14,19664,1050
19293,13,14,19294,1120
19293,13,14,1,1190
38214,13,14,39325,0
38214,13,14,38955,350
38214,13,14,38585,630
38214,13,14,38215,840
38214,13,14,1,1120
24484,13,14,26338,0
24484,13,14,25968,350
24484,13,14,25598,560
24484,13,14,25228,840
24484,13,14,24858,1120
24484,13,14,24488,1330
34500,13,14,36355,0
34500,13,14,35985,490
34500,13,14,35615,700
34500,13,14,35245,980
34500,13,14,34875,1190
34500,13,14,34505,1470
31536,13,14,32647,0
31536,13,14,32277,350
31536,13,14,31907,630
31536,13,14,31537,910
31536,13,14,1,1120
20404,13,14,21887,0
20404,13,14,21517,350
20404,13,14,21147,630
20404,13,14,20777,840
20404,13,14,1,1120
32648,13,14,34500,0
32648,13,14,34130,350
32648,13,14,33760,560
32648,13,14,33390,840
32648,13,14,33020,1120
32648,13,14,32650,1330
21882,13,14,23001,0
21882,13,14,22631,560
21882,13,14,22261,770
21882,13,14,21891,1050
21882,13,14,1,1330
24855,13,14,26339,0
24855,13,14,25969,560
24855,13,14,25599,840
24855,13,14,25229,1050
24855,13,14,24859,1330
21891,13,14,24111,0
21891,13,14,23741,350
21891,13,14,23371,560
21891,13,14,23001,840
21891,13,14,22631,1120
21891,13,14,22261,1330
36727,13,14,38211,0
36727,13,14,37841,420
36727,13,14,37471,700
36727,13,14,37101,910
36727,13,14,36731,1190
36727,13,14,1,1400
28934,13,14,30420,0
28934,13,14,30050,560
28934,13,14,29680,840
28934,13,14,29310,1050
28934,13,14,28940,1330
25970,13,14,27822,0
25970,13,14,27452,420
25970,13,14,27082,700
25970,13,14,26712,910
25970,13,14,26342,1190
25970,13,14,25972,1400
28568,13,14,29679,0
28568,13,14,29309,350
28568,13,14,28939,630
28568,13,14,28569,840
28568,13,14,1,1120
37098,13,14,38582,0
37098,13,14,38212,420
37098,13,14,37842,700
37098,13,14,37472,910
37098,13,14,37102,1190
37098,13,14,1,1400
34134,13,14,35984,0
34134,13,14,35614,560
34134,13,14,35244,840
34134,13,14,34874,1050
34134,13,14,34504,1330
23002,13,14,24854,0
23002,13,14,24484,490
23002,13,14,24114,770
23002,13,14,23744,1050
23002,13,14,23374,1260
27081,13,14,28565,0
27081,13,14,28195,420
27081,13,14,27825,700
27081,13,14,27455,980
27081,13,14,27085,1190
27081,13,14,1,1470
19288,13,14,21514,0
19288,13,14,21144,420
19288,13,14,20774,700
19288,13,14,20404,910
19288,13,14,20034,980
19288,13,14,19294,1050
19288,13,14,1,1120
18922,13,14,21513,0
18922,13,14,21143,420
18922,13,14,20773,630
18922,13,14,20403,910
18922,13,14,19663,980
18922,13,14,19293,1050
18922,13,14,18923,1120
18922,13,14,1,1190
35245,13,14,37097,0
35245,13,14,36727,350
35245,13,14,36357,630
35245,13,14,35987,910
35245,13,14,35617,1120
35245,13,14,35247,1400
27452,13,14,28936,0
27452,13,14,28566,350
27452,13,14,28196,630
27452,13,14,27826,910
27452,13,14,27456,1120
27452,13,14,1,1400
24488,13,14,26708,0
24488,13,14,26338,420
24488,13,14,25968,700
24488,13,14,25598,910
24488,13,14,25228,1190
24488,13,14,24858,1400
39324,13,14,40808,0
39324,13,14,40438,420
39324,13,14,40068,700
39324,13,14,39698,910
39324,13,14,39328,1190
39324,13,14,1,1400
20399,13,14,22257,0
20399,13,14,21887,420
20399,13,14,21517,700
20399,13,14,21147,910
20399,13,14,20777,1190
20399,13,14,1,1470
21877,13,14,23371,0
21877,13,14,23001,560
21877,13,14,22631,770
21877,13,14,22261,1050
21877,13,14,21891,1330
35616,13,14,37468,0
35616,13,14,37098,350
35616,13,14,36728,630
35616,13,14,36358,910
35616,13,14,35988,1120
35616,13,14,35618,1400
21886,13,14,23371,0
21886,13,14,23001,350
21886,13,14,22631,630
21886,13,14,22261,840
21886,13,14,21891,1120
21886,13,14,1,1400
39695,13,14,41179,0
39695,13,14,40809,420
39695,13,14,40439,700
39695,13,14,40069,980
39695,13,14,39699,1190
39695,13,14,1,1470
36731,13,14,38581,0
36731,13,14,38211,490
36731,13,14,37841,770
36731,13,14,37471,980
36731,13,14,37101,1260
28563,13,14,30049,0
28563,13,14,29679,560
28563,13,14,29309,840
28563,13,14,28939,1050
28563,13,14,28569,1330
25599,13,14,27451,0
25599,13,14,27081,420
25599,13,14,26711,700
25599,13,14,26341,910
25599,13,14,25971,1190
25599,13,14,25601,1470
29678,13,14,31162,0
29678,13,14,30792,350
29678,13,14,30422,630
29678,13,14,30052,840
29678,13,14,29682,1120
29678,13,14,1,1330
34129,13,14,35984,0
34129,13,14,35614,490
34129,13,14,35244,700
34129,13,14,34874,980
34129,13,14,34504,1190
34129,13,14,34134,1470
20033,13,14,21516,0
20033,13,14,21146,560
20033,13,14,20776,770
20033,13,14,20406,1050
20033,13,14,1,1120
30049,13,14,31533,0
30049,13,14,31163,350
30049,13,14,30793,630
30049,13,14,30423,840
30049,13,14,30053,1120
30049,13,14,1,1330
27085,13,14,29305,0
27085,13,14,28935,420
27085,13,14,28565,630
27085,13,14,28195,910
27085,13,14,27825,1120
27085,13,14,27455,1400
38213,13,14,39695,0
38213,13,14,39325,560
38213,13,14,38955,770
38213,13,14,38585,1050
38213,13,14,38215,1330
24483,13,14,26338,0
24483,13,14,25968,560
24483,13,14,25598,770
24483,13,14,25228,1050
24483,13,14,24858,1260
20403,13,14,21887,0
20403,13,14,21517,350
20403,13,14,21147,630
20403,13,14,20777,840
20403,13,14,1,1120
32647,13,14,34500,0
32647,13,14,34130,350
32647,13,14,33760,560
32647,13,14,33390,840
32647,13,14,33020,1120
32647,13,14,32650,1330
17439,13,14,22249,0
17439,13,14,21879,350
17439,13,14,21509,630
17439,13,14,21139,840
17439,13,14,20769,1120
17439,13,14,20399,1330
17439,13,14,20029,1400
17439,13,14,19289,1470
21881,13,14,23371,0
21881,13,14,23001,490
21881,13,14,22631,770
21881,13,14,22261,1050
21881,13,14,21891,1260
36726,13,14,38581,0
36726,13,14,38211,420
36726,13,14,37841,700
36726,13,14,37471,910
36726,13,14,37101,1190
36726,13,14,36731,1400
28567,13,14,30049,0
28567,13,14,29679,560
28567,13,14,29309,770
28567,13,14,28939,1050
28567,13,14,28569,1330
29682,13,14,31532,0
29682,13,14,31162,560
29682,13,14,30792,770
29682,13,14,30422,1050
29682,13,14,30052,1260
20028,13,14,22256,0
20028,13,14,21886,350
20028,13,14,21516,630
20028,13,14,21146,910
20028,13,14,20776,1120
20028,13,14,20036,1400
20028,13,14,1,1470
23001,13,14,25224,0
23001,13,14,24854,350
23001,13,14,24484,630
23001,13,14,24114,840
23001,13,14,23744,1120
23001,13,14,23374,1330
27080,13,14,28935,0
27080,13,14,28565,420
27080,13,14,28195,630
27080,13,14,27825,910
27080,13,14,27455,1190
27080,13,14,27085,1400
18921,13,14,21513,0
18921,13,14,21143,420
18921,13,14,20773,630
18921,13,14,20403,910
18921,13,14,19663,980
18921,13,14,19293,1050
18921,13,14,1,1120
31165,13,14,32276,0
31165,13,14,31906,420
31165,13,14,31536,630
31165,13,14,31166,910
31165,13,14,1,1120
35244,13,14,37097,0
35244,13,14,36727,420
35244,13,14,36357,700
35244,13,14,35987,910
35244,13,14,35617,1190
35244,13,14,35247,1400
39323,13,14,41178,0
39323,13,14,40808,420
39323,13,14,40438,700
39323,13,14,40068,910
39323,13,14,39698,1190
39323,13,14,39328,1400
20398,13,14,22257,0
20398,13,14,21887,420
20398,13,14,21517,700
20398,13,14,21147,910
20398,13,14,20777,1190
20398,13,14,1,1470
21876,13,14,23371,0
21876,13,14,23001,560
21876,13,14,22631,770
21876,13,14,22261,1050
21876,13,14,21891,1260
35615,13,14,37468,0
35615,13,14,37098,420
35615,13,14,36728,700
35615,13,14,36358,910
35615,13,14,35988,1190
35615,13,14,35618,1400
21510,13,14,23000,0
21510,13,14,22630,350
21510,13,14,22260,630
21510,13,14,21890,910
21510,13,14,21520,1120
21510,13,14,1,1400
36730,13,14,37841,0
36730,13,14,37471,350
36730,13,14,37101,630
36730,13,14,36731,840
36730,13,14,1,1120
21519,13,14,22630,0
21519,13,14,22260,420
21519,13,14,21890,700
21519,13,14,21520,910
21519,13,14,1,1190
22625,13,14,24853,0
22625,13,14,24483,350
22625,13,14,24113,560
22625,13,14,23743,840
22625,13,14,23373,1120
22625,13,14,23003,1330
25598,13,14,27451,0
25598,13,14,27081,490
25598,13,14,26711,700
25598,13,14,26341,980
25598,13,14,25971,1190
25598,13,14,25601,1470
29677,13,14,31162,0
29677,13,14,30792,560
29677,13,14,30422,840
29677,13,14,30052,1050
29677,13,14,29682,1330
33762,13,14,34873,0
33762,13,14,34503,420
33762,13,14,34133,630
33762,13,14,33763,910
33762,13,14,1,1190
20032,13,14,21516,0
20032,13,14,21146,560
20032,13,14,20776,770
20032,13,14,20036,1050
20032,13,14,1,1120
37841,13,14,39694,0
37841,13,14,39324,350
37841,13,14,38954,630
37841,13,14,38584,840
37841,13,14,38214,1120
37841,13,14,37844,1330
27084,13,14,28195,0
27084,13,14,27825,490
27084,13,14,27455,700
27084,13,14,27085,980
27084,13,14,1,1190
18916,13,14,21513,0
18916,13,14,21143,350
18916,13,14,20773,630
18916,13,14,20403,840
18916,13,14,20033,910
18916,13,14,19663,980
18916,13,14,18923,1050
18916,13,14,1,1120
38212,13,14,40065,0
38212,13,14,39695,350
38212,13,14,39325,630
38212,13,14,38955,840
38212,13,14,38585,1120
38212,13,14,38215,1330
32275,13,14,33759,0
32275,13,14,33389,420
32275,13,14,33019,630
32275,13,14,32649,910
32275,13,14,32279,1190
32275,13,14,1,1400
39327,13,14,40438,0
39327,13,14,40068,350
39327,13,14,39698,630
39327,13,14,39328,840
39327,13,14,1,1120
24116,13,14,25227,0
24116,13,14,24857,490
24116,13,14,24487,770
24116,13,14,24117,1050
24116,13,14,1,1260
28195,13,14,29678,0
28195,13,14,29308,560
28195,13,14,28938,770
28195,13,14,28568,1050
28195,13,14,28198,1260
32646,13,14,34130,0
32646,13,14,33760,420
32646,13,14,33390,630
32646,13,14,33020,910
32646,13,14,32650,1190
32646,13,14,1,1400
17438,13,14,21139,0
17438,13,14,20769,490
17438,13,14,20399,700
17438,13,14,20029,770
17438,13,14,19289,840
17438,13,14,18919,910
17438,13,14,18179,980
17438,13,14,17809,1050
17438,13,14,17439,1120
17438,13,14,1,1190
21514,13,14,23000,0
21514,13,14,22630,560
21514,13,14,22260,770
21514,13,14,21890,1050
21514,13,14,21520,1330
18550,13,14,21512,0
18550,13,14,21142,350
18550,13,14,20772,630
18550,13,14,20402,840
18550,13,14,20032,910
18550,13,14,19292,980
18550,13,14,18922,1050
18550,13,14,1,1120
36359,13,14,37470,0
36359,13,14,37100,350
36359,13,14,36730,630
36359,13,14,36360,840
36359,13,14,1,1120
28566,13,14,30049,0
28566,13,14,29679,560
28566,13,14,29309,770
28566,13,14,28939,1050
28566,13,14,28569,1260
22629,13,14,24483,0
22629,13,14,24113,350
22629,13,14,23743,630
22629,13,14,23373,840
22629,13,14,23003,1120
22629,13,14,22633,1400
29681,13,14,30792,0
29681,13,14,30422,350
29681,13,14,30052,630
29681,13,14,29682,840
29681,13,14,1,1120
30793,13,14,32275,0
30793,13,14,31905,560
30793,13,14,31535,840
30793,13,14,31165,1050
30793,13,14,30795,1330
20027,13,14,22256,0
20027,13,14,21886,350
20027,13,14,21516,630
20027,13,14,21146,910
20027,13,14,20776,1120
20027,13,14,20036,1400
20027,13,14,1,1470
23000,13,14,24854,0
23000,13,14,24484,420
23000,13,14,24114,630
23000,13,14,23744,910
23000,13,14,23374,1120
23000,13,14,23004,1400
20036,13,14,22626,0
20036,13,14,22256,490
20036,13,14,21886,700
20036,13,14,21516,980
20036,13,14,21146,1190
20036,13,14,20776,1470
34872,13,14,36356,0
34872,13,14,35986,490
34872,13,14,35616,770
34872,13,14,35246,980
34872,13,14,34876,1260
26713,13,14,27824,0
26713,13,14,27454,490
26713,13,14,27084,700
26713,13,14,26714,980
26713,13,14,1,1190
18920,13,14,21513,0
18920,13,14,21143,350
18920,13,14,20773,630
18920,13,14,20033,910
18920,13,14,19663,980
18920,13,14,18923,1050
18920,13,14,1,1120
31164,13,14,33016,0
31164,13,14,32646,350
31164,13,14,32276,630
31164,13,14,31906,840
31164,13,14,31536,1120
31164,13,14,31166,1330
35243,13,14,36727,0
35243,13,14,36357,490
35243,13,14,35987,770
35243,13,14,35617,980
35243,13,14,35247,1260
32279,13,14,34129,0
32279,13,14,33759,560
32279,13,14,33389,770
32279,13,14,33019,1050
32279,13,14,32649,1330
17068,13,14,21878,0
17068,13,14,21508,560
17068,13,14,21138,770
17068,13,14,20768,1050
17068,13,14,20028,1330
17068,13,14,19658,1400
17068,13,14,18918,1470
24111,13,14,25967,0
24111,13,14,25597,560
24111,13,14,25227,770
24111,13,14,24857,1050
24111,13,14,24487,1330
21147,13,14,22259,0
21147,13,14,21889,420
21147,13,14,21519,630
21147,13,14,21149,910
21147,13,14,1,1190
25226,13,14,26710,0
25226,13,14,26340,560
25226,13,14,25970,770
25226,13,14,25600,1050
25226,13,14,25230,1260
21509,13,14,22630,0
21509,13,14,22260,490
21509,13,14,21890,770
21509,13,14,21520,980
21509,13,14,1,1260
21518,13,14,23370,0
21518,13,14,23000,420
21518,13,14,22630,630
21518,13,14,22260,910
21518,13,14,21890,1120
21518,13,14,21520,1400
33390,13,14,35242,0
33390,13,14,34872,350
33390,13,14,34502,630
33390,13,14,34132,840
33390,13,14,33762,1120
33390,13,14,33392,1330
22624,13,14,24853,0
22624,13,14,24483,350
22624,13,14,24113,560
22624,13,14,23743,840
22624,13,14,23373,1120
22624,13,14,23003,1330
25597,13,14,27081,0
25597,13,14,26711,490
25597,13,14,26341,770
25597,13,14,25971,980
25597,13,14,25601,1260
22633,13,14,24853,0
22633,13,14,24483,420
22633,13,14,24113,700
22633,13,14,23743,980
22633,13,14,23373,1190
22633,13,14,23003,1470
37469,13,14,38953,0
37469,13,14,38583,420
37469,13,14,38213,700
37469,13,14,37843,910
37469,13,14,37473,1190
37469,13,14,1,1400
33761,13,14,35613,0
33761,13,14,35243,350
33761,13,14,34873,630
33761,13,14,34503,840
33761,13,14,34133,1120
33761,13,14,33763,1330
27824,13,14,29307,0
27824,13,14,28937,560
27824,13,14,28567,840
27824,13,14,28197,1050
27824,13,14,27827,1330
20031,13,14,21516,0
20031,13,14,21146,560
20031,13,14,20776,770
20031,13,14,20406,1050
20031,13,14,1,1120
37840,13,14,39324,0
37840,13,14,38954,420
37840,13,14,38584,700
37840,13,14,38214,910
37840,13,14,37844,1190
37840,13,14,1,1400
34876,13,14,36726,0
34876,13,14,36356,560
34876,13,14,35986,840
34876,13,14,35616,1050
34876,13,14,35246,1330
26708,13,14,28564,0
26708,13,14,28194,420
26708,13,14,27824,700
26708,13,14,27454,910
26708,13,14,27084,1190
26708,13,14,26714,1400
23744,13,14,25596,0
23744,13,14,25226,490
23744,13,14,24856,770
23744,13,14,24486,980
23744,13,14,24116,1260
38952,13,14,40807,0
38952,13,14,40437,420
38952,13,14,40067,700
38952,13,14,39697,910
38952,13,14,39327,1190
38952,13,14,38957,1400
40067,13,14,41920,0
40067,13,14,41550,350
40067,13,14,41180,630
40067,13,14,40810,840
40067,13,14,40440,1120
40067,13,14,40070,1400
32274,13,14,34129,0
32274,13,14,33759,350
32274,13,14,33389,630
32274,13,14,33019,910
32274,13,14,32649,1120
32274,13,14,32279,1400
21142,13,14,22999,0
21142,13,14,22629,350
21142,13,14,22259,630
21142,13,14,21889,840
21142,13,14,21519,1120
21142,13,14,21149,1330
24115,13,14,25967,0
24115,13,14,25597,490
24115,13,14,25227,700
24115,13,14,24857,980
24115,13,14,24487,1260
24115,13,14,24117,1470
35987,13,14,37839,0
35987,13,14,37469,350
35987,13,14,37099,630
35987,13,14,36729,840
35987,13,14,36359,1120
35987,13,14,35989,1330
28194,13,14,29678,0
28194,13,14,29308,350
28194,13,14,28938,630
28194,13,14,28568,840
28194,13,14,28198,1120
28194,13,14,1,1330
25230,13,14,27450,0
25230,13,14,27080,420
25230,13,14,26710,630
25230,13,14,26340,910
25230,13,14,25970,1190
25230,13,14,25600,1400
29306,13,14,30791,0
29306,13,14,30421,560
29306,13,14,30051,840
29306,13,14,29681,1050
29306,13,14,29311,1330
21513,13,14,23000,0
21513,13,14,22630,560
21513,13,14,22260,770
21513,13,14,21890,1050
21513,13,14,21520,1330
36358,13,14,37840,0
36358,13,14,37470,560
36358,13,14,37100,770
36358,13,14,36730,1050
36358,13,14,36360,1330
30421,13,14,31904,0
30421,13,14,31534,560
30421,13,14,31164,770
30421,13,14,30794,1050
30421,13,14,30424,1330
22628,13,14,24483,0
22628,13,14,24113,560
22628,13,14,23743,840
22628,13,14,23373,1050
22628,13,14,23003,1330
37473,13,14,39323,0
37473,13,14,38953,490
37473,13,14,38583,770
37473,13,14,38213,980
37473,13,14,37843,1260
30792,13,14,32275,0
30792,13,14,31905,560
30792,13,14,31535,770
30792,13,14,31165,1050
30792,13,14,30795,1330
20026,13,14,22256,0
20026,13,14,21886,490
20026,13,14,21516,770
20026,13,14,21146,980
20026,13,14,20776,1260
20026,13,14,20406,1470
34871,13,14,36726,0
34871,13,14,36356,490
34871,13,14,35986,700
34871,13,14,35616,980
34871,13,14,35246,1260
34871,13,14,34876,1470
19660,13,14,21515,0
19660,13,14,21145,490
19660,13,14,20775,770
19660,13,14,20405,980
19660,13,14,20035,1050
19660,13,14,1,1120
26712,13,14,28564,0
26712,13,14,28194,420
26712,13,14,27824,630
26712,13,14,27454,910
26712,13,14,27084,1190
26712,13,14,26714,1400
20775,13,14,21888,0
20775,13,14,21518,420
20775,13,14,21148,630
20775,13,14,20778,910
20775,13,14,1,1120
38956,13,14,40067,0
38956,13,14,39697,350
38956,13,14,39327,630
38956,13,14,38957,840
38956,13,14,1,1120
31903,13,14,33758,0
31903,13,14,33388,350
31903,13,14,33018,630
31903,13,14,32648,840
31903,13,14,32278,1120
31903,13,14,31908,1330
21137,13,14,22629,0
21137,13,14,22259,560
21137,13,14,21889,770
21137,13,14,21519,1050
21137,13,14,21149,1260
17067,13,14,21138,0
17067,13,14,20768,420
17067,13,14,20398,630
17067,13,14,20028,700
17067,13,14,19658,770
17067,13,14,18918,840
17067,13,14,18548,910
17067,13,14,17808,980
17067,13,14,17438,1050
17067,13,14,17068,1120
17067,13,14,1,1190
21146,13,14,22259,0
21146,13,14,21889,420
21146,13,14,21519,630
21146,13,14,21149,910
21146,13,14,1,1190
33018,13,14,34871,0
33018,13,14,34501,420
33018,13,14,34131,630
33018,13,14,33761,910
33018,13,14,33391,1120
33018,13,14,33021,1400
25225,13,14,27080,0
25225,13,14,26710,490
25225,13,14,26340,700
25225,13,14,25970,980
25225,13,14,25600,1260
25225,13,14,25230,1470
21508,13,14,23000,0
21508,13,14,22630,350
21508,13,14,22260,560
21508,13,14,21890,840
21508,13,14,21520,1120
21508,13,14,1,1330
26337,13,14,28193,0
26337,13,14,27823,490
26337,13,14,27453,700
26337,13,14,27083,980
26337,13,14,26713,1190
26337,13,14,26343,1470
29310,13,14,30421,0
29310,13,14,30051,350
29310,13,14,29681,630
29310,13,14,29311,840
29310,13,14,1,1120
33389,13,14,35242,0
33389,13,14,34872,420
33389,13,14,34502,630
33389,13,14,34132,910
33389,13,14,33762,1190
33389,13,14,33392,1400
37468,13,14,39323,0
37468,13,14,38953,420
37468,13,14,38583,700
37468,13,14,38213,910
37468,13,14,37843,1190
37468,13,14,37473,1400
22257,13,14,24112,0
22257,13,14,23742,350
22257,13,14,23372,560
22257,13,14,23002,840
22257,13,14,22632,1120
22257,13,14,22262,1330
27823,13,14,29307,0
27823,13,14,28937,350
27823,13,14,28567,630
27823,13,14,28197,910
27823,13,14,27827,1120
27823,13,14,1,1400
19664,13,14,21515,0
19664,13,14,21145,490
19664,13,14,20775,770
19664,13,14,20035,1050
19664,13,14,19665,1120
19664,13,14,1,1190
20770,13,14,22258,0
20770,13,14,21888,490
20770,13,14,21518,700
20770,13,14,21148,980
20770,13,14,20778,1260
20770,13,14,1,1470
23743,13,14,25966,0
23743,13,14,25596,350
23743,13,14,25226,630
23743,13,14,24856,840
23743,13,14,24486,1120
23743,13,14,24116,1330
40066,13,14,41550,0
40066,13,14,41180,420
40066,13,14,40810,700
40066,13,14,40440,980
40066,13,14,40070,1190
40066,13,14,1,1470
31907,13,14,33018,0
31907,13,14,32648,350
31907,13,14,32278,630
31907,13,14,31908,910
31907,13,14,1,1120
21141,13,14,22629,0
21141,13,14,22259,420
21141,13,14,21889,700
21141,13,14,21519,910
21141,13,14,21149,1190
21141,13,14,1,1470
18177,13,14,21141,0
18177,13,14,20771,490
18177,13,14,20401,770
18177,13,14,19661,840
18177,13,14,19291,910
18177,13,14,18921,980
18177,13,14,18181,1050
18177,13,14,1,1120
35986,13,14,37839,0
35986,13,14,37469,420
35986,13,14,37099,630
35986,13,14,36729,910
35986,13,14,36359,1190
35986,13,14,35989,1400
29305,13,14,30791,0
29305,13,14,30421,560
29305,13,14,30051,840
29305,13,14,29681,1050
29305,13,14,29311,1330
26341,13,14,28193,0
26341,13,14,27823,420
26341,13,14,27453,700
26341,13,14,27083,910
26341,13,14,26713,1190
26341,13,14,26343,1400
30420,13,14,31904,0
30420,13,14,31534,350
30420,13,14,31164,630
30420,13,14,30794,840
30420,13,14,30424,1120
30420,13,14,1,1330
22252,13,14,24482,0
22252,13,14,24112,350
22252,13,14,23742,560
22252,13,14,23372,840
22252,13,14,23002,1120
22252,13,14,22632,1330
22261,13,14,23372,0
22261,13,14,23002,560
22261,13,14,22632,770
22261,13,14,22262,1050
22261,13,14,1,1260
38584,13,14,40066,0
38584,13,14,39696,560
38584,13,14,39326,770
38584,13,14,38956,1050
38584,13,14,38586,1330
27827,13,14,29677,0
27827,13,14,29307,560
27827,13,14,28937,840
27827,13,14,28567,1050
27827,13,14,28197,1330
19659,13,14,21515,0
19659,13,14,21145,490
19659,13,14,20775,770
19659,13,14,20405,980
19659,13,14,20035,1050
19659,13,14,1,1120
34504,13,14,35615,0
34504,13,14,35245,420
34504,13,14,34875,700
34504,13,14,34505,910
34504,13,14,1,1190
20774,13,14,21888,0
20774,13,14,21518,350
20774,13,14,21148,630
20774,13,14,20778,910
20774,13,14,1,1120
38955,13,14,40437,0
38955,13,14,40067,560
38955,13,14,39697,770
38955,13,14,39327,1050
38955,13,14,38957,1330
24859,13,14,27079,0
24859,13,14,26709,420
24859,13,14,26339,630
24859,13,14,25969,910
24859,13,14,25599,1190
24859,13,14,25229,1400
21136,13,14,22629,0
21136,13,14,22259,350
21136,13,14,21889,630
21136,13,14,21519,840
21136,13,14,21149,1120
21136,13,14,1,1330
28938,13,14,30420,0
28938,13,14,30050,560
28938,13,14,29680,770
28938,13,14,29310,1050
28938,13,14,28940,1260
18181,13,14,22251,0
18181,13,14,21881,420
18181,13,14,21511,700
18181,13,14,21141,980
18181,13,14,20771,1190
18181,13,14,20031,1470
33017,13,14,34501,0
33017,13,14,34131,490
33017,13,14,33761,700
33017,13,14,33391,980
33017,13,14,33021,1260
33017,13,14,1,1470
37102,13,14,38952,0
37102,13,14,38582,490
37102,13,14,38212,770
37102,13,14,37842,980
37102,13,14,37472,1260
29309,13,14,30791,0
29309,13,14,30421,560
29309,13,14,30051,770
29309,13,14,29681,1050
29309,13,14,29311,1260
23372,13,14,25595,0
23372,13,14,25225,350
23372,13,14,24855,560
23372,13,14,24485,840
23372,13,14,24115,1120
23372,13,14,23745,1330
33388,13,14,34872,0
33388,13,14,34502,490
33388,13,14,34132,770
33388,13,14,33762,980
33388,13,14,33392,1260
33388,13,14,1,1470
30424,13,14,32274,0
30424,13,14,31904,560
30424,13,14,31534,770
30424,13,14,31164,1050
30424,13,14,30794,1260
22256,13,14,24112,0
22256,13,14,23742,560
22256,13,14,23372,840
22256,13,14,23002,1050
22256,13,14,22632,1330
19292,13,14,21514,0
19292,13,14,21144,420
19292,13,14,20774,700
19292,13,14,20034,980
19292,13,14,19664,1050
19292,13,14,1,1120
27822,13,14,29677,0
27822,13,14,29307,350
27822,13,14,28937,630
27822,13,14,28567,840
27822,13,14,28197,1120
27822,13,14,27827,1330
27456,13,14,29676,0
27456,13,14,29306,350
27456,13,14,28936,560
27456,13,14,28566,840
27456,13,14,28196,1120
27456,13,14,27826,1330
19663,13,14,21515,0
19663,13,14,21145,490
19663,13,14,20775,770
19663,13,14,20035,1050
19663,13,14,19665,1120
19663,13,14,1,1190
20769,13,14,22258,0
20769,13,14,21888,490
20769,13,14,21518,700
20769,13,14,21148,980
20769,13,14,20778,1260
20769,13,14,1,1470
31535,13,14,33017,0
31535,13,14,32647,560
31535,13,14,32277,840
31535,13,14,31907,1050
31535,13,14,31537,1330
23742,13,14,25596,0
23742,13,14,25226,420
23742,13,14,24856,630
23742,13,14,24486,910
23742,13,14,24116,1120
23742,13,14,23746,1400
20778,13,14,22628,0
20778,13,14,22258,560
20778,13,14,21888,770
20778,13,14,21518,1050
20778,13,14,21148,1330
40065,13,14,41920,0
40065,13,14,41550,420
40065,13,14,41180,700
40065,13,14,40810,910
40065,13,14,40440,1190
40065,13,14,40070,1470
24854,13,14,26709,0
24854,13,14,26339,490
24854,13,14,25969,770
24854,13,14,25599,980
24854,13,14,25229,1260
24854,13,14,24859,1470
21890,13,14,23001,0
21890,13,14,22631,420
21890,13,14,22261,700
21890,13,14,21891,910
21890,13,14,1,1190
31906,13,14,33388,0
31906,13,14,33018,560
31906,13,14,32648,840
31906,13,14,32278,1050
31906,13,14,31908,1330
25969,13,14,27822,0
25969,13,14,27452,490
25969,13,14,27082,700
25969,13,14,26712,980
25969,13,14,26342,1190
25969,13,14,25972,1470
18176,13,14,21141,0
18176,13,14,20771,490
18176,13,14,20401,770
18176,13,14,19661,840
18176,13,14,19291,910
18176,13,14,18921,980
18176,13,14,18181,1050
18176,13,14,1,1120
35985,13,14,37469,0
35985,13,14,37099,490
35985,13,14,36729,770
35985,13,14,36359,980
35985,13,14,35989,1260
35985,13,14,1,1470
33021,13,14,34871,0
33021,13,14,34501,560
33021,13,14,34131,770
33021,13,14,33761,1050
33021,13,14,33391,1330
17810,13,14,22250,0
17810,13,14,21880,420
17810,13,14,21510,630
17810,13,14,21140,910
17810,13,14,20770,1120
17810,13,14,20400,1400
17810,13,14,19660,1470
37097,13,14,38952,0
37097,13,14,38582,420
37097,13,14,38212,700
37097,13,14,37842,910
37097,13,14,37472,1190
37097,13,14,37102,1400
34133,13,14,35244,0
34133,13,14,34874,420
34133,13,14,34504,700
34133,13,14,34134,910
34133,13,14,1,1190
26340,13,14,28193,0
26340,13,14,27823,490
26340,13,14,27453,700
26340,13,14,27083,980
26340,13,14,26713,1190
26340,13,14,26343,1470
30419,13,14,31904,0
30419,13,14,31534,560
30419,13,14,31164,840
30419,13,14,30794,1050
30419,13,14,30424,1330
22251,13,14,24482,0
22251,13,14,24112,350
22251,13,14,23742,560
22251,13,14,23372,840
22251,13,14,23002,1120
22251,13,14,22632,1330
30053,13,14,31903,0
30053,13,14,31533,560
30053,13,14,31163,770
30053,13,14,30793,1050
30053,13,14,30423,1260
19287,13,14,21514,0
19287,13,14,21144,420
19287,13,14,20774,700
19287,13,14,20404,910
19287,13,14,20034,980
19287,13,14,19294,1050
19287,13,14,1,1120
22260,13,14,24112,0
22260,13,14,23742,490
22260,13,14,23372,770
22260,13,14,23002,980
22260,13,14,22632,1260
22260,13,14,22262,1470
38583,13,14,40436,0
38583,13,14,40066,350
38583,13,14,39696,630
38583,13,14,39326,840
38583,13,14,38956,1120
38583,13,14,38586,1330
27451,13,14,29306,0
27451,13,14,28936,350
27451,13,14,28566,630
27451,13,14,28196,840
27451,13,14,27826,1120
27451,13,14,27456,1330
19658,13,14,21515,0
19658,13,14,21145,490
19658,13,14,20775,770
19658,13,14,20405,980
19658,13,14,20035,1050
19658,13,14,1,1120
24487,13,14,25598,0
24487,13,14,25228,490
24487,13,14,24858,770
24487,13,14,24488,1050
24487,13,14,1,1260
34503,13,14,36355,0
34503,13,14,35985,350
34503,13,14,35615,630
34503,13,14,35245,840
34503,13,14,34875,1120
34503,13,14,34505,1400
20773,13,14,21888,0
20773,13,14,21518,420
20773,13,14,21148,630
20773,13,14,20778,910
20773,13,14,1,1120
20407,13,14,22627,0
20407,13,14,22257,490
20407,13,14,21887,770
20407,13,14,21517,980
20407,13,14,21147,1260
21885,13,14,23371,0
21885,13,14,23001,350
21885,13,14,22631,630
21885,13,14,22261,840
21885,13,14,21891,1120
21885,13,14,1,1400
24858,13,14,25969,0
24858,13,14,25599,490
24858,13,14,25229,770
24858,13,14,24859,980
24858,13,14,1,1260
39694,13,14,41549,0
39694,13,14,41179,420
39694,13,14,40809,700
39694,13,14,40439,910
39694,13,14,40069,1190
39694,13,14,39699,1470
28937,13,14,30420,0
28937,13,14,30050,560
28937,13,14,29680,770
28937,13,14,29310,1050
28937,13,14,28940,1260
33016,13,14,34871,0
33016,13,14,34501,420
33016,13,14,34131,700
33016,13,14,33761,910
33016,13,14,33391,1190
33016,13,14,33021,1470
37101,13,14,38212,0
37101,13,14,37842,350
37101,13,14,37472,630
37101,13,14,37102,840
37101,13,14,1,1120
23371,13,14,25225,0
23371,13,14,24855,420
23371,13,14,24485,630
23371,13,14,24115,910
23371,13,14,23745,1120
23371,13,14,23375,1400
30048,13,14,31533,0
30048,13,14,31163,560
30048,13,14,30793,840
30048,13,14,30423,1050
30048,13,14,30053,1330
22255,13,14,24112,0
22255,13,14,23742,560
22255,13,14,23372,840
22255,13,14,23002,1050
22255,13,14,22632,1330
19291,13,14,21514,0
19291,13,14,21144,420
19291,13,14,20774,700
19291,13,14,20404,910
19291,13,14,20034,980
19291,13,14,19294,1050
19291,13,14,1,1120
24482,13,14,26338,0
24482,13,14,25968,560
24482,13,14,25598,840
24482,13,14,25228,1050
24482,13,14,24858,1330
27455,13,14,28566,0
27455,13,14,28196,420
27455,13,14,27826,630
27455,13,14,27456,910
27455,13,14,1,1190
31534,13,14,33017,0
31534,13,14,32647,560
31534,13,14,32277,840
31534,13,14,31907,1050
31534,13,14,31537,1330
20402,13,14,21887,0
20402,13,14,21517,350
20402,13,14,21147,630
20402,13,14,20777,840
20402,13,14,1,1120
21880,13,14,23371,0
21880,13,14,23001,490
21880,13,14,22631,770
21880,13,14,22261,1050
21880,13,14,21891,1260
24853,13,14,26709,0
24853,13,14,26339,490
24853,13,14,25969,770
24853,13,14,25599,1050
24853,13,14,25229,1260
21889,13,14,23741,0
21889,13,14,23371,420
21889,13,14,23001,630
21889,13,14,22631,910
21889,13,14,22261,1120
21889,13,14,21891,1400
25968,13,14,27452,0
25968,13,14,27082,490
25968,13,14,26712,770
25968,13,14,26342,980
25968,13,14,25972,1260
25968,13,14,1,1470
17809,13,14,21140,0
17809,13,14,20770,490
17809,13,14,20400,770
17809,13,14,19660,840
17809,13,14,19290,910
17809,13,14,18550,980
17809,13,14,18180,1050
17809,13,14,17810,1120
17809,13,14,1,1190
34132,13,14,35984,0
34132,13,14,35614,350
34132,13,14,35244,630
34132,13,14,34874,840
34132,13,14,34504,1120
34132,13,14,34134,1400
23375,13,14,25595,0
23375,13,14,25225,420
23375,13,14,24855,700
23375,13,14,24485,980
23375,13,14,24115,1190
23375,13,14,23745,1470
22250,13,14,24482,0
22250,13,14,24112,350
22250,13,14,23742,560
22250,13,14,23372,840
22250,13,14,23002,1120
22250,13,14,22632,1330
27079,13,14,28935,0
27079,13,14,28565,420
27079,13,14,28195,700
27079,13,14,27825,910
27079,13,14,27455,1190
27079,13,14,27085,1470
30052,13,14,31163,0
30052,13,14,30793,350
30052,13,14,30423,630
30052,13,14,30053,840
30052,13,14,1,1120
19286,13,14,21884,0
19286,13,14,21514,490
19286,13,14,21144,770
19286,13,14,20774,980
19286,13,14,20404,1260
19286,13,14,19664,1330
19286,13,14,19294,1400
19286,13,14,1,1470
27450,13,14,29306,0
27450,13,14,28936,350
27450,13,14,28566,630
27450,13,14,28196,840
27450,13,14,27826,1120
27450,13,14,27456,1400
24486,13,14,26338,0
24486,13,14,25968,490
24486,13,14,25598,770
24486,13,14,25228,980
24486,13,14,24858,1260
24486,13,14,24488,1470
20397,13,14,22257,0
20397,13,14,21887,560
20397,13,14,21517,840
20397,13,14,21147,1050
20397,13,14,20777,1330
35614,13,14,37098,0
35614,13,14,36728,490
35614,13,14,36358,770
35614,13,14,35988,980
35614,13,14,35618,1260
20406,13,14,21887,0
20406,13,14,21517,350
20406,13,14,21147,630
20406,13,14,20777,910
20406,13,14,20407,1120
20406,13,14,1,1190
32650,13,14,34500,0
32650,13,14,34130,560
32650,13,14,33760,770
32650,13,14,33390,1050
32650,13,14,33020,1330
21884,13,14,23001,0
21884,13,14,22631,490
21884,13,14,22261,770
21884,13,14,21891,980
21884,13,14,1,1260
24857,13,14,26709,0
24857,13,14,26339,490
24857,13,14,25969,700
24857,13,14,25599,980
24857,13,14,25229,1190
24857,13,14,24859,1470
36729,13,14,38211,0
36729,13,14,37841,560
36729,13,14,37471,770
36729,13,14,37101,1050
36729,13,14,36731,1330
25972,13,14,28192,0
25972,13,14,27822,420
25972,13,14,27452,700
25972,13,14,27082,910
25972,13,14,26712,1190
25972,13,14,26342,1400
29676,13,14,31532,0
29676,13,14,31162,350
29676,13,14,30792,560
29676,13,14,30422,840
29676,13,14,30052,1120
29676,13,14,29682,1330
37100,13,14,38582,0
37100,13,14,38212,560
37100,13,14,37842,770
37100,13,14,37472,1050
37100,13,14,37102,1330
23004,13,14,25224,0
23004,13,14,24854,490
23004,13,14,24484,700
23004,13,14,24114,980
23004,13,14,23744,1190
23004,13,14,23374,1470
27083,13,14,28935,0
27083,13,14,28565,420
27083,13,14,28195,630
27083,13,14,27825,910
27083,13,14,27455,1190
27083,13,14,27085,1400
38211,13,14,39695,0
38211,13,14,39325,420
38211,13,14,38955,700
38211,13,14,38585,910
38211,13,14,38215,1190
38211,13,14,1,1400
35247,13,14,37097,0
35247,13,14,36727,560
35247,13,14,36357,840
35247,13,14,35987,1050
35247,13,14,35617,1330
27454,13,14,29306,0
27454,13,14,28936,350
27454,13,14,28566,630
27454,13,14,28196,840
27454,13,14,27826,1120
27454,13,14,27456,1330
39326,13,14,40808,0
39326,13,14,40438,560
39326,13,14,40068,770
39326,13,14,39698,1050
39326,13,14,39328,1330
20401,13,14,21887,0
20401,13,14,21517,350
20401,13,14,21147,630
20401,13,14,20777,840
20401,13,14,1,1120
21879,13,14,23371,0
21879,13,14,23001,560
21879,13,14,22631,770
21879,13,14,22261,1050
21879,13,14,21891,1260
32645,13,14,34500,0
32645,13,14,34130,350
32645,13,14,33760,630
32645,13,14,33390,910
32645,13,14,33020,1120
32645,13,14,32650,1400
35618,13,14,37468,0
35618,13,14,37098,560
35618,13,14,36728,840
35618,13,14,36358,1050
35618,13,14,35988,1330
17437,13,14,21139,0
17437,13,14,20769,420
17437,13,14,20399,700
17437,13,14,19659,770
17437,13,14,19289,840
17437,13,14,18919,910
17437,13,14,18179,980
17437,13,14,17809,1050
17437,13,14,1,1120
21888,13,14,23371,0
21888,13,14,23001,560
21888,13,14,22631,770
21888,13,14,22261,1050
21888,13,14,21891,1260
39697,13,14,41179,0
39697,13,14,40809,560
39697,13,14,40439,840
39697,13,14,40069,1050
39697,13,14,39699,1330
28565,13,14,30049,0
28565,13,14,29679,350
28565,13,14,29309,630
28565,13,14,28939,840
28565,13,14,28569,1120
28565,13,14,1,1330
25601,13,14,27821,0
25601,13,14,27451,420
25601,13,14,27081,630
25601,13,14,26711,910
25601,13,14,26341,1190
25601,13,14,25971,1400
17808,13,14,21140,0
17808,13,14,20770,490
17808,13,14,20030,770
17808,13,14,19660,840
17808,13,14,19290,910
17808,13,14,18550,980
17808,13,14,18180,1050
17808,13,14,1,1120
29680,13,14,31162,0
29680,13,14,30792,560
29680,13,14,30422,770
29680,13,14,30052,1050
29680,13,14,29682,1330
34131,13,14,35984,0
34131,13,14,35614,420
34131,13,14,35244,700
34131,13,14,34874,910
34131,13,14,34504,1190
34131,13,14,34134,1400
22999,13,14,25224,0
22999,13,14,24854,350
22999,13,14,24484,560
22999,13,14,24114,840
22999,13,14,23744,1120
22999,13,14,23374,1330
20035,13,14,21516,0
20035,13,14,21146,560
20035,13,14,20776,840
20035,13,14,20406,1050
20035,13,14,20036,1120
20035,13,14,1,1190
37844,13,14,39694,0
37844,13,14,39324,490
37844,13,14,38954,770
37844,13,14,38584,980
37844,13,14,38214,1260
30051,13,14,31533,0
30051,13,14,31163,560
30051,13,14,30793,840
30051,13,14,30423,1050
30051,13,14,30053,1330
18919,13,14,21513,0
18919,13,14,21143,350
18919,13,14,20773,630
18919,13,14,20403,840
18919,13,14,20033,910
18919,13,14,19663,980
18919,13,14,18923,1050
18919,13,14,1,1120
31163,13,14,33016,0
31163,13,14,32646,350
31163,13,14,32276,560
31163,13,14,31906,840
31163,13,14,31536,1120
31163,13,14,31166,1330
35242,13,14,37097,0
35242,13,14,36727,490
35242,13,14,36357,700
35242,13,14,35987,980
35242,13,14,35617,1260
35242,13,14,35247,1470
38215,13,14,40065,0
38215,13,14,39695,490
38215,13,14,39325,770
38215,13,14,38955,980
38215,13,14,38585,1260
32278,13,14,33389,0
32278,13,14,33019,420
32278,13,14,32649,630
32278,13,14,32279,910
32278,13,14,1,1120
24485,13,14,26338,0
24485,13,14,25968,560
24485,13,14,25598,770
24485,13,14,25228,1050
24485,13,14,24858,1330
20396,13,14,22257,0
20396,13,14,21887,560
20396,13,14,21517,840
20396,13,14,21147,1050
20396,13,14,20777,1330
28198,13,14,30048,0
28198,13,14,29678,490
28198,13,14,29308,770
28198,13,14,28938,1050
28198,13,14,28568,1260
35613,13,14,37468,0
35613,13,14,37098,490
35613,13,14,36728,700
35613,13,14,36358,980
35613,13,14,35988,1260
35613,13,14,35618,1470
20405,13,14,21887,0
20405,13,14,21517,350
20405,13,14,21147,630
20405,13,14,20777,910
20405,13,14,20407,1120
20405,13,14,1,1190
32649,13,14,33760,0
32649,13,14,33390,420
32649,13,14,33020,630
32649,13,14,32650,910
32649,13,14,1,1120
36728,13,14,38581,0
36728,13,14,38211,350
36728,13,14,37841,630
36728,13,14,37471,840
36728,13,14,37101,1120
36728,13,14,36731,1330
21517,13,14,23370,0
21517,13,14,23000,420
21517,13,14,22630,630
21517,13,14,22260,910
21517,13,14,21890,1120
21517,13,14,21520,1400
25596,13,14,27451,0
25596,13,14,27081,420
25596,13,14,26711,700
25596,13,14,26341,910
25596,13,14,25971,1190
25596,13,14,25601,1470
28569,13,14,30419,0
28569,13,14,30049,490
28569,13,14,29679,770
28569,13,14,29309,1050
28569,13,14,28939,1260
22632,13,14,23743,0
22632,13,14,23373,560
22632,13,14,23003,770
22632,13,14,22633,1050
22632,13,14,1,1260
33760,13,14,35613,0
33760,13,14,35243,420
33760,13,14,34873,630
33760,13,14,34503,910
33760,13,14,34133,1190
33760,13,14,33763,1400
20030,13,14,21516,0
20030,13,14,21146,560
20030,13,14,20776,770
20030,13,14,20406,1050
20030,13,14,1,1120
23003,13,14,24114,0
23003,13,14,23744,560
23003,13,14,23374,770
23003,13,14,23004,1050
23003,13,14,1,1330
37839,13,14,39694,0
37839,13,14,39324,420
37839,13,14,38954,700
37839,13,14,38584,910
37839,13,14,38214,1190
37839,13,14,37844,1400
34875,13,14,35986,0
34875,13,14,35616,420
34875,13,14,35246,700
34875,13,14,34876,910
34875,13,14,1,1190
27082,13,14,28935,0
27082,13,14,28565,420
27082,13,14,28195,630
27082,13,14,27825,910
27082,13,14,27455,1120
27082,13,14,27085,1400
18923,13,14,22253,0
18923,13,14,21883,560
18923,13,14,21513,770
18923,13,14,21143,1050
18923,13,14,20773,1330
38210,13,14,40065,0
38210,13,14,39695,420
38210,13,14,39325,700
38210,13,14,38955,910
38210,13,14,38585,1190
38210,13,14,38215,1400
35246,13,14,36357,0
35246,13,14,35987,420
35246,13,14,35617,700
35246,13,14,35247,910
35246,13,14,1,1190
39325,13,14,41178,0
39325,13,14,40808,350
39325,13,14,40438,630
39325,13,14,40068,840
39325,13,14,39698,1120
39325,13,14,39328,1330
24114,13,14,25967,0
24114,13,14,25597,560
24114,13,14,25227,770
24114,13,14,24857,1050
24114,13,14,24487,1260
28193,13,14,29678,0
28193,13,14,29308,560
28193,13,14,28938,840
28193,13,14,28568,1050
28193,13,14,28198,1330
20400,13,14,21887,0
20400,13,14,21517,350
20400,13,14,21147,630
20400,13,14,20777,840
20400,13,14,1,1120
25229,13,14,26340,0
25229,13,14,25970,490
25229,13,14,25600,700
25229,13,14,25230,980
25229,13,14,1,1190
40437,13,14,41921,0
40437,13,14,41551,420
40437,13,14,41181,700
40437,13,14,40811,980
40437,13,14,40441,1190
40437,13,14,1,1470
21512,13,14,23000,0
21512,13,14,22630,560
21512,13,14,22260,840
21512,13,14,21890,1050
21512,13,14,21520,1330
18548,13,14,21142,0
18548,13,14,20772,560
18548,13,14,20032,840
18548,13,14,19662,910
18548,13,14,19292,980
18548,13,14,18552,1050
18548,13,14,1,1120
36357,13,14,38210,0
36357,13,14,37840,350
36357,13,14,37470,630
36357,13,14,37100,840
36357,13,14,36730,1120
36357,13,14,36360,1330
28564,13,14,30049,0
28564,13,14,29679,560
28564,13,14,29309,840
28564,13,14,28939,1050
28564,13,14,28569,1330
22627,13,14,24853,0
22627,13,14,24483,350
22627,13,14,24113,560
22627,13,14,23743,840
22627,13,14,23373,1120
22627,13,14,23003,1330
25600,13,14,26711,0
25600,13,14,26341,490
25600,13,14,25971,700
25600,13,14,25601,980
25600,13,14,1,1190
37472,13,14,38583,0
37472,13,14,38213,350
37472,13,14,37843,630
37472,13,14,37473,840
37472,13,14,1,1120
29679,13,14,31162,0
29679,13,14,30792,560
29679,13,14,30422,770
29679,13,14,30052,1050
29679,13,14,29682,1330
30791,13,14,32275,0
30791,13,14,31905,350
30791,13,14,31535,630
30791,13,14,31165,840
30791,13,14,30795,1120
30791,13,14,1,1330
40807,13,14,42662,0
40807,13,14,42292,420
40807,13,14,41922,700
40807,13,14,41552,910
40807,13,14,41182,1190
40807,13,14,40812,1470
20034,13,14,21516,0
20034,13,14,21146,560
20034,13,14,20776,840
20034,13,14,20406,1050
20034,13,14,20036,1120
20034,13,14,1,1190
37843,13,14,38954,0
37843,13,14,38584,350
37843,13,14,38214,630
37843,13,14,37844,840
37843,13,14,1,1120
26711,13,14,28564,0
26711,13,14,28194,420
26711,13,14,27824,630
26711,13,14,27454,910
26711,13,14,27084,1120
26711,13,14,26714,1400
18918,13,14,21513,0
18918,13,14,21143,350
18918,13,14,20773,630
18918,13,14,20403,840
18918,13,14,20033,910
18918,13,14,19663,980
18918,13,14,18923,1050
18918,13,14,1,1120
31162,13,14,32646,0
31162,13,14,32276,420
31162,13,14,31906,630
31162,13,14,31536,910
31162,13,14,31166,1120
31162,13,14,1,1400
32277,13,14,34129,0
32277,13,14,33759,350
32277,13,14,33389,560
32277,13,14,33019,840
32277,13,14,32649,1120
32277,13,14,32279,1330
21145,13,14,22629,0
21145,13,14,22259,490
21145,13,14,21889,770
21145,13,14,21519,980
21145,13,14,21149,1260
21145,13,14,1,1470
25224,13,14,27080,0
25224,13,14,26710,490
25224,13,14,26340,770
25224,13,14,25970,980
25224,13,14,25600,1260
25224,13,14,25230,1470
28197,13,14,29308,0
28197,13,14,28938,350
28197,13,14,28568,630
28197,13,14,28198,840
28197,13,14,1,1120
21507,13,14,22630,0
21507,13,14,22260,560
21507,13,14,21890,840
21507,13,14,21520,1050
21507,13,14,1,1330
21516,13,14,23000,0
21516,13,14,22630,490
21516,13,14,22260,700
21516,13,14,21890,980
21516,13,14,21520,1190
21516,13,14,1,1470
18552,13,14,22252,0
18552,13,14,21882,490
18552,13,14,21512,770
18552,13,14,21142,980
18552,13,14,20772,1260
18552,13,14,20402,1470
25595,13,14,27451,0
25595,13,14,27081,490
25595,13,14,26711,700
25595,13,14,26341,980
25595,13,14,25971,1190
25595,13,14,25601,1470
22631,13,14,24483,0
22631,13,14,24113,490
22631,13,14,23743,770
22631,13,14,23373,980
22631,13,14,23003,1260
22631,13,14,22633,1470
33759,13,14,35243,0
33759,13,14,34873,490
33759,13,14,34503,770
33759,13,14,34133,980
33759,13,14,33763,1260
33759,13,14,1,1470
20029,13,14,21516,0
20029,13,14,21146,560
20029,13,14,20776,770
20029,13,14,20406,1050
20029,13,14,1,1120
30795,13,14,32645,0
30795,13,14,32275,560
30795,13,14,31905,770
30795,13,14,31535,1050
30795,13,14,31165,1260
34874,13,14,36726,0
34874,13,14,36356,350
34874,13,14,35986,630
34874,13,14,35616,910
34874,13,14,35246,1120
34874,13,14,34876,1400
31166,13,14,33016,0
31166,13,14,32646,560
31166,13,14,32276,840
31166,13,14,31906,1050
31166,13,14,31536,1330
21140,13,14,22629,0
21140,13,14,22259,420
21140,13,14,21889,700
21140,13,14,21519,910
21140,13,14,21149,1190
21140,13,14,1,1470
24113,13,14,25967,0
24113,13,14,25597,350
24113,13,14,25227,560
24113,13,14,24857,840
24113,13,14,24487,1120
24113,13,14,24117,1330
21149,13,14,22999,0
21149,13,14,22629,560
21149,13,14,22259,840
21149,13,14,21889,1050
21149,13,14,21519,1330
28192,13,14,29678,0
28192,13,14,29308,560
28192,13,14,28938,840
28192,13,14,28568,1050
28192,13,14,28198,1330
25228,13,14,27080,0
25228,13,14,26710,420
25228,13,14,26340,700
25228,13,14,25970,910
25228,13,14,25600,1190
25228,13,14,25230,1470
40436,13,14,42291,0
40436,13,14,41921,420
40436,13,14,41551,700
40436,13,14,41181,910
40436,13,14,40811,1190
40436,13,14,40441,1470
21511,13,14,23000,0
21511,13,14,22630,350
21511,13,14,22260,630
21511,13,14,21890,910
21511,13,14,21520,1120
21511,13,14,1,1400
18547,13,14,21142,0
18547,13,14,20772,560
18547,13,14,20032,840
18547,13,14,19662,910
18547,13,14,19292,980
18547,13,14,18552,1050
18547,13,14,1,1120
21520,13,14,23740,0
21520,13,14,23370,350
21520,13,14,23000,630
21520,13,14,22630,840
21520,13,14,22260,1120
21520,13,14,21890,1330
36356,13,14,37840,0
36356,13,14,37470,420
36356,13,14,37100,700
36356,13,14,36730,910
36356,13,14,36360,1190
36356,13,14,1,1400
22626,13,14,24853,0
22626,13,14,24483,350
22626,13,14,24113,560
22626,13,14,23743,840
22626,13,14,23373,1120
22626,13,14,23003,1330
33392,13,14,35242,0
33392,13,14,34872,560
33392,13,14,34502,840
33392,13,14,34132,1050
33392,13,14,33762,1330
37471,13,14,38953,0
37471,13,14,38583,560
37471,13,14,38213,770
37471,13,14,37843,1050
37471,13,14,37473,1330
30790,13,14,32275,0
30790,13,14,31905,560
30790,13,14,31535,840
30790,13,14,31165,1050
30790,13,14,30795,1330
33763,13,14,35613,0
33763,13,14,35243,560
33763,13,14,34873,840
33763,13,14,34503,1050
33763,13,14,34133,1330
27826,13,14,28937,0
27826,13,14,28567,420
27826,13,14,28197,630
27826,13,14,27827,910
27826,13,14,1,1120
37842,13,14,39324,0
37842,13,14,38954,560
37842,13,14,38584,770
37842,13,14,38214,1050
37842,13,14,37844,1330
26710,13,14,28194,0
26710,13,14,27824,420
26710,13,14,27454,700
26710,13,14,27084,910
26710,13,14,26714,1190
26710,13,14,1,1470
38954,13,14,40807,0
38954,13,14,40437,350
38954,13,14,40067,630
38954,13,14,39697,840
38954,13,14,39327,1120
38954,13,14,38957,1330
23746,13,14,25966,0
23746,13,14,25596,420
23746,13,14,25226,700
23746,13,14,24856,980
23746,13,14,24486,1190
23746,13,14,24116,1470
31161,13,14,33016,0
31161,13,14,32646,350
31161,13,14,32276,630
31161,13,14,31906,840
31161,13,14,31536,1120
31161,13,14,31166,1330
32276,13,14,34129,0
32276,13,14,33759,350
32276,13,14,33389,560
32276,13,14,33019,840
32276,13,14,32649,1120
32276,13,14,32279,1330
21144,13,14,22629,0
21144,13,14,22259,490
21144,13,14,21889,770
21144,13,14,21519,980
21144,13,14,21149,1260
21144,13,14,1,1470
24117,13,14,26337,0
24117,13,14,25967,420
24117,13,14,25597,700
24117,13,14,25227,910
24117,13,14,24857,1190
24117,13,14,24487,1400
18180,13,14,21141,0
18180,13,14,20771,560
18180,13,14,20031,840
18180,13,14,19661,910
18180,13,14,18921,980
18180,13,14,18551,1050
18180,13,14,18181,1120
18180,13,14,1,1190
35989,13,14,37839,0
35989,13,14,37469,560
35989,13,14,37099,840
35989,13,14,36729,1050
35989,13,14,36359,1330
28196,13,14,29678,0
28196,13,14,29308,560
28196,13,14,28938,770
28196,13,14,28568,1050
28196,13,14,28198,1330
21506,13,14,23000,0
21506,13,14,22630,560
21506,13,14,22260,770
21506,13,14,21890,1050
21506,13,14,21520,1260
29308,13,14,30791,0
29308,13,14,30421,560
29308,13,14,30051,770
29308,13,14,29681,1050
29308,13,14,29311,1260
21515,13,14,23000,0
21515,13,14,22630,490
21515,13,14,22260,700
21515,13,14,21890,980
21515,13,14,21520,1190
21515,13,14,1,1470
18551,13,14,21512,0
18551,13,14,21142,350
18551,13,14,20772,630
18551,13,14,20402,840
18551,13,14,20032,910
18551,13,14,19292,980
18551,13,14,18922,1050
18551,13,14,18552,1120
18551,13,14,1,1190
33387,13,14,35242,0
33387,13,14,34872,420
33387,13,14,34502,700
33387,13,14,34132,980
33387,13,14,33762,1190
33387,13,14,33392,1470
36360,13,14,38210,0
36360,13,14,37840,490
36360,13,14,37470,770
36360,13,14,37100,980
36360,13,14,36730,1260
30423,13,14,31534,0
30423,13,14,31164,350
30423,13,14,30794,630
30423,13,14,30424,840
30423,13,14,1,1120
22630,13,14,24483,0
22630,13,14,24113,560
22630,13,14,23743,840
22630,13,14,23373,1050
22630,13,14,23003,1330
33758,13,14,35613,0
33758,13,14,35243,420
33758,13,14,34873,700
33758,13,14,34503,980
33758,13,14,34133,1190
33758,13,14,33763,1470
27821,13,14,29677,0
27821,13,14,29307,350
27821,13,14,28937,630
27821,13,14,28567,840
27821,13,14,28197,1120
27821,13,14,27827,1400
30794,13,14,31905,0
30794,13,14,31535,350
30794,13,14,31165,630
30794,13,14,30795,840
30794,13,14,1,1120
34873,13,14,36726,0
34873,13,14,36356,420
34873,13,14,35986,700
34873,13,14,35616,910
34873,13,14,35246,1190
34873,13,14,34876,1400
19662,13,14,21515,0
19662,13,14,21145,490
19662,13,14,20775,770
19662,13,14,20405,980
19662,13,14,20035,1050
19662,13,14,1,1120
20768,13,14,22628,0
20768,13,14,22258,350
20768,13,14,21888,630
20768,13,14,21518,840
20768,13,14,21148,1120
20768,13,14,20778,1330
23741,13,14,25966,0
23741,13,14,25596,350
23741,13,14,25226,560
23741,13,14,24856,840
23741,13,14,24486,1120
23741,13,14,24116,1330
26714,13,14,28934,0
26714,13,14,28564,420
26714,13,14,28194,630
26714,13,14,27824,910
26714,13,14,27454,1120
26714,13,14,27084,1400
20777,13,14,21888,0
20777,13,14,21518,420
20777,13,14,21148,630
20777,13,14,20778,910
20777,13,14,1,1190
21139,13,14,22629,0
21139,13,14,22259,490
21139,13,14,21889,770
21139,13,14,21519,1050
21139,13,14,21149,1260
31905,13,14,33388,0
31905,13,14,33018,560
31905,13,14,32648,840
31905,13,14,32278,1050
31905,13,14,31908,1330
24112,13,14,25967,0
24112,13,14,25597,560
24112,13,14,25227,770
24112,13,14,24857,1050
24112,13,14,24487,1260
35984,13,14,37839,0
35984,13,14,37469,490
35984,13,14,37099,700
35984,13,14,36729,980
35984,13,14,36359,1190
35984,13,14,35989,1470
21148,13,14,22259,0
21148,13,14,21889,420
21148,13,14,21519,630
21148,13,14,21149,910
21148,13,14,1,1190
33020,13,14,34131,0
33020,13,14,33761,420
33020,13,14,33391,630
33020,13,14,33021,910
33020,13,14,1,1120
25227,13,14,27080,0
25227,13,14,26710,490
25227,13,14,26340,770
25227,13,14,25970,980
25227,13,14,25600,1260
25227,13,14,25230,1470
26339,13,14,27823,0
26339,13,14,27453,490
26339,13,14,27083,770
26339,13,14,26713,980
26339,13,14,26343,1260
26339,13,14,1,1470
36355,13,14,38210,0
36355,13,14,37840,420
36355,13,14,37470,700
36355,13,14,37100,910
36355,13,14,36730,1190
36355,13,14,36360,1400
33391,13,14,34502,0
33391,13,14,34132,420
33391,13,14,33762,630
33391,13,14,33392,910
33391,13,14,1,1190
37470,13,14,39323,0
37470,13,14,38953,350
37470,13,14,38583,630
37470,13,14,38213,840
37470,13,14,37843,1120
37470,13,14,37473,1330
22259,13,14,24112,0
22259,13,14,23742,560
22259,13,14,23372,840
22259,13,14,23002,1050
22259,13,14,22632,1330
38582,13,14,40066,0
38582,13,14,39696,420
38582,13,14,39326,700
38582,13,14,38956,910
38582,13,14,38586,1190
38582,13,14,1,1400
27825,13,14,29677,0
27825,13,14,29307,350
27825,13,14,28937,560
27825,13,14,28567,840
27825,13,14,28197,1120
27825,13,14,27827,1330
19657,13,14,21885,0
19657,13,14,21515,560
19657,13,14,21145,840
19657,13,14,20775,1050
19657,13,14,20405,1330
19657,13,14,19665,1400
19657,13,14,1,1470
34502,13,14,36355,0
34502,13,14,35985,420
34502,13,14,35615,700
34502,13,14,35245,910
34502,13,14,34875,1190
34502,13,14,34505,1400
26709,13,14,28564,0
26709,13,14,28194,420
26709,13,14,27824,630
26709,13,14,27454,910
26709,13,14,27084,1190
26709,13,14,26714,1400
20772,13,14,21888,0
20772,13,14,21518,420
20772,13,14,21148,630
20772,13,14,20778,910
20772,13,14,1,1120
23745,13,14,24856,0
23745,13,14,24486,560
23745,13,14,24116,770
23745,13,14,23746,1050
23745,13,14,1,1330
38953,13,14,40437,0
38953,13,14,40067,420
38953,13,14,39697,700
38953,13,14,39327,910
38953,13,14,38957,1190
38953,13,14,1,1400
28936,13,14,30420,0
28936,13,14,30050,350
28936,13,14,29680,560
28936,13,14,29310,840
28936,13,14,28940,1120
28936,13,14,1,1330
21143,13,14,22999,0
21143,13,14,22629,350
21143,13,14,22259,630
21143,13,14,21889,840
21143,13,14,21519,1120
21143,13,14,21149,1400
18179,13,14,21141,0
18179,13,14,20771,560
18179,13,14,20401,770
18179,13,14,20031,840
18179,13,14,19661,910
18179,13,14,18921,980
18179,13,14,18551,1050
18179,13,14,1,1120
35988,13,14,37099,0
35988,13,14,36729,420
35988,13,14,36359,630
35988,13,14,35989,910
35988,13,14,1,1190
29307,13,14,30791,0
29307,13,14,30421,350
29307,13,14,30051,560
29307,13,14,29681,840
29307,13,14,29311,1120
29307,13,14,1,1330
23370,13,14,25225,0
23370,13,14,24855,560
23370,13,14,24485,840
23370,13,14,24115,1050
23370,13,14,23745,1330
26343,13,14,28563,0
26343,13,14,28193,420
26343,13,14,27823,700
26343,13,14,27453,910
26343,13,14,27083,1190
26343,13,14,26713,1400
30422,13,14,31904,0
30422,13,14,31534,560
30422,13,14,31164,840
30422,13,14,30794,1050
30422,13,14,30424,1330
22254,13,14,24112,0
22254,13,14,23742,560
22254,13,14,23372,840
22254,13,14,23002,1050
22254,13,14,22632,1330
19290,13,14,21514,0
19290,13,14,21144,420
19290,13,14,20774,700
19290,13,14,20404,910
19290,13,14,20034,980
19290,13,14,19294,1050
19290,13,14,1,1120
38586,13,14,40436,0
38586,13,14,40066,490
38586,13,14,39696,770
38586,13,14,39326,980
38586,13,14,38956,1260
19661,13,14,21515,0
19661,13,14,21145,490
19661,13,14,20775,700
19661,13,14,20405,980
19661,13,14,19665,1050
19661,13,14,1,1120
31533,13,14,33017,0
31533,13,14,32647,420
31533,13,14,32277,630
31533,13,14,31907,910
31533,13,14,31537,1120
31533,13,14,1,1400
20767,13,14,22628,0
20767,13,14,22258,350
20767,13,14,21888,560
20767,13,14,21518,840
20767,13,14,21148,1120
20767,13,14,20778,1330
23740,13,14,25966,0
23740,13,14,25596,350
23740,13,14,25226,630
23740,13,14,24856,840
23740,13,14,24486,1120
23740,13,14,24116,1330
16697,13,14,21877,0
16697,13,14,21507,490
16697,13,14,21137,770
16697,13,14,20767,980
16697,13,14,20397,1260
16697,13,14,19657,1330
16697,13,14,19287,1400
16697,13,14,18547,1470
20776,13,14,21888,0
20776,13,14,21518,420
20776,13,14,21148,630
20776,13,14,20778,910
20776,13,14,1,1190
38957,13,14,40807,0
38957,13,14,40437,490
38957,13,14,40067,770
38957,13,14,39697,980
38957,13,14,39327,1260
21138,13,14,22629,0
21138,13,14,22259,490
21138,13,14,21889,770
21138,13,14,21519,1050
21138,13,14,21149,1260
25967,13,14,27822,0
25967,13,14,27452,420
25967,13,14,27082,700
25967,13,14,26712,910
25967,13,14,26342,1190
25967,13,14,25972,1470
31904,13,14,33388,0
31904,13,14,33018,420
31904,13,14,32648,630
31904,13,14,32278,910
31904,13,14,31908,1120
31904,13,14,1,1400
28940,13,14,30790,0
28940,13,14,30420,490
28940,13,14,30050,770
28940,13,14,29680,1050
28940,13,14,29310,1260
33019,13,14,34871,0
33019,13,14,34501,350
33019,13,14,34131,560
33019,13,14,33761,840
33019,13,14,33391,1120
33019,13,14,33021,1330
26338,13,14,28193,0
26338,13,14,27823,420
26338,13,14,27453,700
26338,13,14,27083,910
26338,13,14,26713,1190
26338,13,14,26343,1470
29311,13,14,31161,0
29311,13,14,30791,490
29311,13,14,30421,770
29311,13,14,30051,1050
29311,13,14,29681,1260
23374,13,14,24485,0
23374,13,14,24115,560
23374,13,14,23745,770
23374,13,14,23375,1050
23374,13,14,1,1260
22249,13,14,24482,0
22249,13,14,24112,350
22249,13,14,23742,560
22249,13,14,23372,840
22249,13,14,23002,1120
22249,13,14,22632,1330
22258,13,14,24112,0
22258,13,14,23742,350
22258,13,14,23372,630
22258,13,14,23002,840
22258,13,14,22632,1120
22258,13,14,22262,1400
19294,13,14,22624,0
19294,13,14,22254,350
19294,13,14,21884,630
19294,13,14,21514,840
19294,13,14,21144,1120
19294,13,14,20774,1330
38581,13,14,40436,0
38581,13,14,40066,420
38581,13,14,39696,700
38581,13,14,39326,910
38581,13,14,38956,1190
38581,13,14,38586,1400
34501,13,14,35985,0
34501,13,14,35615,490
34501,13,14,35245,770
34501,13,14,34875,980
34501,13,14,34505,1260
34501,13,14,1,1470
19665,13,14,22625,0
19665,13,14,22255,420
19665,13,14,21885,630
19665,13,14,21515,910
19665,13,14,21145,1190
19665,13,14,20775,1400
31537,13,14,33387,0
31537,13,14,33017,560
31537,13,14,32647,770
31537,13,14,32277,1050
31537,13,14,31907,1330
20771,13,14,21888,0
20771,13,14,21518,420
20771,13,14,21148,630
20771,13,14,20778,910
20771,13,14,1,1120
21883,13,14,23001,0
21883,13,14,22631,560
21883,13,14,22261,840
21883,13,14,21891,1050
21883,13,14,1,1330
24856,13,14,26709,0
24856,13,14,26339,490
24856,13,14,25969,770
24856,13,14,25599,1050
24856,13,14,25229,1260
28935,13,14,30420,0
28935,13,14,30050,560
28935,13,14,29680,840
28935,13,14,29310,1050
28935,13,14,28940,1330
31908,13,14,33758,0
31908,13,14,33388,560
31908,13,14,33018,770
31908,13,14,32648,1050
31908,13,14,32278,1330
25971,13,14,27082,0
25971,13,14,26712,490
25971,13,14,26342,770
25971,13,14,25972,980
25971,13,14,1,1260
37099,13,14,38952,0
37099,13,14,38582,350
37099,13,14,38212,630
37099,13,14,37842,840
37099,13,14,37472,1120
37099,13,14,37102,1330
26342,13,14,27453,0
26342,13,14,27083,490
26342,13,14,26713,770
26342,13,14,26343,980
26342,13,14,1,1260
22253,13,14,24112,0
22253,13,14,23742,560
22253,13,14,23372,840
22253,13,14,23002,1050
22253,13,14,22632,1330
19289,13,14,21514,0
19289,13,14,21144,420
19289,13,14,20774,700
19289,13,14,20404,910
19289,13,14,20034,980
19289,13,14,19294,1050
19289,13,14,1,1120
22262,13,14,24482,0
22262,13,14,24112,420
22262,13,14,23742,700
22262,13,14,23372,980
22262,13,14,23002,1190
22262,13,14,22632,1470
38585,13,14,39696,0
38585,13,14,39326,350
38585,13,14,38956,630
38585,13,14,38586,840
38585,13,14,1,1120
27453,13,14,29306,0
27453,13,14,28936,350
27453,13,14,28566,560
27453,13,14,28196,840
27453,13,14,27826,1120
27453,13,14,27456,1330
31532,13,14,33387,0
31532,13,14,33017,350
31532,13,14,32647,630
31532,13,14,32277,840
31532,13,14,31907,1120
31532,13,14,31537,1330
20766,13,14,22258,0
20766,13,14,21888,420
20766,13,14,21518,700
20766,13,14,21148,910
20766,13,14,20778,1190
20766,13,14,1,1400
34505,13,14,36355,0
34505,13,14,35985,560
34505,13,14,35615,840
34505,13,14,35245,1050
34505,13,14,34875,1330
21878,13,14,23371,0
21878,13,14,23001,490
21878,13,14,22631,770
21878,13,14,22261,1050
21878,13,14,21891,1260
35617,14,15,36728,0
35617,14,15,36358,420
35617,14,15,35988,700
35617,14,15,35618,910
35617,14,15,1,1190
21887,14,15,23371,0
21887,14,15,23001,560
21887,14,15,22631,770
21887,14,15,22261,1050
21887,14,15,21891,1260
39696,14,15,41549,0
39696,14,15,41179,350
39696,14,15,40809,630
39696,14,15,40439,840
39696,14,15,40069,1120
39696,14,15,39699,1400
25966,14,15,27822,0
25966,14,15,27452,490
25966,14,15,27082,700
25966,14,15,26712,980
25966,14,15,26342,1190
25966,14,15,25972,1470
28939,14,15,30050,0
28939,14,15,29680,350
28939,14,15,29310,630
28939,14,15,28940,840
28939,14,15,1,1120
34130,14,15,35614,0
34130,14,15,35244,490
34130,14,15,34874,770
34130,14,15,34504,980
34130,14,15,34134,1260
34130,14,15,1,1470
23373,14,15,25225,0
23373,14,15,24855,490
23373,14,15,24485,770
23373,14,15,24115,980
23373,14,15,23745,1260
41182,14,15,42293,0
41182,14,15,41923,350
41182,14,15,41553,630
41182,14,15,41183,840
41182,14,15,1,1120
30050,14,15,31533,0
30050,14,15,31163,560
30050,14,15,30793,770
30050,14,15,30423,1050
30050,14,15,30053,1330
19293,14,15,21514,0
19293,14,15,21144,420
19293,14,15,20774,700
19293,14,15,20034,980
19293,14,15,19664,1050
19293,14,15,1,1120
38214,14,15,39325,0
38214,14,15,38955,350
38214,14,15,38585,630
38214,14,15,38215,840
38214,14,15,1,1120
24484,14,15,26338,0
24484,14,15,25968,350
24484,14,15,25598,560
24484,14,15,25228,840
24484,14,15,24858,1120
24484,14,15,24488,1330
34500,14,15,36355,0
34500,14,15,35985,490
34500,14,15,35615,700
34500,14,15,35245,980
34500,14,15,34875,1190
34500,14,15,34505,1470
31536,14,15,32647,0
31536,14,15,32277,350
31536,14,15,31907,630
31536,14,15,31537,910
31536,14,15,1,1120
20404,14,15,21887,0
20404,14,15,21517,350
20404,14,15,21147,630
20404,14,15,20777,840
20404,14,15,1,1120
32648,14,15,34500,0
32648,14,15,34130,350
32648,14,15,33760,560
32648,14,15,33390,840
32648,14,15,33020,1120
32648,14,15,32650,1330
21882,14,15,23001,0
21882,14,15,22631,560
21882,14,15,22261,770
21882,14,15,21891,1050
21882,14,15,1,1260
24855,14,15,26339,0
24855,14,15,25969,560
24855,14,15,25599,840
24855,14,15,25229,1050
24855,14,15,24859,1330
21891,14,15,24111,0
21891,14,15,23741,350
21891,14,15,23371,560
21891,14,15,23001,840
21891,14,15,22631,1120
21891,14,15,22261,1330
36727,14,15,38211,0
36727,14,15,37841,420
36727,14,15,37471,700
36727,14,15,37101,910
36727,14,15,36731,1190
36727,14,15,1,1400
28934,14,15,30420,0
28934,14,15,30050,560
28934,14,15,29680,840
28934,14,15,29310,1050
28934,14,15,28940,1330
25970,14,15,27822,0
25970,14,15,27452,420
25970,14,15,27082,700
25970,14,15,26712,910
25970,14,15,26342,1190
25970,14,15,25972,1400
28568,14,15,29679,0
28568,14,15,29309,350
28568,14,15,28939,630
28568,14,15,28569,840
28568,14,15,1,1120
37098,14,15,38582,0
37098,14,15,38212,420
37098,14,15,37842,700
37098,14,15,37472,910
37098,14,15,37102,1190
37098,14,15,1,1400
34134,14,15,35984,0
34134,14,15,35614,560
34134,14,15,35244,840
34134,14,15,34874,1050
34134,14,15,34504,1330
23002,14,15,24854,0
23002,14,15,24484,490
23002,14,15,24114,770
23002,14,15,23744,1050
23002,14,15,23374,1260
40811,14,15,41922,0
40811,14,15,41552,350
40811,14,15,41182,630
40811,14,15,40812,840
40811,14,15,1,1120
27081,14,15,28565,0
27081,14,15,28195,420
27081,14,15,27825,700
27081,14,15,27455,980
27081,14,15,27085,1190
27081,14,15,1,1470
18922,14,15,21513,0
18922,14,15,21143,420
18922,14,15,20773,630
18922,14,15,20403,910
18922,14,15,19663,980
18922,14,15,19293,1050
18922,14,15,1,1120
35245,14,15,37097,0
35245,14,15,36727,350
35245,14,15,36357,630
35245,14,15,35987,910
35245,14,15,35617,1120
35245,14,15,35247,1400
27452,14,15,28936,0
27452,14,15,28566,350
27452,14,15,28196,630
27452,14,15,27826,910
27452,14,15,27456,1120
27452,14,15,1,1400
24488,14,15,26708,0
24488,14,15,26338,420
24488,14,15,25968,700
24488,14,15,25598,910
24488,14,15,25228,1190
24488,14,15,24858,1400
39324,14,15,40808,0
39324,14,15,40438,420
39324,14,15,40068,700
39324,14,15,39698,910
39324,14,15,39328,1190
39324,14,15,1,1400
20399,14,15,22257,0
20399,14,15,21887,420
20399,14,15,21517,700
20399,14,15,21147,910
20399,14,15,20777,1190
20399,14,15,1,1470
21877,14,15,23371,0
21877,14,15,23001,560
21877,14,15,22631,770
21877,14,15,22261,1050
21877,14,15,21891,1260
35616,14,15,37468,0
35616,14,15,37098,350
35616,14,15,36728,630
35616,14,15,36358,910
35616,14,15,35988,1120
35616,14,15,35618,1400
21886,14,15,23371,0
21886,14,15,23001,350
21886,14,15,22631,630
21886,14,15,22261,840
21886,14,15,21891,1120
21886,14,15,1,1330
39695,14,15,41179,0
39695,14,15,40809,420
39695,14,15,40439,700
39695,14,15,40069,980
39695,14,15,39699,1190
39695,14,15,1,1470
36731,14,15,38581,0
36731,14,15,38211,490
36731,14,15,37841,770
36731,14,15,37471,980
36731,14,15,37101,1260
28563,14,15,30049,0
28563,14,15,29679,560
28563,14,15,29309,840
28563,14,15,28939,1050
28563,14,15,28569,1330
25599,14,15,27451,0
25599,14,15,27081,420
25599,14,15,26711,700
25599,14,15,26341,910
25599,14,15,25971,1190
25599,14,15,25601,1470
29678,14,15,31162,0
29678,14,15,30792,350
29678,14,15,30422,630
29678,14,15,30052,840
29678,14,15,29682,1120
29678,14,15,1,1330
34129,14,15,35984,0
34129,14,15,35614,490
34129,14,15,35244,700
34129,14,15,34874,980
34129,14,15,34504,1190
34129,14,15,34134,1470
20033,14,15,21516,0
20033,14,15,21146,560
20033,14,15,20776,770
20033,14,15,20406,1050
20033,14,15,1,1120
30049,14,15,31533,0
30049,14,15,31163,350
30049,14,15,30793,630
30049,14,15,30423,840
30049,14,15,30053,1120
30049,14,15,1,1330
27085,14,15,29305,0
27085,14,15,28935,420
27085,14,15,28565,630
27085,14,15,28195,910
27085,14,15,27825,1120
27085,14,15,27455,1400
38213,14,15,39695,0
38213,14,15,39325,560
38213,14,15,38955,770
38213,14,15,38585,1050
38213,14,15,38215,1330
24483,14,15,26338,0
24483,14,15,25968,560
24483,14,15,25598,770
24483,14,15,25228,1050
24483,14,15,24858,1260
42292,14,15,43776,0
42292,14,15,43406,420
42292,14,15,43036,700
42292,14,15,42666,980
42292,14,15,42296,1190
42292,14,15,1,1470
39328,14,15,41178,0
39328,14,15,40808,490
39328,14,15,40438,770
39328,14,15,40068,980
39328,14,15,39698,1260
20403,14,15,21887,0
20403,14,15,21517,350
20403,14,15,21147,560
20403,14,15,20777,840
20403,14,15,1,1120
32647,14,15,34500,0
32647,14,15,34130,350
32647,14,15,33760,560
32647,14,15,33390,840
32647,14,15,33020,1120
32647,14,15,32650,1330
17439,14,15,22249,0
17439,14,15,21879,350
17439,14,15,21509,630
17439,14,15,21139,840
17439,14,15,20769,1120
17439,14,15,20399,1330
17439,14,15,20029,1400
17439,14,15,19289,1470
21881,14,15,23371,0
21881,14,15,23001,490
21881,14,15,22631,770
21881,14,15,22261,1050
21881,14,15,21891,1260
36726,14,15,38581,0
36726,14,15,38211,420
36726,14,15,37841,700
36726,14,15,37471,910
36726,14,15,37101,1190
36726,14,15,36731,1400
28567,14,15,30049,0
28567,14,15,29679,560
28567,14,15,29309,770
28567,14,15,28939,1050
28567,14,15,28569,1330
29682,14,15,31532,0
29682,14,15,31162,560
29682,14,15,30792,770
29682,14,15,30422,1050
29682,14,15,30052,1260
20028,14,15,22256,0
20028,14,15,21886,350
20028,14,15,21516,630
20028,14,15,21146,840
20028,14,15,20776,1120
20028,14,15,20036,1400
20028,14,15,1,1470
23001,14,15,25224,0
23001,14,15,24854,350
23001,14,15,24484,630
23001,14,15,24114,840
23001,14,15,23744,1120
23001,14,15,23374,1330
40810,14,15,42292,0
40810,14,15,41922,560
40810,14,15,41552,840
40810,14,15,41182,1050
40810,14,15,40812,1330
27080,14,15,28935,0
27080,14,15,28565,420
27080,14,15,28195,630
27080,14,15,27825,910
27080,14,15,27455,1190
27080,14,15,27085,1400
18921,14,15,21513,0
18921,14,15,21143,420
18921,14,15,20773,630
18921,14,15,20403,910
18921,14,15,19663,980
18921,14,15,19293,1050
18921,14,15,1,1120
31165,14,15,32276,0
31165,14,15,31906,420
31165,14,15,31536,630
31165,14,15,31166,910
31165,14,15,1,1120
35244,14,15,37097,0
35244,14,15,36727,420
35244,14,15,36357,700
35244,14,15,35987,910
35244,14,15,35617,1190
35244,14,15,35247,1400
39323,14,15,41178,0
39323,14,15,40808,420
39323,14,15,40438,700
39323,14,15,40068,910
39323,14,15,39698,1190
39323,14,15,39328,1400
20398,14,15,22257,0
20398,14,15,21887,420
20398,14,15,21517,700
20398,14,15,21147,910
20398,14,15,20777,1190
20398,14,15,1,1470
35615,14,15,37468,0
35615,14,15,37098,420
35615,14,15,36728,700
35615,14,15,36358,910
35615,14,15,35988,1190
35615,14,15,35618,1400
21510,14,15,23000,0
21510,14,15,22630,350
21510,14,15,22260,630
21510,14,15,21890,910
21510,14,15,21520,1120
21510,14,15,1,1400
36730,14,15,37841,0
36730,14,15,37471,350
36730,14,15,37101,630
36730,14,15,36731,840
36730,14,15,1,1120
21519,14,15,22630,0
21519,14,15,22260,420
21519,14,15,21890,700
21519,14,15,21520,910
21519,14,15,1,1190
22625,14,15,24853,0
22625,14,15,24483,350
22625,14,15,24113,560
22625,14,15,23743,840
22625,14,15,23373,1120
22625,14,15,23003,1330
25598,14,15,27451,0
25598,14,15,27081,490
25598,14,15,26711,700
25598,14,15,26341,980
25598,14,15,25971,1190
25598,14,15,25601,1470
29677,14,15,31162,0
29677,14,15,30792,560
29677,14,15,30422,840
29677,14,15,30052,1050
29677,14,15,29682,1330
41921,14,15,43405,0
41921,14,15,43035,420
41921,14,15,42665,700
41921,14,15,42295,980
41921,14,15,41925,1190
41921,14,15,1,1470
33762,14,15,34873,0
33762,14,15,34503,420
33762,14,15,34133,630
33762,14,15,33763,910
33762,14,15,1,1190
20032,14,15,21516,0
20032,14,15,21146,560
20032,14,15,20776,770
20032,14,15,20036,1050
20032,14,15,1,1120
37841,14,15,39694,0
37841,14,15,39324,350
37841,14,15,38954,630
37841,14,15,38584,840
37841,14,15,38214,1120
37841,14,15,37844,1330
27084,14,15,28195,0
27084,14,15,27825,490
27084,14,15,27455,700
27084,14,15,27085,980
27084,14,15,1,1190
38212,14,15,40065,0
38212,14,15,39695,350
38212,14,15,39325,630
38212,14,15,38955,840
38212,14,15,38585,1120
38212,14,15,38215,1330
32275,14,15,33759,0
32275,14,15,33389,420
32275,14,15,33019,630
32275,14,15,32649,910
32275,14,15,32279,1190
32275,14,15,1,1400
39327,14,15,40438,0
39327,14,15,40068,350
39327,14,15,39698,630
39327,14,15,39328,840
39327,14,15,1,1120
24116,14,15,25227,0
24116,14,15,24857,490
24116,14,15,24487,770
24116,14,15,24117,1050
24116,14,15,1,1260
28195,14,15,29678,0
28195,14,15,29308,560
28195,14,15,28938,770
28195,14,15,28568,1050
28195,14,15,28198,1260
40439,14,15,41921,0
40439,14,15,41551,560
40439,14,15,41181,840
40439,14,15,40811,1050
40439,14,15,40441,1330
32646,14,15,34130,0
32646,14,15,33760,420
32646,14,15,33390,630
32646,14,15,33020,910
32646,14,15,32650,1190
32646,14,15,1,1400
17438,14,15,21139,0
17438,14,15,20769,420
17438,14,15,20399,700
17438,14,15,19659,770
17438,14,15,19289,840
17438,14,15,18919,910
17438,14,15,18179,980
17438,14,15,17809,1050
17438,14,15,1,1120
21514,14,15,23000,0
21514,14,15,22630,560
21514,14,15,22260,770
21514,14,15,21890,1050
21514,14,15,21520,1260
18550,14,15,21512,0
18550,14,15,21142,350
18550,14,15,20772,630
18550,14,15,20402,840
18550,14,15,20032,910
18550,14,15,19292,980
18550,14,15,18922,1050
18550,14,15,1,1120
36359,14,15,37470,0
36359,14,15,37100,350
36359,14,15,36730,630
36359,14,15,36360,840
36359,14,15,1,1120
28566,14,15,30049,0
28566,14,15,29679,560
28566,14,15,29309,770
28566,14,15,28939,1050
28566,14,15,28569,1260
22629,14,15,24483,0
22629,14,15,24113,350
22629,14,15,23743,630
22629,14,15,23373,840
22629,14,15,23003,1120
22629,14,15,22633,1400
29681,14,15,30792,0
29681,14,15,30422,350
29681,14,15,30052,630
29681,14,15,29682,840
29681,14,15,1,1120
30793,14,15,32275,0
30793,14,15,31905,560
30793,14,15,31535,840
30793,14,15,31165,1050
30793,14,15,30795,1330
23000,14,15,24854,0
23000,14,15,24484,420
23000,14,15,24114,630
23000,14,15,23744,910
23000,14,15,23374,1120
23000,14,15,23004,1400
40809,14,15,42662,0
40809,14,15,42292,350
40809,14,15,41922,630
40809,14,15,41552,840
40809,14,15,41182,1120
40809,14,15,40812,1400
20036,14,15,22626,0
20036,14,15,22256,490
20036,14,15,21886,700
20036,14,15,21516,980
20036,14,15,21146,1190
20036,14,15,20776,1470
34872,14,15,36356,0
34872,14,15,35986,490
34872,14,15,35616,770
34872,14,15,35246,980
34872,14,15,34876,1260
26713,14,15,27824,0
26713,14,15,27454,490
26713,14,15,27084,700
26713,14,15,26714,980
26713,14,15,1,1190
31164,14,15,33016,0
31164,14,15,32646,350
31164,14,15,32276,630
31164,14,15,31906,840
31164,14,15,31536,1120
31164,14,15,31166,1330
35243,14,15,36727,0
35243,14,15,36357,490
35243,14,15,35987,770
35243,14,15,35617,980
35243,14,15,35247,1260
32279,14,15,34129,0
32279,14,15,33759,560
32279,14,15,33389,770
32279,14,15,33019,1050
32279,14,15,32649,1330
17068,14,15,21878,0
17068,14,15,21508,560
17068,14,15,21138,770
17068,14,15,20768,1050
17068,14,15,20028,1330
17068,14,15,19658,1400
17068,14,15,18918,1470
24111,14,15,25967,0
24111,14,15,25597,560
24111,14,15,25227,770
24111,14,15,24857,1050
24111,14,15,24487,1330
21147,14,15,22259,0
21147,14,15,21889,420
21147,14,15,21519,630
21147,14,15,21149,910
21147,14,15,1,1120
25226,14,15,26710,0
25226,14,15,26340,560
25226,14,15,25970,770
25226,14,15,25600,1050
25226,14,15,25230,1260
21509,14,15,22630,0
21509,14,15,22260,490
21509,14,15,21890,770
21509,14,15,21520,980
21509,14,15,1,1260
21518,14,15,23370,0
21518,14,15,23000,420
21518,14,15,22630,630
21518,14,15,22260,910
21518,14,15,21890,1120
21518,14,15,21520,1400
33390,14,15,35242,0
33390,14,15,34872,350
33390,14,15,34502,630
33390,14,15,34132,840
33390,14,15,33762,1120
33390,14,15,33392,1330
22624,14,15,24853,0
22624,14,15,24483,350
22624,14,15,24113,560
22624,14,15,23743,840
22624,14,15,23373,1120
22624,14,15,23003,1330
25597,14,15,27081,0
25597,14,15,26711,490
25597,14,15,26341,770
25597,14,15,25971,980
25597,14,15,25601,1260
22633,14,15,24853,0
22633,14,15,24483,420
22633,14,15,24113,700
22633,14,15,23743,980
22633,14,15,23373,1190
22633,14,15,23003,1470
37469,14,15,38953,0
37469,14,15,38583,420
37469,14,15,38213,700
37469,14,15,37843,910
37469,14,15,37473,1190
37469,14,15,1,1400
41920,14,15,43775,0
41920,14,15,43405,420
41920,14,15,43035,700
41920,14,15,42665,910
41920,14,15,42295,1190
41920,14,15,41925,1470
33761,14,15,35613,0
33761,14,15,35243,350
33761,14,15,34873,630
33761,14,15,34503,840
33761,14,15,34133,1120
33761,14,15,33763,1330
27824,14,15,29307,0
27824,14,15,28937,560
27824,14,15,28567,840
27824,14,15,28197,1050
27824,14,15,27827,1330
20031,14,15,21516,0
20031,14,15,21146,560
20031,14,15,20776,770
20031,14,15,20036,1050
20031,14,15,1,1120
37840,14,15,39324,0
37840,14,15,38954,420
37840,14,15,38584,700
37840,14,15,38214,910
37840,14,15,37844,1190
37840,14,15,1,1400
34876,14,15,36726,0
34876,14,15,36356,560
34876,14,15,35986,840
34876,14,15,35616,1050
34876,14,15,35246,1330
26708,14,15,28564,0
26708,14,15,28194,420
26708,14,15,27824,700
26708,14,15,27454,910
26708,14,15,27084,1190
26708,14,15,26714,1400
23744,14,15,25596,0
23744,14,15,25226,490
23744,14,15,24856,770
23744,14,15,24486,980
23744,14,15,24116,1260
38952,14,15,40807,0
38952,14,15,40437,420
38952,14,15,40067,700
38952,14,15,39697,910
38952,14,15,39327,1190
38952,14,15,38957,1400
40067,14,15,41920,0
40067,14,15,41550,350
40067,14,15,41180,630
40067,14,15,40810,840
40067,14,15,40440,1120
40067,14,15,40070,1400
32274,14,15,34129,0
32274,14,15,33759,350
32274,14,15,33389,630
32274,14,15,33019,910
32274,14,15,32649,1120
32274,14,15,32279,1400
21142,14,15,22999,0
21142,14,15,22629,350
21142,14,15,22259,630
21142,14,15,21889,840
21142,14,15,21519,1120
21142,14,15,21149,1330
24115,14,15,25967,0
24115,14,15,25597,490
24115,14,15,25227,700
24115,14,15,24857,980
24115,14,15,24487,1260
24115,14,15,24117,1470
35987,14,15,37839,0
35987,14,15,37469,350
35987,14,15,37099,630
35987,14,15,36729,840
35987,14,15,36359,1120
35987,14,15,35989,1330
28194,14,15,29678,0
28194,14,15,29308,350
28194,14,15,28938,630
28194,14,15,28568,840
28194,14,15,28198,1120
28194,14,15,1,1330
40438,14,15,42291,0
40438,14,15,41921,350
40438,14,15,41551,630
40438,14,15,41181,840
40438,14,15,40811,1120
40438,14,15,40441,1400
25230,14,15,27450,0
25230,14,15,27080,420
25230,14,15,26710,630
25230,14,15,26340,910
25230,14,15,25970,1190
25230,14,15,25600,1400
29306,14,15,30791,0
29306,14,15,30421,560
29306,14,15,30051,840
29306,14,15,29681,1050
29306,14,15,29311,1330
21513,14,15,23000,0
21513,14,15,22630,560
21513,14,15,22260,770
21513,14,15,21890,1050
21513,14,15,21520,1260
36358,14,15,37840,0
36358,14,15,37470,560
36358,14,15,37100,770
36358,14,15,36730,1050
36358,14,15,36360,1330
30421,14,15,31904,0
30421,14,15,31534,560
30421,14,15,31164,770
30421,14,15,30794,1050
30421,14,15,30424,1330
22628,14,15,24483,0
22628,14,15,24113,560
22628,14,15,23743,840
22628,14,15,23373,1050
22628,14,15,23003,1330
37473,14,15,39323,0
37473,14,15,38953,490
37473,14,15,38583,770
37473,14,15,38213,980
37473,14,15,37843,1260
41549,14,15,43404,0
41549,14,15,43034,420
41549,14,15,42664,700
41549,14,15,42294,910
41549,14,15,41924,1190
41549,14,15,41554,1470
30792,14,15,32275,0
30792,14,15,31905,560
30792,14,15,31535,770
30792,14,15,31165,1050
30792,14,15,30795,1330
34871,14,15,36726,0
34871,14,15,36356,490
34871,14,15,35986,700
34871,14,15,35616,980
34871,14,15,35246,1260
34871,14,15,34876,1470
19660,14,15,21515,0
19660,14,15,21145,490
19660,14,15,20775,700
19660,14,15,20405,980
19660,14,15,19665,1050
19660,14,15,1,1120
26712,14,15,28564,0
26712,14,15,28194,420
26712,14,15,27824,630
26712,14,15,27454,910
26712,14,15,27084,1190
26712,14,15,26714,1400
20775,14,15,21888,0
20775,14,15,21518,350
20775,14,15,21148,630
20775,14,15,20778,910
20775,14,15,1,1120
38956,14,15,40067,0
38956,14,15,39697,350
38956,14,15,39327,630
38956,14,15,38957,840
38956,14,15,1,1120
31903,14,15,33758,0
31903,14,15,33388,350
31903,14,15,33018,630
31903,14,15,32648,840
31903,14,15,32278,1120
31903,14,15,31908,1330
21137,14,15,22629,0
21137,14,15,22259,560
21137,14,15,21889,770
21137,14,15,21519,1050
21137,14,15,21149,1260
21146,14,15,22259,0
21146,14,15,21889,420
21146,14,15,21519,630
21146,14,15,21149,910
21146,14,15,1,1120
33018,14,15,34871,0
33018,14,15,34501,420
33018,14,15,34131,630
33018,14,15,33761,910
33018,14,15,33391,1120
33018,14,15,33021,1400
25225,14,15,27080,0
25225,14,15,26710,490
25225,14,15,26340,700
25225,14,15,25970,980
25225,14,15,25600,1260
25225,14,15,25230,1470
21508,14,15,22630,0
21508,14,15,22260,560
21508,14,15,21890,840
21508,14,15,21520,1050
21508,14,15,1,1330
26337,14,15,28193,0
26337,14,15,27823,490
26337,14,15,27453,700
26337,14,15,27083,980
26337,14,15,26713,1190
26337,14,15,26343,1470
29310,14,15,30421,0
29310,14,15,30051,350
29310,14,15,29681,630
29310,14,15,29311,840
29310,14,15,1,1120
33389,14,15,35242,0
33389,14,15,34872,420
33389,14,15,34502,630
33389,14,15,34132,910
33389,14,15,33762,1190
33389,14,15,33392,1400
37468,14,15,39323,0
37468,14,15,38953,420
37468,14,15,38583,700
37468,14,15,38213,910
37468,14,15,37843,1190
37468,14,15,37473,1400
22257,14,15,24112,0
22257,14,15,23742,350
22257,14,15,23372,560
22257,14,15,23002,840
22257,14,15,22632,1120
22257,14,15,22262,1330
27823,14,15,29307,0
27823,14,15,28937,350
27823,14,15,28567,630
27823,14,15,28197,910
27823,14,15,27827,1120
27823,14,15,1,1400
19664,14,15,21515,0
19664,14,15,21145,490
19664,14,15,20775,770
19664,14,15,20035,1050
19664,14,15,19665,1120
19664,14,15,1,1190
20770,14,15,22258,0
20770,14,15,21888,490
20770,14,15,21518,700
20770,14,15,21148,980
20770,14,15,20778,1190
20770,14,15,1,1470
23743,14,15,25966,0
23743,14,15,25596,350
23743,14,15,25226,630
23743,14,15,24856,840
23743,14,15,24486,1120
23743,14,15,24116,1330
40066,14,15,41550,0
40066,14,15,41180,420
40066,14,15,40810,700
40066,14,15,40440,980
40066,14,15,40070,1190
40066,14,15,1,1470
31907,14,15,33018,0
31907,14,15,32648,350
31907,14,15,32278,630
31907,14,15,31908,910
31907,14,15,1,1120
21141,14,15,22629,0
21141,14,15,22259,420
21141,14,15,21889,700
21141,14,15,21519,910
21141,14,15,21149,1190
21141,14,15,1,1470
35986,14,15,37839,0
35986,14,15,37469,420
35986,14,15,37099,630
35986,14,15,36729,910
35986,14,15,36359,1190
35986,14,15,35989,1400
29305,14,15,30791,0
29305,14,15,30421,560
29305,14,15,30051,840
29305,14,15,29681,1050
29305,14,15,29311,1330
26341,14,15,28193,0
26341,14,15,27823,420
26341,14,15,27453,700
26341,14,15,27083,910
26341,14,15,26713,1190
26341,14,15,26343,1400
30420,14,15,31904,0
30420,14,15,31534,350
30420,14,15,31164,630
30420,14,15,30794,840
30420,14,15,30424,1120
30420,14,15,1,1330
22252,14,15,24482,0
22252,14,15,24112,350
22252,14,15,23742,560
22252,14,15,23372,840
22252,14,15,23002,1120
22252,14,15,22632,1330
22261,14,15,23372,0
22261,14,15,23002,560
22261,14,15,22632,770
22261,14,15,22262,1050
22261,14,15,1,1260
38584,14,15,40066,0
38584,14,15,39696,560
38584,14,15,39326,770
38584,14,15,38956,1050
38584,14,15,38586,1330
27827,14,15,29677,0
27827,14,15,29307,560
27827,14,15,28937,840
27827,14,15,28567,1050
27827,14,15,28197,1330
19659,14,15,21515,0
19659,14,15,21145,490
19659,14,15,20775,700
19659,14,15,20405,980
19659,14,15,19665,1050
19659,14,15,1,1120
34504,14,15,35615,0
34504,14,15,35245,420
34504,14,15,34875,700
34504,14,15,34505,910
34504,14,15,1,1190
20774,14,15,21888,0
20774,14,15,21518,350
20774,14,15,21148,630
20774,14,15,20778,910
20774,14,15,1,1120
38955,14,15,40437,0
38955,14,15,40067,560
38955,14,15,39697,770
38955,14,15,39327,1050
38955,14,15,38957,1330
40070,14,15,41920,0
40070,14,15,41550,560
40070,14,15,41180,770
40070,14,15,40810,1050
40070,14,15,40440,1260
24859,14,15,27079,0
24859,14,15,26709,420
24859,14,15,26339,630
24859,14,15,25969,910
24859,14,15,25599,1190
24859,14,15,25229,1400
28938,14,15,30420,0
28938,14,15,30050,560
28938,14,15,29680,770
28938,14,15,29310,1050
28938,14,15,28940,1260
18181,14,15,22251,0
18181,14,15,21881,420
18181,14,15,21511,700
18181,14,15,21141,980
18181,14,15,20771,1190
18181,14,15,20031,1470
33017,14,15,34501,0
33017,14,15,34131,490
33017,14,15,33761,700
33017,14,15,33391,980
33017,14,15,33021,1260
33017,14,15,1,1470
37102,14,15,38952,0
37102,14,15,38582,490
37102,14,15,38212,770
37102,14,15,37842,980
37102,14,15,37472,1260
29309,14,15,30791,0
29309,14,15,30421,560
29309,14,15,30051,770
29309,14,15,29681,1050
29309,14,15,29311,1260
23372,14,15,25595,0
23372,14,15,25225,350
23372,14,15,24855,560
23372,14,15,24485,840
23372,14,15,24115,1120
23372,14,15,23745,1330
41181,14,15,42663,0
41181,14,15,42293,560
41181,14,15,41923,840
41181,14,15,41553,1050
41181,14,15,41183,1330
33388,14,15,34872,0
33388,14,15,34502,490
33388,14,15,34132,770
33388,14,15,33762,980
33388,14,15,33392,1260
33388,14,15,1,1470
30424,14,15,32274,0
30424,14,15,31904,560
30424,14,15,31534,770
30424,14,15,31164,1050
30424,14,15,30794,1260
22256,14,15,24112,0
22256,14,15,23742,560
22256,14,15,23372,840
22256,14,15,23002,1050
22256,14,15,22632,1330
19292,14,15,21514,0
19292,14,15,21144,420
19292,14,15,20774,700
19292,14,15,20034,980
19292,14,15,19664,1050
19292,14,15,1,1120
41552,14,15,43034,0
41552,14,15,42664,560
41552,14,15,42294,840
41552,14,15,41924,1050
41552,14,15,41554,1330
27822,14,15,29677,0
27822,14,15,29307,350
27822,14,15,28937,630
27822,14,15,28567,840
27822,14,15,28197,1120
27822,14,15,27827,1330
27456,14,15,29676,0
27456,14,15,29306,350
27456,14,15,28936,560
27456,14,15,28566,840
27456,14,15,28196,1120
27456,14,15,27826,1330
19663,14,15,21515,0
19663,14,15,21145,490
19663,14,15,20775,770
19663,14,15,20405,980
19663,14,15,20035,1050
19663,14,15,19665,1120
19663,14,15,1,1190
20769,14,15,22258,0
20769,14,15,21888,490
20769,14,15,21518,700
20769,14,15,21148,980
20769,14,15,20778,1190
20769,14,15,1,1470
31535,14,15,33017,0
31535,14,15,32647,560
31535,14,15,32277,840
31535,14,15,31907,1050
31535,14,15,31537,1330
23742,14,15,25596,0
23742,14,15,25226,420
23742,14,15,24856,630
23742,14,15,24486,910
23742,14,15,24116,1120
23742,14,15,23746,1400
20778,14,15,22628,0
20778,14,15,22258,560
20778,14,15,21888,770
20778,14,15,21518,1050
20778,14,15,21148,1330
40065,14,15,41920,0
40065,14,15,41550,420
40065,14,15,41180,700
40065,14,15,40810,910
40065,14,15,40440,1190
40065,14,15,40070,1470
24854,14,15,26709,0
24854,14,15,26339,490
24854,14,15,25969,770
24854,14,15,25599,980
24854,14,15,25229,1260
24854,14,15,24859,1470
21890,14,15,23001,0
21890,14,15,22631,420
21890,14,15,22261,630
21890,14,15,21891,910
21890,14,15,1,1190
39699,14,15,41549,0
39699,14,15,41179,560
39699,14,15,40809,770
39699,14,15,40439,1050
39699,14,15,40069,1260
31906,14,15,33388,0
31906,14,15,33018,560
31906,14,15,32648,840
31906,14,15,32278,1050
31906,14,15,31908,1330
25969,14,15,27822,0
25969,14,15,27452,490
25969,14,15,27082,700
25969,14,15,26712,980
25969,14,15,26342,1190
25969,14,15,25972,1470
35985,14,15,37469,0
35985,14,15,37099,490
35985,14,15,36729,770
35985,14,15,36359,980
35985,14,15,35989,1260
35985,14,15,1,1470
33021,14,15,34871,0
33021,14,15,34501,560
33021,14,15,34131,770
33021,14,15,33761,1050
33021,14,15,33391,1330
17810,14,15,22250,0
17810,14,15,21880,420
17810,14,15,21510,630
17810,14,15,21140,910
17810,14,15,20770,1120
17810,14,15,20400,1400
17810,14,15,19660,1470
37097,14,15,38952,0
37097,14,15,38582,420
37097,14,15,38212,700
37097,14,15,37842,910
37097,14,15,37472,1190
37097,14,15,37102,1400
34133,14,15,35244,0
34133,14,15,34874,420
34133,14,15,34504,700
34133,14,15,34134,910
34133,14,15,1,1190
26340,14,15,28193,0
26340,14,15,27823,490
26340,14,15,27453,700
26340,14,15,27083,980
26340,14,15,26713,1190
26340,14,15,26343,1470
30419,14,15,31904,0
30419,14,15,31534,560
30419,14,15,31164,840
30419,14,15,30794,1050
30419,14,15,30424,1330
22251,14,15,24482,0
22251,14,15,24112,350
22251,14,15,23742,560
22251,14,15,23372,840
22251,14,15,23002,1120
22251,14,15,22632,1330
30053,14,15,31903,0
30053,14,15,31533,560
30053,14,15,31163,770
30053,14,15,30793,1050
30053,14,15,30423,1260
19287,14,15,21514,0
19287,14,15,21144,420
19287,14,15,20774,630
19287,14,15,20404,910
19287,14,15,19664,980
19287,14,15,19294,1050
19287,14,15,1,1120
22260,14,15,24112,0
22260,14,15,23742,490
22260,14,15,23372,770
22260,14,15,23002,980
22260,14,15,22632,1260
22260,14,15,22262,1470
38583,14,15,40436,0
38583,14,15,40066,350
38583,14,15,39696,630
38583,14,15,39326,840
38583,14,15,38956,1120
38583,14,15,38586,1330
42662,14,15,44517,0
42662,14,15,44147,420
42662,14,15,43777,700
42662,14,15,43407,910
42662,14,15,43037,1190
42662,14,15,42667,1470
27451,14,15,29306,0
27451,14,15,28936,350
27451,14,15,28566,630
27451,14,15,28196,840
27451,14,15,27826,1120
27451,14,15,27456,1330
19658,14,15,21515,0
19658,14,15,21145,490
19658,14,15,20775,700
19658,14,15,20405,980
19658,14,15,19665,1050
19658,14,15,1,1120
24487,14,15,25598,0
24487,14,15,25228,490
24487,14,15,24858,770
24487,14,15,24488,1050
24487,14,15,1,1260
34503,14,15,36355,0
34503,14,15,35985,350
34503,14,15,35615,630
34503,14,15,35245,840
34503,14,15,34875,1120
34503,14,15,34505,1400
20773,14,15,21888,0
20773,14,15,21518,350
20773,14,15,21148,630
20773,14,15,20778,910
20773,14,15,1,1120
20407,14,15,22627,0
20407,14,15,22257,490
20407,14,15,21887,770
20407,14,15,21517,980
20407,14,15,21147,1260
21885,14,15,23371,0
21885,14,15,23001,350
21885,14,15,22631,630
21885,14,15,22261,840
21885,14,15,21891,1120
21885,14,15,1,1330
24858,14,15,25969,0
24858,14,15,25599,490
24858,14,15,25229,770
24858,14,15,24859,980
24858,14,15,1,1260
39694,14,15,41549,0
39694,14,15,41179,420
39694,14,15,40809,700
39694,14,15,40439,910
39694,14,15,40069,1190
39694,14,15,39699,1470
28937,14,15,30420,0
28937,14,15,30050,560
28937,14,15,29680,770
28937,14,15,29310,1050
28937,14,15,28940,1260
33016,14,15,34871,0
33016,14,15,34501,420
33016,14,15,34131,700
33016,14,15,33761,910
33016,14,15,33391,1190
33016,14,15,33021,1470
37101,14,15,38212,0
37101,14,15,37842,350
37101,14,15,37472,630
37101,14,15,37102,840
37101,14,15,1,1120
23371,14,15,25225,0
23371,14,15,24855,420
23371,14,15,24485,630
23371,14,15,24115,910
23371,14,15,23745,1120
23371,14,15,23375,1400
41180,14,15,43033,0
41180,14,15,42663,350
41180,14,15,42293,630
41180,14,15,41923,840
41180,14,15,41553,1120
41180,14,15,41183,1400
30048,14,15,31533,0
30048,14,15,31163,560
30048,14,15,30793,840
30048,14,15,30423,1050
30048,14,15,30053,1330
22255,14,15,24112,0
22255,14,15,23742,560
22255,14,15,23372,840
22255,14,15,23002,1050
22255,14,15,22632,1330
19291,14,15,21514,0
19291,14,15,21144,420
19291,14,15,20774,700
19291,14,15,20404,910
19291,14,15,20034,980
19291,14,15,19294,1050
19291,14,15,1,1120
24482,14,15,26338,0
24482,14,15,25968,560
24482,14,15,25598,840
24482,14,15,25228,1050
24482,14,15,24858,1330
27455,14,15,28566,0
27455,14,15,28196,420
27455,14,15,27826,630
27455,14,15,27456,910
27455,14,15,1,1190
42291,14,15,44146,0
42291,14,15,43776,420
42291,14,15,43406,700
42291,14,15,43036,910
42291,14,15,42666,1190
42291,14,15,42296,1470
31534,14,15,33017,0
31534,14,15,32647,560
31534,14,15,32277,840
31534,14,15,31907,1050
31534,14,15,31537,1330
20402,14,15,21887,0
20402,14,15,21517,350
20402,14,15,21147,630
20402,14,15,20777,840
20402,14,15,1,1120
21880,14,15,23371,0
21880,14,15,23001,490
21880,14,15,22631,770
21880,14,15,22261,980
21880,14,15,21891,1260
24853,14,15,26709,0
24853,14,15,26339,490
24853,14,15,25969,770
24853,14,15,25599,1050
24853,14,15,25229,1260
21889,14,15,23741,0
21889,14,15,23371,350
21889,14,15,23001,630
21889,14,15,22631,910
21889,14,15,22261,1120
21889,14,15,21891,1400
39698,14,15,40809,0
39698,14,15,40439,350
39698,14,15,40069,630
39698,14,15,39699,840
39698,14,15,1,1120
25968,14,15,27452,0
25968,14,15,27082,490
25968,14,15,26712,770
25968,14,15,26342,980
25968,14,15,25972,1260
25968,14,15,1,1470
17809,14,15,21140,0
17809,14,15,20770,490
17809,14,15,20030,770
17809,14,15,19660,840
17809,14,15,19290,910
17809,14,15,18550,980
17809,14,15,18180,1050
17809,14,15,1,1120
34132,14,15,35984,0
34132,14,15,35614,350
34132,14,15,35244,630
34132,14,15,34874,840
34132,14,15,34504,1120
34132,14,15,34134,1400
23375,14,15,25595,0
23375,14,15,25225,420
23375,14,15,24855,700
23375,14,15,24485,980
23375,14,15,24115,1190
23375,14,15,23745,1470
22250,14,15,24482,0
22250,14,15,24112,350
22250,14,15,23742,560
22250,14,15,23372,840
22250,14,15,23002,1120
22250,14,15,22632,1330
27079,14,15,28935,0
27079,14,15,28565,420
27079,14,15,28195,700
27079,14,15,27825,910
27079,14,15,27455,1190
27079,14,15,27085,1470
30052,14,15,31163,0
30052,14,15,30793,350
30052,14,15,30423,630
30052,14,15,30053,840
30052,14,15,1,1120
27450,14,15,29306,0
27450,14,15,28936,350
27450,14,15,28566,630
27450,14,15,28196,840
27450,14,15,27826,1120
27450,14,15,27456,1400
24486,14,15,26338,0
24486,14,15,25968,490
24486,14,15,25598,770
24486,14,15,25228,980
24486,14,15,24858,1260
24486,14,15,24488,1470
20397,14,15,22257,0
20397,14,15,21887,560
20397,14,15,21517,840
20397,14,15,21147,1050
20397,14,15,20777,1330
35614,14,15,37098,0
35614,14,15,36728,490
35614,14,15,36358,770
35614,14,15,35988,980
35614,14,15,35618,1260
20406,14,15,21887,0
20406,14,15,21517,350
20406,14,15,21147,630
20406,14,15,20777,840
20406,14,15,20407,1120
20406,14,15,1,1190
32650,14,15,34500,0
32650,14,15,34130,560
32650,14,15,33760,770
32650,14,15,33390,1050
32650,14,15,33020,1330
21884,14,15,23001,0
21884,14,15,22631,490
21884,14,15,22261,770
21884,14,15,21891,980
21884,14,15,1,1260
24857,14,15,26709,0
24857,14,15,26339,490
24857,14,15,25969,700
24857,14,15,25599,980
24857,14,15,25229,1190
24857,14,15,24859,1470
36729,14,15,38211,0
36729,14,15,37841,560
36729,14,15,37471,770
36729,14,15,37101,1050
36729,14,15,36731,1330
25972,14,15,28192,0
25972,14,15,27822,420
25972,14,15,27452,700
25972,14,15,27082,910
25972,14,15,26712,1190
25972,14,15,26342,1400
29676,14,15,31532,0
29676,14,15,31162,350
29676,14,15,30792,560
29676,14,15,30422,840
29676,14,15,30052,1120
29676,14,15,29682,1330
37100,14,15,38582,0
37100,14,15,38212,560
37100,14,15,37842,770
37100,14,15,37472,1050
37100,14,15,37102,1330
23004,14,15,25224,0
23004,14,15,24854,490
23004,14,15,24484,700
23004,14,15,24114,980
23004,14,15,23744,1190
23004,14,15,23374,1470
27083,14,15,28935,0
27083,14,15,28565,420
27083,14,15,28195,630
27083,14,15,27825,910
27083,14,15,27455,1190
27083,14,15,27085,1400
38211,14,15,39695,0
38211,14,15,39325,420
38211,14,15,38955,700
38211,14,15,38585,910
38211,14,15,38215,1190
38211,14,15,1,1400
35247,14,15,37097,0
35247,14,15,36727,560
35247,14,15,36357,840
35247,14,15,35987,1050
35247,14,15,35617,1330
27454,14,15,29306,0
27454,14,15,28936,350
27454,14,15,28566,630
27454,14,15,28196,840
27454,14,15,27826,1120
27454,14,15,27456,1330
39326,14,15,40808,0
39326,14,15,40438,560
39326,14,15,40068,770
39326,14,15,39698,1050
39326,14,15,39328,1330
20401,14,15,21887,0
20401,14,15,21517,350
20401,14,15,21147,630
20401,14,15,20777,840
20401,14,15,1,1120
21879,14,15,23371,0
21879,14,15,23001,490
21879,14,15,22631,770
21879,14,15,22261,1050
21879,14,15,21891,1260
32645,14,15,34500,0
32645,14,15,34130,350
32645,14,15,33760,630
32645,14,15,33390,910
32645,14,15,33020,1120
32645,14,15,32650,1400
35618,14,15,37468,0
35618,14,15,37098,560
35618,14,15,36728,840
35618,14,15,36358,1050
35618,14,15,35988,1330
21888,14,15,23371,0
21888,14,15,23001,560
21888,14,15,22631,770
21888,14,15,22261,1050
21888,14,15,21891,1260
39697,14,15,41179,0
39697,14,15,40809,560
39697,14,15,40439,840
39697,14,15,40069,1050
39697,14,15,39699,1330
28565,14,15,30049,0
28565,14,15,29679,350
28565,14,15,29309,630
28565,14,15,28939,840
28565,14,15,28569,1120
28565,14,15,1,1330
25601,14,15,27821,0
25601,14,15,27451,420
25601,14,15,27081,630
25601,14,15,26711,910
25601,14,15,26341,1190
25601,14,15,25971,1400
17808,14,15,21140,0
17808,14,15,20770,490
17808,14,15,20030,770
17808,14,15,19660,840
17808,14,15,19290,910
17808,14,15,18550,980
17808,14,15,18180,1050
17808,14,15,1,1120
29680,14,15,31162,0
29680,14,15,30792,560
29680,14,15,30422,770
29680,14,15,30052,1050
29680,14,15,29682,1330
34131,14,15,35984,0
34131,14,15,35614,420
34131,14,15,35244,700
34131,14,15,34874,910
34131,14,15,34504,1190
34131,14,15,34134,1400
22999,14,15,25224,0
22999,14,15,24854,350
22999,14,15,24484,560
22999,14,15,24114,840
22999,14,15,23744,1120
22999,14,15,23374,1330
40808,14,15,42292,0
40808,14,15,41922,420
40808,14,15,41552,700
40808,14,15,41182,980
40808,14,15,40812,1190
40808,14,15,1,1470
20035,14,15,21516,0
20035,14,15,21146,560
20035,14,15,20776,840
20035,14,15,20406,1050
20035,14,15,20036,1120
20035,14,15,1,1190
37844,14,15,39694,0
37844,14,15,39324,490
37844,14,15,38954,770
37844,14,15,38584,980
37844,14,15,38214,1260
30051,14,15,31533,0
30051,14,15,31163,560
30051,14,15,30793,840
30051,14,15,30423,1050
30051,14,15,30053,1330
18919,14,15,21513,0
18919,14,15,21143,350
18919,14,15,20773,630
18919,14,15,20403,840
18919,14,15,20033,910
18919,14,15,19293,980
18919,14,15,18923,1050
18919,14,15,1,1120
31163,14,15,33016,0
31163,14,15,32646,350
31163,14,15,32276,560
31163,14,15,31906,840
31163,14,15,31536,1120
31163,14,15,31166,1330
35242,14,15,37097,0
35242,14,15,36727,490
35242,14,15,36357,700
35242,14,15,35987,980
35242,14,15,35617,1260
35242,14,15,35247,1470
38215,14,15,40065,0
38215,14,15,39695,490
38215,14,15,39325,770
38215,14,15,38955,980
38215,14,15,38585,1260
32278,14,15,33389,0
32278,14,15,33019,420
32278,14,15,32649,630
32278,14,15,32279,910
32278,14,15,1,1120
24485,14,15,26338,0
24485,14,15,25968,560
24485,14,15,25598,770
24485,14,15,25228,1050
24485,14,15,24858,1330
28198,14,15,30048,0
28198,14,15,29678,490
28198,14,15,29308,770
28198,14,15,28938,1050
28198,14,15,28568,1260
35613,14,15,37468,0
35613,14,15,37098,490
35613,14,15,36728,700
35613,14,15,36358,980
35613,14,15,35988,1260
35613,14,15,35618,1470
20405,14,15,21887,0
20405,14,15,21517,350
20405,14,15,21147,630
20405,14,15,20777,840
20405,14,15,20407,1120
20405,14,15,1,1190
32649,14,15,33760,0
32649,14,15,33390,420
32649,14,15,33020,630
32649,14,15,32650,910
32649,14,15,1,1120
36728,14,15,38581,0
36728,14,15,38211,350
36728,14,15,37841,630
36728,14,15,37471,840
36728,14,15,37101,1120
36728,14,15,36731,1330
21517,14,15,23370,0
21517,14,15,23000,350
21517,14,15,22630,630
21517,14,15,22260,910
21517,14,15,21890,1120
21517,14,15,21520,1400
25596,14,15,27451,0
25596,14,15,27081,420
25596,14,15,26711,700
25596,14,15,26341,910
25596,14,15,25971,1190
25596,14,15,25601,1470
28569,14,15,30419,0
28569,14,15,30049,490
28569,14,15,29679,770
28569,14,15,29309,1050
28569,14,15,28939,1260
22632,14,15,23743,0
22632,14,15,23373,560
22632,14,15,23003,770
22632,14,15,22633,1050
22632,14,15,1,1260
33760,14,15,35613,0
33760,14,15,35243,420
33760,14,15,34873,630
33760,14,15,34503,910
33760,14,15,34133,1190
33760,14,15,33763,1400
20030,14,15,21516,0
20030,14,15,21146,560
20030,14,15,20776,770
20030,14,15,20036,1050
20030,14,15,1,1120
23003,14,15,24114,0
23003,14,15,23744,560
23003,14,15,23374,770
23003,14,15,23004,1050
23003,14,15,1,1330
37839,14,15,39694,0
37839,14,15,39324,420
37839,14,15,38954,700
37839,14,15,38584,910
37839,14,15,38214,1190
37839,14,15,37844,1400
40812,14,15,42662,0
40812,14,15,42292,560
40812,14,15,41922,770
40812,14,15,41552,1050
40812,14,15,41182,1260
34875,14,15,35986,0
34875,14,15,35616,420
34875,14,15,35246,700
34875,14,15,34876,910
34875,14,15,1,1190
27082,14,15,28935,0
27082,14,15,28565,420
27082,14,15,28195,630
27082,14,15,27825,910
27082,14,15,27455,1120
27082,14,15,27085,1400
18923,14,15,22253,0
18923,14,15,21883,560
18923,14,15,21513,770
18923,14,15,21143,1050
18923,14,15,20773,1330
38210,14,15,40065,0
38210,14,15,39695,420
38210,14,15,39325,700
38210,14,15,38955,910
38210,14,15,38585,1190
38210,14,15,38215,1400
35246,14,15,36357,0
35246,14,15,35987,420
35246,14,15,35617,700
35246,14,15,35247,910
35246,14,15,1,1190
39325,14,15,41178,0
39325,14,15,40808,350
39325,14,15,40438,630
39325,14,15,40068,840
39325,14,15,39698,1120
39325,14,15,39328,1330
24114,14,15,25967,0
24114,14,15,25597,560
24114,14,15,25227,770
24114,14,15,24857,1050
24114,14,15,24487,1260
28193,14,15,29678,0
28193,14,15,29308,560
28193,14,15,28938,840
28193,14,15,28568,1050
28193,14,15,28198,1330
20400,14,15,21887,0
20400,14,15,21517,350
20400,14,15,21147,630
20400,14,15,20777,840
20400,14,15,1,1120
25229,14,15,26340,0
25229,14,15,25970,490
25229,14,15,25600,700
25229,14,15,25230,980
25229,14,15,1,1190
40437,14,15,41921,0
40437,14,15,41551,420
40437,14,15,41181,700
40437,14,15,40811,980
40437,14,15,40441,1190
40437,14,15,1,1470
21512,14,15,23000,0
21512,14,15,22630,560
21512,14,15,22260,840
21512,14,15,21890,1050
21512,14,15,21520,1330
18548,14,15,21142,0
18548,14,15,20772,560
18548,14,15,20032,840
18548,14,15,19662,910
18548,14,15,18922,980
18548,14,15,18552,1050
18548,14,15,1,1120
36357,14,15,38210,0
36357,14,15,37840,350
36357,14,15,37470,630
36357,14,15,37100,840
36357,14,15,36730,1120
36357,14,15,36360,1330
28564,14,15,30049,0
28564,14,15,29679,560
28564,14,15,29309,840
28564,14,15,28939,1050
28564,14,15,28569,1330
22627,14,15,24853,0
22627,14,15,24483,350
22627,14,15,24113,560
22627,14,15,23743,840
22627,14,15,23373,1120
22627,14,15,23003,1330
25600,14,15,26711,0
25600,14,15,26341,490
25600,14,15,25971,700
25600,14,15,25601,980
25600,14,15,1,1190
37472,14,15,38583,0
37472,14,15,38213,350
37472,14,15,37843,630
37472,14,15,37473,840
37472,14,15,1,1120
29679,14,15,31162,0
29679,14,15,30792,560
29679,14,15,30422,770
29679,14,15,30052,1050
29679,14,15,29682,1330
30791,14,15,32275,0
30791,14,15,31905,350
30791,14,15,31535,630
30791,14,15,31165,840
30791,14,15,30795,1120
30791,14,15,1,1330
40807,14,15,42662,0
40807,14,15,42292,420
40807,14,15,41922,700
40807,14,15,41552,910
40807,14,15,41182,1190
40807,14,15,40812,1470
20034,14,15,21516,0
20034,14,15,21146,560
20034,14,15,20776,840
20034,14,15,20406,1050
20034,14,15,20036,1120
20034,14,15,1,1190
37843,14,15,38954,0
37843,14,15,38584,350
37843,14,15,38214,630
37843,14,15,37844,840
37843,14,15,1,1120
26711,14,15,28564,0
26711,14,15,28194,420
26711,14,15,27824,630
26711,14,15,27454,910
26711,14,15,27084,1120
26711,14,15,26714,1400
18918,14,15,21513,0
18918,14,15,21143,350
18918,14,15,20773,630
18918,14,15,20403,840
18918,14,15,20033,910
18918,14,15,19293,980
18918,14,15,18923,1050
18918,14,15,1,1120
31162,14,15,32646,0
31162,14,15,32276,420
31162,14,15,31906,630
31162,14,15,31536,910
31162,14,15,31166,1120
31162,14,15,1,1400
32277,14,15,34129,0
32277,14,15,33759,350
32277,14,15,33389,560
32277,14,15,33019,840
32277,14,15,32649,1120
32277,14,15,32279,1330
21145,14,15,22629,0
21145,14,15,22259,490
21145,14,15,21889,770
21145,14,15,21519,980
21145,14,15,21149,1260
21145,14,15,1,1470
25224,14,15,27080,0
25224,14,15,26710,490
25224,14,15,26340,770
25224,14,15,25970,980
25224,14,15,25600,1260
25224,14,15,25230,1470
28197,14,15,29308,0
28197,14,15,28938,350
28197,14,15,28568,630
28197,14,15,28198,840
28197,14,15,1,1120
40441,14,15,42291,0
40441,14,15,41921,560
40441,14,15,41551,770
40441,14,15,41181,1050
40441,14,15,40811,1260
21507,14,15,22630,0
21507,14,15,22260,560
21507,14,15,21890,770
21507,14,15,21520,1050
21507,14,15,1,1330
21516,14,15,23000,0
21516,14,15,22630,490
21516,14,15,22260,700
21516,14,15,21890,980
21516,14,15,21520,1190
21516,14,15,1,1470
18552,14,15,22252,0
18552,14,15,21882,490
18552,14,15,21512,770
18552,14,15,21142,980
18552,14,15,20772,1260
18552,14,15,20402,1470
25595,14,15,27451,0
25595,14,15,27081,490
25595,14,15,26711,700
25595,14,15,26341,980
25595,14,15,25971,1190
25595,14,15,25601,1470
22631,14,15,24483,0
22631,14,15,24113,490
22631,14,15,23743,770
22631,14,15,23373,980
22631,14,15,23003,1260
22631,14,15,22633,1470
33759,14,15,35243,0
33759,14,15,34873,490
33759,14,15,34503,770
33759,14,15,34133,980
33759,14,15,33763,1260
33759,14,15,1,1470
20029,14,15,21516,0
20029,14,15,21146,560
20029,14,15,20776,770
20029,14,15,20036,1050
20029,14,15,1,1120
30795,14,15,32645,0
30795,14,15,32275,560
30795,14,15,31905,770
30795,14,15,31535,1050
30795,14,15,31165,1260
34874,14,15,36726,0
34874,14,15,36356,350
34874,14,15,35986,630
34874,14,15,35616,910
34874,14,15,35246,1120
34874,14,15,34876,1400
31166,14,15,33016,0
31166,14,15,32646,560
31166,14,15,32276,840
31166,14,15,31906,1050
31166,14,15,31536,1330
21140,14,15,22629,0
21140,14,15,22259,420
21140,14,15,21889,700
21140,14,15,21519,910
21140,14,15,21149,1190
21140,14,15,1,1470
24113,14,15,25967,0
24113,14,15,25597,350
24113,14,15,25227,560
24113,14,15,24857,840
24113,14,15,24487,1120
24113,14,15,24117,1330
21149,14,15,22999,0
21149,14,15,22629,560
21149,14,15,22259,840
21149,14,15,21889,1050
21149,14,15,21519,1330
28192,14,15,29678,0
28192,14,15,29308,560
28192,14,15,28938,840
28192,14,15,28568,1050
28192,14,15,28198,1330
25228,14,15,27080,0
25228,14,15,26710,420
25228,14,15,26340,700
25228,14,15,25970,910
25228,14,15,25600,1190
25228,14,15,25230,1470
40436,14,15,42291,0
40436,14,15,41921,420
40436,14,15,41551,700
40436,14,15,41181,910
40436,14,15,40811,1190
40436,14,15,40441,1470
21511,14,15,23000,0
21511,14,15,22630,350
21511,14,15,22260,630
21511,14,15,21890,910
21511,14,15,21520,1120
21511,14,15,1,1400
18547,14,15,21142,0
18547,14,15,20772,560
18547,14,15,20032,840
18547,14,15,19662,910
18547,14,15,18922,980
18547,14,15,18552,1050
18547,14,15,1,1120
21520,14,15,23740,0
21520,14,15,23370,350
21520,14,15,23000,630
21520,14,15,22630,840
21520,14,15,22260,1120
21520,14,15,21890,1330
36356,14,15,37840,0
36356,14,15,37470,420
36356,14,15,37100,700
36356,14,15,36730,910
36356,14,15,36360,1190
36356,14,15,1,1400
22626,14,15,24853,0
22626,14,15,24483,350
22626,14,15,24113,560
22626,14,15,23743,840
22626,14,15,23373,1120
22626,14,15,23003,1330
33392,14,15,35242,0
33392,14,15,34872,560
33392,14,15,34502,840
33392,14,15,34132,1050
33392,14,15,33762,1330
37471,14,15,38953,0
37471,14,15,38583,560
37471,14,15,38213,770
37471,14,15,37843,1050
37471,14,15,37473,1330
41922,14,15,43775,0
41922,14,15,43405,350
41922,14,15,43035,630
41922,14,15,42665,840
41922,14,15,42295,1120
41922,14,15,41925,1400
30790,14,15,32275,0
30790,14,15,31905,560
30790,14,15,31535,840
30790,14,15,31165,1050
30790,14,15,30795,1330
33763,14,15,35613,0
33763,14,15,35243,560
33763,14,15,34873,840
33763,14,15,34503,1050
33763,14,15,34133,1330
27826,14,15,28937,0
27826,14,15,28567,420
27826,14,15,28197,630
27826,14,15,27827,910
27826,14,15,1,1120
37842,14,15,39324,0
37842,14,15,38954,560
37842,14,15,38584,770
37842,14,15,38214,1050
37842,14,15,37844,1330
26710,14,15,28194,0
26710,14,15,27824,420
26710,14,15,27454,700
26710,14,15,27084,910
26710,14,15,26714,1190
26710,14,15,1,1470
38954,14,15,40807,0
38954,14,15,40437,350
38954,14,15,40067,630
38954,14,15,39697,840
38954,14,15,39327,1120
38954,14,15,38957,1330
23746,14,15,25966,0
23746,14,15,25596,420
23746,14,15,25226,700
23746,14,15,24856,980
23746,14,15,24486,1190
23746,14,15,24116,1470
31161,14,15,33016,0
31161,14,15,32646,350
31161,14,15,32276,630
31161,14,15,31906,840
31161,14,15,31536,1120
31161,14,15,31166,1330
40069,14,15,41180,0
40069,14,15,40810,350
40069,14,15,40440,630
40069,14,15,40070,840
40069,14,15,1,1120
32276,14,15,34129,0
32276,14,15,33759,350
32276,14,15,33389,560
32276,14,15,33019,840
32276,14,15,32649,1120
32276,14,15,32279,1330
21144,14,15,22629,0
21144,14,15,22259,490
21144,14,15,21889,770
21144,14,15,21519,980
21144,14,15,21149,1260
21144,14,15,1,1470
24117,14,15,26337,0
24117,14,15,25967,420
24117,14,15,25597,700
24117,14,15,25227,910
24117,14,15,24857,1190
24117,14,15,24487,1400
18180,14,15,21141,0
18180,14,15,20771,560
18180,14,15,20401,770
18180,14,15,20031,840
18180,14,15,19661,910
18180,14,15,18921,980
18180,14,15,18551,1050
18180,14,15,1,1120
35989,14,15,37839,0
35989,14,15,37469,560
35989,14,15,37099,840
35989,14,15,36729,1050
35989,14,15,36359,1330
28196,14,15,29678,0
28196,14,15,29308,560
28196,14,15,28938,770
28196,14,15,28568,1050
28196,14,15,28198,1330
40440,14,15,41551,0
40440,14,15,41181,350
40440,14,15,40811,630
40440,14,15,40441,840
40440,14,15,1,1120
29308,14,15,30791,0
29308,14,15,30421,560
29308,14,15,30051,770
29308,14,15,29681,1050
29308,14,15,29311,1260
21515,14,15,23000,0
21515,14,15,22630,490
21515,14,15,22260,700
21515,14,15,21890,980
21515,14,15,21520,1190
21515,14,15,1,1470
18551,14,15,21512,0
18551,14,15,21142,350
18551,14,15,20772,630
18551,14,15,20402,840
18551,14,15,20032,910
18551,14,15,19292,980
18551,14,15,18922,1050
18551,14,15,1,1120
33387,14,15,35242,0
33387,14,15,34872,420
33387,14,15,34502,700
33387,14,15,34132,980
33387,14,15,33762,1190
33387,14,15,33392,1470
36360,14,15,38210,0
36360,14,15,37840,490
36360,14,15,37470,770
36360,14,15,37100,980
36360,14,15,36730,1260
30423,14,15,31534,0
30423,14,15,31164,350
30423,14,15,30794,630
30423,14,15,30424,840
30423,14,15,1,1120
22630,14,15,24483,0
22630,14,15,24113,560
22630,14,15,23743,840
22630,14,15,23373,1050
22630,14,15,23003,1330
41551,14,15,43404,0
41551,14,15,43034,350
41551,14,15,42664,630
41551,14,15,42294,840
41551,14,15,41924,1120
41551,14,15,41554,1400
33758,14,15,35613,0
33758,14,15,35243,420
33758,14,15,34873,700
33758,14,15,34503,980
33758,14,15,34133,1190
33758,14,15,33763,1470
27821,14,15,29677,0
27821,14,15,29307,350
27821,14,15,28937,630
27821,14,15,28567,840
27821,14,15,28197,1120
27821,14,15,27827,1400
30794,14,15,31905,0
30794,14,15,31535,350
30794,14,15,31165,630
30794,14,15,30795,840
30794,14,15,1,1120
34873,14,15,36726,0
34873,14,15,36356,420
34873,14,15,35986,700
34873,14,15,35616,910
34873,14,15,35246,1190
34873,14,15,34876,1400
19662,14,15,21515,0
19662,14,15,21145,490
19662,14,15,20775,770
19662,14,15,20405,980
19662,14,15,20035,1050
19662,14,15,1,1120
20768,14,15,22628,0
20768,14,15,22258,350
20768,14,15,21888,630
20768,14,15,21518,840
20768,14,15,21148,1120
20768,14,15,20778,1330
23741,14,15,25966,0
23741,14,15,25596,350
23741,14,15,25226,560
23741,14,15,24856,840
23741,14,15,24486,1120
23741,14,15,24116,1330
26714,14,15,28934,0
26714,14,15,28564,420
26714,14,15,28194,630
26714,14,15,27824,910
26714,14,15,27454,1120
26714,14,15,27084,1400
20777,14,15,21888,0
20777,14,15,21518,420
20777,14,15,21148,630
20777,14,15,20778,910
20777,14,15,1,1190
21139,14,15,22629,0
21139,14,15,22259,490
21139,14,15,21889,770
21139,14,15,21519,1050
21139,14,15,21149,1260
31905,14,15,33388,0
31905,14,15,33018,560
31905,14,15,32648,840
31905,14,15,32278,1050
31905,14,15,31908,1330
24112,14,15,25967,0
24112,14,15,25597,560
24112,14,15,25227,770
24112,14,15,24857,1050
24112,14,15,24487,1260
35984,14,15,37839,0
35984,14,15,37469,490
35984,14,15,37099,700
35984,14,15,36729,980
35984,14,15,36359,1190
35984,14,15,35989,1470
21148,14,15,22259,0
21148,14,15,21889,420
21148,14,15,21519,630
21148,14,15,21149,910
21148,14,15,1,1120
33020,14,15,34131,0
33020,14,15,33761,420
33020,14,15,33391,630
33020,14,15,33021,910
33020,14,15,1,1120
25227,14,15,27080,0
25227,14,15,26710,490
25227,14,15,26340,770
25227,14,15,25970,980
25227,14,15,25600,1260
25227,14,15,25230,1470
26339,14,15,27823,0
26339,14,15,27453,490
26339,14,15,27083,770
26339,14,15,26713,980
26339,14,15,26343,1260
26339,14,15,1,1470
36355,14,15,38210,0
36355,14,15,37840,420
36355,14,15,37470,700
36355,14,15,37100,910
36355,14,15,36730,1190
36355,14,15,36360,1400
33391,14,15,34502,0
33391,14,15,34132,420
33391,14,15,33762,630
33391,14,15,33392,910
33391,14,15,1,1190
37470,14,15,39323,0
37470,14,15,38953,350
37470,14,15,38583,630
37470,14,15,38213,840
37470,14,15,37843,1120
37470,14,15,37473,1330
22259,14,15,24112,0
22259,14,15,23742,560
22259,14,15,23372,840
22259,14,15,23002,1050
22259,14,15,22632,1330
38582,14,15,40066,0
38582,14,15,39696,420
38582,14,15,39326,700
38582,14,15,38956,910
38582,14,15,38586,1190
38582,14,15,1,1400
27825,14,15,29677,0
27825,14,15,29307,350
27825,14,15,28937,560
27825,14,15,28567,840
27825,14,15,28197,1120
27825,14,15,27827,1330
19657,14,15,21885,0
19657,14,15,21515,560
19657,14,15,21145,840
19657,14,15,20775,1050
19657,14,15,20405,1330
19657,14,15,19665,1400
19657,14,15,1,1470
34502,14,15,36355,0
34502,14,15,35985,420
34502,14,15,35615,700
34502,14,15,35245,910
34502,14,15,34875,1190
34502,14,15,34505,1400
26709,14,15,28564,0
26709,14,15,28194,420
26709,14,15,27824,630
26709,14,15,27454,910
26709,14,15,27084,1190
26709,14,15,26714,1400
20772,14,15,21888,0
20772,14,15,21518,350
20772,14,15,21148,630
20772,14,15,20778,910
20772,14,15,1,1120
23745,14,15,24856,0
23745,14,15,24486,560
23745,14,15,24116,770
23745,14,15,23746,1050
23745,14,15,1,1330
38953,14,15,40437,0
38953,14,15,40067,420
38953,14,15,39697,700
38953,14,15,39327,910
38953,14,15,38957,1190
38953,14,15,1,1400
40068,14,15,41550,0
40068,14,15,41180,560
40068,14,15,40810,840
40068,14,15,40440,1050
40068,14,15,40070,1330
28936,14,15,30420,0
28936,14,15,30050,350
28936,14,15,29680,560
28936,14,15,29310,840
28936,14,15,28940,1120
28936,14,15,1,1330
21143,14,15,22999,0
21143,14,15,22629,350
21143,14,15,22259,630
21143,14,15,21889,840
21143,14,15,21519,1120
21143,14,15,21149,1330
18179,14,15,21141,0
18179,14,15,20771,560
18179,14,15,20401,770
18179,14,15,20031,840
18179,14,15,19661,910
18179,14,15,18921,980
18179,14,15,18551,1050
18179,14,15,1,1120
35988,14,15,37099,0
35988,14,15,36729,420
35988,14,15,36359,630
35988,14,15,35989,910
35988,14,15,1,1190
29307,14,15,30791,0
29307,14,15,30421,350
29307,14,15,30051,560
29307,14,15,29681,840
29307,14,15,29311,1120
29307,14,15,1,1330
23370,14,15,25225,0
23370,14,15,24855,560
23370,14,15,24485,840
23370,14,15,24115,1050
23370,14,15,23745,1330
41179,14,15,42663,0
41179,14,15,42293,420
41179,14,15,41923,700
41179,14,15,41553,980
41179,14,15,41183,1190
41179,14,15,1,1470
26343,14,15,28563,0
26343,14,15,28193,420
26343,14,15,27823,700
26343,14,15,27453,910
26343,14,15,27083,1190
26343,14,15,26713,1400
30422,14,15,31904,0
30422,14,15,31534,560
30422,14,15,31164,840
30422,14,15,30794,1050
30422,14,15,30424,1330
22254,14,15,24112,0
22254,14,15,23742,560
22254,14,15,23372,840
22254,14,15,23002,1050
22254,14,15,22632,1330
19290,14,15,21514,0
19290,14,15,21144,420
19290,14,15,20774,630
19290,14,15,20404,910
19290,14,15,19664,980
19290,14,15,19294,1050
19290,14,15,1,1120
41550,14,15,43034,0
41550,14,15,42664,420
41550,14,15,42294,700
41550,14,15,41924,980
41550,14,15,41554,1190
41550,14,15,1,1470
38586,14,15,40436,0
38586,14,15,40066,490
38586,14,15,39696,770
38586,14,15,39326,980
38586,14,15,38956,1260
19661,14,15,21515,0
19661,14,15,21145,490
19661,14,15,20775,700
19661,14,15,20405,980
19661,14,15,19665,1050
19661,14,15,1,1120
31533,14,15,33017,0
31533,14,15,32647,420
31533,14,15,32277,630
31533,14,15,31907,910
31533,14,15,31537,1120
31533,14,15,1,1400
20767,14,15,22628,0
20767,14,15,22258,350
20767,14,15,21888,560
20767,14,15,21518,840
20767,14,15,21148,1120
20767,14,15,20778,1330
23740,14,15,25966,0
23740,14,15,25596,350
23740,14,15,25226,630
23740,14,15,24856,840
23740,14,15,24486,1120
23740,14,15,24116,1330
20776,14,15,21888,0
20776,14,15,21518,420
20776,14,15,21148,630
20776,14,15,20778,910
20776,14,15,1,1120
38957,14,15,40807,0
38957,14,15,40437,490
38957,14,15,40067,770
38957,14,15,39697,980
38957,14,15,39327,1260
21138,14,15,22629,0
21138,14,15,22259,490
21138,14,15,21889,770
21138,14,15,21519,980
21138,14,15,21149,1260
25967,14,15,27822,0
25967,14,15,27452,420
25967,14,15,27082,700
25967,14,15,26712,910
25967,14,15,26342,1190
25967,14,15,25972,1470
31904,14,15,33388,0
31904,14,15,33018,420
31904,14,15,32648,630
31904,14,15,32278,910
31904,14,15,31908,1120
31904,14,15,1,1400
28940,14,15,30790,0
28940,14,15,30420,490
28940,14,15,30050,770
28940,14,15,29680,1050
28940,14,15,29310,1260
33019,14,15,34871,0
33019,14,15,34501,350
33019,14,15,34131,560
33019,14,15,33761,840
33019,14,15,33391,1120
33019,14,15,33021,1330
26338,14,15,28193,0
26338,14,15,27823,420
26338,14,15,27453,700
26338,14,15,27083,910
26338,14,15,26713,1190
26338,14,15,26343,1470
29311,14,15,31161,0
29311,14,15,30791,490
29311,14,15,30421,770
29311,14,15,30051,1050
29311,14,15,29681,1260
23374,14,15,24485,0
23374,14,15,24115,560
23374,14,15,23745,770
23374,14,15,23375,1050
23374,14,15,1,1260
22249,14,15,24482,0
22249,14,15,24112,350
22249,14,15,23742,560
22249,14,15,23372,840
22249,14,15,23002,1120
22249,14,15,22632,1330
22258,14,15,24112,0
22258,14,15,23742,350
22258,14,15,23372,630
22258,14,15,23002,840
22258,14,15,22632,1120
22258,14,15,22262,1400
19294,14,15,22624,0
19294,14,15,22254,350
19294,14,15,21884,630
19294,14,15,21514,840
19294,14,15,21144,1120
19294,14,15,20774,1330
38581,14,15,40436,0
38581,14,15,40066,420
38581,14,15,39696,700
38581,14,15,39326,910
38581,14,15,38956,1190
38581,14,15,38586,1400
34501,14,15,35985,0
34501,14,15,35615,490
34501,14,15,35245,770
34501,14,15,34875,980
34501,14,15,34505,1260
34501,14,15,1,1470
19665,14,15,22625,0
19665,14,15,22255,420
19665,14,15,21885,630
19665,14,15,21515,910
19665,14,15,21145,1190
19665,14,15,20775,1400
31537,14,15,33387,0
31537,14,15,33017,560
31537,14,15,32647,770
31537,14,15,32277,1050
31537,14,15,31907,1330
20771,14,15,21888,0
20771,14,15,21518,350
20771,14,15,21148,630
20771,14,15,20778,910
20771,14,15,1,1120
21883,14,15,23001,0
21883,14,15,22631,560
21883,14,15,22261,840
21883,14,15,21891,1050
21883,14,15,1,1330
24856,14,15,26709,0
24856,14,15,26339,490
24856,14,15,25969,770
24856,14,15,25599,1050
24856,14,15,25229,1260
28935,14,15,30420,0
28935,14,15,30050,560
28935,14,15,29680,840
28935,14,15,29310,1050
28935,14,15,28940,1330
31908,14,15,33758,0
31908,14,15,33388,560
31908,14,15,33018,770
31908,14,15,32648,1050
31908,14,15,32278,1330
25971,14,15,27082,0
25971,14,15,26712,490
25971,14,15,26342,770
25971,14,15,25972,980
25971,14,15,1,1260
37099,14,15,38952,0
37099,14,15,38582,350
37099,14,15,38212,630
37099,14,15,37842,840
37099,14,15,37472,1120
37099,14,15,37102,1330
26342,14,15,27453,0
26342,14,15,27083,490
26342,14,15,26713,770
26342,14,15,26343,980
26342,14,15,1,1260
41178,14,15,43033,0
41178,14,15,42663,420
41178,14,15,42293,700
41178,14,15,41923,910
41178,14,15,41553,1190
41178,14,15,41183,1470
22253,14,15,24112,0
22253,14,15,23742,560
22253,14,15,23372,840
22253,14,15,23002,1050
22253,14,15,22632,1330
19289,14,15,21514,0
19289,14,15,21144,420
19289,14,15,20774,630
19289,14,15,20404,910
19289,14,15,19664,980
19289,14,15,19294,1050
19289,14,15,1,1120
22262,14,15,24482,0
22262,14,15,24112,420
22262,14,15,23742,700
22262,14,15,23372,980
22262,14,15,23002,1190
22262,14,15,22632,1470
38585,14,15,39696,0
38585,14,15,39326,350
38585,14,15,38956,630
38585,14,15,38586,840
38585,14,15,1,1120
27453,14,15,29306,0
27453,14,15,28936,350
27453,14,15,28566,560
27453,14,15,28196,840
27453,14,15,27826,1120
27453,14,15,27456,1330
31532,14,15,33387,0
31532,14,15,33017,350
31532,14,15,32647,630
31532,14,15,32277,840
31532,14,15,31907,1120
31532,14,15,31537,1330
34505,14,15,36355,0
34505,14,15,35985,560
34505,14,15,35615,840
34505,14,15,35245,1050
34505,14,15,34875,1330
21878,14,15,23371,0
21878,14,15,23001,490
21878,14,15,22631,770
21878,14,15,22261,980
21878,14,15,21891,1260
