10390,1,2,14090,0
10390,1,2,13350,350
10390,1,2,12610,420
10390,1,2,12240,490
10390,1,2,11500,560
10390,1,2,11130,630
10390,1,2,10760,700
10390,1,2,1,770
1,2,3,1,0
14090,2,3,17800,0
14090,2,3,17430,350
14090,2,3,17060,420
14090,2,3,16320,490
14090,2,3,15950,560
14090,2,3,15210,630
14090,2,3,14840,700
14090,2,3,14470,770
14090,2,3,1,840
12240,2,3,14095,0
12240,2,3,13355,350
12240,2,3,12985,420
12240,2,3,12615,490
12240,2,3,1,560
12610,2,3,14466,0
12610,2,3,13726,350
12610,2,3,13356,420
12610,2,3,12986,490
12610,2,3,1,560
10760,2,3,12981,0
10760,2,3,12241,350
10760,2,3,11871,420
10760,2,3,11501,490
10760,2,3,10761,560
10760,2,3,1,630
11130,2,3,13352,0
11130,2,3,12982,350
11130,2,3,12242,420
11130,2,3,11872,490
11130,2,3,11502,560
11130,2,3,1,630
13350,2,3,16318,0
13350,2,3,15948,350
13350,2,3,15208,420
13350,2,3,14838,490
13350,2,3,14468,560
13350,2,3,13728,630
13350,2,3,13358,700
13350,2,3,1,770
11500,2,3,13723,0
11500,2,3,13353,350
11500,2,3,12983,420
11500,2,3,12243,490
11500,2,3,11873,560
11500,2,3,11503,630
11500,2,3,1,700
1,3,4,1,0
12982,3,4,14467,0
12982,3,4,14097,350
12982,3,4,13357,420
12982,3,4,12987,490
12982,3,4,1,560
11873,3,4,13724,0
11873,3,4,13354,350
11873,3,4,12614,420
11873,3,4,12244,490
11873,3,4,1,560
16318,3,4,20396,0
16318,3,4,20026,350
16318,3,4,19286,420
16318,3,4,18916,490
16318,3,4,18546,560
16318,3,4,17806,630
16318,3,4,17436,700
16318,3,4,16696,770
16318,3,4,16326,840
16318,3,4,1,910
12985,3,4,14467,0
12985,3,4,14097,350
12985,3,4,13357,420
12985,3,4,12987,490
12985,3,4,1,560
10761,3,4,17051,0
10761,3,4,16681,350
10761,3,4,16311,420
10761,3,4,15571,490
10761,3,4,15201,560
10761,3,4,14461,630
10761,3,4,14091,700
10761,3,4,13721,770
10761,3,4,12981,840
10761,3,4,12611,910
10761,3,4,11871,980
10761,3,4,11501,1050
10761,3,4,11131,1120
10761,3,4,1,1190
14840,3,4,17432,0
14840,3,4,17062,350
14840,3,4,16692,420
14840,3,4,15952,490
14840,3,4,15582,560
14840,3,4,14842,630
14840,3,4,1,700
11501,3,4,13353,0
11501,3,4,12983,350
11501,3,4,12613,420
11501,3,4,12243,490
11501,3,4,11503,560
11501,3,4,1,630
14468,3,4,15951,0
14468,3,4,15581,350
14468,3,4,14841,420
14468,3,4,14471,490
14468,3,4,1,560
13353,3,4,14468,0
13353,3,4,14098,350
13353,3,4,13728,420
13353,3,4,13358,490
13353,3,4,1,560
13728,3,4,14839,0
13728,3,4,14469,350
13728,3,4,14099,420
13728,3,4,1,490
13356,3,4,14468,0
13356,3,4,14098,350
13356,3,4,13728,420
13356,3,4,1,490
11872,3,4,13724,0
11872,3,4,13354,350
11872,3,4,12984,420
11872,3,4,12244,490
11872,3,4,11874,560
11872,3,4,1,630
12241,3,4,13725,0
12241,3,4,13355,350
12241,3,4,12615,420
12241,3,4,12245,490
12241,3,4,1,560
15208,3,4,17803,0
15208,3,4,17433,350
15208,3,4,17063,420
15208,3,4,16323,490
15208,3,4,15953,560
15208,3,4,15583,630
15208,3,4,1,700
16320,3,4,18916,0
16320,3,4,18546,350
16320,3,4,18176,420
16320,3,4,17436,490
16320,3,4,17066,560
16320,3,4,16696,630
16320,3,4,1,700
12981,3,4,14467,0
12981,3,4,14097,350
12981,3,4,13357,420
12981,3,4,12987,490
12981,3,4,1,560
15948,3,4,18545,0
15948,3,4,18175,350
15948,3,4,17805,420
15948,3,4,17065,490
15948,3,4,16695,560
15948,3,4,16325,630
15948,3,4,1,700
17060,3,4,20768,0
17060,3,4,20028,420
17060,3,4,19658,490
17060,3,4,19288,560
17060,3,4,18548,630
17060,3,4,18178,700
17060,3,4,17438,770
17060,3,4,17068,840
17060,3,4,1,910
17800,3,4,21140,0
17800,3,4,20770,350
17800,3,4,20030,630
17800,3,4,19660,700
17800,3,4,18920,770
17800,3,4,18550,840
17800,3,4,18180,910
17800,3,4,1,980
11503,3,4,17793,0
11503,3,4,17423,350
11503,3,4,16683,420
11503,3,4,16313,490
11503,3,4,15943,560
11503,3,4,15203,630
11503,3,4,14833,700
11503,3,4,14093,770
11503,3,4,13723,840
11503,3,4,13353,910
11503,3,4,12613,980
11503,3,4,12243,1050
11503,3,4,11503,1120
11503,3,4,1,1190
14470,3,4,15581,0
14470,3,4,15211,350
14470,3,4,14841,420
14470,3,4,1,490
12615,3,4,14096,0
12615,3,4,13726,350
12615,3,4,12986,420
12615,3,4,12616,490
12615,3,4,1,560
13352,3,4,14468,0
13352,3,4,14098,350
13352,3,4,13728,420
13352,3,4,13358,490
13352,3,4,1,560
13355,3,4,14838,0
13355,3,4,14468,350
13355,3,4,13728,420
13355,3,4,13358,490
13355,3,4,1,560
13358,3,4,18908,0
13358,3,4,18538,350
13358,3,4,18168,420
13358,3,4,17428,490
13358,3,4,17058,560
13358,3,4,16318,630
13358,3,4,15948,700
13358,3,4,15578,770
13358,3,4,14838,840
13358,3,4,14468,910
13358,3,4,13728,980
13358,3,4,13358,1050
13358,3,4,1,1120
12243,3,4,13725,0
12243,3,4,13355,350
12243,3,4,12615,420
12243,3,4,12245,490
12243,3,4,1,560
15210,3,4,17803,0
15210,3,4,17433,350
15210,3,4,17063,420
15210,3,4,16693,490
15210,3,4,15953,560
15210,3,4,15583,630
15210,3,4,1,700
11871,3,4,13724,0
11871,3,4,13354,350
11871,3,4,12984,420
11871,3,4,12614,490
11871,3,4,11874,560
11871,3,4,1,630
12983,3,4,14467,0
12983,3,4,14097,350
12983,3,4,13357,420
12983,3,4,12987,490
12983,3,4,1,560
15950,3,4,18545,0
15950,3,4,18175,350
15950,3,4,17805,420
15950,3,4,17065,490
15950,3,4,16695,560
15950,3,4,16325,630
15950,3,4,1,700
12986,3,4,14467,0
12986,3,4,14097,350
12986,3,4,13357,420
12986,3,4,12987,490
12986,3,4,1,560
14095,3,4,15210,0
14095,3,4,14840,350
14095,3,4,14470,420
14095,3,4,14100,490
14095,3,4,1,560
14466,3,4,15581,0
14466,3,4,15211,350
14466,3,4,14841,420
14466,3,4,14471,490
14466,3,4,1,560
11502,3,4,13353,0
11502,3,4,12983,350
11502,3,4,12243,420
11502,3,4,11873,490
11502,3,4,11503,560
11502,3,4,1,630
14838,3,4,17432,0
14838,3,4,17062,350
14838,3,4,16692,420
14838,3,4,15952,490
14838,3,4,15582,560
14838,3,4,15212,630
14838,3,4,1,700
13723,3,4,14839,0
13723,3,4,14469,350
13723,3,4,14099,420
13723,3,4,13729,490
13723,3,4,1,560
13726,3,4,15209,0
13726,3,4,14839,350
13726,3,4,14099,420
13726,3,4,13729,490
13726,3,4,1,560
17430,3,4,20769,0
17430,3,4,20399,420
17430,3,4,20029,490
17430,3,4,19659,560
17430,3,4,18919,630
17430,3,4,18549,700
17430,3,4,17809,770
17430,3,4,17439,840
17430,3,4,1,910
12242,3,4,13725,0
12242,3,4,13355,350
12242,3,4,12985,420
12242,3,4,12245,490
12242,3,4,1,560
1,4,5,1,0
15212,4,5,17803,0
15212,4,5,17433,350
15212,4,5,16693,420
15212,4,5,16323,490
15212,4,5,15953,560
15212,4,5,15213,630
15212,4,5,1,700
15581,4,5,18174,0
15581,4,5,17804,350
15581,4,5,17434,420
15581,4,5,17064,490
15581,4,5,16324,560
15581,4,5,15954,630
15581,4,5,1,700
16318,4,5,20396,0
16318,4,5,20026,350
16318,4,5,19286,420
16318,4,5,18916,490
16318,4,5,18546,560
16318,4,5,17806,630
16318,4,5,17436,700
16318,4,5,16696,770
16318,4,5,16326,840
16318,4,5,1,910
12985,4,5,14467,0
12985,4,5,14097,350
12985,4,5,13357,420
12985,4,5,12987,490
12985,4,5,1,560
11501,4,5,13353,0
11501,4,5,12983,350
11501,4,5,12613,420
11501,4,5,12243,490
11501,4,5,11503,560
11501,4,5,1,630
21140,4,5,21889,0
21140,4,5,21519,490
21140,4,5,21149,770
21140,4,5,1,980
13725,4,5,14839,0
13725,4,5,14469,350
13725,4,5,14099,420
13725,4,5,1,490
18538,4,5,21512,0
18538,4,5,21142,350
18538,4,5,20772,560
18538,4,5,20402,840
18538,4,5,19662,910
18538,4,5,19292,980
18538,4,5,18922,1050
18538,4,5,1,1120
16311,4,5,20766,0
16311,4,5,20026,560
16311,4,5,19656,630
16311,4,5,19286,700
16311,4,5,18546,770
16311,4,5,18176,840
16311,4,5,17436,910
16311,4,5,17066,980
16311,4,5,16696,1050
16311,4,5,1,1120
15951,4,5,18545,0
15951,4,5,18175,350
15951,4,5,17805,420
15951,4,5,17065,490
15951,4,5,16695,560
15951,4,5,16325,630
15951,4,5,1,700
15583,4,5,18174,0
15583,4,5,17804,350
15583,4,5,17064,420
15583,4,5,16694,490
15583,4,5,16324,560
15583,4,5,15584,630
15583,4,5,1,700
12987,4,5,18907,0
12987,4,5,18537,350
12987,4,5,17797,420
12987,4,5,17427,490
12987,4,5,16687,560
12987,4,5,16317,630
12987,4,5,15947,700
12987,4,5,15207,770
12987,4,5,14837,840
12987,4,5,14097,910
12987,4,5,13727,980
12987,4,5,13357,1050
12987,4,5,1,1120
17063,4,5,19658,0
17063,4,5,19288,350
17063,4,5,18918,420
17063,4,5,18178,490
17063,4,5,17808,560
17063,4,5,17438,630
17063,4,5,1,700
14467,4,5,15581,0
14467,4,5,15211,350
14467,4,5,14841,420
14467,4,5,1,490
11503,4,5,17793,0
11503,4,5,17423,350
11503,4,5,16683,420
11503,4,5,16313,490
11503,4,5,15943,560
11503,4,5,15203,630
11503,4,5,14833,700
11503,4,5,14093,770
11503,4,5,13723,840
11503,4,5,13353,910
11503,4,5,12613,980
11503,4,5,12243,1050
11503,4,5,11503,1120
11503,4,5,1,1190
17809,4,5,20400,0
17809,4,5,20030,350
17809,4,5,19660,420
17809,4,5,18920,490
17809,4,5,18550,560
17809,4,5,17810,630
17809,4,5,1,700
18178,4,5,20771,0
18178,4,5,20031,420
18178,4,5,19661,490
18178,4,5,18921,560
18178,4,5,18551,630
18178,4,5,18181,700
18178,4,5,1,770
18908,4,5,21513,0
18908,4,5,21143,420
18908,4,5,20773,700
18908,4,5,20403,910
18908,4,5,20033,980
18908,4,5,19663,1050
18908,4,5,18923,1120
18908,4,5,1,1190
11874,4,5,18164,0
11874,4,5,17794,350
11874,4,5,17054,420
11874,4,5,16684,490
11874,4,5,15944,560
11874,4,5,15574,630
11874,4,5,15204,700
11874,4,5,14464,770
11874,4,5,14094,840
11874,4,5,13354,910
11874,4,5,12984,980
11874,4,5,12614,1050
11874,4,5,11874,1120
11874,4,5,1,1190
12243,4,5,13725,0
12243,4,5,13355,350
12243,4,5,12615,420
12243,4,5,12245,490
12243,4,5,1,560
16313,4,5,19656,0
16313,4,5,19286,350
16313,4,5,18916,420
16313,4,5,18176,490
16313,4,5,17806,560
16313,4,5,17436,630
16313,4,5,16696,700
16313,4,5,16326,770
16313,4,5,1,840
19286,4,5,21514,0
19286,4,5,21144,350
19286,4,5,20774,560
19286,4,5,20404,840
19286,4,5,19664,910
19286,4,5,19294,980
19286,4,5,1,1050
18549,4,5,20772,0
18549,4,5,20402,420
18549,4,5,20032,490
18549,4,5,19292,560
18549,4,5,18922,630
18549,4,5,18552,700
18549,4,5,1,770
17793,4,5,21140,0
17793,4,5,20770,350
17793,4,5,20030,630
17793,4,5,19660,700
17793,4,5,18920,770
17793,4,5,18550,840
17793,4,5,18180,910
17793,4,5,1,980
17065,4,5,19658,0
17065,4,5,19288,350
17065,4,5,18918,420
17065,4,5,18548,490
17065,4,5,17808,560
17065,4,5,17438,630
17065,4,5,1,700
14469,4,5,15581,0
14469,4,5,15211,350
14469,4,5,14841,420
14469,4,5,1,490
14838,4,5,17432,0
14838,4,5,17062,350
14838,4,5,16692,420
14838,4,5,15952,490
14838,4,5,15582,560
14838,4,5,15212,630
14838,4,5,1,700
18180,4,5,20771,0
18180,4,5,20401,350
18180,4,5,20031,420
18180,4,5,19291,490
18180,4,5,18921,560
18180,4,5,18181,630
18180,4,5,1,700
20026,4,5,21516,0
20026,4,5,21146,560
20026,4,5,20776,770
20026,4,5,20406,1050
20026,4,5,1,1120
19660,4,5,21145,0
19660,4,5,20775,420
19660,4,5,20405,700
19660,4,5,19665,770
19660,4,5,1,840
17433,4,5,20029,0
17433,4,5,19659,350
17433,4,5,19289,420
17433,4,5,18549,490
17433,4,5,18179,560
17433,4,5,17809,630
17433,4,5,1,700
15209,4,5,17803,0
15209,4,5,17433,350
15209,4,5,17063,420
15209,4,5,16323,490
15209,4,5,15953,560
15209,4,5,15583,630
15209,4,5,1,700
15578,4,5,18174,0
15578,4,5,17804,350
15578,4,5,17434,420
15578,4,5,16694,490
15578,4,5,16324,560
15578,4,5,15954,630
15578,4,5,1,700
12245,4,5,18165,0
12245,4,5,17795,350
12245,4,5,17055,420
12245,4,5,16685,490
12245,4,5,15945,560
12245,4,5,15575,630
12245,4,5,15205,700
12245,4,5,14465,770
12245,4,5,14095,840
12245,4,5,13355,910
12245,4,5,12985,980
12245,4,5,12615,1050
12245,4,5,1,1120
19288,4,5,21144,0
19288,4,5,20774,420
19288,4,5,20404,630
19288,4,5,20034,700
19288,4,5,19294,770
19288,4,5,1,840
17058,4,5,20768,0
17058,4,5,20398,490
17058,4,5,20028,560
17058,4,5,19288,630
17058,4,5,18918,700
17058,4,5,18178,770
17058,4,5,17808,840
17058,4,5,17438,910
17058,4,5,1,980
14471,4,5,20021,0
14471,4,5,19651,350
14471,4,5,19281,420
14471,4,5,18541,490
14471,4,5,18171,560
14471,4,5,17431,630
14471,4,5,17061,700
14471,4,5,16691,770
14471,4,5,15951,840
14471,4,5,15581,910
14471,4,5,14841,980
14471,4,5,14471,1050
14471,4,5,1,1120
14840,4,5,17432,0
14840,4,5,17062,350
14840,4,5,16692,420
14840,4,5,15952,490
14840,4,5,15582,560
14840,4,5,14842,630
14840,4,5,1,700
20399,4,5,21517,0
20399,4,5,21147,490
20399,4,5,20777,770
20399,4,5,20407,980
20399,4,5,1,1050
15571,4,5,18914,0
15571,4,5,18544,350
15571,4,5,18174,420
15571,4,5,17434,490
15571,4,5,17064,560
15571,4,5,16694,630
15571,4,5,15954,700
15571,4,5,15584,770
15571,4,5,1,840
20768,4,5,21888,0
20768,4,5,21518,420
20768,4,5,21148,630
20768,4,5,20778,910
20768,4,5,1,1190
15211,4,5,17803,0
15211,4,5,17433,350
15211,4,5,17063,420
15211,4,5,16323,490
15211,4,5,15953,560
15211,4,5,15213,630
15211,4,5,1,700
12984,4,5,14467,0
12984,4,5,14097,350
12984,4,5,13727,420
12984,4,5,12987,490
12984,4,5,1,560
16326,4,5,21136,0
16326,4,5,20766,420
16326,4,5,20396,700
16326,4,5,19656,770
16326,4,5,19286,840
16326,4,5,18916,910
16326,4,5,18176,980
16326,4,5,17806,1050
16326,4,5,17066,1120
16326,4,5,16696,1190
16326,4,5,16326,1260
16326,4,5,1,1330
17051,4,5,20768,0
17051,4,5,20398,490
17051,4,5,20028,560
17051,4,5,19288,630
17051,4,5,18918,700
17051,4,5,18178,770
17051,4,5,17808,840
17051,4,5,17438,910
17051,4,5,1,980
14096,4,5,15210,0
14096,4,5,14840,350
14096,4,5,14470,420
14096,4,5,1,490
14833,4,5,18912,0
14833,4,5,18542,350
14833,4,5,17802,420
14833,4,5,17432,490
14833,4,5,17062,560
14833,4,5,16322,630
14833,4,5,15952,700
14833,4,5,15212,770
14833,4,5,14842,840
14833,4,5,1,910
17806,4,5,20400,0
17806,4,5,20030,350
17806,4,5,19660,420
17806,4,5,18920,490
17806,4,5,18550,560
17806,4,5,18180,630
17806,4,5,1,700
18175,4,5,20771,0
18175,4,5,20401,350
18175,4,5,20031,420
18175,4,5,19661,490
18175,4,5,18921,560
18175,4,5,18551,630
18175,4,5,1,700
14842,4,5,20762,0
14842,4,5,20392,490
14842,4,5,20022,560
14842,4,5,19282,630
14842,4,5,18912,700
14842,4,5,18172,770
14842,4,5,17802,840
14842,4,5,17432,910
14842,4,5,16692,980
14842,4,5,16322,1050
14842,4,5,15582,1120
14842,4,5,15212,1190
14842,4,5,14842,1260
14842,4,5,1,1330
13358,4,5,18908,0
13358,4,5,18538,350
13358,4,5,18168,420
13358,4,5,17428,490
13358,4,5,17058,560
13358,4,5,16318,630
13358,4,5,15948,700
13358,4,5,15578,770
13358,4,5,14838,840
13358,4,5,14468,910
13358,4,5,13728,980
13358,4,5,13358,1050
13358,4,5,1,1120
17428,4,5,20769,0
17428,4,5,20399,560
17428,4,5,19659,630
17428,4,5,19289,700
17428,4,5,18549,770
17428,4,5,18179,840
17428,4,5,17809,910
17428,4,5,1,980
11131,4,5,12982,0
11131,4,5,12612,350
11131,4,5,12242,420
11131,4,5,11502,490
11131,4,5,11132,560
11131,4,5,1,630
20770,4,5,21518,0
20770,4,5,21148,560
20770,4,5,20778,840
20770,4,5,1,1050
18546,4,5,20772,0
18546,4,5,20402,420
18546,4,5,20032,490
18546,4,5,19292,560
18546,4,5,18922,630
18546,4,5,1,700
15582,4,5,18174,0
15582,4,5,17804,350
15582,4,5,17434,420
15582,4,5,16694,490
15582,4,5,16324,560
15582,4,5,15584,630
15582,4,5,1,700
15953,4,5,18545,0
15953,4,5,18175,350
15953,4,5,17805,420
15953,4,5,17065,490
15953,4,5,16695,560
15953,4,5,15955,630
15953,4,5,1,700
17062,4,5,19658,0
17062,4,5,19288,350
17062,4,5,18918,420
17062,4,5,18178,490
17062,4,5,17808,560
17062,4,5,17438,630
17062,4,5,1,700
14098,4,5,15210,0
14098,4,5,14840,350
14098,4,5,14470,420
14098,4,5,1,490
18168,4,5,20771,0
18168,4,5,20401,490
18168,4,5,19661,560
18168,4,5,19291,630
18168,4,5,18551,700
18168,4,5,18181,770
18168,4,5,1,840
12614,4,5,14096,0
12614,4,5,13726,350
12614,4,5,12986,420
12614,4,5,12616,490
12614,4,5,1,560
16693,4,5,19287,0
16693,4,5,18917,350
16693,4,5,18547,420
16693,4,5,17807,490
16693,4,5,17437,560
16693,4,5,17067,630
16693,4,5,1,700
13729,4,5,19279,0
13729,4,5,18909,350
13729,4,5,18539,420
13729,4,5,17799,490
13729,4,5,17429,560
13729,4,5,16689,630
13729,4,5,16319,700
13729,4,5,15949,770
13729,4,5,15209,840
13729,4,5,14839,910
13729,4,5,14099,980
13729,4,5,13729,1050
13729,4,5,1,1120
17439,4,5,21509,0
17439,4,5,21139,350
17439,4,5,20769,630
17439,4,5,20399,840
17439,4,5,20029,910
17439,4,5,19289,980
17439,4,5,18919,1050
17439,4,5,18179,1120
17439,4,5,17809,1190
17439,4,5,17439,1260
17439,4,5,1,1330
18919,4,5,20773,0
18919,4,5,20033,560
18919,4,5,19663,630
18919,4,5,18923,700
18919,4,5,1,770
14091,4,5,16690,0
14091,4,5,16320,350
14091,4,5,15950,420
14091,4,5,15210,490
14091,4,5,14840,560
14091,4,5,14100,630
14091,4,5,1,700
14100,4,5,19650,0
14100,4,5,19280,350
14100,4,5,18910,420
14100,4,5,18170,490
14100,4,5,17800,560
14100,4,5,17060,630
14100,4,5,16690,700
14100,4,5,16320,770
14100,4,5,15580,840
14100,4,5,15210,910
14100,4,5,14470,980
14100,4,5,14100,1050
14100,4,5,1,1120
12616,4,5,18536,0
12616,4,5,18166,350
12616,4,5,17426,420
12616,4,5,17056,490
12616,4,5,16316,560
12616,4,5,15946,630
12616,4,5,15576,700
12616,4,5,14836,770
12616,4,5,14466,840
12616,4,5,13726,910
12616,4,5,13356,980
12616,4,5,12986,1050
12616,4,5,1,1120
13353,4,5,14468,0
13353,4,5,14098,350
13353,4,5,13728,420
13353,4,5,13358,490
13353,4,5,1,560
17423,4,5,21139,0
17423,4,5,20769,420
17423,4,5,20399,700
17423,4,5,19659,770
17423,4,5,19289,840
17423,4,5,18549,910
17423,4,5,18179,980
17423,4,5,17809,1050
17423,4,5,1,1120
20396,4,5,21887,0
20396,4,5,21517,350
20396,4,5,21147,630
20396,4,5,20777,840
20396,4,5,20407,1120
20396,4,5,1,1190
20028,4,5,21516,0
20028,4,5,21146,420
20028,4,5,20776,700
20028,4,5,20036,980
20028,4,5,1,1050
16695,4,5,19287,0
16695,4,5,18917,350
16695,4,5,18547,420
16695,4,5,17807,490
16695,4,5,17437,560
16695,4,5,16697,630
16695,4,5,1,700
17432,4,5,20029,0
17432,4,5,19659,350
17432,4,5,19289,420
17432,4,5,18549,490
17432,4,5,18179,560
17432,4,5,17809,630
17432,4,5,1,700
19659,4,5,21145,0
19659,4,5,20775,420
19659,4,5,20405,700
19659,4,5,19665,770
19659,4,5,1,840
15948,4,5,18545,0
15948,4,5,18175,350
15948,4,5,17805,420
15948,4,5,17065,490
15948,4,5,16695,560
15948,4,5,16325,630
15948,4,5,1,700
14093,4,5,15210,0
14093,4,5,14840,350
14093,4,5,14470,420
14093,4,5,14100,490
14093,4,5,1,560
17066,4,5,19658,0
17066,4,5,19288,350
17066,4,5,18918,420
17066,4,5,18178,490
17066,4,5,17808,560
17066,4,5,17068,630
17066,4,5,1,700
14839,4,5,17432,0
14839,4,5,17062,350
14839,4,5,16692,420
14839,4,5,16322,490
14839,4,5,15582,560
14839,4,5,15212,630
14839,4,5,1,700
13355,4,5,14838,0
13355,4,5,14468,350
13355,4,5,13728,420
13355,4,5,13358,490
13355,4,5,1,560
13724,4,5,14839,0
13724,4,5,14469,350
13724,4,5,14099,420
13724,4,5,13729,490
13724,4,5,1,560
20030,4,5,21146,0
20030,4,5,20776,490
20030,4,5,20036,770
20030,4,5,1,840
11871,4,5,13724,0
11871,4,5,13354,350
11871,4,5,12984,420
11871,4,5,12614,490
11871,4,5,11874,560
11871,4,5,1,630
12986,4,5,14467,0
12986,4,5,14097,350
12986,4,5,13357,420
12986,4,5,12987,490
12986,4,5,1,560
16681,4,5,21137,0
16681,4,5,20767,350
16681,4,5,20397,560
16681,4,5,20027,630
16681,4,5,19657,700
16681,4,5,18917,770
16681,4,5,18547,840
16681,4,5,17807,910
16681,4,5,17437,980
16681,4,5,17067,1050
16681,4,5,1,1120
12611,4,5,14096,0
12611,4,5,13726,350
12611,4,5,12986,420
12611,4,5,12616,490
12611,4,5,1,560
13357,4,5,14468,0
13357,4,5,14098,350
13357,4,5,13728,420
13357,4,5,1,490
13726,4,5,15209,0
13726,4,5,14839,350
13726,4,5,14099,420
13726,4,5,13729,490
13726,4,5,1,560
20769,4,5,21518,0
20769,4,5,21148,560
20769,4,5,20778,840
20769,4,5,1,1050
17436,4,5,20029,0
17436,4,5,19659,350
17436,4,5,19289,420
17436,4,5,18919,490
17436,4,5,18179,560
17436,4,5,17809,630
17436,4,5,1,700
15943,4,5,19285,0
15943,4,5,18915,350
15943,4,5,18545,420
15943,4,5,17805,490
15943,4,5,17435,560
15943,4,5,17065,630
15943,4,5,16325,700
15943,4,5,15955,770
15943,4,5,1,840
11873,4,5,13724,0
11873,4,5,13354,350
11873,4,5,12614,420
11873,4,5,12244,490
11873,4,5,1,560
18916,4,5,20773,0
18916,4,5,20033,560
18916,4,5,19663,630
18916,4,5,18923,700
18916,4,5,1,770
18548,4,5,20772,0
18548,4,5,20402,420
18548,4,5,19662,490
18548,4,5,19292,560
18548,4,5,18922,630
18548,4,5,1,700
15952,4,5,18545,0
15952,4,5,18175,350
15952,4,5,17805,420
15952,4,5,17435,490
15952,4,5,16695,560
15952,4,5,16325,630
15952,4,5,1,700
14097,4,5,15580,0
14097,4,5,15210,350
14097,4,5,14470,420
14097,4,5,14100,490
14097,4,5,1,560
18176,4,5,20771,0
18176,4,5,20401,350
18176,4,5,20031,420
18176,4,5,19661,490
18176,4,5,18921,560
18176,4,5,18551,630
18176,4,5,1,700
14468,4,5,15951,0
14468,4,5,15581,350
14468,4,5,14841,420
14468,4,5,14471,490
14468,4,5,1,560
12613,4,5,14096,0
12613,4,5,13726,350
12613,4,5,13356,420
12613,4,5,12616,490
12613,4,5,1,560
16683,4,5,20767,0
16683,4,5,20397,560
16683,4,5,20027,630
16683,4,5,19287,700
16683,4,5,18917,770
16683,4,5,18547,840
16683,4,5,17807,910
16683,4,5,17437,980
16683,4,5,16697,1050
16683,4,5,1,1120
16692,4,5,19287,0
16692,4,5,18917,350
16692,4,5,18547,420
16692,4,5,17807,490
16692,4,5,17437,560
16692,4,5,17067,630
16692,4,5,1,700
13728,4,5,14839,0
13728,4,5,14469,350
13728,4,5,14099,420
13728,4,5,1,490
17438,4,5,20029,0
17438,4,5,19659,350
17438,4,5,18919,420
17438,4,5,18549,490
17438,4,5,18179,560
17438,4,5,17439,630
17438,4,5,1,700
12244,4,5,13725,0
12244,4,5,13355,350
12244,4,5,12615,420
12244,4,5,12245,490
12244,4,5,1,560
12981,4,5,14467,0
12981,4,5,14097,350
12981,4,5,13357,420
12981,4,5,12987,490
12981,4,5,1,560
18550,4,5,20772,0
18550,4,5,20402,420
18550,4,5,19662,490
18550,4,5,19292,560
18550,4,5,18922,630
18550,4,5,1,700
16323,4,5,18916,0
16323,4,5,18546,350
16323,4,5,18176,420
16323,4,5,17806,490
16323,4,5,17066,560
16323,4,5,16696,630
16323,4,5,1,700
14099,4,5,15210,0
14099,4,5,14840,350
14099,4,5,14470,420
14099,4,5,1,490
14461,4,5,17801,0
14461,4,5,17431,350
14461,4,5,17061,420
14461,4,5,16321,490
14461,4,5,15951,560
14461,4,5,15211,630
14461,4,5,14841,700
14461,4,5,14471,770
14461,4,5,1,840
17803,4,5,20400,0
17803,4,5,20030,350
17803,4,5,19660,420
17803,4,5,19290,490
17803,4,5,18550,560
17803,4,5,18180,630
17803,4,5,1,700
14470,4,5,15581,0
14470,4,5,15211,350
14470,4,5,14841,420
14470,4,5,1,490
12615,4,5,14096,0
12615,4,5,13726,350
12615,4,5,12986,420
12615,4,5,12616,490
12615,4,5,1,560
19658,4,5,21145,0
19658,4,5,20775,420
19658,4,5,20405,700
19658,4,5,19665,770
19658,4,5,1,840
13721,4,5,16319,0
13721,4,5,15949,350
13721,4,5,15579,420
13721,4,5,14839,490
13721,4,5,14469,560
13721,4,5,13729,630
13721,4,5,1,700
15201,4,5,18543,0
15201,4,5,18173,350
15201,4,5,17803,420
15201,4,5,17063,490
15201,4,5,16693,560
15201,4,5,16323,630
15201,4,5,15583,700
15201,4,5,15213,770
15201,4,5,1,840
15210,4,5,17803,0
15210,4,5,17433,350
15210,4,5,17063,420
15210,4,5,16693,490
15210,4,5,15953,560
15210,4,5,15583,630
15210,4,5,1,700
18920,4,5,20773,0
18920,4,5,20033,560
18920,4,5,19663,630
18920,4,5,19293,700
18920,4,5,1,770
12983,4,5,14467,0
12983,4,5,14097,350
12983,4,5,13357,420
12983,4,5,12987,490
12983,4,5,1,560
16325,4,5,18916,0
16325,4,5,18546,350
16325,4,5,17806,420
16325,4,5,17436,490
16325,4,5,17066,560
16325,4,5,16326,630
16325,4,5,1,700
17068,4,5,21138,0
17068,4,5,20768,560
17068,4,5,20398,770
17068,4,5,20028,840
17068,4,5,19658,910
17068,4,5,18918,980
17068,4,5,18548,1050
17068,4,5,17808,1120
17068,4,5,17438,1190
17068,4,5,17068,1260
17068,4,5,1,1330
17805,4,5,20400,0
17805,4,5,20030,350
17805,4,5,19660,420
17805,4,5,19290,490
17805,4,5,18550,560
17805,4,5,18180,630
17805,4,5,1,700
14841,4,5,17432,0
14841,4,5,17062,350
14841,4,5,16322,420
14841,4,5,15952,490
14841,4,5,15582,560
14841,4,5,14842,630
14841,4,5,1,700
13354,4,5,14468,0
13354,4,5,14098,350
13354,4,5,13728,420
13354,4,5,1,490
13723,4,5,14839,0
13723,4,5,14469,350
13723,4,5,14099,420
13723,4,5,13729,490
13723,4,5,1,560
20029,4,5,21146,0
20029,4,5,20776,490
20029,4,5,20036,770
20029,4,5,1,840
16696,4,5,19287,0
16696,4,5,18917,350
16696,4,5,18177,420
16696,4,5,17807,490
16696,4,5,17437,560
16696,4,5,16697,630
16696,4,5,1,700
15203,4,5,20023,0
15203,4,5,19653,350
15203,4,5,18913,420
15203,4,5,18543,490
15203,4,5,18173,560
15203,4,5,17433,630
15203,4,5,17063,700
15203,4,5,16323,770
15203,4,5,15953,840
15203,4,5,15583,910
15203,4,5,1,980
18545,4,5,20772,0
18545,4,5,20402,420
18545,4,5,20032,490
18545,4,5,19292,560
18545,4,5,18922,630
18545,4,5,1,700
1,5,6,1,0
15212,5,6,17803,0
15212,5,6,17433,350
15212,5,6,17063,420
15212,5,6,16323,490
15212,5,6,15953,560
15212,5,6,15213,630
15212,5,6,1,700
21518,5,6,22630,0
21518,5,6,22260,420
21518,5,6,21890,700
21518,5,6,21520,910
21518,5,6,1,1190
15581,5,6,18174,0
15581,5,6,17804,350
15581,5,6,17434,420
15581,5,6,17064,490
15581,5,6,16324,560
15581,5,6,15954,630
15581,5,6,1,700
19282,5,6,21144,0
19282,5,6,20774,490
19282,5,6,20404,770
19282,5,6,19664,840
19282,5,6,19294,910
19282,5,6,1,980
12985,5,6,14467,0
12985,5,6,14097,350
12985,5,6,13357,420
12985,5,6,12987,490
12985,5,6,1,560
19291,5,6,21144,0
19291,5,6,20774,420
19291,5,6,20404,630
19291,5,6,20034,700
19291,5,6,19294,770
19291,5,6,1,840
16318,5,6,20396,0
16318,5,6,20026,350
16318,5,6,19286,420
16318,5,6,18916,490
16318,5,6,18546,560
16318,5,6,17806,630
16318,5,6,17436,700
16318,5,6,16696,770
16318,5,6,16326,840
16318,5,6,1,910
15949,5,6,18545,0
15949,5,6,18175,350
15949,5,6,17805,420
15949,5,6,17065,490
15949,5,6,16695,560
15949,5,6,16325,630
15949,5,6,1,700
21887,5,6,23001,0
21887,5,6,22631,560
21887,5,6,22261,840
21887,5,6,21891,1050
21887,5,6,1,1330
14465,5,6,15581,0
14465,5,6,15211,350
14465,5,6,14841,420
14465,5,6,14471,490
14465,5,6,1,560
21140,5,6,21889,0
21140,5,6,21519,490
21140,5,6,21149,770
21140,5,6,1,980
17807,5,6,20770,0
17807,5,6,20400,350
17807,5,6,19660,420
17807,5,6,19290,490
17807,5,6,18550,560
17807,5,6,18180,630
17807,5,6,17810,700
17807,5,6,1,770
21149,5,6,22629,0
21149,5,6,22259,490
21149,5,6,21889,700
21149,5,6,21519,980
21149,5,6,21149,1190
21149,5,6,1,1470
20022,5,6,21886,0
20022,5,6,21516,420
20022,5,6,21146,700
20022,5,6,20776,910
20022,5,6,20406,1190
20022,5,6,1,1260
16689,5,6,20767,0
16689,5,6,20397,350
16689,5,6,19657,420
16689,5,6,19287,490
16689,5,6,18917,560
16689,5,6,18177,630
16689,5,6,17807,700
16689,5,6,17067,770
16689,5,6,16697,840
16689,5,6,1,910
13725,5,6,14839,0
13725,5,6,14469,350
13725,5,6,14099,420
13725,5,6,13729,490
13725,5,6,1,560
20031,5,6,21146,0
20031,5,6,20776,490
20031,5,6,20036,770
20031,5,6,1,840
18538,5,6,21512,0
18538,5,6,21142,350
18538,5,6,20772,560
18538,5,6,20402,840
18538,5,6,19662,910
18538,5,6,19292,980
18538,5,6,18922,1050
18538,5,6,1,1120
20402,5,6,21147,0
20402,5,6,20777,560
20402,5,6,1,840
15205,5,6,19283,0
15205,5,6,18913,350
15205,5,6,18173,420
15205,5,6,17803,490
15205,5,6,17433,560
15205,5,6,16693,630
15205,5,6,16323,700
15205,5,6,15583,770
15205,5,6,15213,840
15205,5,6,1,910
15574,5,6,20394,0
15574,5,6,20024,350
15574,5,6,19284,420
15574,5,6,18914,490
15574,5,6,18544,560
15574,5,6,17804,630
15574,5,6,17434,700
15574,5,6,16694,770
15574,5,6,16324,840
15574,5,6,15954,910
15574,5,6,1,980
18547,5,6,20772,0
18547,5,6,20402,420
18547,5,6,20032,490
18547,5,6,19292,560
18547,5,6,18922,630
18547,5,6,1,700
15951,5,6,18545,0
15951,5,6,18175,350
15951,5,6,17805,420
15951,5,6,17065,490
15951,5,6,16695,560
15951,5,6,16325,630
15951,5,6,1,700
15583,5,6,18174,0
15583,5,6,17804,350
15583,5,6,17434,420
15583,5,6,16694,490
15583,5,6,16324,560
15583,5,6,15584,630
15583,5,6,1,700
21889,5,6,23001,0
21889,5,6,22631,420
21889,5,6,22261,700
21889,5,6,21891,910
21889,5,6,1,1190
12987,5,6,18907,0
12987,5,6,18537,350
12987,5,6,17797,420
12987,5,6,17427,490
12987,5,6,16687,560
12987,5,6,16317,630
12987,5,6,15947,700
12987,5,6,15207,770
12987,5,6,14837,840
12987,5,6,14097,910
12987,5,6,13727,980
12987,5,6,13357,1050
12987,5,6,1,1120
16320,5,6,18916,0
16320,5,6,18546,350
16320,5,6,18176,420
16320,5,6,17436,490
16320,5,6,17066,560
16320,5,6,16696,630
16320,5,6,1,700
19293,5,6,21144,0
19293,5,6,20774,350
19293,5,6,20404,630
19293,5,6,19664,700
19293,5,6,19294,770
19293,5,6,1,840
17063,5,6,19658,0
17063,5,6,19288,350
17063,5,6,18918,420
17063,5,6,18178,490
17063,5,6,17808,560
17063,5,6,17438,630
17063,5,6,1,700
17800,5,6,21140,0
17800,5,6,20770,350
17800,5,6,20030,630
17800,5,6,19660,700
17800,5,6,18920,770
17800,5,6,18550,840
17800,5,6,18180,910
17800,5,6,1,980
14467,5,6,15581,0
14467,5,6,15211,350
14467,5,6,14841,420
14467,5,6,14471,490
14467,5,6,1,560
14836,5,6,17432,0
14836,5,6,17062,350
14836,5,6,16692,420
14836,5,6,15952,490
14836,5,6,15582,560
14836,5,6,15212,630
14836,5,6,1,700
11503,5,6,17793,0
11503,5,6,17423,350
11503,5,6,17053,420
11503,5,6,16313,490
11503,5,6,15943,560
11503,5,6,15203,630
11503,5,6,14833,700
11503,5,6,14463,770
11503,5,6,13723,840
11503,5,6,13353,910
11503,5,6,12613,980
11503,5,6,12243,1050
11503,5,6,11873,1120
11503,5,6,1,1190
21142,5,6,22259,0
21142,5,6,21889,420
21142,5,6,21519,700
21142,5,6,21149,910
21142,5,6,1,1190
17809,5,6,20400,0
17809,5,6,20030,350
17809,5,6,19660,420
17809,5,6,18920,490
17809,5,6,18550,560
17809,5,6,17810,630
17809,5,6,1,700
18178,5,6,20771,0
18178,5,6,20031,420
18178,5,6,19661,490
18178,5,6,18921,560
18178,5,6,18551,630
18178,5,6,18181,700
18178,5,6,1,770
12612,5,6,14096,0
12612,5,6,13726,350
12612,5,6,12986,420
12612,5,6,12616,490
12612,5,6,1,560
13727,5,6,14839,0
13727,5,6,14469,350
13727,5,6,14099,420
13727,5,6,1,490
18908,5,6,21513,0
18908,5,6,21143,420
18908,5,6,20773,700
18908,5,6,20403,910
18908,5,6,20033,980
18908,5,6,19663,1050
18908,5,6,18923,1120
18908,5,6,1,1190
15207,5,6,17803,0
15207,5,6,17433,350
15207,5,6,17063,420
15207,5,6,16323,490
15207,5,6,15953,560
15207,5,6,15583,630
15207,5,6,1,700
21513,5,6,22630,0
21513,5,6,22260,560
21513,5,6,21890,840
21513,5,6,21520,1050
21513,5,6,1,1330
15944,5,6,20765,0
15944,5,6,20395,350
15944,5,6,19655,420
15944,5,6,19285,490
15944,5,6,18915,560
15944,5,6,18175,630
15944,5,6,17805,700
15944,5,6,17065,770
15944,5,6,16695,840
15944,5,6,16325,910
15944,5,6,1,980
12243,5,6,13725,0
12243,5,6,13355,350
12243,5,6,12615,420
12243,5,6,12245,490
12243,5,6,1,560
16313,5,6,19656,0
16313,5,6,19286,350
16313,5,6,18916,420
16313,5,6,18176,490
16313,5,6,17806,560
16313,5,6,17436,630
16313,5,6,16696,700
16313,5,6,16326,770
16313,5,6,1,840
19286,5,6,21514,0
19286,5,6,21144,350
19286,5,6,20774,560
19286,5,6,20404,840
19286,5,6,19664,910
19286,5,6,19294,980
19286,5,6,1,1050
11874,5,6,18164,0
11874,5,6,17794,350
11874,5,6,17054,420
11874,5,6,16684,490
11874,5,6,16314,560
11874,5,6,15574,630
11874,5,6,15204,700
11874,5,6,14464,770
11874,5,6,14094,840
11874,5,6,13724,910
11874,5,6,12984,980
11874,5,6,12614,1050
11874,5,6,11874,1120
11874,5,6,1,1190
20404,5,6,21147,0
20404,5,6,20777,560
20404,5,6,1,840
18549,5,6,20772,0
18549,5,6,20402,420
18549,5,6,20032,490
18549,5,6,19292,560
18549,5,6,18922,630
18549,5,6,18552,700
18549,5,6,1,770
16322,5,6,18916,0
16322,5,6,18546,350
16322,5,6,18176,420
16322,5,6,17436,490
16322,5,6,17066,560
16322,5,6,16696,630
16322,5,6,1,700
15576,5,6,19654,0
15576,5,6,19284,350
15576,5,6,18544,420
15576,5,6,18174,490
15576,5,6,17804,560
15576,5,6,17064,630
15576,5,6,16694,700
15576,5,6,15954,770
15576,5,6,15584,840
15576,5,6,1,910
17056,5,6,20398,0
17056,5,6,20028,350
17056,5,6,19658,420
17056,5,6,18918,490
17056,5,6,18548,560
17056,5,6,18178,630
17056,5,6,17438,700
17056,5,6,17068,770
17056,5,6,1,840
17793,5,6,21140,0
17793,5,6,20770,350
17793,5,6,20030,630
17793,5,6,19660,700
17793,5,6,18920,770
17793,5,6,18550,840
17793,5,6,18180,910
17793,5,6,1,980
17065,5,6,19658,0
17065,5,6,19288,350
17065,5,6,18918,420
17065,5,6,18548,490
17065,5,6,17808,560
17065,5,6,17438,630
17065,5,6,1,700
17802,5,6,20770,0
17802,5,6,20400,490
17802,5,6,20030,560
17802,5,6,19290,630
17802,5,6,18920,700
17802,5,6,18550,770
17802,5,6,17810,840
17802,5,6,1,910
14469,5,6,15581,0
14469,5,6,15211,350
14469,5,6,14841,420
14469,5,6,1,490
18171,5,6,21141,0
18171,5,6,20771,420
18171,5,6,20401,630
18171,5,6,20031,700
18171,5,6,19661,770
18171,5,6,18921,840
18171,5,6,18551,910
18171,5,6,1,980
14838,5,6,17432,0
14838,5,6,17062,350
14838,5,6,16692,420
14838,5,6,15952,490
14838,5,6,15582,560
14838,5,6,15212,630
14838,5,6,1,700
21144,5,6,21889,0
21144,5,6,21519,560
21144,5,6,21149,840
21144,5,6,1,1050
16684,5,6,20027,0
16684,5,6,19657,350
16684,5,6,19287,420
16684,5,6,18547,490
16684,5,6,18177,560
16684,5,6,17807,630
16684,5,6,17067,700
16684,5,6,16697,770
16684,5,6,1,840
18180,5,6,20771,0
18180,5,6,20401,350
18180,5,6,20031,420
18180,5,6,19291,490
18180,5,6,18921,560
18180,5,6,18551,630
18180,5,6,1,700
20026,5,6,21516,0
20026,5,6,21146,560
20026,5,6,20776,770
20026,5,6,20406,1050
20026,5,6,1,1120
19660,5,6,21145,0
19660,5,6,20775,420
19660,5,6,20405,700
19660,5,6,19665,770
19660,5,6,1,840
20397,5,6,21887,0
20397,5,6,21517,350
20397,5,6,21147,630
20397,5,6,20777,840
20397,5,6,20407,1120
20397,5,6,1,1190
17433,5,6,20029,0
17433,5,6,19659,350
17433,5,6,19289,420
17433,5,6,18549,490
17433,5,6,18179,560
17433,5,6,17809,630
17433,5,6,1,700
18542,5,6,21142,0
18542,5,6,20772,490
18542,5,6,20402,700
18542,5,6,20032,770
18542,5,6,19292,840
18542,5,6,18922,910
18542,5,6,1,980
20406,5,6,21147,0
20406,5,6,20777,560
20406,5,6,20407,770
20406,5,6,1,840
19279,5,6,21514,0
19279,5,6,21144,560
19279,5,6,20774,840
19279,5,6,20404,1050
19279,5,6,20034,1120
19279,5,6,19294,1190
19279,5,6,1,1260
20775,5,6,21518,0
20775,5,6,21148,350
20775,5,6,20778,630
20775,5,6,1,840
12245,5,6,18165,0
12245,5,6,17795,350
12245,5,6,17055,420
12245,5,6,16685,490
12245,5,6,15945,560
12245,5,6,15575,630
12245,5,6,15205,700
12245,5,6,14465,770
12245,5,6,14095,840
12245,5,6,13355,910
12245,5,6,12985,980
12245,5,6,12615,1050
12245,5,6,1,1120
18551,5,6,20772,0
18551,5,6,20402,420
18551,5,6,19662,490
18551,5,6,19292,560
18551,5,6,18922,630
18551,5,6,1,700
19288,5,6,21144,0
19288,5,6,20774,420
19288,5,6,20404,630
19288,5,6,20034,700
19288,5,6,19294,770
19288,5,6,1,840
15578,5,6,18174,0
15578,5,6,17804,350
15578,5,6,17434,420
15578,5,6,16694,490
15578,5,6,16324,560
15578,5,6,15954,630
15578,5,6,1,700
12982,5,6,14467,0
12982,5,6,14097,350
12982,5,6,13357,420
12982,5,6,12987,490
12982,5,6,1,560
16324,5,6,18916,0
16324,5,6,18546,350
16324,5,6,18176,420
16324,5,6,17436,490
16324,5,6,17066,560
16324,5,6,16326,630
16324,5,6,1,700
15209,5,6,17803,0
15209,5,6,17433,350
15209,5,6,17063,420
15209,5,6,16323,490
15209,5,6,15953,560
15209,5,6,15583,630
15209,5,6,1,700
15946,5,6,20025,0
15946,5,6,19655,350
15946,5,6,18915,420
15946,5,6,18545,490
15946,5,6,18175,560
15946,5,6,17435,630
15946,5,6,17065,700
15946,5,6,16325,770
15946,5,6,15955,840
15946,5,6,1,910
17058,5,6,20768,0
17058,5,6,20398,490
17058,5,6,20028,560
17058,5,6,19288,630
17058,5,6,18918,700
17058,5,6,18178,770
17058,5,6,17808,840
17058,5,6,17438,910
17058,5,6,1,980
18922,5,6,20773,0
18922,5,6,20403,490
18922,5,6,20033,560
18922,5,6,19663,630
18922,5,6,18923,700
18922,5,6,1,770
17795,5,6,21140,0
17795,5,6,20770,490
17795,5,6,20400,700
17795,5,6,20030,770
17795,5,6,19660,840
17795,5,6,18920,910
17795,5,6,18550,980
17795,5,6,17810,1050
17795,5,6,1,1120
18164,5,6,21141,0
18164,5,6,20771,420
18164,5,6,20401,630
18164,5,6,20031,700
18164,5,6,19661,770
18164,5,6,18921,840
18164,5,6,18551,910
18164,5,6,1,980
14094,5,6,15210,0
14094,5,6,14840,350
14094,5,6,14470,420
14094,5,6,14100,490
14094,5,6,1,560
17067,5,6,19658,0
17067,5,6,19288,350
17067,5,6,18918,420
17067,5,6,18178,490
17067,5,6,17808,560
17067,5,6,17068,630
17067,5,6,1,700
17804,5,6,20400,0
17804,5,6,20030,350
17804,5,6,19660,420
17804,5,6,19290,490
17804,5,6,18550,560
17804,5,6,18180,630
17804,5,6,1,700
14471,5,6,20021,0
14471,5,6,19651,350
14471,5,6,19281,420
14471,5,6,18541,490
14471,5,6,18171,560
14471,5,6,17801,630
14471,5,6,17061,700
14471,5,6,16691,770
14471,5,6,15951,840
14471,5,6,15581,910
14471,5,6,15211,980
14471,5,6,14471,1050
14471,5,6,1,1120
21137,5,6,22259,0
21137,5,6,21889,560
21137,5,6,21519,840
21137,5,6,21149,1050
21137,5,6,1,1330
14840,5,6,17432,0
14840,5,6,17062,350
14840,5,6,16692,420
14840,5,6,15952,490
14840,5,6,15582,560
14840,5,6,14842,630
14840,5,6,1,700
21146,5,6,21889,0
21146,5,6,21519,350
21146,5,6,21149,630
21146,5,6,1,910
18173,5,6,20771,0
18173,5,6,20401,560
18173,5,6,19661,630
18173,5,6,19291,700
18173,5,6,18921,770
18173,5,6,18181,840
18173,5,6,1,910
19653,5,6,21145,0
19653,5,6,20775,560
19653,5,6,20035,840
19653,5,6,19665,910
19653,5,6,1,980
17426,5,6,20769,0
17426,5,6,20399,350
17426,5,6,20029,420
17426,5,6,19289,490
17426,5,6,18919,560
17426,5,6,18549,630
17426,5,6,17809,700
17426,5,6,17439,770
17426,5,6,1,840
19662,5,6,21145,0
19662,5,6,20775,490
19662,5,6,20405,700
19662,5,6,20035,770
19662,5,6,1,840
20399,5,6,21517,0
20399,5,6,21147,490
20399,5,6,20777,770
20399,5,6,20407,980
20399,5,6,1,1050
13356,5,6,14468,0
13356,5,6,14098,350
13356,5,6,13728,420
13356,5,6,1,490
20768,5,6,21888,0
20768,5,6,21518,420
20768,5,6,21148,630
20768,5,6,20778,910
20768,5,6,1,1190
17435,5,6,20029,0
17435,5,6,19659,350
17435,5,6,19289,420
17435,5,6,18549,490
17435,5,6,18179,560
17435,5,6,17809,630
17435,5,6,1,700
18544,5,6,21142,0
18544,5,6,20772,350
18544,5,6,20032,630
18544,5,6,19662,700
18544,5,6,19292,770
18544,5,6,18552,840
18544,5,6,1,910
15211,5,6,17803,0
15211,5,6,17433,350
15211,5,6,17063,420
15211,5,6,16323,490
15211,5,6,15953,560
15211,5,6,15213,630
15211,5,6,1,700
19281,5,6,21144,0
19281,5,6,20774,490
19281,5,6,20404,770
19281,5,6,19664,840
19281,5,6,19294,910
19281,5,6,1,980
20777,5,6,21518,0
20777,5,6,21148,350
20777,5,6,20778,560
20777,5,6,1,840
16317,5,6,20396,0
16317,5,6,20026,350
16317,5,6,19286,420
16317,5,6,18916,490
16317,5,6,18546,560
16317,5,6,17806,630
16317,5,6,17436,700
16317,5,6,16696,770
16317,5,6,16326,840
16317,5,6,1,910
12984,5,6,14467,0
12984,5,6,14097,350
12984,5,6,13727,420
12984,5,6,12987,490
12984,5,6,1,560
15580,5,6,18174,0
15580,5,6,17804,350
15580,5,6,17434,420
15580,5,6,16694,490
15580,5,6,16324,560
15580,5,6,15954,630
15580,5,6,1,700
16326,5,6,21136,0
16326,5,6,20766,490
16326,5,6,20396,700
16326,5,6,20026,770
16326,5,6,19286,840
16326,5,6,18916,910
16326,5,6,18176,980
16326,5,6,17806,1050
16326,5,6,17436,1120
16326,5,6,16696,1190
16326,5,6,16326,1260
16326,5,6,1,1330
18915,5,6,21143,0
18915,5,6,20773,490
18915,5,6,20403,700
18915,5,6,20033,770
18915,5,6,19293,840
18915,5,6,18923,910
18915,5,6,1,980
17060,5,6,20768,0
17060,5,6,20028,420
17060,5,6,19658,490
17060,5,6,19288,560
17060,5,6,18548,630
17060,5,6,18178,700
17060,5,6,17438,770
17060,5,6,17068,840
17060,5,6,1,910
17797,5,6,20770,0
17797,5,6,20400,420
17797,5,6,19660,490
17797,5,6,19290,560
17797,5,6,18920,630
17797,5,6,18180,700
17797,5,6,17810,770
17797,5,6,1,840
14464,5,6,15581,0
14464,5,6,15211,350
14464,5,6,14841,420
14464,5,6,14471,490
14464,5,6,1,560
14096,5,6,15210,0
14096,5,6,14840,350
14096,5,6,14470,420
14096,5,6,14100,490
14096,5,6,1,560
14833,5,6,18912,0
14833,5,6,18542,350
14833,5,6,17802,420
14833,5,6,17432,490
14833,5,6,17062,560
14833,5,6,16322,630
14833,5,6,15952,700
14833,5,6,15212,770
14833,5,6,14842,840
14833,5,6,1,910
21139,5,6,22259,0
21139,5,6,21889,560
21139,5,6,21519,840
21139,5,6,21149,1050
21139,5,6,1,1330
17806,5,6,20400,0
17806,5,6,20030,350
17806,5,6,19660,420
17806,5,6,18920,490
17806,5,6,18550,560
17806,5,6,18180,630
17806,5,6,1,700
18166,5,6,21141,0
18166,5,6,20771,560
18166,5,6,20401,770
18166,5,6,20031,840
18166,5,6,19291,910
18166,5,6,18921,980
18166,5,6,18181,1050
18166,5,6,1,1120
18175,5,6,20771,0
18175,5,6,20401,350
18175,5,6,20031,420
18175,5,6,19661,490
18175,5,6,18921,560
18175,5,6,18551,630
18175,5,6,1,700
14842,5,6,20762,0
14842,5,6,20392,490
14842,5,6,20022,560
14842,5,6,19282,630
14842,5,6,18912,700
14842,5,6,18542,770
14842,5,6,17802,840
14842,5,6,17432,910
14842,5,6,16692,980
14842,5,6,16322,1050
14842,5,6,15952,1120
14842,5,6,15212,1190
14842,5,6,14842,1260
14842,5,6,1,1330
21148,5,6,21889,0
21148,5,6,21519,350
21148,5,6,21149,630
21148,5,6,1,910
20392,5,6,21887,0
20392,5,6,21517,490
20392,5,6,21147,770
20392,5,6,20777,980
20392,5,6,1,1260
16691,5,6,19287,0
16691,5,6,18917,350
16691,5,6,18547,420
16691,5,6,17807,490
16691,5,6,17437,560
16691,5,6,17067,630
16691,5,6,1,700
17428,5,6,20769,0
17428,5,6,20399,560
17428,5,6,19659,630
17428,5,6,19289,700
17428,5,6,18549,770
17428,5,6,18179,840
17428,5,6,17809,910
17428,5,6,1,980
18537,5,6,21142,0
18537,5,6,20772,560
18537,5,6,20402,840
18537,5,6,19662,910
18537,5,6,19292,980
18537,5,6,18552,1050
18537,5,6,1,1120
15204,5,6,19283,0
15204,5,6,18913,350
15204,5,6,18173,420
15204,5,6,17803,490
15204,5,6,17433,560
15204,5,6,16693,630
15204,5,6,16323,700
15204,5,6,15583,770
15204,5,6,15213,840
15204,5,6,1,910
20033,5,6,21146,0
20033,5,6,20776,490
20033,5,6,20406,770
20033,5,6,1,840
19664,5,6,21145,0
19664,5,6,20775,420
19664,5,6,20405,700
19664,5,6,19665,770
19664,5,6,1,840
20770,5,6,21518,0
20770,5,6,21148,560
20770,5,6,20778,840
20770,5,6,1,1050
18546,5,6,20772,0
18546,5,6,20402,420
18546,5,6,20032,490
18546,5,6,19292,560
18546,5,6,18922,630
18546,5,6,1,700
20401,5,6,21147,0
20401,5,6,20777,560
20401,5,6,1,840
13358,5,6,18908,0
13358,5,6,18538,350
13358,5,6,18168,420
13358,5,6,17428,490
13358,5,6,17058,560
13358,5,6,16688,630
13358,5,6,15948,700
13358,5,6,15578,770
13358,5,6,14838,840
13358,5,6,14468,910
13358,5,6,14098,980
13358,5,6,13358,1050
13358,5,6,1,1120
15582,5,6,18174,0
15582,5,6,17804,350
15582,5,6,17434,420
15582,5,6,16694,490
15582,5,6,16324,560
15582,5,6,15584,630
15582,5,6,1,700
21888,5,6,23001,0
21888,5,6,22631,560
21888,5,6,22261,840
21888,5,6,21891,1050
21888,5,6,1,1330
17437,5,6,20029,0
17437,5,6,19659,350
17437,5,6,19289,420
17437,5,6,18549,490
17437,5,6,18179,560
17437,5,6,17439,630
17437,5,6,1,700
16319,5,6,18916,0
16319,5,6,18546,350
16319,5,6,18176,420
16319,5,6,17436,490
16319,5,6,17066,560
16319,5,6,16696,630
16319,5,6,1,700
18917,5,6,20773,0
18917,5,6,20033,560
18917,5,6,19663,630
18917,5,6,18923,700
18917,5,6,1,770
15953,5,6,18545,0
15953,5,6,18175,350
15953,5,6,17805,420
15953,5,6,17065,490
15953,5,6,16695,560
15953,5,6,15955,630
15953,5,6,1,700
17062,5,6,19658,0
17062,5,6,19288,350
17062,5,6,18918,420
17062,5,6,18178,490
17062,5,6,17808,560
17062,5,6,17438,630
17062,5,6,1,700
17799,5,6,21140,0
17799,5,6,20770,350
17799,5,6,20030,630
17799,5,6,19660,700
17799,5,6,18920,770
17799,5,6,18550,840
17799,5,6,18180,910
17799,5,6,1,980
14466,5,6,15581,0
14466,5,6,15211,350
14466,5,6,14841,420
14466,5,6,14471,490
14466,5,6,1,560
18168,5,6,20771,0
18168,5,6,20401,490
18168,5,6,19661,560
18168,5,6,19291,630
18168,5,6,18551,700
18168,5,6,18181,770
18168,5,6,1,840
14098,5,6,15210,0
14098,5,6,14840,350
14098,5,6,14470,420
14098,5,6,1,490
11502,5,6,13353,0
11502,5,6,12983,350
11502,5,6,12613,420
11502,5,6,11873,490
11502,5,6,11503,560
11502,5,6,1,630
17808,5,6,20400,0
17808,5,6,20030,350
17808,5,6,19660,420
17808,5,6,18920,490
17808,5,6,18550,560
17808,5,6,18180,630
17808,5,6,1,700
18177,5,6,20771,0
18177,5,6,20401,350
18177,5,6,20031,420
18177,5,6,19661,490
18177,5,6,18921,560
18177,5,6,18551,630
18177,5,6,1,700
12614,5,6,14096,0
12614,5,6,13726,350
12614,5,6,12986,420
12614,5,6,12616,490
12614,5,6,1,560
19657,5,6,21515,0
19657,5,6,21145,420
19657,5,6,20775,630
19657,5,6,20405,910
19657,5,6,19665,980
19657,5,6,1,1050
16693,5,6,19287,0
16693,5,6,18917,350
16693,5,6,18547,420
16693,5,6,17807,490
16693,5,6,17437,560
16693,5,6,17067,630
16693,5,6,1,700
18539,5,6,20772,0
18539,5,6,20032,560
18539,5,6,19662,630
18539,5,6,18922,700
18539,5,6,18552,770
18539,5,6,1,840
20403,5,6,21147,0
20403,5,6,20777,560
20403,5,6,1,840
13729,5,6,19279,0
13729,5,6,18909,350
13729,5,6,18539,420
13729,5,6,17799,490
13729,5,6,17429,560
13729,5,6,17059,630
13729,5,6,16319,700
13729,5,6,15949,770
13729,5,6,15209,840
13729,5,6,14839,910
13729,5,6,14469,980
13729,5,6,13729,1050
13729,5,6,1,1120
20772,5,6,21518,0
20772,5,6,21148,350
20772,5,6,20778,630
20772,5,6,1,840
15575,5,6,19654,0
15575,5,6,19284,350
15575,5,6,18544,420
15575,5,6,18174,490
15575,5,6,17804,560
15575,5,6,17064,630
15575,5,6,16694,700
15575,5,6,15954,770
15575,5,6,15584,840
15575,5,6,1,910
12242,5,6,13725,0
12242,5,6,13355,350
12242,5,6,12985,420
12242,5,6,12245,490
12242,5,6,1,560
17439,5,6,21509,0
17439,5,6,21139,350
17439,5,6,20769,630
17439,5,6,20399,840
17439,5,6,20029,910
17439,5,6,19289,980
17439,5,6,18919,1050
17439,5,6,18549,1120
17439,5,6,17809,1190
17439,5,6,17439,1260
17439,5,6,1,1330
15584,5,6,21134,0
15584,5,6,20764,350
15584,5,6,20024,630
15584,5,6,19654,700
15584,5,6,19284,770
15584,5,6,18544,840
15584,5,6,18174,910
15584,5,6,17434,980
15584,5,6,17064,1050
15584,5,6,16694,1120
15584,5,6,15954,1190
15584,5,6,15584,1260
15584,5,6,1,1330
18910,5,6,21143,0
18910,5,6,20773,350
18910,5,6,20403,630
18910,5,6,19663,700
18910,5,6,19293,770
18910,5,6,18923,840
18910,5,6,1,910
17055,5,6,20398,0
17055,5,6,20028,350
17055,5,6,19658,420
17055,5,6,18918,490
17055,5,6,18548,560
17055,5,6,18178,630
17055,5,6,17438,700
17055,5,6,17068,770
17055,5,6,1,840
18919,5,6,20773,0
18919,5,6,20033,560
18919,5,6,19663,630
18919,5,6,18923,700
18919,5,6,1,770
15955,5,6,21135,0
15955,5,6,20765,420
15955,5,6,20395,630
15955,5,6,20025,700
15955,5,6,19655,770
15955,5,6,18915,840
15955,5,6,18545,910
15955,5,6,17805,980
15955,5,6,17435,1050
15955,5,6,17065,1120
15955,5,6,16325,1190
15955,5,6,15955,1260
15955,5,6,1,1330
17064,5,6,19658,0
17064,5,6,19288,350
17064,5,6,18918,420
17064,5,6,18178,490
17064,5,6,17808,560
17064,5,6,17438,630
17064,5,6,1,700
17801,5,6,20770,0
17801,5,6,20400,490
17801,5,6,20030,560
17801,5,6,19290,630
17801,5,6,18920,700
17801,5,6,18550,770
17801,5,6,17810,840
17801,5,6,1,910
14100,5,6,19650,0
14100,5,6,19280,350
14100,5,6,18910,420
14100,5,6,18170,490
14100,5,6,17800,560
14100,5,6,17430,630
14100,5,6,16690,700
14100,5,6,16320,770
14100,5,6,15580,840
14100,5,6,15210,910
14100,5,6,14840,980
14100,5,6,14100,1050
14100,5,6,1,1120
14837,5,6,17432,0
14837,5,6,17062,350
14837,5,6,16692,420
14837,5,6,15952,490
14837,5,6,15582,560
14837,5,6,15212,630
14837,5,6,1,700
21143,5,6,22259,0
21143,5,6,21889,420
21143,5,6,21519,700
21143,5,6,21149,910
21143,5,6,1,1190
18170,5,6,21141,0
18170,5,6,20771,420
18170,5,6,20401,630
18170,5,6,20031,700
18170,5,6,19661,770
18170,5,6,18921,840
18170,5,6,18551,910
18170,5,6,1,980
18179,5,6,20771,0
18179,5,6,20401,350
18179,5,6,20031,420
18179,5,6,19291,490
18179,5,6,18921,560
18179,5,6,18551,630
18179,5,6,1,700
19650,5,6,21885,0
19650,5,6,21515,350
19650,5,6,21145,630
19650,5,6,20775,840
19650,5,6,20405,1120
19650,5,6,19665,1190
19650,5,6,1,1260
12616,5,6,18536,0
12616,5,6,18166,350
12616,5,6,17426,420
12616,5,6,17056,490
12616,5,6,16316,560
12616,5,6,15946,630
12616,5,6,15576,700
12616,5,6,14836,770
12616,5,6,14466,840
12616,5,6,13726,910
12616,5,6,13356,980
12616,5,6,12986,1050
12616,5,6,1,1120
13353,5,6,14468,0
13353,5,6,14098,350
13353,5,6,13728,420
13353,5,6,13358,490
13353,5,6,1,560
17423,5,6,21139,0
17423,5,6,20769,420
17423,5,6,20399,700
17423,5,6,19659,770
17423,5,6,19289,840
17423,5,6,18549,910
17423,5,6,18179,980
17423,5,6,17809,1050
17423,5,6,1,1120
20396,5,6,21887,0
20396,5,6,21517,350
20396,5,6,21147,630
20396,5,6,20777,840
20396,5,6,20407,1120
20396,5,6,1,1190
19659,5,6,21145,0
19659,5,6,20775,420
19659,5,6,20405,700
19659,5,6,19665,770
19659,5,6,1,840
16695,5,6,19287,0
16695,5,6,18917,350
16695,5,6,18547,420
16695,5,6,17807,490
16695,5,6,17437,560
16695,5,6,16697,630
16695,5,6,1,700
17432,5,6,20029,0
17432,5,6,19659,350
17432,5,6,19289,420
17432,5,6,18549,490
17432,5,6,18179,560
17432,5,6,17809,630
17432,5,6,1,700
20028,5,6,21516,0
20028,5,6,21146,420
20028,5,6,20776,700
20028,5,6,20036,980
20028,5,6,1,1050
20405,5,6,21147,0
20405,5,6,20777,560
20405,5,6,20407,770
20405,5,6,1,840
20774,5,6,21518,0
20774,5,6,21148,350
20774,5,6,20778,630
20774,5,6,1,840
18912,5,6,21143,0
18912,5,6,20773,560
18912,5,6,20033,840
18912,5,6,19663,910
18912,5,6,18923,980
18912,5,6,1,1050
21517,5,6,22630,0
21517,5,6,22260,420
21517,5,6,21890,700
21517,5,6,21520,910
21517,5,6,1,1190
15948,5,6,18545,0
15948,5,6,18175,350
15948,5,6,17805,420
15948,5,6,17065,490
15948,5,6,16695,560
15948,5,6,16325,630
15948,5,6,1,700
18921,5,6,20773,0
18921,5,6,20403,490
18921,5,6,20033,560
18921,5,6,19663,630
18921,5,6,18923,700
18921,5,6,1,770
17794,5,6,21140,0
17794,5,6,20770,490
17794,5,6,20030,770
17794,5,6,19660,840
17794,5,6,19290,910
17794,5,6,18550,980
17794,5,6,18180,1050
17794,5,6,1,1120
14093,5,6,15210,0
14093,5,6,14840,350
14093,5,6,14470,420
14093,5,6,14100,490
14093,5,6,1,560
19290,5,6,21144,0
19290,5,6,20774,420
19290,5,6,20404,630
19290,5,6,20034,700
19290,5,6,19294,770
19290,5,6,1,840
17066,5,6,19658,0
17066,5,6,19288,350
17066,5,6,18918,420
17066,5,6,18178,490
17066,5,6,17808,560
17066,5,6,17068,630
17066,5,6,1,700
21136,5,6,22259,0
21136,5,6,21889,420
21136,5,6,21519,700
21136,5,6,21149,910
21136,5,6,1,1190
18172,5,6,20771,0
18172,5,6,20401,560
18172,5,6,19661,630
18172,5,6,19291,700
18172,5,6,18921,770
18172,5,6,18181,840
18172,5,6,1,910
14839,5,6,17432,0
14839,5,6,17062,350
14839,5,6,16692,420
14839,5,6,16322,490
14839,5,6,15582,560
14839,5,6,15212,630
14839,5,6,1,700
18181,5,6,21511,0
18181,5,6,21141,490
18181,5,6,20771,700
18181,5,6,20401,980
18181,5,6,19661,1050
18181,5,6,19291,1120
18181,5,6,18551,1190
18181,5,6,18181,1260
18181,5,6,1,1330
20021,5,6,21886,0
20021,5,6,21516,420
20021,5,6,21146,700
20021,5,6,20776,910
20021,5,6,20036,1190
20021,5,6,1,1260
13355,5,6,14838,0
13355,5,6,14468,350
13355,5,6,13728,420
13355,5,6,13358,490
13355,5,6,1,560
19661,5,6,21145,0
19661,5,6,20775,420
19661,5,6,20405,700
19661,5,6,19665,770
19661,5,6,1,840
20398,5,6,21517,0
20398,5,6,21147,490
20398,5,6,20777,770
20398,5,6,20407,980
20398,5,6,1,1050
20030,5,6,21146,0
20030,5,6,20776,490
20030,5,6,20036,770
20030,5,6,1,840
16697,5,6,21137,0
16697,5,6,20767,490
16697,5,6,20397,770
16697,5,6,19657,840
16697,5,6,19287,910
16697,5,6,18547,980
16697,5,6,18177,1050
16697,5,6,17807,1120
16697,5,6,17067,1190
16697,5,6,16697,1260
16697,5,6,1,1330
17434,5,6,20029,0
17434,5,6,19659,350
17434,5,6,19289,420
17434,5,6,18549,490
17434,5,6,18179,560
17434,5,6,17809,630
17434,5,6,1,700
13724,5,6,14839,0
13724,5,6,14469,350
13724,5,6,14099,420
13724,5,6,13729,490
13724,5,6,1,560
20767,5,6,21888,0
20767,5,6,21518,420
20767,5,6,21148,630
20767,5,6,20778,910
20767,5,6,1,1190
20776,5,6,21518,0
20776,5,6,21148,350
20776,5,6,20778,630
20776,5,6,1,840
18914,5,6,21143,0
18914,5,6,20773,490
18914,5,6,20403,700
18914,5,6,20033,770
18914,5,6,19293,840
18914,5,6,18923,910
18914,5,6,1,980
15213,5,6,20763,0
15213,5,6,20393,560
15213,5,6,19653,630
15213,5,6,19283,700
15213,5,6,18913,770
15213,5,6,18173,840
15213,5,6,17803,910
15213,5,6,17063,980
15213,5,6,16693,1050
15213,5,6,16323,1120
15213,5,6,15583,1190
15213,5,6,15213,1260
15213,5,6,1,1330
21519,5,6,22260,0
21519,5,6,21890,420
21519,5,6,21520,630
21519,5,6,1,910
15950,5,6,18545,0
15950,5,6,18175,350
15950,5,6,17805,420
15950,5,6,17065,490
15950,5,6,16695,560
15950,5,6,16325,630
15950,5,6,1,700
18923,5,6,21883,0
18923,5,6,21513,350
18923,5,6,21143,630
18923,5,6,20773,840
18923,5,6,20403,1120
18923,5,6,19663,1190
18923,5,6,19293,1260
18923,5,6,18923,1330
18923,5,6,1,1400
12986,5,6,14467,0
12986,5,6,14097,350
12986,5,6,13357,420
12986,5,6,12987,490
12986,5,6,1,560
19292,5,6,21144,0
19292,5,6,20774,350
19292,5,6,20404,630
19292,5,6,19664,700
19292,5,6,19294,770
19292,5,6,1,840
18165,5,6,21141,0
18165,5,6,20771,560
18165,5,6,20401,770
18165,5,6,20031,840
18165,5,6,19661,910
18165,5,6,18921,980
18165,5,6,18551,1050
18165,5,6,1,1120
14095,5,6,15210,0
14095,5,6,14840,350
14095,5,6,14470,420
14095,5,6,14100,490
14095,5,6,1,560
21138,5,6,22259,0
21138,5,6,21889,560
21138,5,6,21519,840
21138,5,6,21149,1050
21138,5,6,1,1330
18174,5,6,20771,0
18174,5,6,20401,350
18174,5,6,20031,420
18174,5,6,19661,490
18174,5,6,18921,560
18174,5,6,18551,630
18174,5,6,1,700
20023,5,6,21516,0
20023,5,6,21146,350
20023,5,6,20776,630
20023,5,6,20406,840
20023,5,6,20036,910
20023,5,6,1,980
16690,5,6,19287,0
16690,5,6,18917,350
16690,5,6,18547,420
16690,5,6,17807,490
16690,5,6,17437,560
16690,5,6,17067,630
16690,5,6,1,700
13357,5,6,14468,0
13357,5,6,14098,350
13357,5,6,13728,420
13357,5,6,1,490
17427,5,6,20769,0
17427,5,6,20399,350
17427,5,6,20029,420
17427,5,6,19289,490
17427,5,6,18919,560
17427,5,6,18549,630
17427,5,6,17809,700
17427,5,6,17439,770
17427,5,6,1,840
20400,5,6,21147,0
20400,5,6,20777,560
20400,5,6,1,840
19663,5,6,21145,0
19663,5,6,20775,420
19663,5,6,20405,700
19663,5,6,19665,770
19663,5,6,1,840
20032,5,6,21146,0
20032,5,6,20776,490
20032,5,6,20036,770
20032,5,6,1,840
17436,5,6,20029,0
17436,5,6,19659,350
17436,5,6,19289,420
17436,5,6,18919,490
17436,5,6,18179,560
17436,5,6,17809,630
17436,5,6,1,700
20769,5,6,21518,0
20769,5,6,21148,560
20769,5,6,20778,840
20769,5,6,1,1050
13726,5,6,15209,0
13726,5,6,14839,350
13726,5,6,14099,420
13726,5,6,13729,490
13726,5,6,1,560
20778,5,6,22258,0
20778,5,6,21888,420
20778,5,6,21518,700
20778,5,6,21148,910
20778,5,6,20778,1190
20778,5,6,1,1470
18907,5,6,21513,0
18907,5,6,21143,420
18907,5,6,20773,700
18907,5,6,20033,980
18907,5,6,19663,1050
18907,5,6,18923,1120
18907,5,6,1,1190
21512,5,6,22630,0
21512,5,6,22260,560
21512,5,6,21890,840
21512,5,6,21520,1050
21512,5,6,1,1330
15943,5,6,19285,0
15943,5,6,18915,350
15943,5,6,18545,420
15943,5,6,17805,490
15943,5,6,17435,560
15943,5,6,17065,630
15943,5,6,16325,700
15943,5,6,15955,770
15943,5,6,1,840
18916,5,6,20773,0
18916,5,6,20033,560
18916,5,6,19663,630
18916,5,6,18923,700
18916,5,6,1,770
18548,5,6,20772,0
18548,5,6,20402,420
18548,5,6,20032,490
18548,5,6,19292,560
18548,5,6,18922,630
18548,5,6,1,700
19285,5,6,21514,0
19285,5,6,21144,350
19285,5,6,20774,560
19285,5,6,20404,840
19285,5,6,19664,910
19285,5,6,19294,980
19285,5,6,1,1050
15952,5,6,18545,0
15952,5,6,18175,350
15952,5,6,17805,420
15952,5,6,17435,490
15952,5,6,16695,560
15952,5,6,16325,630
15952,5,6,1,700
17061,5,6,19658,0
17061,5,6,19288,350
17061,5,6,18918,420
17061,5,6,18178,490
17061,5,6,17808,560
17061,5,6,17438,630
17061,5,6,1,700
16321,5,6,18916,0
16321,5,6,18546,350
16321,5,6,18176,420
16321,5,6,17436,490
16321,5,6,17066,560
16321,5,6,16696,630
16321,5,6,1,700
14097,5,6,15580,0
14097,5,6,15210,350
14097,5,6,14470,420
14097,5,6,14100,490
14097,5,6,1,560
19294,5,6,21884,0
19294,5,6,21514,490
19294,5,6,21144,700
19294,5,6,20774,980
19294,5,6,20034,1260
19294,5,6,19664,1330
19294,5,6,1,1400
18176,5,6,20771,0
18176,5,6,20401,350
18176,5,6,20031,420
18176,5,6,19661,490
18176,5,6,18921,560
18176,5,6,18551,630
18176,5,6,1,700
14468,5,6,15951,0
14468,5,6,15581,350
14468,5,6,14841,420
14468,5,6,14471,490
14468,5,6,1,560
12613,5,6,14096,0
12613,5,6,13726,350
12613,5,6,13356,420
12613,5,6,12616,490
12613,5,6,1,560
16683,5,6,20767,0
16683,5,6,20397,560
16683,5,6,20027,630
16683,5,6,19287,700
16683,5,6,18917,770
16683,5,6,18547,840
16683,5,6,17807,910
16683,5,6,17437,980
16683,5,6,16697,1050
16683,5,6,1,1120
19656,5,6,21515,0
19656,5,6,21145,420
19656,5,6,20775,630
19656,5,6,20405,910
19656,5,6,19665,980
19656,5,6,1,1050
17810,5,6,21510,0
17810,5,6,21140,420
17810,5,6,20770,630
17810,5,6,20400,910
17810,5,6,19660,980
17810,5,6,19290,1050
17810,5,6,18920,1120
17810,5,6,18180,1190
17810,5,6,17810,1260
17810,5,6,1,1330
16692,5,6,19287,0
16692,5,6,18917,350
16692,5,6,18547,420
16692,5,6,17807,490
16692,5,6,17437,560
16692,5,6,17067,630
16692,5,6,1,700
20762,5,6,21888,0
20762,5,6,21518,560
20762,5,6,21148,770
20762,5,6,20778,1050
20762,5,6,1,1330
19665,5,6,21885,0
19665,5,6,21515,560
19665,5,6,21145,770
19665,5,6,20775,1050
19665,5,6,20405,1260
19665,5,6,20035,1330
19665,5,6,19665,1400
19665,5,6,1,1470
13728,5,6,14839,0
13728,5,6,14469,350
13728,5,6,14099,420
13728,5,6,1,490
20034,5,6,21146,0
20034,5,6,20776,490
20034,5,6,20036,770
20034,5,6,1,840
20771,5,6,21518,0
20771,5,6,21148,350
20771,5,6,20778,630
20771,5,6,1,840
17438,5,6,20029,0
17438,5,6,19659,350
17438,5,6,19289,420
17438,5,6,18549,490
17438,5,6,18179,560
17438,5,6,17439,630
17438,5,6,1,700
11132,5,6,17422,0
11132,5,6,17052,350
11132,5,6,16682,420
11132,5,6,15942,490
11132,5,6,15572,560
11132,5,6,15202,630
11132,5,6,14462,700
11132,5,6,14092,770
11132,5,6,13352,840
11132,5,6,12982,910
11132,5,6,12612,980
11132,5,6,11872,1050
11132,5,6,11502,1120
11132,5,6,1,1190
17429,5,6,20769,0
17429,5,6,20399,560
17429,5,6,19659,630
17429,5,6,19289,700
17429,5,6,18549,770
17429,5,6,18179,840
17429,5,6,17809,910
17429,5,6,1,980
18909,5,6,21513,0
18909,5,6,21143,420
18909,5,6,20773,700
18909,5,6,20403,910
18909,5,6,20033,980
18909,5,6,19663,1050
18909,5,6,18923,1120
18909,5,6,1,1190
18541,5,6,21142,0
18541,5,6,20772,490
18541,5,6,20402,700
18541,5,6,20032,770
18541,5,6,19292,840
18541,5,6,18922,910
18541,5,6,1,980
21514,5,6,22630,0
21514,5,6,22260,560
21514,5,6,21890,840
21514,5,6,21520,1050
21514,5,6,1,1330
17054,5,6,21138,0
17054,5,6,20768,350
17054,5,6,20398,630
17054,5,6,19658,700
17054,5,6,19288,770
17054,5,6,18918,840
17054,5,6,18178,910
17054,5,6,17808,980
17054,5,6,17068,1050
17054,5,6,1,1120
18918,5,6,20773,0
18918,5,6,20033,560
18918,5,6,19663,630
18918,5,6,18923,700
18918,5,6,1,770
18550,5,6,20772,0
18550,5,6,20402,420
18550,5,6,19662,490
18550,5,6,19292,560
18550,5,6,18922,630
18550,5,6,1,700
15945,5,6,20765,0
15945,5,6,20395,350
15945,5,6,19655,420
15945,5,6,19285,490
15945,5,6,18915,560
15945,5,6,18175,630
15945,5,6,17805,700
15945,5,6,17065,770
15945,5,6,16695,840
15945,5,6,16325,910
15945,5,6,1,980
15954,5,6,18545,0
15954,5,6,18175,350
15954,5,6,17805,420
15954,5,6,17065,490
15954,5,6,16695,560
15954,5,6,15955,630
15954,5,6,1,700
19287,5,6,21144,0
19287,5,6,20774,420
19287,5,6,20404,630
19287,5,6,20034,700
19287,5,6,19294,770
19287,5,6,1,840
16323,5,6,18916,0
16323,5,6,18546,350
16323,5,6,18176,420
16323,5,6,17806,490
16323,5,6,17066,560
16323,5,6,16696,630
16323,5,6,1,700
12244,5,6,13725,0
12244,5,6,13355,350
12244,5,6,12615,420
12244,5,6,12245,490
12244,5,6,1,560
14099,5,6,15210,0
14099,5,6,14840,350
14099,5,6,14470,420
14099,5,6,1,490
17803,5,6,20400,0
17803,5,6,20030,350
17803,5,6,19660,420
17803,5,6,19290,490
17803,5,6,18550,560
17803,5,6,18180,630
17803,5,6,1,700
14470,5,6,15581,0
14470,5,6,15211,350
14470,5,6,14841,420
14470,5,6,1,490
21145,5,6,21889,0
21145,5,6,21519,560
21145,5,6,21149,840
21145,5,6,1,1050
12615,5,6,14096,0
12615,5,6,13726,350
12615,5,6,12986,420
12615,5,6,12616,490
12615,5,6,1,560
16685,5,6,20027,0
16685,5,6,19657,350
16685,5,6,19287,420
16685,5,6,18547,490
16685,5,6,18177,560
16685,5,6,17807,630
16685,5,6,17067,700
16685,5,6,16697,770
16685,5,6,1,840
19658,5,6,21145,0
19658,5,6,20775,420
19658,5,6,20405,700
19658,5,6,19665,770
19658,5,6,1,840
20027,5,6,21516,0
20027,5,6,21146,420
20027,5,6,20776,700
20027,5,6,20036,980
20027,5,6,1,1050
16694,5,6,19287,0
16694,5,6,18917,350
16694,5,6,18547,420
16694,5,6,18177,490
16694,5,6,17437,560
16694,5,6,17067,630
16694,5,6,1,700
17431,5,6,20769,0
17431,5,6,20399,420
17431,5,6,20029,490
17431,5,6,19659,560
17431,5,6,18919,630
17431,5,6,18549,700
17431,5,6,17809,770
17431,5,6,17439,840
17431,5,6,1,910
20036,5,6,22256,0
20036,5,6,21886,350
20036,5,6,21516,560
20036,5,6,21146,840
20036,5,6,20776,1120
20036,5,6,20406,1330
20036,5,6,20036,1400
20036,5,6,1,1470
20773,5,6,21518,0
20773,5,6,21148,350
20773,5,6,20778,630
20773,5,6,1,840
18543,5,6,21142,0
18543,5,6,20772,350
18543,5,6,20032,630
18543,5,6,19662,700
18543,5,6,19292,770
18543,5,6,18552,840
18543,5,6,1,910
20407,5,6,22257,0
20407,5,6,21887,420
20407,5,6,21517,630
20407,5,6,21147,910
20407,5,6,20777,1120
20407,5,6,20407,1400
20407,5,6,1,1470
15947,5,6,20025,0
15947,5,6,19655,350
15947,5,6,18915,420
15947,5,6,18545,490
15947,5,6,18175,560
15947,5,6,17435,630
15947,5,6,17065,700
15947,5,6,16325,770
15947,5,6,15955,840
15947,5,6,1,910
21516,5,6,22260,0
21516,5,6,21890,490
21516,5,6,21520,770
21516,5,6,1,980
18920,5,6,20773,0
18920,5,6,20033,560
18920,5,6,19663,630
18920,5,6,19293,700
18920,5,6,1,770
12983,5,6,14467,0
12983,5,6,14097,350
12983,5,6,13357,420
12983,5,6,12987,490
12983,5,6,1,560
18552,5,6,21512,0
18552,5,6,21142,490
18552,5,6,20772,770
18552,5,6,20032,1050
18552,5,6,19662,1120
18552,5,6,18922,1190
18552,5,6,18552,1260
18552,5,6,1,1330
19289,5,6,21144,0
19289,5,6,20774,420
19289,5,6,20404,630
19289,5,6,20034,700
19289,5,6,19294,770
19289,5,6,1,840
15210,5,6,17803,0
15210,5,6,17433,350
15210,5,6,17063,420
15210,5,6,16693,490
15210,5,6,15953,560
15210,5,6,15583,630
15210,5,6,1,700
16325,5,6,18916,0
16325,5,6,18546,350
16325,5,6,18176,420
16325,5,6,17436,490
16325,5,6,17066,560
16325,5,6,16326,630
16325,5,6,1,700
19280,5,6,21514,0
19280,5,6,21144,560
19280,5,6,20774,840
19280,5,6,20404,1050
19280,5,6,20034,1120
19280,5,6,19294,1190
19280,5,6,1,1260
16316,5,6,20766,0
16316,5,6,20026,420
16316,5,6,19656,490
16316,5,6,19286,560
16316,5,6,18546,630
16316,5,6,18176,700
16316,5,6,17436,770
16316,5,6,17066,840
16316,5,6,16696,910
16316,5,6,1,980
15579,5,6,18174,0
15579,5,6,17804,350
15579,5,6,17434,420
15579,5,6,16694,490
15579,5,6,16324,560
15579,5,6,15954,630
15579,5,6,1,700
17068,5,6,21138,0
17068,5,6,20768,560
17068,5,6,20028,840
17068,5,6,19658,910
17068,5,6,18918,980
17068,5,6,18548,1050
17068,5,6,18178,1120
17068,5,6,17438,1190
17068,5,6,17068,1260
17068,5,6,1,1330
17805,5,6,20400,0
17805,5,6,20030,350
17805,5,6,19660,420
17805,5,6,19290,490
17805,5,6,18550,560
17805,5,6,18180,630
17805,5,6,1,700
19651,5,6,21885,0
19651,5,6,21515,350
19651,5,6,21145,630
19651,5,6,20775,910
19651,5,6,20405,1120
19651,5,6,20035,1190
19651,5,6,1,1260
14841,5,6,17432,0
14841,5,6,17062,350
14841,5,6,16692,420
14841,5,6,15952,490
14841,5,6,15582,560
14841,5,6,14842,630
14841,5,6,1,700
21147,5,6,21889,0
21147,5,6,21519,350
21147,5,6,21149,630
21147,5,6,1,910
16687,5,6,20767,0
16687,5,6,20397,420
16687,5,6,20027,490
16687,5,6,19657,560
16687,5,6,18917,630
16687,5,6,18547,700
16687,5,6,17807,770
16687,5,6,17437,840
16687,5,6,17067,910
16687,5,6,1,980
13354,5,6,14468,0
13354,5,6,14098,350
13354,5,6,13728,420
13354,5,6,13358,490
13354,5,6,1,560
13723,5,6,14839,0
13723,5,6,14469,350
13723,5,6,14099,420
13723,5,6,13729,490
13723,5,6,1,560
20029,5,6,21146,0
20029,5,6,20776,490
20029,5,6,20036,770
20029,5,6,1,840
16696,5,6,19287,0
16696,5,6,18917,350
16696,5,6,18547,420
16696,5,6,17807,490
16696,5,6,17437,560
16696,5,6,16697,630
16696,5,6,1,700
20766,5,6,21518,0
20766,5,6,21148,490
20766,5,6,20778,700
20766,5,6,1,980
18536,5,6,21512,0
18536,5,6,21142,350
18536,5,6,20772,630
18536,5,6,20402,840
18536,5,6,20032,910
18536,5,6,19292,980
18536,5,6,18922,1050
18536,5,6,1,1120
15203,5,6,20023,0
15203,5,6,19653,350
15203,5,6,18913,420
15203,5,6,18543,490
15203,5,6,18173,560
15203,5,6,17433,630
15203,5,6,17063,700
15203,5,6,16323,770
15203,5,6,15953,840
15203,5,6,15583,910
15203,5,6,1,980
21509,5,6,22630,0
21509,5,6,22260,350
21509,5,6,21890,560
21509,5,6,21520,840
21509,5,6,1,1120
18913,5,6,21143,0
18913,5,6,20773,560
18913,5,6,20033,840
18913,5,6,19663,910
18913,5,6,18923,980
18913,5,6,1,1050
18545,5,6,20772,0
18545,5,6,20402,420
18545,5,6,20032,490
18545,5,6,19292,560
18545,5,6,18922,630
18545,5,6,1,700
1,6,7,1,0
21887,6,7,23371,0
21887,6,7,23001,350
21887,6,7,22631,630
21887,6,7,22261,840
21887,6,7,21891,1120
21887,6,7,1,1400
17807,6,7,20770,0
17807,6,7,20400,350
17807,6,7,20030,420
17807,6,7,19660,490
17807,6,7,18920,560
17807,6,7,18550,630
17807,6,7,17810,700
17807,6,7,1,770
15205,6,7,19653,0
15205,6,7,19283,350
15205,6,7,18543,420
15205,6,7,18173,490
15205,6,7,17433,560
15205,6,7,17063,630
15205,6,7,16693,700
15205,6,7,15953,770
15205,6,7,15583,840
15205,6,7,1,910
19284,6,7,21514,0
19284,6,7,21144,490
19284,6,7,20774,700
19284,6,7,20404,980
19284,6,7,19664,1050
19284,6,7,19294,1120
19284,6,7,1,1190
16320,6,7,19286,0
16320,6,7,18916,350
16320,6,7,18546,420
16320,6,7,17806,490
16320,6,7,17436,560
16320,6,7,16696,630
16320,6,7,16326,700
16320,6,7,1,770
19293,6,7,21144,0
19293,6,7,20774,420
19293,6,7,20034,700
19293,6,7,19664,770
19293,6,7,1,840
16682,6,7,21137,0
16682,6,7,20767,350
16682,6,7,20397,630
16682,6,7,19657,700
16682,6,7,19287,770
16682,6,7,18547,840
16682,6,7,18177,910
16682,6,7,17807,980
16682,6,7,17067,1050
16682,6,7,16697,1120
16682,6,7,1,1190
12612,6,7,14466,0
12612,6,7,14096,350
12612,6,7,13356,420
12612,6,7,12986,490
12612,6,7,1,560
13727,6,7,15209,0
13727,6,7,14839,350
13727,6,7,14469,420
13727,6,7,13729,490
13727,6,7,1,560
20395,6,7,21517,0
20395,6,7,21147,490
20395,6,7,20777,700
20395,6,7,20407,980
20395,6,7,1,1050
20404,6,7,21517,0
20404,6,7,21147,350
20404,6,7,20777,630
20404,6,7,20407,840
20404,6,7,1,910
21891,6,7,23371,0
21891,6,7,23001,490
21891,6,7,22631,770
21891,6,7,22261,980
21891,6,7,21891,1260
21891,6,7,1,1470
17793,6,7,21140,0
17793,6,7,20770,420
17793,6,7,20400,630
17793,6,7,20030,700
17793,6,7,19290,770
17793,6,7,18920,840
17793,6,7,18550,910
17793,6,7,17810,980
17793,6,7,1,1050
17802,6,7,20770,0
17802,6,7,20400,560
17802,6,7,19660,630
17802,6,7,19290,700
17802,6,7,18550,770
17802,6,7,18180,840
17802,6,7,17810,910
17802,6,7,1,980
14838,6,7,17802,0
14838,6,7,17432,350
14838,6,7,17062,420
14838,6,7,16322,490
14838,6,7,15952,560
14838,6,7,15212,630
14838,6,7,14842,700
14838,6,7,1,770
19279,6,7,21884,0
19279,6,7,21514,350
19279,6,7,21144,630
19279,6,7,20774,840
19279,6,7,20034,1120
19279,6,7,19664,1190
19279,6,7,19294,1260
19279,6,7,1,1330
15209,6,7,18173,0
15209,6,7,17803,350
15209,6,7,17433,420
15209,6,7,16693,490
15209,6,7,16323,560
15209,6,7,15583,630
15209,6,7,15213,700
15209,6,7,1,770
12245,6,7,18165,0
12245,6,7,17795,350
12245,6,7,17425,420
12245,6,7,16685,490
12245,6,7,16315,560
12245,6,7,15945,630
12245,6,7,15205,700
12245,6,7,14835,770
12245,6,7,14095,840
12245,6,7,13725,910
12245,6,7,13355,980
12245,6,7,12615,1050
12245,6,7,12245,1120
12245,6,7,1,1190
19288,6,7,21144,0
19288,6,7,20774,420
19288,6,7,20034,700
19288,6,7,19664,770
19288,6,7,19294,840
19288,6,7,1,910
16324,6,7,19286,0
16324,6,7,18916,350
16324,6,7,18176,420
16324,6,7,17806,490
16324,6,7,17436,560
16324,6,7,16696,630
16324,6,7,16326,700
16324,6,7,1,770
18922,6,7,20773,0
18922,6,7,20403,560
18922,6,7,19663,630
18922,6,7,19293,700
18922,6,7,18923,770
18922,6,7,1,840
17426,6,7,20769,0
17426,6,7,20399,420
17426,6,7,19659,490
17426,6,7,19289,560
17426,6,7,18549,630
17426,6,7,18179,700
17426,6,7,17809,770
17426,6,7,1,840
13356,6,7,14838,0
13356,6,7,14468,350
13356,6,7,14098,420
13356,6,7,13358,490
13356,6,7,1,560
20399,6,7,21517,0
20399,6,7,21147,560
20399,6,7,20777,770
20399,6,7,20407,1050
20399,6,7,1,1120
17435,6,7,20399,0
17435,6,7,20029,350
17435,6,7,19659,420
17435,6,7,18919,490
17435,6,7,18549,560
17435,6,7,17809,630
17435,6,7,17439,700
17435,6,7,1,770
21886,6,7,23001,0
21886,6,7,22631,490
21886,6,7,22261,700
21886,6,7,21891,980
21886,6,7,1,1190
17797,6,7,20770,0
17797,6,7,20030,490
17797,6,7,19660,560
17797,6,7,19290,630
17797,6,7,18550,700
17797,6,7,18180,770
17797,6,7,1,840
14833,6,7,19282,0
14833,6,7,18912,350
14833,6,7,18172,420
14833,6,7,17802,490
14833,6,7,17062,560
14833,6,7,16692,630
14833,6,7,16322,700
14833,6,7,15582,770
14833,6,7,15212,840
14833,6,7,1,910
17806,6,7,20770,0
17806,6,7,20400,350
17806,6,7,20030,420
17806,6,7,19290,490
17806,6,7,18920,560
17806,6,7,18180,630
17806,6,7,17810,700
17806,6,7,1,770
14842,6,7,20762,0
14842,6,7,20022,560
14842,6,7,19652,630
14842,6,7,19282,700
14842,6,7,18542,770
14842,6,7,18172,840
14842,6,7,17432,910
14842,6,7,17062,980
14842,6,7,16692,1050
14842,6,7,15952,1120
14842,6,7,15582,1190
14842,6,7,14842,1260
14842,6,7,1,1330
15204,6,7,19653,0
15204,6,7,19283,350
15204,6,7,18543,420
15204,6,7,18173,490
15204,6,7,17433,560
15204,6,7,17063,630
15204,6,7,16693,700
15204,6,7,15953,770
15204,6,7,15583,840
15204,6,7,1,910
20033,6,7,21146,0
20033,6,7,20776,560
20033,6,7,20406,770
20033,6,7,20036,840
20033,6,7,1,910
16319,6,7,19286,0
16319,6,7,18916,350
16319,6,7,18546,420
16319,6,7,17806,490
16319,6,7,17436,560
16319,6,7,16696,630
16319,6,7,16326,700
16319,6,7,1,770
18917,6,7,20773,0
18917,6,7,20403,560
18917,6,7,20033,630
18917,6,7,19293,700
18917,6,7,18923,770
18917,6,7,1,840
15953,6,7,18915,0
15953,6,7,18545,350
15953,6,7,17805,420
15953,6,7,17435,490
15953,6,7,17065,560
15953,6,7,16325,630
15953,6,7,15955,700
15953,6,7,1,770
20394,6,7,21517,0
20394,6,7,21147,490
20394,6,7,20777,700
20394,6,7,20407,980
20394,6,7,1,1050
17430,6,7,20769,0
17430,6,7,20399,490
17430,6,7,19659,560
17430,6,7,19289,630
17430,6,7,18919,700
17430,6,7,18179,770
17430,6,7,17809,840
17430,6,7,1,910
20403,6,7,21517,0
20403,6,7,21147,350
20403,6,7,20777,630
20403,6,7,20407,840
20403,6,7,1,910
17439,6,7,21509,0
17439,6,7,21139,420
17439,6,7,20769,630
17439,6,7,20029,910
17439,6,7,19659,980
17439,6,7,19289,1050
17439,6,7,18549,1120
17439,6,7,18179,1190
17439,6,7,17439,1260
17439,6,7,1,1330
17801,6,7,20770,0
17801,6,7,20400,560
17801,6,7,19660,630
17801,6,7,19290,700
17801,6,7,18550,770
17801,6,7,18180,840
17801,6,7,17810,910
17801,6,7,1,980
14837,6,7,17802,0
14837,6,7,17432,350
14837,6,7,17062,420
14837,6,7,16322,490
14837,6,7,15952,560
14837,6,7,15212,630
14837,6,7,14842,700
14837,6,7,1,770
20028,6,7,21516,0
20028,6,7,21146,490
20028,6,7,20776,770
20028,6,7,20406,980
20028,6,7,20036,1050
20028,6,7,1,1120
23001,6,7,24854,0
23001,6,7,24484,420
23001,6,7,24114,700
23001,6,7,23744,910
23001,6,7,23374,1190
23001,6,7,23004,1400
18912,6,7,21513,0
18912,6,7,21143,350
18912,6,7,20773,630
18912,6,7,20403,840
18912,6,7,20033,910
18912,6,7,19293,980
18912,6,7,18923,1050
18912,6,7,1,1120
15948,6,7,18915,0
15948,6,7,18545,350
15948,6,7,18175,420
15948,6,7,17435,490
15948,6,7,17065,560
15948,6,7,16325,630
15948,6,7,15955,700
15948,6,7,1,770
18921,6,7,20773,0
18921,6,7,20403,560
18921,6,7,20033,630
18921,6,7,19293,700
18921,6,7,18923,770
18921,6,7,1,840
13355,6,7,14838,0
13355,6,7,14468,350
13355,6,7,14098,420
13355,6,7,13728,490
13355,6,7,1,560
20398,6,7,21517,0
20398,6,7,21147,560
20398,6,7,20777,770
20398,6,7,20407,1050
20398,6,7,1,1120
17434,6,7,20399,0
17434,6,7,20029,350
17434,6,7,19659,420
17434,6,7,18919,490
17434,6,7,18549,560
17434,6,7,17809,630
17434,6,7,17439,700
17434,6,7,1,770
21510,6,7,22630,0
21510,6,7,22260,490
21510,6,7,21890,700
21510,6,7,21520,980
21510,6,7,1,1190
21519,6,7,22260,0
21519,6,7,21890,420
21519,6,7,21520,700
21519,6,7,1,910
20023,6,7,21516,0
20023,6,7,21146,420
20023,6,7,20776,630
20023,6,7,20406,910
20023,6,7,1,980
20032,6,7,21146,0
20032,6,7,20776,560
20032,6,7,20406,770
20032,6,7,20036,840
20032,6,7,1,910
18907,6,7,21513,0
18907,6,7,21143,490
18907,6,7,20773,770
18907,6,7,20403,980
18907,6,7,20033,1050
18907,6,7,19293,1120
18907,6,7,18923,1190
18907,6,7,1,1260
15943,6,7,19655,0
15943,6,7,19285,350
15943,6,7,18915,420
15943,6,7,18175,490
15943,6,7,17805,560
15943,6,7,17065,630
15943,6,7,16695,700
15943,6,7,16325,770
15943,6,7,1,840
11873,6,7,14094,0
11873,6,7,13724,350
11873,6,7,12984,420
11873,6,7,12614,490
11873,6,7,11874,560
11873,6,7,1,630
18916,6,7,20773,0
18916,6,7,20403,560
18916,6,7,20033,630
18916,6,7,19293,700
18916,6,7,18923,770
18916,6,7,1,840
15952,6,7,18915,0
15952,6,7,18545,350
15952,6,7,18175,420
15952,6,7,17435,490
15952,6,7,17065,560
15952,6,7,16695,630
15952,6,7,15955,700
15952,6,7,1,770
20393,6,7,21887,0
20393,6,7,21517,560
20393,6,7,21147,770
20393,6,7,20777,1050
20393,6,7,20407,1260
20393,6,7,1,1330
17429,6,7,21139,0
17429,6,7,20769,350
17429,6,7,20399,560
17429,6,7,20029,630
17429,6,7,19659,700
17429,6,7,18919,770
17429,6,7,18549,840
17429,6,7,17809,910
17429,6,7,17439,980
17429,6,7,1,1050
17438,6,7,20399,0
17438,6,7,20029,350
17438,6,7,19289,420
17438,6,7,18919,490
17438,6,7,18549,560
17438,6,7,17809,630
17438,6,7,17439,700
17438,6,7,1,770
18541,6,7,21142,0
18541,6,7,20772,490
18541,6,7,20032,770
18541,6,7,19662,840
18541,6,7,19292,910
18541,6,7,18552,980
18541,6,7,1,1050
21514,6,7,23000,0
21514,6,7,22630,350
21514,6,7,22260,630
21514,6,7,21890,840
21514,6,7,21520,1120
21514,6,7,1,1330
18550,6,7,20772,0
18550,6,7,20032,490
18550,6,7,19662,560
18550,6,7,18922,630
18550,6,7,18552,700
18550,6,7,1,770
22629,6,7,24483,0
22629,6,7,24113,420
22629,6,7,23743,700
22629,6,7,23373,910
22629,6,7,23003,1190
22629,6,7,22633,1400
14470,6,7,15951,0
14470,6,7,15581,350
14470,6,7,15211,420
14470,6,7,14471,490
14470,6,7,1,560
20027,6,7,21516,0
20027,6,7,21146,490
20027,6,7,20776,770
20027,6,7,20406,980
20027,6,7,20036,1050
20027,6,7,1,1120
20036,6,7,22256,0
20036,6,7,21886,350
20036,6,7,21516,630
20036,6,7,21146,840
20036,6,7,20776,1120
20036,6,7,20036,1400
20036,6,7,1,1470
15947,6,7,20395,0
15947,6,7,20025,350
15947,6,7,19285,420
15947,6,7,18915,490
15947,6,7,18175,560
15947,6,7,17805,630
15947,6,7,17435,700
15947,6,7,16695,770
15947,6,7,16325,840
15947,6,7,1,910
18920,6,7,20773,0
18920,6,7,20403,560
18920,6,7,20033,630
18920,6,7,19293,700
18920,6,7,18923,770
18920,6,7,1,840
12983,6,7,14837,0
12983,6,7,14467,350
12983,6,7,13727,420
12983,6,7,13357,490
12983,6,7,1,560
17068,6,7,21508,0
17068,6,7,21138,350
17068,6,7,20768,560
17068,6,7,20398,840
17068,6,7,19658,910
17068,6,7,19288,980
17068,6,7,18918,1050
17068,6,7,18178,1120
17068,6,7,17808,1190
17068,6,7,17068,1260
17068,6,7,1,1330
21147,6,7,21889,0
21147,6,7,21519,420
21147,6,7,21149,700
21147,6,7,1,910
18536,6,7,21512,0
18536,6,7,21142,420
18536,6,7,20772,630
18536,6,7,20032,910
18536,6,7,19662,980
18536,6,7,19292,1050
18536,6,7,18552,1120
18536,6,7,1,1190
21509,6,7,22630,0
21509,6,7,22260,350
21509,6,7,21890,630
21509,6,7,21520,910
21509,6,7,1,1120
18545,6,7,20772,0
18545,6,7,20032,490
18545,6,7,19662,560
18545,6,7,19292,630
18545,6,7,18552,700
18545,6,7,1,770
21518,6,7,22630,0
21518,6,7,22260,490
21518,6,7,21890,700
21518,6,7,21520,980
21518,6,7,1,1260
15581,6,7,18544,0
15581,6,7,18174,350
15581,6,7,17804,420
15581,6,7,17064,490
15581,6,7,16694,560
15581,6,7,16324,630
15581,6,7,15584,700
15581,6,7,1,770
14465,6,7,15951,0
14465,6,7,15581,350
14465,6,7,15211,420
14465,6,7,14471,490
14465,6,7,1,560
20022,6,7,21886,0
20022,6,7,21516,490
20022,6,7,21146,700
20022,6,7,20776,980
20022,6,7,20406,1190
20022,6,7,20036,1260
20022,6,7,1,1330
20031,6,7,21146,0
20031,6,7,20776,560
20031,6,7,20406,770
20031,6,7,20036,840
20031,6,7,1,910
15942,6,7,19655,0
15942,6,7,19285,350
15942,6,7,18915,420
15942,6,7,18175,490
15942,6,7,17805,560
15942,6,7,17065,630
15942,6,7,16695,700
15942,6,7,16325,770
15942,6,7,1,840
11872,6,7,14094,0
11872,6,7,13724,350
11872,6,7,13354,420
11872,6,7,12614,490
11872,6,7,12244,560
11872,6,7,1,630
15951,6,7,18915,0
15951,6,7,18545,350
15951,6,7,18175,420
15951,6,7,17435,490
15951,6,7,17065,560
15951,6,7,16325,630
15951,6,7,15955,700
15951,6,7,1,770
12987,6,7,18907,0
12987,6,7,18537,350
12987,6,7,18167,420
12987,6,7,17427,490
12987,6,7,17057,560
12987,6,7,16687,630
12987,6,7,15947,700
12987,6,7,15577,770
12987,6,7,14837,840
12987,6,7,14467,910
12987,6,7,14097,980
12987,6,7,13357,1050
12987,6,7,12987,1120
12987,6,7,1,1190
17063,6,7,20028,0
17063,6,7,19658,350
17063,6,7,19288,420
17063,6,7,18548,490
17063,6,7,18178,560
17063,6,7,17438,630
17063,6,7,17068,700
17063,6,7,1,770
21142,6,7,22259,0
21142,6,7,21889,490
21142,6,7,21519,700
21142,6,7,21149,980
21142,6,7,1,1190
18178,6,7,20771,0
18178,6,7,20401,420
18178,6,7,20031,490
18178,6,7,19291,560
18178,6,7,18921,630
18178,6,7,18181,700
18178,6,7,1,770
21513,6,7,23000,0
21513,6,7,22630,350
21513,6,7,22260,630
21513,6,7,21890,840
21513,6,7,21520,1120
21513,6,7,1,1330
15576,6,7,20024,0
15576,6,7,19654,350
15576,6,7,18914,420
15576,6,7,18544,490
15576,6,7,17804,560
15576,6,7,17434,630
15576,6,7,17064,700
15576,6,7,16324,770
15576,6,7,15954,840
15576,6,7,1,910
18549,6,7,20772,0
18549,6,7,20402,490
18549,6,7,19662,560
18549,6,7,19292,630
18549,6,7,18552,700
18549,6,7,1,770
14469,6,7,15951,0
14469,6,7,15581,350
14469,6,7,15211,420
14469,6,7,14471,490
14469,6,7,1,560
20026,6,7,21886,0
20026,6,7,21516,350
20026,6,7,21146,560
20026,6,7,20776,840
20026,6,7,20036,1120
20026,6,7,1,1190
19660,6,7,21145,0
19660,6,7,20775,490
19660,6,7,20035,770
19660,6,7,19665,840
19660,6,7,1,910
15946,6,7,20395,0
15946,6,7,20025,350
15946,6,7,19285,420
15946,6,7,18915,490
15946,6,7,18175,560
15946,6,7,17805,630
15946,6,7,17435,700
15946,6,7,16695,770
15946,6,7,16325,840
15946,6,7,1,910
20775,6,7,21518,0
20775,6,7,21148,420
20775,6,7,20778,630
20775,6,7,1,910
12982,6,7,14837,0
12982,6,7,14467,350
12982,6,7,13727,420
12982,6,7,13357,490
12982,6,7,12987,560
12982,6,7,1,630
17058,6,7,20768,0
17058,6,7,20028,560
17058,6,7,19658,630
17058,6,7,19288,700
17058,6,7,18548,770
17058,6,7,18178,840
17058,6,7,17438,910
17058,6,7,17068,980
17058,6,7,1,1050
18164,6,7,21141,0
18164,6,7,20771,420
18164,6,7,20401,700
18164,6,7,19661,770
18164,6,7,19291,840
18164,6,7,18921,910
18164,6,7,18181,980
18164,6,7,1,1050
14094,6,7,15580,0
14094,6,7,15210,350
14094,6,7,14840,420
14094,6,7,14100,490
14094,6,7,1,560
17067,6,7,20028,0
17067,6,7,19658,350
17067,6,7,18918,420
17067,6,7,18548,490
17067,6,7,18178,560
17067,6,7,17438,630
17067,6,7,17068,700
17067,6,7,1,770
21137,6,7,22629,0
21137,6,7,22259,350
21137,6,7,21889,630
21137,6,7,21519,840
21137,6,7,21149,1120
21137,6,7,1,1330
18173,6,7,21141,0
18173,6,7,20771,350
18173,6,7,20031,630
18173,6,7,19661,700
18173,6,7,18921,770
18173,6,7,18551,840
18173,6,7,18181,910
18173,6,7,1,980
21146,6,7,21889,0
21146,6,7,21519,420
21146,6,7,21149,700
21146,6,7,1,910
18544,6,7,21142,0
18544,6,7,20772,420
18544,6,7,20402,630
18544,6,7,20032,700
18544,6,7,19292,770
18544,6,7,18922,840
18544,6,7,18552,910
18544,6,7,1,980
15580,6,7,18544,0
15580,6,7,18174,350
15580,6,7,17804,420
15580,6,7,17064,490
15580,6,7,16694,560
15580,6,7,15954,630
15580,6,7,15584,700
15580,6,7,1,770
22257,6,7,24112,0
22257,6,7,23742,420
22257,6,7,23372,630
22257,6,7,23002,910
22257,6,7,22632,1120
22257,6,7,22262,1400
14464,6,7,15951,0
14464,6,7,15581,350
14464,6,7,15211,420
14464,6,7,14471,490
14464,6,7,1,560
19655,6,7,21515,0
19655,6,7,21145,560
19655,6,7,20775,770
19655,6,7,20405,1050
19655,6,7,19665,1120
19655,6,7,1,1190
16691,6,7,19657,0
16691,6,7,19287,350
16691,6,7,18917,420
16691,6,7,18177,490
16691,6,7,17807,560
16691,6,7,17067,630
16691,6,7,16697,700
16691,6,7,1,770
19664,6,7,21145,0
19664,6,7,20775,490
19664,6,7,20405,700
19664,6,7,20035,770
19664,6,7,19665,840
19664,6,7,1,910
20770,6,7,21888,0
20770,6,7,21518,350
20770,6,7,21148,630
20770,6,7,20778,840
20770,6,7,1,1120
17053,6,7,21138,0
17053,6,7,20768,420
17053,6,7,20028,700
17053,6,7,19658,770
17053,6,7,18918,840
17053,6,7,18548,910
17053,6,7,18178,980
17053,6,7,17438,1050
17053,6,7,17068,1120
17053,6,7,1,1190
17062,6,7,20028,0
17062,6,7,19658,350
17062,6,7,19288,420
17062,6,7,18548,490
17062,6,7,18178,560
17062,6,7,17438,630
17062,6,7,17068,700
17062,6,7,1,770
14098,6,7,15580,0
14098,6,7,15210,350
14098,6,7,14840,420
14098,6,7,14100,490
14098,6,7,1,560
18168,6,7,20771,0
18168,6,7,20401,490
18168,6,7,20031,560
18168,6,7,19661,630
18168,6,7,18921,700
18168,6,7,18551,770
18168,6,7,1,840
21141,6,7,21889,0
21141,6,7,21519,560
21141,6,7,21149,770
21141,6,7,1,1050
18177,6,7,20771,0
18177,6,7,20401,420
18177,6,7,19661,490
18177,6,7,19291,560
18177,6,7,18921,630
18177,6,7,18181,700
18177,6,7,1,770
18539,6,7,20772,0
18539,6,7,20402,560
18539,6,7,20032,630
18539,6,7,19292,700
18539,6,7,18922,770
18539,6,7,1,840
15575,6,7,20024,0
15575,6,7,19654,350
15575,6,7,18914,420
15575,6,7,18544,490
15575,6,7,17804,560
15575,6,7,17434,630
15575,6,7,17064,700
15575,6,7,16324,770
15575,6,7,15954,840
15575,6,7,1,910
15584,6,7,21134,0
15584,6,7,20764,420
15584,6,7,20394,630
15584,6,7,20024,700
15584,6,7,19284,770
15584,6,7,18914,840
15584,6,7,18174,910
15584,6,7,17804,980
15584,6,7,17434,1050
15584,6,7,16694,1120
15584,6,7,16324,1190
15584,6,7,15584,1260
15584,6,7,1,1330
22261,6,7,23002,0
22261,6,7,22632,560
22261,6,7,22262,840
22261,6,7,1,1050
19650,6,7,21885,0
19650,6,7,21515,420
19650,6,7,21145,700
19650,6,7,20775,910
19650,6,7,20035,1190
19650,6,7,19665,1260
19650,6,7,1,1330
12616,6,7,18536,0
12616,6,7,18166,350
12616,6,7,17796,420
12616,6,7,17056,490
12616,6,7,16686,560
12616,6,7,16316,630
12616,6,7,15576,700
12616,6,7,15206,770
12616,6,7,14466,840
12616,6,7,14096,910
12616,6,7,13726,980
12616,6,7,12986,1050
12616,6,7,12616,1120
12616,6,7,1,1190
19659,6,7,21145,0
19659,6,7,20775,490
19659,6,7,20035,770
19659,6,7,19665,840
19659,6,7,1,910
16695,6,7,19657,0
16695,6,7,19287,350
16695,6,7,18547,420
16695,6,7,18177,490
16695,6,7,17807,560
16695,6,7,17067,630
16695,6,7,16697,700
16695,6,7,1,770
20765,6,7,21518,0
20765,6,7,21148,490
20765,6,7,20778,770
20765,6,7,1,1050
20774,6,7,21518,0
20774,6,7,21148,420
20774,6,7,20778,630
20774,6,7,1,910
17066,6,7,20028,0
17066,6,7,19658,350
17066,6,7,18918,420
17066,6,7,18548,490
17066,6,7,18178,560
17066,6,7,17438,630
17066,6,7,17068,700
17066,6,7,1,770
21136,6,7,22259,0
21136,6,7,21889,490
21136,6,7,21519,700
21136,6,7,21149,980
21136,6,7,1,1190
18181,6,7,21511,0
18181,6,7,21141,490
18181,6,7,20771,770
18181,6,7,20401,980
18181,6,7,20031,1050
18181,6,7,19291,1120
18181,6,7,18921,1190
18181,6,7,18551,1260
18181,6,7,1,1330
15213,6,7,21133,0
15213,6,7,20763,350
15213,6,7,20393,560
15213,6,7,20023,630
15213,6,7,19653,700
15213,6,7,18913,770
15213,6,7,18543,840
15213,6,7,17803,910
15213,6,7,17433,980
15213,6,7,17063,1050
15213,6,7,16323,1120
15213,6,7,15953,1190
15213,6,7,15213,1260
15213,6,7,1,1330
19283,6,7,21514,0
19283,6,7,21144,490
19283,6,7,20774,700
19283,6,7,20404,980
19283,6,7,19664,1050
19283,6,7,19294,1120
19283,6,7,1,1190
22256,6,7,24112,0
22256,6,7,23742,560
22256,6,7,23372,840
22256,6,7,23002,1050
22256,6,7,22632,1330
19292,6,7,21144,0
19292,6,7,20774,420
19292,6,7,20034,700
19292,6,7,19664,770
19292,6,7,1,840
19654,6,7,21515,0
19654,6,7,21145,560
19654,6,7,20775,770
19654,6,7,20405,1050
19654,6,7,19665,1120
19654,6,7,1,1190
16690,6,7,19657,0
16690,6,7,19287,350
16690,6,7,18917,420
16690,6,7,18177,490
16690,6,7,17807,560
16690,6,7,17067,630
16690,6,7,16697,700
16690,6,7,1,770
19663,6,7,21145,0
19663,6,7,20775,490
19663,6,7,20405,700
19663,6,7,20035,770
19663,6,7,19665,840
19663,6,7,1,910
13726,6,7,15209,0
13726,6,7,14839,350
13726,6,7,14469,420
13726,6,7,14099,490
13726,6,7,1,560
20769,6,7,21888,0
20769,6,7,21518,350
20769,6,7,21148,630
20769,6,7,20778,840
20769,6,7,1,1120
20778,6,7,22258,0
20778,6,7,21888,490
20778,6,7,21518,700
20778,6,7,21148,980
20778,6,7,20778,1190
20778,6,7,1,1470
17052,6,7,21138,0
17052,6,7,20768,420
17052,6,7,20028,700
17052,6,7,19658,770
17052,6,7,19288,840
17052,6,7,18548,910
17052,6,7,18178,980
17052,6,7,17438,1050
17052,6,7,17068,1120
17052,6,7,1,1190
17061,6,7,20028,0
17061,6,7,19658,350
17061,6,7,19288,420
17061,6,7,18548,490
17061,6,7,18178,560
17061,6,7,17438,630
17061,6,7,17068,700
17061,6,7,1,770
21890,6,7,22631,0
21890,6,7,22261,420
21890,6,7,21891,700
21890,6,7,1,910
14097,6,7,15580,0
14097,6,7,15210,350
14097,6,7,14840,420
14097,6,7,14470,490
14097,6,7,1,560
18176,6,7,20771,0
18176,6,7,20401,420
18176,6,7,19661,490
18176,6,7,19291,560
18176,6,7,18921,630
18176,6,7,18181,700
18176,6,7,1,770
17810,6,7,21510,0
17810,6,7,21140,420
17810,6,7,20770,700
17810,6,7,20400,910
17810,6,7,20030,980
17810,6,7,19660,1050
17810,6,7,18920,1120
17810,6,7,18550,1190
17810,6,7,17810,1260
17810,6,7,1,1330
16314,6,7,20026,0
16314,6,7,19656,350
16314,6,7,19286,420
16314,6,7,18546,490
16314,6,7,18176,560
16314,6,7,17436,630
16314,6,7,17066,700
16314,6,7,16696,770
16314,6,7,1,840
19287,6,7,21144,0
19287,6,7,20774,420
19287,6,7,20034,700
19287,6,7,19664,770
19287,6,7,19294,840
19287,6,7,1,910
22260,6,7,23742,0
22260,6,7,23372,350
22260,6,7,23002,630
22260,6,7,22632,840
22260,6,7,22262,1120
22260,6,7,1,1330
16323,6,7,19286,0
16323,6,7,18916,350
16323,6,7,18546,420
16323,6,7,17806,490
16323,6,7,17436,560
16323,6,7,17066,630
16323,6,7,16326,700
16323,6,7,1,770
12615,6,7,14096,0
12615,6,7,13726,350
12615,6,7,13356,420
12615,6,7,12986,490
12615,6,7,1,560
16685,6,7,20397,0
16685,6,7,20027,350
16685,6,7,19657,420
16685,6,7,18917,490
16685,6,7,18547,560
16685,6,7,17807,630
16685,6,7,17437,700
16685,6,7,17067,770
16685,6,7,1,840
19658,6,7,21145,0
19658,6,7,20775,490
19658,6,7,20035,770
19658,6,7,19665,840
19658,6,7,1,910
16694,6,7,19657,0
16694,6,7,19287,350
16694,6,7,18917,420
16694,6,7,18177,490
16694,6,7,17807,560
16694,6,7,17437,630
16694,6,7,16697,700
16694,6,7,1,770
20764,6,7,21888,0
20764,6,7,21518,560
20764,6,7,21148,840
20764,6,7,20778,1050
20764,6,7,1,1330
20773,6,7,21518,0
20773,6,7,21148,420
20773,6,7,20778,630
20773,6,7,1,910
20407,6,7,22257,0
20407,6,7,21887,420
20407,6,7,21517,700
20407,6,7,21147,910
20407,6,7,20777,1190
20407,6,7,20407,1400
20407,6,7,1,1470
21885,6,7,23001,0
21885,6,7,22631,490
21885,6,7,22261,700
21885,6,7,21891,980
21885,6,7,1,1190
14092,6,7,17060,0
14092,6,7,16690,350
14092,6,7,15950,420
14092,6,7,15580,490
14092,6,7,15210,560
14092,6,7,14470,630
14092,6,7,14100,700
14092,6,7,1,770
17805,6,7,20770,0
17805,6,7,20400,350
17805,6,7,20030,420
17805,6,7,19290,490
17805,6,7,18920,560
17805,6,7,18550,630
17805,6,7,17810,700
17805,6,7,1,770
14841,6,7,17802,0
14841,6,7,17432,350
14841,6,7,16692,420
14841,6,7,16322,490
14841,6,7,15952,560
14841,6,7,15212,630
14841,6,7,14842,700
14841,6,7,1,770
15203,6,7,20393,0
15203,6,7,20023,350
15203,6,7,19283,420
15203,6,7,18913,490
15203,6,7,18173,560
15203,6,7,17803,630
15203,6,7,17433,700
15203,6,7,16693,770
15203,6,7,16323,840
15203,6,7,15583,910
15203,6,7,15213,980
15203,6,7,1,1050
15212,6,7,18173,0
15212,6,7,17803,350
15212,6,7,17063,420
15212,6,7,16693,490
15212,6,7,16323,560
15212,6,7,15583,630
15212,6,7,15213,700
15212,6,7,1,770
19282,6,7,21144,0
19282,6,7,20774,560
19282,6,7,20404,770
19282,6,7,20034,840
19282,6,7,19664,910
19282,6,7,1,980
19291,6,7,21144,0
19291,6,7,20774,420
19291,6,7,20404,700
19291,6,7,19664,770
19291,6,7,19294,840
19291,6,7,1,910
13725,6,7,15209,0
13725,6,7,14839,350
13725,6,7,14469,420
13725,6,7,13729,490
13725,6,7,1,560
20402,6,7,21517,0
20402,6,7,21147,350
20402,6,7,20777,630
20402,6,7,20407,840
20402,6,7,1,910
21889,6,7,23001,0
21889,6,7,22631,490
21889,6,7,22261,700
21889,6,7,21891,980
21889,6,7,1,1260
17800,6,7,21140,0
17800,6,7,20770,420
17800,6,7,20400,630
17800,6,7,20030,700
17800,6,7,19290,770
17800,6,7,18920,840
17800,6,7,18550,910
17800,6,7,17810,980
17800,6,7,1,1050
14836,6,7,17802,0
14836,6,7,17432,350
14836,6,7,17062,420
14836,6,7,16322,490
14836,6,7,15952,560
14836,6,7,15212,630
14836,6,7,14842,700
14836,6,7,1,770
17809,6,7,20770,0
17809,6,7,20400,350
17809,6,7,20030,420
17809,6,7,19290,490
17809,6,7,18920,560
17809,6,7,18180,630
17809,6,7,17810,700
17809,6,7,1,770
15207,6,7,18173,0
15207,6,7,17803,350
15207,6,7,17433,420
15207,6,7,16693,490
15207,6,7,16323,560
15207,6,7,15583,630
15207,6,7,15213,700
15207,6,7,1,770
16313,6,7,20026,0
16313,6,7,19656,350
16313,6,7,19286,420
16313,6,7,18546,490
16313,6,7,18176,560
16313,6,7,17436,630
16313,6,7,17066,700
16313,6,7,16696,770
16313,6,7,1,840
12243,6,7,14095,0
12243,6,7,13725,350
12243,6,7,12985,420
12243,6,7,12615,490
12243,6,7,1,560
19286,6,7,21514,0
19286,6,7,21144,350
19286,6,7,20774,630
19286,6,7,20034,910
19286,6,7,19664,980
19286,6,7,1,1050
16322,6,7,19286,0
16322,6,7,18916,350
16322,6,7,18546,420
16322,6,7,17806,490
16322,6,7,17436,560
16322,6,7,16696,630
16322,6,7,16326,700
16322,6,7,1,770
16684,6,7,20397,0
16684,6,7,20027,350
16684,6,7,19657,420
16684,6,7,18917,490
16684,6,7,18547,560
16684,6,7,17807,630
16684,6,7,17437,700
16684,6,7,17067,770
16684,6,7,1,840
20397,6,7,21887,0
20397,6,7,21517,420
20397,6,7,21147,630
20397,6,7,20777,910
20397,6,7,20407,1120
20397,6,7,1,1190
17433,6,7,20399,0
17433,6,7,20029,350
17433,6,7,19659,420
17433,6,7,18919,490
17433,6,7,18549,560
17433,6,7,17809,630
17433,6,7,17439,700
17433,6,7,1,770
20406,6,7,21147,0
20406,6,7,20777,560
20406,6,7,20407,840
20406,6,7,1,910
21884,6,7,23001,0
21884,6,7,22631,350
21884,6,7,22261,630
21884,6,7,21891,910
21884,6,7,1,1120
17795,6,7,21140,0
17795,6,7,20770,490
17795,6,7,20400,770
17795,6,7,19660,840
17795,6,7,19290,910
17795,6,7,18920,980
17795,6,7,18180,1050
17795,6,7,17810,1120
17795,6,7,1,1190
17804,6,7,20770,0
17804,6,7,20400,350
17804,6,7,20030,420
17804,6,7,19290,490
17804,6,7,18920,560
17804,6,7,18550,630
17804,6,7,17810,700
17804,6,7,1,770
14840,6,7,17802,0
14840,6,7,17432,350
14840,6,7,16692,420
14840,6,7,16322,490
14840,6,7,15952,560
14840,6,7,15212,630
14840,6,7,14842,700
14840,6,7,1,770
15202,6,7,20393,0
15202,6,7,20023,350
15202,6,7,19283,420
15202,6,7,18913,490
15202,6,7,18173,560
15202,6,7,17803,630
15202,6,7,17433,700
15202,6,7,16693,770
15202,6,7,16323,840
15202,6,7,15583,910
15202,6,7,15213,980
15202,6,7,1,1050
15211,6,7,18173,0
15211,6,7,17803,350
15211,6,7,17063,420
15211,6,7,16693,490
15211,6,7,16323,560
15211,6,7,15583,630
15211,6,7,15213,700
15211,6,7,1,770
19281,6,7,21144,0
19281,6,7,20774,560
19281,6,7,20404,770
19281,6,7,20034,840
19281,6,7,19664,910
19281,6,7,1,980
16317,6,7,20766,0
16317,6,7,20396,350
16317,6,7,19656,420
16317,6,7,19286,490
16317,6,7,18546,560
16317,6,7,18176,630
16317,6,7,17806,700
16317,6,7,17066,770
16317,6,7,16696,840
16317,6,7,1,910
16326,6,7,21136,0
16326,6,7,20766,490
16326,6,7,20026,770
16326,6,7,19656,840
16326,6,7,18916,910
16326,6,7,18546,980
16326,6,7,18176,1050
16326,6,7,17436,1120
16326,6,7,17066,1190
16326,6,7,16326,1260
16326,6,7,1,1330
18915,6,7,21143,0
18915,6,7,20773,490
18915,6,7,20033,770
18915,6,7,19663,840
18915,6,7,19293,910
18915,6,7,1,980
20392,6,7,21887,0
20392,6,7,21517,560
20392,6,7,21147,770
20392,6,7,20777,1050
20392,6,7,20407,1260
20392,6,7,1,1330
17428,6,7,21139,0
17428,6,7,20769,350
17428,6,7,20399,560
17428,6,7,20029,630
17428,6,7,19659,700
17428,6,7,18919,770
17428,6,7,18549,840
17428,6,7,17809,910
17428,6,7,17439,980
17428,6,7,1,1050
13358,6,7,19278,0
13358,6,7,18908,350
13358,6,7,18168,420
13358,6,7,17798,490
13358,6,7,17428,560
13358,6,7,16688,630
13358,6,7,16318,700
13358,6,7,15578,770
13358,6,7,15208,840
13358,6,7,14838,910
13358,6,7,14098,980
13358,6,7,13728,1050
13358,6,7,1,1120
20401,6,7,21517,0
20401,6,7,21147,350
20401,6,7,20777,630
20401,6,7,20407,840
20401,6,7,1,910
17437,6,7,20399,0
17437,6,7,20029,350
17437,6,7,19289,420
17437,6,7,18919,490
17437,6,7,18549,560
17437,6,7,17809,630
17437,6,7,17439,700
17437,6,7,1,770
21888,6,7,23371,0
21888,6,7,23001,350
21888,6,7,22631,630
21888,6,7,22261,840
21888,6,7,21891,1120
21888,6,7,1,1330
17799,6,7,21140,0
17799,6,7,20770,420
17799,6,7,20400,630
17799,6,7,20030,700
17799,6,7,19290,770
17799,6,7,18920,840
17799,6,7,18180,910
17799,6,7,17810,980
17799,6,7,1,1050
17808,6,7,20770,0
17808,6,7,20400,350
17808,6,7,20030,420
17808,6,7,19290,490
17808,6,7,18920,560
17808,6,7,18180,630
17808,6,7,17810,700
17808,6,7,1,770
20035,6,7,21146,0
20035,6,7,20776,560
20035,6,7,20406,770
20035,6,7,20036,840
20035,6,7,1,910
18910,6,7,21143,0
18910,6,7,20773,420
18910,6,7,20033,700
18910,6,7,19663,770
18910,6,7,18923,840
18910,6,7,1,910
18919,6,7,20773,0
18919,6,7,20403,560
18919,6,7,20033,630
18919,6,7,19293,700
18919,6,7,18923,770
18919,6,7,1,840
15955,6,7,21135,0
15955,6,7,20765,420
15955,6,7,20395,700
15955,6,7,19655,770
15955,6,7,19285,840
15955,6,7,18545,910
15955,6,7,18175,980
15955,6,7,17805,1050
15955,6,7,17065,1120
15955,6,7,16695,1190
15955,6,7,15955,1260
15955,6,7,1,1330
17423,6,7,21139,0
17423,6,7,20769,490
17423,6,7,20399,700
17423,6,7,20029,770
17423,6,7,19659,840
17423,6,7,18919,910
17423,6,7,18549,980
17423,6,7,17809,1050
17423,6,7,17439,1120
17423,6,7,1,1190
13353,6,7,14838,0
13353,6,7,14468,350
13353,6,7,14098,420
13353,6,7,13358,490
13353,6,7,1,560
20396,6,7,21887,0
20396,6,7,21517,420
20396,6,7,21147,630
20396,6,7,20777,910
20396,6,7,20407,1120
20396,6,7,1,1190
17432,6,7,20399,0
17432,6,7,20029,350
17432,6,7,19659,420
17432,6,7,18919,490
17432,6,7,18549,560
17432,6,7,17809,630
17432,6,7,17439,700
17432,6,7,1,770
20405,6,7,21517,0
20405,6,7,21147,350
20405,6,7,20777,560
20405,6,7,20407,840
20405,6,7,1,910
21517,6,7,22630,0
21517,6,7,22260,490
21517,6,7,21890,700
21517,6,7,21520,980
21517,6,7,1,1260
17794,6,7,21140,0
17794,6,7,20770,560
17794,6,7,20400,770
17794,6,7,20030,840
17794,6,7,19290,910
17794,6,7,18920,980
17794,6,7,18550,1050
17794,6,7,17810,1120
17794,6,7,1,1190
14839,6,7,17802,0
14839,6,7,17432,350
14839,6,7,17062,420
14839,6,7,16322,490
14839,6,7,15952,560
14839,6,7,15582,630
14839,6,7,14842,700
14839,6,7,1,770
20021,6,7,21886,0
20021,6,7,21516,490
20021,6,7,21146,700
20021,6,7,20776,980
20021,6,7,20406,1190
20021,6,7,20036,1260
20021,6,7,1,1330
20030,6,7,21146,0
20030,6,7,20776,560
20030,6,7,20406,770
20030,6,7,20036,840
20030,6,7,1,910
18914,6,7,21143,0
18914,6,7,20773,490
18914,6,7,20033,770
18914,6,7,19663,840
18914,6,7,19293,910
18914,6,7,1,980
18923,6,7,21883,0
18923,6,7,21513,420
18923,6,7,21143,630
18923,6,7,20773,910
18923,6,7,20403,1120
18923,6,7,20033,1190
18923,6,7,19663,1260
18923,6,7,18923,1330
18923,6,7,1,1400
12986,6,7,14467,0
12986,6,7,14097,350
12986,6,7,13727,420
12986,6,7,13357,490
12986,6,7,1,560
13357,6,7,14838,0
13357,6,7,14468,350
13357,6,7,14098,420
13357,6,7,13358,490
13357,6,7,1,560
17427,6,7,20769,0
17427,6,7,20399,420
17427,6,7,19659,490
17427,6,7,19289,560
17427,6,7,18549,630
17427,6,7,18179,700
17427,6,7,17809,770
17427,6,7,1,840
20400,6,7,21517,0
20400,6,7,21147,350
20400,6,7,20777,630
20400,6,7,20407,840
20400,6,7,1,910
17436,6,7,20399,0
17436,6,7,20029,350
17436,6,7,19659,420
17436,6,7,18919,490
17436,6,7,18549,560
17436,6,7,18179,630
17436,6,7,17439,700
17436,6,7,1,770
21512,6,7,23000,0
21512,6,7,22630,350
21512,6,7,22260,630
21512,6,7,21890,840
21512,6,7,21520,1120
21512,6,7,1,1400
18548,6,7,20772,0
18548,6,7,20032,490
18548,6,7,19662,560
18548,6,7,19292,630
18548,6,7,18552,700
18548,6,7,1,770
14468,6,7,15951,0
14468,6,7,15581,350
14468,6,7,15211,420
14468,6,7,14841,490
14468,6,7,1,560
20025,6,7,21886,0
20025,6,7,21516,350
20025,6,7,21146,560
20025,6,7,20776,840
20025,6,7,20036,1120
20025,6,7,1,1190
20034,6,7,21146,0
20034,6,7,20776,560
20034,6,7,20406,770
20034,6,7,20036,840
20034,6,7,1,910
18909,6,7,21513,0
18909,6,7,21143,490
18909,6,7,20773,700
18909,6,7,20403,980
18909,6,7,19663,1050
18909,6,7,19293,1120
18909,6,7,18923,1190
18909,6,7,1,1260
15945,6,7,20765,0
15945,6,7,20025,420
15945,6,7,19655,490
15945,6,7,18915,560
15945,6,7,18545,630
15945,6,7,18175,700
15945,6,7,17435,770
15945,6,7,17065,840
15945,6,7,16325,910
15945,6,7,15955,980
15945,6,7,1,1050
18918,6,7,20773,0
18918,6,7,20403,560
18918,6,7,20033,630
18918,6,7,19293,700
18918,6,7,18923,770
18918,6,7,1,840
15954,6,7,18915,0
15954,6,7,18545,350
15954,6,7,17805,420
15954,6,7,17435,490
15954,6,7,17065,560
15954,6,7,16325,630
15954,6,7,15955,700
15954,6,7,1,770
21145,6,7,22259,0
21145,6,7,21889,350
21145,6,7,21519,630
21145,6,7,21149,840
21145,6,7,1,1120
17422,6,7,21139,0
17422,6,7,20769,350
17422,6,7,20399,560
17422,6,7,20029,630
17422,6,7,19659,700
17422,6,7,18919,770
17422,6,7,18549,840
17422,6,7,17809,910
17422,6,7,17439,980
17422,6,7,1,1050
13352,6,7,14838,0
13352,6,7,14468,350
13352,6,7,14098,420
13352,6,7,13358,490
13352,6,7,1,560
18543,6,7,21142,0
18543,6,7,20772,420
18543,6,7,20402,630
18543,6,7,20032,700
18543,6,7,19292,770
18543,6,7,18922,840
18543,6,7,18552,910
18543,6,7,1,980
21516,6,7,22260,0
21516,6,7,21890,560
21516,6,7,21520,770
21516,6,7,1,1050
18552,6,7,21512,0
18552,6,7,21142,560
18552,6,7,20772,770
18552,6,7,20402,1050
18552,6,7,19662,1120
18552,6,7,19292,1190
18552,6,7,18922,1260
18552,6,7,1,1330
22631,6,7,24113,0
22631,6,7,23743,350
22631,6,7,23373,630
22631,6,7,23003,840
22631,6,7,22633,1120
22631,6,7,1,1330
14463,6,7,17431,0
14463,6,7,17061,350
14463,6,7,16321,420
14463,6,7,15951,490
14463,6,7,15581,560
14463,6,7,14841,630
14463,6,7,14471,700
14463,6,7,1,770
20029,6,7,21146,0
20029,6,7,20776,560
20029,6,7,20406,770
20029,6,7,20036,840
20029,6,7,1,910
18913,6,7,21513,0
18913,6,7,21143,350
18913,6,7,20773,630
18913,6,7,20403,840
18913,6,7,20033,910
18913,6,7,19293,980
18913,6,7,18923,1050
18913,6,7,1,1120
15949,6,7,18915,0
15949,6,7,18545,350
15949,6,7,18175,420
15949,6,7,17435,490
15949,6,7,17065,560
15949,6,7,16325,630
15949,6,7,15955,700
15949,6,7,1,770
12985,6,7,14837,0
12985,6,7,14467,350
12985,6,7,13727,420
12985,6,7,13357,490
12985,6,7,1,560
21140,6,7,21889,0
21140,6,7,21519,560
21140,6,7,21149,770
21140,6,7,1,1050
21149,6,7,22629,0
21149,6,7,22259,490
21149,6,7,21889,770
21149,6,7,21519,980
21149,6,7,21149,1260
21149,6,7,1,1470
18538,6,7,21512,0
18538,6,7,21142,350
18538,6,7,20772,630
18538,6,7,20032,910
18538,6,7,19662,980
18538,6,7,18922,1050
18538,6,7,18552,1120
18538,6,7,1,1190
21511,6,7,22630,0
21511,6,7,22260,490
21511,6,7,21890,700
21511,6,7,21520,980
21511,6,7,1,1190
15574,6,7,20764,0
15574,6,7,20394,350
15574,6,7,19654,420
15574,6,7,19284,490
15574,6,7,18544,560
15574,6,7,18174,630
15574,6,7,17804,700
15574,6,7,17064,770
15574,6,7,16694,840
15574,6,7,15954,910
15574,6,7,15584,980
15574,6,7,1,1050
18547,6,7,20772,0
18547,6,7,20032,490
18547,6,7,19662,560
18547,6,7,19292,630
18547,6,7,18552,700
18547,6,7,1,770
21520,6,7,23000,0
21520,6,7,22630,490
21520,6,7,22260,770
21520,6,7,21890,980
21520,6,7,21520,1260
21520,6,7,1,1470
15583,6,7,18544,0
15583,6,7,18174,350
15583,6,7,17434,420
15583,6,7,17064,490
15583,6,7,16694,560
15583,6,7,15954,630
15583,6,7,15584,700
15583,6,7,1,770
14467,6,7,15951,0
14467,6,7,15581,350
14467,6,7,15211,420
14467,6,7,14471,490
14467,6,7,1,560
11503,6,7,18163,0
11503,6,7,17793,350
11503,6,7,17053,420
11503,6,7,16683,490
11503,6,7,15943,560
11503,6,7,15573,630
11503,6,7,15203,700
11503,6,7,14463,770
11503,6,7,14093,840
11503,6,7,13353,910
11503,6,7,12983,980
11503,6,7,12613,1050
11503,6,7,11873,1120
11503,6,7,11503,1190
11503,6,7,1,1260
20024,6,7,21516,0
20024,6,7,21146,420
20024,6,7,20776,630
20024,6,7,20406,910
20024,6,7,1,980
18908,6,7,21513,0
18908,6,7,21143,490
18908,6,7,20773,700
18908,6,7,20403,980
18908,6,7,19663,1050
18908,6,7,19293,1120
18908,6,7,18923,1190
18908,6,7,1,1260
11874,6,7,18164,0
11874,6,7,17794,350
11874,6,7,17424,420
11874,6,7,17054,490
11874,6,7,16314,560
11874,6,7,15944,630
11874,6,7,15204,700
11874,6,7,14834,770
11874,6,7,14464,840
11874,6,7,13724,910
11874,6,7,13354,980
11874,6,7,12614,1050
11874,6,7,12244,1120
11874,6,7,11874,1190
11874,6,7,1,1260
17056,6,7,20768,0
17056,6,7,20398,350
17056,6,7,20028,420
17056,6,7,19288,490
17056,6,7,18918,560
17056,6,7,18178,630
17056,6,7,17808,700
17056,6,7,17438,770
17056,6,7,1,840
17065,6,7,20028,0
17065,6,7,19658,350
17065,6,7,19288,420
17065,6,7,18548,490
17065,6,7,18178,560
17065,6,7,17808,630
17065,6,7,17068,700
17065,6,7,1,770
21135,6,7,22259,0
21135,6,7,21889,490
21135,6,7,21519,700
21135,6,7,21149,980
21135,6,7,1,1190
18171,6,7,21141,0
18171,6,7,20771,420
18171,6,7,20401,700
18171,6,7,19661,770
18171,6,7,19291,840
18171,6,7,18921,910
18171,6,7,18181,980
18171,6,7,1,1050
21144,6,7,22259,0
21144,6,7,21889,350
21144,6,7,21519,630
21144,6,7,21149,840
21144,6,7,1,1120
18180,6,7,20771,0
18180,6,7,20401,420
18180,6,7,19661,490
18180,6,7,19291,560
18180,6,7,18551,630
18180,6,7,18181,700
18180,6,7,1,770
18542,6,7,21142,0
18542,6,7,20772,490
18542,6,7,20032,770
18542,6,7,19662,840
18542,6,7,19292,910
18542,6,7,18552,980
18542,6,7,1,1050
21515,6,7,22260,0
21515,6,7,21890,560
21515,6,7,21520,770
21515,6,7,1,1050
15578,6,7,18544,0
15578,6,7,18174,350
15578,6,7,17804,420
15578,6,7,17064,490
15578,6,7,16694,560
15578,6,7,15954,630
15578,6,7,15584,700
15578,6,7,1,770
18551,6,7,20772,0
18551,6,7,20032,490
18551,6,7,19662,560
18551,6,7,18922,630
18551,6,7,18552,700
18551,6,7,1,770
22630,6,7,24483,0
22630,6,7,24113,420
22630,6,7,23743,700
22630,6,7,23373,910
22630,6,7,23003,1190
22630,6,7,22633,1400
14462,6,7,17431,0
14462,6,7,17061,350
14462,6,7,16321,420
14462,6,7,15951,490
14462,6,7,15581,560
14462,6,7,14841,630
14462,6,7,14471,700
14462,6,7,1,770
14471,6,7,20391,0
14471,6,7,20021,350
14471,6,7,19281,420
14471,6,7,18911,490
14471,6,7,18541,560
14471,6,7,17801,630
14471,6,7,17431,700
14471,6,7,16691,770
14471,6,7,16321,840
14471,6,7,15951,910
14471,6,7,15211,980
14471,6,7,14841,1050
14471,6,7,1,1120
19653,6,7,21515,0
19653,6,7,21145,350
19653,6,7,20775,630
19653,6,7,20405,840
19653,6,7,20035,910
19653,6,7,1,980
19662,6,7,21145,0
19662,6,7,20775,490
19662,6,7,20035,770
19662,6,7,19665,840
19662,6,7,1,910
20768,6,7,21888,0
20768,6,7,21518,420
20768,6,7,21148,700
20768,6,7,20778,980
20768,6,7,1,1190
20777,6,7,21518,0
20777,6,7,21148,350
20777,6,7,20778,630
20777,6,7,1,910
12984,6,7,14837,0
12984,6,7,14467,350
12984,6,7,13727,420
12984,6,7,13357,490
12984,6,7,12987,560
12984,6,7,1,630
14096,6,7,15580,0
14096,6,7,15210,350
14096,6,7,14840,420
14096,6,7,14100,490
14096,6,7,1,560
18166,6,7,21141,0
18166,6,7,20771,560
18166,6,7,20401,840
18166,6,7,19661,910
18166,6,7,19291,980
18166,6,7,18551,1050
18166,6,7,18181,1120
18166,6,7,1,1190
21139,6,7,22629,0
21139,6,7,22259,350
21139,6,7,21889,630
21139,6,7,21519,840
21139,6,7,21149,1120
21139,6,7,1,1330
18175,6,7,20771,0
18175,6,7,20401,420
18175,6,7,19661,490
18175,6,7,19291,560
18175,6,7,18921,630
18175,6,7,18181,700
18175,6,7,1,770
21148,6,7,21889,0
21148,6,7,21519,420
21148,6,7,21149,700
21148,6,7,1,910
18537,6,7,21512,0
18537,6,7,21142,350
18537,6,7,20772,630
18537,6,7,20032,910
18537,6,7,19662,980
18537,6,7,18922,1050
18537,6,7,18552,1120
18537,6,7,1,1190
18546,6,7,20772,0
18546,6,7,20032,490
18546,6,7,19662,560
18546,6,7,19292,630
18546,6,7,18552,700
18546,6,7,1,770
15582,6,7,18544,0
15582,6,7,18174,350
15582,6,7,17434,420
15582,6,7,17064,490
15582,6,7,16694,560
15582,6,7,15954,630
15582,6,7,15584,700
15582,6,7,1,770
22259,6,7,24112,0
22259,6,7,23742,420
22259,6,7,23372,700
22259,6,7,23002,910
22259,6,7,22632,1190
22259,6,7,22262,1400
14466,6,7,15951,0
14466,6,7,15581,350
14466,6,7,15211,420
14466,6,7,14471,490
14466,6,7,1,560
11502,6,7,13723,0
11502,6,7,13353,350
11502,6,7,12613,420
11502,6,7,12243,490
11502,6,7,11873,560
11502,6,7,1,630
12614,6,7,14466,0
12614,6,7,14096,350
12614,6,7,13356,420
12614,6,7,12986,490
12614,6,7,1,560
19657,6,7,21515,0
19657,6,7,21145,420
19657,6,7,20775,700
19657,6,7,20405,910
19657,6,7,20035,980
19657,6,7,19665,1050
19657,6,7,1,1120
16693,6,7,19657,0
16693,6,7,19287,350
16693,6,7,18917,420
16693,6,7,18177,490
16693,6,7,17807,560
16693,6,7,17067,630
16693,6,7,16697,700
16693,6,7,1,770
20763,6,7,21888,0
20763,6,7,21518,560
20763,6,7,21148,840
20763,6,7,20778,1050
20763,6,7,1,1330
13729,6,7,19649,0
13729,6,7,19279,350
13729,6,7,18539,420
13729,6,7,18169,490
13729,6,7,17799,560
13729,6,7,17059,630
13729,6,7,16689,700
13729,6,7,15949,770
13729,6,7,15579,840
13729,6,7,15209,910
13729,6,7,14469,980
13729,6,7,14099,1050
13729,6,7,1,1120
20772,6,7,21518,0
20772,6,7,21148,420
20772,6,7,20778,630
20772,6,7,1,910
17055,6,7,20768,0
17055,6,7,20398,350
17055,6,7,20028,420
17055,6,7,19288,490
17055,6,7,18918,560
17055,6,7,18178,630
17055,6,7,17808,700
17055,6,7,17438,770
17055,6,7,1,840
17064,6,7,20028,0
17064,6,7,19658,350
17064,6,7,19288,420
17064,6,7,18548,490
17064,6,7,18178,560
17064,6,7,17438,630
17064,6,7,17068,700
17064,6,7,1,770
21134,6,7,22259,0
21134,6,7,21889,350
21134,6,7,21519,630
21134,6,7,21149,840
21134,6,7,1,1120
14100,6,7,20020,0
14100,6,7,19650,350
14100,6,7,18910,420
14100,6,7,18540,490
14100,6,7,18170,560
14100,6,7,17430,630
14100,6,7,17060,700
14100,6,7,16320,770
14100,6,7,15950,840
14100,6,7,15580,910
14100,6,7,14840,980
14100,6,7,14470,1050
14100,6,7,1,1120
18170,6,7,21141,0
18170,6,7,20771,420
18170,6,7,20401,700
18170,6,7,19661,770
18170,6,7,19291,840
18170,6,7,18921,910
18170,6,7,18181,980
18170,6,7,1,1050
21143,6,7,22259,0
21143,6,7,21889,490
21143,6,7,21519,700
21143,6,7,21149,980
21143,6,7,1,1190
18179,6,7,20771,0
18179,6,7,20401,420
18179,6,7,19661,490
18179,6,7,19291,560
18179,6,7,18551,630
18179,6,7,18181,700
18179,6,7,1,770
19290,6,7,21144,0
19290,6,7,20774,420
19290,6,7,20034,700
19290,6,7,19664,770
19290,6,7,19294,840
19290,6,7,1,910
16688,6,7,20767,0
16688,6,7,20027,420
16688,6,7,19657,490
16688,6,7,18917,560
16688,6,7,18547,630
16688,6,7,18177,700
16688,6,7,17437,770
16688,6,7,17067,840
16688,6,7,1,910
19661,6,7,21145,0
19661,6,7,20775,490
19661,6,7,20035,770
19661,6,7,19665,840
19661,6,7,1,910
13724,6,7,15209,0
13724,6,7,14839,350
13724,6,7,14469,420
13724,6,7,13729,490
13724,6,7,1,560
20767,6,7,21888,0
20767,6,7,21518,420
20767,6,7,21148,700
20767,6,7,20778,980
20767,6,7,1,1190
16697,6,7,21137,0
16697,6,7,20767,560
16697,6,7,20397,770
16697,6,7,20027,840
16697,6,7,19287,910
16697,6,7,18917,980
16697,6,7,18547,1050
16697,6,7,17807,1120
16697,6,7,17437,1190
16697,6,7,16697,1260
16697,6,7,1,1330
20776,6,7,21518,0
20776,6,7,21148,420
20776,6,7,20778,630
20776,6,7,1,910
17059,6,7,20768,0
17059,6,7,20398,420
17059,6,7,20028,490
17059,6,7,19288,560
17059,6,7,18918,630
17059,6,7,18548,700
17059,6,7,17808,770
17059,6,7,17438,840
17059,6,7,1,910
18165,6,7,21511,0
18165,6,7,21141,350
18165,6,7,20771,560
18165,6,7,20401,840
18165,6,7,19661,910
18165,6,7,19291,980
18165,6,7,18921,1050
18165,6,7,18181,1120
18165,6,7,1,1190
14095,6,7,15580,0
14095,6,7,15210,350
14095,6,7,14840,420
14095,6,7,14100,490
14095,6,7,1,560
21138,6,7,22629,0
21138,6,7,22259,350
21138,6,7,21889,630
21138,6,7,21519,840
21138,6,7,21149,1120
21138,6,7,1,1330
18174,6,7,20771,0
18174,6,7,20401,420
18174,6,7,19661,490
18174,6,7,19291,560
18174,6,7,18921,630
18174,6,7,18181,700
18174,6,7,1,770
15572,6,7,19284,0
15572,6,7,18914,350
15572,6,7,18544,420
15572,6,7,17804,490
15572,6,7,17434,560
15572,6,7,16694,630
15572,6,7,16324,700
15572,6,7,15954,770
15572,6,7,1,840
19285,6,7,21514,0
19285,6,7,21144,350
19285,6,7,20774,630
19285,6,7,20034,910
19285,6,7,19664,980
19285,6,7,1,1050
22258,6,7,24112,0
22258,6,7,23742,420
22258,6,7,23372,700
22258,6,7,23002,910
22258,6,7,22632,1190
22258,6,7,22262,1400
19294,6,7,21884,0
19294,6,7,21514,490
19294,6,7,21144,770
19294,6,7,20774,980
19294,6,7,20404,1260
19294,6,7,19664,1330
19294,6,7,19294,1400
19294,6,7,1,1470
12613,6,7,14466,0
12613,6,7,14096,350
12613,6,7,13356,420
12613,6,7,12986,490
12613,6,7,12616,560
12613,6,7,1,630
19656,6,7,21515,0
19656,6,7,21145,420
19656,6,7,20775,700
19656,6,7,20405,910
19656,6,7,20035,980
19656,6,7,19665,1050
19656,6,7,1,1120
16692,6,7,19657,0
16692,6,7,19287,350
16692,6,7,18917,420
16692,6,7,18177,490
16692,6,7,17807,560
16692,6,7,17067,630
16692,6,7,16697,700
16692,6,7,1,770
20762,6,7,22258,0
20762,6,7,21888,350
20762,6,7,21518,560
20762,6,7,21148,840
20762,6,7,20778,1120
20762,6,7,1,1330
19665,6,7,21885,0
19665,6,7,21515,560
19665,6,7,21145,840
19665,6,7,20775,1050
19665,6,7,20405,1330
19665,6,7,19665,1400
19665,6,7,1,1470
13728,6,7,15209,0
13728,6,7,14839,350
13728,6,7,14469,420
13728,6,7,13729,490
13728,6,7,1,560
20771,6,7,21518,0
20771,6,7,21148,420
20771,6,7,20778,630
20771,6,7,1,910
17054,6,7,21138,0
17054,6,7,20768,420
17054,6,7,20028,700
17054,6,7,19658,770
17054,6,7,18918,840
17054,6,7,18548,910
17054,6,7,18178,980
17054,6,7,17438,1050
17054,6,7,17068,1120
17054,6,7,1,1190
21883,6,7,23371,0
21883,6,7,23001,350
21883,6,7,22631,630
21883,6,7,22261,840
21883,6,7,21891,1120
21883,6,7,1,1330
14099,6,7,15580,0
14099,6,7,15210,350
14099,6,7,14840,420
14099,6,7,14100,490
14099,6,7,1,560
17803,6,7,20770,0
17803,6,7,20400,350
17803,6,7,20030,420
17803,6,7,19290,490
17803,6,7,18920,560
17803,6,7,18550,630
17803,6,7,17810,700
17803,6,7,1,770
19280,6,7,21884,0
19280,6,7,21514,350
19280,6,7,21144,630
19280,6,7,20774,840
19280,6,7,20404,1120
19280,6,7,19664,1190
19280,6,7,19294,1260
19280,6,7,1,1330
15210,6,7,18173,0
15210,6,7,17803,350
15210,6,7,17433,420
15210,6,7,16693,490
15210,6,7,16323,560
15210,6,7,15953,630
15210,6,7,15213,700
15210,6,7,1,770
16316,6,7,20766,0
16316,6,7,20396,420
16316,6,7,20026,490
16316,6,7,19286,560
16316,6,7,18916,630
16316,6,7,18546,700
16316,6,7,17806,770
16316,6,7,17436,840
16316,6,7,16696,910
16316,6,7,16326,980
16316,6,7,1,1050
19289,6,7,21144,0
19289,6,7,20774,420
19289,6,7,20034,700
19289,6,7,19664,770
19289,6,7,19294,840
19289,6,7,1,910
16325,6,7,19286,0
16325,6,7,18916,350
16325,6,7,18176,420
16325,6,7,17806,490
16325,6,7,17436,560
16325,6,7,16696,630
16325,6,7,16326,700
16325,6,7,1,770
19651,6,7,21885,0
19651,6,7,21515,420
19651,6,7,21145,700
19651,6,7,20775,910
19651,6,7,20035,1190
19651,6,7,19665,1260
19651,6,7,1,1330
16687,6,7,20767,0
16687,6,7,20397,490
16687,6,7,19657,560
16687,6,7,19287,630
16687,6,7,18917,700
16687,6,7,18177,770
16687,6,7,17807,840
16687,6,7,17067,910
16687,6,7,16697,980
16687,6,7,1,1050
13723,6,7,15209,0
13723,6,7,14839,350
13723,6,7,14469,420
13723,6,7,13729,490
13723,6,7,1,560
16696,6,7,19657,0
16696,6,7,19287,350
16696,6,7,18547,420
16696,6,7,18177,490
16696,6,7,17807,560
16696,6,7,17067,630
16696,6,7,16697,700
16696,6,7,1,770
20766,6,7,21518,0
20766,6,7,21148,490
20766,6,7,20778,770
20766,6,7,1,1050
1,7,8,1,0
21887,7,8,23001,0
21887,7,8,22631,490
21887,7,8,22261,700
21887,7,8,21891,980
21887,7,8,1,1260
17798,7,8,20400,0
17798,7,8,20030,350
17798,7,8,19660,420
17798,7,8,19290,490
17798,7,8,18550,560
17798,7,8,18180,630
17798,7,8,1,700
17807,7,8,20030,0
17807,7,8,19660,350
17807,7,8,18920,420
17807,7,8,18550,490
17807,7,8,17810,560
17807,7,8,1,630
23373,7,8,24485,0
23373,7,8,24115,490
23373,7,8,23745,700
23373,7,8,23375,980
23373,7,8,1,1260
15205,7,8,18543,0
15205,7,8,18173,350
15205,7,8,17433,420
15205,7,8,17063,490
15205,7,8,16693,560
15205,7,8,15953,630
15205,7,8,15583,700
15205,7,8,1,770
19284,7,8,21514,0
19284,7,8,21144,350
19284,7,8,20774,560
19284,7,8,20404,840
19284,7,8,19664,910
19284,7,8,19294,980
19284,7,8,1,1050
16320,7,8,18176,0
16320,7,8,17806,350
16320,7,8,17436,420
16320,7,8,17066,490
16320,7,8,16326,560
16320,7,8,1,630
19293,7,8,20774,0
19293,7,8,20034,560
19293,7,8,19664,630
19293,7,8,1,700
24484,7,8,25968,0
24484,7,8,25598,490
24484,7,8,25228,770
24484,7,8,24858,980
24484,7,8,24488,1260
13727,7,8,14099,0
13727,7,8,13729,350
13727,7,8,1,420
20395,7,8,21517,0
20395,7,8,21147,350
20395,7,8,20777,560
20395,7,8,20407,840
20395,7,8,1,910
20404,7,8,21147,0
20404,7,8,20777,490
20404,7,8,20407,700
20404,7,8,1,770
21891,7,8,23371,0
21891,7,8,23001,350
21891,7,8,22631,630
21891,7,8,22261,840
21891,7,8,21891,1120
21891,7,8,1,1330
17793,7,8,20770,0
17793,7,8,20400,490
17793,7,8,20030,560
17793,7,8,19290,630
17793,7,8,18920,700
17793,7,8,18550,770
17793,7,8,17810,840
17793,7,8,1,910
17802,7,8,20770,0
17802,7,8,20400,420
17802,7,8,19660,490
17802,7,8,19290,560
17802,7,8,18550,630
17802,7,8,18180,700
17802,7,8,17810,770
17802,7,8,1,840
14838,7,8,16692,0
14838,7,8,16322,350
14838,7,8,15952,420
14838,7,8,15212,490
14838,7,8,14842,560
14838,7,8,1,630
23002,7,8,24114,0
23002,7,8,23744,490
23002,7,8,23374,700
23002,7,8,23004,980
23002,7,8,1,1260
15209,7,8,17063,0
15209,7,8,16693,350
15209,7,8,16323,420
15209,7,8,15583,490
15209,7,8,15213,560
15209,7,8,1,630
19279,7,8,21514,0
19279,7,8,21144,490
19279,7,8,20774,700
19279,7,8,20404,980
19279,7,8,19664,1050
19279,7,8,19294,1120
19279,7,8,1,1190
16315,7,8,20396,0
16315,7,8,20026,350
16315,7,8,19286,420
16315,7,8,18916,490
16315,7,8,18546,560
16315,7,8,17806,630
16315,7,8,17436,700
16315,7,8,16696,770
16315,7,8,16326,840
16315,7,8,1,910
12245,7,8,17425,0
12245,7,8,17055,350
12245,7,8,16315,420
12245,7,8,15945,490
12245,7,8,15205,560
12245,7,8,14835,630
12245,7,8,14465,700
12245,7,8,13725,770
12245,7,8,13355,840
12245,7,8,12615,910
12245,7,8,12245,980
12245,7,8,1,1050
19288,7,8,20774,0
19288,7,8,20404,560
19288,7,8,19664,630
19288,7,8,19294,700
19288,7,8,1,770
16324,7,8,18176,0
16324,7,8,17806,350
16324,7,8,17436,420
16324,7,8,16696,490
16324,7,8,16326,560
16324,7,8,1,630
18922,7,8,20773,0
18922,7,8,20403,420
18922,7,8,20033,490
18922,7,8,19293,560
18922,7,8,18923,630
18922,7,8,1,700
13356,7,8,13728,0
13356,7,8,13358,350
13356,7,8,1,420
20399,7,8,21517,0
20399,7,8,21147,420
20399,7,8,20777,700
20399,7,8,20407,910
20399,7,8,1,980
17435,7,8,19289,0
17435,7,8,18919,350
17435,7,8,18549,420
17435,7,8,17809,490
17435,7,8,17439,560
17435,7,8,1,630
21886,7,8,22631,0
21886,7,8,22261,560
21886,7,8,21891,840
21886,7,8,1,1050
17806,7,8,19660,0
17806,7,8,19290,350
17806,7,8,18920,420
17806,7,8,18550,490
17806,7,8,17810,560
17806,7,8,1,630
14842,7,8,20762,0
14842,7,8,20022,420
14842,7,8,19652,490
14842,7,8,19282,560
14842,7,8,18542,630
14842,7,8,18172,700
14842,7,8,17432,770
14842,7,8,17062,840
14842,7,8,16692,910
14842,7,8,15952,980
14842,7,8,15582,1050
14842,7,8,14842,1120
14842,7,8,1,1190
15204,7,8,18543,0
15204,7,8,18173,350
15204,7,8,17433,420
15204,7,8,17063,490
15204,7,8,16693,560
15204,7,8,15953,630
15204,7,8,15583,700
15204,7,8,1,770
20033,7,8,21146,0
20033,7,8,20776,420
20033,7,8,20036,700
20033,7,8,1,770
18917,7,8,20773,0
18917,7,8,20403,420
18917,7,8,20033,490
18917,7,8,19293,560
18917,7,8,18923,630
18917,7,8,1,700
15953,7,8,17805,0
15953,7,8,17435,350
15953,7,8,17065,420
15953,7,8,16325,490
15953,7,8,15955,560
15953,7,8,1,630
24483,7,8,26338,0
24483,7,8,25968,420
24483,7,8,25598,630
24483,7,8,25228,910
24483,7,8,24858,1190
24483,7,8,24488,1400
20394,7,8,21517,0
20394,7,8,21147,350
20394,7,8,20777,560
20394,7,8,20407,840
20394,7,8,1,910
17430,7,8,20769,0
17430,7,8,20399,350
17430,7,8,19659,420
17430,7,8,19289,490
17430,7,8,18919,560
17430,7,8,18179,630
17430,7,8,17809,700
17430,7,8,1,770
20403,7,8,21147,0
20403,7,8,20777,490
20403,7,8,20407,700
20403,7,8,1,770
17439,7,8,21139,0
17439,7,8,20769,490
17439,7,8,20029,770
17439,7,8,19659,840
17439,7,8,19289,910
17439,7,8,18549,980
17439,7,8,18179,1050
17439,7,8,17439,1120
17439,7,8,1,1190
17801,7,8,20770,0
17801,7,8,20400,420
17801,7,8,19660,490
17801,7,8,19290,560
17801,7,8,18550,630
17801,7,8,18180,700
17801,7,8,17810,770
17801,7,8,1,840
14837,7,8,16692,0
14837,7,8,16322,350
14837,7,8,15952,420
14837,7,8,15582,490
14837,7,8,14842,560
14837,7,8,1,630
20028,7,8,21516,0
20028,7,8,21146,350
20028,7,8,20776,630
20028,7,8,20406,840
20028,7,8,20036,910
20028,7,8,1,980
23001,7,8,24484,0
23001,7,8,24114,560
23001,7,8,23744,770
23001,7,8,23374,1050
23001,7,8,23004,1260
18912,7,8,21143,0
18912,7,8,20773,490
18912,7,8,20403,700
18912,7,8,20033,770
18912,7,8,19293,840
18912,7,8,18923,910
18912,7,8,1,980
18921,7,8,20773,0
18921,7,8,20403,420
18921,7,8,20033,490
18921,7,8,19293,560
18921,7,8,18923,630
18921,7,8,1,700
17425,7,8,21139,0
17425,7,8,20769,350
17425,7,8,20399,560
17425,7,8,20029,630
17425,7,8,19659,700
17425,7,8,18919,770
17425,7,8,18549,840
17425,7,8,17809,910
17425,7,8,17439,980
17425,7,8,1,1050
13355,7,8,14098,0
13355,7,8,13728,350
13355,7,8,1,420
20398,7,8,21517,0
20398,7,8,21147,420
20398,7,8,20777,700
20398,7,8,20407,910
20398,7,8,1,980
17434,7,8,19289,0
17434,7,8,18919,350
17434,7,8,18549,420
17434,7,8,18179,490
17434,7,8,17439,560
17434,7,8,1,630
21510,7,8,22630,0
21510,7,8,22260,350
21510,7,8,21890,560
21510,7,8,21520,840
21510,7,8,1,1120
21519,7,8,21890,0
21519,7,8,21520,560
21519,7,8,1,770
17796,7,8,21140,0
17796,7,8,20770,420
17796,7,8,20400,630
17796,7,8,20030,700
17796,7,8,19290,770
17796,7,8,18920,840
17796,7,8,18180,910
17796,7,8,17810,980
17796,7,8,1,1050
20023,7,8,21146,0
20023,7,8,20776,490
20023,7,8,20406,770
20023,7,8,1,840
20032,7,8,21146,0
20032,7,8,20776,420
20032,7,8,20406,630
20032,7,8,20036,700
20032,7,8,1,770
18907,7,8,21513,0
18907,7,8,21143,350
18907,7,8,20773,630
18907,7,8,20403,840
18907,7,8,20033,910
18907,7,8,19293,980
18907,7,8,18923,1050
18907,7,8,1,1120
15943,7,8,18545,0
15943,7,8,18175,350
15943,7,8,17805,420
15943,7,8,17065,490
15943,7,8,16695,560
15943,7,8,16325,630
15943,7,8,1,700
11873,7,8,12984,0
11873,7,8,12614,350
11873,7,8,11874,420
11873,7,8,1,490
18916,7,8,20773,0
18916,7,8,20403,420
18916,7,8,20033,490
18916,7,8,19293,560
18916,7,8,18923,630
18916,7,8,1,700
15952,7,8,18175,0
15952,7,8,17805,350
15952,7,8,17065,420
15952,7,8,16695,490
15952,7,8,15955,560
15952,7,8,1,630
20393,7,8,21887,0
20393,7,8,21517,420
20393,7,8,21147,630
20393,7,8,20777,910
20393,7,8,20407,1120
20393,7,8,1,1190
17438,7,8,19289,0
17438,7,8,18919,350
17438,7,8,18549,420
17438,7,8,17809,490
17438,7,8,17439,560
17438,7,8,1,630
18541,7,8,21142,0
18541,7,8,20772,350
18541,7,8,20032,630
18541,7,8,19662,700
18541,7,8,19292,770
18541,7,8,18552,840
18541,7,8,1,910
21514,7,8,22630,0
21514,7,8,22260,490
21514,7,8,21890,700
21514,7,8,21520,980
21514,7,8,1,1260
18550,7,8,20402,0
18550,7,8,20032,350
18550,7,8,19662,420
18550,7,8,19292,490
18550,7,8,18552,560
18550,7,8,1,630
22629,7,8,24113,0
22629,7,8,23743,560
22629,7,8,23373,770
22629,7,8,23003,1050
22629,7,8,22633,1260
14470,7,8,14841,0
14470,7,8,14471,350
14470,7,8,1,420
20027,7,8,21516,0
20027,7,8,21146,350
20027,7,8,20776,630
20027,7,8,20406,840
20027,7,8,20036,910
20027,7,8,1,980
23000,7,8,24484,0
23000,7,8,24114,560
23000,7,8,23744,770
23000,7,8,23374,1050
23000,7,8,23004,1330
20036,7,8,21886,0
20036,7,8,21516,490
20036,7,8,21146,700
20036,7,8,20776,980
20036,7,8,20036,1260
20036,7,8,1,1330
18911,7,8,20773,0
18911,7,8,20033,560
18911,7,8,19663,630
18911,7,8,19293,700
18911,7,8,1,770
15947,7,8,19285,0
15947,7,8,18915,350
15947,7,8,18175,420
15947,7,8,17805,490
15947,7,8,17435,560
15947,7,8,16695,630
15947,7,8,16325,700
15947,7,8,1,770
18920,7,8,20773,0
18920,7,8,20403,420
18920,7,8,20033,490
18920,7,8,19663,560
18920,7,8,18923,630
18920,7,8,1,700
12983,7,8,13727,0
12983,7,8,13357,350
12983,7,8,12987,420
12983,7,8,1,490
17068,7,8,21138,0
17068,7,8,20768,420
17068,7,8,20398,700
17068,7,8,19658,770
17068,7,8,19288,840
17068,7,8,18918,910
17068,7,8,18178,980
17068,7,8,17808,1050
17068,7,8,17068,1120
17068,7,8,1,1190
21147,7,8,21519,0
21147,7,8,21149,560
21147,7,8,1,770
13354,7,8,13728,0
13354,7,8,13358,350
13354,7,8,1,420
17424,7,8,20769,0
17424,7,8,20399,560
17424,7,8,20029,630
17424,7,8,19289,700
17424,7,8,18919,770
17424,7,8,18549,840
17424,7,8,17809,910
17424,7,8,17439,980
17424,7,8,1,1050
18536,7,8,21142,0
18536,7,8,20772,490
18536,7,8,20402,770
18536,7,8,19662,840
18536,7,8,19292,910
18536,7,8,18552,980
18536,7,8,1,1050
21509,7,8,22260,0
21509,7,8,21890,490
21509,7,8,21520,770
21509,7,8,1,980
18545,7,8,20772,0
18545,7,8,20402,350
18545,7,8,19662,420
18545,7,8,19292,490
18545,7,8,18552,560
18545,7,8,1,630
21518,7,8,22630,0
21518,7,8,22260,350
21518,7,8,21890,630
21518,7,8,21520,840
21518,7,8,1,1120
15581,7,8,17804,0
15581,7,8,17434,350
15581,7,8,16694,420
15581,7,8,16324,490
15581,7,8,15584,560
15581,7,8,1,630
22633,7,8,24113,0
22633,7,8,23743,490
22633,7,8,23373,770
22633,7,8,23003,980
22633,7,8,22633,1260
22633,7,8,1,1470
20022,7,8,21516,0
20022,7,8,21146,560
20022,7,8,20776,840
20022,7,8,20406,1050
20022,7,8,20036,1120
20022,7,8,1,1190
20031,7,8,21146,0
20031,7,8,20776,420
20031,7,8,20406,630
20031,7,8,20036,700
20031,7,8,1,770
23744,7,8,24856,0
23744,7,8,24486,490
23744,7,8,24116,700
23744,7,8,23746,980
23744,7,8,1,1260
15951,7,8,17805,0
15951,7,8,17435,350
15951,7,8,17065,420
15951,7,8,16325,490
15951,7,8,15955,560
15951,7,8,1,630
12987,7,8,18167,0
12987,7,8,17797,350
12987,7,8,17057,420
12987,7,8,16687,490
12987,7,8,15947,560
12987,7,8,15577,630
12987,7,8,15207,700
12987,7,8,14467,770
12987,7,8,14097,840
12987,7,8,13357,910
12987,7,8,12987,980
12987,7,8,1,1050
17063,7,8,18918,0
17063,7,8,18548,350
17063,7,8,18178,420
17063,7,8,17808,490
17063,7,8,17068,560
17063,7,8,1,630
21133,7,8,22259,0
21133,7,8,21889,490
21133,7,8,21519,700
21133,7,8,21149,980
21133,7,8,1,1190
21142,7,8,21889,0
21142,7,8,21519,560
21142,7,8,21149,840
21142,7,8,1,1050
18178,7,8,20401,0
18178,7,8,20031,350
18178,7,8,19291,420
18178,7,8,18921,490
18178,7,8,18551,560
18178,7,8,1,630
18540,7,8,20772,0
18540,7,8,20402,420
18540,7,8,20032,490
18540,7,8,19292,560
18540,7,8,18922,630
18540,7,8,1,700
21513,7,8,22630,0
21513,7,8,22260,490
21513,7,8,21890,700
21513,7,8,21520,980
21513,7,8,1,1190
15576,7,8,18914,0
15576,7,8,18544,350
15576,7,8,17804,420
15576,7,8,17434,490
15576,7,8,17064,560
15576,7,8,16324,630
15576,7,8,15954,700
15576,7,8,1,770
18549,7,8,20772,0
18549,7,8,20402,350
18549,7,8,19662,420
18549,7,8,19292,490
18549,7,8,18922,560
18549,7,8,1,630
14469,7,8,14841,0
14469,7,8,14471,350
14469,7,8,1,420
20026,7,8,21516,0
20026,7,8,21146,420
20026,7,8,20776,700
20026,7,8,20036,980
20026,7,8,1,1050
19660,7,8,21145,0
19660,7,8,20775,350
19660,7,8,20035,630
19660,7,8,19665,700
19660,7,8,1,770
20775,7,8,21148,0
20775,7,8,20778,490
20775,7,8,1,770
14094,7,8,14840,0
14094,7,8,14470,350
14094,7,8,1,420
18164,7,8,20771,0
18164,7,8,20401,560
18164,7,8,19661,630
18164,7,8,19291,700
18164,7,8,18921,770
18164,7,8,18181,840
18164,7,8,1,910
21137,7,8,22259,0
21137,7,8,21889,490
21137,7,8,21519,700
21137,7,8,21149,980
21137,7,8,1,1260
17067,7,8,18918,0
17067,7,8,18548,350
17067,7,8,18178,420
17067,7,8,17438,490
17067,7,8,17068,560
17067,7,8,1,630
18173,7,8,20771,0
18173,7,8,20031,490
18173,7,8,19661,560
18173,7,8,18921,630
18173,7,8,18551,700
18173,7,8,18181,770
18173,7,8,1,840
21146,7,8,21519,0
21146,7,8,21149,560
21146,7,8,1,770
21508,7,8,22630,0
21508,7,8,22260,490
21508,7,8,21890,700
21508,7,8,21520,980
21508,7,8,1,1260
18544,7,8,20772,0
18544,7,8,20402,490
18544,7,8,20032,560
18544,7,8,19292,630
18544,7,8,18922,700
18544,7,8,18552,770
18544,7,8,1,840
15580,7,8,17434,0
15580,7,8,17064,350
15580,7,8,16694,420
15580,7,8,15954,490
15580,7,8,15584,560
15580,7,8,1,630
22257,7,8,23742,0
22257,7,8,23372,490
22257,7,8,23002,770
22257,7,8,22632,980
22257,7,8,22262,1260
14464,7,8,15211,0
14464,7,8,14841,350
14464,7,8,1,420
19655,7,8,21515,0
19655,7,8,21145,420
19655,7,8,20775,630
19655,7,8,20405,910
19655,7,8,19665,980
19655,7,8,1,1050
16691,7,8,18547,0
16691,7,8,18177,350
16691,7,8,17807,420
16691,7,8,17437,490
16691,7,8,16697,560
16691,7,8,1,630
19664,7,8,21145,0
19664,7,8,20775,350
19664,7,8,20405,560
19664,7,8,20035,630
19664,7,8,19665,700
19664,7,8,1,770
20770,7,8,21518,0
20770,7,8,21148,490
20770,7,8,20778,700
20770,7,8,1,980
23743,7,8,25226,0
23743,7,8,24856,560
23743,7,8,24486,770
23743,7,8,24116,1050
23743,7,8,23746,1330
17053,7,8,20768,0
17053,7,8,20028,560
17053,7,8,19658,630
17053,7,8,18918,700
17053,7,8,18548,770
17053,7,8,18178,840
17053,7,8,17438,910
17053,7,8,17068,980
17053,7,8,1,1050
17062,7,8,18918,0
17062,7,8,18548,350
17062,7,8,18178,420
17062,7,8,17808,490
17062,7,8,17068,560
17062,7,8,1,630
14098,7,8,14470,0
14098,7,8,14100,350
14098,7,8,1,420
18168,7,8,20771,0
18168,7,8,20401,350
18168,7,8,20031,420
18168,7,8,19661,490
18168,7,8,18921,560
18168,7,8,18551,630
18168,7,8,1,700
21141,7,8,21889,0
21141,7,8,21519,420
21141,7,8,21149,630
21141,7,8,1,910
18177,7,8,20031,0
18177,7,8,19661,350
18177,7,8,19291,420
18177,7,8,18921,490
18177,7,8,18181,560
18177,7,8,1,630
18539,7,8,20772,0
18539,7,8,20402,420
18539,7,8,20032,490
18539,7,8,19292,560
18539,7,8,18922,630
18539,7,8,1,700
15584,7,8,20764,0
15584,7,8,20394,490
15584,7,8,20024,560
15584,7,8,19284,630
15584,7,8,18914,700
15584,7,8,18174,770
15584,7,8,17804,840
15584,7,8,17434,910
15584,7,8,16694,980
15584,7,8,16324,1050
15584,7,8,15584,1120
15584,7,8,1,1190
22261,7,8,23002,0
22261,7,8,22632,420
22261,7,8,22262,700
22261,7,8,1,910
19650,7,8,21515,0
19650,7,8,21145,560
19650,7,8,20775,770
19650,7,8,20035,1050
19650,7,8,19665,1120
19650,7,8,1,1190
16686,7,8,20767,0
16686,7,8,20397,350
16686,7,8,19657,420
16686,7,8,19287,490
16686,7,8,18917,560
16686,7,8,18177,630
16686,7,8,17807,700
16686,7,8,17067,770
16686,7,8,16697,840
16686,7,8,1,910
12616,7,8,17796,0
12616,7,8,17426,350
12616,7,8,16686,420
12616,7,8,16316,490
12616,7,8,15576,560
12616,7,8,15206,630
12616,7,8,14836,700
12616,7,8,14096,770
12616,7,8,13726,840
12616,7,8,12986,910
12616,7,8,12616,980
12616,7,8,1,1050
19659,7,8,21145,0
19659,7,8,20775,350
19659,7,8,20035,630
19659,7,8,19665,700
19659,7,8,1,770
16695,7,8,18547,0
16695,7,8,18177,350
16695,7,8,17807,420
16695,7,8,17067,490
16695,7,8,16697,560
16695,7,8,1,630
20765,7,8,21518,0
20765,7,8,21148,420
20765,7,8,20778,630
20765,7,8,1,910
20774,7,8,21148,0
20774,7,8,20778,490
20774,7,8,1,770
17057,7,8,20768,0
17057,7,8,20028,420
17057,7,8,19658,490
17057,7,8,19288,560
17057,7,8,18548,630
17057,7,8,18178,700
17057,7,8,17438,770
17057,7,8,17068,840
17057,7,8,1,910
18163,7,8,20771,0
18163,7,8,20401,560
18163,7,8,19661,630
18163,7,8,19291,700
18163,7,8,18921,770
18163,7,8,18181,840
18163,7,8,1,910
14093,7,8,14840,0
14093,7,8,14470,350
14093,7,8,1,420
17066,7,8,18918,0
17066,7,8,18548,350
17066,7,8,18178,420
17066,7,8,17438,490
17066,7,8,17068,560
17066,7,8,1,630
21136,7,8,21889,0
21136,7,8,21519,560
21136,7,8,21149,840
21136,7,8,1,1050
18172,7,8,20771,0
18172,7,8,20031,490
18172,7,8,19661,560
18172,7,8,18921,630
18172,7,8,18551,700
18172,7,8,18181,770
18172,7,8,1,840
18181,7,8,21511,0
18181,7,8,21141,350
18181,7,8,20771,630
18181,7,8,20401,840
18181,7,8,20031,910
18181,7,8,19291,980
18181,7,8,18921,1050
18181,7,8,18551,1120
18181,7,8,1,1190
23372,7,8,24855,0
23372,7,8,24485,560
23372,7,8,24115,770
23372,7,8,23745,1050
23372,7,8,23375,1260
19283,7,8,21514,0
19283,7,8,21144,350
19283,7,8,20774,560
19283,7,8,20404,840
19283,7,8,19664,910
19283,7,8,19294,980
19283,7,8,1,1050
15213,7,8,20763,0
15213,7,8,20393,420
15213,7,8,20023,490
15213,7,8,19653,560
15213,7,8,18913,630
15213,7,8,18543,700
15213,7,8,17803,770
15213,7,8,17433,840
15213,7,8,17063,910
15213,7,8,16323,980
15213,7,8,15953,1050
15213,7,8,15213,1120
15213,7,8,1,1190
22256,7,8,24112,0
22256,7,8,23742,420
22256,7,8,23372,700
22256,7,8,23002,910
22256,7,8,22632,1190
22256,7,8,22262,1470
19292,7,8,20774,0
19292,7,8,20034,560
19292,7,8,19664,630
19292,7,8,19294,700
19292,7,8,1,770
19654,7,8,21515,0
19654,7,8,21145,420
19654,7,8,20775,630
19654,7,8,20405,910
19654,7,8,19665,980
19654,7,8,1,1050
16690,7,8,18547,0
16690,7,8,18177,350
16690,7,8,17807,420
16690,7,8,17437,490
16690,7,8,16697,560
16690,7,8,1,630
19663,7,8,21145,0
19663,7,8,20775,350
19663,7,8,20035,630
19663,7,8,19665,700
19663,7,8,1,770
13726,7,8,14469,0
13726,7,8,14099,350
13726,7,8,1,420
20769,7,8,21518,0
20769,7,8,21148,490
20769,7,8,20778,700
20769,7,8,1,980
23742,7,8,25226,0
23742,7,8,24856,560
23742,7,8,24486,770
23742,7,8,24116,1050
23742,7,8,23746,1330
20778,7,8,21888,0
20778,7,8,21518,560
20778,7,8,21148,840
20778,7,8,20778,1050
20778,7,8,1,1330
24854,7,8,26709,0
24854,7,8,26339,420
24854,7,8,25969,630
24854,7,8,25599,910
24854,7,8,25229,1120
24854,7,8,24859,1400
17061,7,8,18918,0
17061,7,8,18548,350
17061,7,8,18178,420
17061,7,8,17808,490
17061,7,8,17068,560
17061,7,8,1,630
21890,7,8,22261,0
21890,7,8,21891,560
21890,7,8,1,770
18167,7,8,21141,0
18167,7,8,20771,420
18167,7,8,20401,700
18167,7,8,19661,770
18167,7,8,19291,840
18167,7,8,18551,910
18167,7,8,18181,980
18167,7,8,1,1050
14097,7,8,14840,0
14097,7,8,14470,350
14097,7,8,1,420
18176,7,8,20401,0
18176,7,8,20031,350
18176,7,8,19291,420
18176,7,8,18921,490
18176,7,8,18181,560
18176,7,8,1,630
17810,7,8,21140,0
17810,7,8,20770,560
17810,7,8,20030,840
17810,7,8,19660,910
17810,7,8,18920,980
17810,7,8,18550,1050
17810,7,8,18180,1120
17810,7,8,1,1190
19278,7,8,21514,0
19278,7,8,21144,490
19278,7,8,20774,700
19278,7,8,20404,980
19278,7,8,19664,1050
19278,7,8,19294,1120
19278,7,8,1,1190
15208,7,8,17063,0
15208,7,8,16693,350
15208,7,8,16323,420
15208,7,8,15953,490
15208,7,8,15213,560
15208,7,8,1,630
12244,7,8,12985,0
12244,7,8,12615,350
12244,7,8,1,420
16314,7,8,18916,0
16314,7,8,18546,350
16314,7,8,18176,420
16314,7,8,17436,490
16314,7,8,17066,560
16314,7,8,16696,630
16314,7,8,1,700
19287,7,8,20774,0
19287,7,8,20404,560
19287,7,8,19664,630
19287,7,8,19294,700
19287,7,8,1,770
22260,7,8,23372,0
22260,7,8,23002,490
22260,7,8,22632,700
22260,7,8,22262,980
22260,7,8,1,1190
16323,7,8,18546,0
16323,7,8,18176,350
16323,7,8,17436,420
16323,7,8,17066,490
16323,7,8,16326,560
16323,7,8,1,630
19649,7,8,21515,0
19649,7,8,21145,560
19649,7,8,20775,770
19649,7,8,20405,1050
19649,7,8,19665,1120
19649,7,8,1,1190
16685,7,8,19287,0
16685,7,8,18917,350
16685,7,8,18547,420
16685,7,8,17807,490
16685,7,8,17437,560
16685,7,8,17067,630
16685,7,8,1,700
12615,7,8,13356,0
12615,7,8,12986,350
12615,7,8,1,420
19658,7,8,21145,0
19658,7,8,20775,350
19658,7,8,20035,630
19658,7,8,19665,700
19658,7,8,1,770
16694,7,8,18917,0
16694,7,8,18547,350
16694,7,8,17807,420
16694,7,8,17437,490
16694,7,8,16697,560
16694,7,8,1,630
20764,7,8,21888,0
20764,7,8,21518,420
20764,7,8,21148,700
20764,7,8,20778,980
20764,7,8,1,1190
20773,7,8,21148,0
20773,7,8,20778,490
20773,7,8,1,770
20407,7,8,21887,0
20407,7,8,21517,560
20407,7,8,21147,770
20407,7,8,20777,1050
20407,7,8,20407,1260
20407,7,8,1,1330
21885,7,8,22631,0
21885,7,8,22261,560
21885,7,8,21891,840
21885,7,8,1,1050
17805,7,8,19660,0
17805,7,8,19290,350
17805,7,8,18920,420
17805,7,8,18550,490
17805,7,8,17810,560
17805,7,8,1,630
14841,7,8,16692,0
14841,7,8,16322,350
14841,7,8,15952,420
14841,7,8,15212,490
14841,7,8,14842,560
14841,7,8,1,630
23371,7,8,24855,0
23371,7,8,24485,560
23371,7,8,24115,770
23371,7,8,23745,1050
23371,7,8,23375,1330
15203,7,8,19283,0
15203,7,8,18913,350
15203,7,8,18173,420
15203,7,8,17803,490
15203,7,8,17433,560
15203,7,8,16693,630
15203,7,8,16323,700
15203,7,8,15583,770
15203,7,8,15213,840
15203,7,8,1,910
15212,7,8,17063,0
15212,7,8,16693,350
15212,7,8,16323,420
15212,7,8,15583,490
15212,7,8,15213,560
15212,7,8,1,630
19282,7,8,21144,0
19282,7,8,20774,420
19282,7,8,20404,630
19282,7,8,20034,700
19282,7,8,19664,770
19282,7,8,1,840
16318,7,8,19656,0
16318,7,8,19286,350
16318,7,8,18546,420
16318,7,8,18176,490
16318,7,8,17806,560
16318,7,8,17066,630
16318,7,8,16696,700
16318,7,8,1,770
19291,7,8,20774,0
19291,7,8,20404,560
19291,7,8,19664,630
19291,7,8,19294,700
19291,7,8,1,770
16689,7,8,20027,0
16689,7,8,19657,350
16689,7,8,18917,420
16689,7,8,18547,490
16689,7,8,18177,560
16689,7,8,17437,630
16689,7,8,17067,700
16689,7,8,1,770
13725,7,8,14099,0
13725,7,8,13729,350
13725,7,8,1,420
20402,7,8,21147,0
20402,7,8,20777,490
20402,7,8,20407,700
20402,7,8,1,770
21889,7,8,23001,0
21889,7,8,22631,350
21889,7,8,22261,560
21889,7,8,21891,840
21889,7,8,1,1120
17809,7,8,19660,0
17809,7,8,19290,350
17809,7,8,18920,420
17809,7,8,18180,490
17809,7,8,17810,560
17809,7,8,1,630
12243,7,8,12985,0
12243,7,8,12615,350
12243,7,8,1,420
19286,7,8,21144,0
19286,7,8,20774,490
19286,7,8,20034,770
19286,7,8,19664,840
19286,7,8,1,910
16322,7,8,18176,0
16322,7,8,17806,350
16322,7,8,17436,420
16322,7,8,16696,490
16322,7,8,16326,560
16322,7,8,1,630
20397,7,8,21517,0
20397,7,8,21147,490
20397,7,8,20777,770
20397,7,8,1,1050
17433,7,8,19289,0
17433,7,8,18919,350
17433,7,8,18549,420
17433,7,8,18179,490
17433,7,8,17439,560
17433,7,8,1,630
20406,7,8,21147,0
20406,7,8,20777,420
20406,7,8,20407,700
20406,7,8,1,770
21884,7,8,22631,0
21884,7,8,22261,490
21884,7,8,21891,770
21884,7,8,1,980
17795,7,8,21140,0
17795,7,8,20770,420
17795,7,8,20400,630
17795,7,8,20030,700
17795,7,8,19290,770
17795,7,8,18920,840
17795,7,8,18180,910
17795,7,8,17810,980
17795,7,8,1,1050
17804,7,8,19660,0
17804,7,8,19290,350
17804,7,8,18920,420
17804,7,8,18550,490
17804,7,8,17810,560
17804,7,8,1,630
14840,7,8,16692,0
14840,7,8,16322,350
14840,7,8,15952,420
14840,7,8,15212,490
14840,7,8,14842,560
14840,7,8,1,630
23004,7,8,24484,0
23004,7,8,24114,490
23004,7,8,23744,770
23004,7,8,23374,980
23004,7,8,23004,1260
15211,7,8,17063,0
15211,7,8,16693,350
15211,7,8,16323,420
15211,7,8,15583,490
15211,7,8,15213,560
15211,7,8,1,630
19281,7,8,21144,0
19281,7,8,20774,420
19281,7,8,20404,630
19281,7,8,20034,700
19281,7,8,19664,770
19281,7,8,1,840
16326,7,8,21136,0
16326,7,8,20766,350
16326,7,8,20026,630
16326,7,8,19656,700
16326,7,8,18916,770
16326,7,8,18546,840
16326,7,8,18176,910
16326,7,8,17436,980
16326,7,8,17066,1050
16326,7,8,16326,1120
16326,7,8,1,1190
18915,7,8,21143,0
18915,7,8,20773,350
18915,7,8,20403,630
18915,7,8,19663,700
18915,7,8,19293,770
18915,7,8,1,840
13358,7,8,18168,0
13358,7,8,17798,350
13358,7,8,17428,420
13358,7,8,16688,490
13358,7,8,16318,560
13358,7,8,15578,630
13358,7,8,15208,700
13358,7,8,14838,770
13358,7,8,14098,840
13358,7,8,13728,910
13358,7,8,1,980
17428,7,8,20769,0
17428,7,8,20399,420
17428,7,8,20029,490
17428,7,8,19659,560
17428,7,8,18919,630
17428,7,8,18549,700
17428,7,8,17809,770
17428,7,8,17439,840
17428,7,8,1,910
20401,7,8,21147,0
20401,7,8,20777,490
20401,7,8,20407,700
20401,7,8,1,770
17437,7,8,19289,0
17437,7,8,18919,350
17437,7,8,18549,420
17437,7,8,17809,490
17437,7,8,17439,560
17437,7,8,1,630
21888,7,8,23001,0
21888,7,8,22631,490
21888,7,8,22261,700
21888,7,8,21891,980
21888,7,8,1,1190
17799,7,8,20770,0
17799,7,8,20400,490
17799,7,8,20030,560
17799,7,8,19290,630
17799,7,8,18920,700
17799,7,8,18550,770
17799,7,8,17810,840
17799,7,8,1,910
14835,7,8,16692,0
14835,7,8,16322,350
14835,7,8,15952,420
14835,7,8,15582,490
14835,7,8,14842,560
14835,7,8,1,630
17808,7,8,19660,0
17808,7,8,19290,350
17808,7,8,18920,420
17808,7,8,18180,490
17808,7,8,17810,560
17808,7,8,1,630
20035,7,8,21146,0
20035,7,8,20776,420
20035,7,8,20406,630
20035,7,8,20036,700
20035,7,8,1,770
18910,7,8,20773,0
18910,7,8,20033,560
18910,7,8,19663,630
18910,7,8,19293,700
18910,7,8,1,770
18919,7,8,20773,0
18919,7,8,20403,420
18919,7,8,20033,490
18919,7,8,19293,560
18919,7,8,18923,630
18919,7,8,1,700
15955,7,8,20765,0
15955,7,8,20395,560
15955,7,8,19655,630
15955,7,8,19285,700
15955,7,8,18545,770
15955,7,8,18175,840
15955,7,8,17805,910
15955,7,8,17065,980
15955,7,8,16695,1050
15955,7,8,15955,1120
15955,7,8,1,1190
13353,7,8,14098,0
13353,7,8,13728,350
13353,7,8,1,420
20396,7,8,21517,0
20396,7,8,21147,490
20396,7,8,20777,770
20396,7,8,20407,980
20396,7,8,1,1050
17432,7,8,19289,0
17432,7,8,18919,350
17432,7,8,18549,420
17432,7,8,18179,490
17432,7,8,17439,560
17432,7,8,1,630
20405,7,8,21147,0
20405,7,8,20777,420
20405,7,8,20407,700
20405,7,8,1,770
21517,7,8,22630,0
21517,7,8,22260,350
21517,7,8,21890,560
21517,7,8,21520,840
21517,7,8,1,1120
17794,7,8,21140,0
17794,7,8,20770,420
17794,7,8,20400,630
17794,7,8,20030,700
17794,7,8,19290,770
17794,7,8,18920,840
17794,7,8,18550,910
17794,7,8,17810,980
17794,7,8,1,1050
22632,7,8,23373,0
22632,7,8,23003,420
22632,7,8,22633,700
22632,7,8,1,910
14839,7,8,17062,0
14839,7,8,16692,350
14839,7,8,15952,420
14839,7,8,15582,490
14839,7,8,14842,560
14839,7,8,1,630
20021,7,8,21516,0
20021,7,8,21146,560
20021,7,8,20776,840
20021,7,8,20406,1050
20021,7,8,20036,1120
20021,7,8,1,1190
20030,7,8,21146,0
20030,7,8,20776,420
20030,7,8,20406,630
20030,7,8,20036,700
20030,7,8,1,770
23003,7,8,23744,0
23003,7,8,23374,420
23003,7,8,23004,700
23003,7,8,1,910
18914,7,8,21143,0
18914,7,8,20773,350
18914,7,8,20403,630
18914,7,8,19663,700
18914,7,8,19293,770
18914,7,8,1,840
15950,7,8,17805,0
15950,7,8,17435,350
15950,7,8,17065,420
15950,7,8,16695,490
15950,7,8,15955,560
15950,7,8,1,630
18923,7,8,21513,0
18923,7,8,21143,490
18923,7,8,20773,770
18923,7,8,20033,1050
18923,7,8,19663,1120
18923,7,8,18923,1190
18923,7,8,1,1260
12986,7,8,13727,0
12986,7,8,13357,350
12986,7,8,1,420
24114,7,8,25597,0
24114,7,8,25227,490
24114,7,8,24857,770
24114,7,8,24487,980
24114,7,8,24117,1260
24114,7,8,1,1470
20391,7,8,21887,0
20391,7,8,21517,420
20391,7,8,21147,630
20391,7,8,20777,910
20391,7,8,1,1190
13357,7,8,13728,0
13357,7,8,13358,350
13357,7,8,1,420
17427,7,8,20029,0
17427,7,8,19659,350
17427,7,8,19289,420
17427,7,8,18549,490
17427,7,8,18179,560
17427,7,8,17809,630
17427,7,8,1,700
20400,7,8,21147,0
20400,7,8,20777,490
20400,7,8,20407,700
20400,7,8,1,770
17436,7,8,19659,0
17436,7,8,19289,350
17436,7,8,18549,420
17436,7,8,18179,490
17436,7,8,17439,560
17436,7,8,1,630
21512,7,8,22630,0
21512,7,8,22260,490
21512,7,8,21890,770
21512,7,8,21520,980
21512,7,8,1,1260
18548,7,8,20402,0
18548,7,8,20032,350
18548,7,8,19662,420
18548,7,8,19292,490
18548,7,8,18552,560
18548,7,8,1,630
14834,7,8,18172,0
14834,7,8,17802,350
14834,7,8,17062,420
14834,7,8,16692,490
14834,7,8,16322,560
14834,7,8,15582,630
14834,7,8,15212,700
14834,7,8,1,770
14468,7,8,15211,0
14468,7,8,14841,350
14468,7,8,1,420
20025,7,8,21516,0
20025,7,8,21146,420
20025,7,8,20776,700
20025,7,8,20036,980
20025,7,8,1,1050
20034,7,8,21146,0
20034,7,8,20776,420
20034,7,8,20406,630
20034,7,8,20036,700
20034,7,8,1,770
15945,7,8,20025,0
15945,7,8,19655,350
15945,7,8,18915,420
15945,7,8,18545,490
15945,7,8,18175,560
15945,7,8,17435,630
15945,7,8,17065,700
15945,7,8,16325,770
15945,7,8,15955,840
15945,7,8,1,910
18918,7,8,20773,0
18918,7,8,20403,420
18918,7,8,20033,490
18918,7,8,19293,560
18918,7,8,18923,630
18918,7,8,1,700
15954,7,8,17805,0
15954,7,8,17435,350
15954,7,8,17065,420
15954,7,8,16325,490
15954,7,8,15955,560
15954,7,8,1,630
21145,7,8,21889,0
21145,7,8,21519,490
21145,7,8,21149,770
21145,7,8,1,980
17431,7,8,20769,0
17431,7,8,20399,350
17431,7,8,19659,420
17431,7,8,19289,490
17431,7,8,18919,560
17431,7,8,18179,630
17431,7,8,17809,700
17431,7,8,1,770
18543,7,8,20772,0
18543,7,8,20402,490
18543,7,8,20032,560
18543,7,8,19292,630
18543,7,8,18922,700
18543,7,8,18552,770
18543,7,8,1,840
21516,7,8,22260,0
21516,7,8,21890,420
21516,7,8,21520,700
21516,7,8,1,910
15579,7,8,17434,0
15579,7,8,17064,350
15579,7,8,16694,420
15579,7,8,16324,490
15579,7,8,15584,560
15579,7,8,1,630
18552,7,8,21512,0
18552,7,8,21142,420
18552,7,8,20772,630
18552,7,8,20402,910
18552,7,8,19662,980
18552,7,8,19292,1050
18552,7,8,18922,1120
18552,7,8,1,1190
22631,7,8,23743,0
22631,7,8,23373,490
22631,7,8,23003,700
22631,7,8,22633,980
22631,7,8,1,1190
14463,7,8,16321,0
14463,7,8,15951,350
14463,7,8,15581,420
14463,7,8,14841,490
14463,7,8,14471,560
14463,7,8,1,630
20020,7,8,21886,0
20020,7,8,21516,350
20020,7,8,21146,630
20020,7,8,20776,840
20020,7,8,20036,1120
20020,7,8,1,1190
20029,7,8,21146,0
20029,7,8,20776,420
20029,7,8,20406,630
20029,7,8,20036,700
20029,7,8,1,770
18913,7,8,21143,0
18913,7,8,20773,490
18913,7,8,20403,700
18913,7,8,20033,770
18913,7,8,19293,840
18913,7,8,18923,910
18913,7,8,1,980
15949,7,8,17805,0
15949,7,8,17435,350
15949,7,8,17065,420
15949,7,8,16695,490
15949,7,8,15955,560
15949,7,8,1,630
12985,7,8,13727,0
12985,7,8,13357,350
12985,7,8,1,420
21140,7,8,21889,0
21140,7,8,21519,420
21140,7,8,21149,630
21140,7,8,1,910
24113,7,8,25597,0
24113,7,8,25227,490
24113,7,8,24857,770
24113,7,8,24487,980
24113,7,8,24117,1260
21149,7,8,22629,0
21149,7,8,22259,350
21149,7,8,21889,630
21149,7,8,21519,840
21149,7,8,21149,1120
21149,7,8,1,1330
21511,7,8,22630,0
21511,7,8,22260,350
21511,7,8,21890,560
21511,7,8,21520,840
21511,7,8,1,1120
18547,7,8,20772,0
18547,7,8,20402,350
18547,7,8,19662,420
18547,7,8,19292,490
18547,7,8,18552,560
18547,7,8,1,630
21520,7,8,23000,0
21520,7,8,22630,350
21520,7,8,22260,630
21520,7,8,21890,840
21520,7,8,21520,1120
21520,7,8,1,1330
15583,7,8,17434,0
15583,7,8,17064,350
15583,7,8,16694,420
15583,7,8,15954,490
15583,7,8,15584,560
15583,7,8,1,630
14467,7,8,14841,0
14467,7,8,14471,350
14467,7,8,1,420
11503,7,8,17053,0
11503,7,8,16683,350
11503,7,8,16313,420
11503,7,8,15573,490
11503,7,8,15203,560
11503,7,8,14463,630
11503,7,8,14093,700
11503,7,8,13723,770
11503,7,8,12983,840
11503,7,8,12613,910
11503,7,8,11873,980
11503,7,8,11503,1050
11503,7,8,1,1120
20024,7,8,21146,0
20024,7,8,20776,490
20024,7,8,20406,770
20024,7,8,1,840
18908,7,8,21513,0
18908,7,8,21143,350
18908,7,8,20773,560
18908,7,8,20403,840
18908,7,8,19663,910
18908,7,8,19293,980
18908,7,8,18923,1050
18908,7,8,1,1120
11874,7,8,17424,0
11874,7,8,17054,350
11874,7,8,16314,420
11874,7,8,15944,490
11874,7,8,15574,560
11874,7,8,14834,630
11874,7,8,14464,700
11874,7,8,13724,770
11874,7,8,13354,840
11874,7,8,12984,910
11874,7,8,12244,980
11874,7,8,11874,1050
11874,7,8,1,1120
15944,7,8,20025,0
15944,7,8,19655,350
15944,7,8,18915,420
15944,7,8,18545,490
15944,7,8,18175,560
15944,7,8,17435,630
15944,7,8,17065,700
15944,7,8,16325,770
15944,7,8,15955,840
15944,7,8,1,910
17056,7,8,19658,0
17056,7,8,19288,350
17056,7,8,18918,420
17056,7,8,18178,490
17056,7,8,17808,560
17056,7,8,17438,630
17056,7,8,1,700
17065,7,8,19288,0
17065,7,8,18918,350
17065,7,8,18178,420
17065,7,8,17808,490
17065,7,8,17068,560
17065,7,8,1,630
21135,7,8,21889,0
21135,7,8,21519,560
21135,7,8,21149,840
21135,7,8,1,1050
21144,7,8,21889,0
21144,7,8,21519,490
21144,7,8,21149,770
21144,7,8,1,980
18180,7,8,20031,0
18180,7,8,19661,350
18180,7,8,19291,420
18180,7,8,18551,490
18180,7,8,18181,560
18180,7,8,1,630
18542,7,8,21142,0
18542,7,8,20772,350
18542,7,8,20032,630
18542,7,8,19662,700
18542,7,8,19292,770
18542,7,8,18552,840
18542,7,8,1,910
21515,7,8,22260,0
21515,7,8,21890,420
21515,7,8,21520,700
21515,7,8,1,910
15578,7,8,17434,0
15578,7,8,17064,350
15578,7,8,16694,420
15578,7,8,16324,490
15578,7,8,15584,560
15578,7,8,1,630
18551,7,8,20402,0
18551,7,8,20032,350
18551,7,8,19662,420
18551,7,8,18922,490
18551,7,8,18552,560
18551,7,8,1,630
22630,7,8,24113,0
22630,7,8,23743,560
22630,7,8,23373,770
22630,7,8,23003,1050
22630,7,8,22633,1260
14471,7,8,19281,0
14471,7,8,18911,350
14471,7,8,18541,420
14471,7,8,17801,490
14471,7,8,17431,560
14471,7,8,16691,630
14471,7,8,16321,700
14471,7,8,15951,770
14471,7,8,15211,840
14471,7,8,14841,910
14471,7,8,1,980
19653,7,8,21145,0
19653,7,8,20775,490
19653,7,8,20405,700
19653,7,8,20035,770
19653,7,8,1,840
19662,7,8,21145,0
19662,7,8,20775,350
19662,7,8,20405,630
19662,7,8,19665,700
19662,7,8,1,770
20768,7,8,21518,0
20768,7,8,21148,560
20768,7,8,20778,840
20768,7,8,1,1050
20777,7,8,21148,0
20777,7,8,20778,490
20777,7,8,1,770
12984,7,8,13727,0
12984,7,8,13357,350
12984,7,8,12987,420
12984,7,8,1,490
17060,7,8,20398,0
17060,7,8,20028,350
17060,7,8,19288,420
17060,7,8,18918,490
17060,7,8,18548,560
17060,7,8,17808,630
17060,7,8,17438,700
17060,7,8,1,770
14096,7,8,14470,0
14096,7,8,14100,350
14096,7,8,1,420
18166,7,8,21141,0
18166,7,8,20771,420
18166,7,8,20401,700
18166,7,8,19661,770
18166,7,8,19291,840
18166,7,8,18551,910
18166,7,8,18181,980
18166,7,8,1,1050
21139,7,8,22259,0
21139,7,8,21889,490
21139,7,8,21519,700
21139,7,8,21149,980
21139,7,8,1,1190
24112,7,8,25967,0
24112,7,8,25597,420
24112,7,8,25227,630
24112,7,8,24857,910
24112,7,8,24487,1190
24112,7,8,24117,1400
18175,7,8,20401,0
18175,7,8,20031,350
18175,7,8,19291,420
18175,7,8,18921,490
18175,7,8,18181,560
18175,7,8,1,630
21148,7,8,21519,0
21148,7,8,21149,560
21148,7,8,1,770
18537,7,8,21142,0
18537,7,8,20772,490
18537,7,8,20032,770
18537,7,8,19662,840
18537,7,8,18922,910
18537,7,8,18552,980
18537,7,8,1,1050
15573,7,8,19654,0
15573,7,8,19284,350
15573,7,8,18544,420
15573,7,8,18174,490
15573,7,8,17804,560
15573,7,8,17064,630
15573,7,8,16694,700
15573,7,8,15954,770
15573,7,8,15584,840
15573,7,8,1,910
18546,7,8,20772,0
18546,7,8,20402,350
18546,7,8,19662,420
18546,7,8,19292,490
18546,7,8,18552,560
18546,7,8,1,630
15582,7,8,17434,0
15582,7,8,17064,350
15582,7,8,16694,420
15582,7,8,15954,490
15582,7,8,15584,560
15582,7,8,1,630
22259,7,8,23742,0
22259,7,8,23372,560
22259,7,8,23002,770
22259,7,8,22632,1050
22259,7,8,22262,1260
14466,7,8,15211,0
14466,7,8,14841,350
14466,7,8,1,420
12614,7,8,13356,0
12614,7,8,12986,350
12614,7,8,1,420
19657,7,8,21145,0
19657,7,8,20775,560
19657,7,8,20405,770
19657,7,8,20035,840
19657,7,8,19665,910
19657,7,8,1,980
16693,7,8,18547,0
16693,7,8,18177,350
16693,7,8,17807,420
16693,7,8,17067,490
16693,7,8,16697,560
16693,7,8,1,630
20763,7,8,21888,0
20763,7,8,21518,420
20763,7,8,21148,700
20763,7,8,20778,910
20763,7,8,1,1190
13729,7,8,18539,0
13729,7,8,18169,350
13729,7,8,17799,420
13729,7,8,17059,490
13729,7,8,16689,560
13729,7,8,15949,630
13729,7,8,15579,700
13729,7,8,15209,770
13729,7,8,14469,840
13729,7,8,14099,910
13729,7,8,1,980
20772,7,8,21148,0
20772,7,8,20778,490
20772,7,8,1,770
17064,7,8,18918,0
17064,7,8,18548,350
17064,7,8,18178,420
17064,7,8,17438,490
17064,7,8,17068,560
17064,7,8,1,630
21134,7,8,21889,0
21134,7,8,21519,490
21134,7,8,21149,770
21134,7,8,1,980
14100,7,8,18910,0
14100,7,8,18540,350
14100,7,8,18170,420
14100,7,8,17430,490
14100,7,8,17060,560
14100,7,8,16320,630
14100,7,8,15950,700
14100,7,8,15580,770
14100,7,8,14840,840
14100,7,8,14470,910
14100,7,8,1,980
18170,7,8,20771,0
18170,7,8,20401,560
18170,7,8,19661,630
18170,7,8,19291,700
18170,7,8,18921,770
18170,7,8,18181,840
18170,7,8,1,910
21143,7,8,22259,0
21143,7,8,21889,350
21143,7,8,21519,560
21143,7,8,21149,840
21143,7,8,1,1120
18179,7,8,20031,0
18179,7,8,19661,350
18179,7,8,19291,420
18179,7,8,18921,490
18179,7,8,18181,560
18179,7,8,1,630
15577,7,8,17434,0
15577,7,8,17064,350
15577,7,8,16694,420
15577,7,8,16324,490
15577,7,8,15584,560
15577,7,8,1,630
19290,7,8,20774,0
19290,7,8,20034,560
19290,7,8,19664,630
19290,7,8,19294,700
19290,7,8,1,770
19652,7,8,21145,0
19652,7,8,20775,490
19652,7,8,20405,700
19652,7,8,20035,770
19652,7,8,1,840
16688,7,8,20027,0
16688,7,8,19657,350
16688,7,8,18917,420
16688,7,8,18547,490
16688,7,8,18177,560
16688,7,8,17437,630
16688,7,8,17067,700
16688,7,8,1,770
19661,7,8,21145,0
19661,7,8,20775,350
19661,7,8,20035,630
19661,7,8,19665,700
19661,7,8,1,770
13724,7,8,14469,0
13724,7,8,14099,350
13724,7,8,1,420
20767,7,8,21518,0
20767,7,8,21148,560
20767,7,8,20778,840
20767,7,8,1,1050
16697,7,8,21137,0
16697,7,8,20767,420
16697,7,8,20397,630
16697,7,8,20027,700
16697,7,8,19287,770
16697,7,8,18917,840
16697,7,8,18547,910
16697,7,8,17807,980
16697,7,8,17437,1050
16697,7,8,16697,1120
16697,7,8,1,1190
20776,7,8,21148,0
20776,7,8,20778,490
20776,7,8,1,770
17059,7,8,20398,0
17059,7,8,20028,350
17059,7,8,19288,420
17059,7,8,18918,490
17059,7,8,18548,560
17059,7,8,17808,630
17059,7,8,17438,700
17059,7,8,1,770
18165,7,8,21141,0
18165,7,8,20771,490
18165,7,8,20401,700
18165,7,8,20031,770
18165,7,8,19291,840
18165,7,8,18921,910
18165,7,8,18181,980
18165,7,8,1,1050
14095,7,8,14840,0
14095,7,8,14470,350
14095,7,8,1,420
21138,7,8,22259,0
21138,7,8,21889,490
21138,7,8,21519,700
21138,7,8,21149,980
21138,7,8,1,1190
18174,7,8,20401,0
18174,7,8,20031,350
18174,7,8,19291,420
18174,7,8,18921,490
18174,7,8,18181,560
18174,7,8,1,630
23374,7,8,24115,0
23374,7,8,23745,420
23374,7,8,23375,700
23374,7,8,1,910
15206,7,8,17063,0
15206,7,8,16693,350
15206,7,8,16323,420
15206,7,8,15953,490
15206,7,8,15213,560
15206,7,8,1,630
19285,7,8,21144,0
19285,7,8,20774,490
19285,7,8,20034,770
19285,7,8,19664,840
19285,7,8,1,910
22258,7,8,23742,0
22258,7,8,23372,560
22258,7,8,23002,770
22258,7,8,22632,1050
22258,7,8,22262,1260
16321,7,8,18176,0
16321,7,8,17806,350
16321,7,8,17436,420
16321,7,8,17066,490
16321,7,8,16326,560
16321,7,8,1,630
19294,7,8,21884,0
19294,7,8,21514,350
19294,7,8,21144,630
19294,7,8,20774,840
19294,7,8,20404,1120
19294,7,8,19664,1190
19294,7,8,19294,1260
19294,7,8,1,1330
16683,7,8,20767,0
16683,7,8,20397,490
16683,7,8,19657,560
16683,7,8,19287,630
16683,7,8,18917,700
16683,7,8,18177,770
16683,7,8,17807,840
16683,7,8,17067,910
16683,7,8,16697,980
16683,7,8,1,1050
12613,7,8,13356,0
12613,7,8,12986,350
12613,7,8,12616,420
12613,7,8,1,490
19656,7,8,21145,0
19656,7,8,20775,560
19656,7,8,20405,770
19656,7,8,20035,840
19656,7,8,19665,910
19656,7,8,1,980
16692,7,8,18547,0
16692,7,8,18177,350
16692,7,8,17807,420
16692,7,8,17437,490
16692,7,8,16697,560
16692,7,8,1,630
20762,7,8,21888,0
20762,7,8,21518,490
20762,7,8,21148,700
20762,7,8,20778,980
20762,7,8,1,1190
19665,7,8,21885,0
19665,7,8,21515,420
19665,7,8,21145,700
19665,7,8,20775,910
19665,7,8,20405,1190
19665,7,8,19665,1260
19665,7,8,1,1330
13728,7,8,14099,0
13728,7,8,13729,350
13728,7,8,1,420
20771,7,8,21148,0
20771,7,8,20778,490
20771,7,8,1,770
17054,7,8,20768,0
17054,7,8,20028,560
17054,7,8,19658,630
17054,7,8,19288,700
17054,7,8,18548,770
17054,7,8,18178,840
17054,7,8,17438,910
17054,7,8,17068,980
17054,7,8,1,1050
21883,7,8,23001,0
21883,7,8,22631,490
21883,7,8,22261,700
21883,7,8,21891,980
21883,7,8,1,1190
14099,7,8,14470,0
14099,7,8,14100,350
14099,7,8,1,420
18169,7,8,20771,0
18169,7,8,20401,350
18169,7,8,20031,420
18169,7,8,19661,490
18169,7,8,18921,560
18169,7,8,18551,630
18169,7,8,1,700
17803,7,8,19660,0
17803,7,8,19290,350
17803,7,8,18920,420
17803,7,8,18550,490
17803,7,8,17810,560
17803,7,8,1,630
15210,7,8,17433,0
15210,7,8,17063,350
15210,7,8,16323,420
15210,7,8,15953,490
15210,7,8,15213,560
15210,7,8,1,630
16316,7,8,20396,0
16316,7,8,20026,350
16316,7,8,19286,420
16316,7,8,18916,490
16316,7,8,18546,560
16316,7,8,17806,630
16316,7,8,17436,700
16316,7,8,16696,770
16316,7,8,16326,840
16316,7,8,1,910
19289,7,8,20774,0
19289,7,8,20404,560
19289,7,8,19664,630
19289,7,8,19294,700
19289,7,8,1,770
22262,7,8,23742,0
22262,7,8,23372,490
22262,7,8,23002,770
22262,7,8,22632,980
22262,7,8,22262,1260
22262,7,8,1,1470
16325,7,8,18176,0
16325,7,8,17806,350
16325,7,8,17436,420
16325,7,8,16696,490
16325,7,8,16326,560
16325,7,8,1,630
16687,7,8,20767,0
16687,7,8,20397,350
16687,7,8,19657,420
16687,7,8,19287,490
16687,7,8,18917,560
16687,7,8,18177,630
16687,7,8,17807,700
16687,7,8,17067,770
16687,7,8,16697,840
16687,7,8,1,910
13723,7,8,14469,0
13723,7,8,14099,350
13723,7,8,1,420
16696,7,8,18547,0
16696,7,8,18177,350
16696,7,8,17807,420
16696,7,8,17067,490
16696,7,8,16697,560
16696,7,8,1,630
20766,7,8,21518,0
20766,7,8,21148,420
20766,7,8,20778,630
20766,7,8,1,910
1,8,9,1,0
21887,8,9,23001,0
21887,8,9,22631,490
21887,8,9,22261,770
21887,8,9,21891,980
21887,8,9,1,1260
17798,8,9,20400,0
17798,8,9,20030,350
17798,8,9,19660,420
17798,8,9,19290,490
17798,8,9,18550,560
17798,8,9,18180,630
17798,8,9,1,700
17807,8,9,20030,0
17807,8,9,19660,350
17807,8,9,18920,420
17807,8,9,18550,490
17807,8,9,18180,560
17807,8,9,1,630
23373,8,9,24485,0
23373,8,9,24115,490
23373,8,9,23745,700
23373,8,9,23375,980
23373,8,9,1,1260
15205,8,9,18543,0
15205,8,9,18173,350
15205,8,9,17803,420
15205,8,9,17063,490
15205,8,9,16693,560
15205,8,9,15953,630
15205,8,9,15583,700
15205,8,9,15213,770
15205,8,9,1,840
19284,8,9,21514,0
19284,8,9,21144,350
19284,8,9,20774,630
19284,8,9,20404,840
19284,8,9,20034,910
19284,8,9,19294,980
19284,8,9,1,1050
16320,8,9,18176,0
16320,8,9,17806,350
16320,8,9,17436,420
16320,8,9,17066,490
16320,8,9,16326,560
16320,8,9,1,630
19293,8,9,20774,0
19293,8,9,20034,560
19293,8,9,19664,630
19293,8,9,19294,700
19293,8,9,1,770
24484,8,9,25968,0
24484,8,9,25598,490
24484,8,9,25228,770
24484,8,9,24858,980
24484,8,9,24488,1260
13727,8,9,14099,0
13727,8,9,13729,350
13727,8,9,1,420
20395,8,9,21517,0
20395,8,9,21147,350
20395,8,9,20777,560
20395,8,9,20407,840
20395,8,9,1,910
20404,8,9,21147,0
20404,8,9,20777,490
20404,8,9,20407,700
20404,8,9,1,770
24855,8,9,26339,0
24855,8,9,25969,490
24855,8,9,25599,770
24855,8,9,25229,980
24855,8,9,24859,1260
24855,8,9,1,1470
21891,8,9,23371,0
21891,8,9,23001,350
21891,8,9,22631,630
21891,8,9,22261,840
21891,8,9,21891,1120
21891,8,9,1,1330
17802,8,9,20770,0
17802,8,9,20400,420
17802,8,9,19660,490
17802,8,9,19290,560
17802,8,9,18920,630
17802,8,9,18180,700
17802,8,9,17810,770
17802,8,9,1,840
14838,8,9,16692,0
14838,8,9,16322,350
14838,8,9,15952,420
14838,8,9,15582,490
14838,8,9,14842,560
14838,8,9,1,630
23002,8,9,24114,0
23002,8,9,23744,490
23002,8,9,23374,700
23002,8,9,23004,980
23002,8,9,1,1260
15209,8,9,17063,0
15209,8,9,16693,350
15209,8,9,16323,420
15209,8,9,15953,490
15209,8,9,15213,560
15209,8,9,1,630
12245,8,9,17425,0
12245,8,9,17055,350
12245,8,9,16315,420
12245,8,9,15945,490
12245,8,9,15205,560
12245,8,9,14835,630
12245,8,9,14465,700
12245,8,9,13725,770
12245,8,9,13355,840
12245,8,9,12615,910
12245,8,9,12245,980
12245,8,9,1,1050
16315,8,9,20396,0
16315,8,9,20026,350
16315,8,9,19656,420
16315,8,9,18916,490
16315,8,9,18546,560
16315,8,9,17806,630
16315,8,9,17436,700
16315,8,9,17066,770
16315,8,9,16326,840
16315,8,9,1,910
19288,8,9,20774,0
19288,8,9,20404,560
19288,8,9,19664,630
19288,8,9,19294,700
19288,8,9,1,770
16324,8,9,18176,0
16324,8,9,17806,350
16324,8,9,17436,420
16324,8,9,16696,490
16324,8,9,16326,560
16324,8,9,1,630
18922,8,9,20773,0
18922,8,9,20403,420
18922,8,9,20033,490
18922,8,9,19293,560
18922,8,9,18923,630
18922,8,9,1,700
24488,8,9,25968,0
24488,8,9,25598,490
24488,8,9,25228,770
24488,8,9,24858,980
24488,8,9,24488,1260
24488,8,9,1,1470
17426,8,9,20029,0
17426,8,9,19659,350
17426,8,9,19289,420
17426,8,9,18919,490
17426,8,9,18179,560
17426,8,9,17809,630
17426,8,9,1,700
13356,8,9,13728,0
13356,8,9,13358,350
13356,8,9,1,420
20399,8,9,21517,0
20399,8,9,21147,420
20399,8,9,20777,700
20399,8,9,20407,910
20399,8,9,1,980
17435,8,9,19289,0
17435,8,9,18919,350
17435,8,9,18549,420
17435,8,9,18179,490
17435,8,9,17439,560
17435,8,9,1,630
21886,8,9,23001,0
21886,8,9,22631,350
21886,8,9,22261,560
21886,8,9,21891,840
21886,8,9,1,1120
17797,8,9,20400,0
17797,8,9,20030,350
17797,8,9,19660,420
17797,8,9,19290,490
17797,8,9,18550,560
17797,8,9,18180,630
17797,8,9,1,700
25599,8,9,26711,0
25599,8,9,26341,420
25599,8,9,25971,700
25599,8,9,25601,980
25599,8,9,1,1190
17806,8,9,19660,0
17806,8,9,19290,350
17806,8,9,18920,420
17806,8,9,18550,490
17806,8,9,17810,560
17806,8,9,1,630
14842,8,9,20762,0
14842,8,9,20022,420
14842,8,9,19652,490
14842,8,9,19282,560
14842,8,9,18542,630
14842,8,9,18172,700
14842,8,9,17432,770
14842,8,9,17062,840
14842,8,9,16692,910
14842,8,9,15952,980
14842,8,9,15582,1050
14842,8,9,14842,1120
14842,8,9,1,1190
20033,8,9,21146,0
20033,8,9,20776,420
20033,8,9,20036,700
20033,8,9,1,770
18917,8,9,20773,0
18917,8,9,20403,420
18917,8,9,20033,490
18917,8,9,19293,560
18917,8,9,18923,630
18917,8,9,1,700
15953,8,9,17805,0
15953,8,9,17435,350
15953,8,9,17065,420
15953,8,9,16325,490
15953,8,9,15955,560
15953,8,9,1,630
20394,8,9,21517,0
20394,8,9,21147,350
20394,8,9,20777,560
20394,8,9,20407,840
20394,8,9,1,910
17430,8,9,20769,0
17430,8,9,20399,350
17430,8,9,20029,420
17430,8,9,19289,490
17430,8,9,18919,560
17430,8,9,18179,630
17430,8,9,17809,700
17430,8,9,17439,770
17430,8,9,1,840
20403,8,9,21147,0
20403,8,9,20777,490
20403,8,9,20407,700
20403,8,9,1,770
17439,8,9,21139,0
17439,8,9,20769,490
17439,8,9,20029,770
17439,8,9,19659,840
17439,8,9,19289,910
17439,8,9,18549,980
17439,8,9,18179,1050
17439,8,9,17439,1120
17439,8,9,1,1190
17801,8,9,20770,0
17801,8,9,20400,420
17801,8,9,19660,490
17801,8,9,19290,560
17801,8,9,18920,630
17801,8,9,18180,700
17801,8,9,17810,770
17801,8,9,1,840
20028,8,9,21516,0
20028,8,9,21146,350
20028,8,9,20776,630
20028,8,9,20406,840
20028,8,9,20036,910
20028,8,9,1,980
23001,8,9,24484,0
23001,8,9,24114,560
23001,8,9,23744,770
23001,8,9,23374,1050
23001,8,9,23004,1260
18921,8,9,20773,0
18921,8,9,20403,420
18921,8,9,20033,490
18921,8,9,19293,560
18921,8,9,18923,630
18921,8,9,1,700
17425,8,9,21139,0
17425,8,9,20769,350
17425,8,9,20399,560
17425,8,9,20029,630
17425,8,9,19659,700
17425,8,9,18919,770
17425,8,9,18549,840
17425,8,9,17809,910
17425,8,9,17439,980
17425,8,9,1,1050
13355,8,9,14098,0
13355,8,9,13728,350
13355,8,9,1,420
20398,8,9,21517,0
20398,8,9,21147,420
20398,8,9,20777,700
20398,8,9,20407,910
20398,8,9,1,980
17434,8,9,19289,0
17434,8,9,18919,350
17434,8,9,18549,420
17434,8,9,18179,490
17434,8,9,17439,560
17434,8,9,1,630
21519,8,9,21890,0
21519,8,9,21520,560
21519,8,9,1,840
17796,8,9,21140,0
17796,8,9,20770,420
17796,8,9,20400,630
17796,8,9,20030,700
17796,8,9,19290,770
17796,8,9,18920,840
17796,8,9,18550,910
17796,8,9,17810,980
17796,8,9,1,1050
25598,8,9,27081,0
25598,8,9,26711,420
25598,8,9,26341,700
25598,8,9,25971,980
25598,8,9,25601,1190
25598,8,9,1,1470
20023,8,9,21146,0
20023,8,9,20776,560
20023,8,9,20406,770
20023,8,9,20036,840
20023,8,9,1,910
20032,8,9,21146,0
20032,8,9,20776,420
20032,8,9,20406,630
20032,8,9,20036,700
20032,8,9,1,770
11873,8,9,12984,0
11873,8,9,12614,350
11873,8,9,12244,420
11873,8,9,1,490
18916,8,9,20773,0
18916,8,9,20403,420
18916,8,9,20033,490
18916,8,9,19293,560
18916,8,9,18923,630
18916,8,9,1,700
15952,8,9,18175,0
15952,8,9,17805,350
15952,8,9,17065,420
15952,8,9,16695,490
15952,8,9,15955,560
15952,8,9,1,630
24116,8,9,24857,0
24116,8,9,24487,420
24116,8,9,24117,700
24116,8,9,1,910
20393,8,9,21887,0
20393,8,9,21517,420
20393,8,9,21147,630
20393,8,9,20777,910
20393,8,9,20407,1120
20393,8,9,1,1190
17438,8,9,19289,0
17438,8,9,18919,350
17438,8,9,18549,420
17438,8,9,17809,490
17438,8,9,17439,560
17438,8,9,1,630
18541,8,9,21142,0
18541,8,9,20772,350
18541,8,9,20402,630
18541,8,9,19662,700
18541,8,9,19292,770
18541,8,9,18552,840
18541,8,9,1,910
21514,8,9,22630,0
21514,8,9,22260,490
21514,8,9,21890,700
21514,8,9,21520,980
21514,8,9,1,1260
18550,8,9,20402,0
18550,8,9,20032,350
18550,8,9,19662,420
18550,8,9,19292,490
18550,8,9,18552,560
18550,8,9,1,630
22629,8,9,24113,0
22629,8,9,23743,560
22629,8,9,23373,770
22629,8,9,23003,1050
22629,8,9,22633,1260
14470,8,9,14841,0
14470,8,9,14471,350
14470,8,9,1,420
20027,8,9,21516,0
20027,8,9,21146,350
20027,8,9,20776,630
20027,8,9,20406,840
20027,8,9,20036,910
20027,8,9,1,980
23000,8,9,24484,0
23000,8,9,24114,560
23000,8,9,23744,770
23000,8,9,23374,1050
23000,8,9,23004,1330
20036,8,9,21886,0
20036,8,9,21516,490
20036,8,9,21146,700
20036,8,9,20776,980
20036,8,9,20036,1260
20036,8,9,1,1330
18911,8,9,20773,0
18911,8,9,20033,560
18911,8,9,19663,630
18911,8,9,19293,700
18911,8,9,1,770
15947,8,9,19285,0
15947,8,9,18915,350
15947,8,9,18545,420
15947,8,9,17805,490
15947,8,9,17435,560
15947,8,9,16695,630
15947,8,9,16325,700
15947,8,9,15955,770
15947,8,9,1,840
18920,8,9,20773,0
18920,8,9,20403,420
18920,8,9,20033,490
18920,8,9,19663,560
18920,8,9,18923,630
18920,8,9,1,700
12983,8,9,13727,0
12983,8,9,13357,350
12983,8,9,12987,420
12983,8,9,1,490
17068,8,9,21138,0
17068,8,9,20768,420
17068,8,9,20398,700
17068,8,9,19658,770
17068,8,9,19288,840
17068,8,9,18918,910
17068,8,9,18178,980
17068,8,9,17808,1050
17068,8,9,17068,1120
17068,8,9,1,1190
21147,8,9,21519,0
21147,8,9,21149,560
21147,8,9,1,770
17424,8,9,21139,0
17424,8,9,20769,350
17424,8,9,20399,560
17424,8,9,20029,630
17424,8,9,19659,700
17424,8,9,18919,770
17424,8,9,18549,840
17424,8,9,17809,910
17424,8,9,17439,980
17424,8,9,1,1050
13354,8,9,14098,0
13354,8,9,13728,350
13354,8,9,1,420
25226,8,9,26710,0
25226,8,9,26340,490
25226,8,9,25970,770
25226,8,9,25600,980
25226,8,9,25230,1260
25226,8,9,1,1470
18545,8,9,20772,0
18545,8,9,20402,350
18545,8,9,19662,420
18545,8,9,19292,490
18545,8,9,18552,560
18545,8,9,1,630
21518,8,9,22630,0
21518,8,9,22260,350
21518,8,9,21890,630
21518,8,9,21520,840
21518,8,9,1,1120
15581,8,9,17804,0
15581,8,9,17434,350
15581,8,9,16694,420
15581,8,9,16324,490
15581,8,9,15584,560
15581,8,9,1,630
25597,8,9,27081,0
25597,8,9,26711,420
25597,8,9,26341,700
25597,8,9,25971,980
25597,8,9,25601,1190
25597,8,9,1,1470
22633,8,9,24113,0
22633,8,9,23743,490
22633,8,9,23373,770
22633,8,9,23003,980
22633,8,9,22633,1260
22633,8,9,1,1470
14465,8,9,15211,0
14465,8,9,14841,350
14465,8,9,1,420
20022,8,9,21886,0
20022,8,9,21516,350
20022,8,9,21146,560
20022,8,9,20776,840
20022,8,9,20036,1120
20022,8,9,1,1190
20031,8,9,21146,0
20031,8,9,20776,420
20031,8,9,20406,630
20031,8,9,20036,700
20031,8,9,1,770
23744,8,9,24856,0
23744,8,9,24486,490
23744,8,9,24116,770
23744,8,9,23746,980
23744,8,9,1,1260
15951,8,9,17805,0
15951,8,9,17435,350
15951,8,9,17065,420
15951,8,9,16695,490
15951,8,9,15955,560
15951,8,9,1,630
12987,8,9,18167,0
12987,8,9,17797,350
12987,8,9,17057,420
12987,8,9,16687,490
12987,8,9,15947,560
12987,8,9,15577,630
12987,8,9,15207,700
12987,8,9,14467,770
12987,8,9,14097,840
12987,8,9,13357,910
12987,8,9,12987,980
12987,8,9,1,1050
17063,8,9,18918,0
17063,8,9,18548,350
17063,8,9,18178,420
17063,8,9,17808,490
17063,8,9,17068,560
17063,8,9,1,630
21142,8,9,22259,0
21142,8,9,21889,350
21142,8,9,21519,560
21142,8,9,21149,840
21142,8,9,1,1120
24115,8,9,25227,0
24115,8,9,24857,490
24115,8,9,24487,700
24115,8,9,24117,980
24115,8,9,1,1190
18178,8,9,20401,0
18178,8,9,20031,350
18178,8,9,19291,420
18178,8,9,18921,490
18178,8,9,18551,560
18178,8,9,1,630
18540,8,9,20772,0
18540,8,9,20402,420
18540,8,9,20032,490
18540,8,9,19292,560
18540,8,9,18922,630
18540,8,9,18552,700
18540,8,9,1,770
21513,8,9,22630,0
21513,8,9,22260,490
21513,8,9,21890,700
21513,8,9,21520,980
21513,8,9,1,1260
15576,8,9,18914,0
15576,8,9,18544,350
15576,8,9,18174,420
15576,8,9,17434,490
15576,8,9,17064,560
15576,8,9,16324,630
15576,8,9,15954,700
15576,8,9,15584,770
15576,8,9,1,840
18549,8,9,20772,0
18549,8,9,20402,350
18549,8,9,19662,420
18549,8,9,19292,490
18549,8,9,18922,560
18549,8,9,1,630
14469,8,9,14841,0
14469,8,9,14471,350
14469,8,9,1,420
20026,8,9,21516,0
20026,8,9,21146,490
20026,8,9,20776,700
20026,8,9,20036,980
20026,8,9,1,1050
19660,8,9,21145,0
19660,8,9,20775,350
19660,8,9,20035,630
19660,8,9,19665,700
19660,8,9,1,770
20775,8,9,21148,0
20775,8,9,20778,490
20775,8,9,1,770
17067,8,9,18918,0
17067,8,9,18548,350
17067,8,9,18178,420
17067,8,9,17438,490
17067,8,9,17068,560
17067,8,9,1,630
21137,8,9,22259,0
21137,8,9,21889,490
21137,8,9,21519,700
21137,8,9,21149,980
21137,8,9,1,1260
18173,8,9,20771,0
18173,8,9,20031,490
18173,8,9,19661,560
18173,8,9,19291,630
18173,8,9,18551,700
18173,8,9,18181,770
18173,8,9,1,840
21146,8,9,21519,0
21146,8,9,21149,560
21146,8,9,1,770
18544,8,9,20772,0
18544,8,9,20402,490
18544,8,9,20032,560
18544,8,9,19662,630
18544,8,9,18922,700
18544,8,9,18552,770
18544,8,9,1,840
15580,8,9,17434,0
15580,8,9,17064,350
15580,8,9,16694,420
15580,8,9,16324,490
15580,8,9,15584,560
15580,8,9,1,630
14464,8,9,15211,0
14464,8,9,14841,350
14464,8,9,1,420
19655,8,9,21515,0
19655,8,9,21145,420
19655,8,9,20775,630
19655,8,9,20405,910
19655,8,9,19665,980
19655,8,9,1,1050
16691,8,9,18547,0
16691,8,9,18177,350
16691,8,9,17807,420
16691,8,9,17437,490
16691,8,9,16697,560
16691,8,9,1,630
19664,8,9,21145,0
19664,8,9,20775,350
19664,8,9,20035,630
19664,8,9,19665,700
19664,8,9,1,770
20770,8,9,21518,0
20770,8,9,21148,490
20770,8,9,20778,700
20770,8,9,1,980
23743,8,9,25226,0
23743,8,9,24856,560
23743,8,9,24486,770
23743,8,9,24116,1050
23743,8,9,23746,1330
17053,8,9,20768,0
17053,8,9,20028,560
17053,8,9,19658,630
17053,8,9,19288,700
17053,8,9,18548,770
17053,8,9,18178,840
17053,8,9,17438,910
17053,8,9,17068,980
17053,8,9,1,1050
17062,8,9,18918,0
17062,8,9,18548,350
17062,8,9,18178,420
17062,8,9,17808,490
17062,8,9,17068,560
17062,8,9,1,630
14098,8,9,14470,0
14098,8,9,14100,350
14098,8,9,1,420
18168,8,9,20771,0
18168,8,9,20031,420
18168,8,9,19661,490
18168,8,9,18921,560
18168,8,9,18551,630
18168,8,9,18181,700
18168,8,9,1,770
21141,8,9,21889,0
21141,8,9,21519,420
21141,8,9,21149,630
21141,8,9,1,910
18177,8,9,20401,0
18177,8,9,20031,350
18177,8,9,19291,420
18177,8,9,18921,490
18177,8,9,18181,560
18177,8,9,1,630
18539,8,9,20772,0
18539,8,9,20402,420
18539,8,9,20032,490
18539,8,9,19292,560
18539,8,9,18922,630
18539,8,9,18552,700
18539,8,9,1,770
15584,8,9,20764,0
15584,8,9,20394,490
15584,8,9,20024,560
15584,8,9,19284,630
15584,8,9,18914,700
15584,8,9,18174,770
15584,8,9,17804,840
15584,8,9,17434,910
15584,8,9,16694,980
15584,8,9,16324,1050
15584,8,9,15584,1120
15584,8,9,1,1190
22261,8,9,23002,0
22261,8,9,22632,420
22261,8,9,22262,700
22261,8,9,1,910
16686,8,9,20767,0
16686,8,9,20397,350
16686,8,9,20027,420
16686,8,9,19287,490
16686,8,9,18917,560
16686,8,9,18177,630
16686,8,9,17807,700
16686,8,9,17437,770
16686,8,9,16697,840
16686,8,9,1,910
12616,8,9,17796,0
12616,8,9,17426,350
12616,8,9,16686,420
12616,8,9,16316,490
12616,8,9,15576,560
12616,8,9,15206,630
12616,8,9,14836,700
12616,8,9,14096,770
12616,8,9,13726,840
12616,8,9,12986,910
12616,8,9,12616,980
12616,8,9,1,1050
19659,8,9,21145,0
19659,8,9,20775,350
19659,8,9,20035,630
19659,8,9,19665,700
19659,8,9,1,770
16695,8,9,18547,0
16695,8,9,18177,350
16695,8,9,17807,420
16695,8,9,17067,490
16695,8,9,16697,560
16695,8,9,1,630
20765,8,9,21518,0
20765,8,9,21148,420
20765,8,9,20778,630
20765,8,9,1,910
20774,8,9,21148,0
20774,8,9,20778,490
20774,8,9,1,770
17057,8,9,20768,0
17057,8,9,20398,420
17057,8,9,19658,490
17057,8,9,19288,560
17057,8,9,18548,630
17057,8,9,18178,700
17057,8,9,17808,770
17057,8,9,17068,840
17057,8,9,1,910
24859,8,9,26339,0
24859,8,9,25969,490
24859,8,9,25599,700
24859,8,9,25229,980
24859,8,9,24859,1260
24859,8,9,1,1470
14093,8,9,14840,0
14093,8,9,14470,350
14093,8,9,1,420
17066,8,9,18918,0
17066,8,9,18548,350
17066,8,9,18178,420
17066,8,9,17438,490
17066,8,9,17068,560
17066,8,9,1,630
21136,8,9,21889,0
21136,8,9,21519,560
21136,8,9,21149,840
21136,8,9,1,1050
18172,8,9,20771,0
18172,8,9,20031,490
18172,8,9,19661,560
18172,8,9,19291,630
18172,8,9,18551,700
18172,8,9,18181,770
18172,8,9,1,840
18181,8,9,21511,0
18181,8,9,21141,350
18181,8,9,20771,630
18181,8,9,20401,840
18181,8,9,20031,910
18181,8,9,19291,980
18181,8,9,18921,1050
18181,8,9,18551,1120
18181,8,9,1,1190
23372,8,9,24855,0
23372,8,9,24485,560
23372,8,9,24115,770
23372,8,9,23745,1050
23372,8,9,23375,1260
15213,8,9,20763,0
15213,8,9,20393,420
15213,8,9,20023,490
15213,8,9,19653,560
15213,8,9,18913,630
15213,8,9,18543,700
15213,8,9,17803,770
15213,8,9,17433,840
15213,8,9,17063,910
15213,8,9,16323,980
15213,8,9,15953,1050
15213,8,9,15213,1120
15213,8,9,1,1190
19283,8,9,21514,0
19283,8,9,21144,350
19283,8,9,20774,560
19283,8,9,20404,840
19283,8,9,19664,910
19283,8,9,19294,980
19283,8,9,1,1050
19292,8,9,20774,0
19292,8,9,20034,560
19292,8,9,19664,630
19292,8,9,19294,700
19292,8,9,1,770
19654,8,9,21515,0
19654,8,9,21145,420
19654,8,9,20775,630
19654,8,9,20405,910
19654,8,9,19665,980
19654,8,9,1,1050
19663,8,9,21145,0
19663,8,9,20775,350
19663,8,9,20035,630
19663,8,9,19665,700
19663,8,9,1,770
13726,8,9,14469,0
13726,8,9,14099,350
13726,8,9,1,420
20769,8,9,21518,0
20769,8,9,21148,490
20769,8,9,20778,700
20769,8,9,1,980
23742,8,9,25226,0
23742,8,9,24856,560
23742,8,9,24486,840
23742,8,9,24116,1050
23742,8,9,23746,1330
20778,8,9,21888,0
20778,8,9,21518,560
20778,8,9,21148,840
20778,8,9,20778,1050
20778,8,9,1,1330
21890,8,9,22261,0
21890,8,9,21891,560
21890,8,9,1,770
18167,8,9,21141,0
18167,8,9,20771,420
18167,8,9,20401,700
18167,8,9,19661,770
18167,8,9,19291,840
18167,8,9,18921,910
18167,8,9,18181,980
18167,8,9,1,1050
14097,8,9,14840,0
14097,8,9,14470,350
14097,8,9,1,420
25969,8,9,27452,0
25969,8,9,27082,420
25969,8,9,26712,700
25969,8,9,26342,910
25969,8,9,25972,1190
25969,8,9,1,1470
18176,8,9,20401,0
18176,8,9,20031,350
18176,8,9,19291,420
18176,8,9,18921,490
18176,8,9,18181,560
18176,8,9,1,630
17810,8,9,21140,0
17810,8,9,20770,560
17810,8,9,20030,840
17810,8,9,19660,910
17810,8,9,18920,980
17810,8,9,18550,1050
17810,8,9,18180,1120
17810,8,9,1,1190
15208,8,9,17063,0
15208,8,9,16693,350
15208,8,9,16323,420
15208,8,9,15953,490
15208,8,9,15213,560
15208,8,9,1,630
16314,8,9,18916,0
16314,8,9,18546,350
16314,8,9,18176,420
16314,8,9,17806,490
16314,8,9,17066,560
16314,8,9,16696,630
16314,8,9,1,700
12244,8,9,12985,0
12244,8,9,12615,350
12244,8,9,1,420
19287,8,9,20774,0
19287,8,9,20404,560
19287,8,9,19664,630
19287,8,9,19294,700
19287,8,9,1,770
22260,8,9,23372,0
22260,8,9,23002,490
22260,8,9,22632,700
22260,8,9,22262,980
22260,8,9,1,1190
16323,8,9,18546,0
16323,8,9,18176,350
16323,8,9,17436,420
16323,8,9,17066,490
16323,8,9,16326,560
16323,8,9,1,630
12615,8,9,13356,0
12615,8,9,12986,350
12615,8,9,1,420
19658,8,9,21145,0
19658,8,9,20775,350
19658,8,9,20035,630
19658,8,9,19665,700
19658,8,9,1,770
24487,8,9,25228,0
24487,8,9,24858,420
24487,8,9,24488,700
24487,8,9,1,910
16694,8,9,18917,0
16694,8,9,18547,350
16694,8,9,17807,420
16694,8,9,17437,490
16694,8,9,16697,560
16694,8,9,1,630
20764,8,9,21888,0
20764,8,9,21518,420
20764,8,9,21148,700
20764,8,9,20778,980
20764,8,9,1,1190
20773,8,9,21148,0
20773,8,9,20778,560
20773,8,9,1,770
20407,8,9,21887,0
20407,8,9,21517,560
20407,8,9,21147,770
20407,8,9,20777,1050
20407,8,9,20407,1260
20407,8,9,1,1330
21885,8,9,23001,0
21885,8,9,22631,350
21885,8,9,22261,560
21885,8,9,21891,840
21885,8,9,1,1120
24858,8,9,25599,0
24858,8,9,25229,420
24858,8,9,24859,630
24858,8,9,1,910
17805,8,9,20030,0
17805,8,9,19660,350
17805,8,9,18920,420
17805,8,9,18550,490
17805,8,9,17810,560
17805,8,9,1,630
14841,8,9,16692,0
14841,8,9,16322,350
14841,8,9,15952,420
14841,8,9,15212,490
14841,8,9,14842,560
14841,8,9,1,630
23371,8,9,24855,0
23371,8,9,24485,560
23371,8,9,24115,770
23371,8,9,23745,1050
23371,8,9,23375,1330
15203,8,9,19283,0
15203,8,9,18913,350
15203,8,9,18543,420
15203,8,9,17803,490
15203,8,9,17433,560
15203,8,9,16693,630
15203,8,9,16323,700
15203,8,9,15953,770
15203,8,9,15213,840
15203,8,9,1,910
15212,8,9,17063,0
15212,8,9,16693,350
15212,8,9,16323,420
15212,8,9,15583,490
15212,8,9,15213,560
15212,8,9,1,630
19282,8,9,21144,0
19282,8,9,20774,420
19282,8,9,20034,700
19282,8,9,19664,770
19282,8,9,1,840
16318,8,9,19656,0
16318,8,9,19286,350
16318,8,9,18916,420
16318,8,9,18176,490
16318,8,9,17806,560
16318,8,9,17066,630
16318,8,9,16696,700
16318,8,9,16326,770
16318,8,9,1,840
19291,8,9,20774,0
19291,8,9,20404,560
19291,8,9,19664,630
19291,8,9,19294,700
19291,8,9,1,770
16689,8,9,20027,0
16689,8,9,19657,350
16689,8,9,19287,420
16689,8,9,18547,490
16689,8,9,18177,560
16689,8,9,17437,630
16689,8,9,17067,700
16689,8,9,16697,770
16689,8,9,1,840
13725,8,9,14469,0
13725,8,9,14099,350
13725,8,9,1,420
20402,8,9,21147,0
20402,8,9,20777,490
20402,8,9,20407,700
20402,8,9,1,770
21889,8,9,23001,0
21889,8,9,22631,350
21889,8,9,22261,630
21889,8,9,21891,840
21889,8,9,1,1120
25968,8,9,27452,0
25968,8,9,27082,420
25968,8,9,26712,700
25968,8,9,26342,980
25968,8,9,25972,1190
25968,8,9,1,1470
14836,8,9,16692,0
14836,8,9,16322,350
14836,8,9,15952,420
14836,8,9,15582,490
14836,8,9,14842,560
14836,8,9,1,630
17809,8,9,19660,0
17809,8,9,19290,350
17809,8,9,18920,420
17809,8,9,18180,490
17809,8,9,17810,560
17809,8,9,1,630
23375,8,9,24855,0
23375,8,9,24485,490
23375,8,9,24115,770
23375,8,9,23745,980
23375,8,9,23375,1260
23375,8,9,1,1470
15207,8,9,17063,0
15207,8,9,16693,350
15207,8,9,16323,420
15207,8,9,15953,490
15207,8,9,15213,560
15207,8,9,1,630
16313,8,9,18916,0
16313,8,9,18546,350
16313,8,9,18176,420
16313,8,9,17806,490
16313,8,9,17066,560
16313,8,9,16696,630
16313,8,9,1,700
19286,8,9,21144,0
19286,8,9,20774,490
19286,8,9,20034,770
19286,8,9,19664,840
19286,8,9,19294,910
19286,8,9,1,980
16322,8,9,18176,0
16322,8,9,17806,350
16322,8,9,17436,420
16322,8,9,17066,490
16322,8,9,16326,560
16322,8,9,1,630
24486,8,9,25598,0
24486,8,9,25228,490
24486,8,9,24858,700
24486,8,9,24488,980
24486,8,9,1,1190
20397,8,9,21517,0
20397,8,9,21147,490
20397,8,9,20777,770
20397,8,9,1,1050
17433,8,9,19289,0
17433,8,9,18919,350
17433,8,9,18549,420
17433,8,9,18179,490
17433,8,9,17439,560
17433,8,9,1,630
20406,8,9,21147,0
20406,8,9,20777,420
20406,8,9,20407,700
20406,8,9,1,770
21884,8,9,22631,0
21884,8,9,22261,490
21884,8,9,21891,770
21884,8,9,1,980
24857,8,9,25969,0
24857,8,9,25599,490
24857,8,9,25229,700
24857,8,9,24859,980
24857,8,9,1,1190
17804,8,9,20030,0
17804,8,9,19660,350
17804,8,9,18920,420
17804,8,9,18550,490
17804,8,9,17810,560
17804,8,9,1,630
14840,8,9,16692,0
14840,8,9,16322,350
14840,8,9,15952,420
14840,8,9,15212,490
14840,8,9,14842,560
14840,8,9,1,630
23004,8,9,24484,0
23004,8,9,24114,490
23004,8,9,23744,770
23004,8,9,23374,980
23004,8,9,23004,1260
15211,8,9,17063,0
15211,8,9,16693,350
15211,8,9,16323,420
15211,8,9,15583,490
15211,8,9,15213,560
15211,8,9,1,630
19281,8,9,21144,0
19281,8,9,20774,420
19281,8,9,20034,700
19281,8,9,19664,770
19281,8,9,1,840
16326,8,9,21136,0
16326,8,9,20766,350
16326,8,9,20026,630
16326,8,9,19656,700
16326,8,9,18916,770
16326,8,9,18546,840
16326,8,9,18176,910
16326,8,9,17436,980
16326,8,9,17066,1050
16326,8,9,16326,1120
16326,8,9,1,1190
18915,8,9,21143,0
18915,8,9,20773,350
18915,8,9,20403,630
18915,8,9,19663,700
18915,8,9,19293,770
18915,8,9,1,840
13358,8,9,18168,0
13358,8,9,17798,350
13358,8,9,17428,420
13358,8,9,16688,490
13358,8,9,16318,560
13358,8,9,15578,630
13358,8,9,15208,700
13358,8,9,14838,770
13358,8,9,14098,840
13358,8,9,13728,910
13358,8,9,1,980
17428,8,9,20769,0
17428,8,9,20029,490
17428,8,9,19659,560
17428,8,9,18919,630
17428,8,9,18549,700
17428,8,9,18179,770
17428,8,9,17439,840
17428,8,9,1,910
20401,8,9,21147,0
20401,8,9,20777,490
20401,8,9,20407,700
20401,8,9,1,770
17437,8,9,19289,0
17437,8,9,18919,350
17437,8,9,18549,420
17437,8,9,17809,490
17437,8,9,17439,560
17437,8,9,1,630
21888,8,9,23001,0
21888,8,9,22631,490
21888,8,9,22261,700
21888,8,9,21891,980
21888,8,9,1,1190
17799,8,9,20770,0
17799,8,9,20400,490
17799,8,9,20030,560
17799,8,9,19290,630
17799,8,9,18920,700
17799,8,9,18550,770
17799,8,9,17810,840
17799,8,9,1,910
14835,8,9,16692,0
14835,8,9,16322,350
14835,8,9,15952,420
14835,8,9,15582,490
14835,8,9,14842,560
14835,8,9,1,630
17808,8,9,19660,0
17808,8,9,19290,350
17808,8,9,18920,420
17808,8,9,18550,490
17808,8,9,17810,560
17808,8,9,1,630
20035,8,9,21146,0
20035,8,9,20776,420
20035,8,9,20406,630
20035,8,9,20036,700
20035,8,9,1,770
18910,8,9,20773,0
18910,8,9,20033,560
18910,8,9,19663,630
18910,8,9,19293,700
18910,8,9,1,770
18919,8,9,20773,0
18919,8,9,20403,420
18919,8,9,20033,490
18919,8,9,19293,560
18919,8,9,18923,630
18919,8,9,1,700
15955,8,9,20765,0
15955,8,9,20395,560
15955,8,9,19655,630
15955,8,9,19285,700
15955,8,9,18545,770
15955,8,9,18175,840
15955,8,9,17805,910
15955,8,9,17065,980
15955,8,9,16695,1050
15955,8,9,15955,1120
15955,8,9,1,1190
24485,8,9,25968,0
24485,8,9,25598,490
24485,8,9,25228,770
24485,8,9,24858,980
24485,8,9,24488,1260
20396,8,9,21517,0
20396,8,9,21147,490
20396,8,9,20777,770
20396,8,9,1,1050
17432,8,9,19289,0
17432,8,9,18919,350
17432,8,9,18549,420
17432,8,9,18179,490
17432,8,9,17439,560
17432,8,9,1,630
20405,8,9,21147,0
20405,8,9,20777,490
20405,8,9,20407,700
20405,8,9,1,770
21517,8,9,22630,0
21517,8,9,22260,350
21517,8,9,21890,630
21517,8,9,21520,840
21517,8,9,1,1120
22632,8,9,23373,0
22632,8,9,23003,420
22632,8,9,22633,700
22632,8,9,1,910
20030,8,9,21146,0
20030,8,9,20776,420
20030,8,9,20406,630
20030,8,9,20036,700
20030,8,9,1,770
23003,8,9,23744,0
23003,8,9,23374,420
23003,8,9,23004,700
23003,8,9,1,910
18914,8,9,21143,0
18914,8,9,20773,350
18914,8,9,20403,630
18914,8,9,19663,700
18914,8,9,19293,770
18914,8,9,1,840
15950,8,9,17805,0
15950,8,9,17435,350
15950,8,9,17065,420
15950,8,9,16695,490
15950,8,9,15955,560
15950,8,9,1,630
18923,8,9,21513,0
18923,8,9,21143,490
18923,8,9,20773,770
18923,8,9,20033,1050
18923,8,9,19663,1120
18923,8,9,18923,1190
18923,8,9,1,1260
12986,8,9,13727,0
12986,8,9,13357,350
12986,8,9,1,420
24114,8,9,25597,0
24114,8,9,25227,490
24114,8,9,24857,770
24114,8,9,24487,980
24114,8,9,24117,1260
13357,8,9,13728,0
13357,8,9,13358,350
13357,8,9,1,420
20400,8,9,21147,0
20400,8,9,20777,490
20400,8,9,20407,700
20400,8,9,1,770
25229,8,9,25970,0
25229,8,9,25600,420
25229,8,9,25230,630
25229,8,9,1,910
17436,8,9,19659,0
17436,8,9,19289,350
17436,8,9,18549,420
17436,8,9,18179,490
17436,8,9,17439,560
17436,8,9,1,630
21512,8,9,22630,0
21512,8,9,22260,490
21512,8,9,21890,770
21512,8,9,21520,980
21512,8,9,1,1260
18548,8,9,20772,0
18548,8,9,20402,350
18548,8,9,19662,420
18548,8,9,19292,490
18548,8,9,18552,560
18548,8,9,1,630
14834,8,9,18172,0
14834,8,9,17802,350
14834,8,9,17432,420
14834,8,9,16692,490
14834,8,9,16322,560
14834,8,9,15582,630
14834,8,9,15212,700
14834,8,9,14842,770
14834,8,9,1,840
20025,8,9,21516,0
20025,8,9,21146,490
20025,8,9,20776,700
20025,8,9,20036,980
20025,8,9,1,1050
20034,8,9,21146,0
20034,8,9,20776,420
20034,8,9,20406,630
20034,8,9,20036,700
20034,8,9,1,770
15945,8,9,20025,0
15945,8,9,19655,350
15945,8,9,19285,420
15945,8,9,18545,490
15945,8,9,18175,560
15945,8,9,17435,630
15945,8,9,17065,700
15945,8,9,16695,770
15945,8,9,15955,840
15945,8,9,1,910
18918,8,9,20773,0
18918,8,9,20403,420
18918,8,9,20033,490
18918,8,9,19293,560
18918,8,9,18923,630
18918,8,9,1,700
15954,8,9,17805,0
15954,8,9,17435,350
15954,8,9,17065,420
15954,8,9,16325,490
15954,8,9,15955,560
15954,8,9,1,630
21145,8,9,21889,0
21145,8,9,21519,490
21145,8,9,21149,770
21145,8,9,1,980
17431,8,9,20769,0
17431,8,9,20399,350
17431,8,9,20029,420
17431,8,9,19289,490
17431,8,9,18919,560
17431,8,9,18179,630
17431,8,9,17809,700
17431,8,9,17439,770
17431,8,9,1,840
18543,8,9,20772,0
18543,8,9,20402,490
18543,8,9,20032,560
18543,8,9,19662,630
18543,8,9,18922,700
18543,8,9,18552,770
18543,8,9,1,840
21516,8,9,22260,0
21516,8,9,21890,420
21516,8,9,21520,700
21516,8,9,1,910
15579,8,9,17434,0
15579,8,9,17064,350
15579,8,9,16694,420
15579,8,9,16324,490
15579,8,9,15584,560
15579,8,9,1,630
18552,8,9,21512,0
18552,8,9,21142,420
18552,8,9,20772,630
18552,8,9,20402,910
18552,8,9,19662,980
18552,8,9,19292,1050
18552,8,9,18922,1120
18552,8,9,1,1190
22631,8,9,23743,0
22631,8,9,23373,490
22631,8,9,23003,700
22631,8,9,22633,980
22631,8,9,1,1190
14463,8,9,16321,0
14463,8,9,15951,350
14463,8,9,15581,420
14463,8,9,14841,490
14463,8,9,14471,560
14463,8,9,1,630
20029,8,9,21146,0
20029,8,9,20776,420
20029,8,9,20406,630
20029,8,9,20036,700
20029,8,9,1,770
18913,8,9,21143,0
18913,8,9,20773,490
18913,8,9,20403,700
18913,8,9,20033,770
18913,8,9,19293,840
18913,8,9,18923,910
18913,8,9,1,980
15949,8,9,17805,0
15949,8,9,17435,350
15949,8,9,17065,420
15949,8,9,16695,490
15949,8,9,15955,560
15949,8,9,1,630
12985,8,9,13727,0
12985,8,9,13357,350
12985,8,9,1,420
21140,8,9,21889,0
21140,8,9,21519,420
21140,8,9,21149,630
21140,8,9,1,910
24113,8,9,25597,0
24113,8,9,25227,490
24113,8,9,24857,770
24113,8,9,24487,980
24113,8,9,24117,1260
21149,8,9,22629,0
21149,8,9,22259,350
21149,8,9,21889,630
21149,8,9,21519,840
21149,8,9,21149,1120
21149,8,9,1,1330
25228,8,9,26340,0
25228,8,9,25970,420
25228,8,9,25600,700
25228,8,9,25230,980
25228,8,9,1,1190
21511,8,9,22630,0
21511,8,9,22260,350
21511,8,9,21890,560
21511,8,9,21520,840
21511,8,9,1,1120
15574,8,9,19654,0
15574,8,9,19284,350
15574,8,9,18914,420
15574,8,9,18174,490
15574,8,9,17804,560
15574,8,9,17064,630
15574,8,9,16694,700
15574,8,9,16324,770
15574,8,9,15584,840
15574,8,9,1,910
18547,8,9,20772,0
18547,8,9,20402,350
18547,8,9,19662,420
18547,8,9,19292,490
18547,8,9,18552,560
18547,8,9,1,630
21520,8,9,23000,0
21520,8,9,22630,350
21520,8,9,22260,630
21520,8,9,21890,840
21520,8,9,21520,1120
21520,8,9,1,1330
15583,8,9,17434,0
15583,8,9,17064,350
15583,8,9,16694,420
15583,8,9,15954,490
15583,8,9,15584,560
15583,8,9,1,630
14467,8,9,15211,0
14467,8,9,14841,350
14467,8,9,1,420
11503,8,9,17053,0
11503,8,9,16683,350
11503,8,9,16313,420
11503,8,9,15573,490
11503,8,9,15203,560
11503,8,9,14463,630
11503,8,9,14093,700
11503,8,9,13723,770
11503,8,9,12983,840
11503,8,9,12613,910
11503,8,9,11873,980
11503,8,9,11503,1050
11503,8,9,1,1120
20024,8,9,21146,0
20024,8,9,20776,560
20024,8,9,20406,770
20024,8,9,20036,840
20024,8,9,1,910
11874,8,9,17424,0
11874,8,9,17054,350
11874,8,9,16314,420
11874,8,9,15944,490
11874,8,9,15574,560
11874,8,9,14834,630
11874,8,9,14464,700
11874,8,9,13724,770
11874,8,9,13354,840
11874,8,9,12984,910
11874,8,9,12244,980
11874,8,9,11874,1050
11874,8,9,1,1120
15944,8,9,20025,0
15944,8,9,19655,350
15944,8,9,19285,420
15944,8,9,18545,490
15944,8,9,18175,560
15944,8,9,17435,630
15944,8,9,17065,700
15944,8,9,16695,770
15944,8,9,15955,840
15944,8,9,1,910
23746,8,9,25226,0
23746,8,9,24856,490
23746,8,9,24486,770
23746,8,9,24116,980
23746,8,9,23746,1260
17065,8,9,19288,0
17065,8,9,18918,350
17065,8,9,18178,420
17065,8,9,17808,490
17065,8,9,17068,560
17065,8,9,1,630
21144,8,9,21889,0
21144,8,9,21519,490
21144,8,9,21149,770
21144,8,9,1,980
24117,8,9,25597,0
24117,8,9,25227,490
24117,8,9,24857,770
24117,8,9,24487,980
24117,8,9,24117,1260
24117,8,9,1,1470
18180,8,9,20031,0
18180,8,9,19661,350
18180,8,9,19291,420
18180,8,9,18921,490
18180,8,9,18181,560
18180,8,9,1,630
18542,8,9,21142,0
18542,8,9,20772,350
18542,8,9,20402,630
18542,8,9,19662,700
18542,8,9,19292,770
18542,8,9,18552,840
18542,8,9,1,910
21515,8,9,22260,0
21515,8,9,21890,420
21515,8,9,21520,700
21515,8,9,1,910
15578,8,9,17434,0
15578,8,9,17064,350
15578,8,9,16694,420
15578,8,9,16324,490
15578,8,9,15584,560
15578,8,9,1,630
18551,8,9,20402,0
18551,8,9,20032,350
18551,8,9,19662,420
18551,8,9,19292,490
18551,8,9,18552,560
18551,8,9,1,630
22630,8,9,24113,0
22630,8,9,23743,560
22630,8,9,23373,770
22630,8,9,23003,1050
22630,8,9,22633,1260
14471,8,9,19281,0
14471,8,9,18911,350
14471,8,9,18541,420
14471,8,9,17801,490
14471,8,9,17431,560
14471,8,9,16691,630
14471,8,9,16321,700
14471,8,9,15951,770
14471,8,9,15211,840
14471,8,9,14841,910
14471,8,9,1,980
19653,8,9,21145,0
19653,8,9,20775,490
19653,8,9,20405,700
19653,8,9,20035,770
19653,8,9,19665,840
19653,8,9,1,910
19662,8,9,21145,0
19662,8,9,20775,350
19662,8,9,20405,630
19662,8,9,19665,700
19662,8,9,1,770
20768,8,9,21518,0
20768,8,9,21148,560
20768,8,9,20778,840
20768,8,9,1,1050
20777,8,9,21148,0
20777,8,9,20778,490
20777,8,9,1,770
12984,8,9,13727,0
12984,8,9,13357,350
12984,8,9,12987,420
12984,8,9,1,490
17060,8,9,20398,0
17060,8,9,20028,350
17060,8,9,19658,420
17060,8,9,18918,490
17060,8,9,18548,560
17060,8,9,17808,630
17060,8,9,17438,700
17060,8,9,17068,770
17060,8,9,1,840
14096,8,9,14840,0
14096,8,9,14470,350
14096,8,9,1,420
21139,8,9,22259,0
21139,8,9,21889,490
21139,8,9,21519,700
21139,8,9,21149,980
21139,8,9,1,1190
24112,8,9,25967,0
24112,8,9,25597,420
24112,8,9,25227,630
24112,8,9,24857,910
24112,8,9,24487,1190
24112,8,9,24117,1400
18175,8,9,20401,0
18175,8,9,20031,350
18175,8,9,19291,420
18175,8,9,18921,490
18175,8,9,18181,560
18175,8,9,1,630
21148,8,9,21519,0
21148,8,9,21149,560
21148,8,9,1,770
25227,8,9,26710,0
25227,8,9,26340,490
25227,8,9,25970,700
25227,8,9,25600,980
25227,8,9,25230,1260
25227,8,9,1,1470
26339,8,9,27823,0
26339,8,9,27453,420
26339,8,9,27083,700
26339,8,9,26713,980
26339,8,9,26343,1190
26339,8,9,1,1470
15573,8,9,19654,0
15573,8,9,19284,350
15573,8,9,18914,420
15573,8,9,18174,490
15573,8,9,17804,560
15573,8,9,17064,630
15573,8,9,16694,700
15573,8,9,16324,770
15573,8,9,15584,840
15573,8,9,1,910
18546,8,9,20772,0
18546,8,9,20402,350
18546,8,9,19662,420
18546,8,9,19292,490
18546,8,9,18552,560
18546,8,9,1,630
15582,8,9,17434,0
15582,8,9,17064,350
15582,8,9,16694,420
15582,8,9,15954,490
15582,8,9,15584,560
15582,8,9,1,630
22259,8,9,23742,0
22259,8,9,23372,560
22259,8,9,23002,770
22259,8,9,22632,1050
22259,8,9,22262,1260
12614,8,9,13356,0
12614,8,9,12986,350
12614,8,9,1,420
19657,8,9,21145,0
19657,8,9,20775,560
19657,8,9,20035,840
19657,8,9,19665,910
19657,8,9,1,980
16693,8,9,18547,0
16693,8,9,18177,350
16693,8,9,17807,420
16693,8,9,17437,490
16693,8,9,16697,560
16693,8,9,1,630
20763,8,9,21888,0
20763,8,9,21518,420
20763,8,9,21148,700
20763,8,9,20778,980
20763,8,9,1,1190
13729,8,9,18539,0
13729,8,9,18169,350
13729,8,9,17799,420
13729,8,9,17059,490
13729,8,9,16689,560
13729,8,9,15949,630
13729,8,9,15579,700
13729,8,9,15209,770
13729,8,9,14469,840
13729,8,9,14099,910
13729,8,9,1,980
26709,8,9,28194,0
26709,8,9,27824,560
26709,8,9,27454,840
26709,8,9,27084,1050
26709,8,9,26714,1330
20772,8,9,21148,0
20772,8,9,20778,560
20772,8,9,1,770
23745,8,9,24486,0
23745,8,9,24116,420
23745,8,9,23746,700
23745,8,9,1,910
17055,8,9,19658,0
17055,8,9,19288,350
17055,8,9,18918,420
17055,8,9,18548,490
17055,8,9,17808,560
17055,8,9,17438,630
17055,8,9,1,700
17064,8,9,18918,0
17064,8,9,18548,350
17064,8,9,18178,420
17064,8,9,17808,490
17064,8,9,17068,560
17064,8,9,1,630
14100,8,9,18910,0
14100,8,9,18540,350
14100,8,9,18170,420
14100,8,9,17430,490
14100,8,9,17060,560
14100,8,9,16320,630
14100,8,9,15950,700
14100,8,9,15580,770
14100,8,9,14840,840
14100,8,9,14470,910
14100,8,9,1,980
18170,8,9,20771,0
18170,8,9,20401,560
18170,8,9,20031,630
18170,8,9,19291,700
18170,8,9,18921,770
18170,8,9,18181,840
18170,8,9,1,910
21143,8,9,22259,0
21143,8,9,21889,350
21143,8,9,21519,560
21143,8,9,21149,840
21143,8,9,1,1120
18179,8,9,20031,0
18179,8,9,19661,350
18179,8,9,19291,420
18179,8,9,18921,490
18179,8,9,18181,560
18179,8,9,1,630
15577,8,9,17434,0
15577,8,9,17064,350
15577,8,9,16694,420
15577,8,9,16324,490
15577,8,9,15584,560
15577,8,9,1,630
19290,8,9,20774,0
19290,8,9,20034,560
19290,8,9,19664,630
19290,8,9,19294,700
19290,8,9,1,770
19652,8,9,21145,0
19652,8,9,20775,490
19652,8,9,20405,700
19652,8,9,20035,770
19652,8,9,19665,840
19652,8,9,1,910
16688,8,9,20027,0
16688,8,9,19657,350
16688,8,9,19287,420
16688,8,9,18547,490
16688,8,9,18177,560
16688,8,9,17437,630
16688,8,9,17067,700
16688,8,9,16697,770
16688,8,9,1,840
19661,8,9,21145,0
19661,8,9,20775,350
19661,8,9,20035,630
19661,8,9,19665,700
19661,8,9,1,770
13724,8,9,14469,0
13724,8,9,14099,350
13724,8,9,1,420
16697,8,9,21137,0
16697,8,9,20767,420
16697,8,9,20397,630
16697,8,9,20027,700
16697,8,9,19287,770
16697,8,9,18917,840
16697,8,9,18547,910
16697,8,9,17807,980
16697,8,9,17437,1050
16697,8,9,16697,1120
16697,8,9,1,1190
20767,8,9,21518,0
20767,8,9,21148,560
20767,8,9,20778,840
20767,8,9,1,1050
20776,8,9,21148,0
20776,8,9,20778,490
20776,8,9,1,770
17059,8,9,20398,0
17059,8,9,20028,350
17059,8,9,19658,420
17059,8,9,18918,490
17059,8,9,18548,560
17059,8,9,17808,630
17059,8,9,17438,700
17059,8,9,17068,770
17059,8,9,1,840
21138,8,9,22259,0
21138,8,9,21889,490
21138,8,9,21519,700
21138,8,9,21149,980
21138,8,9,1,1190
25967,8,9,27822,0
25967,8,9,27452,350
25967,8,9,27082,630
25967,8,9,26712,840
25967,8,9,26342,1120
25967,8,9,25972,1330
18174,8,9,20401,0
18174,8,9,20031,350
18174,8,9,19291,420
18174,8,9,18921,490
18174,8,9,18181,560
18174,8,9,1,630
26338,8,9,28193,0
26338,8,9,27823,350
26338,8,9,27453,630
26338,8,9,27083,840
26338,8,9,26713,1120
26338,8,9,26343,1330
23374,8,9,24115,0
23374,8,9,23745,420
23374,8,9,23375,700
23374,8,9,1,910
15206,8,9,17063,0
15206,8,9,16693,350
15206,8,9,16323,420
15206,8,9,15953,490
15206,8,9,15213,560
15206,8,9,1,630
19285,8,9,21144,0
19285,8,9,20774,490
19285,8,9,20034,770
19285,8,9,19664,840
19285,8,9,19294,910
19285,8,9,1,980
16321,8,9,18176,0
16321,8,9,17806,350
16321,8,9,17436,420
16321,8,9,17066,490
16321,8,9,16326,560
16321,8,9,1,630
19294,8,9,21884,0
19294,8,9,21514,350
19294,8,9,21144,630
19294,8,9,20774,840
19294,8,9,20404,1120
19294,8,9,19664,1190
19294,8,9,19294,1260
19294,8,9,1,1330
12613,8,9,13356,0
12613,8,9,12986,350
12613,8,9,12616,420
12613,8,9,1,490
16683,8,9,20767,0
16683,8,9,20397,490
16683,8,9,19657,560
16683,8,9,19287,630
16683,8,9,18917,700
16683,8,9,18177,770
16683,8,9,17807,840
16683,8,9,17067,910
16683,8,9,16697,980
16683,8,9,1,1050
19656,8,9,21145,0
19656,8,9,20775,560
19656,8,9,20035,840
19656,8,9,19665,910
19656,8,9,1,980
16692,8,9,18547,0
16692,8,9,18177,350
16692,8,9,17807,420
16692,8,9,17437,490
16692,8,9,16697,560
16692,8,9,1,630
20762,8,9,21888,0
20762,8,9,21518,490
20762,8,9,21148,700
20762,8,9,20778,980
20762,8,9,1,1190
19665,8,9,21885,0
19665,8,9,21515,420
19665,8,9,21145,700
19665,8,9,20775,910
19665,8,9,20405,1190
19665,8,9,19665,1260
19665,8,9,1,1330
13728,8,9,14099,0
13728,8,9,13729,350
13728,8,9,1,420
20771,8,9,21148,0
20771,8,9,20778,560
20771,8,9,1,770
17054,8,9,20768,0
17054,8,9,20028,560
17054,8,9,19658,630
17054,8,9,19288,700
17054,8,9,18548,770
17054,8,9,18178,840
17054,8,9,17438,910
17054,8,9,17068,980
17054,8,9,1,1050
24856,8,9,26339,0
24856,8,9,25969,490
24856,8,9,25599,770
24856,8,9,25229,980
24856,8,9,24859,1260
24856,8,9,1,1470
14099,8,9,14470,0
14099,8,9,14100,350
14099,8,9,1,420
18169,8,9,20771,0
18169,8,9,20031,420
18169,8,9,19661,490
18169,8,9,18921,560
18169,8,9,18551,630
18169,8,9,18181,700
18169,8,9,1,770
17803,8,9,20030,0
17803,8,9,19660,350
17803,8,9,18920,420
17803,8,9,18550,490
17803,8,9,17810,560
17803,8,9,1,630
16316,8,9,20396,0
16316,8,9,20026,350
16316,8,9,19656,420
16316,8,9,18916,490
16316,8,9,18546,560
16316,8,9,17806,630
16316,8,9,17436,700
16316,8,9,17066,770
16316,8,9,16326,840
16316,8,9,1,910
19289,8,9,20774,0
19289,8,9,20404,560
19289,8,9,19664,630
19289,8,9,19294,700
19289,8,9,1,770
22262,8,9,23742,0
22262,8,9,23372,490
22262,8,9,23002,770
22262,8,9,22632,980
22262,8,9,22262,1260
22262,8,9,1,1470
16325,8,9,18176,0
16325,8,9,17806,350
16325,8,9,17436,420
16325,8,9,16696,490
16325,8,9,16326,560
16325,8,9,1,630
16687,8,9,20767,0
16687,8,9,20397,350
16687,8,9,20027,420
16687,8,9,19287,490
16687,8,9,18917,560
16687,8,9,18177,630
16687,8,9,17807,700
16687,8,9,17437,770
16687,8,9,16697,840
16687,8,9,1,910
13723,8,9,14469,0
13723,8,9,14099,350
13723,8,9,1,420
16696,8,9,18547,0
16696,8,9,18177,350
16696,8,9,17807,420
16696,8,9,17067,490
16696,8,9,16697,560
16696,8,9,1,630
20766,8,9,21518,0
20766,8,9,21148,420
20766,8,9,20778,630
20766,8,9,1,910
1,9,10,1,0
21887,9,10,23001,0
21887,9,10,22631,490
21887,9,10,22261,770
21887,9,10,21891,980
21887,9,10,1,1260
17798,9,10,20400,0
17798,9,10,20030,350
17798,9,10,19660,420
17798,9,10,19290,490
17798,9,10,18550,560
17798,9,10,18180,630
17798,9,10,1,700
17807,9,10,20030,0
17807,9,10,19660,350
17807,9,10,18920,420
17807,9,10,18550,490
17807,9,10,18180,560
17807,9,10,1,630
23373,9,10,24485,0
23373,9,10,24115,490
23373,9,10,23745,700
23373,9,10,23375,980
23373,9,10,1,1260
15205,9,10,18543,0
15205,9,10,18173,350
15205,9,10,17803,420
15205,9,10,17063,490
15205,9,10,16693,560
15205,9,10,15953,630
15205,9,10,15583,700
15205,9,10,15213,770
15205,9,10,1,840
19284,9,10,21514,0
19284,9,10,21144,350
19284,9,10,20774,630
19284,9,10,20404,840
19284,9,10,20034,910
19284,9,10,19294,980
19284,9,10,1,1050
16320,9,10,18176,0
16320,9,10,17806,350
16320,9,10,17436,420
16320,9,10,17066,490
16320,9,10,16326,560
16320,9,10,1,630
19293,9,10,20774,0
19293,9,10,20034,560
19293,9,10,19664,630
19293,9,10,19294,700
19293,9,10,1,770
24484,9,10,25968,0
24484,9,10,25598,490
24484,9,10,25228,770
24484,9,10,24858,980
24484,9,10,24488,1260
13727,9,10,14099,0
13727,9,10,13729,350
13727,9,10,1,420
20395,9,10,21517,0
20395,9,10,21147,350
20395,9,10,20777,560
20395,9,10,20407,840
20395,9,10,1,910
20404,9,10,21147,0
20404,9,10,20777,490
20404,9,10,20407,700
20404,9,10,1,770
24855,9,10,26339,0
24855,9,10,25969,490
24855,9,10,25599,770
24855,9,10,25229,980
24855,9,10,24859,1260
24855,9,10,1,1470
21891,9,10,23371,0
21891,9,10,23001,350
21891,9,10,22631,630
21891,9,10,22261,840
21891,9,10,21891,1120
21891,9,10,1,1330
25970,9,10,27082,0
25970,9,10,26712,420
25970,9,10,26342,700
25970,9,10,25972,910
25970,9,10,1,1190
17802,9,10,20770,0
17802,9,10,20400,420
17802,9,10,19660,490
17802,9,10,19290,560
17802,9,10,18920,630
17802,9,10,18180,700
17802,9,10,17810,770
17802,9,10,1,840
14838,9,10,16692,0
14838,9,10,16322,350
14838,9,10,15952,420
14838,9,10,15582,490
14838,9,10,14842,560
14838,9,10,1,630
23002,9,10,24114,0
23002,9,10,23744,490
23002,9,10,23374,700
23002,9,10,23004,980
23002,9,10,1,1260
15209,9,10,17063,0
15209,9,10,16693,350
15209,9,10,16323,420
15209,9,10,15953,490
15209,9,10,15213,560
15209,9,10,1,630
12245,9,10,17425,0
12245,9,10,17055,350
12245,9,10,16315,420
12245,9,10,15945,490
12245,9,10,15205,560
12245,9,10,14835,630
12245,9,10,14465,700
12245,9,10,13725,770
12245,9,10,13355,840
12245,9,10,12615,910
12245,9,10,12245,980
12245,9,10,1,1050
16315,9,10,20396,0
16315,9,10,20026,350
16315,9,10,19656,420
16315,9,10,18916,490
16315,9,10,18546,560
16315,9,10,17806,630
16315,9,10,17436,700
16315,9,10,17066,770
16315,9,10,16326,840
16315,9,10,1,910
27081,9,10,28565,0
27081,9,10,28195,420
27081,9,10,27825,630
27081,9,10,27455,910
27081,9,10,27085,1120
27081,9,10,1,1400
19288,9,10,20774,0
19288,9,10,20404,560
19288,9,10,19664,630
19288,9,10,19294,700
19288,9,10,1,770
16324,9,10,18176,0
16324,9,10,17806,350
16324,9,10,17436,420
16324,9,10,16696,490
16324,9,10,16326,560
16324,9,10,1,630
18922,9,10,20773,0
18922,9,10,20403,420
18922,9,10,20033,490
18922,9,10,19293,560
18922,9,10,18923,630
18922,9,10,1,700
27452,9,10,28566,0
27452,9,10,28196,560
27452,9,10,27826,840
27452,9,10,27456,1050
27452,9,10,1,1330
24488,9,10,25968,0
24488,9,10,25598,490
24488,9,10,25228,770
24488,9,10,24858,980
24488,9,10,24488,1260
24488,9,10,1,1470
17426,9,10,20029,0
17426,9,10,19659,350
17426,9,10,19289,420
17426,9,10,18919,490
17426,9,10,18179,560
17426,9,10,17809,630
17426,9,10,1,700
13356,9,10,13728,0
13356,9,10,13358,350
13356,9,10,1,420
20399,9,10,21517,0
20399,9,10,21147,420
20399,9,10,20777,700
20399,9,10,20407,910
20399,9,10,1,980
17435,9,10,19289,0
17435,9,10,18919,350
17435,9,10,18549,420
17435,9,10,18179,490
17435,9,10,17439,560
17435,9,10,1,630
21886,9,10,23001,0
21886,9,10,22631,350
21886,9,10,22261,560
21886,9,10,21891,840
21886,9,10,1,1120
17797,9,10,20400,0
17797,9,10,20030,350
17797,9,10,19660,420
17797,9,10,19290,490
17797,9,10,18550,560
17797,9,10,18180,630
17797,9,10,1,700
25599,9,10,26711,0
25599,9,10,26341,420
25599,9,10,25971,700
25599,9,10,25601,980
25599,9,10,1,1190
17806,9,10,19660,0
17806,9,10,19290,350
17806,9,10,18920,420
17806,9,10,18550,490
17806,9,10,17810,560
17806,9,10,1,630
14842,9,10,20762,0
14842,9,10,20022,420
14842,9,10,19652,490
14842,9,10,19282,560
14842,9,10,18542,630
14842,9,10,18172,700
14842,9,10,17432,770
14842,9,10,17062,840
14842,9,10,16692,910
14842,9,10,15952,980
14842,9,10,15582,1050
14842,9,10,14842,1120
14842,9,10,1,1190
20033,9,10,21146,0
20033,9,10,20776,420
20033,9,10,20036,700
20033,9,10,1,770
18917,9,10,20773,0
18917,9,10,20403,420
18917,9,10,20033,490
18917,9,10,19293,560
18917,9,10,18923,630
18917,9,10,1,700
15953,9,10,17805,0
15953,9,10,17435,350
15953,9,10,17065,420
15953,9,10,16325,490
15953,9,10,15955,560
15953,9,10,1,630
20394,9,10,21517,0
20394,9,10,21147,350
20394,9,10,20777,560
20394,9,10,20407,840
20394,9,10,1,910
17430,9,10,20769,0
17430,9,10,20399,350
17430,9,10,20029,420
17430,9,10,19289,490
17430,9,10,18919,560
17430,9,10,18179,630
17430,9,10,17809,700
17430,9,10,17439,770
17430,9,10,1,840
20403,9,10,21147,0
20403,9,10,20777,490
20403,9,10,20407,700
20403,9,10,1,770
17439,9,10,21139,0
17439,9,10,20769,490
17439,9,10,20029,770
17439,9,10,19659,840
17439,9,10,19289,910
17439,9,10,18549,980
17439,9,10,18179,1050
17439,9,10,17439,1120
17439,9,10,1,1190
17801,9,10,20770,0
17801,9,10,20400,420
17801,9,10,19660,490
17801,9,10,19290,560
17801,9,10,18920,630
17801,9,10,18180,700
17801,9,10,17810,770
17801,9,10,1,840
20028,9,10,21516,0
20028,9,10,21146,350
20028,9,10,20776,630
20028,9,10,20406,840
20028,9,10,20036,910
20028,9,10,1,980
23001,9,10,24484,0
23001,9,10,24114,560
23001,9,10,23744,770
23001,9,10,23374,1050
23001,9,10,23004,1260
18921,9,10,20773,0
18921,9,10,20403,420
18921,9,10,20033,490
18921,9,10,19293,560
18921,9,10,18923,630
18921,9,10,1,700
17425,9,10,21139,0
17425,9,10,20769,350
17425,9,10,20399,560
17425,9,10,20029,630
17425,9,10,19659,700
17425,9,10,18919,770
17425,9,10,18549,840
17425,9,10,17809,910
17425,9,10,17439,980
17425,9,10,1,1050
13355,9,10,14098,0
13355,9,10,13728,350
13355,9,10,1,420
20398,9,10,21517,0
20398,9,10,21147,420
20398,9,10,20777,700
20398,9,10,20407,910
20398,9,10,1,980
17434,9,10,19289,0
17434,9,10,18919,350
17434,9,10,18549,420
17434,9,10,18179,490
17434,9,10,17439,560
17434,9,10,1,630
21519,9,10,21890,0
21519,9,10,21520,560
21519,9,10,1,840
17796,9,10,21140,0
17796,9,10,20770,420
17796,9,10,20400,630
17796,9,10,20030,700
17796,9,10,19290,770
17796,9,10,18920,840
17796,9,10,18550,910
17796,9,10,17810,980
17796,9,10,1,1050
25598,9,10,27081,0
25598,9,10,26711,420
25598,9,10,26341,700
25598,9,10,25971,980
25598,9,10,25601,1190
25598,9,10,1,1470
20023,9,10,21146,0
20023,9,10,20776,560
20023,9,10,20406,770
20023,9,10,20036,840
20023,9,10,1,910
20032,9,10,21146,0
20032,9,10,20776,420
20032,9,10,20406,630
20032,9,10,20036,700
20032,9,10,1,770
27084,9,10,27825,0
27084,9,10,27455,420
27084,9,10,27085,630
27084,9,10,1,910
11873,9,10,12984,0
11873,9,10,12614,350
11873,9,10,12244,420
11873,9,10,1,490
18916,9,10,20773,0
18916,9,10,20403,420
18916,9,10,20033,490
18916,9,10,19293,560
18916,9,10,18923,630
18916,9,10,1,700
15952,9,10,18175,0
15952,9,10,17805,350
15952,9,10,17065,420
15952,9,10,16695,490
15952,9,10,15955,560
15952,9,10,1,630
24116,9,10,24857,0
24116,9,10,24487,420
24116,9,10,24117,700
24116,9,10,1,910
20393,9,10,21887,0
20393,9,10,21517,420
20393,9,10,21147,630
20393,9,10,20777,910
20393,9,10,20407,1120
20393,9,10,1,1190
17438,9,10,19289,0
17438,9,10,18919,350
17438,9,10,18549,420
17438,9,10,17809,490
17438,9,10,17439,560
17438,9,10,1,630
18541,9,10,21142,0
18541,9,10,20772,350
18541,9,10,20402,630
18541,9,10,19662,700
18541,9,10,19292,770
18541,9,10,18552,840
18541,9,10,1,910
21514,9,10,22630,0
21514,9,10,22260,490
21514,9,10,21890,700
21514,9,10,21520,980
21514,9,10,1,1260
18550,9,10,20402,0
18550,9,10,20032,350
18550,9,10,19662,420
18550,9,10,19292,490
18550,9,10,18552,560
18550,9,10,1,630
22629,9,10,24113,0
22629,9,10,23743,560
22629,9,10,23373,770
22629,9,10,23003,1050
22629,9,10,22633,1260
14470,9,10,14841,0
14470,9,10,14471,350
14470,9,10,1,420
20027,9,10,21516,0
20027,9,10,21146,350
20027,9,10,20776,630
20027,9,10,20406,840
20027,9,10,20036,910
20027,9,10,1,980
23000,9,10,24484,0
23000,9,10,24114,560
23000,9,10,23744,770
23000,9,10,23374,1050
23000,9,10,23004,1330
20036,9,10,21886,0
20036,9,10,21516,490
20036,9,10,21146,700
20036,9,10,20776,980
20036,9,10,20036,1260
20036,9,10,1,1330
18911,9,10,20773,0
18911,9,10,20033,560
18911,9,10,19663,630
18911,9,10,19293,700
18911,9,10,1,770
15947,9,10,19285,0
15947,9,10,18915,350
15947,9,10,18545,420
15947,9,10,17805,490
15947,9,10,17435,560
15947,9,10,16695,630
15947,9,10,16325,700
15947,9,10,15955,770
15947,9,10,1,840
26713,9,10,27454,0
26713,9,10,27084,420
26713,9,10,26714,630
26713,9,10,1,910
18920,9,10,20773,0
18920,9,10,20403,420
18920,9,10,20033,490
18920,9,10,19663,560
18920,9,10,18923,630
18920,9,10,1,700
12983,9,10,13727,0
12983,9,10,13357,350
12983,9,10,12987,420
12983,9,10,1,490
17068,9,10,21138,0
17068,9,10,20768,420
17068,9,10,20398,700
17068,9,10,19658,770
17068,9,10,19288,840
17068,9,10,18918,910
17068,9,10,18178,980
17068,9,10,17808,1050
17068,9,10,17068,1120
17068,9,10,1,1190
21147,9,10,21519,0
21147,9,10,21149,560
21147,9,10,1,770
17424,9,10,21139,0
17424,9,10,20769,350
17424,9,10,20399,560
17424,9,10,20029,630
17424,9,10,19659,700
17424,9,10,18919,770
17424,9,10,18549,840
17424,9,10,17809,910
17424,9,10,17439,980
17424,9,10,1,1050
13354,9,10,14098,0
13354,9,10,13728,350
13354,9,10,1,420
25226,9,10,26710,0
25226,9,10,26340,490
25226,9,10,25970,770
25226,9,10,25600,980
25226,9,10,25230,1260
25226,9,10,1,1470
18545,9,10,20772,0
18545,9,10,20402,350
18545,9,10,19662,420
18545,9,10,19292,490
18545,9,10,18552,560
18545,9,10,1,630
21518,9,10,22630,0
21518,9,10,22260,350
21518,9,10,21890,630
21518,9,10,21520,840
21518,9,10,1,1120
15581,9,10,17804,0
15581,9,10,17434,350
15581,9,10,16694,420
15581,9,10,16324,490
15581,9,10,15584,560
15581,9,10,1,630
25597,9,10,27081,0
25597,9,10,26711,420
25597,9,10,26341,700
25597,9,10,25971,980
25597,9,10,25601,1190
25597,9,10,1,1470
22633,9,10,24113,0
22633,9,10,23743,490
22633,9,10,23373,770
22633,9,10,23003,980
22633,9,10,22633,1260
22633,9,10,1,1470
14465,9,10,15211,0
14465,9,10,14841,350
14465,9,10,1,420
20022,9,10,21886,0
20022,9,10,21516,350
20022,9,10,21146,560
20022,9,10,20776,840
20022,9,10,20036,1120
20022,9,10,1,1190
27824,9,10,28937,0
27824,9,10,28567,560
27824,9,10,28197,840
27824,9,10,27827,1050
27824,9,10,1,1330
20031,9,10,21146,0
20031,9,10,20776,420
20031,9,10,20406,630
20031,9,10,20036,700
20031,9,10,1,770
23744,9,10,24856,0
23744,9,10,24486,490
23744,9,10,24116,770
23744,9,10,23746,980
23744,9,10,1,1260
15951,9,10,17805,0
15951,9,10,17435,350
15951,9,10,17065,420
15951,9,10,16695,490
15951,9,10,15955,560
15951,9,10,1,630
12987,9,10,18167,0
12987,9,10,17797,350
12987,9,10,17057,420
12987,9,10,16687,490
12987,9,10,15947,560
12987,9,10,15577,630
12987,9,10,15207,700
12987,9,10,14467,770
12987,9,10,14097,840
12987,9,10,13357,910
12987,9,10,12987,980
12987,9,10,1,1050
17063,9,10,18918,0
17063,9,10,18548,350
17063,9,10,18178,420
17063,9,10,17808,490
17063,9,10,17068,560
17063,9,10,1,630
21142,9,10,22259,0
21142,9,10,21889,350
21142,9,10,21519,560
21142,9,10,21149,840
21142,9,10,1,1120
24115,9,10,25227,0
24115,9,10,24857,490
24115,9,10,24487,700
24115,9,10,24117,980
24115,9,10,1,1190
18178,9,10,20401,0
18178,9,10,20031,350
18178,9,10,19291,420
18178,9,10,18921,490
18178,9,10,18551,560
18178,9,10,1,630
28194,9,10,29308,0
28194,9,10,28938,560
28194,9,10,28568,770
28194,9,10,28198,1050
28194,9,10,1,1260
25230,9,10,26710,0
25230,9,10,26340,490
25230,9,10,25970,770
25230,9,10,25600,980
25230,9,10,25230,1260
25230,9,10,1,1470
18540,9,10,20772,0
18540,9,10,20402,420
18540,9,10,20032,490
18540,9,10,19292,560
18540,9,10,18922,630
18540,9,10,18552,700
18540,9,10,1,770
21513,9,10,22630,0
21513,9,10,22260,490
21513,9,10,21890,700
21513,9,10,21520,980
21513,9,10,1,1260
15576,9,10,18914,0
15576,9,10,18544,350
15576,9,10,18174,420
15576,9,10,17434,490
15576,9,10,17064,560
15576,9,10,16324,630
15576,9,10,15954,700
15576,9,10,15584,770
15576,9,10,1,840
18549,9,10,20772,0
18549,9,10,20402,350
18549,9,10,19662,420
18549,9,10,19292,490
18549,9,10,18922,560
18549,9,10,1,630
14469,9,10,14841,0
14469,9,10,14471,350
14469,9,10,1,420
20026,9,10,21516,0
20026,9,10,21146,490
20026,9,10,20776,700
20026,9,10,20036,980
20026,9,10,1,1050
19660,9,10,21145,0
19660,9,10,20775,350
19660,9,10,20035,630
19660,9,10,19665,700
19660,9,10,1,770
26712,9,10,27824,0
26712,9,10,27454,420
26712,9,10,27084,700
26712,9,10,26714,910
26712,9,10,1,1190
20775,9,10,21148,0
20775,9,10,20778,490
20775,9,10,1,770
17067,9,10,18918,0
17067,9,10,18548,350
17067,9,10,18178,420
17067,9,10,17438,490
17067,9,10,17068,560
17067,9,10,1,630
21137,9,10,22259,0
21137,9,10,21889,490
21137,9,10,21519,700
21137,9,10,21149,980
21137,9,10,1,1260
18173,9,10,20771,0
18173,9,10,20031,490
18173,9,10,19661,560
18173,9,10,19291,630
18173,9,10,18551,700
18173,9,10,18181,770
18173,9,10,1,840
21146,9,10,21519,0
21146,9,10,21149,560
21146,9,10,1,770
18544,9,10,20772,0
18544,9,10,20402,490
18544,9,10,20032,560
18544,9,10,19662,630
18544,9,10,18922,700
18544,9,10,18552,770
18544,9,10,1,840
15580,9,10,17434,0
15580,9,10,17064,350
15580,9,10,16694,420
15580,9,10,16324,490
15580,9,10,15584,560
15580,9,10,1,630
14464,9,10,15211,0
14464,9,10,14841,350
14464,9,10,1,420
27823,9,10,28937,0
27823,9,10,28567,560
27823,9,10,28197,840
27823,9,10,27827,1050
27823,9,10,1,1330
19655,9,10,21515,0
19655,9,10,21145,420
19655,9,10,20775,630
19655,9,10,20405,910
19655,9,10,19665,980
19655,9,10,1,1050
16691,9,10,18547,0
16691,9,10,18177,350
16691,9,10,17807,420
16691,9,10,17437,490
16691,9,10,16697,560
16691,9,10,1,630
19664,9,10,21145,0
19664,9,10,20775,350
19664,9,10,20035,630
19664,9,10,19665,700
19664,9,10,1,770
20770,9,10,21518,0
20770,9,10,21148,490
20770,9,10,20778,700
20770,9,10,1,980
23743,9,10,25226,0
23743,9,10,24856,560
23743,9,10,24486,770
23743,9,10,24116,1050
23743,9,10,23746,1330
17053,9,10,20768,0
17053,9,10,20028,560
17053,9,10,19658,630
17053,9,10,19288,700
17053,9,10,18548,770
17053,9,10,18178,840
17053,9,10,17438,910
17053,9,10,17068,980
17053,9,10,1,1050
17062,9,10,18918,0
17062,9,10,18548,350
17062,9,10,18178,420
17062,9,10,17808,490
17062,9,10,17068,560
17062,9,10,1,630
14098,9,10,14470,0
14098,9,10,14100,350
14098,9,10,1,420
18168,9,10,20771,0
18168,9,10,20031,420
18168,9,10,19661,490
18168,9,10,18921,560
18168,9,10,18551,630
18168,9,10,18181,700
18168,9,10,1,770
21141,9,10,21889,0
21141,9,10,21519,420
21141,9,10,21149,630
21141,9,10,1,910
18177,9,10,20401,0
18177,9,10,20031,350
18177,9,10,19291,420
18177,9,10,18921,490
18177,9,10,18181,560
18177,9,10,1,630
18539,9,10,20772,0
18539,9,10,20402,420
18539,9,10,20032,490
18539,9,10,19292,560
18539,9,10,18922,630
18539,9,10,18552,700
18539,9,10,1,770
26341,9,10,27453,0
26341,9,10,27083,420
26341,9,10,26713,700
26341,9,10,26343,910
26341,9,10,1,1190
15584,9,10,20764,0
15584,9,10,20394,490
15584,9,10,20024,560
15584,9,10,19284,630
15584,9,10,18914,700
15584,9,10,18174,770
15584,9,10,17804,840
15584,9,10,17434,910
15584,9,10,16694,980
15584,9,10,16324,1050
15584,9,10,15584,1120
15584,9,10,1,1190
22261,9,10,23002,0
22261,9,10,22632,420
22261,9,10,22262,700
22261,9,10,1,910
16686,9,10,20767,0
16686,9,10,20397,350
16686,9,10,20027,420
16686,9,10,19287,490
16686,9,10,18917,560
16686,9,10,18177,630
16686,9,10,17807,700
16686,9,10,17437,770
16686,9,10,16697,840
16686,9,10,1,910
12616,9,10,17796,0
12616,9,10,17426,350
12616,9,10,16686,420
12616,9,10,16316,490
12616,9,10,15576,560
12616,9,10,15206,630
12616,9,10,14836,700
12616,9,10,14096,770
12616,9,10,13726,840
12616,9,10,12986,910
12616,9,10,12616,980
12616,9,10,1,1050
19659,9,10,21145,0
19659,9,10,20775,350
19659,9,10,20035,630
19659,9,10,19665,700
19659,9,10,1,770
16695,9,10,18547,0
16695,9,10,18177,350
16695,9,10,17807,420
16695,9,10,17067,490
16695,9,10,16697,560
16695,9,10,1,630
20765,9,10,21518,0
20765,9,10,21148,420
20765,9,10,20778,630
20765,9,10,1,910
20774,9,10,21148,0
20774,9,10,20778,490
20774,9,10,1,770
17057,9,10,20768,0
17057,9,10,20398,420
17057,9,10,19658,490
17057,9,10,19288,560
17057,9,10,18548,630
17057,9,10,18178,700
17057,9,10,17808,770
17057,9,10,17068,840
17057,9,10,1,910
24859,9,10,26339,0
24859,9,10,25969,490
24859,9,10,25599,700
24859,9,10,25229,980
24859,9,10,24859,1260
24859,9,10,1,1470
14093,9,10,14840,0
14093,9,10,14470,350
14093,9,10,1,420
17066,9,10,18918,0
17066,9,10,18548,350
17066,9,10,18178,420
17066,9,10,17438,490
17066,9,10,17068,560
17066,9,10,1,630
21136,9,10,21889,0
21136,9,10,21519,560
21136,9,10,21149,840
21136,9,10,1,1050
18172,9,10,20771,0
18172,9,10,20031,490
18172,9,10,19661,560
18172,9,10,19291,630
18172,9,10,18551,700
18172,9,10,18181,770
18172,9,10,1,840
18181,9,10,21511,0
18181,9,10,21141,350
18181,9,10,20771,630
18181,9,10,20401,840
18181,9,10,20031,910
18181,9,10,19291,980
18181,9,10,18921,1050
18181,9,10,18551,1120
18181,9,10,1,1190
23372,9,10,24855,0
23372,9,10,24485,560
23372,9,10,24115,770
23372,9,10,23745,1050
23372,9,10,23375,1260
15213,9,10,20763,0
15213,9,10,20393,420
15213,9,10,20023,490
15213,9,10,19653,560
15213,9,10,18913,630
15213,9,10,18543,700
15213,9,10,17803,770
15213,9,10,17433,840
15213,9,10,17063,910
15213,9,10,16323,980
15213,9,10,15953,1050
15213,9,10,15213,1120
15213,9,10,1,1190
19283,9,10,21514,0
19283,9,10,21144,350
19283,9,10,20774,560
19283,9,10,20404,840
19283,9,10,19664,910
19283,9,10,19294,980
19283,9,10,1,1050
19292,9,10,20774,0
19292,9,10,20034,560
19292,9,10,19664,630
19292,9,10,19294,700
19292,9,10,1,770
27822,9,10,29307,0
27822,9,10,28937,490
27822,9,10,28567,770
27822,9,10,28197,1050
27822,9,10,27827,1260
19654,9,10,21515,0
19654,9,10,21145,420
19654,9,10,20775,630
19654,9,10,20405,910
19654,9,10,19665,980
19654,9,10,1,1050
19663,9,10,21145,0
19663,9,10,20775,350
19663,9,10,20035,630
19663,9,10,19665,700
19663,9,10,1,770
13726,9,10,14469,0
13726,9,10,14099,350
13726,9,10,1,420
20769,9,10,21518,0
20769,9,10,21148,490
20769,9,10,20778,700
20769,9,10,1,980
23742,9,10,25226,0
23742,9,10,24856,560
23742,9,10,24486,840
23742,9,10,24116,1050
23742,9,10,23746,1330
20778,9,10,21888,0
20778,9,10,21518,560
20778,9,10,21148,840
20778,9,10,20778,1050
20778,9,10,1,1330
21890,9,10,22261,0
21890,9,10,21891,560
21890,9,10,1,770
18167,9,10,21141,0
18167,9,10,20771,420
18167,9,10,20401,700
18167,9,10,19661,770
18167,9,10,19291,840
18167,9,10,18921,910
18167,9,10,18181,980
18167,9,10,1,1050
14097,9,10,14840,0
14097,9,10,14470,350
14097,9,10,1,420
25969,9,10,27452,0
25969,9,10,27082,420
25969,9,10,26712,700
25969,9,10,26342,910
25969,9,10,25972,1190
25969,9,10,1,1470
18176,9,10,20401,0
18176,9,10,20031,350
18176,9,10,19291,420
18176,9,10,18921,490
18176,9,10,18181,560
18176,9,10,1,630
17810,9,10,21140,0
17810,9,10,20770,560
17810,9,10,20030,840
17810,9,10,19660,910
17810,9,10,18920,980
17810,9,10,18550,1050
17810,9,10,18180,1120
17810,9,10,1,1190
26340,9,10,27823,0
26340,9,10,27453,420
26340,9,10,27083,700
26340,9,10,26713,910
26340,9,10,26343,1190
26340,9,10,1,1470
15208,9,10,17063,0
15208,9,10,16693,350
15208,9,10,16323,420
15208,9,10,15953,490
15208,9,10,15213,560
15208,9,10,1,630
12244,9,10,12985,0
12244,9,10,12615,350
12244,9,10,1,420
16314,9,10,18916,0
16314,9,10,18546,350
16314,9,10,18176,420
16314,9,10,17806,490
16314,9,10,17066,560
16314,9,10,16696,630
16314,9,10,1,700
19287,9,10,20774,0
19287,9,10,20404,560
19287,9,10,19664,630
19287,9,10,19294,700
19287,9,10,1,770
22260,9,10,23372,0
22260,9,10,23002,490
22260,9,10,22632,700
22260,9,10,22262,980
22260,9,10,1,1190
16323,9,10,18546,0
16323,9,10,18176,350
16323,9,10,17436,420
16323,9,10,17066,490
16323,9,10,16326,560
16323,9,10,1,630
12615,9,10,13356,0
12615,9,10,12986,350
12615,9,10,1,420
19658,9,10,21145,0
19658,9,10,20775,350
19658,9,10,20035,630
19658,9,10,19665,700
19658,9,10,1,770
24487,9,10,25228,0
24487,9,10,24858,420
24487,9,10,24488,700
24487,9,10,1,910
16694,9,10,18917,0
16694,9,10,18547,350
16694,9,10,17807,420
16694,9,10,17437,490
16694,9,10,16697,560
16694,9,10,1,630
20764,9,10,21888,0
20764,9,10,21518,420
20764,9,10,21148,700
20764,9,10,20778,980
20764,9,10,1,1190
20773,9,10,21148,0
20773,9,10,20778,560
20773,9,10,1,770
20407,9,10,21887,0
20407,9,10,21517,560
20407,9,10,21147,770
20407,9,10,20777,1050
20407,9,10,20407,1260
20407,9,10,1,1330
21885,9,10,23001,0
21885,9,10,22631,350
21885,9,10,22261,560
21885,9,10,21891,840
21885,9,10,1,1120
24858,9,10,25599,0
24858,9,10,25229,420
24858,9,10,24859,630
24858,9,10,1,910
17805,9,10,20030,0
17805,9,10,19660,350
17805,9,10,18920,420
17805,9,10,18550,490
17805,9,10,17810,560
17805,9,10,1,630
14841,9,10,16692,0
14841,9,10,16322,350
14841,9,10,15952,420
14841,9,10,15212,490
14841,9,10,14842,560
14841,9,10,1,630
23371,9,10,24855,0
23371,9,10,24485,560
23371,9,10,24115,770
23371,9,10,23745,1050
23371,9,10,23375,1330
15203,9,10,19283,0
15203,9,10,18913,350
15203,9,10,18543,420
15203,9,10,17803,490
15203,9,10,17433,560
15203,9,10,16693,630
15203,9,10,16323,700
15203,9,10,15953,770
15203,9,10,15213,840
15203,9,10,1,910
19282,9,10,21144,0
19282,9,10,20774,420
19282,9,10,20034,700
19282,9,10,19664,770
19282,9,10,1,840
15212,9,10,17063,0
15212,9,10,16693,350
15212,9,10,16323,420
15212,9,10,15583,490
15212,9,10,15213,560
15212,9,10,1,630
16318,9,10,19656,0
16318,9,10,19286,350
16318,9,10,18916,420
16318,9,10,18176,490
16318,9,10,17806,560
16318,9,10,17066,630
16318,9,10,16696,700
16318,9,10,16326,770
16318,9,10,1,840
19291,9,10,20774,0
19291,9,10,20404,560
19291,9,10,19664,630
19291,9,10,19294,700
19291,9,10,1,770
16689,9,10,20027,0
16689,9,10,19657,350
16689,9,10,19287,420
16689,9,10,18547,490
16689,9,10,18177,560
16689,9,10,17437,630
16689,9,10,17067,700
16689,9,10,16697,770
16689,9,10,1,840
13725,9,10,14469,0
13725,9,10,14099,350
13725,9,10,1,420
20402,9,10,21147,0
20402,9,10,20777,490
20402,9,10,20407,700
20402,9,10,1,770
21889,9,10,23001,0
21889,9,10,22631,350
21889,9,10,22261,630
21889,9,10,21891,840
21889,9,10,1,1120
25968,9,10,27452,0
25968,9,10,27082,420
25968,9,10,26712,700
25968,9,10,26342,980
25968,9,10,25972,1190
25968,9,10,1,1470
14836,9,10,16692,0
14836,9,10,16322,350
14836,9,10,15952,420
14836,9,10,15582,490
14836,9,10,14842,560
14836,9,10,1,630
17809,9,10,19660,0
17809,9,10,19290,350
17809,9,10,18920,420
17809,9,10,18180,490
17809,9,10,17810,560
17809,9,10,1,630
23375,9,10,24855,0
23375,9,10,24485,490
23375,9,10,24115,770
23375,9,10,23745,980
23375,9,10,23375,1260
23375,9,10,1,1470
15207,9,10,17063,0
15207,9,10,16693,350
15207,9,10,16323,420
15207,9,10,15953,490
15207,9,10,15213,560
15207,9,10,1,630
16313,9,10,18916,0
16313,9,10,18546,350
16313,9,10,18176,420
16313,9,10,17806,490
16313,9,10,17066,560
16313,9,10,16696,630
16313,9,10,1,700
19286,9,10,21144,0
19286,9,10,20774,490
19286,9,10,20034,770
19286,9,10,19664,840
19286,9,10,19294,910
19286,9,10,1,980
16322,9,10,18176,0
16322,9,10,17806,350
16322,9,10,17436,420
16322,9,10,17066,490
16322,9,10,16326,560
16322,9,10,1,630
24486,9,10,25598,0
24486,9,10,25228,490
24486,9,10,24858,700
24486,9,10,24488,980
24486,9,10,1,1190
20397,9,10,21517,0
20397,9,10,21147,490
20397,9,10,20777,770
20397,9,10,1,1050
17433,9,10,19289,0
17433,9,10,18919,350
17433,9,10,18549,420
17433,9,10,18179,490
17433,9,10,17439,560
17433,9,10,1,630
20406,9,10,21147,0
20406,9,10,20777,420
20406,9,10,20407,700
20406,9,10,1,770
21884,9,10,22631,0
21884,9,10,22261,490
21884,9,10,21891,770
21884,9,10,1,980
24857,9,10,25969,0
24857,9,10,25599,490
24857,9,10,25229,700
24857,9,10,24859,980
24857,9,10,1,1190
25972,9,10,27452,0
25972,9,10,27082,490
25972,9,10,26712,770
25972,9,10,26342,980
25972,9,10,25972,1260
25972,9,10,1,1470
17804,9,10,20030,0
17804,9,10,19660,350
17804,9,10,18920,420
17804,9,10,18550,490
17804,9,10,17810,560
17804,9,10,1,630
14840,9,10,16692,0
14840,9,10,16322,350
14840,9,10,15952,420
14840,9,10,15212,490
14840,9,10,14842,560
14840,9,10,1,630
23004,9,10,24484,0
23004,9,10,24114,490
23004,9,10,23744,770
23004,9,10,23374,980
23004,9,10,23004,1260
15211,9,10,17063,0
15211,9,10,16693,350
15211,9,10,16323,420
15211,9,10,15583,490
15211,9,10,15213,560
15211,9,10,1,630
19281,9,10,21144,0
19281,9,10,20774,420
19281,9,10,20034,700
19281,9,10,19664,770
19281,9,10,1,840
27083,9,10,28195,0
27083,9,10,27825,420
27083,9,10,27455,700
27083,9,10,27085,910
27083,9,10,1,1190
16326,9,10,21136,0
16326,9,10,20766,350
16326,9,10,20026,630
16326,9,10,19656,700
16326,9,10,18916,770
16326,9,10,18546,840
16326,9,10,18176,910
16326,9,10,17436,980
16326,9,10,17066,1050
16326,9,10,16326,1120
16326,9,10,1,1190
18915,9,10,21143,0
18915,9,10,20773,350
18915,9,10,20403,630
18915,9,10,19663,700
18915,9,10,19293,770
18915,9,10,1,840
27454,9,10,28566,0
27454,9,10,28196,350
27454,9,10,27826,630
27454,9,10,27456,840
27454,9,10,1,1120
13358,9,10,18168,0
13358,9,10,17798,350
13358,9,10,17428,420
13358,9,10,16688,490
13358,9,10,16318,560
13358,9,10,15578,630
13358,9,10,15208,700
13358,9,10,14838,770
13358,9,10,14098,840
13358,9,10,13728,910
13358,9,10,1,980
17428,9,10,20769,0
17428,9,10,20029,490
17428,9,10,19659,560
17428,9,10,18919,630
17428,9,10,18549,700
17428,9,10,18179,770
17428,9,10,17439,840
17428,9,10,1,910
20401,9,10,21147,0
20401,9,10,20777,490
20401,9,10,20407,700
20401,9,10,1,770
17437,9,10,19289,0
17437,9,10,18919,350
17437,9,10,18549,420
17437,9,10,17809,490
17437,9,10,17439,560
17437,9,10,1,630
21888,9,10,23001,0
21888,9,10,22631,490
21888,9,10,22261,700
21888,9,10,21891,980
21888,9,10,1,1190
17799,9,10,20770,0
17799,9,10,20400,490
17799,9,10,20030,560
17799,9,10,19290,630
17799,9,10,18920,700
17799,9,10,18550,770
17799,9,10,17810,840
17799,9,10,1,910
14835,9,10,16692,0
14835,9,10,16322,350
14835,9,10,15952,420
14835,9,10,15582,490
14835,9,10,14842,560
14835,9,10,1,630
25601,9,10,27081,0
25601,9,10,26711,490
25601,9,10,26341,770
25601,9,10,25971,980
25601,9,10,25601,1260
25601,9,10,1,1470
17808,9,10,19660,0
17808,9,10,19290,350
17808,9,10,18920,420
17808,9,10,18550,490
17808,9,10,17810,560
17808,9,10,1,630
20035,9,10,21146,0
20035,9,10,20776,420
20035,9,10,20406,630
20035,9,10,20036,700
20035,9,10,1,770
18910,9,10,20773,0
18910,9,10,20033,560
18910,9,10,19663,630
18910,9,10,19293,700
18910,9,10,1,770
18919,9,10,20773,0
18919,9,10,20403,420
18919,9,10,20033,490
18919,9,10,19293,560
18919,9,10,18923,630
18919,9,10,1,700
15955,9,10,20765,0
15955,9,10,20395,560
15955,9,10,19655,630
15955,9,10,19285,700
15955,9,10,18545,770
15955,9,10,18175,840
15955,9,10,17805,910
15955,9,10,17065,980
15955,9,10,16695,1050
15955,9,10,15955,1120
15955,9,10,1,1190
24485,9,10,25968,0
24485,9,10,25598,490
24485,9,10,25228,770
24485,9,10,24858,980
24485,9,10,24488,1260
20396,9,10,21517,0
20396,9,10,21147,490
20396,9,10,20777,770
20396,9,10,1,1050
17432,9,10,19289,0
17432,9,10,18919,350
17432,9,10,18549,420
17432,9,10,18179,490
17432,9,10,17439,560
17432,9,10,1,630
20405,9,10,21147,0
20405,9,10,20777,490
20405,9,10,20407,700
20405,9,10,1,770
21517,9,10,22630,0
21517,9,10,22260,350
21517,9,10,21890,630
21517,9,10,21520,840
21517,9,10,1,1120
22632,9,10,23373,0
22632,9,10,23003,420
22632,9,10,22633,700
22632,9,10,1,910
20030,9,10,21146,0
20030,9,10,20776,420
20030,9,10,20406,630
20030,9,10,20036,700
20030,9,10,1,770
23003,9,10,23744,0
23003,9,10,23374,420
23003,9,10,23004,700
23003,9,10,1,910
27082,9,10,28565,0
27082,9,10,28195,420
27082,9,10,27825,630
27082,9,10,27455,910
27082,9,10,27085,1120
27082,9,10,1,1400
18914,9,10,21143,0
18914,9,10,20773,350
18914,9,10,20403,630
18914,9,10,19663,700
18914,9,10,19293,770
18914,9,10,1,840
15950,9,10,17805,0
15950,9,10,17435,350
15950,9,10,17065,420
15950,9,10,16695,490
15950,9,10,15955,560
15950,9,10,1,630
18923,9,10,21513,0
18923,9,10,21143,490
18923,9,10,20773,770
18923,9,10,20033,1050
18923,9,10,19663,1120
18923,9,10,18923,1190
18923,9,10,1,1260
12986,9,10,13727,0
12986,9,10,13357,350
12986,9,10,1,420
24114,9,10,25597,0
24114,9,10,25227,490
24114,9,10,24857,770
24114,9,10,24487,980
24114,9,10,24117,1260
13357,9,10,13728,0
13357,9,10,13358,350
13357,9,10,1,420
28193,9,10,29678,0
28193,9,10,29308,490
28193,9,10,28938,770
28193,9,10,28568,980
28193,9,10,28198,1260
28193,9,10,1,1470
20400,9,10,21147,0
20400,9,10,20777,490
20400,9,10,20407,700
20400,9,10,1,770
25229,9,10,25970,0
25229,9,10,25600,420
25229,9,10,25230,630
25229,9,10,1,910
17436,9,10,19659,0
17436,9,10,19289,350
17436,9,10,18549,420
17436,9,10,18179,490
17436,9,10,17439,560
17436,9,10,1,630
21512,9,10,22630,0
21512,9,10,22260,490
21512,9,10,21890,770
21512,9,10,21520,980
21512,9,10,1,1260
18548,9,10,20772,0
18548,9,10,20402,350
18548,9,10,19662,420
18548,9,10,19292,490
18548,9,10,18552,560
18548,9,10,1,630
25600,9,10,26341,0
25600,9,10,25971,420
25600,9,10,25601,630
25600,9,10,1,910
14834,9,10,18172,0
14834,9,10,17802,350
14834,9,10,17432,420
14834,9,10,16692,490
14834,9,10,16322,560
14834,9,10,15582,630
14834,9,10,15212,700
14834,9,10,14842,770
14834,9,10,1,840
20025,9,10,21516,0
20025,9,10,21146,490
20025,9,10,20776,700
20025,9,10,20036,980
20025,9,10,1,1050
20034,9,10,21146,0
20034,9,10,20776,420
20034,9,10,20406,630
20034,9,10,20036,700
20034,9,10,1,770
15945,9,10,20025,0
15945,9,10,19655,350
15945,9,10,19285,420
15945,9,10,18545,490
15945,9,10,18175,560
15945,9,10,17435,630
15945,9,10,17065,700
15945,9,10,16695,770
15945,9,10,15955,840
15945,9,10,1,910
26711,9,10,28194,0
26711,9,10,27824,420
26711,9,10,27454,630
26711,9,10,27084,910
26711,9,10,26714,1120
26711,9,10,1,1400
18918,9,10,20773,0
18918,9,10,20403,420
18918,9,10,20033,490
18918,9,10,19293,560
18918,9,10,18923,630
18918,9,10,1,700
15954,9,10,17805,0
15954,9,10,17435,350
15954,9,10,17065,420
15954,9,10,16325,490
15954,9,10,15955,560
15954,9,10,1,630
21145,9,10,21889,0
21145,9,10,21519,490
21145,9,10,21149,770
21145,9,10,1,980
17431,9,10,20769,0
17431,9,10,20399,350
17431,9,10,20029,420
17431,9,10,19289,490
17431,9,10,18919,560
17431,9,10,18179,630
17431,9,10,17809,700
17431,9,10,17439,770
17431,9,10,1,840
18543,9,10,20772,0
18543,9,10,20402,490
18543,9,10,20032,560
18543,9,10,19662,630
18543,9,10,18922,700
18543,9,10,18552,770
18543,9,10,1,840
21516,9,10,22260,0
21516,9,10,21890,420
21516,9,10,21520,700
21516,9,10,1,910
15579,9,10,17434,0
15579,9,10,17064,350
15579,9,10,16694,420
15579,9,10,16324,490
15579,9,10,15584,560
15579,9,10,1,630
18552,9,10,21512,0
18552,9,10,21142,420
18552,9,10,20772,630
18552,9,10,20402,910
18552,9,10,19662,980
18552,9,10,19292,1050
18552,9,10,18922,1120
18552,9,10,1,1190
22631,9,10,23743,0
22631,9,10,23373,490
22631,9,10,23003,700
22631,9,10,22633,980
22631,9,10,1,1190
14463,9,10,16321,0
14463,9,10,15951,350
14463,9,10,15581,420
14463,9,10,14841,490
14463,9,10,14471,560
14463,9,10,1,630
20029,9,10,21146,0
20029,9,10,20776,420
20029,9,10,20406,630
20029,9,10,20036,700
20029,9,10,1,770
18913,9,10,21143,0
18913,9,10,20773,490
18913,9,10,20403,700
18913,9,10,20033,770
18913,9,10,19293,840
18913,9,10,18923,910
18913,9,10,1,980
15949,9,10,17805,0
15949,9,10,17435,350
15949,9,10,17065,420
15949,9,10,16695,490
15949,9,10,15955,560
15949,9,10,1,630
12985,9,10,13727,0
12985,9,10,13357,350
12985,9,10,1,420
21140,9,10,21889,0
21140,9,10,21519,420
21140,9,10,21149,630
21140,9,10,1,910
24113,9,10,25597,0
24113,9,10,25227,490
24113,9,10,24857,770
24113,9,10,24487,980
24113,9,10,24117,1260
21149,9,10,22629,0
21149,9,10,22259,350
21149,9,10,21889,630
21149,9,10,21519,840
21149,9,10,21149,1120
21149,9,10,1,1330
25228,9,10,26340,0
25228,9,10,25970,420
25228,9,10,25600,700
25228,9,10,25230,980
25228,9,10,1,1190
21511,9,10,22630,0
21511,9,10,22260,350
21511,9,10,21890,560
21511,9,10,21520,840
21511,9,10,1,1120
15574,9,10,19654,0
15574,9,10,19284,350
15574,9,10,18914,420
15574,9,10,18174,490
15574,9,10,17804,560
15574,9,10,17064,630
15574,9,10,16694,700
15574,9,10,16324,770
15574,9,10,15584,840
15574,9,10,1,910
18547,9,10,20772,0
18547,9,10,20402,350
18547,9,10,19662,420
18547,9,10,19292,490
18547,9,10,18552,560
18547,9,10,1,630
21520,9,10,23000,0
21520,9,10,22630,350
21520,9,10,22260,630
21520,9,10,21890,840
21520,9,10,21520,1120
21520,9,10,1,1330
15583,9,10,17434,0
15583,9,10,17064,350
15583,9,10,16694,420
15583,9,10,15954,490
15583,9,10,15584,560
15583,9,10,1,630
14467,9,10,15211,0
14467,9,10,14841,350
14467,9,10,1,420
11503,9,10,17053,0
11503,9,10,16683,350
11503,9,10,16313,420
11503,9,10,15573,490
11503,9,10,15203,560
11503,9,10,14463,630
11503,9,10,14093,700
11503,9,10,13723,770
11503,9,10,12983,840
11503,9,10,12613,910
11503,9,10,11873,980
11503,9,10,11503,1050
11503,9,10,1,1120
20024,9,10,21146,0
20024,9,10,20776,560
20024,9,10,20406,770
20024,9,10,20036,840
20024,9,10,1,910
26710,9,10,28194,0
26710,9,10,27824,420
26710,9,10,27454,630
26710,9,10,27084,910
26710,9,10,26714,1120
26710,9,10,1,1400
15944,9,10,20025,0
15944,9,10,19655,350
15944,9,10,19285,420
15944,9,10,18545,490
15944,9,10,18175,560
15944,9,10,17435,630
15944,9,10,17065,700
15944,9,10,16695,770
15944,9,10,15955,840
15944,9,10,1,910
11874,9,10,17424,0
11874,9,10,17054,350
11874,9,10,16314,420
11874,9,10,15944,490
11874,9,10,15574,560
11874,9,10,14834,630
11874,9,10,14464,700
11874,9,10,13724,770
11874,9,10,13354,840
11874,9,10,12984,910
11874,9,10,12244,980
11874,9,10,11874,1050
11874,9,10,1,1120
23746,9,10,25226,0
23746,9,10,24856,490
23746,9,10,24486,770
23746,9,10,24116,980
23746,9,10,23746,1260
17065,9,10,19288,0
17065,9,10,18918,350
17065,9,10,18178,420
17065,9,10,17808,490
17065,9,10,17068,560
17065,9,10,1,630
21144,9,10,21889,0
21144,9,10,21519,490
21144,9,10,21149,770
21144,9,10,1,980
24117,9,10,25597,0
24117,9,10,25227,490
24117,9,10,24857,770
24117,9,10,24487,980
24117,9,10,24117,1260
24117,9,10,1,1470
18180,9,10,20031,0
18180,9,10,19661,350
18180,9,10,19291,420
18180,9,10,18921,490
18180,9,10,18181,560
18180,9,10,1,630
18542,9,10,21142,0
18542,9,10,20772,350
18542,9,10,20402,630
18542,9,10,19662,700
18542,9,10,19292,770
18542,9,10,18552,840
18542,9,10,1,910
21515,9,10,22260,0
21515,9,10,21890,420
21515,9,10,21520,700
21515,9,10,1,910
15578,9,10,17434,0
15578,9,10,17064,350
15578,9,10,16694,420
15578,9,10,16324,490
15578,9,10,15584,560
15578,9,10,1,630
18551,9,10,20402,0
18551,9,10,20032,350
18551,9,10,19662,420
18551,9,10,19292,490
18551,9,10,18552,560
18551,9,10,1,630
22630,9,10,24113,0
22630,9,10,23743,560
22630,9,10,23373,770
22630,9,10,23003,1050
22630,9,10,22633,1260
14471,9,10,19281,0
14471,9,10,18911,350
14471,9,10,18541,420
14471,9,10,17801,490
14471,9,10,17431,560
14471,9,10,16691,630
14471,9,10,16321,700
14471,9,10,15951,770
14471,9,10,15211,840
14471,9,10,14841,910
14471,9,10,1,980
19653,9,10,21145,0
19653,9,10,20775,490
19653,9,10,20405,700
19653,9,10,20035,770
19653,9,10,19665,840
19653,9,10,1,910
19662,9,10,21145,0
19662,9,10,20775,350
19662,9,10,20405,630
19662,9,10,19665,700
19662,9,10,1,770
20768,9,10,21518,0
20768,9,10,21148,560
20768,9,10,20778,840
20768,9,10,1,1050
26714,9,10,28194,0
26714,9,10,27824,490
26714,9,10,27454,770
26714,9,10,27084,980
26714,9,10,26714,1260
26714,9,10,1,1470
20777,9,10,21148,0
20777,9,10,20778,490
20777,9,10,1,770
12984,9,10,13727,0
12984,9,10,13357,350
12984,9,10,12987,420
12984,9,10,1,490
17060,9,10,20398,0
17060,9,10,20028,350
17060,9,10,19658,420
17060,9,10,18918,490
17060,9,10,18548,560
17060,9,10,17808,630
17060,9,10,17438,700
17060,9,10,17068,770
17060,9,10,1,840
14096,9,10,14840,0
14096,9,10,14470,350
14096,9,10,1,420
21139,9,10,22259,0
21139,9,10,21889,490
21139,9,10,21519,700
21139,9,10,21149,980
21139,9,10,1,1190
18175,9,10,20401,0
18175,9,10,20031,350
18175,9,10,19291,420
18175,9,10,18921,490
18175,9,10,18181,560
18175,9,10,1,630
21148,9,10,21519,0
21148,9,10,21149,560
21148,9,10,1,770
25227,9,10,26710,0
25227,9,10,26340,490
25227,9,10,25970,700
25227,9,10,25600,980
25227,9,10,25230,1260
25227,9,10,1,1470
26339,9,10,27823,0
26339,9,10,27453,420
26339,9,10,27083,700
26339,9,10,26713,980
26339,9,10,26343,1190
26339,9,10,1,1470
15573,9,10,19654,0
15573,9,10,19284,350
15573,9,10,18914,420
15573,9,10,18174,490
15573,9,10,17804,560
15573,9,10,17064,630
15573,9,10,16694,700
15573,9,10,16324,770
15573,9,10,15584,840
15573,9,10,1,910
18546,9,10,20772,0
18546,9,10,20402,350
18546,9,10,19662,420
18546,9,10,19292,490
18546,9,10,18552,560
18546,9,10,1,630
15582,9,10,17434,0
15582,9,10,17064,350
15582,9,10,16694,420
15582,9,10,15954,490
15582,9,10,15584,560
15582,9,10,1,630
22259,9,10,23742,0
22259,9,10,23372,560
22259,9,10,23002,770
22259,9,10,22632,1050
22259,9,10,22262,1260
12614,9,10,13356,0
12614,9,10,12986,350
12614,9,10,1,420
19657,9,10,21145,0
19657,9,10,20775,560
19657,9,10,20035,840
19657,9,10,19665,910
19657,9,10,1,980
16693,9,10,18547,0
16693,9,10,18177,350
16693,9,10,17807,420
16693,9,10,17437,490
16693,9,10,16697,560
16693,9,10,1,630
20763,9,10,21888,0
20763,9,10,21518,420
20763,9,10,21148,700
20763,9,10,20778,980
20763,9,10,1,1190
13729,9,10,18539,0
13729,9,10,18169,350
13729,9,10,17799,420
13729,9,10,17059,490
13729,9,10,16689,560
13729,9,10,15949,630
13729,9,10,15579,700
13729,9,10,15209,770
13729,9,10,14469,840
13729,9,10,14099,910
13729,9,10,1,980
20772,9,10,21148,0
20772,9,10,20778,560
20772,9,10,1,770
23745,9,10,24486,0
23745,9,10,24116,420
23745,9,10,23746,700
23745,9,10,1,910
17055,9,10,19658,0
17055,9,10,19288,350
17055,9,10,18918,420
17055,9,10,18548,490
17055,9,10,17808,560
17055,9,10,17438,630
17055,9,10,1,700
17064,9,10,18918,0
17064,9,10,18548,350
17064,9,10,18178,420
17064,9,10,17808,490
17064,9,10,17068,560
17064,9,10,1,630
14100,9,10,18910,0
14100,9,10,18540,350
14100,9,10,18170,420
14100,9,10,17430,490
14100,9,10,17060,560
14100,9,10,16320,630
14100,9,10,15950,700
14100,9,10,15580,770
14100,9,10,14840,840
14100,9,10,14470,910
14100,9,10,1,980
18170,9,10,20771,0
18170,9,10,20401,560
18170,9,10,20031,630
18170,9,10,19291,700
18170,9,10,18921,770
18170,9,10,18181,840
18170,9,10,1,910
21143,9,10,22259,0
21143,9,10,21889,350
21143,9,10,21519,560
21143,9,10,21149,840
21143,9,10,1,1120
18179,9,10,20031,0
18179,9,10,19661,350
18179,9,10,19291,420
18179,9,10,18921,490
18179,9,10,18181,560
18179,9,10,1,630
15577,9,10,17434,0
15577,9,10,17064,350
15577,9,10,16694,420
15577,9,10,16324,490
15577,9,10,15584,560
15577,9,10,1,630
26343,9,10,27823,0
26343,9,10,27453,490
26343,9,10,27083,770
26343,9,10,26713,980
26343,9,10,26343,1260
26343,9,10,1,1470
19290,9,10,20774,0
19290,9,10,20034,560
19290,9,10,19664,630
19290,9,10,19294,700
19290,9,10,1,770
19652,9,10,21145,0
19652,9,10,20775,490
19652,9,10,20405,700
19652,9,10,20035,770
19652,9,10,19665,840
19652,9,10,1,910
16688,9,10,20027,0
16688,9,10,19657,350
16688,9,10,19287,420
16688,9,10,18547,490
16688,9,10,18177,560
16688,9,10,17437,630
16688,9,10,17067,700
16688,9,10,16697,770
16688,9,10,1,840
19661,9,10,21145,0
19661,9,10,20775,350
19661,9,10,20035,630
19661,9,10,19665,700
19661,9,10,1,770
13724,9,10,14469,0
13724,9,10,14099,350
13724,9,10,1,420
16697,9,10,21137,0
16697,9,10,20767,420
16697,9,10,20397,630
16697,9,10,20027,700
16697,9,10,19287,770
16697,9,10,18917,840
16697,9,10,18547,910
16697,9,10,17807,980
16697,9,10,17437,1050
16697,9,10,16697,1120
16697,9,10,1,1190
20767,9,10,21518,0
20767,9,10,21148,560
20767,9,10,20778,840
20767,9,10,1,1050
20776,9,10,21148,0
20776,9,10,20778,490
20776,9,10,1,770
17059,9,10,20398,0
17059,9,10,20028,350
17059,9,10,19658,420
17059,9,10,18918,490
17059,9,10,18548,560
17059,9,10,17808,630
17059,9,10,17438,700
17059,9,10,17068,770
17059,9,10,1,840
21138,9,10,22259,0
21138,9,10,21889,490
21138,9,10,21519,700
21138,9,10,21149,980
21138,9,10,1,1190
25967,9,10,27822,0
25967,9,10,27452,350
25967,9,10,27082,630
25967,9,10,26712,840
25967,9,10,26342,1120
25967,9,10,25972,1330
18174,9,10,20401,0
18174,9,10,20031,350
18174,9,10,19291,420
18174,9,10,18921,490
18174,9,10,18181,560
18174,9,10,1,630
23374,9,10,24115,0
23374,9,10,23745,420
23374,9,10,23375,700
23374,9,10,1,910
15206,9,10,17063,0
15206,9,10,16693,350
15206,9,10,16323,420
15206,9,10,15953,490
15206,9,10,15213,560
15206,9,10,1,630
19285,9,10,21144,0
19285,9,10,20774,490
19285,9,10,20034,770
19285,9,10,19664,840
19285,9,10,19294,910
19285,9,10,1,980
16321,9,10,18176,0
16321,9,10,17806,350
16321,9,10,17436,420
16321,9,10,17066,490
16321,9,10,16326,560
16321,9,10,1,630
19294,9,10,21884,0
19294,9,10,21514,350
19294,9,10,21144,630
19294,9,10,20774,840
19294,9,10,20404,1120
19294,9,10,19664,1190
19294,9,10,19294,1260
19294,9,10,1,1330
16683,9,10,20767,0
16683,9,10,20397,490
16683,9,10,19657,560
16683,9,10,19287,630
16683,9,10,18917,700
16683,9,10,18177,770
16683,9,10,17807,840
16683,9,10,17067,910
16683,9,10,16697,980
16683,9,10,1,1050
12613,9,10,13356,0
12613,9,10,12986,350
12613,9,10,12616,420
12613,9,10,1,490
19656,9,10,21145,0
19656,9,10,20775,560
19656,9,10,20035,840
19656,9,10,19665,910
19656,9,10,1,980
16692,9,10,18547,0
16692,9,10,18177,350
16692,9,10,17807,420
16692,9,10,17437,490
16692,9,10,16697,560
16692,9,10,1,630
20762,9,10,21888,0
20762,9,10,21518,490
20762,9,10,21148,700
20762,9,10,20778,980
20762,9,10,1,1190
19665,9,10,21885,0
19665,9,10,21515,420
19665,9,10,21145,700
19665,9,10,20775,910
19665,9,10,20405,1190
19665,9,10,19665,1260
19665,9,10,1,1330
13728,9,10,14099,0
13728,9,10,13729,350
13728,9,10,1,420
20771,9,10,21148,0
20771,9,10,20778,560
20771,9,10,1,770
17054,9,10,20768,0
17054,9,10,20028,560
17054,9,10,19658,630
17054,9,10,19288,700
17054,9,10,18548,770
17054,9,10,18178,840
17054,9,10,17438,910
17054,9,10,17068,980
17054,9,10,1,1050
24856,9,10,26339,0
24856,9,10,25969,490
24856,9,10,25599,770
24856,9,10,25229,980
24856,9,10,24859,1260
24856,9,10,1,1470
14099,9,10,14470,0
14099,9,10,14100,350
14099,9,10,1,420
18169,9,10,20771,0
18169,9,10,20031,420
18169,9,10,19661,490
18169,9,10,18921,560
18169,9,10,18551,630
18169,9,10,18181,700
18169,9,10,1,770
25971,9,10,26712,0
25971,9,10,26342,420
25971,9,10,25972,630
25971,9,10,1,910
17803,9,10,20030,0
17803,9,10,19660,350
17803,9,10,18920,420
17803,9,10,18550,490
17803,9,10,17810,560
17803,9,10,1,630
26342,9,10,27083,0
26342,9,10,26713,420
26342,9,10,26343,630
26342,9,10,1,910
16316,9,10,20396,0
16316,9,10,20026,350
16316,9,10,19656,420
16316,9,10,18916,490
16316,9,10,18546,560
16316,9,10,17806,630
16316,9,10,17436,700
16316,9,10,17066,770
16316,9,10,16326,840
16316,9,10,1,910
19289,9,10,20774,0
19289,9,10,20404,560
19289,9,10,19664,630
19289,9,10,19294,700
19289,9,10,1,770
22262,9,10,23742,0
22262,9,10,23372,490
22262,9,10,23002,770
22262,9,10,22632,980
22262,9,10,22262,1260
22262,9,10,1,1470
16325,9,10,18176,0
16325,9,10,17806,350
16325,9,10,17436,420
16325,9,10,16696,490
16325,9,10,16326,560
16325,9,10,1,630
16687,9,10,20767,0
16687,9,10,20397,350
16687,9,10,20027,420
16687,9,10,19287,490
16687,9,10,18917,560
16687,9,10,18177,630
16687,9,10,17807,700
16687,9,10,17437,770
16687,9,10,16697,840
16687,9,10,1,910
27453,9,10,28566,0
27453,9,10,28196,560
27453,9,10,27826,840
27453,9,10,27456,1050
27453,9,10,1,1330
13723,9,10,14469,0
13723,9,10,14099,350
13723,9,10,1,420
16696,9,10,18547,0
16696,9,10,18177,350
16696,9,10,17807,420
16696,9,10,17067,490
16696,9,10,16697,560
16696,9,10,1,630
20766,9,10,21518,0
20766,9,10,21148,420
20766,9,10,20778,630
20766,9,10,1,910
1,10,11,1,0
21887,10,11,23001,0
21887,10,11,22631,490
21887,10,11,22261,700
21887,10,11,21891,980
21887,10,11,1,1260
17798,10,11,20400,0
17798,10,11,20030,350
17798,10,11,19660,420
17798,10,11,19290,490
17798,10,11,18550,560
17798,10,11,18180,630
17798,10,11,1,700
17807,10,11,20030,0
17807,10,11,19660,350
17807,10,11,18920,420
17807,10,11,18550,490
17807,10,11,18180,560
17807,10,11,1,630
23373,10,11,24485,0
23373,10,11,24115,490
23373,10,11,23745,700
23373,10,11,23375,980
23373,10,11,1,1260
15205,10,11,18543,0
15205,10,11,18173,350
15205,10,11,17803,420
15205,10,11,17063,490
15205,10,11,16693,560
15205,10,11,15953,630
15205,10,11,15583,700
15205,10,11,15213,770
15205,10,11,1,840
19284,10,11,21514,0
19284,10,11,21144,350
19284,10,11,20774,560
19284,10,11,20404,840
19284,10,11,19664,910
19284,10,11,19294,980
19284,10,11,1,1050
16320,10,11,18176,0
16320,10,11,17806,350
16320,10,11,17436,420
16320,10,11,17066,490
16320,10,11,16326,560
16320,10,11,1,630
19293,10,11,20774,0
19293,10,11,20034,560
19293,10,11,19664,630
19293,10,11,19294,700
19293,10,11,1,770
24484,10,11,25968,0
24484,10,11,25598,490
24484,10,11,25228,770
24484,10,11,24858,980
24484,10,11,24488,1260
13727,10,11,14099,0
13727,10,11,13729,350
13727,10,11,1,420
20395,10,11,21517,0
20395,10,11,21147,350
20395,10,11,20777,560
20395,10,11,20407,840
20395,10,11,1,910
20404,10,11,21147,0
20404,10,11,20777,490
20404,10,11,20407,700
20404,10,11,1,770
24855,10,11,26339,0
24855,10,11,25969,490
24855,10,11,25599,770
24855,10,11,25229,980
24855,10,11,24859,1260
21891,10,11,23371,0
21891,10,11,23001,350
21891,10,11,22631,630
21891,10,11,22261,840
21891,10,11,21891,1120
21891,10,11,1,1330
25970,10,11,27082,0
25970,10,11,26712,420
25970,10,11,26342,700
25970,10,11,25972,910
25970,10,11,1,1190
28568,10,11,28939,0
28568,10,11,28569,560
28568,10,11,1,770
17802,10,11,20770,0
17802,10,11,20400,420
17802,10,11,19660,490
17802,10,11,19290,560
17802,10,11,18550,630
17802,10,11,18180,700
17802,10,11,17810,770
17802,10,11,1,840
14838,10,11,16692,0
14838,10,11,16322,350
14838,10,11,15952,420
14838,10,11,15212,490
14838,10,11,14842,560
14838,10,11,1,630
23002,10,11,24114,0
23002,10,11,23744,490
23002,10,11,23374,700
23002,10,11,23004,980
23002,10,11,1,1260
15209,10,11,17063,0
15209,10,11,16693,350
15209,10,11,16323,420
15209,10,11,15583,490
15209,10,11,15213,560
15209,10,11,1,630
16315,10,11,20396,0
16315,10,11,20026,350
16315,10,11,19656,420
16315,10,11,18916,490
16315,10,11,18546,560
16315,10,11,17806,630
16315,10,11,17436,700
16315,10,11,17066,770
16315,10,11,16326,840
16315,10,11,1,910
12245,10,11,17425,0
12245,10,11,17055,350
12245,10,11,16315,420
12245,10,11,15945,490
12245,10,11,15205,560
12245,10,11,14835,630
12245,10,11,14465,700
12245,10,11,13725,770
12245,10,11,13355,840
12245,10,11,12615,910
12245,10,11,12245,980
12245,10,11,1,1050
27081,10,11,28565,0
27081,10,11,28195,420
27081,10,11,27825,630
27081,10,11,27455,910
27081,10,11,27085,1120
27081,10,11,1,1400
19288,10,11,20774,0
19288,10,11,20404,560
19288,10,11,19664,630
19288,10,11,19294,700
19288,10,11,1,770
16324,10,11,18176,0
16324,10,11,17806,350
16324,10,11,17436,420
16324,10,11,16696,490
16324,10,11,16326,560
16324,10,11,1,630
18922,10,11,20773,0
18922,10,11,20403,420
18922,10,11,20033,490
18922,10,11,19293,560
18922,10,11,18923,630
18922,10,11,1,700
27452,10,11,28566,0
27452,10,11,28196,560
27452,10,11,27826,840
27452,10,11,27456,1050
27452,10,11,1,1330
24488,10,11,25968,0
24488,10,11,25598,490
24488,10,11,25228,770
24488,10,11,24858,980
24488,10,11,24488,1260
24488,10,11,1,1470
17426,10,11,20029,0
17426,10,11,19659,350
17426,10,11,19289,420
17426,10,11,18919,490
17426,10,11,18179,560
17426,10,11,17809,630
17426,10,11,1,700
13356,10,11,13728,0
13356,10,11,13358,350
13356,10,11,1,420
20399,10,11,21517,0
20399,10,11,21147,420
20399,10,11,20777,700
20399,10,11,20407,910
20399,10,11,1,980
17435,10,11,19289,0
17435,10,11,18919,350
17435,10,11,18549,420
17435,10,11,17809,490
17435,10,11,17439,560
17435,10,11,1,630
21886,10,11,22631,0
21886,10,11,22261,560
21886,10,11,21891,840
21886,10,11,1,1050
17797,10,11,20400,0
17797,10,11,20030,350
17797,10,11,19660,420
17797,10,11,19290,490
17797,10,11,18550,560
17797,10,11,18180,630
17797,10,11,1,700
25599,10,11,26711,0
25599,10,11,26341,420
25599,10,11,25971,700
25599,10,11,25601,910
25599,10,11,1,1190
17806,10,11,19660,0
17806,10,11,19290,350
17806,10,11,18920,420
17806,10,11,18550,490
17806,10,11,17810,560
17806,10,11,1,630
14842,10,11,20762,0
14842,10,11,20022,420
14842,10,11,19652,490
14842,10,11,19282,560
14842,10,11,18542,630
14842,10,11,18172,700
14842,10,11,17432,770
14842,10,11,17062,840
14842,10,11,16692,910
14842,10,11,15952,980
14842,10,11,15582,1050
14842,10,11,14842,1120
14842,10,11,1,1190
29678,10,11,30792,0
29678,10,11,30422,560
29678,10,11,30052,840
29678,10,11,29682,1050
29678,10,11,1,1330
20033,10,11,21146,0
20033,10,11,20776,420
20033,10,11,20036,700
20033,10,11,1,770
27085,10,11,28565,0
27085,10,11,28195,490
27085,10,11,27825,700
27085,10,11,27455,980
27085,10,11,27085,1260
27085,10,11,1,1470
18917,10,11,20773,0
18917,10,11,20403,420
18917,10,11,20033,490
18917,10,11,19293,560
18917,10,11,18923,630
18917,10,11,1,700
15953,10,11,17805,0
15953,10,11,17435,350
15953,10,11,17065,420
15953,10,11,16325,490
15953,10,11,15955,560
15953,10,11,1,630
20394,10,11,21517,0
20394,10,11,21147,350
20394,10,11,20777,560
20394,10,11,20407,840
20394,10,11,1,910
17430,10,11,20769,0
17430,10,11,20399,350
17430,10,11,20029,420
17430,10,11,19289,490
17430,10,11,18919,560
17430,10,11,18179,630
17430,10,11,17809,700
17430,10,11,17439,770
17430,10,11,1,840
20403,10,11,21147,0
20403,10,11,20777,490
20403,10,11,20407,700
20403,10,11,1,770
17439,10,11,21139,0
17439,10,11,20769,490
17439,10,11,20029,770
17439,10,11,19659,840
17439,10,11,19289,910
17439,10,11,18549,980
17439,10,11,18179,1050
17439,10,11,17439,1120
17439,10,11,1,1190
28567,10,11,29309,0
28567,10,11,28939,560
28567,10,11,28569,770
28567,10,11,1,1050
17801,10,11,20770,0
17801,10,11,20400,420
17801,10,11,19660,490
17801,10,11,19290,560
17801,10,11,18550,630
17801,10,11,18180,700
17801,10,11,17810,770
17801,10,11,1,840
20028,10,11,21516,0
20028,10,11,21146,350
20028,10,11,20776,630
20028,10,11,20406,840
20028,10,11,20036,910
20028,10,11,1,980
23001,10,11,24484,0
23001,10,11,24114,560
23001,10,11,23744,770
23001,10,11,23374,1050
23001,10,11,23004,1260
18921,10,11,20773,0
18921,10,11,20403,420
18921,10,11,20033,490
18921,10,11,19293,560
18921,10,11,18923,630
18921,10,11,1,700
17425,10,11,21139,0
17425,10,11,20769,350
17425,10,11,20399,560
17425,10,11,20029,630
17425,10,11,19659,700
17425,10,11,18919,770
17425,10,11,18549,840
17425,10,11,17809,910
17425,10,11,17439,980
17425,10,11,1,1050
13355,10,11,14098,0
13355,10,11,13728,350
13355,10,11,1,420
20398,10,11,21517,0
20398,10,11,21147,420
20398,10,11,20777,700
20398,10,11,20407,910
20398,10,11,1,980
17434,10,11,19289,0
17434,10,11,18919,350
17434,10,11,18549,420
17434,10,11,18179,490
17434,10,11,17439,560
17434,10,11,1,630
21519,10,11,21890,0
21519,10,11,21520,560
21519,10,11,1,770
17796,10,11,21140,0
17796,10,11,20770,420
17796,10,11,20400,630
17796,10,11,20030,700
17796,10,11,19290,770
17796,10,11,18920,840
17796,10,11,18180,910
17796,10,11,17810,980
17796,10,11,1,1050
25598,10,11,27081,0
25598,10,11,26711,420
25598,10,11,26341,700
25598,10,11,25971,980
25598,10,11,25601,1190
25598,10,11,1,1470
20023,10,11,21146,0
20023,10,11,20776,560
20023,10,11,20406,770
20023,10,11,20036,840
20023,10,11,1,910
20032,10,11,21146,0
20032,10,11,20776,420
20032,10,11,20406,630
20032,10,11,20036,700
20032,10,11,1,770
27084,10,11,27825,0
27084,10,11,27455,420
27084,10,11,27085,630
27084,10,11,1,910
11873,10,11,12984,0
11873,10,11,12614,350
11873,10,11,11874,420
11873,10,11,1,490
18916,10,11,20773,0
18916,10,11,20403,420
18916,10,11,20033,490
18916,10,11,19293,560
18916,10,11,18923,630
18916,10,11,1,700
15952,10,11,18175,0
15952,10,11,17805,350
15952,10,11,17065,420
15952,10,11,16695,490
15952,10,11,15955,560
15952,10,11,1,630
24116,10,11,24857,0
24116,10,11,24487,420
24116,10,11,24117,700
24116,10,11,1,910
20393,10,11,21887,0
20393,10,11,21517,420
20393,10,11,21147,630
20393,10,11,20777,910
20393,10,11,20407,1120
20393,10,11,1,1190
28195,10,11,29308,0
28195,10,11,28938,490
28195,10,11,28568,770
28195,10,11,28198,1050
28195,10,11,1,1260
17438,10,11,19289,0
17438,10,11,18919,350
17438,10,11,18549,420
17438,10,11,17809,490
17438,10,11,17439,560
17438,10,11,1,630
18541,10,11,21142,0
18541,10,11,20772,350
18541,10,11,20032,630
18541,10,11,19662,700
18541,10,11,19292,770
18541,10,11,18552,840
18541,10,11,1,910
21514,10,11,22630,0
21514,10,11,22260,490
21514,10,11,21890,700
21514,10,11,21520,980
21514,10,11,1,1260
18550,10,11,20402,0
18550,10,11,20032,350
18550,10,11,19662,420
18550,10,11,19292,490
18550,10,11,18552,560
18550,10,11,1,630
28566,10,11,29679,0
28566,10,11,29309,490
28566,10,11,28939,770
28566,10,11,28569,1050
28566,10,11,1,1260
22629,10,11,24113,0
22629,10,11,23743,560
22629,10,11,23373,770
22629,10,11,23003,1050
22629,10,11,22633,1260
14470,10,11,14841,0
14470,10,11,14471,350
14470,10,11,1,420
20027,10,11,21516,0
20027,10,11,21146,350
20027,10,11,20776,630
20027,10,11,20406,840
20027,10,11,20036,910
20027,10,11,1,980
23000,10,11,24484,0
23000,10,11,24114,560
23000,10,11,23744,770
23000,10,11,23374,1050
23000,10,11,23004,1330
20036,10,11,21886,0
20036,10,11,21516,490
20036,10,11,21146,700
20036,10,11,20776,980
20036,10,11,20036,1260
20036,10,11,1,1330
18911,10,11,20773,0
18911,10,11,20033,560
18911,10,11,19663,630
18911,10,11,19293,700
18911,10,11,1,770
15947,10,11,19285,0
15947,10,11,18915,350
15947,10,11,18545,420
15947,10,11,17805,490
15947,10,11,17435,560
15947,10,11,16695,630
15947,10,11,16325,700
15947,10,11,15955,770
15947,10,11,1,840
26713,10,11,27454,0
26713,10,11,27084,420
26713,10,11,26714,630
26713,10,11,1,910
18920,10,11,20773,0
18920,10,11,20403,420
18920,10,11,20033,490
18920,10,11,19663,560
18920,10,11,18923,630
18920,10,11,1,700
12983,10,11,13727,0
12983,10,11,13357,350
12983,10,11,12987,420
12983,10,11,1,490
17068,10,11,21138,0
17068,10,11,20768,420
17068,10,11,20398,700
17068,10,11,19658,770
17068,10,11,19288,840
17068,10,11,18918,910
17068,10,11,18178,980
17068,10,11,17808,1050
17068,10,11,17068,1120
17068,10,11,1,1190
21147,10,11,21519,0
21147,10,11,21149,560
21147,10,11,1,770
17424,10,11,20769,0
17424,10,11,20399,560
17424,10,11,20029,630
17424,10,11,19289,700
17424,10,11,18919,770
17424,10,11,18549,840
17424,10,11,17809,910
17424,10,11,17439,980
17424,10,11,1,1050
13354,10,11,13728,0
13354,10,11,13358,350
13354,10,11,1,420
25226,10,11,26710,0
25226,10,11,26340,490
25226,10,11,25970,770
25226,10,11,25600,980
25226,10,11,25230,1260
25226,10,11,1,1470
18545,10,11,20772,0
18545,10,11,20402,350
18545,10,11,19662,420
18545,10,11,19292,490
18545,10,11,18552,560
18545,10,11,1,630
21518,10,11,22630,0
21518,10,11,22260,350
21518,10,11,21890,630
21518,10,11,21520,840
21518,10,11,1,1120
15581,10,11,17804,0
15581,10,11,17434,350
15581,10,11,16694,420
15581,10,11,16324,490
15581,10,11,15584,560
15581,10,11,1,630
25597,10,11,27081,0
25597,10,11,26711,420
25597,10,11,26341,700
25597,10,11,25971,980
25597,10,11,25601,1190
25597,10,11,1,1470
22633,10,11,24113,0
22633,10,11,23743,490
22633,10,11,23373,770
22633,10,11,23003,980
22633,10,11,22633,1260
22633,10,11,1,1470
14465,10,11,15211,0
14465,10,11,14841,350
14465,10,11,1,420
20022,10,11,21886,0
20022,10,11,21516,350
20022,10,11,21146,560
20022,10,11,20776,840
20022,10,11,20036,1120
20022,10,11,1,1190
27824,10,11,28937,0
27824,10,11,28567,560
27824,10,11,28197,840
27824,10,11,27827,1050
27824,10,11,1,1330
20031,10,11,21146,0
20031,10,11,20776,420
20031,10,11,20406,630
20031,10,11,20036,700
20031,10,11,1,770
23744,10,11,24856,0
23744,10,11,24486,490
23744,10,11,24116,770
23744,10,11,23746,980
23744,10,11,1,1260
15951,10,11,17805,0
15951,10,11,17435,350
15951,10,11,17065,420
15951,10,11,16325,490
15951,10,11,15955,560
15951,10,11,1,630
12987,10,11,18167,0
12987,10,11,17797,350
12987,10,11,17057,420
12987,10,11,16687,490
12987,10,11,15947,560
12987,10,11,15577,630
12987,10,11,15207,700
12987,10,11,14467,770
12987,10,11,14097,840
12987,10,11,13357,910
12987,10,11,12987,980
12987,10,11,1,1050
17063,10,11,18918,0
17063,10,11,18548,350
17063,10,11,18178,420
17063,10,11,17808,490
17063,10,11,17068,560
17063,10,11,1,630
21142,10,11,22259,0
21142,10,11,21889,350
21142,10,11,21519,560
21142,10,11,21149,840
21142,10,11,1,1120
24115,10,11,25227,0
24115,10,11,24857,490
24115,10,11,24487,700
24115,10,11,24117,980
24115,10,11,1,1190
18178,10,11,20401,0
18178,10,11,20031,350
18178,10,11,19291,420
18178,10,11,18921,490
18178,10,11,18551,560
18178,10,11,1,630
28194,10,11,29308,0
28194,10,11,28938,560
28194,10,11,28568,770
28194,10,11,28198,1050
28194,10,11,1,1260
25230,10,11,26710,0
25230,10,11,26340,490
25230,10,11,25970,700
25230,10,11,25600,980
25230,10,11,25230,1260
25230,10,11,1,1470
18540,10,11,20772,0
18540,10,11,20402,420
18540,10,11,20032,490
18540,10,11,19292,560
18540,10,11,18922,630
18540,10,11,18552,700
18540,10,11,1,770
21513,10,11,22630,0
21513,10,11,22260,490
21513,10,11,21890,700
21513,10,11,21520,980
21513,10,11,1,1260
15576,10,11,18914,0
15576,10,11,18544,350
15576,10,11,18174,420
15576,10,11,17434,490
15576,10,11,17064,560
15576,10,11,16324,630
15576,10,11,15954,700
15576,10,11,15584,770
15576,10,11,1,840
18549,10,11,20772,0
18549,10,11,20402,350
18549,10,11,19662,420
18549,10,11,19292,490
18549,10,11,18922,560
18549,10,11,1,630
14469,10,11,14841,0
14469,10,11,14471,350
14469,10,11,1,420
20026,10,11,21516,0
20026,10,11,21146,490
20026,10,11,20776,700
20026,10,11,20036,980
20026,10,11,1,1050
19660,10,11,21145,0
19660,10,11,20775,350
19660,10,11,20035,630
19660,10,11,19665,700
19660,10,11,1,770
26712,10,11,27824,0
26712,10,11,27454,420
26712,10,11,27084,700
26712,10,11,26714,910
26712,10,11,1,1190
20775,10,11,21148,0
20775,10,11,20778,490
20775,10,11,1,770
17067,10,11,18918,0
17067,10,11,18548,350
17067,10,11,18178,420
17067,10,11,17438,490
17067,10,11,17068,560
17067,10,11,1,630
21137,10,11,22259,0
21137,10,11,21889,490
21137,10,11,21519,700
21137,10,11,21149,980
21137,10,11,1,1260
18173,10,11,20771,0
18173,10,11,20031,490
18173,10,11,19661,560
18173,10,11,19291,630
18173,10,11,18551,700
18173,10,11,18181,770
18173,10,11,1,840
21146,10,11,21519,0
21146,10,11,21149,560
21146,10,11,1,770
18544,10,11,20772,0
18544,10,11,20402,490
18544,10,11,20032,560
18544,10,11,19662,630
18544,10,11,18922,700
18544,10,11,18552,770
18544,10,11,1,840
15580,10,11,17434,0
15580,10,11,17064,350
15580,10,11,16694,420
15580,10,11,15954,490
15580,10,11,15584,560
15580,10,11,1,630
14464,10,11,15211,0
14464,10,11,14841,350
14464,10,11,1,420
27823,10,11,28937,0
27823,10,11,28567,560
27823,10,11,28197,840
27823,10,11,27827,1050
27823,10,11,1,1330
19655,10,11,21515,0
19655,10,11,21145,420
19655,10,11,20775,630
19655,10,11,20405,910
19655,10,11,19665,980
19655,10,11,1,1050
16691,10,11,18547,0
16691,10,11,18177,350
16691,10,11,17807,420
16691,10,11,17437,490
16691,10,11,16697,560
16691,10,11,1,630
19664,10,11,21145,0
19664,10,11,20775,350
19664,10,11,20035,630
19664,10,11,19665,700
19664,10,11,1,770
20770,10,11,21518,0
20770,10,11,21148,490
20770,10,11,20778,700
20770,10,11,1,980
23743,10,11,25226,0
23743,10,11,24856,560
23743,10,11,24486,770
23743,10,11,24116,1050
23743,10,11,23746,1330
17053,10,11,20768,0
17053,10,11,20028,560
17053,10,11,19658,630
17053,10,11,18918,700
17053,10,11,18548,770
17053,10,11,18178,840
17053,10,11,17438,910
17053,10,11,17068,980
17053,10,11,1,1050
17062,10,11,18918,0
17062,10,11,18548,350
17062,10,11,18178,420
17062,10,11,17808,490
17062,10,11,17068,560
17062,10,11,1,630
14098,10,11,14470,0
14098,10,11,14100,350
14098,10,11,1,420
18168,10,11,20771,0
18168,10,11,20031,420
18168,10,11,19661,490
18168,10,11,18921,560
18168,10,11,18551,630
18168,10,11,18181,700
18168,10,11,1,770
21141,10,11,21889,0
21141,10,11,21519,420
21141,10,11,21149,630
21141,10,11,1,910
18177,10,11,20031,0
18177,10,11,19661,350
18177,10,11,19291,420
18177,10,11,18921,490
18177,10,11,18181,560
18177,10,11,1,630
18539,10,11,20772,0
18539,10,11,20402,420
18539,10,11,20032,490
18539,10,11,19292,560
18539,10,11,18922,630
18539,10,11,18552,700
18539,10,11,1,770
26341,10,11,27453,0
26341,10,11,27083,420
26341,10,11,26713,700
26341,10,11,26343,910
26341,10,11,1,1190
15584,10,11,20764,0
15584,10,11,20394,490
15584,10,11,20024,560
15584,10,11,19284,630
15584,10,11,18914,700
15584,10,11,18174,770
15584,10,11,17804,840
15584,10,11,17434,910
15584,10,11,16694,980
15584,10,11,16324,1050
15584,10,11,15584,1120
15584,10,11,1,1190
22261,10,11,23002,0
22261,10,11,22632,420
22261,10,11,22262,700
22261,10,11,1,910
27827,10,11,29307,0
27827,10,11,28937,420
27827,10,11,28567,630
27827,10,11,28197,910
27827,10,11,27827,1190
27827,10,11,1,1400
16686,10,11,20767,0
16686,10,11,20397,350
16686,10,11,20027,420
16686,10,11,19287,490
16686,10,11,18917,560
16686,10,11,18177,630
16686,10,11,17807,700
16686,10,11,17437,770
16686,10,11,16697,840
16686,10,11,1,910
12616,10,11,17796,0
12616,10,11,17426,350
12616,10,11,16686,420
12616,10,11,16316,490
12616,10,11,15576,560
12616,10,11,15206,630
12616,10,11,14836,700
12616,10,11,14096,770
12616,10,11,13726,840
12616,10,11,12986,910
12616,10,11,12616,980
12616,10,11,1,1050
19659,10,11,21145,0
19659,10,11,20775,350
19659,10,11,20035,630
19659,10,11,19665,700
19659,10,11,1,770
16695,10,11,18547,0
16695,10,11,18177,350
16695,10,11,17807,420
16695,10,11,17067,490
16695,10,11,16697,560
16695,10,11,1,630
20765,10,11,21518,0
20765,10,11,21148,420
20765,10,11,20778,630
20765,10,11,1,910
20774,10,11,21148,0
20774,10,11,20778,490
20774,10,11,1,770
17057,10,11,20768,0
17057,10,11,20398,420
17057,10,11,19658,490
17057,10,11,19288,560
17057,10,11,18548,630
17057,10,11,18178,700
17057,10,11,17808,770
17057,10,11,17068,840
17057,10,11,1,910
24859,10,11,26339,0
24859,10,11,25969,490
24859,10,11,25599,700
24859,10,11,25229,980
24859,10,11,24859,1190
24859,10,11,1,1470
14093,10,11,14840,0
14093,10,11,14470,350
14093,10,11,1,420
17066,10,11,18918,0
17066,10,11,18548,350
17066,10,11,18178,420
17066,10,11,17438,490
17066,10,11,17068,560
17066,10,11,1,630
21136,10,11,21889,0
21136,10,11,21519,560
21136,10,11,21149,840
21136,10,11,1,1050
18172,10,11,20771,0
18172,10,11,20031,490
18172,10,11,19661,560
18172,10,11,19291,630
18172,10,11,18551,700
18172,10,11,18181,770
18172,10,11,1,840
28938,10,11,29680,0
28938,10,11,29310,560
28938,10,11,28940,770
28938,10,11,1,1050
18181,10,11,21511,0
18181,10,11,21141,350
18181,10,11,20771,630
18181,10,11,20401,840
18181,10,11,20031,910
18181,10,11,19291,980
18181,10,11,18921,1050
18181,10,11,18551,1120
18181,10,11,1,1190
23372,10,11,24855,0
23372,10,11,24485,560
23372,10,11,24115,770
23372,10,11,23745,1050
23372,10,11,23375,1260
15213,10,11,20763,0
15213,10,11,20393,420
15213,10,11,20023,490
15213,10,11,19653,560
15213,10,11,18913,630
15213,10,11,18543,700
15213,10,11,17803,770
15213,10,11,17433,840
15213,10,11,17063,910
15213,10,11,16323,980
15213,10,11,15953,1050
15213,10,11,15213,1120
15213,10,11,1,1190
19283,10,11,21514,0
19283,10,11,21144,350
19283,10,11,20774,560
19283,10,11,20404,840
19283,10,11,19664,910
19283,10,11,19294,980
19283,10,11,1,1050
19292,10,11,20774,0
19292,10,11,20034,560
19292,10,11,19664,630
19292,10,11,19294,700
19292,10,11,1,770
27822,10,11,29307,0
27822,10,11,28937,490
27822,10,11,28567,770
27822,10,11,28197,1050
27822,10,11,27827,1260
19654,10,11,21515,0
19654,10,11,21145,420
19654,10,11,20775,630
19654,10,11,20405,910
19654,10,11,19665,980
19654,10,11,1,1050
27456,10,11,28936,0
27456,10,11,28566,420
27456,10,11,28196,700
27456,10,11,27826,910
27456,10,11,27456,1190
27456,10,11,1,1400
19663,10,11,21145,0
19663,10,11,20775,350
19663,10,11,20035,630
19663,10,11,19665,700
19663,10,11,1,770
13726,10,11,14469,0
13726,10,11,14099,350
13726,10,11,1,420
20769,10,11,21518,0
20769,10,11,21148,490
20769,10,11,20778,700
20769,10,11,1,980
23742,10,11,25226,0
23742,10,11,24856,560
23742,10,11,24486,770
23742,10,11,24116,1050
23742,10,11,23746,1330
20778,10,11,21888,0
20778,10,11,21518,560
20778,10,11,21148,840
20778,10,11,20778,1050
20778,10,11,1,1330
21890,10,11,22261,0
21890,10,11,21891,560
21890,10,11,1,770
18167,10,11,21141,0
18167,10,11,20771,420
18167,10,11,20401,700
18167,10,11,19661,770
18167,10,11,19291,840
18167,10,11,18921,910
18167,10,11,18181,980
18167,10,11,1,1050
14097,10,11,14840,0
14097,10,11,14470,350
14097,10,11,1,420
25969,10,11,27452,0
25969,10,11,27082,420
25969,10,11,26712,700
25969,10,11,26342,910
25969,10,11,25972,1190
25969,10,11,1,1470
18176,10,11,20401,0
18176,10,11,20031,350
18176,10,11,19291,420
18176,10,11,18921,490
18176,10,11,18181,560
18176,10,11,1,630
17810,10,11,21140,0
17810,10,11,20770,560
17810,10,11,20030,840
17810,10,11,19660,910
17810,10,11,18920,980
17810,10,11,18550,1050
17810,10,11,18180,1120
17810,10,11,1,1190
26340,10,11,27823,0
26340,10,11,27453,420
26340,10,11,27083,700
26340,10,11,26713,910
26340,10,11,26343,1190
26340,10,11,1,1470
15208,10,11,17063,0
15208,10,11,16693,350
15208,10,11,16323,420
15208,10,11,15953,490
15208,10,11,15213,560
15208,10,11,1,630
12244,10,11,12985,0
12244,10,11,12615,350
12244,10,11,1,420
16314,10,11,18916,0
16314,10,11,18546,350
16314,10,11,18176,420
16314,10,11,17806,490
16314,10,11,17066,560
16314,10,11,16696,630
16314,10,11,1,700
19287,10,11,20774,0
19287,10,11,20404,560
19287,10,11,19664,630
19287,10,11,19294,700
19287,10,11,1,770
22260,10,11,23372,0
22260,10,11,23002,490
22260,10,11,22632,700
22260,10,11,22262,980
22260,10,11,1,1190
16323,10,11,18546,0
16323,10,11,18176,350
16323,10,11,17436,420
16323,10,11,17066,490
16323,10,11,16326,560
16323,10,11,1,630
12615,10,11,13356,0
12615,10,11,12986,350
12615,10,11,1,420
19658,10,11,21145,0
19658,10,11,20775,350
19658,10,11,20035,630
19658,10,11,19665,700
19658,10,11,1,770
24487,10,11,25228,0
24487,10,11,24858,420
24487,10,11,24488,700
24487,10,11,1,910
16694,10,11,18917,0
16694,10,11,18547,350
16694,10,11,17807,420
16694,10,11,17437,490
16694,10,11,16697,560
16694,10,11,1,630
20764,10,11,21888,0
20764,10,11,21518,420
20764,10,11,21148,700
20764,10,11,20778,980
20764,10,11,1,1190
20773,10,11,21148,0
20773,10,11,20778,490
20773,10,11,1,770
20407,10,11,21887,0
20407,10,11,21517,560
20407,10,11,21147,770
20407,10,11,20777,1050
20407,10,11,20407,1260
20407,10,11,1,1330
21885,10,11,22631,0
21885,10,11,22261,560
21885,10,11,21891,840
21885,10,11,1,1050
24858,10,11,25599,0
24858,10,11,25229,420
24858,10,11,24859,630
24858,10,11,1,910
28937,10,11,30050,0
28937,10,11,29680,490
28937,10,11,29310,770
28937,10,11,28940,1050
28937,10,11,1,1260
17805,10,11,20030,0
17805,10,11,19660,350
17805,10,11,18920,420
17805,10,11,18550,490
17805,10,11,17810,560
17805,10,11,1,630
14841,10,11,16692,0
14841,10,11,16322,350
14841,10,11,15952,420
14841,10,11,15212,490
14841,10,11,14842,560
14841,10,11,1,630
23371,10,11,24855,0
23371,10,11,24485,560
23371,10,11,24115,770
23371,10,11,23745,1050
23371,10,11,23375,1330
15203,10,11,19283,0
15203,10,11,18913,350
15203,10,11,18543,420
15203,10,11,17803,490
15203,10,11,17433,560
15203,10,11,16693,630
15203,10,11,16323,700
15203,10,11,15953,770
15203,10,11,15213,840
15203,10,11,1,910
19282,10,11,21144,0
19282,10,11,20774,420
19282,10,11,20404,630
19282,10,11,20034,700
19282,10,11,19664,770
19282,10,11,1,840
15212,10,11,17063,0
15212,10,11,16693,350
15212,10,11,16323,420
15212,10,11,15583,490
15212,10,11,15213,560
15212,10,11,1,630
16318,10,11,19656,0
16318,10,11,19286,350
16318,10,11,18916,420
16318,10,11,18176,490
16318,10,11,17806,560
16318,10,11,17066,630
16318,10,11,16696,700
16318,10,11,16326,770
16318,10,11,1,840
19291,10,11,20774,0
19291,10,11,20404,560
19291,10,11,19664,630
19291,10,11,19294,700
19291,10,11,1,770
27455,10,11,27826,0
27455,10,11,27456,560
27455,10,11,1,840
16689,10,11,20027,0
16689,10,11,19657,350
16689,10,11,19287,420
16689,10,11,18547,490
16689,10,11,18177,560
16689,10,11,17437,630
16689,10,11,17067,700
16689,10,11,16697,770
16689,10,11,1,840
13725,10,11,14099,0
13725,10,11,13729,350
13725,10,11,1,420
20402,10,11,21147,0
20402,10,11,20777,490
20402,10,11,20407,700
20402,10,11,1,770
21889,10,11,23001,0
21889,10,11,22631,350
21889,10,11,22261,560
21889,10,11,21891,840
21889,10,11,1,1120
25968,10,11,27452,0
25968,10,11,27082,420
25968,10,11,26712,700
25968,10,11,26342,980
25968,10,11,25972,1190
25968,10,11,1,1470
14836,10,11,16692,0
14836,10,11,16322,350
14836,10,11,15952,420
14836,10,11,15582,490
14836,10,11,14842,560
14836,10,11,1,630
17809,10,11,19660,0
17809,10,11,19290,350
17809,10,11,18920,420
17809,10,11,18180,490
17809,10,11,17810,560
17809,10,11,1,630
23375,10,11,24855,0
23375,10,11,24485,490
23375,10,11,24115,770
23375,10,11,23745,980
23375,10,11,23375,1260
23375,10,11,1,1470
15207,10,11,17063,0
15207,10,11,16693,350
15207,10,11,16323,420
15207,10,11,15953,490
15207,10,11,15213,560
15207,10,11,1,630
16313,10,11,18916,0
16313,10,11,18546,350
16313,10,11,18176,420
16313,10,11,17806,490
16313,10,11,17066,560
16313,10,11,16696,630
16313,10,11,1,700
19286,10,11,21144,0
19286,10,11,20774,490
19286,10,11,20034,770
19286,10,11,19664,840
19286,10,11,1,910
16322,10,11,18176,0
16322,10,11,17806,350
16322,10,11,17436,420
16322,10,11,16696,490
16322,10,11,16326,560
16322,10,11,1,630
24486,10,11,25598,0
24486,10,11,25228,490
24486,10,11,24858,700
24486,10,11,24488,980
24486,10,11,1,1190
20397,10,11,21517,0
20397,10,11,21147,490
20397,10,11,20777,770
20397,10,11,1,1050
17433,10,11,19289,0
17433,10,11,18919,350
17433,10,11,18549,420
17433,10,11,18179,490
17433,10,11,17439,560
17433,10,11,1,630
20406,10,11,21147,0
20406,10,11,20777,420
20406,10,11,20407,700
20406,10,11,1,770
21884,10,11,22631,0
21884,10,11,22261,490
21884,10,11,21891,770
21884,10,11,1,980
24857,10,11,25969,0
24857,10,11,25599,420
24857,10,11,25229,700
24857,10,11,24859,980
24857,10,11,1,1190
25972,10,11,27452,0
25972,10,11,27082,490
25972,10,11,26712,770
25972,10,11,26342,980
25972,10,11,25972,1260
25972,10,11,1,1470
17804,10,11,20030,0
17804,10,11,19660,350
17804,10,11,18920,420
17804,10,11,18550,490
17804,10,11,17810,560
17804,10,11,1,630
14840,10,11,16692,0
14840,10,11,16322,350
14840,10,11,15952,420
14840,10,11,15212,490
14840,10,11,14842,560
14840,10,11,1,630
23004,10,11,24484,0
23004,10,11,24114,490
23004,10,11,23744,770
23004,10,11,23374,980
23004,10,11,23004,1260
23004,10,11,1,1470
15211,10,11,17063,0
15211,10,11,16693,350
15211,10,11,16323,420
15211,10,11,15583,490
15211,10,11,15213,560
15211,10,11,1,630
19281,10,11,21144,0
19281,10,11,20774,420
19281,10,11,20404,630
19281,10,11,20034,700
19281,10,11,19664,770
19281,10,11,1,840
27083,10,11,28195,0
27083,10,11,27825,420
27083,10,11,27455,700
27083,10,11,27085,910
27083,10,11,1,1190
16326,10,11,21136,0
16326,10,11,20766,350
16326,10,11,20026,630
16326,10,11,19656,700
16326,10,11,18916,770
16326,10,11,18546,840
16326,10,11,18176,910
16326,10,11,17436,980
16326,10,11,17066,1050
16326,10,11,16326,1120
16326,10,11,1,1190
18915,10,11,21143,0
18915,10,11,20773,350
18915,10,11,20403,630
18915,10,11,19663,700
18915,10,11,19293,770
18915,10,11,1,840
27454,10,11,28566,0
27454,10,11,28196,350
27454,10,11,27826,630
27454,10,11,27456,840
27454,10,11,1,1120
13358,10,11,18168,0
13358,10,11,17798,350
13358,10,11,17428,420
13358,10,11,16688,490
13358,10,11,16318,560
13358,10,11,15578,630
13358,10,11,15208,700
13358,10,11,14838,770
13358,10,11,14098,840
13358,10,11,13728,910
13358,10,11,1,980
17428,10,11,20769,0
17428,10,11,20029,490
17428,10,11,19659,560
17428,10,11,18919,630
17428,10,11,18549,700
17428,10,11,18179,770
17428,10,11,17439,840
17428,10,11,1,910
20401,10,11,21147,0
20401,10,11,20777,490
20401,10,11,20407,700
20401,10,11,1,770
17437,10,11,19289,0
17437,10,11,18919,350
17437,10,11,18549,420
17437,10,11,17809,490
17437,10,11,17439,560
17437,10,11,1,630
21888,10,11,23001,0
21888,10,11,22631,490
21888,10,11,22261,700
21888,10,11,21891,980
21888,10,11,1,1190
28565,10,11,29679,0
28565,10,11,29309,560
28565,10,11,28939,770
28565,10,11,28569,1050
28565,10,11,1,1260
17799,10,11,20770,0
17799,10,11,20400,490
17799,10,11,20030,560
17799,10,11,19290,630
17799,10,11,18920,700
17799,10,11,18550,770
17799,10,11,17810,840
17799,10,11,1,910
14835,10,11,16692,0
14835,10,11,16322,350
14835,10,11,15952,420
14835,10,11,15582,490
14835,10,11,14842,560
14835,10,11,1,630
25601,10,11,27081,0
25601,10,11,26711,490
25601,10,11,26341,700
25601,10,11,25971,980
25601,10,11,25601,1260
25601,10,11,1,1470
17808,10,11,19660,0
17808,10,11,19290,350
17808,10,11,18920,420
17808,10,11,18550,490
17808,10,11,17810,560
17808,10,11,1,630
20035,10,11,21146,0
20035,10,11,20776,420
20035,10,11,20406,630
20035,10,11,20036,700
20035,10,11,1,770
18910,10,11,20773,0
18910,10,11,20033,560
18910,10,11,19663,630
18910,10,11,19293,700
18910,10,11,1,770
18919,10,11,20773,0
18919,10,11,20403,420
18919,10,11,20033,490
18919,10,11,19293,560
18919,10,11,18923,630
18919,10,11,1,700
15955,10,11,20765,0
15955,10,11,20395,560
15955,10,11,19655,630
15955,10,11,19285,700
15955,10,11,18545,770
15955,10,11,18175,840
15955,10,11,17805,910
15955,10,11,17065,980
15955,10,11,16695,1050
15955,10,11,15955,1120
15955,10,11,1,1190
24485,10,11,25968,0
24485,10,11,25598,490
24485,10,11,25228,770
24485,10,11,24858,980
24485,10,11,24488,1260
20396,10,11,21517,0
20396,10,11,21147,490
20396,10,11,20777,770
20396,10,11,1,1050
17432,10,11,19289,0
17432,10,11,18919,350
17432,10,11,18549,420
17432,10,11,18179,490
17432,10,11,17439,560
17432,10,11,1,630
28198,10,11,29678,0
28198,10,11,29308,350
28198,10,11,28938,630
28198,10,11,28568,840
28198,10,11,28198,1120
28198,10,11,1,1330
20405,10,11,21147,0
20405,10,11,20777,490
20405,10,11,20407,700
20405,10,11,1,770
21517,10,11,22630,0
21517,10,11,22260,350
21517,10,11,21890,630
21517,10,11,21520,840
21517,10,11,1,1120
22632,10,11,23373,0
22632,10,11,23003,420
22632,10,11,22633,700
22632,10,11,1,910
20030,10,11,21146,0
20030,10,11,20776,420
20030,10,11,20406,630
20030,10,11,20036,700
20030,10,11,1,770
23003,10,11,23744,0
23003,10,11,23374,420
23003,10,11,23004,700
23003,10,11,1,910
27082,10,11,28565,0
27082,10,11,28195,420
27082,10,11,27825,630
27082,10,11,27455,910
27082,10,11,27085,1120
27082,10,11,1,1400
18914,10,11,21143,0
18914,10,11,20773,350
18914,10,11,20403,630
18914,10,11,19663,700
18914,10,11,19293,770
18914,10,11,1,840
15950,10,11,17805,0
15950,10,11,17435,350
15950,10,11,17065,420
15950,10,11,16695,490
15950,10,11,15955,560
15950,10,11,1,630
18923,10,11,21513,0
18923,10,11,21143,490
18923,10,11,20773,770
18923,10,11,20403,980
18923,10,11,20033,1050
18923,10,11,19663,1120
18923,10,11,18923,1190
18923,10,11,1,1260
12986,10,11,13727,0
12986,10,11,13357,350
12986,10,11,1,420
24114,10,11,25597,0
24114,10,11,25227,490
24114,10,11,24857,770
24114,10,11,24487,980
24114,10,11,24117,1260
13357,10,11,13728,0
13357,10,11,13358,350
13357,10,11,1,420
20400,10,11,21147,0
20400,10,11,20777,490
20400,10,11,20407,700
20400,10,11,1,770
25229,10,11,25970,0
25229,10,11,25600,420
25229,10,11,25230,630
25229,10,11,1,910
17436,10,11,19659,0
17436,10,11,19289,350
17436,10,11,18549,420
17436,10,11,18179,490
17436,10,11,17439,560
17436,10,11,1,630
21512,10,11,22630,0
21512,10,11,22260,490
21512,10,11,21890,770
21512,10,11,21520,980
21512,10,11,1,1260
18548,10,11,20402,0
18548,10,11,20032,350
18548,10,11,19662,420
18548,10,11,19292,490
18548,10,11,18552,560
18548,10,11,1,630
25600,10,11,26341,0
25600,10,11,25971,420
25600,10,11,25601,630
25600,10,11,1,910
14834,10,11,18172,0
14834,10,11,17802,350
14834,10,11,17432,420
14834,10,11,16692,490
14834,10,11,16322,560
14834,10,11,15582,630
14834,10,11,15212,700
14834,10,11,14842,770
14834,10,11,1,840
20025,10,11,21516,0
20025,10,11,21146,420
20025,10,11,20776,700
20025,10,11,20036,980
20025,10,11,1,1050
20034,10,11,21146,0
20034,10,11,20776,420
20034,10,11,20406,630
20034,10,11,20036,700
20034,10,11,1,770
15945,10,11,20025,0
15945,10,11,19655,350
15945,10,11,19285,420
15945,10,11,18545,490
15945,10,11,18175,560
15945,10,11,17435,630
15945,10,11,17065,700
15945,10,11,16695,770
15945,10,11,15955,840
15945,10,11,1,910
26711,10,11,28194,0
26711,10,11,27824,420
26711,10,11,27454,630
26711,10,11,27084,910
26711,10,11,26714,1120
26711,10,11,1,1400
18918,10,11,20773,0
18918,10,11,20403,420
18918,10,11,20033,490
18918,10,11,19293,560
18918,10,11,18923,630
18918,10,11,1,700
15954,10,11,17805,0
15954,10,11,17435,350
15954,10,11,17065,420
15954,10,11,16325,490
15954,10,11,15955,560
15954,10,11,1,630
21145,10,11,21889,0
21145,10,11,21519,490
21145,10,11,21149,770
21145,10,11,1,980
28197,10,11,28568,0
28197,10,11,28198,560
28197,10,11,1,770
17431,10,11,20769,0
17431,10,11,20399,350
17431,10,11,20029,420
17431,10,11,19289,490
17431,10,11,18919,560
17431,10,11,18179,630
17431,10,11,17809,700
17431,10,11,17439,770
17431,10,11,1,840
18543,10,11,20772,0
18543,10,11,20402,490
18543,10,11,20032,560
18543,10,11,19662,630
18543,10,11,18922,700
18543,10,11,18552,770
18543,10,11,1,840
21516,10,11,22260,0
21516,10,11,21890,420
21516,10,11,21520,700
21516,10,11,1,910
15579,10,11,17434,0
15579,10,11,17064,350
15579,10,11,16694,420
15579,10,11,16324,490
15579,10,11,15584,560
15579,10,11,1,630
18552,10,11,21512,0
18552,10,11,21142,420
18552,10,11,20772,630
18552,10,11,20402,910
18552,10,11,19662,980
18552,10,11,19292,1050
18552,10,11,18922,1120
18552,10,11,1,1190
22631,10,11,23743,0
22631,10,11,23373,490
22631,10,11,23003,700
22631,10,11,22633,980
22631,10,11,1,1190
14463,10,11,16321,0
14463,10,11,15951,350
14463,10,11,15581,420
14463,10,11,14841,490
14463,10,11,14471,560
14463,10,11,1,630
20029,10,11,21146,0
20029,10,11,20776,420
20029,10,11,20406,630
20029,10,11,20036,700
20029,10,11,1,770
18913,10,11,21143,0
18913,10,11,20773,490
18913,10,11,20403,700
18913,10,11,20033,770
18913,10,11,19293,840
18913,10,11,18923,910
18913,10,11,1,980
15949,10,11,17805,0
15949,10,11,17435,350
15949,10,11,17065,420
15949,10,11,16695,490
15949,10,11,15955,560
15949,10,11,1,630
12985,10,11,13727,0
12985,10,11,13357,350
12985,10,11,1,420
21140,10,11,21889,0
21140,10,11,21519,420
21140,10,11,21149,630
21140,10,11,1,910
24113,10,11,25597,0
24113,10,11,25227,490
24113,10,11,24857,770
24113,10,11,24487,980
24113,10,11,24117,1260
21149,10,11,22629,0
21149,10,11,22259,350
21149,10,11,21889,630
21149,10,11,21519,840
21149,10,11,21149,1120
21149,10,11,1,1330
25228,10,11,26340,0
25228,10,11,25970,420
25228,10,11,25600,700
25228,10,11,25230,910
25228,10,11,1,1190
21511,10,11,22630,0
21511,10,11,22260,350
21511,10,11,21890,560
21511,10,11,21520,840
21511,10,11,1,1120
15574,10,11,19654,0
15574,10,11,19284,350
15574,10,11,18914,420
15574,10,11,18174,490
15574,10,11,17804,560
15574,10,11,17064,630
15574,10,11,16694,700
15574,10,11,16324,770
15574,10,11,15584,840
15574,10,11,1,910
18547,10,11,20772,0
18547,10,11,20402,350
18547,10,11,19662,420
18547,10,11,19292,490
18547,10,11,18552,560
18547,10,11,1,630
21520,10,11,23000,0
21520,10,11,22630,350
21520,10,11,22260,630
21520,10,11,21890,840
21520,10,11,21520,1120
21520,10,11,1,1330
15583,10,11,17434,0
15583,10,11,17064,350
15583,10,11,16694,420
15583,10,11,15954,490
15583,10,11,15584,560
15583,10,11,1,630
14467,10,11,14841,0
14467,10,11,14471,350
14467,10,11,1,420
11503,10,11,17053,0
11503,10,11,16683,350
11503,10,11,15943,420
11503,10,11,15573,490
11503,10,11,15203,560
11503,10,11,14463,630
11503,10,11,14093,700
11503,10,11,13353,770
11503,10,11,12983,840
11503,10,11,12613,910
11503,10,11,11873,980
11503,10,11,11503,1050
11503,10,11,1,1120
20024,10,11,21146,0
20024,10,11,20776,560
20024,10,11,20406,770
20024,10,11,20036,840
20024,10,11,1,910
27826,10,11,28197,0
27826,10,11,27827,560
27826,10,11,1,840
26710,10,11,28194,0
26710,10,11,27824,420
26710,10,11,27454,630
26710,10,11,27084,910
26710,10,11,26714,1120
26710,10,11,1,1400
15944,10,11,20025,0
15944,10,11,19655,350
15944,10,11,19285,420
15944,10,11,18545,490
15944,10,11,18175,560
15944,10,11,17435,630
15944,10,11,17065,700
15944,10,11,16695,770
15944,10,11,15955,840
15944,10,11,1,910
11874,10,11,17424,0
11874,10,11,17054,350
11874,10,11,16314,420
11874,10,11,15944,490
11874,10,11,15204,560
11874,10,11,14834,630
11874,10,11,14464,700
11874,10,11,13724,770
11874,10,11,13354,840
11874,10,11,12614,910
11874,10,11,12244,980
11874,10,11,11874,1050
11874,10,11,1,1120
23746,10,11,25226,0
23746,10,11,24856,490
23746,10,11,24486,770
23746,10,11,24116,980
23746,10,11,23746,1260
23746,10,11,1,1470
17065,10,11,19288,0
17065,10,11,18918,350
17065,10,11,18178,420
17065,10,11,17808,490
17065,10,11,17068,560
17065,10,11,1,630
21144,10,11,21889,0
21144,10,11,21519,490
21144,10,11,21149,770
21144,10,11,1,980
24117,10,11,25597,0
24117,10,11,25227,490
24117,10,11,24857,770
24117,10,11,24487,980
24117,10,11,24117,1260
24117,10,11,1,1470
18180,10,11,20031,0
18180,10,11,19661,350
18180,10,11,19291,420
18180,10,11,18921,490
18180,10,11,18181,560
18180,10,11,1,630
28196,10,11,28938,0
28196,10,11,28568,560
28196,10,11,28198,770
28196,10,11,1,1050
18542,10,11,21142,0
18542,10,11,20772,350
18542,10,11,20402,630
18542,10,11,19662,700
18542,10,11,19292,770
18542,10,11,18552,840
18542,10,11,1,910
29308,10,11,30421,0
29308,10,11,30051,490
29308,10,11,29681,770
29308,10,11,29311,1050
29308,10,11,1,1260
21515,10,11,22260,0
21515,10,11,21890,420
21515,10,11,21520,700
21515,10,11,1,910
15578,10,11,17434,0
15578,10,11,17064,350
15578,10,11,16694,420
15578,10,11,16324,490
15578,10,11,15584,560
15578,10,11,1,630
18551,10,11,20402,0
18551,10,11,20032,350
18551,10,11,19662,420
18551,10,11,19292,490
18551,10,11,18552,560
18551,10,11,1,630
22630,10,11,24113,0
22630,10,11,23743,560
22630,10,11,23373,770
22630,10,11,23003,1050
22630,10,11,22633,1260
14471,10,11,19281,0
14471,10,11,18911,350
14471,10,11,18541,420
14471,10,11,17801,490
14471,10,11,17431,560
14471,10,11,16691,630
14471,10,11,16321,700
14471,10,11,15951,770
14471,10,11,15211,840
14471,10,11,14841,910
14471,10,11,1,980
19653,10,11,21145,0
19653,10,11,20775,490
19653,10,11,20405,700
19653,10,11,20035,770
19653,10,11,19665,840
19653,10,11,1,910
19662,10,11,21145,0
19662,10,11,20775,350
19662,10,11,20405,630
19662,10,11,19665,700
19662,10,11,1,770
20768,10,11,21518,0
20768,10,11,21148,560
20768,10,11,20778,840
20768,10,11,1,1050
26714,10,11,28194,0
26714,10,11,27824,490
26714,10,11,27454,700
26714,10,11,27084,980
26714,10,11,26714,1260
26714,10,11,1,1470
20777,10,11,21148,0
20777,10,11,20778,490
20777,10,11,1,770
12984,10,11,13727,0
12984,10,11,13357,350
12984,10,11,12987,420
12984,10,11,1,490
17060,10,11,20398,0
17060,10,11,20028,350
17060,10,11,19658,420
17060,10,11,18918,490
17060,10,11,18548,560
17060,10,11,17808,630
17060,10,11,17438,700
17060,10,11,17068,770
17060,10,11,1,840
14096,10,11,14470,0
14096,10,11,14100,350
14096,10,11,1,420
21139,10,11,22259,0
21139,10,11,21889,490
21139,10,11,21519,700
21139,10,11,21149,980
21139,10,11,1,1190
18175,10,11,20401,0
18175,10,11,20031,350
18175,10,11,19291,420
18175,10,11,18921,490
18175,10,11,18181,560
18175,10,11,1,630
21148,10,11,21519,0
21148,10,11,21149,560
21148,10,11,1,770
25227,10,11,26710,0
25227,10,11,26340,490
25227,10,11,25970,700
25227,10,11,25600,980
25227,10,11,25230,1260
25227,10,11,1,1470
26339,10,11,27823,0
26339,10,11,27453,420
26339,10,11,27083,700
26339,10,11,26713,980
26339,10,11,26343,1190
26339,10,11,1,1470
15573,10,11,19654,0
15573,10,11,19284,350
15573,10,11,18914,420
15573,10,11,18174,490
15573,10,11,17804,560
15573,10,11,17064,630
15573,10,11,16694,700
15573,10,11,16324,770
15573,10,11,15584,840
15573,10,11,1,910
18546,10,11,20772,0
18546,10,11,20402,350
18546,10,11,19662,420
18546,10,11,19292,490
18546,10,11,18552,560
18546,10,11,1,630
15582,10,11,17434,0
15582,10,11,17064,350
15582,10,11,16694,420
15582,10,11,15954,490
15582,10,11,15584,560
15582,10,11,1,630
22259,10,11,23742,0
22259,10,11,23372,560
22259,10,11,23002,770
22259,10,11,22632,1050
22259,10,11,22262,1260
27825,10,11,28937,0
27825,10,11,28567,350
27825,10,11,28197,630
27825,10,11,27827,840
27825,10,11,1,1120
12614,10,11,13356,0
12614,10,11,12986,350
12614,10,11,1,420
19657,10,11,21145,0
19657,10,11,20775,560
19657,10,11,20035,840
19657,10,11,19665,910
19657,10,11,1,980
16693,10,11,18547,0
16693,10,11,18177,350
16693,10,11,17807,420
16693,10,11,17067,490
16693,10,11,16697,560
16693,10,11,1,630
20763,10,11,21888,0
20763,10,11,21518,420
20763,10,11,21148,700
20763,10,11,20778,980
20763,10,11,1,1190
13729,10,11,18539,0
13729,10,11,18169,350
13729,10,11,17799,420
13729,10,11,17059,490
13729,10,11,16689,560
13729,10,11,15949,630
13729,10,11,15579,700
13729,10,11,15209,770
13729,10,11,14469,840
13729,10,11,14099,910
13729,10,11,1,980
20772,10,11,21148,0
20772,10,11,20778,490
20772,10,11,1,770
23745,10,11,24486,0
23745,10,11,24116,420
23745,10,11,23746,700
23745,10,11,1,910
17055,10,11,19658,0
17055,10,11,19288,350
17055,10,11,18918,420
17055,10,11,18548,490
17055,10,11,17808,560
17055,10,11,17438,630
17055,10,11,1,700
17064,10,11,18918,0
17064,10,11,18548,350
17064,10,11,18178,420
17064,10,11,17438,490
17064,10,11,17068,560
17064,10,11,1,630
14100,10,11,18910,0
14100,10,11,18540,350
14100,10,11,18170,420
14100,10,11,17430,490
14100,10,11,17060,560
14100,10,11,16320,630
14100,10,11,15950,700
14100,10,11,15580,770
14100,10,11,14840,840
14100,10,11,14470,910
14100,10,11,1,980
18170,10,11,20771,0
18170,10,11,20401,560
18170,10,11,19661,630
18170,10,11,19291,700
18170,10,11,18921,770
18170,10,11,18181,840
18170,10,11,1,910
21143,10,11,22259,0
21143,10,11,21889,350
21143,10,11,21519,560
21143,10,11,21149,840
21143,10,11,1,1120
18179,10,11,20031,0
18179,10,11,19661,350
18179,10,11,19291,420
18179,10,11,18921,490
18179,10,11,18181,560
18179,10,11,1,630
29307,10,11,30421,0
29307,10,11,30051,560
29307,10,11,29681,770
29307,10,11,29311,1050
29307,10,11,1,1260
15577,10,11,17434,0
15577,10,11,17064,350
15577,10,11,16694,420
15577,10,11,16324,490
15577,10,11,15584,560
15577,10,11,1,630
26343,10,11,27823,0
26343,10,11,27453,490
26343,10,11,27083,770
26343,10,11,26713,980
26343,10,11,26343,1260
26343,10,11,1,1470
19290,10,11,20774,0
19290,10,11,20034,560
19290,10,11,19664,630
19290,10,11,19294,700
19290,10,11,1,770
19652,10,11,21145,0
19652,10,11,20775,490
19652,10,11,20405,700
19652,10,11,20035,770
19652,10,11,19665,840
19652,10,11,1,910
16688,10,11,20027,0
16688,10,11,19657,350
16688,10,11,19287,420
16688,10,11,18547,490
16688,10,11,18177,560
16688,10,11,17437,630
16688,10,11,17067,700
16688,10,11,16697,770
16688,10,11,1,840
19661,10,11,21145,0
19661,10,11,20775,350
19661,10,11,20035,630
19661,10,11,19665,700
19661,10,11,1,770
13724,10,11,14469,0
13724,10,11,14099,350
13724,10,11,1,420
16697,10,11,21137,0
16697,10,11,20767,420
16697,10,11,20397,630
16697,10,11,20027,700
16697,10,11,19287,770
16697,10,11,18917,840
16697,10,11,18547,910
16697,10,11,17807,980
16697,10,11,17437,1050
16697,10,11,16697,1120
16697,10,11,1,1190
20767,10,11,21518,0
20767,10,11,21148,560
20767,10,11,20778,840
20767,10,11,1,1050
20776,10,11,21148,0
20776,10,11,20778,490
20776,10,11,1,770
17059,10,11,20398,0
17059,10,11,20028,350
17059,10,11,19658,420
17059,10,11,18918,490
17059,10,11,18548,560
17059,10,11,17808,630
17059,10,11,17438,700
17059,10,11,17068,770
17059,10,11,1,840
21138,10,11,22259,0
21138,10,11,21889,490
21138,10,11,21519,700
21138,10,11,21149,980
21138,10,11,1,1190
18174,10,11,20401,0
18174,10,11,20031,350
18174,10,11,19291,420
18174,10,11,18921,490
18174,10,11,18181,560
18174,10,11,1,630
23374,10,11,24115,0
23374,10,11,23745,420
23374,10,11,23375,700
23374,10,11,1,910
15206,10,11,17063,0
15206,10,11,16693,350
15206,10,11,16323,420
15206,10,11,15953,490
15206,10,11,15213,560
15206,10,11,1,630
19285,10,11,21144,0
19285,10,11,20774,490
19285,10,11,20034,770
19285,10,11,19664,840
19285,10,11,1,910
16321,10,11,18176,0
16321,10,11,17806,350
16321,10,11,17436,420
16321,10,11,17066,490
16321,10,11,16326,560
16321,10,11,1,630
19294,10,11,21884,0
19294,10,11,21514,350
19294,10,11,21144,630
19294,10,11,20774,840
19294,10,11,20404,1120
19294,10,11,19664,1190
19294,10,11,19294,1260
19294,10,11,1,1330
16683,10,11,20767,0
16683,10,11,20397,490
16683,10,11,19657,560
16683,10,11,19287,630
16683,10,11,18917,700
16683,10,11,18177,770
16683,10,11,17807,840
16683,10,11,17067,910
16683,10,11,16697,980
16683,10,11,1,1050
12613,10,11,13356,0
12613,10,11,12986,350
12613,10,11,12616,420
12613,10,11,1,490
19656,10,11,21145,0
19656,10,11,20775,560
19656,10,11,20035,840
19656,10,11,19665,910
19656,10,11,1,980
16692,10,11,18547,0
16692,10,11,18177,350
16692,10,11,17807,420
16692,10,11,17437,490
16692,10,11,16697,560
16692,10,11,1,630
20762,10,11,21888,0
20762,10,11,21518,490
20762,10,11,21148,700
20762,10,11,20778,980
20762,10,11,1,1190
19665,10,11,21885,0
19665,10,11,21515,420
19665,10,11,21145,700
19665,10,11,20775,910
19665,10,11,20405,1190
19665,10,11,19665,1260
19665,10,11,1,1330
13728,10,11,14099,0
13728,10,11,13729,350
13728,10,11,1,420
20771,10,11,21148,0
20771,10,11,20778,490
20771,10,11,1,770
17054,10,11,20768,0
17054,10,11,20028,560
17054,10,11,19658,630
17054,10,11,19288,700
17054,10,11,18548,770
17054,10,11,18178,840
17054,10,11,17438,910
17054,10,11,17068,980
17054,10,11,1,1050
24856,10,11,26339,0
24856,10,11,25969,490
24856,10,11,25599,770
24856,10,11,25229,980
24856,10,11,24859,1260
24856,10,11,1,1470
14099,10,11,14470,0
14099,10,11,14100,350
14099,10,11,1,420
18169,10,11,20771,0
18169,10,11,20031,420
18169,10,11,19661,490
18169,10,11,18921,560
18169,10,11,18551,630
18169,10,11,18181,700
18169,10,11,1,770
25971,10,11,26712,0
25971,10,11,26342,420
25971,10,11,25972,630
25971,10,11,1,910
17803,10,11,20030,0
17803,10,11,19660,350
17803,10,11,18920,420
17803,10,11,18550,490
17803,10,11,17810,560
17803,10,11,1,630
26342,10,11,27083,0
26342,10,11,26713,420
26342,10,11,26343,630
26342,10,11,1,910
16316,10,11,20396,0
16316,10,11,20026,350
16316,10,11,19656,420
16316,10,11,18916,490
16316,10,11,18546,560
16316,10,11,17806,630
16316,10,11,17436,700
16316,10,11,17066,770
16316,10,11,16326,840
16316,10,11,1,910
19289,10,11,20774,0
19289,10,11,20404,560
19289,10,11,19664,630
19289,10,11,19294,700
19289,10,11,1,770
22262,10,11,23742,0
22262,10,11,23372,490
22262,10,11,23002,770
22262,10,11,22632,980
22262,10,11,22262,1260
22262,10,11,1,1470
16325,10,11,18176,0
16325,10,11,17806,350
16325,10,11,17436,420
16325,10,11,16696,490
16325,10,11,16326,560
16325,10,11,1,630
16687,10,11,20767,0
16687,10,11,20397,350
16687,10,11,20027,420
16687,10,11,19287,490
16687,10,11,18917,560
16687,10,11,18177,630
16687,10,11,17807,700
16687,10,11,17437,770
16687,10,11,16697,840
16687,10,11,1,910
27453,10,11,28566,0
27453,10,11,28196,560
27453,10,11,27826,840
27453,10,11,27456,1050
27453,10,11,1,1330
13723,10,11,14469,0
13723,10,11,14099,350
13723,10,11,1,420
16696,10,11,18547,0
16696,10,11,18177,350
16696,10,11,17807,420
16696,10,11,17067,490
16696,10,11,16697,560
16696,10,11,1,630
20766,10,11,21518,0
20766,10,11,21148,420
20766,10,11,20778,630
20766,10,11,1,910
1,11,12,1,0
21887,11,12,23001,0
21887,11,12,22631,490
21887,11,12,22261,700
21887,11,12,21891,980
21887,11,12,1,1260
28939,11,12,29310,0
28939,11,12,28940,560
28939,11,12,1,770
17798,11,12,20400,0
17798,11,12,20030,350
17798,11,12,19660,420
17798,11,12,19290,490
17798,11,12,18550,560
17798,11,12,18180,630
17798,11,12,1,700
17807,11,12,20030,0
17807,11,12,19660,350
17807,11,12,18920,420
17807,11,12,18550,490
17807,11,12,18180,560
17807,11,12,1,630
23373,11,12,24485,0
23373,11,12,24115,490
23373,11,12,23745,700
23373,11,12,23375,980
23373,11,12,1,1260
15205,11,12,18543,0
15205,11,12,18173,350
15205,11,12,17803,420
15205,11,12,17063,490
15205,11,12,16693,560
15205,11,12,15953,630
15205,11,12,15583,700
15205,11,12,15213,770
15205,11,12,1,840
19284,11,12,21514,0
19284,11,12,21144,350
19284,11,12,20774,560
19284,11,12,20404,840
19284,11,12,19664,910
19284,11,12,19294,980
19284,11,12,1,1050
30050,11,12,31163,0
30050,11,12,30793,560
30050,11,12,30423,770
30050,11,12,30053,1050
30050,11,12,1,1260
16320,11,12,18176,0
16320,11,12,17806,350
16320,11,12,17436,420
16320,11,12,17066,490
16320,11,12,16326,560
16320,11,12,1,630
19293,11,12,20774,0
19293,11,12,20034,560
19293,11,12,19664,630
19293,11,12,19294,700
19293,11,12,1,770
24484,11,12,25968,0
24484,11,12,25598,490
24484,11,12,25228,770
24484,11,12,24858,980
24484,11,12,24488,1260
13727,11,12,14099,0
13727,11,12,13729,350
13727,11,12,1,420
20395,11,12,21517,0
20395,11,12,21147,350
20395,11,12,20777,560
20395,11,12,20407,840
20395,11,12,1,910
20404,11,12,21147,0
20404,11,12,20777,490
20404,11,12,20407,700
20404,11,12,1,770
24855,11,12,26339,0
24855,11,12,25969,490
24855,11,12,25599,770
24855,11,12,25229,980
24855,11,12,24859,1260
21891,11,12,23371,0
21891,11,12,23001,350
21891,11,12,22631,630
21891,11,12,22261,840
21891,11,12,21891,1120
21891,11,12,1,1330
25970,11,12,27082,0
25970,11,12,26712,420
25970,11,12,26342,700
25970,11,12,25972,910
25970,11,12,1,1190
28568,11,12,28939,0
28568,11,12,28569,560
28568,11,12,1,770
17802,11,12,20770,0
17802,11,12,20400,420
17802,11,12,19660,490
17802,11,12,19290,560
17802,11,12,18550,630
17802,11,12,18180,700
17802,11,12,17810,770
17802,11,12,1,840
14838,11,12,16692,0
14838,11,12,16322,350
14838,11,12,15952,420
14838,11,12,15212,490
14838,11,12,14842,560
14838,11,12,1,630
23002,11,12,24114,0
23002,11,12,23744,490
23002,11,12,23374,700
23002,11,12,23004,980
23002,11,12,1,1260
15209,11,12,17063,0
15209,11,12,16693,350
15209,11,12,16323,420
15209,11,12,15583,490
15209,11,12,15213,560
15209,11,12,1,630
16315,11,12,20396,0
16315,11,12,20026,350
16315,11,12,19656,420
16315,11,12,18916,490
16315,11,12,18546,560
16315,11,12,17806,630
16315,11,12,17436,700
16315,11,12,17066,770
16315,11,12,16326,840
16315,11,12,1,910
12245,11,12,17425,0
12245,11,12,17055,350
12245,11,12,16315,420
12245,11,12,15945,490
12245,11,12,15205,560
12245,11,12,14835,630
12245,11,12,14465,700
12245,11,12,13725,770
12245,11,12,13355,840
12245,11,12,12615,910
12245,11,12,12245,980
12245,11,12,1,1050
27081,11,12,28565,0
27081,11,12,28195,420
27081,11,12,27825,630
27081,11,12,27455,910
27081,11,12,27085,1120
27081,11,12,1,1400
19288,11,12,20774,0
19288,11,12,20404,560
19288,11,12,19664,630
19288,11,12,19294,700
19288,11,12,1,770
16324,11,12,18176,0
16324,11,12,17806,350
16324,11,12,17436,420
16324,11,12,16696,490
16324,11,12,16326,560
16324,11,12,1,630
18922,11,12,20773,0
18922,11,12,20403,420
18922,11,12,20033,490
18922,11,12,19293,560
18922,11,12,18923,630
18922,11,12,1,700
27452,11,12,28566,0
27452,11,12,28196,560
27452,11,12,27826,840
27452,11,12,27456,1050
27452,11,12,1,1330
24488,11,12,25968,0
24488,11,12,25598,490
24488,11,12,25228,770
24488,11,12,24858,980
24488,11,12,24488,1260
24488,11,12,1,1470
17426,11,12,20029,0
17426,11,12,19659,350
17426,11,12,19289,420
17426,11,12,18919,490
17426,11,12,18179,560
17426,11,12,17809,630
17426,11,12,1,700
13356,11,12,13728,0
13356,11,12,13358,350
13356,11,12,1,420
20399,11,12,21517,0
20399,11,12,21147,420
20399,11,12,20777,700
20399,11,12,20407,910
20399,11,12,1,980
17435,11,12,19289,0
17435,11,12,18919,350
17435,11,12,18549,420
17435,11,12,17809,490
17435,11,12,17439,560
17435,11,12,1,630
21886,11,12,22631,0
21886,11,12,22261,560
21886,11,12,21891,840
21886,11,12,1,1050
17797,11,12,20400,0
17797,11,12,20030,350
17797,11,12,19660,420
17797,11,12,19290,490
17797,11,12,18550,560
17797,11,12,18180,630
17797,11,12,1,700
25599,11,12,26711,0
25599,11,12,26341,420
25599,11,12,25971,700
25599,11,12,25601,910
25599,11,12,1,1190
17806,11,12,19660,0
17806,11,12,19290,350
17806,11,12,18920,420
17806,11,12,18550,490
17806,11,12,17810,560
17806,11,12,1,630
14842,11,12,20762,0
14842,11,12,20022,420
14842,11,12,19652,490
14842,11,12,19282,560
14842,11,12,18542,630
14842,11,12,18172,700
14842,11,12,17432,770
14842,11,12,17062,840
14842,11,12,16692,910
14842,11,12,15952,980
14842,11,12,15582,1050
14842,11,12,14842,1120
14842,11,12,1,1190
29678,11,12,30792,0
29678,11,12,30422,560
29678,11,12,30052,840
29678,11,12,29682,1050
29678,11,12,1,1330
15204,11,12,18543,0
15204,11,12,18173,350
15204,11,12,17803,420
15204,11,12,17063,490
15204,11,12,16693,560
15204,11,12,15953,630
15204,11,12,15583,700
15204,11,12,15213,770
15204,11,12,1,840
20033,11,12,21146,0
20033,11,12,20776,420
20033,11,12,20036,700
20033,11,12,1,770
27085,11,12,28565,0
27085,11,12,28195,490
27085,11,12,27825,700
27085,11,12,27455,980
27085,11,12,27085,1260
27085,11,12,1,1470
18917,11,12,20773,0
18917,11,12,20403,420
18917,11,12,20033,490
18917,11,12,19293,560
18917,11,12,18923,630
18917,11,12,1,700
15953,11,12,17805,0
15953,11,12,17435,350
15953,11,12,17065,420
15953,11,12,16325,490
15953,11,12,15955,560
15953,11,12,1,630
20394,11,12,21517,0
20394,11,12,21147,350
20394,11,12,20777,560
20394,11,12,20407,840
20394,11,12,1,910
17430,11,12,20769,0
17430,11,12,20399,350
17430,11,12,20029,420
17430,11,12,19289,490
17430,11,12,18919,560
17430,11,12,18179,630
17430,11,12,17809,700
17430,11,12,17439,770
17430,11,12,1,840
20403,11,12,21147,0
20403,11,12,20777,490
20403,11,12,20407,700
20403,11,12,1,770
17439,11,12,21139,0
17439,11,12,20769,490
17439,11,12,20029,770
17439,11,12,19659,840
17439,11,12,19289,910
17439,11,12,18549,980
17439,11,12,18179,1050
17439,11,12,17439,1120
17439,11,12,1,1190
28567,11,12,29309,0
28567,11,12,28939,560
28567,11,12,28569,770
28567,11,12,1,1050
17801,11,12,20770,0
17801,11,12,20400,420
17801,11,12,19660,490
17801,11,12,19290,560
17801,11,12,18550,630
17801,11,12,18180,700
17801,11,12,17810,770
17801,11,12,1,840
29682,11,12,31162,0
29682,11,12,30792,350
29682,11,12,30422,630
29682,11,12,30052,840
29682,11,12,29682,1120
29682,11,12,1,1330
20028,11,12,21516,0
20028,11,12,21146,350
20028,11,12,20776,630
20028,11,12,20406,840
20028,11,12,20036,910
20028,11,12,1,980
23001,11,12,24484,0
23001,11,12,24114,560
23001,11,12,23744,770
23001,11,12,23374,1050
23001,11,12,23004,1260
18921,11,12,20773,0
18921,11,12,20403,420
18921,11,12,20033,490
18921,11,12,19293,560
18921,11,12,18923,630
18921,11,12,1,700
17425,11,12,21139,0
17425,11,12,20769,350
17425,11,12,20399,560
17425,11,12,20029,630
17425,11,12,19659,700
17425,11,12,18919,770
17425,11,12,18549,840
17425,11,12,17809,910
17425,11,12,17439,980
17425,11,12,1,1050
13355,11,12,14098,0
13355,11,12,13728,350
13355,11,12,1,420
20398,11,12,21517,0
20398,11,12,21147,420
20398,11,12,20777,700
20398,11,12,20407,910
20398,11,12,1,980
17434,11,12,19289,0
17434,11,12,18919,350
17434,11,12,18549,420
17434,11,12,18179,490
17434,11,12,17439,560
17434,11,12,1,630
21519,11,12,21890,0
21519,11,12,21520,560
21519,11,12,1,770
17796,11,12,21140,0
17796,11,12,20770,420
17796,11,12,20400,630
17796,11,12,20030,700
17796,11,12,19290,770
17796,11,12,18920,840
17796,11,12,18180,910
17796,11,12,17810,980
17796,11,12,1,1050
25598,11,12,27081,0
25598,11,12,26711,420
25598,11,12,26341,700
25598,11,12,25971,980
25598,11,12,25601,1190
25598,11,12,1,1470
20023,11,12,21146,0
20023,11,12,20776,560
20023,11,12,20406,770
20023,11,12,20036,840
20023,11,12,1,910
20032,11,12,21146,0
20032,11,12,20776,420
20032,11,12,20406,630
20032,11,12,20036,700
20032,11,12,1,770
27084,11,12,27825,0
27084,11,12,27455,420
27084,11,12,27085,630
27084,11,12,1,910
15943,11,12,18545,0
15943,11,12,18175,350
15943,11,12,17805,420
15943,11,12,17435,490
15943,11,12,16695,560
15943,11,12,16325,630
15943,11,12,1,700
11873,11,12,12984,0
11873,11,12,12614,350
11873,11,12,11874,420
11873,11,12,1,490
18916,11,12,20773,0
18916,11,12,20403,420
18916,11,12,20033,490
18916,11,12,19293,560
18916,11,12,18923,630
18916,11,12,1,700
15952,11,12,18175,0
15952,11,12,17805,350
15952,11,12,17065,420
15952,11,12,16695,490
15952,11,12,15955,560
15952,11,12,1,630
24116,11,12,24857,0
24116,11,12,24487,420
24116,11,12,24117,700
24116,11,12,1,910
20393,11,12,21887,0
20393,11,12,21517,420
20393,11,12,21147,630
20393,11,12,20777,910
20393,11,12,20407,1120
20393,11,12,1,1190
28195,11,12,29308,0
28195,11,12,28938,490
28195,11,12,28568,770
28195,11,12,28198,1050
28195,11,12,1,1260
17438,11,12,19289,0
17438,11,12,18919,350
17438,11,12,18549,420
17438,11,12,17809,490
17438,11,12,17439,560
17438,11,12,1,630
18541,11,12,21142,0
18541,11,12,20772,350
18541,11,12,20032,630
18541,11,12,19662,700
18541,11,12,19292,770
18541,11,12,18552,840
18541,11,12,1,910
21514,11,12,22630,0
21514,11,12,22260,490
21514,11,12,21890,700
21514,11,12,21520,980
21514,11,12,1,1260
18550,11,12,20402,0
18550,11,12,20032,350
18550,11,12,19662,420
18550,11,12,19292,490
18550,11,12,18552,560
18550,11,12,1,630
28566,11,12,29679,0
28566,11,12,29309,490
28566,11,12,28939,770
28566,11,12,28569,1050
28566,11,12,1,1260
22629,11,12,24113,0
22629,11,12,23743,560
22629,11,12,23373,770
22629,11,12,23003,1050
22629,11,12,22633,1260
29681,11,12,30052,0
29681,11,12,29682,560
29681,11,12,1,770
14470,11,12,14841,0
14470,11,12,14471,350
14470,11,12,1,420
20027,11,12,21516,0
20027,11,12,21146,350
20027,11,12,20776,630
20027,11,12,20406,840
20027,11,12,20036,910
20027,11,12,1,980
23000,11,12,24484,0
23000,11,12,24114,560
23000,11,12,23744,770
23000,11,12,23374,1050
23000,11,12,23004,1330
20036,11,12,21886,0
20036,11,12,21516,490
20036,11,12,21146,700
20036,11,12,20776,980
20036,11,12,20036,1260
20036,11,12,1,1330
18911,11,12,20773,0
18911,11,12,20033,560
18911,11,12,19663,630
18911,11,12,19293,700
18911,11,12,1,770
15947,11,12,19285,0
15947,11,12,18915,350
15947,11,12,18545,420
15947,11,12,17805,490
15947,11,12,17435,560
15947,11,12,16695,630
15947,11,12,16325,700
15947,11,12,15955,770
15947,11,12,1,840
26713,11,12,27454,0
26713,11,12,27084,420
26713,11,12,26714,630
26713,11,12,1,910
18920,11,12,20773,0
18920,11,12,20403,420
18920,11,12,20033,490
18920,11,12,19663,560
18920,11,12,18923,630
18920,11,12,1,700
12983,11,12,13727,0
12983,11,12,13357,350
12983,11,12,12987,420
12983,11,12,1,490
17068,11,12,21138,0
17068,11,12,20768,420
17068,11,12,20398,700
17068,11,12,19658,770
17068,11,12,19288,840
17068,11,12,18918,910
17068,11,12,18178,980
17068,11,12,17808,1050
17068,11,12,17068,1120
17068,11,12,1,1190
21147,11,12,21519,0
21147,11,12,21149,560
21147,11,12,1,770
17424,11,12,20769,0
17424,11,12,20399,560
17424,11,12,20029,630
17424,11,12,19289,700
17424,11,12,18919,770
17424,11,12,18549,840
17424,11,12,17809,910
17424,11,12,17439,980
17424,11,12,1,1050
13354,11,12,13728,0
13354,11,12,13358,350
13354,11,12,1,420
25226,11,12,26710,0
25226,11,12,26340,490
25226,11,12,25970,770
25226,11,12,25600,980
25226,11,12,25230,1260
25226,11,12,1,1470
18545,11,12,20772,0
18545,11,12,20402,350
18545,11,12,19662,420
18545,11,12,19292,490
18545,11,12,18552,560
18545,11,12,1,630
21518,11,12,22630,0
21518,11,12,22260,350
21518,11,12,21890,630
21518,11,12,21520,840
21518,11,12,1,1120
15581,11,12,17804,0
15581,11,12,17434,350
15581,11,12,16694,420
15581,11,12,16324,490
15581,11,12,15584,560
15581,11,12,1,630
25597,11,12,27081,0
25597,11,12,26711,420
25597,11,12,26341,700
25597,11,12,25971,980
25597,11,12,25601,1190
25597,11,12,1,1470
22633,11,12,24113,0
22633,11,12,23743,490
22633,11,12,23373,770
22633,11,12,23003,980
22633,11,12,22633,1260
22633,11,12,1,1470
14465,11,12,15211,0
14465,11,12,14841,350
14465,11,12,1,420
20022,11,12,21886,0
20022,11,12,21516,350
20022,11,12,21146,560
20022,11,12,20776,840
20022,11,12,20036,1120
20022,11,12,1,1190
27824,11,12,28937,0
27824,11,12,28567,560
27824,11,12,28197,840
27824,11,12,27827,1050
27824,11,12,1,1330
20031,11,12,21146,0
20031,11,12,20776,420
20031,11,12,20406,630
20031,11,12,20036,700
20031,11,12,1,770
23744,11,12,24856,0
23744,11,12,24486,490
23744,11,12,24116,770
23744,11,12,23746,980
23744,11,12,1,1260
15951,11,12,17805,0
15951,11,12,17435,350
15951,11,12,17065,420
15951,11,12,16325,490
15951,11,12,15955,560
15951,11,12,1,630
12987,11,12,18167,0
12987,11,12,17797,350
12987,11,12,17057,420
12987,11,12,16687,490
12987,11,12,15947,560
12987,11,12,15577,630
12987,11,12,15207,700
12987,11,12,14467,770
12987,11,12,14097,840
12987,11,12,13357,910
12987,11,12,12987,980
12987,11,12,1,1050
17063,11,12,18918,0
17063,11,12,18548,350
17063,11,12,18178,420
17063,11,12,17808,490
17063,11,12,17068,560
17063,11,12,1,630
21142,11,12,22259,0
21142,11,12,21889,350
21142,11,12,21519,560
21142,11,12,21149,840
21142,11,12,1,1120
24115,11,12,25227,0
24115,11,12,24857,490
24115,11,12,24487,700
24115,11,12,24117,980
24115,11,12,1,1190
18178,11,12,20401,0
18178,11,12,20031,350
18178,11,12,19291,420
18178,11,12,18921,490
18178,11,12,18551,560
18178,11,12,1,630
28194,11,12,29308,0
28194,11,12,28938,560
28194,11,12,28568,770
28194,11,12,28198,1050
28194,11,12,1,1260
25230,11,12,26710,0
25230,11,12,26340,490
25230,11,12,25970,700
25230,11,12,25600,980
25230,11,12,25230,1260
25230,11,12,1,1470
18540,11,12,20772,0
18540,11,12,20402,420
18540,11,12,20032,490
18540,11,12,19292,560
18540,11,12,18922,630
18540,11,12,18552,700
18540,11,12,1,770
21513,11,12,22630,0
21513,11,12,22260,490
21513,11,12,21890,700
21513,11,12,21520,980
21513,11,12,1,1260
15576,11,12,18914,0
15576,11,12,18544,350
15576,11,12,18174,420
15576,11,12,17434,490
15576,11,12,17064,560
15576,11,12,16324,630
15576,11,12,15954,700
15576,11,12,15584,770
15576,11,12,1,840
18549,11,12,20772,0
18549,11,12,20402,350
18549,11,12,19662,420
18549,11,12,19292,490
18549,11,12,18922,560
18549,11,12,1,630
30421,11,12,31534,0
30421,11,12,31164,560
30421,11,12,30794,770
30421,11,12,30424,1050
30421,11,12,1,1260
14469,11,12,14841,0
14469,11,12,14471,350
14469,11,12,1,420
20026,11,12,21516,0
20026,11,12,21146,490
20026,11,12,20776,700
20026,11,12,20036,980
20026,11,12,1,1050
30792,11,12,31905,0
30792,11,12,31535,560
30792,11,12,31165,770
30792,11,12,30795,1050
30792,11,12,1,1260
19660,11,12,21145,0
19660,11,12,20775,350
19660,11,12,20035,630
19660,11,12,19665,700
19660,11,12,1,770
26712,11,12,27824,0
26712,11,12,27454,420
26712,11,12,27084,700
26712,11,12,26714,910
26712,11,12,1,1190
20775,11,12,21148,0
20775,11,12,20778,490
20775,11,12,1,770
17067,11,12,18918,0
17067,11,12,18548,350
17067,11,12,18178,420
17067,11,12,17438,490
17067,11,12,17068,560
17067,11,12,1,630
21137,11,12,22259,0
21137,11,12,21889,490
21137,11,12,21519,700
21137,11,12,21149,980
21137,11,12,1,1260
18173,11,12,20771,0
18173,11,12,20031,490
18173,11,12,19661,560
18173,11,12,19291,630
18173,11,12,18551,700
18173,11,12,18181,770
18173,11,12,1,840
21146,11,12,21519,0
21146,11,12,21149,560
21146,11,12,1,770
18544,11,12,20772,0
18544,11,12,20402,490
18544,11,12,20032,560
18544,11,12,19662,630
18544,11,12,18922,700
18544,11,12,18552,770
18544,11,12,1,840
29310,11,12,29681,0
29310,11,12,29311,560
29310,11,12,1,770
15580,11,12,17434,0
15580,11,12,17064,350
15580,11,12,16694,420
15580,11,12,15954,490
15580,11,12,15584,560
15580,11,12,1,630
14464,11,12,15211,0
14464,11,12,14841,350
14464,11,12,1,420
27823,11,12,28937,0
27823,11,12,28567,560
27823,11,12,28197,840
27823,11,12,27827,1050
27823,11,12,1,1330
19655,11,12,21515,0
19655,11,12,21145,420
19655,11,12,20775,630
19655,11,12,20405,910
19655,11,12,19665,980
19655,11,12,1,1050
16691,11,12,18547,0
16691,11,12,18177,350
16691,11,12,17807,420
16691,11,12,17437,490
16691,11,12,16697,560
16691,11,12,1,630
19664,11,12,21145,0
19664,11,12,20775,350
19664,11,12,20035,630
19664,11,12,19665,700
19664,11,12,1,770
20770,11,12,21518,0
20770,11,12,21148,490
20770,11,12,20778,700
20770,11,12,1,980
23743,11,12,25226,0
23743,11,12,24856,560
23743,11,12,24486,770
23743,11,12,24116,1050
23743,11,12,23746,1330
17053,11,12,20768,0
17053,11,12,20028,560
17053,11,12,19658,630
17053,11,12,18918,700
17053,11,12,18548,770
17053,11,12,18178,840
17053,11,12,17438,910
17053,11,12,17068,980
17053,11,12,1,1050
17062,11,12,18918,0
17062,11,12,18548,350
17062,11,12,18178,420
17062,11,12,17808,490
17062,11,12,17068,560
17062,11,12,1,630
14098,11,12,14470,0
14098,11,12,14100,350
14098,11,12,1,420
18168,11,12,20771,0
18168,11,12,20031,420
18168,11,12,19661,490
18168,11,12,18921,560
18168,11,12,18551,630
18168,11,12,18181,700
18168,11,12,1,770
21141,11,12,21889,0
21141,11,12,21519,420
21141,11,12,21149,630
21141,11,12,1,910
18177,11,12,20031,0
18177,11,12,19661,350
18177,11,12,19291,420
18177,11,12,18921,490
18177,11,12,18181,560
18177,11,12,1,630
18539,11,12,20772,0
18539,11,12,20402,420
18539,11,12,20032,490
18539,11,12,19292,560
18539,11,12,18922,630
18539,11,12,18552,700
18539,11,12,1,770
26341,11,12,27453,0
26341,11,12,27083,420
26341,11,12,26713,700
26341,11,12,26343,910
26341,11,12,1,1190
15584,11,12,20764,0
15584,11,12,20394,490
15584,11,12,20024,560
15584,11,12,19284,630
15584,11,12,18914,700
15584,11,12,18174,770
15584,11,12,17804,840
15584,11,12,17434,910
15584,11,12,16694,980
15584,11,12,16324,1050
15584,11,12,15584,1120
15584,11,12,1,1190
22261,11,12,23002,0
22261,11,12,22632,420
22261,11,12,22262,700
22261,11,12,1,910
27827,11,12,29307,0
27827,11,12,28937,420
27827,11,12,28567,630
27827,11,12,28197,910
27827,11,12,27827,1190
27827,11,12,1,1400
16686,11,12,20767,0
16686,11,12,20397,350
16686,11,12,20027,420
16686,11,12,19287,490
16686,11,12,18917,560
16686,11,12,18177,630
16686,11,12,17807,700
16686,11,12,17437,770
16686,11,12,16697,840
16686,11,12,1,910
12616,11,12,17796,0
12616,11,12,17426,350
12616,11,12,16686,420
12616,11,12,16316,490
12616,11,12,15576,560
12616,11,12,15206,630
12616,11,12,14836,700
12616,11,12,14096,770
12616,11,12,13726,840
12616,11,12,12986,910
12616,11,12,12616,980
12616,11,12,1,1050
19659,11,12,21145,0
19659,11,12,20775,350
19659,11,12,20035,630
19659,11,12,19665,700
19659,11,12,1,770
16695,11,12,18547,0
16695,11,12,18177,350
16695,11,12,17807,420
16695,11,12,17067,490
16695,11,12,16697,560
16695,11,12,1,630
20765,11,12,21518,0
20765,11,12,21148,420
20765,11,12,20778,630
20765,11,12,1,910
20774,11,12,21148,0
20774,11,12,20778,490
20774,11,12,1,770
17057,11,12,20768,0
17057,11,12,20398,420
17057,11,12,19658,490
17057,11,12,19288,560
17057,11,12,18548,630
17057,11,12,18178,700
17057,11,12,17808,770
17057,11,12,17068,840
17057,11,12,1,910
24859,11,12,26339,0
24859,11,12,25969,490
24859,11,12,25599,700
24859,11,12,25229,980
24859,11,12,24859,1190
24859,11,12,1,1470
14093,11,12,14840,0
14093,11,12,14470,350
14093,11,12,1,420
17066,11,12,18918,0
17066,11,12,18548,350
17066,11,12,18178,420
17066,11,12,17438,490
17066,11,12,17068,560
17066,11,12,1,630
21136,11,12,21889,0
21136,11,12,21519,560
21136,11,12,21149,840
21136,11,12,1,1050
18172,11,12,20771,0
18172,11,12,20031,490
18172,11,12,19661,560
18172,11,12,19291,630
18172,11,12,18551,700
18172,11,12,18181,770
18172,11,12,1,840
28938,11,12,29680,0
28938,11,12,29310,560
28938,11,12,28940,770
28938,11,12,1,1050
18181,11,12,21511,0
18181,11,12,21141,350
18181,11,12,20771,630
18181,11,12,20401,840
18181,11,12,20031,910
18181,11,12,19291,980
18181,11,12,18921,1050
18181,11,12,18551,1120
18181,11,12,1,1190
29309,11,12,30051,0
29309,11,12,29681,560
29309,11,12,29311,770
29309,11,12,1,1050
23372,11,12,24855,0
23372,11,12,24485,560
23372,11,12,24115,770
23372,11,12,23745,1050
23372,11,12,23375,1260
15213,11,12,20763,0
15213,11,12,20393,420
15213,11,12,20023,490
15213,11,12,19653,560
15213,11,12,18913,630
15213,11,12,18543,700
15213,11,12,17803,770
15213,11,12,17433,840
15213,11,12,17063,910
15213,11,12,16323,980
15213,11,12,15953,1050
15213,11,12,15213,1120
15213,11,12,1,1190
19283,11,12,21514,0
19283,11,12,21144,350
19283,11,12,20774,560
19283,11,12,20404,840
19283,11,12,19664,910
19283,11,12,19294,980
19283,11,12,1,1050
19292,11,12,20774,0
19292,11,12,20034,560
19292,11,12,19664,630
19292,11,12,19294,700
19292,11,12,1,770
19654,11,12,21515,0
19654,11,12,21145,420
19654,11,12,20775,630
19654,11,12,20405,910
19654,11,12,19665,980
19654,11,12,1,1050
27456,11,12,28936,0
27456,11,12,28566,420
27456,11,12,28196,700
27456,11,12,27826,910
27456,11,12,27456,1190
27456,11,12,1,1400
19663,11,12,21145,0
19663,11,12,20775,350
19663,11,12,20035,630
19663,11,12,19665,700
19663,11,12,1,770
13726,11,12,14469,0
13726,11,12,14099,350
13726,11,12,1,420
20769,11,12,21518,0
20769,11,12,21148,490
20769,11,12,20778,700
20769,11,12,1,980
23742,11,12,25226,0
23742,11,12,24856,560
23742,11,12,24486,770
23742,11,12,24116,1050
23742,11,12,23746,1330
20778,11,12,21888,0
20778,11,12,21518,560
20778,11,12,21148,840
20778,11,12,20778,1050
20778,11,12,1,1330
21890,11,12,22261,0
21890,11,12,21891,560
21890,11,12,1,770
18167,11,12,21141,0
18167,11,12,20771,420
18167,11,12,20401,700
18167,11,12,19661,770
18167,11,12,19291,840
18167,11,12,18921,910
18167,11,12,18181,980
18167,11,12,1,1050
14097,11,12,14840,0
14097,11,12,14470,350
14097,11,12,1,420
25969,11,12,27452,0
25969,11,12,27082,420
25969,11,12,26712,700
25969,11,12,26342,910
25969,11,12,25972,1190
25969,11,12,1,1470
18176,11,12,20401,0
18176,11,12,20031,350
18176,11,12,19291,420
18176,11,12,18921,490
18176,11,12,18181,560
18176,11,12,1,630
17810,11,12,21140,0
17810,11,12,20770,560
17810,11,12,20030,840
17810,11,12,19660,910
17810,11,12,18920,980
17810,11,12,18550,1050
17810,11,12,18180,1120
17810,11,12,1,1190
26340,11,12,27823,0
26340,11,12,27453,420
26340,11,12,27083,700
26340,11,12,26713,910
26340,11,12,26343,1190
26340,11,12,1,1470
15208,11,12,17063,0
15208,11,12,16693,350
15208,11,12,16323,420
15208,11,12,15953,490
15208,11,12,15213,560
15208,11,12,1,630
16314,11,12,18916,0
16314,11,12,18546,350
16314,11,12,18176,420
16314,11,12,17806,490
16314,11,12,17066,560
16314,11,12,16696,630
16314,11,12,1,700
12244,11,12,12985,0
12244,11,12,12615,350
12244,11,12,1,420
19287,11,12,20774,0
19287,11,12,20404,560
19287,11,12,19664,630
19287,11,12,19294,700
19287,11,12,1,770
22260,11,12,23372,0
22260,11,12,23002,490
22260,11,12,22632,700
22260,11,12,22262,980
22260,11,12,1,1190
16323,11,12,18546,0
16323,11,12,18176,350
16323,11,12,17436,420
16323,11,12,17066,490
16323,11,12,16326,560
16323,11,12,1,630
12615,11,12,13356,0
12615,11,12,12986,350
12615,11,12,1,420
19658,11,12,21145,0
19658,11,12,20775,350
19658,11,12,20035,630
19658,11,12,19665,700
19658,11,12,1,770
24487,11,12,25228,0
24487,11,12,24858,420
24487,11,12,24488,700
24487,11,12,1,910
16694,11,12,18917,0
16694,11,12,18547,350
16694,11,12,17807,420
16694,11,12,17437,490
16694,11,12,16697,560
16694,11,12,1,630
20764,11,12,21888,0
20764,11,12,21518,420
20764,11,12,21148,700
20764,11,12,20778,980
20764,11,12,1,1190
20773,11,12,21148,0
20773,11,12,20778,490
20773,11,12,1,770
20407,11,12,21887,0
20407,11,12,21517,560
20407,11,12,21147,770
20407,11,12,20777,1050
20407,11,12,20407,1260
20407,11,12,1,1330
21885,11,12,22631,0
21885,11,12,22261,560
21885,11,12,21891,840
21885,11,12,1,1050
24858,11,12,25599,0
24858,11,12,25229,420
24858,11,12,24859,630
24858,11,12,1,910
28937,11,12,30050,0
28937,11,12,29680,490
28937,11,12,29310,770
28937,11,12,28940,1050
28937,11,12,1,1260
17805,11,12,20030,0
17805,11,12,19660,350
17805,11,12,18920,420
17805,11,12,18550,490
17805,11,12,17810,560
17805,11,12,1,630
14841,11,12,16692,0
14841,11,12,16322,350
14841,11,12,15952,420
14841,11,12,15212,490
14841,11,12,14842,560
14841,11,12,1,630
23371,11,12,24855,0
23371,11,12,24485,560
23371,11,12,24115,770
23371,11,12,23745,1050
23371,11,12,23375,1330
15203,11,12,19283,0
15203,11,12,18913,350
15203,11,12,18543,420
15203,11,12,17803,490
15203,11,12,17433,560
15203,11,12,16693,630
15203,11,12,16323,700
15203,11,12,15953,770
15203,11,12,15213,840
15203,11,12,1,910
15212,11,12,17063,0
15212,11,12,16693,350
15212,11,12,16323,420
15212,11,12,15583,490
15212,11,12,15213,560
15212,11,12,1,630
19282,11,12,21144,0
19282,11,12,20774,420
19282,11,12,20404,630
19282,11,12,20034,700
19282,11,12,19664,770
19282,11,12,1,840
16318,11,12,19656,0
16318,11,12,19286,350
16318,11,12,18916,420
16318,11,12,18176,490
16318,11,12,17806,560
16318,11,12,17066,630
16318,11,12,16696,700
16318,11,12,16326,770
16318,11,12,1,840
19291,11,12,20774,0
19291,11,12,20404,560
19291,11,12,19664,630
19291,11,12,19294,700
19291,11,12,1,770
27455,11,12,27826,0
27455,11,12,27456,560
27455,11,12,1,840
16689,11,12,20027,0
16689,11,12,19657,350
16689,11,12,19287,420
16689,11,12,18547,490
16689,11,12,18177,560
16689,11,12,17437,630
16689,11,12,17067,700
16689,11,12,16697,770
16689,11,12,1,840
13725,11,12,14099,0
13725,11,12,13729,350
13725,11,12,1,420
20402,11,12,21147,0
20402,11,12,20777,490
20402,11,12,20407,700
20402,11,12,1,770
21889,11,12,23001,0
21889,11,12,22631,350
21889,11,12,22261,560
21889,11,12,21891,840
21889,11,12,1,1120
25968,11,12,27452,0
25968,11,12,27082,420
25968,11,12,26712,700
25968,11,12,26342,980
25968,11,12,25972,1190
25968,11,12,1,1470
14836,11,12,16692,0
14836,11,12,16322,350
14836,11,12,15952,420
14836,11,12,15582,490
14836,11,12,14842,560
14836,11,12,1,630
17809,11,12,19660,0
17809,11,12,19290,350
17809,11,12,18920,420
17809,11,12,18180,490
17809,11,12,17810,560
17809,11,12,1,630
23375,11,12,24855,0
23375,11,12,24485,490
23375,11,12,24115,770
23375,11,12,23745,980
23375,11,12,23375,1260
23375,11,12,1,1470
15207,11,12,17063,0
15207,11,12,16693,350
15207,11,12,16323,420
15207,11,12,15953,490
15207,11,12,15213,560
15207,11,12,1,630
30052,11,12,30423,0
30052,11,12,30053,560
30052,11,12,1,770
19286,11,12,21144,0
19286,11,12,20774,490
19286,11,12,20034,770
19286,11,12,19664,840
19286,11,12,1,910
16322,11,12,18176,0
16322,11,12,17806,350
16322,11,12,17436,420
16322,11,12,16696,490
16322,11,12,16326,560
16322,11,12,1,630
24486,11,12,25598,0
24486,11,12,25228,490
24486,11,12,24858,700
24486,11,12,24488,980
24486,11,12,1,1190
20397,11,12,21517,0
20397,11,12,21147,490
20397,11,12,20777,770
20397,11,12,1,1050
17433,11,12,19289,0
17433,11,12,18919,350
17433,11,12,18549,420
17433,11,12,18179,490
17433,11,12,17439,560
17433,11,12,1,630
20406,11,12,21147,0
20406,11,12,20777,420
20406,11,12,20407,700
20406,11,12,1,770
21884,11,12,22631,0
21884,11,12,22261,490
21884,11,12,21891,770
21884,11,12,1,980
24857,11,12,25969,0
24857,11,12,25599,420
24857,11,12,25229,700
24857,11,12,24859,980
24857,11,12,1,1190
25972,11,12,27452,0
25972,11,12,27082,490
25972,11,12,26712,770
25972,11,12,26342,980
25972,11,12,25972,1260
25972,11,12,1,1470
17804,11,12,20030,0
17804,11,12,19660,350
17804,11,12,18920,420
17804,11,12,18550,490
17804,11,12,17810,560
17804,11,12,1,630
14840,11,12,16692,0
14840,11,12,16322,350
14840,11,12,15952,420
14840,11,12,15212,490
14840,11,12,14842,560
14840,11,12,1,630
23004,11,12,24484,0
23004,11,12,24114,490
23004,11,12,23744,770
23004,11,12,23374,980
23004,11,12,23004,1260
23004,11,12,1,1470
15211,11,12,17063,0
15211,11,12,16693,350
15211,11,12,16323,420
15211,11,12,15583,490
15211,11,12,15213,560
15211,11,12,1,630
19281,11,12,21144,0
19281,11,12,20774,420
19281,11,12,20404,630
19281,11,12,20034,700
19281,11,12,19664,770
19281,11,12,1,840
27083,11,12,28195,0
27083,11,12,27825,420
27083,11,12,27455,700
27083,11,12,27085,910
27083,11,12,1,1190
16326,11,12,21136,0
16326,11,12,20766,350
16326,11,12,20026,630
16326,11,12,19656,700
16326,11,12,18916,770
16326,11,12,18546,840
16326,11,12,18176,910
16326,11,12,17436,980
16326,11,12,17066,1050
16326,11,12,16326,1120
16326,11,12,1,1190
18915,11,12,21143,0
18915,11,12,20773,350
18915,11,12,20403,630
18915,11,12,19663,700
18915,11,12,19293,770
18915,11,12,1,840
27454,11,12,28566,0
27454,11,12,28196,350
27454,11,12,27826,630
27454,11,12,27456,840
27454,11,12,1,1120
13358,11,12,18168,0
13358,11,12,17798,350
13358,11,12,17428,420
13358,11,12,16688,490
13358,11,12,16318,560
13358,11,12,15578,630
13358,11,12,15208,700
13358,11,12,14838,770
13358,11,12,14098,840
13358,11,12,13728,910
13358,11,12,1,980
17428,11,12,20769,0
17428,11,12,20029,490
17428,11,12,19659,560
17428,11,12,18919,630
17428,11,12,18549,700
17428,11,12,18179,770
17428,11,12,17439,840
17428,11,12,1,910
20401,11,12,21147,0
20401,11,12,20777,490
20401,11,12,20407,700
20401,11,12,1,770
17437,11,12,19289,0
17437,11,12,18919,350
17437,11,12,18549,420
17437,11,12,17809,490
17437,11,12,17439,560
17437,11,12,1,630
21888,11,12,23001,0
21888,11,12,22631,490
21888,11,12,22261,700
21888,11,12,21891,980
21888,11,12,1,1190
28565,11,12,29679,0
28565,11,12,29309,560
28565,11,12,28939,770
28565,11,12,28569,1050
28565,11,12,1,1260
17799,11,12,20770,0
17799,11,12,20400,490
17799,11,12,20030,560
17799,11,12,19290,630
17799,11,12,18920,700
17799,11,12,18550,770
17799,11,12,17810,840
17799,11,12,1,910
14835,11,12,16692,0
14835,11,12,16322,350
14835,11,12,15952,420
14835,11,12,15582,490
14835,11,12,14842,560
14835,11,12,1,630
25601,11,12,27081,0
25601,11,12,26711,490
25601,11,12,26341,700
25601,11,12,25971,980
25601,11,12,25601,1260
25601,11,12,1,1470
17808,11,12,19660,0
17808,11,12,19290,350
17808,11,12,18920,420
17808,11,12,18550,490
17808,11,12,17810,560
17808,11,12,1,630
29680,11,12,30422,0
29680,11,12,30052,560
29680,11,12,29682,840
29680,11,12,1,1050
20035,11,12,21146,0
20035,11,12,20776,420
20035,11,12,20406,630
20035,11,12,20036,700
20035,11,12,1,770
30051,11,12,30793,0
30051,11,12,30423,560
30051,11,12,30053,840
30051,11,12,1,1050
18910,11,12,20773,0
18910,11,12,20033,560
18910,11,12,19663,630
18910,11,12,19293,700
18910,11,12,1,770
18919,11,12,20773,0
18919,11,12,20403,420
18919,11,12,20033,490
18919,11,12,19293,560
18919,11,12,18923,630
18919,11,12,1,700
15955,11,12,20765,0
15955,11,12,20395,560
15955,11,12,19655,630
15955,11,12,19285,700
15955,11,12,18545,770
15955,11,12,18175,840
15955,11,12,17805,910
15955,11,12,17065,980
15955,11,12,16695,1050
15955,11,12,15955,1120
15955,11,12,1,1190
24485,11,12,25968,0
24485,11,12,25598,490
24485,11,12,25228,770
24485,11,12,24858,980
24485,11,12,24488,1260
13353,11,12,14098,0
13353,11,12,13728,350
13353,11,12,1,420
20396,11,12,21517,0
20396,11,12,21147,490
20396,11,12,20777,770
20396,11,12,1,1050
17432,11,12,19289,0
17432,11,12,18919,350
17432,11,12,18549,420
17432,11,12,18179,490
17432,11,12,17439,560
17432,11,12,1,630
28198,11,12,29678,0
28198,11,12,29308,350
28198,11,12,28938,630
28198,11,12,28568,840
28198,11,12,28198,1120
28198,11,12,1,1330
20405,11,12,21147,0
20405,11,12,20777,490
20405,11,12,20407,700
20405,11,12,1,770
21517,11,12,22630,0
21517,11,12,22260,350
21517,11,12,21890,630
21517,11,12,21520,840
21517,11,12,1,1120
28569,11,12,30049,0
28569,11,12,29679,350
28569,11,12,29309,630
28569,11,12,28939,840
28569,11,12,28569,1120
28569,11,12,1,1330
22632,11,12,23373,0
22632,11,12,23003,420
22632,11,12,22633,700
22632,11,12,1,910
20030,11,12,21146,0
20030,11,12,20776,420
20030,11,12,20406,630
20030,11,12,20036,700
20030,11,12,1,770
23003,11,12,23744,0
23003,11,12,23374,420
23003,11,12,23004,700
23003,11,12,1,910
27082,11,12,28565,0
27082,11,12,28195,420
27082,11,12,27825,630
27082,11,12,27455,910
27082,11,12,27085,1120
27082,11,12,1,1400
18914,11,12,21143,0
18914,11,12,20773,350
18914,11,12,20403,630
18914,11,12,19663,700
18914,11,12,19293,770
18914,11,12,1,840
15950,11,12,17805,0
15950,11,12,17435,350
15950,11,12,17065,420
15950,11,12,16695,490
15950,11,12,15955,560
15950,11,12,1,630
18923,11,12,21513,0
18923,11,12,21143,490
18923,11,12,20773,770
18923,11,12,20403,980
18923,11,12,20033,1050
18923,11,12,19663,1120
18923,11,12,18923,1190
18923,11,12,1,1260
12986,11,12,13727,0
12986,11,12,13357,350
12986,11,12,1,420
24114,11,12,25597,0
24114,11,12,25227,490
24114,11,12,24857,770
24114,11,12,24487,980
24114,11,12,24117,1260
13357,11,12,13728,0
13357,11,12,13358,350
13357,11,12,1,420
20400,11,12,21147,0
20400,11,12,20777,490
20400,11,12,20407,700
20400,11,12,1,770
25229,11,12,25970,0
25229,11,12,25600,420
25229,11,12,25230,630
25229,11,12,1,910
17436,11,12,19659,0
17436,11,12,19289,350
17436,11,12,18549,420
17436,11,12,18179,490
17436,11,12,17439,560
17436,11,12,1,630
21512,11,12,22630,0
21512,11,12,22260,490
21512,11,12,21890,770
21512,11,12,21520,980
21512,11,12,1,1260
18548,11,12,20402,0
18548,11,12,20032,350
18548,11,12,19662,420
18548,11,12,19292,490
18548,11,12,18552,560
18548,11,12,1,630
25600,11,12,26341,0
25600,11,12,25971,420
25600,11,12,25601,630
25600,11,12,1,910
14834,11,12,18172,0
14834,11,12,17802,350
14834,11,12,17432,420
14834,11,12,16692,490
14834,11,12,16322,560
14834,11,12,15582,630
14834,11,12,15212,700
14834,11,12,14842,770
14834,11,12,1,840
29679,11,12,30792,0
29679,11,12,30422,560
29679,11,12,30052,770
29679,11,12,29682,1050
29679,11,12,1,1260
20025,11,12,21516,0
20025,11,12,21146,420
20025,11,12,20776,700
20025,11,12,20036,980
20025,11,12,1,1050
20034,11,12,21146,0
20034,11,12,20776,420
20034,11,12,20406,630
20034,11,12,20036,700
20034,11,12,1,770
15945,11,12,20025,0
15945,11,12,19655,350
15945,11,12,19285,420
15945,11,12,18545,490
15945,11,12,18175,560
15945,11,12,17435,630
15945,11,12,17065,700
15945,11,12,16695,770
15945,11,12,15955,840
15945,11,12,1,910
26711,11,12,28194,0
26711,11,12,27824,420
26711,11,12,27454,630
26711,11,12,27084,910
26711,11,12,26714,1120
26711,11,12,1,1400
18918,11,12,20773,0
18918,11,12,20403,420
18918,11,12,20033,490
18918,11,12,19293,560
18918,11,12,18923,630
18918,11,12,1,700
15954,11,12,17805,0
15954,11,12,17435,350
15954,11,12,17065,420
15954,11,12,16325,490
15954,11,12,15955,560
15954,11,12,1,630
21145,11,12,21889,0
21145,11,12,21519,490
21145,11,12,21149,770
21145,11,12,1,980
28197,11,12,28568,0
28197,11,12,28198,560
28197,11,12,1,770
17431,11,12,20769,0
17431,11,12,20399,350
17431,11,12,20029,420
17431,11,12,19289,490
17431,11,12,18919,560
17431,11,12,18179,630
17431,11,12,17809,700
17431,11,12,17439,770
17431,11,12,1,840
18543,11,12,20772,0
18543,11,12,20402,490
18543,11,12,20032,560
18543,11,12,19662,630
18543,11,12,18922,700
18543,11,12,18552,770
18543,11,12,1,840
21516,11,12,22260,0
21516,11,12,21890,420
21516,11,12,21520,700
21516,11,12,1,910
15579,11,12,17434,0
15579,11,12,17064,350
15579,11,12,16694,420
15579,11,12,16324,490
15579,11,12,15584,560
15579,11,12,1,630
18552,11,12,21512,0
18552,11,12,21142,420
18552,11,12,20772,630
18552,11,12,20402,910
18552,11,12,19662,980
18552,11,12,19292,1050
18552,11,12,18922,1120
18552,11,12,1,1190
22631,11,12,23743,0
22631,11,12,23373,490
22631,11,12,23003,700
22631,11,12,22633,980
22631,11,12,1,1190
14463,11,12,16321,0
14463,11,12,15951,350
14463,11,12,15581,420
14463,11,12,14841,490
14463,11,12,14471,560
14463,11,12,1,630
20029,11,12,21146,0
20029,11,12,20776,420
20029,11,12,20406,630
20029,11,12,20036,700
20029,11,12,1,770
18913,11,12,21143,0
18913,11,12,20773,490
18913,11,12,20403,700
18913,11,12,20033,770
18913,11,12,19293,840
18913,11,12,18923,910
18913,11,12,1,980
15949,11,12,17805,0
15949,11,12,17435,350
15949,11,12,17065,420
15949,11,12,16695,490
15949,11,12,15955,560
15949,11,12,1,630
12985,11,12,13727,0
12985,11,12,13357,350
12985,11,12,1,420
21140,11,12,21889,0
21140,11,12,21519,420
21140,11,12,21149,630
21140,11,12,1,910
24113,11,12,25597,0
24113,11,12,25227,490
24113,11,12,24857,770
24113,11,12,24487,980
24113,11,12,24117,1260
21149,11,12,22629,0
21149,11,12,22259,350
21149,11,12,21889,630
21149,11,12,21519,840
21149,11,12,21149,1120
21149,11,12,1,1330
25228,11,12,26340,0
25228,11,12,25970,420
25228,11,12,25600,700
25228,11,12,25230,910
25228,11,12,1,1190
21511,11,12,22630,0
21511,11,12,22260,350
21511,11,12,21890,560
21511,11,12,21520,840
21511,11,12,1,1120
18547,11,12,20772,0
18547,11,12,20402,350
18547,11,12,19662,420
18547,11,12,19292,490
18547,11,12,18552,560
18547,11,12,1,630
21520,11,12,23000,0
21520,11,12,22630,350
21520,11,12,22260,630
21520,11,12,21890,840
21520,11,12,21520,1120
21520,11,12,1,1330
15583,11,12,17434,0
15583,11,12,17064,350
15583,11,12,16694,420
15583,11,12,15954,490
15583,11,12,15584,560
15583,11,12,1,630
14467,11,12,14841,0
14467,11,12,14471,350
14467,11,12,1,420
11503,11,12,17053,0
11503,11,12,16683,350
11503,11,12,15943,420
11503,11,12,15573,490
11503,11,12,15203,560
11503,11,12,14463,630
11503,11,12,14093,700
11503,11,12,13353,770
11503,11,12,12983,840
11503,11,12,12613,910
11503,11,12,11873,980
11503,11,12,11503,1050
11503,11,12,1,1120
20024,11,12,21146,0
20024,11,12,20776,560
20024,11,12,20406,770
20024,11,12,20036,840
20024,11,12,1,910
27826,11,12,28197,0
27826,11,12,27827,560
27826,11,12,1,840
11874,11,12,17424,0
11874,11,12,17054,350
11874,11,12,16314,420
11874,11,12,15944,490
11874,11,12,15204,560
11874,11,12,14834,630
11874,11,12,14464,700
11874,11,12,13724,770
11874,11,12,13354,840
11874,11,12,12614,910
11874,11,12,12244,980
11874,11,12,11874,1050
11874,11,12,1,1120
26710,11,12,28194,0
26710,11,12,27824,420
26710,11,12,27454,630
26710,11,12,27084,910
26710,11,12,26714,1120
26710,11,12,1,1400
15944,11,12,20025,0
15944,11,12,19655,350
15944,11,12,19285,420
15944,11,12,18545,490
15944,11,12,18175,560
15944,11,12,17435,630
15944,11,12,17065,700
15944,11,12,16695,770
15944,11,12,15955,840
15944,11,12,1,910
23746,11,12,25226,0
23746,11,12,24856,490
23746,11,12,24486,770
23746,11,12,24116,980
23746,11,12,23746,1260
23746,11,12,1,1470
17065,11,12,19288,0
17065,11,12,18918,350
17065,11,12,18178,420
17065,11,12,17808,490
17065,11,12,17068,560
17065,11,12,1,630
21144,11,12,21889,0
21144,11,12,21519,490
21144,11,12,21149,770
21144,11,12,1,980
24117,11,12,25597,0
24117,11,12,25227,490
24117,11,12,24857,770
24117,11,12,24487,980
24117,11,12,24117,1260
24117,11,12,1,1470
18180,11,12,20031,0
18180,11,12,19661,350
18180,11,12,19291,420
18180,11,12,18921,490
18180,11,12,18181,560
18180,11,12,1,630
28196,11,12,28938,0
28196,11,12,28568,560
28196,11,12,28198,770
28196,11,12,1,1050
18542,11,12,21142,0
18542,11,12,20772,350
18542,11,12,20402,630
18542,11,12,19662,700
18542,11,12,19292,770
18542,11,12,18552,840
18542,11,12,1,910
29308,11,12,30421,0
29308,11,12,30051,490
29308,11,12,29681,770
29308,11,12,29311,1050
29308,11,12,1,1260
21515,11,12,22260,0
21515,11,12,21890,420
21515,11,12,21520,700
21515,11,12,1,910
15578,11,12,17434,0
15578,11,12,17064,350
15578,11,12,16694,420
15578,11,12,16324,490
15578,11,12,15584,560
15578,11,12,1,630
18551,11,12,20402,0
18551,11,12,20032,350
18551,11,12,19662,420
18551,11,12,19292,490
18551,11,12,18552,560
18551,11,12,1,630
22630,11,12,24113,0
22630,11,12,23743,560
22630,11,12,23373,770
22630,11,12,23003,1050
22630,11,12,22633,1260
14471,11,12,19281,0
14471,11,12,18911,350
14471,11,12,18541,420
14471,11,12,17801,490
14471,11,12,17431,560
14471,11,12,16691,630
14471,11,12,16321,700
14471,11,12,15951,770
14471,11,12,15211,840
14471,11,12,14841,910
14471,11,12,1,980
19653,11,12,21145,0
19653,11,12,20775,490
19653,11,12,20405,700
19653,11,12,20035,770
19653,11,12,19665,840
19653,11,12,1,910
19662,11,12,21145,0
19662,11,12,20775,350
19662,11,12,20405,630
19662,11,12,19665,700
19662,11,12,1,770
20768,11,12,21518,0
20768,11,12,21148,560
20768,11,12,20778,840
20768,11,12,1,1050
26714,11,12,28194,0
26714,11,12,27824,490
26714,11,12,27454,700
26714,11,12,27084,980
26714,11,12,26714,1260
26714,11,12,1,1470
20777,11,12,21148,0
20777,11,12,20778,490
20777,11,12,1,770
12984,11,12,13727,0
12984,11,12,13357,350
12984,11,12,12987,420
12984,11,12,1,490
17060,11,12,20398,0
17060,11,12,20028,350
17060,11,12,19658,420
17060,11,12,18918,490
17060,11,12,18548,560
17060,11,12,17808,630
17060,11,12,17438,700
17060,11,12,17068,770
17060,11,12,1,840
14096,11,12,14470,0
14096,11,12,14100,350
14096,11,12,1,420
21139,11,12,22259,0
21139,11,12,21889,490
21139,11,12,21519,700
21139,11,12,21149,980
21139,11,12,1,1190
18175,11,12,20401,0
18175,11,12,20031,350
18175,11,12,19291,420
18175,11,12,18921,490
18175,11,12,18181,560
18175,11,12,1,630
21148,11,12,21519,0
21148,11,12,21149,560
21148,11,12,1,770
25227,11,12,26710,0
25227,11,12,26340,490
25227,11,12,25970,700
25227,11,12,25600,980
25227,11,12,25230,1260
25227,11,12,1,1470
26339,11,12,27823,0
26339,11,12,27453,420
26339,11,12,27083,700
26339,11,12,26713,980
26339,11,12,26343,1190
26339,11,12,1,1470
15573,11,12,19654,0
15573,11,12,19284,350
15573,11,12,18914,420
15573,11,12,18174,490
15573,11,12,17804,560
15573,11,12,17064,630
15573,11,12,16694,700
15573,11,12,16324,770
15573,11,12,15584,840
15573,11,12,1,910
18546,11,12,20772,0
18546,11,12,20402,350
18546,11,12,19662,420
18546,11,12,19292,490
18546,11,12,18552,560
18546,11,12,1,630
15582,11,12,17434,0
15582,11,12,17064,350
15582,11,12,16694,420
15582,11,12,15954,490
15582,11,12,15584,560
15582,11,12,1,630
22259,11,12,23742,0
22259,11,12,23372,560
22259,11,12,23002,770
22259,11,12,22632,1050
22259,11,12,22262,1260
27825,11,12,28937,0
27825,11,12,28567,350
27825,11,12,28197,630
27825,11,12,27827,840
27825,11,12,1,1120
12614,11,12,13356,0
12614,11,12,12986,350
12614,11,12,1,420
19657,11,12,21145,0
19657,11,12,20775,560
19657,11,12,20035,840
19657,11,12,19665,910
19657,11,12,1,980
16693,11,12,18547,0
16693,11,12,18177,350
16693,11,12,17807,420
16693,11,12,17067,490
16693,11,12,16697,560
16693,11,12,1,630
20763,11,12,21888,0
20763,11,12,21518,420
20763,11,12,21148,700
20763,11,12,20778,980
20763,11,12,1,1190
13729,11,12,18539,0
13729,11,12,18169,350
13729,11,12,17799,420
13729,11,12,17059,490
13729,11,12,16689,560
13729,11,12,15949,630
13729,11,12,15579,700
13729,11,12,15209,770
13729,11,12,14469,840
13729,11,12,14099,910
13729,11,12,1,980
20772,11,12,21148,0
20772,11,12,20778,490
20772,11,12,1,770
23745,11,12,24486,0
23745,11,12,24116,420
23745,11,12,23746,700
23745,11,12,1,910
17055,11,12,19658,0
17055,11,12,19288,350
17055,11,12,18918,420
17055,11,12,18548,490
17055,11,12,17808,560
17055,11,12,17438,630
17055,11,12,1,700
17064,11,12,18918,0
17064,11,12,18548,350
17064,11,12,18178,420
17064,11,12,17438,490
17064,11,12,17068,560
17064,11,12,1,630
14100,11,12,18910,0
14100,11,12,18540,350
14100,11,12,18170,420
14100,11,12,17430,490
14100,11,12,17060,560
14100,11,12,16320,630
14100,11,12,15950,700
14100,11,12,15580,770
14100,11,12,14840,840
14100,11,12,14470,910
14100,11,12,1,980
28936,11,12,30050,0
28936,11,12,29680,560
28936,11,12,29310,770
28936,11,12,28940,1050
28936,11,12,1,1260
21143,11,12,22259,0
21143,11,12,21889,350
21143,11,12,21519,560
21143,11,12,21149,840
21143,11,12,1,1120
18170,11,12,20771,0
18170,11,12,20401,560
18170,11,12,19661,630
18170,11,12,19291,700
18170,11,12,18921,770
18170,11,12,18181,840
18170,11,12,1,910
18179,11,12,20031,0
18179,11,12,19661,350
18179,11,12,19291,420
18179,11,12,18921,490
18179,11,12,18181,560
18179,11,12,1,630
29307,11,12,30421,0
29307,11,12,30051,560
29307,11,12,29681,770
29307,11,12,29311,1050
29307,11,12,1,1260
15577,11,12,17434,0
15577,11,12,17064,350
15577,11,12,16694,420
15577,11,12,16324,490
15577,11,12,15584,560
15577,11,12,1,630
26343,11,12,27823,0
26343,11,12,27453,490
26343,11,12,27083,770
26343,11,12,26713,980
26343,11,12,26343,1260
26343,11,12,1,1470
30422,11,12,31164,0
30422,11,12,30794,560
30422,11,12,30424,840
30422,11,12,1,1050
19290,11,12,20774,0
19290,11,12,20034,560
19290,11,12,19664,630
19290,11,12,19294,700
19290,11,12,1,770
19652,11,12,21145,0
19652,11,12,20775,490
19652,11,12,20405,700
19652,11,12,20035,770
19652,11,12,19665,840
19652,11,12,1,910
16688,11,12,20027,0
16688,11,12,19657,350
16688,11,12,19287,420
16688,11,12,18547,490
16688,11,12,18177,560
16688,11,12,17437,630
16688,11,12,17067,700
16688,11,12,16697,770
16688,11,12,1,840
19661,11,12,21145,0
19661,11,12,20775,350
19661,11,12,20035,630
19661,11,12,19665,700
19661,11,12,1,770
13724,11,12,14469,0
13724,11,12,14099,350
13724,11,12,1,420
16697,11,12,21137,0
16697,11,12,20767,420
16697,11,12,20397,630
16697,11,12,20027,700
16697,11,12,19287,770
16697,11,12,18917,840
16697,11,12,18547,910
16697,11,12,17807,980
16697,11,12,17437,1050
16697,11,12,16697,1120
16697,11,12,1,1190
20767,11,12,21518,0
20767,11,12,21148,560
20767,11,12,20778,840
20767,11,12,1,1050
20776,11,12,21148,0
20776,11,12,20778,490
20776,11,12,1,770
17059,11,12,20398,0
17059,11,12,20028,350
17059,11,12,19658,420
17059,11,12,18918,490
17059,11,12,18548,560
17059,11,12,17808,630
17059,11,12,17438,700
17059,11,12,17068,770
17059,11,12,1,840
21138,11,12,22259,0
21138,11,12,21889,490
21138,11,12,21519,700
21138,11,12,21149,980
21138,11,12,1,1190
18174,11,12,20401,0
18174,11,12,20031,350
18174,11,12,19291,420
18174,11,12,18921,490
18174,11,12,18181,560
18174,11,12,1,630
28940,11,12,30420,0
28940,11,12,30050,350
28940,11,12,29680,630
28940,11,12,29310,840
28940,11,12,28940,1120
28940,11,12,1,1330
29311,11,12,30791,0
29311,11,12,30421,350
29311,11,12,30051,630
29311,11,12,29681,840
29311,11,12,29311,1120
29311,11,12,1,1330
23374,11,12,24115,0
23374,11,12,23745,420
23374,11,12,23375,700
23374,11,12,1,910
15206,11,12,17063,0
15206,11,12,16693,350
15206,11,12,16323,420
15206,11,12,15953,490
15206,11,12,15213,560
15206,11,12,1,630
19285,11,12,21144,0
19285,11,12,20774,490
19285,11,12,20034,770
19285,11,12,19664,840
19285,11,12,1,910
16321,11,12,18176,0
16321,11,12,17806,350
16321,11,12,17436,420
16321,11,12,17066,490
16321,11,12,16326,560
16321,11,12,1,630
19294,11,12,21884,0
19294,11,12,21514,350
19294,11,12,21144,630
19294,11,12,20774,840
19294,11,12,20404,1120
19294,11,12,19664,1190
19294,11,12,19294,1260
19294,11,12,1,1330
16683,11,12,20767,0
16683,11,12,20397,490
16683,11,12,19657,560
16683,11,12,19287,630
16683,11,12,18917,700
16683,11,12,18177,770
16683,11,12,17807,840
16683,11,12,17067,910
16683,11,12,16697,980
16683,11,12,1,1050
12613,11,12,13356,0
12613,11,12,12986,350
12613,11,12,12616,420
12613,11,12,1,490
19656,11,12,21145,0
19656,11,12,20775,560
19656,11,12,20035,840
19656,11,12,19665,910
19656,11,12,1,980
16692,11,12,18547,0
16692,11,12,18177,350
16692,11,12,17807,420
16692,11,12,17437,490
16692,11,12,16697,560
16692,11,12,1,630
20762,11,12,21888,0
20762,11,12,21518,490
20762,11,12,21148,700
20762,11,12,20778,980
20762,11,12,1,1190
19665,11,12,21885,0
19665,11,12,21515,420
19665,11,12,21145,700
19665,11,12,20775,910
19665,11,12,20405,1190
19665,11,12,19665,1260
19665,11,12,1,1330
13728,11,12,14099,0
13728,11,12,13729,350
13728,11,12,1,420
20771,11,12,21148,0
20771,11,12,20778,490
20771,11,12,1,770
17054,11,12,20768,0
17054,11,12,20028,560
17054,11,12,19658,630
17054,11,12,19288,700
17054,11,12,18548,770
17054,11,12,18178,840
17054,11,12,17438,910
17054,11,12,17068,980
17054,11,12,1,1050
24856,11,12,26339,0
24856,11,12,25969,490
24856,11,12,25599,770
24856,11,12,25229,980
24856,11,12,24859,1260
24856,11,12,1,1470
14099,11,12,14470,0
14099,11,12,14100,350
14099,11,12,1,420
18169,11,12,20771,0
18169,11,12,20031,420
18169,11,12,19661,490
18169,11,12,18921,560
18169,11,12,18551,630
18169,11,12,18181,700
18169,11,12,1,770
25971,11,12,26712,0
25971,11,12,26342,420
25971,11,12,25972,630
25971,11,12,1,910
17803,11,12,20030,0
17803,11,12,19660,350
17803,11,12,18920,420
17803,11,12,18550,490
17803,11,12,17810,560
17803,11,12,1,630
26342,11,12,27083,0
26342,11,12,26713,420
26342,11,12,26343,630
26342,11,12,1,910
16316,11,12,20396,0
16316,11,12,20026,350
16316,11,12,19656,420
16316,11,12,18916,490
16316,11,12,18546,560
16316,11,12,17806,630
16316,11,12,17436,700
16316,11,12,17066,770
16316,11,12,16326,840
16316,11,12,1,910
19289,11,12,20774,0
19289,11,12,20404,560
19289,11,12,19664,630
19289,11,12,19294,700
19289,11,12,1,770
22262,11,12,23742,0
22262,11,12,23372,490
22262,11,12,23002,770
22262,11,12,22632,980
22262,11,12,22262,1260
22262,11,12,1,1470
16325,11,12,18176,0
16325,11,12,17806,350
16325,11,12,17436,420
16325,11,12,16696,490
16325,11,12,16326,560
16325,11,12,1,630
16687,11,12,20767,0
16687,11,12,20397,350
16687,11,12,20027,420
16687,11,12,19287,490
16687,11,12,18917,560
16687,11,12,18177,630
16687,11,12,17807,700
16687,11,12,17437,770
16687,11,12,16697,840
16687,11,12,1,910
27453,11,12,28566,0
27453,11,12,28196,560
27453,11,12,27826,840
27453,11,12,27456,1050
27453,11,12,1,1330
16696,11,12,18547,0
16696,11,12,18177,350
16696,11,12,17807,420
16696,11,12,17067,490
16696,11,12,16697,560
16696,11,12,1,630
20766,11,12,21518,0
20766,11,12,21148,420
20766,11,12,20778,630
20766,11,12,1,910
1,12,13,1,0
21887,12,13,23001,0
21887,12,13,22631,490
21887,12,13,22261,700
21887,12,13,21891,980
21887,12,13,1,1260
28939,12,13,29310,0
28939,12,13,28940,560
28939,12,13,1,770
17798,12,13,20400,0
17798,12,13,20030,350
17798,12,13,19660,420
17798,12,13,19290,490
17798,12,13,18550,560
17798,12,13,18180,630
17798,12,13,1,700
17807,12,13,20030,0
17807,12,13,19660,350
17807,12,13,18920,420
17807,12,13,18550,490
17807,12,13,18180,560
17807,12,13,1,630
23373,12,13,24485,0
23373,12,13,24115,490
23373,12,13,23745,700
23373,12,13,23375,980
23373,12,13,1,1260
15205,12,13,18543,0
15205,12,13,18173,350
15205,12,13,17803,420
15205,12,13,17063,490
15205,12,13,16693,560
15205,12,13,15953,630
15205,12,13,15583,700
15205,12,13,15213,770
15205,12,13,1,840
19284,12,13,21514,0
19284,12,13,21144,350
19284,12,13,20774,560
19284,12,13,20404,840
19284,12,13,19664,910
19284,12,13,19294,980
19284,12,13,1,1050
30050,12,13,31163,0
30050,12,13,30793,560
30050,12,13,30423,770
30050,12,13,30053,1050
30050,12,13,1,1260
16320,12,13,18176,0
16320,12,13,17806,350
16320,12,13,17436,420
16320,12,13,17066,490
16320,12,13,16326,560
16320,12,13,1,630
19293,12,13,20774,0
19293,12,13,20034,560
19293,12,13,19664,630
19293,12,13,19294,700
19293,12,13,1,770
24484,12,13,25968,0
24484,12,13,25598,490
24484,12,13,25228,770
24484,12,13,24858,980
24484,12,13,24488,1260
13727,12,13,14099,0
13727,12,13,13729,350
13727,12,13,1,420
20395,12,13,21517,0
20395,12,13,21147,350
20395,12,13,20777,560
20395,12,13,20407,840
20395,12,13,1,910
20404,12,13,21147,0
20404,12,13,20777,490
20404,12,13,20407,700
20404,12,13,1,770
24855,12,13,26339,0
24855,12,13,25969,490
24855,12,13,25599,770
24855,12,13,25229,980
24855,12,13,24859,1260
21891,12,13,23371,0
21891,12,13,23001,350
21891,12,13,22631,630
21891,12,13,22261,840
21891,12,13,21891,1120
21891,12,13,1,1330
25970,12,13,27082,0
25970,12,13,26712,420
25970,12,13,26342,700
25970,12,13,25972,910
25970,12,13,1,1190
28568,12,13,28939,0
28568,12,13,28569,560
28568,12,13,1,770
17802,12,13,20770,0
17802,12,13,20400,420
17802,12,13,19660,490
17802,12,13,19290,560
17802,12,13,18550,630
17802,12,13,18180,700
17802,12,13,17810,770
17802,12,13,1,840
14838,12,13,16692,0
14838,12,13,16322,350
14838,12,13,15952,420
14838,12,13,15212,490
14838,12,13,14842,560
14838,12,13,1,630
23002,12,13,24114,0
23002,12,13,23744,490
23002,12,13,23374,700
23002,12,13,23004,980
23002,12,13,1,1260
15209,12,13,17063,0
15209,12,13,16693,350
15209,12,13,16323,420
15209,12,13,15583,490
15209,12,13,15213,560
15209,12,13,1,630
16315,12,13,20396,0
16315,12,13,20026,350
16315,12,13,19656,420
16315,12,13,18916,490
16315,12,13,18546,560
16315,12,13,17806,630
16315,12,13,17436,700
16315,12,13,17066,770
16315,12,13,16326,840
16315,12,13,1,910
12245,12,13,17425,0
12245,12,13,17055,350
12245,12,13,16315,420
12245,12,13,15945,490
12245,12,13,15205,560
12245,12,13,14835,630
12245,12,13,14465,700
12245,12,13,13725,770
12245,12,13,13355,840
12245,12,13,12615,910
12245,12,13,12245,980
12245,12,13,1,1050
27081,12,13,28565,0
27081,12,13,28195,420
27081,12,13,27825,630
27081,12,13,27455,910
27081,12,13,27085,1120
27081,12,13,1,1400
19288,12,13,20774,0
19288,12,13,20404,560
19288,12,13,19664,630
19288,12,13,19294,700
19288,12,13,1,770
16324,12,13,18176,0
16324,12,13,17806,350
16324,12,13,17436,420
16324,12,13,16696,490
16324,12,13,16326,560
16324,12,13,1,630
18922,12,13,20773,0
18922,12,13,20403,420
18922,12,13,20033,490
18922,12,13,19293,560
18922,12,13,18923,630
18922,12,13,1,700
27452,12,13,28566,0
27452,12,13,28196,560
27452,12,13,27826,840
27452,12,13,27456,1050
27452,12,13,1,1330
24488,12,13,25968,0
24488,12,13,25598,490
24488,12,13,25228,770
24488,12,13,24858,980
24488,12,13,24488,1260
24488,12,13,1,1470
17426,12,13,20029,0
17426,12,13,19659,350
17426,12,13,19289,420
17426,12,13,18919,490
17426,12,13,18179,560
17426,12,13,17809,630
17426,12,13,1,700
13356,12,13,13728,0
13356,12,13,13358,350
13356,12,13,1,420
20399,12,13,21517,0
20399,12,13,21147,420
20399,12,13,20777,700
20399,12,13,20407,910
20399,12,13,1,980
17435,12,13,19289,0
17435,12,13,18919,350
17435,12,13,18549,420
17435,12,13,17809,490
17435,12,13,17439,560
17435,12,13,1,630
21886,12,13,22631,0
21886,12,13,22261,560
21886,12,13,21891,840
21886,12,13,1,1050
17797,12,13,20400,0
17797,12,13,20030,350
17797,12,13,19660,420
17797,12,13,19290,490
17797,12,13,18550,560
17797,12,13,18180,630
17797,12,13,1,700
25599,12,13,26711,0
25599,12,13,26341,420
25599,12,13,25971,700
25599,12,13,25601,910
25599,12,13,1,1190
17806,12,13,19660,0
17806,12,13,19290,350
17806,12,13,18920,420
17806,12,13,18550,490
17806,12,13,17810,560
17806,12,13,1,630
14842,12,13,20762,0
14842,12,13,20022,420
14842,12,13,19652,490
14842,12,13,19282,560
14842,12,13,18542,630
14842,12,13,18172,700
14842,12,13,17432,770
14842,12,13,17062,840
14842,12,13,16692,910
14842,12,13,15952,980
14842,12,13,15582,1050
14842,12,13,14842,1120
14842,12,13,1,1190
29678,12,13,30792,0
29678,12,13,30422,560
29678,12,13,30052,840
29678,12,13,29682,1050
29678,12,13,1,1330
15204,12,13,18543,0
15204,12,13,18173,350
15204,12,13,17803,420
15204,12,13,17063,490
15204,12,13,16693,560
15204,12,13,15953,630
15204,12,13,15583,700
15204,12,13,15213,770
15204,12,13,1,840
20033,12,13,21146,0
20033,12,13,20776,420
20033,12,13,20036,700
20033,12,13,1,770
30049,12,13,31163,0
30049,12,13,30793,560
30049,12,13,30423,840
30049,12,13,30053,1050
30049,12,13,1,1330
27085,12,13,28565,0
27085,12,13,28195,490
27085,12,13,27825,700
27085,12,13,27455,980
27085,12,13,27085,1260
27085,12,13,1,1470
18917,12,13,20773,0
18917,12,13,20403,420
18917,12,13,20033,490
18917,12,13,19293,560
18917,12,13,18923,630
18917,12,13,1,700
15953,12,13,17805,0
15953,12,13,17435,350
15953,12,13,17065,420
15953,12,13,16325,490
15953,12,13,15955,560
15953,12,13,1,630
20394,12,13,21517,0
20394,12,13,21147,350
20394,12,13,20777,560
20394,12,13,20407,840
20394,12,13,1,910
17430,12,13,20769,0
17430,12,13,20399,350
17430,12,13,20029,420
17430,12,13,19289,490
17430,12,13,18919,560
17430,12,13,18179,630
17430,12,13,17809,700
17430,12,13,17439,770
17430,12,13,1,840
20403,12,13,21147,0
20403,12,13,20777,490
20403,12,13,20407,700
20403,12,13,1,770
17439,12,13,21139,0
17439,12,13,20769,490
17439,12,13,20029,770
17439,12,13,19659,840
17439,12,13,19289,910
17439,12,13,18549,980
17439,12,13,18179,1050
17439,12,13,17439,1120
17439,12,13,1,1190
28567,12,13,29309,0
28567,12,13,28939,560
28567,12,13,28569,770
28567,12,13,1,1050
17801,12,13,20770,0
17801,12,13,20400,420
17801,12,13,19660,490
17801,12,13,19290,560
17801,12,13,18550,630
17801,12,13,18180,700
17801,12,13,17810,770
17801,12,13,1,840
29682,12,13,31162,0
29682,12,13,30792,350
29682,12,13,30422,630
29682,12,13,30052,840
29682,12,13,29682,1120
29682,12,13,1,1330
20028,12,13,21516,0
20028,12,13,21146,350
20028,12,13,20776,630
20028,12,13,20406,840
20028,12,13,20036,910
20028,12,13,1,980
23001,12,13,24484,0
23001,12,13,24114,560
23001,12,13,23744,770
23001,12,13,23374,1050
23001,12,13,23004,1260
18921,12,13,20773,0
18921,12,13,20403,420
18921,12,13,20033,490
18921,12,13,19293,560
18921,12,13,18923,630
18921,12,13,1,700
31165,12,13,31536,0
31165,12,13,31166,490
31165,12,13,1,770
17425,12,13,21139,0
17425,12,13,20769,350
17425,12,13,20399,560
17425,12,13,20029,630
17425,12,13,19659,700
17425,12,13,18919,770
17425,12,13,18549,840
17425,12,13,17809,910
17425,12,13,17439,980
17425,12,13,1,1050
13355,12,13,14098,0
13355,12,13,13728,350
13355,12,13,1,420
20398,12,13,21517,0
20398,12,13,21147,420
20398,12,13,20777,700
20398,12,13,20407,910
20398,12,13,1,980
17434,12,13,19289,0
17434,12,13,18919,350
17434,12,13,18549,420
17434,12,13,18179,490
17434,12,13,17439,560
17434,12,13,1,630
21519,12,13,21890,0
21519,12,13,21520,560
21519,12,13,1,770
17796,12,13,21140,0
17796,12,13,20770,420
17796,12,13,20400,630
17796,12,13,20030,700
17796,12,13,19290,770
17796,12,13,18920,840
17796,12,13,18180,910
17796,12,13,17810,980
17796,12,13,1,1050
25598,12,13,27081,0
25598,12,13,26711,420
25598,12,13,26341,700
25598,12,13,25971,980
25598,12,13,25601,1190
25598,12,13,1,1470
20023,12,13,21146,0
20023,12,13,20776,560
20023,12,13,20406,770
20023,12,13,20036,840
20023,12,13,1,910
20032,12,13,21146,0
20032,12,13,20776,420
20032,12,13,20406,630
20032,12,13,20036,700
20032,12,13,1,770
27084,12,13,27825,0
27084,12,13,27455,420
27084,12,13,27085,630
27084,12,13,1,910
15943,12,13,18545,0
15943,12,13,18175,350
15943,12,13,17805,420
15943,12,13,17435,490
15943,12,13,16695,560
15943,12,13,16325,630
15943,12,13,1,700
11873,12,13,12984,0
11873,12,13,12614,350
11873,12,13,11874,420
11873,12,13,1,490
18916,12,13,20773,0
18916,12,13,20403,420
18916,12,13,20033,490
18916,12,13,19293,560
18916,12,13,18923,630
18916,12,13,1,700
15952,12,13,18175,0
15952,12,13,17805,350
15952,12,13,17065,420
15952,12,13,16695,490
15952,12,13,15955,560
15952,12,13,1,630
24116,12,13,24857,0
24116,12,13,24487,420
24116,12,13,24117,700
24116,12,13,1,910
20393,12,13,21887,0
20393,12,13,21517,420
20393,12,13,21147,630
20393,12,13,20777,910
20393,12,13,20407,1120
20393,12,13,1,1190
28195,12,13,29308,0
28195,12,13,28938,490
28195,12,13,28568,770
28195,12,13,28198,1050
28195,12,13,1,1260
17438,12,13,19289,0
17438,12,13,18919,350
17438,12,13,18549,420
17438,12,13,17809,490
17438,12,13,17439,560
17438,12,13,1,630
18541,12,13,21142,0
18541,12,13,20772,350
18541,12,13,20032,630
18541,12,13,19662,700
18541,12,13,19292,770
18541,12,13,18552,840
18541,12,13,1,910
21514,12,13,22630,0
21514,12,13,22260,490
21514,12,13,21890,700
21514,12,13,21520,980
21514,12,13,1,1260
18550,12,13,20402,0
18550,12,13,20032,350
18550,12,13,19662,420
18550,12,13,19292,490
18550,12,13,18552,560
18550,12,13,1,630
28566,12,13,29679,0
28566,12,13,29309,490
28566,12,13,28939,770
28566,12,13,28569,1050
28566,12,13,1,1260
22629,12,13,24113,0
22629,12,13,23743,560
22629,12,13,23373,770
22629,12,13,23003,1050
22629,12,13,22633,1260
29681,12,13,30052,0
29681,12,13,29682,560
29681,12,13,1,770
14470,12,13,14841,0
14470,12,13,14471,350
14470,12,13,1,420
30793,12,13,31535,0
30793,12,13,31165,560
30793,12,13,30795,840
30793,12,13,1,1050
20027,12,13,21516,0
20027,12,13,21146,350
20027,12,13,20776,630
20027,12,13,20406,840
20027,12,13,20036,910
20027,12,13,1,980
23000,12,13,24484,0
23000,12,13,24114,560
23000,12,13,23744,770
23000,12,13,23374,1050
23000,12,13,23004,1330
20036,12,13,21886,0
20036,12,13,21516,490
20036,12,13,21146,700
20036,12,13,20776,980
20036,12,13,20036,1260
20036,12,13,1,1330
18911,12,13,20773,0
18911,12,13,20033,560
18911,12,13,19663,630
18911,12,13,19293,700
18911,12,13,1,770
26713,12,13,27454,0
26713,12,13,27084,420
26713,12,13,26714,630
26713,12,13,1,910
15947,12,13,19285,0
15947,12,13,18915,350
15947,12,13,18545,420
15947,12,13,17805,490
15947,12,13,17435,560
15947,12,13,16695,630
15947,12,13,16325,700
15947,12,13,15955,770
15947,12,13,1,840
18920,12,13,20773,0
18920,12,13,20403,420
18920,12,13,20033,490
18920,12,13,19663,560
18920,12,13,18923,630
18920,12,13,1,700
12983,12,13,13727,0
12983,12,13,13357,350
12983,12,13,12987,420
12983,12,13,1,490
31164,12,13,31906,0
31164,12,13,31536,560
31164,12,13,31166,770
31164,12,13,1,1050
17068,12,13,21138,0
17068,12,13,20768,420
17068,12,13,20398,700
17068,12,13,19658,770
17068,12,13,19288,840
17068,12,13,18918,910
17068,12,13,18178,980
17068,12,13,17808,1050
17068,12,13,17068,1120
17068,12,13,1,1190
21147,12,13,21519,0
21147,12,13,21149,560
21147,12,13,1,770
17424,12,13,20769,0
17424,12,13,20399,560
17424,12,13,20029,630
17424,12,13,19289,700
17424,12,13,18919,770
17424,12,13,18549,840
17424,12,13,17809,910
17424,12,13,17439,980
17424,12,13,1,1050
13354,12,13,13728,0
13354,12,13,13358,350
13354,12,13,1,420
25226,12,13,26710,0
25226,12,13,26340,490
25226,12,13,25970,770
25226,12,13,25600,980
25226,12,13,25230,1260
25226,12,13,1,1470
18545,12,13,20772,0
18545,12,13,20402,350
18545,12,13,19662,420
18545,12,13,19292,490
18545,12,13,18552,560
18545,12,13,1,630
21518,12,13,22630,0
21518,12,13,22260,350
21518,12,13,21890,630
21518,12,13,21520,840
21518,12,13,1,1120
15581,12,13,17804,0
15581,12,13,17434,350
15581,12,13,16694,420
15581,12,13,16324,490
15581,12,13,15584,560
15581,12,13,1,630
25597,12,13,27081,0
25597,12,13,26711,420
25597,12,13,26341,700
25597,12,13,25971,980
25597,12,13,25601,1190
25597,12,13,1,1470
22633,12,13,24113,0
22633,12,13,23743,490
22633,12,13,23373,770
22633,12,13,23003,980
22633,12,13,22633,1260
22633,12,13,1,1470
14465,12,13,15211,0
14465,12,13,14841,350
14465,12,13,1,420
20022,12,13,21886,0
20022,12,13,21516,350
20022,12,13,21146,560
20022,12,13,20776,840
20022,12,13,20036,1120
20022,12,13,1,1190
27824,12,13,28937,0
27824,12,13,28567,560
27824,12,13,28197,840
27824,12,13,27827,1050
27824,12,13,1,1330
20031,12,13,21146,0
20031,12,13,20776,420
20031,12,13,20406,630
20031,12,13,20036,700
20031,12,13,1,770
23744,12,13,24856,0
23744,12,13,24486,490
23744,12,13,24116,770
23744,12,13,23746,980
23744,12,13,1,1260
15951,12,13,17805,0
15951,12,13,17435,350
15951,12,13,17065,420
15951,12,13,16325,490
15951,12,13,15955,560
15951,12,13,1,630
12987,12,13,18167,0
12987,12,13,17797,350
12987,12,13,17057,420
12987,12,13,16687,490
12987,12,13,15947,560
12987,12,13,15577,630
12987,12,13,15207,700
12987,12,13,14467,770
12987,12,13,14097,840
12987,12,13,13357,910
12987,12,13,12987,980
12987,12,13,1,1050
17063,12,13,18918,0
17063,12,13,18548,350
17063,12,13,18178,420
17063,12,13,17808,490
17063,12,13,17068,560
17063,12,13,1,630
21142,12,13,22259,0
21142,12,13,21889,350
21142,12,13,21519,560
21142,12,13,21149,840
21142,12,13,1,1120
24115,12,13,25227,0
24115,12,13,24857,490
24115,12,13,24487,700
24115,12,13,24117,980
24115,12,13,1,1190
18178,12,13,20401,0
18178,12,13,20031,350
18178,12,13,19291,420
18178,12,13,18921,490
18178,12,13,18551,560
18178,12,13,1,630
28194,12,13,29308,0
28194,12,13,28938,560
28194,12,13,28568,770
28194,12,13,28198,1050
28194,12,13,1,1260
25230,12,13,26710,0
25230,12,13,26340,490
25230,12,13,25970,700
25230,12,13,25600,980
25230,12,13,25230,1260
25230,12,13,1,1470
18540,12,13,20772,0
18540,12,13,20402,420
18540,12,13,20032,490
18540,12,13,19292,560
18540,12,13,18922,630
18540,12,13,18552,700
18540,12,13,1,770
21513,12,13,22630,0
21513,12,13,22260,490
21513,12,13,21890,700
21513,12,13,21520,980
21513,12,13,1,1260
15576,12,13,18914,0
15576,12,13,18544,350
15576,12,13,18174,420
15576,12,13,17434,490
15576,12,13,17064,560
15576,12,13,16324,630
15576,12,13,15954,700
15576,12,13,15584,770
15576,12,13,1,840
18549,12,13,20772,0
18549,12,13,20402,350
18549,12,13,19662,420
18549,12,13,19292,490
18549,12,13,18922,560
18549,12,13,1,630
30421,12,13,31534,0
30421,12,13,31164,560
30421,12,13,30794,770
30421,12,13,30424,1050
30421,12,13,1,1260
14469,12,13,14841,0
14469,12,13,14471,350
14469,12,13,1,420
20026,12,13,21516,0
20026,12,13,21146,490
20026,12,13,20776,700
20026,12,13,20036,980
20026,12,13,1,1050
30792,12,13,31905,0
30792,12,13,31535,560
30792,12,13,31165,770
30792,12,13,30795,1050
30792,12,13,1,1260
19660,12,13,21145,0
19660,12,13,20775,350
19660,12,13,20035,630
19660,12,13,19665,700
19660,12,13,1,770
26712,12,13,27824,0
26712,12,13,27454,420
26712,12,13,27084,700
26712,12,13,26714,910
26712,12,13,1,1190
20775,12,13,21148,0
20775,12,13,20778,490
20775,12,13,1,770
17067,12,13,18918,0
17067,12,13,18548,350
17067,12,13,18178,420
17067,12,13,17438,490
17067,12,13,17068,560
17067,12,13,1,630
21137,12,13,22259,0
21137,12,13,21889,490
21137,12,13,21519,700
21137,12,13,21149,980
21137,12,13,1,1260
18173,12,13,20771,0
18173,12,13,20031,490
18173,12,13,19661,560
18173,12,13,19291,630
18173,12,13,18551,700
18173,12,13,18181,770
18173,12,13,1,840
21146,12,13,21519,0
21146,12,13,21149,560
21146,12,13,1,770
29310,12,13,29681,0
29310,12,13,29311,560
29310,12,13,1,770
18544,12,13,20772,0
18544,12,13,20402,490
18544,12,13,20032,560
18544,12,13,19662,630
18544,12,13,18922,700
18544,12,13,18552,770
18544,12,13,1,840
15580,12,13,17434,0
15580,12,13,17064,350
15580,12,13,16694,420
15580,12,13,15954,490
15580,12,13,15584,560
15580,12,13,1,630
14464,12,13,15211,0
14464,12,13,14841,350
14464,12,13,1,420
27823,12,13,28937,0
27823,12,13,28567,560
27823,12,13,28197,840
27823,12,13,27827,1050
27823,12,13,1,1330
19655,12,13,21515,0
19655,12,13,21145,420
19655,12,13,20775,630
19655,12,13,20405,910
19655,12,13,19665,980
19655,12,13,1,1050
16691,12,13,18547,0
16691,12,13,18177,350
16691,12,13,17807,420
16691,12,13,17437,490
16691,12,13,16697,560
16691,12,13,1,630
19664,12,13,21145,0
19664,12,13,20775,350
19664,12,13,20035,630
19664,12,13,19665,700
19664,12,13,1,770
20770,12,13,21518,0
20770,12,13,21148,490
20770,12,13,20778,700
20770,12,13,1,980
23743,12,13,25226,0
23743,12,13,24856,560
23743,12,13,24486,770
23743,12,13,24116,1050
23743,12,13,23746,1330
17053,12,13,20768,0
17053,12,13,20028,560
17053,12,13,19658,630
17053,12,13,18918,700
17053,12,13,18548,770
17053,12,13,18178,840
17053,12,13,17438,910
17053,12,13,17068,980
17053,12,13,1,1050
17062,12,13,18918,0
17062,12,13,18548,350
17062,12,13,18178,420
17062,12,13,17808,490
17062,12,13,17068,560
17062,12,13,1,630
14098,12,13,14470,0
14098,12,13,14100,350
14098,12,13,1,420
18168,12,13,20771,0
18168,12,13,20031,420
18168,12,13,19661,490
18168,12,13,18921,560
18168,12,13,18551,630
18168,12,13,18181,700
18168,12,13,1,770
21141,12,13,21889,0
21141,12,13,21519,420
21141,12,13,21149,630
21141,12,13,1,910
18177,12,13,20031,0
18177,12,13,19661,350
18177,12,13,19291,420
18177,12,13,18921,490
18177,12,13,18181,560
18177,12,13,1,630
18539,12,13,20772,0
18539,12,13,20402,420
18539,12,13,20032,490
18539,12,13,19292,560
18539,12,13,18922,630
18539,12,13,18552,700
18539,12,13,1,770
26341,12,13,27453,0
26341,12,13,27083,420
26341,12,13,26713,700
26341,12,13,26343,910
26341,12,13,1,1190
15584,12,13,20764,0
15584,12,13,20394,490
15584,12,13,20024,560
15584,12,13,19284,630
15584,12,13,18914,700
15584,12,13,18174,770
15584,12,13,17804,840
15584,12,13,17434,910
15584,12,13,16694,980
15584,12,13,16324,1050
15584,12,13,15584,1120
15584,12,13,1,1190
30420,12,13,31534,0
30420,12,13,31164,560
30420,12,13,30794,840
30420,12,13,30424,1050
30420,12,13,1,1330
22261,12,13,23002,0
22261,12,13,22632,420
22261,12,13,22262,700
22261,12,13,1,910
27827,12,13,29307,0
27827,12,13,28937,420
27827,12,13,28567,630
27827,12,13,28197,910
27827,12,13,27827,1190
27827,12,13,1,1400
16686,12,13,20767,0
16686,12,13,20397,350
16686,12,13,20027,420
16686,12,13,19287,490
16686,12,13,18917,560
16686,12,13,18177,630
16686,12,13,17807,700
16686,12,13,17437,770
16686,12,13,16697,840
16686,12,13,1,910
12616,12,13,17796,0
12616,12,13,17426,350
12616,12,13,16686,420
12616,12,13,16316,490
12616,12,13,15576,560
12616,12,13,15206,630
12616,12,13,14836,700
12616,12,13,14096,770
12616,12,13,13726,840
12616,12,13,12986,910
12616,12,13,12616,980
12616,12,13,1,1050
19659,12,13,21145,0
19659,12,13,20775,350
19659,12,13,20035,630
19659,12,13,19665,700
19659,12,13,1,770
16695,12,13,18547,0
16695,12,13,18177,350
16695,12,13,17807,420
16695,12,13,17067,490
16695,12,13,16697,560
16695,12,13,1,630
20765,12,13,21518,0
20765,12,13,21148,420
20765,12,13,20778,630
20765,12,13,1,910
20774,12,13,21148,0
20774,12,13,20778,490
20774,12,13,1,770
17057,12,13,20768,0
17057,12,13,20398,420
17057,12,13,19658,490
17057,12,13,19288,560
17057,12,13,18548,630
17057,12,13,18178,700
17057,12,13,17808,770
17057,12,13,17068,840
17057,12,13,1,910
24859,12,13,26339,0
24859,12,13,25969,490
24859,12,13,25599,700
24859,12,13,25229,980
24859,12,13,24859,1190
24859,12,13,1,1470
14093,12,13,14840,0
14093,12,13,14470,350
14093,12,13,1,420
17066,12,13,18918,0
17066,12,13,18548,350
17066,12,13,18178,420
17066,12,13,17438,490
17066,12,13,17068,560
17066,12,13,1,630
21136,12,13,21889,0
21136,12,13,21519,560
21136,12,13,21149,840
21136,12,13,1,1050
18172,12,13,20771,0
18172,12,13,20031,490
18172,12,13,19661,560
18172,12,13,19291,630
18172,12,13,18551,700
18172,12,13,18181,770
18172,12,13,1,840
28938,12,13,29680,0
28938,12,13,29310,560
28938,12,13,28940,770
28938,12,13,1,1050
18181,12,13,21511,0
18181,12,13,21141,350
18181,12,13,20771,630
18181,12,13,20401,840
18181,12,13,20031,910
18181,12,13,19291,980
18181,12,13,18921,1050
18181,12,13,18551,1120
18181,12,13,1,1190
29309,12,13,30051,0
29309,12,13,29681,560
29309,12,13,29311,770
29309,12,13,1,1050
23372,12,13,24855,0
23372,12,13,24485,560
23372,12,13,24115,770
23372,12,13,23745,1050
23372,12,13,23375,1260
30424,12,13,31904,0
30424,12,13,31534,350
30424,12,13,31164,630
30424,12,13,30794,840
30424,12,13,30424,1120
30424,12,13,1,1330
15213,12,13,20763,0
15213,12,13,20393,420
15213,12,13,20023,490
15213,12,13,19653,560
15213,12,13,18913,630
15213,12,13,18543,700
15213,12,13,17803,770
15213,12,13,17433,840
15213,12,13,17063,910
15213,12,13,16323,980
15213,12,13,15953,1050
15213,12,13,15213,1120
15213,12,13,1,1190
19283,12,13,21514,0
19283,12,13,21144,350
19283,12,13,20774,560
19283,12,13,20404,840
19283,12,13,19664,910
19283,12,13,19294,980
19283,12,13,1,1050
19292,12,13,20774,0
19292,12,13,20034,560
19292,12,13,19664,630
19292,12,13,19294,700
19292,12,13,1,770
19654,12,13,21515,0
19654,12,13,21145,420
19654,12,13,20775,630
19654,12,13,20405,910
19654,12,13,19665,980
19654,12,13,1,1050
27456,12,13,28936,0
27456,12,13,28566,420
27456,12,13,28196,700
27456,12,13,27826,910
27456,12,13,27456,1190
27456,12,13,1,1400
19663,12,13,21145,0
19663,12,13,20775,350
19663,12,13,20035,630
19663,12,13,19665,700
19663,12,13,1,770
13726,12,13,14469,0
13726,12,13,14099,350
13726,12,13,1,420
20769,12,13,21518,0
20769,12,13,21148,490
20769,12,13,20778,700
20769,12,13,1,980
31535,12,13,32277,0
31535,12,13,31907,490
31535,12,13,31537,770
31535,12,13,1,980
23742,12,13,25226,0
23742,12,13,24856,560
23742,12,13,24486,770
23742,12,13,24116,1050
23742,12,13,23746,1330
20778,12,13,21888,0
20778,12,13,21518,560
20778,12,13,21148,840
20778,12,13,20778,1050
20778,12,13,1,1330
21890,12,13,22261,0
21890,12,13,21891,560
21890,12,13,1,770
18167,12,13,21141,0
18167,12,13,20771,420
18167,12,13,20401,700
18167,12,13,19661,770
18167,12,13,19291,840
18167,12,13,18921,910
18167,12,13,18181,980
18167,12,13,1,1050
14097,12,13,14840,0
14097,12,13,14470,350
14097,12,13,1,420
25969,12,13,27452,0
25969,12,13,27082,420
25969,12,13,26712,700
25969,12,13,26342,910
25969,12,13,25972,1190
25969,12,13,1,1470
18176,12,13,20401,0
18176,12,13,20031,350
18176,12,13,19291,420
18176,12,13,18921,490
18176,12,13,18181,560
18176,12,13,1,630
17810,12,13,21140,0
17810,12,13,20770,560
17810,12,13,20030,840
17810,12,13,19660,910
17810,12,13,18920,980
17810,12,13,18550,1050
17810,12,13,18180,1120
17810,12,13,1,1190
26340,12,13,27823,0
26340,12,13,27453,420
26340,12,13,27083,700
26340,12,13,26713,910
26340,12,13,26343,1190
26340,12,13,1,1470
15208,12,13,17063,0
15208,12,13,16693,350
15208,12,13,16323,420
15208,12,13,15953,490
15208,12,13,15213,560
15208,12,13,1,630
16314,12,13,18916,0
16314,12,13,18546,350
16314,12,13,18176,420
16314,12,13,17806,490
16314,12,13,17066,560
16314,12,13,16696,630
16314,12,13,1,700
12244,12,13,12985,0
12244,12,13,12615,350
12244,12,13,1,420
19287,12,13,20774,0
19287,12,13,20404,560
19287,12,13,19664,630
19287,12,13,19294,700
19287,12,13,1,770
30053,12,13,31533,0
30053,12,13,31163,350
30053,12,13,30793,630
30053,12,13,30423,840
30053,12,13,30053,1120
30053,12,13,1,1330
22260,12,13,23372,0
22260,12,13,23002,490
22260,12,13,22632,700
22260,12,13,22262,980
22260,12,13,1,1190
16323,12,13,18546,0
16323,12,13,18176,350
16323,12,13,17436,420
16323,12,13,17066,490
16323,12,13,16326,560
16323,12,13,1,630
12615,12,13,13356,0
12615,12,13,12986,350
12615,12,13,1,420
19658,12,13,21145,0
19658,12,13,20775,350
19658,12,13,20035,630
19658,12,13,19665,700
19658,12,13,1,770
24487,12,13,25228,0
24487,12,13,24858,420
24487,12,13,24488,700
24487,12,13,1,910
16694,12,13,18917,0
16694,12,13,18547,350
16694,12,13,17807,420
16694,12,13,17437,490
16694,12,13,16697,560
16694,12,13,1,630
20764,12,13,21888,0
20764,12,13,21518,420
20764,12,13,21148,700
20764,12,13,20778,980
20764,12,13,1,1190
20773,12,13,21148,0
20773,12,13,20778,490
20773,12,13,1,770
20407,12,13,21887,0
20407,12,13,21517,560
20407,12,13,21147,770
20407,12,13,20777,1050
20407,12,13,20407,1260
20407,12,13,1,1330
21885,12,13,22631,0
21885,12,13,22261,560
21885,12,13,21891,840
21885,12,13,1,1050
24858,12,13,25599,0
24858,12,13,25229,420
24858,12,13,24859,630
24858,12,13,1,910
28937,12,13,30050,0
28937,12,13,29680,490
28937,12,13,29310,770
28937,12,13,28940,1050
28937,12,13,1,1260
17805,12,13,20030,0
17805,12,13,19660,350
17805,12,13,18920,420
17805,12,13,18550,490
17805,12,13,17810,560
17805,12,13,1,630
14841,12,13,16692,0
14841,12,13,16322,350
14841,12,13,15952,420
14841,12,13,15212,490
14841,12,13,14842,560
14841,12,13,1,630
23371,12,13,24855,0
23371,12,13,24485,560
23371,12,13,24115,770
23371,12,13,23745,1050
23371,12,13,23375,1330
15203,12,13,19283,0
15203,12,13,18913,350
15203,12,13,18543,420
15203,12,13,17803,490
15203,12,13,17433,560
15203,12,13,16693,630
15203,12,13,16323,700
15203,12,13,15953,770
15203,12,13,15213,840
15203,12,13,1,910
15212,12,13,17063,0
15212,12,13,16693,350
15212,12,13,16323,420
15212,12,13,15583,490
15212,12,13,15213,560
15212,12,13,1,630
19282,12,13,21144,0
19282,12,13,20774,420
19282,12,13,20404,630
19282,12,13,20034,700
19282,12,13,19664,770
19282,12,13,1,840
16318,12,13,19656,0
16318,12,13,19286,350
16318,12,13,18916,420
16318,12,13,18176,490
16318,12,13,17806,560
16318,12,13,17066,630
16318,12,13,16696,700
16318,12,13,16326,770
16318,12,13,1,840
19291,12,13,20774,0
19291,12,13,20404,560
19291,12,13,19664,630
19291,12,13,19294,700
19291,12,13,1,770
27455,12,13,27826,0
27455,12,13,27456,560
27455,12,13,1,840
16689,12,13,20027,0
16689,12,13,19657,350
16689,12,13,19287,420
16689,12,13,18547,490
16689,12,13,18177,560
16689,12,13,17437,630
16689,12,13,17067,700
16689,12,13,16697,770
16689,12,13,1,840
13725,12,13,14099,0
13725,12,13,13729,350
13725,12,13,1,420
31534,12,13,32647,0
31534,12,13,32277,490
31534,12,13,31907,700
31534,12,13,31537,980
31534,12,13,1,1190
20402,12,13,21147,0
20402,12,13,20777,490
20402,12,13,20407,700
20402,12,13,1,770
21889,12,13,23001,0
21889,12,13,22631,350
21889,12,13,22261,560
21889,12,13,21891,840
21889,12,13,1,1120
25968,12,13,27452,0
25968,12,13,27082,420
25968,12,13,26712,700
25968,12,13,26342,980
25968,12,13,25972,1190
25968,12,13,1,1470
14836,12,13,16692,0
14836,12,13,16322,350
14836,12,13,15952,420
14836,12,13,15582,490
14836,12,13,14842,560
14836,12,13,1,630
17809,12,13,19660,0
17809,12,13,19290,350
17809,12,13,18920,420
17809,12,13,18180,490
17809,12,13,17810,560
17809,12,13,1,630
23375,12,13,24855,0
23375,12,13,24485,490
23375,12,13,24115,770
23375,12,13,23745,980
23375,12,13,23375,1260
23375,12,13,1,1470
15207,12,13,17063,0
15207,12,13,16693,350
15207,12,13,16323,420
15207,12,13,15953,490
15207,12,13,15213,560
15207,12,13,1,630
30052,12,13,30423,0
30052,12,13,30053,560
30052,12,13,1,770
19286,12,13,21144,0
19286,12,13,20774,490
19286,12,13,20034,770
19286,12,13,19664,840
19286,12,13,1,910
16322,12,13,18176,0
16322,12,13,17806,350
16322,12,13,17436,420
16322,12,13,16696,490
16322,12,13,16326,560
16322,12,13,1,630
24486,12,13,25598,0
24486,12,13,25228,490
24486,12,13,24858,700
24486,12,13,24488,980
24486,12,13,1,1190
20397,12,13,21517,0
20397,12,13,21147,490
20397,12,13,20777,770
20397,12,13,1,1050
17433,12,13,19289,0
17433,12,13,18919,350
17433,12,13,18549,420
17433,12,13,18179,490
17433,12,13,17439,560
17433,12,13,1,630
20406,12,13,21147,0
20406,12,13,20777,420
20406,12,13,20407,700
20406,12,13,1,770
21884,12,13,22631,0
21884,12,13,22261,490
21884,12,13,21891,770
21884,12,13,1,980
24857,12,13,25969,0
24857,12,13,25599,420
24857,12,13,25229,700
24857,12,13,24859,980
24857,12,13,1,1190
25972,12,13,27452,0
25972,12,13,27082,490
25972,12,13,26712,770
25972,12,13,26342,980
25972,12,13,25972,1260
25972,12,13,1,1470
17804,12,13,20030,0
17804,12,13,19660,350
17804,12,13,18920,420
17804,12,13,18550,490
17804,12,13,17810,560
17804,12,13,1,630
14840,12,13,16692,0
14840,12,13,16322,350
14840,12,13,15952,420
14840,12,13,15212,490
14840,12,13,14842,560
14840,12,13,1,630
23004,12,13,24484,0
23004,12,13,24114,490
23004,12,13,23744,770
23004,12,13,23374,980
23004,12,13,23004,1260
23004,12,13,1,1470
15211,12,13,17063,0
15211,12,13,16693,350
15211,12,13,16323,420
15211,12,13,15583,490
15211,12,13,15213,560
15211,12,13,1,630
19281,12,13,21144,0
19281,12,13,20774,420
19281,12,13,20404,630
19281,12,13,20034,700
19281,12,13,19664,770
19281,12,13,1,840
27083,12,13,28195,0
27083,12,13,27825,420
27083,12,13,27455,700
27083,12,13,27085,910
27083,12,13,1,1190
16326,12,13,21136,0
16326,12,13,20766,350
16326,12,13,20026,630
16326,12,13,19656,700
16326,12,13,18916,770
16326,12,13,18546,840
16326,12,13,18176,910
16326,12,13,17436,980
16326,12,13,17066,1050
16326,12,13,16326,1120
16326,12,13,1,1190
18915,12,13,21143,0
18915,12,13,20773,350
18915,12,13,20403,630
18915,12,13,19663,700
18915,12,13,19293,770
18915,12,13,1,840
27454,12,13,28566,0
27454,12,13,28196,350
27454,12,13,27826,630
27454,12,13,27456,840
27454,12,13,1,1120
13358,12,13,18168,0
13358,12,13,17798,350
13358,12,13,17428,420
13358,12,13,16688,490
13358,12,13,16318,560
13358,12,13,15578,630
13358,12,13,15208,700
13358,12,13,14838,770
13358,12,13,14098,840
13358,12,13,13728,910
13358,12,13,1,980
17428,12,13,20769,0
17428,12,13,20029,490
17428,12,13,19659,560
17428,12,13,18919,630
17428,12,13,18549,700
17428,12,13,18179,770
17428,12,13,17439,840
17428,12,13,1,910
20401,12,13,21147,0
20401,12,13,20777,490
20401,12,13,20407,700
20401,12,13,1,770
17437,12,13,19289,0
17437,12,13,18919,350
17437,12,13,18549,420
17437,12,13,17809,490
17437,12,13,17439,560
17437,12,13,1,630
21888,12,13,23001,0
21888,12,13,22631,490
21888,12,13,22261,700
21888,12,13,21891,980
21888,12,13,1,1190
28565,12,13,29679,0
28565,12,13,29309,560
28565,12,13,28939,770
28565,12,13,28569,1050
28565,12,13,1,1260
17799,12,13,20770,0
17799,12,13,20400,490
17799,12,13,20030,560
17799,12,13,19290,630
17799,12,13,18920,700
17799,12,13,18550,770
17799,12,13,17810,840
17799,12,13,1,910
14835,12,13,16692,0
14835,12,13,16322,350
14835,12,13,15952,420
14835,12,13,15582,490
14835,12,13,14842,560
14835,12,13,1,630
25601,12,13,27081,0
25601,12,13,26711,490
25601,12,13,26341,700
25601,12,13,25971,980
25601,12,13,25601,1260
25601,12,13,1,1470
17808,12,13,19660,0
17808,12,13,19290,350
17808,12,13,18920,420
17808,12,13,18550,490
17808,12,13,17810,560
17808,12,13,1,630
29680,12,13,30422,0
29680,12,13,30052,560
29680,12,13,29682,840
29680,12,13,1,1050
20035,12,13,21146,0
20035,12,13,20776,420
20035,12,13,20406,630
20035,12,13,20036,700
20035,12,13,1,770
30051,12,13,30793,0
30051,12,13,30423,560
30051,12,13,30053,840
30051,12,13,1,1050
18910,12,13,20773,0
18910,12,13,20033,560
18910,12,13,19663,630
18910,12,13,19293,700
18910,12,13,1,770
18919,12,13,20773,0
18919,12,13,20403,420
18919,12,13,20033,490
18919,12,13,19293,560
18919,12,13,18923,630
18919,12,13,1,700
31163,12,13,32276,0
31163,12,13,31906,490
31163,12,13,31536,770
31163,12,13,31166,980
31163,12,13,1,1260
15955,12,13,20765,0
15955,12,13,20395,560
15955,12,13,19655,630
15955,12,13,19285,700
15955,12,13,18545,770
15955,12,13,18175,840
15955,12,13,17805,910
15955,12,13,17065,980
15955,12,13,16695,1050
15955,12,13,15955,1120
15955,12,13,1,1190
24485,12,13,25968,0
24485,12,13,25598,490
24485,12,13,25228,770
24485,12,13,24858,980
24485,12,13,24488,1260
13353,12,13,14098,0
13353,12,13,13728,350
13353,12,13,1,420
20396,12,13,21517,0
20396,12,13,21147,490
20396,12,13,20777,770
20396,12,13,1,1050
17432,12,13,19289,0
17432,12,13,18919,350
17432,12,13,18549,420
17432,12,13,18179,490
17432,12,13,17439,560
17432,12,13,1,630
28198,12,13,29678,0
28198,12,13,29308,350
28198,12,13,28938,630
28198,12,13,28568,840
28198,12,13,28198,1120
28198,12,13,1,1330
20405,12,13,21147,0
20405,12,13,20777,490
20405,12,13,20407,700
20405,12,13,1,770
21517,12,13,22630,0
21517,12,13,22260,350
21517,12,13,21890,630
21517,12,13,21520,840
21517,12,13,1,1120
28569,12,13,30049,0
28569,12,13,29679,350
28569,12,13,29309,630
28569,12,13,28939,840
28569,12,13,28569,1120
28569,12,13,1,1330
22632,12,13,23373,0
22632,12,13,23003,420
22632,12,13,22633,700
22632,12,13,1,910
20030,12,13,21146,0
20030,12,13,20776,420
20030,12,13,20406,630
20030,12,13,20036,700
20030,12,13,1,770
23003,12,13,23744,0
23003,12,13,23374,420
23003,12,13,23004,700
23003,12,13,1,910
27082,12,13,28565,0
27082,12,13,28195,420
27082,12,13,27825,630
27082,12,13,27455,910
27082,12,13,27085,1120
27082,12,13,1,1400
18914,12,13,21143,0
18914,12,13,20773,350
18914,12,13,20403,630
18914,12,13,19663,700
18914,12,13,19293,770
18914,12,13,1,840
15950,12,13,17805,0
15950,12,13,17435,350
15950,12,13,17065,420
15950,12,13,16695,490
15950,12,13,15955,560
15950,12,13,1,630
18923,12,13,21513,0
18923,12,13,21143,490
18923,12,13,20773,770
18923,12,13,20403,980
18923,12,13,20033,1050
18923,12,13,19663,1120
18923,12,13,18923,1190
18923,12,13,1,1260
12986,12,13,13727,0
12986,12,13,13357,350
12986,12,13,1,420
24114,12,13,25597,0
24114,12,13,25227,490
24114,12,13,24857,770
24114,12,13,24487,980
24114,12,13,24117,1260
13357,12,13,13728,0
13357,12,13,13358,350
13357,12,13,1,420
20400,12,13,21147,0
20400,12,13,20777,490
20400,12,13,20407,700
20400,12,13,1,770
25229,12,13,25970,0
25229,12,13,25600,420
25229,12,13,25230,630
25229,12,13,1,910
17436,12,13,19659,0
17436,12,13,19289,350
17436,12,13,18549,420
17436,12,13,18179,490
17436,12,13,17439,560
17436,12,13,1,630
21512,12,13,22630,0
21512,12,13,22260,490
21512,12,13,21890,770
21512,12,13,21520,980
21512,12,13,1,1260
18548,12,13,20402,0
18548,12,13,20032,350
18548,12,13,19662,420
18548,12,13,19292,490
18548,12,13,18552,560
18548,12,13,1,630
25600,12,13,26341,0
25600,12,13,25971,420
25600,12,13,25601,630
25600,12,13,1,910
14834,12,13,18172,0
14834,12,13,17802,350
14834,12,13,17432,420
14834,12,13,16692,490
14834,12,13,16322,560
14834,12,13,15582,630
14834,12,13,15212,700
14834,12,13,14842,770
14834,12,13,1,840
29679,12,13,30792,0
29679,12,13,30422,560
29679,12,13,30052,770
29679,12,13,29682,1050
29679,12,13,1,1260
20025,12,13,21516,0
20025,12,13,21146,420
20025,12,13,20776,700
20025,12,13,20036,980
20025,12,13,1,1050
30791,12,13,31905,0
30791,12,13,31535,560
30791,12,13,31165,770
30791,12,13,30795,1050
30791,12,13,1,1330
20034,12,13,21146,0
20034,12,13,20776,420
20034,12,13,20406,630
20034,12,13,20036,700
20034,12,13,1,770
15945,12,13,20025,0
15945,12,13,19655,350
15945,12,13,19285,420
15945,12,13,18545,490
15945,12,13,18175,560
15945,12,13,17435,630
15945,12,13,17065,700
15945,12,13,16695,770
15945,12,13,15955,840
15945,12,13,1,910
26711,12,13,28194,0
26711,12,13,27824,420
26711,12,13,27454,630
26711,12,13,27084,910
26711,12,13,26714,1120
26711,12,13,1,1400
18918,12,13,20773,0
18918,12,13,20403,420
18918,12,13,20033,490
18918,12,13,19293,560
18918,12,13,18923,630
18918,12,13,1,700
31162,12,13,32276,0
31162,12,13,31906,560
31162,12,13,31536,770
31162,12,13,31166,1050
31162,12,13,1,1260
15954,12,13,17805,0
15954,12,13,17435,350
15954,12,13,17065,420
15954,12,13,16325,490
15954,12,13,15955,560
15954,12,13,1,630
21145,12,13,21889,0
21145,12,13,21519,490
21145,12,13,21149,770
21145,12,13,1,980
28197,12,13,28568,0
28197,12,13,28198,560
28197,12,13,1,770
17431,12,13,20769,0
17431,12,13,20399,350
17431,12,13,20029,420
17431,12,13,19289,490
17431,12,13,18919,560
17431,12,13,18179,630
17431,12,13,17809,700
17431,12,13,17439,770
17431,12,13,1,840
18543,12,13,20772,0
18543,12,13,20402,490
18543,12,13,20032,560
18543,12,13,19662,630
18543,12,13,18922,700
18543,12,13,18552,770
18543,12,13,1,840
21516,12,13,22260,0
21516,12,13,21890,420
21516,12,13,21520,700
21516,12,13,1,910
15579,12,13,17434,0
15579,12,13,17064,350
15579,12,13,16694,420
15579,12,13,16324,490
15579,12,13,15584,560
15579,12,13,1,630
18552,12,13,21512,0
18552,12,13,21142,420
18552,12,13,20772,630
18552,12,13,20402,910
18552,12,13,19662,980
18552,12,13,19292,1050
18552,12,13,18922,1120
18552,12,13,1,1190
22631,12,13,23743,0
22631,12,13,23373,490
22631,12,13,23003,700
22631,12,13,22633,980
22631,12,13,1,1190
14463,12,13,16321,0
14463,12,13,15951,350
14463,12,13,15581,420
14463,12,13,14841,490
14463,12,13,14471,560
14463,12,13,1,630
20029,12,13,21146,0
20029,12,13,20776,420
20029,12,13,20406,630
20029,12,13,20036,700
20029,12,13,1,770
30795,12,13,32275,0
30795,12,13,31905,350
30795,12,13,31535,630
30795,12,13,31165,840
30795,12,13,30795,1120
30795,12,13,1,1330
18913,12,13,21143,0
18913,12,13,20773,490
18913,12,13,20403,700
18913,12,13,20033,770
18913,12,13,19293,840
18913,12,13,18923,910
18913,12,13,1,980
15949,12,13,17805,0
15949,12,13,17435,350
15949,12,13,17065,420
15949,12,13,16695,490
15949,12,13,15955,560
15949,12,13,1,630
12985,12,13,13727,0
12985,12,13,13357,350
12985,12,13,1,420
21140,12,13,21889,0
21140,12,13,21519,420
21140,12,13,21149,630
21140,12,13,1,910
24113,12,13,25597,0
24113,12,13,25227,490
24113,12,13,24857,770
24113,12,13,24487,980
24113,12,13,24117,1260
21149,12,13,22629,0
21149,12,13,22259,350
21149,12,13,21889,630
21149,12,13,21519,840
21149,12,13,21149,1120
21149,12,13,1,1330
25228,12,13,26340,0
25228,12,13,25970,420
25228,12,13,25600,700
25228,12,13,25230,910
25228,12,13,1,1190
21511,12,13,22630,0
21511,12,13,22260,350
21511,12,13,21890,560
21511,12,13,21520,840
21511,12,13,1,1120
18547,12,13,20772,0
18547,12,13,20402,350
18547,12,13,19662,420
18547,12,13,19292,490
18547,12,13,18552,560
18547,12,13,1,630
21520,12,13,23000,0
21520,12,13,22630,350
21520,12,13,22260,630
21520,12,13,21890,840
21520,12,13,21520,1120
21520,12,13,1,1330
15583,12,13,17434,0
15583,12,13,17064,350
15583,12,13,16694,420
15583,12,13,15954,490
15583,12,13,15584,560
15583,12,13,1,630
14467,12,13,14841,0
14467,12,13,14471,350
14467,12,13,1,420
11503,12,13,17053,0
11503,12,13,16683,350
11503,12,13,15943,420
11503,12,13,15573,490
11503,12,13,15203,560
11503,12,13,14463,630
11503,12,13,14093,700
11503,12,13,13353,770
11503,12,13,12983,840
11503,12,13,12613,910
11503,12,13,11873,980
11503,12,13,11503,1050
11503,12,13,1,1120
20024,12,13,21146,0
20024,12,13,20776,560
20024,12,13,20406,770
20024,12,13,20036,840
20024,12,13,1,910
27826,12,13,28197,0
27826,12,13,27827,560
27826,12,13,1,840
11874,12,13,17424,0
11874,12,13,17054,350
11874,12,13,16314,420
11874,12,13,15944,490
11874,12,13,15204,560
11874,12,13,14834,630
11874,12,13,14464,700
11874,12,13,13724,770
11874,12,13,13354,840
11874,12,13,12614,910
11874,12,13,12244,980
11874,12,13,11874,1050
11874,12,13,1,1120
26710,12,13,28194,0
26710,12,13,27824,420
26710,12,13,27454,630
26710,12,13,27084,910
26710,12,13,26714,1120
26710,12,13,1,1400
15944,12,13,20025,0
15944,12,13,19655,350
15944,12,13,19285,420
15944,12,13,18545,490
15944,12,13,18175,560
15944,12,13,17435,630
15944,12,13,17065,700
15944,12,13,16695,770
15944,12,13,15955,840
15944,12,13,1,910
23746,12,13,25226,0
23746,12,13,24856,490
23746,12,13,24486,770
23746,12,13,24116,980
23746,12,13,23746,1260
23746,12,13,1,1470
17065,12,13,19288,0
17065,12,13,18918,350
17065,12,13,18178,420
17065,12,13,17808,490
17065,12,13,17068,560
17065,12,13,1,630
21144,12,13,21889,0
21144,12,13,21519,490
21144,12,13,21149,770
21144,12,13,1,980
24117,12,13,25597,0
24117,12,13,25227,490
24117,12,13,24857,770
24117,12,13,24487,980
24117,12,13,24117,1260
24117,12,13,1,1470
18180,12,13,20031,0
18180,12,13,19661,350
18180,12,13,19291,420
18180,12,13,18921,490
18180,12,13,18181,560
18180,12,13,1,630
28196,12,13,28938,0
28196,12,13,28568,560
28196,12,13,28198,770
28196,12,13,1,1050
18542,12,13,21142,0
18542,12,13,20772,350
18542,12,13,20402,630
18542,12,13,19662,700
18542,12,13,19292,770
18542,12,13,18552,840
18542,12,13,1,910
29308,12,13,30421,0
29308,12,13,30051,490
29308,12,13,29681,770
29308,12,13,29311,1050
29308,12,13,1,1260
21515,12,13,22260,0
21515,12,13,21890,420
21515,12,13,21520,700
21515,12,13,1,910
15578,12,13,17434,0
15578,12,13,17064,350
15578,12,13,16694,420
15578,12,13,16324,490
15578,12,13,15584,560
15578,12,13,1,630
18551,12,13,20402,0
18551,12,13,20032,350
18551,12,13,19662,420
18551,12,13,19292,490
18551,12,13,18552,560
18551,12,13,1,630
30423,12,13,30794,0
30423,12,13,30424,560
30423,12,13,1,770
22630,12,13,24113,0
22630,12,13,23743,560
22630,12,13,23373,770
22630,12,13,23003,1050
22630,12,13,22633,1260
14471,12,13,19281,0
14471,12,13,18911,350
14471,12,13,18541,420
14471,12,13,17801,490
14471,12,13,17431,560
14471,12,13,16691,630
14471,12,13,16321,700
14471,12,13,15951,770
14471,12,13,15211,840
14471,12,13,14841,910
14471,12,13,1,980
30794,12,13,31165,0
30794,12,13,30795,560
30794,12,13,1,770
19653,12,13,21145,0
19653,12,13,20775,490
19653,12,13,20405,700
19653,12,13,20035,770
19653,12,13,19665,840
19653,12,13,1,910
19662,12,13,21145,0
19662,12,13,20775,350
19662,12,13,20405,630
19662,12,13,19665,700
19662,12,13,1,770
20768,12,13,21518,0
20768,12,13,21148,560
20768,12,13,20778,840
20768,12,13,1,1050
26714,12,13,28194,0
26714,12,13,27824,490
26714,12,13,27454,700
26714,12,13,27084,980
26714,12,13,26714,1260
26714,12,13,1,1470
20777,12,13,21148,0
20777,12,13,20778,490
20777,12,13,1,770
12984,12,13,13727,0
12984,12,13,13357,350
12984,12,13,12987,420
12984,12,13,1,490
17060,12,13,20398,0
17060,12,13,20028,350
17060,12,13,19658,420
17060,12,13,18918,490
17060,12,13,18548,560
17060,12,13,17808,630
17060,12,13,17438,700
17060,12,13,17068,770
17060,12,13,1,840
14096,12,13,14470,0
14096,12,13,14100,350
14096,12,13,1,420
21139,12,13,22259,0
21139,12,13,21889,490
21139,12,13,21519,700
21139,12,13,21149,980
21139,12,13,1,1190
31905,12,13,33018,0
31905,12,13,32648,490
31905,12,13,32278,700
31905,12,13,31908,980
31905,12,13,1,1190
18175,12,13,20401,0
18175,12,13,20031,350
18175,12,13,19291,420
18175,12,13,18921,490
18175,12,13,18181,560
18175,12,13,1,630
21148,12,13,21519,0
21148,12,13,21149,560
21148,12,13,1,770
25227,12,13,26710,0
25227,12,13,26340,490
25227,12,13,25970,700
25227,12,13,25600,980
25227,12,13,25230,1260
25227,12,13,1,1470
26339,12,13,27823,0
26339,12,13,27453,420
26339,12,13,27083,700
26339,12,13,26713,980
26339,12,13,26343,1190
26339,12,13,1,1470
15573,12,13,19654,0
15573,12,13,19284,350
15573,12,13,18914,420
15573,12,13,18174,490
15573,12,13,17804,560
15573,12,13,17064,630
15573,12,13,16694,700
15573,12,13,16324,770
15573,12,13,15584,840
15573,12,13,1,910
18546,12,13,20772,0
18546,12,13,20402,350
18546,12,13,19662,420
18546,12,13,19292,490
18546,12,13,18552,560
18546,12,13,1,630
15582,12,13,17434,0
15582,12,13,17064,350
15582,12,13,16694,420
15582,12,13,15954,490
15582,12,13,15584,560
15582,12,13,1,630
22259,12,13,23742,0
22259,12,13,23372,560
22259,12,13,23002,770
22259,12,13,22632,1050
22259,12,13,22262,1260
27825,12,13,28937,0
27825,12,13,28567,350
27825,12,13,28197,630
27825,12,13,27827,840
27825,12,13,1,1120
12614,12,13,13356,0
12614,12,13,12986,350
12614,12,13,1,420
19657,12,13,21145,0
19657,12,13,20775,560
19657,12,13,20035,840
19657,12,13,19665,910
19657,12,13,1,980
16693,12,13,18547,0
16693,12,13,18177,350
16693,12,13,17807,420
16693,12,13,17067,490
16693,12,13,16697,560
16693,12,13,1,630
20763,12,13,21888,0
20763,12,13,21518,420
20763,12,13,21148,700
20763,12,13,20778,980
20763,12,13,1,1190
13729,12,13,18539,0
13729,12,13,18169,350
13729,12,13,17799,420
13729,12,13,17059,490
13729,12,13,16689,560
13729,12,13,15949,630
13729,12,13,15579,700
13729,12,13,15209,770
13729,12,13,14469,840
13729,12,13,14099,910
13729,12,13,1,980
20772,12,13,21148,0
20772,12,13,20778,490
20772,12,13,1,770
23745,12,13,24486,0
23745,12,13,24116,420
23745,12,13,23746,700
23745,12,13,1,910
17055,12,13,19658,0
17055,12,13,19288,350
17055,12,13,18918,420
17055,12,13,18548,490
17055,12,13,17808,560
17055,12,13,17438,630
17055,12,13,1,700
17064,12,13,18918,0
17064,12,13,18548,350
17064,12,13,18178,420
17064,12,13,17438,490
17064,12,13,17068,560
17064,12,13,1,630
14100,12,13,18910,0
14100,12,13,18540,350
14100,12,13,18170,420
14100,12,13,17430,490
14100,12,13,17060,560
14100,12,13,16320,630
14100,12,13,15950,700
14100,12,13,15580,770
14100,12,13,14840,840
14100,12,13,14470,910
14100,12,13,1,980
28936,12,13,30050,0
28936,12,13,29680,560
28936,12,13,29310,770
28936,12,13,28940,1050
28936,12,13,1,1260
21143,12,13,22259,0
21143,12,13,21889,350
21143,12,13,21519,560
21143,12,13,21149,840
21143,12,13,1,1120
18170,12,13,20771,0
18170,12,13,20401,560
18170,12,13,19661,630
18170,12,13,19291,700
18170,12,13,18921,770
18170,12,13,18181,840
18170,12,13,1,910
18179,12,13,20031,0
18179,12,13,19661,350
18179,12,13,19291,420
18179,12,13,18921,490
18179,12,13,18181,560
18179,12,13,1,630
29307,12,13,30421,0
29307,12,13,30051,560
29307,12,13,29681,770
29307,12,13,29311,1050
29307,12,13,1,1260
15577,12,13,17434,0
15577,12,13,17064,350
15577,12,13,16694,420
15577,12,13,16324,490
15577,12,13,15584,560
15577,12,13,1,630
26343,12,13,27823,0
26343,12,13,27453,490
26343,12,13,27083,770
26343,12,13,26713,980
26343,12,13,26343,1260
26343,12,13,1,1470
30422,12,13,31164,0
30422,12,13,30794,560
30422,12,13,30424,840
30422,12,13,1,1050
19290,12,13,20774,0
19290,12,13,20034,560
19290,12,13,19664,630
19290,12,13,19294,700
19290,12,13,1,770
19652,12,13,21145,0
19652,12,13,20775,490
19652,12,13,20405,700
19652,12,13,20035,770
19652,12,13,19665,840
19652,12,13,1,910
16688,12,13,20027,0
16688,12,13,19657,350
16688,12,13,19287,420
16688,12,13,18547,490
16688,12,13,18177,560
16688,12,13,17437,630
16688,12,13,17067,700
16688,12,13,16697,770
16688,12,13,1,840
19661,12,13,21145,0
19661,12,13,20775,350
19661,12,13,20035,630
19661,12,13,19665,700
19661,12,13,1,770
13724,12,13,14469,0
13724,12,13,14099,350
13724,12,13,1,420
16697,12,13,21137,0
16697,12,13,20767,420
16697,12,13,20397,630
16697,12,13,20027,700
16697,12,13,19287,770
16697,12,13,18917,840
16697,12,13,18547,910
16697,12,13,17807,980
16697,12,13,17437,1050
16697,12,13,16697,1120
16697,12,13,1,1190
20767,12,13,21518,0
20767,12,13,21148,560
20767,12,13,20778,840
20767,12,13,1,1050
20776,12,13,21148,0
20776,12,13,20778,490
20776,12,13,1,770
17059,12,13,20398,0
17059,12,13,20028,350
17059,12,13,19658,420
17059,12,13,18918,490
17059,12,13,18548,560
17059,12,13,17808,630
17059,12,13,17438,700
17059,12,13,17068,770
17059,12,13,1,840
21138,12,13,22259,0
21138,12,13,21889,490
21138,12,13,21519,700
21138,12,13,21149,980
21138,12,13,1,1190
28940,12,13,30420,0
28940,12,13,30050,350
28940,12,13,29680,630
28940,12,13,29310,840
28940,12,13,28940,1120
28940,12,13,1,1330
18174,12,13,20401,0
18174,12,13,20031,350
18174,12,13,19291,420
18174,12,13,18921,490
18174,12,13,18181,560
18174,12,13,1,630
29311,12,13,30791,0
29311,12,13,30421,350
29311,12,13,30051,630
29311,12,13,29681,840
29311,12,13,29311,1120
29311,12,13,1,1330
23374,12,13,24115,0
23374,12,13,23745,420
23374,12,13,23375,700
23374,12,13,1,910
15206,12,13,17063,0
15206,12,13,16693,350
15206,12,13,16323,420
15206,12,13,15953,490
15206,12,13,15213,560
15206,12,13,1,630
19285,12,13,21144,0
19285,12,13,20774,490
19285,12,13,20034,770
19285,12,13,19664,840
19285,12,13,1,910
16321,12,13,18176,0
16321,12,13,17806,350
16321,12,13,17436,420
16321,12,13,17066,490
16321,12,13,16326,560
16321,12,13,1,630
19294,12,13,21884,0
19294,12,13,21514,350
19294,12,13,21144,630
19294,12,13,20774,840
19294,12,13,20404,1120
19294,12,13,19664,1190
19294,12,13,19294,1260
19294,12,13,1,1330
16683,12,13,20767,0
16683,12,13,20397,490
16683,12,13,19657,560
16683,12,13,19287,630
16683,12,13,18917,700
16683,12,13,18177,770
16683,12,13,17807,840
16683,12,13,17067,910
16683,12,13,16697,980
16683,12,13,1,1050
12613,12,13,13356,0
12613,12,13,12986,350
12613,12,13,12616,420
12613,12,13,1,490
19656,12,13,21145,0
19656,12,13,20775,560
19656,12,13,20035,840
19656,12,13,19665,910
19656,12,13,1,980
16692,12,13,18547,0
16692,12,13,18177,350
16692,12,13,17807,420
16692,12,13,17437,490
16692,12,13,16697,560
16692,12,13,1,630
20762,12,13,21888,0
20762,12,13,21518,490
20762,12,13,21148,700
20762,12,13,20778,980
20762,12,13,1,1190
19665,12,13,21885,0
19665,12,13,21515,420
19665,12,13,21145,700
19665,12,13,20775,910
19665,12,13,20405,1190
19665,12,13,19665,1260
19665,12,13,1,1330
13728,12,13,14099,0
13728,12,13,13729,350
13728,12,13,1,420
20771,12,13,21148,0
20771,12,13,20778,490
20771,12,13,1,770
17054,12,13,20768,0
17054,12,13,20028,560
17054,12,13,19658,630
17054,12,13,19288,700
17054,12,13,18548,770
17054,12,13,18178,840
17054,12,13,17438,910
17054,12,13,17068,980
17054,12,13,1,1050
24856,12,13,26339,0
24856,12,13,25969,490
24856,12,13,25599,770
24856,12,13,25229,980
24856,12,13,24859,1260
24856,12,13,1,1470
14099,12,13,14470,0
14099,12,13,14100,350
14099,12,13,1,420
18169,12,13,20771,0
18169,12,13,20031,420
18169,12,13,19661,490
18169,12,13,18921,560
18169,12,13,18551,630
18169,12,13,18181,700
18169,12,13,1,770
25971,12,13,26712,0
25971,12,13,26342,420
25971,12,13,25972,630
25971,12,13,1,910
17803,12,13,20030,0
17803,12,13,19660,350
17803,12,13,18920,420
17803,12,13,18550,490
17803,12,13,17810,560
17803,12,13,1,630
26342,12,13,27083,0
26342,12,13,26713,420
26342,12,13,26343,630
26342,12,13,1,910
16316,12,13,20396,0
16316,12,13,20026,350
16316,12,13,19656,420
16316,12,13,18916,490
16316,12,13,18546,560
16316,12,13,17806,630
16316,12,13,17436,700
16316,12,13,17066,770
16316,12,13,16326,840
16316,12,13,1,910
19289,12,13,20774,0
19289,12,13,20404,560
19289,12,13,19664,630
19289,12,13,19294,700
19289,12,13,1,770
22262,12,13,23742,0
22262,12,13,23372,490
22262,12,13,23002,770
22262,12,13,22632,980
22262,12,13,22262,1260
22262,12,13,1,1470
16325,12,13,18176,0
16325,12,13,17806,350
16325,12,13,17436,420
16325,12,13,16696,490
16325,12,13,16326,560
16325,12,13,1,630
16687,12,13,20767,0
16687,12,13,20397,350
16687,12,13,20027,420
16687,12,13,19287,490
16687,12,13,18917,560
16687,12,13,18177,630
16687,12,13,17807,700
16687,12,13,17437,770
16687,12,13,16697,840
16687,12,13,1,910
27453,12,13,28566,0
27453,12,13,28196,560
27453,12,13,27826,840
27453,12,13,27456,1050
27453,12,13,1,1330
16696,12,13,18547,0
16696,12,13,18177,350
16696,12,13,17807,420
16696,12,13,17067,490
16696,12,13,16697,560
16696,12,13,1,630
20766,12,13,21518,0
20766,12,13,21148,420
20766,12,13,20778,630
20766,12,13,1,910
1,13,14,1,0
21887,13,14,23001,0
21887,13,14,22631,490
21887,13,14,22261,700
21887,13,14,21891,980
21887,13,14,1,1260
28939,13,14,29310,0
28939,13,14,28940,560
28939,13,14,1,770
17798,13,14,20400,0
17798,13,14,20030,350
17798,13,14,19660,420
17798,13,14,19290,490
17798,13,14,18550,560
17798,13,14,18180,630
17798,13,14,1,700
17807,13,14,20030,0
17807,13,14,19660,350
17807,13,14,18920,420
17807,13,14,18550,490
17807,13,14,18180,560
17807,13,14,1,630
23373,13,14,24485,0
23373,13,14,24115,490
23373,13,14,23745,700
23373,13,14,23375,980
23373,13,14,1,1260
15205,13,14,18543,0
15205,13,14,18173,350
15205,13,14,17803,420
15205,13,14,17063,490
15205,13,14,16693,560
15205,13,14,15953,630
15205,13,14,15583,700
15205,13,14,15213,770
15205,13,14,1,840
19284,13,14,21514,0
19284,13,14,21144,350
19284,13,14,20774,560
19284,13,14,20404,840
19284,13,14,19664,910
19284,13,14,19294,980
19284,13,14,1,1050
30050,13,14,31163,0
30050,13,14,30793,560
30050,13,14,30423,770
30050,13,14,30053,1050
30050,13,14,1,1260
16320,13,14,18176,0
16320,13,14,17806,350
16320,13,14,17436,420
16320,13,14,17066,490
16320,13,14,16326,560
16320,13,14,1,630
19293,13,14,20774,0
19293,13,14,20034,560
19293,13,14,19664,630
19293,13,14,19294,700
19293,13,14,1,770
24484,13,14,25968,0
24484,13,14,25598,490
24484,13,14,25228,770
24484,13,14,24858,980
24484,13,14,24488,1260
13727,13,14,14099,0
13727,13,14,13729,350
13727,13,14,1,420
31536,13,14,31907,0
31536,13,14,31537,490
31536,13,14,1,700
20395,13,14,21517,0
20395,13,14,21147,350
20395,13,14,20777,560
20395,13,14,20407,840
20395,13,14,1,910
20404,13,14,21147,0
20404,13,14,20777,490
20404,13,14,20407,700
20404,13,14,1,770
32648,13,14,33390,0
32648,13,14,33020,490
32648,13,14,32650,770
32648,13,14,1,980
24855,13,14,26339,0
24855,13,14,25969,490
24855,13,14,25599,770
24855,13,14,25229,980
24855,13,14,24859,1260
21891,13,14,23371,0
21891,13,14,23001,350
21891,13,14,22631,630
21891,13,14,22261,840
21891,13,14,21891,1120
21891,13,14,1,1330
25970,13,14,27082,0
25970,13,14,26712,420
25970,13,14,26342,700
25970,13,14,25972,910
25970,13,14,1,1190
28568,13,14,28939,0
28568,13,14,28569,560
28568,13,14,1,770
17802,13,14,20770,0
17802,13,14,20400,420
17802,13,14,19660,490
17802,13,14,19290,560
17802,13,14,18550,630
17802,13,14,18180,700
17802,13,14,17810,770
17802,13,14,1,840
14838,13,14,16692,0
14838,13,14,16322,350
14838,13,14,15952,420
14838,13,14,15212,490
14838,13,14,14842,560
14838,13,14,1,630
23002,13,14,24114,0
23002,13,14,23744,490
23002,13,14,23374,700
23002,13,14,23004,980
23002,13,14,1,1260
15209,13,14,17063,0
15209,13,14,16693,350
15209,13,14,16323,420
15209,13,14,15583,490
15209,13,14,15213,560
15209,13,14,1,630
16315,13,14,20396,0
16315,13,14,20026,350
16315,13,14,19656,420
16315,13,14,18916,490
16315,13,14,18546,560
16315,13,14,17806,630
16315,13,14,17436,700
16315,13,14,17066,770
16315,13,14,16326,840
16315,13,14,1,910
12245,13,14,17425,0
12245,13,14,17055,350
12245,13,14,16315,420
12245,13,14,15945,490
12245,13,14,15205,560
12245,13,14,14835,630
12245,13,14,14465,700
12245,13,14,13725,770
12245,13,14,13355,840
12245,13,14,12615,910
12245,13,14,12245,980
12245,13,14,1,1050
27081,13,14,28565,0
27081,13,14,28195,420
27081,13,14,27825,630
27081,13,14,27455,910
27081,13,14,27085,1120
27081,13,14,1,1400
19288,13,14,20774,0
19288,13,14,20404,560
19288,13,14,19664,630
19288,13,14,19294,700
19288,13,14,1,770
16324,13,14,18176,0
16324,13,14,17806,350
16324,13,14,17436,420
16324,13,14,16696,490
16324,13,14,16326,560
16324,13,14,1,630
18922,13,14,20773,0
18922,13,14,20403,420
18922,13,14,20033,490
18922,13,14,19293,560
18922,13,14,18923,630
18922,13,14,1,700
27452,13,14,28566,0
27452,13,14,28196,560
27452,13,14,27826,840
27452,13,14,27456,1050
27452,13,14,1,1330
24488,13,14,25968,0
24488,13,14,25598,490
24488,13,14,25228,770
24488,13,14,24858,980
24488,13,14,24488,1260
24488,13,14,1,1470
17426,13,14,20029,0
17426,13,14,19659,350
17426,13,14,19289,420
17426,13,14,18919,490
17426,13,14,18179,560
17426,13,14,17809,630
17426,13,14,1,700
13356,13,14,13728,0
13356,13,14,13358,350
13356,13,14,1,420
20399,13,14,21517,0
20399,13,14,21147,420
20399,13,14,20777,700
20399,13,14,20407,910
20399,13,14,1,980
17435,13,14,19289,0
17435,13,14,18919,350
17435,13,14,18549,420
17435,13,14,17809,490
17435,13,14,17439,560
17435,13,14,1,630
21886,13,14,22631,0
21886,13,14,22261,560
21886,13,14,21891,840
21886,13,14,1,1050
17797,13,14,20400,0
17797,13,14,20030,350
17797,13,14,19660,420
17797,13,14,19290,490
17797,13,14,18550,560
17797,13,14,18180,630
17797,13,14,1,700
25599,13,14,26711,0
25599,13,14,26341,420
25599,13,14,25971,700
25599,13,14,25601,910
25599,13,14,1,1190
17806,13,14,19660,0
17806,13,14,19290,350
17806,13,14,18920,420
17806,13,14,18550,490
17806,13,14,17810,560
17806,13,14,1,630
14842,13,14,20762,0
14842,13,14,20022,420
14842,13,14,19652,490
14842,13,14,19282,560
14842,13,14,18542,630
14842,13,14,18172,700
14842,13,14,17432,770
14842,13,14,17062,840
14842,13,14,16692,910
14842,13,14,15952,980
14842,13,14,15582,1050
14842,13,14,14842,1120
14842,13,14,1,1190
29678,13,14,30792,0
29678,13,14,30422,560
29678,13,14,30052,840
29678,13,14,29682,1050
29678,13,14,1,1330
15204,13,14,18543,0
15204,13,14,18173,350
15204,13,14,17803,420
15204,13,14,17063,490
15204,13,14,16693,560
15204,13,14,15953,630
15204,13,14,15583,700
15204,13,14,15213,770
15204,13,14,1,840
20033,13,14,21146,0
20033,13,14,20776,420
20033,13,14,20036,700
20033,13,14,1,770
30049,13,14,31163,0
30049,13,14,30793,560
30049,13,14,30423,840
30049,13,14,30053,1050
30049,13,14,1,1330
27085,13,14,28565,0
27085,13,14,28195,490
27085,13,14,27825,700
27085,13,14,27455,980
27085,13,14,27085,1260
27085,13,14,1,1470
18917,13,14,20773,0
18917,13,14,20403,420
18917,13,14,20033,490
18917,13,14,19293,560
18917,13,14,18923,630
18917,13,14,1,700
15953,13,14,17805,0
15953,13,14,17435,350
15953,13,14,17065,420
15953,13,14,16325,490
15953,13,14,15955,560
15953,13,14,1,630
20394,13,14,21517,0
20394,13,14,21147,350
20394,13,14,20777,560
20394,13,14,20407,840
20394,13,14,1,910
17430,13,14,20769,0
17430,13,14,20399,350
17430,13,14,20029,420
17430,13,14,19289,490
17430,13,14,18919,560
17430,13,14,18179,630
17430,13,14,17809,700
17430,13,14,17439,770
17430,13,14,1,840
20403,13,14,21147,0
20403,13,14,20777,490
20403,13,14,20407,700
20403,13,14,1,770
17439,13,14,21139,0
17439,13,14,20769,490
17439,13,14,20029,770
17439,13,14,19659,840
17439,13,14,19289,910
17439,13,14,18549,980
17439,13,14,18179,1050
17439,13,14,17439,1120
17439,13,14,1,1190
32647,13,14,33760,0
32647,13,14,33390,490
32647,13,14,33020,700
32647,13,14,32650,980
32647,13,14,1,1190
28567,13,14,29309,0
28567,13,14,28939,560
28567,13,14,28569,770
28567,13,14,1,1050
17801,13,14,20770,0
17801,13,14,20400,420
17801,13,14,19660,490
17801,13,14,19290,560
17801,13,14,18550,630
17801,13,14,18180,700
17801,13,14,17810,770
17801,13,14,1,840
29682,13,14,31162,0
29682,13,14,30792,350
29682,13,14,30422,630
29682,13,14,30052,840
29682,13,14,29682,1120
29682,13,14,1,1330
20028,13,14,21516,0
20028,13,14,21146,350
20028,13,14,20776,630
20028,13,14,20406,840
20028,13,14,20036,910
20028,13,14,1,980
23001,13,14,24484,0
23001,13,14,24114,560
23001,13,14,23744,770
23001,13,14,23374,1050
23001,13,14,23004,1260
18921,13,14,20773,0
18921,13,14,20403,420
18921,13,14,20033,490
18921,13,14,19293,560
18921,13,14,18923,630
18921,13,14,1,700
31165,13,14,31536,0
31165,13,14,31166,490
31165,13,14,1,770
17425,13,14,21139,0
17425,13,14,20769,350
17425,13,14,20399,560
17425,13,14,20029,630
17425,13,14,19659,700
17425,13,14,18919,770
17425,13,14,18549,840
17425,13,14,17809,910
17425,13,14,17439,980
17425,13,14,1,1050
13355,13,14,14098,0
13355,13,14,13728,350
13355,13,14,1,420
20398,13,14,21517,0
20398,13,14,21147,420
20398,13,14,20777,700
20398,13,14,20407,910
20398,13,14,1,980
17434,13,14,19289,0
17434,13,14,18919,350
17434,13,14,18549,420
17434,13,14,18179,490
17434,13,14,17439,560
17434,13,14,1,630
21519,13,14,21890,0
21519,13,14,21520,560
21519,13,14,1,770
17796,13,14,21140,0
17796,13,14,20770,420
17796,13,14,20400,630
17796,13,14,20030,700
17796,13,14,19290,770
17796,13,14,18920,840
17796,13,14,18180,910
17796,13,14,17810,980
17796,13,14,1,1050
25598,13,14,27081,0
25598,13,14,26711,420
25598,13,14,26341,700
25598,13,14,25971,980
25598,13,14,25601,1190
25598,13,14,1,1470
20023,13,14,21146,0
20023,13,14,20776,560
20023,13,14,20406,770
20023,13,14,20036,840
20023,13,14,1,910
20032,13,14,21146,0
20032,13,14,20776,420
20032,13,14,20406,630
20032,13,14,20036,700
20032,13,14,1,770
27084,13,14,27825,0
27084,13,14,27455,420
27084,13,14,27085,630
27084,13,14,1,910
15943,13,14,18545,0
15943,13,14,18175,350
15943,13,14,17805,420
15943,13,14,17435,490
15943,13,14,16695,560
15943,13,14,16325,630
15943,13,14,1,700
11873,13,14,12984,0
11873,13,14,12614,350
11873,13,14,11874,420
11873,13,14,1,490
18916,13,14,20773,0
18916,13,14,20403,420
18916,13,14,20033,490
18916,13,14,19293,560
18916,13,14,18923,630
18916,13,14,1,700
15952,13,14,18175,0
15952,13,14,17805,350
15952,13,14,17065,420
15952,13,14,16695,490
15952,13,14,15955,560
15952,13,14,1,630
32275,13,14,33389,0
32275,13,14,33019,490
32275,13,14,32649,770
32275,13,14,32279,980
32275,13,14,1,1260
24116,13,14,24857,0
24116,13,14,24487,420
24116,13,14,24117,700
24116,13,14,1,910
20393,13,14,21887,0
20393,13,14,21517,420
20393,13,14,21147,630
20393,13,14,20777,910
20393,13,14,20407,1120
20393,13,14,1,1190
28195,13,14,29308,0
28195,13,14,28938,490
28195,13,14,28568,770
28195,13,14,28198,1050
28195,13,14,1,1260
17438,13,14,19289,0
17438,13,14,18919,350
17438,13,14,18549,420
17438,13,14,17809,490
17438,13,14,17439,560
17438,13,14,1,630
18541,13,14,21142,0
18541,13,14,20772,350
18541,13,14,20032,630
18541,13,14,19662,700
18541,13,14,19292,770
18541,13,14,18552,840
18541,13,14,1,910
21514,13,14,22630,0
21514,13,14,22260,490
21514,13,14,21890,700
21514,13,14,21520,980
21514,13,14,1,1260
18550,13,14,20402,0
18550,13,14,20032,350
18550,13,14,19662,420
18550,13,14,19292,490
18550,13,14,18552,560
18550,13,14,1,630
28566,13,14,29679,0
28566,13,14,29309,490
28566,13,14,28939,770
28566,13,14,28569,1050
28566,13,14,1,1260
22629,13,14,24113,0
22629,13,14,23743,560
22629,13,14,23373,770
22629,13,14,23003,1050
22629,13,14,22633,1260
29681,13,14,30052,0
29681,13,14,29682,560
29681,13,14,1,770
14470,13,14,14841,0
14470,13,14,14471,350
14470,13,14,1,420
30793,13,14,31535,0
30793,13,14,31165,560
30793,13,14,30795,840
30793,13,14,1,1050
20027,13,14,21516,0
20027,13,14,21146,350
20027,13,14,20776,630
20027,13,14,20406,840
20027,13,14,20036,910
20027,13,14,1,980
23000,13,14,24484,0
23000,13,14,24114,560
23000,13,14,23744,770
23000,13,14,23374,1050
23000,13,14,23004,1330
20036,13,14,21886,0
20036,13,14,21516,490
20036,13,14,21146,700
20036,13,14,20776,980
20036,13,14,20036,1260
20036,13,14,1,1330
18911,13,14,20773,0
18911,13,14,20033,560
18911,13,14,19663,630
18911,13,14,19293,700
18911,13,14,1,770
26713,13,14,27454,0
26713,13,14,27084,420
26713,13,14,26714,630
26713,13,14,1,910
15947,13,14,19285,0
15947,13,14,18915,350
15947,13,14,18545,420
15947,13,14,17805,490
15947,13,14,17435,560
15947,13,14,16695,630
15947,13,14,16325,700
15947,13,14,15955,770
15947,13,14,1,840
18920,13,14,20773,0
18920,13,14,20403,420
18920,13,14,20033,490
18920,13,14,19663,560
18920,13,14,18923,630
18920,13,14,1,700
12983,13,14,13727,0
12983,13,14,13357,350
12983,13,14,12987,420
12983,13,14,1,490
31164,13,14,31906,0
31164,13,14,31536,560
31164,13,14,31166,770
31164,13,14,1,1050
17068,13,14,21138,0
17068,13,14,20768,420
17068,13,14,20398,700
17068,13,14,19658,770
17068,13,14,19288,840
17068,13,14,18918,910
17068,13,14,18178,980
17068,13,14,17808,1050
17068,13,14,17068,1120
17068,13,14,1,1190
21147,13,14,21519,0
21147,13,14,21149,560
21147,13,14,1,770
17424,13,14,20769,0
17424,13,14,20399,560
17424,13,14,20029,630
17424,13,14,19289,700
17424,13,14,18919,770
17424,13,14,18549,840
17424,13,14,17809,910
17424,13,14,17439,980
17424,13,14,1,1050
13354,13,14,13728,0
13354,13,14,13358,350
13354,13,14,1,420
25226,13,14,26710,0
25226,13,14,26340,490
25226,13,14,25970,770
25226,13,14,25600,980
25226,13,14,25230,1260
25226,13,14,1,1470
18545,13,14,20772,0
18545,13,14,20402,350
18545,13,14,19662,420
18545,13,14,19292,490
18545,13,14,18552,560
18545,13,14,1,630
21518,13,14,22630,0
21518,13,14,22260,350
21518,13,14,21890,630
21518,13,14,21520,840
21518,13,14,1,1120
15581,13,14,17804,0
15581,13,14,17434,350
15581,13,14,16694,420
15581,13,14,16324,490
15581,13,14,15584,560
15581,13,14,1,630
25597,13,14,27081,0
25597,13,14,26711,420
25597,13,14,26341,700
25597,13,14,25971,980
25597,13,14,25601,1190
25597,13,14,1,1470
22633,13,14,24113,0
22633,13,14,23743,490
22633,13,14,23373,770
22633,13,14,23003,980
22633,13,14,22633,1260
22633,13,14,1,1470
14465,13,14,15211,0
14465,13,14,14841,350
14465,13,14,1,420
20022,13,14,21886,0
20022,13,14,21516,350
20022,13,14,21146,560
20022,13,14,20776,840
20022,13,14,20036,1120
20022,13,14,1,1190
27824,13,14,28937,0
27824,13,14,28567,560
27824,13,14,28197,840
27824,13,14,27827,1050
27824,13,14,1,1330
20031,13,14,21146,0
20031,13,14,20776,420
20031,13,14,20406,630
20031,13,14,20036,700
20031,13,14,1,770
23744,13,14,24856,0
23744,13,14,24486,490
23744,13,14,24116,770
23744,13,14,23746,980
23744,13,14,1,1260
15951,13,14,17805,0
15951,13,14,17435,350
15951,13,14,17065,420
15951,13,14,16325,490
15951,13,14,15955,560
15951,13,14,1,630
12987,13,14,18167,0
12987,13,14,17797,350
12987,13,14,17057,420
12987,13,14,16687,490
12987,13,14,15947,560
12987,13,14,15577,630
12987,13,14,15207,700
12987,13,14,14467,770
12987,13,14,14097,840
12987,13,14,13357,910
12987,13,14,12987,980
12987,13,14,1,1050
17063,13,14,18918,0
17063,13,14,18548,350
17063,13,14,18178,420
17063,13,14,17808,490
17063,13,14,17068,560
17063,13,14,1,630
21142,13,14,22259,0
21142,13,14,21889,350
21142,13,14,21519,560
21142,13,14,21149,840
21142,13,14,1,1120
24115,13,14,25227,0
24115,13,14,24857,490
24115,13,14,24487,700
24115,13,14,24117,980
24115,13,14,1,1190
18178,13,14,20401,0
18178,13,14,20031,350
18178,13,14,19291,420
18178,13,14,18921,490
18178,13,14,18551,560
18178,13,14,1,630
28194,13,14,29308,0
28194,13,14,28938,560
28194,13,14,28568,770
28194,13,14,28198,1050
28194,13,14,1,1260
25230,13,14,26710,0
25230,13,14,26340,490
25230,13,14,25970,700
25230,13,14,25600,980
25230,13,14,25230,1260
25230,13,14,1,1470
18540,13,14,20772,0
18540,13,14,20402,420
18540,13,14,20032,490
18540,13,14,19292,560
18540,13,14,18922,630
18540,13,14,18552,700
18540,13,14,1,770
21513,13,14,22630,0
21513,13,14,22260,490
21513,13,14,21890,700
21513,13,14,21520,980
21513,13,14,1,1260
15576,13,14,18914,0
15576,13,14,18544,350
15576,13,14,18174,420
15576,13,14,17434,490
15576,13,14,17064,560
15576,13,14,16324,630
15576,13,14,15954,700
15576,13,14,15584,770
15576,13,14,1,840
18549,13,14,20772,0
18549,13,14,20402,350
18549,13,14,19662,420
18549,13,14,19292,490
18549,13,14,18922,560
18549,13,14,1,630
30421,13,14,31534,0
30421,13,14,31164,560
30421,13,14,30794,770
30421,13,14,30424,1050
30421,13,14,1,1260
14469,13,14,14841,0
14469,13,14,14471,350
14469,13,14,1,420
20026,13,14,21516,0
20026,13,14,21146,490
20026,13,14,20776,700
20026,13,14,20036,980
20026,13,14,1,1050
30792,13,14,31905,0
30792,13,14,31535,560
30792,13,14,31165,770
30792,13,14,30795,1050
30792,13,14,1,1260
19660,13,14,21145,0
19660,13,14,20775,350
19660,13,14,20035,630
19660,13,14,19665,700
19660,13,14,1,770
26712,13,14,27824,0
26712,13,14,27454,420
26712,13,14,27084,700
26712,13,14,26714,910
26712,13,14,1,1190
20775,13,14,21148,0
20775,13,14,20778,490
20775,13,14,1,770
17067,13,14,18918,0
17067,13,14,18548,350
17067,13,14,18178,420
17067,13,14,17438,490
17067,13,14,17068,560
17067,13,14,1,630
21137,13,14,22259,0
21137,13,14,21889,490
21137,13,14,21519,700
21137,13,14,21149,980
21137,13,14,1,1260
18173,13,14,20771,0
18173,13,14,20031,490
18173,13,14,19661,560
18173,13,14,19291,630
18173,13,14,18551,700
18173,13,14,18181,770
18173,13,14,1,840
21146,13,14,21519,0
21146,13,14,21149,560
21146,13,14,1,770
33018,13,14,34131,0
33018,13,14,33761,560
33018,13,14,33391,770
33018,13,14,33021,1050
33018,13,14,1,1260
29310,13,14,29681,0
29310,13,14,29311,560
29310,13,14,1,770
18544,13,14,20772,0
18544,13,14,20402,490
18544,13,14,20032,560
18544,13,14,19662,630
18544,13,14,18922,700
18544,13,14,18552,770
18544,13,14,1,840
15580,13,14,17434,0
15580,13,14,17064,350
15580,13,14,16694,420
15580,13,14,15954,490
15580,13,14,15584,560
15580,13,14,1,630
14464,13,14,15211,0
14464,13,14,14841,350
14464,13,14,1,420
27823,13,14,28937,0
27823,13,14,28567,560
27823,13,14,28197,840
27823,13,14,27827,1050
27823,13,14,1,1330
19655,13,14,21515,0
19655,13,14,21145,420
19655,13,14,20775,630
19655,13,14,20405,910
19655,13,14,19665,980
19655,13,14,1,1050
16691,13,14,18547,0
16691,13,14,18177,350
16691,13,14,17807,420
16691,13,14,17437,490
16691,13,14,16697,560
16691,13,14,1,630
19664,13,14,21145,0
19664,13,14,20775,350
19664,13,14,20035,630
19664,13,14,19665,700
19664,13,14,1,770
20770,13,14,21518,0
20770,13,14,21148,490
20770,13,14,20778,700
20770,13,14,1,980
23743,13,14,25226,0
23743,13,14,24856,560
23743,13,14,24486,770
23743,13,14,24116,1050
23743,13,14,23746,1330
17053,13,14,20768,0
17053,13,14,20028,560
17053,13,14,19658,630
17053,13,14,18918,700
17053,13,14,18548,770
17053,13,14,18178,840
17053,13,14,17438,910
17053,13,14,17068,980
17053,13,14,1,1050
17062,13,14,18918,0
17062,13,14,18548,350
17062,13,14,18178,420
17062,13,14,17808,490
17062,13,14,17068,560
17062,13,14,1,630
14098,13,14,14470,0
14098,13,14,14100,350
14098,13,14,1,420
18168,13,14,20771,0
18168,13,14,20031,420
18168,13,14,19661,490
18168,13,14,18921,560
18168,13,14,18551,630
18168,13,14,18181,700
18168,13,14,1,770
21141,13,14,21889,0
21141,13,14,21519,420
21141,13,14,21149,630
21141,13,14,1,910
31907,13,14,32278,0
31907,13,14,31908,490
31907,13,14,1,700
18177,13,14,20031,0
18177,13,14,19661,350
18177,13,14,19291,420
18177,13,14,18921,490
18177,13,14,18181,560
18177,13,14,1,630
18539,13,14,20772,0
18539,13,14,20402,420
18539,13,14,20032,490
18539,13,14,19292,560
18539,13,14,18922,630
18539,13,14,18552,700
18539,13,14,1,770
26341,13,14,27453,0
26341,13,14,27083,420
26341,13,14,26713,700
26341,13,14,26343,910
26341,13,14,1,1190
15584,13,14,20764,0
15584,13,14,20394,490
15584,13,14,20024,560
15584,13,14,19284,630
15584,13,14,18914,700
15584,13,14,18174,770
15584,13,14,17804,840
15584,13,14,17434,910
15584,13,14,16694,980
15584,13,14,16324,1050
15584,13,14,15584,1120
15584,13,14,1,1190
30420,13,14,31534,0
30420,13,14,31164,560
30420,13,14,30794,840
30420,13,14,30424,1050
30420,13,14,1,1330
22261,13,14,23002,0
22261,13,14,22632,420
22261,13,14,22262,700
22261,13,14,1,910
27827,13,14,29307,0
27827,13,14,28937,420
27827,13,14,28567,630
27827,13,14,28197,910
27827,13,14,27827,1190
27827,13,14,1,1400
16686,13,14,20767,0
16686,13,14,20397,350
16686,13,14,20027,420
16686,13,14,19287,490
16686,13,14,18917,560
16686,13,14,18177,630
16686,13,14,17807,700
16686,13,14,17437,770
16686,13,14,16697,840
16686,13,14,1,910
12616,13,14,17796,0
12616,13,14,17426,350
12616,13,14,16686,420
12616,13,14,16316,490
12616,13,14,15576,560
12616,13,14,15206,630
12616,13,14,14836,700
12616,13,14,14096,770
12616,13,14,13726,840
12616,13,14,12986,910
12616,13,14,12616,980
12616,13,14,1,1050
19659,13,14,21145,0
19659,13,14,20775,350
19659,13,14,20035,630
19659,13,14,19665,700
19659,13,14,1,770
16695,13,14,18547,0
16695,13,14,18177,350
16695,13,14,17807,420
16695,13,14,17067,490
16695,13,14,16697,560
16695,13,14,1,630
20765,13,14,21518,0
20765,13,14,21148,420
20765,13,14,20778,630
20765,13,14,1,910
20774,13,14,21148,0
20774,13,14,20778,490
20774,13,14,1,770
17057,13,14,20768,0
17057,13,14,20398,420
17057,13,14,19658,490
17057,13,14,19288,560
17057,13,14,18548,630
17057,13,14,18178,700
17057,13,14,17808,770
17057,13,14,17068,840
17057,13,14,1,910
24859,13,14,26339,0
24859,13,14,25969,490
24859,13,14,25599,700
24859,13,14,25229,980
24859,13,14,24859,1190
24859,13,14,1,1470
14093,13,14,14840,0
14093,13,14,14470,350
14093,13,14,1,420
17066,13,14,18918,0
17066,13,14,18548,350
17066,13,14,18178,420
17066,13,14,17438,490
17066,13,14,17068,560
17066,13,14,1,630
21136,13,14,21889,0
21136,13,14,21519,560
21136,13,14,21149,840
21136,13,14,1,1050
18172,13,14,20771,0
18172,13,14,20031,490
18172,13,14,19661,560
18172,13,14,19291,630
18172,13,14,18551,700
18172,13,14,18181,770
18172,13,14,1,840
28938,13,14,29680,0
28938,13,14,29310,560
28938,13,14,28940,770
28938,13,14,1,1050
18181,13,14,21511,0
18181,13,14,21141,350
18181,13,14,20771,630
18181,13,14,20401,840
18181,13,14,20031,910
18181,13,14,19291,980
18181,13,14,18921,1050
18181,13,14,18551,1120
18181,13,14,1,1190
29309,13,14,30051,0
29309,13,14,29681,560
29309,13,14,29311,770
29309,13,14,1,1050
23372,13,14,24855,0
23372,13,14,24485,560
23372,13,14,24115,770
23372,13,14,23745,1050
23372,13,14,23375,1260
30424,13,14,31904,0
30424,13,14,31534,350
30424,13,14,31164,630
30424,13,14,30794,840
30424,13,14,30424,1120
30424,13,14,1,1330
15213,13,14,20763,0
15213,13,14,20393,420
15213,13,14,20023,490
15213,13,14,19653,560
15213,13,14,18913,630
15213,13,14,18543,700
15213,13,14,17803,770
15213,13,14,17433,840
15213,13,14,17063,910
15213,13,14,16323,980
15213,13,14,15953,1050
15213,13,14,15213,1120
15213,13,14,1,1190
19283,13,14,21514,0
19283,13,14,21144,350
19283,13,14,20774,560
19283,13,14,20404,840
19283,13,14,19664,910
19283,13,14,19294,980
19283,13,14,1,1050
19292,13,14,20774,0
19292,13,14,20034,560
19292,13,14,19664,630
19292,13,14,19294,700
19292,13,14,1,770
19654,13,14,21515,0
19654,13,14,21145,420
19654,13,14,20775,630
19654,13,14,20405,910
19654,13,14,19665,980
19654,13,14,1,1050
27456,13,14,28936,0
27456,13,14,28566,420
27456,13,14,28196,700
27456,13,14,27826,910
27456,13,14,27456,1190
27456,13,14,1,1400
19663,13,14,21145,0
19663,13,14,20775,350
19663,13,14,20035,630
19663,13,14,19665,700
19663,13,14,1,770
13726,13,14,14469,0
13726,13,14,14099,350
13726,13,14,1,420
20769,13,14,21518,0
20769,13,14,21148,490
20769,13,14,20778,700
20769,13,14,1,980
31535,13,14,32277,0
31535,13,14,31907,490
31535,13,14,31537,770
31535,13,14,1,980
23742,13,14,25226,0
23742,13,14,24856,560
23742,13,14,24486,770
23742,13,14,24116,1050
23742,13,14,23746,1330
20778,13,14,21888,0
20778,13,14,21518,560
20778,13,14,21148,840
20778,13,14,20778,1050
20778,13,14,1,1330
21890,13,14,22261,0
21890,13,14,21891,560
21890,13,14,1,770
18167,13,14,21141,0
18167,13,14,20771,420
18167,13,14,20401,700
18167,13,14,19661,770
18167,13,14,19291,840
18167,13,14,18921,910
18167,13,14,18181,980
18167,13,14,1,1050
14097,13,14,14840,0
14097,13,14,14470,350
14097,13,14,1,420
31906,13,14,32648,0
31906,13,14,32278,490
31906,13,14,31908,770
31906,13,14,1,980
25969,13,14,27452,0
25969,13,14,27082,420
25969,13,14,26712,700
25969,13,14,26342,910
25969,13,14,25972,1190
25969,13,14,1,1470
18176,13,14,20401,0
18176,13,14,20031,350
18176,13,14,19291,420
18176,13,14,18921,490
18176,13,14,18181,560
18176,13,14,1,630
17810,13,14,21140,0
17810,13,14,20770,560
17810,13,14,20030,840
17810,13,14,19660,910
17810,13,14,18920,980
17810,13,14,18550,1050
17810,13,14,18180,1120
17810,13,14,1,1190
26340,13,14,27823,0
26340,13,14,27453,420
26340,13,14,27083,700
26340,13,14,26713,910
26340,13,14,26343,1190
26340,13,14,1,1470
15208,13,14,17063,0
15208,13,14,16693,350
15208,13,14,16323,420
15208,13,14,15953,490
15208,13,14,15213,560
15208,13,14,1,630
16314,13,14,18916,0
16314,13,14,18546,350
16314,13,14,18176,420
16314,13,14,17806,490
16314,13,14,17066,560
16314,13,14,16696,630
16314,13,14,1,700
12244,13,14,12985,0
12244,13,14,12615,350
12244,13,14,1,420
19287,13,14,20774,0
19287,13,14,20404,560
19287,13,14,19664,630
19287,13,14,19294,700
19287,13,14,1,770
30053,13,14,31533,0
30053,13,14,31163,350
30053,13,14,30793,630
30053,13,14,30423,840
30053,13,14,30053,1120
30053,13,14,1,1330
22260,13,14,23372,0
22260,13,14,23002,490
22260,13,14,22632,700
22260,13,14,22262,980
22260,13,14,1,1190
16323,13,14,18546,0
16323,13,14,18176,350
16323,13,14,17436,420
16323,13,14,17066,490
16323,13,14,16326,560
16323,13,14,1,630
12615,13,14,13356,0
12615,13,14,12986,350
12615,13,14,1,420
19658,13,14,21145,0
19658,13,14,20775,350
19658,13,14,20035,630
19658,13,14,19665,700
19658,13,14,1,770
24487,13,14,25228,0
24487,13,14,24858,420
24487,13,14,24488,700
24487,13,14,1,910
16694,13,14,18917,0
16694,13,14,18547,350
16694,13,14,17807,420
16694,13,14,17437,490
16694,13,14,16697,560
16694,13,14,1,630
20764,13,14,21888,0
20764,13,14,21518,420
20764,13,14,21148,700
20764,13,14,20778,980
20764,13,14,1,1190
20773,13,14,21148,0
20773,13,14,20778,490
20773,13,14,1,770
20407,13,14,21887,0
20407,13,14,21517,560
20407,13,14,21147,770
20407,13,14,20777,1050
20407,13,14,20407,1260
20407,13,14,1,1330
21885,13,14,22631,0
21885,13,14,22261,560
21885,13,14,21891,840
21885,13,14,1,1050
24858,13,14,25599,0
24858,13,14,25229,420
24858,13,14,24859,630
24858,13,14,1,910
28937,13,14,30050,0
28937,13,14,29680,490
28937,13,14,29310,770
28937,13,14,28940,1050
28937,13,14,1,1260
17805,13,14,20030,0
17805,13,14,19660,350
17805,13,14,18920,420
17805,13,14,18550,490
17805,13,14,17810,560
17805,13,14,1,630
14841,13,14,16692,0
14841,13,14,16322,350
14841,13,14,15952,420
14841,13,14,15212,490
14841,13,14,14842,560
14841,13,14,1,630
23371,13,14,24855,0
23371,13,14,24485,560
23371,13,14,24115,770
23371,13,14,23745,1050
23371,13,14,23375,1330
15203,13,14,19283,0
15203,13,14,18913,350
15203,13,14,18543,420
15203,13,14,17803,490
15203,13,14,17433,560
15203,13,14,16693,630
15203,13,14,16323,700
15203,13,14,15953,770
15203,13,14,15213,840
15203,13,14,1,910
15212,13,14,17063,0
15212,13,14,16693,350
15212,13,14,16323,420
15212,13,14,15583,490
15212,13,14,15213,560
15212,13,14,1,630
19282,13,14,21144,0
19282,13,14,20774,420
19282,13,14,20404,630
19282,13,14,20034,700
19282,13,14,19664,770
19282,13,14,1,840
16318,13,14,19656,0
16318,13,14,19286,350
16318,13,14,18916,420
16318,13,14,18176,490
16318,13,14,17806,560
16318,13,14,17066,630
16318,13,14,16696,700
16318,13,14,16326,770
16318,13,14,1,840
19291,13,14,20774,0
19291,13,14,20404,560
19291,13,14,19664,630
19291,13,14,19294,700
19291,13,14,1,770
27455,13,14,27826,0
27455,13,14,27456,560
27455,13,14,1,840
16689,13,14,20027,0
16689,13,14,19657,350
16689,13,14,19287,420
16689,13,14,18547,490
16689,13,14,18177,560
16689,13,14,17437,630
16689,13,14,17067,700
16689,13,14,16697,770
16689,13,14,1,840
13725,13,14,14099,0
13725,13,14,13729,350
13725,13,14,1,420
31534,13,14,32647,0
31534,13,14,32277,490
31534,13,14,31907,700
31534,13,14,31537,980
31534,13,14,1,1190
20402,13,14,21147,0
20402,13,14,20777,490
20402,13,14,20407,700
20402,13,14,1,770
21889,13,14,23001,0
21889,13,14,22631,350
21889,13,14,22261,560
21889,13,14,21891,840
21889,13,14,1,1120
25968,13,14,27452,0
25968,13,14,27082,420
25968,13,14,26712,700
25968,13,14,26342,980
25968,13,14,25972,1190
25968,13,14,1,1470
14836,13,14,16692,0
14836,13,14,16322,350
14836,13,14,15952,420
14836,13,14,15582,490
14836,13,14,14842,560
14836,13,14,1,630
17809,13,14,19660,0
17809,13,14,19290,350
17809,13,14,18920,420
17809,13,14,18180,490
17809,13,14,17810,560
17809,13,14,1,630
23375,13,14,24855,0
23375,13,14,24485,490
23375,13,14,24115,770
23375,13,14,23745,980
23375,13,14,23375,1260
23375,13,14,1,1470
15207,13,14,17063,0
15207,13,14,16693,350
15207,13,14,16323,420
15207,13,14,15953,490
15207,13,14,15213,560
15207,13,14,1,630
30052,13,14,30423,0
30052,13,14,30053,560
30052,13,14,1,770
19286,13,14,21144,0
19286,13,14,20774,490
19286,13,14,20034,770
19286,13,14,19664,840
19286,13,14,1,910
16322,13,14,18176,0
16322,13,14,17806,350
16322,13,14,17436,420
16322,13,14,16696,490
16322,13,14,16326,560
16322,13,14,1,630
24486,13,14,25598,0
24486,13,14,25228,490
24486,13,14,24858,700
24486,13,14,24488,980
24486,13,14,1,1190
20397,13,14,21517,0
20397,13,14,21147,490
20397,13,14,20777,770
20397,13,14,1,1050
17433,13,14,19289,0
17433,13,14,18919,350
17433,13,14,18549,420
17433,13,14,18179,490
17433,13,14,17439,560
17433,13,14,1,630
20406,13,14,21147,0
20406,13,14,20777,420
20406,13,14,20407,700
20406,13,14,1,770
21884,13,14,22631,0
21884,13,14,22261,490
21884,13,14,21891,770
21884,13,14,1,980
24857,13,14,25969,0
24857,13,14,25599,420
24857,13,14,25229,700
24857,13,14,24859,980
24857,13,14,1,1190
25972,13,14,27452,0
25972,13,14,27082,490
25972,13,14,26712,770
25972,13,14,26342,980
25972,13,14,25972,1260
25972,13,14,1,1470
17804,13,14,20030,0
17804,13,14,19660,350
17804,13,14,18920,420
17804,13,14,18550,490
17804,13,14,17810,560
17804,13,14,1,630
14840,13,14,16692,0
14840,13,14,16322,350
14840,13,14,15952,420
14840,13,14,15212,490
14840,13,14,14842,560
14840,13,14,1,630
23004,13,14,24484,0
23004,13,14,24114,490
23004,13,14,23744,770
23004,13,14,23374,980
23004,13,14,23004,1260
23004,13,14,1,1470
15211,13,14,17063,0
15211,13,14,16693,350
15211,13,14,16323,420
15211,13,14,15583,490
15211,13,14,15213,560
15211,13,14,1,630
19281,13,14,21144,0
19281,13,14,20774,420
19281,13,14,20404,630
19281,13,14,20034,700
19281,13,14,19664,770
19281,13,14,1,840
27083,13,14,28195,0
27083,13,14,27825,420
27083,13,14,27455,700
27083,13,14,27085,910
27083,13,14,1,1190
16326,13,14,21136,0
16326,13,14,20766,350
16326,13,14,20026,630
16326,13,14,19656,700
16326,13,14,18916,770
16326,13,14,18546,840
16326,13,14,18176,910
16326,13,14,17436,980
16326,13,14,17066,1050
16326,13,14,16326,1120
16326,13,14,1,1190
18915,13,14,21143,0
18915,13,14,20773,350
18915,13,14,20403,630
18915,13,14,19663,700
18915,13,14,19293,770
18915,13,14,1,840
27454,13,14,28566,0
27454,13,14,28196,350
27454,13,14,27826,630
27454,13,14,27456,840
27454,13,14,1,1120
13358,13,14,18168,0
13358,13,14,17798,350
13358,13,14,17428,420
13358,13,14,16688,490
13358,13,14,16318,560
13358,13,14,15578,630
13358,13,14,15208,700
13358,13,14,14838,770
13358,13,14,14098,840
13358,13,14,13728,910
13358,13,14,1,980
17428,13,14,20769,0
17428,13,14,20029,490
17428,13,14,19659,560
17428,13,14,18919,630
17428,13,14,18549,700
17428,13,14,18179,770
17428,13,14,17439,840
17428,13,14,1,910
20401,13,14,21147,0
20401,13,14,20777,490
20401,13,14,20407,700
20401,13,14,1,770
17437,13,14,19289,0
17437,13,14,18919,350
17437,13,14,18549,420
17437,13,14,17809,490
17437,13,14,17439,560
17437,13,14,1,630
21888,13,14,23001,0
21888,13,14,22631,490
21888,13,14,22261,700
21888,13,14,21891,980
21888,13,14,1,1190
28565,13,14,29679,0
28565,13,14,29309,560
28565,13,14,28939,770
28565,13,14,28569,1050
28565,13,14,1,1260
17799,13,14,20770,0
17799,13,14,20400,490
17799,13,14,20030,560
17799,13,14,19290,630
17799,13,14,18920,700
17799,13,14,18550,770
17799,13,14,17810,840
17799,13,14,1,910
14835,13,14,16692,0
14835,13,14,16322,350
14835,13,14,15952,420
14835,13,14,15582,490
14835,13,14,14842,560
14835,13,14,1,630
25601,13,14,27081,0
25601,13,14,26711,490
25601,13,14,26341,700
25601,13,14,25971,980
25601,13,14,25601,1260
25601,13,14,1,1470
17808,13,14,19660,0
17808,13,14,19290,350
17808,13,14,18920,420
17808,13,14,18550,490
17808,13,14,17810,560
17808,13,14,1,630
29680,13,14,30422,0
29680,13,14,30052,560
29680,13,14,29682,840
29680,13,14,1,1050
20035,13,14,21146,0
20035,13,14,20776,420
20035,13,14,20406,630
20035,13,14,20036,700
20035,13,14,1,770
30051,13,14,30793,0
30051,13,14,30423,560
30051,13,14,30053,840
30051,13,14,1,1050
18910,13,14,20773,0
18910,13,14,20033,560
18910,13,14,19663,630
18910,13,14,19293,700
18910,13,14,1,770
18919,13,14,20773,0
18919,13,14,20403,420
18919,13,14,20033,490
18919,13,14,19293,560
18919,13,14,18923,630
18919,13,14,1,700
31163,13,14,32276,0
31163,13,14,31906,490
31163,13,14,31536,770
31163,13,14,31166,980
31163,13,14,1,1260
15955,13,14,20765,0
15955,13,14,20395,560
15955,13,14,19655,630
15955,13,14,19285,700
15955,13,14,18545,770
15955,13,14,18175,840
15955,13,14,17805,910
15955,13,14,17065,980
15955,13,14,16695,1050
15955,13,14,15955,1120
15955,13,14,1,1190
32278,13,14,32649,0
32278,13,14,32279,490
32278,13,14,1,700
24485,13,14,25968,0
24485,13,14,25598,490
24485,13,14,25228,770
24485,13,14,24858,980
24485,13,14,24488,1260
13353,13,14,14098,0
13353,13,14,13728,350
13353,13,14,1,420
20396,13,14,21517,0
20396,13,14,21147,490
20396,13,14,20777,770
20396,13,14,1,1050
17432,13,14,19289,0
17432,13,14,18919,350
17432,13,14,18549,420
17432,13,14,18179,490
17432,13,14,17439,560
17432,13,14,1,630
28198,13,14,29678,0
28198,13,14,29308,350
28198,13,14,28938,630
28198,13,14,28568,840
28198,13,14,28198,1120
28198,13,14,1,1330
20405,13,14,21147,0
20405,13,14,20777,490
20405,13,14,20407,700
20405,13,14,1,770
21517,13,14,22630,0
21517,13,14,22260,350
21517,13,14,21890,630
21517,13,14,21520,840
21517,13,14,1,1120
28569,13,14,30049,0
28569,13,14,29679,350
28569,13,14,29309,630
28569,13,14,28939,840
28569,13,14,28569,1120
28569,13,14,1,1330
22632,13,14,23373,0
22632,13,14,23003,420
22632,13,14,22633,700
22632,13,14,1,910
20030,13,14,21146,0
20030,13,14,20776,420
20030,13,14,20406,630
20030,13,14,20036,700
20030,13,14,1,770
23003,13,14,23744,0
23003,13,14,23374,420
23003,13,14,23004,700
23003,13,14,1,910
27082,13,14,28565,0
27082,13,14,28195,420
27082,13,14,27825,630
27082,13,14,27455,910
27082,13,14,27085,1120
27082,13,14,1,1400
18914,13,14,21143,0
18914,13,14,20773,350
18914,13,14,20403,630
18914,13,14,19663,700
18914,13,14,19293,770
18914,13,14,1,840
15950,13,14,17805,0
15950,13,14,17435,350
15950,13,14,17065,420
15950,13,14,16695,490
15950,13,14,15955,560
15950,13,14,1,630
18923,13,14,21513,0
18923,13,14,21143,490
18923,13,14,20773,770
18923,13,14,20403,980
18923,13,14,20033,1050
18923,13,14,19663,1120
18923,13,14,18923,1190
18923,13,14,1,1260
12986,13,14,13727,0
12986,13,14,13357,350
12986,13,14,1,420
24114,13,14,25597,0
24114,13,14,25227,490
24114,13,14,24857,770
24114,13,14,24487,980
24114,13,14,24117,1260
13357,13,14,13728,0
13357,13,14,13358,350
13357,13,14,1,420
20400,13,14,21147,0
20400,13,14,20777,490
20400,13,14,20407,700
20400,13,14,1,770
25229,13,14,25970,0
25229,13,14,25600,420
25229,13,14,25230,630
25229,13,14,1,910
17436,13,14,19659,0
17436,13,14,19289,350
17436,13,14,18549,420
17436,13,14,18179,490
17436,13,14,17439,560
17436,13,14,1,630
21512,13,14,22630,0
21512,13,14,22260,490
21512,13,14,21890,770
21512,13,14,21520,980
21512,13,14,1,1260
18548,13,14,20402,0
18548,13,14,20032,350
18548,13,14,19662,420
18548,13,14,19292,490
18548,13,14,18552,560
18548,13,14,1,630
25600,13,14,26341,0
25600,13,14,25971,420
25600,13,14,25601,630
25600,13,14,1,910
14834,13,14,18172,0
14834,13,14,17802,350
14834,13,14,17432,420
14834,13,14,16692,490
14834,13,14,16322,560
14834,13,14,15582,630
14834,13,14,15212,700
14834,13,14,14842,770
14834,13,14,1,840
29679,13,14,30792,0
29679,13,14,30422,560
29679,13,14,30052,770
29679,13,14,29682,1050
29679,13,14,1,1260
20025,13,14,21516,0
20025,13,14,21146,420
20025,13,14,20776,700
20025,13,14,20036,980
20025,13,14,1,1050
30791,13,14,31905,0
30791,13,14,31535,560
30791,13,14,31165,770
30791,13,14,30795,1050
30791,13,14,1,1330
20034,13,14,21146,0
20034,13,14,20776,420
20034,13,14,20406,630
20034,13,14,20036,700
20034,13,14,1,770
15945,13,14,20025,0
15945,13,14,19655,350
15945,13,14,19285,420
15945,13,14,18545,490
15945,13,14,18175,560
15945,13,14,17435,630
15945,13,14,17065,700
15945,13,14,16695,770
15945,13,14,15955,840
15945,13,14,1,910
26711,13,14,28194,0
26711,13,14,27824,420
26711,13,14,27454,630
26711,13,14,27084,910
26711,13,14,26714,1120
26711,13,14,1,1400
18918,13,14,20773,0
18918,13,14,20403,420
18918,13,14,20033,490
18918,13,14,19293,560
18918,13,14,18923,630
18918,13,14,1,700
31162,13,14,32276,0
31162,13,14,31906,560
31162,13,14,31536,770
31162,13,14,31166,1050
31162,13,14,1,1260
15954,13,14,17805,0
15954,13,14,17435,350
15954,13,14,17065,420
15954,13,14,16325,490
15954,13,14,15955,560
15954,13,14,1,630
32277,13,14,33019,0
32277,13,14,32649,490
32277,13,14,32279,770
32277,13,14,1,980
21145,13,14,21889,0
21145,13,14,21519,490
21145,13,14,21149,770
21145,13,14,1,980
28197,13,14,28568,0
28197,13,14,28198,560
28197,13,14,1,770
17431,13,14,20769,0
17431,13,14,20399,350
17431,13,14,20029,420
17431,13,14,19289,490
17431,13,14,18919,560
17431,13,14,18179,630
17431,13,14,17809,700
17431,13,14,17439,770
17431,13,14,1,840
18543,13,14,20772,0
18543,13,14,20402,490
18543,13,14,20032,560
18543,13,14,19662,630
18543,13,14,18922,700
18543,13,14,18552,770
18543,13,14,1,840
21516,13,14,22260,0
21516,13,14,21890,420
21516,13,14,21520,700
21516,13,14,1,910
15579,13,14,17434,0
15579,13,14,17064,350
15579,13,14,16694,420
15579,13,14,16324,490
15579,13,14,15584,560
15579,13,14,1,630
18552,13,14,21512,0
18552,13,14,21142,420
18552,13,14,20772,630
18552,13,14,20402,910
18552,13,14,19662,980
18552,13,14,19292,1050
18552,13,14,18922,1120
18552,13,14,1,1190
22631,13,14,23743,0
22631,13,14,23373,490
22631,13,14,23003,700
22631,13,14,22633,980
22631,13,14,1,1190
14463,13,14,16321,0
14463,13,14,15951,350
14463,13,14,15581,420
14463,13,14,14841,490
14463,13,14,14471,560
14463,13,14,1,630
20029,13,14,21146,0
20029,13,14,20776,420
20029,13,14,20406,630
20029,13,14,20036,700
20029,13,14,1,770
30795,13,14,32275,0
30795,13,14,31905,350
30795,13,14,31535,630
30795,13,14,31165,840
30795,13,14,30795,1120
30795,13,14,1,1330
18913,13,14,21143,0
18913,13,14,20773,490
18913,13,14,20403,700
18913,13,14,20033,770
18913,13,14,19293,840
18913,13,14,18923,910
18913,13,14,1,980
15949,13,14,17805,0
15949,13,14,17435,350
15949,13,14,17065,420
15949,13,14,16695,490
15949,13,14,15955,560
15949,13,14,1,630
12985,13,14,13727,0
12985,13,14,13357,350
12985,13,14,1,420
31166,13,14,32276,0
31166,13,14,31906,560
31166,13,14,31536,840
31166,13,14,31166,1050
31166,13,14,1,1330
21140,13,14,21889,0
21140,13,14,21519,420
21140,13,14,21149,630
21140,13,14,1,910
24113,13,14,25597,0
24113,13,14,25227,490
24113,13,14,24857,770
24113,13,14,24487,980
24113,13,14,24117,1260
21149,13,14,22629,0
21149,13,14,22259,350
21149,13,14,21889,630
21149,13,14,21519,840
21149,13,14,21149,1120
21149,13,14,1,1330
25228,13,14,26340,0
25228,13,14,25970,420
25228,13,14,25600,700
25228,13,14,25230,910
25228,13,14,1,1190
21511,13,14,22630,0
21511,13,14,22260,350
21511,13,14,21890,560
21511,13,14,21520,840
21511,13,14,1,1120
18547,13,14,20772,0
18547,13,14,20402,350
18547,13,14,19662,420
18547,13,14,19292,490
18547,13,14,18552,560
18547,13,14,1,630
21520,13,14,23000,0
21520,13,14,22630,350
21520,13,14,22260,630
21520,13,14,21890,840
21520,13,14,21520,1120
21520,13,14,1,1330
15583,13,14,17434,0
15583,13,14,17064,350
15583,13,14,16694,420
15583,13,14,15954,490
15583,13,14,15584,560
15583,13,14,1,630
14467,13,14,14841,0
14467,13,14,14471,350
14467,13,14,1,420
11503,13,14,17053,0
11503,13,14,16683,350
11503,13,14,15943,420
11503,13,14,15573,490
11503,13,14,15203,560
11503,13,14,14463,630
11503,13,14,14093,700
11503,13,14,13353,770
11503,13,14,12983,840
11503,13,14,12613,910
11503,13,14,11873,980
11503,13,14,11503,1050
11503,13,14,1,1120
20024,13,14,21146,0
20024,13,14,20776,560
20024,13,14,20406,770
20024,13,14,20036,840
20024,13,14,1,910
27826,13,14,28197,0
27826,13,14,27827,560
27826,13,14,1,840
11874,13,14,17424,0
11874,13,14,17054,350
11874,13,14,16314,420
11874,13,14,15944,490
11874,13,14,15204,560
11874,13,14,14834,630
11874,13,14,14464,700
11874,13,14,13724,770
11874,13,14,13354,840
11874,13,14,12614,910
11874,13,14,12244,980
11874,13,14,11874,1050
11874,13,14,1,1120
26710,13,14,28194,0
26710,13,14,27824,420
26710,13,14,27454,630
26710,13,14,27084,910
26710,13,14,26714,1120
26710,13,14,1,1400
15944,13,14,20025,0
15944,13,14,19655,350
15944,13,14,19285,420
15944,13,14,18545,490
15944,13,14,18175,560
15944,13,14,17435,630
15944,13,14,17065,700
15944,13,14,16695,770
15944,13,14,15955,840
15944,13,14,1,910
23746,13,14,25226,0
23746,13,14,24856,490
23746,13,14,24486,770
23746,13,14,24116,980
23746,13,14,23746,1260
23746,13,14,1,1470
32276,13,14,33389,0
32276,13,14,33019,490
32276,13,14,32649,700
32276,13,14,32279,980
32276,13,14,1,1190
17065,13,14,19288,0
17065,13,14,18918,350
17065,13,14,18178,420
17065,13,14,17808,490
17065,13,14,17068,560
17065,13,14,1,630
21144,13,14,21889,0
21144,13,14,21519,490
21144,13,14,21149,770
21144,13,14,1,980
24117,13,14,25597,0
24117,13,14,25227,490
24117,13,14,24857,770
24117,13,14,24487,980
24117,13,14,24117,1260
24117,13,14,1,1470
18180,13,14,20031,0
18180,13,14,19661,350
18180,13,14,19291,420
18180,13,14,18921,490
18180,13,14,18181,560
18180,13,14,1,630
28196,13,14,28938,0
28196,13,14,28568,560
28196,13,14,28198,770
28196,13,14,1,1050
18542,13,14,21142,0
18542,13,14,20772,350
18542,13,14,20402,630
18542,13,14,19662,700
18542,13,14,19292,770
18542,13,14,18552,840
18542,13,14,1,910
29308,13,14,30421,0
29308,13,14,30051,490
29308,13,14,29681,770
29308,13,14,29311,1050
29308,13,14,1,1260
21515,13,14,22260,0
21515,13,14,21890,420
21515,13,14,21520,700
21515,13,14,1,910
15578,13,14,17434,0
15578,13,14,17064,350
15578,13,14,16694,420
15578,13,14,16324,490
15578,13,14,15584,560
15578,13,14,1,630
18551,13,14,20402,0
18551,13,14,20032,350
18551,13,14,19662,420
18551,13,14,19292,490
18551,13,14,18552,560
18551,13,14,1,630
30423,13,14,30794,0
30423,13,14,30424,560
30423,13,14,1,770
22630,13,14,24113,0
22630,13,14,23743,560
22630,13,14,23373,770
22630,13,14,23003,1050
22630,13,14,22633,1260
14471,13,14,19281,0
14471,13,14,18911,350
14471,13,14,18541,420
14471,13,14,17801,490
14471,13,14,17431,560
14471,13,14,16691,630
14471,13,14,16321,700
14471,13,14,15951,770
14471,13,14,15211,840
14471,13,14,14841,910
14471,13,14,1,980
30794,13,14,31165,0
30794,13,14,30795,560
30794,13,14,1,770
19653,13,14,21145,0
19653,13,14,20775,490
19653,13,14,20405,700
19653,13,14,20035,770
19653,13,14,19665,840
19653,13,14,1,910
19662,13,14,21145,0
19662,13,14,20775,350
19662,13,14,20405,630
19662,13,14,19665,700
19662,13,14,1,770
20768,13,14,21518,0
20768,13,14,21148,560
20768,13,14,20778,840
20768,13,14,1,1050
26714,13,14,28194,0
26714,13,14,27824,490
26714,13,14,27454,700
26714,13,14,27084,980
26714,13,14,26714,1260
26714,13,14,1,1470
20777,13,14,21148,0
20777,13,14,20778,490
20777,13,14,1,770
12984,13,14,13727,0
12984,13,14,13357,350
12984,13,14,12987,420
12984,13,14,1,490
17060,13,14,20398,0
17060,13,14,20028,350
17060,13,14,19658,420
17060,13,14,18918,490
17060,13,14,18548,560
17060,13,14,17808,630
17060,13,14,17438,700
17060,13,14,17068,770
17060,13,14,1,840
14096,13,14,14470,0
14096,13,14,14100,350
14096,13,14,1,420
21139,13,14,22259,0
21139,13,14,21889,490
21139,13,14,21519,700
21139,13,14,21149,980
21139,13,14,1,1190
31905,13,14,33018,0
31905,13,14,32648,490
31905,13,14,32278,700
31905,13,14,31908,980
31905,13,14,1,1190
18175,13,14,20401,0
18175,13,14,20031,350
18175,13,14,19291,420
18175,13,14,18921,490
18175,13,14,18181,560
18175,13,14,1,630
21148,13,14,21519,0
21148,13,14,21149,560
21148,13,14,1,770
25227,13,14,26710,0
25227,13,14,26340,490
25227,13,14,25970,700
25227,13,14,25600,980
25227,13,14,25230,1260
25227,13,14,1,1470
26339,13,14,27823,0
26339,13,14,27453,420
26339,13,14,27083,700
26339,13,14,26713,980
26339,13,14,26343,1190
26339,13,14,1,1470
15573,13,14,19654,0
15573,13,14,19284,350
15573,13,14,18914,420
15573,13,14,18174,490
15573,13,14,17804,560
15573,13,14,17064,630
15573,13,14,16694,700
15573,13,14,16324,770
15573,13,14,15584,840
15573,13,14,1,910
18546,13,14,20772,0
18546,13,14,20402,350
18546,13,14,19662,420
18546,13,14,19292,490
18546,13,14,18552,560
18546,13,14,1,630
15582,13,14,17434,0
15582,13,14,17064,350
15582,13,14,16694,420
15582,13,14,15954,490
15582,13,14,15584,560
15582,13,14,1,630
22259,13,14,23742,0
22259,13,14,23372,560
22259,13,14,23002,770
22259,13,14,22632,1050
22259,13,14,22262,1260
27825,13,14,28937,0
27825,13,14,28567,350
27825,13,14,28197,630
27825,13,14,27827,840
27825,13,14,1,1120
12614,13,14,13356,0
12614,13,14,12986,350
12614,13,14,1,420
19657,13,14,21145,0
19657,13,14,20775,560
19657,13,14,20035,840
19657,13,14,19665,910
19657,13,14,1,980
16693,13,14,18547,0
16693,13,14,18177,350
16693,13,14,17807,420
16693,13,14,17067,490
16693,13,14,16697,560
16693,13,14,1,630
20763,13,14,21888,0
20763,13,14,21518,420
20763,13,14,21148,700
20763,13,14,20778,980
20763,13,14,1,1190
13729,13,14,18539,0
13729,13,14,18169,350
13729,13,14,17799,420
13729,13,14,17059,490
13729,13,14,16689,560
13729,13,14,15949,630
13729,13,14,15579,700
13729,13,14,15209,770
13729,13,14,14469,840
13729,13,14,14099,910
13729,13,14,1,980
20772,13,14,21148,0
20772,13,14,20778,490
20772,13,14,1,770
23745,13,14,24486,0
23745,13,14,24116,420
23745,13,14,23746,700
23745,13,14,1,910
17055,13,14,19658,0
17055,13,14,19288,350
17055,13,14,18918,420
17055,13,14,18548,490
17055,13,14,17808,560
17055,13,14,17438,630
17055,13,14,1,700
17064,13,14,18918,0
17064,13,14,18548,350
17064,13,14,18178,420
17064,13,14,17438,490
17064,13,14,17068,560
17064,13,14,1,630
14100,13,14,18910,0
14100,13,14,18540,350
14100,13,14,18170,420
14100,13,14,17430,490
14100,13,14,17060,560
14100,13,14,16320,630
14100,13,14,15950,700
14100,13,14,15580,770
14100,13,14,14840,840
14100,13,14,14470,910
14100,13,14,1,980
28936,13,14,30050,0
28936,13,14,29680,560
28936,13,14,29310,770
28936,13,14,28940,1050
28936,13,14,1,1260
21143,13,14,22259,0
21143,13,14,21889,350
21143,13,14,21519,560
21143,13,14,21149,840
21143,13,14,1,1120
18170,13,14,20771,0
18170,13,14,20401,560
18170,13,14,19661,630
18170,13,14,19291,700
18170,13,14,18921,770
18170,13,14,18181,840
18170,13,14,1,910
18179,13,14,20031,0
18179,13,14,19661,350
18179,13,14,19291,420
18179,13,14,18921,490
18179,13,14,18181,560
18179,13,14,1,630
29307,13,14,30421,0
29307,13,14,30051,560
29307,13,14,29681,770
29307,13,14,29311,1050
29307,13,14,1,1260
15577,13,14,17434,0
15577,13,14,17064,350
15577,13,14,16694,420
15577,13,14,16324,490
15577,13,14,15584,560
15577,13,14,1,630
26343,13,14,27823,0
26343,13,14,27453,490
26343,13,14,27083,770
26343,13,14,26713,980
26343,13,14,26343,1260
26343,13,14,1,1470
30422,13,14,31164,0
30422,13,14,30794,560
30422,13,14,30424,840
30422,13,14,1,1050
19290,13,14,20774,0
19290,13,14,20034,560
19290,13,14,19664,630
19290,13,14,19294,700
19290,13,14,1,770
19652,13,14,21145,0
19652,13,14,20775,490
19652,13,14,20405,700
19652,13,14,20035,770
19652,13,14,19665,840
19652,13,14,1,910
16688,13,14,20027,0
16688,13,14,19657,350
16688,13,14,19287,420
16688,13,14,18547,490
16688,13,14,18177,560
16688,13,14,17437,630
16688,13,14,17067,700
16688,13,14,16697,770
16688,13,14,1,840
19661,13,14,21145,0
19661,13,14,20775,350
19661,13,14,20035,630
19661,13,14,19665,700
19661,13,14,1,770
13724,13,14,14469,0
13724,13,14,14099,350
13724,13,14,1,420
16697,13,14,21137,0
16697,13,14,20767,420
16697,13,14,20397,630
16697,13,14,20027,700
16697,13,14,19287,770
16697,13,14,18917,840
16697,13,14,18547,910
16697,13,14,17807,980
16697,13,14,17437,1050
16697,13,14,16697,1120
16697,13,14,1,1190
20767,13,14,21518,0
20767,13,14,21148,560
20767,13,14,20778,840
20767,13,14,1,1050
31533,13,14,32647,0
31533,13,14,32277,490
31533,13,14,31907,770
31533,13,14,31537,980
31533,13,14,1,1260
20776,13,14,21148,0
20776,13,14,20778,490
20776,13,14,1,770
17059,13,14,20398,0
17059,13,14,20028,350
17059,13,14,19658,420
17059,13,14,18918,490
17059,13,14,18548,560
17059,13,14,17808,630
17059,13,14,17438,700
17059,13,14,17068,770
17059,13,14,1,840
21138,13,14,22259,0
21138,13,14,21889,490
21138,13,14,21519,700
21138,13,14,21149,980
21138,13,14,1,1190
31904,13,14,33018,0
31904,13,14,32648,490
31904,13,14,32278,770
31904,13,14,31908,980
31904,13,14,1,1260
28940,13,14,30420,0
28940,13,14,30050,350
28940,13,14,29680,630
28940,13,14,29310,840
28940,13,14,28940,1120
28940,13,14,1,1330
18174,13,14,20401,0
18174,13,14,20031,350
18174,13,14,19291,420
18174,13,14,18921,490
18174,13,14,18181,560
18174,13,14,1,630
29311,13,14,30791,0
29311,13,14,30421,350
29311,13,14,30051,630
29311,13,14,29681,840
29311,13,14,29311,1120
29311,13,14,1,1330
23374,13,14,24115,0
23374,13,14,23745,420
23374,13,14,23375,700
23374,13,14,1,910
15206,13,14,17063,0
15206,13,14,16693,350
15206,13,14,16323,420
15206,13,14,15953,490
15206,13,14,15213,560
15206,13,14,1,630
19285,13,14,21144,0
19285,13,14,20774,490
19285,13,14,20034,770
19285,13,14,19664,840
19285,13,14,1,910
16321,13,14,18176,0
16321,13,14,17806,350
16321,13,14,17436,420
16321,13,14,17066,490
16321,13,14,16326,560
16321,13,14,1,630
19294,13,14,21884,0
19294,13,14,21514,350
19294,13,14,21144,630
19294,13,14,20774,840
19294,13,14,20404,1120
19294,13,14,19664,1190
19294,13,14,19294,1260
19294,13,14,1,1330
16683,13,14,20767,0
16683,13,14,20397,490
16683,13,14,19657,560
16683,13,14,19287,630
16683,13,14,18917,700
16683,13,14,18177,770
16683,13,14,17807,840
16683,13,14,17067,910
16683,13,14,16697,980
16683,13,14,1,1050
12613,13,14,13356,0
12613,13,14,12986,350
12613,13,14,12616,420
12613,13,14,1,490
19656,13,14,21145,0
19656,13,14,20775,560
19656,13,14,20035,840
19656,13,14,19665,910
19656,13,14,1,980
16692,13,14,18547,0
16692,13,14,18177,350
16692,13,14,17807,420
16692,13,14,17437,490
16692,13,14,16697,560
16692,13,14,1,630
20762,13,14,21888,0
20762,13,14,21518,490
20762,13,14,21148,700
20762,13,14,20778,980
20762,13,14,1,1190
19665,13,14,21885,0
19665,13,14,21515,420
19665,13,14,21145,700
19665,13,14,20775,910
19665,13,14,20405,1190
19665,13,14,19665,1260
19665,13,14,1,1330
13728,13,14,14099,0
13728,13,14,13729,350
13728,13,14,1,420
20771,13,14,21148,0
20771,13,14,20778,490
20771,13,14,1,770
31537,13,14,32647,0
31537,13,14,32277,560
31537,13,14,31907,770
31537,13,14,31537,1050
31537,13,14,1,1330
17054,13,14,20768,0
17054,13,14,20028,560
17054,13,14,19658,630
17054,13,14,19288,700
17054,13,14,18548,770
17054,13,14,18178,840
17054,13,14,17438,910
17054,13,14,17068,980
17054,13,14,1,1050
24856,13,14,26339,0
24856,13,14,25969,490
24856,13,14,25599,770
24856,13,14,25229,980
24856,13,14,24859,1260
24856,13,14,1,1470
14099,13,14,14470,0
14099,13,14,14100,350
14099,13,14,1,420
18169,13,14,20771,0
18169,13,14,20031,420
18169,13,14,19661,490
18169,13,14,18921,560
18169,13,14,18551,630
18169,13,14,18181,700
18169,13,14,1,770
31908,13,14,33018,0
31908,13,14,32648,560
31908,13,14,32278,770
31908,13,14,31908,1050
31908,13,14,1,1330
25971,13,14,26712,0
25971,13,14,26342,420
25971,13,14,25972,630
25971,13,14,1,910
17803,13,14,20030,0
17803,13,14,19660,350
17803,13,14,18920,420
17803,13,14,18550,490
17803,13,14,17810,560
17803,13,14,1,630
26342,13,14,27083,0
26342,13,14,26713,420
26342,13,14,26343,630
26342,13,14,1,910
16316,13,14,20396,0
16316,13,14,20026,350
16316,13,14,19656,420
16316,13,14,18916,490
16316,13,14,18546,560
16316,13,14,17806,630
16316,13,14,17436,700
16316,13,14,17066,770
16316,13,14,16326,840
16316,13,14,1,910
19289,13,14,20774,0
19289,13,14,20404,560
19289,13,14,19664,630
19289,13,14,19294,700
19289,13,14,1,770
22262,13,14,23742,0
22262,13,14,23372,490
22262,13,14,23002,770
22262,13,14,22632,980
22262,13,14,22262,1260
22262,13,14,1,1470
16325,13,14,18176,0
16325,13,14,17806,350
16325,13,14,17436,420
16325,13,14,16696,490
16325,13,14,16326,560
16325,13,14,1,630
16687,13,14,20767,0
16687,13,14,20397,350
16687,13,14,20027,420
16687,13,14,19287,490
16687,13,14,18917,560
16687,13,14,18177,630
16687,13,14,17807,700
16687,13,14,17437,770
16687,13,14,16697,840
16687,13,14,1,910
27453,13,14,28566,0
27453,13,14,28196,560
27453,13,14,27826,840
27453,13,14,27456,1050
27453,13,14,1,1330
16696,13,14,18547,0
16696,13,14,18177,350
16696,13,14,17807,420
16696,13,14,17067,490
16696,13,14,16697,560
16696,13,14,1,630
20766,13,14,21518,0
20766,13,14,21148,420
20766,13,14,20778,630
20766,13,14,1,910
1,14,15,1,0
21887,14,15,23001,0
21887,14,15,22631,490
21887,14,15,22261,700
21887,14,15,21891,980
21887,14,15,1,1260
28939,14,15,29310,0
28939,14,15,28940,560
28939,14,15,1,770
17798,14,15,20400,0
17798,14,15,20030,350
17798,14,15,19660,420
17798,14,15,19290,490
17798,14,15,18550,560
17798,14,15,18180,630
17798,14,15,1,700
17807,14,15,20030,0
17807,14,15,19660,350
17807,14,15,18920,420
17807,14,15,18550,490
17807,14,15,17810,560
17807,14,15,1,630
23373,14,15,24485,0
23373,14,15,24115,490
23373,14,15,23745,700
23373,14,15,23375,980
23373,14,15,1,1260
15205,14,15,18543,0
15205,14,15,18173,350
15205,14,15,17433,420
15205,14,15,17063,490
15205,14,15,16693,560
15205,14,15,15953,630
15205,14,15,15583,700
15205,14,15,1,770
19284,14,15,21514,0
19284,14,15,21144,350
19284,14,15,20774,560
19284,14,15,20404,840
19284,14,15,19664,910
19284,14,15,19294,980
19284,14,15,1,1050
30050,14,15,31163,0
30050,14,15,30793,560
30050,14,15,30423,770
30050,14,15,30053,1050
30050,14,15,1,1260
16320,14,15,18176,0
16320,14,15,17806,350
16320,14,15,17436,420
16320,14,15,16696,490
16320,14,15,16326,560
16320,14,15,1,630
19293,14,15,20774,0
19293,14,15,20034,560
19293,14,15,19664,630
19293,14,15,1,700
24484,14,15,25968,0
24484,14,15,25598,490
24484,14,15,25228,770
24484,14,15,24858,980
24484,14,15,24488,1260
13727,14,15,14099,0
13727,14,15,13729,350
13727,14,15,1,420
31536,14,15,31907,0
31536,14,15,31537,490
31536,14,15,1,700
20395,14,15,21147,0
20395,14,15,20777,560
20395,14,15,20407,840
20395,14,15,1,910
20404,14,15,21147,0
20404,14,15,20777,490
20404,14,15,20407,700
20404,14,15,1,770
32648,14,15,33390,0
32648,14,15,33020,490
32648,14,15,32650,770
32648,14,15,1,980
24855,14,15,26339,0
24855,14,15,25969,490
24855,14,15,25599,770
24855,14,15,25229,980
24855,14,15,24859,1260
21891,14,15,23371,0
21891,14,15,23001,350
21891,14,15,22631,630
21891,14,15,22261,840
21891,14,15,21891,1120
21891,14,15,1,1330
25970,14,15,27082,0
25970,14,15,26712,420
25970,14,15,26342,700
25970,14,15,25972,910
25970,14,15,1,1190
28568,14,15,28939,0
28568,14,15,28569,560
28568,14,15,1,770
17802,14,15,20770,0
17802,14,15,20400,420
17802,14,15,19660,490
17802,14,15,19290,560
17802,14,15,18550,630
17802,14,15,18180,700
17802,14,15,17810,770
17802,14,15,1,840
14838,14,15,16692,0
14838,14,15,16322,350
14838,14,15,15952,420
14838,14,15,15212,490
14838,14,15,14842,560
14838,14,15,1,630
23002,14,15,24114,0
23002,14,15,23744,490
23002,14,15,23374,700
23002,14,15,23004,980
23002,14,15,1,1260
15209,14,15,17063,0
15209,14,15,16693,350
15209,14,15,16323,420
15209,14,15,15583,490
15209,14,15,15213,560
15209,14,15,1,630
16315,14,15,20396,0
16315,14,15,20026,350
16315,14,15,19286,420
16315,14,15,18916,490
16315,14,15,18546,560
16315,14,15,17806,630
16315,14,15,17436,700
16315,14,15,16696,770
16315,14,15,16326,840
16315,14,15,1,910
12245,14,15,17425,0
12245,14,15,17055,350
12245,14,15,16315,420
12245,14,15,15945,490
12245,14,15,15205,560
12245,14,15,14835,630
12245,14,15,14465,700
12245,14,15,13725,770
12245,14,15,13355,840
12245,14,15,12615,910
12245,14,15,12245,980
12245,14,15,1,1050
27081,14,15,28565,0
27081,14,15,28195,420
27081,14,15,27825,630
27081,14,15,27455,910
27081,14,15,27085,1120
27081,14,15,1,1400
19288,14,15,20774,0
19288,14,15,20034,560
19288,14,15,19664,630
19288,14,15,19294,700
19288,14,15,1,770
16324,14,15,18176,0
16324,14,15,17806,350
16324,14,15,17436,420
16324,14,15,16696,490
16324,14,15,16326,560
16324,14,15,1,630
18922,14,15,20773,0
18922,14,15,20403,420
18922,14,15,19663,490
18922,14,15,19293,560
18922,14,15,18923,630
18922,14,15,1,700
27452,14,15,28566,0
27452,14,15,28196,560
27452,14,15,27826,840
27452,14,15,27456,1050
27452,14,15,1,1330
24488,14,15,25968,0
24488,14,15,25598,490
24488,14,15,25228,770
24488,14,15,24858,980
24488,14,15,24488,1260
24488,14,15,1,1470
17426,14,15,20029,0
17426,14,15,19659,350
17426,14,15,19289,420
17426,14,15,18549,490
17426,14,15,18179,560
17426,14,15,17809,630
17426,14,15,1,700
13356,14,15,13728,0
13356,14,15,13358,350
13356,14,15,1,420
20399,14,15,21517,0
20399,14,15,21147,420
20399,14,15,20777,630
20399,14,15,20407,910
20399,14,15,1,980
17435,14,15,19289,0
17435,14,15,18919,350
17435,14,15,18549,420
17435,14,15,17809,490
17435,14,15,17439,560
17435,14,15,1,630
21886,14,15,22631,0
21886,14,15,22261,560
21886,14,15,21891,840
21886,14,15,1,1050
17797,14,15,20400,0
17797,14,15,20030,350
17797,14,15,19660,420
17797,14,15,19290,490
17797,14,15,18550,560
17797,14,15,18180,630
17797,14,15,1,700
25599,14,15,26711,0
25599,14,15,26341,420
25599,14,15,25971,700
25599,14,15,25601,910
25599,14,15,1,1190
17806,14,15,19660,0
17806,14,15,19290,350
17806,14,15,18920,420
17806,14,15,18180,490
17806,14,15,17810,560
17806,14,15,1,630
14842,14,15,20762,0
14842,14,15,20022,420
14842,14,15,19652,490
14842,14,15,19282,560
14842,14,15,18542,630
14842,14,15,18172,700
14842,14,15,17432,770
14842,14,15,17062,840
14842,14,15,16692,910
14842,14,15,15952,980
14842,14,15,15582,1050
14842,14,15,14842,1120
14842,14,15,1,1190
29678,14,15,30792,0
29678,14,15,30422,560
29678,14,15,30052,840
29678,14,15,29682,1050
29678,14,15,1,1330
15204,14,15,18543,0
15204,14,15,18173,350
15204,14,15,17433,420
15204,14,15,17063,490
15204,14,15,16693,560
15204,14,15,15953,630
15204,14,15,15583,700
15204,14,15,1,770
20033,14,15,21146,0
20033,14,15,20776,420
20033,14,15,20406,630
20033,14,15,20036,700
20033,14,15,1,770
30049,14,15,31163,0
30049,14,15,30793,560
30049,14,15,30423,840
30049,14,15,30053,1050
30049,14,15,1,1330
27085,14,15,28565,0
27085,14,15,28195,490
27085,14,15,27825,700
27085,14,15,27455,980
27085,14,15,27085,1260
27085,14,15,1,1470
18917,14,15,20773,0
18917,14,15,20403,420
18917,14,15,20033,490
18917,14,15,19293,560
18917,14,15,18923,630
18917,14,15,1,700
15953,14,15,17805,0
15953,14,15,17435,350
15953,14,15,17065,420
15953,14,15,16325,490
15953,14,15,15955,560
15953,14,15,1,630
20394,14,15,21147,0
20394,14,15,20777,560
20394,14,15,20407,840
20394,14,15,1,910
17430,14,15,20769,0
17430,14,15,20399,350
17430,14,15,19659,420
17430,14,15,19289,490
17430,14,15,18919,560
17430,14,15,18179,630
17430,14,15,17809,700
17430,14,15,1,770
20403,14,15,21147,0
20403,14,15,20777,490
20403,14,15,20407,700
20403,14,15,1,770
17439,14,15,21139,0
17439,14,15,20769,490
17439,14,15,20029,770
17439,14,15,19659,840
17439,14,15,19289,910
17439,14,15,18549,980
17439,14,15,18179,1050
17439,14,15,17439,1120
17439,14,15,1,1190
32647,14,15,33760,0
32647,14,15,33390,490
32647,14,15,33020,700
32647,14,15,32650,980
32647,14,15,1,1190
28567,14,15,29309,0
28567,14,15,28939,560
28567,14,15,28569,770
28567,14,15,1,1050
17801,14,15,20770,0
17801,14,15,20400,420
17801,14,15,19660,490
17801,14,15,19290,560
17801,14,15,18550,630
17801,14,15,18180,700
17801,14,15,17810,770
17801,14,15,1,840
29682,14,15,31162,0
29682,14,15,30792,350
29682,14,15,30422,630
29682,14,15,30052,840
29682,14,15,29682,1120
29682,14,15,1,1330
20028,14,15,21516,0
20028,14,15,21146,350
20028,14,15,20776,630
20028,14,15,20406,840
20028,14,15,20036,910
20028,14,15,1,980
23001,14,15,24484,0
23001,14,15,24114,560
23001,14,15,23744,770
23001,14,15,23374,1050
23001,14,15,23004,1260
18921,14,15,20773,0
18921,14,15,20403,420
18921,14,15,20033,490
18921,14,15,19293,560
18921,14,15,18923,630
18921,14,15,1,700
31165,14,15,31536,0
31165,14,15,31166,490
31165,14,15,1,770
17425,14,15,20769,0
17425,14,15,20399,560
17425,14,15,20029,630
17425,14,15,19289,700
17425,14,15,18919,770
17425,14,15,18549,840
17425,14,15,17809,910
17425,14,15,17439,980
17425,14,15,1,1050
13355,14,15,14098,0
13355,14,15,13728,350
13355,14,15,1,420
20398,14,15,21517,0
20398,14,15,21147,420
20398,14,15,20777,630
20398,14,15,20407,910
20398,14,15,1,980
17434,14,15,19289,0
17434,14,15,18919,350
17434,14,15,18549,420
17434,14,15,17809,490
17434,14,15,17439,560
17434,14,15,1,630
21519,14,15,21890,0
21519,14,15,21520,560
21519,14,15,1,770
17796,14,15,21140,0
17796,14,15,20770,420
17796,14,15,20400,630
17796,14,15,20030,700
17796,14,15,19290,770
17796,14,15,18920,840
17796,14,15,18180,910
17796,14,15,17810,980
17796,14,15,1,1050
25598,14,15,27081,0
25598,14,15,26711,420
25598,14,15,26341,700
25598,14,15,25971,980
25598,14,15,25601,1190
25598,14,15,1,1470
20023,14,15,21146,0
20023,14,15,20776,490
20023,14,15,20406,770
20023,14,15,1,840
20032,14,15,21146,0
20032,14,15,20776,420
20032,14,15,20406,630
20032,14,15,20036,700
20032,14,15,1,770
27084,14,15,27825,0
27084,14,15,27455,420
27084,14,15,27085,630
27084,14,15,1,910
15943,14,15,18545,0
15943,14,15,18175,350
15943,14,15,17805,420
15943,14,15,17065,490
15943,14,15,16695,560
15943,14,15,16325,630
15943,14,15,1,700
11873,14,15,12984,0
11873,14,15,12614,350
11873,14,15,11874,420
11873,14,15,1,490
18916,14,15,20773,0
18916,14,15,20403,420
18916,14,15,20033,490
18916,14,15,19293,560
18916,14,15,18923,630
18916,14,15,1,700
15952,14,15,17805,0
15952,14,15,17435,350
15952,14,15,17065,420
15952,14,15,16695,490
15952,14,15,15955,560
15952,14,15,1,630
32275,14,15,33389,0
32275,14,15,33019,490
32275,14,15,32649,770
32275,14,15,32279,980
32275,14,15,1,1260
24116,14,15,24857,0
24116,14,15,24487,420
24116,14,15,24117,700
24116,14,15,1,910
20393,14,15,21887,0
20393,14,15,21517,420
20393,14,15,21147,630
20393,14,15,20777,910
20393,14,15,20407,1120
20393,14,15,1,1190
28195,14,15,29308,0
28195,14,15,28938,490
28195,14,15,28568,770
28195,14,15,28198,1050
28195,14,15,1,1260
17438,14,15,19289,0
17438,14,15,18919,350
17438,14,15,18549,420
17438,14,15,17809,490
17438,14,15,17439,560
17438,14,15,1,630
18541,14,15,21142,0
18541,14,15,20772,350
18541,14,15,20032,630
18541,14,15,19662,700
18541,14,15,19292,770
18541,14,15,18552,840
18541,14,15,1,910
21514,14,15,22630,0
21514,14,15,22260,490
21514,14,15,21890,700
21514,14,15,21520,980
21514,14,15,1,1190
18550,14,15,20402,0
18550,14,15,20032,350
18550,14,15,19662,420
18550,14,15,18922,490
18550,14,15,18552,560
18550,14,15,1,630
28566,14,15,29679,0
28566,14,15,29309,490
28566,14,15,28939,770
28566,14,15,28569,1050
28566,14,15,1,1260
22629,14,15,24113,0
22629,14,15,23743,560
22629,14,15,23373,770
22629,14,15,23003,1050
22629,14,15,22633,1260
29681,14,15,30052,0
29681,14,15,29682,560
29681,14,15,1,770
14470,14,15,14841,0
14470,14,15,14471,350
14470,14,15,1,420
30793,14,15,31535,0
30793,14,15,31165,560
30793,14,15,30795,840
30793,14,15,1,1050
20027,14,15,21516,0
20027,14,15,21146,350
20027,14,15,20776,630
20027,14,15,20406,840
20027,14,15,20036,910
20027,14,15,1,980
23000,14,15,24484,0
23000,14,15,24114,560
23000,14,15,23744,770
23000,14,15,23374,1050
23000,14,15,23004,1330
20036,14,15,21886,0
20036,14,15,21516,490
20036,14,15,21146,700
20036,14,15,20776,980
20036,14,15,20036,1260
20036,14,15,1,1330
18911,14,15,20773,0
18911,14,15,20033,560
18911,14,15,19663,630
18911,14,15,18923,700
18911,14,15,1,770
26713,14,15,27454,0
26713,14,15,27084,420
26713,14,15,26714,630
26713,14,15,1,910
15947,14,15,19285,0
15947,14,15,18915,350
15947,14,15,18175,420
15947,14,15,17805,490
15947,14,15,17435,560
15947,14,15,16695,630
15947,14,15,16325,700
15947,14,15,1,770
18920,14,15,20773,0
18920,14,15,20403,420
18920,14,15,20033,490
18920,14,15,19293,560
18920,14,15,18923,630
18920,14,15,1,700
12983,14,15,13727,0
12983,14,15,13357,350
12983,14,15,1,420
31164,14,15,31906,0
31164,14,15,31536,560
31164,14,15,31166,770
31164,14,15,1,1050
32279,14,15,33389,0
32279,14,15,33019,560
32279,14,15,32649,770
32279,14,15,32279,1050
32279,14,15,1,1330
17068,14,15,21138,0
17068,14,15,20768,420
17068,14,15,20398,700
17068,14,15,19658,770
17068,14,15,19288,840
17068,14,15,18918,910
17068,14,15,18178,980
17068,14,15,17808,1050
17068,14,15,17068,1120
17068,14,15,1,1190
21147,14,15,21519,0
21147,14,15,21149,560
21147,14,15,1,770
17424,14,15,20769,0
17424,14,15,20399,560
17424,14,15,20029,630
17424,14,15,19289,700
17424,14,15,18919,770
17424,14,15,18549,840
17424,14,15,17809,910
17424,14,15,17439,980
17424,14,15,1,1050
13354,14,15,13728,0
13354,14,15,13358,350
13354,14,15,1,420
25226,14,15,26710,0
25226,14,15,26340,490
25226,14,15,25970,770
25226,14,15,25600,980
25226,14,15,25230,1260
25226,14,15,1,1470
18545,14,15,20402,0
18545,14,15,20032,350
18545,14,15,19662,420
18545,14,15,19292,490
18545,14,15,18552,560
18545,14,15,1,630
21518,14,15,22630,0
21518,14,15,22260,350
21518,14,15,21890,560
21518,14,15,21520,840
21518,14,15,1,1120
15581,14,15,17434,0
15581,14,15,17064,350
15581,14,15,16694,420
15581,14,15,16324,490
15581,14,15,15584,560
15581,14,15,1,630
33390,14,15,34132,0
33390,14,15,33762,560
33390,14,15,33392,770
33390,14,15,1,1050
25597,14,15,27081,0
25597,14,15,26711,420
25597,14,15,26341,700
25597,14,15,25971,980
25597,14,15,25601,1190
25597,14,15,1,1470
22633,14,15,24113,0
22633,14,15,23743,490
22633,14,15,23373,770
22633,14,15,23003,980
22633,14,15,22633,1260
22633,14,15,1,1470
14465,14,15,14841,0
14465,14,15,14471,350
14465,14,15,1,420
20022,14,15,21516,0
20022,14,15,21146,560
20022,14,15,20776,840
20022,14,15,20406,1050
20022,14,15,20036,1120
20022,14,15,1,1190
33761,14,15,34503,0
33761,14,15,34133,560
33761,14,15,33763,770
33761,14,15,1,1050
27824,14,15,28937,0
27824,14,15,28567,560
27824,14,15,28197,840
27824,14,15,27827,1050
27824,14,15,1,1330
20031,14,15,21146,0
20031,14,15,20776,420
20031,14,15,20406,630
20031,14,15,20036,700
20031,14,15,1,770
23744,14,15,24856,0
23744,14,15,24486,490
23744,14,15,24116,770
23744,14,15,23746,980
23744,14,15,1,1260
15951,14,15,17805,0
15951,14,15,17435,350
15951,14,15,17065,420
15951,14,15,16325,490
15951,14,15,15955,560
15951,14,15,1,630
12987,14,15,18167,0
12987,14,15,17797,350
12987,14,15,17057,420
12987,14,15,16687,490
12987,14,15,15947,560
12987,14,15,15577,630
12987,14,15,15207,700
12987,14,15,14467,770
12987,14,15,14097,840
12987,14,15,13357,910
12987,14,15,12987,980
12987,14,15,1,1050
17063,14,15,18918,0
17063,14,15,18548,350
17063,14,15,18178,420
17063,14,15,17438,490
17063,14,15,17068,560
17063,14,15,1,630
21142,14,15,21889,0
21142,14,15,21519,560
21142,14,15,21149,840
21142,14,15,1,1050
24115,14,15,25227,0
24115,14,15,24857,490
24115,14,15,24487,700
24115,14,15,24117,980
24115,14,15,1,1190
18178,14,15,20401,0
18178,14,15,20031,350
18178,14,15,19291,420
18178,14,15,18921,490
18178,14,15,18181,560
18178,14,15,1,630
28194,14,15,29308,0
28194,14,15,28938,560
28194,14,15,28568,770
28194,14,15,28198,1050
28194,14,15,1,1260
25230,14,15,26710,0
25230,14,15,26340,490
25230,14,15,25970,700
25230,14,15,25600,980
25230,14,15,25230,1260
25230,14,15,1,1470
18540,14,15,20772,0
18540,14,15,20402,420
18540,14,15,20032,490
18540,14,15,19292,560
18540,14,15,18922,630
18540,14,15,1,700
21513,14,15,22630,0
21513,14,15,22260,490
21513,14,15,21890,700
21513,14,15,21520,980
21513,14,15,1,1190
15576,14,15,18914,0
15576,14,15,18544,350
15576,14,15,17804,420
15576,14,15,17434,490
15576,14,15,17064,560
15576,14,15,16324,630
15576,14,15,15954,700
15576,14,15,1,770
18549,14,15,20772,0
18549,14,15,20402,350
18549,14,15,19662,420
18549,14,15,19292,490
18549,14,15,18552,560
18549,14,15,1,630
30421,14,15,31534,0
30421,14,15,31164,560
30421,14,15,30794,770
30421,14,15,30424,1050
30421,14,15,1,1260
14469,14,15,14841,0
14469,14,15,14471,350
14469,14,15,1,420
20026,14,15,21516,0
20026,14,15,21146,420
20026,14,15,20776,700
20026,14,15,20036,980
20026,14,15,1,1050
30792,14,15,31905,0
30792,14,15,31535,560
30792,14,15,31165,770
30792,14,15,30795,1050
30792,14,15,1,1260
19660,14,15,21145,0
19660,14,15,20775,350
19660,14,15,20035,630
19660,14,15,19665,700
19660,14,15,1,770
26712,14,15,27824,0
26712,14,15,27454,420
26712,14,15,27084,700
26712,14,15,26714,910
26712,14,15,1,1190
20775,14,15,21148,0
20775,14,15,20778,490
20775,14,15,1,770
17067,14,15,18918,0
17067,14,15,18548,350
17067,14,15,18178,420
17067,14,15,17438,490
17067,14,15,17068,560
17067,14,15,1,630
21137,14,15,22259,0
21137,14,15,21889,490
21137,14,15,21519,700
21137,14,15,21149,980
21137,14,15,1,1190
18173,14,15,20771,0
18173,14,15,20031,490
18173,14,15,19661,560
18173,14,15,18921,630
18173,14,15,18551,700
18173,14,15,18181,770
18173,14,15,1,840
21146,14,15,21519,0
21146,14,15,21149,560
21146,14,15,1,770
33018,14,15,34131,0
33018,14,15,33761,560
33018,14,15,33391,770
33018,14,15,33021,1050
33018,14,15,1,1260
29310,14,15,29681,0
29310,14,15,29311,560
29310,14,15,1,770
18544,14,15,20772,0
18544,14,15,20402,490
18544,14,15,20032,560
18544,14,15,19292,630
18544,14,15,18922,700
18544,14,15,18552,770
18544,14,15,1,840
15580,14,15,17434,0
15580,14,15,17064,350
15580,14,15,16694,420
15580,14,15,15954,490
15580,14,15,15584,560
15580,14,15,1,630
33389,14,15,34502,0
33389,14,15,34132,560
33389,14,15,33762,840
33389,14,15,33392,1050
33389,14,15,1,1330
14464,14,15,14841,0
14464,14,15,14471,350
14464,14,15,1,420
27823,14,15,28937,0
27823,14,15,28567,560
27823,14,15,28197,840
27823,14,15,27827,1050
27823,14,15,1,1330
19655,14,15,21515,0
19655,14,15,21145,420
19655,14,15,20775,630
19655,14,15,20405,910
19655,14,15,19665,980
19655,14,15,1,1050
16691,14,15,18547,0
16691,14,15,18177,350
16691,14,15,17807,420
16691,14,15,17067,490
16691,14,15,16697,560
16691,14,15,1,630
19664,14,15,21145,0
19664,14,15,20775,350
19664,14,15,20405,560
19664,14,15,20035,630
19664,14,15,19665,700
19664,14,15,1,770
20770,14,15,21518,0
20770,14,15,21148,490
20770,14,15,20778,700
20770,14,15,1,980
23743,14,15,25226,0
23743,14,15,24856,560
23743,14,15,24486,770
23743,14,15,24116,1050
23743,14,15,23746,1330
17053,14,15,20768,0
17053,14,15,20028,560
17053,14,15,19658,630
17053,14,15,18918,700
17053,14,15,18548,770
17053,14,15,18178,840
17053,14,15,17438,910
17053,14,15,17068,980
17053,14,15,1,1050
17062,14,15,18918,0
17062,14,15,18548,350
17062,14,15,18178,420
17062,14,15,17438,490
17062,14,15,17068,560
17062,14,15,1,630
14098,14,15,14470,0
14098,14,15,14100,350
14098,14,15,1,420
18168,14,15,20771,0
18168,14,15,20401,350
18168,14,15,20031,420
18168,14,15,19661,490
18168,14,15,18921,560
18168,14,15,18551,630
18168,14,15,1,700
31907,14,15,32278,0
31907,14,15,31908,490
31907,14,15,1,700
21141,14,15,21889,0
21141,14,15,21519,420
21141,14,15,21149,630
21141,14,15,1,910
18177,14,15,20031,0
18177,14,15,19661,350
18177,14,15,19291,420
18177,14,15,18921,490
18177,14,15,18181,560
18177,14,15,1,630
18539,14,15,20772,0
18539,14,15,20402,420
18539,14,15,20032,490
18539,14,15,19292,560
18539,14,15,18922,630
18539,14,15,1,700
26341,14,15,27453,0
26341,14,15,27083,420
26341,14,15,26713,700
26341,14,15,26343,910
26341,14,15,1,1190
15584,14,15,20764,0
15584,14,15,20394,490
15584,14,15,20024,560
15584,14,15,19284,630
15584,14,15,18914,700
15584,14,15,18174,770
15584,14,15,17804,840
15584,14,15,17434,910
15584,14,15,16694,980
15584,14,15,16324,1050
15584,14,15,15584,1120
15584,14,15,1,1190
30420,14,15,31534,0
30420,14,15,31164,560
30420,14,15,30794,840
30420,14,15,30424,1050
30420,14,15,1,1330
22261,14,15,23002,0
22261,14,15,22632,420
22261,14,15,22262,700
22261,14,15,1,910
27827,14,15,29307,0
27827,14,15,28937,420
27827,14,15,28567,630
27827,14,15,28197,910
27827,14,15,27827,1190
27827,14,15,1,1400
16686,14,15,20767,0
16686,14,15,20397,350
16686,14,15,19657,420
16686,14,15,19287,490
16686,14,15,18917,560
16686,14,15,18177,630
16686,14,15,17807,700
16686,14,15,17067,770
16686,14,15,16697,840
16686,14,15,1,910
12616,14,15,17796,0
12616,14,15,17426,350
12616,14,15,16686,420
12616,14,15,16316,490
12616,14,15,15576,560
12616,14,15,15206,630
12616,14,15,14836,700
12616,14,15,14096,770
12616,14,15,13726,840
12616,14,15,12986,910
12616,14,15,12616,980
12616,14,15,1,1050
19659,14,15,21145,0
19659,14,15,20775,350
19659,14,15,20035,630
19659,14,15,19665,700
19659,14,15,1,770
16695,14,15,18547,0
16695,14,15,18177,350
16695,14,15,17807,420
16695,14,15,17067,490
16695,14,15,16697,560
16695,14,15,1,630
20765,14,15,21518,0
20765,14,15,21148,350
20765,14,15,20778,630
20765,14,15,1,910
20774,14,15,21148,0
20774,14,15,20778,490
20774,14,15,1,770
17057,14,15,20768,0
17057,14,15,20028,420
17057,14,15,19658,490
17057,14,15,19288,560
17057,14,15,18548,630
17057,14,15,18178,700
17057,14,15,17438,770
17057,14,15,17068,840
17057,14,15,1,910
24859,14,15,26339,0
24859,14,15,25969,490
24859,14,15,25599,700
24859,14,15,25229,980
24859,14,15,24859,1190
24859,14,15,1,1470
14093,14,15,14470,0
14093,14,15,14100,350
14093,14,15,1,420
17066,14,15,18918,0
17066,14,15,18548,350
17066,14,15,18178,420
17066,14,15,17438,490
17066,14,15,17068,560
17066,14,15,1,630
21136,14,15,21889,0
21136,14,15,21519,560
21136,14,15,21149,840
21136,14,15,1,1050
18172,14,15,20771,0
18172,14,15,20031,490
18172,14,15,19661,560
18172,14,15,18921,630
18172,14,15,18551,700
18172,14,15,18181,770
18172,14,15,1,840
28938,14,15,29680,0
28938,14,15,29310,560
28938,14,15,28940,770
28938,14,15,1,1050
18181,14,15,21511,0
18181,14,15,21141,350
18181,14,15,20771,630
18181,14,15,20401,840
18181,14,15,20031,910
18181,14,15,19291,980
18181,14,15,18921,1050
18181,14,15,18551,1120
18181,14,15,1,1190
29309,14,15,30051,0
29309,14,15,29681,560
29309,14,15,29311,770
29309,14,15,1,1050
23372,14,15,24855,0
23372,14,15,24485,560
23372,14,15,24115,770
23372,14,15,23745,1050
23372,14,15,23375,1260
30424,14,15,31904,0
30424,14,15,31534,350
30424,14,15,31164,630
30424,14,15,30794,840
30424,14,15,30424,1120
30424,14,15,1,1330
15213,14,15,20763,0
15213,14,15,20393,420
15213,14,15,20023,490
15213,14,15,19653,560
15213,14,15,18913,630
15213,14,15,18543,700
15213,14,15,17803,770
15213,14,15,17433,840
15213,14,15,17063,910
15213,14,15,16323,980
15213,14,15,15953,1050
15213,14,15,15213,1120
15213,14,15,1,1190
19283,14,15,21514,0
19283,14,15,21144,350
19283,14,15,20774,560
19283,14,15,20404,840
19283,14,15,19664,910
19283,14,15,19294,980
19283,14,15,1,1050
19292,14,15,20774,0
19292,14,15,20034,560
19292,14,15,19664,630
19292,14,15,1,700
19654,14,15,21515,0
19654,14,15,21145,420
19654,14,15,20775,630
19654,14,15,20405,910
19654,14,15,19665,980
19654,14,15,1,1050
27456,14,15,28936,0
27456,14,15,28566,420
27456,14,15,28196,700
27456,14,15,27826,910
27456,14,15,27456,1190
27456,14,15,1,1400
19663,14,15,21145,0
19663,14,15,20775,350
19663,14,15,20405,560
19663,14,15,20035,630
19663,14,15,19665,700
19663,14,15,1,770
13726,14,15,14469,0
13726,14,15,14099,350
13726,14,15,1,420
20769,14,15,21518,0
20769,14,15,21148,490
20769,14,15,20778,700
20769,14,15,1,980
31535,14,15,32277,0
31535,14,15,31907,490
31535,14,15,31537,770
31535,14,15,1,980
23742,14,15,25226,0
23742,14,15,24856,560
23742,14,15,24486,770
23742,14,15,24116,1050
23742,14,15,23746,1330
20778,14,15,21888,0
20778,14,15,21518,560
20778,14,15,21148,840
20778,14,15,20778,1050
20778,14,15,1,1330
21890,14,15,22261,0
21890,14,15,21891,560
21890,14,15,1,770
18167,14,15,21141,0
18167,14,15,20771,420
18167,14,15,20401,700
18167,14,15,19661,770
18167,14,15,19291,840
18167,14,15,18551,910
18167,14,15,18181,980
18167,14,15,1,1050
14097,14,15,14840,0
14097,14,15,14470,350
14097,14,15,1,420
31906,14,15,32648,0
31906,14,15,32278,490
31906,14,15,31908,770
31906,14,15,1,980
25969,14,15,27452,0
25969,14,15,27082,420
25969,14,15,26712,700
25969,14,15,26342,910
25969,14,15,25972,1190
25969,14,15,1,1470
18176,14,15,20031,0
18176,14,15,19661,350
18176,14,15,19291,420
18176,14,15,18921,490
18176,14,15,18181,560
18176,14,15,1,630
33021,14,15,34131,0
33021,14,15,33761,560
33021,14,15,33391,770
33021,14,15,33021,1050
33021,14,15,1,1330
17810,14,15,21140,0
17810,14,15,20770,560
17810,14,15,20030,840
17810,14,15,19660,910
17810,14,15,18920,980
17810,14,15,18550,1050
17810,14,15,18180,1120
17810,14,15,1,1190
26340,14,15,27823,0
26340,14,15,27453,420
26340,14,15,27083,700
26340,14,15,26713,910
26340,14,15,26343,1190
26340,14,15,1,1470
15208,14,15,17063,0
15208,14,15,16693,350
15208,14,15,16323,420
15208,14,15,15583,490
15208,14,15,15213,560
15208,14,15,1,630
16314,14,15,18916,0
16314,14,15,18546,350
16314,14,15,18176,420
16314,14,15,17436,490
16314,14,15,17066,560
16314,14,15,16696,630
16314,14,15,1,700
12244,14,15,12985,0
12244,14,15,12615,350
12244,14,15,1,420
30053,14,15,31533,0
30053,14,15,31163,350
30053,14,15,30793,630
30053,14,15,30423,840
30053,14,15,30053,1120
30053,14,15,1,1330
19287,14,15,20774,0
19287,14,15,20034,560
19287,14,15,19664,630
19287,14,15,19294,700
19287,14,15,1,770
22260,14,15,23372,0
22260,14,15,23002,490
22260,14,15,22632,700
22260,14,15,22262,980
22260,14,15,1,1190
16323,14,15,18176,0
16323,14,15,17806,350
16323,14,15,17436,420
16323,14,15,17066,490
16323,14,15,16326,560
16323,14,15,1,630
12615,14,15,13356,0
12615,14,15,12986,350
12615,14,15,1,420
19658,14,15,21145,0
19658,14,15,20775,350
19658,14,15,20035,630
19658,14,15,19665,700
19658,14,15,1,770
24487,14,15,25228,0
24487,14,15,24858,420
24487,14,15,24488,700
24487,14,15,1,910
16694,14,15,18547,0
16694,14,15,18177,350
16694,14,15,17807,420
16694,14,15,17437,490
16694,14,15,16697,560
16694,14,15,1,630
20764,14,15,21888,0
20764,14,15,21518,420
20764,14,15,21148,700
20764,14,15,20778,910
20764,14,15,1,1190
20773,14,15,21148,0
20773,14,15,20778,490
20773,14,15,1,770
20407,14,15,21887,0
20407,14,15,21517,560
20407,14,15,21147,770
20407,14,15,20777,1050
20407,14,15,20407,1260
20407,14,15,1,1330
21885,14,15,22631,0
21885,14,15,22261,560
21885,14,15,21891,840
21885,14,15,1,1050
24858,14,15,25599,0
24858,14,15,25229,420
24858,14,15,24859,630
24858,14,15,1,910
28937,14,15,30050,0
28937,14,15,29680,490
28937,14,15,29310,770
28937,14,15,28940,1050
28937,14,15,1,1260
17805,14,15,19660,0
17805,14,15,19290,350
17805,14,15,18920,420
17805,14,15,18550,490
17805,14,15,17810,560
17805,14,15,1,630
14841,14,15,16692,0
14841,14,15,16322,350
14841,14,15,15952,420
14841,14,15,15212,490
14841,14,15,14842,560
14841,14,15,1,630
23371,14,15,24855,0
23371,14,15,24485,560
23371,14,15,24115,770
23371,14,15,23745,1050
23371,14,15,23375,1330
15203,14,15,19283,0
15203,14,15,18913,350
15203,14,15,18173,420
15203,14,15,17803,490
15203,14,15,17433,560
15203,14,15,16693,630
15203,14,15,16323,700
15203,14,15,15583,770
15203,14,15,15213,840
15203,14,15,1,910
15212,14,15,17063,0
15212,14,15,16693,350
15212,14,15,16323,420
15212,14,15,15583,490
15212,14,15,15213,560
15212,14,15,1,630
19282,14,15,21144,0
19282,14,15,20774,420
19282,14,15,20404,630
19282,14,15,20034,700
19282,14,15,19664,770
19282,14,15,1,840
16318,14,15,19656,0
16318,14,15,19286,350
16318,14,15,18546,420
16318,14,15,18176,490
16318,14,15,17806,560
16318,14,15,17066,630
16318,14,15,16696,700
16318,14,15,1,770
19291,14,15,20774,0
19291,14,15,20404,560
19291,14,15,19664,630
19291,14,15,19294,700
19291,14,15,1,770
27455,14,15,27826,0
27455,14,15,27456,560
27455,14,15,1,840
16689,14,15,20027,0
16689,14,15,19657,350
16689,14,15,18917,420
16689,14,15,18547,490
16689,14,15,18177,560
16689,14,15,17437,630
16689,14,15,17067,700
16689,14,15,1,770
13725,14,15,14099,0
13725,14,15,13729,350
13725,14,15,1,420
31534,14,15,32647,0
31534,14,15,32277,490
31534,14,15,31907,700
31534,14,15,31537,980
31534,14,15,1,1190
20402,14,15,21147,0
20402,14,15,20777,490
20402,14,15,20407,700
20402,14,15,1,770
21889,14,15,23001,0
21889,14,15,22631,350
21889,14,15,22261,560
21889,14,15,21891,840
21889,14,15,1,1120
25968,14,15,27452,0
25968,14,15,27082,420
25968,14,15,26712,700
25968,14,15,26342,980
25968,14,15,25972,1190
25968,14,15,1,1470
14836,14,15,16692,0
14836,14,15,16322,350
14836,14,15,15952,420
14836,14,15,15212,490
14836,14,15,14842,560
14836,14,15,1,630
17809,14,15,19660,0
17809,14,15,19290,350
17809,14,15,18920,420
17809,14,15,18180,490
17809,14,15,17810,560
17809,14,15,1,630
23375,14,15,24855,0
23375,14,15,24485,490
23375,14,15,24115,770
23375,14,15,23745,980
23375,14,15,23375,1260
23375,14,15,1,1470
15207,14,15,17063,0
15207,14,15,16693,350
15207,14,15,16323,420
15207,14,15,15583,490
15207,14,15,15213,560
15207,14,15,1,630
30052,14,15,30423,0
30052,14,15,30053,560
30052,14,15,1,770
19286,14,15,21144,0
19286,14,15,20774,490
19286,14,15,20034,770
19286,14,15,19664,840
19286,14,15,1,910
16322,14,15,18176,0
16322,14,15,17806,350
16322,14,15,17436,420
16322,14,15,16696,490
16322,14,15,16326,560
16322,14,15,1,630
24486,14,15,25598,0
24486,14,15,25228,490
24486,14,15,24858,700
24486,14,15,24488,980
24486,14,15,1,1190
20397,14,15,21517,0
20397,14,15,21147,490
20397,14,15,20777,770
20397,14,15,20407,980
20397,14,15,1,1050
17433,14,15,19289,0
17433,14,15,18919,350
17433,14,15,18549,420
17433,14,15,17809,490
17433,14,15,17439,560
17433,14,15,1,630
20406,14,15,21147,0
20406,14,15,20777,420
20406,14,15,20407,700
20406,14,15,1,770
32650,14,15,33760,0
32650,14,15,33390,560
32650,14,15,33020,770
32650,14,15,32650,1050
32650,14,15,1,1330
21884,14,15,22631,0
21884,14,15,22261,490
21884,14,15,21891,770
21884,14,15,1,980
24857,14,15,25969,0
24857,14,15,25599,420
24857,14,15,25229,700
24857,14,15,24859,980
24857,14,15,1,1190
25972,14,15,27452,0
25972,14,15,27082,490
25972,14,15,26712,770
25972,14,15,26342,980
25972,14,15,25972,1260
25972,14,15,1,1470
17804,14,15,19660,0
17804,14,15,19290,350
17804,14,15,18920,420
17804,14,15,18550,490
17804,14,15,17810,560
17804,14,15,1,630
14840,14,15,16692,0
14840,14,15,16322,350
14840,14,15,15952,420
14840,14,15,15212,490
14840,14,15,14842,560
14840,14,15,1,630
23004,14,15,24484,0
23004,14,15,24114,490
23004,14,15,23744,770
23004,14,15,23374,980
23004,14,15,23004,1260
23004,14,15,1,1470
15211,14,15,17063,0
15211,14,15,16693,350
15211,14,15,16323,420
15211,14,15,15583,490
15211,14,15,15213,560
15211,14,15,1,630
19281,14,15,21144,0
19281,14,15,20774,420
19281,14,15,20404,630
19281,14,15,20034,700
19281,14,15,19664,770
19281,14,15,1,840
27083,14,15,28195,0
27083,14,15,27825,420
27083,14,15,27455,700
27083,14,15,27085,910
27083,14,15,1,1190
16326,14,15,21136,0
16326,14,15,20766,350
16326,14,15,20026,630
16326,14,15,19656,700
16326,14,15,18916,770
16326,14,15,18546,840
16326,14,15,18176,910
16326,14,15,17436,980
16326,14,15,17066,1050
16326,14,15,16326,1120
16326,14,15,1,1190
18915,14,15,21143,0
18915,14,15,20773,350
18915,14,15,20033,630
18915,14,15,19663,700
18915,14,15,19293,770
18915,14,15,1,840
27454,14,15,28566,0
27454,14,15,28196,350
27454,14,15,27826,630
27454,14,15,27456,840
27454,14,15,1,1120
13358,14,15,18168,0
13358,14,15,17798,350
13358,14,15,17428,420
13358,14,15,16688,490
13358,14,15,16318,560
13358,14,15,15578,630
13358,14,15,15208,700
13358,14,15,14838,770
13358,14,15,14098,840
13358,14,15,13728,910
13358,14,15,1,980
17428,14,15,20769,0
17428,14,15,20399,420
17428,14,15,20029,490
17428,14,15,19659,560
17428,14,15,18919,630
17428,14,15,18549,700
17428,14,15,17809,770
17428,14,15,17439,840
17428,14,15,1,910
20401,14,15,21147,0
20401,14,15,20777,490
20401,14,15,20407,700
20401,14,15,1,770
17437,14,15,19289,0
17437,14,15,18919,350
17437,14,15,18549,420
17437,14,15,17809,490
17437,14,15,17439,560
17437,14,15,1,630
21888,14,15,23001,0
21888,14,15,22631,490
21888,14,15,22261,700
21888,14,15,21891,980
21888,14,15,1,1190
28565,14,15,29679,0
28565,14,15,29309,560
28565,14,15,28939,770
28565,14,15,28569,1050
28565,14,15,1,1260
17799,14,15,20770,0
17799,14,15,20400,490
17799,14,15,20030,560
17799,14,15,19290,630
17799,14,15,18920,700
17799,14,15,18180,770
17799,14,15,17810,840
17799,14,15,1,910
14835,14,15,16692,0
14835,14,15,16322,350
14835,14,15,15952,420
14835,14,15,15212,490
14835,14,15,14842,560
14835,14,15,1,630
25601,14,15,27081,0
25601,14,15,26711,490
25601,14,15,26341,700
25601,14,15,25971,980
25601,14,15,25601,1260
25601,14,15,1,1470
17808,14,15,19660,0
17808,14,15,19290,350
17808,14,15,18920,420
17808,14,15,18180,490
17808,14,15,17810,560
17808,14,15,1,630
29680,14,15,30422,0
29680,14,15,30052,560
29680,14,15,29682,840
29680,14,15,1,1050
34131,14,15,35614,0
34131,14,15,35244,350
34131,14,15,34874,560
34131,14,15,34504,840
34131,14,15,34134,1120
34131,14,15,1,1330
20035,14,15,21146,0
20035,14,15,20776,420
20035,14,15,20406,630
20035,14,15,20036,700
20035,14,15,1,770
30051,14,15,30793,0
30051,14,15,30423,560
30051,14,15,30053,840
30051,14,15,1,1050
18910,14,15,20773,0
18910,14,15,20033,560
18910,14,15,19663,630
18910,14,15,18923,700
18910,14,15,1,770
18919,14,15,20773,0
18919,14,15,20403,420
18919,14,15,20033,490
18919,14,15,19293,560
18919,14,15,18923,630
18919,14,15,1,700
31163,14,15,32276,0
31163,14,15,31906,490
31163,14,15,31536,770
31163,14,15,31166,980
31163,14,15,1,1260
15955,14,15,20765,0
15955,14,15,20395,560
15955,14,15,19655,630
15955,14,15,19285,700
15955,14,15,18545,770
15955,14,15,18175,840
15955,14,15,17805,910
15955,14,15,17065,980
15955,14,15,16695,1050
15955,14,15,15955,1120
15955,14,15,1,1190
32278,14,15,32649,0
32278,14,15,32279,490
32278,14,15,1,700
24485,14,15,25968,0
24485,14,15,25598,490
24485,14,15,25228,770
24485,14,15,24858,980
24485,14,15,24488,1260
13353,14,15,13728,0
13353,14,15,13358,350
13353,14,15,1,420
20396,14,15,21517,0
20396,14,15,21147,490
20396,14,15,20777,770
20396,14,15,20407,980
20396,14,15,1,1050
17432,14,15,19289,0
17432,14,15,18919,350
17432,14,15,18549,420
17432,14,15,17809,490
17432,14,15,17439,560
17432,14,15,1,630
28198,14,15,29678,0
28198,14,15,29308,350
28198,14,15,28938,630
28198,14,15,28568,840
28198,14,15,28198,1120
28198,14,15,1,1330
20405,14,15,21147,0
20405,14,15,20777,420
20405,14,15,20407,700
20405,14,15,1,770
32649,14,15,33020,0
32649,14,15,32650,490
32649,14,15,1,700
21517,14,15,22630,0
21517,14,15,22260,350
21517,14,15,21890,560
21517,14,15,21520,840
21517,14,15,1,1120
28569,14,15,30049,0
28569,14,15,29679,350
28569,14,15,29309,630
28569,14,15,28939,840
28569,14,15,28569,1120
28569,14,15,1,1330
22632,14,15,23373,0
22632,14,15,23003,420
22632,14,15,22633,700
22632,14,15,1,910
33760,14,15,34873,0
33760,14,15,34503,560
33760,14,15,34133,840
33760,14,15,33763,1050
33760,14,15,1,1330
20030,14,15,21146,0
20030,14,15,20776,420
20030,14,15,20406,630
20030,14,15,20036,700
20030,14,15,1,770
23003,14,15,23744,0
23003,14,15,23374,420
23003,14,15,23004,700
23003,14,15,1,910
27082,14,15,28565,0
27082,14,15,28195,420
27082,14,15,27825,630
27082,14,15,27455,910
27082,14,15,27085,1120
27082,14,15,1,1400
18914,14,15,21143,0
18914,14,15,20773,350
18914,14,15,20033,630
18914,14,15,19663,700
18914,14,15,19293,770
18914,14,15,1,840
15950,14,15,17805,0
15950,14,15,17435,350
15950,14,15,17065,420
15950,14,15,16325,490
15950,14,15,15955,560
15950,14,15,1,630
18923,14,15,21513,0
18923,14,15,21143,490
18923,14,15,20773,770
18923,14,15,20403,980
18923,14,15,20033,1050
18923,14,15,19663,1120
18923,14,15,18923,1190
18923,14,15,1,1260
12986,14,15,13727,0
12986,14,15,13357,350
12986,14,15,1,420
24114,14,15,25597,0
24114,14,15,25227,490
24114,14,15,24857,770
24114,14,15,24487,980
24114,14,15,24117,1260
13357,14,15,13728,0
13357,14,15,13358,350
13357,14,15,1,420
20400,14,15,21147,0
20400,14,15,20777,490
20400,14,15,20407,700
20400,14,15,1,770
25229,14,15,25970,0
25229,14,15,25600,420
25229,14,15,25230,630
25229,14,15,1,910
17436,14,15,19289,0
17436,14,15,18919,350
17436,14,15,18549,420
17436,14,15,18179,490
17436,14,15,17439,560
17436,14,15,1,630
21512,14,15,22630,0
21512,14,15,22260,490
21512,14,15,21890,700
21512,14,15,21520,980
21512,14,15,1,1260
18548,14,15,20402,0
18548,14,15,20032,350
18548,14,15,19662,420
18548,14,15,19292,490
18548,14,15,18552,560
18548,14,15,1,630
25600,14,15,26341,0
25600,14,15,25971,420
25600,14,15,25601,630
25600,14,15,1,910
14834,14,15,18172,0
14834,14,15,17802,350
14834,14,15,17062,420
14834,14,15,16692,490
14834,14,15,16322,560
14834,14,15,15582,630
14834,14,15,15212,700
14834,14,15,1,770
29679,14,15,30792,0
29679,14,15,30422,560
29679,14,15,30052,770
29679,14,15,29682,1050
29679,14,15,1,1260
20025,14,15,21516,0
20025,14,15,21146,420
20025,14,15,20776,700
20025,14,15,20036,980
20025,14,15,1,1050
30791,14,15,31905,0
30791,14,15,31535,560
30791,14,15,31165,770
30791,14,15,30795,1050
30791,14,15,1,1330
20034,14,15,21146,0
20034,14,15,20776,420
20034,14,15,20406,630
20034,14,15,20036,700
20034,14,15,1,770
15945,14,15,20025,0
15945,14,15,19655,350
15945,14,15,18915,420
15945,14,15,18545,490
15945,14,15,18175,560
15945,14,15,17435,630
15945,14,15,17065,700
15945,14,15,16325,770
15945,14,15,15955,840
15945,14,15,1,910
26711,14,15,28194,0
26711,14,15,27824,420
26711,14,15,27454,630
26711,14,15,27084,910
26711,14,15,26714,1120
26711,14,15,1,1400
18918,14,15,20773,0
18918,14,15,20403,420
18918,14,15,20033,490
18918,14,15,19293,560
18918,14,15,18923,630
18918,14,15,1,700
31162,14,15,32276,0
31162,14,15,31906,560
31162,14,15,31536,770
31162,14,15,31166,1050
31162,14,15,1,1260
15954,14,15,17805,0
15954,14,15,17435,350
15954,14,15,17065,420
15954,14,15,16325,490
15954,14,15,15955,560
15954,14,15,1,630
32277,14,15,33019,0
32277,14,15,32649,490
32277,14,15,32279,770
32277,14,15,1,980
21145,14,15,21889,0
21145,14,15,21519,490
21145,14,15,21149,700
21145,14,15,1,980
28197,14,15,28568,0
28197,14,15,28198,560
28197,14,15,1,770
17431,14,15,20769,0
17431,14,15,20399,350
17431,14,15,19659,420
17431,14,15,19289,490
17431,14,15,18919,560
17431,14,15,18179,630
17431,14,15,17809,700
17431,14,15,1,770
18543,14,15,20772,0
18543,14,15,20402,490
18543,14,15,20032,560
18543,14,15,19292,630
18543,14,15,18922,700
18543,14,15,18552,770
18543,14,15,1,840
21516,14,15,22260,0
21516,14,15,21890,420
21516,14,15,21520,630
21516,14,15,1,910
15579,14,15,17434,0
15579,14,15,17064,350
15579,14,15,16694,420
15579,14,15,15954,490
15579,14,15,15584,560
15579,14,15,1,630
18552,14,15,21512,0
18552,14,15,21142,420
18552,14,15,20772,630
18552,14,15,20402,910
18552,14,15,19662,980
18552,14,15,19292,1050
18552,14,15,18922,1120
18552,14,15,1,1190
22631,14,15,23743,0
22631,14,15,23373,490
22631,14,15,23003,700
22631,14,15,22633,980
22631,14,15,1,1190
14463,14,15,16321,0
14463,14,15,15951,350
14463,14,15,15581,420
14463,14,15,14841,490
14463,14,15,14471,560
14463,14,15,1,630
20029,14,15,21146,0
20029,14,15,20776,420
20029,14,15,20406,630
20029,14,15,20036,700
20029,14,15,1,770
30795,14,15,32275,0
30795,14,15,31905,350
30795,14,15,31535,630
30795,14,15,31165,840
30795,14,15,30795,1120
30795,14,15,1,1330
18913,14,15,21143,0
18913,14,15,20773,490
18913,14,15,20403,700
18913,14,15,20033,770
18913,14,15,19293,840
18913,14,15,18923,910
18913,14,15,1,980
15949,14,15,17805,0
15949,14,15,17435,350
15949,14,15,17065,420
15949,14,15,16325,490
15949,14,15,15955,560
15949,14,15,1,630
12985,14,15,13727,0
12985,14,15,13357,350
12985,14,15,1,420
31166,14,15,32276,0
31166,14,15,31906,560
31166,14,15,31536,840
31166,14,15,31166,1050
31166,14,15,1,1330
21140,14,15,21889,0
21140,14,15,21519,420
21140,14,15,21149,630
21140,14,15,1,910
24113,14,15,25597,0
24113,14,15,25227,490
24113,14,15,24857,770
24113,14,15,24487,980
24113,14,15,24117,1260
21149,14,15,22629,0
21149,14,15,22259,350
21149,14,15,21889,630
21149,14,15,21519,840
21149,14,15,21149,1120
21149,14,15,1,1330
25228,14,15,26340,0
25228,14,15,25970,420
25228,14,15,25600,700
25228,14,15,25230,910
25228,14,15,1,1190
21511,14,15,22260,0
21511,14,15,21890,560
21511,14,15,21520,840
21511,14,15,1,1050
18547,14,15,20402,0
18547,14,15,20032,350
18547,14,15,19662,420
18547,14,15,19292,490
18547,14,15,18552,560
18547,14,15,1,630
21520,14,15,23000,0
21520,14,15,22630,350
21520,14,15,22260,630
21520,14,15,21890,840
21520,14,15,21520,1120
21520,14,15,1,1330
15583,14,15,17434,0
15583,14,15,17064,350
15583,14,15,16694,420
15583,14,15,15954,490
15583,14,15,15584,560
15583,14,15,1,630
14467,14,15,14841,0
14467,14,15,14471,350
14467,14,15,1,420
11503,14,15,17053,0
11503,14,15,16683,350
11503,14,15,15943,420
11503,14,15,15573,490
11503,14,15,15203,560
11503,14,15,14463,630
11503,14,15,14093,700
11503,14,15,13353,770
11503,14,15,12983,840
11503,14,15,12613,910
11503,14,15,11873,980
11503,14,15,11503,1050
11503,14,15,1,1120
20024,14,15,21146,0
20024,14,15,20776,490
20024,14,15,20406,770
20024,14,15,1,840
27826,14,15,28197,0
27826,14,15,27827,560
27826,14,15,1,840
11874,14,15,17424,0
11874,14,15,17054,350
11874,14,15,16314,420
11874,14,15,15944,490
11874,14,15,15204,560
11874,14,15,14834,630
11874,14,15,14464,700
11874,14,15,13724,770
11874,14,15,13354,840
11874,14,15,12614,910
11874,14,15,12244,980
11874,14,15,11874,1050
11874,14,15,1,1120
26710,14,15,28194,0
26710,14,15,27824,420
26710,14,15,27454,630
26710,14,15,27084,910
26710,14,15,26714,1120
26710,14,15,1,1400
15944,14,15,20025,0
15944,14,15,19655,350
15944,14,15,18915,420
15944,14,15,18545,490
15944,14,15,18175,560
15944,14,15,17435,630
15944,14,15,17065,700
15944,14,15,16325,770
15944,14,15,15955,840
15944,14,15,1,910
23746,14,15,25226,0
23746,14,15,24856,490
23746,14,15,24486,770
23746,14,15,24116,980
23746,14,15,23746,1260
23746,14,15,1,1470
32276,14,15,33389,0
32276,14,15,33019,490
32276,14,15,32649,700
32276,14,15,32279,980
32276,14,15,1,1190
17065,14,15,18918,0
17065,14,15,18548,350
17065,14,15,18178,420
17065,14,15,17808,490
17065,14,15,17068,560
17065,14,15,1,630
21144,14,15,21889,0
21144,14,15,21519,490
21144,14,15,21149,700
21144,14,15,1,980
24117,14,15,25597,0
24117,14,15,25227,490
24117,14,15,24857,770
24117,14,15,24487,980
24117,14,15,24117,1260
24117,14,15,1,1470
18180,14,15,20031,0
18180,14,15,19661,350
18180,14,15,19291,420
18180,14,15,18551,490
18180,14,15,18181,560
18180,14,15,1,630
28196,14,15,28938,0
28196,14,15,28568,560
28196,14,15,28198,770
28196,14,15,1,1050
18542,14,15,21142,0
18542,14,15,20772,350
18542,14,15,20032,630
18542,14,15,19662,700
18542,14,15,19292,770
18542,14,15,18552,840
18542,14,15,1,910
29308,14,15,30421,0
29308,14,15,30051,490
29308,14,15,29681,770
29308,14,15,29311,1050
29308,14,15,1,1260
21515,14,15,22260,0
21515,14,15,21890,420
21515,14,15,21520,630
21515,14,15,1,910
15578,14,15,17434,0
15578,14,15,17064,350
15578,14,15,16694,420
15578,14,15,15954,490
15578,14,15,15584,560
15578,14,15,1,630
18551,14,15,20402,0
18551,14,15,20032,350
18551,14,15,19662,420
18551,14,15,18922,490
18551,14,15,18552,560
18551,14,15,1,630
30423,14,15,30794,0
30423,14,15,30424,560
30423,14,15,1,770
22630,14,15,24113,0
22630,14,15,23743,560
22630,14,15,23373,770
22630,14,15,23003,1050
22630,14,15,22633,1260
14471,14,15,19281,0
14471,14,15,18911,350
14471,14,15,18541,420
14471,14,15,17801,490
14471,14,15,17431,560
14471,14,15,16691,630
14471,14,15,16321,700
14471,14,15,15951,770
14471,14,15,15211,840
14471,14,15,14841,910
14471,14,15,1,980
30794,14,15,31165,0
30794,14,15,30795,560
30794,14,15,1,770
19653,14,15,21145,0
19653,14,15,20775,490
19653,14,15,20405,700
19653,14,15,20035,770
19653,14,15,1,840
19662,14,15,21145,0
19662,14,15,20775,350
19662,14,15,20035,630
19662,14,15,19665,700
19662,14,15,1,770
20768,14,15,21518,0
20768,14,15,21148,560
20768,14,15,20778,840
20768,14,15,1,1050
26714,14,15,28194,0
26714,14,15,27824,490
26714,14,15,27454,700
26714,14,15,27084,980
26714,14,15,26714,1260
26714,14,15,1,1470
20777,14,15,21148,0
20777,14,15,20778,490
20777,14,15,1,770
12984,14,15,13727,0
12984,14,15,13357,350
12984,14,15,12987,420
12984,14,15,1,490
17060,14,15,20398,0
17060,14,15,20028,350
17060,14,15,19288,420
17060,14,15,18918,490
17060,14,15,18548,560
17060,14,15,17808,630
17060,14,15,17438,700
17060,14,15,1,770
14096,14,15,14470,0
14096,14,15,14100,350
14096,14,15,1,420
21139,14,15,22259,0
21139,14,15,21889,490
21139,14,15,21519,700
21139,14,15,21149,980
21139,14,15,1,1190
31905,14,15,33018,0
31905,14,15,32648,490
31905,14,15,32278,700
31905,14,15,31908,980
31905,14,15,1,1190
18175,14,15,20031,0
18175,14,15,19661,350
18175,14,15,19291,420
18175,14,15,18921,490
18175,14,15,18181,560
18175,14,15,1,630
21148,14,15,21519,0
21148,14,15,21149,560
21148,14,15,1,770
33020,14,15,33391,0
33020,14,15,33021,490
33020,14,15,1,700
25227,14,15,26710,0
25227,14,15,26340,490
25227,14,15,25970,700
25227,14,15,25600,980
25227,14,15,25230,1260
25227,14,15,1,1470
26339,14,15,27823,0
26339,14,15,27453,420
26339,14,15,27083,700
26339,14,15,26713,980
26339,14,15,26343,1190
26339,14,15,1,1470
15573,14,15,19654,0
15573,14,15,19284,350
15573,14,15,18544,420
15573,14,15,18174,490
15573,14,15,17804,560
15573,14,15,17064,630
15573,14,15,16694,700
15573,14,15,15954,770
15573,14,15,15584,840
15573,14,15,1,910
18546,14,15,20402,0
18546,14,15,20032,350
18546,14,15,19662,420
18546,14,15,19292,490
18546,14,15,18552,560
18546,14,15,1,630
15582,14,15,17434,0
15582,14,15,17064,350
15582,14,15,16694,420
15582,14,15,15954,490
15582,14,15,15584,560
15582,14,15,1,630
33391,14,15,33762,0
33391,14,15,33392,490
33391,14,15,1,770
22259,14,15,23742,0
22259,14,15,23372,560
22259,14,15,23002,770
22259,14,15,22632,1050
22259,14,15,22262,1260
27825,14,15,28937,0
27825,14,15,28567,350
27825,14,15,28197,630
27825,14,15,27827,840
27825,14,15,1,1120
12614,14,15,13356,0
12614,14,15,12986,350
12614,14,15,1,420
19657,14,15,21145,0
19657,14,15,20775,560
19657,14,15,20405,770
19657,14,15,20035,840
19657,14,15,19665,910
19657,14,15,1,980
16693,14,15,18547,0
16693,14,15,18177,350
16693,14,15,17807,420
16693,14,15,17067,490
16693,14,15,16697,560
16693,14,15,1,630
20763,14,15,21888,0
20763,14,15,21518,420
20763,14,15,21148,700
20763,14,15,20778,910
20763,14,15,1,1190
13729,14,15,18539,0
13729,14,15,18169,350
13729,14,15,17799,420
13729,14,15,17059,490
13729,14,15,16689,560
13729,14,15,15949,630
13729,14,15,15579,700
13729,14,15,15209,770
13729,14,15,14469,840
13729,14,15,14099,910
13729,14,15,1,980
20772,14,15,21148,0
20772,14,15,20778,490
20772,14,15,1,770
23745,14,15,24486,0
23745,14,15,24116,420
23745,14,15,23746,700
23745,14,15,1,910
17055,14,15,19658,0
17055,14,15,19288,350
17055,14,15,18918,420
17055,14,15,18178,490
17055,14,15,17808,560
17055,14,15,17438,630
17055,14,15,1,700
17064,14,15,18918,0
17064,14,15,18548,350
17064,14,15,18178,420
17064,14,15,17438,490
17064,14,15,17068,560
17064,14,15,1,630
14100,14,15,18910,0
14100,14,15,18540,350
14100,14,15,18170,420
14100,14,15,17430,490
14100,14,15,17060,560
14100,14,15,16320,630
14100,14,15,15950,700
14100,14,15,15580,770
14100,14,15,14840,840
14100,14,15,14470,910
14100,14,15,1,980
28936,14,15,30050,0
28936,14,15,29680,560
28936,14,15,29310,770
28936,14,15,28940,1050
28936,14,15,1,1260
21143,14,15,21889,0
21143,14,15,21519,560
21143,14,15,21149,840
21143,14,15,1,1050
18170,14,15,20771,0
18170,14,15,20401,560
18170,14,15,19661,630
18170,14,15,19291,700
18170,14,15,18921,770
18170,14,15,18181,840
18170,14,15,1,910
18179,14,15,20031,0
18179,14,15,19661,350
18179,14,15,19291,420
18179,14,15,18551,490
18179,14,15,18181,560
18179,14,15,1,630
29307,14,15,30421,0
29307,14,15,30051,560
29307,14,15,29681,770
29307,14,15,29311,1050
29307,14,15,1,1260
15577,14,15,17434,0
15577,14,15,17064,350
15577,14,15,16694,420
15577,14,15,15954,490
15577,14,15,15584,560
15577,14,15,1,630
26343,14,15,27823,0
26343,14,15,27453,490
26343,14,15,27083,770
26343,14,15,26713,980
26343,14,15,26343,1260
26343,14,15,1,1470
30422,14,15,31164,0
30422,14,15,30794,560
30422,14,15,30424,840
30422,14,15,1,1050
19290,14,15,20774,0
19290,14,15,20034,560
19290,14,15,19664,630
19290,14,15,19294,700
19290,14,15,1,770
19652,14,15,21145,0
19652,14,15,20775,490
19652,14,15,20405,700
19652,14,15,20035,770
19652,14,15,1,840
16688,14,15,20027,0
16688,14,15,19657,350
16688,14,15,18917,420
16688,14,15,18547,490
16688,14,15,18177,560
16688,14,15,17437,630
16688,14,15,17067,700
16688,14,15,1,770
19661,14,15,21145,0
19661,14,15,20775,350
19661,14,15,20035,630
19661,14,15,19665,700
19661,14,15,1,770
13724,14,15,14099,0
13724,14,15,13729,350
13724,14,15,1,420
16697,14,15,21137,0
16697,14,15,20767,420
16697,14,15,20397,630
16697,14,15,20027,700
16697,14,15,19287,770
16697,14,15,18917,840
16697,14,15,18547,910
16697,14,15,17807,980
16697,14,15,17437,1050
16697,14,15,16697,1120
16697,14,15,1,1190
20767,14,15,21518,0
20767,14,15,21148,560
20767,14,15,20778,840
20767,14,15,1,1050
31533,14,15,32647,0
31533,14,15,32277,490
31533,14,15,31907,770
31533,14,15,31537,980
31533,14,15,1,1260
20776,14,15,21148,0
20776,14,15,20778,490
20776,14,15,1,770
17059,14,15,20398,0
17059,14,15,20028,350
17059,14,15,19288,420
17059,14,15,18918,490
17059,14,15,18548,560
17059,14,15,17808,630
17059,14,15,17438,700
17059,14,15,1,770
21138,14,15,22259,0
21138,14,15,21889,490
21138,14,15,21519,700
21138,14,15,21149,980
21138,14,15,1,1190
31904,14,15,33018,0
31904,14,15,32648,490
31904,14,15,32278,770
31904,14,15,31908,980
31904,14,15,1,1260
28940,14,15,30420,0
28940,14,15,30050,350
28940,14,15,29680,630
28940,14,15,29310,840
28940,14,15,28940,1120
28940,14,15,1,1330
18174,14,15,20031,0
18174,14,15,19661,350
18174,14,15,19291,420
18174,14,15,18921,490
18174,14,15,18181,560
18174,14,15,1,630
33019,14,15,33761,0
33019,14,15,33391,490
33019,14,15,33021,770
33019,14,15,1,980
29311,14,15,30791,0
29311,14,15,30421,350
29311,14,15,30051,630
29311,14,15,29681,840
29311,14,15,29311,1120
29311,14,15,1,1330
23374,14,15,24115,0
23374,14,15,23745,420
23374,14,15,23375,700
23374,14,15,1,910
15206,14,15,17063,0
15206,14,15,16693,350
15206,14,15,16323,420
15206,14,15,15583,490
15206,14,15,15213,560
15206,14,15,1,630
19285,14,15,21144,0
19285,14,15,20774,490
19285,14,15,20034,770
19285,14,15,19664,840
19285,14,15,1,910
16321,14,15,18176,0
16321,14,15,17806,350
16321,14,15,17436,420
16321,14,15,16696,490
16321,14,15,16326,560
16321,14,15,1,630
19294,14,15,21884,0
19294,14,15,21514,350
19294,14,15,21144,630
19294,14,15,20774,840
19294,14,15,20404,1120
19294,14,15,19664,1190
19294,14,15,19294,1260
19294,14,15,1,1330
16683,14,15,20767,0
16683,14,15,20397,490
16683,14,15,19657,560
16683,14,15,19287,630
16683,14,15,18547,700
16683,14,15,18177,770
16683,14,15,17807,840
16683,14,15,17067,910
16683,14,15,16697,980
16683,14,15,1,1050
12613,14,15,13356,0
12613,14,15,12986,350
12613,14,15,12616,420
12613,14,15,1,490
19656,14,15,21145,0
19656,14,15,20775,560
19656,14,15,20405,770
19656,14,15,20035,840
19656,14,15,19665,910
19656,14,15,1,980
16692,14,15,18547,0
16692,14,15,18177,350
16692,14,15,17807,420
16692,14,15,17067,490
16692,14,15,16697,560
16692,14,15,1,630
20762,14,15,21888,0
20762,14,15,21518,420
20762,14,15,21148,700
20762,14,15,20778,980
20762,14,15,1,1190
19665,14,15,21885,0
19665,14,15,21515,420
19665,14,15,21145,700
19665,14,15,20775,910
19665,14,15,20405,1190
19665,14,15,19665,1260
19665,14,15,1,1330
13728,14,15,14099,0
13728,14,15,13729,350
13728,14,15,1,420
31537,14,15,32647,0
31537,14,15,32277,560
31537,14,15,31907,770
31537,14,15,31537,1050
31537,14,15,1,1330
20771,14,15,21148,0
20771,14,15,20778,490
20771,14,15,1,770
17054,14,15,20768,0
17054,14,15,20028,560
17054,14,15,19658,630
17054,14,15,18918,700
17054,14,15,18548,770
17054,14,15,18178,840
17054,14,15,17438,910
17054,14,15,17068,980
17054,14,15,1,1050
24856,14,15,26339,0
24856,14,15,25969,490
24856,14,15,25599,770
24856,14,15,25229,980
24856,14,15,24859,1260
24856,14,15,1,1470
14099,14,15,14470,0
14099,14,15,14100,350
14099,14,15,1,420
18169,14,15,20771,0
18169,14,15,20401,350
18169,14,15,20031,420
18169,14,15,19661,490
18169,14,15,18921,560
18169,14,15,18551,630
18169,14,15,1,700
31908,14,15,33018,0
31908,14,15,32648,560
31908,14,15,32278,770
31908,14,15,31908,1050
31908,14,15,1,1330
25971,14,15,26712,0
25971,14,15,26342,420
25971,14,15,25972,630
25971,14,15,1,910
17803,14,15,19660,0
17803,14,15,19290,350
17803,14,15,18920,420
17803,14,15,18550,490
17803,14,15,17810,560
17803,14,15,1,630
26342,14,15,27083,0
26342,14,15,26713,420
26342,14,15,26343,630
26342,14,15,1,910
16316,14,15,20396,0
16316,14,15,20026,350
16316,14,15,19286,420
16316,14,15,18916,490
16316,14,15,18546,560
16316,14,15,17806,630
16316,14,15,17436,700
16316,14,15,16696,770
16316,14,15,16326,840
16316,14,15,1,910
19289,14,15,20774,0
19289,14,15,20034,560
19289,14,15,19664,630
19289,14,15,19294,700
19289,14,15,1,770
22262,14,15,23742,0
22262,14,15,23372,490
22262,14,15,23002,770
22262,14,15,22632,980
22262,14,15,22262,1260
22262,14,15,1,1470
16325,14,15,18176,0
16325,14,15,17806,350
16325,14,15,17436,420
16325,14,15,16696,490
16325,14,15,16326,560
16325,14,15,1,630
16687,14,15,20767,0
16687,14,15,20397,350
16687,14,15,19657,420
16687,14,15,19287,490
16687,14,15,18917,560
16687,14,15,18177,630
16687,14,15,17807,700
16687,14,15,17067,770
16687,14,15,16697,840
16687,14,15,1,910
27453,14,15,28566,0
27453,14,15,28196,560
27453,14,15,27826,840
27453,14,15,27456,1050
27453,14,15,1,1330
16696,14,15,18547,0
16696,14,15,18177,350
16696,14,15,17807,420
16696,14,15,17067,490
16696,14,15,16697,560
16696,14,15,1,630
20766,14,15,21518,0
20766,14,15,21148,350
20766,14,15,20778,630
20766,14,15,1,910
