8164,1,2,10754,0
8164,1,2,10014,140
8164,1,2,9644,350
8164,1,2,9274,420
8164,1,2,8904,490
8164,1,2,8164,560
8164,1,2,1,630
1,2,3,1,0
9274,2,3,13347,0
9274,2,3,12607,140
9274,2,3,12237,350
9274,2,3,11867,420
9274,2,3,11127,490
9274,2,3,10757,560
9274,2,3,10017,630
9274,2,3,9647,700
9274,2,3,9277,770
9274,2,3,1,840
10754,2,3,14461,0
10754,2,3,13721,140
10754,2,3,13351,350
10754,2,3,12611,420
10754,2,3,12241,490
10754,2,3,11501,560
10754,2,3,11131,630
10754,2,3,10761,700
10754,2,3,1,770
8904,2,3,12236,0
8904,2,3,11496,140
8904,2,3,11126,350
8904,2,3,10386,420
8904,2,3,10016,490
8904,2,3,9646,560
8904,2,3,8906,630
8904,2,3,1,700
9644,2,3,13718,0
9644,2,3,12978,140
9644,2,3,12608,350
9644,2,3,12238,420
9644,2,3,11498,490
9644,2,3,11128,560
9644,2,3,10758,630
9644,2,3,10018,700
9644,2,3,9648,770
9644,2,3,1,840
10014,2,3,14089,0
10014,2,3,13349,140
10014,2,3,12979,350
10014,2,3,12239,420
10014,2,3,11869,490
10014,2,3,11499,560
10014,2,3,10759,630
10014,2,3,10389,700
10014,2,3,1,770
8164,2,3,15194,0
8164,2,3,14824,70
8164,2,3,14454,140
8164,2,3,14084,350
8164,2,3,13344,420
8164,2,3,12974,490
8164,2,3,12604,560
8164,2,3,11864,630
8164,2,3,11494,700
8164,2,3,10754,770
8164,2,3,10384,840
8164,2,3,10014,910
8164,2,3,9274,980
8164,2,3,8904,1050
8164,2,3,8164,1120
8164,2,3,1,1190
1,3,4,1,0
12979,3,4,14467,0
12979,3,4,13727,210
12979,3,4,12987,280
12979,3,4,1,350
9646,3,4,10388,0
9646,3,4,1,210
10758,3,4,11871,0
10758,3,4,11501,140
10758,3,4,1,210
10761,3,4,15201,0
10761,3,4,13721,210
10761,3,4,13351,350
10761,3,4,12981,420
10761,3,4,12241,490
10761,3,4,11871,560
10761,3,4,11501,630
10761,3,4,10761,700
10761,3,4,1,770
11498,3,4,12243,0
11498,3,4,1,210
12607,3,4,14096,0
12607,3,4,13726,210
12607,3,4,12616,280
12607,3,4,1,350
11501,3,4,12243,0
11501,3,4,1,210
12604,3,4,13726,0
12604,3,4,13356,210
12604,3,4,1,280
13347,3,4,15208,0
13347,3,4,14838,210
13347,3,4,13728,280
13347,3,4,13358,350
13347,3,4,1,420
13344,3,4,17428,0
13344,3,4,16688,210
13344,3,4,15948,280
13344,3,4,15578,350
13344,3,4,14838,420
13344,3,4,14468,490
13344,3,4,14098,560
13344,3,4,13358,630
13344,3,4,1,700
10017,3,4,10759,0
10017,3,4,1,210
10386,3,4,11500,0
10386,3,4,1,210
10014,3,4,10759,0
10014,3,4,1,210
10389,3,4,10760,0
10389,3,4,1,210
11126,3,4,11872,0
11126,3,4,1,210
11869,3,4,12614,0
11869,3,4,1,210
12238,3,4,12615,0
12238,3,4,1,210
9274,3,4,10387,0
9274,3,4,1,210
12241,3,4,12985,0
12241,3,4,1,210
12978,3,4,14837,0
12978,3,4,14097,210
12978,3,4,13357,280
12978,3,4,12987,350
12978,3,4,1,420
9277,3,4,13717,0
9277,3,4,12607,210
9277,3,4,12237,350
9277,3,4,11497,420
9277,3,4,11127,490
9277,3,4,10387,560
9277,3,4,10017,630
9277,3,4,9647,700
9277,3,4,1,770
14084,3,4,17430,0
14084,3,4,17060,210
14084,3,4,15950,280
14084,3,4,15580,350
14084,3,4,15210,420
14084,3,4,14470,490
14084,3,4,14100,560
14084,3,4,1,630
9648,3,4,14088,0
9648,3,4,12978,210
9648,3,4,12608,350
9648,3,4,11868,420
9648,3,4,11498,490
9648,3,4,10758,560
9648,3,4,10388,630
9648,3,4,10018,700
9648,3,4,1,770
10757,3,4,11871,0
10757,3,4,11501,140
10757,3,4,1,210
14824,3,4,18172,0
14824,3,4,17802,210
14824,3,4,16692,280
14824,3,4,16322,350
14824,3,4,15952,420
14824,3,4,15212,490
14824,3,4,14842,560
14824,3,4,1,630
10754,3,4,11131,0
10754,3,4,1,210
11494,3,4,13353,0
11494,3,4,12983,210
11494,3,4,11873,280
11494,3,4,11503,350
11494,3,4,1,420
14461,3,4,15951,0
14461,3,4,15581,210
14461,3,4,14471,280
14461,3,4,1,350
8164,3,4,11124,0
8164,3,4,10014,210
8164,3,4,9644,350
8164,3,4,8904,420
8164,3,4,8534,490
8164,3,4,8164,560
8164,3,4,1,630
13718,3,4,15209,0
13718,3,4,14469,210
13718,3,4,13729,280
13718,3,4,1,350
13721,3,4,14839,0
13721,3,4,14099,210
13721,3,4,1,280
13349,3,4,15208,0
13349,3,4,14838,210
13349,3,4,13728,280
13349,3,4,13358,350
13349,3,4,1,420
10016,3,4,11129,0
10016,3,4,1,210
11128,3,4,12242,0
11128,3,4,1,210
11131,3,4,11132,0
11131,3,4,1,210
12237,3,4,13355,0
12237,3,4,12985,210
12237,3,4,1,280
12974,3,4,14467,0
12974,3,4,13727,210
12974,3,4,12987,280
12974,3,4,1,350
8904,3,4,9276,0
8904,3,4,1,210
9647,3,4,9648,0
9647,3,4,1,210
14454,3,4,17431,0
14454,3,4,16691,210
14454,3,4,15951,280
14454,3,4,15581,350
14454,3,4,14841,420
14454,3,4,14471,490
14454,3,4,1,560
14089,3,4,15580,0
14089,3,4,14840,210
14089,3,4,14100,280
14089,3,4,1,350
10759,3,4,11501,0
10759,3,4,1,210
11496,3,4,12243,0
11496,3,4,1,210
11499,3,4,12613,0
11499,3,4,1,210
12608,3,4,13726,0
12608,3,4,13356,210
12608,3,4,1,280
12611,3,4,12986,0
12611,3,4,1,210
10384,3,4,11130,0
10384,3,4,1,210
13351,3,4,14098,0
13351,3,4,1,210
11127,3,4,11872,0
11127,3,4,1,210
10018,3,4,10019,0
10018,3,4,1,210
15194,3,4,18173,0
15194,3,4,17803,210
15194,3,4,16323,280
15194,3,4,15953,350
15194,3,4,15583,420
15194,3,4,15213,490
15194,3,4,1,560
11867,3,4,12244,0
11867,3,4,1,210
12236,3,4,13725,0
12236,3,4,13355,210
12236,3,4,12245,280
12236,3,4,1,350
11864,3,4,13724,0
11864,3,4,13354,210
11864,3,4,12244,280
11864,3,4,11874,350
11864,3,4,1,420
12239,3,4,12615,0
12239,3,4,1,210
8906,3,4,12976,0
8906,3,4,12606,140
8906,3,4,11496,210
8906,3,4,11126,350
8906,3,4,10756,420
8906,3,4,10016,490
8906,3,4,9646,560
8906,3,4,8906,630
8906,3,4,1,700
1,4,5,1,0
15212,4,5,15213,0
15212,4,5,1,70
15581,4,5,16324,0
15581,4,5,15954,210
15581,4,5,1,280
12985,4,5,13727,0
12985,4,5,1,210
11501,4,5,12243,0
11501,4,5,1,210
13725,4,5,14469,0
13725,4,5,1,210
11872,4,5,12614,0
11872,4,5,1,210
12241,4,5,12985,0
12241,4,5,1,210
12978,4,5,14837,0
12978,4,5,14097,210
12978,4,5,13357,280
12978,4,5,12987,350
12978,4,5,1,420
15951,4,5,16695,0
15951,4,5,16325,210
15951,4,5,1,280
15583,4,5,15584,0
15583,4,5,1,70
12987,4,5,17427,0
12987,4,5,15947,210
12987,4,5,15577,350
12987,4,5,15207,420
12987,4,5,14837,490
12987,4,5,14097,560
12987,4,5,13727,630
12987,4,5,12987,700
12987,4,5,1,770
14467,4,5,14841,0
14467,4,5,1,210
11503,4,5,15943,0
11503,4,5,14463,210
11503,4,5,14093,350
11503,4,5,13723,420
11503,4,5,12983,490
11503,4,5,12613,560
11503,4,5,12243,630
11503,4,5,11503,700
11503,4,5,1,770
13727,4,5,14099,0
13727,4,5,1,210
11874,4,5,16314,0
11874,4,5,14834,210
11874,4,5,14464,350
11874,4,5,14094,420
11874,4,5,13354,490
11874,4,5,12984,560
11874,4,5,12614,630
11874,4,5,11874,700
11874,4,5,1,770
12243,4,5,12615,0
12243,4,5,1,210
9647,4,5,9648,0
9647,4,5,1,210
16322,4,5,17436,0
16322,4,5,16696,210
16322,4,5,1,280
10759,4,5,11501,0
10759,4,5,1,210
11496,4,5,12243,0
11496,4,5,11873,140
11496,4,5,1,210
17802,4,5,18920,0
17802,4,5,1,280
14469,4,5,14841,0
14469,4,5,1,210
14838,4,5,15582,0
14838,4,5,1,210
8906,4,5,12976,0
8906,4,5,12606,140
8906,4,5,11496,210
8906,4,5,11126,350
8906,4,5,10756,420
8906,4,5,10016,490
8906,4,5,9646,560
8906,4,5,8906,630
8906,4,5,1,700
15209,4,5,15953,0
15209,4,5,15213,210
15209,4,5,1,280
15578,4,5,15954,0
15578,4,5,15584,210
15578,4,5,1,280
12245,4,5,16315,0
12245,4,5,15205,210
12245,4,5,14835,350
12245,4,5,14095,420
12245,4,5,13725,490
12245,4,5,13355,560
12245,4,5,12615,630
12245,4,5,12245,700
12245,4,5,1,770
10761,4,5,15201,0
10761,4,5,13721,210
10761,4,5,13351,350
10761,4,5,12981,420
10761,4,5,12241,490
10761,4,5,11871,560
10761,4,5,11501,630
10761,4,5,10761,700
10761,4,5,1,770
11498,4,5,12243,0
11498,4,5,1,210
12607,4,5,14096,0
12607,4,5,13726,210
12607,4,5,12616,280
12607,4,5,1,350
14471,4,5,18541,0
14471,4,5,17061,210
14471,4,5,16691,350
14471,4,5,16321,420
14471,4,5,15581,490
14471,4,5,15211,560
14471,4,5,14471,630
14471,4,5,1,700
8534,4,5,8535,0
8534,4,5,1,70
14840,4,5,15212,0
14840,4,5,1,210
18173,4,5,18921,0
18173,4,5,1,280
10014,4,5,10759,0
10014,4,5,1,210
13356,4,5,14098,0
13356,4,5,1,210
11129,4,5,12242,0
11129,4,5,11872,140
11129,4,5,1,210
15580,4,5,16324,0
15580,4,5,15954,210
15580,4,5,1,280
17060,4,5,17808,0
17060,4,5,17438,210
17060,4,5,1,280
14096,4,5,14840,0
14096,4,5,1,210
11500,4,5,12613,0
11500,4,5,12243,140
11500,4,5,1,210
14842,4,5,18912,0
14842,4,5,17432,210
14842,4,5,17062,350
14842,4,5,16692,420
14842,4,5,16322,490
14842,4,5,15582,560
14842,4,5,15212,630
14842,4,5,1,700
10016,4,5,11129,0
10016,4,5,1,210
16691,4,5,17067,0
16691,4,5,16697,210
16691,4,5,1,280
13358,4,5,17798,0
13358,4,5,16688,210
13358,4,5,16318,350
13358,4,5,15578,420
13358,4,5,15208,490
13358,4,5,14468,560
13358,4,5,14098,630
13358,4,5,13728,700
13358,4,5,1,770
17428,4,5,18549,0
17428,4,5,1,280
11131,4,5,11132,0
11131,4,5,1,210
9276,4,5,9647,0
9276,4,5,1,210
15953,4,5,16695,0
15953,4,5,15955,210
15953,4,5,1,280
10756,4,5,11501,0
10756,4,5,1,210
14098,4,5,14470,0
14098,4,5,1,210
12614,4,5,12986,0
12614,4,5,1,210
13351,4,5,14098,0
13351,4,5,1,210
10018,4,5,10019,0
10018,4,5,1,210
10387,4,5,11500,0
10387,4,5,1,210
11124,4,5,12612,0
11124,4,5,11872,210
11124,4,5,11132,280
11124,4,5,1,350
17430,4,5,18549,0
17430,4,5,1,280
13729,4,5,17799,0
13729,4,5,16319,210
13729,4,5,15949,350
13729,4,5,15579,420
13729,4,5,15209,490
13729,4,5,14469,560
13729,4,5,14099,630
13729,4,5,1,700
12242,4,5,12985,0
12242,4,5,1,210
10758,4,5,11871,0
10758,4,5,11501,140
10758,4,5,1,210
14100,4,5,18170,0
14100,4,5,16690,210
14100,4,5,16320,350
14100,4,5,15950,420
14100,4,5,15580,490
14100,4,5,14840,560
14100,4,5,14470,630
14100,4,5,1,700
14837,4,5,15212,0
14837,4,5,1,210
12616,4,5,16686,0
12616,4,5,15576,210
12616,4,5,15206,350
12616,4,5,14466,420
12616,4,5,14096,490
12616,4,5,13726,560
12616,4,5,12986,630
12616,4,5,12616,700
12616,4,5,1,770
13353,4,5,14098,0
13353,4,5,1,210
11126,4,5,11872,0
11126,4,5,11132,210
11126,4,5,1,280
15948,4,5,16325,0
15948,4,5,15955,210
15948,4,5,1,280
10760,4,5,10761,0
10760,4,5,1,210
11497,4,5,12243,0
11497,4,5,11503,210
11497,4,5,1,280
18172,4,5,19291,0
18172,4,5,1,280
14839,4,5,15582,0
14839,4,5,15212,140
14839,4,5,1,210
16688,4,5,18177,0
16688,4,5,16697,280
16688,4,5,1,350
13355,4,5,14468,0
13355,4,5,1,210
13724,4,5,14099,0
13724,4,5,1,210
11871,4,5,12614,0
11871,4,5,1,210
9644,4,5,10758,0
9644,4,5,1,210
15950,4,5,16695,0
15950,4,5,16325,210
15950,4,5,1,280
15213,4,5,19283,0
15213,4,5,18913,210
15213,4,5,17803,280
15213,4,5,17433,350
15213,4,5,17063,420
15213,4,5,16693,490
15213,4,5,15953,560
15213,4,5,15583,630
15213,4,5,1,700
12986,4,5,12987,0
12986,4,5,1,210
13717,4,5,14839,0
13717,4,5,14469,210
13717,4,5,1,280
13357,4,5,13728,0
13357,4,5,1,210
13726,4,5,14469,0
13726,4,5,1,210
11130,4,5,11872,0
11130,4,5,1,210
11873,4,5,11874,0
11873,4,5,1,210
14088,4,5,15210,0
14088,4,5,14840,210
14088,4,5,1,280
15952,4,5,16695,0
15952,4,5,16325,210
15952,4,5,1,280
9646,4,5,10388,0
9646,4,5,1,210
14097,4,5,14840,0
14097,4,5,1,210
14468,4,5,14841,0
14468,4,5,1,210
12613,4,5,13356,0
12613,4,5,1,210
10017,4,5,10759,0
10017,4,5,1,210
16692,4,5,17067,0
16692,4,5,16697,210
16692,4,5,1,280
13728,4,5,13729,0
13728,4,5,1,70
11132,4,5,15572,0
11132,4,5,14092,210
11132,4,5,13722,350
11132,4,5,13352,420
11132,4,5,12612,490
11132,4,5,12242,560
11132,4,5,11872,630
11132,4,5,11132,700
11132,4,5,1,770
15208,4,5,15583,0
15208,4,5,15213,210
15208,4,5,1,280
12244,4,5,12245,0
12244,4,5,1,210
12981,4,5,13727,0
12981,4,5,12987,210
12981,4,5,1,280
9648,4,5,14088,0
9648,4,5,12978,210
9648,4,5,12608,350
9648,4,5,11868,420
9648,4,5,11498,490
9648,4,5,10758,560
9648,4,5,10388,630
9648,4,5,10018,700
9648,4,5,1,770
16323,4,5,17066,0
16323,4,5,16696,210
16323,4,5,1,280
14099,4,5,14100,0
14099,4,5,1,70
8164,4,5,11124,0
8164,4,5,10014,210
8164,4,5,9644,350
8164,4,5,8904,420
8164,4,5,8534,490
8164,4,5,8164,560
8164,4,5,1,630
14470,4,5,14471,0
14470,4,5,1,70
17803,4,5,18180,0
17803,4,5,17810,210
17803,4,5,1,280
12606,4,5,14466,0
12606,4,5,13726,210
12606,4,5,12986,280
12606,4,5,12616,350
12606,4,5,1,420
12615,4,5,12616,0
12615,4,5,1,210
10019,4,5,14459,0
10019,4,5,13349,210
10019,4,5,12979,350
10019,4,5,12239,420
10019,4,5,11869,490
10019,4,5,11129,560
10019,4,5,10759,630
10019,4,5,10389,700
10019,4,5,1,770
13721,4,5,14839,0
13721,4,5,14099,210
13721,4,5,1,280
10388,4,5,11500,0
10388,4,5,1,210
17431,4,5,18179,0
17431,4,5,1,280
15201,4,5,16323,0
15201,4,5,1,280
11868,4,5,12614,0
11868,4,5,12244,140
11868,4,5,11874,210
11868,4,5,1,280
12237,4,5,13355,0
12237,4,5,12985,210
12237,4,5,1,280
8904,4,5,9276,0
8904,4,5,1,210
15210,4,5,15953,0
15210,4,5,15213,210
15210,4,5,1,280
12983,4,5,14097,0
12983,4,5,13727,140
12983,4,5,1,210
12608,4,5,13726,0
12608,4,5,13356,210
12608,4,5,1,280
14841,4,5,14842,0
14841,4,5,1,70
13354,4,5,14468,0
13354,4,5,1,210
11127,4,5,11872,0
11127,4,5,1,210
12976,4,5,14837,0
12976,4,5,14097,210
12976,4,5,13357,280
12976,4,5,12987,350
12976,4,5,1,420
1,5,6,1,0
15212,5,6,15213,0
15212,5,6,1,70
15949,5,6,16325,0
15949,5,6,1,280
15581,5,6,16324,0
15581,5,6,15954,210
15581,5,6,1,280
16318,5,6,17806,0
16318,5,6,17436,210
16318,5,6,1,280
12985,5,6,13727,0
12985,5,6,1,210
19291,5,6,19664,0
19291,5,6,1,280
17798,5,6,18920,0
17798,5,6,1,280
11501,5,6,12243,0
11501,5,6,1,210
12239,5,6,12615,0
12239,5,6,12245,210
12239,5,6,1,280
13725,5,6,14469,0
13725,5,6,1,210
15205,5,6,16323,0
15205,5,6,15953,210
15205,5,6,1,280
11872,5,6,12614,0
11872,5,6,1,210
12241,5,6,12985,0
12241,5,6,1,210
12978,5,6,14837,0
12978,5,6,14097,210
12978,5,6,13357,280
12978,5,6,12987,350
12978,5,6,1,420
15583,5,6,15584,0
15583,5,6,1,70
16320,5,6,17066,0
16320,5,6,16696,210
16320,5,6,1,280
12987,5,6,17427,0
12987,5,6,15947,210
12987,5,6,15577,350
12987,5,6,15207,420
12987,5,6,14837,490
12987,5,6,14097,560
12987,5,6,13727,630
12987,5,6,12987,700
12987,5,6,1,770
17063,5,6,17068,0
17063,5,6,1,210
11503,5,6,15943,0
11503,5,6,14463,210
11503,5,6,14093,350
11503,5,6,13723,420
11503,5,6,12983,490
11503,5,6,12613,560
11503,5,6,12243,630
11503,5,6,11503,700
11503,5,6,1,770
12612,5,6,13356,0
12612,5,6,1,210
13727,5,6,14099,0
13727,5,6,1,210
15207,5,6,15583,0
15207,5,6,15213,210
15207,5,6,1,280
11874,5,6,16314,0
11874,5,6,14834,210
11874,5,6,14464,350
11874,5,6,14094,420
11874,5,6,13354,490
11874,5,6,12984,560
11874,5,6,12614,630
11874,5,6,11874,700
11874,5,6,1,770
15576,5,6,16694,0
15576,5,6,1,280
12243,5,6,12615,0
12243,5,6,1,210
18549,5,6,18922,0
18549,5,6,18552,210
18549,5,6,1,280
9647,5,6,9648,0
9647,5,6,1,210
16322,5,6,17436,0
16322,5,6,16696,210
16322,5,6,1,280
10759,5,6,11501,0
10759,5,6,1,210
11496,5,6,12243,0
11496,5,6,11873,140
11496,5,6,1,210
14469,5,6,14841,0
14469,5,6,1,210
8906,5,6,12976,0
8906,5,6,12606,140
8906,5,6,11496,210
8906,5,6,11126,350
8906,5,6,10756,420
8906,5,6,10016,490
8906,5,6,9646,560
8906,5,6,8906,630
8906,5,6,1,700
18180,5,6,18181,0
18180,5,6,1,70
17433,5,6,17439,0
17433,5,6,1,280
15209,5,6,15953,0
15209,5,6,15213,210
15209,5,6,1,280
15578,5,6,15954,0
15578,5,6,15584,210
15578,5,6,1,280
12245,5,6,16315,0
12245,5,6,15205,210
12245,5,6,14835,350
12245,5,6,14095,420
12245,5,6,13725,490
12245,5,6,13355,560
12245,5,6,12615,630
12245,5,6,12245,700
12245,5,6,1,770
16315,5,6,18176,0
16315,5,6,16696,280
16315,5,6,16326,350
16315,5,6,1,420
16324,5,6,17066,0
16324,5,6,16696,210
16324,5,6,1,280
14094,5,6,14470,0
14094,5,6,1,210
10761,5,6,15201,0
10761,5,6,13721,210
10761,5,6,13351,350
10761,5,6,12981,420
10761,5,6,12241,490
10761,5,6,11871,560
10761,5,6,11501,630
10761,5,6,10761,700
10761,5,6,1,770
17067,5,6,17068,0
17067,5,6,1,70
11498,5,6,12243,0
11498,5,6,1,210
14471,5,6,18541,0
14471,5,6,17061,210
14471,5,6,16691,350
14471,5,6,16321,420
14471,5,6,15581,490
14471,5,6,15211,560
14471,5,6,14471,630
14471,5,6,1,700
8534,5,6,8535,0
8534,5,6,1,70
14840,5,6,15212,0
14840,5,6,1,210
13722,5,6,14099,0
13722,5,6,1,210
10014,5,6,10759,0
10014,5,6,1,210
13356,5,6,14098,0
13356,5,6,1,210
11869,5,6,12614,0
11869,5,6,1,210
11129,5,6,12242,0
11129,5,6,11872,140
11129,5,6,1,210
15211,5,6,15583,0
15211,5,6,15213,210
15211,5,6,1,280
15580,5,6,16324,0
15580,5,6,15954,210
15580,5,6,1,280
12984,5,6,13727,0
12984,5,6,1,210
14464,5,6,14471,0
14464,5,6,1,210
14096,5,6,14840,0
14096,5,6,1,210
11500,5,6,12613,0
11500,5,6,12243,140
11500,5,6,1,210
14842,5,6,18912,0
14842,5,6,17432,210
14842,5,6,17062,350
14842,5,6,16692,420
14842,5,6,16322,490
14842,5,6,15582,560
14842,5,6,15212,630
14842,5,6,1,700
13349,5,6,15208,0
13349,5,6,14838,210
13349,5,6,13728,280
13349,5,6,13358,350
13349,5,6,1,420
10016,5,6,11129,0
10016,5,6,1,210
16691,5,6,17067,0
16691,5,6,16697,210
16691,5,6,1,280
9276,5,6,9647,0
9276,5,6,1,210
15582,5,6,15954,0
15582,5,6,15584,210
15582,5,6,1,280
16319,5,6,16696,0
16319,5,6,16326,210
16319,5,6,1,280
10756,5,6,11501,0
10756,5,6,1,210
15953,5,6,16695,0
15953,5,6,15955,210
15953,5,6,1,280
17062,5,6,17068,0
17062,5,6,1,210
17799,5,6,19290,0
17799,5,6,17810,280
17799,5,6,1,350
14098,5,6,14470,0
14098,5,6,1,210
14835,5,6,15212,0
14835,5,6,14842,140
14835,5,6,1,210
14466,5,6,14841,0
14466,5,6,1,210
17808,5,6,18180,0
17808,5,6,17810,210
17808,5,6,1,280
18177,5,6,18551,0
18177,5,6,18181,210
18177,5,6,1,280
12614,5,6,12986,0
12614,5,6,1,210
13351,5,6,14098,0
13351,5,6,1,210
10018,5,6,10019,0
10018,5,6,1,210
16693,5,6,17437,0
16693,5,6,17067,210
16693,5,6,1,280
11124,5,6,12612,0
11124,5,6,11872,210
11124,5,6,11132,280
11124,5,6,1,350
13729,5,6,17799,0
13729,5,6,16319,210
13729,5,6,15949,350
13729,5,6,15579,420
13729,5,6,15209,490
13729,5,6,14469,560
13729,5,6,14099,630
13729,5,6,1,700
12242,5,6,12985,0
12242,5,6,1,210
15584,5,6,19654,0
15584,5,6,19284,210
15584,5,6,18174,280
15584,5,6,17804,350
15584,5,6,17434,420
15584,5,6,17064,490
15584,5,6,16324,560
15584,5,6,15954,630
15584,5,6,1,700
14459,5,6,15211,0
14459,5,6,14841,210
14459,5,6,1,280
15955,5,6,20395,0
15955,5,6,20025,210
15955,5,6,18915,280
15955,5,6,18545,350
15955,5,6,17805,420
15955,5,6,17435,490
15955,5,6,17065,560
15955,5,6,16325,630
15955,5,6,15955,700
15955,5,6,1,770
10758,5,6,11871,0
10758,5,6,11501,140
10758,5,6,1,210
18170,5,6,19291,0
18170,5,6,1,280
14837,5,6,15212,0
14837,5,6,1,210
14100,5,6,18170,0
14100,5,6,16690,210
14100,5,6,16320,350
14100,5,6,15950,420
14100,5,6,15580,490
14100,5,6,14840,560
14100,5,6,14470,630
14100,5,6,1,700
18179,5,6,18551,0
18179,5,6,18181,210
18179,5,6,1,280
12616,5,6,16686,0
12616,5,6,15576,210
12616,5,6,15206,350
12616,5,6,14466,420
12616,5,6,14096,490
12616,5,6,13726,560
12616,5,6,12986,630
12616,5,6,12616,700
12616,5,6,1,770
16686,5,6,18177,0
16686,5,6,16697,280
16686,5,6,1,350
10389,5,6,10760,0
10389,5,6,1,210
16695,5,6,17067,0
16695,5,6,16697,210
16695,5,6,1,280
11126,5,6,11872,0
11126,5,6,11132,210
11126,5,6,1,280
17432,5,6,17439,0
17432,5,6,1,210
15577,5,6,15954,0
15577,5,6,15584,210
15577,5,6,1,280
18912,5,6,20033,0
18912,5,6,1,280
18921,5,6,19293,0
18921,5,6,18923,210
18921,5,6,1,280
14093,5,6,14470,0
14093,5,6,1,210
17066,5,6,17068,0
17066,5,6,1,210
14839,5,6,15582,0
14839,5,6,15212,140
14839,5,6,1,210
16688,5,6,18177,0
16688,5,6,16697,280
16688,5,6,1,350
13355,5,6,14468,0
13355,5,6,1,210
16697,5,6,20767,0
16697,5,6,19657,280
16697,5,6,19287,350
16697,5,6,18547,420
16697,5,6,18177,490
16697,5,6,17437,560
16697,5,6,17067,630
16697,5,6,16697,700
16697,5,6,1,770
11871,5,6,12614,0
11871,5,6,1,210
15213,5,6,19283,0
15213,5,6,18913,210
15213,5,6,17803,280
15213,5,6,17433,350
15213,5,6,17063,420
15213,5,6,16693,490
15213,5,6,15953,560
15213,5,6,15583,630
15213,5,6,1,700
15950,5,6,16695,0
15950,5,6,16325,210
15950,5,6,1,280
19283,5,6,20404,0
19283,5,6,1,280
9644,5,6,10758,0
9644,5,6,1,210
12986,5,6,12987,0
12986,5,6,1,210
14095,5,6,14470,0
14095,5,6,1,210
8535,5,6,11495,0
8535,5,6,10385,210
8535,5,6,10015,350
8535,5,6,9275,420
8535,5,6,8905,490
8535,5,6,8535,560
8535,5,6,1,630
16690,5,6,17067,0
16690,5,6,16697,210
16690,5,6,1,280
13357,5,6,13728,0
13357,5,6,1,210
17427,5,6,18179,0
17427,5,6,1,280
13726,5,6,14469,0
13726,5,6,1,210
15572,5,6,16694,0
15572,5,6,1,280
17436,5,6,17809,0
17436,5,6,17439,210
17436,5,6,1,280
15206,5,6,15583,0
15206,5,6,15213,210
15206,5,6,1,280
15943,5,6,17065,0
15943,5,6,1,280
11873,5,6,11874,0
11873,5,6,1,210
12979,5,6,14467,0
12979,5,6,13727,210
12979,5,6,12987,280
12979,5,6,1,350
9646,5,6,10388,0
9646,5,6,1,210
14088,5,6,15210,0
14088,5,6,14840,210
14088,5,6,1,280
17061,5,6,17068,0
17061,5,6,1,210
16321,5,6,17066,0
16321,5,6,16696,210
16321,5,6,1,280
14097,5,6,14840,0
14097,5,6,1,210
14834,5,6,15952,0
14834,5,6,15212,210
14834,5,6,1,280
14468,5,6,14841,0
14468,5,6,1,210
12613,5,6,13356,0
12613,5,6,1,210
17810,5,6,20770,0
17810,5,6,20400,280
17810,5,6,20030,350
17810,5,6,19660,420
17810,5,6,18920,490
17810,5,6,18550,560
17810,5,6,18180,630
17810,5,6,1,700
16692,5,6,17067,0
16692,5,6,16697,210
16692,5,6,1,280
13728,5,6,13729,0
13728,5,6,1,70
11132,5,6,15572,0
11132,5,6,14092,210
11132,5,6,13722,350
11132,5,6,13352,420
11132,5,6,12612,490
11132,5,6,12242,560
11132,5,6,11872,630
11132,5,6,11132,700
11132,5,6,1,770
17438,5,6,17439,0
17438,5,6,1,70
18541,5,6,19662,0
18541,5,6,1,280
15208,5,6,15583,0
15208,5,6,15213,210
15208,5,6,1,280
16314,5,6,17806,0
16314,5,6,16326,280
16314,5,6,1,350
12981,5,6,13727,0
12981,5,6,12987,210
12981,5,6,1,280
9648,5,6,14088,0
9648,5,6,12978,210
9648,5,6,12608,350
9648,5,6,11868,420
9648,5,6,11498,490
9648,5,6,10758,560
9648,5,6,10388,630
9648,5,6,10018,700
9648,5,6,1,770
15954,5,6,15955,0
15954,5,6,1,210
12244,5,6,12245,0
12244,5,6,1,210
16323,5,6,17066,0
16323,5,6,16696,210
16323,5,6,1,280
14099,5,6,14100,0
14099,5,6,1,70
12606,5,6,14466,0
12606,5,6,13726,210
12606,5,6,12986,280
12606,5,6,12616,350
12606,5,6,1,420
14470,5,6,14471,0
14470,5,6,1,70
17803,5,6,18180,0
17803,5,6,17810,210
17803,5,6,1,280
8164,5,6,11124,0
8164,5,6,10014,210
8164,5,6,9644,350
8164,5,6,8904,420
8164,5,6,8534,490
8164,5,6,8164,560
8164,5,6,1,630
12615,5,6,12616,0
12615,5,6,1,210
13352,5,6,14098,0
13352,5,6,13728,210
13352,5,6,1,280
10019,5,6,14459,0
10019,5,6,13349,210
10019,5,6,12979,350
10019,5,6,12239,420
10019,5,6,11869,490
10019,5,6,11129,560
10019,5,6,10759,630
10019,5,6,10389,700
10019,5,6,1,770
13721,5,6,14839,0
13721,5,6,14099,210
13721,5,6,1,280
10388,5,6,11500,0
10388,5,6,1,210
15201,5,6,16323,0
15201,5,6,1,280
11868,5,6,12614,0
11868,5,6,12244,140
11868,5,6,11874,210
11868,5,6,1,280
8904,5,6,9276,0
8904,5,6,1,210
15210,5,6,15953,0
15210,5,6,15213,210
15210,5,6,1,280
15947,5,6,17065,0
15947,5,6,1,280
15579,5,6,15954,0
15579,5,6,15584,210
15579,5,6,1,280
18920,5,6,19293,0
18920,5,6,18923,210
18920,5,6,1,280
12983,5,6,14097,0
12983,5,6,13727,140
12983,5,6,1,210
14092,5,6,15210,0
14092,5,6,14470,210
14092,5,6,1,280
16325,5,6,16326,0
16325,5,6,1,280
14463,5,6,15211,0
14463,5,6,14841,210
14463,5,6,1,280
12608,5,6,13726,0
12608,5,6,13356,210
12608,5,6,1,280
14841,5,6,14842,0
14841,5,6,1,70
13354,5,6,14468,0
13354,5,6,1,210
13723,5,6,14099,0
13723,5,6,1,210
16696,5,6,16697,0
16696,5,6,1,210
18913,5,6,20403,0
18913,5,6,18923,280
18913,5,6,1,350
12976,5,6,14837,0
12976,5,6,14097,210
12976,5,6,13357,280
12976,5,6,12987,350
12976,5,6,1,420
1,6,7,1,0
15212,6,7,15213,0
15212,6,7,1,70
15949,6,7,16325,0
15949,6,7,15955,210
15949,6,7,1,280
15581,6,7,16324,0
15581,6,7,15584,210
15581,6,7,1,280
9275,6,7,10387,0
9275,6,7,1,210
12985,6,7,13727,0
12985,6,7,1,210
19291,6,7,19664,0
19291,6,7,19294,210
19291,6,7,1,280
11501,6,7,12243,0
11501,6,7,1,210
12239,6,7,12615,0
12239,6,7,1,210
13725,6,7,14469,0
13725,6,7,14099,140
13725,6,7,1,210
15205,6,7,16323,0
15205,6,7,15953,210
15205,6,7,1,280
11872,6,7,12614,0
11872,6,7,1,210
12241,6,7,12985,0
12241,6,7,1,210
18547,6,7,18922,0
18547,6,7,1,210
19284,6,7,20774,0
19284,6,7,19294,280
19284,6,7,1,350
12978,6,7,14837,0
12978,6,7,14097,210
12978,6,7,12987,280
12978,6,7,1,350
15583,6,7,15584,0
15583,6,7,1,70
16320,6,7,16696,0
16320,6,7,1,280
12987,6,7,17427,0
12987,6,7,15947,210
12987,6,7,15577,350
12987,6,7,15207,420
12987,6,7,14467,490
12987,6,7,14097,560
12987,6,7,13727,630
12987,6,7,12987,700
12987,6,7,1,770
19293,6,7,19294,0
19293,6,7,1,70
17063,6,7,17068,0
17063,6,7,1,210
14467,6,7,14841,0
14467,6,7,1,210
11503,6,7,15943,0
11503,6,7,14463,210
11503,6,7,14093,350
11503,6,7,13723,420
11503,6,7,12983,490
11503,6,7,12613,560
11503,6,7,12243,630
11503,6,7,11503,700
11503,6,7,1,770
12612,6,7,13356,0
12612,6,7,1,210
17809,6,7,17810,0
17809,6,7,1,70
10385,6,7,11500,0
10385,6,7,1,210
13727,6,7,14099,0
13727,6,7,1,210
20395,6,7,20777,0
20395,6,7,1,350
15207,6,7,15583,0
15207,6,7,15213,210
15207,6,7,1,280
11874,6,7,16314,0
11874,6,7,14834,210
11874,6,7,14464,350
11874,6,7,14094,420
11874,6,7,13354,490
11874,6,7,12984,560
11874,6,7,12244,630
11874,6,7,11874,700
11874,6,7,1,770
15576,6,7,16694,0
15576,6,7,1,280
12243,6,7,12615,0
12243,6,7,1,210
20404,6,7,20777,0
20404,6,7,20407,280
20404,6,7,1,350
9647,6,7,9648,0
9647,6,7,1,210
16322,6,7,17066,0
16322,6,7,16696,210
16322,6,7,1,280
10759,6,7,11501,0
10759,6,7,1,210
11496,6,7,11873,0
11496,6,7,1,210
17065,6,7,17438,0
17065,6,7,1,210
14469,6,7,14471,0
14469,6,7,1,210
14838,6,7,15582,0
14838,6,7,15212,140
14838,6,7,1,210
8906,6,7,12976,0
8906,6,7,12606,140
8906,6,7,11496,210
8906,6,7,11126,350
8906,6,7,10756,420
8906,6,7,10016,490
8906,6,7,9646,560
8906,6,7,8906,630
8906,6,7,1,700
18180,6,7,18181,0
18180,6,7,1,70
19660,6,7,20035,0
19660,6,7,1,280
17433,6,7,17439,0
17433,6,7,1,210
15209,6,7,15953,0
15209,6,7,15213,210
15209,6,7,1,280
16315,6,7,18176,0
16315,6,7,16326,280
16315,6,7,1,350
12245,6,7,16315,0
12245,6,7,15205,210
12245,6,7,14835,350
12245,6,7,14095,420
12245,6,7,13725,490
12245,6,7,13355,560
12245,6,7,12615,630
12245,6,7,12245,700
12245,6,7,1,770
18551,6,7,18552,0
18551,6,7,1,70
16324,6,7,17066,0
16324,6,7,16696,210
16324,6,7,1,280
18922,6,7,18923,0
18922,6,7,1,70
14094,6,7,14470,0
14094,6,7,1,210
10761,6,7,15201,0
10761,6,7,13721,210
10761,6,7,13351,350
10761,6,7,12981,420
10761,6,7,12241,490
10761,6,7,11871,560
10761,6,7,11501,630
10761,6,7,10761,700
10761,6,7,1,770
17067,6,7,17068,0
17067,6,7,1,70
17804,6,7,18180,0
17804,6,7,17810,210
17804,6,7,1,280
14471,6,7,18541,0
14471,6,7,17061,210
14471,6,7,16691,350
14471,6,7,16321,420
14471,6,7,15581,490
14471,6,7,15211,560
14471,6,7,14471,630
14471,6,7,1,700
11498,6,7,12243,0
11498,6,7,1,210
14840,6,7,15212,0
14840,6,7,1,210
8534,6,7,8535,0
8534,6,7,1,70
13722,6,7,13729,0
13722,6,7,1,210
10014,6,7,10759,0
10014,6,7,1,210
13356,6,7,14098,0
13356,6,7,1,210
19662,6,7,20035,0
19662,6,7,1,280
11869,6,7,12614,0
11869,6,7,1,210
11129,6,7,11872,0
11129,6,7,1,210
17435,6,7,17809,0
17435,6,7,17439,210
17435,6,7,1,280
8905,6,7,8906,0
8905,6,7,1,70
15211,6,7,15583,0
15211,6,7,15213,210
15211,6,7,1,280
15580,6,7,16324,0
15580,6,7,15584,210
15580,6,7,1,280
12984,6,7,13727,0
12984,6,7,1,210
16326,6,7,20766,0
16326,6,7,20396,210
16326,6,7,19286,280
16326,6,7,18916,350
16326,6,7,18546,420
16326,6,7,17806,490
16326,6,7,17436,560
16326,6,7,16696,630
16326,6,7,16326,700
16326,6,7,1,770
18915,6,7,19663,0
18915,6,7,1,280
14464,6,7,14471,0
14464,6,7,1,210
14096,6,7,14840,0
14096,6,7,14470,140
14096,6,7,1,210
11500,6,7,12243,0
11500,6,7,1,210
17806,6,7,18550,0
17806,6,7,18180,210
17806,6,7,1,280
14842,6,7,18912,0
14842,6,7,17432,210
14842,6,7,17062,350
14842,6,7,16692,420
14842,6,7,16322,490
14842,6,7,15582,560
14842,6,7,15212,630
14842,6,7,1,700
13349,6,7,15208,0
13349,6,7,14838,210
13349,6,7,13728,280
13349,6,7,13358,350
13349,6,7,1,420
10016,6,7,11129,0
10016,6,7,1,210
16691,6,7,17067,0
16691,6,7,16697,210
16691,6,7,1,280
13358,6,7,17798,0
13358,6,7,16688,210
13358,6,7,16318,350
13358,6,7,15578,420
13358,6,7,15208,490
13358,6,7,14468,560
13358,6,7,14098,630
13358,6,7,13728,700
13358,6,7,1,770
19664,6,7,19665,0
19664,6,7,1,70
20033,6,7,20406,0
20033,6,7,20036,280
20033,6,7,1,350
20770,6,7,20778,0
20770,6,7,1,350
17437,6,7,17439,0
17437,6,7,1,210
9276,6,7,9647,0
9276,6,7,1,210
15582,6,7,15954,0
15582,6,7,15584,210
15582,6,7,1,280
16319,6,7,16696,0
16319,6,7,16326,210
16319,6,7,1,280
15953,6,7,16325,0
15953,6,7,15955,210
15953,6,7,1,280
10756,6,7,11501,0
10756,6,7,1,210
17062,6,7,17068,0
17062,6,7,1,210
17799,6,7,19290,0
17799,6,7,1,280
14098,6,7,14470,0
14098,6,7,1,210
14835,6,7,14842,0
14835,6,7,1,210
14466,6,7,14841,0
14466,6,7,14471,140
14466,6,7,1,210
18177,6,7,18551,0
18177,6,7,18181,210
18177,6,7,1,280
12614,6,7,12986,0
12614,6,7,1,210
13351,6,7,14098,0
13351,6,7,1,210
19657,6,7,20405,0
19657,6,7,20035,280
19657,6,7,1,350
10018,6,7,10019,0
10018,6,7,1,210
16693,6,7,17437,0
16693,6,7,16697,210
16693,6,7,1,280
11124,6,7,12612,0
11124,6,7,11872,210
11124,6,7,11132,280
11124,6,7,1,350
13729,6,7,17799,0
13729,6,7,16319,210
13729,6,7,15949,350
13729,6,7,15579,420
13729,6,7,15209,490
13729,6,7,14469,560
13729,6,7,14099,630
13729,6,7,1,700
20403,6,7,20777,0
20403,6,7,20407,280
20403,6,7,1,350
17439,6,7,20769,0
17439,6,7,19659,280
17439,6,7,19289,350
17439,6,7,18919,420
17439,6,7,18549,490
17439,6,7,17809,560
17439,6,7,17439,630
17439,6,7,1,700
12242,6,7,12985,0
12242,6,7,1,210
15584,6,7,19654,0
15584,6,7,19284,210
15584,6,7,18174,280
15584,6,7,17804,350
15584,6,7,17434,420
15584,6,7,17064,490
15584,6,7,16324,560
15584,6,7,15954,630
15584,6,7,1,700
14459,6,7,15211,0
14459,6,7,14841,210
14459,6,7,1,280
15955,6,7,20025,0
15955,6,7,19655,210
15955,6,7,18915,280
15955,6,7,18545,350
15955,6,7,17805,420
15955,6,7,17435,490
15955,6,7,16695,560
15955,6,7,16325,630
15955,6,7,15955,700
15955,6,7,1,770
17064,6,7,17438,0
17064,6,7,1,210
10758,6,7,11501,0
10758,6,7,1,210
11495,6,7,12983,0
11495,6,7,12243,210
11495,6,7,11503,280
11495,6,7,1,350
18170,6,7,19291,0
18170,6,7,1,280
14837,6,7,15212,0
14837,6,7,1,210
14100,6,7,18170,0
14100,6,7,16690,210
14100,6,7,16320,350
14100,6,7,15950,420
14100,6,7,15580,490
14100,6,7,14840,560
14100,6,7,14470,630
14100,6,7,1,700
18179,6,7,18181,0
18179,6,7,1,280
16686,6,7,18177,0
16686,6,7,16697,280
16686,6,7,1,350
12616,6,7,16686,0
12616,6,7,15576,210
12616,6,7,15206,350
12616,6,7,14466,420
12616,6,7,14096,490
12616,6,7,13726,560
12616,6,7,12986,630
12616,6,7,12616,700
12616,6,7,1,770
10389,6,7,10760,0
10389,6,7,1,210
11126,6,7,11872,0
11126,6,7,11132,210
11126,6,7,1,280
17432,6,7,17439,0
17432,6,7,1,210
16695,6,7,17067,0
16695,6,7,16697,210
16695,6,7,1,280
15577,6,7,15954,0
15577,6,7,1,210
18912,6,7,20033,0
18912,6,7,1,280
14093,6,7,14100,0
14093,6,7,1,210
19290,6,7,19664,0
19290,6,7,19294,210
19290,6,7,1,280
17066,6,7,17068,0
17066,6,7,1,210
10760,6,7,10761,0
10760,6,7,1,210
14839,6,7,15212,0
14839,6,7,1,210
18181,6,7,20771,0
18181,6,7,20401,350
18181,6,7,19661,420
18181,6,7,19291,490
18181,6,7,18921,560
18181,6,7,18181,630
18181,6,7,1,700
13355,6,7,14468,0
13355,6,7,1,210
20030,6,7,20036,0
20030,6,7,1,280
16697,6,7,20767,0
16697,6,7,20397,210
16697,6,7,19287,280
16697,6,7,18917,350
16697,6,7,18547,420
16697,6,7,18177,490
16697,6,7,17437,560
16697,6,7,17067,630
16697,6,7,1,700
17434,6,7,17439,0
17434,6,7,1,210
20767,6,7,20778,0
20767,6,7,1,350
11871,6,7,12614,0
11871,6,7,1,210
15213,6,7,19283,0
15213,6,7,18913,210
15213,6,7,17803,280
15213,6,7,17433,350
15213,6,7,17063,420
15213,6,7,16693,490
15213,6,7,15953,560
15213,6,7,15583,630
15213,6,7,1,700
15950,6,7,16325,0
15950,6,7,15955,210
15950,6,7,1,280
19283,6,7,20404,0
19283,6,7,20034,280
19283,6,7,1,350
18923,6,7,21143,0
18923,6,7,20773,280
18923,6,7,20403,420
18923,6,7,20033,490
18923,6,7,19663,560
18923,6,7,18923,630
18923,6,7,1,700
12986,6,7,12987,0
12986,6,7,1,210
14095,6,7,14470,0
14095,6,7,1,210
9644,6,7,10758,0
9644,6,7,1,210
8535,6,7,11495,0
8535,6,7,10385,210
8535,6,7,10015,350
8535,6,7,9275,420
8535,6,7,8905,490
8535,6,7,1,560
18174,6,7,18181,0
18174,6,7,1,210
19654,6,7,20775,0
19654,6,7,20405,280
19654,6,7,1,350
10015,6,7,11129,0
10015,6,7,1,210
16690,6,7,17067,0
16690,6,7,16697,210
16690,6,7,1,280
13357,6,7,13358,0
13357,6,7,1,210
17427,6,7,18179,0
17427,6,7,1,280
13726,6,7,14099,0
13726,6,7,1,210
20400,6,7,20407,0
20400,6,7,1,280
15572,6,7,16694,0
15572,6,7,1,280
17436,6,7,17809,0
17436,6,7,17439,210
17436,6,7,1,280
15206,6,7,15213,0
15206,6,7,1,210
15943,6,7,17065,0
15943,6,7,1,280
11873,6,7,11874,0
11873,6,7,1,210
12979,6,7,14097,0
12979,6,7,13727,210
12979,6,7,1,280
9646,6,7,10388,0
9646,6,7,1,210
15952,6,7,16695,0
15952,6,7,16325,210
15952,6,7,1,280
17061,6,7,17068,0
17061,6,7,1,210
16321,6,7,17066,0
16321,6,7,16696,210
16321,6,7,1,280
14088,6,7,15210,0
14088,6,7,14470,210
14088,6,7,1,280
14097,6,7,14470,0
14097,6,7,1,210
14834,6,7,15952,0
14834,6,7,15212,210
14834,6,7,1,280
18545,6,7,18552,0
18545,6,7,1,210
18176,6,7,18551,0
18176,6,7,1,210
14468,6,7,14841,0
14468,6,7,1,210
12613,6,7,13356,0
12613,6,7,1,210
17810,6,7,20770,0
17810,6,7,20400,280
17810,6,7,20030,350
17810,6,7,19660,420
17810,6,7,18920,490
17810,6,7,18550,560
17810,6,7,18180,630
17810,6,7,1,700
20025,6,7,20776,0
20025,6,7,1,350
16692,6,7,17067,0
16692,6,7,16697,210
16692,6,7,1,280
13728,6,7,13729,0
13728,6,7,1,70
11132,6,7,15572,0
11132,6,7,14092,210
11132,6,7,13722,350
11132,6,7,13352,420
11132,6,7,12612,490
11132,6,7,12242,560
11132,6,7,11872,630
11132,6,7,11132,700
11132,6,7,1,770
18541,6,7,19662,0
18541,6,7,1,280
15208,6,7,15583,0
15208,6,7,15213,210
15208,6,7,1,280
16314,6,7,17806,0
16314,6,7,1,280
12981,6,7,13357,0
12981,6,7,1,210
9648,6,7,14088,0
9648,6,7,12978,210
9648,6,7,12608,350
9648,6,7,11868,420
9648,6,7,11498,490
9648,6,7,10758,560
9648,6,7,10388,630
9648,6,7,10018,700
9648,6,7,1,770
15954,6,7,15955,0
15954,6,7,1,210
19287,6,7,19294,0
19287,6,7,1,280
16323,6,7,17066,0
16323,6,7,16696,210
16323,6,7,1,280
18550,6,7,18552,0
18550,6,7,1,280
14099,6,7,14100,0
14099,6,7,1,70
12244,6,7,12245,0
12244,6,7,1,210
12606,6,7,14096,0
12606,6,7,13726,210
12606,6,7,12616,280
12606,6,7,1,350
14470,6,7,14471,0
14470,6,7,1,70
17803,6,7,17810,0
17803,6,7,1,280
8164,6,7,11124,0
8164,6,7,10014,210
8164,6,7,9644,350
8164,6,7,8904,420
8164,6,7,8534,490
8164,6,7,1,560
12615,6,7,12616,0
12615,6,7,1,210
13352,6,7,14098,0
13352,6,7,1,210
10019,6,7,14459,0
10019,6,7,13349,210
10019,6,7,12979,350
10019,6,7,12239,420
10019,6,7,11869,490
10019,6,7,11129,560
10019,6,7,10759,630
10019,6,7,10389,700
10019,6,7,1,770
13721,6,7,14839,0
13721,6,7,14099,210
13721,6,7,1,280
10388,6,7,11500,0
10388,6,7,1,210
16694,6,7,17437,0
16694,6,7,17067,210
16694,6,7,1,280
15201,6,7,16323,0
15201,6,7,1,280
11868,6,7,12244,0
11868,6,7,1,210
8904,6,7,9276,0
8904,6,7,1,210
15210,6,7,15583,0
15210,6,7,15213,210
15210,6,7,1,280
15947,6,7,17065,0
15947,6,7,1,280
15579,6,7,15954,0
15579,6,7,15584,210
15579,6,7,1,280
18920,6,7,19293,0
18920,6,7,18923,210
18920,6,7,1,280
12983,6,7,13727,0
12983,6,7,1,210
18552,6,7,21142,0
18552,6,7,20772,210
18552,6,7,20032,420
18552,6,7,19662,490
18552,6,7,19292,560
18552,6,7,18552,630
18552,6,7,1,700
14092,6,7,15210,0
14092,6,7,14470,210
14092,6,7,1,280
16325,6,7,16326,0
16325,6,7,1,210
14463,6,7,15211,0
14463,6,7,14841,210
14463,6,7,1,280
17068,6,7,20768,0
17068,6,7,20398,210
17068,6,7,19288,280
17068,6,7,18918,350
17068,6,7,18548,420
17068,6,7,18178,490
17068,6,7,17438,560
17068,6,7,17068,630
17068,6,7,1,700
17805,6,7,18180,0
17805,6,7,17810,210
17805,6,7,1,280
12608,6,7,13726,0
12608,6,7,13356,210
12608,6,7,1,280
14841,6,7,14842,0
14841,6,7,1,70
13354,6,7,14468,0
13354,6,7,1,210
13723,6,7,14099,0
13723,6,7,1,210
16696,6,7,16697,0
16696,6,7,1,70
18913,6,7,20403,0
18913,6,7,18923,280
18913,6,7,1,350
12976,6,7,14837,0
12976,6,7,14097,210
12976,6,7,13357,280
12976,6,7,12987,350
12976,6,7,1,420
1,7,8,1,0
15212,7,8,15213,0
15212,7,8,1,70
15949,7,8,16325,0
15949,7,8,15955,210
15949,7,8,1,280
15581,7,8,16324,0
15581,7,8,15584,210
15581,7,8,1,280
16318,7,8,17436,0
16318,7,8,17066,210
16318,7,8,1,280
12985,7,8,13727,0
12985,7,8,1,210
19291,7,8,19664,0
19291,7,8,19294,210
19291,7,8,1,280
9275,7,8,10387,0
9275,7,8,10017,140
9275,7,8,1,210
17798,7,8,18550,0
17798,7,8,1,280
11501,7,8,12243,0
11501,7,8,1,210
12239,7,8,12615,0
12239,7,8,1,210
13725,7,8,14099,0
13725,7,8,1,210
15205,7,8,15953,0
15205,7,8,15583,210
15205,7,8,1,280
11872,7,8,12614,0
11872,7,8,1,210
12241,7,8,12985,0
12241,7,8,1,210
18547,7,8,18552,0
18547,7,8,1,210
19284,7,8,20404,0
19284,7,8,1,280
12978,7,8,14467,0
12978,7,8,14097,210
12978,7,8,12987,280
12978,7,8,1,350
15583,7,8,15584,0
15583,7,8,1,70
16320,7,8,16696,0
16320,7,8,16326,210
16320,7,8,1,280
12987,7,8,17427,0
12987,7,8,15947,210
12987,7,8,15577,350
12987,7,8,15207,420
12987,7,8,14467,490
12987,7,8,14097,560
12987,7,8,13357,630
12987,7,8,12987,700
12987,7,8,1,770
19293,7,8,19294,0
19293,7,8,1,70
17063,7,8,17068,0
17063,7,8,1,210
14467,7,8,14841,0
14467,7,8,1,210
11503,7,8,15943,0
11503,7,8,14463,210
11503,7,8,14093,350
11503,7,8,13723,420
11503,7,8,12983,490
11503,7,8,12613,560
11503,7,8,11873,630
11503,7,8,11503,700
11503,7,8,1,770
17809,7,8,17810,0
17809,7,8,1,70
12612,7,8,13356,0
12612,7,8,1,210
21142,7,8,21149,0
21142,7,8,1,350
18178,7,8,18551,0
18178,7,8,18181,210
18178,7,8,1,280
10385,7,8,11130,0
10385,7,8,1,210
13727,7,8,14099,0
13727,7,8,1,210
15207,7,8,15213,0
15207,7,8,1,280
11874,7,8,15944,0
11874,7,8,14834,210
11874,7,8,14464,350
11874,7,8,13724,420
11874,7,8,13354,490
11874,7,8,12984,560
11874,7,8,12244,630
11874,7,8,11874,700
11874,7,8,1,770
15576,7,8,16694,0
15576,7,8,16324,210
15576,7,8,1,280
12243,7,8,12615,0
12243,7,8,1,210
18549,7,8,18922,0
18549,7,8,18552,210
18549,7,8,1,280
19286,7,8,20034,0
19286,7,8,1,280
9647,7,8,9648,0
9647,7,8,1,210
20404,7,8,20777,0
20404,7,8,1,280
16322,7,8,17066,0
16322,7,8,16696,210
16322,7,8,1,280
10759,7,8,11501,0
10759,7,8,1,210
11496,7,8,11873,0
11496,7,8,1,210
17065,7,8,17438,0
17065,7,8,1,210
14469,7,8,14471,0
14469,7,8,1,210
14838,7,8,15212,0
14838,7,8,1,210
8906,7,8,12606,0
8906,7,8,11496,210
8906,7,8,11126,350
8906,7,8,10386,420
8906,7,8,10016,490
8906,7,8,9276,560
8906,7,8,8906,630
8906,7,8,1,700
18180,7,8,18181,0
18180,7,8,1,70
19660,7,8,19665,0
19660,7,8,1,280
20397,7,8,20777,0
20397,7,8,1,350
17433,7,8,17439,0
17433,7,8,1,210
20406,7,8,20407,0
20406,7,8,1,70
15209,7,8,15583,0
15209,7,8,15213,210
15209,7,8,1,280
15578,7,8,15954,0
15578,7,8,15584,210
15578,7,8,1,280
16315,7,8,17806,0
16315,7,8,16326,280
16315,7,8,1,350
12245,7,8,16315,0
12245,7,8,15205,210
12245,7,8,14835,350
12245,7,8,14095,420
12245,7,8,13725,490
12245,7,8,12985,560
12245,7,8,12615,630
12245,7,8,12245,700
12245,7,8,1,770
18551,7,8,18552,0
18551,7,8,1,70
20775,7,8,20778,0
20775,7,8,1,280
19288,7,8,19294,0
19288,7,8,1,280
16324,7,8,17066,0
16324,7,8,16696,210
16324,7,8,1,280
18548,7,8,18922,0
18548,7,8,18552,210
18548,7,8,1,280
18922,7,8,18923,0
18922,7,8,1,70
14094,7,8,14100,0
14094,7,8,1,210
10761,7,8,15201,0
10761,7,8,13721,210
10761,7,8,13351,350
10761,7,8,12981,420
10761,7,8,12241,490
10761,7,8,11871,560
10761,7,8,11131,630
10761,7,8,10761,700
10761,7,8,1,770
17067,7,8,17068,0
17067,7,8,1,70
17804,7,8,18180,0
17804,7,8,17810,210
17804,7,8,1,280
14471,7,8,18171,0
14471,7,8,17061,210
14471,7,8,16691,350
14471,7,8,15951,420
14471,7,8,15581,490
14471,7,8,14841,560
14471,7,8,14471,630
14471,7,8,1,700
11498,7,8,12243,0
11498,7,8,1,210
14840,7,8,15212,0
14840,7,8,1,210
8534,7,8,8535,0
8534,7,8,1,70
13722,7,8,13729,0
13722,7,8,1,210
10014,7,8,10759,0
10014,7,8,1,210
13356,7,8,14098,0
13356,7,8,1,210
19662,7,8,20035,0
19662,7,8,1,280
11869,7,8,12614,0
11869,7,8,12244,140
11869,7,8,1,210
11129,7,8,11872,0
11129,7,8,1,210
17435,7,8,17809,0
17435,7,8,17439,210
17435,7,8,1,280
8905,7,8,8906,0
8905,7,8,1,70
15211,7,8,15583,0
15211,7,8,15213,210
15211,7,8,1,280
20768,7,8,20778,0
20768,7,8,1,350
20777,7,8,20778,0
20777,7,8,1,70
15580,7,8,16324,0
15580,7,8,15584,210
15580,7,8,1,280
12984,7,8,13727,0
12984,7,8,1,210
16326,7,8,20766,0
16326,7,8,20396,210
16326,7,8,19286,280
16326,7,8,18916,350
16326,7,8,18176,420
16326,7,8,17806,490
16326,7,8,17436,560
16326,7,8,16696,630
16326,7,8,16326,700
16326,7,8,1,770
18915,7,8,19663,0
18915,7,8,1,280
14464,7,8,14471,0
14464,7,8,1,210
14096,7,8,14470,0
14096,7,8,1,210
11500,7,8,12243,0
11500,7,8,1,210
17806,7,8,18550,0
17806,7,8,17810,210
17806,7,8,1,280
14842,7,8,18912,0
14842,7,8,17432,210
14842,7,8,17062,350
14842,7,8,16692,420
14842,7,8,15952,490
14842,7,8,15582,560
14842,7,8,14842,630
14842,7,8,1,700
13349,7,8,15208,0
13349,7,8,14468,210
13349,7,8,13728,280
13349,7,8,13358,350
13349,7,8,1,420
10016,7,8,11129,0
10016,7,8,1,210
19655,7,8,20775,0
19655,7,8,20405,280
19655,7,8,1,350
16691,7,8,17067,0
16691,7,8,16697,210
16691,7,8,1,280
13358,7,8,17798,0
13358,7,8,16318,210
13358,7,8,15948,350
13358,7,8,15578,420
13358,7,8,15208,490
13358,7,8,14468,560
13358,7,8,14098,630
13358,7,8,13358,700
13358,7,8,1,770
19664,7,8,19665,0
19664,7,8,1,70
20401,7,8,20407,0
20401,7,8,1,280
20033,7,8,20406,0
20033,7,8,20036,280
20033,7,8,1,350
20770,7,8,20778,0
20770,7,8,1,350
17437,7,8,17439,0
17437,7,8,1,210
18546,7,8,18552,0
18546,7,8,1,210
9276,7,8,9647,0
9276,7,8,9277,140
9276,7,8,1,210
15582,7,8,15954,0
15582,7,8,15584,210
15582,7,8,1,280
16319,7,8,16696,0
16319,7,8,16326,210
16319,7,8,1,280
18917,7,8,18923,0
18917,7,8,1,210
15953,7,8,16325,0
15953,7,8,15955,210
15953,7,8,1,280
10756,7,8,11501,0
10756,7,8,1,210
17062,7,8,17068,0
17062,7,8,1,210
17799,7,8,18920,0
17799,7,8,1,280
14098,7,8,14470,0
14098,7,8,1,210
14835,7,8,14842,0
14835,7,8,1,210
14466,7,8,14471,0
14466,7,8,1,210
18177,7,8,18551,0
18177,7,8,18181,210
18177,7,8,1,280
12614,7,8,12986,0
12614,7,8,1,210
13351,7,8,13728,0
13351,7,8,1,210
10018,7,8,10019,0
10018,7,8,1,210
10387,7,8,11500,0
10387,7,8,1,210
16693,7,8,17437,0
16693,7,8,16697,210
16693,7,8,1,280
11124,7,8,12242,0
11124,7,8,11872,210
11124,7,8,1,280
13729,7,8,17799,0
13729,7,8,16319,210
13729,7,8,15949,350
13729,7,8,15579,420
13729,7,8,14839,490
13729,7,8,14469,560
13729,7,8,13729,630
13729,7,8,1,700
20035,7,8,20036,0
20035,7,8,1,70
20403,7,8,20777,0
20403,7,8,20407,280
20403,7,8,1,350
17439,7,8,20769,0
17439,7,8,19659,280
17439,7,8,19289,350
17439,7,8,18919,420
17439,7,8,18179,490
17439,7,8,17809,560
17439,7,8,17439,630
17439,7,8,1,700
12242,7,8,12985,0
12242,7,8,12615,140
12242,7,8,1,210
20772,7,8,20778,0
20772,7,8,1,280
15584,7,8,19654,0
15584,7,8,19284,210
15584,7,8,18174,280
15584,7,8,17804,350
15584,7,8,17434,420
15584,7,8,16694,490
15584,7,8,16324,560
15584,7,8,15584,630
15584,7,8,1,700
18919,7,8,19293,0
18919,7,8,18923,210
18919,7,8,1,280
14459,7,8,15211,0
14459,7,8,14841,210
14459,7,8,1,280
15955,7,8,20025,0
15955,7,8,19655,210
15955,7,8,18545,280
15955,7,8,18175,350
15955,7,8,17805,420
15955,7,8,17435,490
15955,7,8,16695,560
15955,7,8,16325,630
15955,7,8,1,700
17064,7,8,17438,0
17064,7,8,1,210
10758,7,8,11501,0
10758,7,8,1,210
11495,7,8,12613,0
11495,7,8,12243,210
11495,7,8,1,280
18170,7,8,19291,0
18170,7,8,1,280
14837,7,8,15212,0
14837,7,8,1,210
14100,7,8,18170,0
14100,7,8,16690,210
14100,7,8,16320,350
14100,7,8,15950,420
14100,7,8,15210,490
14100,7,8,14840,560
14100,7,8,14100,630
14100,7,8,1,700
21143,7,8,21149,0
21143,7,8,1,350
18179,7,8,18181,0
18179,7,8,1,280
16686,7,8,18177,0
16686,7,8,1,280
12616,7,8,16686,0
12616,7,8,15576,210
12616,7,8,15206,350
12616,7,8,14466,420
12616,7,8,14096,490
12616,7,8,13356,560
12616,7,8,12986,630
12616,7,8,12616,700
12616,7,8,1,770
19659,7,8,19665,0
19659,7,8,1,280
20396,7,8,20777,0
20396,7,8,1,350
10389,7,8,10760,0
10389,7,8,1,210
11126,7,8,11502,0
11126,7,8,1,210
17432,7,8,17439,0
17432,7,8,1,70
16695,7,8,17067,0
16695,7,8,16697,210
16695,7,8,1,280
20405,7,8,20407,0
20405,7,8,1,280
20774,7,8,20778,0
20774,7,8,1,350
15577,7,8,15584,0
15577,7,8,1,210
18912,7,8,20033,0
18912,7,8,1,280
18921,7,8,18923,0
18921,7,8,1,280
14093,7,8,14100,0
14093,7,8,1,210
19290,7,8,19664,0
19290,7,8,19294,210
19290,7,8,1,280
17066,7,8,17068,0
17066,7,8,1,210
10760,7,8,10761,0
10760,7,8,1,210
14839,7,8,15212,0
14839,7,8,1,210
18181,7,8,20771,0
18181,7,8,20401,350
18181,7,8,19661,420
18181,7,8,19291,490
18181,7,8,18551,560
18181,7,8,18181,630
18181,7,8,1,700
16688,7,8,18177,0
16688,7,8,17807,210
16688,7,8,1,280
13355,7,8,14468,0
13355,7,8,14098,140
13355,7,8,1,210
19661,7,8,20035,0
19661,7,8,1,280
20398,7,8,20777,0
20398,7,8,1,350
20030,7,8,20036,0
20030,7,8,1,280
16697,7,8,20767,0
16697,7,8,20397,210
16697,7,8,19287,280
16697,7,8,18917,350
16697,7,8,18547,420
16697,7,8,17807,490
16697,7,8,17437,560
16697,7,8,17067,630
16697,7,8,1,700
17434,7,8,17439,0
17434,7,8,1,210
20767,7,8,20778,0
20767,7,8,1,350
20776,7,8,20778,0
20776,7,8,1,280
11871,7,8,12614,0
11871,7,8,1,210
15213,7,8,19283,0
15213,7,8,18913,210
15213,7,8,17803,280
15213,7,8,17433,350
15213,7,8,17063,420
15213,7,8,16323,490
15213,7,8,15953,560
15213,7,8,15213,630
15213,7,8,1,700
15950,7,8,16325,0
15950,7,8,15955,210
15950,7,8,1,280
19283,7,8,20404,0
19283,7,8,1,280
18923,7,8,21143,0
18923,7,8,20773,280
18923,7,8,20403,420
18923,7,8,20033,490
18923,7,8,19293,560
18923,7,8,18923,630
18923,7,8,1,700
12986,7,8,12987,0
12986,7,8,1,210
14095,7,8,14470,0
14095,7,8,1,210
9644,7,8,10758,0
9644,7,8,1,210
19292,7,8,19294,0
19292,7,8,1,280
8535,7,8,11495,0
8535,7,8,10015,210
8535,7,8,9645,350
8535,7,8,9275,420
8535,7,8,8905,490
8535,7,8,1,560
18174,7,8,18181,0
18174,7,8,1,210
19654,7,8,20775,0
19654,7,8,20035,280
19654,7,8,1,350
10015,7,8,11129,0
10015,7,8,1,210
16690,7,8,16697,0
16690,7,8,1,210
17427,7,8,18179,0
17427,7,8,1,280
19663,7,8,19665,0
19663,7,8,1,280
13726,7,8,14099,0
13726,7,8,1,210
20400,7,8,20407,0
20400,7,8,1,280
20769,7,8,20778,0
20769,7,8,1,350
17436,7,8,17809,0
17436,7,8,17439,210
17436,7,8,1,280
15572,7,8,16694,0
15572,7,8,16324,210
15572,7,8,1,280
13357,7,8,13358,0
13357,7,8,1,210
20032,7,8,20406,0
20032,7,8,20036,280
20032,7,8,1,350
20778,7,8,21518,0
20778,7,8,21148,280
20778,7,8,20778,490
20778,7,8,1,700
15206,7,8,15213,0
15206,7,8,1,210
15943,7,8,17065,0
15943,7,8,1,280
11873,7,8,11874,0
11873,7,8,1,210
18916,7,8,18923,0
18916,7,8,1,210
12979,7,8,14097,0
12979,7,8,13727,210
12979,7,8,1,280
9646,7,8,10388,0
9646,7,8,1,210
15952,7,8,16695,0
15952,7,8,15955,210
15952,7,8,1,280
17061,7,8,17068,0
17061,7,8,1,70
16321,7,8,17066,0
16321,7,8,16326,210
16321,7,8,1,280
14088,7,8,15210,0
14088,7,8,14470,210
14088,7,8,1,280
19294,7,8,21144,0
19294,7,8,20774,280
19294,7,8,20404,490
19294,7,8,19664,560
19294,7,8,19294,630
19294,7,8,1,700
14097,7,8,14470,0
14097,7,8,1,210
14834,7,8,15582,0
14834,7,8,15212,210
14834,7,8,1,280
18545,7,8,18552,0
18545,7,8,1,210
18176,7,8,18181,0
18176,7,8,1,210
14468,7,8,14841,0
14468,7,8,1,210
12613,7,8,13356,0
12613,7,8,12986,140
12613,7,8,1,210
17810,7,8,20770,0
17810,7,8,20400,280
17810,7,8,20030,350
17810,7,8,19660,420
17810,7,8,18920,490
17810,7,8,18550,560
17810,7,8,17810,630
17810,7,8,1,700
20025,7,8,20776,0
20025,7,8,1,350
16692,7,8,17067,0
16692,7,8,16697,210
16692,7,8,1,280
19665,7,8,21145,0
19665,7,8,20775,350
19665,7,8,20405,560
19665,7,8,19665,630
19665,7,8,1,700
13728,7,8,13729,0
13728,7,8,1,70
20034,7,8,20036,0
20034,7,8,1,280
11132,7,8,15572,0
11132,7,8,14092,210
11132,7,8,13722,350
11132,7,8,13352,420
11132,7,8,12612,490
11132,7,8,12242,560
11132,7,8,11502,630
11132,7,8,11132,700
11132,7,8,1,770
17438,7,8,17439,0
17438,7,8,1,70
20771,7,8,20778,0
20771,7,8,1,280
18541,7,8,19662,0
18541,7,8,1,280
15208,7,8,15583,0
15208,7,8,1,210
16314,7,8,17436,0
16314,7,8,1,280
12244,7,8,12245,0
12244,7,8,1,210
9648,7,8,14088,0
9648,7,8,12608,210
9648,7,8,12238,350
9648,7,8,11868,420
9648,7,8,11128,490
9648,7,8,10758,560
9648,7,8,10388,630
9648,7,8,9648,700
9648,7,8,1,770
12981,7,8,13357,0
12981,7,8,1,210
18550,7,8,18552,0
18550,7,8,1,280
16323,7,8,17066,0
16323,7,8,16696,210
16323,7,8,1,280
15954,7,8,15955,0
15954,7,8,1,210
14099,7,8,14100,0
14099,7,8,1,70
19287,7,8,19294,0
19287,7,8,1,280
18918,7,8,18923,0
18918,7,8,1,210
12606,7,8,14096,0
12606,7,8,13726,210
12606,7,8,12616,280
12606,7,8,1,350
14470,7,8,14471,0
14470,7,8,1,70
17803,7,8,17810,0
17803,7,8,1,210
12615,7,8,12616,0
12615,7,8,1,210
13352,7,8,14098,0
13352,7,8,1,210
10019,7,8,14459,0
10019,7,8,12979,210
10019,7,8,12609,350
10019,7,8,12239,420
10019,7,8,11499,490
10019,7,8,11129,560
10019,7,8,10759,630
10019,7,8,10019,700
10019,7,8,1,770
13721,7,8,14469,0
13721,7,8,14099,210
13721,7,8,1,280
10388,7,8,11500,0
10388,7,8,11130,140
10388,7,8,1,210
16694,7,8,17437,0
16694,7,8,16697,210
16694,7,8,1,280
20036,7,8,21146,0
20036,7,8,20776,350
20036,7,8,20406,630
20036,7,8,1,700
20773,7,8,20778,0
20773,7,8,1,280
15201,7,8,15953,0
15201,7,8,1,280
11868,7,8,12244,0
11868,7,8,1,210
8904,7,8,9276,0
8904,7,8,8906,140
8904,7,8,1,210
20407,7,8,21147,0
20407,7,8,20777,420
20407,7,8,1,700
15947,7,8,17065,0
15947,7,8,16695,210
15947,7,8,1,280
15579,7,8,15954,0
15579,7,8,15584,210
15579,7,8,1,280
15210,7,8,15583,0
15210,7,8,15213,210
15210,7,8,1,280
12983,7,8,13727,0
12983,7,8,1,210
18552,7,8,20772,0
18552,7,8,20032,420
18552,7,8,19662,490
18552,7,8,18922,560
18552,7,8,18552,630
18552,7,8,1,700
19289,7,8,19294,0
19289,7,8,1,280
18920,7,8,19293,0
18920,7,8,18923,210
18920,7,8,1,280
16325,7,8,16326,0
16325,7,8,1,210
14092,7,8,14840,0
14092,7,8,14470,210
14092,7,8,1,280
14463,7,8,15211,0
14463,7,8,14471,210
14463,7,8,1,280
17068,7,8,20768,0
17068,7,8,20398,210
17068,7,8,19288,280
17068,7,8,18918,350
17068,7,8,18548,420
17068,7,8,17808,490
17068,7,8,17438,560
17068,7,8,17068,630
17068,7,8,1,700
17805,7,8,18180,0
17805,7,8,17810,210
17805,7,8,1,280
12608,7,8,13726,0
12608,7,8,12986,210
12608,7,8,1,280
14841,7,8,14842,0
14841,7,8,1,70
13354,7,8,14468,0
13354,7,8,1,210
13723,7,8,13729,0
13723,7,8,1,210
16696,7,8,16697,0
16696,7,8,1,70
20766,7,8,20778,0
20766,7,8,1,350
18913,7,8,20033,0
18913,7,8,1,280
12976,7,8,14467,0
12976,7,8,14097,210
12976,7,8,12987,280
12976,7,8,1,350
1,8,9,1,0
15212,8,9,15213,0
15212,8,9,1,70
15949,8,9,16325,0
15949,8,9,15955,210
15949,8,9,1,280
15581,8,9,15954,0
15581,8,9,15584,210
15581,8,9,1,280
16318,8,9,17436,0
16318,8,9,17066,210
16318,8,9,1,280
12985,8,9,13357,0
12985,8,9,1,210
19291,8,9,19664,0
19291,8,9,19294,210
19291,8,9,1,280
9275,8,9,10017,0
9275,8,9,1,210
21518,8,9,21520,0
21518,8,9,1,350
17798,8,9,18550,0
17798,8,9,1,280
11501,8,9,12243,0
11501,8,9,11873,140
11501,8,9,1,210
17807,8,9,18180,0
17807,8,9,17810,210
17807,8,9,1,280
12239,8,9,12245,0
12239,8,9,1,210
21149,8,9,21889,0
21149,8,9,21519,350
21149,8,9,21149,490
21149,8,9,1,700
13725,8,9,14099,0
13725,8,9,1,210
15205,8,9,15953,0
15205,8,9,15583,210
15205,8,9,1,280
11872,8,9,12244,0
11872,8,9,1,210
12241,8,9,12615,0
12241,8,9,1,210
18547,8,9,18552,0
18547,8,9,1,210
19284,8,9,20404,0
19284,8,9,1,280
15951,8,9,16695,0
15951,8,9,15955,210
15951,8,9,1,280
15583,8,9,15584,0
15583,8,9,1,70
9277,8,9,13717,0
9277,8,9,12237,210
9277,8,9,11867,350
9277,8,9,11497,420
9277,8,9,10757,490
9277,8,9,10387,560
9277,8,9,10017,630
9277,8,9,9277,700
9277,8,9,1,770
12987,8,9,17427,0
12987,8,9,15947,210
12987,8,9,15577,350
12987,8,9,14837,420
12987,8,9,14467,490
12987,8,9,14097,560
12987,8,9,13357,630
12987,8,9,12987,700
12987,8,9,1,770
19293,8,9,19294,0
19293,8,9,1,70
16320,8,9,16696,0
16320,8,9,16326,210
16320,8,9,1,280
9645,8,9,10388,0
9645,8,9,1,210
17063,8,9,17068,0
17063,8,9,1,210
14467,8,9,14841,0
14467,8,9,1,210
11503,8,9,15573,0
11503,8,9,14463,210
11503,8,9,14093,350
11503,8,9,13353,420
11503,8,9,12983,490
11503,8,9,12613,560
11503,8,9,11873,630
11503,8,9,11503,700
11503,8,9,1,770
17809,8,9,17810,0
17809,8,9,1,70
12612,8,9,12986,0
12612,8,9,1,210
13727,8,9,13729,0
13727,8,9,1,210
20404,8,9,20777,0
20404,8,9,1,280
15207,8,9,15213,0
15207,8,9,1,210
15944,8,9,17435,0
15944,8,9,17065,210
15944,8,9,1,280
12243,8,9,12615,0
12243,8,9,1,210
11874,8,9,15944,0
11874,8,9,14834,210
11874,8,9,14464,350
11874,8,9,13724,420
11874,8,9,13354,490
11874,8,9,12614,560
11874,8,9,12244,630
11874,8,9,11874,700
11874,8,9,1,770
19286,8,9,20034,0
19286,8,9,1,280
9647,8,9,9648,0
9647,8,9,1,210
15576,8,9,16324,0
15576,8,9,15954,210
15576,8,9,1,280
10759,8,9,11501,0
10759,8,9,11131,140
10759,8,9,1,210
11496,8,9,11873,0
11496,8,9,1,210
17065,8,9,17068,0
17065,8,9,1,210
14469,8,9,14471,0
14469,8,9,1,210
18171,8,9,19291,0
18171,8,9,1,280
21144,8,9,21149,0
21144,8,9,1,350
18180,8,9,18181,0
18180,8,9,1,70
19660,8,9,19665,0
19660,8,9,1,280
20397,8,9,20777,0
20397,8,9,1,350
17433,8,9,17439,0
17433,8,9,1,70
20406,8,9,20407,0
20406,8,9,1,70
20775,8,9,20778,0
20775,8,9,1,280
16315,8,9,17806,0
16315,8,9,16326,280
16315,8,9,1,350
18551,8,9,18552,0
18551,8,9,1,70
12245,8,9,16315,0
12245,8,9,14835,210
12245,8,9,14465,350
12245,8,9,14095,420
12245,8,9,13725,490
12245,8,9,12985,560
12245,8,9,12615,630
12245,8,9,1,700
15578,8,9,15584,0
15578,8,9,1,210
19288,8,9,19294,0
19288,8,9,1,280
16324,8,9,16696,0
16324,8,9,16326,210
16324,8,9,1,280
18922,8,9,18923,0
18922,8,9,1,70
10761,8,9,14831,0
10761,8,9,13721,210
10761,8,9,13351,350
10761,8,9,12611,420
10761,8,9,12241,490
10761,8,9,11871,560
10761,8,9,11131,630
10761,8,9,10761,700
10761,8,9,1,770
17067,8,9,17068,0
17067,8,9,1,70
17804,8,9,17810,0
17804,8,9,1,210
14471,8,9,18171,0
14471,8,9,17061,210
14471,8,9,16691,350
14471,8,9,15951,420
14471,8,9,15581,490
14471,8,9,14841,560
14471,8,9,14471,630
14471,8,9,1,700
14840,8,9,14842,0
14840,8,9,1,210
21146,8,9,21149,0
21146,8,9,1,70
13722,8,9,13729,0
13722,8,9,1,210
13356,8,9,14098,0
13356,8,9,1,210
19662,8,9,20035,0
19662,8,9,1,280
11129,8,9,11872,0
11129,8,9,1,210
17435,8,9,17439,0
17435,8,9,1,210
8905,8,9,8906,0
8905,8,9,1,70
15211,8,9,15213,0
15211,8,9,1,280
12238,8,9,12245,0
12238,8,9,1,210
20777,8,9,20778,0
20777,8,9,1,70
20768,8,9,20778,0
20768,8,9,1,350
12984,8,9,13727,0
12984,8,9,1,210
16326,8,9,20766,0
16326,8,9,20026,210
16326,8,9,19286,280
16326,8,9,18916,350
16326,8,9,18176,420
16326,8,9,17806,490
16326,8,9,17066,560
16326,8,9,16696,630
16326,8,9,16326,700
16326,8,9,1,770
14464,8,9,14471,0
14464,8,9,1,70
14096,8,9,14470,0
14096,8,9,1,210
11500,8,9,12243,0
11500,8,9,1,210
17806,8,9,18180,0
17806,8,9,17810,210
17806,8,9,1,280
18175,8,9,18181,0
18175,8,9,1,210
14842,8,9,18912,0
14842,8,9,17432,210
14842,8,9,17062,350
14842,8,9,16692,420
14842,8,9,15952,490
14842,8,9,15582,560
14842,8,9,14842,630
14842,8,9,1,700
21148,8,9,21149,0
21148,8,9,1,280
10016,8,9,10759,0
10016,8,9,1,210
19655,8,9,20775,0
19655,8,9,20405,280
19655,8,9,1,350
16691,8,9,16697,0
16691,8,9,1,210
13358,8,9,17798,0
13358,8,9,16318,210
13358,8,9,15948,350
13358,8,9,15578,420
13358,8,9,14838,490
13358,8,9,14468,560
13358,8,9,14098,630
13358,8,9,13358,700
13358,8,9,1,770
19664,8,9,19665,0
19664,8,9,1,70
20401,8,9,20407,0
20401,8,9,1,280
20033,8,9,20406,0
20033,8,9,1,280
11131,8,9,11132,0
11131,8,9,1,210
17437,8,9,17439,0
17437,8,9,1,210
20770,8,9,20778,0
20770,8,9,1,350
9276,8,9,9277,0
9276,8,9,1,210
15582,8,9,15954,0
15582,8,9,15584,210
15582,8,9,1,280
16319,8,9,16696,0
16319,8,9,16326,210
16319,8,9,1,280
18917,8,9,18923,0
18917,8,9,1,210
15953,8,9,16325,0
15953,8,9,15955,210
15953,8,9,1,280
17062,8,9,17068,0
17062,8,9,1,70
17799,8,9,18920,0
17799,8,9,1,280
14466,8,9,14471,0
14466,8,9,1,210
14098,8,9,14100,0
14098,8,9,1,210
14835,8,9,14842,0
14835,8,9,1,210
11502,8,9,11503,0
11502,8,9,1,210
17808,8,9,17810,0
17808,8,9,1,280
18177,8,9,18551,0
18177,8,9,18181,210
18177,8,9,1,280
12614,8,9,12986,0
12614,8,9,1,210
13351,8,9,13728,0
13351,8,9,1,210
10387,8,9,11500,0
10387,8,9,1,210
13729,8,9,17799,0
13729,8,9,16319,210
13729,8,9,15949,350
13729,8,9,15579,420
13729,8,9,14839,490
13729,8,9,14469,560
13729,8,9,13729,630
13729,8,9,1,700
20035,8,9,20036,0
20035,8,9,1,70
20403,8,9,20777,0
20403,8,9,1,280
17439,8,9,20769,0
17439,8,9,19659,280
17439,8,9,19289,350
17439,8,9,18919,420
17439,8,9,18179,490
17439,8,9,17809,560
17439,8,9,1,630
12242,8,9,12615,0
12242,8,9,1,210
20772,8,9,20778,0
20772,8,9,1,280
15584,8,9,19654,0
15584,8,9,19284,210
15584,8,9,18174,280
15584,8,9,17804,350
15584,8,9,17434,420
15584,8,9,16694,490
15584,8,9,16324,560
15584,8,9,15584,630
15584,8,9,1,700
18919,8,9,19293,0
18919,8,9,18923,210
18919,8,9,1,280
14459,8,9,15211,0
14459,8,9,14471,210
14459,8,9,1,280
15955,8,9,20025,0
15955,8,9,19655,210
15955,8,9,18545,280
15955,8,9,18175,350
15955,8,9,17805,420
15955,8,9,17065,490
15955,8,9,16695,560
15955,8,9,16325,630
15955,8,9,1,700
10758,8,9,11501,0
10758,8,9,1,210
11495,8,9,12613,0
11495,8,9,11873,210
11495,8,9,1,280
14100,8,9,18170,0
14100,8,9,16690,210
14100,8,9,16320,350
14100,8,9,15950,420
14100,8,9,15210,490
14100,8,9,14840,560
14100,8,9,14100,630
14100,8,9,1,700
18170,8,9,19291,0
18170,8,9,18921,210
18170,8,9,1,280
21143,8,9,21149,0
21143,8,9,1,350
18179,8,9,18181,0
18179,8,9,1,210
16686,8,9,17807,0
16686,8,9,1,280
12616,8,9,16686,0
12616,8,9,15206,210
12616,8,9,14836,350
12616,8,9,14466,420
12616,8,9,14096,490
12616,8,9,13356,560
12616,8,9,12986,630
12616,8,9,1,700
19659,8,9,19665,0
19659,8,9,1,280
20396,8,9,20777,0
20396,8,9,1,350
11126,8,9,11502,0
11126,8,9,1,210
17432,8,9,17439,0
17432,8,9,1,70
16695,8,9,17067,0
16695,8,9,16697,210
16695,8,9,1,280
20405,8,9,20407,0
20405,8,9,1,280
15577,8,9,15584,0
15577,8,9,1,210
20774,8,9,20778,0
20774,8,9,1,280
18912,8,9,20033,0
18912,8,9,1,280
15948,8,9,15955,0
15948,8,9,1,210
14093,8,9,14100,0
14093,8,9,1,210
10760,8,9,10761,0
10760,8,9,1,210
17066,8,9,17068,0
17066,8,9,1,210
14839,8,9,15212,0
14839,8,9,1,210
18181,8,9,20771,0
18181,8,9,20401,280
18181,8,9,20031,350
18181,8,9,19661,420
18181,8,9,19291,490
18181,8,9,18551,560
18181,8,9,18181,630
18181,8,9,1,700
12609,8,9,12616,0
12609,8,9,1,210
19661,8,9,20035,0
19661,8,9,1,280
13724,8,9,13729,0
13724,8,9,1,210
20030,8,9,20036,0
20030,8,9,1,280
16697,8,9,20767,0
16697,8,9,20397,210
16697,8,9,19287,280
16697,8,9,18917,350
16697,8,9,18547,420
16697,8,9,17807,490
16697,8,9,17437,560
16697,8,9,16697,630
16697,8,9,1,700
17434,8,9,17439,0
17434,8,9,1,210
20767,8,9,20778,0
20767,8,9,1,350
11128,8,9,11872,0
11128,8,9,1,210
20398,8,9,20777,0
20398,8,9,1,350
20776,8,9,20778,0
20776,8,9,1,280
11871,8,9,12614,0
11871,8,9,1,210
15213,8,9,19283,0
15213,8,9,18913,210
15213,8,9,17803,280
15213,8,9,17433,350
15213,8,9,17063,420
15213,8,9,16323,490
15213,8,9,15953,560
15213,8,9,15213,630
15213,8,9,1,700
15950,8,9,16325,0
15950,8,9,15955,210
15950,8,9,1,280
19283,8,9,20404,0
19283,8,9,1,280
18923,8,9,21143,0
18923,8,9,20773,280
18923,8,9,20403,420
18923,8,9,20033,490
18923,8,9,19293,560
18923,8,9,18923,630
18923,8,9,1,700
12986,8,9,12987,0
12986,8,9,1,210
14095,8,9,14100,0
14095,8,9,1,210
8535,8,9,11495,0
8535,8,9,11125,140
8535,8,9,10015,210
8535,8,9,9645,350
8535,8,9,9275,420
8535,8,9,8535,490
8535,8,9,1,560
18174,8,9,18181,0
18174,8,9,1,70
19654,8,9,20775,0
19654,8,9,20035,280
19654,8,9,1,350
10015,8,9,10759,0
10015,8,9,1,210
16690,8,9,16697,0
16690,8,9,1,210
17427,8,9,17809,0
17427,8,9,1,280
13357,8,9,13358,0
13357,8,9,1,210
19663,8,9,19665,0
19663,8,9,1,280
20400,8,9,20407,0
20400,8,9,1,70
11130,8,9,11872,0
11130,8,9,11502,140
11130,8,9,1,210
17436,8,9,17439,0
17436,8,9,1,210
20769,8,9,20778,0
20769,8,9,1,350
15572,8,9,16324,0
15572,8,9,1,280
13726,8,9,14099,0
13726,8,9,1,210
20778,8,9,21518,0
20778,8,9,21148,280
20778,8,9,20778,420
20778,8,9,1,700
20032,8,9,20406,0
20032,8,9,1,280
15206,8,9,15213,0
15206,8,9,1,210
15943,8,9,17065,0
15943,8,9,16695,210
15943,8,9,1,280
11873,8,9,11874,0
11873,8,9,1,70
18916,8,9,18923,0
18916,8,9,1,70
12979,8,9,14097,0
12979,8,9,13357,210
12979,8,9,1,280
14088,8,9,14840,0
14088,8,9,14470,210
14088,8,9,1,280
15952,8,9,16695,0
15952,8,9,15955,210
15952,8,9,1,280
17061,8,9,17068,0
17061,8,9,1,70
18548,8,9,18922,0
18548,8,9,18552,210
18548,8,9,1,280
19294,8,9,21144,0
19294,8,9,20774,280
19294,8,9,20404,490
19294,8,9,19664,560
19294,8,9,19294,630
19294,8,9,1,700
14097,8,9,14470,0
14097,8,9,1,210
14834,8,9,15582,0
14834,8,9,14842,210
14834,8,9,1,280
18545,8,9,18552,0
18545,8,9,1,70
18176,8,9,18181,0
18176,8,9,1,210
14468,8,9,14841,0
14468,8,9,14471,140
14468,8,9,1,210
12613,8,9,12986,0
12613,8,9,1,210
17810,8,9,20770,0
17810,8,9,20400,280
17810,8,9,20030,350
17810,8,9,19290,420
17810,8,9,18920,490
17810,8,9,18550,560
17810,8,9,17810,630
17810,8,9,1,700
10017,8,9,10759,0
10017,8,9,1,210
10386,8,9,11500,0
10386,8,9,1,210
16692,8,9,17067,0
16692,8,9,1,210
20025,8,9,20776,0
20025,8,9,1,350
19665,8,9,21145,0
19665,8,9,20775,350
19665,8,9,20035,560
19665,8,9,19665,630
19665,8,9,1,700
13728,8,9,13729,0
13728,8,9,1,70
20034,8,9,20036,0
20034,8,9,1,280
20771,8,9,20778,0
20771,8,9,1,70
17438,8,9,17439,0
17438,8,9,1,70
11132,8,9,15202,0
11132,8,9,14092,210
11132,8,9,13722,350
11132,8,9,12982,420
11132,8,9,12612,490
11132,8,9,12242,560
11132,8,9,11502,630
11132,8,9,11132,700
11132,8,9,1,770
15208,8,9,15213,0
15208,8,9,1,210
12244,8,9,12245,0
12244,8,9,1,70
18550,8,9,18552,0
18550,8,9,1,210
9648,8,9,14088,0
9648,8,9,12608,210
9648,8,9,12238,350
9648,8,9,11868,420
9648,8,9,11128,490
9648,8,9,10758,560
9648,8,9,10388,630
9648,8,9,9648,700
9648,8,9,1,770
15954,8,9,15955,0
15954,8,9,1,70
12981,8,9,13357,0
12981,8,9,1,210
19287,8,9,19294,0
19287,8,9,1,70
16323,8,9,17066,0
16323,8,9,16696,210
16323,8,9,1,280
14099,8,9,14100,0
14099,8,9,1,70
18918,8,9,18923,0
18918,8,9,1,210
12606,8,9,14096,0
12606,8,9,13356,210
12606,8,9,12616,280
12606,8,9,1,350
14470,8,9,14471,0
14470,8,9,1,70
17803,8,9,17810,0
17803,8,9,1,210
21145,8,9,21149,0
21145,8,9,1,350
12615,8,9,12616,0
12615,8,9,1,70
13352,8,9,13728,0
13352,8,9,1,210
10019,8,9,14459,0
10019,8,9,12979,210
10019,8,9,12609,350
10019,8,9,12239,420
10019,8,9,11499,490
10019,8,9,11129,560
10019,8,9,10759,630
10019,8,9,10019,700
10019,8,9,1,770
13721,8,9,14469,0
13721,8,9,14099,210
13721,8,9,1,280
10388,8,9,11130,0
10388,8,9,1,210
16694,8,9,17067,0
16694,8,9,16697,210
16694,8,9,1,280
20036,8,9,21146,0
20036,8,9,20776,350
20036,8,9,20406,630
20036,8,9,1,700
20773,8,9,20778,0
20773,8,9,1,280
15201,8,9,15953,0
15201,8,9,1,280
11868,8,9,12244,0
11868,8,9,1,210
20407,8,9,21147,0
20407,8,9,20777,420
20407,8,9,20407,630
20407,8,9,1,700
15947,8,9,17065,0
15947,8,9,16695,210
15947,8,9,1,280
15579,8,9,15954,0
15579,8,9,1,210
18920,8,9,19293,0
18920,8,9,18923,210
18920,8,9,1,280
18552,8,9,20772,0
18552,8,9,20402,350
18552,8,9,20032,420
18552,8,9,19662,490
18552,8,9,18922,560
18552,8,9,18552,630
18552,8,9,1,700
12983,8,9,13727,0
12983,8,9,1,210
19289,8,9,19294,0
19289,8,9,1,210
15210,8,9,15583,0
15210,8,9,15213,210
15210,8,9,1,280
16325,8,9,16326,0
16325,8,9,1,210
14092,8,9,14840,0
14092,8,9,14470,210
14092,8,9,1,280
14463,8,9,15211,0
14463,8,9,14471,210
14463,8,9,1,280
17068,8,9,20768,0
17068,8,9,20398,210
17068,8,9,19288,280
17068,8,9,18918,350
17068,8,9,18548,420
17068,8,9,17808,490
17068,8,9,17438,560
17068,8,9,1,630
17805,8,9,18180,0
17805,8,9,1,210
12608,8,9,13356,0
12608,8,9,12986,210
12608,8,9,1,280
11499,8,9,12243,0
11499,8,9,1,210
14841,8,9,14842,0
14841,8,9,1,70
21147,8,9,21149,0
21147,8,9,1,280
13354,8,9,14098,0
13354,8,9,1,210
13723,8,9,13729,0
13723,8,9,1,210
16696,8,9,16697,0
16696,8,9,1,70
20766,8,9,20778,0
20766,8,9,1,350
18913,8,9,20033,0
18913,8,9,1,280
8906,8,9,12606,0
8906,8,9,11496,210
8906,8,9,11126,350
8906,8,9,10386,420
8906,8,9,10016,490
8906,8,9,9276,560
8906,8,9,8906,630
8906,8,9,1,700
1,9,10,1,0
15212,9,10,15213,0
15212,9,10,1,70
15949,9,10,16325,0
15949,9,10,15955,210
15949,9,10,1,280
15581,9,10,15954,0
15581,9,10,15584,210
15581,9,10,1,280
16318,9,10,17436,0
16318,9,10,17066,210
16318,9,10,1,280
12985,9,10,13357,0
12985,9,10,1,210
19291,9,10,19664,0
19291,9,10,19294,210
19291,9,10,1,280
9275,9,10,10017,0
9275,9,10,1,210
21518,9,10,21520,0
21518,9,10,1,350
17798,9,10,18550,0
17798,9,10,1,280
14465,9,10,14471,0
14465,9,10,1,210
11501,9,10,12243,0
11501,9,10,11873,140
11501,9,10,1,210
17807,9,10,18180,0
17807,9,10,17810,210
17807,9,10,1,280
12239,9,10,12245,0
12239,9,10,1,210
21149,9,10,21889,0
21149,9,10,21519,350
21149,9,10,21149,490
21149,9,10,1,700
13725,9,10,14099,0
13725,9,10,1,210
20031,9,10,20036,0
20031,9,10,1,280
20402,9,10,20407,0
20402,9,10,1,280
11872,9,10,12244,0
11872,9,10,1,210
12241,9,10,12615,0
12241,9,10,1,210
18547,9,10,18552,0
18547,9,10,1,210
19284,9,10,20404,0
19284,9,10,1,280
21520,9,10,22260,0
21520,9,10,21890,350
21520,9,10,21520,490
21520,9,10,1,700
15583,9,10,15584,0
15583,9,10,1,70
21889,9,10,21891,0
21889,9,10,1,350
9277,9,10,13717,0
9277,9,10,12237,210
9277,9,10,11867,350
9277,9,10,11497,420
9277,9,10,10757,490
9277,9,10,10387,560
9277,9,10,10017,630
9277,9,10,9277,700
9277,9,10,1,770
12987,9,10,17427,0
12987,9,10,15947,210
12987,9,10,15577,350
12987,9,10,14837,420
12987,9,10,14467,490
12987,9,10,14097,560
12987,9,10,13357,630
12987,9,10,12987,700
12987,9,10,1,770
15951,9,10,16695,0
15951,9,10,15955,210
15951,9,10,1,280
19293,9,10,19294,0
19293,9,10,1,70
16320,9,10,16696,0
16320,9,10,16326,210
16320,9,10,1,280
9645,9,10,10388,0
9645,9,10,1,210
17063,9,10,17068,0
17063,9,10,1,210
14467,9,10,14841,0
14467,9,10,1,210
14836,9,10,14842,0
14836,9,10,1,210
11503,9,10,15573,0
11503,9,10,14463,210
11503,9,10,14093,350
11503,9,10,13353,420
11503,9,10,12983,490
11503,9,10,12613,560
11503,9,10,11873,630
11503,9,10,11503,700
11503,9,10,1,770
17809,9,10,17810,0
17809,9,10,1,70
12612,9,10,12986,0
12612,9,10,1,210
13727,9,10,13729,0
13727,9,10,1,210
20404,9,10,20777,0
20404,9,10,1,280
15944,9,10,17435,0
15944,9,10,17065,210
15944,9,10,1,280
11874,9,10,15944,0
11874,9,10,14834,210
11874,9,10,14464,350
11874,9,10,13724,420
11874,9,10,13354,490
11874,9,10,12614,560
11874,9,10,12244,630
11874,9,10,11874,700
11874,9,10,1,770
12243,9,10,12615,0
12243,9,10,1,210
19286,9,10,20034,0
19286,9,10,1,280
10759,9,10,11501,0
10759,9,10,11131,140
10759,9,10,1,210
17065,9,10,17068,0
17065,9,10,1,210
11496,9,10,11873,0
11496,9,10,1,210
14469,9,10,14471,0
14469,9,10,1,210
18171,9,10,19291,0
18171,9,10,1,280
14838,9,10,15212,0
14838,9,10,1,210
21144,9,10,21149,0
21144,9,10,1,350
18180,9,10,18181,0
18180,9,10,1,70
20026,9,10,20776,0
20026,9,10,1,350
20397,9,10,20777,0
20397,9,10,1,350
11867,9,10,12244,0
11867,9,10,1,210
17433,9,10,17439,0
17433,9,10,1,70
20406,9,10,20407,0
20406,9,10,1,70
20775,9,10,20778,0
20775,9,10,1,280
12245,9,10,16315,0
12245,9,10,14835,210
12245,9,10,14465,350
12245,9,10,14095,420
12245,9,10,13725,490
12245,9,10,12985,560
12245,9,10,12615,630
12245,9,10,1,700
16315,9,10,17806,0
16315,9,10,16326,280
16315,9,10,1,350
15578,9,10,15584,0
15578,9,10,1,210
18551,9,10,18552,0
18551,9,10,1,70
12982,9,10,13357,0
12982,9,10,1,210
16324,9,10,16696,0
16324,9,10,16326,210
16324,9,10,1,280
19288,9,10,19294,0
19288,9,10,1,280
18922,9,10,18923,0
18922,9,10,1,70
14831,9,10,15952,0
14831,9,10,15582,210
14831,9,10,1,280
10761,9,10,14831,0
10761,9,10,13721,210
10761,9,10,13351,350
10761,9,10,12611,420
10761,9,10,12241,490
10761,9,10,11871,560
10761,9,10,11131,630
10761,9,10,10761,700
10761,9,10,1,770
17804,9,10,17810,0
17804,9,10,1,210
14471,9,10,18171,0
14471,9,10,17061,210
14471,9,10,16691,350
14471,9,10,15951,420
14471,9,10,15581,490
14471,9,10,14841,560
14471,9,10,14471,630
14471,9,10,1,700
17067,9,10,17068,0
17067,9,10,1,70
14840,9,10,14842,0
14840,9,10,1,210
21146,9,10,21149,0
21146,9,10,1,70
13722,9,10,13729,0
13722,9,10,1,210
13356,9,10,14098,0
13356,9,10,1,210
19662,9,10,20035,0
19662,9,10,1,280
15202,9,10,16323,0
15202,9,10,1,280
11129,9,10,11872,0
11129,9,10,1,210
17435,9,10,17439,0
17435,9,10,1,210
12238,9,10,12245,0
12238,9,10,1,210
15211,9,10,15213,0
15211,9,10,1,280
20768,9,10,20778,0
20768,9,10,1,350
20777,9,10,20778,0
20777,9,10,1,70
16326,9,10,20766,0
16326,9,10,20026,210
16326,9,10,19286,280
16326,9,10,18916,350
16326,9,10,18176,420
16326,9,10,17806,490
16326,9,10,17066,560
16326,9,10,16696,630
16326,9,10,16326,700
16326,9,10,1,770
14464,9,10,14471,0
14464,9,10,1,70
14096,9,10,14470,0
14096,9,10,1,210
11500,9,10,12243,0
11500,9,10,1,210
17806,9,10,18180,0
17806,9,10,17810,210
17806,9,10,1,280
18175,9,10,18181,0
18175,9,10,1,210
14842,9,10,18912,0
14842,9,10,17432,210
14842,9,10,17062,350
14842,9,10,16692,420
14842,9,10,15952,490
14842,9,10,15582,560
14842,9,10,14842,630
14842,9,10,1,700
21148,9,10,21149,0
21148,9,10,1,280
19655,9,10,20775,0
19655,9,10,20405,280
19655,9,10,1,350
10016,9,10,10759,0
10016,9,10,1,210
16691,9,10,16697,0
16691,9,10,1,210
13358,9,10,17798,0
13358,9,10,16318,210
13358,9,10,15948,350
13358,9,10,15578,420
13358,9,10,14838,490
13358,9,10,14468,560
13358,9,10,14098,630
13358,9,10,13358,700
13358,9,10,1,770
19664,9,10,19665,0
19664,9,10,1,70
20401,9,10,20407,0
20401,9,10,1,280
20033,9,10,20406,0
20033,9,10,1,280
15573,9,10,16694,0
15573,9,10,1,280
11131,9,10,11132,0
11131,9,10,1,210
17437,9,10,17439,0
17437,9,10,1,210
20770,9,10,20778,0
20770,9,10,1,350
9276,9,10,9277,0
9276,9,10,1,210
15582,9,10,15954,0
15582,9,10,15584,210
15582,9,10,1,280
16319,9,10,16696,0
16319,9,10,16326,210
16319,9,10,1,280
18917,9,10,18923,0
18917,9,10,1,210
15953,9,10,16325,0
15953,9,10,15955,210
15953,9,10,1,280
17062,9,10,17068,0
17062,9,10,1,70
17799,9,10,18920,0
17799,9,10,1,280
14466,9,10,14471,0
14466,9,10,1,210
14098,9,10,14100,0
14098,9,10,1,210
14835,9,10,14842,0
14835,9,10,1,210
11502,9,10,11503,0
11502,9,10,1,210
17808,9,10,17810,0
17808,9,10,1,280
12614,9,10,12986,0
12614,9,10,1,210
13351,9,10,13728,0
13351,9,10,1,210
10387,9,10,11500,0
10387,9,10,1,210
13729,9,10,17799,0
13729,9,10,16319,210
13729,9,10,15949,350
13729,9,10,15579,420
13729,9,10,14839,490
13729,9,10,14469,560
13729,9,10,13729,630
13729,9,10,1,700
20035,9,10,20036,0
20035,9,10,1,70
20403,9,10,20777,0
20403,9,10,1,280
17439,9,10,20769,0
17439,9,10,19659,280
17439,9,10,19289,350
17439,9,10,18919,420
17439,9,10,18179,490
17439,9,10,17809,560
17439,9,10,1,630
12242,9,10,12615,0
12242,9,10,1,210
20772,9,10,20778,0
20772,9,10,1,280
15584,9,10,19654,0
15584,9,10,19284,210
15584,9,10,18174,280
15584,9,10,17804,350
15584,9,10,17434,420
15584,9,10,16694,490
15584,9,10,16324,560
15584,9,10,15584,630
15584,9,10,1,700
18919,9,10,19293,0
18919,9,10,18923,210
18919,9,10,1,280
14459,9,10,15211,0
14459,9,10,14471,210
14459,9,10,1,280
15955,9,10,20025,0
15955,9,10,19655,210
15955,9,10,18545,280
15955,9,10,18175,350
15955,9,10,17805,420
15955,9,10,17065,490
15955,9,10,16695,560
15955,9,10,16325,630
15955,9,10,1,700
11495,9,10,12613,0
11495,9,10,11873,210
11495,9,10,1,280
10758,9,10,11501,0
10758,9,10,1,210
14100,9,10,18170,0
14100,9,10,16690,210
14100,9,10,16320,350
14100,9,10,15950,420
14100,9,10,15210,490
14100,9,10,14840,560
14100,9,10,14100,630
14100,9,10,1,700
14837,9,10,14842,0
14837,9,10,1,210
18170,9,10,19291,0
18170,9,10,18921,210
18170,9,10,1,280
21143,9,10,21149,0
21143,9,10,1,350
18179,9,10,18181,0
18179,9,10,1,210
16686,9,10,17807,0
16686,9,10,1,280
13353,9,10,14098,0
13353,9,10,1,210
19659,9,10,19665,0
19659,9,10,1,280
12616,9,10,16686,0
12616,9,10,15206,210
12616,9,10,14836,350
12616,9,10,14466,420
12616,9,10,14096,490
12616,9,10,13356,560
12616,9,10,12986,630
12616,9,10,1,700
16695,9,10,17067,0
16695,9,10,16697,210
16695,9,10,1,280
17432,9,10,17439,0
17432,9,10,1,70
11126,9,10,11502,0
11126,9,10,1,210
20405,9,10,20407,0
20405,9,10,1,280
15577,9,10,15584,0
15577,9,10,1,210
20774,9,10,20778,0
20774,9,10,1,280
18912,9,10,20033,0
18912,9,10,1,280
15948,9,10,15955,0
15948,9,10,1,210
18921,9,10,18923,0
18921,9,10,1,210
14093,9,10,14100,0
14093,9,10,1,210
19290,9,10,19664,0
19290,9,10,19294,210
19290,9,10,1,280
17066,9,10,17068,0
17066,9,10,1,210
11497,9,10,11873,0
11497,9,10,1,210
14839,9,10,15212,0
14839,9,10,1,210
18181,9,10,20771,0
18181,9,10,20401,280
18181,9,10,20031,350
18181,9,10,19661,420
18181,9,10,19291,490
18181,9,10,18551,560
18181,9,10,18181,630
18181,9,10,1,700
12609,9,10,12616,0
12609,9,10,1,210
19661,9,10,20035,0
19661,9,10,1,280
13724,9,10,13729,0
13724,9,10,1,210
20030,9,10,20036,0
20030,9,10,1,280
16697,9,10,20767,0
16697,9,10,20397,210
16697,9,10,19287,280
16697,9,10,18917,350
16697,9,10,18547,420
16697,9,10,17807,490
16697,9,10,17437,560
16697,9,10,16697,630
16697,9,10,1,700
17434,9,10,17439,0
17434,9,10,1,210
20767,9,10,20778,0
20767,9,10,1,350
11128,9,10,11872,0
11128,9,10,1,210
20398,9,10,20777,0
20398,9,10,1,350
20776,9,10,20778,0
20776,9,10,1,280
11871,9,10,12614,0
11871,9,10,1,210
15213,9,10,19283,0
15213,9,10,18913,210
15213,9,10,17803,280
15213,9,10,17433,350
15213,9,10,17063,420
15213,9,10,16323,490
15213,9,10,15953,560
15213,9,10,15213,630
15213,9,10,1,700
21519,9,10,21520,0
21519,9,10,1,280
15950,9,10,16325,0
15950,9,10,15955,210
15950,9,10,1,280
18923,9,10,21143,0
18923,9,10,20773,280
18923,9,10,20403,420
18923,9,10,20033,490
18923,9,10,19293,560
18923,9,10,18923,630
18923,9,10,1,700
12986,9,10,12987,0
12986,9,10,1,210
14095,9,10,14100,0
14095,9,10,1,210
19283,9,10,20404,0
19283,9,10,1,280
18174,9,10,18181,0
18174,9,10,1,70
8535,9,10,11495,0
8535,9,10,11125,140
8535,9,10,10015,210
8535,9,10,9645,350
8535,9,10,9275,420
8535,9,10,8535,490
8535,9,10,1,560
12611,9,10,12986,0
12611,9,10,1,210
19654,9,10,20775,0
19654,9,10,20035,280
19654,9,10,1,350
13717,9,10,14469,0
13717,9,10,14099,210
13717,9,10,1,280
10015,9,10,10759,0
10015,9,10,1,210
16690,9,10,16697,0
16690,9,10,1,210
13357,9,10,13358,0
13357,9,10,1,210
17427,9,10,17809,0
17427,9,10,1,280
20400,9,10,20407,0
20400,9,10,1,70
20032,9,10,20406,0
20032,9,10,1,280
20769,9,10,20778,0
20769,9,10,1,350
17436,9,10,17439,0
17436,9,10,1,210
11130,9,10,11872,0
11130,9,10,11502,140
11130,9,10,1,210
20778,9,10,21518,0
20778,9,10,21148,280
20778,9,10,20778,420
20778,9,10,1,700
15206,9,10,15213,0
15206,9,10,1,210
11873,9,10,11874,0
11873,9,10,1,70
18916,9,10,18923,0
18916,9,10,1,70
12979,9,10,14097,0
12979,9,10,13357,210
12979,9,10,1,280
14088,9,10,14840,0
14088,9,10,14470,210
14088,9,10,1,280
15952,9,10,16695,0
15952,9,10,15955,210
15952,9,10,1,280
17061,9,10,17068,0
17061,9,10,1,70
18548,9,10,18922,0
18548,9,10,18552,210
18548,9,10,1,280
19294,9,10,21144,0
19294,9,10,20774,280
19294,9,10,20404,490
19294,9,10,19664,560
19294,9,10,19294,630
19294,9,10,1,700
14097,9,10,14470,0
14097,9,10,1,210
14834,9,10,15582,0
14834,9,10,14842,210
14834,9,10,1,280
18545,9,10,18552,0
18545,9,10,1,70
18176,9,10,18181,0
18176,9,10,1,210
14468,9,10,14841,0
14468,9,10,14471,140
14468,9,10,1,210
17810,9,10,20770,0
17810,9,10,20400,280
17810,9,10,20030,350
17810,9,10,19290,420
17810,9,10,18920,490
17810,9,10,18550,560
17810,9,10,17810,630
17810,9,10,1,700
12613,9,10,12986,0
12613,9,10,1,210
10017,9,10,10759,0
10017,9,10,1,210
20025,9,10,20776,0
20025,9,10,1,350
16692,9,10,17067,0
16692,9,10,1,210
10386,9,10,11500,0
10386,9,10,1,210
19665,9,10,21145,0
19665,9,10,20775,350
19665,9,10,20035,560
19665,9,10,19665,630
19665,9,10,1,700
13728,9,10,13729,0
13728,9,10,1,70
20034,9,10,20036,0
20034,9,10,1,280
11132,9,10,15202,0
11132,9,10,14092,210
11132,9,10,13722,350
11132,9,10,12982,420
11132,9,10,12612,490
11132,9,10,12242,560
11132,9,10,11502,630
11132,9,10,11132,700
11132,9,10,1,770
20771,9,10,20778,0
20771,9,10,1,70
17438,9,10,17439,0
17438,9,10,1,70
12244,9,10,12245,0
12244,9,10,1,70
18550,9,10,18552,0
18550,9,10,1,210
9648,9,10,14088,0
9648,9,10,12608,210
9648,9,10,12238,350
9648,9,10,11868,420
9648,9,10,11128,490
9648,9,10,10758,560
9648,9,10,10388,630
9648,9,10,9648,700
9648,9,10,1,770
15954,9,10,15955,0
15954,9,10,1,70
10757,9,10,11501,0
10757,9,10,1,210
19287,9,10,19294,0
19287,9,10,1,70
16323,9,10,17066,0
16323,9,10,16696,210
16323,9,10,1,280
14099,9,10,14100,0
14099,9,10,1,70
18918,9,10,18923,0
18918,9,10,1,210
17803,9,10,17810,0
17803,9,10,1,210
14470,9,10,14471,0
14470,9,10,1,70
12606,9,10,14096,0
12606,9,10,13356,210
12606,9,10,12616,280
12606,9,10,1,350
21145,9,10,21149,0
21145,9,10,1,350
12615,9,10,12616,0
12615,9,10,1,70
10019,9,10,14459,0
10019,9,10,12979,210
10019,9,10,12609,350
10019,9,10,12239,420
10019,9,10,11499,490
10019,9,10,11129,560
10019,9,10,10759,630
10019,9,10,10019,700
10019,9,10,1,770
13721,9,10,14469,0
13721,9,10,14099,210
13721,9,10,1,280
10388,9,10,11130,0
10388,9,10,1,210
16694,9,10,17067,0
16694,9,10,16697,210
16694,9,10,1,280
11125,9,10,11502,0
11125,9,10,1,210
20036,9,10,21146,0
20036,9,10,20776,350
20036,9,10,20406,630
20036,9,10,1,700
20773,9,10,20778,0
20773,9,10,1,280
11868,9,10,12244,0
11868,9,10,1,210
12237,9,10,12985,0
12237,9,10,12615,210
12237,9,10,1,280
20407,9,10,21147,0
20407,9,10,20777,420
20407,9,10,20407,630
20407,9,10,1,700
15947,9,10,17065,0
15947,9,10,16695,210
15947,9,10,1,280
15579,9,10,15954,0
15579,9,10,1,210
18920,9,10,19293,0
18920,9,10,18923,210
18920,9,10,1,280
18552,9,10,20772,0
18552,9,10,20402,350
18552,9,10,20032,420
18552,9,10,19662,490
18552,9,10,18922,560
18552,9,10,18552,630
18552,9,10,1,700
12983,9,10,13727,0
12983,9,10,1,210
19289,9,10,19294,0
19289,9,10,1,210
15210,9,10,15583,0
15210,9,10,15213,210
15210,9,10,1,280
16325,9,10,16326,0
16325,9,10,1,210
14092,9,10,14840,0
14092,9,10,14470,210
14092,9,10,1,280
14463,9,10,15211,0
14463,9,10,14471,210
14463,9,10,1,280
17068,9,10,20768,0
17068,9,10,20398,210
17068,9,10,19288,280
17068,9,10,18918,350
17068,9,10,18548,420
17068,9,10,17808,490
17068,9,10,17438,560
17068,9,10,1,630
17805,9,10,18180,0
17805,9,10,1,210
12608,9,10,13356,0
12608,9,10,12986,210
12608,9,10,1,280
11499,9,10,12243,0
11499,9,10,1,210
14841,9,10,14842,0
14841,9,10,1,70
21147,9,10,21149,0
21147,9,10,1,280
13354,9,10,14098,0
13354,9,10,1,210
16696,9,10,16697,0
16696,9,10,1,70
20766,9,10,20778,0
20766,9,10,1,350
18913,9,10,20033,0
18913,9,10,1,280
8906,9,10,12606,0
8906,9,10,11496,210
8906,9,10,11126,350
8906,9,10,10386,420
8906,9,10,10016,490
8906,9,10,9276,560
8906,9,10,8906,630
8906,9,10,1,700
1,10,11,1,0
15212,10,11,15213,0
15212,10,11,1,70
15949,10,11,16325,0
15949,10,11,15955,210
15949,10,11,1,280
15581,10,11,15954,0
15581,10,11,15584,210
15581,10,11,1,280
16318,10,11,17436,0
16318,10,11,17066,210
16318,10,11,1,280
12985,10,11,13357,0
12985,10,11,1,210
19291,10,11,19664,0
19291,10,11,19294,210
19291,10,11,1,280
9275,10,11,10017,0
9275,10,11,1,210
21518,10,11,21520,0
21518,10,11,1,350
17798,10,11,18550,0
17798,10,11,1,280
14465,10,11,14471,0
14465,10,11,1,210
11501,10,11,11873,0
11501,10,11,1,210
17807,10,11,18180,0
17807,10,11,17810,210
17807,10,11,1,280
12239,10,11,12245,0
12239,10,11,1,210
21149,10,11,21889,0
21149,10,11,21519,350
21149,10,11,21149,490
21149,10,11,1,700
13725,10,11,14099,0
13725,10,11,1,210
20031,10,11,20036,0
20031,10,11,1,280
20402,10,11,20407,0
20402,10,11,1,280
11872,10,11,12244,0
11872,10,11,1,210
12241,10,11,12615,0
12241,10,11,1,210
18547,10,11,18552,0
18547,10,11,1,210
19284,10,11,20404,0
19284,10,11,1,280
21520,10,11,22260,0
21520,10,11,21890,350
21520,10,11,21520,490
21520,10,11,1,700
9277,10,11,13717,0
9277,10,11,12237,210
9277,10,11,11867,350
9277,10,11,11497,420
9277,10,11,10757,490
9277,10,11,10387,560
9277,10,11,10017,630
9277,10,11,9277,700
9277,10,11,1,770
21889,10,11,21891,0
21889,10,11,1,350
12987,10,11,17427,0
12987,10,11,15947,210
12987,10,11,15577,350
12987,10,11,14837,420
12987,10,11,14467,490
12987,10,11,14097,560
12987,10,11,13357,630
12987,10,11,12987,700
12987,10,11,1,770
15951,10,11,16695,0
15951,10,11,15955,210
15951,10,11,1,280
19293,10,11,19294,0
19293,10,11,1,70
16320,10,11,16696,0
16320,10,11,16326,210
16320,10,11,1,280
9645,10,11,10388,0
9645,10,11,1,210
15583,10,11,15584,0
15583,10,11,1,70
17063,10,11,17068,0
17063,10,11,1,210
14467,10,11,14841,0
14467,10,11,14471,140
14467,10,11,1,210
14836,10,11,14842,0
14836,10,11,1,210
11503,10,11,15573,0
11503,10,11,14463,210
11503,10,11,14093,350
11503,10,11,13353,420
11503,10,11,12983,490
11503,10,11,12613,560
11503,10,11,11873,630
11503,10,11,11503,700
11503,10,11,1,770
17809,10,11,17810,0
17809,10,11,1,70
12612,10,11,12986,0
12612,10,11,1,210
13727,10,11,13729,0
13727,10,11,1,210
20404,10,11,20777,0
20404,10,11,1,280
15944,10,11,17435,0
15944,10,11,17065,210
15944,10,11,1,280
11874,10,11,15944,0
11874,10,11,14834,210
11874,10,11,14464,350
11874,10,11,13724,420
11874,10,11,13354,490
11874,10,11,12614,560
11874,10,11,12244,630
11874,10,11,11874,700
11874,10,11,1,770
12243,10,11,12615,0
12243,10,11,1,210
19286,10,11,20034,0
19286,10,11,19664,210
19286,10,11,1,280
21891,10,11,22631,0
21891,10,11,22261,350
21891,10,11,21891,490
21891,10,11,1,770
10759,10,11,11131,0
10759,10,11,1,210
17065,10,11,17068,0
17065,10,11,1,210
11496,10,11,11873,0
11496,10,11,1,210
14469,10,11,14471,0
14469,10,11,1,210
18171,10,11,19291,0
18171,10,11,1,280
14838,10,11,15212,0
14838,10,11,1,210
21144,10,11,21149,0
21144,10,11,1,350
18180,10,11,18181,0
18180,10,11,1,70
8906,10,11,12606,0
8906,10,11,11496,210
8906,10,11,11126,350
8906,10,11,10386,420
8906,10,11,10016,490
8906,10,11,9276,560
8906,10,11,8906,630
8906,10,11,1,700
20026,10,11,20776,0
20026,10,11,1,350
20397,10,11,20777,0
20397,10,11,1,350
11867,10,11,12244,0
11867,10,11,1,210
17433,10,11,17439,0
17433,10,11,1,70
20406,10,11,20407,0
20406,10,11,1,70
20775,10,11,20778,0
20775,10,11,1,280
12245,10,11,16315,0
12245,10,11,14835,210
12245,10,11,14465,350
12245,10,11,14095,420
12245,10,11,13725,490
12245,10,11,12985,560
12245,10,11,12615,630
12245,10,11,1,700
16315,10,11,17806,0
16315,10,11,16326,280
16315,10,11,1,350
15578,10,11,15584,0
15578,10,11,1,210
18551,10,11,18552,0
18551,10,11,1,70
12982,10,11,13357,0
12982,10,11,1,210
16324,10,11,16696,0
16324,10,11,16326,210
16324,10,11,1,280
19288,10,11,19294,0
19288,10,11,1,280
18922,10,11,18923,0
18922,10,11,1,70
14831,10,11,15952,0
14831,10,11,15582,210
14831,10,11,1,280
10761,10,11,14831,0
10761,10,11,13721,210
10761,10,11,13351,350
10761,10,11,12611,420
10761,10,11,12241,490
10761,10,11,11871,560
10761,10,11,11131,630
10761,10,11,10761,700
10761,10,11,1,770
17804,10,11,17810,0
17804,10,11,1,210
14471,10,11,18171,0
14471,10,11,17061,210
14471,10,11,16691,350
14471,10,11,15951,420
14471,10,11,15581,490
14471,10,11,14841,560
14471,10,11,14471,630
14471,10,11,1,700
17067,10,11,17068,0
17067,10,11,1,70
14840,10,11,14842,0
14840,10,11,1,210
21146,10,11,21149,0
21146,10,11,1,70
13722,10,11,13729,0
13722,10,11,1,210
13356,10,11,14098,0
13356,10,11,1,210
19662,10,11,20035,0
19662,10,11,1,280
15202,10,11,16323,0
15202,10,11,1,280
11129,10,11,11872,0
11129,10,11,1,210
17435,10,11,17439,0
17435,10,11,1,210
12238,10,11,12245,0
12238,10,11,1,210
15211,10,11,15213,0
15211,10,11,1,210
20768,10,11,20778,0
20768,10,11,1,350
20777,10,11,20778,0
20777,10,11,1,70
16326,10,11,20766,0
16326,10,11,20026,210
16326,10,11,19286,280
16326,10,11,18916,350
16326,10,11,18176,420
16326,10,11,17806,490
16326,10,11,17066,560
16326,10,11,16696,630
16326,10,11,16326,700
16326,10,11,1,770
14464,10,11,14471,0
14464,10,11,1,70
14096,10,11,14470,0
14096,10,11,1,210
11500,10,11,12243,0
11500,10,11,1,210
17806,10,11,18180,0
17806,10,11,17810,210
17806,10,11,1,280
18175,10,11,18181,0
18175,10,11,1,210
14842,10,11,18912,0
14842,10,11,17432,210
14842,10,11,17062,350
14842,10,11,16692,420
14842,10,11,15952,490
14842,10,11,15582,560
14842,10,11,14842,630
14842,10,11,1,700
21148,10,11,21149,0
21148,10,11,1,280
19655,10,11,20775,0
19655,10,11,20405,280
19655,10,11,1,350
10016,10,11,10759,0
10016,10,11,1,210
16691,10,11,16697,0
16691,10,11,1,210
13358,10,11,17798,0
13358,10,11,16318,210
13358,10,11,15948,350
13358,10,11,15578,420
13358,10,11,14838,490
13358,10,11,14468,560
13358,10,11,14098,630
13358,10,11,13358,700
13358,10,11,1,770
19664,10,11,19665,0
19664,10,11,1,70
20401,10,11,20407,0
20401,10,11,1,280
20033,10,11,20406,0
20033,10,11,1,280
15573,10,11,16694,0
15573,10,11,1,280
11131,10,11,11132,0
11131,10,11,1,70
17437,10,11,17439,0
17437,10,11,1,210
20770,10,11,20778,0
20770,10,11,1,350
9276,10,11,9277,0
9276,10,11,1,210
15582,10,11,15584,0
15582,10,11,1,210
16319,10,11,16696,0
16319,10,11,16326,210
16319,10,11,1,280
18917,10,11,18923,0
18917,10,11,1,210
15953,10,11,16325,0
15953,10,11,15955,210
15953,10,11,1,280
17062,10,11,17068,0
17062,10,11,1,70
17799,10,11,18920,0
17799,10,11,1,280
14466,10,11,14471,0
14466,10,11,1,210
14098,10,11,14100,0
14098,10,11,1,210
14835,10,11,14842,0
14835,10,11,1,210
11502,10,11,11503,0
11502,10,11,1,70
17808,10,11,17810,0
17808,10,11,1,280
12614,10,11,12986,0
12614,10,11,1,210
13351,10,11,13728,0
13351,10,11,1,210
10387,10,11,11500,0
10387,10,11,11130,140
10387,10,11,1,210
13729,10,11,17799,0
13729,10,11,16319,210
13729,10,11,15949,350
13729,10,11,15579,420
13729,10,11,14839,490
13729,10,11,14469,560
13729,10,11,13729,630
13729,10,11,1,700
20035,10,11,20036,0
20035,10,11,1,70
20403,10,11,20777,0
20403,10,11,1,280
17439,10,11,20769,0
17439,10,11,19659,280
17439,10,11,19289,350
17439,10,11,18919,420
17439,10,11,18179,490
17439,10,11,17809,560
17439,10,11,1,630
12242,10,11,12615,0
12242,10,11,1,210
20772,10,11,20778,0
20772,10,11,1,280
15584,10,11,19654,0
15584,10,11,19284,210
15584,10,11,18174,280
15584,10,11,17804,350
15584,10,11,17434,420
15584,10,11,16694,490
15584,10,11,16324,560
15584,10,11,15584,630
15584,10,11,1,700
18919,10,11,19293,0
18919,10,11,18923,210
18919,10,11,1,280
14459,10,11,15211,0
14459,10,11,14471,210
14459,10,11,1,280
15955,10,11,20025,0
15955,10,11,19655,210
15955,10,11,18545,280
15955,10,11,18175,350
15955,10,11,17805,420
15955,10,11,17065,490
15955,10,11,16695,560
15955,10,11,16325,630
15955,10,11,1,700
11495,10,11,12613,0
11495,10,11,11873,210
11495,10,11,1,280
10758,10,11,11501,0
10758,10,11,1,210
14100,10,11,18170,0
14100,10,11,16690,210
14100,10,11,16320,350
14100,10,11,15950,420
14100,10,11,15210,490
14100,10,11,14840,560
14100,10,11,14100,630
14100,10,11,1,700
14837,10,11,14842,0
14837,10,11,1,210
18170,10,11,19291,0
18170,10,11,18921,210
18170,10,11,1,280
21143,10,11,21149,0
21143,10,11,1,350
18179,10,11,18181,0
18179,10,11,1,210
16686,10,11,17807,0
16686,10,11,1,280
13353,10,11,14098,0
13353,10,11,1,210
19659,10,11,19665,0
19659,10,11,1,280
12616,10,11,16686,0
12616,10,11,15206,210
12616,10,11,14836,350
12616,10,11,14466,420
12616,10,11,14096,490
12616,10,11,13356,560
12616,10,11,12986,630
12616,10,11,1,700
16695,10,11,17067,0
16695,10,11,16697,210
16695,10,11,1,280
17432,10,11,17439,0
17432,10,11,1,70
11126,10,11,11502,0
11126,10,11,1,210
20405,10,11,20407,0
20405,10,11,1,280
15577,10,11,15584,0
15577,10,11,1,210
20774,10,11,20778,0
20774,10,11,1,280
18912,10,11,20033,0
18912,10,11,19663,210
18912,10,11,1,280
15948,10,11,15955,0
15948,10,11,1,210
18921,10,11,18923,0
18921,10,11,1,210
14093,10,11,14100,0
14093,10,11,1,210
19290,10,11,19664,0
19290,10,11,19294,210
19290,10,11,1,280
17066,10,11,17068,0
17066,10,11,1,210
11497,10,11,11873,0
11497,10,11,1,210
14839,10,11,15212,0
14839,10,11,1,210
18181,10,11,20771,0
18181,10,11,20401,280
18181,10,11,20031,350
18181,10,11,19661,420
18181,10,11,19291,490
18181,10,11,18551,560
18181,10,11,18181,630
18181,10,11,1,700
12609,10,11,12616,0
12609,10,11,1,210
19661,10,11,20035,0
19661,10,11,1,280
13724,10,11,13729,0
13724,10,11,1,210
20030,10,11,20036,0
20030,10,11,1,280
16697,10,11,20767,0
16697,10,11,20397,210
16697,10,11,19287,280
16697,10,11,18917,350
16697,10,11,18547,420
16697,10,11,17807,490
16697,10,11,17437,560
16697,10,11,16697,630
16697,10,11,1,700
17434,10,11,17439,0
17434,10,11,1,210
20767,10,11,20778,0
20767,10,11,1,350
11128,10,11,11872,0
11128,10,11,1,210
20398,10,11,20777,0
20398,10,11,1,350
20776,10,11,20778,0
20776,10,11,1,280
11871,10,11,12614,0
11871,10,11,1,210
15213,10,11,19283,0
15213,10,11,18913,210
15213,10,11,17803,280
15213,10,11,17433,350
15213,10,11,17063,420
15213,10,11,16323,490
15213,10,11,15953,560
15213,10,11,15213,630
15213,10,11,1,700
21519,10,11,21520,0
21519,10,11,1,280
15950,10,11,16325,0
15950,10,11,15955,210
15950,10,11,1,280
18923,10,11,21143,0
18923,10,11,20773,280
18923,10,11,20403,420
18923,10,11,20033,490
18923,10,11,19293,560
18923,10,11,18923,630
18923,10,11,1,700
12986,10,11,12987,0
12986,10,11,1,210
14095,10,11,14100,0
14095,10,11,1,210
19283,10,11,20404,0
19283,10,11,1,280
18174,10,11,18181,0
18174,10,11,1,70
8535,10,11,11495,0
8535,10,11,11125,140
8535,10,11,10015,210
8535,10,11,9645,350
8535,10,11,9275,420
8535,10,11,8535,490
8535,10,11,1,560
12611,10,11,12986,0
12611,10,11,1,210
19654,10,11,20775,0
19654,10,11,20035,280
19654,10,11,1,350
13717,10,11,14469,0
13717,10,11,13729,210
13717,10,11,1,280
10015,10,11,10759,0
10015,10,11,1,210
16690,10,11,16697,0
16690,10,11,1,210
13357,10,11,13358,0
13357,10,11,1,210
17427,10,11,17809,0
17427,10,11,1,280
20400,10,11,20407,0
20400,10,11,1,70
20032,10,11,20406,0
20032,10,11,1,280
20769,10,11,20778,0
20769,10,11,1,350
17436,10,11,17439,0
17436,10,11,1,210
11130,10,11,11502,0
11130,10,11,1,210
20778,10,11,21518,0
20778,10,11,21148,280
20778,10,11,20778,420
20778,10,11,1,700
15206,10,11,15213,0
15206,10,11,1,210
11873,10,11,11874,0
11873,10,11,1,70
18916,10,11,18923,0
18916,10,11,1,70
12979,10,11,14097,0
12979,10,11,13357,210
12979,10,11,1,280
14088,10,11,14840,0
14088,10,11,14100,210
14088,10,11,1,280
15952,10,11,16325,0
15952,10,11,15955,210
15952,10,11,1,280
17061,10,11,17068,0
17061,10,11,1,70
21890,10,11,21891,0
21890,10,11,1,280
18548,10,11,18922,0
18548,10,11,18552,210
18548,10,11,1,280
19294,10,11,21144,0
19294,10,11,20774,280
19294,10,11,20404,490
19294,10,11,19664,560
19294,10,11,19294,630
19294,10,11,1,700
14097,10,11,14470,0
14097,10,11,1,210
14834,10,11,15582,0
14834,10,11,14842,210
14834,10,11,1,280
18176,10,11,18181,0
18176,10,11,1,210
14468,10,11,14841,0
14468,10,11,14471,140
14468,10,11,1,210
17810,10,11,20770,0
17810,10,11,20400,280
17810,10,11,20030,350
17810,10,11,19290,420
17810,10,11,18920,490
17810,10,11,18550,560
17810,10,11,17810,630
17810,10,11,1,700
12613,10,11,12986,0
12613,10,11,1,210
10017,10,11,10759,0
10017,10,11,1,210
20025,10,11,20776,0
20025,10,11,20406,280
20025,10,11,1,350
16692,10,11,17067,0
16692,10,11,1,210
10386,10,11,11500,0
10386,10,11,1,210
19665,10,11,21145,0
19665,10,11,20775,350
19665,10,11,20035,560
19665,10,11,19665,630
19665,10,11,1,700
13728,10,11,13729,0
13728,10,11,1,70
20034,10,11,20036,0
20034,10,11,1,280
11132,10,11,15202,0
11132,10,11,14092,210
11132,10,11,13722,350
11132,10,11,12982,420
11132,10,11,12612,490
11132,10,11,12242,560
11132,10,11,11502,630
11132,10,11,11132,700
11132,10,11,1,770
20771,10,11,20778,0
20771,10,11,1,70
17438,10,11,17439,0
17438,10,11,1,70
12244,10,11,12245,0
12244,10,11,1,70
18550,10,11,18552,0
18550,10,11,1,210
19287,10,11,19294,0
19287,10,11,1,70
15954,10,11,15955,0
15954,10,11,1,70
22260,10,11,22632,0
22260,10,11,22262,350
22260,10,11,1,490
10757,10,11,11501,0
10757,10,11,1,210
16323,10,11,17066,0
16323,10,11,16326,210
16323,10,11,1,280
14099,10,11,14100,0
14099,10,11,1,70
9648,10,11,14088,0
9648,10,11,12608,210
9648,10,11,12238,350
9648,10,11,11868,420
9648,10,11,11128,490
9648,10,11,10758,560
9648,10,11,10388,630
9648,10,11,9648,700
9648,10,11,1,770
18918,10,11,18923,0
18918,10,11,1,210
17803,10,11,17810,0
17803,10,11,1,210
14470,10,11,14471,0
14470,10,11,1,70
12606,10,11,14096,0
12606,10,11,13356,210
12606,10,11,12616,280
12606,10,11,1,350
21145,10,11,21149,0
21145,10,11,1,350
12615,10,11,12616,0
12615,10,11,1,70
10019,10,11,14459,0
10019,10,11,12979,210
10019,10,11,12609,350
10019,10,11,12239,420
10019,10,11,11499,490
10019,10,11,11129,560
10019,10,11,10759,630
10019,10,11,10019,700
10019,10,11,1,770
13721,10,11,14469,0
13721,10,11,13729,210
13721,10,11,1,280
10388,10,11,11130,0
10388,10,11,1,210
16694,10,11,17067,0
16694,10,11,16697,210
16694,10,11,1,280
11125,10,11,11502,0
11125,10,11,1,210
20036,10,11,21146,0
20036,10,11,20776,350
20036,10,11,20406,630
20036,10,11,1,700
20773,10,11,20778,0
20773,10,11,1,280
11868,10,11,12244,0
11868,10,11,1,210
12237,10,11,12985,0
12237,10,11,12615,210
12237,10,11,1,280
20407,10,11,21147,0
20407,10,11,20777,420
20407,10,11,20407,630
20407,10,11,1,700
15947,10,11,17065,0
15947,10,11,16695,210
15947,10,11,1,280
15579,10,11,15954,0
15579,10,11,1,210
18920,10,11,19293,0
18920,10,11,18923,210
18920,10,11,1,280
18552,10,11,20772,0
18552,10,11,20402,350
18552,10,11,20032,420
18552,10,11,19662,490
18552,10,11,18922,560
18552,10,11,18552,630
18552,10,11,1,700
12983,10,11,13727,0
12983,10,11,1,210
19289,10,11,19294,0
19289,10,11,1,210
15210,10,11,15583,0
15210,10,11,15213,210
15210,10,11,1,280
16325,10,11,16326,0
16325,10,11,1,210
14092,10,11,14840,0
14092,10,11,14100,210
14092,10,11,1,280
14463,10,11,15211,0
14463,10,11,14471,210
14463,10,11,1,280
17068,10,11,20768,0
17068,10,11,20398,210
17068,10,11,19288,280
17068,10,11,18918,350
17068,10,11,18548,420
17068,10,11,17808,490
17068,10,11,17438,560
17068,10,11,1,630
17805,10,11,17810,0
17805,10,11,1,210
12608,10,11,13356,0
12608,10,11,12986,210
12608,10,11,1,280
11499,10,11,12243,0
11499,10,11,1,210
14841,10,11,14842,0
14841,10,11,1,70
21147,10,11,21149,0
21147,10,11,1,280
13354,10,11,14098,0
13354,10,11,1,210
16696,10,11,16697,0
16696,10,11,1,70
20766,10,11,20778,0
20766,10,11,1,350
18913,10,11,20033,0
18913,10,11,1,280
18545,10,11,18552,0
18545,10,11,1,70
1,11,12,1,0
15212,11,12,15213,0
15212,11,12,1,70
15949,11,12,16325,0
15949,11,12,15955,210
15949,11,12,1,280
15581,11,12,15954,0
15581,11,12,15584,210
15581,11,12,1,280
16318,11,12,17436,0
16318,11,12,17066,210
16318,11,12,1,280
12985,11,12,13357,0
12985,11,12,1,210
19291,11,12,19664,0
19291,11,12,19294,210
19291,11,12,1,280
9275,11,12,10017,0
9275,11,12,1,210
21518,11,12,21520,0
21518,11,12,1,350
17798,11,12,18550,0
17798,11,12,1,280
14465,11,12,14471,0
14465,11,12,1,210
11501,11,12,11873,0
11501,11,12,1,210
17807,11,12,18180,0
17807,11,12,17810,210
17807,11,12,1,280
12239,11,12,12245,0
12239,11,12,1,210
21149,11,12,21889,0
21149,11,12,21519,350
21149,11,12,21149,490
21149,11,12,1,700
13725,11,12,14099,0
13725,11,12,1,210
20031,11,12,20036,0
20031,11,12,1,280
20402,11,12,20407,0
20402,11,12,1,280
11872,11,12,12244,0
11872,11,12,1,210
12241,11,12,12615,0
12241,11,12,1,210
18547,11,12,18552,0
18547,11,12,1,210
19284,11,12,20404,0
19284,11,12,1,280
21520,11,12,22260,0
21520,11,12,21890,350
21520,11,12,21520,490
21520,11,12,1,700
9277,11,12,13717,0
9277,11,12,12237,210
9277,11,12,11867,350
9277,11,12,11497,420
9277,11,12,10757,490
9277,11,12,10387,560
9277,11,12,10017,630
9277,11,12,9277,700
9277,11,12,1,770
21889,11,12,21891,0
21889,11,12,1,350
12987,11,12,17427,0
12987,11,12,15947,210
12987,11,12,15577,350
12987,11,12,14837,420
12987,11,12,14467,490
12987,11,12,14097,560
12987,11,12,13357,630
12987,11,12,12987,700
12987,11,12,1,770
15951,11,12,16695,0
15951,11,12,15955,210
15951,11,12,1,280
19293,11,12,19294,0
19293,11,12,1,70
16320,11,12,16696,0
16320,11,12,16326,210
16320,11,12,1,280
9645,11,12,10388,0
9645,11,12,1,210
15583,11,12,15584,0
15583,11,12,1,70
17063,11,12,17068,0
17063,11,12,1,210
14467,11,12,14841,0
14467,11,12,14471,140
14467,11,12,1,210
14836,11,12,14842,0
14836,11,12,1,210
11503,11,12,15573,0
11503,11,12,14463,210
11503,11,12,14093,350
11503,11,12,13353,420
11503,11,12,12983,490
11503,11,12,12613,560
11503,11,12,11873,630
11503,11,12,11503,700
11503,11,12,1,770
17809,11,12,17810,0
17809,11,12,1,70
12612,11,12,12986,0
12612,11,12,1,210
13727,11,12,13729,0
13727,11,12,1,210
20404,11,12,20777,0
20404,11,12,1,280
15944,11,12,17435,0
15944,11,12,17065,210
15944,11,12,1,280
11874,11,12,15944,0
11874,11,12,14834,210
11874,11,12,14464,350
11874,11,12,13724,420
11874,11,12,13354,490
11874,11,12,12614,560
11874,11,12,12244,630
11874,11,12,11874,700
11874,11,12,1,770
12243,11,12,12615,0
12243,11,12,1,210
19286,11,12,20034,0
19286,11,12,19664,210
19286,11,12,1,280
21891,11,12,22631,0
21891,11,12,22261,350
21891,11,12,21891,490
21891,11,12,1,770
10759,11,12,11131,0
10759,11,12,1,210
17065,11,12,17068,0
17065,11,12,1,210
11496,11,12,11873,0
11496,11,12,1,210
14469,11,12,14471,0
14469,11,12,1,210
18171,11,12,19291,0
18171,11,12,1,280
14838,11,12,15212,0
14838,11,12,1,210
21144,11,12,21149,0
21144,11,12,1,350
18180,11,12,18181,0
18180,11,12,1,70
20026,11,12,20776,0
20026,11,12,1,350
20397,11,12,20777,0
20397,11,12,1,350
11867,11,12,12244,0
11867,11,12,1,210
17433,11,12,17439,0
17433,11,12,1,70
20406,11,12,20407,0
20406,11,12,1,70
20775,11,12,20778,0
20775,11,12,1,280
12245,11,12,16315,0
12245,11,12,14835,210
12245,11,12,14465,350
12245,11,12,14095,420
12245,11,12,13725,490
12245,11,12,12985,560
12245,11,12,12615,630
12245,11,12,1,700
16315,11,12,17806,0
16315,11,12,16326,280
16315,11,12,1,350
15578,11,12,15584,0
15578,11,12,1,210
18551,11,12,18552,0
18551,11,12,1,70
12982,11,12,13357,0
12982,11,12,1,210
16324,11,12,16696,0
16324,11,12,16326,210
16324,11,12,1,280
19288,11,12,19294,0
19288,11,12,1,280
18922,11,12,18923,0
18922,11,12,1,70
14831,11,12,15952,0
14831,11,12,15582,210
14831,11,12,1,280
10761,11,12,14831,0
10761,11,12,13721,210
10761,11,12,13351,350
10761,11,12,12611,420
10761,11,12,12241,490
10761,11,12,11871,560
10761,11,12,11131,630
10761,11,12,10761,700
10761,11,12,1,770
17804,11,12,17810,0
17804,11,12,1,210
14471,11,12,18171,0
14471,11,12,17061,210
14471,11,12,16691,350
14471,11,12,15951,420
14471,11,12,15581,490
14471,11,12,14841,560
14471,11,12,14471,630
14471,11,12,1,700
17067,11,12,17068,0
17067,11,12,1,70
14840,11,12,14842,0
14840,11,12,1,210
21146,11,12,21149,0
21146,11,12,1,70
13722,11,12,13729,0
13722,11,12,1,210
13356,11,12,14098,0
13356,11,12,1,210
19662,11,12,20035,0
19662,11,12,1,280
15202,11,12,16323,0
15202,11,12,1,280
11129,11,12,11872,0
11129,11,12,1,210
17435,11,12,17439,0
17435,11,12,1,210
12238,11,12,12245,0
12238,11,12,1,210
15211,11,12,15213,0
15211,11,12,1,210
20768,11,12,20778,0
20768,11,12,1,350
20777,11,12,20778,0
20777,11,12,1,70
16326,11,12,20766,0
16326,11,12,20026,210
16326,11,12,19286,280
16326,11,12,18916,350
16326,11,12,18176,420
16326,11,12,17806,490
16326,11,12,17066,560
16326,11,12,16696,630
16326,11,12,16326,700
16326,11,12,1,770
14464,11,12,14471,0
14464,11,12,1,70
14096,11,12,14470,0
14096,11,12,1,210
11500,11,12,12243,0
11500,11,12,1,210
17806,11,12,18180,0
17806,11,12,17810,210
17806,11,12,1,280
18175,11,12,18181,0
18175,11,12,1,210
14842,11,12,18912,0
14842,11,12,17432,210
14842,11,12,17062,350
14842,11,12,16692,420
14842,11,12,15952,490
14842,11,12,15582,560
14842,11,12,14842,630
14842,11,12,1,700
21148,11,12,21149,0
21148,11,12,1,280
10016,11,12,10759,0
10016,11,12,1,210
19655,11,12,20775,0
19655,11,12,20405,280
19655,11,12,1,350
16691,11,12,16697,0
16691,11,12,1,210
13358,11,12,17798,0
13358,11,12,16318,210
13358,11,12,15948,350
13358,11,12,15578,420
13358,11,12,14838,490
13358,11,12,14468,560
13358,11,12,14098,630
13358,11,12,13358,700
13358,11,12,1,770
19664,11,12,19665,0
19664,11,12,1,70
20401,11,12,20407,0
20401,11,12,1,280
20033,11,12,20406,0
20033,11,12,1,280
15573,11,12,16694,0
15573,11,12,1,280
11131,11,12,11132,0
11131,11,12,1,70
17437,11,12,17439,0
17437,11,12,1,210
20770,11,12,20778,0
20770,11,12,1,350
9276,11,12,9277,0
9276,11,12,1,210
15582,11,12,15584,0
15582,11,12,1,210
16319,11,12,16696,0
16319,11,12,16326,210
16319,11,12,1,280
18917,11,12,18923,0
18917,11,12,1,210
15953,11,12,16325,0
15953,11,12,15955,210
15953,11,12,1,280
17062,11,12,17068,0
17062,11,12,1,70
17799,11,12,18920,0
17799,11,12,1,280
14466,11,12,14471,0
14466,11,12,1,210
14098,11,12,14100,0
14098,11,12,1,210
14835,11,12,14842,0
14835,11,12,1,210
11502,11,12,11503,0
11502,11,12,1,70
17808,11,12,17810,0
17808,11,12,1,280
12614,11,12,12986,0
12614,11,12,1,210
13351,11,12,13728,0
13351,11,12,1,210
10387,11,12,11500,0
10387,11,12,11130,140
10387,11,12,1,210
13729,11,12,17799,0
13729,11,12,16319,210
13729,11,12,15949,350
13729,11,12,15579,420
13729,11,12,14839,490
13729,11,12,14469,560
13729,11,12,13729,630
13729,11,12,1,700
20035,11,12,20036,0
20035,11,12,1,70
20403,11,12,20777,0
20403,11,12,1,280
17439,11,12,20769,0
17439,11,12,19659,280
17439,11,12,19289,350
17439,11,12,18919,420
17439,11,12,18179,490
17439,11,12,17809,560
17439,11,12,1,630
12242,11,12,12615,0
12242,11,12,1,210
20772,11,12,20778,0
20772,11,12,1,280
15584,11,12,19654,0
15584,11,12,19284,210
15584,11,12,18174,280
15584,11,12,17804,350
15584,11,12,17434,420
15584,11,12,16694,490
15584,11,12,16324,560
15584,11,12,15584,630
15584,11,12,1,700
18919,11,12,19293,0
18919,11,12,18923,210
18919,11,12,1,280
14459,11,12,15211,0
14459,11,12,14471,210
14459,11,12,1,280
15955,11,12,20025,0
15955,11,12,19655,210
15955,11,12,18545,280
15955,11,12,18175,350
15955,11,12,17805,420
15955,11,12,17065,490
15955,11,12,16695,560
15955,11,12,16325,630
15955,11,12,1,700
22261,11,12,22262,0
22261,11,12,1,350
11495,11,12,12613,0
11495,11,12,11873,210
11495,11,12,1,280
10758,11,12,11501,0
10758,11,12,1,210
14100,11,12,18170,0
14100,11,12,16690,210
14100,11,12,16320,350
14100,11,12,15950,420
14100,11,12,15210,490
14100,11,12,14840,560
14100,11,12,14100,630
14100,11,12,1,700
14837,11,12,14842,0
14837,11,12,1,210
18170,11,12,19291,0
18170,11,12,18921,210
18170,11,12,1,280
21143,11,12,21149,0
21143,11,12,1,350
18179,11,12,18181,0
18179,11,12,1,210
16686,11,12,17807,0
16686,11,12,1,280
13353,11,12,14098,0
13353,11,12,1,210
19659,11,12,19665,0
19659,11,12,1,280
12616,11,12,16686,0
12616,11,12,15206,210
12616,11,12,14836,350
12616,11,12,14466,420
12616,11,12,14096,490
12616,11,12,13356,560
12616,11,12,12986,630
12616,11,12,1,700
16695,11,12,17067,0
16695,11,12,16697,210
16695,11,12,1,280
11126,11,12,11502,0
11126,11,12,1,210
17432,11,12,17439,0
17432,11,12,1,70
20405,11,12,20407,0
20405,11,12,1,280
15577,11,12,15584,0
15577,11,12,1,210
20774,11,12,20778,0
20774,11,12,1,280
18912,11,12,20033,0
18912,11,12,19663,210
18912,11,12,1,280
15948,11,12,15955,0
15948,11,12,1,210
18921,11,12,18923,0
18921,11,12,1,210
14093,11,12,14100,0
14093,11,12,1,210
19290,11,12,19664,0
19290,11,12,19294,210
19290,11,12,1,280
17066,11,12,17068,0
17066,11,12,1,210
11497,11,12,11873,0
11497,11,12,1,210
22632,11,12,22633,0
22632,11,12,1,350
14839,11,12,15212,0
14839,11,12,1,210
18181,11,12,20771,0
18181,11,12,20401,280
18181,11,12,20031,350
18181,11,12,19661,420
18181,11,12,19291,490
18181,11,12,18551,560
18181,11,12,18181,630
18181,11,12,1,700
12609,11,12,12616,0
12609,11,12,1,210
19661,11,12,20035,0
19661,11,12,1,280
13724,11,12,13729,0
13724,11,12,1,210
20030,11,12,20036,0
20030,11,12,1,280
16697,11,12,20767,0
16697,11,12,20397,210
16697,11,12,19287,280
16697,11,12,18917,350
16697,11,12,18547,420
16697,11,12,17807,490
16697,11,12,17437,560
16697,11,12,16697,630
16697,11,12,1,700
17434,11,12,17439,0
17434,11,12,1,210
20767,11,12,20778,0
20767,11,12,1,350
11128,11,12,11872,0
11128,11,12,1,210
20398,11,12,20777,0
20398,11,12,1,350
20776,11,12,20778,0
20776,11,12,1,280
11871,11,12,12614,0
11871,11,12,1,210
15213,11,12,19283,0
15213,11,12,18913,210
15213,11,12,17803,280
15213,11,12,17433,350
15213,11,12,17063,420
15213,11,12,16323,490
15213,11,12,15953,560
15213,11,12,15213,630
15213,11,12,1,700
21519,11,12,21520,0
21519,11,12,1,280
15950,11,12,16325,0
15950,11,12,15955,210
15950,11,12,1,280
18923,11,12,21143,0
18923,11,12,20773,280
18923,11,12,20403,420
18923,11,12,20033,490
18923,11,12,19293,560
18923,11,12,18923,630
18923,11,12,1,700
12986,11,12,12987,0
12986,11,12,1,210
14095,11,12,14100,0
14095,11,12,1,210
19283,11,12,20404,0
19283,11,12,1,280
18174,11,12,18181,0
18174,11,12,1,70
8535,11,12,11495,0
8535,11,12,11125,140
8535,11,12,10015,210
8535,11,12,9645,350
8535,11,12,9275,420
8535,11,12,8535,490
8535,11,12,1,560
12611,11,12,12986,0
12611,11,12,1,210
19654,11,12,20775,0
19654,11,12,20035,280
19654,11,12,1,350
13717,11,12,14469,0
13717,11,12,13729,210
13717,11,12,1,280
10015,11,12,10759,0
10015,11,12,1,210
16690,11,12,16697,0
16690,11,12,1,210
13357,11,12,13358,0
13357,11,12,1,210
17427,11,12,17809,0
17427,11,12,1,280
19663,11,12,19665,0
19663,11,12,1,280
20400,11,12,20407,0
20400,11,12,1,70
11130,11,12,11502,0
11130,11,12,1,210
17436,11,12,17439,0
17436,11,12,1,210
20769,11,12,20778,0
20769,11,12,1,350
20032,11,12,20406,0
20032,11,12,1,280
20778,11,12,21518,0
20778,11,12,21148,280
20778,11,12,20778,420
20778,11,12,1,700
15206,11,12,15213,0
15206,11,12,1,210
11873,11,12,11874,0
11873,11,12,1,70
18916,11,12,18923,0
18916,11,12,1,70
12979,11,12,14097,0
12979,11,12,13357,210
12979,11,12,1,280
14088,11,12,14840,0
14088,11,12,14100,210
14088,11,12,1,280
15952,11,12,16325,0
15952,11,12,15955,210
15952,11,12,1,280
17061,11,12,17068,0
17061,11,12,1,70
21890,11,12,21891,0
21890,11,12,1,280
18548,11,12,18922,0
18548,11,12,18552,210
18548,11,12,1,280
19294,11,12,21144,0
19294,11,12,20774,280
19294,11,12,20404,490
19294,11,12,19664,560
19294,11,12,19294,630
19294,11,12,1,700
14097,11,12,14470,0
14097,11,12,1,210
14834,11,12,15582,0
14834,11,12,14842,210
14834,11,12,1,280
18545,11,12,18552,0
18545,11,12,1,70
18176,11,12,18181,0
18176,11,12,1,210
14468,11,12,14841,0
14468,11,12,14471,140
14468,11,12,1,210
17810,11,12,20770,0
17810,11,12,20400,280
17810,11,12,20030,350
17810,11,12,19290,420
17810,11,12,18920,490
17810,11,12,18550,560
17810,11,12,17810,630
17810,11,12,1,700
12613,11,12,12986,0
12613,11,12,1,210
10017,11,12,10759,0
10017,11,12,1,210
10386,11,12,11500,0
10386,11,12,1,210
16692,11,12,17067,0
16692,11,12,1,210
20025,11,12,20776,0
20025,11,12,20406,280
20025,11,12,1,350
19665,11,12,21145,0
19665,11,12,20775,350
19665,11,12,20035,560
19665,11,12,19665,630
19665,11,12,1,700
13728,11,12,13729,0
13728,11,12,1,70
20034,11,12,20036,0
20034,11,12,1,280
11132,11,12,15202,0
11132,11,12,14092,210
11132,11,12,13722,350
11132,11,12,12982,420
11132,11,12,12612,490
11132,11,12,12242,560
11132,11,12,11502,630
11132,11,12,11132,700
11132,11,12,1,770
20771,11,12,20778,0
20771,11,12,1,70
17438,11,12,17439,0
17438,11,12,1,70
12244,11,12,12245,0
12244,11,12,1,70
18550,11,12,18552,0
18550,11,12,1,210
19287,11,12,19294,0
19287,11,12,1,70
15954,11,12,15955,0
15954,11,12,1,70
22260,11,12,22632,0
22260,11,12,22262,350
22260,11,12,1,490
10757,11,12,11501,0
10757,11,12,1,210
16323,11,12,17066,0
16323,11,12,16326,210
16323,11,12,1,280
14099,11,12,14100,0
14099,11,12,1,70
9648,11,12,14088,0
9648,11,12,12608,210
9648,11,12,12238,350
9648,11,12,11868,420
9648,11,12,11128,490
9648,11,12,10758,560
9648,11,12,10388,630
9648,11,12,9648,700
9648,11,12,1,770
18918,11,12,18923,0
18918,11,12,1,210
12606,11,12,14096,0
12606,11,12,13356,210
12606,11,12,12616,280
12606,11,12,1,350
14470,11,12,14471,0
14470,11,12,1,70
17803,11,12,17810,0
17803,11,12,1,210
21145,11,12,21149,0
21145,11,12,1,350
12615,11,12,12616,0
12615,11,12,1,70
10019,11,12,14459,0
10019,11,12,12979,210
10019,11,12,12609,350
10019,11,12,12239,420
10019,11,12,11499,490
10019,11,12,11129,560
10019,11,12,10759,630
10019,11,12,10019,700
10019,11,12,1,770
13721,11,12,14469,0
13721,11,12,13729,210
13721,11,12,1,280
10388,11,12,11130,0
10388,11,12,1,210
16694,11,12,17067,0
16694,11,12,16697,210
16694,11,12,1,280
11125,11,12,11502,0
11125,11,12,1,210
20036,11,12,21146,0
20036,11,12,20776,350
20036,11,12,20406,630
20036,11,12,1,700
20773,11,12,20778,0
20773,11,12,1,280
11868,11,12,12244,0
11868,11,12,1,210
12237,11,12,12985,0
12237,11,12,12615,210
12237,11,12,1,280
20407,11,12,21147,0
20407,11,12,20777,420
20407,11,12,20407,630
20407,11,12,1,700
15947,11,12,17065,0
15947,11,12,16695,210
15947,11,12,1,280
15579,11,12,15954,0
15579,11,12,1,210
18920,11,12,19293,0
18920,11,12,18923,210
18920,11,12,1,280
18552,11,12,20772,0
18552,11,12,20402,350
18552,11,12,20032,420
18552,11,12,19662,490
18552,11,12,18922,560
18552,11,12,18552,630
18552,11,12,1,700
12983,11,12,13727,0
12983,11,12,1,210
19289,11,12,19294,0
19289,11,12,1,210
15210,11,12,15583,0
15210,11,12,15213,210
15210,11,12,1,280
16325,11,12,16326,0
16325,11,12,1,210
22631,11,12,23003,0
22631,11,12,22633,350
22631,11,12,1,490
14092,11,12,14840,0
14092,11,12,14100,210
14092,11,12,1,280
22262,11,12,23002,0
22262,11,12,22632,420
22262,11,12,22262,630
22262,11,12,1,840
14463,11,12,15211,0
14463,11,12,14471,210
14463,11,12,1,280
17068,11,12,20768,0
17068,11,12,20398,210
17068,11,12,19288,280
17068,11,12,18918,350
17068,11,12,18548,420
17068,11,12,17808,490
17068,11,12,17438,560
17068,11,12,1,630
17805,11,12,17810,0
17805,11,12,1,210
12608,11,12,13356,0
12608,11,12,12986,210
12608,11,12,1,280
11499,11,12,12243,0
11499,11,12,1,210
14841,11,12,14842,0
14841,11,12,1,70
21147,11,12,21149,0
21147,11,12,1,280
13354,11,12,14098,0
13354,11,12,1,210
16696,11,12,16697,0
16696,11,12,1,70
20766,11,12,20778,0
20766,11,12,1,350
18913,11,12,20033,0
18913,11,12,1,280
8906,11,12,12606,0
8906,11,12,11496,210
8906,11,12,11126,350
8906,11,12,10386,420
8906,11,12,10016,490
8906,11,12,9276,560
8906,11,12,8906,630
8906,11,12,1,700
1,12,13,1,0
15212,12,13,15213,0
15212,12,13,1,70
15949,12,13,16325,0
15949,12,13,15955,210
15949,12,13,1,280
15581,12,13,15954,0
15581,12,13,15584,210
15581,12,13,1,280
16318,12,13,17436,0
16318,12,13,17066,210
16318,12,13,1,280
12985,12,13,13357,0
12985,12,13,1,210
19291,12,13,19664,0
19291,12,13,19294,210
19291,12,13,1,280
9275,12,13,10017,0
9275,12,13,1,210
21518,12,13,21520,0
21518,12,13,1,350
22633,12,13,23373,0
22633,12,13,23003,420
22633,12,13,22633,630
22633,12,13,1,910
17798,12,13,18550,0
17798,12,13,1,280
14465,12,13,14471,0
14465,12,13,1,210
11501,12,13,12243,0
11501,12,13,1,210
17807,12,13,18180,0
17807,12,13,17810,210
17807,12,13,1,280
12239,12,13,12615,0
12239,12,13,12245,140
12239,12,13,1,210
21149,12,13,21889,0
21149,12,13,21519,350
21149,12,13,21149,490
21149,12,13,1,700
13725,12,13,14099,0
13725,12,13,1,210
20031,12,13,20036,0
20031,12,13,1,280
20402,12,13,20407,0
20402,12,13,1,280
11872,12,13,12244,0
11872,12,13,1,210
12241,12,13,12985,0
12241,12,13,12615,140
12241,12,13,1,210
18547,12,13,18552,0
18547,12,13,1,210
19284,12,13,20404,0
19284,12,13,1,280
21520,12,13,22260,0
21520,12,13,21890,350
21520,12,13,21520,490
21520,12,13,1,700
9277,12,13,13717,0
9277,12,13,12237,210
9277,12,13,11867,350
9277,12,13,11497,420
9277,12,13,10757,490
9277,12,13,10387,560
9277,12,13,10017,630
9277,12,13,9277,700
9277,12,13,1,770
21889,12,13,21891,0
21889,12,13,1,350
12987,12,13,17427,0
12987,12,13,15947,210
12987,12,13,15577,350
12987,12,13,14837,420
12987,12,13,14467,490
12987,12,13,14097,560
12987,12,13,13357,630
12987,12,13,12987,700
12987,12,13,1,770
15951,12,13,16695,0
15951,12,13,15955,210
15951,12,13,1,280
19293,12,13,19294,0
19293,12,13,1,70
16320,12,13,16696,0
16320,12,13,16326,210
16320,12,13,1,280
9645,12,13,10388,0
9645,12,13,1,210
15583,12,13,15584,0
15583,12,13,1,70
17063,12,13,17068,0
17063,12,13,1,210
14467,12,13,14841,0
14467,12,13,1,210
14836,12,13,14842,0
14836,12,13,1,210
11503,12,13,15943,0
11503,12,13,14463,210
11503,12,13,14093,350
11503,12,13,13353,420
11503,12,13,12983,490
11503,12,13,12613,560
11503,12,13,11873,630
11503,12,13,11503,700
11503,12,13,1,770
17809,12,13,17810,0
17809,12,13,1,70
12612,12,13,13356,0
12612,12,13,12986,140
12612,12,13,1,210
13727,12,13,14099,0
13727,12,13,13729,140
13727,12,13,1,210
20404,12,13,20777,0
20404,12,13,1,280
15944,12,13,17435,0
15944,12,13,1,280
11874,12,13,15944,0
11874,12,13,14834,210
11874,12,13,14464,350
11874,12,13,13724,420
11874,12,13,13354,490
11874,12,13,12614,560
11874,12,13,12244,630
11874,12,13,11874,700
11874,12,13,1,770
12243,12,13,12615,0
12243,12,13,1,210
19286,12,13,20034,0
19286,12,13,1,280
21891,12,13,22631,0
21891,12,13,22261,350
21891,12,13,21891,490
21891,12,13,1,770
10759,12,13,11501,0
10759,12,13,1,210
17065,12,13,17068,0
17065,12,13,1,210
11496,12,13,11873,0
11496,12,13,1,210
14469,12,13,14471,0
14469,12,13,1,210
18171,12,13,19291,0
18171,12,13,1,280
14838,12,13,15212,0
14838,12,13,1,210
21144,12,13,21149,0
21144,12,13,1,350
18180,12,13,18181,0
18180,12,13,1,70
8906,12,13,12606,0
8906,12,13,11496,210
8906,12,13,11126,350
8906,12,13,10386,420
8906,12,13,10016,490
8906,12,13,9276,560
8906,12,13,8906,630
8906,12,13,1,700
20026,12,13,20776,0
20026,12,13,1,350
20397,12,13,20777,0
20397,12,13,1,350
11867,12,13,12244,0
11867,12,13,1,210
17433,12,13,17439,0
17433,12,13,1,210
23002,12,13,23374,0
23002,12,13,23004,350
23002,12,13,1,490
20406,12,13,20407,0
20406,12,13,1,70
20775,12,13,20778,0
20775,12,13,1,280
12245,12,13,16315,0
12245,12,13,14835,210
12245,12,13,14465,350
12245,12,13,14095,420
12245,12,13,13725,490
12245,12,13,12985,560
12245,12,13,12615,630
12245,12,13,1,700
16315,12,13,17806,0
16315,12,13,16326,280
16315,12,13,1,350
15578,12,13,15584,0
15578,12,13,1,210
18551,12,13,18552,0
18551,12,13,1,70
12982,12,13,13357,0
12982,12,13,1,210
16324,12,13,16696,0
16324,12,13,16326,210
16324,12,13,1,280
19288,12,13,19294,0
19288,12,13,1,280
18922,12,13,18923,0
18922,12,13,1,70
14831,12,13,15952,0
14831,12,13,15582,210
14831,12,13,1,280
10761,12,13,15201,0
10761,12,13,13721,210
10761,12,13,13351,350
10761,12,13,12611,420
10761,12,13,12241,490
10761,12,13,11871,560
10761,12,13,11131,630
10761,12,13,10761,700
10761,12,13,1,770
17804,12,13,17810,0
17804,12,13,1,280
14471,12,13,18171,0
14471,12,13,17061,210
14471,12,13,16691,350
14471,12,13,15951,420
14471,12,13,15581,490
14471,12,13,14841,560
14471,12,13,14471,630
14471,12,13,1,700
17067,12,13,17068,0
17067,12,13,1,70
14840,12,13,14842,0
14840,12,13,1,210
21146,12,13,21149,0
21146,12,13,1,70
13722,12,13,13729,0
13722,12,13,1,210
13356,12,13,14098,0
13356,12,13,1,210
19662,12,13,20035,0
19662,12,13,1,280
15202,12,13,16323,0
15202,12,13,1,280
11129,12,13,11872,0
11129,12,13,1,210
17435,12,13,17439,0
17435,12,13,1,210
12238,12,13,12245,0
12238,12,13,1,210
15211,12,13,15213,0
15211,12,13,1,210
20768,12,13,20778,0
20768,12,13,1,350
20777,12,13,20778,0
20777,12,13,1,70
16326,12,13,20766,0
16326,12,13,20026,210
16326,12,13,19286,280
16326,12,13,18916,350
16326,12,13,18176,420
16326,12,13,17806,490
16326,12,13,17066,560
16326,12,13,16696,630
16326,12,13,16326,700
16326,12,13,1,770
14464,12,13,14471,0
14464,12,13,1,70
14096,12,13,14470,0
14096,12,13,1,210
11500,12,13,12243,0
11500,12,13,1,210
17806,12,13,18180,0
17806,12,13,17810,210
17806,12,13,1,280
18175,12,13,18181,0
18175,12,13,1,210
14842,12,13,18912,0
14842,12,13,17432,210
14842,12,13,17062,350
14842,12,13,16692,420
14842,12,13,15952,490
14842,12,13,15582,560
14842,12,13,14842,630
14842,12,13,1,700
21148,12,13,21149,0
21148,12,13,1,280
19655,12,13,20775,0
19655,12,13,20405,280
19655,12,13,1,350
10016,12,13,10759,0
10016,12,13,1,210
16691,12,13,17067,0
16691,12,13,1,210
13358,12,13,17798,0
13358,12,13,16318,210
13358,12,13,15948,350
13358,12,13,15578,420
13358,12,13,14838,490
13358,12,13,14468,560
13358,12,13,14098,630
13358,12,13,13358,700
13358,12,13,1,770
19664,12,13,19665,0
19664,12,13,1,70
20401,12,13,20407,0
20401,12,13,1,280
20033,12,13,20406,0
20033,12,13,1,280
15573,12,13,16694,0
15573,12,13,1,280
11131,12,13,11132,0
11131,12,13,1,210
17437,12,13,17439,0
17437,12,13,1,210
20770,12,13,20778,0
20770,12,13,1,350
9276,12,13,9277,0
9276,12,13,1,210
15582,12,13,15954,0
15582,12,13,1,210
16319,12,13,16696,0
16319,12,13,16326,210
16319,12,13,1,280
18917,12,13,18923,0
18917,12,13,1,210
15953,12,13,16325,0
15953,12,13,15955,210
15953,12,13,1,280
17062,12,13,17068,0
17062,12,13,1,210
17799,12,13,18920,0
17799,12,13,1,280
14466,12,13,14471,0
14466,12,13,1,210
14098,12,13,14470,0
14098,12,13,14100,140
14098,12,13,1,210
14835,12,13,14842,0
14835,12,13,1,210
11502,12,13,11503,0
11502,12,13,1,210
17808,12,13,18180,0
17808,12,13,17810,210
17808,12,13,1,280
15210,12,13,15583,0
15210,12,13,15213,210
15210,12,13,1,280
12614,12,13,12986,0
12614,12,13,1,210
13351,12,13,13728,0
13351,12,13,1,210
10387,12,13,11500,0
10387,12,13,1,210
13729,12,13,17799,0
13729,12,13,16319,210
13729,12,13,15949,350
13729,12,13,15579,420
13729,12,13,14839,490
13729,12,13,14469,560
13729,12,13,13729,630
13729,12,13,1,700
20035,12,13,20036,0
20035,12,13,1,70
20403,12,13,20777,0
20403,12,13,1,280
17439,12,13,20769,0
17439,12,13,19659,280
17439,12,13,19289,350
17439,12,13,18919,420
17439,12,13,18179,490
17439,12,13,17809,560
17439,12,13,1,630
12242,12,13,12615,0
12242,12,13,1,210
20772,12,13,20778,0
20772,12,13,1,280
15584,12,13,19654,0
15584,12,13,19284,210
15584,12,13,18174,280
15584,12,13,17804,350
15584,12,13,17434,420
15584,12,13,16694,490
15584,12,13,16324,560
15584,12,13,15584,630
15584,12,13,1,700
18919,12,13,19293,0
18919,12,13,18923,210
18919,12,13,1,280
14459,12,13,15211,0
14459,12,13,14471,210
14459,12,13,1,280
15955,12,13,20025,0
15955,12,13,19655,210
15955,12,13,18545,280
15955,12,13,18175,350
15955,12,13,17805,420
15955,12,13,17065,490
15955,12,13,16695,560
15955,12,13,16325,630
15955,12,13,1,700
22261,12,13,22262,0
22261,12,13,1,350
11495,12,13,12613,0
11495,12,13,11873,210
11495,12,13,1,280
10758,12,13,11501,0
10758,12,13,1,210
14100,12,13,18170,0
14100,12,13,16690,210
14100,12,13,16320,350
14100,12,13,15950,420
14100,12,13,15210,490
14100,12,13,14840,560
14100,12,13,14100,630
14100,12,13,1,700
14837,12,13,15212,0
14837,12,13,14842,140
14837,12,13,1,210
18170,12,13,19291,0
18170,12,13,1,280
21143,12,13,21149,0
21143,12,13,1,350
18179,12,13,18181,0
18179,12,13,1,210
16686,12,13,17807,0
16686,12,13,1,280
13353,12,13,14098,0
13353,12,13,1,210
19659,12,13,19665,0
19659,12,13,1,280
12616,12,13,16686,0
12616,12,13,15206,210
12616,12,13,14836,350
12616,12,13,14466,420
12616,12,13,14096,490
12616,12,13,13356,560
12616,12,13,12986,630
12616,12,13,1,700
16695,12,13,17067,0
16695,12,13,16697,210
16695,12,13,1,280
17432,12,13,17439,0
17432,12,13,1,70
11126,12,13,11502,0
11126,12,13,1,210
20405,12,13,20407,0
20405,12,13,1,280
15577,12,13,15584,0
15577,12,13,1,210
20774,12,13,20778,0
20774,12,13,1,280
18912,12,13,20033,0
18912,12,13,1,280
15948,12,13,15955,0
15948,12,13,1,210
18921,12,13,18923,0
18921,12,13,1,210
14093,12,13,14100,0
14093,12,13,1,210
19290,12,13,19664,0
19290,12,13,19294,210
19290,12,13,1,280
17066,12,13,17068,0
17066,12,13,1,210
11497,12,13,11873,0
11497,12,13,1,210
22632,12,13,22633,0
22632,12,13,1,350
14839,12,13,15212,0
14839,12,13,1,210
18181,12,13,20771,0
18181,12,13,20401,280
18181,12,13,20031,350
18181,12,13,19661,420
18181,12,13,19291,490
18181,12,13,18551,560
18181,12,13,18181,630
18181,12,13,1,700
12609,12,13,12616,0
12609,12,13,1,210
19661,12,13,20035,0
19661,12,13,1,280
13724,12,13,14099,0
13724,12,13,13729,140
13724,12,13,1,210
20030,12,13,20036,0
20030,12,13,1,280
16697,12,13,20767,0
16697,12,13,20397,210
16697,12,13,19287,280
16697,12,13,18917,350
16697,12,13,18547,420
16697,12,13,17807,490
16697,12,13,17437,560
16697,12,13,16697,630
16697,12,13,1,700
17434,12,13,17439,0
17434,12,13,1,210
20767,12,13,20778,0
20767,12,13,1,350
11128,12,13,11872,0
11128,12,13,1,210
23003,12,13,23004,0
23003,12,13,1,350
20776,12,13,20778,0
20776,12,13,1,280
20398,12,13,20777,0
20398,12,13,1,350
11871,12,13,12614,0
11871,12,13,1,210
15213,12,13,19283,0
15213,12,13,18913,210
15213,12,13,17803,280
15213,12,13,17433,350
15213,12,13,17063,420
15213,12,13,16323,490
15213,12,13,15953,560
15213,12,13,15213,630
15213,12,13,1,700
21519,12,13,21520,0
21519,12,13,1,280
15950,12,13,16325,0
15950,12,13,15955,210
15950,12,13,1,280
18923,12,13,21143,0
18923,12,13,20773,280
18923,12,13,20403,420
18923,12,13,20033,490
18923,12,13,19293,560
18923,12,13,18923,630
18923,12,13,1,700
12986,12,13,12987,0
12986,12,13,1,210
14095,12,13,14470,0
14095,12,13,14100,140
14095,12,13,1,210
19283,12,13,20404,0
19283,12,13,1,280
18174,12,13,18181,0
18174,12,13,1,210
8535,12,13,11495,0
8535,12,13,10015,210
8535,12,13,9645,350
8535,12,13,9275,420
8535,12,13,8535,490
8535,12,13,1,560
12611,12,13,12986,0
12611,12,13,1,210
19654,12,13,20775,0
19654,12,13,20035,280
19654,12,13,1,350
13717,12,13,14469,0
13717,12,13,13729,210
13717,12,13,1,280
10015,12,13,11129,0
10015,12,13,10759,140
10015,12,13,1,210
16690,12,13,16697,0
16690,12,13,1,210
13357,12,13,13358,0
13357,12,13,1,210
17427,12,13,17809,0
17427,12,13,1,280
19663,12,13,19665,0
19663,12,13,1,280
20400,12,13,20407,0
20400,12,13,1,70
11130,12,13,11872,0
11130,12,13,1,210
17436,12,13,17439,0
17436,12,13,1,210
20769,12,13,20778,0
20769,12,13,1,350
20032,12,13,20406,0
20032,12,13,1,280
20778,12,13,21518,0
20778,12,13,21148,280
20778,12,13,20778,420
20778,12,13,1,700
15206,12,13,15213,0
15206,12,13,1,210
11873,12,13,11874,0
11873,12,13,1,70
18916,12,13,18923,0
18916,12,13,1,210
12979,12,13,14097,0
12979,12,13,13357,210
12979,12,13,1,280
14088,12,13,14840,0
14088,12,13,14100,210
14088,12,13,1,280
15952,12,13,16695,0
15952,12,13,15955,210
15952,12,13,1,280
17061,12,13,17068,0
17061,12,13,1,70
21890,12,13,21891,0
21890,12,13,1,280
18548,12,13,18922,0
18548,12,13,18552,210
18548,12,13,1,280
19294,12,13,21144,0
19294,12,13,20774,280
19294,12,13,20404,490
19294,12,13,19664,560
19294,12,13,19294,630
19294,12,13,1,700
14097,12,13,14470,0
14097,12,13,1,210
14834,12,13,15582,0
14834,12,13,14842,210
14834,12,13,1,280
18176,12,13,18181,0
18176,12,13,1,210
14468,12,13,14841,0
14468,12,13,1,210
17810,12,13,20770,0
17810,12,13,20400,280
17810,12,13,20030,350
17810,12,13,19290,420
17810,12,13,18920,490
17810,12,13,18550,560
17810,12,13,17810,630
17810,12,13,1,700
12613,12,13,12986,0
12613,12,13,1,210
10017,12,13,10759,0
10017,12,13,1,210
20025,12,13,20776,0
20025,12,13,20406,280
20025,12,13,1,350
16692,12,13,17067,0
16692,12,13,1,210
10386,12,13,11500,0
10386,12,13,1,210
19665,12,13,21145,0
19665,12,13,20775,350
19665,12,13,20035,560
19665,12,13,19665,630
19665,12,13,1,700
13728,12,13,13729,0
13728,12,13,1,70
20034,12,13,20036,0
20034,12,13,1,280
11132,12,13,15572,0
11132,12,13,14092,210
11132,12,13,13722,350
11132,12,13,12982,420
11132,12,13,12612,490
11132,12,13,12242,560
11132,12,13,11502,630
11132,12,13,11132,700
11132,12,13,1,770
20771,12,13,20778,0
20771,12,13,1,70
17438,12,13,17439,0
17438,12,13,1,70
12244,12,13,12245,0
12244,12,13,1,70
18550,12,13,18552,0
18550,12,13,1,210
19287,12,13,19294,0
19287,12,13,1,210
15954,12,13,15955,0
15954,12,13,1,70
22260,12,13,22632,0
22260,12,13,22262,350
22260,12,13,1,490
10757,12,13,11501,0
10757,12,13,1,210
16323,12,13,17066,0
16323,12,13,16326,210
16323,12,13,1,280
14099,12,13,14100,0
14099,12,13,1,70
9648,12,13,14088,0
9648,12,13,12608,210
9648,12,13,12238,350
9648,12,13,11868,420
9648,12,13,11128,490
9648,12,13,10758,560
9648,12,13,10388,630
9648,12,13,9648,700
9648,12,13,1,770
18918,12,13,18923,0
18918,12,13,1,210
17803,12,13,17810,0
17803,12,13,1,210
14470,12,13,14471,0
14470,12,13,1,70
12606,12,13,14096,0
12606,12,13,13356,210
12606,12,13,12616,280
12606,12,13,1,350
21145,12,13,21149,0
21145,12,13,1,350
12615,12,13,12616,0
12615,12,13,1,70
10019,12,13,14459,0
10019,12,13,12979,210
10019,12,13,12609,350
10019,12,13,12239,420
10019,12,13,11499,490
10019,12,13,11129,560
10019,12,13,10759,630
10019,12,13,10019,700
10019,12,13,1,770
13721,12,13,14469,0
13721,12,13,13729,210
13721,12,13,1,280
10388,12,13,11130,0
10388,12,13,1,210
16694,12,13,17067,0
16694,12,13,16697,210
16694,12,13,1,280
11125,12,13,11502,0
11125,12,13,1,210
20036,12,13,21146,0
20036,12,13,20776,350
20036,12,13,20406,630
20036,12,13,1,700
20773,12,13,20778,0
20773,12,13,1,280
11868,12,13,12244,0
11868,12,13,1,210
12237,12,13,12985,0
12237,12,13,12615,210
12237,12,13,1,280
20407,12,13,21147,0
20407,12,13,20777,420
20407,12,13,1,700
15947,12,13,17065,0
15947,12,13,16695,210
15947,12,13,1,280
15579,12,13,15954,0
15579,12,13,1,210
18920,12,13,19293,0
18920,12,13,18923,210
18920,12,13,1,280
18552,12,13,20772,0
18552,12,13,20402,350
18552,12,13,20032,420
18552,12,13,19662,490
18552,12,13,18922,560
18552,12,13,18552,630
18552,12,13,1,700
12983,12,13,13727,0
12983,12,13,1,210
19289,12,13,19294,0
19289,12,13,1,280
22262,12,13,23002,0
22262,12,13,22632,420
22262,12,13,22262,630
22262,12,13,1,910
16325,12,13,16326,0
16325,12,13,1,210
22631,12,13,23003,0
22631,12,13,22633,350
22631,12,13,1,490
14092,12,13,14840,0
14092,12,13,14100,210
14092,12,13,1,280
14463,12,13,15211,0
14463,12,13,14471,210
14463,12,13,1,280
17068,12,13,20768,0
17068,12,13,20398,210
17068,12,13,19288,280
17068,12,13,18918,350
17068,12,13,18548,420
17068,12,13,17808,490
17068,12,13,17438,560
17068,12,13,1,630
17805,12,13,18180,0
17805,12,13,1,210
12608,12,13,13356,0
12608,12,13,12986,210
12608,12,13,1,280
11499,12,13,12243,0
11499,12,13,1,210
14841,12,13,14842,0
14841,12,13,1,70
21147,12,13,21149,0
21147,12,13,1,280
13354,12,13,14098,0
13354,12,13,1,210
16696,12,13,16697,0
16696,12,13,1,70
20766,12,13,20778,0
20766,12,13,1,350
18913,12,13,20033,0
18913,12,13,1,280
18545,12,13,18552,0
18545,12,13,1,210
1,13,14,1,0
15212,13,14,15213,0
15212,13,14,1,70
15949,13,14,16325,0
15949,13,14,15955,210
15949,13,14,1,280
15581,13,14,15954,0
15581,13,14,15584,210
15581,13,14,1,280
16318,13,14,17436,0
16318,13,14,17066,210
16318,13,14,1,280
12985,13,14,13357,0
12985,13,14,1,210
19291,13,14,19664,0
19291,13,14,19294,210
19291,13,14,1,280
9275,13,14,10017,0
9275,13,14,1,210
21518,13,14,21520,0
21518,13,14,1,350
22633,13,14,23373,0
22633,13,14,23003,420
22633,13,14,22633,630
22633,13,14,1,910
17798,13,14,18550,0
17798,13,14,1,280
14465,13,14,14471,0
14465,13,14,1,210
11501,13,14,12243,0
11501,13,14,1,210
17807,13,14,18180,0
17807,13,14,17810,210
17807,13,14,1,280
12239,13,14,12615,0
12239,13,14,1,210
21149,13,14,21889,0
21149,13,14,21519,350
21149,13,14,21149,490
21149,13,14,1,700
13725,13,14,14099,0
13725,13,14,1,210
20031,13,14,20036,0
20031,13,14,1,280
23373,13,14,23745,0
23373,13,14,23375,350
23373,13,14,1,490
20402,13,14,20407,0
20402,13,14,1,280
11872,13,14,12614,0
11872,13,14,12244,140
11872,13,14,1,210
12241,13,14,12985,0
12241,13,14,12615,140
12241,13,14,1,210
18547,13,14,18552,0
18547,13,14,1,210
19284,13,14,20404,0
19284,13,14,1,280
21520,13,14,22260,0
21520,13,14,21890,350
21520,13,14,21520,490
21520,13,14,1,700
9277,13,14,13717,0
9277,13,14,12237,210
9277,13,14,11867,350
9277,13,14,11497,420
9277,13,14,10757,490
9277,13,14,10387,560
9277,13,14,10017,630
9277,13,14,9277,700
9277,13,14,1,770
21889,13,14,21891,0
21889,13,14,1,350
12987,13,14,17427,0
12987,13,14,15947,210
12987,13,14,15577,350
12987,13,14,15207,420
12987,13,14,14467,490
12987,13,14,14097,560
12987,13,14,13357,630
12987,13,14,12987,700
12987,13,14,1,770
15951,13,14,16695,0
15951,13,14,15955,210
15951,13,14,1,280
15583,13,14,15584,0
15583,13,14,1,70
19293,13,14,19294,0
19293,13,14,1,70
16320,13,14,16696,0
16320,13,14,16326,210
16320,13,14,1,280
9645,13,14,10758,0
9645,13,14,10388,140
9645,13,14,1,210
17063,13,14,17068,0
17063,13,14,1,210
14467,13,14,14841,0
14467,13,14,1,210
14836,13,14,14842,0
14836,13,14,1,210
11503,13,14,15943,0
11503,13,14,14463,210
11503,13,14,14093,350
11503,13,14,13353,420
11503,13,14,12983,490
11503,13,14,12613,560
11503,13,14,11873,630
11503,13,14,11503,700
11503,13,14,1,770
17809,13,14,17810,0
17809,13,14,1,70
12612,13,14,13356,0
12612,13,14,12986,140
12612,13,14,1,210
13727,13,14,14099,0
13727,13,14,1,210
20404,13,14,20777,0
20404,13,14,1,280
15944,13,14,17435,0
15944,13,14,1,280
11874,13,14,16314,0
11874,13,14,14834,210
11874,13,14,14464,350
11874,13,14,13724,420
11874,13,14,13354,490
11874,13,14,12984,560
11874,13,14,12244,630
11874,13,14,11874,700
11874,13,14,1,770
12243,13,14,12615,0
12243,13,14,1,210
19286,13,14,20034,0
19286,13,14,1,280
21891,13,14,22631,0
21891,13,14,22261,350
21891,13,14,21891,490
21891,13,14,1,770
10759,13,14,11501,0
10759,13,14,1,210
11496,13,14,11873,0
11496,13,14,1,210
17065,13,14,17068,0
17065,13,14,1,210
14469,13,14,14471,0
14469,13,14,1,210
18171,13,14,19291,0
18171,13,14,1,280
14838,13,14,15212,0
14838,13,14,1,210
21144,13,14,21149,0
21144,13,14,1,350
18180,13,14,18181,0
18180,13,14,1,70
20026,13,14,20776,0
20026,13,14,1,350
20397,13,14,20777,0
20397,13,14,1,350
11867,13,14,12244,0
11867,13,14,1,210
17433,13,14,17439,0
17433,13,14,1,210
23002,13,14,23374,0
23002,13,14,23004,350
23002,13,14,1,490
20406,13,14,20407,0
20406,13,14,1,70
20775,13,14,20778,0
20775,13,14,1,280
12245,13,14,16315,0
12245,13,14,15205,210
12245,13,14,14835,280
12245,13,14,14465,350
12245,13,14,14095,420
12245,13,14,13725,490
12245,13,14,12985,560
12245,13,14,12615,630
12245,13,14,1,700
16315,13,14,17806,0
16315,13,14,16326,280
16315,13,14,1,350
15578,13,14,15584,0
15578,13,14,1,210
18551,13,14,18552,0
18551,13,14,1,70
12982,13,14,13727,0
12982,13,14,13357,140
12982,13,14,1,210
16324,13,14,17066,0
16324,13,14,16326,210
16324,13,14,1,280
19288,13,14,19294,0
19288,13,14,1,280
18922,13,14,18923,0
18922,13,14,1,70
10761,13,14,15201,0
10761,13,14,13721,210
10761,13,14,13351,350
10761,13,14,12611,420
10761,13,14,12241,490
10761,13,14,11871,560
10761,13,14,11131,630
10761,13,14,10761,700
10761,13,14,1,770
17067,13,14,17068,0
17067,13,14,1,70
17804,13,14,17810,0
17804,13,14,1,280
14471,13,14,18171,0
14471,13,14,17061,210
14471,13,14,16691,350
14471,13,14,15951,420
14471,13,14,15581,490
14471,13,14,14841,560
14471,13,14,14471,630
14471,13,14,1,700
14840,13,14,15212,0
14840,13,14,14842,140
14840,13,14,1,210
21146,13,14,21149,0
21146,13,14,1,280
13722,13,14,13729,0
13722,13,14,1,210
13356,13,14,14098,0
13356,13,14,1,210
19662,13,14,20035,0
19662,13,14,1,280
11129,13,14,11872,0
11129,13,14,1,210
17435,13,14,17809,0
17435,13,14,1,210
23004,13,14,23744,0
23004,13,14,23374,420
23004,13,14,23004,630
23004,13,14,1,910
15211,13,14,15583,0
15211,13,14,15213,210
15211,13,14,1,280
12238,13,14,12245,0
12238,13,14,1,210
20777,13,14,20778,0
20777,13,14,1,70
20768,13,14,20778,0
20768,13,14,1,350
16326,13,14,20766,0
16326,13,14,20396,210
16326,13,14,19286,280
16326,13,14,18916,350
16326,13,14,18176,420
16326,13,14,17806,490
16326,13,14,17436,560
16326,13,14,16696,630
16326,13,14,16326,700
16326,13,14,1,770
14464,13,14,14471,0
14464,13,14,1,210
14096,13,14,14470,0
14096,13,14,1,210
11500,13,14,12243,0
11500,13,14,1,210
17806,13,14,18180,0
17806,13,14,17810,210
17806,13,14,1,280
18175,13,14,18181,0
18175,13,14,1,210
14842,13,14,18912,0
14842,13,14,17432,210
14842,13,14,17062,350
14842,13,14,16692,420
14842,13,14,15952,490
14842,13,14,15582,560
14842,13,14,14842,630
14842,13,14,1,700
21148,13,14,21149,0
21148,13,14,1,280
10016,13,14,11129,0
10016,13,14,10759,140
10016,13,14,1,210
19655,13,14,20775,0
19655,13,14,20405,280
19655,13,14,1,350
16691,13,14,17067,0
16691,13,14,1,210
13358,13,14,17798,0
13358,13,14,16318,210
13358,13,14,15948,350
13358,13,14,15578,420
13358,13,14,14838,490
13358,13,14,14468,560
13358,13,14,14098,630
13358,13,14,13358,700
13358,13,14,1,770
19664,13,14,19665,0
19664,13,14,1,70
20401,13,14,20407,0
20401,13,14,1,280
20033,13,14,20406,0
20033,13,14,1,280
11131,13,14,11132,0
11131,13,14,1,210
17437,13,14,17439,0
17437,13,14,1,210
20770,13,14,20778,0
20770,13,14,1,350
9276,13,14,9277,0
9276,13,14,1,210
15582,13,14,15954,0
15582,13,14,15584,210
15582,13,14,1,280
16319,13,14,16696,0
16319,13,14,16326,210
16319,13,14,1,280
18917,13,14,18923,0
18917,13,14,1,210
15953,13,14,16325,0
15953,13,14,15955,210
15953,13,14,1,280
17062,13,14,17068,0
17062,13,14,1,210
17799,13,14,18920,0
17799,13,14,1,280
14466,13,14,14471,0
14466,13,14,1,210
14098,13,14,14470,0
14098,13,14,1,210
14835,13,14,14842,0
14835,13,14,1,210
11502,13,14,11503,0
11502,13,14,1,210
17808,13,14,18180,0
17808,13,14,17810,210
17808,13,14,1,280
15210,13,14,15583,0
15210,13,14,15213,210
15210,13,14,1,280
12614,13,14,12986,0
12614,13,14,1,210
13351,13,14,13728,0
13351,13,14,1,210
10387,13,14,11500,0
10387,13,14,1,210
13729,13,14,17799,0
13729,13,14,16319,210
13729,13,14,15949,350
13729,13,14,15579,420
13729,13,14,14839,490
13729,13,14,14469,560
13729,13,14,13729,630
13729,13,14,1,700
20035,13,14,20036,0
20035,13,14,1,70
20403,13,14,20777,0
20403,13,14,1,280
17439,13,14,20769,0
17439,13,14,19659,280
17439,13,14,19289,350
17439,13,14,18919,420
17439,13,14,18179,490
17439,13,14,17809,560
17439,13,14,17439,630
17439,13,14,1,700
12242,13,14,12615,0
12242,13,14,1,210
20772,13,14,20778,0
20772,13,14,1,280
15584,13,14,19654,0
15584,13,14,19284,210
15584,13,14,18174,280
15584,13,14,17804,350
15584,13,14,17434,420
15584,13,14,16694,490
15584,13,14,16324,560
15584,13,14,15584,630
15584,13,14,1,700
18919,13,14,19293,0
18919,13,14,18923,210
18919,13,14,1,280
14459,13,14,15211,0
14459,13,14,14471,210
14459,13,14,1,280
15955,13,14,20025,0
15955,13,14,19655,210
15955,13,14,18545,280
15955,13,14,18175,350
15955,13,14,17805,420
15955,13,14,17435,490
15955,13,14,16695,560
15955,13,14,16325,630
15955,13,14,1,700
22261,13,14,22262,0
22261,13,14,1,350
11495,13,14,12613,0
11495,13,14,12243,210
11495,13,14,1,280
10758,13,14,11501,0
10758,13,14,1,210
14100,13,14,18170,0
14100,13,14,16690,210
14100,13,14,16320,350
14100,13,14,15950,420
14100,13,14,15210,490
14100,13,14,14840,560
14100,13,14,14100,630
14100,13,14,1,700
14837,13,14,15212,0
14837,13,14,1,210
18170,13,14,19291,0
18170,13,14,1,280
21143,13,14,21149,0
21143,13,14,1,350
18179,13,14,18181,0
18179,13,14,1,280
16686,13,14,18177,0
16686,13,14,17807,210
16686,13,14,1,280
13353,13,14,14098,0
13353,13,14,1,210
19659,13,14,19665,0
19659,13,14,1,280
12616,13,14,16686,0
12616,13,14,15576,210
12616,13,14,15206,280
12616,13,14,14836,350
12616,13,14,14466,420
12616,13,14,14096,490
12616,13,14,13356,560
12616,13,14,12986,630
12616,13,14,1,700
16695,13,14,17067,0
16695,13,14,16697,210
16695,13,14,1,280
11126,13,14,11502,0
11126,13,14,1,210
17432,13,14,17439,0
17432,13,14,1,70
20405,13,14,20407,0
20405,13,14,1,280
15577,13,14,15584,0
15577,13,14,1,210
20774,13,14,20778,0
20774,13,14,1,280
18912,13,14,20033,0
18912,13,14,1,280
15948,13,14,16325,0
15948,13,14,1,210
14093,13,14,14100,0
14093,13,14,1,210
19290,13,14,19664,0
19290,13,14,19294,210
19290,13,14,1,280
17066,13,14,17068,0
17066,13,14,1,210
11497,13,14,11873,0
11497,13,14,1,210
22632,13,14,22633,0
22632,13,14,1,350
14839,13,14,15212,0
14839,13,14,1,210
18181,13,14,20771,0
18181,13,14,20401,280
18181,13,14,20031,350
18181,13,14,19661,420
18181,13,14,19291,490
18181,13,14,18551,560
18181,13,14,18181,630
18181,13,14,1,700
12609,13,14,12616,0
12609,13,14,1,210
19661,13,14,20035,0
19661,13,14,1,280
13724,13,14,14099,0
13724,13,14,1,210
20030,13,14,20036,0
20030,13,14,1,280
16697,13,14,20767,0
16697,13,14,20397,210
16697,13,14,19287,280
16697,13,14,18917,350
16697,13,14,18547,420
16697,13,14,17807,490
16697,13,14,17437,560
16697,13,14,17067,630
16697,13,14,1,700
23003,13,14,23004,0
23003,13,14,1,350
17434,13,14,17439,0
17434,13,14,1,210
20767,13,14,20778,0
20767,13,14,1,350
11128,13,14,11872,0
11128,13,14,1,210
20776,13,14,20778,0
20776,13,14,1,280
20398,13,14,20777,0
20398,13,14,1,350
11871,13,14,12614,0
11871,13,14,1,210
15213,13,14,19283,0
15213,13,14,18913,210
15213,13,14,17803,280
15213,13,14,17433,350
15213,13,14,17063,420
15213,13,14,16323,490
15213,13,14,15953,560
15213,13,14,15213,630
15213,13,14,1,700
21519,13,14,21520,0
21519,13,14,1,280
15950,13,14,16325,0
15950,13,14,15955,210
15950,13,14,1,280
18923,13,14,21143,0
18923,13,14,20773,280
18923,13,14,20403,420
18923,13,14,20033,490
18923,13,14,19293,560
18923,13,14,18923,630
18923,13,14,1,700
12986,13,14,12987,0
12986,13,14,1,210
14095,13,14,14470,0
14095,13,14,1,210
19283,13,14,20404,0
19283,13,14,1,280
18174,13,14,18181,0
18174,13,14,1,210
8535,13,14,11495,0
8535,13,14,10015,210
8535,13,14,9645,350
8535,13,14,9275,420
8535,13,14,8905,490
8535,13,14,1,560
12611,13,14,12986,0
12611,13,14,1,210
19654,13,14,20775,0
19654,13,14,20035,280
19654,13,14,1,350
13717,13,14,14469,0
13717,13,14,14099,210
13717,13,14,1,280
10015,13,14,11129,0
10015,13,14,10759,140
10015,13,14,1,210
16690,13,14,16697,0
16690,13,14,1,210
13357,13,14,13358,0
13357,13,14,1,210
17427,13,14,17809,0
17427,13,14,1,280
20400,13,14,20407,0
20400,13,14,1,280
20032,13,14,20406,0
20032,13,14,1,280
20769,13,14,20778,0
20769,13,14,1,350
17436,13,14,17439,0
17436,13,14,1,210
15572,13,14,16324,0
15572,13,14,1,280
23374,13,14,23375,0
23374,13,14,1,350
11130,13,14,11872,0
11130,13,14,1,210
20778,13,14,21518,0
20778,13,14,21148,280
20778,13,14,20778,420
20778,13,14,1,700
15206,13,14,15213,0
15206,13,14,1,210
15943,13,14,17065,0
15943,13,14,1,280
11873,13,14,11874,0
11873,13,14,1,210
18916,13,14,18923,0
18916,13,14,1,210
12979,13,14,14097,0
12979,13,14,13357,210
12979,13,14,1,280
14088,13,14,14840,0
14088,13,14,14470,210
14088,13,14,1,280
15952,13,14,16695,0
15952,13,14,15955,210
15952,13,14,1,280
17061,13,14,17068,0
17061,13,14,1,70
21890,13,14,21891,0
21890,13,14,1,280
18548,13,14,18922,0
18548,13,14,18552,210
18548,13,14,1,280
19294,13,14,21144,0
19294,13,14,20774,280
19294,13,14,20404,490
19294,13,14,19664,560
19294,13,14,19294,630
19294,13,14,1,700
14097,13,14,14470,0
14097,13,14,1,210
14834,13,14,15582,0
14834,13,14,15212,210
14834,13,14,1,280
18545,13,14,18552,0
18545,13,14,1,210
18176,13,14,18181,0
18176,13,14,1,210
14468,13,14,14841,0
14468,13,14,1,210
17810,13,14,20770,0
17810,13,14,20400,280
17810,13,14,20030,350
17810,13,14,19290,420
17810,13,14,18920,490
17810,13,14,18550,560
17810,13,14,17810,630
17810,13,14,1,700
12613,13,14,12986,0
12613,13,14,1,210
10017,13,14,10759,0
10017,13,14,1,210
10386,13,14,11500,0
10386,13,14,1,210
16692,13,14,17067,0
16692,13,14,1,210
20025,13,14,20776,0
20025,13,14,20406,280
20025,13,14,1,350
19665,13,14,21145,0
19665,13,14,20775,350
19665,13,14,20035,560
19665,13,14,19665,630
19665,13,14,1,700
13728,13,14,13729,0
13728,13,14,1,70
20034,13,14,20036,0
20034,13,14,1,280
11132,13,14,15572,0
11132,13,14,14092,210
11132,13,14,13722,350
11132,13,14,12982,420
11132,13,14,12612,490
11132,13,14,12242,560
11132,13,14,11502,630
11132,13,14,11132,700
11132,13,14,1,770
20771,13,14,20778,0
20771,13,14,1,280
17438,13,14,17439,0
17438,13,14,1,70
12244,13,14,12245,0
12244,13,14,1,70
18550,13,14,18552,0
18550,13,14,1,280
19287,13,14,19294,0
19287,13,14,1,210
15954,13,14,15955,0
15954,13,14,1,70
22260,13,14,22632,0
22260,13,14,22262,350
22260,13,14,1,490
10757,13,14,11501,0
10757,13,14,1,210
16323,13,14,17066,0
16323,13,14,16696,210
16323,13,14,1,280
14099,13,14,14100,0
14099,13,14,1,70
9648,13,14,14088,0
9648,13,14,12608,210
9648,13,14,12238,350
9648,13,14,11868,420
9648,13,14,11128,490
9648,13,14,10758,560
9648,13,14,10388,630
9648,13,14,9648,700
9648,13,14,1,770
18918,13,14,18923,0
18918,13,14,1,210
12606,13,14,14096,0
12606,13,14,13356,210
12606,13,14,12616,280
12606,13,14,1,350
14470,13,14,14471,0
14470,13,14,1,70
17803,13,14,17810,0
17803,13,14,1,210
21145,13,14,21149,0
21145,13,14,1,350
12615,13,14,12616,0
12615,13,14,1,70
10019,13,14,14459,0
10019,13,14,12979,210
10019,13,14,12609,350
10019,13,14,12239,420
10019,13,14,11499,490
10019,13,14,11129,560
10019,13,14,10759,630
10019,13,14,10019,700
10019,13,14,1,770
13721,13,14,14469,0
13721,13,14,14099,210
13721,13,14,1,280
10388,13,14,11130,0
10388,13,14,1,210
16694,13,14,17067,0
16694,13,14,16697,210
16694,13,14,1,280
20036,13,14,21146,0
20036,13,14,20776,350
20036,13,14,20406,630
20036,13,14,1,700
20773,13,14,20778,0
20773,13,14,1,280
15201,13,14,15953,0
15201,13,14,1,280
11868,13,14,12244,0
11868,13,14,1,210
12237,13,14,12985,0
12237,13,14,12615,210
12237,13,14,1,280
20407,13,14,21147,0
20407,13,14,20777,420
20407,13,14,1,700
15947,13,14,17065,0
15947,13,14,16695,210
15947,13,14,1,280
15579,13,14,15954,0
15579,13,14,1,210
18920,13,14,19293,0
18920,13,14,18923,210
18920,13,14,1,280
18552,13,14,20772,0
18552,13,14,20402,350
18552,13,14,20032,420
18552,13,14,19662,490
18552,13,14,18922,560
18552,13,14,18552,630
18552,13,14,1,700
12983,13,14,13727,0
12983,13,14,1,210
19289,13,14,19294,0
19289,13,14,1,280
22262,13,14,23002,0
22262,13,14,22632,420
22262,13,14,22262,630
22262,13,14,1,910
16325,13,14,16326,0
16325,13,14,1,210
22631,13,14,23003,0
22631,13,14,22633,350
22631,13,14,1,490
14092,13,14,14840,0
14092,13,14,14470,210
14092,13,14,1,280
14463,13,14,15211,0
14463,13,14,14471,210
14463,13,14,1,280
17068,13,14,20768,0
17068,13,14,20398,210
17068,13,14,19288,280
17068,13,14,18918,350
17068,13,14,18548,420
17068,13,14,17808,490
17068,13,14,17438,560
17068,13,14,17068,630
17068,13,14,1,700
17805,13,14,18180,0
17805,13,14,1,210
12608,13,14,13356,0
12608,13,14,12986,210
12608,13,14,1,280
11499,13,14,12243,0
11499,13,14,1,210
14841,13,14,14842,0
14841,13,14,1,70
21147,13,14,21149,0
21147,13,14,1,280
13354,13,14,14468,0
13354,13,14,14098,140
13354,13,14,1,210
16696,13,14,16697,0
16696,13,14,1,70
20766,13,14,20778,0
20766,13,14,1,350
18913,13,14,20033,0
18913,13,14,1,280
8906,13,14,12606,0
8906,13,14,11496,210
8906,13,14,11126,350
8906,13,14,10386,420
8906,13,14,10016,490
8906,13,14,9276,560
8906,13,14,8906,630
8906,13,14,1,700
1,14,15,1,0
15212,14,15,15213,0
15212,14,15,1,70
15949,14,15,16325,0
15949,14,15,15955,210
15949,14,15,1,280
15581,14,15,15954,0
15581,14,15,15584,210
15581,14,15,1,280
16318,14,15,17436,0
16318,14,15,17066,210
16318,14,15,1,280
12985,14,15,13357,0
12985,14,15,1,210
19291,14,15,19664,0
19291,14,15,19294,210
19291,14,15,1,280
9275,14,15,10017,0
9275,14,15,1,210
21518,14,15,21520,0
21518,14,15,1,350
22633,14,15,23373,0
22633,14,15,23003,420
22633,14,15,22633,630
22633,14,15,1,910
17798,14,15,18550,0
17798,14,15,1,280
14465,14,15,14471,0
14465,14,15,1,210
11501,14,15,12243,0
11501,14,15,1,210
17807,14,15,18180,0
17807,14,15,17810,210
17807,14,15,1,280
12239,14,15,12615,0
12239,14,15,1,210
21149,14,15,21889,0
21149,14,15,21519,350
21149,14,15,21149,490
21149,14,15,1,700
13725,14,15,14099,0
13725,14,15,1,210
20031,14,15,20036,0
20031,14,15,1,280
23373,14,15,23745,0
23373,14,15,23375,350
23373,14,15,1,490
15205,14,15,15953,0
15205,14,15,15583,210
15205,14,15,1,280
11872,14,15,12614,0
11872,14,15,12244,140
11872,14,15,1,210
20402,14,15,20407,0
20402,14,15,1,280
12241,14,15,12985,0
12241,14,15,12615,140
12241,14,15,1,210
23744,14,15,24116,0
23744,14,15,23746,420
23744,14,15,1,560
19284,14,15,20404,0
19284,14,15,1,280
21520,14,15,22260,0
21520,14,15,21890,350
21520,14,15,21520,490
21520,14,15,1,700
9277,14,15,13717,0
9277,14,15,12237,210
9277,14,15,11867,350
9277,14,15,11497,420
9277,14,15,10757,490
9277,14,15,10387,560
9277,14,15,10017,630
9277,14,15,9277,700
9277,14,15,1,770
21889,14,15,21891,0
21889,14,15,1,350
12987,14,15,17427,0
12987,14,15,15947,210
12987,14,15,15577,350
12987,14,15,15207,420
12987,14,15,14467,490
12987,14,15,14097,560
12987,14,15,13357,630
12987,14,15,12987,700
12987,14,15,1,770
15951,14,15,16695,0
15951,14,15,15955,210
15951,14,15,1,280
15583,14,15,15584,0
15583,14,15,1,70
19293,14,15,19294,0
19293,14,15,1,70
16320,14,15,16696,0
16320,14,15,16326,210
16320,14,15,1,280
9645,14,15,10758,0
9645,14,15,10388,140
9645,14,15,1,210
17063,14,15,17068,0
17063,14,15,1,210
14467,14,15,14841,0
14467,14,15,1,210
14836,14,15,14842,0
14836,14,15,1,210
11503,14,15,15943,0
11503,14,15,14463,210
11503,14,15,14093,350
11503,14,15,13353,420
11503,14,15,12983,490
11503,14,15,12613,560
11503,14,15,11873,630
11503,14,15,11503,700
11503,14,15,1,770
17809,14,15,17810,0
17809,14,15,1,70
12612,14,15,13356,0
12612,14,15,12986,140
12612,14,15,1,210
13727,14,15,14099,0
13727,14,15,1,210
23375,14,15,24115,0
23375,14,15,23745,420
23375,14,15,23375,630
23375,14,15,1,910
18918,14,15,18923,0
18918,14,15,1,210
20404,14,15,20777,0
20404,14,15,1,280
15207,14,15,15213,0
15207,14,15,1,210
11874,14,15,16314,0
11874,14,15,14834,210
11874,14,15,14464,350
11874,14,15,13724,420
11874,14,15,13354,490
11874,14,15,12984,560
11874,14,15,12244,630
11874,14,15,11874,700
11874,14,15,1,770
12243,14,15,12615,0
12243,14,15,1,210
15576,14,15,16324,0
15576,14,15,15954,210
15576,14,15,1,280
19286,14,15,20034,0
19286,14,15,1,280
21891,14,15,22631,0
21891,14,15,22261,350
21891,14,15,21891,490
21891,14,15,1,770
10759,14,15,11501,0
10759,14,15,1,210
17065,14,15,17068,0
17065,14,15,1,210
11496,14,15,11873,0
11496,14,15,1,210
14469,14,15,14471,0
14469,14,15,1,210
18171,14,15,19291,0
18171,14,15,1,280
14838,14,15,15212,0
14838,14,15,1,210
21144,14,15,21149,0
21144,14,15,1,350
18180,14,15,18181,0
18180,14,15,1,70
8906,14,15,12606,0
8906,14,15,11496,210
8906,14,15,11126,350
8906,14,15,10386,420
8906,14,15,10016,490
8906,14,15,9276,560
8906,14,15,8906,630
8906,14,15,1,700
20397,14,15,20777,0
20397,14,15,1,350
11867,14,15,12244,0
11867,14,15,1,210
17433,14,15,17439,0
17433,14,15,1,210
23002,14,15,23374,0
23002,14,15,23004,350
23002,14,15,1,490
20406,14,15,20407,0
20406,14,15,1,70
20775,14,15,20778,0
20775,14,15,1,280
16315,14,15,17806,0
16315,14,15,16326,280
16315,14,15,1,350
12245,14,15,16315,0
12245,14,15,15205,210
12245,14,15,14835,280
12245,14,15,14465,350
12245,14,15,14095,420
12245,14,15,13725,490
12245,14,15,12985,560
12245,14,15,12615,630
12245,14,15,1,700
15578,14,15,15584,0
15578,14,15,1,210
18551,14,15,18552,0
18551,14,15,1,70
12982,14,15,13727,0
12982,14,15,13357,140
12982,14,15,1,210
16324,14,15,17066,0
16324,14,15,16326,210
16324,14,15,1,280
18547,14,15,18552,0
18547,14,15,1,210
19288,14,15,19294,0
19288,14,15,1,280
18922,14,15,18923,0
18922,14,15,1,70
10761,14,15,15201,0
10761,14,15,13721,210
10761,14,15,13351,350
10761,14,15,12611,420
10761,14,15,12241,490
10761,14,15,11871,560
10761,14,15,11131,630
10761,14,15,10761,700
10761,14,15,1,770
17067,14,15,17068,0
17067,14,15,1,70
17804,14,15,17810,0
17804,14,15,1,280
14471,14,15,18171,0
14471,14,15,17061,210
14471,14,15,16691,350
14471,14,15,15951,420
14471,14,15,15581,490
14471,14,15,14841,560
14471,14,15,14471,630
14471,14,15,1,700
14840,14,15,15212,0
14840,14,15,14842,140
14840,14,15,1,210
21146,14,15,21149,0
21146,14,15,1,280
13722,14,15,13729,0
13722,14,15,1,210
13356,14,15,14098,0
13356,14,15,1,210
19662,14,15,20035,0
19662,14,15,1,280
11129,14,15,11872,0
11129,14,15,1,210
17435,14,15,17809,0
17435,14,15,1,210
23004,14,15,23744,0
23004,14,15,23374,420
23004,14,15,23004,630
23004,14,15,1,910
15211,14,15,15583,0
15211,14,15,15213,210
15211,14,15,1,280
8905,14,15,8906,0
8905,14,15,1,70
20777,14,15,20778,0
20777,14,15,1,70
12238,14,15,12245,0
12238,14,15,1,210
12984,14,15,13727,0
12984,14,15,1,210
20768,14,15,20778,0
20768,14,15,1,350
16326,14,15,20766,0
16326,14,15,20396,210
16326,14,15,19286,280
16326,14,15,18916,350
16326,14,15,18176,420
16326,14,15,17806,490
16326,14,15,17436,560
16326,14,15,16696,630
16326,14,15,16326,700
16326,14,15,1,770
14464,14,15,14471,0
14464,14,15,1,210
14096,14,15,14470,0
14096,14,15,1,210
11500,14,15,12243,0
11500,14,15,1,210
17806,14,15,18180,0
17806,14,15,17810,210
17806,14,15,1,280
18175,14,15,18181,0
18175,14,15,1,210
14842,14,15,18912,0
14842,14,15,17432,210
14842,14,15,17062,350
14842,14,15,16692,420
14842,14,15,15952,490
14842,14,15,15582,560
14842,14,15,14842,630
14842,14,15,1,700
21148,14,15,21149,0
21148,14,15,1,280
19655,14,15,20775,0
19655,14,15,20405,280
19655,14,15,1,350
10016,14,15,11129,0
10016,14,15,10759,140
10016,14,15,1,210
16691,14,15,17067,0
16691,14,15,1,210
13358,14,15,17798,0
13358,14,15,16318,210
13358,14,15,15948,350
13358,14,15,15578,420
13358,14,15,14838,490
13358,14,15,14468,560
13358,14,15,14098,630
13358,14,15,13358,700
13358,14,15,1,770
19664,14,15,19665,0
19664,14,15,1,70
20401,14,15,20407,0
20401,14,15,1,280
20033,14,15,20406,0
20033,14,15,1,280
11131,14,15,11132,0
11131,14,15,1,210
17437,14,15,17439,0
17437,14,15,1,210
20770,14,15,20778,0
20770,14,15,1,350
9276,14,15,9277,0
9276,14,15,1,210
15582,14,15,15954,0
15582,14,15,15584,210
15582,14,15,1,280
16319,14,15,16696,0
16319,14,15,16326,210
16319,14,15,1,280
18917,14,15,18923,0
18917,14,15,1,210
15953,14,15,16325,0
15953,14,15,15955,210
15953,14,15,1,280
17062,14,15,17068,0
17062,14,15,1,210
17799,14,15,18920,0
17799,14,15,1,280
14466,14,15,14471,0
14466,14,15,1,210
14098,14,15,14470,0
14098,14,15,1,210
14835,14,15,14842,0
14835,14,15,1,210
11502,14,15,11503,0
11502,14,15,1,210
17808,14,15,18180,0
17808,14,15,17810,210
17808,14,15,1,280
18177,14,15,18551,0
18177,14,15,18181,210
18177,14,15,1,280
15210,14,15,15583,0
15210,14,15,15213,210
15210,14,15,1,280
12614,14,15,12986,0
12614,14,15,1,210
13351,14,15,13728,0
13351,14,15,1,210
10387,14,15,11500,0
10387,14,15,1,210
13729,14,15,17799,0
13729,14,15,16319,210
13729,14,15,15949,350
13729,14,15,15579,420
13729,14,15,14839,490
13729,14,15,14469,560
13729,14,15,13729,630
13729,14,15,1,700
20035,14,15,20036,0
20035,14,15,1,70
20403,14,15,20777,0
20403,14,15,1,280
17439,14,15,20769,0
17439,14,15,19659,280
17439,14,15,19289,350
17439,14,15,18919,420
17439,14,15,18179,490
17439,14,15,17809,560
17439,14,15,17439,630
17439,14,15,1,700
23745,14,15,23746,0
23745,14,15,1,350
12242,14,15,12615,0
12242,14,15,1,210
20772,14,15,20778,0
20772,14,15,1,280
15584,14,15,19654,0
15584,14,15,19284,210
15584,14,15,18174,280
15584,14,15,17804,350
15584,14,15,17434,420
15584,14,15,16694,490
15584,14,15,16324,560
15584,14,15,15584,630
15584,14,15,1,700
18919,14,15,19293,0
18919,14,15,18923,210
18919,14,15,1,280
14459,14,15,15211,0
14459,14,15,14471,210
14459,14,15,1,280
15955,14,15,20025,0
15955,14,15,19655,210
15955,14,15,18545,280
15955,14,15,18175,350
15955,14,15,17805,420
15955,14,15,17435,490
15955,14,15,16695,560
15955,14,15,16325,630
15955,14,15,1,700
10758,14,15,11501,0
10758,14,15,1,210
22261,14,15,22262,0
22261,14,15,1,350
11495,14,15,12613,0
11495,14,15,12243,210
11495,14,15,1,280
18170,14,15,19291,0
18170,14,15,1,280
14100,14,15,18170,0
14100,14,15,16690,210
14100,14,15,16320,350
14100,14,15,15950,420
14100,14,15,15210,490
14100,14,15,14840,560
14100,14,15,14100,630
14100,14,15,1,700
21143,14,15,21149,0
21143,14,15,1,350
18179,14,15,18181,0
18179,14,15,1,280
16686,14,15,18177,0
16686,14,15,17807,210
16686,14,15,1,280
13353,14,15,14098,0
13353,14,15,1,210
19659,14,15,19665,0
19659,14,15,1,280
20396,14,15,20777,0
20396,14,15,1,350
12616,14,15,16686,0
12616,14,15,15576,210
12616,14,15,15206,280
12616,14,15,14836,350
12616,14,15,14466,420
12616,14,15,14096,490
12616,14,15,13356,560
12616,14,15,12986,630
12616,14,15,1,700
16695,14,15,17067,0
16695,14,15,16697,210
16695,14,15,1,280
17432,14,15,17439,0
17432,14,15,1,70
11126,14,15,11502,0
11126,14,15,1,210
20405,14,15,20407,0
20405,14,15,1,280
15577,14,15,15584,0
15577,14,15,1,210
20774,14,15,20778,0
20774,14,15,1,280
18912,14,15,20033,0
18912,14,15,1,280
15948,14,15,16325,0
15948,14,15,1,210
14093,14,15,14100,0
14093,14,15,1,210
19290,14,15,19664,0
19290,14,15,19294,210
19290,14,15,1,280
17066,14,15,17068,0
17066,14,15,1,210
11497,14,15,11873,0
11497,14,15,1,210
22632,14,15,22633,0
22632,14,15,1,350
14839,14,15,15212,0
14839,14,15,1,210
18181,14,15,20771,0
18181,14,15,20401,280
18181,14,15,20031,350
18181,14,15,19661,420
18181,14,15,19291,490
18181,14,15,18551,560
18181,14,15,18181,630
18181,14,15,1,700
12609,14,15,12616,0
12609,14,15,1,210
19661,14,15,20035,0
19661,14,15,1,280
13724,14,15,14099,0
13724,14,15,1,210
20030,14,15,20036,0
20030,14,15,1,280
16697,14,15,20767,0
16697,14,15,20397,210
16697,14,15,19287,280
16697,14,15,18917,350
16697,14,15,18547,420
16697,14,15,17807,490
16697,14,15,17437,560
16697,14,15,17067,630
16697,14,15,1,700
23003,14,15,23004,0
23003,14,15,1,350
17434,14,15,17439,0
17434,14,15,1,210
20767,14,15,20778,0
20767,14,15,1,350
11128,14,15,11872,0
11128,14,15,1,210
20776,14,15,20778,0
20776,14,15,1,280
20398,14,15,20777,0
20398,14,15,1,350
11871,14,15,12614,0
11871,14,15,1,210
15213,14,15,19283,0
15213,14,15,18913,210
15213,14,15,17803,280
15213,14,15,17433,350
15213,14,15,17063,420
15213,14,15,16323,490
15213,14,15,15953,560
15213,14,15,15213,630
15213,14,15,1,700
21519,14,15,21520,0
21519,14,15,1,280
15950,14,15,16325,0
15950,14,15,15955,210
15950,14,15,1,280
18923,14,15,21143,0
18923,14,15,20773,280
18923,14,15,20403,420
18923,14,15,20033,490
18923,14,15,19293,560
18923,14,15,18923,630
18923,14,15,1,700
12986,14,15,12987,0
12986,14,15,1,210
14095,14,15,14470,0
14095,14,15,1,210
19283,14,15,20404,0
19283,14,15,1,280
18174,14,15,18181,0
18174,14,15,1,210
12611,14,15,12986,0
12611,14,15,1,210
19654,14,15,20775,0
19654,14,15,20035,280
19654,14,15,1,350
13717,14,15,14469,0
13717,14,15,14099,210
13717,14,15,1,280
10015,14,15,11129,0
10015,14,15,10759,140
10015,14,15,1,210
16690,14,15,16697,0
16690,14,15,1,210
13357,14,15,13358,0
13357,14,15,1,210
17427,14,15,17809,0
17427,14,15,1,280
20400,14,15,20407,0
20400,14,15,1,280
20032,14,15,20406,0
20032,14,15,1,280
20769,14,15,20778,0
20769,14,15,1,350
17436,14,15,17439,0
17436,14,15,1,210
15572,14,15,16324,0
15572,14,15,1,280
23374,14,15,23375,0
23374,14,15,1,350
11130,14,15,11872,0
11130,14,15,1,210
20778,14,15,21518,0
20778,14,15,21148,280
20778,14,15,20778,420
20778,14,15,1,700
15206,14,15,15213,0
15206,14,15,1,210
15943,14,15,17065,0
15943,14,15,1,280
11873,14,15,11874,0
11873,14,15,1,210
18916,14,15,18923,0
18916,14,15,1,210
12979,14,15,14097,0
12979,14,15,13357,210
12979,14,15,1,280
14088,14,15,14840,0
14088,14,15,14470,210
14088,14,15,1,280
15952,14,15,16695,0
15952,14,15,15955,210
15952,14,15,1,280
17061,14,15,17068,0
17061,14,15,1,70
21890,14,15,21891,0
21890,14,15,1,280
18548,14,15,18922,0
18548,14,15,18552,210
18548,14,15,1,280
19294,14,15,21144,0
19294,14,15,20774,280
19294,14,15,20404,490
19294,14,15,19664,560
19294,14,15,19294,630
19294,14,15,1,700
14097,14,15,14470,0
14097,14,15,1,210
14834,14,15,15582,0
14834,14,15,15212,210
14834,14,15,1,280
18176,14,15,18181,0
18176,14,15,1,210
14468,14,15,14841,0
14468,14,15,1,210
17810,14,15,20770,0
17810,14,15,20400,280
17810,14,15,20030,350
17810,14,15,19290,420
17810,14,15,18920,490
17810,14,15,18550,560
17810,14,15,17810,630
17810,14,15,1,700
12613,14,15,12986,0
12613,14,15,1,210
10017,14,15,10759,0
10017,14,15,1,210
20025,14,15,20776,0
20025,14,15,20406,280
20025,14,15,1,350
16692,14,15,17067,0
16692,14,15,1,210
10386,14,15,11500,0
10386,14,15,1,210
19665,14,15,21145,0
19665,14,15,20775,350
19665,14,15,20035,560
19665,14,15,19665,630
19665,14,15,1,700
13728,14,15,13729,0
13728,14,15,1,70
20034,14,15,20036,0
20034,14,15,1,280
11132,14,15,15572,0
11132,14,15,14092,210
11132,14,15,13722,350
11132,14,15,12982,420
11132,14,15,12612,490
11132,14,15,12242,560
11132,14,15,11502,630
11132,14,15,11132,700
11132,14,15,1,770
20771,14,15,20778,0
20771,14,15,1,280
17438,14,15,17439,0
17438,14,15,1,70
12244,14,15,12245,0
12244,14,15,1,70
18550,14,15,18552,0
18550,14,15,1,280
16314,14,15,17436,0
16314,14,15,1,280
15954,14,15,15955,0
15954,14,15,1,70
22260,14,15,22632,0
22260,14,15,22262,350
22260,14,15,1,490
10757,14,15,11501,0
10757,14,15,1,210
19287,14,15,19294,0
19287,14,15,1,210
14099,14,15,14100,0
14099,14,15,1,70
16323,14,15,17066,0
16323,14,15,16696,210
16323,14,15,1,280
9648,14,15,14088,0
9648,14,15,12608,210
9648,14,15,12238,350
9648,14,15,11868,420
9648,14,15,11128,490
9648,14,15,10758,560
9648,14,15,10388,630
9648,14,15,9648,700
9648,14,15,1,770
17803,14,15,17810,0
17803,14,15,1,210
14470,14,15,14471,0
14470,14,15,1,70
12606,14,15,14096,0
12606,14,15,13356,210
12606,14,15,12616,280
12606,14,15,1,350
21145,14,15,21149,0
21145,14,15,1,350
12615,14,15,12616,0
12615,14,15,1,70
10019,14,15,14459,0
10019,14,15,12979,210
10019,14,15,12609,350
10019,14,15,12239,420
10019,14,15,11499,490
10019,14,15,11129,560
10019,14,15,10759,630
10019,14,15,10019,700
10019,14,15,1,770
13721,14,15,14469,0
13721,14,15,14099,210
13721,14,15,1,280
10388,14,15,11130,0
10388,14,15,1,210
16694,14,15,17067,0
16694,14,15,16697,210
16694,14,15,1,280
20036,14,15,21146,0
20036,14,15,20776,350
20036,14,15,20406,630
20036,14,15,1,700
20773,14,15,20778,0
20773,14,15,1,280
15201,14,15,15953,0
15201,14,15,1,280
11868,14,15,12244,0
11868,14,15,1,210
12237,14,15,12985,0
12237,14,15,12615,210
12237,14,15,1,280
20407,14,15,21147,0
20407,14,15,20777,420
20407,14,15,1,700
15947,14,15,17065,0
15947,14,15,16695,210
15947,14,15,1,280
15579,14,15,15954,0
15579,14,15,1,210
18920,14,15,19293,0
18920,14,15,18923,210
18920,14,15,1,280
18552,14,15,20772,0
18552,14,15,20402,350
18552,14,15,20032,420
18552,14,15,19662,490
18552,14,15,18922,560
18552,14,15,18552,630
18552,14,15,1,700
12983,14,15,13727,0
12983,14,15,1,210
19289,14,15,19294,0
19289,14,15,1,280
22262,14,15,23002,0
22262,14,15,22632,420
22262,14,15,22262,630
22262,14,15,1,910
16325,14,15,16326,0
16325,14,15,1,210
22631,14,15,23003,0
22631,14,15,22633,350
22631,14,15,1,490
14092,14,15,14840,0
14092,14,15,14470,210
14092,14,15,1,280
14463,14,15,15211,0
14463,14,15,14471,210
14463,14,15,1,280
17068,14,15,20768,0
17068,14,15,20398,210
17068,14,15,19288,280
17068,14,15,18918,350
17068,14,15,18548,420
17068,14,15,17808,490
17068,14,15,17438,560
17068,14,15,17068,630
17068,14,15,1,700
17805,14,15,18180,0
17805,14,15,1,210
12608,14,15,13356,0
12608,14,15,12986,210
12608,14,15,1,280
11499,14,15,12243,0
11499,14,15,1,210
14841,14,15,14842,0
14841,14,15,1,70
21147,14,15,21149,0
21147,14,15,1,280
13354,14,15,14468,0
13354,14,15,14098,140
13354,14,15,1,210
16696,14,15,16697,0
16696,14,15,1,70
20766,14,15,20778,0
20766,14,15,1,350
18913,14,15,20033,0
18913,14,15,1,280
18545,14,15,18552,0
18545,14,15,1,210
