12245,1,2,20015,0
12245,1,2,19645,70
12245,1,2,19275,350
12245,1,2,18535,420
12245,1,2,18165,490
12245,1,2,17795,560
12245,1,2,17055,630
12245,1,2,16685,700
12245,1,2,15945,770
12245,1,2,15575,840
12245,1,2,15205,910
12245,1,2,14465,980
12245,1,2,14095,1050
12245,1,2,13355,1120
12245,1,2,12985,1190
12245,1,2,12615,1260
12245,1,2,1,1330
1,2,3,1,0
18535,2,3,21882,0
18535,2,3,21512,70
18535,2,3,21142,560
18535,2,3,20772,770
18535,2,3,20402,1050
18535,2,3,19662,1120
18535,2,3,19292,1190
18535,2,3,18552,1260
18535,2,3,1,1330
16685,2,3,20767,0
16685,2,3,20397,70
16685,2,3,20027,350
16685,2,3,19287,420
16685,2,3,18917,490
16685,2,3,18547,560
16685,2,3,17807,630
16685,2,3,17437,700
16685,2,3,16697,770
16685,2,3,1,840
12615,2,3,14836,0
12615,2,3,14096,70
12615,2,3,13726,350
12615,2,3,13356,420
12615,2,3,12986,490
12615,2,3,1,560
12985,2,3,15947,0
12985,2,3,15207,70
12985,2,3,14837,350
12985,2,3,14467,420
12985,2,3,13727,490
12985,2,3,13357,560
12985,2,3,1,630
17055,2,3,20768,0
17055,2,3,20398,350
17055,2,3,19658,420
17055,2,3,19288,490
17055,2,3,18918,560
17055,2,3,18178,630
17055,2,3,17808,700
17055,2,3,17068,770
17055,2,3,1,840
19275,2,3,21884,0
19275,2,3,21514,350
19275,2,3,21144,560
19275,2,3,20774,840
19275,2,3,20034,1120
19275,2,3,19664,1190
19275,2,3,1,1260
15205,2,3,19283,0
15205,2,3,18173,70
15205,2,3,17803,350
15205,2,3,17433,420
15205,2,3,16693,490
15205,2,3,16323,560
15205,2,3,15583,630
15205,2,3,15213,700
15205,2,3,1,770
13355,2,3,17058,0
13355,2,3,16318,70
13355,2,3,15948,350
13355,2,3,15208,420
13355,2,3,14838,490
13355,2,3,14468,560
13355,2,3,13728,630
13355,2,3,13358,700
13355,2,3,1,770
19645,2,3,22625,0
19645,2,3,22255,350
19645,2,3,21885,630
19645,2,3,21515,910
19645,2,3,21145,1120
19645,2,3,20775,1400
17795,2,3,21880,0
17795,2,3,21510,70
17795,2,3,21140,490
17795,2,3,20770,700
17795,2,3,20400,980
17795,2,3,19660,1050
17795,2,3,19290,1120
17795,2,3,18920,1190
17795,2,3,18180,1260
17795,2,3,17810,1330
17795,2,3,1,1400
15945,2,3,20765,0
15945,2,3,20395,350
15945,2,3,20025,420
15945,2,3,19285,490
15945,2,3,18915,560
15945,2,3,18175,630
15945,2,3,17805,700
15945,2,3,17435,770
15945,2,3,16695,840
15945,2,3,16325,910
15945,2,3,1,980
14465,2,3,17431,0
14465,2,3,16691,70
14465,2,3,16321,350
14465,2,3,15951,420
14465,2,3,15211,490
14465,2,3,14841,560
14465,2,3,1,630
14095,2,3,17060,0
14095,2,3,16320,70
14095,2,3,15950,350
14095,2,3,15580,420
14095,2,3,15210,490
14095,2,3,14470,560
14095,2,3,14100,630
14095,2,3,1,700
15575,2,3,20394,0
15575,2,3,19284,70
15575,2,3,18914,350
15575,2,3,18544,420
15575,2,3,17804,490
15575,2,3,17434,560
15575,2,3,17064,630
15575,2,3,16324,700
15575,2,3,15954,770
15575,2,3,1,840
20015,2,3,22626,0
20015,2,3,22256,420
20015,2,3,21886,630
20015,2,3,21516,910
20015,2,3,21146,1120
20015,2,3,20776,1400
18165,2,3,21881,0
18165,2,3,21511,70
18165,2,3,21141,490
18165,2,3,20771,770
18165,2,3,20031,1050
18165,2,3,19661,1120
18165,2,3,18921,1190
18165,2,3,18551,1260
18165,2,3,18181,1330
18165,2,3,1,1400
1,3,4,1,0
22255,3,4,23372,0
22255,3,4,23002,350
22255,3,4,22632,630
22255,3,4,22262,840
22255,3,4,1,1120
16318,3,4,19286,0
16318,3,4,18546,70
16318,3,4,18176,140
16318,3,4,17806,350
16318,3,4,17436,420
16318,3,4,17066,490
16318,3,4,16326,560
16318,3,4,1,630
21140,3,4,21519,0
21140,3,4,21149,420
21140,3,4,1,630
17807,3,4,20030,0
17807,3,4,19290,70
17807,3,4,18920,350
17807,3,4,18180,420
17807,3,4,17810,490
17807,3,4,1,560
20031,3,4,20776,0
20031,3,4,20036,420
20031,3,4,1,490
20402,3,4,20777,0
20402,3,4,20407,420
20402,3,4,1,490
21511,3,4,22630,0
21511,3,4,22260,350
21511,3,4,21890,630
21511,3,4,21520,840
21511,3,4,1,1120
21880,3,4,22631,0
21880,3,4,22261,420
21880,3,4,21891,630
21880,3,4,1,910
18547,3,4,20402,0
18547,3,4,19662,70
18547,3,4,19292,350
18547,3,4,18552,420
18547,3,4,1,490
19284,3,4,21144,0
19284,3,4,20774,350
19284,3,4,20404,630
19284,3,4,19664,700
19284,3,4,19294,770
19284,3,4,1,840
15951,3,4,18175,0
15951,3,4,17065,70
15951,3,4,16695,350
15951,3,4,16325,420
15951,3,4,15955,490
15951,3,4,1,560
15583,3,4,17064,0
15583,3,4,15954,70
15583,3,4,15584,350
15583,3,4,1,420
16320,3,4,18176,0
16320,3,4,17066,70
16320,3,4,16696,350
16320,3,4,16326,420
16320,3,4,1,490
22626,3,4,24113,0
22626,3,4,23743,70
22626,3,4,23373,490
22626,3,4,23003,770
22626,3,4,22633,980
22626,3,4,1,1260
14467,3,4,16691,0
14467,3,4,15951,70
14467,3,4,15581,350
14467,3,4,15211,420
14467,3,4,14471,490
14467,3,4,1,560
14836,3,4,16322,0
14836,3,4,15582,70
14836,3,4,15212,350
14836,3,4,1,420
21142,3,4,21889,0
21142,3,4,21519,70
21142,3,4,21149,490
21142,3,4,1,770
18178,3,4,20031,0
18178,3,4,19661,70
18178,3,4,19291,140
18178,3,4,18921,350
18178,3,4,18551,420
18178,3,4,1,490
13727,3,4,15949,0
13727,3,4,15209,70
13727,3,4,14839,350
13727,3,4,14099,420
13727,3,4,13729,490
13727,3,4,1,560
20395,3,4,21147,0
20395,3,4,20777,350
20395,3,4,1,630
15207,3,4,16693,0
15207,3,4,15953,70
15207,3,4,15583,350
15207,3,4,1,420
21882,3,4,23741,0
21882,3,4,23371,70
21882,3,4,23001,490
21882,3,4,22631,770
21882,3,4,22261,1050
21882,3,4,21891,1260
14838,3,4,16692,0
14838,3,4,15952,70
14838,3,4,15582,350
14838,3,4,14842,420
14838,3,4,1,490
21144,3,4,21519,0
21144,3,4,21149,420
21144,3,4,1,630
18180,3,4,19661,0
18180,3,4,18921,70
18180,3,4,18551,350
18180,3,4,1,420
19660,3,4,20775,0
19660,3,4,20405,350
19660,3,4,19665,420
19660,3,4,1,490
20397,3,4,21517,0
20397,3,4,21147,70
20397,3,4,20777,490
20397,3,4,1,770
17433,3,4,18919,0
17433,3,4,18179,70
17433,3,4,17809,350
17433,3,4,17439,420
17433,3,4,1,490
21515,3,4,21890,0
21515,3,4,21520,420
21515,3,4,1,630
20775,3,4,21148,0
20775,3,4,20778,70
20775,3,4,1,490
21884,3,4,23001,0
21884,3,4,22631,70
21884,3,4,22261,560
21884,3,4,21891,770
21884,3,4,1,1050
18551,3,4,20032,0
18551,3,4,19292,70
18551,3,4,18922,350
18551,3,4,1,420
19288,3,4,20774,0
19288,3,4,20034,70
19288,3,4,19664,350
19288,3,4,19294,420
19288,3,4,1,490
16324,3,4,18176,0
16324,3,4,17436,70
16324,3,4,17066,350
16324,3,4,16696,420
16324,3,4,1,490
17058,3,4,20768,0
17058,3,4,20398,70
17058,3,4,20028,350
17058,3,4,19658,420
17058,3,4,18918,490
17058,3,4,18548,560
17058,3,4,17808,630
17058,3,4,17438,700
17058,3,4,17068,770
17058,3,4,1,840
17804,3,4,19660,0
17804,3,4,18920,70
17804,3,4,18550,350
17804,3,4,17810,420
17804,3,4,1,490
18173,3,4,20771,0
18173,3,4,20401,70
18173,3,4,20031,350
18173,3,4,19291,420
18173,3,4,18921,490
18173,3,4,18181,560
18173,3,4,1,630
21146,3,4,21149,0
21146,3,4,1,420
13356,3,4,15948,0
13356,3,4,15208,70
13356,3,4,14838,350
13356,3,4,14098,420
13356,3,4,13728,490
13356,3,4,13358,560
13356,3,4,1,630
19662,3,4,20775,0
19662,3,4,20405,350
19662,3,4,20035,420
19662,3,4,1,490
20768,3,4,21518,0
20768,3,4,21148,70
20768,3,4,20778,560
20768,3,4,1,770
17435,3,4,19659,0
17435,3,4,18549,70
17435,3,4,18179,350
17435,3,4,17809,420
17435,3,4,1,490
18544,3,4,20772,0
18544,3,4,20402,350
18544,3,4,19662,420
18544,3,4,19292,490
18544,3,4,18552,560
18544,3,4,1,630
15211,3,4,17063,0
15211,3,4,15953,70
15211,3,4,15583,350
15211,3,4,15213,420
15211,3,4,1,490
15580,3,4,17804,0
15580,3,4,16694,70
15580,3,4,16324,350
15580,3,4,15954,420
15580,3,4,1,490
21886,3,4,23001,0
21886,3,4,22631,350
21886,3,4,22261,630
21886,3,4,21891,840
21886,3,4,1,1120
18915,3,4,20773,0
18915,3,4,20033,420
18915,3,4,19663,490
18915,3,4,18923,560
18915,3,4,1,630
17060,3,4,20028,0
17060,3,4,19288,70
17060,3,4,18918,140
17060,3,4,18548,350
17060,3,4,18178,420
17060,3,4,17438,490
17060,3,4,17068,560
17060,3,4,1,630
14096,3,4,16320,0
14096,3,4,15580,70
14096,3,4,15210,350
14096,3,4,14840,420
14096,3,4,14100,490
14096,3,4,1,560
18175,3,4,20031,0
18175,3,4,19291,70
18175,3,4,18921,140
18175,3,4,18551,350
18175,3,4,18181,420
18175,3,4,1,490
16691,3,4,18177,0
16691,3,4,17437,70
16691,3,4,17067,350
16691,3,4,16697,420
16691,3,4,1,490
13358,3,4,19278,0
13358,3,4,18538,70
13358,3,4,18168,350
13358,3,4,17428,420
13358,3,4,17058,490
13358,3,4,16318,560
13358,3,4,15948,630
13358,3,4,15578,700
13358,3,4,14838,770
13358,3,4,14468,840
13358,3,4,13728,910
13358,3,4,13358,980
13358,3,4,1,1050
19664,3,4,20775,0
19664,3,4,20405,70
19664,3,4,20035,350
19664,3,4,1,420
20770,3,4,21148,0
20770,3,4,20778,350
20770,3,4,1,630
17437,3,4,19289,0
17437,3,4,18549,70
17437,3,4,18179,350
17437,3,4,17809,420
17437,3,4,1,490
18917,3,4,20773,0
18917,3,4,20033,70
18917,3,4,19663,140
18917,3,4,19293,350
18917,3,4,18923,420
18917,3,4,1,490
21141,3,4,21519,0
21141,3,4,21149,420
21141,3,4,1,630
17808,3,4,20030,0
17808,3,4,19290,70
17808,3,4,18920,350
17808,3,4,18180,420
17808,3,4,17810,490
17808,3,4,1,560
20394,3,4,21147,0
20394,3,4,20777,350
20394,3,4,1,630
16693,3,4,18917,0
16693,3,4,17807,70
16693,3,4,17437,350
16693,3,4,17067,420
16693,3,4,1,490
20772,3,4,20778,0
20772,3,4,1,420
21881,3,4,22631,0
21881,3,4,22261,420
21881,3,4,21891,630
21881,3,4,1,910
17064,3,4,19288,0
17064,3,4,18178,70
17064,3,4,17808,350
17064,3,4,17438,420
17064,3,4,1,490
14100,3,4,19650,0
14100,3,4,18910,70
14100,3,4,18540,350
14100,3,4,17800,420
14100,3,4,17430,490
14100,3,4,16690,560
14100,3,4,16320,630
14100,3,4,15950,700
14100,3,4,15210,770
14100,3,4,14840,840
14100,3,4,14100,910
14100,3,4,1,980
14837,3,4,16322,0
14837,3,4,15582,70
14837,3,4,15212,350
14837,3,4,14842,420
14837,3,4,1,490
20765,3,4,21148,0
20765,3,4,20778,420
20765,3,4,1,630
16695,3,4,18547,0
16695,3,4,17807,70
16695,3,4,17437,350
16695,3,4,17067,420
16695,3,4,1,490
20774,3,4,21148,0
20774,3,4,20778,70
20774,3,4,1,490
15948,3,4,17435,0
15948,3,4,16695,70
15948,3,4,16325,350
15948,3,4,15955,420
15948,3,4,1,490
18921,3,4,20773,0
18921,3,4,20403,70
18921,3,4,20033,140
18921,3,4,19663,350
18921,3,4,19293,420
18921,3,4,1,490
19290,3,4,20774,0
19290,3,4,20404,70
19290,3,4,20034,350
19290,3,4,19664,420
19290,3,4,19294,490
19290,3,4,1,560
18181,3,4,21141,0
18181,3,4,20771,350
18181,3,4,20401,630
18181,3,4,19661,700
18181,3,4,19291,770
18181,3,4,18551,840
18181,3,4,18181,910
18181,3,4,1,980
19661,3,4,20775,0
19661,3,4,20405,350
19661,3,4,20035,420
19661,3,4,19665,490
19661,3,4,1,560
20398,3,4,21147,0
20398,3,4,20777,350
20398,3,4,20407,630
20398,3,4,1,700
20767,3,4,21518,0
20767,3,4,21148,70
20767,3,4,20778,490
20767,3,4,1,770
16697,3,4,20767,0
16697,3,4,20027,420
16697,3,4,19657,490
16697,3,4,19287,560
16697,3,4,18547,630
16697,3,4,18177,700
16697,3,4,17437,770
16697,3,4,17067,840
16697,3,4,16697,910
16697,3,4,1,980
17434,3,4,19289,0
17434,3,4,18549,70
17434,3,4,18179,140
17434,3,4,17809,350
17434,3,4,17439,420
17434,3,4,1,490
20776,3,4,21148,0
20776,3,4,20778,70
20776,3,4,1,490
21510,3,4,22630,0
21510,3,4,22260,350
21510,3,4,21890,630
21510,3,4,21520,840
21510,3,4,1,1120
18914,3,4,20773,0
18914,3,4,20403,420
18914,3,4,20033,490
18914,3,4,19293,560
18914,3,4,18923,630
18914,3,4,1,700
19283,3,4,21144,0
19283,3,4,20774,350
19283,3,4,20034,630
19283,3,4,19664,700
19283,3,4,19294,770
19283,3,4,1,840
15213,3,4,20023,0
15213,3,4,19283,70
15213,3,4,18913,350
15213,3,4,18543,420
15213,3,4,17803,490
15213,3,4,17433,560
15213,3,4,17063,630
15213,3,4,16323,700
15213,3,4,15953,770
15213,3,4,15213,840
15213,3,4,1,910
15950,3,4,17805,0
15950,3,4,17065,70
15950,3,4,16695,350
15950,3,4,15955,420
15950,3,4,1,490
22256,3,4,23372,0
22256,3,4,23002,350
22256,3,4,22632,630
22256,3,4,22262,840
22256,3,4,1,1120
12986,3,4,14467,0
12986,3,4,13727,70
12986,3,4,13357,350
12986,3,4,1,420
19292,3,4,20774,0
19292,3,4,20404,70
19292,3,4,20034,350
19292,3,4,19664,420
19292,3,4,1,490
22625,3,4,24113,0
22625,3,4,23743,70
22625,3,4,23373,490
22625,3,4,23003,770
22625,3,4,22633,980
22625,3,4,1,1260
13357,3,4,15208,0
13357,3,4,14468,70
13357,3,4,14098,350
13357,3,4,13728,420
13357,3,4,13358,490
13357,3,4,1,560
13726,3,4,15949,0
13726,3,4,15209,70
13726,3,4,14839,350
13726,3,4,14099,420
13726,3,4,13729,490
13726,3,4,1,560
20400,3,4,20777,0
20400,3,4,1,420
21512,3,4,22630,0
21512,3,4,22260,420
21512,3,4,21890,630
21512,3,4,21520,910
21512,3,4,1,1120
19285,3,4,21144,0
19285,3,4,20774,70
19285,3,4,20404,490
19285,3,4,19664,560
19285,3,4,19294,630
19285,3,4,1,700
16321,3,4,18176,0
16321,3,4,17436,70
16321,3,4,17066,350
16321,3,4,16326,420
16321,3,4,1,490
14468,3,4,16691,0
14468,3,4,15951,70
14468,3,4,15581,350
14468,3,4,14841,420
14468,3,4,14471,490
14468,3,4,1,560
17810,3,4,21140,0
17810,3,4,20770,350
17810,3,4,20400,560
17810,3,4,20030,630
17810,3,4,19660,700
17810,3,4,18920,770
17810,3,4,18550,840
17810,3,4,17810,910
17810,3,4,1,980
20025,3,4,21516,0
20025,3,4,21146,70
20025,3,4,20776,490
20025,3,4,20406,700
20025,3,4,20036,770
20025,3,4,1,840
13728,3,4,15579,0
13728,3,4,14469,70
13728,3,4,14099,350
13728,3,4,13729,420
13728,3,4,1,490
20034,3,4,20776,0
20034,3,4,20406,420
20034,3,4,1,490
20771,3,4,20778,0
20771,3,4,1,420
15208,3,4,16693,0
15208,3,4,15953,70
15208,3,4,15583,350
15208,3,4,15213,420
15208,3,4,1,490
21514,3,4,22630,0
21514,3,4,22260,420
21514,3,4,21890,630
21514,3,4,21520,910
21514,3,4,1,1120
18918,3,4,20773,0
18918,3,4,20033,70
18918,3,4,19663,350
18918,3,4,18923,420
18918,3,4,1,490
19287,3,4,20774,0
19287,3,4,20034,70
19287,3,4,19664,350
19287,3,4,19294,420
19287,3,4,1,490
15954,3,4,17435,0
15954,3,4,16695,70
15954,3,4,16325,350
15954,3,4,1,420
16323,3,4,18176,0
16323,3,4,17436,70
16323,3,4,17066,350
16323,3,4,16696,420
16323,3,4,1,490
17803,3,4,19660,0
17803,3,4,18920,70
17803,3,4,18550,350
17803,3,4,17810,420
17803,3,4,1,490
14470,3,4,16321,0
14470,3,4,15211,70
14470,3,4,14841,350
14470,3,4,14471,420
14470,3,4,1,490
21145,3,4,21519,0
21145,3,4,21149,350
21145,3,4,1,630
19658,3,4,20775,0
19658,3,4,20405,140
19658,3,4,20035,350
19658,3,4,19665,420
19658,3,4,1,490
20027,3,4,21146,0
20027,3,4,20776,350
20027,3,4,20406,560
20027,3,4,20036,630
20027,3,4,1,700
17431,3,4,20399,0
17431,3,4,19659,70
17431,3,4,19289,140
17431,3,4,18919,350
17431,3,4,18549,420
17431,3,4,17809,490
17431,3,4,17439,560
17431,3,4,1,630
15210,3,4,17063,0
15210,3,4,15953,70
15210,3,4,15583,350
15210,3,4,15213,420
15210,3,4,1,490
15947,3,4,18915,0
15947,3,4,18175,70
15947,3,4,17805,140
15947,3,4,17435,350
15947,3,4,17065,420
15947,3,4,16695,490
15947,3,4,15955,560
15947,3,4,1,630
21516,3,4,21890,0
21516,3,4,21520,420
21516,3,4,1,630
21885,3,4,23001,0
21885,3,4,22631,350
21885,3,4,22261,630
21885,3,4,21891,840
21885,3,4,1,1120
18552,3,4,21142,0
18552,3,4,20772,420
18552,3,4,20032,700
18552,3,4,19662,770
18552,3,4,18922,840
18552,3,4,18552,910
18552,3,4,1,980
18920,3,4,20773,0
18920,3,4,20033,70
18920,3,4,19663,350
18920,3,4,19293,420
18920,3,4,1,490
16325,3,4,17806,0
16325,3,4,17066,70
16325,3,4,16696,350
16325,3,4,1,420
17068,3,4,20768,0
17068,3,4,20398,420
17068,3,4,20028,490
17068,3,4,19658,560
17068,3,4,18918,630
17068,3,4,18548,700
17068,3,4,17808,770
17068,3,4,17438,840
17068,3,4,17068,910
17068,3,4,1,980
17805,3,4,19660,0
17805,3,4,18920,70
17805,3,4,18550,350
17805,3,4,18180,420
17805,3,4,1,490
14841,3,4,15952,0
14841,3,4,15212,70
14841,3,4,14842,350
14841,3,4,1,420
1,4,5,1,0
15212,4,5,16323,0
15212,4,5,15583,70
15212,4,5,15213,350
15212,4,5,1,420
15949,4,5,17435,0
15949,4,5,16695,70
15949,4,5,16325,350
15949,4,5,15955,420
15949,4,5,1,490
15581,4,5,17434,0
15581,4,5,16694,70
15581,4,5,16324,350
15581,4,5,15954,420
15581,4,5,1,490
21518,4,5,22260,0
21518,4,5,21890,70
21518,4,5,21520,560
21518,4,5,1,770
16318,4,5,19286,0
16318,4,5,18176,70
16318,4,5,17806,350
16318,4,5,17436,420
16318,4,5,17066,490
16318,4,5,16326,560
16318,4,5,1,630
19291,4,5,20774,0
19291,4,5,20404,70
19291,4,5,20034,350
19291,4,5,19664,420
19291,4,5,1,490
22633,4,5,23743,0
22633,4,5,23373,350
22633,4,5,23003,560
22633,4,5,22633,840
22633,4,5,1,1120
21140,4,5,21519,0
21140,4,5,21149,420
21140,4,5,1,630
17807,4,5,20030,0
17807,4,5,19290,70
17807,4,5,18920,350
17807,4,5,18180,420
17807,4,5,17810,490
17807,4,5,1,560
24113,4,5,26337,0
24113,4,5,25967,140
24113,4,5,25597,560
24113,4,5,25227,840
24113,4,5,24857,1050
24113,4,5,24487,1330
21149,4,5,21889,0
21149,4,5,21519,420
21149,4,5,21149,700
21149,4,5,1,910
20031,4,5,20776,0
20031,4,5,20036,420
20031,4,5,1,490
23373,4,5,24485,0
23373,4,5,24115,140
23373,4,5,23745,490
23373,4,5,23375,770
23373,4,5,1,980
18538,4,5,21512,0
18538,4,5,21142,350
18538,4,5,20772,630
18538,4,5,20402,840
18538,4,5,20032,910
18538,4,5,19662,980
18538,4,5,18922,1050
18538,4,5,18552,1120
18538,4,5,1,1190
20402,4,5,20777,0
20402,4,5,20407,420
20402,4,5,1,490
18547,4,5,20402,0
18547,4,5,19662,70
18547,4,5,19292,350
18547,4,5,18552,420
18547,4,5,1,490
21520,4,5,22260,0
21520,4,5,21890,420
21520,4,5,21520,700
21520,4,5,1,910
15951,4,5,17805,0
15951,4,5,17065,70
15951,4,5,16695,350
15951,4,5,16325,420
15951,4,5,15955,490
15951,4,5,1,560
21889,4,5,22631,0
21889,4,5,22261,70
21889,4,5,21891,560
21889,4,5,1,770
15583,4,5,17064,0
15583,4,5,15954,70
15583,4,5,15584,350
15583,4,5,1,420
16320,4,5,17806,0
16320,4,5,17066,70
16320,4,5,16696,350
16320,4,5,16326,420
16320,4,5,1,490
19293,4,5,20774,0
19293,4,5,20034,70
19293,4,5,19664,350
19293,4,5,1,420
17063,4,5,18918,0
17063,4,5,17808,70
17063,4,5,17438,350
17063,4,5,17068,420
17063,4,5,1,490
17800,4,5,20770,0
17800,4,5,20400,420
17800,4,5,20030,490
17800,4,5,19660,560
17800,4,5,18920,630
17800,4,5,18550,700
17800,4,5,17810,770
17800,4,5,1,840
14467,4,5,16321,0
14467,4,5,15951,70
14467,4,5,15581,350
14467,4,5,15211,420
14467,4,5,14471,490
14467,4,5,1,560
21142,4,5,21889,0
21142,4,5,21519,70
21142,4,5,21149,490
21142,4,5,1,770
17809,4,5,19290,0
17809,4,5,18550,70
17809,4,5,18180,350
17809,4,5,17810,420
17809,4,5,1,490
18178,4,5,20031,0
18178,4,5,19291,70
18178,4,5,18921,350
18178,4,5,18551,420
18178,4,5,1,490
13727,4,5,15209,0
13727,4,5,14839,350
13727,4,5,14099,420
13727,4,5,13729,490
13727,4,5,1,560
18540,4,5,20772,0
18540,4,5,20402,350
18540,4,5,20032,420
18540,4,5,19662,490
18540,4,5,18922,560
18540,4,5,18552,630
18540,4,5,1,700
20404,4,5,20777,0
20404,4,5,20407,420
20404,4,5,1,490
18549,4,5,20402,0
18549,4,5,19662,70
18549,4,5,19292,350
18549,4,5,18922,420
18549,4,5,1,490
19286,4,5,20774,0
19286,4,5,20404,420
19286,4,5,20034,490
19286,4,5,19294,560
19286,4,5,1,630
21891,4,5,22631,0
21891,4,5,22261,420
21891,4,5,21891,700
21891,4,5,1,910
16322,4,5,18176,0
16322,4,5,17436,70
16322,4,5,17066,350
16322,4,5,16696,420
16322,4,5,16326,490
16322,4,5,1,560
17065,4,5,18918,0
17065,4,5,18178,70
17065,4,5,17808,350
17065,4,5,17438,420
17065,4,5,1,490
14469,4,5,16321,0
14469,4,5,15951,70
14469,4,5,15581,350
14469,4,5,14841,420
14469,4,5,14471,490
14469,4,5,1,560
14838,4,5,16322,0
14838,4,5,15952,70
14838,4,5,15582,350
14838,4,5,14842,420
14838,4,5,1,490
21144,4,5,21519,0
21144,4,5,21149,420
21144,4,5,1,630
18180,4,5,19661,0
18180,4,5,18921,70
18180,4,5,18551,350
18180,4,5,1,420
19660,4,5,20775,0
19660,4,5,20405,350
19660,4,5,19665,420
19660,4,5,1,490
23002,4,5,24114,0
23002,4,5,23744,140
23002,4,5,23374,560
23002,4,5,23004,770
23002,4,5,1,1050
17433,4,5,18919,0
17433,4,5,18179,70
17433,4,5,17809,350
17433,4,5,17439,420
17433,4,5,1,490
15209,4,5,17063,0
15209,4,5,16323,70
15209,4,5,15953,350
15209,4,5,15213,420
15209,4,5,1,490
20406,4,5,20777,0
20406,4,5,20407,350
20406,4,5,1,420
20775,4,5,21148,0
20775,4,5,20778,70
20775,4,5,1,490
15578,4,5,17064,0
15578,4,5,16324,70
15578,4,5,15954,350
15578,4,5,15584,420
15578,4,5,1,490
18551,4,5,20032,0
18551,4,5,19292,70
18551,4,5,18922,350
18551,4,5,1,420
19288,4,5,20774,0
19288,4,5,20034,70
19288,4,5,19664,350
19288,4,5,19294,420
19288,4,5,1,490
16324,4,5,18176,0
16324,4,5,17436,70
16324,4,5,17066,350
16324,4,5,16696,420
16324,4,5,1,490
22630,4,5,24113,0
22630,4,5,23743,420
22630,4,5,23373,700
22630,4,5,23003,910
22630,4,5,22633,1190
22630,4,5,1,1400
17058,4,5,20768,0
17058,4,5,20398,70
17058,4,5,20028,350
17058,4,5,19658,420
17058,4,5,18918,490
17058,4,5,18548,560
17058,4,5,17808,630
17058,4,5,17438,700
17058,4,5,17068,770
17058,4,5,1,840
18922,4,5,20403,0
18922,4,5,19663,70
18922,4,5,19293,350
18922,4,5,1,420
17067,4,5,18548,0
17067,4,5,17438,70
17067,4,5,17068,350
17067,4,5,1,420
17804,4,5,19660,0
17804,4,5,18920,70
17804,4,5,18550,350
17804,4,5,17810,420
17804,4,5,1,490
14471,4,5,19651,0
14471,4,5,19281,70
14471,4,5,18911,350
14471,4,5,18171,420
14471,4,5,17801,490
14471,4,5,17061,560
14471,4,5,16691,630
14471,4,5,16321,700
14471,4,5,15581,770
14471,4,5,15211,840
14471,4,5,14471,910
14471,4,5,1,980
14840,4,5,15952,0
14840,4,5,15582,70
14840,4,5,15212,350
14840,4,5,14842,420
14840,4,5,1,490
21146,4,5,21149,0
21146,4,5,1,420
19662,4,5,20775,0
19662,4,5,20405,350
19662,4,5,20035,420
19662,4,5,1,490
20399,4,5,21147,0
20399,4,5,20777,70
20399,4,5,20407,560
20399,4,5,1,630
20768,4,5,21518,0
20768,4,5,21148,70
20768,4,5,20778,560
20768,4,5,1,770
17435,4,5,19289,0
17435,4,5,18549,70
17435,4,5,18179,350
17435,4,5,17809,420
17435,4,5,1,490
23741,4,5,25226,0
23741,4,5,24856,140
23741,4,5,24486,490
23741,4,5,24116,770
23741,4,5,23746,1050
23741,4,5,1,1260
15211,4,5,16693,0
15211,4,5,15953,70
15211,4,5,15583,350
15211,4,5,15213,420
15211,4,5,1,490
20777,4,5,20778,0
20777,4,5,1,420
15580,4,5,17434,0
15580,4,5,16694,70
15580,4,5,16324,350
15580,4,5,15954,420
15580,4,5,1,490
16326,4,5,20766,0
16326,4,5,20396,350
16326,4,5,20026,420
16326,4,5,19286,490
16326,4,5,18916,560
16326,4,5,18176,630
16326,4,5,17806,700
16326,4,5,17436,770
16326,4,5,16696,840
16326,4,5,16326,910
16326,4,5,1,980
18915,4,5,20773,0
18915,4,5,20033,420
18915,4,5,19663,490
18915,4,5,18923,560
18915,4,5,1,630
17806,4,5,20030,0
17806,4,5,19290,70
17806,4,5,18920,350
17806,4,5,18180,420
17806,4,5,17810,490
17806,4,5,1,560
18175,4,5,19661,0
18175,4,5,18921,70
18175,4,5,18551,350
18175,4,5,18181,420
18175,4,5,1,490
14842,4,5,19282,0
14842,4,5,18912,70
14842,4,5,18542,350
14842,4,5,18172,420
14842,4,5,17432,490
14842,4,5,17062,560
14842,4,5,16692,630
14842,4,5,15952,700
14842,4,5,15582,770
14842,4,5,14842,840
14842,4,5,1,910
21148,4,5,21149,0
21148,4,5,1,490
16691,4,5,18177,0
16691,4,5,17437,70
16691,4,5,17067,350
16691,4,5,16697,420
16691,4,5,1,490
13358,4,5,18538,0
13358,4,5,18168,350
13358,4,5,17428,420
13358,4,5,17058,490
13358,4,5,16318,560
13358,4,5,15948,630
13358,4,5,15578,700
13358,4,5,14838,770
13358,4,5,14468,840
13358,4,5,13728,910
13358,4,5,13358,980
13358,4,5,1,1050
19664,4,5,20775,0
19664,4,5,20405,70
19664,4,5,20035,350
19664,4,5,1,420
20401,4,5,20777,0
20401,4,5,1,420
20033,4,5,20776,0
20033,4,5,20406,420
20033,4,5,1,490
17428,4,5,20769,0
17428,4,5,20399,350
17428,4,5,19659,420
17428,4,5,19289,490
17428,4,5,18549,560
17428,4,5,18179,630
17428,4,5,17809,700
17428,4,5,1,770
17437,4,5,19289,0
17437,4,5,18549,70
17437,4,5,18179,350
17437,4,5,17809,420
17437,4,5,1,490
18546,4,5,20032,0
18546,4,5,19292,70
18546,4,5,18922,350
18546,4,5,18552,420
18546,4,5,1,490
23743,4,5,25226,0
23743,4,5,24856,420
23743,4,5,24486,700
23743,4,5,24116,910
23743,4,5,23746,1190
23743,4,5,1,1400
20770,4,5,21148,0
20770,4,5,20778,350
20770,4,5,1,630
15582,4,5,17434,0
15582,4,5,16694,70
15582,4,5,16324,350
15582,4,5,15954,420
15582,4,5,1,490
18917,4,5,20403,0
18917,4,5,19663,70
18917,4,5,19293,350
18917,4,5,18923,420
18917,4,5,1,490
15953,4,5,17805,0
15953,4,5,17065,70
15953,4,5,16695,350
15953,4,5,16325,420
15953,4,5,1,490
14098,4,5,15950,0
14098,4,5,15580,70
14098,4,5,15210,350
14098,4,5,14470,420
14098,4,5,14100,490
14098,4,5,1,560
18168,4,5,20771,0
18168,4,5,20401,70
18168,4,5,20031,350
18168,4,5,19661,420
18168,4,5,19291,490
18168,4,5,18551,560
18168,4,5,18181,630
18168,4,5,1,700
21141,4,5,21519,0
21141,4,5,21149,420
21141,4,5,1,630
17808,4,5,20030,0
17808,4,5,19290,70
17808,4,5,18920,350
17808,4,5,18180,420
17808,4,5,17810,490
17808,4,5,1,560
18177,4,5,20401,0
18177,4,5,19291,70
18177,4,5,18921,350
18177,4,5,18551,420
18177,4,5,18181,490
18177,4,5,1,560
19657,4,5,21145,0
19657,4,5,20775,70
19657,4,5,20405,490
19657,4,5,19665,560
19657,4,5,1,630
16693,4,5,18547,0
16693,4,5,17807,70
16693,4,5,17437,350
16693,4,5,17067,420
16693,4,5,1,490
17430,4,5,20769,0
17430,4,5,19659,70
17430,4,5,19289,350
17430,4,5,18919,420
17430,4,5,18549,490
17430,4,5,17809,560
17430,4,5,17439,630
17430,4,5,1,700
13729,4,5,18539,0
13729,4,5,18169,350
13729,4,5,17429,420
13729,4,5,17059,490
13729,4,5,16319,560
13729,4,5,15949,630
13729,4,5,15579,700
13729,4,5,14839,770
13729,4,5,14469,840
13729,4,5,13729,910
13729,4,5,1,980
20035,4,5,20776,0
20035,4,5,20406,350
20035,4,5,1,420
20772,4,5,20778,0
20772,4,5,1,420
17439,4,5,21139,0
17439,4,5,20769,70
17439,4,5,20399,490
17439,4,5,20029,560
17439,4,5,19289,630
17439,4,5,18919,700
17439,4,5,18179,770
17439,4,5,17809,840
17439,4,5,17439,910
17439,4,5,1,980
20403,4,5,20777,0
20403,4,5,1,490
15584,4,5,20764,0
15584,4,5,20024,70
15584,4,5,19654,350
15584,4,5,18914,420
15584,4,5,18544,490
15584,4,5,17804,560
15584,4,5,17434,630
15584,4,5,17064,700
15584,4,5,16324,770
15584,4,5,15954,840
15584,4,5,1,910
18910,4,5,20773,0
18910,4,5,20403,420
18910,4,5,20033,490
18910,4,5,19293,560
18910,4,5,18923,630
18910,4,5,1,700
18919,4,5,20773,0
18919,4,5,20033,70
18919,4,5,19663,350
18919,4,5,19293,420
18919,4,5,18923,490
18919,4,5,1,560
15955,4,5,20765,0
15955,4,5,20395,70
15955,4,5,20025,350
15955,4,5,19655,420
15955,4,5,18915,490
15955,4,5,18545,560
15955,4,5,17805,630
15955,4,5,17435,700
15955,4,5,17065,770
15955,4,5,16325,840
15955,4,5,15955,910
15955,4,5,1,980
22261,4,5,22632,0
22261,4,5,22262,350
22261,4,5,1,630
17064,4,5,18918,0
17064,4,5,18178,70
17064,4,5,17808,350
17064,4,5,17438,420
17064,4,5,1,490
14100,4,5,19280,0
14100,4,5,18910,70
14100,4,5,18540,350
14100,4,5,17800,420
14100,4,5,17430,490
14100,4,5,16690,560
14100,4,5,16320,630
14100,4,5,15950,700
14100,4,5,15210,770
14100,4,5,14840,840
14100,4,5,14100,910
14100,4,5,1,980
18179,4,5,20031,0
18179,4,5,19291,70
18179,4,5,18921,350
18179,4,5,18551,420
18179,4,5,1,490
19650,4,5,21885,0
19650,4,5,21515,70
19650,4,5,21145,490
19650,4,5,20775,770
19650,4,5,20035,1050
19650,4,5,19665,1120
19650,4,5,1,1190
19659,4,5,20775,0
19659,4,5,20405,140
19659,4,5,20035,350
19659,4,5,19665,420
19659,4,5,1,490
20028,4,5,21146,0
20028,4,5,20776,70
20028,4,5,20036,560
20028,4,5,1,630
16695,4,5,18547,0
16695,4,5,17807,70
16695,4,5,17437,350
16695,4,5,17067,420
16695,4,5,1,490
23001,4,5,24854,0
23001,4,5,24484,70
23001,4,5,24114,420
23001,4,5,23744,700
23001,4,5,23374,980
23001,4,5,23004,1190
23001,4,5,1,1470
20405,4,5,20777,0
20405,4,5,20407,420
20405,4,5,1,490
20774,4,5,21148,0
20774,4,5,20778,70
20774,4,5,1,490
21517,4,5,22260,0
21517,4,5,21890,70
21517,4,5,21520,490
21517,4,5,1,770
15948,4,5,17435,0
15948,4,5,16695,70
15948,4,5,16325,350
15948,4,5,15955,420
15948,4,5,1,490
18921,4,5,20773,0
18921,4,5,20033,70
18921,4,5,19663,350
18921,4,5,19293,420
18921,4,5,1,490
19290,4,5,20774,0
19290,4,5,20404,70
19290,4,5,20034,350
19290,4,5,19664,420
19290,4,5,19294,490
19290,4,5,1,560
17066,4,5,18918,0
17066,4,5,18178,70
17066,4,5,17808,350
17066,4,5,17438,420
17066,4,5,1,490
22632,4,5,23003,0
22632,4,5,22633,350
22632,4,5,1,630
14839,4,5,16322,0
14839,4,5,15582,70
14839,4,5,15212,350
14839,4,5,14842,420
14839,4,5,1,490
18181,4,5,21141,0
18181,4,5,20771,350
18181,4,5,20401,630
18181,4,5,19661,700
18181,4,5,19291,770
18181,4,5,18551,840
18181,4,5,18181,910
18181,4,5,1,980
19661,4,5,20775,0
19661,4,5,20405,350
19661,4,5,20035,420
19661,4,5,19665,490
19661,4,5,1,560
20398,4,5,21147,0
20398,4,5,20777,350
20398,4,5,20407,630
20398,4,5,1,700
20030,4,5,20776,0
20030,4,5,20406,350
20030,4,5,20036,420
20030,4,5,1,490
16697,4,5,20767,0
16697,4,5,20027,420
16697,4,5,19657,490
16697,4,5,19287,560
16697,4,5,18547,630
16697,4,5,18177,700
16697,4,5,17437,770
16697,4,5,17067,840
16697,4,5,16697,910
16697,4,5,1,980
23003,4,5,23374,0
23003,4,5,23004,350
23003,4,5,1,630
20767,4,5,21518,0
20767,4,5,21148,70
20767,4,5,20778,490
20767,4,5,1,770
23372,4,5,24855,0
23372,4,5,24485,420
23372,4,5,24115,700
23372,4,5,23745,910
23372,4,5,23375,1190
23372,4,5,1,1400
20776,4,5,21148,0
20776,4,5,20778,70
20776,4,5,1,490
15213,4,5,20023,0
15213,4,5,19283,70
15213,4,5,18913,350
15213,4,5,18543,420
15213,4,5,17803,490
15213,4,5,17433,560
15213,4,5,17063,630
15213,4,5,16323,700
15213,4,5,15953,770
15213,4,5,15213,840
15213,4,5,1,910
21519,4,5,21520,0
21519,4,5,1,490
15950,4,5,17805,0
15950,4,5,17065,70
15950,4,5,16695,350
15950,4,5,15955,420
15950,4,5,1,490
18923,4,5,21143,0
18923,4,5,20773,490
18923,4,5,20403,700
18923,4,5,20033,770
18923,4,5,19293,840
18923,4,5,18923,910
18923,4,5,1,980
19283,4,5,21144,0
19283,4,5,20774,350
19283,4,5,20034,630
19283,4,5,19664,700
19283,4,5,19294,770
19283,4,5,1,840
19292,4,5,20774,0
19292,4,5,20404,70
19292,4,5,20034,350
19292,4,5,19664,420
19292,4,5,1,490
20023,4,5,21146,0
20023,4,5,20776,70
20023,4,5,20406,560
20023,4,5,20036,630
20023,4,5,1,700
16690,4,5,18177,0
16690,4,5,17437,70
16690,4,5,17067,350
16690,4,5,16697,420
16690,4,5,1,490
13357,4,5,14838,0
13357,4,5,14468,70
13357,4,5,14098,350
13357,4,5,13728,420
13357,4,5,13358,490
13357,4,5,1,560
19663,4,5,20775,0
19663,4,5,20405,350
19663,4,5,20035,420
19663,4,5,1,490
20400,4,5,20777,0
20400,4,5,1,420
20032,4,5,20776,0
20032,4,5,20406,420
20032,4,5,20036,490
20032,4,5,1,560
17436,4,5,19289,0
17436,4,5,18549,70
17436,4,5,18179,350
17436,4,5,17809,420
17436,4,5,1,490
20778,4,5,21518,0
20778,4,5,21148,420
20778,4,5,20778,700
20778,4,5,1,910
18548,4,5,20772,0
18548,4,5,19662,70
18548,4,5,19292,350
18548,4,5,18922,420
18548,4,5,18552,490
18548,4,5,1,560
15952,4,5,17805,0
15952,4,5,17065,70
15952,4,5,16695,350
15952,4,5,16325,420
15952,4,5,1,490
21890,4,5,21891,0
21890,4,5,1,420
16321,4,5,18176,0
16321,4,5,17436,70
16321,4,5,17066,350
16321,4,5,16326,420
16321,4,5,1,490
19294,4,5,21514,0
19294,4,5,21144,70
19294,4,5,20774,490
19294,4,5,20404,770
19294,4,5,19664,840
19294,4,5,19294,910
19294,4,5,1,980
18176,4,5,20031,0
18176,4,5,19291,70
18176,4,5,18921,350
18176,4,5,18181,420
18176,4,5,1,490
14468,4,5,16321,0
14468,4,5,15951,70
14468,4,5,15581,350
14468,4,5,14841,420
14468,4,5,14471,490
14468,4,5,1,560
17810,4,5,21140,0
17810,4,5,20770,350
17810,4,5,20400,560
17810,4,5,20030,630
17810,4,5,19660,700
17810,4,5,18920,770
17810,4,5,18550,840
17810,4,5,17810,910
17810,4,5,1,980
16692,4,5,18547,0
16692,4,5,17437,70
16692,4,5,17067,350
16692,4,5,16697,420
16692,4,5,1,490
19665,4,5,21515,0
19665,4,5,21145,140
19665,4,5,20775,560
19665,4,5,20035,840
19665,4,5,19665,910
19665,4,5,1,980
13728,4,5,14839,0
13728,4,5,14469,70
13728,4,5,14099,350
13728,4,5,13729,420
13728,4,5,1,490
20034,4,5,20776,0
20034,4,5,20406,420
20034,4,5,1,490
20771,4,5,20778,0
20771,4,5,1,420
17438,4,5,18919,0
17438,4,5,17809,70
17438,4,5,17439,350
17438,4,5,1,420
15208,4,5,16693,0
15208,4,5,15953,70
15208,4,5,15583,350
15208,4,5,15213,420
15208,4,5,1,490
19278,4,5,21514,0
19278,4,5,21144,490
19278,4,5,20774,700
19278,4,5,20404,980
19278,4,5,19664,1050
19278,4,5,19294,1120
19278,4,5,1,1190
18918,4,5,20773,0
18918,4,5,20033,70
18918,4,5,19663,350
18918,4,5,18923,420
18918,4,5,1,490
18550,4,5,20402,0
18550,4,5,19662,70
18550,4,5,19292,350
18550,4,5,18922,420
18550,4,5,1,490
19287,4,5,20774,0
19287,4,5,20034,70
19287,4,5,19664,350
19287,4,5,19294,420
19287,4,5,1,490
15954,4,5,17435,0
15954,4,5,16695,70
15954,4,5,16325,350
15954,4,5,1,420
22260,4,5,23002,0
22260,4,5,22632,420
22260,4,5,22262,700
22260,4,5,1,910
16323,4,5,18176,0
16323,4,5,17436,70
16323,4,5,17066,350
16323,4,5,16696,420
16323,4,5,1,490
14099,4,5,15580,0
14099,4,5,14840,70
14099,4,5,14470,350
14099,4,5,14100,420
14099,4,5,1,490
17803,4,5,19660,0
17803,4,5,18920,70
17803,4,5,18550,350
17803,4,5,17810,420
17803,4,5,1,490
19658,4,5,20775,0
19658,4,5,20405,140
19658,4,5,20035,350
19658,4,5,19665,420
19658,4,5,1,490
20027,4,5,21146,0
20027,4,5,20776,350
20027,4,5,20406,560
20027,4,5,20036,630
20027,4,5,1,700
16694,4,5,18547,0
16694,4,5,17807,70
16694,4,5,17437,350
16694,4,5,17067,420
16694,4,5,1,490
20036,4,5,21516,0
20036,4,5,21146,350
20036,4,5,20776,630
20036,4,5,20406,840
20036,4,5,20036,910
20036,4,5,1,980
20773,4,5,20778,0
20773,4,5,1,490
18543,4,5,20772,0
18543,4,5,20032,420
18543,4,5,19662,490
18543,4,5,18922,560
18543,4,5,18552,630
18543,4,5,1,700
20407,4,5,21517,0
20407,4,5,21147,420
20407,4,5,20777,630
20407,4,5,1,910
15210,4,5,17063,0
15210,4,5,15953,70
15210,4,5,15583,350
15210,4,5,15213,420
15210,4,5,1,490
21516,4,5,21890,0
21516,4,5,21520,420
21516,4,5,1,630
18920,4,5,20773,0
18920,4,5,20033,70
18920,4,5,19663,350
18920,4,5,19293,420
18920,4,5,1,490
18552,4,5,21142,0
18552,4,5,20772,420
18552,4,5,20032,700
18552,4,5,19662,770
18552,4,5,18922,840
18552,4,5,18552,910
18552,4,5,1,980
19289,4,5,20774,0
19289,4,5,20404,70
19289,4,5,20034,350
19289,4,5,19294,420
19289,4,5,1,490
15579,4,5,17434,0
15579,4,5,16324,70
15579,4,5,15954,350
15579,4,5,15584,420
15579,4,5,1,490
22262,4,5,23372,0
22262,4,5,23002,350
22262,4,5,22632,560
22262,4,5,22262,840
22262,4,5,1,1120
16325,4,5,17806,0
16325,4,5,17066,70
16325,4,5,16696,350
16325,4,5,1,420
22631,4,5,23743,0
22631,4,5,23373,140
22631,4,5,23003,490
22631,4,5,22633,770
22631,4,5,1,980
17068,4,5,20768,0
17068,4,5,20398,420
17068,4,5,20028,490
17068,4,5,19658,560
17068,4,5,18918,630
17068,4,5,18548,700
17068,4,5,17808,770
17068,4,5,17438,840
17068,4,5,17068,910
17068,4,5,1,980
17805,4,5,19660,0
17805,4,5,18920,70
17805,4,5,18550,350
17805,4,5,18180,420
17805,4,5,1,490
14841,4,5,15582,0
14841,4,5,15212,70
14841,4,5,14842,350
14841,4,5,1,420
21147,4,5,21149,0
21147,4,5,1,420
16696,4,5,18177,0
16696,4,5,17067,70
16696,4,5,16697,350
16696,4,5,1,420
23371,4,5,25595,0
23371,4,5,25225,350
23371,4,5,24855,560
23371,4,5,24485,840
23371,4,5,24115,1120
23371,4,5,23745,1330
18913,4,5,21143,0
18913,4,5,20773,70
18913,4,5,20403,560
18913,4,5,20033,630
18913,4,5,19293,700
18913,4,5,18923,770
18913,4,5,1,840
1,5,6,1,0
15212,5,6,16323,0
15212,5,6,15583,70
15212,5,6,15213,350
15212,5,6,1,420
21518,5,6,22260,0
21518,5,6,21890,70
21518,5,6,21520,560
21518,5,6,1,770
15581,5,6,17434,0
15581,5,6,16694,70
15581,5,6,16324,350
15581,5,6,15954,420
15581,5,6,1,490
19282,5,6,21144,0
19282,5,6,20774,70
19282,5,6,20404,490
19282,5,6,19664,560
19282,5,6,19294,630
19282,5,6,1,700
16318,5,6,19286,0
16318,5,6,18176,70
16318,5,6,17806,350
16318,5,6,17436,420
16318,5,6,17066,490
16318,5,6,16326,560
16318,5,6,1,630
19291,5,6,20774,0
19291,5,6,20404,70
19291,5,6,20034,350
19291,5,6,19664,420
19291,5,6,1,490
25597,5,6,27821,0
25597,5,6,27451,140
25597,5,6,27081,560
25597,5,6,26711,840
25597,5,6,26341,1050
25597,5,6,25971,1330
15949,5,6,17435,0
15949,5,6,16695,70
15949,5,6,16325,350
15949,5,6,15955,420
15949,5,6,1,490
22633,5,6,23743,0
22633,5,6,23373,350
22633,5,6,23003,560
22633,5,6,22633,840
22633,5,6,1,1120
21140,5,6,21519,0
21140,5,6,21149,420
21140,5,6,1,630
17807,5,6,20030,0
17807,5,6,19290,70
17807,5,6,18920,350
17807,5,6,18180,420
17807,5,6,17810,490
17807,5,6,1,560
24113,5,6,26337,0
24113,5,6,25967,140
24113,5,6,25597,560
24113,5,6,25227,840
24113,5,6,24857,1050
24113,5,6,24487,1330
21149,5,6,21889,0
21149,5,6,21519,420
21149,5,6,21149,700
21149,5,6,1,910
20031,5,6,20776,0
20031,5,6,20036,420
20031,5,6,1,490
23373,5,6,24485,0
23373,5,6,24115,140
23373,5,6,23745,490
23373,5,6,23375,770
23373,5,6,1,980
18538,5,6,21512,0
18538,5,6,21142,350
18538,5,6,20772,630
18538,5,6,20402,840
18538,5,6,20032,910
18538,5,6,19662,980
18538,5,6,18922,1050
18538,5,6,18552,1120
18538,5,6,1,1190
20402,5,6,20777,0
20402,5,6,20407,420
20402,5,6,1,490
23744,5,6,24856,0
23744,5,6,24486,140
23744,5,6,24116,490
23744,5,6,23746,770
23744,5,6,1,980
18547,5,6,20402,0
18547,5,6,19662,70
18547,5,6,19292,350
18547,5,6,18552,420
18547,5,6,1,490
21520,5,6,22260,0
21520,5,6,21890,420
21520,5,6,21520,700
21520,5,6,1,910
15583,5,6,17064,0
15583,5,6,15954,70
15583,5,6,15584,350
15583,5,6,1,420
21889,5,6,22631,0
21889,5,6,22261,70
21889,5,6,21891,560
21889,5,6,1,770
15951,5,6,17805,0
15951,5,6,17065,70
15951,5,6,16695,350
15951,5,6,16325,420
15951,5,6,15955,490
15951,5,6,1,560
19293,5,6,20774,0
19293,5,6,20034,70
19293,5,6,19664,350
19293,5,6,1,420
16320,5,6,17806,0
16320,5,6,17066,70
16320,5,6,16696,350
16320,5,6,16326,420
16320,5,6,1,490
17063,5,6,18918,0
17063,5,6,17808,70
17063,5,6,17438,350
17063,5,6,17068,420
17063,5,6,1,490
17800,5,6,20770,0
17800,5,6,20400,420
17800,5,6,20030,490
17800,5,6,19660,560
17800,5,6,18920,630
17800,5,6,18550,700
17800,5,6,17810,770
17800,5,6,1,840
21142,5,6,21889,0
21142,5,6,21519,70
21142,5,6,21149,490
21142,5,6,1,770
17809,5,6,19290,0
17809,5,6,18550,70
17809,5,6,18180,350
17809,5,6,17810,420
17809,5,6,1,490
24115,5,6,25227,0
24115,5,6,24857,140
24115,5,6,24487,490
24115,5,6,24117,770
24115,5,6,1,980
18178,5,6,20031,0
18178,5,6,19291,70
18178,5,6,18921,350
18178,5,6,18551,420
18178,5,6,1,490
24484,5,6,26708,0
24484,5,6,26338,350
24484,5,6,25968,560
24484,5,6,25598,840
24484,5,6,25228,1120
24484,5,6,24858,1330
20024,5,6,21146,0
20024,5,6,20776,70
20024,5,6,20406,560
20024,5,6,20036,630
20024,5,6,1,700
23375,5,6,24485,0
23375,5,6,24115,210
23375,5,6,23745,560
23375,5,6,23375,840
23375,5,6,1,1050
20395,5,6,21147,0
20395,5,6,20777,350
20395,5,6,1,630
18540,5,6,20772,0
18540,5,6,20402,350
18540,5,6,20032,420
18540,5,6,19662,490
18540,5,6,18922,560
18540,5,6,18552,630
18540,5,6,1,700
20404,5,6,20777,0
20404,5,6,20407,420
20404,5,6,1,490
18549,5,6,20402,0
18549,5,6,19662,70
18549,5,6,19292,350
18549,5,6,18922,420
18549,5,6,1,490
19286,5,6,20774,0
19286,5,6,20404,420
19286,5,6,20034,490
19286,5,6,19294,560
19286,5,6,1,630
23746,5,6,24856,0
23746,5,6,24486,210
23746,5,6,24116,560
23746,5,6,23746,840
23746,5,6,1,1050
24855,5,6,27079,0
24855,5,6,26709,140
24855,5,6,26339,560
24855,5,6,25969,840
24855,5,6,25599,1050
24855,5,6,25229,1330
21891,5,6,22631,0
21891,5,6,22261,420
21891,5,6,21891,700
21891,5,6,1,910
16322,5,6,18176,0
16322,5,6,17436,70
16322,5,6,17066,350
16322,5,6,16696,420
16322,5,6,16326,490
16322,5,6,1,560
21516,5,6,21890,0
21516,5,6,21520,420
21516,5,6,1,630
17065,5,6,18918,0
17065,5,6,18178,70
17065,5,6,17808,350
17065,5,6,17438,420
17065,5,6,1,490
14469,5,6,16321,0
14469,5,6,15951,70
14469,5,6,15581,350
14469,5,6,14841,420
14469,5,6,14471,490
14469,5,6,1,560
18171,5,6,21141,0
18171,5,6,20771,70
18171,5,6,20031,490
18171,5,6,19661,560
18171,5,6,19291,630
18171,5,6,18551,700
18171,5,6,18181,770
18171,5,6,1,840
14838,5,6,16322,0
14838,5,6,15952,70
14838,5,6,15582,350
14838,5,6,14842,420
14838,5,6,1,490
21144,5,6,21519,0
21144,5,6,21149,420
21144,5,6,1,630
18180,5,6,19661,0
18180,5,6,18921,70
18180,5,6,18551,350
18180,5,6,1,420
24486,5,6,25598,0
24486,5,6,25228,140
24486,5,6,24858,560
24486,5,6,24488,770
24486,5,6,1,1050
20026,5,6,21516,0
20026,5,6,21146,70
20026,5,6,20776,490
20026,5,6,20406,700
20026,5,6,20036,770
20026,5,6,1,840
19660,5,6,20775,0
19660,5,6,20405,350
19660,5,6,19665,420
19660,5,6,1,490
17433,5,6,18919,0
17433,5,6,18179,70
17433,5,6,17809,350
17433,5,6,17439,420
17433,5,6,1,490
18542,5,6,21142,0
18542,5,6,20772,70
18542,5,6,20402,490
18542,5,6,20032,560
18542,5,6,19662,630
18542,5,6,18922,700
18542,5,6,18552,770
18542,5,6,1,840
15209,5,6,17063,0
15209,5,6,16323,70
15209,5,6,15953,350
15209,5,6,15213,420
15209,5,6,1,490
20406,5,6,20777,0
20406,5,6,20407,350
20406,5,6,1,420
20775,5,6,21148,0
20775,5,6,20778,70
20775,5,6,1,490
15578,5,6,17064,0
15578,5,6,16324,70
15578,5,6,15954,350
15578,5,6,15584,420
15578,5,6,1,490
18551,5,6,20032,0
18551,5,6,19292,70
18551,5,6,18922,350
18551,5,6,1,420
24857,5,6,25969,0
24857,5,6,25599,140
24857,5,6,25229,490
24857,5,6,24859,770
24857,5,6,1,1050
21515,5,6,21890,0
21515,5,6,21520,420
21515,5,6,1,630
23002,5,6,24114,0
23002,5,6,23744,140
23002,5,6,23374,560
23002,5,6,23004,770
23002,5,6,1,1050
16324,5,6,18176,0
16324,5,6,17436,70
16324,5,6,17066,350
16324,5,6,16696,420
16324,5,6,1,490
17058,5,6,20768,0
17058,5,6,20398,70
17058,5,6,20028,350
17058,5,6,19658,420
17058,5,6,18918,490
17058,5,6,18548,560
17058,5,6,17808,630
17058,5,6,17438,700
17058,5,6,17068,770
17058,5,6,1,840
18922,5,6,20403,0
18922,5,6,19663,70
18922,5,6,19293,350
18922,5,6,1,420
17067,5,6,18548,0
17067,5,6,17438,70
17067,5,6,17068,350
17067,5,6,1,420
17804,5,6,19660,0
17804,5,6,18920,70
17804,5,6,18550,350
17804,5,6,17810,420
17804,5,6,1,490
14471,5,6,19651,0
14471,5,6,19281,70
14471,5,6,18911,350
14471,5,6,18171,420
14471,5,6,17801,490
14471,5,6,17061,560
14471,5,6,16691,630
14471,5,6,16321,700
14471,5,6,15581,770
14471,5,6,15211,840
14471,5,6,14471,910
14471,5,6,1,980
14840,5,6,15952,0
14840,5,6,15582,70
14840,5,6,15212,350
14840,5,6,14842,420
14840,5,6,1,490
21146,5,6,21149,0
21146,5,6,1,420
25225,5,6,26710,0
25225,5,6,26340,70
25225,5,6,25970,490
25225,5,6,25600,700
25225,5,6,25230,980
25225,5,6,1,1260
19662,5,6,20775,0
19662,5,6,20405,350
19662,5,6,20035,420
19662,5,6,1,490
20399,5,6,21147,0
20399,5,6,20777,70
20399,5,6,20407,560
20399,5,6,1,630
26337,5,6,27453,0
26337,5,6,27083,420
26337,5,6,26713,700
26337,5,6,26343,910
26337,5,6,1,1190
17435,5,6,19289,0
17435,5,6,18549,70
17435,5,6,18179,350
17435,5,6,17809,420
17435,5,6,1,490
23004,5,6,24114,0
23004,5,6,23744,350
23004,5,6,23374,630
23004,5,6,23004,840
23004,5,6,1,1120
15211,5,6,16693,0
15211,5,6,15953,70
15211,5,6,15583,350
15211,5,6,15213,420
15211,5,6,1,490
20768,5,6,21518,0
20768,5,6,21148,70
20768,5,6,20778,560
20768,5,6,1,770
20777,5,6,20778,0
20777,5,6,1,420
19281,5,6,21144,0
19281,5,6,20774,70
19281,5,6,20404,490
19281,5,6,19664,560
19281,5,6,19294,630
19281,5,6,1,700
15580,5,6,17434,0
15580,5,6,16694,70
15580,5,6,16324,350
15580,5,6,15954,420
15580,5,6,1,490
18544,5,6,20772,0
18544,5,6,20402,350
18544,5,6,19662,420
18544,5,6,19292,490
18544,5,6,18552,560
18544,5,6,1,630
16326,5,6,20766,0
16326,5,6,20396,350
16326,5,6,20026,420
16326,5,6,19286,490
16326,5,6,18916,560
16326,5,6,18176,630
16326,5,6,17806,700
16326,5,6,17436,770
16326,5,6,16696,840
16326,5,6,16326,910
16326,5,6,1,980
18915,5,6,20773,0
18915,5,6,20033,420
18915,5,6,19663,490
18915,5,6,18923,560
18915,5,6,1,630
21139,5,6,22259,0
21139,5,6,21889,420
21139,5,6,21519,630
21139,5,6,21149,910
21139,5,6,1,1120
17806,5,6,20030,0
17806,5,6,19290,70
17806,5,6,18920,350
17806,5,6,18180,420
17806,5,6,17810,490
17806,5,6,1,560
14842,5,6,19282,0
14842,5,6,18912,70
14842,5,6,18542,350
14842,5,6,18172,420
14842,5,6,17432,490
14842,5,6,17062,560
14842,5,6,16692,630
14842,5,6,15952,700
14842,5,6,15582,770
14842,5,6,14842,840
14842,5,6,1,910
21148,5,6,21149,0
21148,5,6,1,490
25227,5,6,26710,0
25227,5,6,26340,350
25227,5,6,25970,630
25227,5,6,25600,910
25227,5,6,25230,1120
25227,5,6,1,1400
19655,5,6,21145,0
19655,5,6,20775,420
19655,5,6,20035,700
19655,5,6,19665,770
19655,5,6,1,840
16691,5,6,18177,0
16691,5,6,17437,70
16691,5,6,17067,350
16691,5,6,16697,420
16691,5,6,1,490
17428,5,6,20769,0
17428,5,6,20399,350
17428,5,6,19659,420
17428,5,6,19289,490
17428,5,6,18549,560
17428,5,6,18179,630
17428,5,6,17809,700
17428,5,6,1,770
19664,5,6,20775,0
19664,5,6,20405,70
19664,5,6,20035,350
19664,5,6,1,420
13358,5,6,18538,0
13358,5,6,18168,350
13358,5,6,17428,420
13358,5,6,17058,490
13358,5,6,16318,560
13358,5,6,15948,630
13358,5,6,15578,700
13358,5,6,14838,770
13358,5,6,14468,840
13358,5,6,13728,910
13358,5,6,13358,980
13358,5,6,1,1050
20033,5,6,20776,0
20033,5,6,20406,420
20033,5,6,1,490
20770,5,6,21148,0
20770,5,6,20778,350
20770,5,6,1,630
17437,5,6,19289,0
17437,5,6,18549,70
17437,5,6,18179,350
17437,5,6,17809,420
17437,5,6,1,490
23743,5,6,25226,0
23743,5,6,24856,420
23743,5,6,24486,700
23743,5,6,24116,910
23743,5,6,23746,1190
23743,5,6,1,1400
20401,5,6,20777,0
20401,5,6,1,420
15582,5,6,17434,0
15582,5,6,16694,70
15582,5,6,16324,350
15582,5,6,15954,420
15582,5,6,1,490
16319,5,6,17806,0
16319,5,6,17066,70
16319,5,6,16696,350
16319,5,6,16326,420
16319,5,6,1,490
15953,5,6,17805,0
15953,5,6,17065,70
15953,5,6,16695,350
15953,5,6,16325,420
15953,5,6,1,490
17062,5,6,18548,0
17062,5,6,17808,70
17062,5,6,17438,350
17062,5,6,17068,420
17062,5,6,1,490
18168,5,6,20771,0
18168,5,6,20401,70
18168,5,6,20031,350
18168,5,6,19661,420
18168,5,6,19291,490
18168,5,6,18551,560
18168,5,6,18181,630
18168,5,6,1,700
14098,5,6,15950,0
14098,5,6,15580,70
14098,5,6,15210,350
14098,5,6,14470,420
14098,5,6,14100,490
14098,5,6,1,560
21141,5,6,21519,0
21141,5,6,21149,420
21141,5,6,1,630
17808,5,6,20030,0
17808,5,6,19290,70
17808,5,6,18920,350
17808,5,6,18180,420
17808,5,6,17810,490
17808,5,6,1,560
18177,5,6,20401,0
18177,5,6,19291,70
18177,5,6,18921,350
18177,5,6,18551,420
18177,5,6,18181,490
18177,5,6,1,560
19657,5,6,21145,0
19657,5,6,20775,70
19657,5,6,20405,490
19657,5,6,19665,560
19657,5,6,1,630
16693,5,6,18547,0
16693,5,6,17807,70
16693,5,6,17437,350
16693,5,6,17067,420
16693,5,6,1,490
17430,5,6,20769,0
17430,5,6,19659,70
17430,5,6,19289,350
17430,5,6,18919,420
17430,5,6,18549,490
17430,5,6,17809,560
17430,5,6,17439,630
17430,5,6,1,700
18539,5,6,20772,0
18539,5,6,20402,350
18539,5,6,20032,420
18539,5,6,19662,490
18539,5,6,18922,560
18539,5,6,18552,630
18539,5,6,1,700
13729,5,6,18539,0
13729,5,6,18169,350
13729,5,6,17429,420
13729,5,6,17059,490
13729,5,6,16319,560
13729,5,6,15949,630
13729,5,6,15579,700
13729,5,6,14839,770
13729,5,6,14469,840
13729,5,6,13729,910
13729,5,6,1,980
20403,5,6,20777,0
20403,5,6,1,490
20772,5,6,20778,0
20772,5,6,1,420
17439,5,6,21139,0
17439,5,6,20769,70
17439,5,6,20399,490
17439,5,6,20029,560
17439,5,6,19289,630
17439,5,6,18919,700
17439,5,6,18179,770
17439,5,6,17809,840
17439,5,6,17439,910
17439,5,6,1,980
23745,5,6,24116,0
23745,5,6,23746,350
23745,5,6,1,630
20035,5,6,20776,0
20035,5,6,20406,350
20035,5,6,1,420
15584,5,6,20764,0
15584,5,6,20024,70
15584,5,6,19654,350
15584,5,6,18914,420
15584,5,6,18544,490
15584,5,6,17804,560
15584,5,6,17434,630
15584,5,6,17064,700
15584,5,6,16324,770
15584,5,6,15954,840
15584,5,6,1,910
18910,5,6,20773,0
18910,5,6,20403,420
18910,5,6,20033,490
18910,5,6,19293,560
18910,5,6,18923,630
18910,5,6,1,700
18919,5,6,20773,0
18919,5,6,20033,70
18919,5,6,19663,350
18919,5,6,19293,420
18919,5,6,18923,490
18919,5,6,1,560
15955,5,6,20765,0
15955,5,6,20395,70
15955,5,6,20025,350
15955,5,6,19655,420
15955,5,6,18915,490
15955,5,6,18545,560
15955,5,6,17805,630
15955,5,6,17435,700
15955,5,6,17065,770
15955,5,6,16325,840
15955,5,6,15955,910
15955,5,6,1,980
22261,5,6,22632,0
22261,5,6,22262,350
22261,5,6,1,630
17064,5,6,18918,0
17064,5,6,18178,70
17064,5,6,17808,350
17064,5,6,17438,420
17064,5,6,1,490
17801,5,6,20770,0
17801,5,6,20400,70
17801,5,6,20030,350
17801,5,6,19660,420
17801,5,6,18920,490
17801,5,6,18550,560
17801,5,6,17810,630
17801,5,6,1,700
14100,5,6,19280,0
14100,5,6,18910,70
14100,5,6,18540,350
14100,5,6,17800,420
14100,5,6,17430,490
14100,5,6,16690,560
14100,5,6,16320,630
14100,5,6,15950,700
14100,5,6,15210,770
14100,5,6,14840,840
14100,5,6,14100,910
14100,5,6,1,980
21143,5,6,21889,0
21143,5,6,21519,70
21143,5,6,21149,560
21143,5,6,1,770
18179,5,6,20031,0
18179,5,6,19291,70
18179,5,6,18921,350
18179,5,6,18551,420
18179,5,6,1,490
24485,5,6,25968,0
24485,5,6,25598,420
24485,5,6,25228,700
24485,5,6,24858,910
24485,5,6,24488,1190
24485,5,6,1,1400
19659,5,6,20775,0
19659,5,6,20405,140
19659,5,6,20035,350
19659,5,6,19665,420
19659,5,6,1,490
20396,5,6,21517,0
20396,5,6,21147,70
20396,5,6,20777,490
20396,5,6,20407,700
20396,5,6,1,770
20028,5,6,21146,0
20028,5,6,20776,70
20028,5,6,20036,560
20028,5,6,1,630
16695,5,6,18547,0
16695,5,6,17807,70
16695,5,6,17437,350
16695,5,6,17067,420
16695,5,6,1,490
17432,5,6,18919,0
17432,5,6,18179,70
17432,5,6,17809,350
17432,5,6,17439,420
17432,5,6,1,490
20765,5,6,21148,0
20765,5,6,20778,420
20765,5,6,1,630
20405,5,6,20777,0
20405,5,6,20407,420
20405,5,6,1,490
20774,5,6,21148,0
20774,5,6,20778,70
20774,5,6,1,490
18912,5,6,21143,0
18912,5,6,20773,70
18912,5,6,20403,560
18912,5,6,19663,630
18912,5,6,19293,700
18912,5,6,18923,770
18912,5,6,1,840
15948,5,6,17435,0
15948,5,6,16695,70
15948,5,6,16325,350
15948,5,6,15955,420
15948,5,6,1,490
21517,5,6,22260,0
21517,5,6,21890,70
21517,5,6,21520,490
21517,5,6,1,770
18921,5,6,20773,0
18921,5,6,20033,70
18921,5,6,19663,350
18921,5,6,19293,420
18921,5,6,1,490
19290,5,6,20774,0
19290,5,6,20404,70
19290,5,6,20034,350
19290,5,6,19664,420
19290,5,6,19294,490
19290,5,6,1,560
17066,5,6,18918,0
17066,5,6,18178,70
17066,5,6,17808,350
17066,5,6,17438,420
17066,5,6,1,490
22632,5,6,23003,0
22632,5,6,22633,350
22632,5,6,1,630
18172,5,6,20771,0
18172,5,6,20401,350
18172,5,6,19661,420
18172,5,6,19291,490
18172,5,6,18551,560
18172,5,6,18181,630
18172,5,6,1,700
14839,5,6,16322,0
14839,5,6,15582,70
14839,5,6,15212,350
14839,5,6,14842,420
14839,5,6,1,490
18181,5,6,21141,0
18181,5,6,20771,350
18181,5,6,20401,630
18181,5,6,19661,700
18181,5,6,19291,770
18181,5,6,18551,840
18181,5,6,18181,910
18181,5,6,1,980
19661,5,6,20775,0
19661,5,6,20405,350
19661,5,6,20035,420
19661,5,6,19665,490
19661,5,6,1,560
20398,5,6,21147,0
20398,5,6,20777,350
20398,5,6,20407,630
20398,5,6,1,700
20030,5,6,20776,0
20030,5,6,20406,350
20030,5,6,20036,420
20030,5,6,1,490
16697,5,6,20767,0
16697,5,6,20027,420
16697,5,6,19657,490
16697,5,6,19287,560
16697,5,6,18547,630
16697,5,6,18177,700
16697,5,6,17437,770
16697,5,6,17067,840
16697,5,6,16697,910
16697,5,6,1,980
17434,5,6,19289,0
17434,5,6,18179,70
17434,5,6,17809,350
17434,5,6,17439,420
17434,5,6,1,490
23003,5,6,23374,0
23003,5,6,23004,350
23003,5,6,1,630
20767,5,6,21518,0
20767,5,6,21148,70
20767,5,6,20778,490
20767,5,6,1,770
23372,5,6,24855,0
23372,5,6,24485,420
23372,5,6,24115,700
23372,5,6,23745,910
23372,5,6,23375,1190
23372,5,6,1,1400
20776,5,6,21148,0
20776,5,6,20778,70
20776,5,6,1,490
18914,5,6,20773,0
18914,5,6,20403,420
18914,5,6,20033,490
18914,5,6,19293,560
18914,5,6,18923,630
18914,5,6,1,700
15213,5,6,20023,0
15213,5,6,19283,70
15213,5,6,18913,350
15213,5,6,18543,420
15213,5,6,17803,490
15213,5,6,17433,560
15213,5,6,17063,630
15213,5,6,16323,700
15213,5,6,15953,770
15213,5,6,15213,840
15213,5,6,1,910
21519,5,6,21520,0
21519,5,6,1,490
15950,5,6,17805,0
15950,5,6,17065,70
15950,5,6,16695,350
15950,5,6,15955,420
15950,5,6,1,490
18923,5,6,21143,0
18923,5,6,20773,490
18923,5,6,20403,700
18923,5,6,20033,770
18923,5,6,19293,840
18923,5,6,18923,910
18923,5,6,1,980
17059,5,6,20398,0
17059,5,6,19288,70
17059,5,6,18918,350
17059,5,6,18548,420
17059,5,6,18178,490
17059,5,6,17438,560
17059,5,6,17068,630
17059,5,6,1,700
19292,5,6,20774,0
19292,5,6,20404,70
19292,5,6,20034,350
19292,5,6,19664,420
19292,5,6,1,490
19283,5,6,21144,0
19283,5,6,20774,350
19283,5,6,20034,630
19283,5,6,19664,700
19283,5,6,19294,770
19283,5,6,1,840
25967,5,6,27452,0
25967,5,6,27082,70
25967,5,6,26712,490
25967,5,6,26342,770
25967,5,6,25972,1050
25967,5,6,1,1260
24114,5,6,25597,0
24114,5,6,25227,420
24114,5,6,24857,630
24114,5,6,24487,910
24114,5,6,24117,1120
24114,5,6,1,1400
19654,5,6,21145,0
19654,5,6,20775,420
19654,5,6,20405,630
19654,5,6,20035,700
19654,5,6,19665,770
19654,5,6,1,840
20023,5,6,21146,0
20023,5,6,20776,70
20023,5,6,20406,560
20023,5,6,20036,630
20023,5,6,1,700
16690,5,6,18177,0
16690,5,6,17437,70
16690,5,6,17067,350
16690,5,6,16697,420
16690,5,6,1,490
19663,5,6,20775,0
19663,5,6,20405,350
19663,5,6,20035,420
19663,5,6,1,490
20400,5,6,20777,0
20400,5,6,1,420
20032,5,6,20776,0
20032,5,6,20406,420
20032,5,6,20036,490
20032,5,6,1,560
20769,5,6,21148,0
20769,5,6,20778,420
20769,5,6,1,630
17436,5,6,19289,0
17436,5,6,18549,70
17436,5,6,18179,350
17436,5,6,17809,420
17436,5,6,1,490
23374,5,6,23745,0
23374,5,6,23375,350
23374,5,6,1,630
20778,5,6,21518,0
20778,5,6,21148,420
20778,5,6,20778,700
20778,5,6,1,910
21512,5,6,22630,0
21512,5,6,22260,420
21512,5,6,21890,630
21512,5,6,21520,910
21512,5,6,1,1120
18916,5,6,20403,0
18916,5,6,19663,70
18916,5,6,19293,350
18916,5,6,18923,420
18916,5,6,1,490
18548,5,6,20772,0
18548,5,6,19662,70
18548,5,6,19292,350
18548,5,6,18922,420
18548,5,6,18552,490
18548,5,6,1,560
24854,5,6,26339,0
24854,5,6,25969,70
24854,5,6,25599,490
24854,5,6,25229,770
24854,5,6,24859,980
24854,5,6,1,1260
15952,5,6,17805,0
15952,5,6,17065,70
15952,5,6,16695,350
15952,5,6,16325,420
15952,5,6,1,490
17061,5,6,18548,0
17061,5,6,17808,70
17061,5,6,17438,350
17061,5,6,17068,420
17061,5,6,1,490
21890,5,6,21891,0
21890,5,6,1,420
16321,5,6,18176,0
16321,5,6,17436,70
16321,5,6,17066,350
16321,5,6,16326,420
16321,5,6,1,490
19294,5,6,21514,0
19294,5,6,21144,70
19294,5,6,20774,490
19294,5,6,20404,770
19294,5,6,19664,840
19294,5,6,19294,910
19294,5,6,1,980
18176,5,6,20031,0
18176,5,6,19291,70
18176,5,6,18921,350
18176,5,6,18181,420
18176,5,6,1,490
14468,5,6,16321,0
14468,5,6,15951,70
14468,5,6,15581,350
14468,5,6,14841,420
14468,5,6,14471,490
14468,5,6,1,560
17810,5,6,21140,0
17810,5,6,20770,350
17810,5,6,20400,560
17810,5,6,20030,630
17810,5,6,19660,700
17810,5,6,18920,770
17810,5,6,18550,840
17810,5,6,17810,910
17810,5,6,1,980
24116,5,6,24487,0
24116,5,6,24117,350
24116,5,6,1,630
20025,5,6,21516,0
20025,5,6,21146,70
20025,5,6,20776,490
20025,5,6,20406,700
20025,5,6,20036,770
20025,5,6,1,840
16692,5,6,18547,0
16692,5,6,17437,70
16692,5,6,17067,350
16692,5,6,16697,420
16692,5,6,1,490
17429,5,6,20769,0
17429,5,6,20399,350
17429,5,6,20029,420
17429,5,6,19289,490
17429,5,6,18919,560
17429,5,6,18179,630
17429,5,6,17809,700
17429,5,6,17439,770
17429,5,6,1,840
19665,5,6,21515,0
19665,5,6,21145,140
19665,5,6,20775,560
19665,5,6,20035,840
19665,5,6,19665,910
19665,5,6,1,980
13728,5,6,15209,0
13728,5,6,14469,70
13728,5,6,14099,350
13728,5,6,13729,420
13728,5,6,1,490
20034,5,6,20776,0
20034,5,6,20406,420
20034,5,6,1,490
20771,5,6,20778,0
20771,5,6,1,420
17438,5,6,18919,0
17438,5,6,17809,70
17438,5,6,17439,350
17438,5,6,1,420
21514,5,6,22630,0
21514,5,6,22260,420
21514,5,6,21890,630
21514,5,6,21520,910
21514,5,6,1,1120
18918,5,6,20773,0
18918,5,6,20033,70
18918,5,6,19663,350
18918,5,6,18923,420
18918,5,6,1,490
18550,5,6,20402,0
18550,5,6,19662,70
18550,5,6,19292,350
18550,5,6,18922,420
18550,5,6,1,490
24856,5,6,26339,0
24856,5,6,25969,420
24856,5,6,25599,630
24856,5,6,25229,910
24856,5,6,24859,1190
24856,5,6,1,1400
15954,5,6,17435,0
15954,5,6,16695,70
15954,5,6,16325,350
15954,5,6,1,420
22260,5,6,23002,0
22260,5,6,22632,420
22260,5,6,22262,700
22260,5,6,1,910
16323,5,6,18176,0
16323,5,6,17436,70
16323,5,6,17066,350
16323,5,6,16696,420
16323,5,6,1,490
19287,5,6,20774,0
19287,5,6,20034,70
19287,5,6,19664,350
19287,5,6,19294,420
19287,5,6,1,490
14099,5,6,15580,0
14099,5,6,14840,70
14099,5,6,14470,350
14099,5,6,14100,420
14099,5,6,1,490
18169,5,6,20771,0
18169,5,6,20401,70
18169,5,6,20031,350
18169,5,6,19661,420
18169,5,6,19291,490
18169,5,6,18551,560
18169,5,6,18181,630
18169,5,6,1,700
17803,5,6,19660,0
17803,5,6,18920,70
17803,5,6,18550,350
17803,5,6,17810,420
17803,5,6,1,490
14470,5,6,15951,0
14470,5,6,15211,70
14470,5,6,14841,350
14470,5,6,14471,420
14470,5,6,1,490
21145,5,6,21519,0
21145,5,6,21149,350
21145,5,6,1,630
19658,5,6,20775,0
19658,5,6,20405,140
19658,5,6,20035,350
19658,5,6,19665,420
19658,5,6,1,490
24487,5,6,24858,0
24487,5,6,24488,350
24487,5,6,1,630
20027,5,6,21146,0
20027,5,6,20776,350
20027,5,6,20406,560
20027,5,6,20036,630
20027,5,6,1,700
16694,5,6,18547,0
16694,5,6,17807,70
16694,5,6,17437,350
16694,5,6,17067,420
16694,5,6,1,490
20764,5,6,21888,0
20764,5,6,21518,420
20764,5,6,21148,630
20764,5,6,20778,910
20764,5,6,1,1120
20036,5,6,21516,0
20036,5,6,21146,350
20036,5,6,20776,630
20036,5,6,20406,840
20036,5,6,20036,910
20036,5,6,1,980
20773,5,6,20778,0
20773,5,6,1,490
18911,5,6,20773,0
18911,5,6,20403,420
18911,5,6,20033,490
18911,5,6,19293,560
18911,5,6,18923,630
18911,5,6,1,700
18543,5,6,20772,0
18543,5,6,20032,420
18543,5,6,19662,490
18543,5,6,18922,560
18543,5,6,18552,630
18543,5,6,1,700
20407,5,6,21517,0
20407,5,6,21147,420
20407,5,6,20777,630
20407,5,6,1,910
15210,5,6,17063,0
15210,5,6,15953,70
15210,5,6,15583,350
15210,5,6,15213,420
15210,5,6,1,490
15579,5,6,17434,0
15579,5,6,16324,70
15579,5,6,15954,350
15579,5,6,15584,420
15579,5,6,1,490
18920,5,6,20773,0
18920,5,6,20033,70
18920,5,6,19663,350
18920,5,6,19293,420
18920,5,6,1,490
18552,5,6,21142,0
18552,5,6,20772,420
18552,5,6,20032,700
18552,5,6,19662,770
18552,5,6,18922,840
18552,5,6,18552,910
18552,5,6,1,980
19289,5,6,20774,0
19289,5,6,20404,70
19289,5,6,20034,350
19289,5,6,19294,420
19289,5,6,1,490
19280,5,6,21514,0
19280,5,6,21144,490
19280,5,6,20774,700
19280,5,6,20404,980
19280,5,6,19664,1050
19280,5,6,19294,1120
19280,5,6,1,1190
22262,5,6,23372,0
22262,5,6,23002,350
22262,5,6,22632,560
22262,5,6,22262,840
22262,5,6,1,1120
16325,5,6,17806,0
16325,5,6,17066,70
16325,5,6,16696,350
16325,5,6,1,420
22631,5,6,23743,0
22631,5,6,23373,140
22631,5,6,23003,490
22631,5,6,22633,770
22631,5,6,1,980
21885,5,6,23001,0
21885,5,6,22631,350
21885,5,6,22261,630
21885,5,6,21891,840
21885,5,6,1,1120
25595,5,6,26711,0
25595,5,6,26341,420
25595,5,6,25971,630
25595,5,6,25601,910
25595,5,6,1,1120
17068,5,6,20768,0
17068,5,6,20398,420
17068,5,6,20028,490
17068,5,6,19658,560
17068,5,6,18918,630
17068,5,6,18548,700
17068,5,6,17808,770
17068,5,6,17438,840
17068,5,6,17068,910
17068,5,6,1,980
17805,5,6,19660,0
17805,5,6,18920,70
17805,5,6,18550,350
17805,5,6,18180,420
17805,5,6,1,490
19651,5,6,21885,0
19651,5,6,21515,70
19651,5,6,21145,490
19651,5,6,20775,770
19651,5,6,20035,1050
19651,5,6,19665,1120
19651,5,6,1,1190
14841,5,6,15582,0
14841,5,6,15212,70
14841,5,6,14842,350
14841,5,6,1,420
21147,5,6,21149,0
21147,5,6,1,420
25226,5,6,27450,0
25226,5,6,27080,70
25226,5,6,26710,560
25226,5,6,26340,770
25226,5,6,25970,1050
25226,5,6,25600,1330
16696,5,6,18177,0
16696,5,6,17067,70
16696,5,6,16697,350
16696,5,6,1,420
20766,5,6,21148,0
20766,5,6,20778,420
20766,5,6,1,630
20029,5,6,20776,0
20029,5,6,20406,350
20029,5,6,20036,420
20029,5,6,1,490
18913,5,6,21143,0
18913,5,6,20773,70
18913,5,6,20403,560
18913,5,6,20033,630
18913,5,6,19293,700
18913,5,6,18923,770
18913,5,6,1,840
18545,5,6,20032,0
18545,5,6,19292,70
18545,5,6,18922,350
18545,5,6,18552,420
18545,5,6,1,490
1,6,7,1,0
15212,6,7,16323,0
15212,6,7,15583,70
15212,6,7,15213,350
15212,6,7,1,420
21518,6,7,22260,0
21518,6,7,21890,70
21518,6,7,21520,560
21518,6,7,1,770
15581,6,7,17434,0
15581,6,7,16694,70
15581,6,7,16324,350
15581,6,7,15954,420
15581,6,7,1,490
19282,6,7,21144,0
19282,6,7,20774,70
19282,6,7,20404,490
19282,6,7,19664,560
19282,6,7,19294,630
19282,6,7,1,700
16318,6,7,19286,0
16318,6,7,18546,70
16318,6,7,18176,350
16318,6,7,17436,420
16318,6,7,17066,490
16318,6,7,16326,560
16318,6,7,1,630
19291,6,7,20774,0
19291,6,7,20404,70
19291,6,7,20034,350
19291,6,7,19664,420
19291,6,7,1,490
25597,6,7,27821,0
25597,6,7,27451,140
25597,6,7,27081,560
25597,6,7,26711,840
25597,6,7,26341,1050
25597,6,7,25971,1330
15949,6,7,17805,0
15949,6,7,16695,70
15949,6,7,16325,350
15949,6,7,15955,420
15949,6,7,1,490
22633,6,7,23743,0
22633,6,7,23373,350
22633,6,7,23003,630
22633,6,7,22633,840
22633,6,7,1,1120
21140,6,7,21519,0
21140,6,7,21149,420
21140,6,7,1,630
17807,6,7,20030,0
17807,6,7,19290,70
17807,6,7,18920,350
17807,6,7,18180,420
17807,6,7,17810,490
17807,6,7,1,560
21149,6,7,21889,0
21149,6,7,21519,420
21149,6,7,21149,700
21149,6,7,1,910
20031,6,7,20776,0
20031,6,7,20036,420
20031,6,7,1,490
25228,6,7,26340,0
25228,6,7,25970,140
25228,6,7,25600,490
25228,6,7,25230,770
25228,6,7,1,980
23373,6,7,24485,0
23373,6,7,24115,140
23373,6,7,23745,490
23373,6,7,23375,770
23373,6,7,1,980
18538,6,7,21512,0
18538,6,7,21142,350
18538,6,7,20772,630
18538,6,7,20032,910
18538,6,7,19662,980
18538,6,7,18922,1050
18538,6,7,18552,1120
18538,6,7,1,1190
20402,6,7,20777,0
20402,6,7,20407,420
20402,6,7,1,490
26708,6,7,27824,0
26708,6,7,27454,420
26708,6,7,27084,700
26708,6,7,26714,910
26708,6,7,1,1190
23744,6,7,24856,0
23744,6,7,24486,140
23744,6,7,24116,490
23744,6,7,23746,770
23744,6,7,1,1050
18547,6,7,20402,0
18547,6,7,19662,70
18547,6,7,19292,350
18547,6,7,18552,420
18547,6,7,1,490
21520,6,7,22260,0
21520,6,7,21890,420
21520,6,7,21520,700
21520,6,7,1,910
15583,6,7,17064,0
15583,6,7,16324,70
15583,6,7,15954,350
15583,6,7,1,420
21889,6,7,22631,0
21889,6,7,22261,70
21889,6,7,21891,560
21889,6,7,1,770
15951,6,7,18175,0
15951,6,7,17065,70
15951,6,7,16695,350
15951,6,7,16325,420
15951,6,7,15955,490
15951,6,7,1,560
19293,6,7,20774,0
19293,6,7,20034,70
19293,6,7,19664,350
19293,6,7,1,420
16320,6,7,18176,0
16320,6,7,17066,70
16320,6,7,16696,350
16320,6,7,16326,420
16320,6,7,1,490
25968,6,7,28192,0
25968,6,7,27822,350
25968,6,7,27452,630
25968,6,7,27082,840
25968,6,7,26712,1120
25968,6,7,26342,1330
17063,6,7,18918,0
17063,6,7,18178,70
17063,6,7,17808,350
17063,6,7,17068,420
17063,6,7,1,490
17800,6,7,20770,0
17800,6,7,20400,420
17800,6,7,20030,490
17800,6,7,19660,560
17800,6,7,18920,630
17800,6,7,18550,700
17800,6,7,17810,770
17800,6,7,1,840
21142,6,7,21889,0
21142,6,7,21519,70
21142,6,7,21149,560
21142,6,7,1,770
17809,6,7,19660,0
17809,6,7,18550,70
17809,6,7,18180,350
17809,6,7,17810,420
17809,6,7,1,490
24115,6,7,25227,0
24115,6,7,24857,140
24115,6,7,24487,490
24115,6,7,24117,770
24115,6,7,1,1050
18178,6,7,20031,0
18178,6,7,19291,70
18178,6,7,18921,350
18178,6,7,18551,420
18178,6,7,1,490
20024,6,7,21146,0
20024,6,7,20776,140
20024,6,7,20406,560
20024,6,7,20036,630
20024,6,7,1,700
25230,6,7,26340,0
25230,6,7,25970,210
25230,6,7,25600,560
25230,6,7,25230,840
25230,6,7,1,1050
23375,6,7,24485,0
23375,6,7,24115,210
23375,6,7,23745,560
23375,6,7,23375,840
23375,6,7,1,1050
20395,6,7,21147,0
20395,6,7,20777,350
20395,6,7,1,630
18540,6,7,20772,0
18540,6,7,20402,350
18540,6,7,20032,420
18540,6,7,19662,490
18540,6,7,18922,560
18540,6,7,18552,630
18540,6,7,1,700
20404,6,7,20777,0
20404,6,7,20407,420
20404,6,7,1,490
26710,6,7,28934,0
26710,6,7,28564,350
26710,6,7,28194,630
26710,6,7,27824,840
26710,6,7,27454,1120
26710,6,7,27084,1330
27079,6,7,28195,0
27079,6,7,27825,420
27079,6,7,27455,630
27079,6,7,27085,910
27079,6,7,1,1120
23746,6,7,24856,0
23746,6,7,24486,350
23746,6,7,24116,560
23746,6,7,23746,840
23746,6,7,1,1120
19286,6,7,20774,0
19286,6,7,20404,420
19286,6,7,20034,490
19286,6,7,19294,560
19286,6,7,1,630
18549,6,7,20402,0
18549,6,7,19662,70
18549,6,7,19292,350
18549,6,7,18922,420
18549,6,7,1,490
24855,6,7,27079,0
24855,6,7,26709,140
24855,6,7,26339,560
24855,6,7,25969,840
24855,6,7,25599,1050
24855,6,7,25229,1330
21891,6,7,22631,0
21891,6,7,22261,420
21891,6,7,21891,700
21891,6,7,1,910
16322,6,7,18546,0
16322,6,7,17436,70
16322,6,7,17066,350
16322,6,7,16696,420
16322,6,7,16326,490
16322,6,7,1,560
25970,6,7,27082,0
25970,6,7,26712,140
25970,6,7,26342,490
25970,6,7,25972,770
25970,6,7,1,1050
17065,6,7,18918,0
17065,6,7,18178,70
17065,6,7,17808,350
17065,6,7,17438,420
17065,6,7,1,490
14469,6,7,16321,0
14469,6,7,15951,70
14469,6,7,15581,350
14469,6,7,15211,420
14469,6,7,14471,490
14469,6,7,1,560
18171,6,7,21141,0
18171,6,7,20771,70
18171,6,7,20401,490
18171,6,7,19661,560
18171,6,7,19291,630
18171,6,7,18551,700
18171,6,7,18181,770
18171,6,7,1,840
14838,6,7,16322,0
14838,6,7,15952,70
14838,6,7,15582,350
14838,6,7,14842,420
14838,6,7,1,490
21144,6,7,21519,0
21144,6,7,21149,420
21144,6,7,1,630
27450,6,7,28566,0
27450,6,7,28196,420
27450,6,7,27826,700
27450,6,7,27456,910
27450,6,7,1,1190
24117,6,7,25227,0
24117,6,7,24857,350
24117,6,7,24487,560
24117,6,7,24117,840
24117,6,7,1,1120
18180,6,7,19661,0
18180,6,7,18921,70
18180,6,7,18551,350
18180,6,7,1,420
24486,6,7,25598,0
24486,6,7,25228,140
24486,6,7,24858,560
24486,6,7,24488,770
24486,6,7,1,1050
20026,6,7,21516,0
20026,6,7,21146,70
20026,6,7,20776,490
20026,6,7,20406,700
20026,6,7,20036,770
20026,6,7,1,840
19660,6,7,20775,0
19660,6,7,20405,350
19660,6,7,19665,420
19660,6,7,1,490
17433,6,7,18919,0
17433,6,7,18179,70
17433,6,7,17809,350
17433,6,7,17439,420
17433,6,7,1,490
18542,6,7,21142,0
18542,6,7,20772,70
18542,6,7,20032,560
18542,6,7,19662,630
18542,6,7,18922,700
18542,6,7,18552,770
18542,6,7,1,840
20406,6,7,20777,0
20406,6,7,20407,350
20406,6,7,1,420
26712,6,7,27824,0
26712,6,7,27454,140
26712,6,7,27084,490
26712,6,7,26714,770
26712,6,7,1,1050
20775,6,7,21148,0
20775,6,7,20778,70
20775,6,7,1,490
27081,6,7,29305,0
27081,6,7,28935,140
27081,6,7,28565,560
27081,6,7,28195,840
27081,6,7,27825,1050
27081,6,7,27455,1330
18551,6,7,20032,0
18551,6,7,19292,70
18551,6,7,18922,350
18551,6,7,1,420
24857,6,7,25969,0
24857,6,7,25599,140
24857,6,7,25229,560
24857,6,7,24859,770
24857,6,7,1,1050
15578,6,7,17064,0
15578,6,7,16324,70
15578,6,7,15954,350
15578,6,7,15584,420
15578,6,7,1,490
19288,6,7,20774,0
19288,6,7,20034,70
19288,6,7,19664,350
19288,6,7,19294,420
19288,6,7,1,490
16324,6,7,18176,0
16324,6,7,17436,70
16324,6,7,17066,350
16324,6,7,16696,420
16324,6,7,1,490
22630,6,7,24113,0
22630,6,7,23743,420
22630,6,7,23373,700
22630,6,7,23003,910
22630,6,7,22633,1190
22630,6,7,1,1400
21515,6,7,21890,0
21515,6,7,21520,420
21515,6,7,1,630
17058,6,7,20768,0
17058,6,7,20398,70
17058,6,7,20028,350
17058,6,7,19658,420
17058,6,7,18918,490
17058,6,7,18548,560
17058,6,7,18178,630
17058,6,7,17438,700
17058,6,7,17068,770
17058,6,7,1,840
18922,6,7,20403,0
18922,6,7,19663,70
18922,6,7,19293,350
18922,6,7,1,420
25972,6,7,27082,0
25972,6,7,26712,350
25972,6,7,26342,560
25972,6,7,25972,840
25972,6,7,1,1120
17067,6,7,18548,0
17067,6,7,17808,70
17067,6,7,17438,350
17067,6,7,1,420
17804,6,7,19660,0
17804,6,7,18920,70
17804,6,7,18550,350
17804,6,7,18180,420
17804,6,7,1,490
14471,6,7,19651,0
14471,6,7,19281,70
14471,6,7,18911,350
14471,6,7,18171,420
14471,6,7,17801,490
14471,6,7,17431,560
14471,6,7,16691,630
14471,6,7,16321,700
14471,6,7,15581,770
14471,6,7,15211,840
14471,6,7,14841,910
14471,6,7,1,980
14840,6,7,16322,0
14840,6,7,15952,70
14840,6,7,15582,350
14840,6,7,14842,420
14840,6,7,1,490
21146,6,7,21149,0
21146,6,7,1,420
27452,6,7,29676,0
27452,6,7,29306,350
27452,6,7,28936,630
27452,6,7,28566,840
27452,6,7,28196,1120
27452,6,7,27826,1400
27821,6,7,28937,0
27821,6,7,28567,490
27821,6,7,28197,700
27821,6,7,27827,980
27821,6,7,1,1190
24488,6,7,25598,0
24488,6,7,25228,350
24488,6,7,24858,630
24488,6,7,24488,840
24488,6,7,1,1120
19662,6,7,20775,0
19662,6,7,20405,350
19662,6,7,20035,420
19662,6,7,1,490
20399,6,7,21147,0
20399,6,7,20777,70
20399,6,7,20407,560
20399,6,7,1,630
26337,6,7,27453,0
26337,6,7,27083,420
26337,6,7,26713,700
26337,6,7,26343,910
26337,6,7,1,1190
17435,6,7,19289,0
17435,6,7,18549,70
17435,6,7,18179,350
17435,6,7,17809,420
17435,6,7,17439,490
17435,6,7,1,560
23004,6,7,24114,0
23004,6,7,23744,350
23004,6,7,23374,630
23004,6,7,23004,840
23004,6,7,1,1120
20768,6,7,21518,0
20768,6,7,21148,70
20768,6,7,20778,560
20768,6,7,1,770
19281,6,7,21144,0
19281,6,7,20774,70
19281,6,7,20404,490
19281,6,7,19664,560
19281,6,7,19294,630
19281,6,7,1,700
20777,6,7,20778,0
20777,6,7,1,420
15211,6,7,17063,0
15211,6,7,16323,70
15211,6,7,15953,350
15211,6,7,15213,420
15211,6,7,1,490
27083,6,7,28195,0
27083,6,7,27825,140
27083,6,7,27455,490
27083,6,7,27085,770
27083,6,7,1,1050
15580,6,7,17804,0
15580,6,7,16694,70
15580,6,7,16324,350
15580,6,7,15954,420
15580,6,7,15584,490
15580,6,7,1,560
18544,6,7,20772,0
18544,6,7,20402,350
18544,6,7,19662,420
18544,6,7,19292,490
18544,6,7,18552,560
18544,6,7,1,630
16326,6,7,20766,0
16326,6,7,20396,350
16326,6,7,20026,420
16326,6,7,19286,490
16326,6,7,18916,560
16326,6,7,18546,630
16326,6,7,17806,700
16326,6,7,17436,770
16326,6,7,16696,840
16326,6,7,16326,910
16326,6,7,1,980
18915,6,7,20773,0
18915,6,7,20033,420
18915,6,7,19663,490
18915,6,7,18923,560
18915,6,7,1,630
25599,6,7,26711,0
25599,6,7,26341,140
25599,6,7,25971,490
25599,6,7,25601,770
25599,6,7,1,980
21139,6,7,22259,0
21139,6,7,21889,420
21139,6,7,21519,630
21139,6,7,21149,910
21139,6,7,1,1120
17806,6,7,20030,0
17806,6,7,19290,70
17806,6,7,18920,350
17806,6,7,18550,420
17806,6,7,17810,490
17806,6,7,1,560
14842,6,7,19652,0
14842,6,7,18912,70
14842,6,7,18542,350
14842,6,7,18172,420
14842,6,7,17802,490
14842,6,7,17062,560
14842,6,7,16692,630
14842,6,7,15952,700
14842,6,7,15582,770
14842,6,7,15212,840
14842,6,7,1,910
21148,6,7,21149,0
21148,6,7,1,490
25227,6,7,26710,0
25227,6,7,26340,420
25227,6,7,25970,630
25227,6,7,25600,910
25227,6,7,25230,1120
25227,6,7,1,1400
19655,6,7,21145,0
19655,6,7,20775,420
19655,6,7,20035,700
19655,6,7,19665,770
19655,6,7,1,840
16691,6,7,18177,0
16691,6,7,17437,70
16691,6,7,17067,350
16691,6,7,16697,420
16691,6,7,1,490
17428,6,7,20769,0
17428,6,7,20399,350
17428,6,7,19659,420
17428,6,7,19289,490
17428,6,7,18919,560
17428,6,7,18179,630
17428,6,7,17809,700
17428,6,7,1,770
19664,6,7,20775,0
19664,6,7,20405,70
19664,6,7,20035,350
19664,6,7,1,420
13358,6,7,18538,0
13358,6,7,18168,350
13358,6,7,17428,420
13358,6,7,17058,490
13358,6,7,16688,560
13358,6,7,15948,630
13358,6,7,15578,700
13358,6,7,14838,770
13358,6,7,14468,840
13358,6,7,14098,910
13358,6,7,13358,980
13358,6,7,1,1050
20033,6,7,20776,0
20033,6,7,20406,420
20033,6,7,1,490
20770,6,7,21148,0
20770,6,7,20778,350
20770,6,7,1,630
26339,6,7,28563,0
26339,6,7,28193,350
26339,6,7,27823,630
26339,6,7,27453,840
26339,6,7,27083,1120
26339,6,7,26713,1330
23743,6,7,25226,0
23743,6,7,24856,420
23743,6,7,24486,700
23743,6,7,24116,910
23743,6,7,23746,1190
23743,6,7,1,1400
17437,6,7,19289,0
17437,6,7,18549,70
17437,6,7,18179,350
17437,6,7,17809,420
17437,6,7,1,490
20401,6,7,20777,0
20401,6,7,20407,420
20401,6,7,1,490
15582,6,7,17434,0
15582,6,7,16694,70
15582,6,7,16324,350
15582,6,7,15954,420
15582,6,7,1,490
16319,6,7,17806,0
16319,6,7,17066,70
16319,6,7,16696,350
16319,6,7,16326,420
16319,6,7,1,490
21888,6,7,23001,0
21888,6,7,22631,350
21888,6,7,22261,630
21888,6,7,21891,910
21888,6,7,1,1120
15953,6,7,17805,0
15953,6,7,17065,70
15953,6,7,16695,350
15953,6,7,16325,420
15953,6,7,1,490
22259,6,7,23742,0
22259,6,7,23372,350
22259,6,7,23002,630
22259,6,7,22632,840
22259,6,7,22262,1120
22259,6,7,1,1330
17062,6,7,18548,0
17062,6,7,17808,70
17062,6,7,17438,350
17062,6,7,17068,420
17062,6,7,1,490
18168,6,7,20771,0
18168,6,7,20401,70
18168,6,7,20031,350
18168,6,7,19661,420
18168,6,7,19291,490
18168,6,7,18551,560
18168,6,7,18181,630
18168,6,7,1,700
25601,6,7,26711,0
25601,6,7,26341,210
25601,6,7,25971,560
25601,6,7,25601,840
25601,6,7,1,1050
21141,6,7,21519,0
21141,6,7,21149,420
21141,6,7,1,630
17808,6,7,20030,0
17808,6,7,19290,70
17808,6,7,18920,350
17808,6,7,18180,420
17808,6,7,17810,490
17808,6,7,1,560
18177,6,7,20401,0
18177,6,7,19661,70
18177,6,7,19291,350
18177,6,7,18551,420
18177,6,7,18181,490
18177,6,7,1,560
15209,6,7,17063,0
15209,6,7,16323,70
15209,6,7,15953,350
15209,6,7,15213,420
15209,6,7,1,490
19657,6,7,21145,0
19657,6,7,20775,70
19657,6,7,20405,490
19657,6,7,19665,560
19657,6,7,1,630
16693,6,7,18547,0
16693,6,7,17807,70
16693,6,7,17437,350
16693,6,7,17067,420
16693,6,7,16697,490
16693,6,7,1,560
17430,6,7,20769,0
17430,6,7,20029,70
17430,6,7,19659,350
17430,6,7,18919,420
17430,6,7,18549,490
17430,6,7,17809,560
17430,6,7,17439,630
17430,6,7,1,700
18539,6,7,20772,0
18539,6,7,20402,350
18539,6,7,20032,420
18539,6,7,19662,490
18539,6,7,18922,560
18539,6,7,18552,630
18539,6,7,1,700
20403,6,7,20777,0
20403,6,7,1,490
26709,6,7,28194,0
26709,6,7,27824,140
26709,6,7,27454,560
26709,6,7,27084,770
26709,6,7,26714,1050
26709,6,7,1,1260
20772,6,7,20778,0
20772,6,7,1,420
26341,6,7,27453,0
26341,6,7,27083,140
26341,6,7,26713,490
26341,6,7,26343,770
26341,6,7,1,1050
23745,6,7,24116,0
23745,6,7,23746,350
23745,6,7,1,630
17439,6,7,21139,0
17439,6,7,20769,70
17439,6,7,20399,490
17439,6,7,20029,560
17439,6,7,19289,630
17439,6,7,18919,700
17439,6,7,18549,770
17439,6,7,17809,840
17439,6,7,17439,910
17439,6,7,1,980
20035,6,7,20776,0
20035,6,7,20406,350
20035,6,7,1,420
15584,6,7,20764,0
15584,6,7,20024,70
15584,6,7,19654,350
15584,6,7,18914,420
15584,6,7,18544,490
15584,6,7,18174,560
15584,6,7,17434,630
15584,6,7,17064,700
15584,6,7,16324,770
15584,6,7,15954,840
15584,6,7,15584,910
15584,6,7,1,980
13729,6,7,18539,0
13729,6,7,18169,350
13729,6,7,17429,420
13729,6,7,17059,490
13729,6,7,16689,560
13729,6,7,15949,630
13729,6,7,15579,700
13729,6,7,14839,770
13729,6,7,14469,840
13729,6,7,14099,910
13729,6,7,1,980
18910,6,7,20773,0
18910,6,7,20403,420
18910,6,7,20033,490
18910,6,7,19293,560
18910,6,7,18923,630
18910,6,7,1,700
18919,6,7,20773,0
18919,6,7,20403,70
18919,6,7,20033,350
18919,6,7,19293,420
18919,6,7,18923,490
18919,6,7,1,560
15955,6,7,20765,0
15955,6,7,20395,70
15955,6,7,20025,350
15955,6,7,19655,420
15955,6,7,18915,490
15955,6,7,18545,560
15955,6,7,18175,630
15955,6,7,17435,700
15955,6,7,17065,770
15955,6,7,16325,840
15955,6,7,15955,910
15955,6,7,1,980
17064,6,7,18918,0
17064,6,7,18178,70
17064,6,7,17808,350
17064,6,7,17438,420
17064,6,7,17068,490
17064,6,7,1,560
22261,6,7,22632,0
22261,6,7,22262,350
22261,6,7,1,630
17801,6,7,20770,0
17801,6,7,20400,70
17801,6,7,20030,350
17801,6,7,19660,420
17801,6,7,18920,490
17801,6,7,18550,560
17801,6,7,18180,630
17801,6,7,1,700
14100,6,7,19280,0
14100,6,7,18910,70
14100,6,7,18540,350
14100,6,7,17800,420
14100,6,7,17430,490
14100,6,7,17060,560
14100,6,7,16320,630
14100,6,7,15950,700
14100,6,7,15210,770
14100,6,7,14840,840
14100,6,7,14470,910
14100,6,7,1,980
21143,6,7,21889,0
21143,6,7,21519,70
21143,6,7,21149,560
21143,6,7,1,770
18179,6,7,20031,0
18179,6,7,19291,70
18179,6,7,18921,350
18179,6,7,18551,420
18179,6,7,18181,490
18179,6,7,1,560
24485,6,7,25968,0
24485,6,7,25598,420
24485,6,7,25228,700
24485,6,7,24858,910
24485,6,7,24488,1190
24485,6,7,1,1400
19659,6,7,20775,0
19659,6,7,20405,140
19659,6,7,20035,350
19659,6,7,19665,420
19659,6,7,1,490
20396,6,7,21517,0
20396,6,7,21147,70
20396,6,7,20777,490
20396,6,7,1,770
20028,6,7,21146,0
20028,6,7,20776,70
20028,6,7,20036,560
20028,6,7,1,630
16695,6,7,18547,0
16695,6,7,17807,70
16695,6,7,17437,350
16695,6,7,17067,420
16695,6,7,1,490
17432,6,7,18919,0
17432,6,7,18179,70
17432,6,7,17809,350
17432,6,7,17439,420
17432,6,7,1,490
20765,6,7,21148,0
20765,6,7,20778,420
20765,6,7,1,630
20405,6,7,20777,0
20405,6,7,20407,420
20405,6,7,1,490
23001,6,7,24854,0
23001,6,7,24484,70
23001,6,7,24114,420
23001,6,7,23744,700
23001,6,7,23374,980
23001,6,7,23004,1190
23001,6,7,1,1470
20774,6,7,21148,0
20774,6,7,20778,70
20774,6,7,1,490
26343,6,7,27453,0
26343,6,7,27083,350
26343,6,7,26713,560
26343,6,7,26343,840
26343,6,7,1,1120
27080,6,7,28565,0
27080,6,7,28195,140
27080,6,7,27825,490
27080,6,7,27455,770
27080,6,7,27085,980
27080,6,7,1,1260
19280,6,7,21884,0
19280,6,7,21514,70
19280,6,7,21144,490
19280,6,7,20774,700
19280,6,7,20404,980
19280,6,7,19664,1050
19280,6,7,19294,1120
19280,6,7,1,1190
18912,6,7,21143,0
18912,6,7,20773,70
18912,6,7,20403,560
18912,6,7,19663,630
18912,6,7,19293,700
18912,6,7,18923,770
18912,6,7,1,840
15948,6,7,17435,0
15948,6,7,16695,70
15948,6,7,16325,350
15948,6,7,15955,420
15948,6,7,1,490
21517,6,7,22260,0
21517,6,7,21890,70
21517,6,7,21520,560
21517,6,7,1,770
18921,6,7,20773,0
18921,6,7,20033,70
18921,6,7,19663,350
18921,6,7,19293,420
18921,6,7,18923,490
18921,6,7,1,560
19290,6,7,20774,0
19290,6,7,20404,350
19290,6,7,19664,420
19290,6,7,19294,490
19290,6,7,1,560
24859,6,7,25969,0
24859,6,7,25599,350
24859,6,7,25229,560
24859,6,7,24859,840
24859,6,7,1,1120
17066,6,7,18918,0
17066,6,7,18178,70
17066,6,7,17808,350
17066,6,7,17438,420
17066,6,7,1,490
22632,6,7,23003,0
22632,6,7,22633,350
22632,6,7,1,630
18172,6,7,20771,0
18172,6,7,20401,350
18172,6,7,19661,420
18172,6,7,19291,490
18172,6,7,18921,560
18172,6,7,18181,630
18172,6,7,1,700
14839,6,7,16322,0
14839,6,7,15952,70
14839,6,7,15582,350
14839,6,7,14842,420
14839,6,7,1,490
18181,6,7,21141,0
18181,6,7,20771,350
18181,6,7,20401,630
18181,6,7,19661,700
18181,6,7,19291,770
18181,6,7,18921,840
18181,6,7,18181,910
18181,6,7,1,980
19661,6,7,20775,0
19661,6,7,20035,420
19661,6,7,19665,490
19661,6,7,1,560
20398,6,7,21147,0
20398,6,7,20777,350
20398,6,7,20407,630
20398,6,7,1,700
20030,6,7,20776,0
20030,6,7,20406,350
20030,6,7,20036,420
20030,6,7,1,490
16697,6,7,20767,0
16697,6,7,20397,420
16697,6,7,19657,490
16697,6,7,19287,560
16697,6,7,18547,630
16697,6,7,18177,700
16697,6,7,17807,770
16697,6,7,17067,840
16697,6,7,16697,910
16697,6,7,1,980
17434,6,7,19289,0
17434,6,7,18549,70
17434,6,7,18179,350
17434,6,7,17439,420
17434,6,7,1,490
23003,6,7,23374,0
23003,6,7,23004,350
23003,6,7,1,630
20767,6,7,21518,0
20767,6,7,21148,70
20767,6,7,20778,560
20767,6,7,1,770
23372,6,7,24855,0
23372,6,7,24485,420
23372,6,7,24115,700
23372,6,7,23745,910
23372,6,7,23375,1190
23372,6,7,1,1400
20776,6,7,21148,0
20776,6,7,20778,70
20776,6,7,1,490
27082,6,7,28565,0
27082,6,7,28195,420
27082,6,7,27825,700
27082,6,7,27455,910
27082,6,7,27085,1190
27082,6,7,1,1400
18914,6,7,20773,0
18914,6,7,20403,420
18914,6,7,20033,490
18914,6,7,19663,560
18914,6,7,18923,630
18914,6,7,1,700
15213,6,7,20393,0
15213,6,7,19283,70
15213,6,7,18913,350
15213,6,7,18543,420
15213,6,7,18173,490
15213,6,7,17433,560
15213,6,7,17063,630
15213,6,7,16323,700
15213,6,7,15953,770
15213,6,7,15583,840
15213,6,7,1,910
21519,6,7,21520,0
21519,6,7,1,490
15950,6,7,17805,0
15950,6,7,17065,70
15950,6,7,16695,350
15950,6,7,15955,420
15950,6,7,1,490
18923,6,7,21513,0
18923,6,7,21143,70
18923,6,7,20773,490
18923,6,7,20403,700
18923,6,7,20033,770
18923,6,7,19663,840
18923,6,7,18923,910
18923,6,7,1,980
17059,6,7,20398,0
17059,6,7,19658,70
17059,6,7,19288,350
17059,6,7,18548,420
17059,6,7,18178,490
17059,6,7,17438,560
17059,6,7,17068,630
17059,6,7,1,700
19292,6,7,20774,0
19292,6,7,20404,70
19292,6,7,20034,350
19292,6,7,19664,420
19292,6,7,19294,490
19292,6,7,1,560
25598,6,7,27081,0
25598,6,7,26711,420
25598,6,7,26341,630
25598,6,7,25971,910
25598,6,7,25601,1190
25598,6,7,1,1400
19283,6,7,21144,0
19283,6,7,20774,350
19283,6,7,20034,630
19283,6,7,19664,700
19283,6,7,19294,770
19283,6,7,1,840
25967,6,7,27452,0
25967,6,7,27082,140
25967,6,7,26712,560
25967,6,7,26342,770
25967,6,7,25972,1050
25967,6,7,1,1260
24114,6,7,25597,0
24114,6,7,25227,420
24114,6,7,24857,630
24114,6,7,24487,910
24114,6,7,24117,1190
24114,6,7,1,1400
19654,6,7,21145,0
19654,6,7,20775,420
19654,6,7,20405,630
19654,6,7,20035,700
19654,6,7,19665,770
19654,6,7,1,840
20023,6,7,21146,0
20023,6,7,20776,140
20023,6,7,20406,560
20023,6,7,20036,630
20023,6,7,1,700
16690,6,7,18177,0
16690,6,7,17437,70
16690,6,7,17067,350
16690,6,7,16697,420
16690,6,7,1,490
19663,6,7,20775,0
19663,6,7,20405,350
19663,6,7,20035,420
19663,6,7,19665,490
19663,6,7,1,560
20400,6,7,20777,0
20400,6,7,1,420
20032,6,7,20776,0
20032,6,7,20406,420
20032,6,7,20036,490
20032,6,7,1,560
26338,6,7,27823,0
26338,6,7,27453,140
26338,6,7,27083,560
26338,6,7,26713,770
26338,6,7,26343,1050
26338,6,7,1,1260
17436,6,7,19289,0
17436,6,7,18549,70
17436,6,7,18179,350
17436,6,7,17809,420
17436,6,7,1,490
25229,6,7,25600,0
25229,6,7,25230,350
25229,6,7,1,630
23374,6,7,23745,0
23374,6,7,23375,350
23374,6,7,1,630
20769,6,7,21148,0
20769,6,7,20778,420
20769,6,7,1,630
20778,6,7,21518,0
20778,6,7,21148,420
20778,6,7,20778,700
20778,6,7,1,910
21512,6,7,22630,0
21512,6,7,22260,420
21512,6,7,21890,630
21512,6,7,21520,910
21512,6,7,1,1120
18916,6,7,20403,0
18916,6,7,19663,70
18916,6,7,19293,350
18916,6,7,18923,420
18916,6,7,1,490
18548,6,7,20772,0
18548,6,7,20032,70
18548,6,7,19662,350
18548,6,7,18922,420
18548,6,7,18552,490
18548,6,7,1,560
15952,6,7,17805,0
15952,6,7,17065,70
15952,6,7,16695,350
15952,6,7,16325,420
15952,6,7,1,490
17061,6,7,18548,0
17061,6,7,17808,70
17061,6,7,17438,350
17061,6,7,17068,420
17061,6,7,1,490
21890,6,7,21891,0
21890,6,7,1,420
16321,6,7,18176,0
16321,6,7,17436,70
16321,6,7,17066,350
16321,6,7,16326,420
16321,6,7,1,490
19294,6,7,21514,0
19294,6,7,21144,70
19294,6,7,20774,560
19294,6,7,20404,770
19294,6,7,20034,840
19294,6,7,19294,910
19294,6,7,1,980
25600,6,7,25971,0
25600,6,7,25601,350
25600,6,7,1,560
25969,6,7,27452,0
25969,6,7,27082,420
25969,6,7,26712,700
25969,6,7,26342,910
25969,6,7,25972,1190
25969,6,7,1,1470
18176,6,7,20031,0
18176,6,7,19291,70
18176,6,7,18921,350
18176,6,7,18181,420
18176,6,7,1,490
14468,6,7,16321,0
14468,6,7,15951,70
14468,6,7,15581,350
14468,6,7,15211,420
14468,6,7,14471,490
14468,6,7,1,560
17810,6,7,21140,0
17810,6,7,20770,350
17810,6,7,20030,630
17810,6,7,19660,700
17810,6,7,18920,770
17810,6,7,18550,840
17810,6,7,18180,910
17810,6,7,1,980
24116,6,7,24487,0
24116,6,7,24117,350
24116,6,7,1,630
20025,6,7,21516,0
20025,6,7,21146,70
20025,6,7,20776,490
20025,6,7,20406,700
20025,6,7,20036,770
20025,6,7,1,840
16692,6,7,18547,0
16692,6,7,17807,70
16692,6,7,17437,350
16692,6,7,16697,420
16692,6,7,1,490
17429,6,7,20769,0
17429,6,7,20399,350
17429,6,7,20029,420
17429,6,7,19289,490
17429,6,7,18919,560
17429,6,7,18549,630
17429,6,7,17809,700
17429,6,7,17439,770
17429,6,7,1,840
19665,6,7,21515,0
19665,6,7,21145,140
19665,6,7,20775,560
19665,6,7,20405,840
19665,6,7,19665,910
19665,6,7,1,980
13728,6,7,15209,0
13728,6,7,14469,70
13728,6,7,14099,350
13728,6,7,13729,420
13728,6,7,1,490
20034,6,7,20776,0
20034,6,7,20406,420
20034,6,7,20036,490
20034,6,7,1,560
20771,6,7,20778,0
20771,6,7,1,420
17438,6,7,18919,0
17438,6,7,18179,70
17438,6,7,17809,350
17438,6,7,1,420
26340,6,7,27823,0
26340,6,7,27453,420
26340,6,7,27083,700
26340,6,7,26713,910
26340,6,7,26343,1190
26340,6,7,1,1470
26711,6,7,28194,0
26711,6,7,27824,420
26711,6,7,27454,700
26711,6,7,27084,910
26711,6,7,26714,1190
26711,6,7,1,1400
21514,6,7,22630,0
21514,6,7,22260,420
21514,6,7,21890,630
21514,6,7,21520,910
21514,6,7,1,1120
18918,6,7,20773,0
18918,6,7,20033,70
18918,6,7,19663,350
18918,6,7,18923,420
18918,6,7,1,490
18550,6,7,20402,0
18550,6,7,19662,70
18550,6,7,19292,350
18550,6,7,18922,420
18550,6,7,18552,490
18550,6,7,1,560
24856,6,7,26339,0
24856,6,7,25969,420
24856,6,7,25599,700
24856,6,7,25229,910
24856,6,7,24859,1190
24856,6,7,1,1400
15954,6,7,17435,0
15954,6,7,16695,70
15954,6,7,16325,350
15954,6,7,1,420
22260,6,7,23002,0
22260,6,7,22632,420
22260,6,7,22262,700
22260,6,7,1,910
16323,6,7,18176,0
16323,6,7,17436,70
16323,6,7,17066,350
16323,6,7,16696,420
16323,6,7,1,490
19287,6,7,20774,0
19287,6,7,20034,70
19287,6,7,19664,350
19287,6,7,19294,420
19287,6,7,1,490
18169,6,7,20771,0
18169,6,7,20401,70
18169,6,7,20031,350
18169,6,7,19661,420
18169,6,7,19291,490
18169,6,7,18551,560
18169,6,7,18181,630
18169,6,7,1,700
14099,6,7,15580,0
14099,6,7,14840,70
14099,6,7,14470,350
14099,6,7,14100,420
14099,6,7,1,490
25971,6,7,26342,0
25971,6,7,25972,350
25971,6,7,1,630
17803,6,7,19660,0
17803,6,7,18920,70
17803,6,7,18550,350
17803,6,7,17810,420
17803,6,7,1,490
14470,6,7,15951,0
14470,6,7,15211,70
14470,6,7,14841,350
14470,6,7,14471,420
14470,6,7,1,490
21145,6,7,21519,0
21145,6,7,21149,350
21145,6,7,1,630
27451,6,7,28936,0
27451,6,7,28566,140
27451,6,7,28196,560
27451,6,7,27826,770
27451,6,7,27456,1050
27451,6,7,1,1330
19658,6,7,20775,0
19658,6,7,20405,140
19658,6,7,20035,350
19658,6,7,19665,420
19658,6,7,1,490
24487,6,7,24858,0
24487,6,7,24488,420
24487,6,7,1,630
20027,6,7,21146,0
20027,6,7,20776,350
20027,6,7,20036,630
20027,6,7,1,700
16694,6,7,18547,0
16694,6,7,17807,70
16694,6,7,17437,350
16694,6,7,17067,420
16694,6,7,1,490
20764,6,7,21888,0
20764,6,7,21518,420
20764,6,7,21148,630
20764,6,7,20778,910
20764,6,7,1,1120
20036,6,7,21516,0
20036,6,7,21146,350
20036,6,7,20776,630
20036,6,7,20036,910
20036,6,7,1,980
20773,6,7,20778,0
20773,6,7,1,490
26342,6,7,26713,0
26342,6,7,26343,350
26342,6,7,1,630
18911,6,7,20773,0
18911,6,7,20403,420
18911,6,7,20033,490
18911,6,7,19293,560
18911,6,7,18923,630
18911,6,7,1,700
18543,6,7,20772,0
18543,6,7,20032,420
18543,6,7,19662,490
18543,6,7,19292,560
18543,6,7,18552,630
18543,6,7,1,700
20407,6,7,21517,0
20407,6,7,21147,420
20407,6,7,20777,630
20407,6,7,20407,910
20407,6,7,1,980
21516,6,7,21890,0
21516,6,7,21520,420
21516,6,7,1,630
26713,6,7,27084,0
26713,6,7,26714,350
26713,6,7,1,630
18920,6,7,20773,0
18920,6,7,20033,70
18920,6,7,19663,350
18920,6,7,19293,420
18920,6,7,1,490
18552,6,7,21142,0
18552,6,7,20772,420
18552,6,7,20032,700
18552,6,7,19662,770
18552,6,7,19292,840
18552,6,7,18552,910
18552,6,7,1,980
24858,6,7,25229,0
24858,6,7,24859,350
24858,6,7,1,630
19289,6,7,20774,0
19289,6,7,20404,70
19289,6,7,20034,350
19289,6,7,19294,420
19289,6,7,1,490
15210,6,7,17063,0
15210,6,7,16323,70
15210,6,7,15953,350
15210,6,7,15213,420
15210,6,7,1,490
16325,6,7,17806,0
16325,6,7,17066,70
16325,6,7,16696,350
16325,6,7,1,420
22631,6,7,23743,0
22631,6,7,23373,140
22631,6,7,23003,490
22631,6,7,22633,770
22631,6,7,1,980
15579,6,7,17434,0
15579,6,7,16694,70
15579,6,7,16324,350
15579,6,7,15584,420
15579,6,7,1,490
22262,6,7,23372,0
22262,6,7,23002,350
22262,6,7,22632,630
22262,6,7,22262,840
22262,6,7,1,1120
21885,6,7,23001,0
21885,6,7,22631,350
21885,6,7,22261,630
21885,6,7,21891,840
21885,6,7,1,1120
23002,6,7,24114,0
23002,6,7,23744,140
23002,6,7,23374,560
23002,6,7,23004,770
23002,6,7,1,1050
17068,6,7,20768,0
17068,6,7,20028,490
17068,6,7,19658,560
17068,6,7,18918,630
17068,6,7,18548,700
17068,6,7,18178,770
17068,6,7,17438,840
17068,6,7,17068,910
17068,6,7,1,980
17805,6,7,19660,0
17805,6,7,18920,70
17805,6,7,18550,350
17805,6,7,18180,420
17805,6,7,1,490
19651,6,7,21885,0
19651,6,7,21515,70
19651,6,7,21145,560
19651,6,7,20775,770
19651,6,7,20035,1050
19651,6,7,19665,1120
19651,6,7,1,1190
14841,6,7,15582,0
14841,6,7,15212,70
14841,6,7,14842,350
14841,6,7,1,420
21147,6,7,21149,0
21147,6,7,1,420
27453,6,7,29306,0
27453,6,7,28936,140
27453,6,7,28566,490
27453,6,7,28196,770
27453,6,7,27826,980
27453,6,7,27456,1260
27453,6,7,1,1470
25226,6,7,27450,0
25226,6,7,27080,70
25226,6,7,26710,560
25226,6,7,26340,840
25226,6,7,25970,1050
25226,6,7,25600,1330
16696,6,7,18177,0
16696,6,7,17437,70
16696,6,7,17067,350
16696,6,7,1,420
20766,6,7,21148,0
20766,6,7,20778,420
20766,6,7,1,630
20029,6,7,20776,0
20029,6,7,20406,350
20029,6,7,20036,420
20029,6,7,1,490
18913,6,7,21143,0
18913,6,7,20773,70
18913,6,7,20403,560
18913,6,7,20033,630
18913,6,7,19293,700
18913,6,7,18923,770
18913,6,7,1,840
18545,6,7,20032,0
18545,6,7,19292,70
18545,6,7,18922,350
18545,6,7,18552,420
18545,6,7,1,490
1,7,8,1,0
17807,7,8,19660,0
17807,7,8,18920,70
17807,7,8,18550,350
17807,7,8,17810,420
17807,7,8,1,490
23373,7,8,24485,0
23373,7,8,24115,140
23373,7,8,23745,420
23373,7,8,23375,700
23373,7,8,1,980
16320,7,8,17436,0
16320,7,8,16696,70
16320,7,8,16326,350
16320,7,8,1,420
19293,7,8,20404,0
19293,7,8,19664,70
19293,7,8,19294,350
19293,7,8,1,420
24484,7,8,26708,0
24484,7,8,26338,140
24484,7,8,25968,560
24484,7,8,25598,770
24484,7,8,25228,1050
24484,7,8,24858,1260
20395,7,8,21147,0
20395,7,8,20777,70
20395,7,8,20407,560
20395,7,8,1,630
20404,7,8,20777,0
20404,7,8,1,420
24855,7,8,27079,0
24855,7,8,26709,140
24855,7,8,26339,490
24855,7,8,25969,770
24855,7,8,25599,1050
24855,7,8,25229,1260
21891,7,8,22631,0
21891,7,8,22261,350
21891,7,8,21891,630
21891,7,8,1,910
28934,7,8,30050,0
28934,7,8,29680,350
28934,7,8,29310,630
28934,7,8,28940,840
28934,7,8,1,1120
25970,7,8,26712,0
25970,7,8,26342,490
25970,7,8,25972,700
25970,7,8,1,980
17802,7,8,20400,0
17802,7,8,19660,70
17802,7,8,19290,350
17802,7,8,18550,420
17802,7,8,18180,490
17802,7,8,17810,560
17802,7,8,1,630
14838,7,8,15952,0
14838,7,8,15582,70
14838,7,8,15212,350
14838,7,8,1,420
23002,7,8,24114,0
23002,7,8,23744,140
23002,7,8,23374,490
23002,7,8,23004,700
23002,7,8,1,980
15209,7,8,16693,0
15209,7,8,15953,70
15209,7,8,15583,350
15209,7,8,1,420
27081,7,8,29305,0
27081,7,8,28935,140
27081,7,8,28565,490
27081,7,8,28195,770
27081,7,8,27825,980
27081,7,8,27455,1260
27081,7,8,27085,1470
19288,7,8,20404,0
19288,7,8,19664,70
19288,7,8,19294,350
19288,7,8,1,420
16324,7,8,17806,0
16324,7,8,17066,70
16324,7,8,16696,350
16324,7,8,16326,420
16324,7,8,1,490
18922,7,8,20033,0
18922,7,8,19293,70
18922,7,8,18923,350
18922,7,8,1,420
27452,7,8,29676,0
27452,7,8,29306,140
27452,7,8,28936,560
27452,7,8,28566,840
27452,7,8,28196,1050
27452,7,8,27826,1330
24488,7,8,25598,0
24488,7,8,25228,210
24488,7,8,24858,560
24488,7,8,24488,840
24488,7,8,1,1050
20399,7,8,21147,0
20399,7,8,20777,70
20399,7,8,20407,490
20399,7,8,1,560
17435,7,8,18919,0
17435,7,8,18179,70
17435,7,8,17809,350
17435,7,8,17439,420
17435,7,8,1,490
28563,7,8,29679,0
28563,7,8,29309,420
28563,7,8,28939,630
28563,7,8,28569,910
28563,7,8,1,1120
25599,7,8,26341,0
25599,7,8,25971,420
25599,7,8,25601,700
25599,7,8,1,910
17806,7,8,19660,0
17806,7,8,18920,70
17806,7,8,18550,350
17806,7,8,17810,420
17806,7,8,1,490
14842,7,8,18912,0
14842,7,8,18542,70
14842,7,8,18172,350
14842,7,8,17802,420
14842,7,8,17062,490
14842,7,8,16692,560
14842,7,8,16322,630
14842,7,8,15582,700
14842,7,8,15212,770
14842,7,8,1,840
20033,7,8,20776,0
20033,7,8,20406,350
20033,7,8,20036,420
20033,7,8,1,490
27085,7,8,28195,0
27085,7,8,27825,210
27085,7,8,27455,560
27085,7,8,27085,770
27085,7,8,1,1050
15953,7,8,17435,0
15953,7,8,16695,70
15953,7,8,16325,350
15953,7,8,15955,420
15953,7,8,1,490
17430,7,8,20399,0
17430,7,8,19289,70
17430,7,8,18919,350
17430,7,8,18549,420
17430,7,8,17809,490
17430,7,8,17439,560
17430,7,8,1,630
20403,7,8,20777,0
20403,7,8,1,420
17439,7,8,20769,0
17439,7,8,20029,490
17439,7,8,19659,560
17439,7,8,18919,630
17439,7,8,18549,700
17439,7,8,18179,770
17439,7,8,17439,840
17439,7,8,1,910
17801,7,8,20770,0
17801,7,8,20030,70
17801,7,8,19660,350
17801,7,8,19290,420
17801,7,8,18550,490
17801,7,8,18180,560
17801,7,8,1,630
28567,7,8,29679,0
28567,7,8,29309,210
28567,7,8,28939,490
28567,7,8,28569,770
28567,7,8,1,980
20028,7,8,21146,0
20028,7,8,20776,70
20028,7,8,20406,490
20028,7,8,1,560
23001,7,8,24484,0
23001,7,8,24114,420
23001,7,8,23744,630
23001,7,8,23374,910
23001,7,8,23004,1120
23001,7,8,1,1400
27080,7,8,28195,0
27080,7,8,27825,420
27080,7,8,27455,700
27080,7,8,27085,910
27080,7,8,1,1190
18912,7,8,21143,0
18912,7,8,20773,70
18912,7,8,20403,490
18912,7,8,20033,560
18912,7,8,19293,630
18912,7,8,18923,700
18912,7,8,1,770
15948,7,8,17065,0
15948,7,8,16325,70
15948,7,8,15955,350
15948,7,8,1,420
18921,7,8,20403,0
18921,7,8,19663,70
18921,7,8,19293,350
18921,7,8,18923,420
18921,7,8,1,490
20398,7,8,21147,0
20398,7,8,20777,70
20398,7,8,20407,560
20398,7,8,1,630
17434,7,8,18549,0
17434,7,8,17809,70
17434,7,8,17439,350
17434,7,8,1,420
21519,7,8,21520,0
21519,7,8,1,420
25598,7,8,27081,0
25598,7,8,26711,350
25598,7,8,26341,630
25598,7,8,25971,840
25598,7,8,25601,1120
25598,7,8,1,1330
20032,7,8,20776,0
20032,7,8,20406,350
20032,7,8,20036,420
20032,7,8,1,490
27084,7,8,27455,0
27084,7,8,27085,140
27084,7,8,1,560
18916,7,8,20033,0
18916,7,8,19293,70
18916,7,8,18923,350
18916,7,8,1,420
15952,7,8,17435,0
15952,7,8,16695,70
15952,7,8,16325,350
15952,7,8,15955,420
15952,7,8,1,490
24116,7,8,24487,0
24116,7,8,24117,140
24116,7,8,1,560
20393,7,8,21887,0
20393,7,8,21517,70
20393,7,8,21147,560
20393,7,8,20777,770
20393,7,8,20407,1050
20393,7,8,1,1120
28195,7,8,29678,0
28195,7,8,29308,420
28195,7,8,28938,630
28195,7,8,28568,910
28195,7,8,28198,1190
28195,7,8,1,1400
17429,7,8,20769,0
17429,7,8,20399,70
17429,7,8,20029,350
17429,7,8,19659,420
17429,7,8,18919,490
17429,7,8,18549,560
17429,7,8,17809,630
17429,7,8,17439,700
17429,7,8,1,770
17438,7,8,18549,0
17438,7,8,17439,70
17438,7,8,1,350
21514,7,8,22630,0
21514,7,8,22260,350
21514,7,8,21890,560
21514,7,8,21520,840
21514,7,8,1,1120
18550,7,8,20032,0
18550,7,8,19292,70
18550,7,8,18922,350
18550,7,8,18552,420
18550,7,8,1,490
28566,7,8,30049,0
28566,7,8,29679,420
28566,7,8,29309,630
28566,7,8,28939,910
28566,7,8,28569,1190
28566,7,8,1,1400
14470,7,8,15581,0
14470,7,8,14841,70
14470,7,8,14471,350
14470,7,8,1,420
20036,7,8,21516,0
20036,7,8,21146,140
20036,7,8,20776,560
20036,7,8,20036,840
20036,7,8,1,910
18911,7,8,20773,0
18911,7,8,20403,350
18911,7,8,20033,420
18911,7,8,19293,490
18911,7,8,18923,560
18911,7,8,1,630
26713,7,8,27084,0
26713,7,8,26714,140
26713,7,8,1,560
18920,7,8,20403,0
18920,7,8,19663,70
18920,7,8,19293,350
18920,7,8,18923,420
18920,7,8,1,490
17068,7,8,20768,0
17068,7,8,20398,420
17068,7,8,19658,490
17068,7,8,19288,560
17068,7,8,18548,630
17068,7,8,18178,700
17068,7,8,17808,770
17068,7,8,17068,840
17068,7,8,1,910
21147,7,8,21149,0
21147,7,8,1,420
25226,7,8,27450,0
25226,7,8,27080,70
25226,7,8,26710,490
25226,7,8,26340,770
25226,7,8,25970,980
25226,7,8,25600,1260
25226,7,8,25230,1470
18545,7,8,19662,0
18545,7,8,18922,70
18545,7,8,18552,350
18545,7,8,1,420
21518,7,8,22260,0
21518,7,8,21890,70
21518,7,8,21520,490
21518,7,8,1,770
15581,7,8,17064,0
15581,7,8,16324,70
15581,7,8,15954,350
15581,7,8,1,420
25597,7,8,27821,0
25597,7,8,27451,140
25597,7,8,27081,490
25597,7,8,26711,770
25597,7,8,26341,1050
25597,7,8,25971,1260
22633,7,8,23743,0
22633,7,8,23373,140
22633,7,8,23003,560
22633,7,8,22633,770
22633,7,8,1,1050
27824,7,8,29307,0
27824,7,8,28937,420
27824,7,8,28567,700
27824,7,8,28197,910
27824,7,8,27827,1190
27824,7,8,1,1400
20031,7,8,20776,0
20031,7,8,20406,350
20031,7,8,1,420
23744,7,8,24856,0
23744,7,8,24486,140
23744,7,8,24116,490
23744,7,8,23746,700
23744,7,8,1,980
15951,7,8,17435,0
15951,7,8,16695,70
15951,7,8,16325,350
15951,7,8,15955,420
15951,7,8,1,490
17063,7,8,18178,0
17063,7,8,17438,70
17063,7,8,17068,350
17063,7,8,1,420
21142,7,8,21889,0
21142,7,8,21519,70
21142,7,8,21149,490
21142,7,8,1,700
24115,7,8,24857,0
24115,7,8,24487,490
24115,7,8,24117,700
24115,7,8,1,980
18178,7,8,19661,0
18178,7,8,18921,70
18178,7,8,18551,350
18178,7,8,18181,420
18178,7,8,1,490
28194,7,8,30418,0
28194,7,8,30048,210
28194,7,8,29678,560
28194,7,8,29308,840
28194,7,8,28938,1050
28194,7,8,28568,1330
25230,7,8,26340,0
25230,7,8,25970,210
25230,7,8,25600,490
25230,7,8,25230,770
25230,7,8,1,1050
29306,7,8,30791,0
29306,7,8,30421,140
29306,7,8,30051,490
29306,7,8,29681,700
29306,7,8,29311,980
29306,7,8,1,1260
18540,7,8,20772,0
18540,7,8,20402,70
18540,7,8,20032,350
18540,7,8,19662,420
18540,7,8,18922,490
18540,7,8,18552,560
18540,7,8,1,630
21513,7,8,22630,0
21513,7,8,22260,140
21513,7,8,21890,560
21513,7,8,21520,840
21513,7,8,1,1050
18549,7,8,20032,0
18549,7,8,19292,70
18549,7,8,18922,350
18549,7,8,18552,420
18549,7,8,1,490
14469,7,8,15951,0
14469,7,8,15581,70
14469,7,8,15211,350
14469,7,8,14471,420
14469,7,8,1,490
20026,7,8,21146,0
20026,7,8,20776,420
20026,7,8,20036,700
20026,7,8,1,770
19660,7,8,20775,0
19660,7,8,20405,70
19660,7,8,20035,350
19660,7,8,1,420
26712,7,8,27454,0
26712,7,8,27084,490
26712,7,8,26714,700
26712,7,8,1,980
20775,7,8,20778,0
20775,7,8,1,420
17058,7,8,20768,0
17058,7,8,20028,70
17058,7,8,19658,350
17058,7,8,19288,420
17058,7,8,18548,490
17058,7,8,18178,560
17058,7,8,17438,630
17058,7,8,17068,700
17058,7,8,1,770
17067,7,8,18178,0
17067,7,8,17068,70
17067,7,8,1,350
18173,7,8,20771,0
18173,7,8,19661,70
18173,7,8,19291,350
18173,7,8,18921,420
18173,7,8,18551,490
18173,7,8,1,560
21146,7,8,21149,0
21146,7,8,1,350
18544,7,8,20772,0
18544,7,8,20032,70
18544,7,8,19662,350
18544,7,8,19292,420
18544,7,8,18922,490
18544,7,8,1,560
15580,7,8,17064,0
15580,7,8,16324,70
15580,7,8,15954,350
15580,7,8,15584,420
15580,7,8,1,490
27823,7,8,30047,0
27823,7,8,29677,140
27823,7,8,29307,560
27823,7,8,28937,840
27823,7,8,28567,1050
27823,7,8,28197,1330
19655,7,8,21145,0
19655,7,8,20775,350
19655,7,8,20405,630
19655,7,8,19665,700
19655,7,8,1,770
16691,7,8,17807,0
16691,7,8,17067,70
16691,7,8,16697,350
16691,7,8,1,420
19664,7,8,20775,0
19664,7,8,20035,70
19664,7,8,19665,350
19664,7,8,1,420
20770,7,8,21148,0
20770,7,8,20778,70
20770,7,8,1,560
23743,7,8,25226,0
23743,7,8,24856,350
23743,7,8,24486,630
23743,7,8,24116,840
23743,7,8,23746,1120
23743,7,8,1,1400
17062,7,8,18178,0
17062,7,8,17438,70
17062,7,8,17068,350
17062,7,8,1,420
18168,7,8,20771,0
18168,7,8,20031,70
18168,7,8,19661,350
18168,7,8,19291,420
18168,7,8,18551,490
18168,7,8,18181,560
18168,7,8,1,630
14098,7,8,15580,0
14098,7,8,15210,70
14098,7,8,14840,350
14098,7,8,14100,420
14098,7,8,1,490
21141,7,8,21519,0
21141,7,8,21149,350
21141,7,8,1,560
18177,7,8,19661,0
18177,7,8,18921,70
18177,7,8,18551,350
18177,7,8,18181,420
18177,7,8,1,490
29305,7,8,30421,0
29305,7,8,30051,350
29305,7,8,29681,630
29305,7,8,29311,840
29305,7,8,1,1120
18539,7,8,20772,0
18539,7,8,20402,70
18539,7,8,20032,350
18539,7,8,19662,420
18539,7,8,18922,490
18539,7,8,18552,560
18539,7,8,1,630
26341,7,8,27083,0
26341,7,8,26713,490
26341,7,8,26343,700
26341,7,8,1,980
15584,7,8,20394,0
15584,7,8,19654,70
15584,7,8,19284,350
15584,7,8,18544,420
15584,7,8,18174,490
15584,7,8,17804,560
15584,7,8,17064,630
15584,7,8,16694,700
15584,7,8,15954,770
15584,7,8,15584,840
15584,7,8,1,910
22261,7,8,22632,0
22261,7,8,22262,70
22261,7,8,1,560
27827,7,8,28937,0
27827,7,8,28567,350
27827,7,8,28197,630
27827,7,8,27827,840
27827,7,8,1,1120
19659,7,8,20775,0
19659,7,8,20405,70
19659,7,8,20035,140
19659,7,8,19665,350
19659,7,8,1,420
16695,7,8,18177,0
16695,7,8,17437,70
16695,7,8,17067,350
16695,7,8,1,420
20765,7,8,21148,0
20765,7,8,20778,350
20765,7,8,1,560
20774,7,8,20778,0
20774,7,8,1,420
24859,7,8,25969,0
24859,7,8,25599,210
24859,7,8,25229,560
24859,7,8,24859,770
24859,7,8,1,1050
17066,7,8,18548,0
17066,7,8,17808,70
17066,7,8,17438,350
17066,7,8,1,420
18172,7,8,20771,0
18172,7,8,20401,70
18172,7,8,20031,350
18172,7,8,19291,420
18172,7,8,18921,490
18172,7,8,18181,560
18172,7,8,1,630
18181,7,8,21141,0
18181,7,8,20771,70
18181,7,8,20401,560
18181,7,8,20031,630
18181,7,8,19291,700
18181,7,8,18921,770
18181,7,8,18181,840
18181,7,8,1,910
23372,7,8,24855,0
23372,7,8,24485,350
23372,7,8,24115,630
23372,7,8,23745,840
23372,7,8,23375,1120
23372,7,8,1,1400
15213,7,8,20023,0
15213,7,8,18913,70
15213,7,8,18543,350
15213,7,8,18173,420
15213,7,8,17433,490
15213,7,8,17063,560
15213,7,8,16693,630
15213,7,8,15953,700
15213,7,8,15583,770
15213,7,8,1,840
19283,7,8,21144,0
19283,7,8,20774,70
19283,7,8,20404,560
19283,7,8,19664,630
19283,7,8,19294,700
19283,7,8,1,770
19292,7,8,20774,0
19292,7,8,20034,70
19292,7,8,19664,350
19292,7,8,19294,420
19292,7,8,1,490
27822,7,8,29307,0
27822,7,8,28937,140
27822,7,8,28567,490
27822,7,8,28197,770
27822,7,8,27827,980
27822,7,8,1,1260
19654,7,8,21145,0
19654,7,8,20775,350
19654,7,8,20035,630
19654,7,8,19665,700
19654,7,8,1,770
27456,7,8,28566,0
27456,7,8,28196,350
27456,7,8,27826,630
27456,7,8,27456,840
27456,7,8,1,1120
19663,7,8,20775,0
19663,7,8,20405,70
19663,7,8,20035,350
19663,7,8,19665,420
19663,7,8,1,490
20769,7,8,21148,0
20769,7,8,20778,350
20769,7,8,1,630
23742,7,8,25966,0
23742,7,8,25596,140
23742,7,8,25226,560
23742,7,8,24856,770
23742,7,8,24486,1050
23742,7,8,24116,1260
20778,7,8,21518,0
20778,7,8,21148,420
20778,7,8,20778,630
20778,7,8,1,910
24854,7,8,25969,0
24854,7,8,25599,420
24854,7,8,25229,700
24854,7,8,24859,980
24854,7,8,1,1190
21890,7,8,21891,0
21890,7,8,1,420
25969,7,8,27452,0
25969,7,8,27082,350
25969,7,8,26712,630
25969,7,8,26342,840
25969,7,8,25972,1120
25969,7,8,1,1400
18176,7,8,19661,0
18176,7,8,18921,70
18176,7,8,18551,350
18176,7,8,1,420
17810,7,8,21140,0
17810,7,8,20770,70
17810,7,8,20030,560
17810,7,8,19660,630
17810,7,8,19290,700
17810,7,8,18550,770
17810,7,8,18180,840
17810,7,8,1,910
26340,7,8,27823,0
26340,7,8,27453,350
26340,7,8,27083,630
26340,7,8,26713,840
26340,7,8,26343,1120
26340,7,8,1,1400
19287,7,8,20404,0
19287,7,8,19664,70
19287,7,8,19294,350
19287,7,8,1,420
22260,7,8,23002,0
22260,7,8,22632,350
22260,7,8,22262,630
22260,7,8,1,910
16323,7,8,17806,0
16323,7,8,17066,70
16323,7,8,16696,350
16323,7,8,16326,420
16323,7,8,1,490
27451,7,8,28936,0
27451,7,8,28566,140
27451,7,8,28196,490
27451,7,8,27826,770
27451,7,8,27456,980
27451,7,8,1,1260
19658,7,8,20775,0
19658,7,8,20035,70
19658,7,8,19665,350
19658,7,8,1,420
24487,7,8,24858,0
24487,7,8,24488,140
24487,7,8,1,560
16694,7,8,18177,0
16694,7,8,17437,70
16694,7,8,17067,350
16694,7,8,1,420
20764,7,8,21888,0
20764,7,8,21518,350
20764,7,8,21148,560
20764,7,8,20778,840
20764,7,8,1,1120
20773,7,8,20778,0
20773,7,8,1,420
20407,7,8,21517,0
20407,7,8,21147,350
20407,7,8,20777,630
20407,7,8,20407,840
20407,7,8,1,910
21885,7,8,23001,0
21885,7,8,22631,70
21885,7,8,22261,560
21885,7,8,21891,770
21885,7,8,1,1050
24858,7,8,25229,0
24858,7,8,24859,140
24858,7,8,1,560
28937,7,8,30420,0
28937,7,8,30050,420
28937,7,8,29680,630
28937,7,8,29310,910
28937,7,8,28940,1120
28937,7,8,1,1400
17805,7,8,19290,0
17805,7,8,18550,70
17805,7,8,18180,350
17805,7,8,17810,420
17805,7,8,1,490
14841,7,8,15212,0
14841,7,8,14842,70
14841,7,8,1,350
15212,7,8,15953,0
15212,7,8,15213,70
15212,7,8,1,350
19291,7,8,20774,0
19291,7,8,20034,70
19291,7,8,19664,350
19291,7,8,19294,420
19291,7,8,1,490
27455,7,8,27826,0
27455,7,8,27456,350
27455,7,8,1,630
16689,7,8,19287,0
16689,7,8,18177,70
16689,7,8,17807,350
16689,7,8,17437,420
16689,7,8,16697,490
16689,7,8,1,560
20402,7,8,20777,0
20402,7,8,20407,350
20402,7,8,1,420
21889,7,8,22631,0
21889,7,8,22261,70
21889,7,8,21891,490
21889,7,8,1,700
25968,7,8,28192,0
25968,7,8,27822,140
25968,7,8,27452,560
25968,7,8,27082,770
25968,7,8,26712,1050
25968,7,8,26342,1260
17800,7,8,20770,0
17800,7,8,20030,420
17800,7,8,19660,490
17800,7,8,18920,560
17800,7,8,18550,630
17800,7,8,18180,700
17800,7,8,1,770
17809,7,8,18920,0
17809,7,8,18180,70
17809,7,8,17810,350
17809,7,8,1,420
23375,7,8,24485,0
23375,7,8,24115,210
23375,7,8,23745,560
23375,7,8,23375,770
23375,7,8,1,1050
27079,7,8,28195,0
27079,7,8,27825,140
27079,7,8,27455,560
27079,7,8,27085,840
27079,7,8,1,1050
19286,7,8,20774,0
19286,7,8,20404,350
19286,7,8,20034,420
19286,7,8,19664,490
19286,7,8,1,560
16322,7,8,17806,0
16322,7,8,17066,70
16322,7,8,16696,350
16322,7,8,16326,420
16322,7,8,1,490
27450,7,8,28566,0
27450,7,8,28196,350
27450,7,8,27826,630
27450,7,8,27456,910
27450,7,8,1,1120
24486,7,8,25598,0
24486,7,8,25228,140
24486,7,8,24858,490
24486,7,8,24488,700
24486,7,8,1,980
20397,7,8,21147,0
20397,7,8,20777,420
20397,7,8,20407,700
20397,7,8,1,770
17433,7,8,18549,0
17433,7,8,17809,70
17433,7,8,17439,350
17433,7,8,1,420
20406,7,8,20777,0
20406,7,8,20407,140
20406,7,8,1,350
21884,7,8,23001,0
21884,7,8,22631,70
21884,7,8,22261,490
21884,7,8,21891,770
21884,7,8,1,980
24857,7,8,25599,0
24857,7,8,25229,490
24857,7,8,24859,700
24857,7,8,1,980
25972,7,8,27082,0
25972,7,8,26712,210
25972,7,8,26342,560
25972,7,8,25972,770
25972,7,8,1,1050
17804,7,8,19290,0
17804,7,8,18550,70
17804,7,8,18180,350
17804,7,8,1,420
29676,7,8,30792,0
29676,7,8,30422,350
29676,7,8,30052,630
29676,7,8,29682,910
29676,7,8,1,1120
14840,7,8,15582,0
14840,7,8,15212,70
14840,7,8,14842,350
14840,7,8,1,420
23004,7,8,24114,0
23004,7,8,23744,210
23004,7,8,23374,560
23004,7,8,23004,770
23004,7,8,1,1050
15211,7,8,16323,0
15211,7,8,15583,70
15211,7,8,15213,350
15211,7,8,1,420
19281,7,8,20774,0
19281,7,8,20404,420
19281,7,8,19664,490
19281,7,8,19294,560
19281,7,8,1,630
27083,7,8,27825,0
27083,7,8,27455,490
27083,7,8,27085,700
27083,7,8,1,980
16326,7,8,20766,0
16326,7,8,20396,70
16326,7,8,20026,350
16326,7,8,19656,420
16326,7,8,18916,490
16326,7,8,18546,560
16326,7,8,18176,630
16326,7,8,17436,700
16326,7,8,17066,770
16326,7,8,16326,840
16326,7,8,1,910
18915,7,8,20773,0
18915,7,8,20403,70
18915,7,8,20033,350
18915,7,8,19663,420
18915,7,8,19293,490
18915,7,8,1,560
27454,7,8,28566,0
27454,7,8,28196,140
27454,7,8,27826,490
27454,7,8,27456,770
27454,7,8,1,980
17428,7,8,20769,0
17428,7,8,20399,70
17428,7,8,20029,350
17428,7,8,19289,420
17428,7,8,18919,490
17428,7,8,18179,560
17428,7,8,17809,630
17428,7,8,17439,700
17428,7,8,1,770
13358,7,8,18168,0
13358,7,8,17798,350
13358,7,8,17058,420
13358,7,8,16688,490
13358,7,8,15948,560
13358,7,8,15578,630
13358,7,8,15208,700
13358,7,8,14468,770
13358,7,8,14098,840
13358,7,8,13358,910
13358,7,8,1,980
20401,7,8,20777,0
20401,7,8,20407,350
20401,7,8,1,420
17437,7,8,18919,0
17437,7,8,18179,70
17437,7,8,17809,350
17437,7,8,1,420
21888,7,8,23001,0
21888,7,8,22631,140
21888,7,8,22261,560
21888,7,8,21891,840
21888,7,8,1,1050
28565,7,8,30789,0
28565,7,8,30419,210
28565,7,8,30049,560
28565,7,8,29679,840
28565,7,8,29309,1050
28565,7,8,28939,1330
25601,7,8,26711,0
25601,7,8,26341,210
25601,7,8,25971,490
25601,7,8,25601,770
25601,7,8,1,1050
17808,7,8,19660,0
17808,7,8,18920,70
17808,7,8,18550,350
17808,7,8,17810,420
17808,7,8,1,490
20035,7,8,20776,0
20035,7,8,20406,140
20035,7,8,20036,350
20035,7,8,1,420
18910,7,8,20773,0
18910,7,8,20403,350
18910,7,8,20033,420
18910,7,8,19293,490
18910,7,8,18923,560
18910,7,8,1,630
18919,7,8,20403,0
18919,7,8,19663,70
18919,7,8,19293,350
18919,7,8,18923,420
18919,7,8,1,490
15955,7,8,20765,0
15955,7,8,20025,70
15955,7,8,19655,350
15955,7,8,19285,420
15955,7,8,18545,490
15955,7,8,18175,560
15955,7,8,17805,630
15955,7,8,17065,700
15955,7,8,16695,770
15955,7,8,15955,840
15955,7,8,1,910
24485,7,8,25968,0
24485,7,8,25598,350
24485,7,8,25228,630
24485,7,8,24858,840
24485,7,8,24488,1120
24485,7,8,1,1400
20396,7,8,21147,0
20396,7,8,20777,420
20396,7,8,1,700
20405,7,8,20777,0
20405,7,8,1,420
21517,7,8,22260,0
21517,7,8,21890,70
21517,7,8,21520,490
21517,7,8,1,700
22632,7,8,23003,0
22632,7,8,22633,140
22632,7,8,1,560
14839,7,8,15582,0
14839,7,8,15212,70
14839,7,8,14842,350
14839,7,8,1,420
20030,7,8,20776,0
20030,7,8,20406,70
20030,7,8,20036,350
20030,7,8,1,420
23003,7,8,23374,0
23003,7,8,23004,140
23003,7,8,1,560
27082,7,8,28565,0
27082,7,8,28195,350
27082,7,8,27825,630
27082,7,8,27455,840
27082,7,8,27085,1120
27082,7,8,1,1400
18914,7,8,20773,0
18914,7,8,20033,420
18914,7,8,19663,490
18914,7,8,18923,560
18914,7,8,1,630
15950,7,8,17435,0
15950,7,8,16325,70
15950,7,8,15955,350
15950,7,8,1,420
18923,7,8,21143,0
18923,7,8,20773,420
18923,7,8,20033,700
18923,7,8,19663,770
18923,7,8,18923,840
18923,7,8,1,910
24114,7,8,25597,0
24114,7,8,25227,350
24114,7,8,24857,630
24114,7,8,24487,840
24114,7,8,24117,1120
24114,7,8,1,1330
28193,7,8,29678,0
28193,7,8,29308,140
28193,7,8,28938,490
28193,7,8,28568,770
28193,7,8,28198,980
28193,7,8,1,1260
20400,7,8,20777,0
20400,7,8,20407,350
20400,7,8,1,420
25229,7,8,25600,0
25229,7,8,25230,140
25229,7,8,1,560
17436,7,8,18919,0
17436,7,8,18179,70
17436,7,8,17809,350
17436,7,8,1,420
21512,7,8,22630,0
21512,7,8,22260,350
21512,7,8,21890,560
21512,7,8,21520,840
21512,7,8,1,1120
18548,7,8,20032,0
18548,7,8,19292,70
18548,7,8,18922,350
18548,7,8,18552,420
18548,7,8,1,490
28564,7,8,30049,0
28564,7,8,29679,140
28564,7,8,29309,490
28564,7,8,28939,770
28564,7,8,28569,980
28564,7,8,1,1260
25600,7,8,25971,0
25600,7,8,25601,140
25600,7,8,1,560
14468,7,8,15951,0
14468,7,8,15581,70
14468,7,8,15211,350
14468,7,8,14471,420
14468,7,8,1,490
20025,7,8,21146,0
20025,7,8,20776,420
20025,7,8,20406,630
20025,7,8,20036,700
20025,7,8,1,770
20034,7,8,20776,0
20034,7,8,20406,350
20034,7,8,20036,420
20034,7,8,1,490
26711,7,8,28194,0
26711,7,8,27824,350
26711,7,8,27454,630
26711,7,8,27084,840
26711,7,8,26714,1120
26711,7,8,1,1400
18918,7,8,20403,0
18918,7,8,19663,70
18918,7,8,19293,350
18918,7,8,1,420
15954,7,8,17065,0
15954,7,8,16325,70
15954,7,8,15955,350
15954,7,8,1,420
21145,7,8,21519,0
21145,7,8,21149,70
21145,7,8,1,560
17431,7,8,20029,0
17431,7,8,18919,70
17431,7,8,18549,350
17431,7,8,18179,420
17431,7,8,17439,490
17431,7,8,1,560
28197,7,8,28568,0
28197,7,8,28198,350
28197,7,8,1,630
18543,7,8,20772,0
18543,7,8,20402,350
18543,7,8,19662,420
18543,7,8,19292,490
18543,7,8,18552,560
18543,7,8,1,630
21516,7,8,21890,0
21516,7,8,21520,350
21516,7,8,1,560
15579,7,8,16694,0
15579,7,8,15954,70
15579,7,8,15584,350
15579,7,8,1,420
18552,7,8,21142,0
18552,7,8,20772,350
18552,7,8,20402,630
18552,7,8,19662,700
18552,7,8,19292,770
18552,7,8,18552,840
18552,7,8,1,910
22631,7,8,23743,0
22631,7,8,23373,70
22631,7,8,23003,420
22631,7,8,22633,700
22631,7,8,1,980
20029,7,8,20776,0
20029,7,8,20406,70
20029,7,8,20036,350
20029,7,8,1,420
18913,7,8,21143,0
18913,7,8,20773,70
18913,7,8,20403,490
18913,7,8,20033,560
18913,7,8,19663,630
18913,7,8,18923,700
18913,7,8,1,770
15949,7,8,17065,0
15949,7,8,16325,70
15949,7,8,15955,350
15949,7,8,1,420
21140,7,8,21519,0
21140,7,8,21149,350
21140,7,8,1,560
24113,7,8,26337,0
24113,7,8,25967,140
24113,7,8,25597,490
24113,7,8,25227,770
24113,7,8,24857,980
24113,7,8,24487,1260
21149,7,8,21889,0
21149,7,8,21519,420
21149,7,8,21149,630
21149,7,8,1,910
28192,7,8,29308,0
28192,7,8,28938,420
28192,7,8,28568,630
28192,7,8,28198,910
28192,7,8,1,1120
25228,7,8,25970,0
25228,7,8,25600,420
25228,7,8,25230,700
25228,7,8,1,910
18538,7,8,21512,0
18538,7,8,21142,70
18538,7,8,20772,560
18538,7,8,20032,840
18538,7,8,19662,910
18538,7,8,19292,980
18538,7,8,18552,1050
18538,7,8,1,1120
18547,7,8,20032,0
18547,7,8,19292,70
18547,7,8,18922,350
18547,7,8,1,420
21520,7,8,22260,0
21520,7,8,21890,420
21520,7,8,21520,630
21520,7,8,1,910
15583,7,8,16694,0
15583,7,8,15584,70
15583,7,8,1,350
20024,7,8,21146,0
20024,7,8,20776,70
20024,7,8,20406,490
20024,7,8,20036,560
20024,7,8,1,630
27826,7,8,28197,0
27826,7,8,27827,350
27826,7,8,1,630
26710,7,8,28934,0
26710,7,8,28564,140
26710,7,8,28194,560
26710,7,8,27824,770
26710,7,8,27454,1050
26710,7,8,27084,1260
23746,7,8,24856,0
23746,7,8,24486,210
23746,7,8,24116,560
23746,7,8,23746,770
23746,7,8,1,1050
17065,7,8,18548,0
17065,7,8,17808,70
17065,7,8,17438,350
17065,7,8,1,420
18171,7,8,20771,0
18171,7,8,20401,420
18171,7,8,19661,490
18171,7,8,19291,560
18171,7,8,18921,630
18171,7,8,18181,700
18171,7,8,1,770
21144,7,8,21519,0
21144,7,8,21149,350
21144,7,8,1,630
24117,7,8,25227,0
24117,7,8,24857,210
24117,7,8,24487,560
24117,7,8,24117,770
24117,7,8,1,1050
18180,7,8,19291,0
18180,7,8,18551,70
18180,7,8,18181,350
18180,7,8,1,420
28196,7,8,29308,0
28196,7,8,28938,140
28196,7,8,28568,490
28196,7,8,28198,770
28196,7,8,1,980
18542,7,8,21142,0
18542,7,8,20772,70
18542,7,8,20032,490
18542,7,8,19662,560
18542,7,8,19292,630
18542,7,8,18552,700
18542,7,8,1,770
21515,7,8,21890,0
21515,7,8,21520,350
21515,7,8,1,560
15578,7,8,16694,0
15578,7,8,15954,70
15578,7,8,15584,350
15578,7,8,1,420
18551,7,8,19662,0
18551,7,8,18922,70
18551,7,8,18552,350
18551,7,8,1,420
22630,7,8,24113,0
22630,7,8,23743,350
22630,7,8,23373,630
22630,7,8,23003,840
22630,7,8,22633,1120
22630,7,8,1,1400
14471,7,8,19281,0
14471,7,8,18911,70
14471,7,8,18541,350
14471,7,8,17801,420
14471,7,8,17431,490
14471,7,8,16691,560
14471,7,8,16321,630
14471,7,8,15951,700
14471,7,8,15211,770
14471,7,8,14841,840
14471,7,8,1,910
27821,7,8,28937,0
27821,7,8,28567,420
27821,7,8,28197,630
27821,7,8,27827,910
27821,7,8,1,1120
19662,7,8,20775,0
19662,7,8,20405,70
19662,7,8,20035,350
19662,7,8,19665,420
19662,7,8,1,490
20768,7,8,21518,0
20768,7,8,21148,70
20768,7,8,20778,490
20768,7,8,1,770
26714,7,8,27824,0
26714,7,8,27454,210
26714,7,8,27084,560
26714,7,8,26714,770
26714,7,8,1,1050
20777,7,8,20778,0
20777,7,8,1,350
17060,7,8,19658,0
17060,7,8,18548,70
17060,7,8,18178,350
17060,7,8,17808,420
17060,7,8,17068,490
17060,7,8,1,560
21139,7,8,22259,0
21139,7,8,21889,350
21139,7,8,21519,560
21139,7,8,21149,840
21139,7,8,1,1120
18175,7,8,19291,0
18175,7,8,18551,70
18175,7,8,18181,350
18175,7,8,1,420
21148,7,8,21149,0
21148,7,8,1,420
25227,7,8,26710,0
25227,7,8,26340,140
25227,7,8,25970,560
25227,7,8,25600,840
25227,7,8,25230,1050
25227,7,8,1,1330
26339,7,8,28563,0
26339,7,8,28193,140
26339,7,8,27823,560
26339,7,8,27453,770
26339,7,8,27083,1050
26339,7,8,26713,1260
18546,7,8,19662,0
18546,7,8,18922,70
18546,7,8,18552,350
18546,7,8,1,420
15582,7,8,17064,0
15582,7,8,16324,70
15582,7,8,15954,350
15582,7,8,1,420
22259,7,8,23742,0
22259,7,8,23372,70
22259,7,8,23002,560
22259,7,8,22632,770
22259,7,8,22262,1050
22259,7,8,1,1260
27825,7,8,28937,0
27825,7,8,28567,140
27825,7,8,28197,490
27825,7,8,27827,770
27825,7,8,1,980
19657,7,8,20775,0
19657,7,8,20405,420
19657,7,8,20035,490
19657,7,8,1,560
13729,7,8,18169,0
13729,7,8,17799,350
13729,7,8,17059,420
13729,7,8,16689,490
13729,7,8,15949,560
13729,7,8,15579,630
13729,7,8,15209,700
13729,7,8,14469,770
13729,7,8,14099,840
13729,7,8,1,910
26709,7,8,28194,0
26709,7,8,27824,70
26709,7,8,27454,490
26709,7,8,27084,700
26709,7,8,26714,980
26709,7,8,1,1190
20772,7,8,20778,0
20772,7,8,1,420
23745,7,8,24116,0
23745,7,8,23746,140
23745,7,8,1,560
17064,7,8,18548,0
17064,7,8,17808,70
17064,7,8,17438,350
17064,7,8,17068,420
17064,7,8,1,490
28936,7,8,31160,0
28936,7,8,30790,210
28936,7,8,30420,560
28936,7,8,30050,770
28936,7,8,29680,1050
28936,7,8,29310,1260
14100,7,8,18910,0
14100,7,8,18540,70
14100,7,8,18170,350
14100,7,8,17430,420
14100,7,8,17060,490
14100,7,8,16320,560
14100,7,8,15950,630
14100,7,8,15580,700
14100,7,8,14840,770
14100,7,8,14470,840
14100,7,8,1,910
21143,7,8,21889,0
21143,7,8,21519,70
21143,7,8,21149,490
21143,7,8,1,770
18179,7,8,19661,0
18179,7,8,18921,70
18179,7,8,18551,350
18179,7,8,18181,420
18179,7,8,1,490
26343,7,8,27453,0
26343,7,8,27083,210
26343,7,8,26713,560
26343,7,8,26343,770
26343,7,8,1,1050
19290,7,8,20774,0
19290,7,8,20034,70
19290,7,8,19664,350
19290,7,8,19294,420
19290,7,8,1,490
19652,7,8,21145,0
19652,7,8,20775,70
19652,7,8,20035,490
19652,7,8,19665,560
19652,7,8,1,630
16688,7,8,19657,0
16688,7,8,18547,70
16688,7,8,18177,350
16688,7,8,17807,420
16688,7,8,17067,490
16688,7,8,16697,560
16688,7,8,1,630
19661,7,8,20775,0
19661,7,8,20405,140
19661,7,8,20035,350
19661,7,8,19665,420
19661,7,8,1,490
16697,7,8,20767,0
16697,7,8,20397,350
16697,7,8,20027,420
16697,7,8,19287,490
16697,7,8,18917,560
16697,7,8,18177,630
16697,7,8,17807,700
16697,7,8,17437,770
16697,7,8,16697,840
16697,7,8,1,910
20767,7,8,21518,0
20767,7,8,21148,70
20767,7,8,20778,490
20767,7,8,1,700
20776,7,8,20778,0
20776,7,8,1,420
17059,7,8,20028,0
17059,7,8,18918,70
17059,7,8,18548,350
17059,7,8,18178,420
17059,7,8,17438,490
17059,7,8,17068,560
17059,7,8,1,630
18174,7,8,19291,0
18174,7,8,18551,70
18174,7,8,18181,350
18174,7,8,1,420
23374,7,8,23745,0
23374,7,8,23375,140
23374,7,8,1,560
16321,7,8,17806,0
16321,7,8,16696,70
16321,7,8,16326,350
16321,7,8,1,420
19294,7,8,21514,0
19294,7,8,21144,70
19294,7,8,20774,490
19294,7,8,20404,700
19294,7,8,20034,770
19294,7,8,19294,840
19294,7,8,1,910
16692,7,8,17807,0
16692,7,8,17067,70
16692,7,8,16697,350
16692,7,8,1,420
19665,7,8,21515,0
19665,7,8,21145,70
19665,7,8,20775,490
19665,7,8,20405,770
19665,7,8,19665,840
19665,7,8,1,910
20771,7,8,20778,0
20771,7,8,1,350
24856,7,8,26339,0
24856,7,8,25969,350
24856,7,8,25599,630
24856,7,8,25229,840
24856,7,8,24859,1120
24856,7,8,1,1330
28935,7,8,30420,0
28935,7,8,30050,140
28935,7,8,29680,490
28935,7,8,29310,700
28935,7,8,28940,980
28935,7,8,1,1260
18169,7,8,20771,0
18169,7,8,20031,70
18169,7,8,19661,350
18169,7,8,19291,420
18169,7,8,18551,490
18169,7,8,18181,560
18169,7,8,1,630
14099,7,8,15210,0
14099,7,8,14470,70
14099,7,8,14100,350
14099,7,8,1,420
25971,7,8,26342,0
25971,7,8,25972,140
25971,7,8,1,560
26342,7,8,26713,0
26342,7,8,26343,140
26342,7,8,1,560
15210,7,8,16323,0
15210,7,8,15583,70
15210,7,8,15213,350
15210,7,8,1,420
19280,7,8,21514,0
19280,7,8,21144,420
19280,7,8,20774,700
19280,7,8,20404,910
19280,7,8,20034,980
19280,7,8,19294,1050
19280,7,8,1,1120
19289,7,8,20774,0
19289,7,8,20034,70
19289,7,8,19664,350
19289,7,8,1,420
22262,7,8,23372,0
22262,7,8,23002,140
22262,7,8,22632,560
22262,7,8,22262,770
22262,7,8,1,1050
16325,7,8,17436,0
16325,7,8,16696,70
16325,7,8,16326,350
16325,7,8,1,420
19651,7,8,21885,0
19651,7,8,21515,70
19651,7,8,21145,490
19651,7,8,20775,700
19651,7,8,20405,980
19651,7,8,19665,1050
19651,7,8,1,1120
27453,7,8,28936,0
27453,7,8,28566,420
27453,7,8,28196,700
27453,7,8,27826,910
27453,7,8,27456,1190
27453,7,8,1,1400
16696,7,8,17807,0
16696,7,8,16697,70
16696,7,8,1,350
20766,7,8,21148,0
20766,7,8,20778,350
20766,7,8,1,560
1,8,9,1,0
21887,8,9,23001,0
21887,8,9,22631,70
21887,8,9,22261,560
21887,8,9,21891,840
21887,8,9,1,1050
25966,8,9,27082,0
25966,8,9,26712,350
25966,8,9,26342,630
25966,8,9,25972,840
25966,8,9,1,1120
28939,8,9,29310,0
28939,8,9,28940,210
28939,8,9,1,560
17798,8,9,20770,0
17798,8,9,19660,70
17798,8,9,19290,350
17798,8,9,18920,420
17798,8,9,18550,490
17798,8,9,17810,560
17798,8,9,1,630
17807,8,9,19290,0
17807,8,9,18550,70
17807,8,9,18180,350
17807,8,9,17810,420
17807,8,9,1,490
23373,8,9,24485,0
23373,8,9,24115,140
23373,8,9,23745,490
23373,8,9,23375,700
23373,8,9,1,980
30050,8,9,31533,0
30050,8,9,31163,350
30050,8,9,30793,630
30050,8,9,30423,910
30050,8,9,30053,1120
30050,8,9,1,1400
19284,8,9,21144,0
19284,8,9,20774,70
19284,8,9,20404,560
19284,8,9,19664,630
19284,8,9,19294,700
19284,8,9,1,770
16320,8,9,17436,0
16320,8,9,16696,70
16320,8,9,16326,350
16320,8,9,1,420
19293,8,9,20404,0
19293,8,9,19294,70
19293,8,9,1,350
24484,8,9,26708,0
24484,8,9,26338,140
24484,8,9,25968,560
24484,8,9,25598,770
24484,8,9,25228,1050
24484,8,9,24858,1260
20404,8,9,20777,0
20404,8,9,20407,350
20404,8,9,1,420
24855,8,9,27079,0
24855,8,9,26709,70
24855,8,9,26339,490
24855,8,9,25969,770
24855,8,9,25599,1050
24855,8,9,25229,1260
21891,8,9,22631,0
21891,8,9,22261,350
21891,8,9,21891,630
21891,8,9,1,910
28934,8,9,30050,0
28934,8,9,29680,350
28934,8,9,29310,630
28934,8,9,28940,840
28934,8,9,1,1120
25970,8,9,27082,0
25970,8,9,26712,70
25970,8,9,26342,490
25970,8,9,25972,700
25970,8,9,1,980
17802,8,9,20400,0
17802,8,9,19660,70
17802,8,9,19290,350
17802,8,9,18550,420
17802,8,9,18180,490
17802,8,9,17810,560
17802,8,9,1,630
28568,8,9,28939,0
28568,8,9,28569,350
28568,8,9,1,630
23002,8,9,24114,0
23002,8,9,23744,140
23002,8,9,23374,490
23002,8,9,23004,770
23002,8,9,1,980
15209,8,9,16693,0
15209,8,9,15583,70
15209,8,9,15213,350
15209,8,9,1,420
27081,8,9,29305,0
27081,8,9,28935,140
27081,8,9,28565,490
27081,8,9,28195,770
27081,8,9,27825,980
27081,8,9,27455,1260
27081,8,9,27085,1470
19288,8,9,20404,0
19288,8,9,19664,70
19288,8,9,19294,350
19288,8,9,1,420
16324,8,9,17806,0
16324,8,9,17066,70
16324,8,9,16696,350
16324,8,9,1,420
18922,8,9,20033,0
18922,8,9,18923,70
18922,8,9,1,350
27452,8,9,29676,0
27452,8,9,29306,140
27452,8,9,28936,560
27452,8,9,28566,840
27452,8,9,28196,1050
27452,8,9,27826,1330
24488,8,9,25598,0
24488,8,9,25228,210
24488,8,9,24858,560
24488,8,9,24488,840
24488,8,9,1,1050
20399,8,9,21147,0
20399,8,9,20777,70
20399,8,9,20407,490
20399,8,9,1,560
17435,8,9,18919,0
17435,8,9,18179,70
17435,8,9,17809,350
17435,8,9,17439,420
17435,8,9,1,490
28563,8,9,29679,0
28563,8,9,29309,420
28563,8,9,28939,630
28563,8,9,28569,910
28563,8,9,1,1120
25599,8,9,26341,0
25599,8,9,25971,420
25599,8,9,25601,700
25599,8,9,1,980
17806,8,9,19660,0
17806,8,9,18920,70
17806,8,9,18550,350
17806,8,9,17810,420
17806,8,9,1,490
29678,8,9,31902,0
29678,8,9,31532,140
29678,8,9,31162,560
29678,8,9,30792,770
29678,8,9,30422,1050
29678,8,9,30052,1260
14842,8,9,18912,0
14842,8,9,18542,70
14842,8,9,18172,350
14842,8,9,17802,420
14842,8,9,17062,490
14842,8,9,16692,560
14842,8,9,16322,630
14842,8,9,15582,700
14842,8,9,15212,770
14842,8,9,1,840
20033,8,9,20776,0
20033,8,9,20406,350
20033,8,9,20036,420
20033,8,9,1,490
30049,8,9,32273,0
30049,8,9,31903,140
30049,8,9,31533,560
30049,8,9,31163,770
30049,8,9,30793,1050
30049,8,9,30423,1260
27085,8,9,28195,0
27085,8,9,27825,210
27085,8,9,27455,560
27085,8,9,27085,770
27085,8,9,1,1050
18917,8,9,20033,0
18917,8,9,19293,70
18917,8,9,18923,350
18917,8,9,1,420
15953,8,9,17435,0
15953,8,9,16695,70
15953,8,9,16325,350
15953,8,9,1,420
20394,8,9,21147,0
20394,8,9,20777,70
20394,8,9,1,560
17430,8,9,20399,0
17430,8,9,19289,70
17430,8,9,18919,350
17430,8,9,18549,420
17430,8,9,17809,490
17430,8,9,17439,560
17430,8,9,1,630
20403,8,9,20777,0
20403,8,9,1,420
17439,8,9,20769,0
17439,8,9,20029,490
17439,8,9,19659,560
17439,8,9,18919,630
17439,8,9,18549,700
17439,8,9,18179,770
17439,8,9,17439,840
17439,8,9,1,910
28567,8,9,29679,0
28567,8,9,29309,210
28567,8,9,28939,490
28567,8,9,28569,770
28567,8,9,1,980
17801,8,9,20770,0
17801,8,9,20030,70
17801,8,9,19660,350
17801,8,9,18920,420
17801,8,9,18550,490
17801,8,9,18180,560
17801,8,9,1,630
29682,8,9,30792,0
29682,8,9,30422,280
29682,8,9,30052,560
29682,8,9,29682,770
29682,8,9,1,1050
20028,8,9,21146,0
20028,8,9,20776,70
20028,8,9,20036,490
20028,8,9,1,560
23001,8,9,24484,0
23001,8,9,24114,420
23001,8,9,23744,630
23001,8,9,23374,910
23001,8,9,23004,1120
23001,8,9,1,1400
27080,8,9,28195,0
27080,8,9,27825,420
27080,8,9,27455,700
27080,8,9,27085,910
27080,8,9,1,1190
18912,8,9,21143,0
18912,8,9,20773,70
18912,8,9,20403,490
18912,8,9,19663,560
18912,8,9,19293,630
18912,8,9,18923,700
18912,8,9,1,770
15948,8,9,17065,0
15948,8,9,16325,70
15948,8,9,15955,350
15948,8,9,1,420
18921,8,9,20403,0
18921,8,9,19663,70
18921,8,9,19293,350
18921,8,9,18923,420
18921,8,9,1,490
20398,8,9,21147,0
20398,8,9,20777,70
20398,8,9,20407,560
20398,8,9,1,630
21519,8,9,21520,0
21519,8,9,1,420
25598,8,9,27081,0
25598,8,9,26711,350
25598,8,9,26341,630
25598,8,9,25971,840
25598,8,9,25601,1120
25598,8,9,1,1330
29677,8,9,31162,0
29677,8,9,30792,140
29677,8,9,30422,490
29677,8,9,30052,700
29677,8,9,29682,980
29677,8,9,1,1260
20023,8,9,21146,0
20023,8,9,20776,70
20023,8,9,20406,490
20023,8,9,20036,560
20023,8,9,1,630
20032,8,9,20776,0
20032,8,9,20406,350
20032,8,9,20036,420
20032,8,9,1,490
27084,8,9,27455,0
27084,8,9,27085,140
27084,8,9,1,560
18916,8,9,20033,0
18916,8,9,19293,70
18916,8,9,18923,350
18916,8,9,1,420
15952,8,9,17435,0
15952,8,9,16695,70
15952,8,9,16325,350
15952,8,9,1,420
31160,8,9,32276,0
31160,8,9,31906,140
31160,8,9,31536,490
31160,8,9,31166,770
31160,8,9,1,980
24116,8,9,24487,0
24116,8,9,24117,140
24116,8,9,1,560
28195,8,9,29678,0
28195,8,9,29308,420
28195,8,9,28938,630
28195,8,9,28568,910
28195,8,9,28198,1190
28195,8,9,1,1400
17438,8,9,18179,0
17438,8,9,17439,70
17438,8,9,1,350
18541,8,9,20772,0
18541,8,9,20402,420
18541,8,9,20032,490
18541,8,9,19292,560
18541,8,9,18922,630
18541,8,9,18552,700
18541,8,9,1,770
21514,8,9,22630,0
21514,8,9,22260,70
21514,8,9,21890,560
21514,8,9,21520,840
21514,8,9,1,1050
18550,8,9,20032,0
18550,8,9,19292,70
18550,8,9,18922,350
18550,8,9,18552,420
18550,8,9,1,490
28566,8,9,30049,0
28566,8,9,29679,420
28566,8,9,29309,630
28566,8,9,28939,910
28566,8,9,28569,1190
28566,8,9,1,1400
29681,8,9,30052,0
29681,8,9,29682,210
29681,8,9,1,560
14470,8,9,15211,0
14470,8,9,14841,70
14470,8,9,14471,350
14470,8,9,1,420
20027,8,9,21146,0
20027,8,9,20776,70
20027,8,9,20036,560
20027,8,9,1,630
20036,8,9,21516,0
20036,8,9,21146,140
20036,8,9,20776,560
20036,8,9,20036,840
20036,8,9,1,910
18911,8,9,20773,0
18911,8,9,20403,350
18911,8,9,19663,420
18911,8,9,19293,490
18911,8,9,18923,560
18911,8,9,1,630
26713,8,9,27084,0
26713,8,9,26714,140
26713,8,9,1,560
18920,8,9,20403,0
18920,8,9,19663,70
18920,8,9,19293,350
18920,8,9,18923,420
18920,8,9,1,490
17068,8,9,20768,0
17068,8,9,20398,420
17068,8,9,19658,490
17068,8,9,19288,560
17068,8,9,18548,630
17068,8,9,18178,700
17068,8,9,17808,770
17068,8,9,17068,840
17068,8,9,1,910
21147,8,9,21149,0
21147,8,9,1,350
25226,8,9,27450,0
25226,8,9,27080,70
25226,8,9,26710,490
25226,8,9,26340,770
25226,8,9,25970,980
25226,8,9,25600,1260
25226,8,9,25230,1470
18545,8,9,19662,0
18545,8,9,18922,70
18545,8,9,18552,350
18545,8,9,1,420
21518,8,9,22260,0
21518,8,9,21890,70
21518,8,9,21520,490
21518,8,9,1,700
15581,8,9,17064,0
15581,8,9,16324,70
15581,8,9,15954,350
15581,8,9,1,420
25597,8,9,27821,0
25597,8,9,27451,140
25597,8,9,27081,490
25597,8,9,26711,770
25597,8,9,26341,1050
25597,8,9,25971,1260
22633,8,9,23743,0
22633,8,9,23373,140
22633,8,9,23003,560
22633,8,9,22633,770
22633,8,9,1,1050
27824,8,9,29307,0
27824,8,9,28937,420
27824,8,9,28567,700
27824,8,9,28197,910
27824,8,9,27827,1190
27824,8,9,1,1400
20031,8,9,20776,0
20031,8,9,20406,70
20031,8,9,20036,350
20031,8,9,1,420
26708,8,9,27824,0
26708,8,9,27454,350
26708,8,9,27084,630
26708,8,9,26714,840
26708,8,9,1,1120
23744,8,9,24856,0
23744,8,9,24486,140
23744,8,9,24116,490
23744,8,9,23746,700
23744,8,9,1,980
15951,8,9,17435,0
15951,8,9,16695,70
15951,8,9,16325,350
15951,8,9,15955,420
15951,8,9,1,490
17063,8,9,18178,0
17063,8,9,17438,70
17063,8,9,17068,350
17063,8,9,1,420
21142,8,9,21889,0
21142,8,9,21519,70
21142,8,9,21149,490
21142,8,9,1,700
24115,8,9,24857,0
24115,8,9,24487,490
24115,8,9,24117,700
24115,8,9,1,980
18178,8,9,19661,0
18178,8,9,18921,70
18178,8,9,18551,350
18178,8,9,18181,420
18178,8,9,1,490
28194,8,9,30418,0
28194,8,9,30048,210
28194,8,9,29678,560
28194,8,9,29308,840
28194,8,9,28938,1050
28194,8,9,28568,1330
25230,8,9,26340,0
25230,8,9,25970,210
25230,8,9,25600,490
25230,8,9,25230,770
25230,8,9,1,1050
29306,8,9,30791,0
29306,8,9,30421,140
29306,8,9,30051,490
29306,8,9,29681,700
29306,8,9,29311,980
29306,8,9,1,1260
18540,8,9,20772,0
18540,8,9,20402,70
18540,8,9,20032,350
18540,8,9,19292,420
18540,8,9,18922,490
18540,8,9,18552,560
18540,8,9,1,630
18549,8,9,20032,0
18549,8,9,19292,70
18549,8,9,18922,350
18549,8,9,18552,420
18549,8,9,1,490
30421,8,9,31904,0
30421,8,9,31534,350
30421,8,9,31164,630
30421,8,9,30794,910
30421,8,9,30424,1120
30421,8,9,1,1400
14469,8,9,15951,0
14469,8,9,15581,70
14469,8,9,15211,350
14469,8,9,14471,420
14469,8,9,1,490
30792,8,9,32275,0
30792,8,9,31905,420
30792,8,9,31535,630
30792,8,9,31165,910
30792,8,9,30795,1190
30792,8,9,1,1400
20026,8,9,21146,0
20026,8,9,20776,420
20026,8,9,20406,630
20026,8,9,20036,700
20026,8,9,1,770
19660,8,9,20775,0
19660,8,9,20405,70
19660,8,9,20035,140
19660,8,9,19665,350
19660,8,9,1,420
26712,8,9,27454,0
26712,8,9,27084,490
26712,8,9,26714,700
26712,8,9,1,980
20775,8,9,20778,0
20775,8,9,1,420
17058,8,9,20768,0
17058,8,9,20028,70
17058,8,9,19658,350
17058,8,9,18918,420
17058,8,9,18548,490
17058,8,9,18178,560
17058,8,9,17438,630
17058,8,9,17068,700
17058,8,9,1,770
17067,8,9,17808,0
17067,8,9,17068,70
17067,8,9,1,350
18173,8,9,20771,0
18173,8,9,19661,70
18173,8,9,19291,350
18173,8,9,18921,420
18173,8,9,18181,490
18173,8,9,1,560
21146,8,9,21149,0
21146,8,9,1,350
26337,8,9,27453,0
26337,8,9,27083,350
26337,8,9,26713,630
26337,8,9,26343,840
26337,8,9,1,1120
29310,8,9,29681,0
29310,8,9,29311,210
29310,8,9,1,560
18544,8,9,20772,0
18544,8,9,20032,70
18544,8,9,19662,350
18544,8,9,19292,420
18544,8,9,18552,490
18544,8,9,1,560
15580,8,9,17064,0
15580,8,9,16324,70
15580,8,9,15954,350
15580,8,9,15584,420
15580,8,9,1,490
27823,8,9,30047,0
27823,8,9,29677,140
27823,8,9,29307,560
27823,8,9,28937,840
27823,8,9,28567,1050
27823,8,9,28197,1330
19655,8,9,21145,0
19655,8,9,20775,350
19655,8,9,20035,630
19655,8,9,19665,700
19655,8,9,1,770
16691,8,9,17807,0
16691,8,9,17067,70
16691,8,9,16697,350
16691,8,9,1,420
19664,8,9,20775,0
19664,8,9,20035,70
19664,8,9,19665,140
19664,8,9,1,350
20770,8,9,21148,0
20770,8,9,20778,70
20770,8,9,1,560
23743,8,9,25226,0
23743,8,9,24856,350
23743,8,9,24486,630
23743,8,9,24116,840
23743,8,9,23746,1120
23743,8,9,1,1400
17062,8,9,18178,0
17062,8,9,17438,70
17062,8,9,17068,350
17062,8,9,1,420
18168,8,9,20771,0
18168,8,9,20031,70
18168,8,9,19661,350
18168,8,9,18921,420
18168,8,9,18551,490
18168,8,9,18181,560
18168,8,9,1,630
14098,8,9,15580,0
14098,8,9,15210,70
14098,8,9,14840,350
14098,8,9,14100,420
14098,8,9,1,490
21141,8,9,21519,0
21141,8,9,21149,140
21141,8,9,1,560
18177,8,9,19661,0
18177,8,9,18921,70
18177,8,9,18551,350
18177,8,9,18181,420
18177,8,9,1,490
29305,8,9,30421,0
29305,8,9,30051,350
29305,8,9,29681,630
29305,8,9,29311,840
29305,8,9,1,1120
26341,8,9,27453,0
26341,8,9,27083,70
26341,8,9,26713,490
26341,8,9,26343,700
26341,8,9,1,980
15584,8,9,20394,0
15584,8,9,19654,70
15584,8,9,19284,350
15584,8,9,18544,420
15584,8,9,18174,490
15584,8,9,17804,560
15584,8,9,17064,630
15584,8,9,16694,700
15584,8,9,15954,770
15584,8,9,15584,840
15584,8,9,1,910
30420,8,9,32644,0
30420,8,9,32274,140
30420,8,9,31904,560
30420,8,9,31534,770
30420,8,9,31164,1050
30420,8,9,30794,1260
22261,8,9,22632,0
22261,8,9,22262,70
22261,8,9,1,560
27827,8,9,28937,0
27827,8,9,28567,350
27827,8,9,28197,630
27827,8,9,27827,840
27827,8,9,1,1120
19659,8,9,20775,0
19659,8,9,20035,70
19659,8,9,19665,350
19659,8,9,1,420
16695,8,9,18177,0
16695,8,9,17437,70
16695,8,9,17067,350
16695,8,9,1,420
20765,8,9,21148,0
20765,8,9,20778,70
20765,8,9,1,560
20774,8,9,20778,0
20774,8,9,1,420
24859,8,9,25969,0
24859,8,9,25599,210
24859,8,9,25229,560
24859,8,9,24859,770
24859,8,9,1,1050
17066,8,9,18548,0
17066,8,9,17808,70
17066,8,9,17438,350
17066,8,9,1,420
18172,8,9,20771,0
18172,8,9,20031,70
18172,8,9,19661,350
18172,8,9,19291,420
18172,8,9,18921,490
18172,8,9,18181,560
18172,8,9,1,630
28938,8,9,30050,0
28938,8,9,29680,140
28938,8,9,29310,490
28938,8,9,28940,700
28938,8,9,1,980
18181,8,9,21141,0
18181,8,9,20771,70
18181,8,9,20401,560
18181,8,9,20031,630
18181,8,9,19291,700
18181,8,9,18921,770
18181,8,9,18181,840
18181,8,9,1,910
29309,8,9,30421,0
29309,8,9,30051,140
29309,8,9,29681,490
29309,8,9,29311,700
29309,8,9,1,980
23372,8,9,24855,0
23372,8,9,24485,350
23372,8,9,24115,630
23372,8,9,23745,840
23372,8,9,23375,1120
23372,8,9,1,1400
15213,8,9,20023,0
15213,8,9,18913,70
15213,8,9,18543,350
15213,8,9,18173,420
15213,8,9,17433,490
15213,8,9,17063,560
15213,8,9,16693,630
15213,8,9,15953,700
15213,8,9,15583,770
15213,8,9,1,840
19292,8,9,20774,0
19292,8,9,20034,70
19292,8,9,19664,350
19292,8,9,19294,420
19292,8,9,1,490
27822,8,9,29307,0
27822,8,9,28937,140
27822,8,9,28567,490
27822,8,9,28197,770
27822,8,9,27827,980
27822,8,9,1,1260
19654,8,9,21145,0
19654,8,9,20775,350
19654,8,9,20405,560
19654,8,9,20035,630
19654,8,9,19665,700
19654,8,9,1,770
27456,8,9,28566,0
27456,8,9,28196,350
27456,8,9,27826,630
27456,8,9,27456,840
27456,8,9,1,1120
19663,8,9,20775,0
19663,8,9,20405,70
19663,8,9,20035,350
19663,8,9,19665,420
19663,8,9,1,490
20769,8,9,21148,0
20769,8,9,20778,350
20769,8,9,1,630
23742,8,9,25966,0
23742,8,9,25596,140
23742,8,9,25226,560
23742,8,9,24856,770
23742,8,9,24486,1050
23742,8,9,24116,1260
20778,8,9,21518,0
20778,8,9,21148,420
20778,8,9,20778,630
20778,8,9,1,910
21890,8,9,21891,0
21890,8,9,1,350
25969,8,9,27452,0
25969,8,9,27082,350
25969,8,9,26712,630
25969,8,9,26342,840
25969,8,9,25972,1120
25969,8,9,1,1400
18176,8,9,19661,0
18176,8,9,18551,70
18176,8,9,18181,350
18176,8,9,1,420
17810,8,9,21140,0
17810,8,9,20770,70
17810,8,9,20030,560
17810,8,9,19660,630
17810,8,9,19290,700
17810,8,9,18550,770
17810,8,9,18180,840
17810,8,9,1,910
26340,8,9,27823,0
26340,8,9,27453,350
26340,8,9,27083,630
26340,8,9,26713,840
26340,8,9,26343,1120
26340,8,9,1,1400
30419,8,9,31904,0
30419,8,9,31534,140
30419,8,9,31164,490
30419,8,9,30794,700
30419,8,9,30424,980
30419,8,9,1,1260
15208,8,9,16323,0
15208,8,9,15583,70
15208,8,9,15213,350
15208,8,9,1,420
19287,8,9,20404,0
19287,8,9,19664,70
19287,8,9,19294,350
19287,8,9,1,420
22260,8,9,23002,0
22260,8,9,22632,420
22260,8,9,22262,630
22260,8,9,1,910
16323,8,9,17806,0
16323,8,9,17066,70
16323,8,9,16696,350
16323,8,9,1,420
27451,8,9,28936,0
27451,8,9,28566,140
27451,8,9,28196,490
27451,8,9,27826,770
27451,8,9,27456,980
27451,8,9,1,1260
19658,8,9,20775,0
19658,8,9,20035,70
19658,8,9,19665,350
19658,8,9,1,420
24487,8,9,24858,0
24487,8,9,24488,350
24487,8,9,1,560
16694,8,9,18177,0
16694,8,9,17437,70
16694,8,9,17067,350
16694,8,9,1,420
20773,8,9,20778,0
20773,8,9,1,420
20407,8,9,21517,0
20407,8,9,21147,350
20407,8,9,20777,630
20407,8,9,20407,840
20407,8,9,1,910
21885,8,9,23001,0
21885,8,9,22631,70
21885,8,9,22261,490
21885,8,9,21891,770
21885,8,9,1,1050
24858,8,9,25229,0
24858,8,9,24859,140
24858,8,9,1,560
28937,8,9,30420,0
28937,8,9,30050,420
28937,8,9,29680,630
28937,8,9,29310,910
28937,8,9,28940,1120
28937,8,9,1,1400
17805,8,9,19290,0
17805,8,9,18550,70
17805,8,9,18180,350
17805,8,9,1,420
14841,8,9,15212,0
14841,8,9,14842,70
14841,8,9,1,350
15212,8,9,15953,0
15212,8,9,15213,70
15212,8,9,1,350
30048,8,9,31533,0
30048,8,9,31163,140
30048,8,9,30793,490
30048,8,9,30423,700
30048,8,9,30053,980
30048,8,9,1,1260
19291,8,9,20774,0
19291,8,9,20034,70
19291,8,9,19664,350
19291,8,9,19294,420
19291,8,9,1,490
27455,8,9,27826,0
27455,8,9,27456,350
27455,8,9,1,630
16689,8,9,18917,0
16689,8,9,18177,70
16689,8,9,17807,350
16689,8,9,17437,420
16689,8,9,16697,490
16689,8,9,1,560
20402,8,9,20777,0
20402,8,9,20407,350
20402,8,9,1,420
21889,8,9,22631,0
21889,8,9,22261,70
21889,8,9,21891,490
21889,8,9,1,700
25968,8,9,28192,0
25968,8,9,27822,140
25968,8,9,27452,560
25968,8,9,27082,770
25968,8,9,26712,1050
25968,8,9,26342,1260
17809,8,9,18920,0
17809,8,9,18180,70
17809,8,9,17810,350
17809,8,9,1,420
23375,8,9,24485,0
23375,8,9,24115,140
23375,8,9,23745,560
23375,8,9,23375,770
23375,8,9,1,1050
27079,8,9,28195,0
27079,8,9,27825,140
27079,8,9,27455,560
27079,8,9,27085,840
27079,8,9,1,1050
30052,8,9,30423,0
30052,8,9,30053,210
30052,8,9,1,560
16322,8,9,17806,0
16322,8,9,17066,70
16322,8,9,16696,350
16322,8,9,16326,420
16322,8,9,1,490
27450,8,9,28566,0
27450,8,9,28196,350
27450,8,9,27826,630
27450,8,9,27456,910
27450,8,9,1,1120
24486,8,9,25598,0
24486,8,9,25228,140
24486,8,9,24858,490
24486,8,9,24488,770
24486,8,9,1,980
20397,8,9,21147,0
20397,8,9,20777,420
20397,8,9,20407,700
20397,8,9,1,770
17433,8,9,18549,0
17433,8,9,17809,70
17433,8,9,17439,350
17433,8,9,1,420
20406,8,9,20777,0
20406,8,9,20407,140
20406,8,9,1,350
24857,8,9,25969,0
24857,8,9,25599,70
24857,8,9,25229,490
24857,8,9,24859,700
24857,8,9,1,980
25972,8,9,27082,0
25972,8,9,26712,210
25972,8,9,26342,560
25972,8,9,25972,770
25972,8,9,1,1050
17804,8,9,19290,0
17804,8,9,18550,70
17804,8,9,18180,350
17804,8,9,1,420
29676,8,9,30792,0
29676,8,9,30422,350
29676,8,9,30052,630
29676,8,9,29682,910
29676,8,9,1,1120
14840,8,9,15582,0
14840,8,9,15212,70
14840,8,9,14842,350
14840,8,9,1,420
23004,8,9,24114,0
23004,8,9,23744,210
23004,8,9,23374,560
23004,8,9,23004,770
23004,8,9,1,1050
15211,8,9,16323,0
15211,8,9,15583,70
15211,8,9,15213,350
15211,8,9,1,420
30047,8,9,31163,0
30047,8,9,30793,350
30047,8,9,30423,630
30047,8,9,30053,910
30047,8,9,1,1120
19281,8,9,20774,0
19281,8,9,20034,420
19281,8,9,19664,490
19281,8,9,19294,560
19281,8,9,1,630
27083,8,9,27825,0
27083,8,9,27455,490
27083,8,9,27085,700
27083,8,9,1,980
16326,8,9,20766,0
16326,8,9,20396,70
16326,8,9,20026,350
16326,8,9,19656,420
16326,8,9,18916,490
16326,8,9,18546,560
16326,8,9,18176,630
16326,8,9,17436,700
16326,8,9,17066,770
16326,8,9,16326,840
16326,8,9,1,910
27454,8,9,28566,0
27454,8,9,28196,140
27454,8,9,27826,490
27454,8,9,27456,770
27454,8,9,1,1050
13358,8,9,18168,0
13358,8,9,17798,350
13358,8,9,17058,420
13358,8,9,16688,490
13358,8,9,15948,560
13358,8,9,15578,630
13358,8,9,15208,700
13358,8,9,14468,770
13358,8,9,14098,840
13358,8,9,13358,910
13358,8,9,1,980
20401,8,9,20777,0
20401,8,9,20407,350
20401,8,9,1,420
17437,8,9,18919,0
17437,8,9,18179,70
17437,8,9,17809,350
17437,8,9,1,420
21888,8,9,23001,0
21888,8,9,22631,70
21888,8,9,22261,560
21888,8,9,21891,770
21888,8,9,1,1050
28565,8,9,30789,0
28565,8,9,30419,210
28565,8,9,30049,560
28565,8,9,29679,840
28565,8,9,29309,1050
28565,8,9,28939,1330
17799,8,9,20770,0
17799,8,9,20400,350
17799,8,9,20030,420
17799,8,9,19290,490
17799,8,9,18920,560
17799,8,9,18550,630
17799,8,9,17810,700
17799,8,9,1,770
25601,8,9,26711,0
25601,8,9,26341,210
25601,8,9,25971,490
25601,8,9,25601,770
25601,8,9,1,1050
17808,8,9,19290,0
17808,8,9,18550,70
17808,8,9,18180,350
17808,8,9,17810,420
17808,8,9,1,490
29680,8,9,30792,0
29680,8,9,30422,140
29680,8,9,30052,490
29680,8,9,29682,700
29680,8,9,1,980
20035,8,9,20776,0
20035,8,9,20036,140
20035,8,9,1,350
30051,8,9,31163,0
30051,8,9,30793,140
30051,8,9,30423,490
30051,8,9,30053,700
30051,8,9,1,980
18910,8,9,20773,0
18910,8,9,20403,350
18910,8,9,19663,420
18910,8,9,19293,490
18910,8,9,18923,560
18910,8,9,1,630
18919,8,9,20403,0
18919,8,9,19663,70
18919,8,9,19293,350
18919,8,9,18923,420
18919,8,9,1,490
15955,8,9,20765,0
15955,8,9,20025,70
15955,8,9,19655,350
15955,8,9,19285,420
15955,8,9,18545,490
15955,8,9,18175,560
15955,8,9,17805,630
15955,8,9,17065,700
15955,8,9,16695,770
15955,8,9,15955,840
15955,8,9,1,910
24485,8,9,25968,0
24485,8,9,25598,350
24485,8,9,25228,630
24485,8,9,24858,840
24485,8,9,24488,1120
24485,8,9,1,1400
20396,8,9,21147,0
20396,8,9,20777,420
20396,8,9,1,700
28198,8,9,29308,0
28198,8,9,28938,350
28198,8,9,28568,560
28198,8,9,28198,840
28198,8,9,1,1120
20405,8,9,20777,0
20405,8,9,20407,350
20405,8,9,1,420
21517,8,9,22260,0
21517,8,9,21890,70
21517,8,9,21520,490
21517,8,9,1,700
25596,8,9,26711,0
25596,8,9,26341,420
25596,8,9,25971,700
25596,8,9,25601,980
25596,8,9,1,1190
28569,8,9,29679,0
28569,8,9,29309,350
28569,8,9,28939,560
28569,8,9,28569,840
28569,8,9,1,1120
22632,8,9,23003,0
22632,8,9,22633,140
22632,8,9,1,560
20030,8,9,20776,0
20030,8,9,20406,70
20030,8,9,20036,350
20030,8,9,1,420
23003,8,9,23374,0
23003,8,9,23004,140
23003,8,9,1,560
27082,8,9,28565,0
27082,8,9,28195,350
27082,8,9,27825,630
27082,8,9,27455,840
27082,8,9,27085,1120
27082,8,9,1,1400
15950,8,9,17065,0
15950,8,9,16325,70
15950,8,9,15955,350
15950,8,9,1,420
18923,8,9,21143,0
18923,8,9,20773,420
18923,8,9,20033,700
18923,8,9,19663,770
18923,8,9,18923,840
18923,8,9,1,910
24114,8,9,25597,0
24114,8,9,25227,350
24114,8,9,24857,630
24114,8,9,24487,840
24114,8,9,24117,1120
24114,8,9,1,1330
28193,8,9,29678,0
28193,8,9,29308,140
28193,8,9,28938,490
28193,8,9,28568,770
28193,8,9,28198,980
28193,8,9,1,1260
20400,8,9,20777,0
20400,8,9,20407,350
20400,8,9,1,420
25229,8,9,25600,0
25229,8,9,25230,140
25229,8,9,1,560
17436,8,9,18919,0
17436,8,9,18179,70
17436,8,9,17809,350
17436,8,9,1,420
21512,8,9,22630,0
21512,8,9,22260,140
21512,8,9,21890,560
21512,8,9,21520,840
21512,8,9,1,1050
18548,8,9,20032,0
18548,8,9,19292,70
18548,8,9,18922,350
18548,8,9,18552,420
18548,8,9,1,490
28564,8,9,30049,0
28564,8,9,29679,140
28564,8,9,29309,490
28564,8,9,28939,770
28564,8,9,28569,980
28564,8,9,1,1260
25600,8,9,25971,0
25600,8,9,25601,140
25600,8,9,1,560
29679,8,9,31162,0
29679,8,9,30792,350
29679,8,9,30422,630
29679,8,9,30052,910
29679,8,9,29682,1120
29679,8,9,1,1400
14468,8,9,15951,0
14468,8,9,15581,70
14468,8,9,15211,350
14468,8,9,14471,420
14468,8,9,1,490
30791,8,9,33015,0
30791,8,9,32645,210
30791,8,9,32275,560
30791,8,9,31905,840
30791,8,9,31535,1050
30791,8,9,31165,1330
20025,8,9,21146,0
20025,8,9,20776,420
20025,8,9,20406,630
20025,8,9,20036,700
20025,8,9,1,770
20034,8,9,20776,0
20034,8,9,20406,350
20034,8,9,20036,420
20034,8,9,1,490
26711,8,9,28194,0
26711,8,9,27824,350
26711,8,9,27454,630
26711,8,9,27084,840
26711,8,9,26714,1120
26711,8,9,1,1400
18918,8,9,20403,0
18918,8,9,19293,70
18918,8,9,18923,350
18918,8,9,1,420
15954,8,9,17065,0
15954,8,9,15955,70
15954,8,9,1,350
21145,8,9,21519,0
21145,8,9,21149,70
21145,8,9,1,560
28197,8,9,28568,0
28197,8,9,28198,350
28197,8,9,1,630
17431,8,9,19659,0
17431,8,9,18919,70
17431,8,9,18549,350
17431,8,9,18179,420
17431,8,9,17439,490
17431,8,9,1,560
18543,8,9,20772,0
18543,8,9,20402,70
18543,8,9,20032,350
18543,8,9,19662,420
18543,8,9,19292,490
18543,8,9,18552,560
18543,8,9,1,630
21516,8,9,21890,0
21516,8,9,21520,140
21516,8,9,1,560
15579,8,9,16694,0
15579,8,9,15954,70
15579,8,9,15584,350
15579,8,9,1,420
18552,8,9,21142,0
18552,8,9,20772,350
18552,8,9,20402,630
18552,8,9,19662,700
18552,8,9,19292,770
18552,8,9,18552,840
18552,8,9,1,910
22631,8,9,23743,0
22631,8,9,23373,70
22631,8,9,23003,490
22631,8,9,22633,700
22631,8,9,1,980
20029,8,9,20776,0
20029,8,9,20406,70
20029,8,9,20036,350
20029,8,9,1,420
18913,8,9,21143,0
18913,8,9,20773,70
18913,8,9,20403,490
18913,8,9,20033,560
18913,8,9,19293,630
18913,8,9,18923,700
18913,8,9,1,770
15949,8,9,17065,0
15949,8,9,16325,70
15949,8,9,15955,350
15949,8,9,1,420
21140,8,9,21519,0
21140,8,9,21149,140
21140,8,9,1,560
24113,8,9,26337,0
24113,8,9,25967,70
24113,8,9,25597,490
24113,8,9,25227,770
24113,8,9,24857,980
24113,8,9,24487,1260
21149,8,9,21889,0
21149,8,9,21519,420
21149,8,9,21149,630
21149,8,9,1,910
28192,8,9,29308,0
28192,8,9,28938,420
28192,8,9,28568,630
28192,8,9,28198,910
28192,8,9,1,1120
25228,8,9,25970,0
25228,8,9,25600,420
25228,8,9,25230,700
25228,8,9,1,980
18547,8,9,20032,0
18547,8,9,18922,70
18547,8,9,18552,350
18547,8,9,1,420
21520,8,9,22260,0
21520,8,9,21890,420
21520,8,9,21520,630
21520,8,9,1,910
15583,8,9,16694,0
15583,8,9,15584,70
15583,8,9,1,350
30790,8,9,32275,0
30790,8,9,31905,140
30790,8,9,31535,490
30790,8,9,31165,770
30790,8,9,30795,1050
30790,8,9,1,1260
27826,8,9,28197,0
27826,8,9,27827,350
27826,8,9,1,630
26710,8,9,28934,0
26710,8,9,28564,140
26710,8,9,28194,560
26710,8,9,27824,770
26710,8,9,27454,1050
26710,8,9,27084,1260
23746,8,9,24856,0
23746,8,9,24486,210
23746,8,9,24116,560
23746,8,9,23746,770
23746,8,9,1,1050
17065,8,9,18548,0
17065,8,9,17808,70
17065,8,9,17438,350
17065,8,9,1,420
21144,8,9,21519,0
21144,8,9,21149,350
21144,8,9,1,630
24117,8,9,25227,0
24117,8,9,24857,210
24117,8,9,24487,560
24117,8,9,24117,770
24117,8,9,1,1050
18180,8,9,19291,0
18180,8,9,18181,70
18180,8,9,1,350
28196,8,9,29308,0
28196,8,9,28938,140
28196,8,9,28568,490
28196,8,9,28198,770
28196,8,9,1,980
18542,8,9,20772,0
18542,8,9,20032,490
18542,8,9,19662,560
18542,8,9,18922,630
18542,8,9,18552,700
18542,8,9,1,770
29308,8,9,30791,0
29308,8,9,30421,420
29308,8,9,30051,630
29308,8,9,29681,910
29308,8,9,29311,1120
29308,8,9,1,1400
21515,8,9,21890,0
21515,8,9,21520,140
21515,8,9,1,560
15578,8,9,16694,0
15578,8,9,15954,70
15578,8,9,15584,350
15578,8,9,1,420
18551,8,9,19662,0
18551,8,9,18552,70
18551,8,9,1,350
22630,8,9,24113,0
22630,8,9,23743,350
22630,8,9,23373,630
22630,8,9,23003,840
22630,8,9,22633,1120
22630,8,9,1,1400
14471,8,9,19281,0
14471,8,9,18911,70
14471,8,9,18541,350
14471,8,9,17801,420
14471,8,9,17431,490
14471,8,9,16691,560
14471,8,9,16321,630
14471,8,9,15951,700
14471,8,9,15211,770
14471,8,9,14841,840
14471,8,9,1,910
27821,8,9,28937,0
27821,8,9,28567,420
27821,8,9,28197,630
27821,8,9,27827,910
27821,8,9,1,1120
19662,8,9,20775,0
19662,8,9,20405,70
19662,8,9,20035,350
19662,8,9,19665,420
19662,8,9,1,490
20768,8,9,21518,0
20768,8,9,21148,70
20768,8,9,20778,490
20768,8,9,1,700
26714,8,9,27824,0
26714,8,9,27454,210
26714,8,9,27084,560
26714,8,9,26714,770
26714,8,9,1,1050
20777,8,9,20778,0
20777,8,9,1,350
17060,8,9,19288,0
17060,8,9,18548,70
17060,8,9,18178,350
17060,8,9,17808,420
17060,8,9,17068,490
17060,8,9,1,560
18175,8,9,19291,0
18175,8,9,18551,70
18175,8,9,18181,350
18175,8,9,1,420
21148,8,9,21149,0
21148,8,9,1,420
25227,8,9,26710,0
25227,8,9,26340,140
25227,8,9,25970,560
25227,8,9,25600,840
25227,8,9,25230,1050
25227,8,9,1,1330
26339,8,9,28563,0
26339,8,9,28193,140
26339,8,9,27823,560
26339,8,9,27453,770
26339,8,9,27083,1050
26339,8,9,26713,1260
18546,8,9,19662,0
18546,8,9,18922,70
18546,8,9,18552,350
18546,8,9,1,420
15582,8,9,17064,0
15582,8,9,16324,70
15582,8,9,15954,350
15582,8,9,1,420
30418,8,9,31534,0
30418,8,9,31164,350
30418,8,9,30794,630
30418,8,9,30424,910
30418,8,9,1,1120
22259,8,9,23742,0
22259,8,9,23372,70
22259,8,9,23002,560
22259,8,9,22632,770
22259,8,9,22262,1050
22259,8,9,1,1260
30789,8,9,31905,0
30789,8,9,31535,420
30789,8,9,31165,630
30789,8,9,30795,910
30789,8,9,1,1190
27825,8,9,28937,0
27825,8,9,28567,140
27825,8,9,28197,490
27825,8,9,27827,770
27825,8,9,1,1050
19657,8,9,20775,0
19657,8,9,20405,420
19657,8,9,19665,490
19657,8,9,1,560
16693,8,9,18177,0
16693,8,9,17437,70
16693,8,9,17067,350
16693,8,9,16697,420
16693,8,9,1,490
26709,8,9,28194,0
26709,8,9,27824,70
26709,8,9,27454,490
26709,8,9,27084,700
26709,8,9,26714,980
26709,8,9,1,1190
20772,8,9,20778,0
20772,8,9,1,350
23745,8,9,24116,0
23745,8,9,23746,140
23745,8,9,1,560
17064,8,9,18548,0
17064,8,9,17808,70
17064,8,9,17438,350
17064,8,9,17068,420
17064,8,9,1,490
28936,8,9,31160,0
28936,8,9,30790,140
28936,8,9,30420,560
28936,8,9,30050,770
28936,8,9,29680,1050
28936,8,9,29310,1260
14100,8,9,18910,0
14100,8,9,18540,70
14100,8,9,18170,350
14100,8,9,17430,420
14100,8,9,17060,490
14100,8,9,16320,560
14100,8,9,15950,630
14100,8,9,15580,700
14100,8,9,14840,770
14100,8,9,14470,840
14100,8,9,1,910
21143,8,9,21889,0
21143,8,9,21519,70
21143,8,9,21149,490
21143,8,9,1,700
18170,8,9,20771,0
18170,8,9,20031,420
18170,8,9,19661,490
18170,8,9,18921,560
18170,8,9,18551,630
18170,8,9,18181,700
18170,8,9,1,770
18179,8,9,19661,0
18179,8,9,18921,70
18179,8,9,18551,350
18179,8,9,18181,420
18179,8,9,1,490
29307,8,9,31531,0
29307,8,9,31161,140
29307,8,9,30791,560
29307,8,9,30421,770
29307,8,9,30051,1050
29307,8,9,29681,1260
26343,8,9,27453,0
26343,8,9,27083,210
26343,8,9,26713,560
26343,8,9,26343,770
26343,8,9,1,1050
30422,8,9,31534,0
30422,8,9,31164,140
30422,8,9,30794,490
30422,8,9,30424,700
30422,8,9,1,980
19290,8,9,20774,0
19290,8,9,20034,70
19290,8,9,19664,350
19290,8,9,19294,420
19290,8,9,1,490
16688,8,9,19657,0
16688,8,9,18547,70
16688,8,9,18177,350
16688,8,9,17807,420
16688,8,9,17067,490
16688,8,9,16697,560
16688,8,9,1,630
19661,8,9,20775,0
19661,8,9,20405,70
19661,8,9,20035,350
19661,8,9,19665,420
19661,8,9,1,490
16697,8,9,20767,0
16697,8,9,20397,350
16697,8,9,20027,420
16697,8,9,19287,490
16697,8,9,18917,560
16697,8,9,18177,630
16697,8,9,17807,700
16697,8,9,17437,770
16697,8,9,16697,840
16697,8,9,1,910
20767,8,9,21518,0
20767,8,9,21148,70
20767,8,9,20778,490
20767,8,9,1,700
20776,8,9,20778,0
20776,8,9,1,420
17059,8,9,20028,0
17059,8,9,18918,70
17059,8,9,18548,350
17059,8,9,18178,420
17059,8,9,17438,490
17059,8,9,17068,560
17059,8,9,1,630
25967,8,9,27452,0
25967,8,9,27082,70
25967,8,9,26712,490
25967,8,9,26342,700
25967,8,9,25972,980
25967,8,9,1,1190
28940,8,9,30050,0
28940,8,9,29680,350
28940,8,9,29310,560
28940,8,9,28940,840
28940,8,9,1,1050
18174,8,9,19291,0
18174,8,9,18551,70
18174,8,9,18181,350
18174,8,9,1,420
26338,8,9,27823,0
26338,8,9,27453,70
26338,8,9,27083,490
26338,8,9,26713,700
26338,8,9,26343,980
26338,8,9,1,1190
29311,8,9,30421,0
29311,8,9,30051,350
29311,8,9,29681,560
29311,8,9,29311,840
29311,8,9,1,1050
23374,8,9,23745,0
23374,8,9,23375,140
23374,8,9,1,560
19285,8,9,20774,0
19285,8,9,20404,420
19285,8,9,20034,490
19285,8,9,19294,560
19285,8,9,1,630
16321,8,9,17436,0
16321,8,9,16696,70
16321,8,9,16326,350
16321,8,9,1,420
19294,8,9,21514,0
19294,8,9,21144,70
19294,8,9,20774,490
19294,8,9,20404,700
19294,8,9,20034,770
19294,8,9,19294,840
19294,8,9,1,910
19656,8,9,21145,0
19656,8,9,20775,70
19656,8,9,20405,490
19656,8,9,19665,560
19656,8,9,1,630
16692,8,9,17807,0
16692,8,9,17067,70
16692,8,9,16697,350
16692,8,9,1,420
19665,8,9,21515,0
19665,8,9,21145,70
19665,8,9,20775,490
19665,8,9,20405,770
19665,8,9,19665,840
19665,8,9,1,910
20771,8,9,20778,0
20771,8,9,1,350
24856,8,9,26339,0
24856,8,9,25969,350
24856,8,9,25599,630
24856,8,9,25229,840
24856,8,9,24859,1120
24856,8,9,1,1330
28935,8,9,30420,0
28935,8,9,30050,140
28935,8,9,29680,490
28935,8,9,29310,700
28935,8,9,28940,980
28935,8,9,1,1260
18169,8,9,20771,0
18169,8,9,20031,70
18169,8,9,19661,350
18169,8,9,18921,420
18169,8,9,18551,490
18169,8,9,18181,560
18169,8,9,1,630
14099,8,9,14840,0
14099,8,9,14470,70
14099,8,9,14100,350
14099,8,9,1,420
25971,8,9,26342,0
25971,8,9,25972,140
25971,8,9,1,560
26342,8,9,26713,0
26342,8,9,26343,140
26342,8,9,1,560
15210,8,9,16323,0
15210,8,9,15583,70
15210,8,9,15213,350
15210,8,9,1,420
19289,8,9,20774,0
19289,8,9,19664,70
19289,8,9,19294,350
19289,8,9,1,420
22262,8,9,23372,0
22262,8,9,23002,140
22262,8,9,22632,560
22262,8,9,22262,770
22262,8,9,1,1050
16325,8,9,17436,0
16325,8,9,16326,70
16325,8,9,1,350
27453,8,9,28936,0
27453,8,9,28566,420
27453,8,9,28196,700
27453,8,9,27826,910
27453,8,9,27456,1190
27453,8,9,1,1400
16696,8,9,17437,0
16696,8,9,16697,70
16696,8,9,1,350
20766,8,9,21148,0
20766,8,9,20778,70
20766,8,9,1,560
1,9,10,1,0
25966,9,10,27082,0
25966,9,10,26712,350
25966,9,10,26342,630
25966,9,10,25972,840
25966,9,10,1,1120
28939,9,10,29310,0
28939,9,10,28940,210
28939,9,10,1,560
17798,9,10,20770,0
17798,9,10,19660,70
17798,9,10,19290,350
17798,9,10,18920,420
17798,9,10,18550,490
17798,9,10,17810,560
17798,9,10,1,630
17807,9,10,19290,0
17807,9,10,18550,70
17807,9,10,18180,350
17807,9,10,17810,420
17807,9,10,1,490
23373,9,10,24485,0
23373,9,10,24115,140
23373,9,10,23745,490
23373,9,10,23375,700
23373,9,10,1,980
30050,9,10,31533,0
30050,9,10,31163,350
30050,9,10,30793,630
30050,9,10,30423,910
30050,9,10,30053,1120
30050,9,10,1,1400
19284,9,10,21144,0
19284,9,10,20774,70
19284,9,10,20404,560
19284,9,10,19664,630
19284,9,10,19294,700
19284,9,10,1,770
16320,9,10,17436,0
16320,9,10,16696,70
16320,9,10,16326,350
16320,9,10,1,420
19293,9,10,20404,0
19293,9,10,19294,70
19293,9,10,1,350
24484,9,10,26708,0
24484,9,10,26338,140
24484,9,10,25968,560
24484,9,10,25598,770
24484,9,10,25228,1050
24484,9,10,24858,1260
31536,9,10,31537,0
31536,9,10,1,420
20404,9,10,20777,0
20404,9,10,20407,350
20404,9,10,1,420
24855,9,10,27079,0
24855,9,10,26709,70
24855,9,10,26339,490
24855,9,10,25969,770
24855,9,10,25599,1050
24855,9,10,25229,1260
21891,9,10,22631,0
21891,9,10,22261,350
21891,9,10,21891,630
21891,9,10,1,910
28934,9,10,30050,0
28934,9,10,29680,350
28934,9,10,29310,630
28934,9,10,28940,840
28934,9,10,1,1120
25970,9,10,27082,0
25970,9,10,26712,70
25970,9,10,26342,490
25970,9,10,25972,700
25970,9,10,1,980
17802,9,10,20400,0
17802,9,10,19660,70
17802,9,10,19290,350
17802,9,10,18550,420
17802,9,10,18180,490
17802,9,10,17810,560
17802,9,10,1,630
28568,9,10,28939,0
28568,9,10,28569,350
28568,9,10,1,630
23002,9,10,24114,0
23002,9,10,23744,140
23002,9,10,23374,490
23002,9,10,23004,770
23002,9,10,1,980
27081,9,10,29305,0
27081,9,10,28935,140
27081,9,10,28565,490
27081,9,10,28195,770
27081,9,10,27825,980
27081,9,10,27455,1260
27081,9,10,27085,1470
19288,9,10,20404,0
19288,9,10,19664,70
19288,9,10,19294,350
19288,9,10,1,420
16324,9,10,17806,0
16324,9,10,17066,70
16324,9,10,16696,350
16324,9,10,1,420
18922,9,10,20033,0
18922,9,10,18923,70
18922,9,10,1,350
27452,9,10,29676,0
27452,9,10,29306,140
27452,9,10,28936,560
27452,9,10,28566,840
27452,9,10,28196,1050
27452,9,10,27826,1330
24488,9,10,25598,0
24488,9,10,25228,210
24488,9,10,24858,560
24488,9,10,24488,840
24488,9,10,1,1050
31531,9,10,32647,0
31531,9,10,32277,140
31531,9,10,31907,490
31531,9,10,31537,700
31531,9,10,1,980
20399,9,10,21147,0
20399,9,10,20777,70
20399,9,10,20407,490
20399,9,10,1,560
17435,9,10,18919,0
17435,9,10,18179,70
17435,9,10,17809,350
17435,9,10,17439,420
17435,9,10,1,490
28563,9,10,29679,0
28563,9,10,29309,420
28563,9,10,28939,630
28563,9,10,28569,910
28563,9,10,1,1120
25599,9,10,26341,0
25599,9,10,25971,420
25599,9,10,25601,700
25599,9,10,1,980
17806,9,10,19660,0
17806,9,10,18920,70
17806,9,10,18550,350
17806,9,10,17810,420
17806,9,10,1,490
29678,9,10,31902,0
29678,9,10,31532,140
29678,9,10,31162,560
29678,9,10,30792,770
29678,9,10,30422,1050
29678,9,10,30052,1260
14842,9,10,18912,0
14842,9,10,18542,70
14842,9,10,18172,350
14842,9,10,17802,420
14842,9,10,17062,490
14842,9,10,16692,560
14842,9,10,16322,630
14842,9,10,15582,700
14842,9,10,15212,770
14842,9,10,1,840
20033,9,10,20776,0
20033,9,10,20406,350
20033,9,10,20036,420
20033,9,10,1,490
30049,9,10,32273,0
30049,9,10,31903,140
30049,9,10,31533,560
30049,9,10,31163,770
30049,9,10,30793,1050
30049,9,10,30423,1260
27085,9,10,28195,0
27085,9,10,27825,210
27085,9,10,27455,560
27085,9,10,27085,770
27085,9,10,1,1050
18917,9,10,20033,0
18917,9,10,19293,70
18917,9,10,18923,350
18917,9,10,1,420
15953,9,10,17435,0
15953,9,10,16695,70
15953,9,10,16325,350
15953,9,10,1,420
20394,9,10,21147,0
20394,9,10,20777,70
20394,9,10,1,560
17430,9,10,20399,0
17430,9,10,19289,70
17430,9,10,18919,350
17430,9,10,18549,420
17430,9,10,17809,490
17430,9,10,17439,560
17430,9,10,1,630
20403,9,10,20777,0
20403,9,10,1,420
17439,9,10,20769,0
17439,9,10,20029,490
17439,9,10,19659,560
17439,9,10,18919,630
17439,9,10,18549,700
17439,9,10,18179,770
17439,9,10,17439,840
17439,9,10,1,910
28567,9,10,29679,0
28567,9,10,29309,210
28567,9,10,28939,490
28567,9,10,28569,770
28567,9,10,1,980
17801,9,10,20770,0
17801,9,10,20030,70
17801,9,10,19660,350
17801,9,10,18920,420
17801,9,10,18550,490
17801,9,10,18180,560
17801,9,10,1,630
29682,9,10,30792,0
29682,9,10,30422,280
29682,9,10,30052,560
29682,9,10,29682,770
29682,9,10,1,1050
20028,9,10,21146,0
20028,9,10,20776,70
20028,9,10,20036,490
20028,9,10,1,560
23001,9,10,24484,0
23001,9,10,24114,420
23001,9,10,23744,630
23001,9,10,23374,910
23001,9,10,23004,1120
23001,9,10,1,1400
27080,9,10,28195,0
27080,9,10,27825,420
27080,9,10,27455,700
27080,9,10,27085,910
27080,9,10,1,1190
18912,9,10,21143,0
18912,9,10,20773,70
18912,9,10,20403,490
18912,9,10,19663,560
18912,9,10,19293,630
18912,9,10,18923,700
18912,9,10,1,770
15948,9,10,17065,0
15948,9,10,16325,70
15948,9,10,15955,350
15948,9,10,1,420
18921,9,10,20403,0
18921,9,10,19663,70
18921,9,10,19293,350
18921,9,10,18923,420
18921,9,10,1,490
31165,9,10,31166,0
31165,9,10,1,420
20398,9,10,21147,0
20398,9,10,20777,70
20398,9,10,20407,560
20398,9,10,1,630
21519,9,10,21520,0
21519,9,10,1,420
25598,9,10,27081,0
25598,9,10,26711,350
25598,9,10,26341,630
25598,9,10,25971,840
25598,9,10,25601,1120
25598,9,10,1,1330
29677,9,10,31162,0
29677,9,10,30792,140
29677,9,10,30422,490
29677,9,10,30052,700
29677,9,10,29682,980
29677,9,10,1,1260
20023,9,10,21146,0
20023,9,10,20776,70
20023,9,10,20406,490
20023,9,10,20036,560
20023,9,10,1,630
20032,9,10,20776,0
20032,9,10,20406,350
20032,9,10,20036,420
20032,9,10,1,490
27084,9,10,27455,0
27084,9,10,27085,140
27084,9,10,1,560
18916,9,10,20033,0
18916,9,10,19293,70
18916,9,10,18923,350
18916,9,10,1,420
31160,9,10,32276,0
31160,9,10,31906,140
31160,9,10,31536,490
31160,9,10,31166,770
31160,9,10,1,980
32275,9,10,34129,0
32275,9,10,33759,420
32275,9,10,33389,700
32275,9,10,33019,910
32275,9,10,32649,1190
32275,9,10,32279,1400
24116,9,10,24487,0
24116,9,10,24117,140
24116,9,10,1,560
28195,9,10,29678,0
28195,9,10,29308,420
28195,9,10,28938,630
28195,9,10,28568,910
28195,9,10,28198,1190
28195,9,10,1,1400
17438,9,10,18179,0
17438,9,10,17439,70
17438,9,10,1,350
18541,9,10,20772,0
18541,9,10,20402,420
18541,9,10,20032,490
18541,9,10,19292,560
18541,9,10,18922,630
18541,9,10,18552,700
18541,9,10,1,770
21514,9,10,22630,0
21514,9,10,22260,70
21514,9,10,21890,560
21514,9,10,21520,840
21514,9,10,1,1050
18550,9,10,20032,0
18550,9,10,19292,70
18550,9,10,18922,350
18550,9,10,18552,420
18550,9,10,1,490
28566,9,10,30049,0
28566,9,10,29679,420
28566,9,10,29309,630
28566,9,10,28939,910
28566,9,10,28569,1190
28566,9,10,1,1400
29681,9,10,30052,0
29681,9,10,29682,210
29681,9,10,1,560
14470,9,10,15211,0
14470,9,10,14841,70
14470,9,10,14471,350
14470,9,10,1,420
30793,9,10,31905,0
30793,9,10,31535,140
30793,9,10,31165,490
30793,9,10,30795,700
30793,9,10,1,980
20027,9,10,21146,0
20027,9,10,20776,70
20027,9,10,20036,560
20027,9,10,1,630
20036,9,10,21516,0
20036,9,10,21146,140
20036,9,10,20776,560
20036,9,10,20036,840
20036,9,10,1,910
18911,9,10,20773,0
18911,9,10,20403,350
18911,9,10,19663,420
18911,9,10,19293,490
18911,9,10,18923,560
18911,9,10,1,630
26713,9,10,27084,0
26713,9,10,26714,140
26713,9,10,1,560
18920,9,10,20403,0
18920,9,10,19663,70
18920,9,10,19293,350
18920,9,10,18923,420
18920,9,10,1,490
31164,9,10,31906,0
31164,9,10,31536,350
31164,9,10,31166,560
31164,9,10,1,840
17068,9,10,20768,0
17068,9,10,20398,420
17068,9,10,19658,490
17068,9,10,19288,560
17068,9,10,18548,630
17068,9,10,18178,700
17068,9,10,17808,770
17068,9,10,17068,840
17068,9,10,1,910
21147,9,10,21149,0
21147,9,10,1,350
25226,9,10,27450,0
25226,9,10,27080,70
25226,9,10,26710,490
25226,9,10,26340,770
25226,9,10,25970,980
25226,9,10,25600,1260
25226,9,10,25230,1470
18545,9,10,19662,0
18545,9,10,18922,70
18545,9,10,18552,350
18545,9,10,1,420
21518,9,10,22260,0
21518,9,10,21890,70
21518,9,10,21520,490
21518,9,10,1,700
15581,9,10,17064,0
15581,9,10,16324,70
15581,9,10,15954,350
15581,9,10,1,420
25597,9,10,27821,0
25597,9,10,27451,140
25597,9,10,27081,490
25597,9,10,26711,770
25597,9,10,26341,1050
25597,9,10,25971,1260
22633,9,10,23743,0
22633,9,10,23373,140
22633,9,10,23003,560
22633,9,10,22633,770
22633,9,10,1,1050
27824,9,10,29307,0
27824,9,10,28937,420
27824,9,10,28567,700
27824,9,10,28197,910
27824,9,10,27827,1190
27824,9,10,1,1400
20031,9,10,20776,0
20031,9,10,20406,70
20031,9,10,20036,350
20031,9,10,1,420
26708,9,10,27824,0
26708,9,10,27454,350
26708,9,10,27084,630
26708,9,10,26714,840
26708,9,10,1,1120
23744,9,10,24856,0
23744,9,10,24486,140
23744,9,10,24116,490
23744,9,10,23746,700
23744,9,10,1,980
15951,9,10,17435,0
15951,9,10,16695,70
15951,9,10,16325,350
15951,9,10,15955,420
15951,9,10,1,490
32274,9,10,33389,0
32274,9,10,33019,350
32274,9,10,32649,630
32274,9,10,32279,840
32274,9,10,1,1120
17063,9,10,18178,0
17063,9,10,17438,70
17063,9,10,17068,350
17063,9,10,1,420
21142,9,10,21889,0
21142,9,10,21519,70
21142,9,10,21149,490
21142,9,10,1,700
24115,9,10,24857,0
24115,9,10,24487,490
24115,9,10,24117,700
24115,9,10,1,980
18178,9,10,19661,0
18178,9,10,18921,70
18178,9,10,18551,350
18178,9,10,18181,420
18178,9,10,1,490
28194,9,10,30418,0
28194,9,10,30048,210
28194,9,10,29678,560
28194,9,10,29308,840
28194,9,10,28938,1050
28194,9,10,28568,1330
25230,9,10,26340,0
25230,9,10,25970,210
25230,9,10,25600,490
25230,9,10,25230,770
25230,9,10,1,1050
29306,9,10,30791,0
29306,9,10,30421,140
29306,9,10,30051,490
29306,9,10,29681,700
29306,9,10,29311,980
29306,9,10,1,1260
18540,9,10,20772,0
18540,9,10,20402,70
18540,9,10,20032,350
18540,9,10,19292,420
18540,9,10,18922,490
18540,9,10,18552,560
18540,9,10,1,630
18549,9,10,20032,0
18549,9,10,19292,70
18549,9,10,18922,350
18549,9,10,18552,420
18549,9,10,1,490
30421,9,10,31904,0
30421,9,10,31534,350
30421,9,10,31164,630
30421,9,10,30794,910
30421,9,10,30424,1120
30421,9,10,1,1400
30792,9,10,32275,0
30792,9,10,31905,420
30792,9,10,31535,630
30792,9,10,31165,910
30792,9,10,30795,1190
30792,9,10,1,1400
20026,9,10,21146,0
20026,9,10,20776,420
20026,9,10,20406,630
20026,9,10,20036,700
20026,9,10,1,770
19660,9,10,20775,0
19660,9,10,20405,70
19660,9,10,20035,140
19660,9,10,19665,350
19660,9,10,1,420
26712,9,10,27454,0
26712,9,10,27084,490
26712,9,10,26714,700
26712,9,10,1,980
20775,9,10,20778,0
20775,9,10,1,420
17058,9,10,20768,0
17058,9,10,20028,70
17058,9,10,19658,350
17058,9,10,18918,420
17058,9,10,18548,490
17058,9,10,18178,560
17058,9,10,17438,630
17058,9,10,17068,700
17058,9,10,1,770
31903,9,10,33018,0
31903,9,10,32648,350
31903,9,10,32278,560
31903,9,10,31908,840
31903,9,10,1,1120
17067,9,10,17808,0
17067,9,10,17068,70
17067,9,10,1,350
18173,9,10,20771,0
18173,9,10,19661,70
18173,9,10,19291,350
18173,9,10,18921,420
18173,9,10,18181,490
18173,9,10,1,560
21146,9,10,21149,0
21146,9,10,1,350
26337,9,10,27453,0
26337,9,10,27083,350
26337,9,10,26713,630
26337,9,10,26343,840
26337,9,10,1,1120
29310,9,10,29681,0
29310,9,10,29311,210
29310,9,10,1,560
18544,9,10,20772,0
18544,9,10,20032,70
18544,9,10,19662,350
18544,9,10,19292,420
18544,9,10,18552,490
18544,9,10,1,560
15580,9,10,17064,0
15580,9,10,16324,70
15580,9,10,15954,350
15580,9,10,15584,420
15580,9,10,1,490
27823,9,10,30047,0
27823,9,10,29677,140
27823,9,10,29307,560
27823,9,10,28937,840
27823,9,10,28567,1050
27823,9,10,28197,1330
19655,9,10,21145,0
19655,9,10,20775,350
19655,9,10,20035,630
19655,9,10,19665,700
19655,9,10,1,770
16691,9,10,17807,0
16691,9,10,17067,70
16691,9,10,16697,350
16691,9,10,1,420
19664,9,10,20775,0
19664,9,10,20035,70
19664,9,10,19665,140
19664,9,10,1,350
20770,9,10,21148,0
20770,9,10,20778,70
20770,9,10,1,560
23743,9,10,25226,0
23743,9,10,24856,350
23743,9,10,24486,630
23743,9,10,24116,840
23743,9,10,23746,1120
23743,9,10,1,1400
17062,9,10,18178,0
17062,9,10,17438,70
17062,9,10,17068,350
17062,9,10,1,420
18168,9,10,20771,0
18168,9,10,20031,70
18168,9,10,19661,350
18168,9,10,18921,420
18168,9,10,18551,490
18168,9,10,18181,560
18168,9,10,1,630
14098,9,10,15580,0
14098,9,10,15210,70
14098,9,10,14840,350
14098,9,10,14100,420
14098,9,10,1,490
21141,9,10,21519,0
21141,9,10,21149,140
21141,9,10,1,560
18177,9,10,19661,0
18177,9,10,18921,70
18177,9,10,18551,350
18177,9,10,18181,420
18177,9,10,1,490
29305,9,10,30421,0
29305,9,10,30051,350
29305,9,10,29681,630
29305,9,10,29311,840
29305,9,10,1,1120
26341,9,10,27453,0
26341,9,10,27083,70
26341,9,10,26713,490
26341,9,10,26343,700
26341,9,10,1,980
15584,9,10,20394,0
15584,9,10,19654,70
15584,9,10,19284,350
15584,9,10,18544,420
15584,9,10,18174,490
15584,9,10,17804,560
15584,9,10,17064,630
15584,9,10,16694,700
15584,9,10,15954,770
15584,9,10,15584,840
15584,9,10,1,910
30420,9,10,32644,0
30420,9,10,32274,140
30420,9,10,31904,560
30420,9,10,31534,770
30420,9,10,31164,1050
30420,9,10,30794,1260
22261,9,10,22632,0
22261,9,10,22262,70
22261,9,10,1,560
27827,9,10,28937,0
27827,9,10,28567,350
27827,9,10,28197,630
27827,9,10,27827,840
27827,9,10,1,1120
19659,9,10,20775,0
19659,9,10,20035,70
19659,9,10,19665,350
19659,9,10,1,420
16695,9,10,18177,0
16695,9,10,17437,70
16695,9,10,17067,350
16695,9,10,1,420
20765,9,10,21148,0
20765,9,10,20778,70
20765,9,10,1,560
20774,9,10,20778,0
20774,9,10,1,420
24859,9,10,25969,0
24859,9,10,25599,210
24859,9,10,25229,560
24859,9,10,24859,770
24859,9,10,1,1050
17066,9,10,18548,0
17066,9,10,17808,70
17066,9,10,17438,350
17066,9,10,1,420
31902,9,10,33018,0
31902,9,10,32648,140
31902,9,10,32278,490
31902,9,10,31908,700
31902,9,10,1,980
18172,9,10,20771,0
18172,9,10,20031,70
18172,9,10,19661,350
18172,9,10,19291,420
18172,9,10,18921,490
18172,9,10,18181,560
18172,9,10,1,630
28938,9,10,30050,0
28938,9,10,29680,140
28938,9,10,29310,490
28938,9,10,28940,700
28938,9,10,1,980
18181,9,10,21141,0
18181,9,10,20771,70
18181,9,10,20401,560
18181,9,10,20031,630
18181,9,10,19291,700
18181,9,10,18921,770
18181,9,10,18181,840
18181,9,10,1,910
29309,9,10,30421,0
29309,9,10,30051,140
29309,9,10,29681,490
29309,9,10,29311,700
29309,9,10,1,980
23372,9,10,24855,0
23372,9,10,24485,350
23372,9,10,24115,630
23372,9,10,23745,840
23372,9,10,23375,1120
23372,9,10,1,1400
30424,9,10,31534,0
30424,9,10,31164,280
30424,9,10,30794,560
30424,9,10,30424,770
30424,9,10,1,1050
15213,9,10,20023,0
15213,9,10,18913,70
15213,9,10,18543,350
15213,9,10,18173,420
15213,9,10,17433,490
15213,9,10,17063,560
15213,9,10,16693,630
15213,9,10,15953,700
15213,9,10,15583,770
15213,9,10,1,840
19292,9,10,20774,0
19292,9,10,20034,70
19292,9,10,19664,350
19292,9,10,19294,420
19292,9,10,1,490
27822,9,10,29307,0
27822,9,10,28937,140
27822,9,10,28567,490
27822,9,10,28197,770
27822,9,10,27827,980
27822,9,10,1,1260
19654,9,10,21145,0
19654,9,10,20775,350
19654,9,10,20405,560
19654,9,10,20035,630
19654,9,10,19665,700
19654,9,10,1,770
27456,9,10,28566,0
27456,9,10,28196,350
27456,9,10,27826,630
27456,9,10,27456,840
27456,9,10,1,1120
19663,9,10,20775,0
19663,9,10,20405,70
19663,9,10,20035,350
19663,9,10,19665,420
19663,9,10,1,490
20769,9,10,21148,0
20769,9,10,20778,350
20769,9,10,1,630
31535,9,10,32277,0
31535,9,10,31907,210
31535,9,10,31537,560
31535,9,10,1,840
23742,9,10,25966,0
23742,9,10,25596,140
23742,9,10,25226,560
23742,9,10,24856,770
23742,9,10,24486,1050
23742,9,10,24116,1260
20778,9,10,21518,0
20778,9,10,21148,420
20778,9,10,20778,630
20778,9,10,1,910
21890,9,10,21891,0
21890,9,10,1,350
31906,9,10,32648,0
31906,9,10,32278,210
31906,9,10,31908,560
31906,9,10,1,840
25969,9,10,27452,0
25969,9,10,27082,350
25969,9,10,26712,630
25969,9,10,26342,840
25969,9,10,25972,1120
25969,9,10,1,1400
18176,9,10,19661,0
18176,9,10,18551,70
18176,9,10,18181,350
18176,9,10,1,420
17810,9,10,21140,0
17810,9,10,20770,70
17810,9,10,20030,560
17810,9,10,19660,630
17810,9,10,19290,700
17810,9,10,18550,770
17810,9,10,18180,840
17810,9,10,1,910
26340,9,10,27823,0
26340,9,10,27453,350
26340,9,10,27083,630
26340,9,10,26713,840
26340,9,10,26343,1120
26340,9,10,1,1400
30419,9,10,31904,0
30419,9,10,31534,140
30419,9,10,31164,490
30419,9,10,30794,700
30419,9,10,30424,980
30419,9,10,1,1260
15208,9,10,16323,0
15208,9,10,15583,70
15208,9,10,15213,350
15208,9,10,1,420
30053,9,10,31163,0
30053,9,10,30793,280
30053,9,10,30423,560
30053,9,10,30053,770
30053,9,10,1,1050
19287,9,10,20404,0
19287,9,10,19664,70
19287,9,10,19294,350
19287,9,10,1,420
22260,9,10,23002,0
22260,9,10,22632,420
22260,9,10,22262,630
22260,9,10,1,910
16323,9,10,17806,0
16323,9,10,17066,70
16323,9,10,16696,350
16323,9,10,1,420
27451,9,10,28936,0
27451,9,10,28566,140
27451,9,10,28196,490
27451,9,10,27826,770
27451,9,10,27456,980
27451,9,10,1,1260
19658,9,10,20775,0
19658,9,10,20035,70
19658,9,10,19665,350
19658,9,10,1,420
24487,9,10,24858,0
24487,9,10,24488,350
24487,9,10,1,560
16694,9,10,18177,0
16694,9,10,17437,70
16694,9,10,17067,350
16694,9,10,1,420
20773,9,10,20778,0
20773,9,10,1,420
20407,9,10,21517,0
20407,9,10,21147,350
20407,9,10,20777,630
20407,9,10,20407,840
20407,9,10,1,910
24858,9,10,25229,0
24858,9,10,24859,140
24858,9,10,1,560
28937,9,10,30420,0
28937,9,10,30050,420
28937,9,10,29680,630
28937,9,10,29310,910
28937,9,10,28940,1120
28937,9,10,1,1400
17805,9,10,19290,0
17805,9,10,18550,70
17805,9,10,18180,350
17805,9,10,1,420
14841,9,10,15212,0
14841,9,10,14842,70
14841,9,10,1,350
15212,9,10,15953,0
15212,9,10,15213,70
15212,9,10,1,350
30048,9,10,31533,0
30048,9,10,31163,140
30048,9,10,30793,490
30048,9,10,30423,700
30048,9,10,30053,980
30048,9,10,1,1260
19291,9,10,20774,0
19291,9,10,20034,70
19291,9,10,19664,350
19291,9,10,19294,420
19291,9,10,1,490
27455,9,10,27826,0
27455,9,10,27456,350
27455,9,10,1,630
31534,9,10,33017,0
31534,9,10,32647,210
31534,9,10,32277,490
31534,9,10,31907,770
31534,9,10,31537,980
31534,9,10,1,1260
20402,9,10,20777,0
20402,9,10,20407,350
20402,9,10,1,420
21889,9,10,22631,0
21889,9,10,22261,70
21889,9,10,21891,490
21889,9,10,1,700
25968,9,10,28192,0
25968,9,10,27822,140
25968,9,10,27452,560
25968,9,10,27082,770
25968,9,10,26712,1050
25968,9,10,26342,1260
17809,9,10,18920,0
17809,9,10,18180,70
17809,9,10,17810,350
17809,9,10,1,420
23375,9,10,24485,0
23375,9,10,24115,140
23375,9,10,23745,560
23375,9,10,23375,770
23375,9,10,1,1050
27079,9,10,28195,0
27079,9,10,27825,140
27079,9,10,27455,560
27079,9,10,27085,840
27079,9,10,1,1050
30052,9,10,30423,0
30052,9,10,30053,210
30052,9,10,1,560
16322,9,10,17806,0
16322,9,10,17066,70
16322,9,10,16696,350
16322,9,10,16326,420
16322,9,10,1,490
27450,9,10,28566,0
27450,9,10,28196,350
27450,9,10,27826,630
27450,9,10,27456,910
27450,9,10,1,1120
24486,9,10,25598,0
24486,9,10,25228,140
24486,9,10,24858,490
24486,9,10,24488,770
24486,9,10,1,980
20397,9,10,21147,0
20397,9,10,20777,420
20397,9,10,20407,700
20397,9,10,1,770
17433,9,10,18549,0
17433,9,10,17809,70
17433,9,10,17439,350
17433,9,10,1,420
20406,9,10,20777,0
20406,9,10,20407,140
20406,9,10,1,350
24857,9,10,25969,0
24857,9,10,25599,70
24857,9,10,25229,490
24857,9,10,24859,700
24857,9,10,1,980
25972,9,10,27082,0
25972,9,10,26712,210
25972,9,10,26342,560
25972,9,10,25972,770
25972,9,10,1,1050
17804,9,10,19290,0
17804,9,10,18550,70
17804,9,10,18180,350
17804,9,10,1,420
29676,9,10,30792,0
29676,9,10,30422,350
29676,9,10,30052,630
29676,9,10,29682,910
29676,9,10,1,1120
14840,9,10,15582,0
14840,9,10,15212,70
14840,9,10,14842,350
14840,9,10,1,420
23004,9,10,24114,0
23004,9,10,23744,210
23004,9,10,23374,560
23004,9,10,23004,770
23004,9,10,1,1050
15211,9,10,16323,0
15211,9,10,15583,70
15211,9,10,15213,350
15211,9,10,1,420
30047,9,10,31163,0
30047,9,10,30793,350
30047,9,10,30423,630
30047,9,10,30053,910
30047,9,10,1,1120
19281,9,10,20774,0
19281,9,10,20034,420
19281,9,10,19664,490
19281,9,10,19294,560
19281,9,10,1,630
27083,9,10,27825,0
27083,9,10,27455,490
27083,9,10,27085,700
27083,9,10,1,980
16326,9,10,20766,0
16326,9,10,20396,70
16326,9,10,20026,350
16326,9,10,19656,420
16326,9,10,18916,490
16326,9,10,18546,560
16326,9,10,18176,630
16326,9,10,17436,700
16326,9,10,17066,770
16326,9,10,16326,840
16326,9,10,1,910
27454,9,10,28566,0
27454,9,10,28196,140
27454,9,10,27826,490
27454,9,10,27456,770
27454,9,10,1,1050
13358,9,10,18168,0
13358,9,10,17798,350
13358,9,10,17058,420
13358,9,10,16688,490
13358,9,10,15948,560
13358,9,10,15578,630
13358,9,10,15208,700
13358,9,10,14468,770
13358,9,10,14098,840
13358,9,10,13358,910
13358,9,10,1,980
20401,9,10,20777,0
20401,9,10,20407,350
20401,9,10,1,420
17437,9,10,18919,0
17437,9,10,18179,70
17437,9,10,17809,350
17437,9,10,1,420
32645,9,10,33760,0
32645,9,10,33390,350
32645,9,10,33020,630
32645,9,10,32650,840
32645,9,10,1,1120
28565,9,10,30789,0
28565,9,10,30419,210
28565,9,10,30049,560
28565,9,10,29679,840
28565,9,10,29309,1050
28565,9,10,28939,1330
25601,9,10,26711,0
25601,9,10,26341,210
25601,9,10,25971,490
25601,9,10,25601,770
25601,9,10,1,1050
17808,9,10,19290,0
17808,9,10,18550,70
17808,9,10,18180,350
17808,9,10,17810,420
17808,9,10,1,490
29680,9,10,30792,0
29680,9,10,30422,140
29680,9,10,30052,490
29680,9,10,29682,700
29680,9,10,1,980
20035,9,10,20776,0
20035,9,10,20036,140
20035,9,10,1,350
30051,9,10,31163,0
30051,9,10,30793,140
30051,9,10,30423,490
30051,9,10,30053,700
30051,9,10,1,980
18910,9,10,20773,0
18910,9,10,20403,350
18910,9,10,19663,420
18910,9,10,19293,490
18910,9,10,18923,560
18910,9,10,1,630
18919,9,10,20403,0
18919,9,10,19663,70
18919,9,10,19293,350
18919,9,10,18923,420
18919,9,10,1,490
31163,9,10,32646,0
31163,9,10,32276,210
31163,9,10,31906,490
31163,9,10,31536,770
31163,9,10,31166,1050
31163,9,10,1,1260
15955,9,10,20765,0
15955,9,10,20025,70
15955,9,10,19655,350
15955,9,10,19285,420
15955,9,10,18545,490
15955,9,10,18175,560
15955,9,10,17805,630
15955,9,10,17065,700
15955,9,10,16695,770
15955,9,10,15955,840
15955,9,10,1,910
24485,9,10,25968,0
24485,9,10,25598,350
24485,9,10,25228,630
24485,9,10,24858,840
24485,9,10,24488,1120
24485,9,10,1,1400
20396,9,10,21147,0
20396,9,10,20777,420
20396,9,10,1,700
28198,9,10,29308,0
28198,9,10,28938,350
28198,9,10,28568,560
28198,9,10,28198,840
28198,9,10,1,1120
20405,9,10,20777,0
20405,9,10,20407,350
20405,9,10,1,420
21517,9,10,22260,0
21517,9,10,21890,70
21517,9,10,21520,490
21517,9,10,1,700
25596,9,10,26711,0
25596,9,10,26341,420
25596,9,10,25971,700
25596,9,10,25601,980
25596,9,10,1,1190
28569,9,10,29679,0
28569,9,10,29309,350
28569,9,10,28939,560
28569,9,10,28569,840
28569,9,10,1,1120
22632,9,10,23003,0
22632,9,10,22633,140
22632,9,10,1,560
20030,9,10,20776,0
20030,9,10,20406,70
20030,9,10,20036,350
20030,9,10,1,420
23003,9,10,23374,0
23003,9,10,23004,140
23003,9,10,1,560
27082,9,10,28565,0
27082,9,10,28195,350
27082,9,10,27825,630
27082,9,10,27455,840
27082,9,10,27085,1120
27082,9,10,1,1400
15950,9,10,17065,0
15950,9,10,16325,70
15950,9,10,15955,350
15950,9,10,1,420
18923,9,10,21143,0
18923,9,10,20773,420
18923,9,10,20033,700
18923,9,10,19663,770
18923,9,10,18923,840
18923,9,10,1,910
32273,9,10,33389,0
32273,9,10,33019,140
32273,9,10,32649,490
32273,9,10,32279,770
32273,9,10,1,980
24114,9,10,25597,0
24114,9,10,25227,350
24114,9,10,24857,630
24114,9,10,24487,840
24114,9,10,24117,1120
24114,9,10,1,1330
28193,9,10,29678,0
28193,9,10,29308,140
28193,9,10,28938,490
28193,9,10,28568,770
28193,9,10,28198,980
28193,9,10,1,1260
20400,9,10,20777,0
20400,9,10,20407,350
20400,9,10,1,420
25229,9,10,25600,0
25229,9,10,25230,140
25229,9,10,1,560
17436,9,10,18919,0
17436,9,10,18179,70
17436,9,10,17809,350
17436,9,10,1,420
32644,9,10,33760,0
32644,9,10,33390,140
32644,9,10,33020,490
32644,9,10,32650,770
32644,9,10,1,980
18548,9,10,20032,0
18548,9,10,19292,70
18548,9,10,18922,350
18548,9,10,18552,420
18548,9,10,1,490
28564,9,10,30049,0
28564,9,10,29679,140
28564,9,10,29309,490
28564,9,10,28939,770
28564,9,10,28569,980
28564,9,10,1,1260
25600,9,10,25971,0
25600,9,10,25601,140
25600,9,10,1,560
29679,9,10,31162,0
29679,9,10,30792,350
29679,9,10,30422,630
29679,9,10,30052,910
29679,9,10,29682,1120
29679,9,10,1,1400
14468,9,10,15951,0
14468,9,10,15581,70
14468,9,10,15211,350
14468,9,10,14471,420
14468,9,10,1,490
30791,9,10,33015,0
30791,9,10,32645,210
30791,9,10,32275,560
30791,9,10,31905,840
30791,9,10,31535,1050
30791,9,10,31165,1330
20025,9,10,21146,0
20025,9,10,20776,420
20025,9,10,20406,630
20025,9,10,20036,700
20025,9,10,1,770
20034,9,10,20776,0
20034,9,10,20406,350
20034,9,10,20036,420
20034,9,10,1,490
26711,9,10,28194,0
26711,9,10,27824,350
26711,9,10,27454,630
26711,9,10,27084,840
26711,9,10,26714,1120
26711,9,10,1,1400
18918,9,10,20403,0
18918,9,10,19293,70
18918,9,10,18923,350
18918,9,10,1,420
31162,9,10,33016,0
31162,9,10,32646,420
31162,9,10,32276,700
31162,9,10,31906,910
31162,9,10,31536,1190
31162,9,10,31166,1400
15954,9,10,17065,0
15954,9,10,15955,70
15954,9,10,1,350
21145,9,10,21519,0
21145,9,10,21149,70
21145,9,10,1,560
28197,9,10,28568,0
28197,9,10,28198,350
28197,9,10,1,630
17431,9,10,19659,0
17431,9,10,18919,70
17431,9,10,18549,350
17431,9,10,18179,420
17431,9,10,17439,490
17431,9,10,1,560
18543,9,10,20772,0
18543,9,10,20402,70
18543,9,10,20032,350
18543,9,10,19662,420
18543,9,10,19292,490
18543,9,10,18552,560
18543,9,10,1,630
21516,9,10,21890,0
21516,9,10,21520,140
21516,9,10,1,560
18552,9,10,21142,0
18552,9,10,20772,350
18552,9,10,20402,630
18552,9,10,19662,700
18552,9,10,19292,770
18552,9,10,18552,840
18552,9,10,1,910
22631,9,10,23743,0
22631,9,10,23373,70
22631,9,10,23003,490
22631,9,10,22633,700
22631,9,10,1,980
20029,9,10,20776,0
20029,9,10,20406,70
20029,9,10,20036,350
20029,9,10,1,420
30795,9,10,31905,0
30795,9,10,31535,350
30795,9,10,31165,560
30795,9,10,30795,840
30795,9,10,1,1050
18913,9,10,21143,0
18913,9,10,20773,70
18913,9,10,20403,490
18913,9,10,20033,560
18913,9,10,19293,630
18913,9,10,18923,700
18913,9,10,1,770
31166,9,10,31906,0
31166,9,10,31536,420
31166,9,10,31166,700
31166,9,10,1,980
21140,9,10,21519,0
21140,9,10,21149,140
21140,9,10,1,560
24113,9,10,26337,0
24113,9,10,25967,70
24113,9,10,25597,490
24113,9,10,25227,770
24113,9,10,24857,980
24113,9,10,24487,1260
21149,9,10,21889,0
21149,9,10,21519,420
21149,9,10,21149,630
21149,9,10,1,910
28192,9,10,29308,0
28192,9,10,28938,420
28192,9,10,28568,630
28192,9,10,28198,910
28192,9,10,1,1120
25228,9,10,25970,0
25228,9,10,25600,420
25228,9,10,25230,700
25228,9,10,1,980
18547,9,10,20032,0
18547,9,10,18922,70
18547,9,10,18552,350
18547,9,10,1,420
21520,9,10,22260,0
21520,9,10,21890,420
21520,9,10,21520,630
21520,9,10,1,910
15583,9,10,16694,0
15583,9,10,15584,70
15583,9,10,1,350
30790,9,10,32275,0
30790,9,10,31905,140
30790,9,10,31535,490
30790,9,10,31165,770
30790,9,10,30795,1050
30790,9,10,1,1260
27826,9,10,28197,0
27826,9,10,27827,350
27826,9,10,1,630
26710,9,10,28934,0
26710,9,10,28564,140
26710,9,10,28194,560
26710,9,10,27824,770
26710,9,10,27454,1050
26710,9,10,27084,1260
23746,9,10,24856,0
23746,9,10,24486,210
23746,9,10,24116,560
23746,9,10,23746,770
23746,9,10,1,1050
31161,9,10,32276,0
31161,9,10,31906,350
31161,9,10,31536,630
31161,9,10,31166,840
31161,9,10,1,1120
32276,9,10,33759,0
32276,9,10,33389,210
32276,9,10,33019,490
32276,9,10,32649,770
32276,9,10,32279,1050
32276,9,10,1,1260
17065,9,10,18548,0
17065,9,10,17808,70
17065,9,10,17438,350
17065,9,10,1,420
21144,9,10,21519,0
21144,9,10,21149,350
21144,9,10,1,630
24117,9,10,25227,0
24117,9,10,24857,210
24117,9,10,24487,560
24117,9,10,24117,770
24117,9,10,1,1050
18180,9,10,19291,0
18180,9,10,18181,70
18180,9,10,1,350
28196,9,10,29308,0
28196,9,10,28938,140
28196,9,10,28568,490
28196,9,10,28198,770
28196,9,10,1,980
18542,9,10,20772,0
18542,9,10,20032,490
18542,9,10,19662,560
18542,9,10,18922,630
18542,9,10,18552,700
18542,9,10,1,770
29308,9,10,30791,0
29308,9,10,30421,420
29308,9,10,30051,630
29308,9,10,29681,910
29308,9,10,29311,1120
29308,9,10,1,1400
21515,9,10,21890,0
21515,9,10,21520,140
21515,9,10,1,560
15578,9,10,16694,0
15578,9,10,15954,70
15578,9,10,15584,350
15578,9,10,1,420
18551,9,10,19662,0
18551,9,10,18552,70
18551,9,10,1,350
30423,9,10,30794,0
30423,9,10,30424,210
30423,9,10,1,560
22630,9,10,24113,0
22630,9,10,23743,350
22630,9,10,23373,630
22630,9,10,23003,840
22630,9,10,22633,1120
22630,9,10,1,1400
14471,9,10,19281,0
14471,9,10,18911,70
14471,9,10,18541,350
14471,9,10,17801,420
14471,9,10,17431,490
14471,9,10,16691,560
14471,9,10,16321,630
14471,9,10,15951,700
14471,9,10,15211,770
14471,9,10,14841,840
14471,9,10,1,910
27821,9,10,28937,0
27821,9,10,28567,420
27821,9,10,28197,630
27821,9,10,27827,910
27821,9,10,1,1120
30794,9,10,31165,0
30794,9,10,30795,210
30794,9,10,1,560
19662,9,10,20775,0
19662,9,10,20405,70
19662,9,10,20035,350
19662,9,10,19665,420
19662,9,10,1,490
20768,9,10,21518,0
20768,9,10,21148,70
20768,9,10,20778,490
20768,9,10,1,700
26714,9,10,27824,0
26714,9,10,27454,210
26714,9,10,27084,560
26714,9,10,26714,770
26714,9,10,1,1050
20777,9,10,20778,0
20777,9,10,1,350
17060,9,10,19288,0
17060,9,10,18548,70
17060,9,10,18178,350
17060,9,10,17808,420
17060,9,10,17068,490
17060,9,10,1,560
31905,9,10,33388,0
31905,9,10,33018,210
31905,9,10,32648,490
31905,9,10,32278,770
31905,9,10,31908,980
31905,9,10,1,1260
18175,9,10,19291,0
18175,9,10,18551,70
18175,9,10,18181,350
18175,9,10,1,420
21148,9,10,21149,0
21148,9,10,1,420
25227,9,10,26710,0
25227,9,10,26340,140
25227,9,10,25970,560
25227,9,10,25600,840
25227,9,10,25230,1050
25227,9,10,1,1330
26339,9,10,28563,0
26339,9,10,28193,140
26339,9,10,27823,560
26339,9,10,27453,770
26339,9,10,27083,1050
26339,9,10,26713,1260
18546,9,10,19662,0
18546,9,10,18922,70
18546,9,10,18552,350
18546,9,10,1,420
15582,9,10,17064,0
15582,9,10,16324,70
15582,9,10,15954,350
15582,9,10,1,420
30418,9,10,31534,0
30418,9,10,31164,350
30418,9,10,30794,630
30418,9,10,30424,910
30418,9,10,1,1120
30789,9,10,31905,0
30789,9,10,31535,420
30789,9,10,31165,630
30789,9,10,30795,910
30789,9,10,1,1190
27825,9,10,28937,0
27825,9,10,28567,140
27825,9,10,28197,490
27825,9,10,27827,770
27825,9,10,1,1050
19657,9,10,20775,0
19657,9,10,20405,420
19657,9,10,19665,490
19657,9,10,1,560
16693,9,10,18177,0
16693,9,10,17437,70
16693,9,10,17067,350
16693,9,10,16697,420
16693,9,10,1,490
26709,9,10,28194,0
26709,9,10,27824,70
26709,9,10,27454,490
26709,9,10,27084,700
26709,9,10,26714,980
26709,9,10,1,1190
20772,9,10,20778,0
20772,9,10,1,350
23745,9,10,24116,0
23745,9,10,23746,140
23745,9,10,1,560
17064,9,10,18548,0
17064,9,10,17808,70
17064,9,10,17438,350
17064,9,10,17068,420
17064,9,10,1,490
28936,9,10,31160,0
28936,9,10,30790,140
28936,9,10,30420,560
28936,9,10,30050,770
28936,9,10,29680,1050
28936,9,10,29310,1260
14100,9,10,18910,0
14100,9,10,18540,70
14100,9,10,18170,350
14100,9,10,17430,420
14100,9,10,17060,490
14100,9,10,16320,560
14100,9,10,15950,630
14100,9,10,15580,700
14100,9,10,14840,770
14100,9,10,14470,840
14100,9,10,1,910
21143,9,10,21889,0
21143,9,10,21519,70
21143,9,10,21149,490
21143,9,10,1,700
18170,9,10,20771,0
18170,9,10,20031,420
18170,9,10,19661,490
18170,9,10,18921,560
18170,9,10,18551,630
18170,9,10,18181,700
18170,9,10,1,770
18179,9,10,19661,0
18179,9,10,18921,70
18179,9,10,18551,350
18179,9,10,18181,420
18179,9,10,1,490
33015,9,10,34131,0
33015,9,10,33761,140
33015,9,10,33391,490
33015,9,10,33021,770
33015,9,10,1,980
29307,9,10,31531,0
29307,9,10,31161,140
29307,9,10,30791,560
29307,9,10,30421,770
29307,9,10,30051,1050
29307,9,10,29681,1260
26343,9,10,27453,0
26343,9,10,27083,210
26343,9,10,26713,560
26343,9,10,26343,770
26343,9,10,1,1050
30422,9,10,31534,0
30422,9,10,31164,140
30422,9,10,30794,490
30422,9,10,30424,700
30422,9,10,1,980
19290,9,10,20774,0
19290,9,10,20034,70
19290,9,10,19664,350
19290,9,10,19294,420
19290,9,10,1,490
16688,9,10,19657,0
16688,9,10,18547,70
16688,9,10,18177,350
16688,9,10,17807,420
16688,9,10,17067,490
16688,9,10,16697,560
16688,9,10,1,630
19661,9,10,20775,0
19661,9,10,20405,70
19661,9,10,20035,350
19661,9,10,19665,420
19661,9,10,1,490
31533,9,10,33387,0
31533,9,10,33017,420
31533,9,10,32647,630
31533,9,10,32277,910
31533,9,10,31907,1190
31533,9,10,31537,1400
16697,9,10,20767,0
16697,9,10,20397,350
16697,9,10,20027,420
16697,9,10,19287,490
16697,9,10,18917,560
16697,9,10,18177,630
16697,9,10,17807,700
16697,9,10,17437,770
16697,9,10,16697,840
16697,9,10,1,910
20767,9,10,21518,0
20767,9,10,21148,70
20767,9,10,20778,490
20767,9,10,1,700
20776,9,10,20778,0
20776,9,10,1,420
31904,9,10,33758,0
31904,9,10,33388,420
31904,9,10,33018,630
31904,9,10,32648,910
31904,9,10,32278,1190
31904,9,10,31908,1400
25967,9,10,27452,0
25967,9,10,27082,70
25967,9,10,26712,490
25967,9,10,26342,700
25967,9,10,25972,980
25967,9,10,1,1190
28940,9,10,30050,0
28940,9,10,29680,350
28940,9,10,29310,560
28940,9,10,28940,840
28940,9,10,1,1050
18174,9,10,19291,0
18174,9,10,18551,70
18174,9,10,18181,350
18174,9,10,1,420
26338,9,10,27823,0
26338,9,10,27453,70
26338,9,10,27083,490
26338,9,10,26713,700
26338,9,10,26343,980
26338,9,10,1,1190
29311,9,10,30421,0
29311,9,10,30051,350
29311,9,10,29681,560
29311,9,10,29311,840
29311,9,10,1,1050
23374,9,10,23745,0
23374,9,10,23375,140
23374,9,10,1,560
19285,9,10,20774,0
19285,9,10,20404,420
19285,9,10,20034,490
19285,9,10,19294,560
19285,9,10,1,630
16321,9,10,17436,0
16321,9,10,16696,70
16321,9,10,16326,350
16321,9,10,1,420
19294,9,10,21514,0
19294,9,10,21144,70
19294,9,10,20774,490
19294,9,10,20404,700
19294,9,10,20034,770
19294,9,10,19294,840
19294,9,10,1,910
19656,9,10,21145,0
19656,9,10,20775,70
19656,9,10,20405,490
19656,9,10,19665,560
19656,9,10,1,630
16692,9,10,17807,0
16692,9,10,17067,70
16692,9,10,16697,350
16692,9,10,1,420
19665,9,10,21515,0
19665,9,10,21145,70
19665,9,10,20775,490
19665,9,10,20405,770
19665,9,10,19665,840
19665,9,10,1,910
20771,9,10,20778,0
20771,9,10,1,350
24856,9,10,26339,0
24856,9,10,25969,350
24856,9,10,25599,630
24856,9,10,25229,840
24856,9,10,24859,1120
24856,9,10,1,1330
28935,9,10,30420,0
28935,9,10,30050,140
28935,9,10,29680,490
28935,9,10,29310,700
28935,9,10,28940,980
28935,9,10,1,1260
25971,9,10,26342,0
25971,9,10,25972,140
25971,9,10,1,560
26342,9,10,26713,0
26342,9,10,26343,140
26342,9,10,1,560
15210,9,10,16323,0
15210,9,10,15583,70
15210,9,10,15213,350
15210,9,10,1,420
19289,9,10,20774,0
19289,9,10,19664,70
19289,9,10,19294,350
19289,9,10,1,420
22262,9,10,23372,0
22262,9,10,23002,140
22262,9,10,22632,560
22262,9,10,22262,770
22262,9,10,1,1050
16325,9,10,17436,0
16325,9,10,16326,70
16325,9,10,1,350
27453,9,10,28936,0
27453,9,10,28566,420
27453,9,10,28196,700
27453,9,10,27826,910
27453,9,10,27456,1190
27453,9,10,1,1400
16696,9,10,17437,0
16696,9,10,16697,70
16696,9,10,1,350
31532,9,10,32647,0
31532,9,10,32277,350
31532,9,10,31907,560
31532,9,10,31537,840
31532,9,10,1,1120
20766,9,10,21148,0
20766,9,10,20778,70
20766,9,10,1,560
1,10,11,1,0
25966,10,11,27082,0
25966,10,11,26712,350
25966,10,11,26342,630
25966,10,11,25972,840
25966,10,11,1,1120
28939,10,11,29310,0
28939,10,11,28940,210
28939,10,11,1,560
17798,10,11,20770,0
17798,10,11,19660,70
17798,10,11,19290,350
17798,10,11,18920,420
17798,10,11,18550,490
17798,10,11,17810,560
17798,10,11,1,630
17807,10,11,19290,0
17807,10,11,18550,70
17807,10,11,18180,350
17807,10,11,17810,420
17807,10,11,1,490
23373,10,11,24485,0
23373,10,11,24115,140
23373,10,11,23745,490
23373,10,11,23375,700
23373,10,11,1,980
30050,10,11,31533,0
30050,10,11,31163,350
30050,10,11,30793,630
30050,10,11,30423,910
30050,10,11,30053,1120
30050,10,11,1,1400
19284,10,11,21144,0
19284,10,11,20774,70
19284,10,11,20404,560
19284,10,11,19664,630
19284,10,11,19294,700
19284,10,11,1,770
16320,10,11,17436,0
16320,10,11,16696,70
16320,10,11,16326,350
16320,10,11,1,420
19293,10,11,20404,0
19293,10,11,19294,70
19293,10,11,1,350
24484,10,11,26708,0
24484,10,11,26338,140
24484,10,11,25968,560
24484,10,11,25598,770
24484,10,11,25228,1050
24484,10,11,24858,1260
31536,10,11,31537,0
31536,10,11,1,420
20404,10,11,20777,0
20404,10,11,20407,350
20404,10,11,1,420
32648,10,11,33390,0
32648,10,11,33020,350
32648,10,11,32650,560
32648,10,11,1,840
24855,10,11,27079,0
24855,10,11,26709,70
24855,10,11,26339,490
24855,10,11,25969,770
24855,10,11,25599,1050
24855,10,11,25229,1260
21891,10,11,22631,0
21891,10,11,22261,420
21891,10,11,21891,630
21891,10,11,1,910
28934,10,11,30050,0
28934,10,11,29680,350
28934,10,11,29310,630
28934,10,11,28940,840
28934,10,11,1,1120
25970,10,11,27082,0
25970,10,11,26712,70
25970,10,11,26342,490
25970,10,11,25972,700
25970,10,11,1,980
17802,10,11,20400,0
17802,10,11,19660,70
17802,10,11,19290,350
17802,10,11,18550,420
17802,10,11,18180,490
17802,10,11,17810,560
17802,10,11,1,630
28568,10,11,28939,0
28568,10,11,28569,350
28568,10,11,1,630
23002,10,11,24114,0
23002,10,11,23744,140
23002,10,11,23374,490
23002,10,11,23004,770
23002,10,11,1,980
27081,10,11,29305,0
27081,10,11,28935,140
27081,10,11,28565,490
27081,10,11,28195,770
27081,10,11,27825,980
27081,10,11,27455,1260
27081,10,11,27085,1470
19288,10,11,20404,0
19288,10,11,19664,70
19288,10,11,19294,350
19288,10,11,1,420
16324,10,11,17806,0
16324,10,11,17066,70
16324,10,11,16696,350
16324,10,11,1,420
18922,10,11,20033,0
18922,10,11,18923,70
18922,10,11,1,350
27452,10,11,29676,0
27452,10,11,29306,140
27452,10,11,28936,560
27452,10,11,28566,840
27452,10,11,28196,1050
27452,10,11,27826,1330
24488,10,11,25598,0
24488,10,11,25228,210
24488,10,11,24858,560
24488,10,11,24488,840
24488,10,11,1,1050
31531,10,11,32647,0
31531,10,11,32277,140
31531,10,11,31907,490
31531,10,11,31537,770
31531,10,11,1,980
20399,10,11,21147,0
20399,10,11,20777,70
20399,10,11,20407,490
20399,10,11,1,560
17435,10,11,18919,0
17435,10,11,18179,70
17435,10,11,17809,350
17435,10,11,17439,420
17435,10,11,1,490
28563,10,11,29679,0
28563,10,11,29309,420
28563,10,11,28939,630
28563,10,11,28569,910
28563,10,11,1,1120
25599,10,11,26341,0
25599,10,11,25971,420
25599,10,11,25601,700
25599,10,11,1,980
17806,10,11,19660,0
17806,10,11,18920,70
17806,10,11,18550,350
17806,10,11,17810,420
17806,10,11,1,490
29678,10,11,31902,0
29678,10,11,31532,140
29678,10,11,31162,560
29678,10,11,30792,770
29678,10,11,30422,1050
29678,10,11,30052,1260
14842,10,11,19282,0
14842,10,11,18542,70
14842,10,11,18172,350
14842,10,11,17802,420
14842,10,11,17432,490
14842,10,11,16692,560
14842,10,11,16322,630
14842,10,11,15582,700
14842,10,11,15212,770
14842,10,11,14842,840
14842,10,11,1,910
34129,10,11,35244,0
34129,10,11,34874,350
34129,10,11,34504,630
34129,10,11,34134,840
34129,10,11,1,1120
20033,10,11,20776,0
20033,10,11,20406,350
20033,10,11,20036,420
20033,10,11,1,490
30049,10,11,32273,0
30049,10,11,31903,140
30049,10,11,31533,560
30049,10,11,31163,770
30049,10,11,30793,1050
30049,10,11,30423,1260
27085,10,11,28195,0
27085,10,11,27825,210
27085,10,11,27455,560
27085,10,11,27085,770
27085,10,11,1,1050
18917,10,11,20033,0
18917,10,11,19293,70
18917,10,11,18923,350
18917,10,11,1,420
15953,10,11,17435,0
15953,10,11,16695,70
15953,10,11,16325,350
15953,10,11,1,420
20394,10,11,21147,0
20394,10,11,20777,70
20394,10,11,1,560
17430,10,11,20399,0
17430,10,11,19289,70
17430,10,11,18919,350
17430,10,11,18549,420
17430,10,11,17809,490
17430,10,11,17439,560
17430,10,11,1,630
20403,10,11,20777,0
20403,10,11,1,420
32647,10,11,34130,0
32647,10,11,33760,210
32647,10,11,33390,490
32647,10,11,33020,770
32647,10,11,32650,1050
32647,10,11,1,1260
17439,10,11,20769,0
17439,10,11,20029,490
17439,10,11,19659,560
17439,10,11,18919,630
17439,10,11,18549,700
17439,10,11,18179,770
17439,10,11,17439,840
17439,10,11,1,910
28567,10,11,29679,0
28567,10,11,29309,210
28567,10,11,28939,490
28567,10,11,28569,770
28567,10,11,1,980
17801,10,11,20770,0
17801,10,11,20030,70
17801,10,11,19660,350
17801,10,11,18920,420
17801,10,11,18550,490
17801,10,11,18180,560
17801,10,11,1,630
29682,10,11,30792,0
29682,10,11,30422,280
29682,10,11,30052,560
29682,10,11,29682,770
29682,10,11,1,1050
20028,10,11,21146,0
20028,10,11,20776,70
20028,10,11,20036,490
20028,10,11,1,560
27080,10,11,28195,0
27080,10,11,27825,420
27080,10,11,27455,700
27080,10,11,27085,910
27080,10,11,1,1190
18912,10,11,21143,0
18912,10,11,20773,70
18912,10,11,20403,490
18912,10,11,19663,560
18912,10,11,19293,630
18912,10,11,18923,700
18912,10,11,1,770
15948,10,11,17065,0
15948,10,11,16325,70
15948,10,11,15955,350
15948,10,11,1,420
18921,10,11,20403,0
18921,10,11,19663,70
18921,10,11,19293,350
18921,10,11,18923,420
18921,10,11,1,490
31165,10,11,31166,0
31165,10,11,1,420
20398,10,11,21147,0
20398,10,11,20777,70
20398,10,11,20407,560
20398,10,11,1,630
21519,10,11,21520,0
21519,10,11,1,420
25598,10,11,27081,0
25598,10,11,26711,350
25598,10,11,26341,630
25598,10,11,25971,840
25598,10,11,25601,1120
25598,10,11,1,1330
29677,10,11,31162,0
29677,10,11,30792,140
29677,10,11,30422,490
29677,10,11,30052,700
29677,10,11,29682,980
29677,10,11,1,1260
20023,10,11,21146,0
20023,10,11,20776,70
20023,10,11,20406,490
20023,10,11,20036,560
20023,10,11,1,630
20032,10,11,20776,0
20032,10,11,20406,350
20032,10,11,20036,420
20032,10,11,1,490
27084,10,11,27455,0
27084,10,11,27085,140
27084,10,11,1,560
18916,10,11,20033,0
18916,10,11,19293,70
18916,10,11,18923,350
18916,10,11,1,420
31160,10,11,32276,0
31160,10,11,31906,140
31160,10,11,31536,490
31160,10,11,31166,770
31160,10,11,1,980
32275,10,11,34129,0
32275,10,11,33759,420
32275,10,11,33389,700
32275,10,11,33019,910
32275,10,11,32649,1190
32275,10,11,32279,1400
24116,10,11,24487,0
24116,10,11,24117,140
24116,10,11,1,560
28195,10,11,29678,0
28195,10,11,29308,420
28195,10,11,28938,630
28195,10,11,28568,910
28195,10,11,28198,1190
28195,10,11,1,1400
17438,10,11,18179,0
17438,10,11,17439,70
17438,10,11,1,350
32646,10,11,34500,0
32646,10,11,34130,420
32646,10,11,33760,700
32646,10,11,33390,910
32646,10,11,33020,1190
32646,10,11,32650,1400
18541,10,11,20772,0
18541,10,11,20402,420
18541,10,11,20032,490
18541,10,11,19292,560
18541,10,11,18922,630
18541,10,11,18552,700
18541,10,11,1,770
21514,10,11,22630,0
21514,10,11,22260,70
21514,10,11,21890,560
21514,10,11,21520,840
21514,10,11,1,1050
18550,10,11,20032,0
18550,10,11,19292,70
18550,10,11,18922,350
18550,10,11,18552,420
18550,10,11,1,490
28566,10,11,30049,0
28566,10,11,29679,420
28566,10,11,29309,630
28566,10,11,28939,910
28566,10,11,28569,1190
28566,10,11,1,1400
29681,10,11,30052,0
29681,10,11,29682,210
29681,10,11,1,560
14470,10,11,15211,0
14470,10,11,14841,70
14470,10,11,14471,350
14470,10,11,1,420
30793,10,11,31905,0
30793,10,11,31535,210
30793,10,11,31165,490
30793,10,11,30795,700
30793,10,11,1,980
20027,10,11,21146,0
20027,10,11,20776,70
20027,10,11,20036,560
20027,10,11,1,630
20036,10,11,21516,0
20036,10,11,21146,140
20036,10,11,20776,560
20036,10,11,20036,840
20036,10,11,1,910
18911,10,11,20773,0
18911,10,11,20403,350
18911,10,11,19663,420
18911,10,11,19293,490
18911,10,11,18923,560
18911,10,11,1,630
26713,10,11,27084,0
26713,10,11,26714,140
26713,10,11,1,560
18920,10,11,20403,0
18920,10,11,19663,70
18920,10,11,19293,350
18920,10,11,18923,420
18920,10,11,1,490
31164,10,11,31906,0
31164,10,11,31536,350
31164,10,11,31166,560
31164,10,11,1,840
32279,10,11,33019,0
32279,10,11,32649,420
32279,10,11,32279,700
32279,10,11,1,910
17068,10,11,20768,0
17068,10,11,20398,420
17068,10,11,19658,490
17068,10,11,19288,560
17068,10,11,18548,630
17068,10,11,18178,700
17068,10,11,17808,770
17068,10,11,17068,840
17068,10,11,1,910
21147,10,11,21149,0
21147,10,11,1,350
25226,10,11,27450,0
25226,10,11,27080,70
25226,10,11,26710,490
25226,10,11,26340,770
25226,10,11,25970,980
25226,10,11,25600,1260
25226,10,11,25230,1470
18545,10,11,19662,0
18545,10,11,18922,70
18545,10,11,18552,350
18545,10,11,1,420
21518,10,11,22260,0
21518,10,11,21890,70
21518,10,11,21520,490
21518,10,11,1,700
15581,10,11,17064,0
15581,10,11,16324,70
15581,10,11,15954,350
15581,10,11,1,420
33390,10,11,34132,0
33390,10,11,33762,350
33390,10,11,33392,560
33390,10,11,1,840
25597,10,11,27821,0
25597,10,11,27451,140
25597,10,11,27081,490
25597,10,11,26711,770
25597,10,11,26341,1050
25597,10,11,25971,1260
22633,10,11,23743,0
22633,10,11,23373,140
22633,10,11,23003,560
22633,10,11,22633,770
22633,10,11,1,1050
33761,10,11,34503,0
33761,10,11,34133,350
33761,10,11,33763,560
33761,10,11,1,840
27824,10,11,29307,0
27824,10,11,28937,420
27824,10,11,28567,700
27824,10,11,28197,910
27824,10,11,27827,1190
27824,10,11,1,1400
20031,10,11,20776,0
20031,10,11,20406,70
20031,10,11,20036,350
20031,10,11,1,420
26708,10,11,27824,0
26708,10,11,27454,350
26708,10,11,27084,630
26708,10,11,26714,840
26708,10,11,1,1120
23744,10,11,24856,0
23744,10,11,24486,140
23744,10,11,24116,490
23744,10,11,23746,700
23744,10,11,1,980
15951,10,11,17435,0
15951,10,11,16695,70
15951,10,11,16325,350
15951,10,11,15955,420
15951,10,11,1,490
32274,10,11,33389,0
32274,10,11,33019,350
32274,10,11,32649,630
32274,10,11,32279,840
32274,10,11,1,1120
17063,10,11,18178,0
17063,10,11,17438,70
17063,10,11,17068,350
17063,10,11,1,420
21142,10,11,21889,0
21142,10,11,21519,70
21142,10,11,21149,490
21142,10,11,1,700
24115,10,11,25227,0
24115,10,11,24857,140
24115,10,11,24487,490
24115,10,11,24117,700
24115,10,11,1,980
18178,10,11,19661,0
18178,10,11,18921,70
18178,10,11,18551,350
18178,10,11,18181,420
18178,10,11,1,490
28194,10,11,30418,0
28194,10,11,30048,210
28194,10,11,29678,560
28194,10,11,29308,840
28194,10,11,28938,1050
28194,10,11,28568,1330
25230,10,11,26340,0
25230,10,11,25970,210
25230,10,11,25600,490
25230,10,11,25230,770
25230,10,11,1,1050
29306,10,11,30791,0
29306,10,11,30421,140
29306,10,11,30051,490
29306,10,11,29681,700
29306,10,11,29311,980
29306,10,11,1,1260
18540,10,11,20772,0
18540,10,11,20402,70
18540,10,11,20032,350
18540,10,11,19292,420
18540,10,11,18922,490
18540,10,11,18552,560
18540,10,11,1,630
18549,10,11,20032,0
18549,10,11,19292,70
18549,10,11,18922,350
18549,10,11,18552,420
18549,10,11,1,490
30421,10,11,31904,0
30421,10,11,31534,350
30421,10,11,31164,630
30421,10,11,30794,910
30421,10,11,30424,1120
30421,10,11,1,1400
30792,10,11,32275,0
30792,10,11,31905,420
30792,10,11,31535,630
30792,10,11,31165,910
30792,10,11,30795,1190
30792,10,11,1,1400
20026,10,11,21146,0
20026,10,11,20776,420
20026,10,11,20406,630
20026,10,11,20036,700
20026,10,11,1,770
19660,10,11,20775,0
19660,10,11,20405,70
19660,10,11,20035,140
19660,10,11,19665,350
19660,10,11,1,420
26712,10,11,27454,0
26712,10,11,27084,490
26712,10,11,26714,700
26712,10,11,1,980
20775,10,11,20778,0
20775,10,11,1,420
17058,10,11,20768,0
17058,10,11,20028,70
17058,10,11,19658,350
17058,10,11,18918,420
17058,10,11,18548,490
17058,10,11,18178,560
17058,10,11,17438,630
17058,10,11,17068,700
17058,10,11,1,770
31903,10,11,33018,0
31903,10,11,32648,350
31903,10,11,32278,560
31903,10,11,31908,840
31903,10,11,1,1120
17067,10,11,17808,0
17067,10,11,17068,70
17067,10,11,1,350
18173,10,11,20771,0
18173,10,11,19661,70
18173,10,11,19291,350
18173,10,11,18921,420
18173,10,11,18181,490
18173,10,11,1,560
21146,10,11,21149,0
21146,10,11,1,350
33018,10,11,34501,0
33018,10,11,34131,210
33018,10,11,33761,490
33018,10,11,33391,770
33018,10,11,33021,1050
33018,10,11,1,1260
26337,10,11,27453,0
26337,10,11,27083,350
26337,10,11,26713,630
26337,10,11,26343,840
26337,10,11,1,1120
29310,10,11,29681,0
29310,10,11,29311,210
29310,10,11,1,560
18544,10,11,20772,0
18544,10,11,20032,70
18544,10,11,19662,350
18544,10,11,19292,420
18544,10,11,18552,490
18544,10,11,1,560
15580,10,11,17064,0
15580,10,11,16324,70
15580,10,11,15954,350
15580,10,11,15584,420
15580,10,11,1,490
33389,10,11,34872,0
33389,10,11,34502,210
33389,10,11,34132,490
33389,10,11,33762,770
33389,10,11,33392,1050
33389,10,11,1,1260
27823,10,11,30047,0
27823,10,11,29677,140
27823,10,11,29307,560
27823,10,11,28937,840
27823,10,11,28567,1050
27823,10,11,28197,1330
19655,10,11,21145,0
19655,10,11,20775,350
19655,10,11,20035,630
19655,10,11,19665,700
19655,10,11,1,770
16691,10,11,17807,0
16691,10,11,17067,70
16691,10,11,16697,350
16691,10,11,1,420
19664,10,11,20775,0
19664,10,11,20035,70
19664,10,11,19665,140
19664,10,11,1,350
20770,10,11,21148,0
20770,10,11,20778,70
20770,10,11,1,560
23743,10,11,25226,0
23743,10,11,24856,350
23743,10,11,24486,630
23743,10,11,24116,840
23743,10,11,23746,1120
23743,10,11,1,1400
17062,10,11,18178,0
17062,10,11,17438,70
17062,10,11,17068,350
17062,10,11,1,420
18168,10,11,20771,0
18168,10,11,20031,70
18168,10,11,19661,350
18168,10,11,18921,420
18168,10,11,18551,490
18168,10,11,18181,560
18168,10,11,1,630
14098,10,11,15580,0
14098,10,11,15210,70
14098,10,11,14840,350
14098,10,11,14100,420
14098,10,11,1,490
31907,10,11,31908,0
31907,10,11,1,420
21141,10,11,21519,0
21141,10,11,21149,140
21141,10,11,1,560
18177,10,11,19661,0
18177,10,11,18921,70
18177,10,11,18551,350
18177,10,11,18181,420
18177,10,11,1,490
29305,10,11,30421,0
29305,10,11,30051,350
29305,10,11,29681,630
29305,10,11,29311,840
29305,10,11,1,1120
26341,10,11,27453,0
26341,10,11,27083,70
26341,10,11,26713,490
26341,10,11,26343,700
26341,10,11,1,980
15584,10,11,20394,0
15584,10,11,19654,70
15584,10,11,19284,350
15584,10,11,18544,420
15584,10,11,18174,490
15584,10,11,17804,560
15584,10,11,17064,630
15584,10,11,16694,700
15584,10,11,15954,770
15584,10,11,15584,840
15584,10,11,1,910
30420,10,11,32644,0
30420,10,11,32274,140
30420,10,11,31904,560
30420,10,11,31534,770
30420,10,11,31164,1050
30420,10,11,30794,1260
22261,10,11,22632,0
22261,10,11,22262,70
22261,10,11,1,560
27827,10,11,28937,0
27827,10,11,28567,350
27827,10,11,28197,630
27827,10,11,27827,840
27827,10,11,1,1120
19659,10,11,20775,0
19659,10,11,20035,70
19659,10,11,19665,350
19659,10,11,1,420
16695,10,11,18177,0
16695,10,11,17437,70
16695,10,11,17067,350
16695,10,11,1,420
20765,10,11,21148,0
20765,10,11,20778,70
20765,10,11,1,560
20774,10,11,20778,0
20774,10,11,1,420
24859,10,11,25969,0
24859,10,11,25599,210
24859,10,11,25229,560
24859,10,11,24859,770
24859,10,11,1,1050
17066,10,11,18548,0
17066,10,11,17808,70
17066,10,11,17438,350
17066,10,11,1,420
31902,10,11,33018,0
31902,10,11,32648,140
31902,10,11,32278,490
31902,10,11,31908,770
31902,10,11,1,980
18172,10,11,20771,0
18172,10,11,20031,70
18172,10,11,19661,350
18172,10,11,19291,420
18172,10,11,18921,490
18172,10,11,18181,560
18172,10,11,1,630
28938,10,11,30050,0
28938,10,11,29680,140
28938,10,11,29310,490
28938,10,11,28940,700
28938,10,11,1,980
18181,10,11,21141,0
18181,10,11,20771,70
18181,10,11,20401,560
18181,10,11,20031,630
18181,10,11,19291,700
18181,10,11,18921,770
18181,10,11,18181,840
18181,10,11,1,910
33017,10,11,34871,0
33017,10,11,34501,420
33017,10,11,34131,700
33017,10,11,33761,910
33017,10,11,33391,1190
33017,10,11,33021,1400
29309,10,11,30421,0
29309,10,11,30051,140
29309,10,11,29681,490
29309,10,11,29311,700
29309,10,11,1,980
23372,10,11,24855,0
23372,10,11,24485,350
23372,10,11,24115,630
23372,10,11,23745,840
23372,10,11,23375,1120
23372,10,11,1,1400
33388,10,11,35242,0
33388,10,11,34872,420
33388,10,11,34502,700
33388,10,11,34132,910
33388,10,11,33762,1190
33388,10,11,33392,1400
30424,10,11,31534,0
30424,10,11,31164,280
30424,10,11,30794,560
30424,10,11,30424,770
30424,10,11,1,1050
15213,10,11,20023,0
15213,10,11,18913,70
15213,10,11,18543,350
15213,10,11,18173,420
15213,10,11,17803,490
15213,10,11,17063,560
15213,10,11,16693,630
15213,10,11,15953,700
15213,10,11,15583,770
15213,10,11,15213,840
15213,10,11,1,910
19292,10,11,20774,0
19292,10,11,20034,70
19292,10,11,19664,350
19292,10,11,19294,420
19292,10,11,1,490
27822,10,11,29307,0
27822,10,11,28937,140
27822,10,11,28567,490
27822,10,11,28197,770
27822,10,11,27827,980
27822,10,11,1,1260
19654,10,11,21145,0
19654,10,11,20775,350
19654,10,11,20405,560
19654,10,11,20035,630
19654,10,11,19665,700
19654,10,11,1,770
27456,10,11,28566,0
27456,10,11,28196,350
27456,10,11,27826,630
27456,10,11,27456,840
27456,10,11,1,1120
19663,10,11,20775,0
19663,10,11,20405,70
19663,10,11,20035,350
19663,10,11,19665,420
19663,10,11,1,490
20769,10,11,21148,0
20769,10,11,20778,350
20769,10,11,1,630
31535,10,11,32277,0
31535,10,11,31907,210
31535,10,11,31537,560
31535,10,11,1,840
20778,10,11,21518,0
20778,10,11,21148,420
20778,10,11,20778,630
20778,10,11,1,910
21890,10,11,21891,0
21890,10,11,1,350
31906,10,11,32648,0
31906,10,11,32278,210
31906,10,11,31908,560
31906,10,11,1,840
25969,10,11,27452,0
25969,10,11,27082,350
25969,10,11,26712,630
25969,10,11,26342,840
25969,10,11,25972,1120
25969,10,11,1,1400
18176,10,11,19661,0
18176,10,11,18551,70
18176,10,11,18181,350
18176,10,11,1,420
33021,10,11,33761,0
33021,10,11,33391,490
33021,10,11,33021,700
33021,10,11,1,980
17810,10,11,21140,0
17810,10,11,20770,70
17810,10,11,20030,560
17810,10,11,19660,630
17810,10,11,19290,700
17810,10,11,18550,770
17810,10,11,18180,840
17810,10,11,1,910
26340,10,11,27823,0
26340,10,11,27453,350
26340,10,11,27083,630
26340,10,11,26713,840
26340,10,11,26343,1120
26340,10,11,1,1400
30419,10,11,31904,0
30419,10,11,31534,140
30419,10,11,31164,490
30419,10,11,30794,700
30419,10,11,30424,980
30419,10,11,1,1260
15208,10,11,16323,0
15208,10,11,15583,70
15208,10,11,15213,350
15208,10,11,1,420
30053,10,11,31163,0
30053,10,11,30793,280
30053,10,11,30423,560
30053,10,11,30053,770
30053,10,11,1,1050
19287,10,11,20404,0
19287,10,11,19664,70
19287,10,11,19294,350
19287,10,11,1,420
22260,10,11,23002,0
22260,10,11,22632,420
22260,10,11,22262,630
22260,10,11,1,910
16323,10,11,17806,0
16323,10,11,17066,70
16323,10,11,16696,350
16323,10,11,1,420
27451,10,11,28936,0
27451,10,11,28566,140
27451,10,11,28196,490
27451,10,11,27826,770
27451,10,11,27456,980
27451,10,11,1,1260
19658,10,11,20775,0
19658,10,11,20035,70
19658,10,11,19665,350
19658,10,11,1,420
24487,10,11,24858,0
24487,10,11,24488,350
24487,10,11,1,560
16694,10,11,18177,0
16694,10,11,17437,70
16694,10,11,17067,350
16694,10,11,1,420
20773,10,11,20778,0
20773,10,11,1,420
20407,10,11,21517,0
20407,10,11,21147,350
20407,10,11,20777,630
20407,10,11,20407,840
20407,10,11,1,910
24858,10,11,25229,0
24858,10,11,24859,140
24858,10,11,1,560
28937,10,11,30420,0
28937,10,11,30050,420
28937,10,11,29680,630
28937,10,11,29310,910
28937,10,11,28940,1120
28937,10,11,1,1400
33016,10,11,34131,0
33016,10,11,33761,350
33016,10,11,33391,630
33016,10,11,33021,840
33016,10,11,1,1120
17805,10,11,19290,0
17805,10,11,18550,70
17805,10,11,18180,350
17805,10,11,1,420
14841,10,11,15212,0
14841,10,11,14842,70
14841,10,11,1,350
15212,10,11,15953,0
15212,10,11,15213,70
15212,10,11,1,350
30048,10,11,31533,0
30048,10,11,31163,140
30048,10,11,30793,490
30048,10,11,30423,700
30048,10,11,30053,980
30048,10,11,1,1260
19291,10,11,20774,0
19291,10,11,20034,70
19291,10,11,19664,350
19291,10,11,19294,420
19291,10,11,1,490
27455,10,11,27826,0
27455,10,11,27456,350
27455,10,11,1,630
31534,10,11,33017,0
31534,10,11,32647,210
31534,10,11,32277,490
31534,10,11,31907,770
31534,10,11,31537,980
31534,10,11,1,1260
20402,10,11,20777,0
20402,10,11,20407,350
20402,10,11,1,420
21889,10,11,22631,0
21889,10,11,22261,70
21889,10,11,21891,490
21889,10,11,1,700
25968,10,11,28192,0
25968,10,11,27822,140
25968,10,11,27452,560
25968,10,11,27082,770
25968,10,11,26712,1050
25968,10,11,26342,1260
17809,10,11,18920,0
17809,10,11,18180,70
17809,10,11,17810,350
17809,10,11,1,420
23375,10,11,24485,0
23375,10,11,24115,140
23375,10,11,23745,560
23375,10,11,23375,770
23375,10,11,1,1050
27079,10,11,28195,0
27079,10,11,27825,140
27079,10,11,27455,560
27079,10,11,27085,840
27079,10,11,1,1050
30052,10,11,30423,0
30052,10,11,30053,210
30052,10,11,1,560
16322,10,11,17806,0
16322,10,11,17066,70
16322,10,11,16696,350
16322,10,11,16326,420
16322,10,11,1,490
27450,10,11,28566,0
27450,10,11,28196,350
27450,10,11,27826,630
27450,10,11,27456,910
27450,10,11,1,1120
24486,10,11,25598,0
24486,10,11,25228,140
24486,10,11,24858,490
24486,10,11,24488,770
24486,10,11,1,980
20397,10,11,21147,0
20397,10,11,20777,420
20397,10,11,20407,700
20397,10,11,1,770
17433,10,11,18549,0
17433,10,11,17809,70
17433,10,11,17439,350
17433,10,11,1,420
20406,10,11,20777,0
20406,10,11,20407,140
20406,10,11,1,350
32650,10,11,33390,0
32650,10,11,33020,490
32650,10,11,32650,700
32650,10,11,1,980
24857,10,11,25969,0
24857,10,11,25599,70
24857,10,11,25229,490
24857,10,11,24859,700
24857,10,11,1,980
25972,10,11,27082,0
25972,10,11,26712,210
25972,10,11,26342,560
25972,10,11,25972,770
25972,10,11,1,1050
17804,10,11,19290,0
17804,10,11,18550,70
17804,10,11,18180,350
17804,10,11,1,420
29676,10,11,30792,0
29676,10,11,30422,350
29676,10,11,30052,630
29676,10,11,29682,910
29676,10,11,1,1120
14840,10,11,15582,0
14840,10,11,15212,70
14840,10,11,14842,350
14840,10,11,1,420
23004,10,11,24114,0
23004,10,11,23744,210
23004,10,11,23374,560
23004,10,11,23004,770
23004,10,11,1,1050
15211,10,11,16323,0
15211,10,11,15583,70
15211,10,11,15213,350
15211,10,11,1,420
30047,10,11,31163,0
30047,10,11,30793,350
30047,10,11,30423,630
30047,10,11,30053,910
30047,10,11,1,1120
19281,10,11,20774,0
19281,10,11,20034,420
19281,10,11,19664,490
19281,10,11,19294,560
19281,10,11,1,630
27083,10,11,27825,0
27083,10,11,27455,490
27083,10,11,27085,700
27083,10,11,1,980
16326,10,11,20766,0
16326,10,11,20396,70
16326,10,11,20026,350
16326,10,11,19656,420
16326,10,11,18916,490
16326,10,11,18546,560
16326,10,11,18176,630
16326,10,11,17436,700
16326,10,11,17066,770
16326,10,11,16326,840
16326,10,11,1,910
27454,10,11,28566,0
27454,10,11,28196,140
27454,10,11,27826,490
27454,10,11,27456,770
27454,10,11,1,1050
13358,10,11,18168,0
13358,10,11,17798,350
13358,10,11,17058,420
13358,10,11,16688,490
13358,10,11,15948,560
13358,10,11,15578,630
13358,10,11,15208,700
13358,10,11,14468,770
13358,10,11,14098,840
13358,10,11,13358,910
13358,10,11,1,980
20401,10,11,20777,0
20401,10,11,20407,350
20401,10,11,1,420
17437,10,11,18919,0
17437,10,11,18179,70
17437,10,11,17809,350
17437,10,11,1,420
32645,10,11,33760,0
32645,10,11,33390,350
32645,10,11,33020,630
32645,10,11,32650,840
32645,10,11,1,1120
28565,10,11,30789,0
28565,10,11,30419,210
28565,10,11,30049,560
28565,10,11,29679,840
28565,10,11,29309,1050
28565,10,11,28939,1330
25601,10,11,26711,0
25601,10,11,26341,210
25601,10,11,25971,490
25601,10,11,25601,770
25601,10,11,1,1050
17808,10,11,19290,0
17808,10,11,18550,70
17808,10,11,18180,350
17808,10,11,17810,420
17808,10,11,1,490
29680,10,11,30792,0
29680,10,11,30422,140
29680,10,11,30052,490
29680,10,11,29682,700
29680,10,11,1,980
34131,10,11,35614,0
34131,10,11,35244,210
34131,10,11,34874,490
34131,10,11,34504,770
34131,10,11,34134,1050
34131,10,11,1,1260
20035,10,11,20776,0
20035,10,11,20036,140
20035,10,11,1,350
30051,10,11,31163,0
30051,10,11,30793,140
30051,10,11,30423,490
30051,10,11,30053,700
30051,10,11,1,980
18910,10,11,20773,0
18910,10,11,20403,350
18910,10,11,19663,420
18910,10,11,19293,490
18910,10,11,18923,560
18910,10,11,1,630
18919,10,11,20403,0
18919,10,11,19663,70
18919,10,11,19293,350
18919,10,11,18923,420
18919,10,11,1,490
31163,10,11,32646,0
31163,10,11,32276,210
31163,10,11,31906,490
31163,10,11,31536,770
31163,10,11,31166,1050
31163,10,11,1,1260
15955,10,11,20765,0
15955,10,11,20025,70
15955,10,11,19655,350
15955,10,11,19285,420
15955,10,11,18545,490
15955,10,11,18175,560
15955,10,11,17805,630
15955,10,11,17065,700
15955,10,11,16695,770
15955,10,11,15955,840
15955,10,11,1,910
32278,10,11,32279,0
32278,10,11,1,420
24485,10,11,25968,0
24485,10,11,25598,350
24485,10,11,25228,630
24485,10,11,24858,840
24485,10,11,24488,1120
24485,10,11,1,1400
20396,10,11,21147,0
20396,10,11,20777,420
20396,10,11,1,700
28198,10,11,29308,0
28198,10,11,28938,350
28198,10,11,28568,560
28198,10,11,28198,840
28198,10,11,1,1120
20405,10,11,20777,0
20405,10,11,20407,350
20405,10,11,1,420
32649,10,11,32650,0
32649,10,11,1,420
21517,10,11,22260,0
21517,10,11,21890,70
21517,10,11,21520,490
21517,10,11,1,700
25596,10,11,26711,0
25596,10,11,26341,420
25596,10,11,25971,700
25596,10,11,25601,980
25596,10,11,1,1190
28569,10,11,29679,0
28569,10,11,29309,350
28569,10,11,28939,560
28569,10,11,28569,840
28569,10,11,1,1120
22632,10,11,23003,0
22632,10,11,22633,140
22632,10,11,1,560
33760,10,11,35243,0
33760,10,11,34873,210
33760,10,11,34503,490
33760,10,11,34133,770
33760,10,11,33763,1050
33760,10,11,1,1260
20030,10,11,20776,0
20030,10,11,20406,70
20030,10,11,20036,350
20030,10,11,1,420
23003,10,11,23374,0
23003,10,11,23004,140
23003,10,11,1,560
27082,10,11,28565,0
27082,10,11,28195,350
27082,10,11,27825,630
27082,10,11,27455,840
27082,10,11,27085,1120
27082,10,11,1,1400
15950,10,11,17065,0
15950,10,11,16325,70
15950,10,11,15955,350
15950,10,11,1,420
18923,10,11,21143,0
18923,10,11,20773,420
18923,10,11,20033,700
18923,10,11,19663,770
18923,10,11,18923,840
18923,10,11,1,910
32273,10,11,33389,0
32273,10,11,33019,140
32273,10,11,32649,490
32273,10,11,32279,770
32273,10,11,1,980
24114,10,11,25597,0
24114,10,11,25227,350
24114,10,11,24857,630
24114,10,11,24487,840
24114,10,11,24117,1120
24114,10,11,1,1330
28193,10,11,29678,0
28193,10,11,29308,140
28193,10,11,28938,490
28193,10,11,28568,770
28193,10,11,28198,980
28193,10,11,1,1260
20400,10,11,20777,0
20400,10,11,20407,350
20400,10,11,1,420
25229,10,11,25600,0
25229,10,11,25230,140
25229,10,11,1,560
17436,10,11,18919,0
17436,10,11,18179,70
17436,10,11,17809,350
17436,10,11,1,420
32644,10,11,33760,0
32644,10,11,33390,140
32644,10,11,33020,490
32644,10,11,32650,770
32644,10,11,1,980
18548,10,11,20032,0
18548,10,11,19292,70
18548,10,11,18922,350
18548,10,11,18552,420
18548,10,11,1,490
28564,10,11,30049,0
28564,10,11,29679,140
28564,10,11,29309,490
28564,10,11,28939,770
28564,10,11,28569,980
28564,10,11,1,1260
25600,10,11,25971,0
25600,10,11,25601,140
25600,10,11,1,560
29679,10,11,31162,0
29679,10,11,30792,350
29679,10,11,30422,630
29679,10,11,30052,910
29679,10,11,29682,1120
29679,10,11,1,1400
14468,10,11,15951,0
14468,10,11,15581,70
14468,10,11,15211,350
14468,10,11,14471,420
14468,10,11,1,490
30791,10,11,33015,0
30791,10,11,32645,210
30791,10,11,32275,560
30791,10,11,31905,840
30791,10,11,31535,1050
30791,10,11,31165,1330
20025,10,11,21146,0
20025,10,11,20776,420
20025,10,11,20406,630
20025,10,11,20036,700
20025,10,11,1,770
20034,10,11,20776,0
20034,10,11,20406,350
20034,10,11,20036,420
20034,10,11,1,490
26711,10,11,28194,0
26711,10,11,27824,350
26711,10,11,27454,630
26711,10,11,27084,840
26711,10,11,26714,1120
26711,10,11,1,1400
18918,10,11,20403,0
18918,10,11,19293,70
18918,10,11,18923,350
18918,10,11,1,420
31162,10,11,33016,0
31162,10,11,32646,420
31162,10,11,32276,700
31162,10,11,31906,910
31162,10,11,31536,1190
31162,10,11,31166,1400
15954,10,11,17065,0
15954,10,11,15955,70
15954,10,11,1,350
32277,10,11,33019,0
32277,10,11,32649,350
32277,10,11,32279,560
32277,10,11,1,840
21145,10,11,21519,0
21145,10,11,21149,70
21145,10,11,1,560
28197,10,11,28568,0
28197,10,11,28198,350
28197,10,11,1,630
17431,10,11,20029,0
17431,10,11,18919,70
17431,10,11,18549,350
17431,10,11,18179,420
17431,10,11,17439,490
17431,10,11,1,560
18543,10,11,20772,0
18543,10,11,20402,70
18543,10,11,20032,350
18543,10,11,19662,420
18543,10,11,19292,490
18543,10,11,18552,560
18543,10,11,1,630
21516,10,11,21890,0
21516,10,11,21520,140
21516,10,11,1,560
18552,10,11,21142,0
18552,10,11,20772,350
18552,10,11,20402,630
18552,10,11,19662,700
18552,10,11,19292,770
18552,10,11,18552,840
18552,10,11,1,910
22631,10,11,23743,0
22631,10,11,23373,70
22631,10,11,23003,490
22631,10,11,22633,700
22631,10,11,1,980
33759,10,11,35613,0
33759,10,11,35243,420
33759,10,11,34873,700
33759,10,11,34503,910
33759,10,11,34133,1190
33759,10,11,33763,1400
20029,10,11,20776,0
20029,10,11,20406,70
20029,10,11,20036,350
20029,10,11,1,420
30795,10,11,31905,0
30795,10,11,31535,350
30795,10,11,31165,560
30795,10,11,30795,840
30795,10,11,1,1050
18913,10,11,21143,0
18913,10,11,20773,70
18913,10,11,20403,490
18913,10,11,20033,560
18913,10,11,19293,630
18913,10,11,18923,700
18913,10,11,1,770
31166,10,11,31906,0
31166,10,11,31536,420
31166,10,11,31166,700
31166,10,11,1,980
21140,10,11,21519,0
21140,10,11,21149,140
21140,10,11,1,560
24113,10,11,26337,0
24113,10,11,25967,70
24113,10,11,25597,490
24113,10,11,25227,770
24113,10,11,24857,980
24113,10,11,24487,1260
21149,10,11,21889,0
21149,10,11,21519,420
21149,10,11,21149,630
21149,10,11,1,910
28192,10,11,29308,0
28192,10,11,28938,420
28192,10,11,28568,630
28192,10,11,28198,910
28192,10,11,1,1120
25228,10,11,25970,0
25228,10,11,25600,420
25228,10,11,25230,700
25228,10,11,1,980
18547,10,11,20032,0
18547,10,11,18922,70
18547,10,11,18552,350
18547,10,11,1,420
21520,10,11,22260,0
21520,10,11,21890,420
21520,10,11,21520,630
21520,10,11,1,910
15583,10,11,16694,0
15583,10,11,15584,70
15583,10,11,1,350
30790,10,11,32275,0
30790,10,11,31905,140
30790,10,11,31535,490
30790,10,11,31165,770
30790,10,11,30795,1050
30790,10,11,1,1260
27826,10,11,28197,0
27826,10,11,27827,350
27826,10,11,1,630
26710,10,11,28934,0
26710,10,11,28564,140
26710,10,11,28194,560
26710,10,11,27824,770
26710,10,11,27454,1050
26710,10,11,27084,1260
23746,10,11,24856,0
23746,10,11,24486,210
23746,10,11,24116,560
23746,10,11,23746,770
23746,10,11,1,1050
31161,10,11,32276,0
31161,10,11,31906,350
31161,10,11,31536,630
31161,10,11,31166,840
31161,10,11,1,1120
32276,10,11,33759,0
32276,10,11,33389,210
32276,10,11,33019,490
32276,10,11,32649,770
32276,10,11,32279,1050
32276,10,11,1,1260
17065,10,11,18548,0
17065,10,11,17808,70
17065,10,11,17438,350
17065,10,11,1,420
21144,10,11,21519,0
21144,10,11,21149,350
21144,10,11,1,630
24117,10,11,25227,0
24117,10,11,24857,210
24117,10,11,24487,560
24117,10,11,24117,770
24117,10,11,1,1050
18180,10,11,19291,0
18180,10,11,18181,70
18180,10,11,1,350
28196,10,11,29308,0
28196,10,11,28938,140
28196,10,11,28568,490
28196,10,11,28198,770
28196,10,11,1,980
18542,10,11,20772,0
18542,10,11,20032,490
18542,10,11,19662,560
18542,10,11,18922,630
18542,10,11,18552,700
18542,10,11,1,770
29308,10,11,30791,0
29308,10,11,30421,420
29308,10,11,30051,630
29308,10,11,29681,910
29308,10,11,29311,1120
29308,10,11,1,1400
21515,10,11,21890,0
21515,10,11,21520,140
21515,10,11,1,560
15578,10,11,16694,0
15578,10,11,15954,70
15578,10,11,15584,350
15578,10,11,1,420
18551,10,11,19662,0
18551,10,11,18552,70
18551,10,11,1,350
33387,10,11,34502,0
33387,10,11,34132,350
33387,10,11,33762,630
33387,10,11,33392,840
33387,10,11,1,1120
30423,10,11,30794,0
30423,10,11,30424,210
30423,10,11,1,560
22630,10,11,24113,0
22630,10,11,23743,350
22630,10,11,23373,630
22630,10,11,23003,840
22630,10,11,22633,1120
22630,10,11,1,1400
14471,10,11,19281,0
14471,10,11,18911,70
14471,10,11,18541,350
14471,10,11,17801,420
14471,10,11,17431,490
14471,10,11,16691,560
14471,10,11,16321,630
14471,10,11,15951,700
14471,10,11,15211,770
14471,10,11,14841,840
14471,10,11,1,910
33758,10,11,34873,0
33758,10,11,34503,350
33758,10,11,34133,630
33758,10,11,33763,840
33758,10,11,1,1120
27821,10,11,28937,0
27821,10,11,28567,420
27821,10,11,28197,630
27821,10,11,27827,910
27821,10,11,1,1120
30794,10,11,31165,0
30794,10,11,30795,210
30794,10,11,1,560
19662,10,11,20775,0
19662,10,11,20405,70
19662,10,11,20035,350
19662,10,11,19665,420
19662,10,11,1,490
20768,10,11,21518,0
20768,10,11,21148,70
20768,10,11,20778,490
20768,10,11,1,700
26714,10,11,27824,0
26714,10,11,27454,210
26714,10,11,27084,560
26714,10,11,26714,770
26714,10,11,1,1050
20777,10,11,20778,0
20777,10,11,1,350
17060,10,11,19658,0
17060,10,11,18548,70
17060,10,11,18178,350
17060,10,11,17808,420
17060,10,11,17068,490
17060,10,11,1,560
31905,10,11,33388,0
31905,10,11,33018,210
31905,10,11,32648,490
31905,10,11,32278,770
31905,10,11,31908,980
31905,10,11,1,1260
18175,10,11,19291,0
18175,10,11,18551,70
18175,10,11,18181,350
18175,10,11,1,420
21148,10,11,21149,0
21148,10,11,1,420
33020,10,11,33021,0
33020,10,11,1,420
25227,10,11,26710,0
25227,10,11,26340,140
25227,10,11,25970,560
25227,10,11,25600,840
25227,10,11,25230,1050
25227,10,11,1,1330
26339,10,11,28563,0
26339,10,11,28193,140
26339,10,11,27823,560
26339,10,11,27453,770
26339,10,11,27083,1050
26339,10,11,26713,1260
18546,10,11,19662,0
18546,10,11,18922,70
18546,10,11,18552,350
18546,10,11,1,420
15582,10,11,17064,0
15582,10,11,16324,70
15582,10,11,15954,350
15582,10,11,1,420
30418,10,11,31534,0
30418,10,11,31164,350
30418,10,11,30794,630
30418,10,11,30424,910
30418,10,11,1,1120
33391,10,11,33392,0
33391,10,11,1,420
30789,10,11,31905,0
30789,10,11,31535,420
30789,10,11,31165,630
30789,10,11,30795,910
30789,10,11,1,1190
27825,10,11,28937,0
27825,10,11,28567,140
27825,10,11,28197,490
27825,10,11,27827,770
27825,10,11,1,1050
19657,10,11,20775,0
19657,10,11,20405,420
19657,10,11,19665,490
19657,10,11,1,560
16693,10,11,18177,0
16693,10,11,17437,70
16693,10,11,17067,350
16693,10,11,16697,420
16693,10,11,1,490
26709,10,11,28194,0
26709,10,11,27824,70
26709,10,11,27454,490
26709,10,11,27084,700
26709,10,11,26714,980
26709,10,11,1,1190
20772,10,11,20778,0
20772,10,11,1,350
23745,10,11,24116,0
23745,10,11,23746,140
23745,10,11,1,560
17064,10,11,18548,0
17064,10,11,17808,70
17064,10,11,17438,350
17064,10,11,17068,420
17064,10,11,1,490
28936,10,11,31160,0
28936,10,11,30790,140
28936,10,11,30420,560
28936,10,11,30050,770
28936,10,11,29680,1050
28936,10,11,29310,1260
14100,10,11,18910,0
14100,10,11,18540,70
14100,10,11,18170,350
14100,10,11,17430,420
14100,10,11,17060,490
14100,10,11,16320,560
14100,10,11,15950,630
14100,10,11,15580,700
14100,10,11,14840,770
14100,10,11,14470,840
14100,10,11,1,910
21143,10,11,21889,0
21143,10,11,21519,70
21143,10,11,21149,490
21143,10,11,1,700
18170,10,11,20771,0
18170,10,11,20031,420
18170,10,11,19661,490
18170,10,11,18921,560
18170,10,11,18551,630
18170,10,11,18181,700
18170,10,11,1,770
18179,10,11,19661,0
18179,10,11,18921,70
18179,10,11,18551,350
18179,10,11,18181,420
18179,10,11,1,490
33015,10,11,34131,0
33015,10,11,33761,140
33015,10,11,33391,490
33015,10,11,33021,770
33015,10,11,1,980
29307,10,11,31531,0
29307,10,11,31161,140
29307,10,11,30791,560
29307,10,11,30421,770
29307,10,11,30051,1050
29307,10,11,29681,1260
26343,10,11,27453,0
26343,10,11,27083,210
26343,10,11,26713,560
26343,10,11,26343,770
26343,10,11,1,1050
30422,10,11,31534,0
30422,10,11,31164,140
30422,10,11,30794,490
30422,10,11,30424,700
30422,10,11,1,980
19290,10,11,20774,0
19290,10,11,20034,70
19290,10,11,19664,350
19290,10,11,19294,420
19290,10,11,1,490
16688,10,11,19657,0
16688,10,11,18547,70
16688,10,11,18177,350
16688,10,11,17807,420
16688,10,11,17067,490
16688,10,11,16697,560
16688,10,11,1,630
19661,10,11,20775,0
19661,10,11,20405,70
19661,10,11,20035,350
19661,10,11,19665,420
19661,10,11,1,490
31533,10,11,33387,0
31533,10,11,33017,420
31533,10,11,32647,630
31533,10,11,32277,910
31533,10,11,31907,1190
31533,10,11,31537,1400
16697,10,11,20767,0
16697,10,11,20397,350
16697,10,11,20027,420
16697,10,11,19287,490
16697,10,11,18917,560
16697,10,11,18177,630
16697,10,11,17807,700
16697,10,11,17437,770
16697,10,11,16697,840
16697,10,11,1,910
20767,10,11,21518,0
20767,10,11,21148,70
20767,10,11,20778,490
20767,10,11,1,700
20776,10,11,20778,0
20776,10,11,1,420
31904,10,11,33758,0
31904,10,11,33388,420
31904,10,11,33018,630
31904,10,11,32648,910
31904,10,11,32278,1190
31904,10,11,31908,1400
25967,10,11,27452,0
25967,10,11,27082,70
25967,10,11,26712,490
25967,10,11,26342,700
25967,10,11,25972,980
25967,10,11,1,1190
28940,10,11,30050,0
28940,10,11,29680,350
28940,10,11,29310,560
28940,10,11,28940,840
28940,10,11,1,1050
18174,10,11,19291,0
18174,10,11,18551,70
18174,10,11,18181,350
18174,10,11,1,420
33019,10,11,33761,0
33019,10,11,33391,350
33019,10,11,33021,560
33019,10,11,1,840
26338,10,11,27823,0
26338,10,11,27453,70
26338,10,11,27083,490
26338,10,11,26713,700
26338,10,11,26343,980
26338,10,11,1,1190
29311,10,11,30421,0
29311,10,11,30051,350
29311,10,11,29681,560
29311,10,11,29311,840
29311,10,11,1,1050
23374,10,11,23745,0
23374,10,11,23375,140
23374,10,11,1,560
19285,10,11,20774,0
19285,10,11,20404,420
19285,10,11,20034,490
19285,10,11,19294,560
19285,10,11,1,630
16321,10,11,17436,0
16321,10,11,16696,70
16321,10,11,16326,350
16321,10,11,1,420
19294,10,11,21514,0
19294,10,11,21144,70
19294,10,11,20774,490
19294,10,11,20404,700
19294,10,11,20034,770
19294,10,11,19294,840
19294,10,11,1,910
19656,10,11,21145,0
19656,10,11,20775,70
19656,10,11,20405,490
19656,10,11,19665,560
19656,10,11,1,630
16692,10,11,17807,0
16692,10,11,17067,70
16692,10,11,16697,350
16692,10,11,1,420
19665,10,11,21515,0
19665,10,11,21145,70
19665,10,11,20775,490
19665,10,11,20405,770
19665,10,11,19665,840
19665,10,11,1,910
31537,10,11,32277,0
31537,10,11,31907,420
31537,10,11,31537,700
31537,10,11,1,910
20771,10,11,20778,0
20771,10,11,1,350
24856,10,11,26339,0
24856,10,11,25969,350
24856,10,11,25599,630
24856,10,11,25229,840
24856,10,11,24859,1120
24856,10,11,1,1330
28935,10,11,30420,0
28935,10,11,30050,140
28935,10,11,29680,490
28935,10,11,29310,700
28935,10,11,28940,980
28935,10,11,1,1260
31908,10,11,32648,0
31908,10,11,32278,420
31908,10,11,31908,700
31908,10,11,1,910
25971,10,11,26342,0
25971,10,11,25972,140
25971,10,11,1,560
26342,10,11,26713,0
26342,10,11,26343,140
26342,10,11,1,560
15210,10,11,16323,0
15210,10,11,15583,70
15210,10,11,15213,350
15210,10,11,1,420
19289,10,11,20774,0
19289,10,11,19664,70
19289,10,11,19294,350
19289,10,11,1,420
22262,10,11,23372,0
22262,10,11,23002,140
22262,10,11,22632,560
22262,10,11,22262,770
22262,10,11,1,1050
16325,10,11,17436,0
16325,10,11,16326,70
16325,10,11,1,350
27453,10,11,28936,0
27453,10,11,28566,420
27453,10,11,28196,700
27453,10,11,27826,910
27453,10,11,27456,1190
27453,10,11,1,1400
16696,10,11,17437,0
16696,10,11,16697,70
16696,10,11,1,350
31532,10,11,32647,0
31532,10,11,32277,350
31532,10,11,31907,560
31532,10,11,31537,840
31532,10,11,1,1120
20766,10,11,21148,0
20766,10,11,20778,70
20766,10,11,1,560
1,11,12,1,0
28939,11,12,29310,0
28939,11,12,28940,350
28939,11,12,1,630
17798,11,12,20770,0
17798,11,12,20030,70
17798,11,12,19660,350
17798,11,12,18920,420
17798,11,12,18550,490
17798,11,12,17810,560
17798,11,12,1,630
17807,11,12,19660,0
17807,11,12,18920,70
17807,11,12,18550,350
17807,11,12,17810,420
17807,11,12,1,490
34130,11,12,35984,0
34130,11,12,35614,420
34130,11,12,35244,700
34130,11,12,34874,910
34130,11,12,34504,1190
34130,11,12,34134,1470
23373,11,12,24485,0
23373,11,12,24115,140
23373,11,12,23745,490
23373,11,12,23375,700
23373,11,12,1,980
30050,11,12,31533,0
30050,11,12,31163,420
30050,11,12,30793,630
30050,11,12,30423,910
30050,11,12,30053,1120
30050,11,12,1,1400
19284,11,12,21144,0
19284,11,12,20774,70
19284,11,12,20404,560
19284,11,12,20034,630
19284,11,12,19294,700
19284,11,12,1,770
16320,11,12,17436,0
16320,11,12,16696,70
16320,11,12,16326,350
16320,11,12,1,420
19293,11,12,20404,0
19293,11,12,19664,70
19293,11,12,19294,350
19293,11,12,1,420
34500,11,12,35615,0
34500,11,12,35245,350
34500,11,12,34875,630
34500,11,12,34505,910
34500,11,12,1,1120
31536,11,12,31537,0
31536,11,12,1,420
20404,11,12,20777,0
20404,11,12,1,420
32648,11,12,33390,0
32648,11,12,33020,350
32648,11,12,32650,630
32648,11,12,1,840
24855,11,12,27079,0
24855,11,12,26709,140
24855,11,12,26339,560
24855,11,12,25969,770
24855,11,12,25599,1050
24855,11,12,25229,1260
21891,11,12,22631,0
21891,11,12,22261,420
21891,11,12,21891,630
21891,11,12,1,910
28934,11,12,30050,0
28934,11,12,29680,420
28934,11,12,29310,630
28934,11,12,28940,910
28934,11,12,1,1120
25970,11,12,27082,0
25970,11,12,26712,140
25970,11,12,26342,490
25970,11,12,25972,770
25970,11,12,1,980
17802,11,12,20400,0
17802,11,12,19660,70
17802,11,12,19290,350
17802,11,12,18920,420
17802,11,12,18180,490
17802,11,12,17810,560
17802,11,12,1,630
28568,11,12,28939,0
28568,11,12,28569,350
28568,11,12,1,630
34134,11,12,34874,0
34134,11,12,34504,490
34134,11,12,34134,700
34134,11,12,1,980
23002,11,12,24114,0
23002,11,12,23744,140
23002,11,12,23374,490
23002,11,12,23004,770
23002,11,12,1,980
27081,11,12,29305,0
27081,11,12,28935,140
27081,11,12,28565,490
27081,11,12,28195,770
27081,11,12,27825,1050
27081,11,12,27455,1260
19288,11,12,20774,0
19288,11,12,19664,70
19288,11,12,19294,350
19288,11,12,1,420
16324,11,12,17806,0
16324,11,12,17066,70
16324,11,12,16696,350
16324,11,12,16326,420
16324,11,12,1,490
18922,11,12,20033,0
18922,11,12,19293,70
18922,11,12,18923,350
18922,11,12,1,420
27452,11,12,29676,0
27452,11,12,29306,210
27452,11,12,28936,560
27452,11,12,28566,840
27452,11,12,28196,1050
27452,11,12,27826,1330
24488,11,12,25598,0
24488,11,12,25228,210
24488,11,12,24858,560
24488,11,12,24488,840
24488,11,12,1,1050
31531,11,12,32647,0
31531,11,12,32277,140
31531,11,12,31907,490
31531,11,12,31537,770
31531,11,12,1,980
20399,11,12,21147,0
20399,11,12,20777,70
20399,11,12,20407,490
20399,11,12,1,560
17435,11,12,18919,0
17435,11,12,18179,70
17435,11,12,17809,350
17435,11,12,17439,420
17435,11,12,1,490
28563,11,12,29679,0
28563,11,12,29309,420
28563,11,12,28939,630
28563,11,12,28569,910
28563,11,12,1,1190
25599,11,12,26341,0
25599,11,12,25971,490
25599,11,12,25601,700
25599,11,12,1,980
17806,11,12,19660,0
17806,11,12,18920,70
17806,11,12,18550,350
17806,11,12,18180,420
17806,11,12,1,490
14842,11,12,19282,0
14842,11,12,18912,70
14842,11,12,18542,350
14842,11,12,17802,420
14842,11,12,17432,490
14842,11,12,16692,560
14842,11,12,16322,630
14842,11,12,15952,700
14842,11,12,15212,770
14842,11,12,14842,840
14842,11,12,1,910
29678,11,12,31902,0
29678,11,12,31532,140
29678,11,12,31162,560
29678,11,12,30792,770
29678,11,12,30422,1050
29678,11,12,30052,1330
34129,11,12,35244,0
34129,11,12,34874,350
34129,11,12,34504,630
34129,11,12,34134,910
34129,11,12,1,1120
20033,11,12,20776,0
20033,11,12,20406,350
20033,11,12,20036,420
20033,11,12,1,490
30049,11,12,32273,0
30049,11,12,31903,140
30049,11,12,31533,560
30049,11,12,31163,770
30049,11,12,30793,1050
30049,11,12,30423,1330
27085,11,12,28195,0
27085,11,12,27825,210
27085,11,12,27455,560
27085,11,12,27085,840
27085,11,12,1,1050
18917,11,12,20403,0
18917,11,12,19293,70
18917,11,12,18923,350
18917,11,12,1,420
15953,11,12,17435,0
15953,11,12,16695,70
15953,11,12,16325,350
15953,11,12,15955,420
15953,11,12,1,490
20394,11,12,21147,0
20394,11,12,20777,70
20394,11,12,20407,560
20394,11,12,1,630
17430,11,12,20399,0
17430,11,12,19289,70
17430,11,12,18919,350
17430,11,12,18549,420
17430,11,12,18179,490
17430,11,12,17439,560
17430,11,12,1,630
20403,11,12,20777,0
20403,11,12,20407,420
20403,11,12,1,490
32647,11,12,34130,0
32647,11,12,33760,210
32647,11,12,33390,560
32647,11,12,33020,770
32647,11,12,32650,1050
32647,11,12,1,1260
17439,11,12,21139,0
17439,11,12,20769,70
17439,11,12,20399,490
17439,11,12,19659,560
17439,11,12,19289,630
17439,11,12,18549,700
17439,11,12,18179,770
17439,11,12,17809,840
17439,11,12,1,910
28567,11,12,29679,0
28567,11,12,29309,210
28567,11,12,28939,490
28567,11,12,28569,770
28567,11,12,1,1050
17801,11,12,20770,0
17801,11,12,20030,70
17801,11,12,19660,350
17801,11,12,19290,420
17801,11,12,18550,490
17801,11,12,18180,560
17801,11,12,17810,630
17801,11,12,1,700
29682,11,12,30792,0
29682,11,12,30422,280
29682,11,12,30052,560
29682,11,12,29682,840
29682,11,12,1,1050
20028,11,12,21146,0
20028,11,12,20776,70
20028,11,12,20406,490
20028,11,12,1,560
27080,11,12,28195,0
27080,11,12,27825,420
27080,11,12,27455,700
27080,11,12,27085,980
27080,11,12,1,1190
15948,11,12,17065,0
15948,11,12,16325,70
15948,11,12,15955,350
15948,11,12,1,420
18921,11,12,20403,0
18921,11,12,19663,70
18921,11,12,19293,350
18921,11,12,18923,420
18921,11,12,1,490
31165,11,12,31166,0
31165,11,12,1,420
35244,11,12,36727,0
35244,11,12,36357,280
35244,11,12,35987,560
35244,11,12,35617,840
35244,11,12,35247,1050
35244,11,12,1,1330
20398,11,12,21147,0
20398,11,12,20777,140
20398,11,12,20407,560
20398,11,12,1,630
21519,11,12,21520,0
21519,11,12,1,420
25598,11,12,27081,0
25598,11,12,26711,350
25598,11,12,26341,630
25598,11,12,25971,840
25598,11,12,25601,1120
25598,11,12,1,1400
29677,11,12,31162,0
29677,11,12,30792,140
29677,11,12,30422,490
29677,11,12,30052,770
29677,11,12,29682,980
29677,11,12,1,1260
20023,11,12,21146,0
20023,11,12,20776,70
20023,11,12,20406,490
20023,11,12,20036,560
20023,11,12,1,630
33762,11,12,33763,0
33762,11,12,1,420
20032,11,12,20776,0
20032,11,12,20036,420
20032,11,12,1,490
27084,11,12,27455,0
27084,11,12,27085,140
27084,11,12,1,560
18916,11,12,20033,0
18916,11,12,19293,70
18916,11,12,18923,350
18916,11,12,1,420
31160,11,12,32276,0
31160,11,12,31906,140
31160,11,12,31536,490
31160,11,12,31166,770
31160,11,12,1,1050
32275,11,12,34129,0
32275,11,12,33759,420
32275,11,12,33389,700
32275,11,12,33019,910
32275,11,12,32649,1190
32275,11,12,32279,1470
24116,11,12,24487,0
24116,11,12,24117,140
24116,11,12,1,560
28195,11,12,29678,0
28195,11,12,29308,420
28195,11,12,28938,700
28195,11,12,28568,910
28195,11,12,28198,1190
28195,11,12,1,1400
17438,11,12,18549,0
17438,11,12,17809,70
17438,11,12,17439,140
17438,11,12,1,350
32646,11,12,34500,0
32646,11,12,34130,420
32646,11,12,33760,700
32646,11,12,33390,910
32646,11,12,33020,1190
32646,11,12,32650,1470
18541,11,12,20772,0
18541,11,12,20032,490
18541,11,12,19662,560
18541,11,12,18922,630
18541,11,12,18552,700
18541,11,12,1,770
21514,11,12,22630,0
21514,11,12,22260,140
21514,11,12,21890,560
21514,11,12,21520,840
21514,11,12,1,1050
18550,11,12,20032,0
18550,11,12,19292,70
18550,11,12,18922,350
18550,11,12,18552,420
18550,11,12,1,490
28566,11,12,30049,0
28566,11,12,29679,420
28566,11,12,29309,700
28566,11,12,28939,910
28566,11,12,28569,1190
28566,11,12,1,1400
29681,11,12,30052,0
29681,11,12,29682,350
29681,11,12,1,560
14470,11,12,15581,0
14470,11,12,14841,70
14470,11,12,14471,350
14470,11,12,1,420
30793,11,12,31905,0
30793,11,12,31535,210
30793,11,12,31165,490
30793,11,12,30795,770
30793,11,12,1,980
20027,11,12,21146,0
20027,11,12,20776,70
20027,11,12,20036,560
20027,11,12,1,630
20036,11,12,21516,0
20036,11,12,21146,350
20036,11,12,20776,560
20036,11,12,20406,840
20036,11,12,1,910
34872,11,12,36726,0
34872,11,12,36356,420
34872,11,12,35986,700
34872,11,12,35616,910
34872,11,12,35246,1190
34872,11,12,34876,1470
18911,11,12,20773,0
18911,11,12,20403,350
18911,11,12,20033,420
18911,11,12,19293,490
18911,11,12,18923,560
18911,11,12,1,630
26713,11,12,27084,0
26713,11,12,26714,350
26713,11,12,1,560
18920,11,12,20403,0
18920,11,12,19663,70
18920,11,12,19293,350
18920,11,12,18923,420
18920,11,12,1,490
31164,11,12,31906,0
31164,11,12,31536,350
31164,11,12,31166,630
31164,11,12,1,840
35243,11,12,37097,0
35243,11,12,36727,490
35243,11,12,36357,700
35243,11,12,35987,980
35243,11,12,35617,1190
35243,11,12,35247,1470
32279,11,12,33019,0
32279,11,12,32649,420
32279,11,12,32279,700
32279,11,12,1,910
17068,11,12,20768,0
17068,11,12,20398,420
17068,11,12,20028,490
17068,11,12,19288,560
17068,11,12,18918,630
17068,11,12,18178,700
17068,11,12,17808,770
17068,11,12,17438,840
17068,11,12,1,910
21147,11,12,21149,0
21147,11,12,1,420
25226,11,12,27450,0
25226,11,12,27080,70
25226,11,12,26710,490
25226,11,12,26340,770
25226,11,12,25970,980
25226,11,12,25600,1260
18545,11,12,19662,0
18545,11,12,18922,70
18545,11,12,18552,350
18545,11,12,1,420
21518,11,12,22260,0
21518,11,12,21890,70
21518,11,12,21520,490
21518,11,12,1,770
15581,11,12,17064,0
15581,11,12,16324,70
15581,11,12,15954,350
15581,11,12,15584,420
15581,11,12,1,490
33390,11,12,34132,0
33390,11,12,33762,350
33390,11,12,33392,630
33390,11,12,1,840
25597,11,12,27821,0
25597,11,12,27451,140
25597,11,12,27081,560
25597,11,12,26711,770
25597,11,12,26341,1050
25597,11,12,25971,1260
22633,11,12,23743,0
22633,11,12,23373,210
22633,11,12,23003,560
22633,11,12,22633,840
22633,11,12,1,1050
33761,11,12,34503,0
33761,11,12,34133,350
33761,11,12,33763,630
33761,11,12,1,840
27824,11,12,29307,0
27824,11,12,28937,420
27824,11,12,28567,700
27824,11,12,28197,910
27824,11,12,27827,1190
27824,11,12,1,1470
20031,11,12,20776,0
20031,11,12,20406,350
20031,11,12,1,420
26708,11,12,27824,0
26708,11,12,27454,350
26708,11,12,27084,630
26708,11,12,26714,910
26708,11,12,1,1120
23744,11,12,24856,0
23744,11,12,24486,140
23744,11,12,24116,490
23744,11,12,23746,700
23744,11,12,1,980
15951,11,12,17805,0
15951,11,12,16695,70
15951,11,12,16325,350
15951,11,12,15955,420
15951,11,12,1,490
32274,11,12,33389,0
32274,11,12,33019,350
32274,11,12,32649,630
32274,11,12,32279,910
32274,11,12,1,1120
17063,11,12,18548,0
17063,11,12,17438,70
17063,11,12,17068,350
17063,11,12,1,420
21142,11,12,21889,0
21142,11,12,21519,70
21142,11,12,21149,490
21142,11,12,1,700
24115,11,12,25227,0
24115,11,12,24857,140
24115,11,12,24487,490
24115,11,12,24117,700
24115,11,12,1,980
18178,11,12,19661,0
18178,11,12,18921,70
18178,11,12,18551,350
18178,11,12,18181,420
18178,11,12,1,490
28194,11,12,30418,0
28194,11,12,30048,210
28194,11,12,29678,560
28194,11,12,29308,840
28194,11,12,28938,1050
28194,11,12,28568,1330
25230,11,12,26340,0
25230,11,12,25970,210
25230,11,12,25600,560
25230,11,12,25230,770
25230,11,12,1,1050
29306,11,12,30791,0
29306,11,12,30421,140
29306,11,12,30051,490
29306,11,12,29681,770
29306,11,12,29311,980
29306,11,12,1,1260
18540,11,12,20772,0
18540,11,12,20402,70
18540,11,12,20032,350
18540,11,12,19662,420
18540,11,12,18922,490
18540,11,12,18552,560
18540,11,12,1,630
18549,11,12,20032,0
18549,11,12,19292,70
18549,11,12,18922,350
18549,11,12,18552,420
18549,11,12,1,490
30421,11,12,31904,0
30421,11,12,31534,420
30421,11,12,31164,630
30421,11,12,30794,910
30421,11,12,30424,1120
30421,11,12,1,1400
30792,11,12,32275,0
30792,11,12,31905,420
30792,11,12,31535,700
30792,11,12,31165,910
30792,11,12,30795,1190
30792,11,12,1,1400
20026,11,12,21146,0
20026,11,12,20776,420
20026,11,12,20036,700
20026,11,12,1,770
34871,11,12,35986,0
34871,11,12,35616,350
34871,11,12,35246,630
34871,11,12,34876,910
34871,11,12,1,1120
19660,11,12,20775,0
19660,11,12,20405,70
19660,11,12,20035,350
19660,11,12,1,420
26712,11,12,27824,0
26712,11,12,27454,140
26712,11,12,27084,490
26712,11,12,26714,770
26712,11,12,1,980
20775,11,12,20778,0
20775,11,12,1,420
17058,11,12,20768,0
17058,11,12,20028,70
17058,11,12,19658,350
17058,11,12,19288,420
17058,11,12,18548,490
17058,11,12,18178,560
17058,11,12,17438,630
17058,11,12,17068,700
17058,11,12,1,770
31903,11,12,33018,0
31903,11,12,32648,350
31903,11,12,32278,630
31903,11,12,31908,840
31903,11,12,1,1120
17067,11,12,18178,0
17067,11,12,17068,70
17067,11,12,1,350
18173,11,12,20771,0
18173,11,12,20031,70
18173,11,12,19661,350
18173,11,12,18921,420
18173,11,12,18551,490
18173,11,12,1,560
21146,11,12,21149,0
21146,11,12,1,420
33018,11,12,34501,0
33018,11,12,34131,210
33018,11,12,33761,560
33018,11,12,33391,770
33018,11,12,33021,1050
33018,11,12,1,1260
26337,11,12,27453,0
26337,11,12,27083,350
26337,11,12,26713,630
26337,11,12,26343,910
26337,11,12,1,1120
29310,11,12,29681,0
29310,11,12,29311,350
29310,11,12,1,630
18544,11,12,20772,0
18544,11,12,20402,70
18544,11,12,20032,350
18544,11,12,19292,420
18544,11,12,18922,490
18544,11,12,1,560
15580,11,12,17064,0
15580,11,12,16324,70
15580,11,12,15954,350
15580,11,12,15584,420
15580,11,12,1,490
33389,11,12,34872,0
33389,11,12,34502,210
33389,11,12,34132,560
33389,11,12,33762,770
33389,11,12,33392,1050
33389,11,12,1,1260
27823,11,12,30047,0
27823,11,12,29677,210
27823,11,12,29307,560
27823,11,12,28937,840
27823,11,12,28567,1050
27823,11,12,28197,1330
19655,11,12,21145,0
19655,11,12,20775,350
19655,11,12,20405,630
19655,11,12,19665,700
19655,11,12,1,770
16691,11,12,17807,0
16691,11,12,17067,70
16691,11,12,16697,350
16691,11,12,1,420
19664,11,12,20775,0
19664,11,12,20035,70
19664,11,12,19665,350
19664,11,12,1,420
20770,11,12,21148,0
20770,11,12,20778,70
20770,11,12,1,560
23743,11,12,25226,0
23743,11,12,24856,420
23743,11,12,24486,630
23743,11,12,24116,910
23743,11,12,23746,1120
23743,11,12,1,1400
18168,11,12,20771,0
18168,11,12,20031,70
18168,11,12,19661,350
18168,11,12,19291,420
18168,11,12,18551,490
18168,11,12,18181,560
18168,11,12,1,630
14098,11,12,15580,0
14098,11,12,15210,70
14098,11,12,14840,350
14098,11,12,14470,420
14098,11,12,1,490
31907,11,12,31908,0
31907,11,12,1,420
21141,11,12,21519,0
21141,11,12,21149,350
21141,11,12,1,560
18177,11,12,20031,0
18177,11,12,19291,70
18177,11,12,18921,350
18177,11,12,18181,420
18177,11,12,1,490
29305,11,12,30421,0
29305,11,12,30051,420
29305,11,12,29681,630
29305,11,12,29311,910
29305,11,12,1,1120
26341,11,12,27453,0
26341,11,12,27083,140
26341,11,12,26713,490
26341,11,12,26343,770
26341,11,12,1,980
15584,11,12,20394,0
15584,11,12,19654,70
15584,11,12,19284,350
15584,11,12,18914,420
15584,11,12,18174,490
15584,11,12,17804,560
15584,11,12,17434,630
15584,11,12,16694,700
15584,11,12,16324,770
15584,11,12,15584,840
15584,11,12,1,910
30420,11,12,32644,0
30420,11,12,32274,140
30420,11,12,31904,560
30420,11,12,31534,770
30420,11,12,31164,1050
30420,11,12,30794,1330
22261,11,12,22632,0
22261,11,12,22262,140
22261,11,12,1,560
27827,11,12,28937,0
27827,11,12,28567,350
27827,11,12,28197,630
27827,11,12,27827,840
27827,11,12,1,1120
19659,11,12,20775,0
19659,11,12,20405,70
19659,11,12,20035,140
19659,11,12,19665,350
19659,11,12,1,420
16695,11,12,18177,0
16695,11,12,17437,70
16695,11,12,17067,350
16695,11,12,16697,420
16695,11,12,1,490
20765,11,12,21148,0
20765,11,12,20778,350
20765,11,12,1,560
34504,11,12,34505,0
34504,11,12,1,420
20774,11,12,20778,0
20774,11,12,1,420
24859,11,12,25969,0
24859,11,12,25599,210
24859,11,12,25229,560
24859,11,12,24859,840
24859,11,12,1,1050
17066,11,12,18548,0
17066,11,12,17808,70
17066,11,12,17438,350
17066,11,12,17068,420
17066,11,12,1,490
31902,11,12,33018,0
31902,11,12,32648,140
31902,11,12,32278,490
31902,11,12,31908,770
31902,11,12,1,980
18172,11,12,20771,0
18172,11,12,20401,70
18172,11,12,20031,350
18172,11,12,19291,420
18172,11,12,18921,490
18172,11,12,18181,560
18172,11,12,1,630
28938,11,12,30050,0
28938,11,12,29680,210
28938,11,12,29310,490
28938,11,12,28940,770
28938,11,12,1,980
18181,11,12,21141,0
18181,11,12,20771,350
18181,11,12,20401,560
18181,11,12,20031,630
18181,11,12,19661,700
18181,11,12,18921,770
18181,11,12,18551,840
18181,11,12,1,910
33017,11,12,34871,0
33017,11,12,34501,420
33017,11,12,34131,700
33017,11,12,33761,910
33017,11,12,33391,1190
33017,11,12,33021,1470
29309,11,12,30421,0
29309,11,12,30051,210
29309,11,12,29681,490
29309,11,12,29311,770
29309,11,12,1,980
23372,11,12,24855,0
23372,11,12,24485,350
23372,11,12,24115,630
23372,11,12,23745,910
23372,11,12,23375,1120
23372,11,12,1,1400
33388,11,12,35242,0
33388,11,12,34872,420
33388,11,12,34502,700
33388,11,12,34132,910
33388,11,12,33762,1190
33388,11,12,33392,1470
30424,11,12,31534,0
30424,11,12,31164,280
30424,11,12,30794,560
30424,11,12,30424,840
30424,11,12,1,1050
15213,11,12,20023,0
15213,11,12,19283,70
15213,11,12,18913,350
15213,11,12,18173,420
15213,11,12,17803,490
15213,11,12,17063,560
15213,11,12,16693,630
15213,11,12,16323,700
15213,11,12,15583,770
15213,11,12,15213,840
15213,11,12,1,910
19292,11,12,20774,0
19292,11,12,20034,70
19292,11,12,19664,350
19292,11,12,19294,420
19292,11,12,1,490
27822,11,12,29307,0
27822,11,12,28937,140
27822,11,12,28567,490
27822,11,12,28197,770
27822,11,12,27827,1050
27822,11,12,1,1260
19654,11,12,21145,0
19654,11,12,20775,350
19654,11,12,20035,630
19654,11,12,19665,700
19654,11,12,1,770
27456,11,12,28566,0
27456,11,12,28196,350
27456,11,12,27826,630
27456,11,12,27456,840
27456,11,12,1,1120
19663,11,12,20775,0
19663,11,12,20405,140
19663,11,12,20035,350
19663,11,12,19665,420
19663,11,12,1,490
20769,11,12,21148,0
20769,11,12,20778,350
20769,11,12,1,630
31535,11,12,32277,0
31535,11,12,31907,210
31535,11,12,31537,560
31535,11,12,1,840
20778,11,12,21518,0
20778,11,12,21148,420
20778,11,12,20778,630
20778,11,12,1,910
21890,11,12,21891,0
21890,11,12,1,420
31906,11,12,32648,0
31906,11,12,32278,210
31906,11,12,31908,560
31906,11,12,1,840
25969,11,12,27452,0
25969,11,12,27082,420
25969,11,12,26712,630
25969,11,12,26342,910
25969,11,12,25972,1120
25969,11,12,1,1400
18176,11,12,19661,0
18176,11,12,18921,70
18176,11,12,18551,350
18176,11,12,1,420
33021,11,12,33761,0
33021,11,12,33391,490
33021,11,12,33021,700
33021,11,12,1,980
17810,11,12,21140,0
17810,11,12,20770,70
17810,11,12,20400,560
17810,11,12,19660,630
17810,11,12,19290,700
17810,11,12,18920,770
17810,11,12,18180,840
17810,11,12,17810,910
17810,11,12,1,980
34133,11,12,34134,0
34133,11,12,1,420
26340,11,12,27823,0
26340,11,12,27453,420
26340,11,12,27083,630
26340,11,12,26713,910
26340,11,12,26343,1120
26340,11,12,1,1400
30419,11,12,31904,0
30419,11,12,31534,140
30419,11,12,31164,490
30419,11,12,30794,770
30419,11,12,30424,980
30419,11,12,1,1260
15208,11,12,16323,0
15208,11,12,15583,70
15208,11,12,15213,350
15208,11,12,1,420
30053,11,12,31163,0
30053,11,12,30793,280
30053,11,12,30423,560
30053,11,12,30053,840
30053,11,12,1,1050
19287,11,12,20404,0
19287,11,12,19664,70
19287,11,12,19294,350
19287,11,12,1,420
22260,11,12,23002,0
22260,11,12,22632,420
22260,11,12,22262,630
22260,11,12,1,910
16323,11,12,17806,0
16323,11,12,17066,70
16323,11,12,16696,350
16323,11,12,16326,420
16323,11,12,1,490
27451,11,12,28936,0
27451,11,12,28566,140
27451,11,12,28196,490
27451,11,12,27826,770
27451,11,12,27456,980
27451,11,12,1,1260
19658,11,12,20775,0
19658,11,12,20405,70
19658,11,12,20035,140
19658,11,12,19665,350
19658,11,12,1,420
24487,11,12,24858,0
24487,11,12,24488,350
24487,11,12,1,630
16694,11,12,18177,0
16694,11,12,17437,70
16694,11,12,17067,350
16694,11,12,16697,420
16694,11,12,1,490
34503,11,12,35245,0
34503,11,12,34875,350
34503,11,12,34505,630
34503,11,12,1,840
20773,11,12,20778,0
20773,11,12,1,420
20407,11,12,21517,0
20407,11,12,21147,350
20407,11,12,20777,630
20407,11,12,20407,840
20407,11,12,1,910
24858,11,12,25229,0
24858,11,12,24859,210
24858,11,12,1,560
28937,11,12,30420,0
28937,11,12,30050,420
28937,11,12,29680,630
28937,11,12,29310,910
28937,11,12,28940,1120
28937,11,12,1,1400
33016,11,12,34131,0
33016,11,12,33761,350
33016,11,12,33391,630
33016,11,12,33021,910
33016,11,12,1,1120
17805,11,12,19290,0
17805,11,12,18550,70
17805,11,12,18180,350
17805,11,12,17810,420
17805,11,12,1,490
14841,11,12,15212,0
14841,11,12,14842,70
14841,11,12,1,350
19282,11,12,20774,0
19282,11,12,20404,420
19282,11,12,19664,490
19282,11,12,19294,560
19282,11,12,1,630
15212,11,12,15953,0
15212,11,12,15213,70
15212,11,12,1,350
30048,11,12,31533,0
30048,11,12,31163,140
30048,11,12,30793,490
30048,11,12,30423,770
30048,11,12,30053,980
30048,11,12,1,1260
19291,11,12,20774,0
19291,11,12,20034,70
19291,11,12,19664,350
19291,11,12,19294,420
19291,11,12,1,490
27455,11,12,27826,0
27455,11,12,27456,420
27455,11,12,1,630
31534,11,12,33017,0
31534,11,12,32647,210
31534,11,12,32277,490
31534,11,12,31907,770
31534,11,12,31537,980
31534,11,12,1,1260
20402,11,12,20777,0
20402,11,12,20407,350
20402,11,12,1,420
21889,11,12,22631,0
21889,11,12,22261,70
21889,11,12,21891,490
21889,11,12,1,700
25968,11,12,28192,0
25968,11,12,27822,140
25968,11,12,27452,560
25968,11,12,27082,840
25968,11,12,26712,1050
25968,11,12,26342,1330
17809,11,12,18920,0
17809,11,12,18180,70
17809,11,12,17810,350
17809,11,12,1,420
34132,11,12,34874,0
34132,11,12,34504,350
34132,11,12,34134,630
34132,11,12,1,840
23375,11,12,24485,0
23375,11,12,24115,210
23375,11,12,23745,560
23375,11,12,23375,770
23375,11,12,1,1050
27079,11,12,28195,0
27079,11,12,27825,350
27079,11,12,27455,560
27079,11,12,27085,840
27079,11,12,1,1120
30052,11,12,30423,0
30052,11,12,30053,350
30052,11,12,1,560
16322,11,12,18176,0
16322,11,12,17066,70
16322,11,12,16696,350
16322,11,12,16326,420
16322,11,12,1,490
27450,11,12,28566,0
27450,11,12,28196,420
27450,11,12,27826,630
27450,11,12,27456,910
27450,11,12,1,1120
24486,11,12,25598,0
24486,11,12,25228,140
24486,11,12,24858,490
24486,11,12,24488,770
24486,11,12,1,980
20397,11,12,21517,0
20397,11,12,21147,70
20397,11,12,20777,420
20397,11,12,20407,700
20397,11,12,1,770
20406,11,12,20777,0
20406,11,12,20407,140
20406,11,12,1,350
35614,11,12,37468,0
35614,11,12,37098,490
35614,11,12,36728,700
35614,11,12,36358,980
35614,11,12,35988,1190
35614,11,12,35618,1470
32650,11,12,33390,0
32650,11,12,33020,490
32650,11,12,32650,700
32650,11,12,1,980
24857,11,12,25969,0
24857,11,12,25599,140
24857,11,12,25229,490
24857,11,12,24859,770
24857,11,12,1,980
25972,11,12,27082,0
25972,11,12,26712,210
25972,11,12,26342,560
25972,11,12,25972,770
25972,11,12,1,1050
17804,11,12,19290,0
17804,11,12,18550,70
17804,11,12,18180,350
17804,11,12,1,420
29676,11,12,30792,0
29676,11,12,30422,420
29676,11,12,30052,630
29676,11,12,29682,910
29676,11,12,1,1120
14840,11,12,15952,0
14840,11,12,15582,70
14840,11,12,15212,350
14840,11,12,1,420
23004,11,12,24114,0
23004,11,12,23744,210
23004,11,12,23374,560
23004,11,12,23004,840
23004,11,12,1,1050
15211,11,12,16693,0
15211,11,12,15953,70
15211,11,12,15583,350
15211,11,12,1,420
30047,11,12,31163,0
30047,11,12,30793,420
30047,11,12,30423,630
30047,11,12,30053,910
30047,11,12,1,1120
19281,11,12,20774,0
19281,11,12,20404,420
19281,11,12,19664,490
19281,11,12,19294,560
19281,11,12,1,630
27083,11,12,28195,0
27083,11,12,27825,140
27083,11,12,27455,490
27083,11,12,27085,700
27083,11,12,1,980
16326,11,12,20766,0
16326,11,12,20396,70
16326,11,12,20026,350
16326,11,12,19656,420
16326,11,12,19286,490
16326,11,12,18546,560
16326,11,12,18176,630
16326,11,12,17436,700
16326,11,12,17066,770
16326,11,12,16696,840
16326,11,12,1,910
27454,11,12,28566,0
27454,11,12,28196,140
27454,11,12,27826,560
27454,11,12,27456,770
27454,11,12,1,1050
13358,11,12,18538,0
13358,11,12,18168,70
13358,11,12,17798,350
13358,11,12,17428,420
13358,11,12,16688,490
13358,11,12,16318,560
13358,11,12,15578,630
13358,11,12,15208,700
13358,11,12,14838,770
13358,11,12,14098,840
13358,11,12,13728,910
13358,11,12,1,980
20401,11,12,20777,0
20401,11,12,20407,350
20401,11,12,1,420
17437,11,12,18919,0
17437,11,12,18179,70
17437,11,12,17809,350
17437,11,12,17439,420
17437,11,12,1,490
32645,11,12,33760,0
32645,11,12,33390,350
32645,11,12,33020,630
32645,11,12,32650,910
32645,11,12,1,1120
28565,11,12,30789,0
28565,11,12,30419,210
28565,11,12,30049,560
28565,11,12,29679,840
28565,11,12,29309,1050
28565,11,12,28939,1330
25601,11,12,26711,0
25601,11,12,26341,210
25601,11,12,25971,560
25601,11,12,25601,770
25601,11,12,1,1050
17808,11,12,19660,0
17808,11,12,18920,70
17808,11,12,18550,350
17808,11,12,17810,420
17808,11,12,1,490
29680,11,12,30792,0
29680,11,12,30422,140
29680,11,12,30052,490
29680,11,12,29682,770
29680,11,12,1,980
34131,11,12,35614,0
34131,11,12,35244,210
34131,11,12,34874,560
34131,11,12,34504,770
34131,11,12,34134,1050
34131,11,12,1,1260
20035,11,12,20776,0
20035,11,12,20406,140
20035,11,12,20036,350
20035,11,12,1,420
30051,11,12,31163,0
30051,11,12,30793,210
30051,11,12,30423,490
30051,11,12,30053,770
30051,11,12,1,980
18910,11,12,20773,0
18910,11,12,20403,350
18910,11,12,20033,420
18910,11,12,19293,490
18910,11,12,18923,560
18910,11,12,1,630
18919,11,12,20773,0
18919,11,12,20033,70
18919,11,12,19663,350
18919,11,12,18923,420
18919,11,12,1,490
31163,11,12,32646,0
31163,11,12,32276,210
31163,11,12,31906,560
31163,11,12,31536,770
31163,11,12,31166,1050
31163,11,12,1,1260
15955,11,12,20765,0
15955,11,12,20025,70
15955,11,12,19655,350
15955,11,12,19285,420
15955,11,12,18915,490
15955,11,12,18175,560
15955,11,12,17805,630
15955,11,12,17065,700
15955,11,12,16695,770
15955,11,12,16325,840
15955,11,12,1,910
35242,11,12,36357,0
35242,11,12,35987,420
35242,11,12,35617,630
35242,11,12,35247,910
35242,11,12,1,1190
32278,11,12,32279,0
32278,11,12,1,420
24485,11,12,25968,0
24485,11,12,25598,420
24485,11,12,25228,630
24485,11,12,24858,910
24485,11,12,24488,1120
24485,11,12,1,1400
20396,11,12,21147,0
20396,11,12,20777,420
20396,11,12,20407,700
20396,11,12,1,770
17432,11,12,18549,0
17432,11,12,17809,70
17432,11,12,17439,350
17432,11,12,1,420
28198,11,12,29308,0
28198,11,12,28938,350
28198,11,12,28568,630
28198,11,12,28198,840
28198,11,12,1,1120
20405,11,12,20777,0
20405,11,12,1,420
35613,11,12,36728,0
35613,11,12,36358,420
35613,11,12,35988,630
35613,11,12,35618,910
35613,11,12,1,1190
32649,11,12,32650,0
32649,11,12,1,420
21517,11,12,22260,0
21517,11,12,21890,70
21517,11,12,21520,490
21517,11,12,1,700
28569,11,12,29679,0
28569,11,12,29309,350
28569,11,12,28939,630
28569,11,12,28569,840
28569,11,12,1,1120
22632,11,12,23003,0
22632,11,12,22633,140
22632,11,12,1,560
33760,11,12,35243,0
33760,11,12,34873,210
33760,11,12,34503,560
33760,11,12,34133,770
33760,11,12,33763,1050
33760,11,12,1,1260
20030,11,12,20776,0
20030,11,12,20406,70
20030,11,12,20036,350
20030,11,12,1,420
23003,11,12,23374,0
23003,11,12,23004,350
23003,11,12,1,630
27082,11,12,28565,0
27082,11,12,28195,350
27082,11,12,27825,630
27082,11,12,27455,910
27082,11,12,27085,1120
27082,11,12,1,1400
15950,11,12,17435,0
15950,11,12,16695,70
15950,11,12,16325,350
15950,11,12,1,420
18923,11,12,21143,0
18923,11,12,20773,420
18923,11,12,20403,700
18923,11,12,19663,770
18923,11,12,19293,840
18923,11,12,1,910
32273,11,12,33389,0
32273,11,12,33019,140
32273,11,12,32649,490
32273,11,12,32279,770
32273,11,12,1,1050
24114,11,12,25597,0
24114,11,12,25227,350
24114,11,12,24857,630
24114,11,12,24487,840
24114,11,12,24117,1120
24114,11,12,1,1330
28193,11,12,29678,0
28193,11,12,29308,140
28193,11,12,28938,490
28193,11,12,28568,770
28193,11,12,28198,1050
28193,11,12,1,1260
20400,11,12,20777,0
20400,11,12,20407,350
20400,11,12,1,420
25229,11,12,25600,0
25229,11,12,25230,140
25229,11,12,1,560
17436,11,12,18919,0
17436,11,12,18179,70
17436,11,12,17809,350
17436,11,12,17439,420
17436,11,12,1,490
32644,11,12,33760,0
32644,11,12,33390,140
32644,11,12,33020,490
32644,11,12,32650,770
32644,11,12,1,1050
18548,11,12,20402,0
18548,11,12,19662,70
18548,11,12,19292,350
18548,11,12,18552,420
18548,11,12,1,490
28564,11,12,30049,0
28564,11,12,29679,140
28564,11,12,29309,490
28564,11,12,28939,770
28564,11,12,28569,1050
28564,11,12,1,1260
25600,11,12,25971,0
25600,11,12,25601,140
25600,11,12,1,560
29679,11,12,31162,0
29679,11,12,30792,420
29679,11,12,30422,630
29679,11,12,30052,910
29679,11,12,29682,1120
29679,11,12,1,1400
14468,11,12,15951,0
14468,11,12,15581,70
14468,11,12,15211,350
14468,11,12,14471,420
14468,11,12,1,490
30791,11,12,33015,0
30791,11,12,32645,210
30791,11,12,32275,560
30791,11,12,31905,840
30791,11,12,31535,1050
30791,11,12,31165,1330
20025,11,12,21146,0
20025,11,12,20776,420
20025,11,12,20406,630
20025,11,12,20036,700
20025,11,12,1,770
20034,11,12,20776,0
20034,11,12,20406,350
20034,11,12,20036,420
20034,11,12,1,490
26711,11,12,28194,0
26711,11,12,27824,420
26711,11,12,27454,630
26711,11,12,27084,910
26711,11,12,26714,1120
26711,11,12,1,1400
18918,11,12,20403,0
18918,11,12,19663,70
18918,11,12,19293,350
18918,11,12,1,420
31162,11,12,33016,0
31162,11,12,32646,420
31162,11,12,32276,700
31162,11,12,31906,910
31162,11,12,31536,1190
31162,11,12,31166,1470
15954,11,12,17065,0
15954,11,12,16325,70
15954,11,12,15955,350
15954,11,12,1,420
32277,11,12,33019,0
32277,11,12,32649,350
32277,11,12,32279,630
32277,11,12,1,840
21145,11,12,21519,0
21145,11,12,21149,70
21145,11,12,1,560
28197,11,12,28568,0
28197,11,12,28198,350
28197,11,12,1,630
17431,11,12,20029,0
17431,11,12,18919,70
17431,11,12,18549,350
17431,11,12,18179,420
17431,11,12,17809,490
17431,11,12,1,560
18543,11,12,20772,0
18543,11,12,20402,350
18543,11,12,19662,420
18543,11,12,19292,490
18543,11,12,18552,560
18543,11,12,1,630
21516,11,12,21890,0
21516,11,12,21520,350
21516,11,12,1,560
18552,11,12,21142,0
18552,11,12,20772,420
18552,11,12,20402,630
18552,11,12,20032,700
18552,11,12,19292,770
18552,11,12,18922,840
18552,11,12,1,910
22631,11,12,23743,0
22631,11,12,23373,140
22631,11,12,23003,490
22631,11,12,22633,700
22631,11,12,1,980
33759,11,12,35613,0
33759,11,12,35243,420
33759,11,12,34873,700
33759,11,12,34503,910
33759,11,12,34133,1190
33759,11,12,33763,1470
20029,11,12,20776,0
20029,11,12,20406,70
20029,11,12,20036,350
20029,11,12,1,420
30795,11,12,31905,0
30795,11,12,31535,350
30795,11,12,31165,560
30795,11,12,30795,840
30795,11,12,1,1050
34874,11,12,35616,0
34874,11,12,35246,350
34874,11,12,34876,630
34874,11,12,1,840
18913,11,12,21143,0
18913,11,12,20773,70
18913,11,12,20033,560
18913,11,12,19663,630
18913,11,12,18923,700
18913,11,12,1,770
31166,11,12,31906,0
31166,11,12,31536,490
31166,11,12,31166,700
31166,11,12,1,980
21140,11,12,21519,0
21140,11,12,21149,350
21140,11,12,1,560
24113,11,12,26337,0
24113,11,12,25967,140
24113,11,12,25597,560
24113,11,12,25227,770
24113,11,12,24857,1050
24113,11,12,24487,1260
21149,11,12,21889,0
21149,11,12,21519,420
21149,11,12,21149,630
21149,11,12,1,910
28192,11,12,29308,0
28192,11,12,28938,420
28192,11,12,28568,630
28192,11,12,28198,910
28192,11,12,1,1190
25228,11,12,25970,0
25228,11,12,25600,490
25228,11,12,25230,700
25228,11,12,1,980
18547,11,12,20032,0
18547,11,12,19292,70
18547,11,12,18922,350
18547,11,12,1,420
21520,11,12,22260,0
21520,11,12,21890,420
21520,11,12,21520,630
21520,11,12,1,910
15583,11,12,16694,0
15583,11,12,15954,70
15583,11,12,15584,350
15583,11,12,1,420
33392,11,12,34132,0
33392,11,12,33762,490
33392,11,12,33392,700
33392,11,12,1,980
30790,11,12,32275,0
30790,11,12,31905,210
30790,11,12,31535,560
30790,11,12,31165,770
30790,11,12,30795,1050
30790,11,12,1,1260
33763,11,12,34503,0
33763,11,12,34133,490
33763,11,12,33763,700
33763,11,12,1,980
27826,11,12,28197,0
27826,11,12,27827,420
27826,11,12,1,630
26710,11,12,28934,0
26710,11,12,28564,140
26710,11,12,28194,560
26710,11,12,27824,840
26710,11,12,27454,1050
26710,11,12,27084,1330
23746,11,12,24856,0
23746,11,12,24486,210
23746,11,12,24116,560
23746,11,12,23746,770
23746,11,12,1,1050
31161,11,12,32276,0
31161,11,12,31906,350
31161,11,12,31536,630
31161,11,12,31166,910
31161,11,12,1,1120
32276,11,12,33759,0
32276,11,12,33389,210
32276,11,12,33019,560
32276,11,12,32649,770
32276,11,12,32279,1050
32276,11,12,1,1260
17065,11,12,18548,0
17065,11,12,17808,70
17065,11,12,17438,350
17065,11,12,17068,420
17065,11,12,1,490
21144,11,12,21519,0
21144,11,12,21149,350
21144,11,12,1,630
24117,11,12,25227,0
24117,11,12,24857,210
24117,11,12,24487,560
24117,11,12,24117,770
24117,11,12,1,1050
18180,11,12,19291,0
18180,11,12,18551,70
18180,11,12,18181,350
18180,11,12,1,420
28196,11,12,29308,0
28196,11,12,28938,140
28196,11,12,28568,490
28196,11,12,28198,770
28196,11,12,1,1050
18542,11,12,21142,0
18542,11,12,20772,70
18542,11,12,20402,490
18542,11,12,19662,560
18542,11,12,19292,630
18542,11,12,18552,700
18542,11,12,1,770
29308,11,12,30791,0
29308,11,12,30421,420
29308,11,12,30051,630
29308,11,12,29681,910
29308,11,12,29311,1120
29308,11,12,1,1400
21515,11,12,21890,0
21515,11,12,21520,350
21515,11,12,1,560
15578,11,12,16694,0
15578,11,12,15954,70
15578,11,12,15584,350
15578,11,12,1,420
18551,11,12,19662,0
18551,11,12,18922,70
18551,11,12,18552,350
18551,11,12,1,420
33387,11,12,34502,0
33387,11,12,34132,350
33387,11,12,33762,630
33387,11,12,33392,910
33387,11,12,1,1120
30423,11,12,30794,0
30423,11,12,30424,350
30423,11,12,1,560
22630,11,12,24113,0
22630,11,12,23743,350
22630,11,12,23373,630
22630,11,12,23003,910
22630,11,12,22633,1120
22630,11,12,1,1400
14471,11,12,19281,0
14471,11,12,18911,70
14471,11,12,18541,350
14471,11,12,18171,420
14471,11,12,17431,490
14471,11,12,17061,560
14471,11,12,16321,630
14471,11,12,15951,700
14471,11,12,15581,770
14471,11,12,14841,840
14471,11,12,14471,910
14471,11,12,1,980
33758,11,12,34873,0
33758,11,12,34503,350
33758,11,12,34133,630
33758,11,12,33763,910
33758,11,12,1,1120
27821,11,12,28937,0
27821,11,12,28567,420
27821,11,12,28197,630
27821,11,12,27827,910
27821,11,12,1,1190
30794,11,12,31165,0
30794,11,12,30795,350
30794,11,12,1,560
34873,11,12,36356,0
34873,11,12,35986,210
34873,11,12,35616,560
34873,11,12,35246,770
34873,11,12,34876,1050
34873,11,12,1,1260
19662,11,12,20775,0
19662,11,12,20405,140
19662,11,12,20035,350
19662,11,12,19665,420
19662,11,12,1,490
20768,11,12,21518,0
20768,11,12,21148,70
20768,11,12,20778,490
20768,11,12,1,770
26714,11,12,27824,0
26714,11,12,27454,210
26714,11,12,27084,560
26714,11,12,26714,840
26714,11,12,1,1050
20777,11,12,20778,0
20777,11,12,1,350
17060,11,12,19658,0
17060,11,12,18548,70
17060,11,12,18178,350
17060,11,12,17808,420
17060,11,12,17438,490
17060,11,12,1,560
31905,11,12,33388,0
31905,11,12,33018,210
31905,11,12,32648,490
31905,11,12,32278,770
31905,11,12,31908,980
31905,11,12,1,1260
18175,11,12,19661,0
18175,11,12,18551,70
18175,11,12,18181,350
18175,11,12,1,420
21148,11,12,21149,0
21148,11,12,1,420
33020,11,12,33021,0
33020,11,12,1,420
25227,11,12,26710,0
25227,11,12,26340,350
25227,11,12,25970,560
25227,11,12,25600,840
25227,11,12,25230,1120
25227,11,12,1,1330
26339,11,12,28563,0
26339,11,12,28193,140
26339,11,12,27823,560
26339,11,12,27453,840
26339,11,12,27083,1050
26339,11,12,26713,1330
18546,11,12,20032,0
18546,11,12,18922,70
18546,11,12,18552,350
18546,11,12,1,420
15582,11,12,17064,0
15582,11,12,16324,70
15582,11,12,15954,350
15582,11,12,15584,420
15582,11,12,1,490
30418,11,12,31534,0
30418,11,12,31164,420
30418,11,12,30794,630
30418,11,12,30424,910
30418,11,12,1,1120
33391,11,12,33392,0
33391,11,12,1,420
30789,11,12,31905,0
30789,11,12,31535,420
30789,11,12,31165,700
30789,11,12,30795,910
30789,11,12,1,1190
27825,11,12,28937,0
27825,11,12,28567,140
27825,11,12,28197,560
27825,11,12,27827,770
27825,11,12,1,1050
19657,11,12,20775,0
19657,11,12,20405,420
19657,11,12,20035,490
19657,11,12,1,560
16693,11,12,18177,0
16693,11,12,17437,70
16693,11,12,17067,350
16693,11,12,16697,420
16693,11,12,1,490
34502,11,12,35985,0
34502,11,12,35615,210
34502,11,12,35245,560
34502,11,12,34875,770
34502,11,12,34505,1050
34502,11,12,1,1260
26709,11,12,28194,0
26709,11,12,27824,140
26709,11,12,27454,490
26709,11,12,27084,700
26709,11,12,26714,980
26709,11,12,1,1260
20772,11,12,20778,0
20772,11,12,1,420
23745,11,12,24116,0
23745,11,12,23746,140
23745,11,12,1,560
17064,11,12,18548,0
17064,11,12,17808,70
17064,11,12,17438,350
17064,11,12,17068,420
17064,11,12,1,490
28936,11,12,31160,0
28936,11,12,30790,210
28936,11,12,30420,560
28936,11,12,30050,770
28936,11,12,29680,1050
28936,11,12,29310,1330
14100,11,12,18910,0
14100,11,12,18540,70
14100,11,12,18170,350
14100,11,12,17800,420
14100,11,12,17060,490
14100,11,12,16690,560
14100,11,12,15950,630
14100,11,12,15580,700
14100,11,12,15210,770
14100,11,12,14470,840
14100,11,12,14100,910
14100,11,12,1,980
21143,11,12,21889,0
21143,11,12,21519,70
21143,11,12,21149,490
21143,11,12,1,770
18170,11,12,20771,0
18170,11,12,20401,420
18170,11,12,19661,490
18170,11,12,19291,560
18170,11,12,18551,630
18170,11,12,18181,700
18170,11,12,1,770
18179,11,12,19661,0
18179,11,12,18921,70
18179,11,12,18551,350
18179,11,12,18181,420
18179,11,12,1,490
33015,11,12,34131,0
33015,11,12,33761,140
33015,11,12,33391,490
33015,11,12,33021,770
33015,11,12,1,1050
29307,11,12,31531,0
29307,11,12,31161,210
29307,11,12,30791,560
29307,11,12,30421,770
29307,11,12,30051,1050
29307,11,12,29681,1330
26343,11,12,27453,0
26343,11,12,27083,210
26343,11,12,26713,560
26343,11,12,26343,770
26343,11,12,1,1050
30422,11,12,31534,0
30422,11,12,31164,210
30422,11,12,30794,490
30422,11,12,30424,770
30422,11,12,1,980
19290,11,12,20774,0
19290,11,12,20404,70
19290,11,12,20034,350
19290,11,12,19294,420
19290,11,12,1,490
16688,11,12,19657,0
16688,11,12,18547,70
16688,11,12,18177,350
16688,11,12,17807,420
16688,11,12,17437,490
16688,11,12,16697,560
16688,11,12,1,630
19661,11,12,20775,0
19661,11,12,20405,350
19661,11,12,19665,420
19661,11,12,1,490
31533,11,12,33387,0
31533,11,12,33017,420
31533,11,12,32647,700
31533,11,12,32277,910
31533,11,12,31907,1190
31533,11,12,31537,1400
16697,11,12,20767,0
16697,11,12,20397,350
16697,11,12,20027,420
16697,11,12,19657,490
16697,11,12,18917,560
16697,11,12,18547,630
16697,11,12,17807,700
16697,11,12,17437,770
16697,11,12,17067,840
16697,11,12,1,910
20767,11,12,21518,0
20767,11,12,21148,70
20767,11,12,20778,490
20767,11,12,1,700
20776,11,12,20778,0
20776,11,12,1,420
31904,11,12,33758,0
31904,11,12,33388,420
31904,11,12,33018,700
31904,11,12,32648,910
31904,11,12,32278,1190
31904,11,12,31908,1400
25967,11,12,27452,0
25967,11,12,27082,70
25967,11,12,26712,490
25967,11,12,26342,700
25967,11,12,25972,980
25967,11,12,1,1260
28940,11,12,30050,0
28940,11,12,29680,350
28940,11,12,29310,560
28940,11,12,28940,840
28940,11,12,1,1050
18174,11,12,19291,0
18174,11,12,18551,70
18174,11,12,18181,350
18174,11,12,1,420
33019,11,12,33761,0
33019,11,12,33391,350
33019,11,12,33021,630
33019,11,12,1,840
26338,11,12,27823,0
26338,11,12,27453,70
26338,11,12,27083,490
26338,11,12,26713,700
26338,11,12,26343,980
26338,11,12,1,1260
29311,11,12,30421,0
29311,11,12,30051,350
29311,11,12,29681,560
29311,11,12,29311,840
29311,11,12,1,1050
23374,11,12,23745,0
23374,11,12,23375,140
23374,11,12,1,560
19285,11,12,20774,0
19285,11,12,20404,420
19285,11,12,20034,490
19285,11,12,19294,560
19285,11,12,1,630
16321,11,12,17806,0
16321,11,12,17066,70
16321,11,12,16696,350
16321,11,12,1,420
19294,11,12,21514,0
19294,11,12,21144,70
19294,11,12,20774,490
19294,11,12,20034,770
19294,11,12,19664,840
19294,11,12,1,910
19656,11,12,21145,0
19656,11,12,20775,70
19656,11,12,20405,490
19656,11,12,19665,560
19656,11,12,1,630
16692,11,12,18177,0
16692,11,12,17067,70
16692,11,12,16697,350
16692,11,12,1,420
19665,11,12,21515,0
19665,11,12,21145,70
19665,11,12,20775,560
19665,11,12,20405,770
19665,11,12,20035,840
19665,11,12,1,910
34501,11,12,36355,0
34501,11,12,35985,420
34501,11,12,35615,700
34501,11,12,35245,910
34501,11,12,34875,1190
34501,11,12,34505,1470
31537,11,12,32277,0
31537,11,12,31907,420
31537,11,12,31537,700
31537,11,12,1,910
20771,11,12,20778,0
20771,11,12,1,420
24856,11,12,26339,0
24856,11,12,25969,350
24856,11,12,25599,630
24856,11,12,25229,840
24856,11,12,24859,1120
24856,11,12,1,1400
28935,11,12,30420,0
28935,11,12,30050,140
28935,11,12,29680,490
28935,11,12,29310,770
28935,11,12,28940,980
28935,11,12,1,1260
31908,11,12,32648,0
31908,11,12,32278,420
31908,11,12,31908,700
31908,11,12,1,980
25971,11,12,26342,0
25971,11,12,25972,140
25971,11,12,1,560
17803,11,12,19290,0
17803,11,12,18550,70
17803,11,12,18180,350
17803,11,12,1,420
26342,11,12,26713,0
26342,11,12,26343,140
26342,11,12,1,560
15210,11,12,16323,0
15210,11,12,15953,70
15210,11,12,15583,350
15210,11,12,1,420
19289,11,12,20774,0
19289,11,12,20034,70
19289,11,12,19664,350
19289,11,12,1,420
22262,11,12,23372,0
22262,11,12,23002,140
22262,11,12,22632,560
22262,11,12,22262,840
22262,11,12,1,1050
16325,11,12,17436,0
16325,11,12,16696,70
16325,11,12,16326,350
16325,11,12,1,420
27453,11,12,28936,0
27453,11,12,28566,420
27453,11,12,28196,700
27453,11,12,27826,910
27453,11,12,27456,1190
27453,11,12,1,1470
16696,11,12,17807,0
16696,11,12,16697,70
16696,11,12,1,350
31532,11,12,32647,0
31532,11,12,32277,350
31532,11,12,31907,630
31532,11,12,31537,840
31532,11,12,1,1120
20766,11,12,21148,0
20766,11,12,20778,350
20766,11,12,1,560
1,12,13,1,0
35617,12,13,35988,0
35617,12,13,35618,280
35617,12,13,1,490
28939,12,13,29310,0
28939,12,13,28940,350
28939,12,13,1,630
17798,12,13,20770,0
17798,12,13,20030,70
17798,12,13,19660,350
17798,12,13,19290,420
17798,12,13,18550,490
17798,12,13,18180,560
17798,12,13,17810,630
17798,12,13,1,700
17807,12,13,19660,0
17807,12,13,18920,70
17807,12,13,18550,350
17807,12,13,18180,420
17807,12,13,1,490
34130,12,13,35984,0
34130,12,13,35614,490
34130,12,13,35244,700
34130,12,13,34874,980
34130,12,13,34504,1190
34130,12,13,34134,1470
23373,12,13,24485,0
23373,12,13,24115,140
23373,12,13,23745,490
23373,12,13,23375,770
23373,12,13,1,980
30050,12,13,31533,0
30050,12,13,31163,420
30050,12,13,30793,700
30050,12,13,30423,910
30050,12,13,30053,1190
30050,12,13,1,1400
19284,12,13,21144,0
19284,12,13,20774,350
19284,12,13,20034,630
19284,12,13,19664,700
19284,12,13,1,770
19293,12,13,20774,0
19293,12,13,19664,70
19293,12,13,19294,350
19293,12,13,1,420
34500,12,13,35615,0
34500,12,13,35245,420
34500,12,13,34875,630
34500,12,13,34505,910
34500,12,13,1,1190
31536,12,13,31537,0
31536,12,13,1,420
20404,12,13,20777,0
20404,12,13,20407,420
20404,12,13,1,490
32648,12,13,33390,0
32648,12,13,33020,350
32648,12,13,32650,630
32648,12,13,1,910
24855,12,13,27079,0
24855,12,13,26709,140
24855,12,13,26339,560
24855,12,13,25969,840
24855,12,13,25599,1050
24855,12,13,25229,1330
21891,12,13,22631,0
21891,12,13,22261,420
21891,12,13,21891,700
21891,12,13,1,910
36727,12,13,38581,0
36727,12,13,38211,420
36727,12,13,37841,630
36727,12,13,37471,910
36727,12,13,37101,1190
36727,12,13,36731,1400
28934,12,13,30050,0
28934,12,13,29680,420
28934,12,13,29310,630
28934,12,13,28940,910
28934,12,13,1,1190
25970,12,13,27082,0
25970,12,13,26712,140
25970,12,13,26342,490
25970,12,13,25972,770
25970,12,13,1,980
17802,12,13,20770,0
17802,12,13,20030,70
17802,12,13,19660,350
17802,12,13,18920,420
17802,12,13,18550,490
17802,12,13,17810,560
17802,12,13,1,630
28568,12,13,28939,0
28568,12,13,28569,420
28568,12,13,1,630
14838,12,13,15952,0
14838,12,13,15582,70
14838,12,13,15212,350
14838,12,13,14842,420
14838,12,13,1,490
37098,12,13,38952,0
37098,12,13,38582,420
37098,12,13,38212,630
37098,12,13,37842,910
37098,12,13,37472,1190
37098,12,13,37102,1400
34134,12,13,34874,0
34134,12,13,34504,490
34134,12,13,34134,770
34134,12,13,1,980
23002,12,13,24114,0
23002,12,13,23744,140
23002,12,13,23374,560
23002,12,13,23004,770
23002,12,13,1,1050
27081,12,13,29305,0
27081,12,13,28935,140
27081,12,13,28565,560
27081,12,13,28195,770
27081,12,13,27825,1050
27081,12,13,27455,1260
19288,12,13,20774,0
19288,12,13,20034,70
19288,12,13,19664,350
19288,12,13,19294,420
19288,12,13,1,490
16324,12,13,18176,0
16324,12,13,17436,70
16324,12,13,17066,350
16324,12,13,16326,420
16324,12,13,1,490
18922,12,13,20403,0
18922,12,13,19293,70
18922,12,13,18923,350
18922,12,13,1,420
35245,12,13,35987,0
35245,12,13,35617,420
35245,12,13,35247,630
35245,12,13,1,910
27452,12,13,29676,0
27452,12,13,29306,350
27452,12,13,28936,630
27452,12,13,28566,840
27452,12,13,28196,1120
27452,12,13,27826,1330
24488,12,13,25598,0
24488,12,13,25228,350
24488,12,13,24858,630
24488,12,13,24488,840
24488,12,13,1,1120
31531,12,13,32647,0
31531,12,13,32277,140
31531,12,13,31907,560
31531,12,13,31537,770
31531,12,13,1,1050
20399,12,13,21147,0
20399,12,13,20777,70
20399,12,13,1,560
17435,12,13,19289,0
17435,12,13,18549,70
17435,12,13,18179,350
17435,12,13,17439,420
17435,12,13,1,490
35616,12,13,36358,0
35616,12,13,35988,420
35616,12,13,35618,630
35616,12,13,1,910
28563,12,13,29679,0
28563,12,13,29309,420
28563,12,13,28939,700
28563,12,13,28569,910
28563,12,13,1,1190
25599,12,13,26711,0
25599,12,13,26341,140
25599,12,13,25971,490
25599,12,13,25601,770
25599,12,13,1,980
17806,12,13,20030,0
17806,12,13,18920,70
17806,12,13,18550,350
17806,12,13,18180,420
17806,12,13,17810,490
17806,12,13,1,560
14842,12,13,19282,0
14842,12,13,18912,70
14842,12,13,18542,350
14842,12,13,18172,420
14842,12,13,17432,490
14842,12,13,17062,560
14842,12,13,16692,630
14842,12,13,15952,700
14842,12,13,15582,770
14842,12,13,14842,840
14842,12,13,1,910
29678,12,13,31902,0
29678,12,13,31532,210
29678,12,13,31162,560
29678,12,13,30792,840
29678,12,13,30422,1050
29678,12,13,30052,1330
34129,12,13,35244,0
34129,12,13,34874,420
34129,12,13,34504,630
34129,12,13,34134,910
34129,12,13,1,1190
20033,12,13,20776,0
20033,12,13,20036,420
20033,12,13,1,490
30049,12,13,32273,0
30049,12,13,31903,210
30049,12,13,31533,560
30049,12,13,31163,840
30049,12,13,30793,1050
30049,12,13,30423,1330
27085,12,13,28195,0
27085,12,13,27825,350
27085,12,13,27455,560
27085,12,13,27085,840
27085,12,13,1,1120
18917,12,13,20403,0
18917,12,13,19663,70
18917,12,13,19293,350
18917,12,13,18923,420
18917,12,13,1,490
15953,12,13,17805,0
15953,12,13,17065,70
15953,12,13,16695,350
15953,12,13,15955,420
15953,12,13,1,490
20394,12,13,21147,0
20394,12,13,20777,70
20394,12,13,20407,560
20394,12,13,1,630
20403,12,13,20777,0
20403,12,13,20407,420
20403,12,13,1,490
32647,12,13,34130,0
32647,12,13,33760,210
32647,12,13,33390,560
32647,12,13,33020,840
32647,12,13,32650,1050
32647,12,13,1,1330
17439,12,13,21139,0
17439,12,13,20769,70
17439,12,13,20399,490
17439,12,13,20029,560
17439,12,13,19289,630
17439,12,13,18919,700
17439,12,13,18179,770
17439,12,13,17809,840
17439,12,13,17439,910
17439,12,13,1,980
36726,12,13,37841,0
36726,12,13,37471,350
36726,12,13,37101,630
36726,12,13,36731,840
36726,12,13,1,1120
28567,12,13,29679,0
28567,12,13,29309,210
28567,12,13,28939,560
28567,12,13,28569,770
28567,12,13,1,1050
29682,12,13,30792,0
29682,12,13,30422,350
29682,12,13,30052,560
29682,12,13,29682,840
29682,12,13,1,1120
20028,12,13,21146,0
20028,12,13,20776,70
20028,12,13,20406,490
20028,12,13,20036,560
20028,12,13,1,630
27080,12,13,28565,0
27080,12,13,28195,70
27080,12,13,27825,490
27080,12,13,27455,700
27080,12,13,27085,980
27080,12,13,1,1190
18912,12,13,21143,0
18912,12,13,20773,70
18912,12,13,20033,560
18912,12,13,19663,630
18912,12,13,18923,700
18912,12,13,1,770
18921,12,13,20773,0
18921,12,13,20033,70
18921,12,13,19663,350
18921,12,13,18923,420
18921,12,13,1,490
31165,12,13,31166,0
31165,12,13,1,490
35244,12,13,36727,0
35244,12,13,36357,350
35244,12,13,35987,560
35244,12,13,35617,840
35244,12,13,35247,1120
35244,12,13,1,1330
20398,12,13,21147,0
20398,12,13,20777,350
20398,12,13,1,630
17434,12,13,18919,0
17434,12,13,18179,70
17434,12,13,17809,350
17434,12,13,17439,420
17434,12,13,1,490
35615,12,13,37098,0
35615,12,13,36728,350
35615,12,13,36358,560
35615,12,13,35988,840
35615,12,13,35618,1120
35615,12,13,1,1330
21519,12,13,21520,0
21519,12,13,1,420
25598,12,13,27081,0
25598,12,13,26711,420
25598,12,13,26341,630
25598,12,13,25971,910
25598,12,13,25601,1120
25598,12,13,1,1400
29677,12,13,31162,0
29677,12,13,30792,140
29677,12,13,30422,560
29677,12,13,30052,770
29677,12,13,29682,1050
29677,12,13,1,1260
20023,12,13,21146,0
20023,12,13,20776,70
20023,12,13,20406,560
20023,12,13,1,630
33762,12,13,33763,0
33762,12,13,1,490
20032,12,13,20776,0
20032,12,13,20406,420
20032,12,13,1,490
27084,12,13,27455,0
27084,12,13,27085,350
27084,12,13,1,630
15952,12,13,17805,0
15952,12,13,17065,70
15952,12,13,16695,350
15952,12,13,15955,420
15952,12,13,1,490
31160,12,13,32276,0
31160,12,13,31906,140
31160,12,13,31536,560
31160,12,13,31166,770
31160,12,13,1,1050
32275,12,13,34129,0
32275,12,13,33759,490
32275,12,13,33389,700
32275,12,13,33019,980
32275,12,13,32649,1190
32275,12,13,32279,1470
24116,12,13,24487,0
24116,12,13,24117,350
24116,12,13,1,630
28195,12,13,29678,0
28195,12,13,29308,420
28195,12,13,28938,700
28195,12,13,28568,980
28195,12,13,28198,1190
28195,12,13,1,1470
17438,12,13,18549,0
17438,12,13,17809,70
17438,12,13,17439,350
17438,12,13,1,420
32646,12,13,34500,0
32646,12,13,34130,490
32646,12,13,33760,700
32646,12,13,33390,980
32646,12,13,33020,1190
32646,12,13,32650,1470
18541,12,13,21142,0
18541,12,13,20772,70
18541,12,13,20402,490
18541,12,13,19662,560
18541,12,13,19292,630
18541,12,13,18552,700
18541,12,13,1,770
21514,12,13,22630,0
21514,12,13,22260,350
21514,12,13,21890,630
21514,12,13,21520,840
21514,12,13,1,1120
18550,12,13,20402,0
18550,12,13,19662,70
18550,12,13,19292,350
18550,12,13,18552,420
18550,12,13,1,490
28566,12,13,30049,0
28566,12,13,29679,420
28566,12,13,29309,700
28566,12,13,28939,980
28566,12,13,28569,1190
28566,12,13,1,1470
29681,12,13,30052,0
29681,12,13,29682,350
29681,12,13,1,630
14470,12,13,15581,0
14470,12,13,15211,70
14470,12,13,14841,350
14470,12,13,14471,420
14470,12,13,1,490
30793,12,13,31905,0
30793,12,13,31535,210
30793,12,13,31165,560
30793,12,13,30795,770
30793,12,13,1,1050
20027,12,13,21146,0
20027,12,13,20776,140
20027,12,13,20406,560
20027,12,13,20036,630
20027,12,13,1,700
20036,12,13,21516,0
20036,12,13,21146,350
20036,12,13,20776,630
20036,12,13,20406,840
20036,12,13,20036,910
20036,12,13,1,980
34872,12,13,36726,0
34872,12,13,36356,490
34872,12,13,35986,700
34872,12,13,35616,980
34872,12,13,35246,1190
34872,12,13,34876,1470
18911,12,13,20773,0
18911,12,13,20033,420
18911,12,13,19663,490
18911,12,13,19293,560
18911,12,13,1,630
26713,12,13,27084,0
26713,12,13,26714,350
26713,12,13,1,630
18920,12,13,20773,0
18920,12,13,20033,70
18920,12,13,19663,350
18920,12,13,18923,420
18920,12,13,1,490
31164,12,13,31906,0
31164,12,13,31536,350
31164,12,13,31166,630
31164,12,13,1,910
35243,12,13,37467,0
35243,12,13,37097,210
35243,12,13,36727,490
35243,12,13,36357,770
35243,12,13,35987,980
35243,12,13,35617,1260
35243,12,13,35247,1470
32279,12,13,33019,0
32279,12,13,32649,490
32279,12,13,32279,700
32279,12,13,1,980
17068,12,13,20768,0
17068,12,13,20398,420
17068,12,13,20028,490
17068,12,13,19658,560
17068,12,13,18918,630
17068,12,13,18548,700
17068,12,13,17808,770
17068,12,13,17438,840
17068,12,13,17068,910
17068,12,13,1,980
21147,12,13,21149,0
21147,12,13,1,420
25226,12,13,27450,0
25226,12,13,27080,70
25226,12,13,26710,560
25226,12,13,26340,770
25226,12,13,25970,1050
25226,12,13,25600,1260
21518,12,13,22260,0
21518,12,13,21890,70
21518,12,13,21520,490
21518,12,13,1,770
15581,12,13,17434,0
15581,12,13,16694,70
15581,12,13,16324,350
15581,12,13,15584,420
15581,12,13,1,490
33390,12,13,34132,0
33390,12,13,33762,350
33390,12,13,33392,630
33390,12,13,1,910
25597,12,13,27821,0
25597,12,13,27451,140
25597,12,13,27081,560
25597,12,13,26711,840
25597,12,13,26341,1050
25597,12,13,25971,1330
22633,12,13,23743,0
22633,12,13,23373,350
22633,12,13,23003,560
22633,12,13,22633,840
22633,12,13,1,1120
33761,12,13,34503,0
33761,12,13,34133,350
33761,12,13,33763,630
33761,12,13,1,910
27824,12,13,29307,0
27824,12,13,28937,490
27824,12,13,28567,700
27824,12,13,28197,980
27824,12,13,27827,1190
27824,12,13,1,1470
20031,12,13,20776,0
20031,12,13,20406,350
20031,12,13,20036,420
20031,12,13,1,490
34876,12,13,35616,0
34876,12,13,35246,490
34876,12,13,34876,770
34876,12,13,1,980
23744,12,13,24856,0
23744,12,13,24486,140
23744,12,13,24116,490
23744,12,13,23746,770
23744,12,13,1,980
15951,12,13,17805,0
15951,12,13,17065,70
15951,12,13,16695,350
15951,12,13,16325,420
15951,12,13,1,490
32274,12,13,33389,0
32274,12,13,33019,420
32274,12,13,32649,630
32274,12,13,32279,910
32274,12,13,1,1120
17063,12,13,18548,0
17063,12,13,17808,70
17063,12,13,17438,350
17063,12,13,17068,420
17063,12,13,1,490
21142,12,13,21889,0
21142,12,13,21519,70
21142,12,13,21149,490
21142,12,13,1,770
24115,12,13,25227,0
24115,12,13,24857,140
24115,12,13,24487,490
24115,12,13,24117,770
24115,12,13,1,980
18178,12,13,20031,0
18178,12,13,19291,70
18178,12,13,18921,350
18178,12,13,18181,420
18178,12,13,1,490
35987,12,13,36729,0
35987,12,13,36359,350
35987,12,13,35989,630
35987,12,13,1,840
28194,12,13,30418,0
28194,12,13,30048,350
28194,12,13,29678,630
28194,12,13,29308,840
28194,12,13,28938,1120
28194,12,13,28568,1330
25230,12,13,26340,0
25230,12,13,25970,210
25230,12,13,25600,560
25230,12,13,25230,840
25230,12,13,1,1050
29306,12,13,30791,0
29306,12,13,30421,140
29306,12,13,30051,490
29306,12,13,29681,770
29306,12,13,29311,1050
29306,12,13,1,1260
18540,12,13,20772,0
18540,12,13,20402,350
18540,12,13,19662,420
18540,12,13,19292,490
18540,12,13,18922,560
18540,12,13,1,630
18549,12,13,20402,0
18549,12,13,19662,70
18549,12,13,19292,350
18549,12,13,18552,420
18549,12,13,1,490
36358,12,13,37100,0
36358,12,13,36730,280
36358,12,13,36360,560
36358,12,13,1,840
30421,12,13,31904,0
30421,12,13,31534,420
30421,12,13,31164,700
30421,12,13,30794,910
30421,12,13,30424,1190
30421,12,13,1,1400
30792,12,13,32275,0
30792,12,13,31905,490
30792,12,13,31535,700
30792,12,13,31165,980
30792,12,13,30795,1190
30792,12,13,1,1470
20026,12,13,21516,0
20026,12,13,21146,70
20026,12,13,20776,420
20026,12,13,20406,700
20026,12,13,1,770
34871,12,13,35986,0
34871,12,13,35616,420
34871,12,13,35246,630
34871,12,13,34876,910
34871,12,13,1,1190
19660,12,13,20775,0
19660,12,13,20405,70
19660,12,13,20035,350
19660,12,13,19665,420
19660,12,13,1,490
26712,12,13,27824,0
26712,12,13,27454,140
26712,12,13,27084,490
26712,12,13,26714,770
26712,12,13,1,980
20775,12,13,20778,0
20775,12,13,1,490
31903,12,13,33018,0
31903,12,13,32648,350
31903,12,13,32278,630
31903,12,13,31908,910
31903,12,13,1,1120
17067,12,13,18178,0
17067,12,13,17438,70
17067,12,13,17068,350
17067,12,13,1,420
18173,12,13,20771,0
18173,12,13,20031,70
18173,12,13,19661,350
18173,12,13,19291,420
18173,12,13,18551,490
18173,12,13,18181,560
18173,12,13,1,630
21146,12,13,21149,0
21146,12,13,1,420
33018,12,13,34501,0
33018,12,13,34131,210
33018,12,13,33761,560
33018,12,13,33391,840
33018,12,13,33021,1050
33018,12,13,1,1330
26337,12,13,27453,0
26337,12,13,27083,420
26337,12,13,26713,630
26337,12,13,26343,910
26337,12,13,1,1120
29310,12,13,29681,0
29310,12,13,29311,350
29310,12,13,1,630
15580,12,13,17434,0
15580,12,13,16694,70
15580,12,13,16324,350
15580,12,13,15584,420
15580,12,13,1,490
33389,12,13,34872,0
33389,12,13,34502,210
33389,12,13,34132,560
33389,12,13,33762,840
33389,12,13,33392,1050
33389,12,13,1,1330
37468,12,13,38583,0
37468,12,13,38213,350
37468,12,13,37843,630
37468,12,13,37473,840
37468,12,13,1,1120
27823,12,13,30047,0
27823,12,13,29677,350
27823,12,13,29307,630
27823,12,13,28937,840
27823,12,13,28567,1120
27823,12,13,28197,1330
19655,12,13,21145,0
19655,12,13,20775,420
19655,12,13,20405,630
19655,12,13,20035,700
19655,12,13,1,770
19664,12,13,20775,0
19664,12,13,20405,70
19664,12,13,20035,140
19664,12,13,19665,350
19664,12,13,1,420
20770,12,13,21148,0
20770,12,13,20778,140
20770,12,13,1,560
23743,12,13,25226,0
23743,12,13,24856,420
23743,12,13,24486,630
23743,12,13,24116,910
23743,12,13,23746,1190
23743,12,13,1,1400
18168,12,13,20771,0
18168,12,13,20401,70
18168,12,13,20031,350
18168,12,13,19291,420
18168,12,13,18921,490
18168,12,13,18551,560
18168,12,13,1,630
14098,12,13,15580,0
14098,12,13,15210,70
14098,12,13,14840,350
14098,12,13,14470,420
14098,12,13,14100,490
14098,12,13,1,560
31907,12,13,31908,0
31907,12,13,1,420
21141,12,13,21519,0
21141,12,13,21149,350
21141,12,13,1,630
18177,12,13,20031,0
18177,12,13,19291,70
18177,12,13,18921,350
18177,12,13,18551,420
18177,12,13,1,490
35986,12,13,37469,0
35986,12,13,37099,280
35986,12,13,36729,560
35986,12,13,36359,770
35986,12,13,35989,1050
35986,12,13,1,1260
29305,12,13,30421,0
29305,12,13,30051,420
29305,12,13,29681,630
29305,12,13,29311,910
29305,12,13,1,1190
26341,12,13,27453,0
26341,12,13,27083,140
26341,12,13,26713,490
26341,12,13,26343,770
26341,12,13,1,980
15584,12,13,20764,0
15584,12,13,20024,70
15584,12,13,19654,350
15584,12,13,18914,420
15584,12,13,18544,490
15584,12,13,17804,560
15584,12,13,17434,630
15584,12,13,17064,700
15584,12,13,16324,770
15584,12,13,15954,840
15584,12,13,1,910
30420,12,13,32644,0
30420,12,13,32274,210
30420,12,13,31904,560
30420,12,13,31534,840
30420,12,13,31164,1050
30420,12,13,30794,1330
22261,12,13,22632,0
22261,12,13,22262,350
22261,12,13,1,630
27827,12,13,28937,0
27827,12,13,28567,420
27827,12,13,28197,630
27827,12,13,27827,910
27827,12,13,1,1120
19659,12,13,20775,0
19659,12,13,20405,70
19659,12,13,20035,350
19659,12,13,19665,420
19659,12,13,1,490
16695,12,13,18547,0
16695,12,13,17807,70
16695,12,13,17437,350
16695,12,13,16697,420
16695,12,13,1,490
20765,12,13,21148,0
20765,12,13,20778,350
20765,12,13,1,630
34504,12,13,34505,0
34504,12,13,1,490
20774,12,13,21148,0
20774,12,13,20778,70
20774,12,13,1,490
24859,12,13,25969,0
24859,12,13,25599,210
24859,12,13,25229,560
24859,12,13,24859,840
24859,12,13,1,1050
17066,12,13,18918,0
17066,12,13,18178,70
17066,12,13,17808,350
17066,12,13,17068,420
17066,12,13,1,490
31902,12,13,33018,0
31902,12,13,32648,140
31902,12,13,32278,560
31902,12,13,31908,770
31902,12,13,1,1050
28938,12,13,30050,0
28938,12,13,29680,210
28938,12,13,29310,490
28938,12,13,28940,770
28938,12,13,1,1050
18181,12,13,21141,0
18181,12,13,20771,350
18181,12,13,20031,630
18181,12,13,19661,700
18181,12,13,19291,770
18181,12,13,18551,840
18181,12,13,18181,910
18181,12,13,1,980
33017,12,13,34871,0
33017,12,13,34501,490
33017,12,13,34131,700
33017,12,13,33761,980
33017,12,13,33391,1190
33017,12,13,33021,1470
29309,12,13,30421,0
29309,12,13,30051,210
29309,12,13,29681,490
29309,12,13,29311,770
29309,12,13,1,1050
23372,12,13,24855,0
23372,12,13,24485,420
23372,12,13,24115,630
23372,12,13,23745,910
23372,12,13,23375,1190
23372,12,13,1,1400
33388,12,13,35242,0
33388,12,13,34872,490
33388,12,13,34502,700
33388,12,13,34132,980
33388,12,13,33762,1190
33388,12,13,33392,1470
30424,12,13,31534,0
30424,12,13,31164,350
30424,12,13,30794,560
30424,12,13,30424,840
30424,12,13,1,1120
19283,12,13,21144,0
19283,12,13,20774,70
19283,12,13,20404,560
19283,12,13,20034,630
19283,12,13,19294,700
19283,12,13,1,770
15213,12,13,20023,0
15213,12,13,19283,70
15213,12,13,18913,350
15213,12,13,18543,420
15213,12,13,17803,490
15213,12,13,17433,560
15213,12,13,17063,630
15213,12,13,16323,700
15213,12,13,15953,770
15213,12,13,15213,840
15213,12,13,1,910
19292,12,13,20774,0
19292,12,13,20404,70
19292,12,13,20034,350
19292,12,13,19294,420
19292,12,13,1,490
27822,12,13,29307,0
27822,12,13,28937,140
27822,12,13,28567,560
27822,12,13,28197,770
27822,12,13,27827,1050
27822,12,13,1,1330
19654,12,13,21145,0
19654,12,13,20775,350
19654,12,13,20405,630
19654,12,13,19665,700
19654,12,13,1,770
27456,12,13,28566,0
27456,12,13,28196,420
27456,12,13,27826,630
27456,12,13,27456,910
27456,12,13,1,1120
16690,12,13,17807,0
16690,12,13,17437,70
16690,12,13,17067,350
16690,12,13,1,420
19663,12,13,20775,0
19663,12,13,20405,350
19663,12,13,19665,420
19663,12,13,1,490
20769,12,13,21148,0
20769,12,13,20778,420
20769,12,13,1,630
31535,12,13,32277,0
31535,12,13,31907,350
31535,12,13,31537,630
31535,12,13,1,840
20778,12,13,21518,0
20778,12,13,21148,420
20778,12,13,20778,700
20778,12,13,1,910
17061,12,13,18178,0
17061,12,13,17808,70
17061,12,13,17438,350
17061,12,13,1,420
21890,12,13,21891,0
21890,12,13,1,420
31906,12,13,32648,0
31906,12,13,32278,350
31906,12,13,31908,630
31906,12,13,1,840
25969,12,13,27452,0
25969,12,13,27082,420
25969,12,13,26712,700
25969,12,13,26342,910
25969,12,13,25972,1190
25969,12,13,1,1400
18176,12,13,19661,0
18176,12,13,18921,70
18176,12,13,18551,350
18176,12,13,18181,420
18176,12,13,1,490
35985,12,13,37839,0
35985,12,13,37469,420
35985,12,13,37099,700
35985,12,13,36729,910
35985,12,13,36359,1190
35985,12,13,35989,1470
33021,12,13,33761,0
33021,12,13,33391,490
33021,12,13,33021,770
33021,12,13,1,980
17810,12,13,21140,0
17810,12,13,20770,350
17810,12,13,20400,560
17810,12,13,20030,630
17810,12,13,19660,700
17810,12,13,18920,770
17810,12,13,18550,840
17810,12,13,17810,910
17810,12,13,1,980
37097,12,13,38212,0
37097,12,13,37842,350
37097,12,13,37472,630
37097,12,13,37102,840
37097,12,13,1,1120
34133,12,13,34134,0
34133,12,13,1,490
26340,12,13,27823,0
26340,12,13,27453,420
26340,12,13,27083,700
26340,12,13,26713,910
26340,12,13,26343,1190
26340,12,13,1,1400
30419,12,13,31904,0
30419,12,13,31534,140
30419,12,13,31164,560
30419,12,13,30794,770
30419,12,13,30424,1050
30419,12,13,1,1260
15208,12,13,16693,0
15208,12,13,15953,70
15208,12,13,15583,350
15208,12,13,1,420
30053,12,13,31163,0
30053,12,13,30793,350
30053,12,13,30423,560
30053,12,13,30053,840
30053,12,13,1,1120
22260,12,13,23002,0
22260,12,13,22632,420
22260,12,13,22262,700
22260,12,13,1,910
16323,12,13,18176,0
16323,12,13,17436,70
16323,12,13,17066,350
16323,12,13,16326,420
16323,12,13,1,490
27451,12,13,28936,0
27451,12,13,28566,140
27451,12,13,28196,560
27451,12,13,27826,770
27451,12,13,27456,1050
27451,12,13,1,1260
19658,12,13,20775,0
19658,12,13,20405,70
19658,12,13,20035,350
19658,12,13,1,420
24487,12,13,24858,0
24487,12,13,24488,350
24487,12,13,1,630
16694,12,13,18547,0
16694,12,13,17807,70
16694,12,13,17437,350
16694,12,13,16697,420
16694,12,13,1,490
34503,12,13,35245,0
34503,12,13,34875,350
34503,12,13,34505,630
34503,12,13,1,910
20773,12,13,20778,0
20773,12,13,1,420
20407,12,13,21517,0
20407,12,13,21147,420
20407,12,13,20777,630
20407,12,13,1,910
24858,12,13,25229,0
24858,12,13,24859,350
24858,12,13,1,630
28937,12,13,30420,0
28937,12,13,30050,420
28937,12,13,29680,700
28937,12,13,29310,910
28937,12,13,28940,1190
28937,12,13,1,1400
33016,12,13,34131,0
33016,12,13,33761,420
33016,12,13,33391,630
33016,12,13,33021,910
33016,12,13,1,1120
17805,12,13,19660,0
17805,12,13,18920,70
17805,12,13,18550,350
17805,12,13,17810,420
17805,12,13,1,490
14841,12,13,15582,0
14841,12,13,15212,70
14841,12,13,14842,350
14841,12,13,1,420
19282,12,13,20774,0
19282,12,13,20404,420
19282,12,13,20034,490
19282,12,13,19664,560
19282,12,13,1,630
15212,12,13,16323,0
15212,12,13,15583,70
15212,12,13,15213,350
15212,12,13,1,420
30048,12,13,31533,0
30048,12,13,31163,140
30048,12,13,30793,560
30048,12,13,30423,770
30048,12,13,30053,1050
30048,12,13,1,1260
16318,12,13,18916,0
16318,12,13,18176,70
16318,12,13,17806,350
16318,12,13,17436,420
16318,12,13,16696,490
16318,12,13,16326,560
16318,12,13,1,630
19291,12,13,20774,0
19291,12,13,20404,70
19291,12,13,20034,350
19291,12,13,19294,420
19291,12,13,1,490
27455,12,13,27826,0
27455,12,13,27456,420
27455,12,13,1,630
31534,12,13,33017,0
31534,12,13,32647,210
31534,12,13,32277,560
31534,12,13,31907,770
31534,12,13,31537,1050
31534,12,13,1,1260
20402,12,13,20777,0
20402,12,13,1,420
21889,12,13,22631,0
21889,12,13,22261,70
21889,12,13,21891,490
21889,12,13,1,770
25968,12,13,28192,0
25968,12,13,27822,140
25968,12,13,27452,560
25968,12,13,27082,840
25968,12,13,26712,1050
25968,12,13,26342,1330
17800,12,13,20770,0
17800,12,13,20400,420
17800,12,13,19660,490
17800,12,13,19290,560
17800,12,13,18920,630
17800,12,13,18180,700
17800,12,13,17810,770
17800,12,13,1,840
17809,12,13,19290,0
17809,12,13,18550,70
17809,12,13,18180,350
17809,12,13,1,420
34132,12,13,34874,0
34132,12,13,34504,350
34132,12,13,34134,630
34132,12,13,1,910
23375,12,13,24485,0
23375,12,13,24115,210
23375,12,13,23745,560
23375,12,13,23375,840
23375,12,13,1,1050
27079,12,13,28195,0
27079,12,13,27825,350
27079,12,13,27455,630
27079,12,13,27085,840
27079,12,13,1,1120
30052,12,13,30423,0
30052,12,13,30053,350
30052,12,13,1,630
19286,12,13,20774,0
19286,12,13,20404,420
19286,12,13,19664,490
19286,12,13,19294,560
19286,12,13,1,630
16322,12,13,18176,0
16322,12,13,17436,70
16322,12,13,17066,350
16322,12,13,16696,420
16322,12,13,1,490
27450,12,13,28566,0
27450,12,13,28196,420
27450,12,13,27826,700
27450,12,13,27456,910
27450,12,13,1,1190
24486,12,13,25598,0
24486,12,13,25228,140
24486,12,13,24858,560
24486,12,13,24488,770
24486,12,13,1,1050
20397,12,13,21517,0
20397,12,13,21147,70
20397,12,13,20777,490
20397,12,13,20407,700
20397,12,13,1,770
35614,12,13,37838,0
35614,12,13,37468,210
35614,12,13,37098,490
35614,12,13,36728,770
35614,12,13,36358,980
35614,12,13,35988,1260
35614,12,13,35618,1470
20406,12,13,20777,0
20406,12,13,20407,350
20406,12,13,1,420
32650,12,13,33390,0
32650,12,13,33020,490
32650,12,13,32650,770
32650,12,13,1,980
24857,12,13,25969,0
24857,12,13,25599,140
24857,12,13,25229,490
24857,12,13,24859,770
24857,12,13,1,1050
25972,12,13,27082,0
25972,12,13,26712,210
25972,12,13,26342,560
25972,12,13,25972,840
25972,12,13,1,1050
17804,12,13,19660,0
17804,12,13,18550,70
17804,12,13,18180,350
17804,12,13,17810,420
17804,12,13,1,490
29676,12,13,30792,0
29676,12,13,30422,420
29676,12,13,30052,700
29676,12,13,29682,910
29676,12,13,1,1190
14840,12,13,15952,0
14840,12,13,15582,70
14840,12,13,15212,350
14840,12,13,14842,420
14840,12,13,1,490
23004,12,13,24114,0
23004,12,13,23744,350
23004,12,13,23374,560
23004,12,13,23004,840
23004,12,13,1,1120
30047,12,13,31163,0
30047,12,13,30793,420
30047,12,13,30423,700
30047,12,13,30053,910
30047,12,13,1,1190
15211,12,13,16693,0
15211,12,13,15953,70
15211,12,13,15583,350
15211,12,13,15213,420
15211,12,13,1,490
19281,12,13,20774,0
19281,12,13,20404,420
19281,12,13,20034,490
19281,12,13,19664,560
19281,12,13,1,630
27083,12,13,28195,0
27083,12,13,27825,140
27083,12,13,27455,490
27083,12,13,27085,770
27083,12,13,1,980
16326,12,13,20766,0
16326,12,13,20396,350
16326,12,13,20026,420
16326,12,13,19286,490
16326,12,13,18916,560
16326,12,13,18176,630
16326,12,13,17806,700
16326,12,13,17436,770
16326,12,13,16696,840
16326,12,13,16326,910
16326,12,13,1,980
18915,12,13,20773,0
18915,12,13,20403,350
18915,12,13,20033,420
18915,12,13,19293,490
18915,12,13,18923,560
18915,12,13,1,630
35247,12,13,35987,0
35247,12,13,35617,560
35247,12,13,35247,770
35247,12,13,1,1050
27454,12,13,28566,0
27454,12,13,28196,140
27454,12,13,27826,560
27454,12,13,27456,840
27454,12,13,1,1050
17428,12,13,20769,0
17428,12,13,20399,70
17428,12,13,20029,350
17428,12,13,19659,420
17428,12,13,18919,490
17428,12,13,18549,560
17428,12,13,18179,630
17428,12,13,17439,700
17428,12,13,1,770
20401,12,13,20777,0
20401,12,13,20407,350
20401,12,13,1,420
17437,12,13,19289,0
17437,12,13,18549,70
17437,12,13,18179,350
17437,12,13,17439,420
17437,12,13,1,490
32645,12,13,33760,0
32645,12,13,33390,420
32645,12,13,33020,630
32645,12,13,32650,910
32645,12,13,1,1120
35618,12,13,36358,0
35618,12,13,35988,560
35618,12,13,35618,770
35618,12,13,1,1050
28565,12,13,30789,0
28565,12,13,30419,350
28565,12,13,30049,630
28565,12,13,29679,840
28565,12,13,29309,1120
28565,12,13,28939,1330
25601,12,13,26711,0
25601,12,13,26341,210
25601,12,13,25971,560
25601,12,13,25601,840
25601,12,13,1,1050
17808,12,13,19660,0
17808,12,13,18920,70
17808,12,13,18550,350
17808,12,13,18180,420
17808,12,13,1,490
29680,12,13,30792,0
29680,12,13,30422,140
29680,12,13,30052,490
29680,12,13,29682,770
29680,12,13,1,1050
34131,12,13,35614,0
34131,12,13,35244,280
34131,12,13,34874,560
34131,12,13,34504,840
34131,12,13,34134,1050
34131,12,13,1,1330
20035,12,13,20776,0
20035,12,13,20406,140
20035,12,13,20036,350
20035,12,13,1,420
30051,12,13,31163,0
30051,12,13,30793,210
30051,12,13,30423,490
30051,12,13,30053,770
30051,12,13,1,1050
18910,12,13,20773,0
18910,12,13,20033,420
18910,12,13,19663,490
18910,12,13,19293,560
18910,12,13,1,630
18919,12,13,20773,0
18919,12,13,20033,70
18919,12,13,19663,350
18919,12,13,19293,420
18919,12,13,1,490
31163,12,13,32646,0
31163,12,13,32276,210
31163,12,13,31906,560
31163,12,13,31536,840
31163,12,13,31166,1050
31163,12,13,1,1330
15955,12,13,20765,0
15955,12,13,20395,70
15955,12,13,20025,350
15955,12,13,19655,420
15955,12,13,18915,490
15955,12,13,18545,560
15955,12,13,17805,630
15955,12,13,17435,700
15955,12,13,17065,770
15955,12,13,16325,840
15955,12,13,15955,910
15955,12,13,1,980
35242,12,13,36357,0
35242,12,13,35987,420
35242,12,13,35617,700
35242,12,13,35247,910
35242,12,13,1,1190
32278,12,13,32279,0
32278,12,13,1,490
24485,12,13,25968,0
24485,12,13,25598,420
24485,12,13,25228,630
24485,12,13,24858,910
24485,12,13,24488,1190
24485,12,13,1,1400
20396,12,13,21517,0
20396,12,13,21147,70
20396,12,13,20777,490
20396,12,13,20407,700
20396,12,13,1,770
17432,12,13,18919,0
17432,12,13,18179,70
17432,12,13,17809,350
17432,12,13,1,420
28198,12,13,29308,0
28198,12,13,28938,350
28198,12,13,28568,630
28198,12,13,28198,910
28198,12,13,1,1120
20405,12,13,20777,0
20405,12,13,20407,420
20405,12,13,1,490
35613,12,13,36728,0
35613,12,13,36358,420
35613,12,13,35988,700
35613,12,13,35618,910
35613,12,13,1,1190
32649,12,13,32650,0
32649,12,13,1,490
36728,12,13,38211,0
36728,12,13,37841,280
36728,12,13,37471,490
36728,12,13,37101,770
36728,12,13,36731,980
36728,12,13,1,1260
21517,12,13,22260,0
21517,12,13,21890,70
21517,12,13,21520,490
21517,12,13,1,770
28569,12,13,29679,0
28569,12,13,29309,350
28569,12,13,28939,630
28569,12,13,28569,910
28569,12,13,1,1120
22632,12,13,23003,0
22632,12,13,22633,350
22632,12,13,1,630
33760,12,13,35243,0
33760,12,13,34873,210
33760,12,13,34503,560
33760,12,13,34133,840
33760,12,13,33763,1050
33760,12,13,1,1330
20030,12,13,20776,0
20030,12,13,20406,350
20030,12,13,20036,420
20030,12,13,1,490
23003,12,13,23374,0
23003,12,13,23004,350
23003,12,13,1,630
34875,12,13,34876,0
34875,12,13,1,490
27082,12,13,28565,0
27082,12,13,28195,420
27082,12,13,27825,630
27082,12,13,27455,910
27082,12,13,27085,1190
27082,12,13,1,1400
18914,12,13,20773,0
18914,12,13,20403,420
18914,12,13,19663,490
18914,12,13,19293,560
18914,12,13,18923,630
18914,12,13,1,700
15950,12,13,17435,0
15950,12,13,16695,70
15950,12,13,16325,350
15950,12,13,15955,420
15950,12,13,1,490
18923,12,13,21143,0
18923,12,13,20773,490
18923,12,13,20403,700
18923,12,13,20033,770
18923,12,13,19293,840
18923,12,13,18923,910
18923,12,13,1,980
32273,12,13,33389,0
32273,12,13,33019,140
32273,12,13,32649,560
32273,12,13,32279,770
32273,12,13,1,1050
35246,12,13,35617,0
35246,12,13,35247,280
35246,12,13,1,490
24114,12,13,25597,0
24114,12,13,25227,420
24114,12,13,24857,630
24114,12,13,24487,910
24114,12,13,24117,1120
24114,12,13,1,1400
28193,12,13,29678,0
28193,12,13,29308,140
28193,12,13,28938,560
28193,12,13,28568,770
28193,12,13,28198,1050
28193,12,13,1,1330
20400,12,13,20777,0
20400,12,13,20407,350
20400,12,13,1,420
25229,12,13,25600,0
25229,12,13,25230,140
25229,12,13,1,560
17436,12,13,19289,0
17436,12,13,18549,70
17436,12,13,18179,350
17436,12,13,17439,420
17436,12,13,1,490
32644,12,13,33760,0
32644,12,13,33390,140
32644,12,13,33020,560
32644,12,13,32650,770
32644,12,13,1,1050
18548,12,13,20402,0
18548,12,13,19662,70
18548,12,13,19292,350
18548,12,13,18922,420
18548,12,13,1,490
36357,12,13,37840,0
36357,12,13,37470,280
36357,12,13,37100,490
36357,12,13,36730,770
36357,12,13,36360,980
36357,12,13,1,1260
28564,12,13,30049,0
28564,12,13,29679,140
28564,12,13,29309,560
28564,12,13,28939,770
28564,12,13,28569,1050
28564,12,13,1,1330
25600,12,13,25971,0
25600,12,13,25601,210
25600,12,13,1,560
29679,12,13,31162,0
29679,12,13,30792,420
29679,12,13,30422,700
29679,12,13,30052,910
29679,12,13,29682,1190
29679,12,13,1,1400
30791,12,13,33015,0
30791,12,13,32645,350
30791,12,13,32275,630
30791,12,13,31905,840
30791,12,13,31535,1120
30791,12,13,31165,1330
20025,12,13,21146,0
20025,12,13,20776,420
20025,12,13,20036,700
20025,12,13,1,770
20034,12,13,20776,0
20034,12,13,20036,420
20034,12,13,1,490
26711,12,13,28194,0
26711,12,13,27824,420
26711,12,13,27454,630
26711,12,13,27084,910
26711,12,13,26714,1190
26711,12,13,1,1400
18918,12,13,20403,0
18918,12,13,19663,70
18918,12,13,19293,350
18918,12,13,18923,420
18918,12,13,1,490
31162,12,13,33016,0
31162,12,13,32646,490
31162,12,13,32276,700
31162,12,13,31906,980
31162,12,13,31536,1190
31162,12,13,31166,1470
15954,12,13,17065,0
15954,12,13,16325,70
15954,12,13,15955,350
15954,12,13,1,420
32277,12,13,33019,0
32277,12,13,32649,350
32277,12,13,32279,630
32277,12,13,1,910
21145,12,13,21519,0
21145,12,13,21149,140
21145,12,13,1,560
28197,12,13,28568,0
28197,12,13,28198,420
28197,12,13,1,630
17431,12,13,20029,0
17431,12,13,19289,70
17431,12,13,18919,350
17431,12,13,18179,420
17431,12,13,17809,490
17431,12,13,17439,560
17431,12,13,1,630
21516,12,13,21890,0
21516,12,13,21520,350
21516,12,13,1,630
18552,12,13,21142,0
18552,12,13,20772,420
18552,12,13,20402,630
18552,12,13,20032,700
18552,12,13,19662,770
18552,12,13,18922,840
18552,12,13,18552,910
18552,12,13,1,980
22631,12,13,23743,0
22631,12,13,23373,140
22631,12,13,23003,490
22631,12,13,22633,770
22631,12,13,1,980
33759,12,13,35613,0
33759,12,13,35243,490
33759,12,13,34873,700
33759,12,13,34503,980
33759,12,13,34133,1190
33759,12,13,33763,1470
30795,12,13,31905,0
30795,12,13,31535,350
30795,12,13,31165,630
30795,12,13,30795,840
30795,12,13,1,1120
20029,12,13,20776,0
20029,12,13,20406,350
20029,12,13,1,420
34874,12,13,35616,0
34874,12,13,35246,350
34874,12,13,34876,630
34874,12,13,1,910
18913,12,13,21143,0
18913,12,13,20773,70
18913,12,13,20403,560
18913,12,13,19663,630
18913,12,13,19293,700
18913,12,13,1,770
31166,12,13,32276,0
31166,12,13,31906,280
31166,12,13,31536,490
31166,12,13,31166,770
31166,12,13,1,980
21140,12,13,21519,0
21140,12,13,21149,350
21140,12,13,1,630
24113,12,13,26337,0
24113,12,13,25967,140
24113,12,13,25597,560
24113,12,13,25227,770
24113,12,13,24857,1050
24113,12,13,24487,1330
21149,12,13,21889,0
21149,12,13,21519,420
21149,12,13,21149,700
21149,12,13,1,910
28192,12,13,29308,0
28192,12,13,28938,420
28192,12,13,28568,700
28192,12,13,28198,910
28192,12,13,1,1190
25228,12,13,26340,0
25228,12,13,25970,140
25228,12,13,25600,490
25228,12,13,25230,770
25228,12,13,1,980
18538,12,13,21512,0
18538,12,13,21142,350
18538,12,13,20772,560
18538,12,13,20402,840
18538,12,13,19662,910
18538,12,13,19292,980
18538,12,13,18922,1050
18538,12,13,1,1120
18547,12,13,20032,0
18547,12,13,19292,70
18547,12,13,18922,350
18547,12,13,18552,420
18547,12,13,1,490
21520,12,13,22260,0
21520,12,13,21890,420
21520,12,13,21520,700
21520,12,13,1,910
36356,12,13,38210,0
36356,12,13,37840,420
36356,12,13,37470,630
36356,12,13,37100,910
36356,12,13,36730,1190
36356,12,13,36360,1400
15583,12,13,16694,0
15583,12,13,15954,70
15583,12,13,15584,350
15583,12,13,1,420
33392,12,13,34132,0
33392,12,13,33762,490
33392,12,13,33392,770
33392,12,13,1,980
30790,12,13,32275,0
30790,12,13,31905,210
30790,12,13,31535,560
30790,12,13,31165,840
30790,12,13,30795,1050
30790,12,13,1,1330
33763,12,13,34503,0
33763,12,13,34133,490
33763,12,13,33763,770
33763,12,13,1,980
27826,12,13,28197,0
27826,12,13,27827,420
27826,12,13,1,630
26710,12,13,28934,0
26710,12,13,28564,140
26710,12,13,28194,560
26710,12,13,27824,840
26710,12,13,27454,1050
26710,12,13,27084,1330
23746,12,13,24856,0
23746,12,13,24486,210
23746,12,13,24116,560
23746,12,13,23746,840
23746,12,13,1,1050
31161,12,13,32276,0
31161,12,13,31906,420
31161,12,13,31536,630
31161,12,13,31166,910
31161,12,13,1,1120
32276,12,13,33759,0
32276,12,13,33389,210
32276,12,13,33019,560
32276,12,13,32649,840
32276,12,13,32279,1050
32276,12,13,1,1330
17065,12,13,18918,0
17065,12,13,18178,70
17065,12,13,17808,350
17065,12,13,17068,420
17065,12,13,1,490
18171,12,13,20771,0
18171,12,13,20401,420
18171,12,13,20031,490
18171,12,13,19661,560
18171,12,13,18921,630
18171,12,13,18551,700
18171,12,13,1,770
21144,12,13,21519,0
21144,12,13,21149,420
21144,12,13,1,630
24117,12,13,25227,0
24117,12,13,24857,210
24117,12,13,24487,560
24117,12,13,24117,840
24117,12,13,1,1050
18180,12,13,19661,0
18180,12,13,18551,70
18180,12,13,18181,350
18180,12,13,1,420
28196,12,13,29308,0
28196,12,13,28938,140
28196,12,13,28568,560
28196,12,13,28198,770
28196,12,13,1,1050
18542,12,13,21142,0
18542,12,13,20772,70
18542,12,13,20402,490
18542,12,13,20032,560
18542,12,13,19292,630
18542,12,13,18922,700
18542,12,13,1,770
29308,12,13,30791,0
29308,12,13,30421,420
29308,12,13,30051,700
29308,12,13,29681,910
29308,12,13,29311,1190
29308,12,13,1,1400
21515,12,13,21890,0
21515,12,13,21520,350
21515,12,13,1,630
15578,12,13,17064,0
15578,12,13,16324,70
15578,12,13,15954,350
15578,12,13,1,420
18551,12,13,20032,0
18551,12,13,18922,70
18551,12,13,18552,350
18551,12,13,1,420
33387,12,13,34502,0
33387,12,13,34132,420
33387,12,13,33762,630
33387,12,13,33392,910
33387,12,13,1,1120
30423,12,13,30794,0
30423,12,13,30424,350
30423,12,13,1,630
22630,12,13,24113,0
22630,12,13,23743,420
22630,12,13,23373,630
22630,12,13,23003,910
22630,12,13,22633,1190
22630,12,13,1,1400
14471,12,13,19651,0
14471,12,13,19281,70
14471,12,13,18911,350
14471,12,13,18171,420
14471,12,13,17801,490
14471,12,13,17061,560
14471,12,13,16691,630
14471,12,13,16321,700
14471,12,13,15581,770
14471,12,13,15211,840
14471,12,13,14471,910
14471,12,13,1,980
33758,12,13,34873,0
33758,12,13,34503,420
33758,12,13,34133,630
33758,12,13,33763,910
33758,12,13,1,1120
27821,12,13,28937,0
27821,12,13,28567,420
27821,12,13,28197,700
27821,12,13,27827,910
27821,12,13,1,1190
30794,12,13,31165,0
30794,12,13,30795,350
30794,12,13,1,630
34873,12,13,36356,0
34873,12,13,35986,280
34873,12,13,35616,560
34873,12,13,35246,840
34873,12,13,34876,1050
34873,12,13,1,1330
19662,12,13,20775,0
19662,12,13,20405,350
19662,12,13,19665,420
19662,12,13,1,490
20768,12,13,21518,0
20768,12,13,21148,70
20768,12,13,20778,490
20768,12,13,1,770
26714,12,13,27824,0
26714,12,13,27454,280
26714,12,13,27084,560
26714,12,13,26714,840
26714,12,13,1,1050
20777,12,13,20778,0
20777,12,13,1,420
17060,12,13,19658,0
17060,12,13,18918,70
17060,12,13,18548,350
17060,12,13,17808,420
17060,12,13,17438,490
17060,12,13,17068,560
17060,12,13,1,630
21139,12,13,22259,0
21139,12,13,21889,350
21139,12,13,21519,630
21139,12,13,21149,840
21139,12,13,1,1120
31905,12,13,33388,0
31905,12,13,33018,210
31905,12,13,32648,560
31905,12,13,32278,770
31905,12,13,31908,1050
31905,12,13,1,1260
18175,12,13,19661,0
18175,12,13,18921,70
18175,12,13,18551,350
18175,12,13,18181,420
18175,12,13,1,490
35984,12,13,37099,0
35984,12,13,36729,350
35984,12,13,36359,630
35984,12,13,35989,840
35984,12,13,1,1120
21148,12,13,21149,0
21148,12,13,1,420
33020,12,13,33021,0
33020,12,13,1,490
25227,12,13,26710,0
25227,12,13,26340,350
25227,12,13,25970,630
25227,12,13,25600,840
25227,12,13,25230,1120
25227,12,13,1,1400
26339,12,13,28563,0
26339,12,13,28193,140
26339,12,13,27823,560
26339,12,13,27453,840
26339,12,13,27083,1050
26339,12,13,26713,1330
18546,12,13,20032,0
18546,12,13,19292,70
18546,12,13,18922,350
18546,12,13,18552,420
18546,12,13,1,490
36355,12,13,37470,0
36355,12,13,37100,350
36355,12,13,36730,630
36355,12,13,36360,840
36355,12,13,1,1120
30418,12,13,31534,0
30418,12,13,31164,420
30418,12,13,30794,700
30418,12,13,30424,910
30418,12,13,1,1190
15582,12,13,17434,0
15582,12,13,16694,70
15582,12,13,16324,350
15582,12,13,15584,420
15582,12,13,1,490
33391,12,13,33392,0
33391,12,13,1,490
30789,12,13,31905,0
30789,12,13,31535,420
30789,12,13,31165,700
30789,12,13,30795,980
30789,12,13,1,1190
27825,12,13,28937,0
27825,12,13,28567,140
27825,12,13,28197,560
27825,12,13,27827,840
27825,12,13,1,1050
19657,12,13,21145,0
19657,12,13,20775,70
19657,12,13,20035,490
19657,12,13,19665,560
19657,12,13,1,630
16693,12,13,18547,0
16693,12,13,17807,70
16693,12,13,17437,350
16693,12,13,16697,420
16693,12,13,1,490
34502,12,13,35985,0
34502,12,13,35615,280
34502,12,13,35245,560
34502,12,13,34875,840
34502,12,13,34505,1050
34502,12,13,1,1330
26709,12,13,28194,0
26709,12,13,27824,140
26709,12,13,27454,490
26709,12,13,27084,770
26709,12,13,26714,980
26709,12,13,1,1260
20772,12,13,20778,0
20772,12,13,1,420
23745,12,13,24116,0
23745,12,13,23746,350
23745,12,13,1,630
17064,12,13,18918,0
17064,12,13,18178,70
17064,12,13,17808,350
17064,12,13,17068,420
17064,12,13,1,490
28936,12,13,31160,0
28936,12,13,30790,210
28936,12,13,30420,560
28936,12,13,30050,840
28936,12,13,29680,1050
28936,12,13,29310,1330
18170,12,13,20771,0
18170,12,13,20401,420
18170,12,13,20031,490
18170,12,13,19291,560
18170,12,13,18921,630
18170,12,13,18181,700
18170,12,13,1,770
21143,12,13,21889,0
21143,12,13,21519,70
21143,12,13,21149,490
21143,12,13,1,770
14100,12,13,19280,0
14100,12,13,18910,70
14100,12,13,18540,350
14100,12,13,17800,420
14100,12,13,17430,490
14100,12,13,16690,560
14100,12,13,16320,630
14100,12,13,15950,700
14100,12,13,15210,770
14100,12,13,14840,840
14100,12,13,14100,910
14100,12,13,1,980
18179,12,13,20031,0
18179,12,13,19291,70
18179,12,13,18921,350
18179,12,13,18181,420
18179,12,13,1,490
33015,12,13,34131,0
33015,12,13,33761,140
33015,12,13,33391,560
33015,12,13,33021,770
33015,12,13,1,1050
35988,12,13,35989,0
35988,12,13,1,420
29307,12,13,31531,0
29307,12,13,31161,210
29307,12,13,30791,560
29307,12,13,30421,840
29307,12,13,30051,1050
29307,12,13,29681,1330
26343,12,13,27453,0
26343,12,13,27083,210
26343,12,13,26713,560
26343,12,13,26343,840
26343,12,13,1,1050
30422,12,13,31534,0
30422,12,13,31164,210
30422,12,13,30794,490
30422,12,13,30424,770
30422,12,13,1,1050
19290,12,13,20774,0
19290,12,13,20404,70
19290,12,13,20034,350
19290,12,13,19664,420
19290,12,13,1,490
16688,12,13,19657,0
16688,12,13,18917,70
16688,12,13,18547,350
16688,12,13,18177,420
16688,12,13,17437,490
16688,12,13,17067,560
16688,12,13,1,630
19661,12,13,20775,0
19661,12,13,20405,350
19661,12,13,20035,420
19661,12,13,1,490
31533,12,13,33387,0
31533,12,13,33017,420
31533,12,13,32647,700
31533,12,13,32277,980
31533,12,13,31907,1190
31533,12,13,31537,1470
16697,12,13,20767,0
16697,12,13,20027,420
16697,12,13,19657,490
16697,12,13,19287,560
16697,12,13,18547,630
16697,12,13,18177,700
16697,12,13,17437,770
16697,12,13,17067,840
16697,12,13,16697,910
16697,12,13,1,980
20767,12,13,21518,0
20767,12,13,21148,70
20767,12,13,20778,490
20767,12,13,1,770
20776,12,13,20778,0
20776,12,13,1,490
31904,12,13,33758,0
31904,12,13,33388,420
31904,12,13,33018,700
31904,12,13,32648,980
31904,12,13,32278,1190
31904,12,13,31908,1470
25967,12,13,27452,0
25967,12,13,27082,70
25967,12,13,26712,490
25967,12,13,26342,770
25967,12,13,25972,980
25967,12,13,1,1260
28940,12,13,30050,0
28940,12,13,29680,350
28940,12,13,29310,630
28940,12,13,28940,840
28940,12,13,1,1120
18174,12,13,19661,0
18174,12,13,18921,70
18174,12,13,18551,350
18174,12,13,1,420
33019,12,13,33761,0
33019,12,13,33391,350
33019,12,13,33021,630
33019,12,13,1,910
29311,12,13,30421,0
29311,12,13,30051,350
29311,12,13,29681,630
29311,12,13,29311,840
29311,12,13,1,1120
23374,12,13,23745,0
23374,12,13,23375,350
23374,12,13,1,630
19285,12,13,21144,0
19285,12,13,20774,70
19285,12,13,20034,490
19285,12,13,19664,560
19285,12,13,19294,630
19285,12,13,1,700
16321,12,13,17806,0
16321,12,13,17066,70
16321,12,13,16696,350
16321,12,13,16326,420
16321,12,13,1,490
19294,12,13,21514,0
19294,12,13,21144,70
19294,12,13,20774,490
19294,12,13,20404,770
19294,12,13,19664,840
19294,12,13,19294,910
19294,12,13,1,980
19656,12,13,21145,0
19656,12,13,20775,70
19656,12,13,20405,490
19656,12,13,20035,560
19656,12,13,19665,630
19656,12,13,1,700
16692,12,13,18177,0
16692,12,13,17437,70
16692,12,13,17067,350
16692,12,13,16697,420
16692,12,13,1,490
34501,12,13,36355,0
34501,12,13,35985,490
34501,12,13,35615,700
34501,12,13,35245,980
34501,12,13,34875,1190
34501,12,13,34505,1470
19665,12,13,21515,0
19665,12,13,21145,140
19665,12,13,20775,560
19665,12,13,20035,840
19665,12,13,19665,910
19665,12,13,1,980
13728,12,13,14839,0
13728,12,13,14469,70
13728,12,13,14099,350
13728,12,13,13729,420
13728,12,13,1,490
31537,12,13,32277,0
31537,12,13,31907,490
31537,12,13,31537,700
31537,12,13,1,980
20771,12,13,20778,0
20771,12,13,1,420
24856,12,13,26339,0
24856,12,13,25969,420
24856,12,13,25599,630
24856,12,13,25229,910
24856,12,13,24859,1120
24856,12,13,1,1400
28935,12,13,30420,0
28935,12,13,30050,140
28935,12,13,29680,490
28935,12,13,29310,770
28935,12,13,28940,1050
28935,12,13,1,1260
31908,12,13,32648,0
31908,12,13,32278,490
31908,12,13,31908,700
31908,12,13,1,980
25971,12,13,26342,0
25971,12,13,25972,350
25971,12,13,1,630
17803,12,13,19290,0
17803,12,13,18550,70
17803,12,13,18180,350
17803,12,13,17810,420
17803,12,13,1,490
26342,12,13,26713,0
26342,12,13,26343,350
26342,12,13,1,630
15210,12,13,16693,0
15210,12,13,15953,70
15210,12,13,15583,350
15210,12,13,15213,420
15210,12,13,1,490
19289,12,13,20774,0
19289,12,13,20034,70
19289,12,13,19664,350
19289,12,13,19294,420
19289,12,13,1,490
22262,12,13,23372,0
22262,12,13,23002,350
22262,12,13,22632,560
22262,12,13,22262,840
22262,12,13,1,1120
16325,12,13,17436,0
16325,12,13,16696,70
16325,12,13,16326,350
16325,12,13,1,420
27453,12,13,28936,0
27453,12,13,28566,490
27453,12,13,28196,700
27453,12,13,27826,980
27453,12,13,27456,1190
27453,12,13,1,1470
16696,12,13,17807,0
16696,12,13,17067,70
16696,12,13,16697,350
16696,12,13,1,420
31532,12,13,32647,0
31532,12,13,32277,350
31532,12,13,31907,630
31532,12,13,31537,910
31532,12,13,1,1120
34505,12,13,35245,0
34505,12,13,34875,490
34505,12,13,34505,770
34505,12,13,1,980
20766,12,13,21148,0
20766,12,13,20778,350
20766,12,13,1,630
1,13,14,1,0
35617,13,14,35988,0
35617,13,14,35618,280
35617,13,14,1,560
28939,13,14,29310,0
28939,13,14,28940,420
28939,13,14,1,630
17807,13,14,20030,0
17807,13,14,19290,70
17807,13,14,18920,350
17807,13,14,18180,420
17807,13,14,17810,490
17807,13,14,1,560
34130,13,14,36354,0
34130,13,14,35984,210
34130,13,14,35614,490
34130,13,14,35244,770
34130,13,14,34874,980
34130,13,14,34504,1260
34130,13,14,34134,1470
23373,13,14,24485,0
23373,13,14,24115,140
23373,13,14,23745,560
23373,13,14,23375,770
23373,13,14,1,1050
30050,13,14,31533,0
30050,13,14,31163,420
30050,13,14,30793,700
30050,13,14,30423,980
30050,13,14,30053,1190
30050,13,14,1,1470
16320,13,14,17806,0
16320,13,14,17066,70
16320,13,14,16696,350
16320,13,14,16326,420
16320,13,14,1,490
19293,13,14,20774,0
19293,13,14,20034,70
19293,13,14,19664,350
19293,13,14,1,420
34500,13,14,35615,0
34500,13,14,35245,420
34500,13,14,34875,700
34500,13,14,34505,910
34500,13,14,1,1190
31536,13,14,31537,0
31536,13,14,1,490
20395,13,14,21147,0
20395,13,14,20777,350
20395,13,14,1,630
20404,13,14,20777,0
20404,13,14,20407,420
20404,13,14,1,490
32648,13,14,33390,0
32648,13,14,33020,420
32648,13,14,32650,630
32648,13,14,1,910
24855,13,14,27079,0
24855,13,14,26709,350
24855,13,14,26339,560
24855,13,14,25969,840
24855,13,14,25599,1120
24855,13,14,25229,1330
21891,13,14,22631,0
21891,13,14,22261,420
21891,13,14,21891,700
21891,13,14,1,980
36727,13,14,38581,0
36727,13,14,38211,420
36727,13,14,37841,700
36727,13,14,37471,910
36727,13,14,37101,1190
36727,13,14,36731,1470
28934,13,14,30050,0
28934,13,14,29680,420
28934,13,14,29310,700
28934,13,14,28940,910
28934,13,14,1,1190
25970,13,14,27082,0
25970,13,14,26712,140
25970,13,14,26342,560
25970,13,14,25972,770
25970,13,14,1,1050
28568,13,14,28939,0
28568,13,14,28569,420
28568,13,14,1,700
37098,13,14,38952,0
37098,13,14,38582,420
37098,13,14,38212,700
37098,13,14,37842,910
37098,13,14,37472,1190
37098,13,14,37102,1470
34134,13,14,35244,0
34134,13,14,34874,350
34134,13,14,34504,560
34134,13,14,34134,770
34134,13,14,1,1050
23002,13,14,24114,0
23002,13,14,23744,140
23002,13,14,23374,560
23002,13,14,23004,770
23002,13,14,1,1050
27081,13,14,29305,0
27081,13,14,28935,140
27081,13,14,28565,560
27081,13,14,28195,840
27081,13,14,27825,1050
27081,13,14,27455,1330
16324,13,14,18176,0
16324,13,14,17436,70
16324,13,14,17066,350
16324,13,14,16696,420
16324,13,14,1,490
18922,13,14,20403,0
18922,13,14,19663,70
18922,13,14,19293,350
18922,13,14,1,420
35245,13,14,35987,0
35245,13,14,35617,420
35245,13,14,35247,700
35245,13,14,1,910
27452,13,14,29676,0
27452,13,14,29306,350
27452,13,14,28936,630
27452,13,14,28566,910
27452,13,14,28196,1120
27452,13,14,27826,1400
24488,13,14,25598,0
24488,13,14,25228,350
24488,13,14,24858,630
24488,13,14,24488,840
24488,13,14,1,1120
31531,13,14,32647,0
31531,13,14,32277,140
31531,13,14,31907,560
31531,13,14,31537,770
31531,13,14,1,1050
20399,13,14,21147,0
20399,13,14,20777,70
20399,13,14,20407,560
20399,13,14,1,630
17435,13,14,19289,0
17435,13,14,18549,70
17435,13,14,18179,350
17435,13,14,17809,420
17435,13,14,1,490
35616,13,14,36358,0
35616,13,14,35988,420
35616,13,14,35618,700
35616,13,14,1,910
36731,13,14,37471,0
36731,13,14,37101,490
36731,13,14,36731,770
36731,13,14,1,980
28563,13,14,29679,0
28563,13,14,29309,490
28563,13,14,28939,700
28563,13,14,28569,980
28563,13,14,1,1190
25599,13,14,26711,0
25599,13,14,26341,140
25599,13,14,25971,490
25599,13,14,25601,770
25599,13,14,1,1050
17806,13,14,20030,0
17806,13,14,19290,70
17806,13,14,18920,350
17806,13,14,18550,420
17806,13,14,17810,490
17806,13,14,1,560
14842,13,14,19652,0
14842,13,14,19282,70
14842,13,14,18912,350
14842,13,14,18172,420
14842,13,14,17802,490
14842,13,14,17062,560
14842,13,14,16692,630
14842,13,14,16322,700
14842,13,14,15582,770
14842,13,14,15212,840
14842,13,14,1,910
29678,13,14,31902,0
29678,13,14,31532,350
29678,13,14,31162,630
29678,13,14,30792,840
29678,13,14,30422,1120
29678,13,14,30052,1330
34129,13,14,35244,0
34129,13,14,34874,420
34129,13,14,34504,700
34129,13,14,34134,910
34129,13,14,1,1190
20033,13,14,20776,0
20033,13,14,20406,420
20033,13,14,1,490
30049,13,14,32273,0
30049,13,14,31903,350
30049,13,14,31533,630
30049,13,14,31163,840
30049,13,14,30793,1120
30049,13,14,30423,1330
27085,13,14,28195,0
27085,13,14,27825,350
27085,13,14,27455,630
27085,13,14,27085,840
27085,13,14,1,1120
18917,13,14,20773,0
18917,13,14,19663,70
18917,13,14,19293,350
18917,13,14,18923,420
18917,13,14,1,490
15953,13,14,17805,0
15953,13,14,17065,70
15953,13,14,16695,350
15953,13,14,16325,420
15953,13,14,1,490
38213,13,14,38955,0
38213,13,14,38585,350
38213,13,14,38215,630
38213,13,14,1,840
17430,13,14,20769,0
17430,13,14,19659,70
17430,13,14,19289,350
17430,13,14,18919,420
17430,13,14,18549,490
17430,13,14,17809,560
17430,13,14,17439,630
17430,13,14,1,700
20403,13,14,20777,0
20403,13,14,1,490
32647,13,14,34130,0
32647,13,14,33760,280
32647,13,14,33390,560
32647,13,14,33020,840
32647,13,14,32650,1050
32647,13,14,1,1330
17439,13,14,21139,0
17439,13,14,20769,70
17439,13,14,20029,560
17439,13,14,19659,630
17439,13,14,18919,700
17439,13,14,18549,770
17439,13,14,18179,840
17439,13,14,17439,910
17439,13,14,1,980
36726,13,14,37841,0
36726,13,14,37471,350
36726,13,14,37101,630
36726,13,14,36731,840
36726,13,14,1,1120
28567,13,14,29679,0
28567,13,14,29309,210
28567,13,14,28939,560
28567,13,14,28569,840
28567,13,14,1,1050
17801,13,14,20770,0
17801,13,14,20400,70
17801,13,14,20030,350
17801,13,14,19660,420
17801,13,14,18920,490
17801,13,14,18550,560
17801,13,14,18180,630
17801,13,14,1,700
29682,13,14,30792,0
29682,13,14,30422,350
29682,13,14,30052,630
29682,13,14,29682,840
29682,13,14,1,1120
20028,13,14,21146,0
20028,13,14,20776,70
20028,13,14,20036,560
20028,13,14,1,630
27080,13,14,28565,0
27080,13,14,28195,140
27080,13,14,27825,490
27080,13,14,27455,770
27080,13,14,27085,980
27080,13,14,1,1260
18912,13,14,21143,0
18912,13,14,20773,70
18912,13,14,20403,560
18912,13,14,19663,630
18912,13,14,19293,700
18912,13,14,18923,770
18912,13,14,1,840
18921,13,14,20773,0
18921,13,14,20033,70
18921,13,14,19663,350
18921,13,14,19293,420
18921,13,14,1,490
31165,13,14,31536,0
31165,13,14,31166,140
31165,13,14,1,490
35244,13,14,36727,0
35244,13,14,36357,350
35244,13,14,35987,630
35244,13,14,35617,840
35244,13,14,35247,1120
35244,13,14,1,1400
20398,13,14,21147,0
20398,13,14,20777,350
20398,13,14,20407,630
20398,13,14,1,700
17434,13,14,19289,0
17434,13,14,18179,70
17434,13,14,17809,350
17434,13,14,17439,420
17434,13,14,1,490
35615,13,14,37098,0
35615,13,14,36728,350
35615,13,14,36358,630
35615,13,14,35988,840
35615,13,14,35618,1120
35615,13,14,1,1400
36730,13,14,36731,0
36730,13,14,1,420
21519,13,14,21520,0
21519,13,14,1,490
25598,13,14,27081,0
25598,13,14,26711,420
25598,13,14,26341,700
25598,13,14,25971,910
25598,13,14,25601,1190
25598,13,14,1,1400
29677,13,14,31162,0
29677,13,14,30792,140
29677,13,14,30422,560
29677,13,14,30052,770
29677,13,14,29682,1050
29677,13,14,1,1330
20023,13,14,21146,0
20023,13,14,20776,70
20023,13,14,20406,560
20023,13,14,20036,630
20023,13,14,1,700
33762,13,14,34133,0
33762,13,14,33763,210
33762,13,14,1,490
20032,13,14,20776,0
20032,13,14,20406,420
20032,13,14,20036,490
20032,13,14,1,560
37841,13,14,39324,0
37841,13,14,38954,280
37841,13,14,38584,560
37841,13,14,38214,770
37841,13,14,37844,1050
37841,13,14,1,1260
27084,13,14,27455,0
27084,13,14,27085,350
27084,13,14,1,630
18916,13,14,20403,0
18916,13,14,19663,70
18916,13,14,19293,350
18916,13,14,18923,420
18916,13,14,1,490
15952,13,14,17805,0
15952,13,14,17065,70
15952,13,14,16695,350
15952,13,14,16325,420
15952,13,14,1,490
31160,13,14,32276,0
31160,13,14,31906,210
31160,13,14,31536,560
31160,13,14,31166,840
31160,13,14,1,1050
38212,13,14,39695,0
38212,13,14,39325,280
38212,13,14,38955,560
38212,13,14,38585,770
38212,13,14,38215,1050
38212,13,14,1,1260
32275,13,14,34499,0
32275,13,14,34129,140
32275,13,14,33759,490
32275,13,14,33389,770
32275,13,14,33019,980
32275,13,14,32649,1260
32275,13,14,32279,1470
24116,13,14,24487,0
24116,13,14,24117,350
24116,13,14,1,630
28195,13,14,29678,0
28195,13,14,29308,490
28195,13,14,28938,700
28195,13,14,28568,980
28195,13,14,28198,1260
28195,13,14,1,1470
17438,13,14,18919,0
17438,13,14,18179,70
17438,13,14,17809,350
17438,13,14,1,420
32646,13,14,34870,0
32646,13,14,34500,210
32646,13,14,34130,490
32646,13,14,33760,770
32646,13,14,33390,980
32646,13,14,33020,1260
32646,13,14,32650,1470
21514,13,14,22630,0
21514,13,14,22260,350
21514,13,14,21890,630
21514,13,14,21520,910
21514,13,14,1,1120
18550,13,14,20402,0
18550,13,14,19662,70
18550,13,14,19292,350
18550,13,14,18922,420
18550,13,14,1,490
36359,13,14,36360,0
36359,13,14,1,420
28566,13,14,30049,0
28566,13,14,29679,490
28566,13,14,29309,700
28566,13,14,28939,980
28566,13,14,28569,1260
28566,13,14,1,1470
29681,13,14,30052,0
29681,13,14,29682,420
29681,13,14,1,630
14470,13,14,15951,0
14470,13,14,15211,70
14470,13,14,14841,350
14470,13,14,14471,420
14470,13,14,1,490
30793,13,14,31905,0
30793,13,14,31535,210
30793,13,14,31165,560
30793,13,14,30795,770
30793,13,14,1,1050
20027,13,14,21146,0
20027,13,14,20776,350
20027,13,14,20406,560
20027,13,14,20036,630
20027,13,14,1,700
20036,13,14,21516,0
20036,13,14,21146,420
20036,13,14,20776,630
20036,13,14,20036,910
20036,13,14,1,980
34872,13,14,37096,0
34872,13,14,36726,210
34872,13,14,36356,490
34872,13,14,35986,770
34872,13,14,35616,980
34872,13,14,35246,1260
34872,13,14,34876,1470
18911,13,14,20773,0
18911,13,14,20403,420
18911,13,14,19663,490
18911,13,14,19293,560
18911,13,14,18923,630
18911,13,14,1,700
26713,13,14,27084,0
26713,13,14,26714,420
26713,13,14,1,630
18920,13,14,20773,0
18920,13,14,20033,70
18920,13,14,19663,350
18920,13,14,19293,420
18920,13,14,1,490
31164,13,14,31906,0
31164,13,14,31536,420
31164,13,14,31166,630
31164,13,14,1,910
35243,13,14,37467,0
35243,13,14,37097,280
35243,13,14,36727,560
35243,13,14,36357,770
35243,13,14,35987,1050
35243,13,14,35617,1260
32279,13,14,33389,0
32279,13,14,33019,280
32279,13,14,32649,490
32279,13,14,32279,770
32279,13,14,1,980
17068,13,14,21138,0
17068,13,14,20768,70
17068,13,14,20398,490
17068,13,14,19658,560
17068,13,14,19288,630
17068,13,14,18548,700
17068,13,14,18178,770
17068,13,14,17808,840
17068,13,14,17068,910
17068,13,14,1,980
21147,13,14,21149,0
21147,13,14,1,420
25226,13,14,27450,0
25226,13,14,27080,140
25226,13,14,26710,560
25226,13,14,26340,840
25226,13,14,25970,1050
25226,13,14,25600,1330
18545,13,14,20032,0
18545,13,14,19292,70
18545,13,14,18922,350
18545,13,14,18552,420
18545,13,14,1,490
21518,13,14,22260,0
21518,13,14,21890,70
21518,13,14,21520,560
21518,13,14,1,770
15581,13,14,17434,0
15581,13,14,16694,70
15581,13,14,16324,350
15581,13,14,15954,420
15581,13,14,1,490
33390,13,14,34132,0
33390,13,14,33762,420
33390,13,14,33392,630
33390,13,14,1,910
25597,13,14,27821,0
25597,13,14,27451,350
25597,13,14,27081,560
25597,13,14,26711,840
25597,13,14,26341,1120
25597,13,14,25971,1330
22633,13,14,23743,0
22633,13,14,23373,350
22633,13,14,23003,630
22633,13,14,22633,840
22633,13,14,1,1120
37469,13,14,39323,0
37469,13,14,38953,420
37469,13,14,38583,700
37469,13,14,38213,910
37469,13,14,37843,1190
37469,13,14,37473,1470
33761,13,14,34503,0
33761,13,14,34133,420
33761,13,14,33763,630
33761,13,14,1,910
27824,13,14,29677,0
27824,13,14,29307,140
27824,13,14,28937,490
27824,13,14,28567,770
27824,13,14,28197,980
27824,13,14,27827,1260
27824,13,14,1,1470
20031,13,14,20776,0
20031,13,14,20036,420
20031,13,14,1,490
37840,13,14,39694,0
37840,13,14,39324,420
37840,13,14,38954,700
37840,13,14,38584,910
37840,13,14,38214,1190
37840,13,14,37844,1470
34876,13,14,35986,0
34876,13,14,35616,280
34876,13,14,35246,560
34876,13,14,34876,770
34876,13,14,1,1050
38952,13,14,40067,0
38952,13,14,39697,350
38952,13,14,39327,630
38952,13,14,38957,840
38952,13,14,1,1120
23744,13,14,24856,0
23744,13,14,24486,140
23744,13,14,24116,560
23744,13,14,23746,770
23744,13,14,1,1050
32274,13,14,33389,0
32274,13,14,33019,420
32274,13,14,32649,700
32274,13,14,32279,910
32274,13,14,1,1190
17063,13,14,18918,0
17063,13,14,17808,70
17063,13,14,17438,350
17063,13,14,17068,420
17063,13,14,1,490
21142,13,14,21889,0
21142,13,14,21519,70
21142,13,14,21149,560
21142,13,14,1,770
24115,13,14,25227,0
24115,13,14,24857,140
24115,13,14,24487,560
24115,13,14,24117,770
24115,13,14,1,1050
18178,13,14,20031,0
18178,13,14,19291,70
18178,13,14,18921,350
18178,13,14,18551,420
18178,13,14,1,490
35987,13,14,36729,0
35987,13,14,36359,350
35987,13,14,35989,630
35987,13,14,1,840
28194,13,14,30418,0
28194,13,14,30048,350
28194,13,14,29678,630
28194,13,14,29308,910
28194,13,14,28938,1120
28194,13,14,28568,1400
25230,13,14,26340,0
25230,13,14,25970,210
25230,13,14,25600,560
25230,13,14,25230,840
25230,13,14,1,1050
29306,13,14,30791,0
29306,13,14,30421,140
29306,13,14,30051,560
29306,13,14,29681,770
29306,13,14,29311,1050
29306,13,14,1,1330
18540,13,14,20772,0
18540,13,14,20402,350
18540,13,14,20032,420
18540,13,14,19292,490
18540,13,14,18922,560
18540,13,14,18552,630
18540,13,14,1,700
18549,13,14,20402,0
18549,13,14,19662,70
18549,13,14,19292,350
18549,13,14,18922,420
18549,13,14,1,490
36358,13,14,37100,0
36358,13,14,36730,350
36358,13,14,36360,630
36358,13,14,1,840
30421,13,14,31904,0
30421,13,14,31534,420
30421,13,14,31164,700
30421,13,14,30794,980
30421,13,14,30424,1190
30421,13,14,1,1470
37473,13,14,38213,0
37473,13,14,37843,490
37473,13,14,37473,770
37473,13,14,1,980
14469,13,14,16321,0
14469,13,14,15951,70
14469,13,14,15581,350
14469,13,14,15211,420
14469,13,14,14471,490
14469,13,14,1,560
30792,13,14,32645,0
30792,13,14,32275,140
30792,13,14,31905,490
30792,13,14,31535,700
30792,13,14,31165,980
30792,13,14,30795,1260
30792,13,14,1,1470
20026,13,14,21516,0
20026,13,14,21146,70
20026,13,14,20776,490
20026,13,14,20406,700
20026,13,14,20036,770
20026,13,14,1,840
34871,13,14,35986,0
34871,13,14,35616,420
34871,13,14,35246,700
34871,13,14,34876,910
34871,13,14,1,1190
19660,13,14,20775,0
19660,13,14,20405,350
19660,13,14,19665,420
19660,13,14,1,490
26712,13,14,27824,0
26712,13,14,27454,140
26712,13,14,27084,560
26712,13,14,26714,770
26712,13,14,1,1050
20775,13,14,21148,0
20775,13,14,20778,70
20775,13,14,1,490
31903,13,14,33018,0
31903,13,14,32648,420
31903,13,14,32278,630
31903,13,14,31908,910
31903,13,14,1,1190
17067,13,14,18548,0
17067,13,14,17808,70
17067,13,14,17438,350
17067,13,14,1,420
21146,13,14,21149,0
21146,13,14,1,420
33018,13,14,34501,0
33018,13,14,34131,280
33018,13,14,33761,560
33018,13,14,33391,840
33018,13,14,33021,1050
33018,13,14,1,1330
26337,13,14,27453,0
26337,13,14,27083,420
26337,13,14,26713,700
26337,13,14,26343,910
26337,13,14,1,1190
29310,13,14,29681,0
29310,13,14,29311,420
29310,13,14,1,630
18544,13,14,20772,0
18544,13,14,20402,350
18544,13,14,19662,420
18544,13,14,19292,490
18544,13,14,18552,560
18544,13,14,1,630
15580,13,14,17434,0
15580,13,14,16694,70
15580,13,14,16324,350
15580,13,14,15954,420
15580,13,14,15584,490
15580,13,14,1,560
33389,13,14,34872,0
33389,13,14,34502,280
33389,13,14,34132,560
33389,13,14,33762,840
33389,13,14,33392,1050
33389,13,14,1,1330
37468,13,14,38583,0
37468,13,14,38213,350
37468,13,14,37843,630
37468,13,14,37473,840
37468,13,14,1,1120
27823,13,14,30047,0
27823,13,14,29677,350
27823,13,14,29307,630
27823,13,14,28937,910
27823,13,14,28567,1120
27823,13,14,28197,1400
19655,13,14,21145,0
19655,13,14,20775,420
19655,13,14,20035,700
19655,13,14,19665,770
19655,13,14,1,840
16691,13,14,18177,0
16691,13,14,17437,70
16691,13,14,17067,350
16691,13,14,16697,420
16691,13,14,1,490
19664,13,14,20775,0
19664,13,14,20405,70
19664,13,14,20035,350
19664,13,14,1,420
20770,13,14,21148,0
20770,13,14,20778,350
20770,13,14,1,630
23743,13,14,25596,0
23743,13,14,25226,70
23743,13,14,24856,420
23743,13,14,24486,700
23743,13,14,24116,910
23743,13,14,23746,1190
23743,13,14,1,1470
17062,13,14,18548,0
17062,13,14,17808,70
17062,13,14,17438,350
17062,13,14,17068,420
17062,13,14,1,490
31907,13,14,31908,0
31907,13,14,1,490
21141,13,14,21519,0
21141,13,14,21149,420
21141,13,14,1,630
18177,13,14,20401,0
18177,13,14,19661,70
18177,13,14,19291,350
18177,13,14,18551,420
18177,13,14,18181,490
18177,13,14,1,560
35986,13,14,37469,0
35986,13,14,37099,280
35986,13,14,36729,560
35986,13,14,36359,770
35986,13,14,35989,1050
35986,13,14,1,1330
29305,13,14,30421,0
29305,13,14,30051,420
29305,13,14,29681,700
29305,13,14,29311,910
29305,13,14,1,1190
26341,13,14,27453,0
26341,13,14,27083,140
26341,13,14,26713,560
26341,13,14,26343,770
26341,13,14,1,1050
15584,13,14,20764,0
15584,13,14,20024,70
15584,13,14,19654,350
15584,13,14,19284,420
15584,13,14,18544,490
15584,13,14,18174,560
15584,13,14,17804,630
15584,13,14,17064,700
15584,13,14,16694,770
15584,13,14,15954,840
15584,13,14,15584,910
15584,13,14,1,980
30420,13,14,32644,0
30420,13,14,32274,350
30420,13,14,31904,630
30420,13,14,31534,840
30420,13,14,31164,1120
30420,13,14,30794,1330
22261,13,14,22632,0
22261,13,14,22262,350
22261,13,14,1,630
27827,13,14,28937,0
27827,13,14,28567,420
27827,13,14,28197,700
27827,13,14,27827,910
27827,13,14,1,1190
19659,13,14,20775,0
19659,13,14,20405,140
19659,13,14,20035,350
19659,13,14,19665,420
19659,13,14,1,490
16695,13,14,18547,0
16695,13,14,17807,70
16695,13,14,17437,350
16695,13,14,17067,420
16695,13,14,1,490
20765,13,14,21148,0
20765,13,14,20778,420
20765,13,14,1,630
34504,13,14,34875,0
34504,13,14,34505,210
34504,13,14,1,490
20774,13,14,21148,0
20774,13,14,20778,70
20774,13,14,1,490
24859,13,14,25969,0
24859,13,14,25599,350
24859,13,14,25229,630
24859,13,14,24859,840
24859,13,14,1,1120
17066,13,14,18918,0
17066,13,14,18178,70
17066,13,14,17808,350
17066,13,14,17438,420
17066,13,14,1,490
31902,13,14,33018,0
31902,13,14,32648,140
31902,13,14,32278,560
31902,13,14,31908,770
31902,13,14,1,1050
18172,13,14,20771,0
18172,13,14,20401,350
18172,13,14,19661,420
18172,13,14,19291,490
18172,13,14,18551,560
18172,13,14,18181,630
18172,13,14,1,700
28938,13,14,30050,0
28938,13,14,29680,210
28938,13,14,29310,560
28938,13,14,28940,770
28938,13,14,1,1050
18181,13,14,21141,0
18181,13,14,20771,420
18181,13,14,20401,630
18181,13,14,20031,700
18181,13,14,19291,770
18181,13,14,18921,840
18181,13,14,18181,910
18181,13,14,1,980
33017,13,14,35241,0
33017,13,14,34871,210
33017,13,14,34501,490
33017,13,14,34131,770
33017,13,14,33761,980
33017,13,14,33391,1260
33017,13,14,33021,1470
37102,13,14,37842,0
37102,13,14,37472,490
37102,13,14,37102,770
37102,13,14,1,980
29309,13,14,30421,0
29309,13,14,30051,210
29309,13,14,29681,560
29309,13,14,29311,770
29309,13,14,1,1050
23372,13,14,24855,0
23372,13,14,24485,420
23372,13,14,24115,700
23372,13,14,23745,910
23372,13,14,23375,1190
23372,13,14,1,1400
33388,13,14,35612,0
33388,13,14,35242,210
33388,13,14,34872,490
33388,13,14,34502,770
33388,13,14,34132,980
33388,13,14,33762,1260
33388,13,14,33392,1470
30424,13,14,31534,0
30424,13,14,31164,350
30424,13,14,30794,630
30424,13,14,30424,840
30424,13,14,1,1120
19283,13,14,21144,0
19283,13,14,20774,350
19283,13,14,20034,630
19283,13,14,19664,700
19283,13,14,19294,770
19283,13,14,1,840
15213,13,14,20393,0
15213,13,14,19653,70
15213,13,14,19283,350
15213,13,14,18543,420
15213,13,14,18173,490
15213,13,14,17433,560
15213,13,14,17063,630
15213,13,14,16693,700
15213,13,14,15953,770
15213,13,14,15583,840
15213,13,14,1,910
19292,13,14,20774,0
19292,13,14,20404,70
19292,13,14,20034,350
19292,13,14,19664,420
19292,13,14,1,490
27822,13,14,29307,0
27822,13,14,28937,140
27822,13,14,28567,560
27822,13,14,28197,840
27822,13,14,27827,1050
27822,13,14,1,1330
19654,13,14,21145,0
19654,13,14,20775,420
19654,13,14,20405,630
19654,13,14,20035,700
19654,13,14,19665,770
19654,13,14,1,840
27456,13,14,28566,0
27456,13,14,28196,420
27456,13,14,27826,700
27456,13,14,27456,910
27456,13,14,1,1190
16690,13,14,18177,0
16690,13,14,17437,70
16690,13,14,17067,350
16690,13,14,16697,420
16690,13,14,1,490
19663,13,14,20775,0
19663,13,14,20405,350
19663,13,14,20035,420
19663,13,14,1,490
20769,13,14,21148,0
20769,13,14,20778,420
20769,13,14,1,630
31535,13,14,32277,0
31535,13,14,31907,350
31535,13,14,31537,630
31535,13,14,1,910
20778,13,14,21518,0
20778,13,14,21148,490
20778,13,14,20778,700
20778,13,14,1,980
17061,13,14,18548,0
17061,13,14,17808,70
17061,13,14,17438,350
17061,13,14,17068,420
17061,13,14,1,490
21890,13,14,21891,0
21890,13,14,1,420
31906,13,14,32648,0
31906,13,14,32278,350
31906,13,14,31908,630
31906,13,14,1,910
25969,13,14,27452,0
25969,13,14,27082,420
25969,13,14,26712,700
25969,13,14,26342,910
25969,13,14,25972,1190
25969,13,14,1,1470
18176,13,14,20031,0
18176,13,14,19291,70
18176,13,14,18921,350
18176,13,14,18181,420
18176,13,14,1,490
35985,13,14,37839,0
35985,13,14,37469,490
35985,13,14,37099,700
35985,13,14,36729,980
35985,13,14,36359,1190
35985,13,14,35989,1470
33021,13,14,34131,0
33021,13,14,33761,280
33021,13,14,33391,560
33021,13,14,33021,770
33021,13,14,1,1050
17810,13,14,21140,0
17810,13,14,20770,350
17810,13,14,20030,630
17810,13,14,19660,700
17810,13,14,19290,770
17810,13,14,18550,840
17810,13,14,18180,910
17810,13,14,1,980
37097,13,14,38212,0
37097,13,14,37842,350
37097,13,14,37472,630
37097,13,14,37102,840
37097,13,14,1,1120
34133,13,14,34504,0
34133,13,14,34134,210
34133,13,14,1,490
26340,13,14,27823,0
26340,13,14,27453,420
26340,13,14,27083,700
26340,13,14,26713,910
26340,13,14,26343,1190
26340,13,14,1,1470
30419,13,14,31904,0
30419,13,14,31534,140
30419,13,14,31164,560
30419,13,14,30794,770
30419,13,14,30424,1050
30419,13,14,1,1330
30053,13,14,31163,0
30053,13,14,30793,350
30053,13,14,30423,630
30053,13,14,30053,840
30053,13,14,1,1120
19287,13,14,20774,0
19287,13,14,20034,70
19287,13,14,19664,350
19287,13,14,19294,420
19287,13,14,1,490
22260,13,14,23372,0
22260,13,14,23002,70
22260,13,14,22632,420
22260,13,14,22262,700
22260,13,14,1,980
16323,13,14,18176,0
16323,13,14,17436,70
16323,13,14,17066,350
16323,13,14,16696,420
16323,13,14,1,490
38583,13,14,40066,0
38583,13,14,39696,280
38583,13,14,39326,560
38583,13,14,38956,770
38583,13,14,38586,1050
38583,13,14,1,1260
27451,13,14,28936,0
27451,13,14,28566,140
27451,13,14,28196,560
27451,13,14,27826,840
27451,13,14,27456,1050
27451,13,14,1,1330
19658,13,14,20775,0
19658,13,14,20405,140
19658,13,14,20035,350
19658,13,14,19665,420
19658,13,14,1,490
24487,13,14,24858,0
24487,13,14,24488,420
24487,13,14,1,630
16694,13,14,18547,0
16694,13,14,17807,70
16694,13,14,17437,350
16694,13,14,17067,420
16694,13,14,1,490
20764,13,14,21888,0
20764,13,14,21518,350
20764,13,14,21148,630
20764,13,14,20778,910
20764,13,14,1,1120
34503,13,14,35245,0
34503,13,14,34875,420
34503,13,14,34505,630
34503,13,14,1,910
20773,13,14,20778,0
20773,13,14,1,490
20407,13,14,21517,0
20407,13,14,21147,420
20407,13,14,20777,630
20407,13,14,20407,910
20407,13,14,1,980
24858,13,14,25229,0
24858,13,14,24859,350
24858,13,14,1,630
28937,13,14,30420,0
28937,13,14,30050,420
28937,13,14,29680,700
28937,13,14,29310,980
28937,13,14,28940,1190
28937,13,14,1,1470
33016,13,14,34131,0
33016,13,14,33761,420
33016,13,14,33391,700
33016,13,14,33021,910
33016,13,14,1,1190
17805,13,14,19660,0
17805,13,14,18920,70
17805,13,14,18550,350
17805,13,14,18180,420
17805,13,14,1,490
14841,13,14,15582,0
14841,13,14,15212,70
14841,13,14,14842,350
14841,13,14,1,420
37101,13,14,37102,0
37101,13,14,1,420
15212,13,14,16323,0
15212,13,14,15583,70
15212,13,14,15213,350
15212,13,14,1,420
19282,13,14,20774,0
19282,13,14,20034,490
19282,13,14,19664,560
19282,13,14,19294,630
19282,13,14,1,700
30048,13,14,31533,0
30048,13,14,31163,140
30048,13,14,30793,560
30048,13,14,30423,770
30048,13,14,30053,1050
30048,13,14,1,1330
19291,13,14,20774,0
19291,13,14,20404,70
19291,13,14,20034,350
19291,13,14,19664,420
19291,13,14,1,490
27455,13,14,27826,0
27455,13,14,27456,420
27455,13,14,1,700
31534,13,14,33017,0
31534,13,14,32647,210
31534,13,14,32277,560
31534,13,14,31907,840
31534,13,14,31537,1050
31534,13,14,1,1330
20402,13,14,20777,0
20402,13,14,20407,420
20402,13,14,1,490
21889,13,14,22631,0
21889,13,14,22261,70
21889,13,14,21891,560
21889,13,14,1,770
25968,13,14,28192,0
25968,13,14,27822,350
25968,13,14,27452,630
25968,13,14,27082,840
25968,13,14,26712,1120
25968,13,14,26342,1330
17800,13,14,20770,0
17800,13,14,20400,420
17800,13,14,20030,490
17800,13,14,19660,560
17800,13,14,18920,630
17800,13,14,18550,700
17800,13,14,17810,770
17800,13,14,1,840
17809,13,14,19290,0
17809,13,14,18550,70
17809,13,14,18180,350
17809,13,14,17810,420
17809,13,14,1,490
34132,13,14,34874,0
34132,13,14,34504,420
34132,13,14,34134,630
34132,13,14,1,910
23375,13,14,24485,0
23375,13,14,24115,350
23375,13,14,23745,560
23375,13,14,23375,840
23375,13,14,1,1120
27079,13,14,28195,0
27079,13,14,27825,420
27079,13,14,27455,630
27079,13,14,27085,910
27079,13,14,1,1120
30052,13,14,30423,0
30052,13,14,30053,420
30052,13,14,1,630
19286,13,14,20774,0
19286,13,14,20404,420
19286,13,14,20034,490
19286,13,14,19294,560
19286,13,14,1,630
27450,13,14,28566,0
27450,13,14,28196,420
27450,13,14,27826,700
27450,13,14,27456,980
27450,13,14,1,1190
24486,13,14,25598,0
24486,13,14,25228,140
24486,13,14,24858,560
24486,13,14,24488,840
24486,13,14,1,1050
17433,13,14,18919,0
17433,13,14,18179,70
17433,13,14,17809,350
17433,13,14,17439,420
17433,13,14,1,490
35614,13,14,37838,0
35614,13,14,37468,280
35614,13,14,37098,560
35614,13,14,36728,770
35614,13,14,36358,1050
35614,13,14,35988,1260
20406,13,14,20777,0
20406,13,14,20407,350
20406,13,14,1,420
32650,13,14,33760,0
32650,13,14,33390,280
32650,13,14,33020,560
32650,13,14,32650,770
32650,13,14,1,1050
24857,13,14,25969,0
24857,13,14,25599,140
24857,13,14,25229,560
24857,13,14,24859,770
24857,13,14,1,1050
36729,13,14,37471,0
36729,13,14,37101,350
36729,13,14,36731,630
36729,13,14,1,840
25972,13,14,27082,0
25972,13,14,26712,350
25972,13,14,26342,630
25972,13,14,25972,840
25972,13,14,1,1120
17804,13,14,19660,0
17804,13,14,18920,70
17804,13,14,18550,350
17804,13,14,17810,420
17804,13,14,1,490
29676,13,14,30792,0
29676,13,14,30422,420
29676,13,14,30052,700
29676,13,14,29682,910
29676,13,14,1,1190
14840,13,14,16322,0
14840,13,14,15952,70
14840,13,14,15582,350
14840,13,14,14842,420
14840,13,14,1,490
37100,13,14,37842,0
37100,13,14,37472,350
37100,13,14,37102,630
37100,13,14,1,840
23004,13,14,24114,0
23004,13,14,23744,350
23004,13,14,23374,630
23004,13,14,23004,840
23004,13,14,1,1120
15211,13,14,17063,0
15211,13,14,16323,70
15211,13,14,15953,350
15211,13,14,15213,420
15211,13,14,1,490
30047,13,14,31163,0
30047,13,14,30793,420
30047,13,14,30423,700
30047,13,14,30053,910
30047,13,14,1,1190
19281,13,14,20774,0
19281,13,14,20034,490
19281,13,14,19664,560
19281,13,14,19294,630
19281,13,14,1,700
27083,13,14,28195,0
27083,13,14,27825,140
27083,13,14,27455,560
27083,13,14,27085,770
27083,13,14,1,1050
16326,13,14,20766,0
16326,13,14,20396,350
16326,13,14,20026,420
16326,13,14,19656,490
16326,13,14,18916,560
16326,13,14,18546,630
16326,13,14,17806,700
16326,13,14,17436,770
16326,13,14,17066,840
16326,13,14,16326,910
16326,13,14,1,980
18915,13,14,20773,0
18915,13,14,20033,420
18915,13,14,19663,490
18915,13,14,18923,560
18915,13,14,1,630
38211,13,14,40065,0
38211,13,14,39695,420
38211,13,14,39325,700
38211,13,14,38955,910
38211,13,14,38585,1190
38211,13,14,38215,1470
35247,13,14,36357,0
35247,13,14,35987,350
35247,13,14,35617,560
35247,13,14,35247,840
35247,13,14,1,1050
27454,13,14,28566,0
27454,13,14,28196,350
27454,13,14,27826,560
27454,13,14,27456,840
27454,13,14,1,1120
20401,13,14,20777,0
20401,13,14,20407,420
20401,13,14,1,490
17437,13,14,19289,0
17437,13,14,18549,70
17437,13,14,18179,350
17437,13,14,17809,420
17437,13,14,1,490
32645,13,14,33760,0
32645,13,14,33390,420
32645,13,14,33020,700
32645,13,14,32650,910
32645,13,14,1,1190
35618,13,14,36728,0
35618,13,14,36358,350
35618,13,14,35988,560
35618,13,14,35618,840
35618,13,14,1,1050
28565,13,14,30789,0
28565,13,14,30419,350
28565,13,14,30049,630
28565,13,14,29679,910
28565,13,14,29309,1120
28565,13,14,28939,1400
25601,13,14,26711,0
25601,13,14,26341,210
25601,13,14,25971,560
25601,13,14,25601,840
25601,13,14,1,1050
17808,13,14,20030,0
17808,13,14,19290,70
17808,13,14,18920,350
17808,13,14,18180,420
17808,13,14,17810,490
17808,13,14,1,560
29680,13,14,30792,0
29680,13,14,30422,140
29680,13,14,30052,560
29680,13,14,29682,770
29680,13,14,1,1050
34131,13,14,35614,0
34131,13,14,35244,350
34131,13,14,34874,560
34131,13,14,34504,840
34131,13,14,34134,1120
34131,13,14,1,1330
20035,13,14,20776,0
20035,13,14,20406,350
20035,13,14,1,420
30051,13,14,31163,0
30051,13,14,30793,210
30051,13,14,30423,560
30051,13,14,30053,770
30051,13,14,1,1050
18910,13,14,20773,0
18910,13,14,20403,420
18910,13,14,19663,490
18910,13,14,19293,560
18910,13,14,18923,630
18910,13,14,1,700
18919,13,14,20773,0
18919,13,14,20403,70
18919,13,14,20033,350
18919,13,14,19293,420
18919,13,14,18923,490
18919,13,14,1,560
31163,13,14,32646,0
31163,13,14,32276,350
31163,13,14,31906,560
31163,13,14,31536,840
31163,13,14,31166,1120
31163,13,14,1,1330
15955,13,14,20765,0
15955,13,14,20395,70
15955,13,14,20025,350
15955,13,14,19655,420
15955,13,14,19285,490
15955,13,14,18545,560
15955,13,14,18175,630
15955,13,14,17435,700
15955,13,14,17065,770
15955,13,14,16695,840
15955,13,14,15955,910
15955,13,14,1,980
35242,13,14,36357,0
35242,13,14,35987,490
35242,13,14,35617,700
35242,13,14,35247,980
35242,13,14,1,1190
32278,13,14,32649,0
32278,13,14,32279,140
32278,13,14,1,490
24485,13,14,25968,0
24485,13,14,25598,420
24485,13,14,25228,700
24485,13,14,24858,910
24485,13,14,24488,1190
24485,13,14,1,1470
20396,13,14,21517,0
20396,13,14,21147,70
20396,13,14,20777,490
20396,13,14,1,770
17432,13,14,18919,0
17432,13,14,18179,70
17432,13,14,17809,350
17432,13,14,17439,420
17432,13,14,1,490
28198,13,14,29308,0
28198,13,14,28938,420
28198,13,14,28568,630
28198,13,14,28198,910
28198,13,14,1,1120
20405,13,14,20777,0
20405,13,14,20407,420
20405,13,14,1,490
35613,13,14,36728,0
35613,13,14,36358,490
35613,13,14,35988,700
35613,13,14,35618,980
35613,13,14,1,1190
32649,13,14,33020,0
32649,13,14,32650,210
32649,13,14,1,490
36728,13,14,38211,0
36728,13,14,37841,280
36728,13,14,37471,560
36728,13,14,37101,770
36728,13,14,36731,1050
36728,13,14,1,1260
21517,13,14,22260,0
21517,13,14,21890,70
21517,13,14,21520,560
21517,13,14,1,770
28569,13,14,29679,0
28569,13,14,29309,420
28569,13,14,28939,630
28569,13,14,28569,910
28569,13,14,1,1120
22632,13,14,23003,0
22632,13,14,22633,350
22632,13,14,1,630
14839,13,14,16322,0
14839,13,14,15952,70
14839,13,14,15582,350
14839,13,14,14842,420
14839,13,14,1,490
33760,13,14,35243,0
33760,13,14,34873,280
33760,13,14,34503,560
33760,13,14,34133,840
33760,13,14,33763,1050
33760,13,14,1,1330
20030,13,14,20776,0
20030,13,14,20406,350
20030,13,14,20036,420
20030,13,14,1,490
23003,13,14,23374,0
23003,13,14,23004,420
23003,13,14,1,630
37839,13,14,38954,0
37839,13,14,38584,350
37839,13,14,38214,630
37839,13,14,37844,840
37839,13,14,1,1120
34875,13,14,35246,0
34875,13,14,34876,210
34875,13,14,1,490
27082,13,14,28565,0
27082,13,14,28195,420
27082,13,14,27825,700
27082,13,14,27455,910
27082,13,14,27085,1190
27082,13,14,1,1400
18914,13,14,20773,0
18914,13,14,20403,420
18914,13,14,20033,490
18914,13,14,19293,560
18914,13,14,18923,630
18914,13,14,1,700
15950,13,14,17805,0
15950,13,14,17065,70
15950,13,14,16695,350
15950,13,14,15955,420
15950,13,14,1,490
18923,13,14,21513,0
18923,13,14,21143,70
18923,13,14,20773,490
18923,13,14,20033,770
18923,13,14,19663,840
18923,13,14,18923,910
18923,13,14,1,980
38210,13,14,39325,0
38210,13,14,38955,350
38210,13,14,38585,630
38210,13,14,38215,840
38210,13,14,1,1120
32273,13,14,33389,0
32273,13,14,33019,140
32273,13,14,32649,560
32273,13,14,32279,840
32273,13,14,1,1050
35246,13,14,35617,0
35246,13,14,35247,280
35246,13,14,1,560
24114,13,14,25597,0
24114,13,14,25227,420
24114,13,14,24857,630
24114,13,14,24487,910
24114,13,14,24117,1190
24114,13,14,1,1400
28193,13,14,29678,0
28193,13,14,29308,210
28193,13,14,28938,560
28193,13,14,28568,840
28193,13,14,28198,1050
28193,13,14,1,1330
20400,13,14,20777,0
20400,13,14,1,420
25229,13,14,25600,0
25229,13,14,25230,350
25229,13,14,1,630
17436,13,14,19289,0
17436,13,14,18549,70
17436,13,14,18179,350
17436,13,14,17809,420
17436,13,14,1,490
32644,13,14,33760,0
32644,13,14,33390,210
32644,13,14,33020,560
32644,13,14,32650,840
32644,13,14,1,1050
21512,13,14,22630,0
21512,13,14,22260,420
21512,13,14,21890,630
21512,13,14,21520,910
21512,13,14,1,1120
18548,13,14,20772,0
18548,13,14,20032,70
18548,13,14,19662,350
18548,13,14,18922,420
18548,13,14,18552,490
18548,13,14,1,560
36357,13,14,37840,0
36357,13,14,37470,280
36357,13,14,37100,560
36357,13,14,36730,770
36357,13,14,36360,1050
36357,13,14,1,1260
28564,13,14,30049,0
28564,13,14,29679,210
28564,13,14,29309,560
28564,13,14,28939,840
28564,13,14,28569,1050
28564,13,14,1,1330
25600,13,14,25971,0
25600,13,14,25601,350
25600,13,14,1,630
37472,13,14,37473,0
37472,13,14,1,420
29679,13,14,31162,0
29679,13,14,30792,420
29679,13,14,30422,700
29679,13,14,30052,980
29679,13,14,29682,1190
29679,13,14,1,1470
30791,13,14,33015,0
30791,13,14,32645,350
30791,13,14,32275,630
30791,13,14,31905,910
30791,13,14,31535,1120
30791,13,14,31165,1400
20025,13,14,21516,0
20025,13,14,21146,70
20025,13,14,20776,490
20025,13,14,20406,700
20025,13,14,20036,770
20025,13,14,1,840
20034,13,14,20776,0
20034,13,14,20406,420
20034,13,14,1,490
37843,13,14,37844,0
37843,13,14,1,420
26711,13,14,28194,0
26711,13,14,27824,420
26711,13,14,27454,700
26711,13,14,27084,910
26711,13,14,26714,1190
26711,13,14,1,1470
18918,13,14,20773,0
18918,13,14,20033,70
18918,13,14,19663,350
18918,13,14,18923,420
18918,13,14,1,490
31162,13,14,33386,0
31162,13,14,33016,140
31162,13,14,32646,490
31162,13,14,32276,770
31162,13,14,31906,980
31162,13,14,31536,1260
31162,13,14,31166,1470
15954,13,14,17435,0
15954,13,14,16695,70
15954,13,14,16325,350
15954,13,14,1,420
32277,13,14,33019,0
32277,13,14,32649,420
32277,13,14,32279,630
32277,13,14,1,910
21145,13,14,21519,0
21145,13,14,21149,350
21145,13,14,1,630
28197,13,14,28568,0
28197,13,14,28198,420
28197,13,14,1,700
18543,13,14,20772,0
18543,13,14,20032,420
18543,13,14,19662,490
18543,13,14,18922,560
18543,13,14,18552,630
18543,13,14,1,700
21516,13,14,21890,0
21516,13,14,21520,420
21516,13,14,1,630
18552,13,14,21142,0
18552,13,14,20772,420
18552,13,14,20402,700
18552,13,14,19662,770
18552,13,14,19292,840
18552,13,14,18552,910
18552,13,14,1,980
22631,13,14,23743,0
22631,13,14,23373,140
22631,13,14,23003,560
22631,13,14,22633,770
22631,13,14,1,1050
37467,13,14,38583,0
37467,13,14,38213,210
37467,13,14,37843,490
37467,13,14,37473,770
37467,13,14,1,1050
33759,13,14,35983,0
33759,13,14,35613,210
33759,13,14,35243,490
33759,13,14,34873,770
33759,13,14,34503,980
33759,13,14,34133,1260
33759,13,14,33763,1470
20029,13,14,20776,0
20029,13,14,20406,350
20029,13,14,20036,420
20029,13,14,1,490
30795,13,14,31905,0
30795,13,14,31535,350
30795,13,14,31165,630
30795,13,14,30795,910
30795,13,14,1,1120
37838,13,14,38954,0
37838,13,14,38584,210
37838,13,14,38214,490
37838,13,14,37844,770
37838,13,14,1,1050
34874,13,14,35616,0
34874,13,14,35246,420
34874,13,14,34876,630
34874,13,14,1,910
18913,13,14,21143,0
18913,13,14,20773,70
18913,13,14,20403,560
18913,13,14,20033,630
18913,13,14,19293,700
18913,13,14,18923,770
18913,13,14,1,840
31166,13,14,32276,0
31166,13,14,31906,280
31166,13,14,31536,490
31166,13,14,31166,770
31166,13,14,1,980
21140,13,14,21519,0
21140,13,14,21149,420
21140,13,14,1,630
24113,13,14,26337,0
24113,13,14,25967,140
24113,13,14,25597,560
24113,13,14,25227,840
24113,13,14,24857,1050
24113,13,14,24487,1330
21149,13,14,21889,0
21149,13,14,21519,490
21149,13,14,21149,700
21149,13,14,1,980
28192,13,14,29308,0
28192,13,14,28938,490
28192,13,14,28568,700
28192,13,14,28198,980
28192,13,14,1,1190
25228,13,14,26340,0
25228,13,14,25970,140
25228,13,14,25600,490
25228,13,14,25230,770
25228,13,14,1,1050
18547,13,14,20402,0
18547,13,14,19662,70
18547,13,14,19292,350
18547,13,14,18552,420
18547,13,14,1,490
21520,13,14,22260,0
21520,13,14,21890,490
21520,13,14,21520,700
21520,13,14,1,980
36356,13,14,38210,0
36356,13,14,37840,420
36356,13,14,37470,700
36356,13,14,37100,910
36356,13,14,36730,1190
36356,13,14,36360,1470
15583,13,14,17064,0
15583,13,14,16324,70
15583,13,14,15954,350
15583,13,14,1,420
33392,13,14,34502,0
33392,13,14,34132,280
33392,13,14,33762,560
33392,13,14,33392,770
33392,13,14,1,1050
37471,13,14,38213,0
37471,13,14,37843,350
37471,13,14,37473,630
37471,13,14,1,840
20024,13,14,21146,0
20024,13,14,20776,70
20024,13,14,20406,560
20024,13,14,20036,630
20024,13,14,1,700
30790,13,14,32275,0
30790,13,14,31905,350
30790,13,14,31535,560
30790,13,14,31165,840
30790,13,14,30795,1120
30790,13,14,1,1330
33763,13,14,34873,0
33763,13,14,34503,280
33763,13,14,34133,560
33763,13,14,33763,770
33763,13,14,1,1050
27826,13,14,28197,0
27826,13,14,27827,420
27826,13,14,1,700
37842,13,14,38584,0
37842,13,14,38214,350
37842,13,14,37844,630
37842,13,14,1,840
26710,13,14,28934,0
26710,13,14,28564,350
26710,13,14,28194,630
26710,13,14,27824,840
26710,13,14,27454,1120
26710,13,14,27084,1330
23746,13,14,24856,0
23746,13,14,24486,350
23746,13,14,24116,630
23746,13,14,23746,840
23746,13,14,1,1120
31161,13,14,32276,0
31161,13,14,31906,420
31161,13,14,31536,700
31161,13,14,31166,910
31161,13,14,1,1190
32276,13,14,33759,0
32276,13,14,33389,210
32276,13,14,33019,560
32276,13,14,32649,840
32276,13,14,32279,1050
32276,13,14,1,1330
17065,13,14,18918,0
17065,13,14,18178,70
17065,13,14,17808,350
17065,13,14,17438,420
17065,13,14,1,490
18171,13,14,21141,0
18171,13,14,20771,70
18171,13,14,20401,490
18171,13,14,19661,560
18171,13,14,19291,630
18171,13,14,18551,700
18171,13,14,18181,770
18171,13,14,1,840
21144,13,14,21519,0
21144,13,14,21149,420
21144,13,14,1,630
24117,13,14,25227,0
24117,13,14,24857,350
24117,13,14,24487,630
24117,13,14,24117,840
24117,13,14,1,1120
18180,13,14,19661,0
18180,13,14,18921,70
18180,13,14,18551,350
18180,13,14,1,420
35989,13,14,36729,0
35989,13,14,36359,490
35989,13,14,35989,770
35989,13,14,1,980
28196,13,14,29308,0
28196,13,14,28938,210
28196,13,14,28568,560
28196,13,14,28198,840
28196,13,14,1,1050
18542,13,14,21142,0
18542,13,14,20772,70
18542,13,14,20032,560
18542,13,14,19662,630
18542,13,14,18922,700
18542,13,14,18552,770
18542,13,14,1,840
29308,13,14,30791,0
29308,13,14,30421,420
29308,13,14,30051,700
29308,13,14,29681,980
29308,13,14,29311,1190
29308,13,14,1,1470
21515,13,14,21890,0
21515,13,14,21520,420
21515,13,14,1,630
18551,13,14,20032,0
18551,13,14,19292,70
18551,13,14,18922,350
18551,13,14,1,420
33387,13,14,34502,0
33387,13,14,34132,420
33387,13,14,33762,700
33387,13,14,33392,910
33387,13,14,1,1190
36360,13,14,37100,0
36360,13,14,36730,490
36360,13,14,36360,770
36360,13,14,1,980
30423,13,14,30794,0
30423,13,14,30424,420
30423,13,14,1,630
22630,13,14,24113,0
22630,13,14,23743,420
22630,13,14,23373,700
22630,13,14,23003,910
22630,13,14,22633,1190
22630,13,14,1,1400
14471,13,14,19651,0
14471,13,14,19281,70
14471,13,14,18911,350
14471,13,14,18541,420
14471,13,14,17801,490
14471,13,14,17431,560
14471,13,14,16691,630
14471,13,14,16321,700
14471,13,14,15951,770
14471,13,14,15211,840
14471,13,14,14841,910
14471,13,14,1,980
33758,13,14,34873,0
33758,13,14,34503,420
33758,13,14,34133,700
33758,13,14,33763,910
33758,13,14,1,1190
27821,13,14,28937,0
27821,13,14,28567,490
27821,13,14,28197,700
27821,13,14,27827,980
27821,13,14,1,1190
30794,13,14,31165,0
30794,13,14,30795,420
30794,13,14,1,630
34873,13,14,36356,0
34873,13,14,35986,350
34873,13,14,35616,560
34873,13,14,35246,840
34873,13,14,34876,1120
34873,13,14,1,1330
19662,13,14,20775,0
19662,13,14,20405,350
19662,13,14,20035,420
19662,13,14,1,490
20768,13,14,21518,0
20768,13,14,21148,70
20768,13,14,20778,560
20768,13,14,1,770
26714,13,14,27824,0
26714,13,14,27454,350
26714,13,14,27084,630
26714,13,14,26714,840
26714,13,14,1,1120
20777,13,14,20778,0
20777,13,14,1,420
21139,13,14,22259,0
21139,13,14,21889,350
21139,13,14,21519,630
21139,13,14,21149,910
21139,13,14,1,1120
31905,13,14,33388,0
31905,13,14,33018,210
31905,13,14,32648,560
31905,13,14,32278,840
31905,13,14,31908,1050
31905,13,14,1,1330
35984,13,14,37099,0
35984,13,14,36729,420
35984,13,14,36359,630
35984,13,14,35989,910
35984,13,14,1,1120
21148,13,14,21149,0
21148,13,14,1,490
33020,13,14,33391,0
33020,13,14,33021,210
33020,13,14,1,490
25227,13,14,26710,0
25227,13,14,26340,420
25227,13,14,25970,630
25227,13,14,25600,910
25227,13,14,25230,1120
25227,13,14,1,1400
26339,13,14,28563,0
26339,13,14,28193,350
26339,13,14,27823,630
26339,13,14,27453,840
26339,13,14,27083,1120
26339,13,14,26713,1330
36355,13,14,37470,0
36355,13,14,37100,350
36355,13,14,36730,630
36355,13,14,36360,840
36355,13,14,1,1120
15582,13,14,17434,0
15582,13,14,16694,70
15582,13,14,16324,350
15582,13,14,15954,420
15582,13,14,1,490
30418,13,14,31534,0
30418,13,14,31164,420
30418,13,14,30794,700
30418,13,14,30424,910
30418,13,14,1,1190
33391,13,14,33762,0
33391,13,14,33392,210
33391,13,14,1,490
37470,13,14,38953,0
37470,13,14,38583,280
37470,13,14,38213,560
37470,13,14,37843,770
37470,13,14,37473,1050
37470,13,14,1,1260
22259,13,14,23742,0
22259,13,14,23372,350
22259,13,14,23002,630
22259,13,14,22632,840
22259,13,14,22262,1120
22259,13,14,1,1330
38582,13,14,40436,0
38582,13,14,40066,420
38582,13,14,39696,700
38582,13,14,39326,910
38582,13,14,38956,1190
38582,13,14,38586,1470
30789,13,14,32275,0
30789,13,14,31905,140
30789,13,14,31535,490
30789,13,14,31165,700
30789,13,14,30795,980
30789,13,14,1,1260
27825,13,14,28937,0
27825,13,14,28567,350
27825,13,14,28197,560
27825,13,14,27827,840
27825,13,14,1,1120
19657,13,14,21145,0
19657,13,14,20775,70
19657,13,14,20405,490
19657,13,14,19665,560
19657,13,14,1,630
16693,13,14,18547,0
16693,13,14,17807,70
16693,13,14,17437,350
16693,13,14,17067,420
16693,13,14,1,490
34502,13,14,35985,0
34502,13,14,35615,350
34502,13,14,35245,560
34502,13,14,34875,840
34502,13,14,34505,1120
34502,13,14,1,1330
13729,13,14,18909,0
13729,13,14,18539,70
13729,13,14,18169,350
13729,13,14,17799,420
13729,13,14,17059,490
13729,13,14,16689,560
13729,13,14,15949,630
13729,13,14,15579,700
13729,13,14,15209,770
13729,13,14,14469,840
13729,13,14,14099,910
13729,13,14,1,980
26709,13,14,28194,0
26709,13,14,27824,140
26709,13,14,27454,560
26709,13,14,27084,770
26709,13,14,26714,1050
26709,13,14,1,1260
20772,13,14,20778,0
20772,13,14,1,420
23745,13,14,24116,0
23745,13,14,23746,350
23745,13,14,1,630
17064,13,14,18918,0
17064,13,14,18178,70
17064,13,14,17808,350
17064,13,14,17438,420
17064,13,14,1,490
28936,13,14,31160,0
28936,13,14,30790,350
28936,13,14,30420,630
28936,13,14,30050,840
28936,13,14,29680,1120
28936,13,14,29310,1330
14100,13,14,19280,0
14100,13,14,18910,70
14100,13,14,18540,350
14100,13,14,18170,420
14100,13,14,17430,490
14100,13,14,17060,560
14100,13,14,16320,630
14100,13,14,15950,700
14100,13,14,15580,770
14100,13,14,14840,840
14100,13,14,14470,910
14100,13,14,1,980
21143,13,14,21889,0
21143,13,14,21519,70
21143,13,14,21149,560
21143,13,14,1,770
18179,13,14,20031,0
18179,13,14,19291,70
18179,13,14,18921,350
18179,13,14,18551,420
18179,13,14,1,490
33015,13,14,34131,0
33015,13,14,33761,210
33015,13,14,33391,560
33015,13,14,33021,840
33015,13,14,1,1050
35988,13,14,35989,0
35988,13,14,1,490
29307,13,14,31531,0
29307,13,14,31161,350
29307,13,14,30791,630
29307,13,14,30421,840
29307,13,14,30051,1120
29307,13,14,29681,1330
26343,13,14,27453,0
26343,13,14,27083,350
26343,13,14,26713,630
26343,13,14,26343,840
26343,13,14,1,1120
30422,13,14,31534,0
30422,13,14,31164,210
30422,13,14,30794,560
30422,13,14,30424,770
30422,13,14,1,1050
19290,13,14,20774,0
19290,13,14,20404,350
19290,13,14,19664,420
19290,13,14,19294,490
19290,13,14,1,560
19661,13,14,20775,0
19661,13,14,20035,420
19661,13,14,19665,490
19661,13,14,1,560
31533,13,14,33387,0
31533,13,14,33017,490
31533,13,14,32647,700
31533,13,14,32277,980
31533,13,14,31907,1190
31533,13,14,31537,1470
16697,13,14,20767,0
16697,13,14,20397,420
16697,13,14,20027,490
16697,13,14,19287,560
16697,13,14,18917,630
16697,13,14,18177,700
16697,13,14,17807,770
16697,13,14,17437,840
16697,13,14,16697,910
16697,13,14,1,980
20767,13,14,21518,0
20767,13,14,21148,70
20767,13,14,20778,560
20767,13,14,1,770
20776,13,14,21148,0
20776,13,14,20778,70
20776,13,14,1,490
31904,13,14,33758,0
31904,13,14,33388,490
31904,13,14,33018,700
31904,13,14,32648,980
31904,13,14,32278,1190
31904,13,14,31908,1470
25967,13,14,27452,0
25967,13,14,27082,140
25967,13,14,26712,560
25967,13,14,26342,770
25967,13,14,25972,1050
25967,13,14,1,1260
28940,13,14,30050,0
28940,13,14,29680,350
28940,13,14,29310,630
28940,13,14,28940,910
28940,13,14,1,1120
33019,13,14,33761,0
33019,13,14,33391,420
33019,13,14,33021,630
33019,13,14,1,910
29311,13,14,30421,0
29311,13,14,30051,350
29311,13,14,29681,630
29311,13,14,29311,910
29311,13,14,1,1120
23374,13,14,23745,0
23374,13,14,23375,350
23374,13,14,1,630
16321,13,14,18176,0
16321,13,14,17436,70
16321,13,14,17066,350
16321,13,14,16326,420
16321,13,14,1,490
19294,13,14,21514,0
19294,13,14,21144,70
19294,13,14,20774,560
19294,13,14,20404,770
19294,13,14,20034,840
19294,13,14,19294,910
19294,13,14,1,980
38581,13,14,39696,0
38581,13,14,39326,350
38581,13,14,38956,630
38581,13,14,38586,840
38581,13,14,1,1120
16692,13,14,18547,0
16692,13,14,17437,70
16692,13,14,17067,350
16692,13,14,16697,420
16692,13,14,1,490
19665,13,14,21515,0
19665,13,14,21145,350
19665,13,14,20775,560
19665,13,14,20405,840
19665,13,14,19665,910
19665,13,14,1,980
34501,13,14,36725,0
34501,13,14,36355,210
34501,13,14,35985,490
34501,13,14,35615,770
34501,13,14,35245,980
34501,13,14,34875,1260
34501,13,14,34505,1470
31537,13,14,32647,0
31537,13,14,32277,280
31537,13,14,31907,490
31537,13,14,31537,770
31537,13,14,1,980
20771,13,14,20778,0
20771,13,14,1,420
24856,13,14,26339,0
24856,13,14,25969,420
24856,13,14,25599,700
24856,13,14,25229,910
24856,13,14,24859,1190
24856,13,14,1,1400
28935,13,14,30420,0
28935,13,14,30050,140
28935,13,14,29680,560
28935,13,14,29310,770
28935,13,14,28940,1050
28935,13,14,1,1330
14099,13,14,15580,0
14099,13,14,14840,70
14099,13,14,14470,350
14099,13,14,14100,420
14099,13,14,1,490
31908,13,14,33018,0
31908,13,14,32648,280
31908,13,14,32278,490
31908,13,14,31908,770
31908,13,14,1,980
25971,13,14,26342,0
25971,13,14,25972,350
25971,13,14,1,630
17803,13,14,19660,0
17803,13,14,18920,70
17803,13,14,18550,350
17803,13,14,17810,420
17803,13,14,1,490
37099,13,14,38582,0
37099,13,14,38212,280
37099,13,14,37842,560
37099,13,14,37472,770
37099,13,14,37102,1050
37099,13,14,1,1260
26342,13,14,26713,0
26342,13,14,26343,350
26342,13,14,1,630
15210,13,14,16693,0
15210,13,14,16323,70
15210,13,14,15953,350
15210,13,14,15213,420
15210,13,14,1,490
19280,13,14,21514,0
19280,13,14,21144,490
19280,13,14,20774,700
19280,13,14,20404,980
19280,13,14,19664,1050
19280,13,14,19294,1120
19280,13,14,1,1190
19289,13,14,20774,0
19289,13,14,20404,70
19289,13,14,20034,350
19289,13,14,19294,420
19289,13,14,1,490
22262,13,14,23372,0
22262,13,14,23002,350
22262,13,14,22632,630
22262,13,14,22262,840
22262,13,14,1,1120
16325,13,14,17806,0
16325,13,14,17066,70
16325,13,14,16696,350
16325,13,14,1,420
19651,13,14,21885,0
19651,13,14,21515,70
19651,13,14,21145,490
19651,13,14,20775,770
19651,13,14,20035,1050
19651,13,14,19665,1120
19651,13,14,1,1190
27453,13,14,29306,0
27453,13,14,28936,140
27453,13,14,28566,490
27453,13,14,28196,770
27453,13,14,27826,980
27453,13,14,27456,1260
27453,13,14,1,1470
31532,13,14,32647,0
31532,13,14,32277,420
31532,13,14,31907,630
31532,13,14,31537,910
31532,13,14,1,1190
16696,13,14,18177,0
16696,13,14,17437,70
16696,13,14,17067,350
16696,13,14,1,420
34505,13,14,35615,0
34505,13,14,35245,350
34505,13,14,34875,560
34505,13,14,34505,770
34505,13,14,1,1050
20766,13,14,21148,0
20766,13,14,20778,420
20766,13,14,1,630
1,14,15,1,0
35617,14,15,35988,0
35617,14,15,35618,280
35617,14,15,1,560
39696,14,15,41179,0
39696,14,15,40809,280
39696,14,15,40439,560
39696,14,15,40069,770
39696,14,15,39699,1050
39696,14,15,1,1260
28939,14,15,29310,0
28939,14,15,28940,420
28939,14,15,1,630
17807,14,15,20030,0
17807,14,15,19290,70
17807,14,15,18920,350
17807,14,15,18180,420
17807,14,15,17810,490
17807,14,15,1,560
34130,14,15,36354,0
34130,14,15,35984,210
34130,14,15,35614,490
34130,14,15,35244,770
34130,14,15,34874,980
34130,14,15,34504,1260
34130,14,15,34134,1470
23373,14,15,24485,0
23373,14,15,24115,140
23373,14,15,23745,560
23373,14,15,23375,770
23373,14,15,1,1050
30050,14,15,31533,0
30050,14,15,31163,420
30050,14,15,30793,700
30050,14,15,30423,980
30050,14,15,30053,1190
30050,14,15,1,1470
19284,14,15,21144,0
19284,14,15,20774,350
19284,14,15,20404,630
19284,14,15,19664,700
19284,14,15,19294,770
19284,14,15,1,840
16320,14,15,17806,0
16320,14,15,17066,70
16320,14,15,16696,350
16320,14,15,16326,420
16320,14,15,1,490
19293,14,15,20774,0
19293,14,15,20034,70
19293,14,15,19664,350
19293,14,15,1,420
38214,14,15,38215,0
38214,14,15,1,420
34500,14,15,35615,0
34500,14,15,35245,420
34500,14,15,34875,700
34500,14,15,34505,910
34500,14,15,1,1190
31536,14,15,31537,0
31536,14,15,1,490
20395,14,15,21147,0
20395,14,15,20777,350
20395,14,15,20407,560
20395,14,15,1,630
35612,14,15,36728,0
35612,14,15,36358,350
35612,14,15,35988,630
35612,14,15,35618,840
35612,14,15,1,1120
20404,14,15,20777,0
20404,14,15,20407,420
20404,14,15,1,490
32648,14,15,33390,0
32648,14,15,33020,420
32648,14,15,32650,630
32648,14,15,1,910
24855,14,15,27079,0
24855,14,15,26709,350
24855,14,15,26339,560
24855,14,15,25969,840
24855,14,15,25599,1120
24855,14,15,25229,1330
21891,14,15,22631,0
21891,14,15,22261,420
21891,14,15,21891,700
21891,14,15,1,980
36727,14,15,38581,0
36727,14,15,38211,420
36727,14,15,37841,700
36727,14,15,37471,910
36727,14,15,37101,1190
36727,14,15,36731,1470
28934,14,15,30050,0
28934,14,15,29680,420
28934,14,15,29310,700
28934,14,15,28940,910
28934,14,15,1,1190
25970,14,15,27082,0
25970,14,15,26712,140
25970,14,15,26342,560
25970,14,15,25972,770
25970,14,15,1,1050
17802,14,15,20770,0
17802,14,15,20030,70
17802,14,15,19660,350
17802,14,15,19290,420
17802,14,15,18550,490
17802,14,15,18180,560
17802,14,15,1,630
28568,14,15,28939,0
28568,14,15,28569,420
28568,14,15,1,700
37098,14,15,38952,0
37098,14,15,38582,420
37098,14,15,38212,700
37098,14,15,37842,910
37098,14,15,37472,1190
37098,14,15,37102,1470
34134,14,15,35244,0
34134,14,15,34874,350
34134,14,15,34504,560
34134,14,15,34134,770
34134,14,15,1,1050
23002,14,15,24114,0
23002,14,15,23744,140
23002,14,15,23374,560
23002,14,15,23004,770
23002,14,15,1,1050
15209,14,15,17063,0
15209,14,15,16323,70
15209,14,15,15953,350
15209,14,15,15213,420
15209,14,15,1,490
27081,14,15,29305,0
27081,14,15,28935,140
27081,14,15,28565,560
27081,14,15,28195,840
27081,14,15,27825,1050
27081,14,15,27455,1330
19288,14,15,20774,0
19288,14,15,20034,70
19288,14,15,19664,350
19288,14,15,19294,420
19288,14,15,1,490
16324,14,15,18176,0
16324,14,15,17436,70
16324,14,15,17066,350
16324,14,15,16696,420
16324,14,15,1,490
18922,14,15,20403,0
18922,14,15,19663,70
18922,14,15,19293,350
18922,14,15,1,420
35245,14,15,35987,0
35245,14,15,35617,420
35245,14,15,35247,700
35245,14,15,1,910
27452,14,15,29676,0
27452,14,15,29306,350
27452,14,15,28936,630
27452,14,15,28566,910
27452,14,15,28196,1120
27452,14,15,27826,1400
24488,14,15,25598,0
24488,14,15,25228,350
24488,14,15,24858,630
24488,14,15,24488,840
24488,14,15,1,1120
39324,14,15,41178,0
39324,14,15,40808,420
39324,14,15,40438,700
39324,14,15,40068,910
39324,14,15,39698,1190
39324,14,15,39328,1470
31531,14,15,32647,0
31531,14,15,32277,140
31531,14,15,31907,560
31531,14,15,31537,770
31531,14,15,1,1050
17435,14,15,19289,0
17435,14,15,18549,70
17435,14,15,18179,350
17435,14,15,17809,420
17435,14,15,1,490
35616,14,15,36358,0
35616,14,15,35988,420
35616,14,15,35618,700
35616,14,15,1,910
39695,14,15,41549,0
39695,14,15,41179,420
39695,14,15,40809,700
39695,14,15,40439,910
39695,14,15,40069,1190
39695,14,15,39699,1470
36731,14,15,37471,0
36731,14,15,37101,490
36731,14,15,36731,770
36731,14,15,1,980
28563,14,15,29679,0
28563,14,15,29309,490
28563,14,15,28939,700
28563,14,15,28569,980
28563,14,15,1,1190
25599,14,15,26711,0
25599,14,15,26341,140
25599,14,15,25971,490
25599,14,15,25601,770
25599,14,15,1,1050
17806,14,15,20030,0
17806,14,15,19290,70
17806,14,15,18920,350
17806,14,15,18180,420
17806,14,15,17810,490
17806,14,15,1,560
29678,14,15,31902,0
29678,14,15,31532,350
29678,14,15,31162,630
29678,14,15,30792,840
29678,14,15,30422,1120
29678,14,15,30052,1330
14842,14,15,19652,0
14842,14,15,19282,70
14842,14,15,18912,350
14842,14,15,18172,420
14842,14,15,17802,490
14842,14,15,17062,560
14842,14,15,16692,630
14842,14,15,16322,700
14842,14,15,15582,770
14842,14,15,15212,840
14842,14,15,1,910
34129,14,15,35244,0
34129,14,15,34874,420
34129,14,15,34504,700
34129,14,15,34134,910
34129,14,15,1,1190
20033,14,15,20776,0
20033,14,15,20406,420
20033,14,15,1,490
30049,14,15,32273,0
30049,14,15,31903,350
30049,14,15,31533,630
30049,14,15,31163,840
30049,14,15,30793,1120
30049,14,15,30423,1330
27085,14,15,28195,0
27085,14,15,27825,350
27085,14,15,27455,630
27085,14,15,27085,840
27085,14,15,1,1120
18917,14,15,20403,0
18917,14,15,19663,70
18917,14,15,19293,350
18917,14,15,18923,420
18917,14,15,1,490
15953,14,15,17805,0
15953,14,15,17065,70
15953,14,15,16695,350
15953,14,15,16325,420
15953,14,15,1,490
38213,14,15,38955,0
38213,14,15,38585,350
38213,14,15,38215,630
38213,14,15,1,840
17430,14,15,20769,0
17430,14,15,19659,70
17430,14,15,19289,350
17430,14,15,18919,420
17430,14,15,18549,490
17430,14,15,17809,560
17430,14,15,17439,630
17430,14,15,1,700
20403,14,15,20777,0
20403,14,15,1,490
32647,14,15,34130,0
32647,14,15,33760,280
32647,14,15,33390,560
32647,14,15,33020,840
32647,14,15,32650,1050
32647,14,15,1,1330
17439,14,15,21139,0
17439,14,15,20769,70
17439,14,15,20029,560
17439,14,15,19659,630
17439,14,15,18919,700
17439,14,15,18549,770
17439,14,15,18179,840
17439,14,15,17439,910
17439,14,15,1,980
36726,14,15,37841,0
36726,14,15,37471,350
36726,14,15,37101,630
36726,14,15,36731,840
36726,14,15,1,1120
28567,14,15,29679,0
28567,14,15,29309,210
28567,14,15,28939,560
28567,14,15,28569,840
28567,14,15,1,1050
17801,14,15,20770,0
17801,14,15,20400,70
17801,14,15,20030,350
17801,14,15,19660,420
17801,14,15,18920,490
17801,14,15,18550,560
17801,14,15,17810,630
17801,14,15,1,700
29682,14,15,30792,0
29682,14,15,30422,350
29682,14,15,30052,630
29682,14,15,29682,840
29682,14,15,1,1120
27080,14,15,28565,0
27080,14,15,28195,140
27080,14,15,27825,490
27080,14,15,27455,770
27080,14,15,27085,980
27080,14,15,1,1260
18912,14,15,21143,0
18912,14,15,20773,70
18912,14,15,20403,560
18912,14,15,19663,630
18912,14,15,19293,700
18912,14,15,1,770
18921,14,15,20773,0
18921,14,15,20033,70
18921,14,15,19663,350
18921,14,15,19293,420
18921,14,15,1,490
31165,14,15,31536,0
31165,14,15,31166,140
31165,14,15,1,490
35244,14,15,36727,0
35244,14,15,36357,350
35244,14,15,35987,630
35244,14,15,35617,840
35244,14,15,35247,1120
35244,14,15,1,1400
39323,14,15,40438,0
39323,14,15,40068,350
39323,14,15,39698,630
39323,14,15,39328,840
39323,14,15,1,1120
20398,14,15,21147,0
20398,14,15,20777,350
20398,14,15,20407,630
20398,14,15,1,700
17434,14,15,19289,0
17434,14,15,18179,70
17434,14,15,17809,350
17434,14,15,17439,420
17434,14,15,1,490
35615,14,15,37098,0
35615,14,15,36728,350
35615,14,15,36358,630
35615,14,15,35988,840
35615,14,15,35618,1120
35615,14,15,1,1400
36730,14,15,36731,0
36730,14,15,1,420
21519,14,15,21520,0
21519,14,15,1,490
25598,14,15,27081,0
25598,14,15,26711,420
25598,14,15,26341,700
25598,14,15,25971,910
25598,14,15,25601,1190
25598,14,15,1,1400
29677,14,15,31162,0
29677,14,15,30792,140
29677,14,15,30422,560
29677,14,15,30052,770
29677,14,15,29682,1050
29677,14,15,1,1330
33762,14,15,34133,0
33762,14,15,33763,210
33762,14,15,1,490
20032,14,15,20776,0
20032,14,15,20406,420
20032,14,15,20036,490
20032,14,15,1,560
37841,14,15,39324,0
37841,14,15,38954,280
37841,14,15,38584,560
37841,14,15,38214,770
37841,14,15,37844,1050
37841,14,15,1,1260
27084,14,15,27455,0
27084,14,15,27085,350
27084,14,15,1,630
18916,14,15,20403,0
18916,14,15,19663,70
18916,14,15,19293,350
18916,14,15,18923,420
18916,14,15,1,490
15952,14,15,17805,0
15952,14,15,17065,70
15952,14,15,16695,350
15952,14,15,16325,420
15952,14,15,1,490
31160,14,15,32276,0
31160,14,15,31906,210
31160,14,15,31536,560
31160,14,15,31166,840
31160,14,15,1,1050
38212,14,15,39695,0
38212,14,15,39325,280
38212,14,15,38955,560
38212,14,15,38585,770
38212,14,15,38215,1050
38212,14,15,1,1260
32275,14,15,34499,0
32275,14,15,34129,140
32275,14,15,33759,490
32275,14,15,33389,770
32275,14,15,33019,980
32275,14,15,32649,1260
32275,14,15,32279,1470
39327,14,15,39328,0
39327,14,15,1,420
24116,14,15,24487,0
24116,14,15,24117,350
24116,14,15,1,630
20393,14,15,21887,0
20393,14,15,21517,350
20393,14,15,21147,560
20393,14,15,20777,840
20393,14,15,1,1120
28195,14,15,29678,0
28195,14,15,29308,490
28195,14,15,28938,700
28195,14,15,28568,980
28195,14,15,28198,1260
28195,14,15,1,1470
17438,14,15,18919,0
17438,14,15,17809,70
17438,14,15,17439,350
17438,14,15,1,420
32646,14,15,34870,0
32646,14,15,34500,210
32646,14,15,34130,490
32646,14,15,33760,770
32646,14,15,33390,980
32646,14,15,33020,1260
32646,14,15,32650,1470
18541,14,15,21142,0
18541,14,15,20772,70
18541,14,15,20402,490
18541,14,15,20032,560
18541,14,15,19292,630
18541,14,15,18922,700
18541,14,15,1,770
21514,14,15,22630,0
21514,14,15,22260,350
21514,14,15,21890,630
21514,14,15,21520,910
21514,14,15,1,1120
18550,14,15,20402,0
18550,14,15,19662,70
18550,14,15,19292,350
18550,14,15,18922,420
18550,14,15,1,490
36359,14,15,36360,0
36359,14,15,1,420
28566,14,15,30049,0
28566,14,15,29679,490
28566,14,15,29309,700
28566,14,15,28939,980
28566,14,15,28569,1260
28566,14,15,1,1470
29681,14,15,30052,0
29681,14,15,29682,420
29681,14,15,1,630
14470,14,15,15951,0
14470,14,15,15211,70
14470,14,15,14841,350
14470,14,15,14471,420
14470,14,15,1,490
30793,14,15,31905,0
30793,14,15,31535,210
30793,14,15,31165,560
30793,14,15,30795,770
30793,14,15,1,1050
20027,14,15,21146,0
20027,14,15,20776,350
20027,14,15,20406,560
20027,14,15,20036,630
20027,14,15,1,700
20036,14,15,21516,0
20036,14,15,21146,420
20036,14,15,20776,630
20036,14,15,20036,910
20036,14,15,1,980
34872,14,15,37096,0
34872,14,15,36726,210
34872,14,15,36356,490
34872,14,15,35986,770
34872,14,15,35616,980
34872,14,15,35246,1260
34872,14,15,34876,1470
18911,14,15,20773,0
18911,14,15,20403,420
18911,14,15,19663,490
18911,14,15,19293,560
18911,14,15,18923,630
18911,14,15,1,700
26713,14,15,27084,0
26713,14,15,26714,420
26713,14,15,1,630
18920,14,15,20773,0
18920,14,15,20033,70
18920,14,15,19663,350
18920,14,15,19293,420
18920,14,15,1,490
31164,14,15,31906,0
31164,14,15,31536,420
31164,14,15,31166,630
31164,14,15,1,910
35243,14,15,37467,0
35243,14,15,37097,280
35243,14,15,36727,560
35243,14,15,36357,770
35243,14,15,35987,1050
35243,14,15,35617,1260
32279,14,15,33389,0
32279,14,15,33019,280
32279,14,15,32649,490
32279,14,15,32279,770
32279,14,15,1,980
17068,14,15,21138,0
17068,14,15,20768,70
17068,14,15,20398,490
17068,14,15,19658,560
17068,14,15,19288,630
17068,14,15,18548,700
17068,14,15,18178,770
17068,14,15,17808,840
17068,14,15,17068,910
17068,14,15,1,980
21147,14,15,21149,0
21147,14,15,1,420
25226,14,15,27450,0
25226,14,15,27080,140
25226,14,15,26710,560
25226,14,15,26340,840
25226,14,15,25970,1050
25226,14,15,25600,1330
18545,14,15,20032,0
18545,14,15,19292,70
18545,14,15,18922,350
18545,14,15,18552,420
18545,14,15,1,490
36354,14,15,37470,0
36354,14,15,37100,210
36354,14,15,36730,490
36354,14,15,36360,770
36354,14,15,1,1050
15581,14,15,17434,0
15581,14,15,16694,70
15581,14,15,16324,350
15581,14,15,15954,420
15581,14,15,1,490
21518,14,15,22260,0
21518,14,15,21890,70
21518,14,15,21520,560
21518,14,15,1,770
33390,14,15,34132,0
33390,14,15,33762,420
33390,14,15,33392,630
33390,14,15,1,910
25597,14,15,27821,0
25597,14,15,27451,350
25597,14,15,27081,560
25597,14,15,26711,840
25597,14,15,26341,1120
25597,14,15,25971,1330
22633,14,15,23743,0
22633,14,15,23373,350
22633,14,15,23003,630
22633,14,15,22633,840
22633,14,15,1,1120
37469,14,15,39323,0
37469,14,15,38953,420
37469,14,15,38583,700
37469,14,15,38213,910
37469,14,15,37843,1190
37469,14,15,37473,1470
33761,14,15,34503,0
33761,14,15,34133,420
33761,14,15,33763,630
33761,14,15,1,910
27824,14,15,29677,0
27824,14,15,29307,140
27824,14,15,28937,490
27824,14,15,28567,770
27824,14,15,28197,980
27824,14,15,27827,1260
27824,14,15,1,1470
20031,14,15,20776,0
20031,14,15,20036,420
20031,14,15,1,490
37840,14,15,39694,0
37840,14,15,39324,420
37840,14,15,38954,700
37840,14,15,38584,910
37840,14,15,38214,1190
37840,14,15,37844,1470
34876,14,15,35986,0
34876,14,15,35616,280
34876,14,15,35246,560
34876,14,15,34876,770
34876,14,15,1,1050
38952,14,15,40067,0
38952,14,15,39697,350
38952,14,15,39327,630
38952,14,15,38957,840
38952,14,15,1,1120
23744,14,15,24856,0
23744,14,15,24486,140
23744,14,15,24116,560
23744,14,15,23746,770
23744,14,15,1,1050
15951,14,15,17805,0
15951,14,15,17065,70
15951,14,15,16695,350
15951,14,15,16325,420
15951,14,15,15955,490
15951,14,15,1,560
40067,14,15,41550,0
40067,14,15,41180,280
40067,14,15,40810,560
40067,14,15,40440,770
40067,14,15,40070,1050
40067,14,15,1,1260
32274,14,15,33389,0
32274,14,15,33019,420
32274,14,15,32649,700
32274,14,15,32279,910
32274,14,15,1,1190
17063,14,15,18918,0
17063,14,15,17808,70
17063,14,15,17438,350
17063,14,15,17068,420
17063,14,15,1,490
21142,14,15,21889,0
21142,14,15,21519,70
21142,14,15,21149,490
21142,14,15,1,770
24115,14,15,25227,0
24115,14,15,24857,140
24115,14,15,24487,560
24115,14,15,24117,770
24115,14,15,1,1050
18178,14,15,20031,0
18178,14,15,19291,70
18178,14,15,18921,350
18178,14,15,18551,420
18178,14,15,1,490
35987,14,15,36729,0
35987,14,15,36359,350
35987,14,15,35989,630
35987,14,15,1,840
28194,14,15,30418,0
28194,14,15,30048,350
28194,14,15,29678,630
28194,14,15,29308,910
28194,14,15,28938,1120
28194,14,15,28568,1400
25230,14,15,26340,0
25230,14,15,25970,210
25230,14,15,25600,560
25230,14,15,25230,840
25230,14,15,1,1050
29306,14,15,30791,0
29306,14,15,30421,140
29306,14,15,30051,560
29306,14,15,29681,770
29306,14,15,29311,1050
29306,14,15,1,1330
18540,14,15,20772,0
18540,14,15,20402,350
18540,14,15,20032,420
18540,14,15,19292,490
18540,14,15,18922,560
18540,14,15,18552,630
18540,14,15,1,700
21513,14,15,22630,0
21513,14,15,22260,350
21513,14,15,21890,630
21513,14,15,21520,910
21513,14,15,1,1120
18549,14,15,20402,0
18549,14,15,19662,70
18549,14,15,19292,350
18549,14,15,18922,420
18549,14,15,1,490
36358,14,15,37100,0
36358,14,15,36730,350
36358,14,15,36360,630
36358,14,15,1,840
30421,14,15,31904,0
30421,14,15,31534,420
30421,14,15,31164,700
30421,14,15,30794,980
30421,14,15,30424,1190
30421,14,15,1,1470
37473,14,15,38213,0
37473,14,15,37843,490
37473,14,15,37473,770
37473,14,15,1,980
14469,14,15,16321,0
14469,14,15,15951,70
14469,14,15,15581,350
14469,14,15,14841,420
14469,14,15,14471,490
14469,14,15,1,560
30792,14,15,32645,0
30792,14,15,32275,140
30792,14,15,31905,490
30792,14,15,31535,700
30792,14,15,31165,980
30792,14,15,30795,1260
30792,14,15,1,1470
20026,14,15,21516,0
20026,14,15,21146,70
20026,14,15,20776,490
20026,14,15,20406,700
20026,14,15,20036,770
20026,14,15,1,840
34871,14,15,35986,0
34871,14,15,35616,420
34871,14,15,35246,700
34871,14,15,34876,910
34871,14,15,1,1190
19660,14,15,20775,0
19660,14,15,20405,350
19660,14,15,19665,420
19660,14,15,1,490
26712,14,15,27824,0
26712,14,15,27454,140
26712,14,15,27084,560
26712,14,15,26714,770
26712,14,15,1,1050
20775,14,15,21148,0
20775,14,15,20778,70
20775,14,15,1,490
38956,14,15,38957,0
38956,14,15,1,420
31903,14,15,33018,0
31903,14,15,32648,420
31903,14,15,32278,630
31903,14,15,31908,910
31903,14,15,1,1190
17067,14,15,18548,0
17067,14,15,17438,70
17067,14,15,17068,350
17067,14,15,1,420
18173,14,15,20771,0
18173,14,15,20401,70
18173,14,15,20031,140
18173,14,15,19661,350
18173,14,15,19291,420
18173,14,15,18921,490
18173,14,15,18181,560
18173,14,15,1,630
21146,14,15,21149,0
21146,14,15,1,420
33018,14,15,34501,0
33018,14,15,34131,280
33018,14,15,33761,560
33018,14,15,33391,840
33018,14,15,33021,1050
33018,14,15,1,1330
26337,14,15,27453,0
26337,14,15,27083,420
26337,14,15,26713,700
26337,14,15,26343,910
26337,14,15,1,1190
29310,14,15,29681,0
29310,14,15,29311,420
29310,14,15,1,630
18544,14,15,20772,0
18544,14,15,20402,70
18544,14,15,20032,350
18544,14,15,19662,420
18544,14,15,19292,490
18544,14,15,18552,560
18544,14,15,1,630
15580,14,15,17434,0
15580,14,15,16694,70
15580,14,15,16324,350
15580,14,15,15954,420
15580,14,15,1,490
33389,14,15,34872,0
33389,14,15,34502,280
33389,14,15,34132,560
33389,14,15,33762,840
33389,14,15,33392,1050
33389,14,15,1,1330
37468,14,15,38583,0
37468,14,15,38213,350
37468,14,15,37843,630
37468,14,15,37473,840
37468,14,15,1,1120
27823,14,15,30047,0
27823,14,15,29677,350
27823,14,15,29307,630
27823,14,15,28937,910
27823,14,15,28567,1120
27823,14,15,28197,1400
19655,14,15,21145,0
19655,14,15,20775,420
19655,14,15,20035,700
19655,14,15,19665,770
19655,14,15,1,840
16691,14,15,18177,0
16691,14,15,17437,70
16691,14,15,17067,350
16691,14,15,16697,420
16691,14,15,1,490
19664,14,15,20775,0
19664,14,15,20405,70
19664,14,15,20035,350
19664,14,15,1,420
20770,14,15,21148,0
20770,14,15,20778,350
20770,14,15,1,630
23743,14,15,25596,0
23743,14,15,25226,70
23743,14,15,24856,420
23743,14,15,24486,700
23743,14,15,24116,910
23743,14,15,23746,1190
23743,14,15,1,1470
40066,14,15,41920,0
40066,14,15,41550,420
40066,14,15,41180,700
40066,14,15,40810,910
40066,14,15,40440,1190
40066,14,15,40070,1470
17062,14,15,18548,0
17062,14,15,17808,70
17062,14,15,17438,350
17062,14,15,17068,420
17062,14,15,1,490
31907,14,15,31908,0
31907,14,15,1,490
21141,14,15,21519,0
21141,14,15,21149,350
21141,14,15,1,630
18177,14,15,20401,0
18177,14,15,19291,70
18177,14,15,18921,350
18177,14,15,18551,420
18177,14,15,18181,490
18177,14,15,1,560
35986,14,15,37469,0
35986,14,15,37099,280
35986,14,15,36729,560
35986,14,15,36359,770
35986,14,15,35989,1050
35986,14,15,1,1330
29305,14,15,30421,0
29305,14,15,30051,420
29305,14,15,29681,700
29305,14,15,29311,910
29305,14,15,1,1190
18539,14,15,20772,0
18539,14,15,20402,350
18539,14,15,20032,420
18539,14,15,19292,490
18539,14,15,18922,560
18539,14,15,18552,630
18539,14,15,1,700
26341,14,15,27453,0
26341,14,15,27083,140
26341,14,15,26713,560
26341,14,15,26343,770
26341,14,15,1,1050
15584,14,15,20764,0
15584,14,15,20024,70
15584,14,15,19654,350
15584,14,15,19284,420
15584,14,15,18544,490
15584,14,15,18174,560
15584,14,15,17804,630
15584,14,15,17064,700
15584,14,15,16694,770
15584,14,15,15954,840
15584,14,15,15584,910
15584,14,15,1,980
30420,14,15,32644,0
30420,14,15,32274,350
30420,14,15,31904,630
30420,14,15,31534,840
30420,14,15,31164,1120
30420,14,15,30794,1330
22261,14,15,22632,0
22261,14,15,22262,350
22261,14,15,1,630
38584,14,15,39326,0
38584,14,15,38956,350
38584,14,15,38586,630
38584,14,15,1,840
27827,14,15,28937,0
27827,14,15,28567,420
27827,14,15,28197,700
27827,14,15,27827,910
27827,14,15,1,1190
19659,14,15,20775,0
19659,14,15,20405,140
19659,14,15,20035,350
19659,14,15,19665,420
19659,14,15,1,490
16695,14,15,18547,0
16695,14,15,17807,70
16695,14,15,17437,350
16695,14,15,17067,420
16695,14,15,1,490
20765,14,15,21148,0
20765,14,15,20778,350
20765,14,15,1,630
34504,14,15,34875,0
34504,14,15,34505,210
34504,14,15,1,490
20774,14,15,21148,0
20774,14,15,20778,70
20774,14,15,1,490
38955,14,15,39697,0
38955,14,15,39327,350
38955,14,15,38957,630
38955,14,15,1,840
24859,14,15,25969,0
24859,14,15,25599,350
24859,14,15,25229,630
24859,14,15,24859,840
24859,14,15,1,1120
17066,14,15,18918,0
17066,14,15,18178,70
17066,14,15,17808,350
17066,14,15,17438,420
17066,14,15,1,490
31902,14,15,33018,0
31902,14,15,32648,140
31902,14,15,32278,560
31902,14,15,31908,770
31902,14,15,1,1050
18172,14,15,20771,0
18172,14,15,20401,350
18172,14,15,19661,420
18172,14,15,19291,490
18172,14,15,18551,560
18172,14,15,18181,630
18172,14,15,1,700
28938,14,15,30050,0
28938,14,15,29680,210
28938,14,15,29310,560
28938,14,15,28940,770
28938,14,15,1,1050
18181,14,15,21141,0
18181,14,15,20771,420
18181,14,15,20401,630
18181,14,15,20031,700
18181,14,15,19291,770
18181,14,15,18921,840
18181,14,15,18181,910
18181,14,15,1,980
33017,14,15,35241,0
33017,14,15,34871,210
33017,14,15,34501,490
33017,14,15,34131,770
33017,14,15,33761,980
33017,14,15,33391,1260
33017,14,15,33021,1470
37102,14,15,37842,0
37102,14,15,37472,490
37102,14,15,37102,770
37102,14,15,1,980
29309,14,15,30421,0
29309,14,15,30051,210
29309,14,15,29681,560
29309,14,15,29311,770
29309,14,15,1,1050
23372,14,15,24855,0
23372,14,15,24485,420
23372,14,15,24115,700
23372,14,15,23745,910
23372,14,15,23375,1190
23372,14,15,1,1400
33388,14,15,35612,0
33388,14,15,35242,210
33388,14,15,34872,490
33388,14,15,34502,770
33388,14,15,34132,980
33388,14,15,33762,1260
33388,14,15,33392,1470
30424,14,15,31534,0
30424,14,15,31164,350
30424,14,15,30794,630
30424,14,15,30424,840
30424,14,15,1,1120
19283,14,15,21144,0
19283,14,15,20774,350
19283,14,15,20034,630
19283,14,15,19664,700
19283,14,15,1,770
15213,14,15,20393,0
15213,14,15,19653,70
15213,14,15,19283,350
15213,14,15,18543,420
15213,14,15,18173,490
15213,14,15,17433,560
15213,14,15,17063,630
15213,14,15,16693,700
15213,14,15,15953,770
15213,14,15,15583,840
15213,14,15,1,910
19292,14,15,20774,0
19292,14,15,20404,70
19292,14,15,20034,350
19292,14,15,19664,420
19292,14,15,1,490
27822,14,15,29307,0
27822,14,15,28937,140
27822,14,15,28567,560
27822,14,15,28197,840
27822,14,15,27827,1050
27822,14,15,1,1330
19654,14,15,21145,0
19654,14,15,20775,420
19654,14,15,20405,630
19654,14,15,20035,700
19654,14,15,1,770
27456,14,15,28566,0
27456,14,15,28196,420
27456,14,15,27826,700
27456,14,15,27456,910
27456,14,15,1,1190
19663,14,15,20775,0
19663,14,15,20405,350
19663,14,15,20035,420
19663,14,15,1,490
34499,14,15,35615,0
34499,14,15,35245,210
34499,14,15,34875,560
34499,14,15,34505,840
34499,14,15,1,1050
20769,14,15,21148,0
20769,14,15,20778,420
20769,14,15,1,630
31535,14,15,32277,0
31535,14,15,31907,350
31535,14,15,31537,630
31535,14,15,1,910
23742,14,15,25966,0
23742,14,15,25596,350
23742,14,15,25226,630
23742,14,15,24856,840
23742,14,15,24486,1120
23742,14,15,24116,1330
20778,14,15,21518,0
20778,14,15,21148,490
20778,14,15,20778,700
20778,14,15,1,980
40065,14,15,41180,0
40065,14,15,40810,350
40065,14,15,40440,630
40065,14,15,40070,840
40065,14,15,1,1120
21890,14,15,21891,0
21890,14,15,1,420
31906,14,15,32648,0
31906,14,15,32278,350
31906,14,15,31908,630
31906,14,15,1,910
25969,14,15,27452,0
25969,14,15,27082,420
25969,14,15,26712,700
25969,14,15,26342,910
25969,14,15,25972,1190
25969,14,15,1,1470
18176,14,15,20031,0
18176,14,15,19291,70
18176,14,15,18921,350
18176,14,15,18181,420
18176,14,15,1,490
35985,14,15,37839,0
35985,14,15,37469,490
35985,14,15,37099,700
35985,14,15,36729,980
35985,14,15,36359,1190
35985,14,15,35989,1470
33021,14,15,34131,0
33021,14,15,33761,280
33021,14,15,33391,560
33021,14,15,33021,770
33021,14,15,1,1050
17810,14,15,21140,0
17810,14,15,20770,350
17810,14,15,20030,630
17810,14,15,19660,700
17810,14,15,19290,770
17810,14,15,18550,840
17810,14,15,18180,910
17810,14,15,1,980
37097,14,15,38212,0
37097,14,15,37842,350
37097,14,15,37472,630
37097,14,15,37102,840
37097,14,15,1,1120
34133,14,15,34504,0
34133,14,15,34134,210
34133,14,15,1,490
26340,14,15,27823,0
26340,14,15,27453,420
26340,14,15,27083,700
26340,14,15,26713,910
26340,14,15,26343,1190
26340,14,15,1,1470
30419,14,15,31904,0
30419,14,15,31534,140
30419,14,15,31164,560
30419,14,15,30794,770
30419,14,15,30424,1050
30419,14,15,1,1330
30053,14,15,31163,0
30053,14,15,30793,350
30053,14,15,30423,630
30053,14,15,30053,840
30053,14,15,1,1120
19287,14,15,20774,0
19287,14,15,20034,70
19287,14,15,19664,350
19287,14,15,19294,420
19287,14,15,1,490
22260,14,15,23372,0
22260,14,15,23002,70
22260,14,15,22632,420
22260,14,15,22262,700
22260,14,15,1,980
16323,14,15,18176,0
16323,14,15,17436,70
16323,14,15,17066,350
16323,14,15,16696,420
16323,14,15,1,490
38583,14,15,40066,0
38583,14,15,39696,280
38583,14,15,39326,560
38583,14,15,38956,770
38583,14,15,38586,1050
38583,14,15,1,1260
27451,14,15,28936,0
27451,14,15,28566,140
27451,14,15,28196,560
27451,14,15,27826,840
27451,14,15,27456,1050
27451,14,15,1,1330
19658,14,15,20775,0
19658,14,15,20405,70
19658,14,15,20035,350
19658,14,15,19665,420
19658,14,15,1,490
24487,14,15,24858,0
24487,14,15,24488,420
24487,14,15,1,630
16694,14,15,18547,0
16694,14,15,17807,70
16694,14,15,17437,350
16694,14,15,16697,420
16694,14,15,1,490
20764,14,15,21888,0
20764,14,15,21518,350
20764,14,15,21148,630
20764,14,15,20778,910
20764,14,15,1,1120
34503,14,15,35245,0
34503,14,15,34875,420
34503,14,15,34505,630
34503,14,15,1,910
20773,14,15,20778,0
20773,14,15,1,490
20407,14,15,21517,0
20407,14,15,21147,420
20407,14,15,20777,630
20407,14,15,20407,910
20407,14,15,1,980
21885,14,15,23001,0
21885,14,15,22631,140
21885,14,15,22261,560
21885,14,15,21891,840
21885,14,15,1,1050
24858,14,15,25229,0
24858,14,15,24859,350
24858,14,15,1,630
39694,14,15,40809,0
39694,14,15,40439,350
39694,14,15,40069,630
39694,14,15,39699,840
39694,14,15,1,1120
28937,14,15,30420,0
28937,14,15,30050,420
28937,14,15,29680,700
28937,14,15,29310,980
28937,14,15,28940,1190
28937,14,15,1,1470
33016,14,15,34131,0
33016,14,15,33761,420
33016,14,15,33391,700
33016,14,15,33021,910
33016,14,15,1,1190
17805,14,15,19660,0
17805,14,15,18920,70
17805,14,15,18550,350
17805,14,15,18180,420
17805,14,15,1,490
14841,14,15,15582,0
14841,14,15,15212,70
14841,14,15,14842,350
14841,14,15,1,420
37101,14,15,37102,0
37101,14,15,1,420
19282,14,15,20774,0
19282,14,15,20034,490
19282,14,15,19664,560
19282,14,15,19294,630
19282,14,15,1,700
15212,14,15,16323,0
15212,14,15,15583,70
15212,14,15,15213,350
15212,14,15,1,420
30048,14,15,31533,0
30048,14,15,31163,140
30048,14,15,30793,560
30048,14,15,30423,770
30048,14,15,30053,1050
30048,14,15,1,1330
19291,14,15,20774,0
19291,14,15,20404,70
19291,14,15,20034,350
19291,14,15,19664,420
19291,14,15,1,490
27455,14,15,27826,0
27455,14,15,27456,420
27455,14,15,1,700
16689,14,15,19657,0
16689,14,15,18547,70
16689,14,15,18177,350
16689,14,15,17807,420
16689,14,15,17067,490
16689,14,15,16697,560
16689,14,15,1,630
31534,14,15,33017,0
31534,14,15,32647,210
31534,14,15,32277,560
31534,14,15,31907,840
31534,14,15,31537,1050
31534,14,15,1,1330
20402,14,15,20777,0
20402,14,15,20407,420
20402,14,15,1,490
21889,14,15,22631,0
21889,14,15,22261,70
21889,14,15,21891,560
21889,14,15,1,770
36725,14,15,37841,0
36725,14,15,37471,210
36725,14,15,37101,490
36725,14,15,36731,770
36725,14,15,1,1050
25968,14,15,28192,0
25968,14,15,27822,350
25968,14,15,27452,630
25968,14,15,27082,840
25968,14,15,26712,1120
25968,14,15,26342,1330
17809,14,15,19290,0
17809,14,15,18550,70
17809,14,15,18180,350
17809,14,15,17810,420
17809,14,15,1,490
37096,14,15,38212,0
37096,14,15,37842,210
37096,14,15,37472,490
37096,14,15,37102,770
37096,14,15,1,1050
34132,14,15,34874,0
34132,14,15,34504,420
34132,14,15,34134,630
34132,14,15,1,910
23375,14,15,24485,0
23375,14,15,24115,350
23375,14,15,23745,560
23375,14,15,23375,840
23375,14,15,1,1120
27079,14,15,28195,0
27079,14,15,27825,420
27079,14,15,27455,630
27079,14,15,27085,910
27079,14,15,1,1120
30052,14,15,30423,0
30052,14,15,30053,420
30052,14,15,1,630
16322,14,15,18176,0
16322,14,15,17436,70
16322,14,15,17066,350
16322,14,15,16696,420
16322,14,15,16326,490
16322,14,15,1,560
27450,14,15,28566,0
27450,14,15,28196,420
27450,14,15,27826,700
27450,14,15,27456,980
27450,14,15,1,1190
24486,14,15,25598,0
24486,14,15,25228,140
24486,14,15,24858,560
24486,14,15,24488,840
24486,14,15,1,1050
20397,14,15,21517,0
20397,14,15,21147,70
20397,14,15,20777,490
20397,14,15,1,770
17433,14,15,18919,0
17433,14,15,18179,70
17433,14,15,17809,350
17433,14,15,17439,420
17433,14,15,1,490
35614,14,15,37838,0
35614,14,15,37468,280
35614,14,15,37098,560
35614,14,15,36728,770
35614,14,15,36358,1050
35614,14,15,35988,1260
20406,14,15,20777,0
20406,14,15,20407,350
20406,14,15,1,420
32650,14,15,33760,0
32650,14,15,33390,280
32650,14,15,33020,560
32650,14,15,32650,770
32650,14,15,1,1050
24857,14,15,25969,0
24857,14,15,25599,140
24857,14,15,25229,560
24857,14,15,24859,770
24857,14,15,1,1050
36729,14,15,37471,0
36729,14,15,37101,350
36729,14,15,36731,630
36729,14,15,1,840
25972,14,15,27082,0
25972,14,15,26712,350
25972,14,15,26342,630
25972,14,15,25972,840
25972,14,15,1,1120
17804,14,15,19660,0
17804,14,15,18920,70
17804,14,15,18550,350
17804,14,15,17810,420
17804,14,15,1,490
29676,14,15,30792,0
29676,14,15,30422,420
29676,14,15,30052,700
29676,14,15,29682,910
29676,14,15,1,1190
14840,14,15,15952,0
14840,14,15,15582,70
14840,14,15,15212,350
14840,14,15,14842,420
14840,14,15,1,490
37100,14,15,37842,0
37100,14,15,37472,350
37100,14,15,37102,630
37100,14,15,1,840
23004,14,15,24114,0
23004,14,15,23744,350
23004,14,15,23374,630
23004,14,15,23004,840
23004,14,15,1,1120
15211,14,15,16693,0
15211,14,15,15953,70
15211,14,15,15583,350
15211,14,15,15213,420
15211,14,15,1,490
30047,14,15,31163,0
30047,14,15,30793,420
30047,14,15,30423,700
30047,14,15,30053,910
30047,14,15,1,1190
19281,14,15,20774,0
19281,14,15,20034,490
19281,14,15,19664,560
19281,14,15,19294,630
19281,14,15,1,700
27083,14,15,28195,0
27083,14,15,27825,140
27083,14,15,27455,560
27083,14,15,27085,770
27083,14,15,1,1050
16326,14,15,20766,0
16326,14,15,20396,350
16326,14,15,20026,420
16326,14,15,19656,490
16326,14,15,18916,560
16326,14,15,18546,630
16326,14,15,17806,700
16326,14,15,17436,770
16326,14,15,17066,840
16326,14,15,16326,910
16326,14,15,1,980
38211,14,15,40065,0
38211,14,15,39695,420
38211,14,15,39325,700
38211,14,15,38955,910
38211,14,15,38585,1190
38211,14,15,38215,1470
35247,14,15,36357,0
35247,14,15,35987,350
35247,14,15,35617,560
35247,14,15,35247,840
35247,14,15,1,1050
27454,14,15,28566,0
27454,14,15,28196,350
27454,14,15,27826,560
27454,14,15,27456,840
27454,14,15,1,1120
39326,14,15,40068,0
39326,14,15,39698,350
39326,14,15,39328,630
39326,14,15,1,840
20401,14,15,20777,0
20401,14,15,1,420
32645,14,15,33760,0
32645,14,15,33390,420
32645,14,15,33020,700
32645,14,15,32650,910
32645,14,15,1,1190
17437,14,15,19289,0
17437,14,15,18549,70
17437,14,15,18179,350
17437,14,15,17809,420
17437,14,15,1,490
35618,14,15,36728,0
35618,14,15,36358,350
35618,14,15,35988,560
35618,14,15,35618,840
35618,14,15,1,1050
21888,14,15,23001,0
21888,14,15,22631,350
21888,14,15,22261,630
21888,14,15,21891,840
21888,14,15,1,1120
39697,14,15,40439,0
39697,14,15,40069,350
39697,14,15,39699,630
39697,14,15,1,840
28565,14,15,30789,0
28565,14,15,30419,350
28565,14,15,30049,630
28565,14,15,29679,910
28565,14,15,29309,1120
28565,14,15,28939,1400
17799,14,15,20770,0
17799,14,15,20400,420
17799,14,15,20030,490
17799,14,15,19290,560
17799,14,15,18920,630
17799,14,15,18180,700
17799,14,15,17810,770
17799,14,15,1,840
25601,14,15,26711,0
25601,14,15,26341,210
25601,14,15,25971,560
25601,14,15,25601,840
25601,14,15,1,1050
17808,14,15,20030,0
17808,14,15,19290,70
17808,14,15,18920,350
17808,14,15,18180,420
17808,14,15,17810,490
17808,14,15,1,560
29680,14,15,30792,0
29680,14,15,30422,140
29680,14,15,30052,560
29680,14,15,29682,770
29680,14,15,1,1050
34131,14,15,35614,0
34131,14,15,35244,350
34131,14,15,34874,560
34131,14,15,34504,840
34131,14,15,34134,1120
34131,14,15,1,1330
20035,14,15,20776,0
20035,14,15,20406,350
20035,14,15,1,420
37844,14,15,38584,0
37844,14,15,38214,490
37844,14,15,37844,770
37844,14,15,1,980
30051,14,15,31163,0
30051,14,15,30793,210
30051,14,15,30423,560
30051,14,15,30053,770
30051,14,15,1,1050
18910,14,15,20773,0
18910,14,15,20403,420
18910,14,15,19663,490
18910,14,15,19293,560
18910,14,15,18923,630
18910,14,15,1,700
18919,14,15,20773,0
18919,14,15,20033,70
18919,14,15,19663,350
18919,14,15,19293,420
18919,14,15,18923,490
18919,14,15,1,560
31163,14,15,32646,0
31163,14,15,32276,350
31163,14,15,31906,560
31163,14,15,31536,840
31163,14,15,31166,1120
31163,14,15,1,1330
15955,14,15,20765,0
15955,14,15,20395,70
15955,14,15,20025,350
15955,14,15,19655,420
15955,14,15,19285,490
15955,14,15,18545,560
15955,14,15,18175,630
15955,14,15,17435,700
15955,14,15,17065,770
15955,14,15,16695,840
15955,14,15,15955,910
15955,14,15,1,980
35242,14,15,36357,0
35242,14,15,35987,490
35242,14,15,35617,700
35242,14,15,35247,980
35242,14,15,1,1190
38215,14,15,38955,0
38215,14,15,38585,490
38215,14,15,38215,770
38215,14,15,1,980
32278,14,15,32649,0
32278,14,15,32279,140
32278,14,15,1,490
24485,14,15,25968,0
24485,14,15,25598,420
24485,14,15,25228,700
24485,14,15,24858,910
24485,14,15,24488,1190
24485,14,15,1,1470
20396,14,15,21517,0
20396,14,15,21147,70
20396,14,15,20777,490
20396,14,15,20407,700
20396,14,15,1,770
28198,14,15,29308,0
28198,14,15,28938,420
28198,14,15,28568,630
28198,14,15,28198,910
28198,14,15,1,1120
20405,14,15,20777,0
20405,14,15,20407,420
20405,14,15,1,490
35613,14,15,36728,0
35613,14,15,36358,490
35613,14,15,35988,700
35613,14,15,35618,980
35613,14,15,1,1190
32649,14,15,33020,0
32649,14,15,32650,210
32649,14,15,1,490
36728,14,15,38211,0
36728,14,15,37841,280
36728,14,15,37471,560
36728,14,15,37101,770
36728,14,15,36731,1050
36728,14,15,1,1260
21517,14,15,22260,0
21517,14,15,21890,70
21517,14,15,21520,490
21517,14,15,1,770
25596,14,15,27081,0
25596,14,15,26711,140
25596,14,15,26341,490
25596,14,15,25971,770
25596,14,15,25601,980
25596,14,15,1,1260
28569,14,15,29679,0
28569,14,15,29309,420
28569,14,15,28939,630
28569,14,15,28569,910
28569,14,15,1,1120
22632,14,15,23003,0
22632,14,15,22633,350
22632,14,15,1,630
33760,14,15,35243,0
33760,14,15,34873,280
33760,14,15,34503,560
33760,14,15,34133,840
33760,14,15,33763,1050
33760,14,15,1,1330
20030,14,15,20776,0
20030,14,15,20406,350
20030,14,15,20036,420
20030,14,15,1,490
23003,14,15,23374,0
23003,14,15,23004,420
23003,14,15,1,630
37839,14,15,38954,0
37839,14,15,38584,350
37839,14,15,38214,630
37839,14,15,37844,840
37839,14,15,1,1120
34875,14,15,35246,0
34875,14,15,34876,210
34875,14,15,1,490
27082,14,15,28565,0
27082,14,15,28195,420
27082,14,15,27825,700
27082,14,15,27455,910
27082,14,15,27085,1190
27082,14,15,1,1400
15950,14,15,17805,0
15950,14,15,17065,70
15950,14,15,16695,350
15950,14,15,15955,420
15950,14,15,1,490
18923,14,15,21513,0
18923,14,15,21143,70
18923,14,15,20773,490
18923,14,15,20033,770
18923,14,15,19663,840
18923,14,15,18923,910
18923,14,15,1,980
38210,14,15,39325,0
38210,14,15,38955,350
38210,14,15,38585,630
38210,14,15,38215,840
38210,14,15,1,1120
32273,14,15,33389,0
32273,14,15,33019,140
32273,14,15,32649,560
32273,14,15,32279,840
32273,14,15,1,1050
35246,14,15,35617,0
35246,14,15,35247,280
35246,14,15,1,560
39325,14,15,40808,0
39325,14,15,40438,280
39325,14,15,40068,560
39325,14,15,39698,770
39325,14,15,39328,1050
39325,14,15,1,1260
24114,14,15,25597,0
24114,14,15,25227,420
24114,14,15,24857,630
24114,14,15,24487,910
24114,14,15,24117,1190
24114,14,15,1,1400
28193,14,15,29678,0
28193,14,15,29308,210
28193,14,15,28938,560
28193,14,15,28568,840
28193,14,15,28198,1050
28193,14,15,1,1330
20400,14,15,20777,0
20400,14,15,1,420
25229,14,15,25600,0
25229,14,15,25230,350
25229,14,15,1,630
17436,14,15,19289,0
17436,14,15,18549,70
17436,14,15,18179,350
17436,14,15,17439,420
17436,14,15,1,490
32644,14,15,33760,0
32644,14,15,33390,210
32644,14,15,33020,560
32644,14,15,32650,840
32644,14,15,1,1050
18548,14,15,20772,0
18548,14,15,19662,70
18548,14,15,19292,350
18548,14,15,18922,420
18548,14,15,18552,490
18548,14,15,1,560
36357,14,15,37840,0
36357,14,15,37470,280
36357,14,15,37100,560
36357,14,15,36730,770
36357,14,15,36360,1050
36357,14,15,1,1260
28564,14,15,30049,0
28564,14,15,29679,210
28564,14,15,29309,560
28564,14,15,28939,840
28564,14,15,28569,1050
28564,14,15,1,1330
25600,14,15,25971,0
25600,14,15,25601,350
25600,14,15,1,630
37472,14,15,37473,0
37472,14,15,1,420
29679,14,15,31162,0
29679,14,15,30792,420
29679,14,15,30422,700
29679,14,15,30052,980
29679,14,15,29682,1190
29679,14,15,1,1470
30791,14,15,33015,0
30791,14,15,32645,350
30791,14,15,32275,630
30791,14,15,31905,910
30791,14,15,31535,1120
30791,14,15,31165,1400
20025,14,15,21516,0
20025,14,15,21146,70
20025,14,15,20776,420
20025,14,15,20406,700
20025,14,15,1,770
20034,14,15,20776,0
20034,14,15,20406,420
20034,14,15,1,490
34870,14,15,35986,0
34870,14,15,35616,210
34870,14,15,35246,560
34870,14,15,34876,840
34870,14,15,1,1050
37843,14,15,37844,0
37843,14,15,1,420
18909,14,15,21513,0
18909,14,15,21143,420
18909,14,15,20773,630
18909,14,15,20403,910
18909,14,15,19663,980
18909,14,15,19293,1050
18909,14,15,18923,1120
18909,14,15,1,1190
26711,14,15,28194,0
26711,14,15,27824,420
26711,14,15,27454,700
26711,14,15,27084,910
26711,14,15,26714,1190
26711,14,15,1,1470
18918,14,15,20773,0
18918,14,15,20033,70
18918,14,15,19663,350
18918,14,15,18923,420
18918,14,15,1,490
31162,14,15,33386,0
31162,14,15,33016,140
31162,14,15,32646,490
31162,14,15,32276,770
31162,14,15,31906,980
31162,14,15,31536,1260
31162,14,15,31166,1470
15954,14,15,17435,0
15954,14,15,16695,70
15954,14,15,16325,350
15954,14,15,1,420
35241,14,15,36357,0
35241,14,15,35987,350
35241,14,15,35617,630
35241,14,15,35247,840
35241,14,15,1,1120
32277,14,15,33019,0
32277,14,15,32649,420
32277,14,15,32279,630
32277,14,15,1,910
21145,14,15,21519,0
21145,14,15,21149,350
21145,14,15,1,630
28197,14,15,28568,0
28197,14,15,28198,420
28197,14,15,1,700
17431,14,15,20399,0
17431,14,15,19289,70
17431,14,15,18919,350
17431,14,15,18549,420
17431,14,15,17809,490
17431,14,15,17439,560
17431,14,15,1,630
18543,14,15,20772,0
18543,14,15,20032,420
18543,14,15,19662,490
18543,14,15,18922,560
18543,14,15,18552,630
18543,14,15,1,700
21516,14,15,21890,0
21516,14,15,21520,350
21516,14,15,1,630
15579,14,15,17434,0
15579,14,15,16324,70
15579,14,15,15954,350
15579,14,15,15584,420
15579,14,15,1,490
18552,14,15,21142,0
18552,14,15,20772,420
18552,14,15,20402,700
18552,14,15,19662,770
18552,14,15,19292,840
18552,14,15,18552,910
18552,14,15,1,980
22631,14,15,23743,0
22631,14,15,23373,140
22631,14,15,23003,560
22631,14,15,22633,770
22631,14,15,1,1050
37467,14,15,38583,0
37467,14,15,38213,210
37467,14,15,37843,490
37467,14,15,37473,770
37467,14,15,1,1050
33759,14,15,35983,0
33759,14,15,35613,210
33759,14,15,35243,490
33759,14,15,34873,770
33759,14,15,34503,980
33759,14,15,34133,1260
33759,14,15,33763,1470
20029,14,15,20776,0
20029,14,15,20406,350
20029,14,15,20036,420
20029,14,15,1,490
30795,14,15,31905,0
30795,14,15,31535,350
30795,14,15,31165,630
30795,14,15,30795,910
30795,14,15,1,1120
37838,14,15,38954,0
37838,14,15,38584,210
37838,14,15,38214,490
37838,14,15,37844,770
37838,14,15,1,1050
34874,14,15,35616,0
34874,14,15,35246,420
34874,14,15,34876,630
34874,14,15,1,910
15949,14,15,17435,0
15949,14,15,16695,70
15949,14,15,16325,350
15949,14,15,15955,420
15949,14,15,1,490
31166,14,15,32276,0
31166,14,15,31906,280
31166,14,15,31536,490
31166,14,15,31166,770
31166,14,15,1,980
21140,14,15,21519,0
21140,14,15,21149,350
21140,14,15,1,630
24113,14,15,26337,0
24113,14,15,25967,140
24113,14,15,25597,560
24113,14,15,25227,840
24113,14,15,24857,1050
24113,14,15,24487,1330
21149,14,15,21889,0
21149,14,15,21519,490
21149,14,15,21149,700
21149,14,15,1,980
28192,14,15,29308,0
28192,14,15,28938,490
28192,14,15,28568,700
28192,14,15,28198,980
28192,14,15,1,1190
25228,14,15,26340,0
25228,14,15,25970,140
25228,14,15,25600,490
25228,14,15,25230,770
25228,14,15,1,1050
40436,14,15,41551,0
40436,14,15,41181,350
40436,14,15,40811,630
40436,14,15,40441,840
40436,14,15,1,1120
18547,14,15,20402,0
18547,14,15,19662,70
18547,14,15,19292,350
18547,14,15,18552,420
18547,14,15,1,490
21520,14,15,22260,0
21520,14,15,21890,490
21520,14,15,21520,700
21520,14,15,1,980
36356,14,15,38210,0
36356,14,15,37840,420
36356,14,15,37470,700
36356,14,15,37100,910
36356,14,15,36730,1190
36356,14,15,36360,1470
15583,14,15,17064,0
15583,14,15,15954,70
15583,14,15,15584,350
15583,14,15,1,420
33392,14,15,34502,0
33392,14,15,34132,280
33392,14,15,33762,560
33392,14,15,33392,770
33392,14,15,1,1050
37471,14,15,38213,0
37471,14,15,37843,350
37471,14,15,37473,630
37471,14,15,1,840
20024,14,15,21146,0
20024,14,15,20776,70
20024,14,15,20406,560
20024,14,15,20036,630
20024,14,15,1,700
30790,14,15,32275,0
30790,14,15,31905,350
30790,14,15,31535,560
30790,14,15,31165,840
30790,14,15,30795,1120
30790,14,15,1,1330
33763,14,15,34873,0
33763,14,15,34503,280
33763,14,15,34133,560
33763,14,15,33763,770
33763,14,15,1,1050
27826,14,15,28197,0
27826,14,15,27827,420
27826,14,15,1,700
37842,14,15,38584,0
37842,14,15,38214,350
37842,14,15,37844,630
37842,14,15,1,840
26710,14,15,28934,0
26710,14,15,28564,350
26710,14,15,28194,630
26710,14,15,27824,840
26710,14,15,27454,1120
26710,14,15,27084,1330
38954,14,15,40437,0
38954,14,15,40067,280
38954,14,15,39697,560
38954,14,15,39327,770
38954,14,15,38957,1050
38954,14,15,1,1260
23746,14,15,24856,0
23746,14,15,24486,350
23746,14,15,24116,630
23746,14,15,23746,840
23746,14,15,1,1120
31161,14,15,32276,0
31161,14,15,31906,420
31161,14,15,31536,700
31161,14,15,31166,910
31161,14,15,1,1190
32276,14,15,33759,0
32276,14,15,33389,210
32276,14,15,33019,560
32276,14,15,32649,840
32276,14,15,32279,1050
32276,14,15,1,1330
17065,14,15,18918,0
17065,14,15,18178,70
17065,14,15,17808,350
17065,14,15,17068,420
17065,14,15,1,490
21144,14,15,21519,0
21144,14,15,21149,420
21144,14,15,1,630
24117,14,15,25227,0
24117,14,15,24857,350
24117,14,15,24487,630
24117,14,15,24117,840
24117,14,15,1,1120
18180,14,15,19661,0
18180,14,15,18921,70
18180,14,15,18551,350
18180,14,15,1,420
35989,14,15,36729,0
35989,14,15,36359,490
35989,14,15,35989,770
35989,14,15,1,980
28196,14,15,29308,0
28196,14,15,28938,210
28196,14,15,28568,560
28196,14,15,28198,840
28196,14,15,1,1050
29308,14,15,30791,0
29308,14,15,30421,420
29308,14,15,30051,700
29308,14,15,29681,980
29308,14,15,29311,1190
29308,14,15,1,1470
21515,14,15,21890,0
21515,14,15,21520,350
21515,14,15,1,630
18551,14,15,20032,0
18551,14,15,19292,70
18551,14,15,18922,350
18551,14,15,1,420
33387,14,15,34502,0
33387,14,15,34132,420
33387,14,15,33762,700
33387,14,15,33392,910
33387,14,15,1,1190
36360,14,15,37100,0
36360,14,15,36730,490
36360,14,15,36360,770
36360,14,15,1,980
30423,14,15,30794,0
30423,14,15,30424,420
30423,14,15,1,630
22630,14,15,24113,0
22630,14,15,23743,420
22630,14,15,23373,700
22630,14,15,23003,910
22630,14,15,22633,1190
22630,14,15,1,1400
14471,14,15,19651,0
14471,14,15,19281,70
14471,14,15,18911,350
14471,14,15,18541,420
14471,14,15,17801,490
14471,14,15,17431,560
14471,14,15,16691,630
14471,14,15,16321,700
14471,14,15,15951,770
14471,14,15,15211,840
14471,14,15,14841,910
14471,14,15,1,980
33758,14,15,34873,0
33758,14,15,34503,420
33758,14,15,34133,700
33758,14,15,33763,910
33758,14,15,1,1190
27821,14,15,28937,0
27821,14,15,28567,490
27821,14,15,28197,700
27821,14,15,27827,980
27821,14,15,1,1190
30794,14,15,31165,0
30794,14,15,30795,420
30794,14,15,1,630
19653,14,15,21145,0
19653,14,15,20775,70
19653,14,15,20405,490
19653,14,15,20035,560
19653,14,15,19665,630
19653,14,15,1,700
34873,14,15,36356,0
34873,14,15,35986,350
34873,14,15,35616,560
34873,14,15,35246,840
34873,14,15,34876,1120
34873,14,15,1,1330
19662,14,15,20775,0
19662,14,15,20405,350
19662,14,15,20035,420
19662,14,15,1,490
20768,14,15,21518,0
20768,14,15,21148,70
20768,14,15,20778,560
20768,14,15,1,770
26714,14,15,27824,0
26714,14,15,27454,350
26714,14,15,27084,630
26714,14,15,26714,840
26714,14,15,1,1120
20777,14,15,20778,0
20777,14,15,1,420
17060,14,15,20028,0
17060,14,15,18918,70
17060,14,15,18548,350
17060,14,15,18178,420
17060,14,15,17438,490
17060,14,15,17068,560
17060,14,15,1,630
21139,14,15,22259,0
21139,14,15,21889,350
21139,14,15,21519,630
21139,14,15,21149,910
21139,14,15,1,1120
31905,14,15,33388,0
31905,14,15,33018,210
31905,14,15,32648,560
31905,14,15,32278,840
31905,14,15,31908,1050
31905,14,15,1,1330
18175,14,15,19661,0
18175,14,15,18921,70
18175,14,15,18551,350
18175,14,15,18181,420
18175,14,15,1,490
35984,14,15,37099,0
35984,14,15,36729,420
35984,14,15,36359,630
35984,14,15,35989,910
35984,14,15,1,1120
21148,14,15,21149,0
21148,14,15,1,490
33020,14,15,33391,0
33020,14,15,33021,210
33020,14,15,1,490
25227,14,15,26710,0
25227,14,15,26340,420
25227,14,15,25970,630
25227,14,15,25600,910
25227,14,15,25230,1120
25227,14,15,1,1400
26339,14,15,28563,0
26339,14,15,28193,350
26339,14,15,27823,630
26339,14,15,27453,840
26339,14,15,27083,1120
26339,14,15,26713,1330
18546,14,15,20032,0
18546,14,15,19292,70
18546,14,15,18922,350
18546,14,15,18552,420
18546,14,15,1,490
36355,14,15,37470,0
36355,14,15,37100,350
36355,14,15,36730,630
36355,14,15,36360,840
36355,14,15,1,1120
15582,14,15,17434,0
15582,14,15,16694,70
15582,14,15,16324,350
15582,14,15,15954,420
15582,14,15,1,490
30418,14,15,31534,0
30418,14,15,31164,420
30418,14,15,30794,700
30418,14,15,30424,910
30418,14,15,1,1190
33391,14,15,33762,0
33391,14,15,33392,210
33391,14,15,1,490
37470,14,15,38953,0
37470,14,15,38583,280
37470,14,15,38213,560
37470,14,15,37843,770
37470,14,15,37473,1050
37470,14,15,1,1260
22259,14,15,23742,0
22259,14,15,23372,350
22259,14,15,23002,630
22259,14,15,22632,840
22259,14,15,22262,1120
22259,14,15,1,1330
38582,14,15,40436,0
38582,14,15,40066,420
38582,14,15,39696,700
38582,14,15,39326,910
38582,14,15,38956,1190
38582,14,15,38586,1470
30789,14,15,32275,0
30789,14,15,31905,140
30789,14,15,31535,490
30789,14,15,31165,700
30789,14,15,30795,980
30789,14,15,1,1260
27825,14,15,28937,0
27825,14,15,28567,350
27825,14,15,28197,560
27825,14,15,27827,840
27825,14,15,1,1120
16693,14,15,18547,0
16693,14,15,17807,70
16693,14,15,17437,350
16693,14,15,17067,420
16693,14,15,1,490
34502,14,15,35985,0
34502,14,15,35615,350
34502,14,15,35245,560
34502,14,15,34875,840
34502,14,15,34505,1120
34502,14,15,1,1330
26709,14,15,28194,0
26709,14,15,27824,140
26709,14,15,27454,560
26709,14,15,27084,770
26709,14,15,26714,1050
26709,14,15,1,1260
20772,14,15,20778,0
20772,14,15,1,420
23745,14,15,24116,0
23745,14,15,23746,350
23745,14,15,1,630
38953,14,15,40807,0
38953,14,15,40437,420
38953,14,15,40067,700
38953,14,15,39697,910
38953,14,15,39327,1190
38953,14,15,38957,1470
17064,14,15,18918,0
17064,14,15,18178,70
17064,14,15,17808,350
17064,14,15,17438,420
17064,14,15,1,490
28936,14,15,31160,0
28936,14,15,30790,350
28936,14,15,30420,630
28936,14,15,30050,840
28936,14,15,29680,1120
28936,14,15,29310,1330
18170,14,15,20771,0
18170,14,15,20401,420
18170,14,15,20031,490
18170,14,15,19661,560
18170,14,15,18921,630
18170,14,15,18551,700
18170,14,15,1,770
21143,14,15,21889,0
21143,14,15,21519,70
21143,14,15,21149,560
21143,14,15,1,770
14100,14,15,19280,0
14100,14,15,18910,70
14100,14,15,18540,350
14100,14,15,18170,420
14100,14,15,17430,490
14100,14,15,17060,560
14100,14,15,16320,630
14100,14,15,15950,700
14100,14,15,15580,770
14100,14,15,14840,840
14100,14,15,14470,910
14100,14,15,1,980
18179,14,15,20031,0
18179,14,15,19291,70
18179,14,15,18921,350
18179,14,15,18551,420
18179,14,15,1,490
33015,14,15,34131,0
33015,14,15,33761,210
33015,14,15,33391,560
33015,14,15,33021,840
33015,14,15,1,1050
35988,14,15,35989,0
35988,14,15,1,490
29307,14,15,31531,0
29307,14,15,31161,350
29307,14,15,30791,630
29307,14,15,30421,840
29307,14,15,30051,1120
29307,14,15,29681,1330
26343,14,15,27453,0
26343,14,15,27083,350
26343,14,15,26713,630
26343,14,15,26343,840
26343,14,15,1,1120
33386,14,15,34502,0
33386,14,15,34132,210
33386,14,15,33762,560
33386,14,15,33392,840
33386,14,15,1,1050
30422,14,15,31534,0
30422,14,15,31164,210
30422,14,15,30794,560
30422,14,15,30424,770
30422,14,15,1,1050
19290,14,15,20774,0
19290,14,15,20404,70
19290,14,15,20034,350
19290,14,15,19664,420
19290,14,15,19294,490
19290,14,15,1,560
38586,14,15,39326,0
38586,14,15,38956,490
38586,14,15,38586,770
38586,14,15,1,980
19652,14,15,21145,0
19652,14,15,20775,70
19652,14,15,20405,490
19652,14,15,20035,560
19652,14,15,19665,630
19652,14,15,1,700
19661,14,15,20775,0
19661,14,15,20405,350
19661,14,15,20035,420
19661,14,15,19665,490
19661,14,15,1,560
31533,14,15,33387,0
31533,14,15,33017,490
31533,14,15,32647,700
31533,14,15,32277,980
31533,14,15,31907,1190
31533,14,15,31537,1470
16697,14,15,20767,0
16697,14,15,20397,420
16697,14,15,20027,490
16697,14,15,19287,560
16697,14,15,18917,630
16697,14,15,18177,700
16697,14,15,17807,770
16697,14,15,17437,840
16697,14,15,16697,910
16697,14,15,1,980
20767,14,15,21518,0
20767,14,15,21148,70
20767,14,15,20778,490
20767,14,15,1,770
20776,14,15,21148,0
20776,14,15,20778,70
20776,14,15,1,490
38957,14,15,39697,0
38957,14,15,39327,490
38957,14,15,38957,770
38957,14,15,1,980
17059,14,15,20398,0
17059,14,15,19288,70
17059,14,15,18918,350
17059,14,15,18548,420
17059,14,15,18178,490
17059,14,15,17438,560
17059,14,15,17068,630
17059,14,15,1,700
21138,14,15,22259,0
21138,14,15,21889,350
21138,14,15,21519,630
21138,14,15,21149,910
21138,14,15,1,1120
31904,14,15,33758,0
31904,14,15,33388,490
31904,14,15,33018,700
31904,14,15,32648,980
31904,14,15,32278,1190
31904,14,15,31908,1470
25967,14,15,27452,0
25967,14,15,27082,140
25967,14,15,26712,560
25967,14,15,26342,770
25967,14,15,25972,1050
25967,14,15,1,1260
28940,14,15,30050,0
28940,14,15,29680,350
28940,14,15,29310,630
28940,14,15,28940,910
28940,14,15,1,1120
18174,14,15,19661,0
18174,14,15,18921,70
18174,14,15,18551,350
18174,14,15,18181,420
18174,14,15,1,490
35983,14,15,37099,0
35983,14,15,36729,210
35983,14,15,36359,560
35983,14,15,35989,770
35983,14,15,1,1050
33019,14,15,33761,0
33019,14,15,33391,420
33019,14,15,33021,630
33019,14,15,1,910
29311,14,15,30421,0
29311,14,15,30051,350
29311,14,15,29681,630
29311,14,15,29311,910
29311,14,15,1,1120
23374,14,15,23745,0
23374,14,15,23375,350
23374,14,15,1,630
19285,14,15,21144,0
19285,14,15,20774,70
19285,14,15,20404,490
19285,14,15,19664,560
19285,14,15,19294,630
19285,14,15,1,700
16321,14,15,18176,0
16321,14,15,17436,70
16321,14,15,17066,350
16321,14,15,16326,420
16321,14,15,1,490
19294,14,15,21514,0
19294,14,15,21144,70
19294,14,15,20774,560
19294,14,15,20404,770
19294,14,15,20034,840
19294,14,15,19294,910
19294,14,15,1,980
38581,14,15,39696,0
38581,14,15,39326,350
38581,14,15,38956,630
38581,14,15,38586,840
38581,14,15,1,1120
19656,14,15,21145,0
19656,14,15,20775,70
19656,14,15,20035,560
19656,14,15,19665,630
19656,14,15,1,700
16692,14,15,18547,0
16692,14,15,17437,70
16692,14,15,17067,350
16692,14,15,16697,420
16692,14,15,1,490
19665,14,15,21515,0
19665,14,15,21145,350
19665,14,15,20775,560
19665,14,15,20405,840
19665,14,15,19665,910
19665,14,15,1,980
34501,14,15,36725,0
34501,14,15,36355,210
34501,14,15,35985,490
34501,14,15,35615,770
34501,14,15,35245,980
34501,14,15,34875,1260
34501,14,15,34505,1470
31537,14,15,32647,0
31537,14,15,32277,280
31537,14,15,31907,490
31537,14,15,31537,770
31537,14,15,1,980
20771,14,15,20778,0
20771,14,15,1,420
24856,14,15,26339,0
24856,14,15,25969,420
24856,14,15,25599,700
24856,14,15,25229,910
24856,14,15,24859,1190
24856,14,15,1,1400
28935,14,15,30420,0
28935,14,15,30050,140
28935,14,15,29680,560
28935,14,15,29310,770
28935,14,15,28940,1050
28935,14,15,1,1330
18169,14,15,20771,0
18169,14,15,20401,70
18169,14,15,20031,350
18169,14,15,19661,420
18169,14,15,18921,490
18169,14,15,18551,560
18169,14,15,18181,630
18169,14,15,1,700
31908,14,15,33018,0
31908,14,15,32648,280
31908,14,15,32278,490
31908,14,15,31908,770
31908,14,15,1,980
25971,14,15,26342,0
25971,14,15,25972,350
25971,14,15,1,630
14099,14,15,15580,0
14099,14,15,14840,70
14099,14,15,14470,350
14099,14,15,14100,420
14099,14,15,1,490
37099,14,15,38582,0
37099,14,15,38212,280
37099,14,15,37842,560
37099,14,15,37472,770
37099,14,15,37102,1050
37099,14,15,1,1260
26342,14,15,26713,0
26342,14,15,26343,350
26342,14,15,1,630
19280,14,15,21514,0
19280,14,15,21144,490
19280,14,15,20774,700
19280,14,15,20034,980
19280,14,15,19664,1050
19280,14,15,19294,1120
19280,14,15,1,1190
19289,14,15,20774,0
19289,14,15,20404,70
19289,14,15,20034,350
19289,14,15,19294,420
19289,14,15,1,490
22262,14,15,23372,0
22262,14,15,23002,350
22262,14,15,22632,630
22262,14,15,22262,840
22262,14,15,1,1120
16325,14,15,17806,0
16325,14,15,17066,70
16325,14,15,16696,350
16325,14,15,1,420
38585,14,15,38586,0
38585,14,15,1,420
19651,14,15,21885,0
19651,14,15,21515,70
19651,14,15,21145,490
19651,14,15,20775,770
19651,14,15,20405,980
19651,14,15,20035,1050
19651,14,15,19665,1120
19651,14,15,1,1190
27453,14,15,29306,0
27453,14,15,28936,140
27453,14,15,28566,490
27453,14,15,28196,770
27453,14,15,27826,980
27453,14,15,27456,1260
27453,14,15,1,1470
16696,14,15,18177,0
16696,14,15,17067,70
16696,14,15,16697,350
16696,14,15,1,420
31532,14,15,32647,0
31532,14,15,32277,420
31532,14,15,31907,630
31532,14,15,31537,910
31532,14,15,1,1190
34505,14,15,35615,0
34505,14,15,35245,350
34505,14,15,34875,560
34505,14,15,34505,770
34505,14,15,1,1050
20766,14,15,21148,0
20766,14,15,20778,350
20766,14,15,1,630
