7422,1,2,7422,0
7422,1,2,1,70
1,2,3,1,0
7422,2,3,11492,0
7422,2,3,10752,70
7422,2,3,10382,350
7422,2,3,10012,420
7422,2,3,9272,490
7422,2,3,8902,560
7422,2,3,8532,630
7422,2,3,7792,700
7422,2,3,7422,770
7422,2,3,1,840
1,3,4,1,0
7792,3,4,7793,0
7792,3,4,1,70
10382,3,4,12240,0
10382,3,4,11500,70
10382,3,4,11130,350
10382,3,4,10390,420
10382,3,4,1,490
11492,3,4,13353,0
11492,3,4,12613,70
11492,3,4,12243,350
11492,3,4,11873,420
11492,3,4,1,490
8532,3,4,8535,0
8532,3,4,1,70
10752,3,4,12611,0
10752,3,4,11871,70
10752,3,4,11501,350
10752,3,4,10761,420
10752,3,4,1,490
8902,3,4,9276,0
8902,3,4,1,70
10012,3,4,11129,0
10012,3,4,10389,70
10012,3,4,10019,350
10012,3,4,1,420
7422,3,4,11122,0
7422,3,4,10752,70
7422,3,4,10382,350
7422,3,4,9642,420
7422,3,4,9272,490
7422,3,4,8532,560
7422,3,4,8162,630
7422,3,4,7792,700
7422,3,4,1,770
9272,3,4,10387,0
9272,3,4,9647,70
9272,3,4,9277,350
9272,3,4,1,420
1,4,5,1,0
11873,4,5,11874,0
11873,4,5,1,70
10752,4,5,12611,0
10752,4,5,11871,70
10752,4,5,11501,350
10752,4,5,10761,420
10752,4,5,1,490
8162,4,5,8164,0
8162,4,5,1,70
10761,4,5,15201,0
10761,4,5,14461,70
10761,4,5,14091,350
10761,4,5,13721,420
10761,4,5,13351,490
10761,4,5,12611,560
10761,4,5,12241,630
10761,4,5,11501,700
10761,4,5,11131,770
10761,4,5,10761,840
10761,4,5,1,910
11501,4,5,11503,0
11501,4,5,1,70
12613,4,5,12616,0
12613,4,5,1,70
13353,4,5,14098,0
13353,4,5,13358,70
13353,4,5,1,350
10389,4,5,10390,0
10389,4,5,1,70
11129,4,5,11132,0
11129,4,5,1,70
9642,4,5,10758,0
9642,4,5,10018,70
9642,4,5,9648,350
9642,4,5,1,420
9277,4,5,13717,0
9277,4,5,13347,70
9277,4,5,12977,350
9277,4,5,12237,420
9277,4,5,11867,490
9277,4,5,11127,560
9277,4,5,10757,630
9277,4,5,10387,700
9277,4,5,9647,770
9277,4,5,9277,840
9277,4,5,1,910
7793,4,5,11863,0
7793,4,5,11123,70
7793,4,5,10753,350
7793,4,5,10013,420
7793,4,5,9643,490
7793,4,5,9273,560
7793,4,5,8533,630
7793,4,5,8163,700
7793,4,5,1,770
11500,4,5,11503,0
11500,4,5,1,70
10019,4,5,14829,0
10019,4,5,14089,70
10019,4,5,13719,350
10019,4,5,12979,420
10019,4,5,12609,490
10019,4,5,11869,560
10019,4,5,11499,630
10019,4,5,11129,700
10019,4,5,10389,770
10019,4,5,10019,840
10019,4,5,1,910
10382,4,5,12240,0
10382,4,5,11500,70
10382,4,5,11130,350
10382,4,5,10390,420
10382,4,5,1,490
11122,4,5,12982,0
11122,4,5,12242,70
11122,4,5,11872,350
11122,4,5,11502,420
11122,4,5,1,490
12240,4,5,12615,0
12240,4,5,1,70
9276,4,5,9277,0
9276,4,5,1,70
12243,4,5,12245,0
12243,4,5,1,70
11871,4,5,11874,0
11871,4,5,1,70
9647,4,5,9648,0
9647,4,5,1,70
7792,4,5,7793,0
7792,4,5,1,70
8535,4,5,12605,0
8535,4,5,11865,70
8535,4,5,11495,350
8535,4,5,10755,420
8535,4,5,10385,490
8535,4,5,10015,560
8535,4,5,9275,630
8535,4,5,8905,700
8535,4,5,1,770
8532,4,5,8535,0
8532,4,5,1,70
12611,4,5,12616,0
12611,4,5,1,70
10390,4,5,14830,0
10390,4,5,14090,70
10390,4,5,13720,350
10390,4,5,13350,420
10390,4,5,12980,490
10390,4,5,12240,560
10390,4,5,11870,630
10390,4,5,11130,700
10390,4,5,10760,770
10390,4,5,10390,840
10390,4,5,1,910
10387,4,5,10760,0
10387,4,5,1,70
11130,4,5,11132,0
11130,4,5,1,70
9272,4,5,10017,0
9272,4,5,9647,70
9272,4,5,9277,350
9272,4,5,1,420
1,5,6,1,0
9643,5,6,10758,0
9643,5,6,10018,70
9643,5,6,9648,350
9643,5,6,1,420
9275,5,6,9277,0
9275,5,6,1,70
11501,5,6,11503,0
11501,5,6,1,70
13347,5,6,15208,0
13347,5,6,14468,70
13347,5,6,14098,350
13347,5,6,13728,420
13347,5,6,1,490
11863,5,6,13724,0
11863,5,6,12984,70
11863,5,6,12614,350
11863,5,6,12244,420
11863,5,6,1,490
11872,5,6,11874,0
11872,5,6,1,70
12241,5,6,12245,0
12241,5,6,1,70
9277,5,6,14087,0
9277,5,6,13347,70
9277,5,6,12977,350
9277,5,6,12237,420
9277,5,6,11867,490
9277,5,6,11127,560
9277,5,6,10757,630
9277,5,6,10387,700
9277,5,6,9647,770
9277,5,6,9277,840
9277,5,6,1,910
11503,5,6,15943,0
11503,5,6,15203,70
11503,5,6,14833,350
11503,5,6,14463,420
11503,5,6,13723,490
11503,5,6,13353,560
11503,5,6,12983,630
11503,5,6,12243,700
11503,5,6,11873,770
11503,5,6,1,840
10385,5,6,11130,0
10385,5,6,10760,70
10385,5,6,10390,350
10385,5,6,1,420
11865,5,6,13354,0
11865,5,6,12614,70
11865,5,6,12244,350
11865,5,6,1,420
11874,5,6,16314,0
11874,5,6,15574,70
11874,5,6,15204,350
11874,5,6,14834,420
11874,5,6,14094,490
11874,5,6,13724,560
11874,5,6,12984,630
11874,5,6,12614,700
11874,5,6,12244,770
11874,5,6,1,840
12980,5,6,13357,0
12980,5,6,1,70
9647,5,6,9648,0
9647,5,6,1,70
14829,5,6,16322,0
14829,5,6,15582,70
14829,5,6,15212,350
14829,5,6,14842,420
14829,5,6,1,490
8163,5,6,8164,0
8163,5,6,1,70
12605,5,6,14096,0
12605,5,6,13356,70
12605,5,6,12986,350
12605,5,6,1,420
13720,5,6,14839,0
13720,5,6,14099,70
13720,5,6,13729,350
13720,5,6,1,420
11867,5,6,12244,0
11867,5,6,11874,70
11867,5,6,1,350
12245,5,6,16315,0
12245,5,6,15945,70
12245,5,6,15575,350
12245,5,6,14835,420
12245,5,6,14465,490
12245,5,6,13725,560
12245,5,6,13355,630
12245,5,6,12985,700
12245,5,6,12245,770
12245,5,6,1,840
12982,5,6,13357,0
12982,5,6,1,70
10761,5,6,15201,0
10761,5,6,14461,70
10761,5,6,14091,350
10761,5,6,13721,420
10761,5,6,13351,490
10761,5,6,12611,560
10761,5,6,12241,630
10761,5,6,11501,700
10761,5,6,11131,770
10761,5,6,10761,840
10761,5,6,1,910
11869,5,6,12244,0
11869,5,6,11874,70
11869,5,6,1,350
11129,5,6,11132,0
11129,5,6,1,70
8905,5,6,8906,0
8905,5,6,1,70
11500,5,6,11503,0
11500,5,6,1,70
13358,5,6,17798,0
13358,5,6,17058,70
13358,5,6,16688,350
13358,5,6,16318,420
13358,5,6,15578,490
13358,5,6,15208,560
13358,5,6,14838,630
13358,5,6,14098,700
13358,5,6,13728,770
13358,5,6,1,840
11131,5,6,11132,0
11131,5,6,1,70
12240,5,6,12615,0
12240,5,6,1,70
12977,5,6,14467,0
12977,5,6,13727,70
12977,5,6,13357,350
12977,5,6,12987,420
12977,5,6,1,490
14089,5,6,15580,0
14089,5,6,14840,70
14089,5,6,14470,350
14089,5,6,14100,420
14089,5,6,1,490
14098,5,6,14100,0
14098,5,6,1,70
11502,5,6,11503,0
11502,5,6,1,70
13351,5,6,14098,0
13351,5,6,13358,70
13351,5,6,1,350
10018,5,6,10019,0
10018,5,6,1,70
10387,5,6,10760,0
10387,5,6,1,70
12242,5,6,12245,0
12242,5,6,1,70
14091,5,6,15210,0
14091,5,6,14470,70
14091,5,6,14100,350
14091,5,6,1,420
10758,5,6,11131,0
10758,5,6,1,70
11495,5,6,12983,0
11495,5,6,12243,70
11495,5,6,11873,350
11495,5,6,11503,420
11495,5,6,1,490
12616,5,6,16686,0
12616,5,6,15946,70
12616,5,6,15576,350
12616,5,6,15206,420
12616,5,6,14466,490
12616,5,6,14096,560
12616,5,6,13726,630
12616,5,6,12986,700
12616,5,6,12616,770
12616,5,6,1,840
10389,5,6,10390,0
10389,5,6,1,70
14830,5,6,16322,0
14830,5,6,15582,70
14830,5,6,15212,350
14830,5,6,14842,420
14830,5,6,1,490
10760,5,6,10761,0
10760,5,6,1,70
8533,5,6,8535,0
8533,5,6,1,70
12609,5,6,12616,0
12609,5,6,1,70
10013,5,6,11129,0
10013,5,6,10389,70
10013,5,6,10019,350
10013,5,6,1,420
9273,5,6,9647,0
9273,5,6,1,70
11871,5,6,11874,0
11871,5,6,1,70
10753,5,6,12611,0
10753,5,6,11871,70
10753,5,6,11501,350
10753,5,6,10761,420
10753,5,6,1,490
8535,5,6,12605,0
8535,5,6,11865,70
8535,5,6,11495,350
8535,5,6,10755,420
8535,5,6,10385,490
8535,5,6,10015,560
8535,5,6,9275,630
8535,5,6,8905,700
8535,5,6,1,770
12611,5,6,12616,0
12611,5,6,1,70
10015,5,6,10389,0
10015,5,6,1,70
13717,5,6,14839,0
13717,5,6,14099,70
13717,5,6,13729,350
13717,5,6,1,420
11130,5,6,11132,0
11130,5,6,1,70
12979,5,6,14097,0
12979,5,6,13357,70
12979,5,6,12987,350
12979,5,6,1,420
10755,5,6,11501,0
10755,5,6,11131,70
10755,5,6,10761,350
10755,5,6,1,420
13350,5,6,14838,0
13350,5,6,14098,70
13350,5,6,13728,350
13350,5,6,13358,420
13350,5,6,1,490
10017,5,6,10019,0
10017,5,6,1,70
13719,5,6,15209,0
13719,5,6,14839,70
13719,5,6,14469,140
13719,5,6,14099,350
13719,5,6,13729,420
13719,5,6,1,490
11123,5,6,12612,0
11123,5,6,11872,70
11123,5,6,11502,350
11123,5,6,11132,420
11123,5,6,1,490
11132,5,6,15572,0
11132,5,6,14832,70
11132,5,6,14462,350
11132,5,6,14092,420
11132,5,6,13722,490
11132,5,6,12982,560
11132,5,6,12612,630
11132,5,6,11872,700
11132,5,6,11502,770
11132,5,6,11132,840
11132,5,6,1,910
9648,5,6,14458,0
9648,5,6,13718,70
9648,5,6,13348,350
9648,5,6,12608,420
9648,5,6,12238,490
9648,5,6,11498,560
9648,5,6,11128,630
9648,5,6,10758,700
9648,5,6,10018,770
9648,5,6,9648,840
9648,5,6,1,910
10757,5,6,11131,0
10757,5,6,1,70
14090,5,6,15580,0
14090,5,6,14840,70
14090,5,6,14470,350
14090,5,6,14100,420
14090,5,6,1,490
7793,5,6,11863,0
7793,5,6,11123,70
7793,5,6,10753,350
7793,5,6,10013,420
7793,5,6,9643,490
7793,5,6,9273,560
7793,5,6,8533,630
7793,5,6,8163,700
7793,5,6,1,770
14461,5,6,15951,0
14461,5,6,15211,70
14461,5,6,14841,350
14461,5,6,14471,420
14461,5,6,1,490
8164,5,6,12234,0
8164,5,6,11494,70
8164,5,6,11124,350
8164,5,6,10384,420
8164,5,6,10014,490
8164,5,6,9644,560
8164,5,6,8904,630
8164,5,6,8534,700
8164,5,6,1,770
12615,5,6,12616,0
12615,5,6,1,70
10019,5,6,14829,0
10019,5,6,14089,70
10019,5,6,13719,350
10019,5,6,12979,420
10019,5,6,12609,490
10019,5,6,11869,560
10019,5,6,11499,630
10019,5,6,11129,700
10019,5,6,10389,770
10019,5,6,10019,840
10019,5,6,1,910
13721,5,6,14839,0
13721,5,6,14099,70
13721,5,6,13729,350
13721,5,6,1,420
15201,5,6,16693,0
15201,5,6,15953,70
15201,5,6,15583,350
15201,5,6,15213,420
15201,5,6,1,490
12237,5,6,13355,0
12237,5,6,12615,70
12237,5,6,12245,350
12237,5,6,1,420
11499,5,6,11503,0
11499,5,6,1,70
10390,5,6,15200,0
10390,5,6,14090,70
10390,5,6,13720,350
10390,5,6,13350,420
10390,5,6,12980,490
10390,5,6,12240,560
10390,5,6,11870,630
10390,5,6,11130,700
10390,5,6,10760,770
10390,5,6,10390,840
10390,5,6,1,910
11127,5,6,11872,0
11127,5,6,11132,70
11127,5,6,1,350
11870,5,6,11874,0
11870,5,6,1,70
1,6,7,1,0
15212,6,7,15213,0
15212,6,7,1,70
9275,6,7,9277,0
9275,6,7,1,70
9643,6,7,10758,0
9643,6,7,10018,70
9643,6,7,9648,350
9643,6,7,1,420
16318,6,7,18176,0
16318,6,7,17436,70
16318,6,7,17066,350
16318,6,7,16696,420
16318,6,7,1,490
12985,6,7,12987,0
12985,6,7,1,70
17798,6,7,19290,0
17798,6,7,18920,70
17798,6,7,18550,350
17798,6,7,17810,420
17798,6,7,1,490
14465,6,7,14841,0
14465,6,7,14471,70
14465,6,7,1,350
11501,6,7,11503,0
11501,6,7,1,70
13347,6,7,15208,0
13347,6,7,14468,70
13347,6,7,14098,350
13347,6,7,13728,420
13347,6,7,1,490
13725,6,7,13729,0
13725,6,7,1,70
11863,6,7,13724,0
11863,6,7,12984,70
11863,6,7,12614,350
11863,6,7,12244,420
11863,6,7,1,490
11872,6,7,11874,0
11872,6,7,1,70
15574,6,7,17434,0
15574,6,7,17064,70
15574,6,7,16694,350
15574,6,7,15954,420
15574,6,7,15584,490
15574,6,7,1,560
12241,6,7,12245,0
12241,6,7,1,70
9277,6,7,14087,0
9277,6,7,13347,70
9277,6,7,12977,350
9277,6,7,12237,420
9277,6,7,11867,490
9277,6,7,11127,560
9277,6,7,10757,630
9277,6,7,10387,700
9277,6,7,9647,770
9277,6,7,9277,840
9277,6,7,1,910
15951,6,7,16325,0
15951,6,7,1,70
15583,6,7,15584,0
15583,6,7,1,70
12987,6,7,17057,0
12987,6,7,16317,70
12987,6,7,15947,350
12987,6,7,15577,420
12987,6,7,15207,490
12987,6,7,14467,560
12987,6,7,14097,630
12987,6,7,13357,700
12987,6,7,12987,770
12987,6,7,1,840
14458,6,7,15581,0
14458,6,7,14841,70
14458,6,7,14471,350
14458,6,7,1,420
11494,6,7,12983,0
11494,6,7,12243,70
11494,6,7,11873,350
11494,6,7,11503,420
11494,6,7,1,490
14467,6,7,14471,0
14467,6,7,1,70
11503,6,7,15943,0
11503,6,7,15203,70
11503,6,7,14833,350
11503,6,7,14463,420
11503,6,7,14093,490
11503,6,7,13353,560
11503,6,7,12983,630
11503,6,7,12243,700
11503,6,7,11873,770
11503,6,7,11503,840
11503,6,7,1,910
12612,6,7,12616,0
12612,6,7,1,70
13718,6,7,15209,0
13718,6,7,14839,70
13718,6,7,14469,350
13718,6,7,13729,420
13718,6,7,1,490
10385,6,7,11130,0
10385,6,7,10760,70
10385,6,7,10390,350
10385,6,7,1,420
13727,6,7,13729,0
13727,6,7,1,70
11865,6,7,13354,0
11865,6,7,12614,70
11865,6,7,12244,350
11865,6,7,11874,420
11865,6,7,1,490
12234,6,7,13725,0
12234,6,7,12985,70
12234,6,7,12615,350
12234,6,7,12245,420
12234,6,7,1,490
11874,6,7,16314,0
11874,6,7,15574,70
11874,6,7,15204,350
11874,6,7,14834,420
11874,6,7,14094,490
11874,6,7,13724,560
11874,6,7,13354,630
11874,6,7,12614,700
11874,6,7,12244,770
11874,6,7,1,840
15576,6,7,17064,0
15576,6,7,16694,70
15576,6,7,16324,350
15576,6,7,15584,420
15576,6,7,1,490
12243,6,7,12245,0
12243,6,7,1,70
12980,6,7,13357,0
12980,6,7,1,70
9647,6,7,9648,0
9647,6,7,1,70
16322,6,7,16696,0
16322,6,7,1,70
14829,6,7,16322,0
14829,6,7,15582,70
14829,6,7,15212,350
14829,6,7,14842,420
14829,6,7,1,490
12605,6,7,14096,0
12605,6,7,13356,70
12605,6,7,12986,350
12605,6,7,12616,420
12605,6,7,1,490
14469,6,7,14471,0
14469,6,7,1,70
8163,6,7,8164,0
8163,6,7,1,70
14838,6,7,14842,0
14838,6,7,1,70
13720,6,7,14839,0
13720,6,7,14099,70
13720,6,7,13729,350
13720,6,7,1,420
15200,6,7,16693,0
15200,6,7,15953,70
15200,6,7,15583,350
15200,6,7,15213,420
15200,6,7,1,490
11867,6,7,12614,0
11867,6,7,11874,70
11867,6,7,1,350
15209,6,7,15213,0
15209,6,7,1,70
15946,6,7,17805,0
15946,6,7,17065,70
15946,6,7,16695,350
15946,6,7,16325,420
15946,6,7,1,490
15578,6,7,16324,0
15578,6,7,15954,70
15578,6,7,15584,350
15578,6,7,1,420
16315,6,7,18546,0
16315,6,7,17806,70
16315,6,7,17436,350
16315,6,7,17066,420
16315,6,7,16326,490
16315,6,7,1,560
12245,6,7,16685,0
12245,6,7,15945,70
12245,6,7,15575,350
12245,6,7,14835,420
12245,6,7,14465,490
12245,6,7,13725,560
12245,6,7,13355,630
12245,6,7,12985,700
12245,6,7,12245,770
12245,6,7,1,840
12982,6,7,13357,0
12982,6,7,1,70
17058,6,7,18918,0
17058,6,7,18178,70
17058,6,7,17808,350
17058,6,7,17438,420
17058,6,7,1,490
14462,6,7,15581,0
14462,6,7,14841,70
14462,6,7,14471,350
14462,6,7,1,420
14094,6,7,14470,0
14094,6,7,14100,70
14094,6,7,1,350
10761,6,7,15571,0
10761,6,7,14831,70
10761,6,7,14461,350
10761,6,7,13721,420
10761,6,7,13351,490
10761,6,7,12611,560
10761,6,7,12241,630
10761,6,7,11871,700
10761,6,7,11131,770
10761,6,7,10761,840
10761,6,7,1,910
11498,6,7,12243,0
11498,6,7,11503,70
11498,6,7,1,350
14471,6,7,18911,0
14471,6,7,18171,70
14471,6,7,17801,350
14471,6,7,17061,420
14471,6,7,16691,490
14471,6,7,16321,560
14471,6,7,15581,630
14471,6,7,15211,700
14471,6,7,14471,770
14471,6,7,1,840
8534,6,7,8535,0
8534,6,7,1,70
14840,6,7,14842,0
14840,6,7,1,70
13722,6,7,14099,0
13722,6,7,13729,70
13722,6,7,1,350
10014,6,7,11129,0
10014,6,7,10389,70
10014,6,7,10019,350
10014,6,7,1,420
13356,6,7,13358,0
13356,6,7,1,70
11869,6,7,12614,0
11869,6,7,11874,70
11869,6,7,1,350
11129,6,7,11132,0
11129,6,7,1,70
12238,6,7,12615,0
12238,6,7,1,70
8905,6,7,8906,0
8905,6,7,1,70
15211,6,7,15213,0
15211,6,7,1,70
15580,6,7,15954,0
15580,6,7,1,70
12984,6,7,12987,0
12984,6,7,1,70
14087,6,7,15210,0
14087,6,7,14470,70
14087,6,7,14100,350
14087,6,7,1,420
14096,6,7,14100,0
14096,6,7,1,70
14833,6,7,16322,0
14833,6,7,15582,70
14833,6,7,15212,350
14833,6,7,14842,420
14833,6,7,1,490
14842,6,7,19282,0
14842,6,7,18912,70
14842,6,7,18542,350
14842,6,7,17802,420
14842,6,7,17432,490
14842,6,7,16692,560
14842,6,7,16322,630
14842,6,7,15952,700
14842,6,7,15212,770
14842,6,7,14842,840
14842,6,7,1,910
13358,6,7,17798,0
13358,6,7,17058,70
13358,6,7,16688,350
13358,6,7,16318,420
13358,6,7,15948,490
13358,6,7,15208,560
13358,6,7,14838,630
13358,6,7,14098,700
13358,6,7,13728,770
13358,6,7,13358,840
13358,6,7,1,910
15204,6,7,16693,0
15204,6,7,15953,70
15204,6,7,15583,350
15204,6,7,15213,420
15204,6,7,1,490
11131,6,7,11132,0
11131,6,7,1,70
12240,6,7,12615,0
12240,6,7,1,70
12977,6,7,14467,0
12977,6,7,13727,70
12977,6,7,13357,350
12977,6,7,12987,420
12977,6,7,1,490
15582,6,7,15584,0
15582,6,7,1,70
14089,6,7,15580,0
14089,6,7,15210,70
14089,6,7,14840,350
14089,6,7,14100,420
14089,6,7,1,490
15953,6,7,15955,0
15953,6,7,1,70
14466,6,7,14841,0
14466,6,7,1,70
14098,6,7,14100,0
14098,6,7,1,70
14835,6,7,15582,0
14835,6,7,14842,70
14835,6,7,1,350
11502,6,7,11503,0
11502,6,7,1,70
12614,6,7,12616,0
12614,6,7,1,70
13351,6,7,14098,0
13351,6,7,13358,70
13351,6,7,1,350
10018,6,7,10019,0
10018,6,7,1,70
10387,6,7,10760,0
10387,6,7,1,70
11124,6,7,12612,0
11124,6,7,11872,70
11124,6,7,11502,350
11124,6,7,11132,420
11124,6,7,1,490
16693,6,7,17067,0
16693,6,7,1,70
13729,6,7,18169,0
13729,6,7,17429,70
13729,6,7,17059,350
13729,6,7,16319,420
13729,6,7,15949,490
13729,6,7,15579,560
13729,6,7,14839,630
13729,6,7,14469,700
13729,6,7,13729,770
13729,6,7,1,840
15575,6,7,17064,0
15575,6,7,16694,70
15575,6,7,16324,350
15575,6,7,15584,420
15575,6,7,1,490
14091,6,7,15210,0
14091,6,7,14470,70
14091,6,7,14100,350
14091,6,7,1,420
10758,6,7,11131,0
10758,6,7,1,70
11495,6,7,12983,0
11495,6,7,12243,70
11495,6,7,11873,350
11495,6,7,11503,420
11495,6,7,1,490
14100,6,7,18540,0
14100,6,7,17800,70
14100,6,7,17430,350
14100,6,7,16690,420
14100,6,7,16320,490
14100,6,7,15950,560
14100,6,7,15210,630
14100,6,7,14840,700
14100,6,7,14100,770
14100,6,7,1,840
16686,6,7,18917,0
16686,6,7,18177,70
16686,6,7,17807,350
16686,6,7,17437,420
16686,6,7,16697,490
16686,6,7,1,560
13353,6,7,14098,0
13353,6,7,13358,70
13353,6,7,1,350
12616,6,7,16686,0
12616,6,7,15946,70
12616,6,7,15576,350
12616,6,7,15206,420
12616,6,7,14836,490
12616,6,7,14096,560
12616,6,7,13726,630
12616,6,7,12986,700
12616,6,7,12616,770
12616,6,7,1,840
10389,6,7,10390,0
10389,6,7,1,70
10760,6,7,10761,0
10760,6,7,1,70
8533,6,7,8535,0
8533,6,7,1,70
14839,6,7,14842,0
14839,6,7,1,70
12609,6,7,12986,0
12609,6,7,1,70
10013,6,7,11129,0
10013,6,7,10389,70
10013,6,7,10019,350
10013,6,7,1,420
16688,6,7,18177,0
16688,6,7,17807,70
16688,6,7,17437,350
16688,6,7,16697,420
16688,6,7,1,490
13355,6,7,13358,0
13355,6,7,1,70
13724,6,7,14099,0
13724,6,7,1,70
11128,6,7,11132,0
11128,6,7,1,70
9273,6,7,9647,0
9273,6,7,1,70
11871,6,7,11874,0
11871,6,7,1,70
9644,6,7,10018,0
9644,6,7,9648,70
9644,6,7,1,140
10753,6,7,12611,0
10753,6,7,11871,70
10753,6,7,11501,350
10753,6,7,10761,420
10753,6,7,1,490
15213,6,7,20023,0
15213,6,7,19283,70
15213,6,7,18913,350
15213,6,7,18173,420
15213,6,7,17803,490
15213,6,7,17063,560
15213,6,7,16693,630
15213,6,7,16323,700
15213,6,7,15583,770
15213,6,7,15213,840
15213,6,7,1,910
12986,6,7,12987,0
12986,6,7,1,70
14832,6,7,16692,0
14832,6,7,15952,70
14832,6,7,15582,350
14832,6,7,15212,420
14832,6,7,14842,490
14832,6,7,1,560
8535,6,7,12605,0
8535,6,7,11865,70
8535,6,7,11495,350
8535,6,7,11125,420
8535,6,7,10385,490
8535,6,7,10015,560
8535,6,7,9275,630
8535,6,7,8905,700
8535,6,7,8535,770
8535,6,7,1,840
12611,6,7,12616,0
12611,6,7,1,70
13348,6,7,15208,0
13348,6,7,14468,70
13348,6,7,14098,350
13348,6,7,13728,420
13348,6,7,1,490
10015,6,7,10389,0
10015,6,7,10019,70
10015,6,7,1,140
10384,6,7,11130,0
10384,6,7,10760,70
10384,6,7,10390,350
10384,6,7,1,420
13357,6,7,13358,0
13357,6,7,1,70
13726,6,7,13729,0
13726,6,7,1,70
11130,6,7,11132,0
11130,6,7,1,70
15572,6,7,17064,0
15572,6,7,16324,70
15572,6,7,15954,350
15572,6,7,15584,420
15572,6,7,1,490
15206,6,7,15953,0
15206,6,7,15213,70
15206,6,7,1,350
15943,6,7,17805,0
15943,6,7,17065,70
15943,6,7,16695,350
15943,6,7,16325,420
15943,6,7,1,490
11873,6,7,11874,0
11873,6,7,1,70
12979,6,7,14097,0
12979,6,7,13357,70
12979,6,7,12987,350
12979,6,7,1,420
10755,6,7,11501,0
10755,6,7,11131,70
10755,6,7,10761,350
10755,6,7,1,420
14097,6,7,14100,0
14097,6,7,1,70
14834,6,7,16322,0
14834,6,7,15582,70
14834,6,7,15212,350
14834,6,7,14842,420
14834,6,7,1,490
14468,6,7,14471,0
14468,6,7,1,70
13350,6,7,14838,0
13350,6,7,14098,70
13350,6,7,13728,350
13350,6,7,13358,420
13350,6,7,1,490
13719,6,7,15209,0
13719,6,7,14839,70
13719,6,7,14469,350
13719,6,7,13729,420
13719,6,7,1,490
11123,6,7,12612,0
11123,6,7,11872,70
11123,6,7,11502,350
11123,6,7,11132,420
11123,6,7,1,490
13728,6,7,13729,0
13728,6,7,1,70
11132,6,7,15572,0
11132,6,7,15202,70
11132,6,7,14832,350
11132,6,7,14092,420
11132,6,7,13722,490
11132,6,7,12982,560
11132,6,7,12612,630
11132,6,7,12242,700
11132,6,7,11502,770
11132,6,7,11132,840
11132,6,7,1,910
15208,6,7,15953,0
15208,6,7,15213,70
15208,6,7,1,350
15945,6,7,18175,0
15945,6,7,17435,70
15945,6,7,17065,350
15945,6,7,16695,420
15945,6,7,15955,490
15945,6,7,1,560
12244,6,7,12245,0
12244,6,7,1,70
16314,6,7,18176,0
16314,6,7,17436,70
16314,6,7,17066,350
16314,6,7,16696,420
16314,6,7,1,490
9648,6,7,14458,0
9648,6,7,13718,70
9648,6,7,13348,350
9648,6,7,12608,420
9648,6,7,12238,490
9648,6,7,11868,560
9648,6,7,11128,630
9648,6,7,10758,700
9648,6,7,10018,770
9648,6,7,9648,840
9648,6,7,1,910
10757,6,7,11131,0
10757,6,7,1,70
14090,6,7,15580,0
14090,6,7,15210,70
14090,6,7,14840,350
14090,6,7,14100,420
14090,6,7,1,490
14099,6,7,14100,0
14099,6,7,1,70
14461,6,7,15951,0
14461,6,7,15581,70
14461,6,7,15211,350
14461,6,7,14471,420
14461,6,7,1,490
8164,6,7,12234,0
8164,6,7,11494,70
8164,6,7,11124,350
8164,6,7,10754,420
8164,6,7,10014,490
8164,6,7,9644,560
8164,6,7,8904,630
8164,6,7,8534,700
8164,6,7,8164,770
8164,6,7,1,840
14470,6,7,14471,0
14470,6,7,1,70
12615,6,7,12616,0
12615,6,7,1,70
10019,6,7,14829,0
10019,6,7,14089,70
10019,6,7,13719,350
10019,6,7,12979,420
10019,6,7,12609,490
10019,6,7,12239,560
10019,6,7,11499,630
10019,6,7,11129,700
10019,6,7,10389,770
10019,6,7,10019,840
10019,6,7,1,910
13721,6,7,14839,0
13721,6,7,14099,70
13721,6,7,13729,350
13721,6,7,1,420
15201,6,7,16693,0
15201,6,7,15953,70
15201,6,7,15583,350
15201,6,7,15213,420
15201,6,7,1,490
12237,6,7,13355,0
12237,6,7,12615,70
12237,6,7,12245,350
12237,6,7,1,420
8904,6,7,8906,0
8904,6,7,1,70
15210,6,7,15213,0
15210,6,7,1,70
12983,6,7,12987,0
12983,6,7,1,70
14092,6,7,15210,0
14092,6,7,14470,70
14092,6,7,14100,350
14092,6,7,1,420
14463,6,7,15581,0
14463,6,7,14841,70
14463,6,7,14471,350
14463,6,7,1,420
11499,6,7,11503,0
11499,6,7,1,70
12608,6,7,13726,0
12608,6,7,12986,70
12608,6,7,12616,350
12608,6,7,1,420
14841,6,7,14842,0
14841,6,7,1,70
13354,6,7,13358,0
13354,6,7,1,70
13723,6,7,14099,0
13723,6,7,13729,70
13723,6,7,1,350
10390,6,7,15200,0
10390,6,7,14460,70
10390,6,7,14090,350
10390,6,7,13350,420
10390,6,7,12980,490
10390,6,7,12240,560
10390,6,7,11870,630
10390,6,7,11500,700
10390,6,7,10760,770
10390,6,7,10390,840
10390,6,7,1,910
11127,6,7,11872,0
11127,6,7,11132,70
11127,6,7,1,350
15203,6,7,17063,0
15203,6,7,16323,70
15203,6,7,15953,350
15203,6,7,15583,420
15203,6,7,15213,490
15203,6,7,1,560
11870,6,7,11874,0
11870,6,7,1,70
8906,6,7,13346,0
8906,6,7,12606,70
8906,6,7,12236,350
8906,6,7,11866,420
8906,6,7,11126,490
8906,6,7,10756,560
8906,6,7,10386,630
8906,6,7,9646,700
8906,6,7,9276,770
8906,6,7,1,840
1,7,8,1,0
15212,7,8,15213,0
15212,7,8,1,70
19282,7,8,19664,0
19282,7,8,19294,70
19282,7,8,1,350
15581,7,8,15584,0
15581,7,8,1,70
16318,7,8,17436,0
16318,7,8,16696,70
16318,7,8,16326,350
16318,7,8,1,420
12985,7,8,12987,0
12985,7,8,1,70
15949,7,8,16325,0
15949,7,8,1,70
9275,7,8,9277,0
9275,7,8,1,70
17798,7,8,18550,0
17798,7,8,18180,70
17798,7,8,17810,350
17798,7,8,1,420
14465,7,8,14471,0
14465,7,8,1,70
11501,7,8,11503,0
11501,7,8,1,70
17807,7,8,17810,0
17807,7,8,1,70
13347,7,8,14468,0
13347,7,8,13728,70
13347,7,8,13358,350
13347,7,8,1,420
12239,7,8,12245,0
12239,7,8,1,70
13725,7,8,13729,0
13725,7,8,1,70
11872,7,8,11874,0
11872,7,8,1,70
15574,7,8,16694,0
15574,7,8,16324,70
15574,7,8,15954,350
15574,7,8,1,420
12241,7,8,12245,0
12241,7,8,1,70
9277,7,8,13347,0
9277,7,8,12607,70
9277,7,8,12237,350
9277,7,8,11497,420
9277,7,8,11127,490
9277,7,8,10757,560
9277,7,8,10017,630
9277,7,8,9647,700
9277,7,8,1,770
15583,7,8,15584,0
15583,7,8,1,70
16320,7,8,16696,0
16320,7,8,1,70
12987,7,8,16317,0
12987,7,8,15947,70
12987,7,8,15577,350
12987,7,8,14837,420
12987,7,8,14467,490
12987,7,8,13727,560
12987,7,8,13357,630
12987,7,8,12987,700
12987,7,8,1,770
15951,7,8,15955,0
15951,7,8,1,70
14458,7,8,14841,0
14458,7,8,1,70
17063,7,8,17068,0
17063,7,8,1,70
17800,7,8,18920,0
17800,7,8,18550,70
17800,7,8,18180,350
17800,7,8,1,420
14467,7,8,14471,0
14467,7,8,1,70
11494,7,8,12243,0
11494,7,8,11503,70
11494,7,8,1,350
14836,7,8,14842,0
14836,7,8,1,70
11503,7,8,15203,0
11503,7,8,14833,70
11503,7,8,14463,350
11503,7,8,13723,420
11503,7,8,13353,490
11503,7,8,12613,560
11503,7,8,12243,630
11503,7,8,11873,700
11503,7,8,1,770
12612,7,8,12616,0
12612,7,8,1,70
18178,7,8,18181,0
18178,7,8,1,70
13718,7,8,14469,0
13718,7,8,14099,70
13718,7,8,13729,350
13718,7,8,1,420
10385,7,8,10390,0
10385,7,8,1,70
13727,7,8,13729,0
13727,7,8,1,70
11865,7,8,12614,0
11865,7,8,11874,70
11865,7,8,1,350
12234,7,8,12985,0
12234,7,8,12245,70
12234,7,8,1,350
18540,7,8,18922,0
18540,7,8,18552,70
18540,7,8,1,350
15207,7,8,15213,0
15207,7,8,1,70
11874,7,8,15574,0
11874,7,8,14834,70
11874,7,8,14464,350
11874,7,8,14094,420
11874,7,8,13724,490
11874,7,8,12984,560
11874,7,8,12614,630
11874,7,8,11874,700
11874,7,8,1,770
15576,7,8,16324,0
15576,7,8,15954,70
15576,7,8,15584,350
15576,7,8,1,420
12243,7,8,12245,0
12243,7,8,1,70
12980,7,8,12987,0
12980,7,8,1,70
9647,7,8,9648,0
9647,7,8,1,70
16322,7,8,16326,0
16322,7,8,1,70
14460,7,8,15211,0
14460,7,8,14841,70
14460,7,8,14471,350
14460,7,8,1,420
14829,7,8,15582,0
14829,7,8,14842,70
14829,7,8,1,350
17065,7,8,17068,0
17065,7,8,1,70
17802,7,8,18550,0
17802,7,8,18180,70
17802,7,8,17810,350
17802,7,8,1,420
14469,7,8,14471,0
14469,7,8,1,70
18171,7,8,19291,0
18171,7,8,18551,70
18171,7,8,18181,350
18171,7,8,1,420
14838,7,8,14842,0
14838,7,8,1,70
12605,7,8,13356,0
12605,7,8,12616,70
12605,7,8,1,350
15200,7,8,15953,0
15200,7,8,15213,70
15200,7,8,1,350
11867,7,8,11874,0
11867,7,8,1,70
12236,7,8,12615,0
12236,7,8,1,70
18542,7,8,19662,0
18542,7,8,18922,70
18542,7,8,18552,350
18542,7,8,1,420
15209,7,8,15213,0
15209,7,8,1,70
15946,7,8,17065,0
15946,7,8,16325,70
15946,7,8,15955,350
15946,7,8,1,420
12245,7,8,15945,0
12245,7,8,15205,70
12245,7,8,14835,350
12245,7,8,14095,420
12245,7,8,13725,490
12245,7,8,13355,560
12245,7,8,12615,630
12245,7,8,12245,700
12245,7,8,1,770
12982,7,8,12987,0
12982,7,8,1,70
16324,7,8,16326,0
16324,7,8,1,70
17058,7,8,18178,0
17058,7,8,17438,70
17058,7,8,17068,350
17058,7,8,1,420
14094,7,8,14100,0
14094,7,8,1,70
14831,7,8,15952,0
14831,7,8,15212,70
14831,7,8,14842,350
14831,7,8,1,420
10761,7,8,14831,0
10761,7,8,14091,70
10761,7,8,13721,350
10761,7,8,12981,420
10761,7,8,12611,490
10761,7,8,12241,560
10761,7,8,11501,630
10761,7,8,11131,700
10761,7,8,1,770
17067,7,8,17068,0
17067,7,8,1,70
14471,7,8,18171,0
14471,7,8,17431,70
14471,7,8,17061,350
14471,7,8,16691,420
14471,7,8,15951,490
14471,7,8,15581,560
14471,7,8,14841,630
14471,7,8,14471,700
14471,7,8,1,770
18173,7,8,18921,0
18173,7,8,18181,70
18173,7,8,1,350
14840,7,8,14842,0
14840,7,8,1,70
8534,7,8,8535,0
8534,7,8,1,70
13722,7,8,13729,0
13722,7,8,1,70
10014,7,8,10389,0
10014,7,8,1,70
13356,7,8,13358,0
13356,7,8,1,70
15202,7,8,16323,0
15202,7,8,15583,70
15202,7,8,15213,350
15202,7,8,1,420
15571,7,8,16324,0
15571,7,8,15584,70
15571,7,8,1,350
11129,7,8,11132,0
11129,7,8,1,70
8905,7,8,8906,0
8905,7,8,1,70
15211,7,8,15213,0
15211,7,8,1,70
17435,7,8,17439,0
17435,7,8,1,70
15580,7,8,15584,0
15580,7,8,1,70
16317,7,8,17436,0
16317,7,8,16696,70
16317,7,8,16326,350
16317,7,8,1,420
12984,7,8,12987,0
12984,7,8,1,70
12238,7,8,12245,0
12238,7,8,1,70
16326,7,8,20766,0
16326,7,8,20026,70
16326,7,8,19656,140
16326,7,8,19286,350
16326,7,8,18916,420
16326,7,8,18546,490
16326,7,8,17806,560
16326,7,8,17436,630
16326,7,8,16696,700
16326,7,8,16326,770
16326,7,8,1,840
14087,7,8,14470,0
14087,7,8,1,70
10754,7,8,10761,0
10754,7,8,1,70
14096,7,8,14100,0
14096,7,8,1,70
14833,7,8,15582,0
14833,7,8,14842,70
14833,7,8,1,350
11500,7,8,11503,0
11500,7,8,1,70
17806,7,8,17810,0
17806,7,8,1,70
18175,7,8,18181,0
18175,7,8,1,70
14842,7,8,18912,0
14842,7,8,18172,70
14842,7,8,17802,350
14842,7,8,17062,420
14842,7,8,16692,490
14842,7,8,16322,560
14842,7,8,15582,630
14842,7,8,15212,700
14842,7,8,1,770
16691,7,8,16697,0
16691,7,8,1,70
13358,7,8,17058,0
13358,7,8,16688,70
13358,7,8,16318,350
13358,7,8,15578,420
13358,7,8,15208,490
13358,7,8,14468,560
13358,7,8,14098,630
13358,7,8,13728,700
13358,7,8,1,770
15204,7,8,15953,0
15204,7,8,15213,70
15204,7,8,1,350
11131,7,8,11132,0
11131,7,8,1,70
17437,7,8,17439,0
17437,7,8,1,70
12977,7,8,13727,0
12977,7,8,12987,70
12977,7,8,1,350
18546,7,8,18552,0
18546,7,8,1,70
12240,7,8,12245,0
12240,7,8,1,70
15582,7,8,15584,0
15582,7,8,1,70
16319,7,8,16696,0
16319,7,8,1,70
9276,7,8,9277,0
9276,7,8,1,70
18917,7,8,18923,0
18917,7,8,1,70
14089,7,8,14840,0
14089,7,8,14470,70
14089,7,8,14100,350
14089,7,8,1,420
15953,7,8,15955,0
15953,7,8,1,70
10756,7,8,10761,0
10756,7,8,1,70
14098,7,8,14100,0
14098,7,8,1,70
14835,7,8,14842,0
14835,7,8,1,70
11502,7,8,11503,0
11502,7,8,1,70
17808,7,8,17810,0
17808,7,8,1,70
18177,7,8,18181,0
18177,7,8,1,70
12614,7,8,12616,0
12614,7,8,1,70
13351,7,8,13358,0
13351,7,8,1,70
10018,7,8,10019,0
10018,7,8,1,70
10387,7,8,10390,0
10387,7,8,1,70
16693,7,8,16697,0
16693,7,8,1,70
17430,7,8,18179,0
17430,7,8,17439,70
17430,7,8,1,350
11124,7,8,11872,0
11124,7,8,11132,70
11124,7,8,1,350
13729,7,8,17429,0
13729,7,8,16689,70
13729,7,8,16319,350
13729,7,8,15949,420
13729,7,8,15209,490
13729,7,8,14839,560
13729,7,8,14099,630
13729,7,8,13729,700
13729,7,8,1,770
15575,7,8,16324,0
15575,7,8,15954,70
15575,7,8,15584,350
15575,7,8,1,420
12242,7,8,12245,0
12242,7,8,1,70
15584,7,8,19654,0
15584,7,8,18914,70
15584,7,8,18544,350
15584,7,8,18174,420
15584,7,8,17434,490
15584,7,8,17064,560
15584,7,8,16694,630
15584,7,8,15954,700
15584,7,8,15584,770
15584,7,8,1,840
10758,7,8,10761,0
10758,7,8,1,70
17064,7,8,17068,0
17064,7,8,1,70
17801,7,8,18550,0
17801,7,8,18180,70
17801,7,8,17810,350
17801,7,8,1,420
15955,7,8,20395,0
15955,7,8,19655,70
15955,7,8,19285,140
15955,7,8,18915,350
15955,7,8,18545,420
15955,7,8,18175,490
15955,7,8,17435,560
15955,7,8,17065,630
15955,7,8,16325,700
15955,7,8,15955,770
15955,7,8,1,840
14100,7,8,17800,0
14100,7,8,17060,70
14100,7,8,16690,350
14100,7,8,16320,420
14100,7,8,15580,490
14100,7,8,15210,560
14100,7,8,14470,630
14100,7,8,14100,700
14100,7,8,1,770
11495,7,8,12243,0
11495,7,8,11503,70
11495,7,8,1,350
12616,7,8,15946,0
12616,7,8,15576,70
12616,7,8,15206,350
12616,7,8,14466,420
12616,7,8,14096,490
12616,7,8,13356,560
12616,7,8,12986,630
12616,7,8,12616,700
12616,7,8,1,770
13353,7,8,13358,0
13353,7,8,1,70
16686,7,8,18177,0
16686,7,8,17437,70
16686,7,8,17067,350
16686,7,8,1,420
10389,7,8,10390,0
10389,7,8,1,70
16695,7,8,16697,0
16695,7,8,1,70
17432,7,8,17439,0
17432,7,8,1,70
11126,7,8,11132,0
11126,7,8,1,70
15577,7,8,15584,0
15577,7,8,1,70
18912,7,8,20033,0
18912,7,8,19293,70
18912,7,8,18923,350
18912,7,8,1,420
15948,7,8,16325,0
15948,7,8,1,70
17057,7,8,18178,0
17057,7,8,17438,70
17057,7,8,17068,350
17057,7,8,1,420
19290,7,8,19294,0
19290,7,8,1,70
14093,7,8,14100,0
14093,7,8,1,70
17066,7,8,17068,0
17066,7,8,1,70
10760,7,8,10761,0
10760,7,8,1,70
14839,7,8,14842,0
14839,7,8,1,70
12609,7,8,12616,0
12609,7,8,1,70
13346,7,8,14098,0
13346,7,8,13358,70
13346,7,8,1,350
16688,7,8,17437,0
16688,7,8,17067,70
16688,7,8,16697,350
16688,7,8,1,420
13355,7,8,13358,0
13355,7,8,1,70
13724,7,8,13729,0
13724,7,8,1,70
16697,7,8,20767,0
16697,7,8,20027,70
16697,7,8,19657,350
16697,7,8,19287,420
16697,7,8,18917,490
16697,7,8,18177,560
16697,7,8,17807,630
16697,7,8,17067,700
16697,7,8,16697,770
16697,7,8,1,840
17434,7,8,17439,0
17434,7,8,1,70
11128,7,8,11132,0
11128,7,8,1,70
11871,7,8,11874,0
11871,7,8,1,70
15213,7,8,19283,0
15213,7,8,18543,70
15213,7,8,18173,350
15213,7,8,17433,420
15213,7,8,17063,490
15213,7,8,16693,560
15213,7,8,15953,630
15213,7,8,15583,700
15213,7,8,1,770
15950,7,8,16325,0
15950,7,8,1,70
17059,7,8,17808,0
17059,7,8,17068,70
17059,7,8,1,350
19283,7,8,20404,0
19283,7,8,19664,70
19283,7,8,19294,350
19283,7,8,1,420
12986,7,8,12987,0
12986,7,8,1,70
9644,7,8,9648,0
9644,7,8,1,70
14832,7,8,15952,0
14832,7,8,15212,70
14832,7,8,14842,350
14832,7,8,1,420
8535,7,8,11865,0
8535,7,8,11125,70
8535,7,8,10755,350
8535,7,8,10385,420
8535,7,8,9645,490
8535,7,8,9275,560
8535,7,8,8905,630
8535,7,8,1,700
12611,7,8,12616,0
12611,7,8,1,70
13348,7,8,14468,0
13348,7,8,13728,70
13348,7,8,13358,350
13348,7,8,1,420
10015,7,8,10019,0
10015,7,8,1,70
20023,7,8,20776,0
20023,7,8,20036,70
20023,7,8,1,350
16690,7,8,16697,0
16690,7,8,1,70
13357,7,8,13358,0
13357,7,8,1,70
13726,7,8,13729,0
13726,7,8,1,70
11130,7,8,11132,0
11130,7,8,1,70
17436,7,8,17439,0
17436,7,8,1,70
15572,7,8,16324,0
15572,7,8,15584,70
15572,7,8,1,350
15206,7,8,15213,0
15206,7,8,1,70
11873,7,8,11874,0
11873,7,8,1,70
15943,7,8,17065,0
15943,7,8,16325,70
15943,7,8,15955,350
15943,7,8,1,420
12979,7,8,13357,0
12979,7,8,1,70
9646,7,8,9648,0
9646,7,8,1,70
15952,7,8,15955,0
15952,7,8,1,70
17061,7,8,17068,0
17061,7,8,1,70
16321,7,8,16696,0
16321,7,8,1,70
14097,7,8,14100,0
14097,7,8,1,70
14834,7,8,15582,0
14834,7,8,14842,70
14834,7,8,1,350
18176,7,8,18181,0
18176,7,8,1,70
14468,7,8,14471,0
14468,7,8,1,70
17810,7,8,20770,0
17810,7,8,20400,420
17810,7,8,19660,490
17810,7,8,19290,560
17810,7,8,18920,630
17810,7,8,18180,700
17810,7,8,17810,770
17810,7,8,1,840
13350,7,8,14098,0
13350,7,8,13358,70
13350,7,8,1,350
13719,7,8,14469,0
13719,7,8,14099,70
13719,7,8,13729,350
13719,7,8,1,420
10386,7,8,10390,0
10386,7,8,1,70
16692,7,8,16697,0
16692,7,8,1,70
17429,7,8,18549,0
17429,7,8,17809,70
17429,7,8,17439,350
17429,7,8,1,420
13728,7,8,13729,0
13728,7,8,1,70
11132,7,8,15202,0
11132,7,8,14462,70
11132,7,8,14092,350
11132,7,8,13352,420
11132,7,8,12982,490
11132,7,8,12612,560
11132,7,8,11872,630
11132,7,8,11502,700
11132,7,8,1,770
17438,7,8,17439,0
17438,7,8,1,70
11866,7,8,12614,0
11866,7,8,11874,70
11866,7,8,1,350
15208,7,8,15213,0
15208,7,8,1,70
15945,7,8,17435,0
15945,7,8,16695,70
15945,7,8,16325,350
15945,7,8,15955,420
15945,7,8,1,490
12244,7,8,12245,0
12244,7,8,1,70
18550,7,8,18552,0
18550,7,8,1,70
9648,7,8,13718,0
9648,7,8,12978,70
9648,7,8,12608,350
9648,7,8,12238,420
9648,7,8,11498,490
9648,7,8,11128,560
9648,7,8,10388,630
9648,7,8,10018,700
9648,7,8,9648,770
9648,7,8,1,840
15954,7,8,15955,0
15954,7,8,1,70
10757,7,8,10761,0
10757,7,8,1,70
16314,7,8,17436,0
16314,7,8,16696,70
16314,7,8,16326,350
16314,7,8,1,420
18918,7,8,18923,0
18918,7,8,1,70
14099,7,8,14100,0
14099,7,8,1,70
18169,7,8,18551,0
18169,7,8,18181,70
18169,7,8,1,350
16323,7,8,16326,0
16323,7,8,1,70
14090,7,8,14840,0
14090,7,8,14470,70
14090,7,8,14100,350
14090,7,8,1,420
14461,7,8,15211,0
14461,7,8,14841,70
14461,7,8,14471,350
14461,7,8,1,420
8164,7,8,11494,0
8164,7,8,10754,70
8164,7,8,10384,350
8164,7,8,10014,420
8164,7,8,9274,490
8164,7,8,8904,560
8164,7,8,8534,630
8164,7,8,1,700
14470,7,8,14471,0
14470,7,8,1,70
17803,7,8,17810,0
17803,7,8,1,70
12606,7,8,13356,0
12606,7,8,12616,70
12606,7,8,1,350
12615,7,8,12616,0
12615,7,8,1,70
16685,7,8,17437,0
16685,7,8,17067,70
16685,7,8,16697,350
16685,7,8,1,420
10019,7,8,14089,0
10019,7,8,13349,70
10019,7,8,12979,350
10019,7,8,12609,420
10019,7,8,11869,490
10019,7,8,11499,560
10019,7,8,10759,630
10019,7,8,10389,700
10019,7,8,10019,770
10019,7,8,1,840
13721,7,8,14099,0
13721,7,8,1,70
16694,7,8,16697,0
16694,7,8,1,70
11125,7,8,11132,0
11125,7,8,1,70
11868,7,8,11874,0
11868,7,8,1,70
12237,7,8,12615,0
12237,7,8,1,70
18911,7,8,19293,0
18911,7,8,18923,70
18911,7,8,1,350
15210,7,8,15213,0
15210,7,8,1,70
15947,7,8,17065,0
15947,7,8,16325,70
15947,7,8,15955,350
15947,7,8,1,420
15579,7,8,15584,0
15579,7,8,1,70
18920,7,8,18923,0
18920,7,8,1,70
12983,7,8,12987,0
12983,7,8,1,70
14092,7,8,14470,0
14092,7,8,1,70
8904,7,8,8906,0
8904,7,8,1,70
16325,7,8,16326,0
16325,7,8,1,70
14463,7,8,14841,0
14463,7,8,1,70
11499,7,8,11503,0
11499,7,8,1,70
17805,7,8,17810,0
17805,7,8,1,70
12608,7,8,12986,0
12608,7,8,1,70
14841,7,8,14842,0
14841,7,8,1,70
13354,7,8,13358,0
13354,7,8,1,70
10390,7,8,14460,0
10390,7,8,13720,70
10390,7,8,13350,350
10390,7,8,12610,420
10390,7,8,12240,490
10390,7,8,11870,560
10390,7,8,11130,630
10390,7,8,10760,700
10390,7,8,1,770
16696,7,8,16697,0
16696,7,8,1,70
11127,7,8,11132,0
11127,7,8,1,70
15203,7,8,16323,0
15203,7,8,15583,70
15203,7,8,15213,350
15203,7,8,1,420
11870,7,8,11874,0
11870,7,8,1,70
18913,7,8,20033,0
18913,7,8,19293,70
18913,7,8,18923,350
18913,7,8,1,420
8906,7,8,12606,0
8906,7,8,11866,70
8906,7,8,11496,350
8906,7,8,11126,420
8906,7,8,10756,490
8906,7,8,10016,560
8906,7,8,9646,630
8906,7,8,8906,700
8906,7,8,1,770
1,8,9,1,0
15212,8,9,15213,0
15212,8,9,1,70
15949,8,9,16325,0
15949,8,9,1,70
15581,8,9,15584,0
15581,8,9,1,70
16318,8,9,17436,0
16318,8,9,16696,70
16318,8,9,16326,350
16318,8,9,1,420
12985,8,9,12987,0
12985,8,9,1,70
19291,8,9,19294,0
19291,8,9,1,70
9275,8,9,9277,0
9275,8,9,1,70
11501,8,9,11503,0
11501,8,9,1,70
17807,8,9,17810,0
17807,8,9,1,70
13347,8,9,14468,0
13347,8,9,13728,70
13347,8,9,13358,350
13347,8,9,1,420
12610,8,9,12616,0
12610,8,9,1,70
16689,8,9,17437,0
16689,8,9,17067,70
16689,8,9,16697,350
16689,8,9,1,420
13725,8,9,13729,0
13725,8,9,1,70
15205,8,9,15953,0
15205,8,9,15213,70
15205,8,9,1,350
11872,8,9,11874,0
11872,8,9,1,70
15574,8,9,16694,0
15574,8,9,16324,70
15574,8,9,15954,350
15574,8,9,1,420
12241,8,9,12245,0
12241,8,9,1,70
12978,8,9,13357,0
12978,8,9,1,70
9645,8,9,9648,0
9645,8,9,1,70
9277,8,9,13347,0
9277,8,9,12607,70
9277,8,9,12237,350
9277,8,9,11497,420
9277,8,9,11127,490
9277,8,9,10757,560
9277,8,9,10017,630
9277,8,9,9647,700
9277,8,9,1,770
15951,8,9,15955,0
15951,8,9,1,70
15583,8,9,15584,0
15583,8,9,1,70
12987,8,9,16687,0
12987,8,9,15947,70
12987,8,9,15577,350
12987,8,9,14837,420
12987,8,9,14467,490
12987,8,9,13727,560
12987,8,9,13357,630
12987,8,9,12987,700
12987,8,9,1,770
16320,8,9,16696,0
16320,8,9,1,70
19293,8,9,19294,0
19293,8,9,1,70
17063,8,9,17068,0
17063,8,9,1,70
17800,8,9,18920,0
17800,8,9,18550,70
17800,8,9,18180,350
17800,8,9,1,420
14467,8,9,14471,0
14467,8,9,1,70
11494,8,9,12243,0
11494,8,9,11503,70
11494,8,9,1,350
11503,8,9,15203,0
11503,8,9,14833,70
11503,8,9,14463,350
11503,8,9,13723,420
11503,8,9,13353,490
11503,8,9,12613,560
11503,8,9,12243,630
11503,8,9,11873,700
11503,8,9,1,770
17809,8,9,17810,0
17809,8,9,1,70
12612,8,9,12616,0
12612,8,9,1,70
18178,8,9,18181,0
18178,8,9,1,70
13718,8,9,14469,0
13718,8,9,14099,70
13718,8,9,13729,140
13718,8,9,1,350
10385,8,9,10390,0
10385,8,9,1,70
13727,8,9,13729,0
13727,8,9,1,70
20395,8,9,20777,0
20395,8,9,20407,70
20395,8,9,1,350
11865,8,9,12614,0
11865,8,9,11874,70
11865,8,9,1,350
20404,8,9,20407,0
20404,8,9,1,70
11874,8,9,15574,0
11874,8,9,14834,70
11874,8,9,14464,350
11874,8,9,14094,420
11874,8,9,13724,490
11874,8,9,12984,560
11874,8,9,12614,630
11874,8,9,11874,700
11874,8,9,1,770
15576,8,9,16324,0
15576,8,9,15954,70
15576,8,9,15584,350
15576,8,9,1,420
12243,8,9,12245,0
12243,8,9,1,70
18549,8,9,18552,0
18549,8,9,1,70
9647,8,9,9648,0
9647,8,9,1,70
19286,8,9,20034,0
19286,8,9,19294,70
19286,8,9,1,350
16322,8,9,16326,0
16322,8,9,1,70
14460,8,9,15211,0
14460,8,9,14471,70
14460,8,9,1,350
10759,8,9,10761,0
10759,8,9,1,70
17065,8,9,17068,0
17065,8,9,1,70
17802,8,9,18550,0
17802,8,9,18180,70
17802,8,9,17810,350
17802,8,9,1,420
14469,8,9,14471,0
14469,8,9,1,70
18171,8,9,19291,0
18171,8,9,18551,70
18171,8,9,18181,350
18171,8,9,1,420
11496,8,9,11503,0
11496,8,9,1,70
18180,8,9,18181,0
18180,8,9,1,70
13720,8,9,14099,0
13720,8,9,1,70
20026,8,9,20776,0
20026,8,9,20406,140
20026,8,9,20036,350
20026,8,9,1,420
19660,8,9,19665,0
19660,8,9,1,70
17433,8,9,17439,0
17433,8,9,1,70
15209,8,9,15213,0
15209,8,9,1,70
15946,8,9,17065,0
15946,8,9,16325,70
15946,8,9,15955,350
15946,8,9,1,420
15578,8,9,15584,0
15578,8,9,1,70
12245,8,9,15945,0
12245,8,9,15205,70
12245,8,9,14835,350
12245,8,9,14095,420
12245,8,9,13725,490
12245,8,9,13355,560
12245,8,9,12615,630
12245,8,9,12245,700
12245,8,9,1,770
18551,8,9,18552,0
18551,8,9,1,70
12982,8,9,12987,0
12982,8,9,1,70
16324,8,9,16326,0
16324,8,9,1,70
17058,8,9,18178,0
17058,8,9,17438,70
17058,8,9,17068,350
17058,8,9,1,420
18922,8,9,18923,0
18922,8,9,1,70
14462,8,9,14841,0
14462,8,9,1,70
14094,8,9,14100,0
14094,8,9,1,70
14831,8,9,15952,0
14831,8,9,15212,70
14831,8,9,14842,350
14831,8,9,1,420
10761,8,9,14831,0
10761,8,9,14091,70
10761,8,9,13721,350
10761,8,9,12981,420
10761,8,9,12611,490
10761,8,9,12241,560
10761,8,9,11501,630
10761,8,9,11131,700
10761,8,9,1,770
12607,8,9,12986,0
12607,8,9,1,70
14471,8,9,18171,0
14471,8,9,17431,70
14471,8,9,17061,350
14471,8,9,16691,420
14471,8,9,15951,490
14471,8,9,15581,560
14471,8,9,14841,630
14471,8,9,14471,700
14471,8,9,1,770
17067,8,9,17068,0
17067,8,9,1,70
14840,8,9,14842,0
14840,8,9,1,70
18173,8,9,18921,0
18173,8,9,18181,70
18173,8,9,1,350
11498,8,9,11503,0
11498,8,9,1,70
8534,8,9,8535,0
8534,8,9,1,70
10014,8,9,10389,0
10014,8,9,1,70
13356,8,9,13358,0
13356,8,9,1,70
19662,8,9,19665,0
19662,8,9,1,70
15202,8,9,16323,0
15202,8,9,15583,70
15202,8,9,15213,350
15202,8,9,1,420
11869,8,9,11874,0
11869,8,9,1,70
17435,8,9,17439,0
17435,8,9,1,70
18544,8,9,19292,0
18544,8,9,18552,70
18544,8,9,1,350
15211,8,9,15213,0
15211,8,9,1,70
8905,8,9,8906,0
8905,8,9,1,70
15580,8,9,15584,0
15580,8,9,1,70
16317,8,9,17436,0
16317,8,9,16696,70
16317,8,9,16326,350
16317,8,9,1,420
12984,8,9,12987,0
12984,8,9,1,70
12238,8,9,12245,0
12238,8,9,1,70
9274,8,9,9277,0
9274,8,9,1,70
16326,8,9,20396,0
16326,8,9,19656,70
16326,8,9,19286,350
16326,8,9,18916,420
16326,8,9,18546,490
16326,8,9,17806,560
16326,8,9,17436,630
16326,8,9,16696,700
16326,8,9,16326,770
16326,8,9,1,840
18915,8,9,19663,0
18915,8,9,18923,70
18915,8,9,1,350
10754,8,9,10761,0
10754,8,9,1,70
17060,8,9,17808,0
17060,8,9,17068,70
17060,8,9,1,350
14464,8,9,14471,0
14464,8,9,1,70
14096,8,9,14100,0
14096,8,9,1,70
14833,8,9,15582,0
14833,8,9,14842,70
14833,8,9,1,350
17806,8,9,17810,0
17806,8,9,1,70
18175,8,9,18181,0
18175,8,9,1,70
14842,8,9,18912,0
14842,8,9,18172,70
14842,8,9,17802,350
14842,8,9,17062,420
14842,8,9,16692,490
14842,8,9,16322,560
14842,8,9,15582,630
14842,8,9,15212,700
14842,8,9,1,770
13349,8,9,14098,0
13349,8,9,13358,70
13349,8,9,1,350
19655,8,9,20775,0
19655,8,9,20405,70
19655,8,9,20035,140
19655,8,9,19665,350
19655,8,9,1,420
10016,8,9,10019,0
10016,8,9,1,70
16691,8,9,16697,0
16691,8,9,1,70
13358,8,9,17058,0
13358,8,9,16688,70
13358,8,9,16318,350
13358,8,9,15578,420
13358,8,9,15208,490
13358,8,9,14468,560
13358,8,9,14098,630
13358,8,9,13728,700
13358,8,9,1,770
19664,8,9,19665,0
19664,8,9,1,70
20033,8,9,20036,0
20033,8,9,1,70
11131,8,9,11132,0
11131,8,9,1,70
17437,8,9,17439,0
17437,8,9,1,70
18546,8,9,18552,0
18546,8,9,1,70
20770,8,9,20778,0
20770,8,9,1,140
12240,8,9,12245,0
12240,8,9,1,70
15582,8,9,15584,0
15582,8,9,1,70
16319,8,9,16696,0
16319,8,9,1,70
18917,8,9,18923,0
18917,8,9,1,70
14089,8,9,14840,0
14089,8,9,14100,70
14089,8,9,1,350
15953,8,9,15955,0
15953,8,9,1,70
17062,8,9,17068,0
17062,8,9,1,70
10756,8,9,10761,0
10756,8,9,1,70
14466,8,9,14471,0
14466,8,9,1,70
14098,8,9,14100,0
14098,8,9,1,70
14835,8,9,14842,0
14835,8,9,1,70
11502,8,9,11503,0
11502,8,9,1,70
17808,8,9,17810,0
17808,8,9,1,70
18177,8,9,18181,0
18177,8,9,1,70
12614,8,9,12616,0
12614,8,9,1,70
19657,8,9,20775,0
19657,8,9,20035,70
19657,8,9,19665,140
19657,8,9,1,350
10018,8,9,10019,0
10018,8,9,1,70
16693,8,9,16697,0
16693,8,9,1,70
13729,8,9,17429,0
13729,8,9,16689,70
13729,8,9,16319,350
13729,8,9,15949,420
13729,8,9,15209,490
13729,8,9,14839,560
13729,8,9,14099,630
13729,8,9,13729,700
13729,8,9,1,770
17439,8,9,20769,0
17439,8,9,20399,350
17439,8,9,19659,420
17439,8,9,19289,490
17439,8,9,18549,560
17439,8,9,18179,630
17439,8,9,17809,700
17439,8,9,1,770
15584,8,9,19654,0
15584,8,9,18914,70
15584,8,9,18544,350
15584,8,9,18174,420
15584,8,9,17434,490
15584,8,9,17064,560
15584,8,9,16694,630
15584,8,9,15954,700
15584,8,9,15584,770
15584,8,9,1,840
14091,8,9,14470,0
14091,8,9,1,70
15955,8,9,20395,0
15955,8,9,19655,70
15955,8,9,19285,140
15955,8,9,18915,350
15955,8,9,18545,420
15955,8,9,18175,490
15955,8,9,17435,560
15955,8,9,17065,630
15955,8,9,16325,700
15955,8,9,15955,770
15955,8,9,1,840
17064,8,9,17068,0
17064,8,9,1,70
14100,8,9,17800,0
14100,8,9,17060,70
14100,8,9,16690,350
14100,8,9,16320,420
14100,8,9,15580,490
14100,8,9,15210,560
14100,8,9,14470,630
14100,8,9,14100,700
14100,8,9,1,770
14837,8,9,14842,0
14837,8,9,1,70
18179,8,9,18181,0
18179,8,9,1,70
12616,8,9,16316,0
12616,8,9,15576,70
12616,8,9,15206,350
12616,8,9,14466,420
12616,8,9,14096,490
12616,8,9,13356,560
12616,8,9,12986,630
12616,8,9,12616,700
12616,8,9,1,770
13353,8,9,13358,0
13353,8,9,1,70
10389,8,9,10390,0
10389,8,9,1,70
16695,8,9,16697,0
16695,8,9,1,70
11126,8,9,11132,0
11126,8,9,1,70
15577,8,9,15584,0
15577,8,9,1,70
18912,8,9,20033,0
18912,8,9,19293,70
18912,8,9,18923,350
18912,8,9,1,420
18921,8,9,18923,0
18921,8,9,1,70
19290,8,9,19294,0
19290,8,9,1,70
10760,8,9,10761,0
10760,8,9,1,70
11497,8,9,11503,0
11497,8,9,1,70
18172,8,9,18921,0
18172,8,9,18181,70
18172,8,9,1,350
14839,8,9,14842,0
14839,8,9,1,70
18181,8,9,20771,0
18181,8,9,20401,420
18181,8,9,20031,490
18181,8,9,19661,560
18181,8,9,18921,630
18181,8,9,18551,700
18181,8,9,1,770
12609,8,9,12616,0
12609,8,9,1,70
16688,8,9,17437,0
16688,8,9,17067,70
16688,8,9,16697,350
16688,8,9,1,420
13355,8,9,13358,0
13355,8,9,1,70
13724,8,9,13729,0
13724,8,9,1,70
16697,8,9,20767,0
16697,8,9,20027,70
16697,8,9,19657,350
16697,8,9,19287,420
16697,8,9,18917,490
16697,8,9,18177,560
16697,8,9,17807,630
16697,8,9,17067,700
16697,8,9,16697,770
16697,8,9,1,840
17434,8,9,17439,0
17434,8,9,1,70
20767,8,9,20778,0
20767,8,9,1,350
11128,8,9,11132,0
11128,8,9,1,70
20776,8,9,20778,0
20776,8,9,1,70
18914,8,9,19663,0
18914,8,9,18923,70
18914,8,9,1,350
15213,8,9,19283,0
15213,8,9,18543,70
15213,8,9,18173,350
15213,8,9,17433,420
15213,8,9,17063,490
15213,8,9,16693,560
15213,8,9,15953,630
15213,8,9,15583,700
15213,8,9,1,770
19283,8,9,20404,0
19283,8,9,19664,70
19283,8,9,19294,350
19283,8,9,1,420
18923,8,9,21143,0
18923,8,9,20773,70
18923,8,9,20403,560
18923,8,9,19663,630
18923,8,9,19293,700
18923,8,9,1,770
12986,8,9,12987,0
12986,8,9,1,70
14095,8,9,14100,0
14095,8,9,1,70
8535,8,9,11865,0
8535,8,9,11125,70
8535,8,9,10755,350
8535,8,9,10385,420
8535,8,9,9645,490
8535,8,9,9275,560
8535,8,9,8905,630
8535,8,9,1,700
18174,8,9,18181,0
18174,8,9,1,70
12611,8,9,12616,0
12611,8,9,1,70
19654,8,9,20775,0
19654,8,9,20405,70
19654,8,9,20035,140
19654,8,9,19665,350
19654,8,9,1,420
10384,8,9,10390,0
10384,8,9,1,70
16690,8,9,16697,0
16690,8,9,1,70
13357,8,9,13358,0
13357,8,9,1,70
20400,8,9,20407,0
20400,8,9,1,70
11130,8,9,11132,0
11130,8,9,1,70
17436,8,9,17439,0
17436,8,9,1,70
15206,8,9,15213,0
15206,8,9,1,70
11873,8,9,11874,0
11873,8,9,1,70
18916,8,9,18923,0
18916,8,9,1,70
12979,8,9,13357,0
12979,8,9,1,70
19285,8,9,20034,0
19285,8,9,19294,70
19285,8,9,1,350
15952,8,9,15955,0
15952,8,9,1,70
17061,8,9,17068,0
17061,8,9,1,70
10755,8,9,10761,0
10755,8,9,1,70
9646,8,9,9648,0
9646,8,9,1,70
19294,8,9,21144,0
19294,8,9,20774,350
19294,8,9,20034,630
19294,8,9,19664,700
19294,8,9,1,770
14834,8,9,15582,0
14834,8,9,14842,70
14834,8,9,1,350
18545,8,9,18552,0
18545,8,9,1,70
14468,8,9,14471,0
14468,8,9,1,70
17810,8,9,20770,0
17810,8,9,20400,420
17810,8,9,19660,490
17810,8,9,19290,560
17810,8,9,18920,630
17810,8,9,18180,700
17810,8,9,17810,770
17810,8,9,1,840
12613,8,9,12616,0
12613,8,9,1,70
10017,8,9,10019,0
10017,8,9,1,70
19656,8,9,20405,0
19656,8,9,20035,70
19656,8,9,19665,140
19656,8,9,1,350
13350,8,9,14098,0
13350,8,9,13358,70
13350,8,9,1,350
16692,8,9,16697,0
16692,8,9,1,70
17429,8,9,18549,0
17429,8,9,17809,70
17429,8,9,17439,350
17429,8,9,1,420
13728,8,9,13729,0
13728,8,9,1,70
11132,8,9,15202,0
11132,8,9,14462,70
11132,8,9,14092,350
11132,8,9,13352,420
11132,8,9,12982,490
11132,8,9,12612,560
11132,8,9,11872,630
11132,8,9,11502,700
11132,8,9,1,770
17438,8,9,17439,0
17438,8,9,1,70
11866,8,9,12614,0
11866,8,9,11874,70
11866,8,9,1,350
15208,8,9,15213,0
15208,8,9,1,70
15945,8,9,17435,0
15945,8,9,16695,70
15945,8,9,16325,350
15945,8,9,15955,420
15945,8,9,1,490
18550,8,9,18552,0
18550,8,9,1,70
9648,8,9,13718,0
9648,8,9,12978,70
9648,8,9,12608,350
9648,8,9,12238,420
9648,8,9,11498,490
9648,8,9,11128,560
9648,8,9,10388,630
9648,8,9,10018,700
9648,8,9,9648,770
9648,8,9,1,840
15954,8,9,15955,0
15954,8,9,1,70
10757,8,9,10761,0
10757,8,9,1,70
12981,8,9,12987,0
12981,8,9,1,70
16323,8,9,16326,0
16323,8,9,1,70
14099,8,9,14100,0
14099,8,9,1,70
19287,8,9,19294,0
19287,8,9,1,70
12606,8,9,13356,0
12606,8,9,12616,70
12606,8,9,1,350
14470,8,9,14471,0
14470,8,9,1,70
12615,8,9,12616,0
12615,8,9,1,70
13352,8,9,13358,0
13352,8,9,1,70
10019,8,9,14089,0
10019,8,9,13349,70
10019,8,9,12979,350
10019,8,9,12609,420
10019,8,9,11869,490
10019,8,9,11499,560
10019,8,9,10759,630
10019,8,9,10389,700
10019,8,9,10019,770
10019,8,9,1,840
13721,8,9,14099,0
13721,8,9,1,70
20027,8,9,20776,0
20027,8,9,20406,70
20027,8,9,20036,140
20027,8,9,1,350
16694,8,9,16697,0
16694,8,9,1,70
17431,8,9,18179,0
17431,8,9,17439,70
17431,8,9,1,350
11125,8,9,11132,0
11125,8,9,1,70
10388,8,9,10390,0
10388,8,9,1,70
20036,8,9,21146,0
20036,8,9,20776,420
20036,8,9,20406,700
20036,8,9,1,770
12237,8,9,12615,0
12237,8,9,1,70
18543,8,9,19292,0
18543,8,9,18552,70
18543,8,9,1,350
15210,8,9,15213,0
15210,8,9,1,70
15947,8,9,17065,0
15947,8,9,16325,70
15947,8,9,15955,350
15947,8,9,1,420
8904,8,9,8906,0
8904,8,9,1,70
18920,8,9,18923,0
18920,8,9,1,70
18552,8,9,21142,0
18552,8,9,20772,70
18552,8,9,20402,490
18552,8,9,20032,560
18552,8,9,19292,630
18552,8,9,18922,700
18552,8,9,1,770
14092,8,9,14470,0
14092,8,9,1,70
16325,8,9,16326,0
16325,8,9,1,70
14463,8,9,14841,0
14463,8,9,1,70
17068,8,9,20768,0
17068,8,9,20398,70
17068,8,9,20028,350
17068,8,9,19288,420
17068,8,9,18918,490
17068,8,9,18178,560
17068,8,9,17808,630
17068,8,9,17438,700
17068,8,9,1,770
12608,8,9,12616,0
12608,8,9,1,70
11499,8,9,11503,0
11499,8,9,1,70
14841,8,9,14842,0
14841,8,9,1,70
13723,8,9,13729,0
13723,8,9,1,70
10390,8,9,14460,0
10390,8,9,13720,70
10390,8,9,13350,350
10390,8,9,12610,420
10390,8,9,12240,490
10390,8,9,11870,560
10390,8,9,11130,630
10390,8,9,10760,700
10390,8,9,1,770
16696,8,9,16697,0
16696,8,9,1,70
11127,8,9,11132,0
11127,8,9,1,70
20766,8,9,20778,0
20766,8,9,1,140
15203,8,9,16323,0
15203,8,9,15583,70
15203,8,9,15213,350
15203,8,9,1,420
11870,8,9,11874,0
11870,8,9,1,70
8906,8,9,12606,0
8906,8,9,11866,70
8906,8,9,11496,350
8906,8,9,11126,420
8906,8,9,10756,490
8906,8,9,10016,560
8906,8,9,9646,630
8906,8,9,8906,700
8906,8,9,1,770
1,9,10,1,0
15212,9,10,15213,0
15212,9,10,1,70
15949,9,10,16325,0
15949,9,10,1,70
15581,9,10,15584,0
15581,9,10,1,70
16318,9,10,17436,0
16318,9,10,16696,70
16318,9,10,16326,350
16318,9,10,1,420
9275,9,10,9277,0
9275,9,10,1,70
19291,9,10,19294,0
19291,9,10,1,70
11501,9,10,11503,0
11501,9,10,1,70
17807,9,10,17810,0
17807,9,10,1,70
13347,9,10,14468,0
13347,9,10,13728,70
13347,9,10,13358,350
13347,9,10,1,420
12610,9,10,12616,0
12610,9,10,1,70
16689,9,10,17437,0
16689,9,10,17067,70
16689,9,10,16697,350
16689,9,10,1,420
13725,9,10,13729,0
13725,9,10,1,70
20031,9,10,20036,0
20031,9,10,1,70
15205,9,10,15953,0
15205,9,10,15213,70
15205,9,10,1,350
11872,9,10,11874,0
11872,9,10,1,70
15574,9,10,16694,0
15574,9,10,16324,70
15574,9,10,15954,350
15574,9,10,1,420
12241,9,10,12245,0
12241,9,10,1,70
12978,9,10,13357,0
12978,9,10,1,70
9645,9,10,9648,0
9645,9,10,1,70
9277,9,10,13347,0
9277,9,10,12607,70
9277,9,10,12237,350
9277,9,10,11497,420
9277,9,10,11127,490
9277,9,10,10757,560
9277,9,10,10017,630
9277,9,10,9647,700
9277,9,10,1,770
15951,9,10,15955,0
15951,9,10,1,70
15583,9,10,15584,0
15583,9,10,1,70
12987,9,10,16687,0
12987,9,10,15947,70
12987,9,10,15577,350
12987,9,10,14837,420
12987,9,10,14467,490
12987,9,10,13727,560
12987,9,10,13357,630
12987,9,10,12987,700
12987,9,10,1,770
16320,9,10,16696,0
16320,9,10,1,70
19293,9,10,19294,0
19293,9,10,1,70
17063,9,10,17068,0
17063,9,10,1,70
17800,9,10,18920,0
17800,9,10,18550,70
17800,9,10,18180,350
17800,9,10,1,420
14467,9,10,14471,0
14467,9,10,1,70
11503,9,10,15203,0
11503,9,10,14833,70
11503,9,10,14463,350
11503,9,10,13723,420
11503,9,10,13353,490
11503,9,10,12613,560
11503,9,10,12243,630
11503,9,10,11873,700
11503,9,10,1,770
17809,9,10,17810,0
17809,9,10,1,70
12612,9,10,12616,0
12612,9,10,1,70
18178,9,10,18181,0
18178,9,10,1,70
13718,9,10,14469,0
13718,9,10,14099,70
13718,9,10,13729,140
13718,9,10,1,350
10385,9,10,10390,0
10385,9,10,1,70
21142,9,10,21149,0
21142,9,10,1,350
13727,9,10,13729,0
13727,9,10,1,70
20395,9,10,20777,0
20395,9,10,20407,70
20395,9,10,1,350
11865,9,10,12614,0
11865,9,10,11874,70
11865,9,10,1,350
20404,9,10,20407,0
20404,9,10,1,70
11874,9,10,15574,0
11874,9,10,14834,70
11874,9,10,14464,350
11874,9,10,14094,420
11874,9,10,13724,490
11874,9,10,12984,560
11874,9,10,12614,630
11874,9,10,11874,700
11874,9,10,1,770
15576,9,10,16324,0
15576,9,10,15954,70
15576,9,10,15584,350
15576,9,10,1,420
12243,9,10,12245,0
12243,9,10,1,70
18549,9,10,18552,0
18549,9,10,1,70
9647,9,10,9648,0
9647,9,10,1,70
19286,9,10,20034,0
19286,9,10,19294,70
19286,9,10,1,350
16322,9,10,16326,0
16322,9,10,1,70
14460,9,10,15211,0
14460,9,10,14471,70
14460,9,10,1,350
10759,9,10,10761,0
10759,9,10,1,70
17065,9,10,17068,0
17065,9,10,1,70
17802,9,10,18550,0
17802,9,10,18180,70
17802,9,10,17810,350
17802,9,10,1,420
14469,9,10,14471,0
14469,9,10,1,70
18171,9,10,19291,0
18171,9,10,18551,70
18171,9,10,18181,350
18171,9,10,1,420
11496,9,10,11503,0
11496,9,10,1,70
21144,9,10,21149,0
21144,9,10,1,140
18180,9,10,18181,0
18180,9,10,1,70
13720,9,10,14099,0
13720,9,10,1,70
19660,9,10,19665,0
19660,9,10,1,70
17433,9,10,17439,0
17433,9,10,1,70
20406,9,10,20407,0
20406,9,10,1,70
15209,9,10,15213,0
15209,9,10,1,70
20775,9,10,20778,0
20775,9,10,1,70
12245,9,10,15945,0
12245,9,10,15205,70
12245,9,10,14835,350
12245,9,10,14095,420
12245,9,10,13725,490
12245,9,10,13355,560
12245,9,10,12615,630
12245,9,10,12245,700
12245,9,10,1,770
18551,9,10,18552,0
18551,9,10,1,70
15578,9,10,15584,0
15578,9,10,1,70
12982,9,10,12987,0
12982,9,10,1,70
19288,9,10,19294,0
19288,9,10,1,70
16324,9,10,16326,0
16324,9,10,1,70
17058,9,10,18178,0
17058,9,10,17438,70
17058,9,10,17068,350
17058,9,10,1,420
18922,9,10,18923,0
18922,9,10,1,70
14462,9,10,14841,0
14462,9,10,1,70
14094,9,10,14100,0
14094,9,10,1,70
10761,9,10,14831,0
10761,9,10,14091,70
10761,9,10,13721,350
10761,9,10,12981,420
10761,9,10,12611,490
10761,9,10,12241,560
10761,9,10,11501,630
10761,9,10,11131,700
10761,9,10,1,770
17067,9,10,17068,0
17067,9,10,1,70
12607,9,10,12986,0
12607,9,10,1,70
14471,9,10,18171,0
14471,9,10,17431,70
14471,9,10,17061,350
14471,9,10,16691,420
14471,9,10,15951,490
14471,9,10,15581,560
14471,9,10,14841,630
14471,9,10,14471,700
14471,9,10,1,770
14831,9,10,15952,0
14831,9,10,15212,70
14831,9,10,14842,350
14831,9,10,1,420
14840,9,10,14842,0
14840,9,10,1,70
18173,9,10,18921,0
18173,9,10,18181,70
18173,9,10,1,350
11498,9,10,11503,0
11498,9,10,1,70
21146,9,10,21149,0
21146,9,10,1,70
13356,9,10,13358,0
13356,9,10,1,70
20399,9,10,20777,0
20399,9,10,20407,70
20399,9,10,1,350
15202,9,10,16323,0
15202,9,10,15583,70
15202,9,10,15213,350
15202,9,10,1,420
11869,9,10,11874,0
11869,9,10,1,70
17435,9,10,17439,0
17435,9,10,1,70
18544,9,10,19292,0
18544,9,10,18552,70
18544,9,10,1,350
15211,9,10,15213,0
15211,9,10,1,70
8905,9,10,8906,0
8905,9,10,1,70
20777,9,10,20778,0
20777,9,10,1,70
15580,9,10,15584,0
15580,9,10,1,70
12984,9,10,12987,0
12984,9,10,1,70
12238,9,10,12245,0
12238,9,10,1,70
20768,9,10,20778,0
20768,9,10,1,350
16326,9,10,20396,0
16326,9,10,19656,70
16326,9,10,19286,350
16326,9,10,18916,420
16326,9,10,18546,490
16326,9,10,17806,560
16326,9,10,17436,630
16326,9,10,16696,700
16326,9,10,16326,770
16326,9,10,1,840
18915,9,10,19663,0
18915,9,10,18923,70
18915,9,10,1,350
17060,9,10,17808,0
17060,9,10,17068,70
17060,9,10,1,350
14464,9,10,14471,0
14464,9,10,1,70
14096,9,10,14100,0
14096,9,10,1,70
14833,9,10,15582,0
14833,9,10,14842,70
14833,9,10,1,350
17806,9,10,17810,0
17806,9,10,1,70
18175,9,10,18181,0
18175,9,10,1,70
14842,9,10,18912,0
14842,9,10,18172,70
14842,9,10,17802,350
14842,9,10,17062,420
14842,9,10,16692,490
14842,9,10,16322,560
14842,9,10,15582,630
14842,9,10,15212,700
14842,9,10,1,770
13349,9,10,14098,0
13349,9,10,13358,70
13349,9,10,1,350
19655,9,10,20775,0
19655,9,10,20405,70
19655,9,10,20035,140
19655,9,10,19665,350
19655,9,10,1,420
10016,9,10,10019,0
10016,9,10,1,70
16691,9,10,16697,0
16691,9,10,1,70
13358,9,10,17058,0
13358,9,10,16688,70
13358,9,10,16318,350
13358,9,10,15578,420
13358,9,10,15208,490
13358,9,10,14468,560
13358,9,10,14098,630
13358,9,10,13728,700
13358,9,10,1,770
19664,9,10,19665,0
19664,9,10,1,70
20401,9,10,20407,0
20401,9,10,1,70
20033,9,10,20036,0
20033,9,10,1,70
11131,9,10,11132,0
11131,9,10,1,70
17437,9,10,17439,0
17437,9,10,1,70
18546,9,10,18552,0
18546,9,10,1,70
20770,9,10,20778,0
20770,9,10,1,140
12240,9,10,12245,0
12240,9,10,1,70
15582,9,10,15584,0
15582,9,10,1,70
16319,9,10,16696,0
16319,9,10,1,70
18917,9,10,18923,0
18917,9,10,1,70
14089,9,10,14840,0
14089,9,10,14100,70
14089,9,10,1,350
15953,9,10,15955,0
15953,9,10,1,70
17062,9,10,17068,0
17062,9,10,1,70
20402,9,10,20407,0
20402,9,10,1,70
14466,9,10,14471,0
14466,9,10,1,70
14098,9,10,14100,0
14098,9,10,1,70
14835,9,10,14842,0
14835,9,10,1,70
11502,9,10,11503,0
11502,9,10,1,70
17808,9,10,17810,0
17808,9,10,1,70
10756,9,10,10761,0
10756,9,10,1,70
18177,9,10,18181,0
18177,9,10,1,70
12614,9,10,12616,0
12614,9,10,1,70
19657,9,10,20775,0
19657,9,10,20035,70
19657,9,10,19665,140
19657,9,10,1,350
10018,9,10,10019,0
10018,9,10,1,70
16693,9,10,16697,0
16693,9,10,1,70
13729,9,10,17429,0
13729,9,10,16689,70
13729,9,10,16319,350
13729,9,10,15949,420
13729,9,10,15209,490
13729,9,10,14839,560
13729,9,10,14099,630
13729,9,10,13729,700
13729,9,10,1,770
20035,9,10,20036,0
20035,9,10,1,70
20403,9,10,20407,0
20403,9,10,1,70
17439,9,10,20769,0
17439,9,10,20399,350
17439,9,10,19659,420
17439,9,10,19289,490
17439,9,10,18549,560
17439,9,10,18179,630
17439,9,10,17809,700
17439,9,10,1,770
20772,9,10,20778,0
20772,9,10,1,70
15584,9,10,19654,0
15584,9,10,18914,70
15584,9,10,18544,350
15584,9,10,18174,420
15584,9,10,17434,490
15584,9,10,17064,560
15584,9,10,16694,630
15584,9,10,15954,700
15584,9,10,15584,770
15584,9,10,1,840
14091,9,10,14470,0
14091,9,10,1,70
15955,9,10,20395,0
15955,9,10,19655,70
15955,9,10,19285,140
15955,9,10,18915,350
15955,9,10,18545,420
15955,9,10,18175,490
15955,9,10,17435,560
15955,9,10,17065,630
15955,9,10,16325,700
15955,9,10,15955,770
15955,9,10,1,840
17064,9,10,17068,0
17064,9,10,1,70
14100,9,10,17800,0
14100,9,10,17060,70
14100,9,10,16690,350
14100,9,10,16320,420
14100,9,10,15580,490
14100,9,10,15210,560
14100,9,10,14470,630
14100,9,10,14100,700
14100,9,10,1,770
14837,9,10,14842,0
14837,9,10,1,70
21143,9,10,21149,0
21143,9,10,1,350
18179,9,10,18181,0
18179,9,10,1,70
12616,9,10,16316,0
12616,9,10,15576,70
12616,9,10,15206,350
12616,9,10,14466,420
12616,9,10,14096,490
12616,9,10,13356,560
12616,9,10,12986,630
12616,9,10,12616,700
12616,9,10,1,770
13353,9,10,13358,0
13353,9,10,1,70
19659,9,10,19665,0
19659,9,10,1,70
20396,9,10,20777,0
20396,9,10,20407,350
20396,9,10,1,420
10389,9,10,10390,0
10389,9,10,1,70
16695,9,10,16697,0
16695,9,10,1,70
20028,9,10,20776,0
20028,9,10,20406,70
20028,9,10,20036,140
20028,9,10,1,350
11126,9,10,11132,0
11126,9,10,1,70
20405,9,10,20407,0
20405,9,10,1,70
15577,9,10,15584,0
15577,9,10,1,70
20774,9,10,20778,0
20774,9,10,1,70
18912,9,10,20033,0
18912,9,10,19293,70
18912,9,10,18923,350
18912,9,10,1,420
18921,9,10,18923,0
18921,9,10,1,70
19290,9,10,19294,0
19290,9,10,1,70
10760,9,10,10761,0
10760,9,10,1,70
11497,9,10,11503,0
11497,9,10,1,70
18172,9,10,18921,0
18172,9,10,18181,70
18172,9,10,1,350
14839,9,10,14842,0
14839,9,10,1,70
18181,9,10,20771,0
18181,9,10,20401,420
18181,9,10,20031,490
18181,9,10,19661,560
18181,9,10,18921,630
18181,9,10,18551,700
18181,9,10,1,770
12609,9,10,12616,0
12609,9,10,1,70
16688,9,10,17437,0
16688,9,10,17067,70
16688,9,10,16697,350
16688,9,10,1,420
13355,9,10,13358,0
13355,9,10,1,70
19661,9,10,19665,0
19661,9,10,1,70
13724,9,10,13729,0
13724,9,10,1,70
20398,9,10,20777,0
20398,9,10,20407,70
20398,9,10,1,350
16697,9,10,20767,0
16697,9,10,20027,70
16697,9,10,19657,350
16697,9,10,19287,420
16697,9,10,18917,490
16697,9,10,18177,560
16697,9,10,17807,630
16697,9,10,17067,700
16697,9,10,16697,770
16697,9,10,1,840
17434,9,10,17439,0
17434,9,10,1,70
20767,9,10,20778,0
20767,9,10,1,350
11128,9,10,11132,0
11128,9,10,1,70
20776,9,10,20778,0
20776,9,10,1,70
18914,9,10,19663,0
18914,9,10,18923,70
18914,9,10,1,350
15213,9,10,19283,0
15213,9,10,18543,70
15213,9,10,18173,350
15213,9,10,17433,420
15213,9,10,17063,490
15213,9,10,16693,560
15213,9,10,15953,630
15213,9,10,15583,700
15213,9,10,1,770
19283,9,10,20404,0
19283,9,10,19664,70
19283,9,10,19294,350
19283,9,10,1,420
18923,9,10,21143,0
18923,9,10,20773,70
18923,9,10,20403,560
18923,9,10,19663,630
18923,9,10,19293,700
18923,9,10,1,770
12986,9,10,12987,0
12986,9,10,1,70
14095,9,10,14100,0
14095,9,10,1,70
19292,9,10,19294,0
19292,9,10,1,70
8535,9,10,11865,0
8535,9,10,11125,70
8535,9,10,10755,350
8535,9,10,10385,420
8535,9,10,9645,490
8535,9,10,9275,560
8535,9,10,8905,630
8535,9,10,1,700
18174,9,10,18181,0
18174,9,10,1,70
12611,9,10,12616,0
12611,9,10,1,70
19654,9,10,20775,0
19654,9,10,20405,70
19654,9,10,20035,140
19654,9,10,19665,350
19654,9,10,1,420
16690,9,10,16697,0
16690,9,10,1,70
13357,9,10,13358,0
13357,9,10,1,70
19663,9,10,19665,0
19663,9,10,1,70
20400,9,10,20407,0
20400,9,10,1,70
20032,9,10,20036,0
20032,9,10,1,70
20769,9,10,20778,0
20769,9,10,1,140
17436,9,10,17439,0
17436,9,10,1,70
11130,9,10,11132,0
11130,9,10,1,70
20778,9,10,21518,0
20778,9,10,21148,140
20778,9,10,20778,490
20778,9,10,1,770
15206,9,10,15213,0
15206,9,10,1,70
11873,9,10,11874,0
11873,9,10,1,70
18916,9,10,18923,0
18916,9,10,1,70
12979,9,10,13357,0
12979,9,10,1,70
19285,9,10,20034,0
19285,9,10,19294,70
19285,9,10,1,350
15952,9,10,15955,0
15952,9,10,1,70
17061,9,10,17068,0
17061,9,10,1,70
10755,9,10,10761,0
10755,9,10,1,70
9646,9,10,9648,0
9646,9,10,1,70
19294,9,10,21144,0
19294,9,10,20774,350
19294,9,10,20034,630
19294,9,10,19664,700
19294,9,10,1,770
14834,9,10,15582,0
14834,9,10,14842,70
14834,9,10,1,350
18545,9,10,18552,0
18545,9,10,1,70
14468,9,10,14471,0
14468,9,10,1,70
17810,9,10,20770,0
17810,9,10,20400,420
17810,9,10,19660,490
17810,9,10,19290,560
17810,9,10,18920,630
17810,9,10,18180,700
17810,9,10,17810,770
17810,9,10,1,840
12613,9,10,12616,0
12613,9,10,1,70
10017,9,10,10019,0
10017,9,10,1,70
19656,9,10,20405,0
19656,9,10,20035,70
19656,9,10,19665,140
19656,9,10,1,350
13350,9,10,14098,0
13350,9,10,13358,70
13350,9,10,1,350
16692,9,10,16697,0
16692,9,10,1,70
17429,9,10,18549,0
17429,9,10,17809,70
17429,9,10,17439,350
17429,9,10,1,420
19665,9,10,21145,0
19665,9,10,20775,420
19665,9,10,20405,630
19665,9,10,20035,700
19665,9,10,1,770
13728,9,10,13729,0
13728,9,10,1,70
20034,9,10,20036,0
20034,9,10,1,70
11132,9,10,15202,0
11132,9,10,14462,70
11132,9,10,14092,350
11132,9,10,13352,420
11132,9,10,12982,490
11132,9,10,12612,560
11132,9,10,11872,630
11132,9,10,11502,700
11132,9,10,1,770
17438,9,10,17439,0
17438,9,10,1,70
20771,9,10,20778,0
20771,9,10,1,70
11866,9,10,12614,0
11866,9,10,11874,70
11866,9,10,1,350
15208,9,10,15213,0
15208,9,10,1,70
15945,9,10,17435,0
15945,9,10,16695,70
15945,9,10,16325,350
15945,9,10,15955,420
15945,9,10,1,490
18918,9,10,18923,0
18918,9,10,1,70
18550,9,10,18552,0
18550,9,10,1,70
9648,9,10,13718,0
9648,9,10,12978,70
9648,9,10,12608,350
9648,9,10,12238,420
9648,9,10,11498,490
9648,9,10,11128,560
9648,9,10,10388,630
9648,9,10,10018,700
9648,9,10,9648,770
9648,9,10,1,840
15954,9,10,15955,0
15954,9,10,1,70
10757,9,10,10761,0
10757,9,10,1,70
12981,9,10,12987,0
12981,9,10,1,70
16323,9,10,16326,0
16323,9,10,1,70
14099,9,10,14100,0
14099,9,10,1,70
19287,9,10,19294,0
19287,9,10,1,70
12606,9,10,13356,0
12606,9,10,12616,70
12606,9,10,1,350
14470,9,10,14471,0
14470,9,10,1,70
12615,9,10,12616,0
12615,9,10,1,70
13352,9,10,13358,0
13352,9,10,1,70
10019,9,10,14089,0
10019,9,10,13349,70
10019,9,10,12979,350
10019,9,10,12609,420
10019,9,10,11869,490
10019,9,10,11499,560
10019,9,10,10759,630
10019,9,10,10389,700
10019,9,10,10019,770
10019,9,10,1,840
13721,9,10,14099,0
13721,9,10,1,70
20027,9,10,20776,0
20027,9,10,20406,70
20027,9,10,20036,140
20027,9,10,1,350
16694,9,10,16697,0
16694,9,10,1,70
17431,9,10,18179,0
17431,9,10,17439,70
17431,9,10,1,350
11125,9,10,11132,0
11125,9,10,1,70
10388,9,10,10390,0
10388,9,10,1,70
20036,9,10,21146,0
20036,9,10,20776,420
20036,9,10,20406,700
20036,9,10,1,770
20773,9,10,20778,0
20773,9,10,1,70
12237,9,10,12615,0
12237,9,10,1,70
18543,9,10,19292,0
18543,9,10,18552,70
18543,9,10,1,350
20407,9,10,21517,0
20407,9,10,21147,70
20407,9,10,20777,490
20407,9,10,20407,700
20407,9,10,1,770
15947,9,10,17065,0
15947,9,10,16325,70
15947,9,10,15955,350
15947,9,10,1,420
15210,9,10,15213,0
15210,9,10,1,70
18920,9,10,18923,0
18920,9,10,1,70
18552,9,10,21142,0
18552,9,10,20772,70
18552,9,10,20402,490
18552,9,10,20032,560
18552,9,10,19292,630
18552,9,10,18922,700
18552,9,10,1,770
19289,9,10,19294,0
19289,9,10,1,70
16316,9,10,17806,0
16316,9,10,17066,70
16316,9,10,16696,350
16316,9,10,16326,420
16316,9,10,1,490
14092,9,10,14470,0
14092,9,10,1,70
16325,9,10,16326,0
16325,9,10,1,70
14463,9,10,14841,0
14463,9,10,1,70
17068,9,10,20768,0
17068,9,10,20398,70
17068,9,10,20028,350
17068,9,10,19288,420
17068,9,10,18918,490
17068,9,10,18178,560
17068,9,10,17808,630
17068,9,10,17438,700
17068,9,10,1,770
12608,9,10,12616,0
12608,9,10,1,70
11499,9,10,11503,0
11499,9,10,1,70
14841,9,10,14842,0
14841,9,10,1,70
16687,9,10,18177,0
16687,9,10,17437,70
16687,9,10,17067,350
16687,9,10,16697,420
16687,9,10,1,490
13723,9,10,13729,0
13723,9,10,1,70
10390,9,10,14460,0
10390,9,10,13720,70
10390,9,10,13350,350
10390,9,10,12610,420
10390,9,10,12240,490
10390,9,10,11870,560
10390,9,10,11130,630
10390,9,10,10760,700
10390,9,10,1,770
16696,9,10,16697,0
16696,9,10,1,70
11127,9,10,11132,0
11127,9,10,1,70
15203,9,10,16323,0
15203,9,10,15583,70
15203,9,10,15213,350
15203,9,10,1,420
11870,9,10,11874,0
11870,9,10,1,70
8906,9,10,12606,0
8906,9,10,11866,70
8906,9,10,11496,350
8906,9,10,11126,420
8906,9,10,10756,490
8906,9,10,10016,560
8906,9,10,9646,630
8906,9,10,8906,700
8906,9,10,1,770
1,10,11,1,0
15212,10,11,15213,0
15212,10,11,1,70
15949,10,11,15955,0
15949,10,11,1,70
15581,10,11,15584,0
15581,10,11,1,70
16318,10,11,17066,0
16318,10,11,16696,70
16318,10,11,16326,350
16318,10,11,1,420
9275,10,11,9277,0
9275,10,11,1,70
19291,10,11,19294,0
19291,10,11,1,70
21518,10,11,21520,0
21518,10,11,1,350
11501,10,11,11503,0
11501,10,11,1,70
17807,10,11,17810,0
17807,10,11,1,70
13347,10,11,14468,0
13347,10,11,13728,70
13347,10,11,13358,350
13347,10,11,1,420
12610,10,11,12616,0
12610,10,11,1,70
21149,10,11,21889,0
21149,10,11,21519,140
21149,10,11,21149,490
21149,10,11,1,770
16689,10,11,17437,0
16689,10,11,17067,70
16689,10,11,16697,350
16689,10,11,1,420
13725,10,11,13729,0
13725,10,11,1,70
20031,10,11,20036,0
20031,10,11,1,70
15205,10,11,15953,0
15205,10,11,15213,70
15205,10,11,1,350
11872,10,11,11874,0
11872,10,11,1,70
15574,10,11,16694,0
15574,10,11,16324,70
15574,10,11,15954,350
15574,10,11,1,420
12241,10,11,12245,0
12241,10,11,1,70
12978,10,11,13357,0
12978,10,11,1,70
9645,10,11,9648,0
9645,10,11,1,70
9277,10,11,13347,0
9277,10,11,12607,70
9277,10,11,12237,350
9277,10,11,11497,420
9277,10,11,11127,490
9277,10,11,10387,560
9277,10,11,10017,630
9277,10,11,9647,700
9277,10,11,1,770
15951,10,11,15955,0
15951,10,11,1,70
15583,10,11,15584,0
15583,10,11,1,70
12987,10,11,16317,0
12987,10,11,15577,70
12987,10,11,15207,350
12987,10,11,14837,420
12987,10,11,14467,490
12987,10,11,13727,560
12987,10,11,13357,630
12987,10,11,1,700
16320,10,11,16326,0
16320,10,11,1,70
19293,10,11,19294,0
19293,10,11,1,70
17063,10,11,17068,0
17063,10,11,1,70
17800,10,11,18920,0
17800,10,11,18550,70
17800,10,11,18180,350
17800,10,11,1,420
14467,10,11,14471,0
14467,10,11,1,70
11503,10,11,15203,0
11503,10,11,14463,70
11503,10,11,14093,350
11503,10,11,13723,420
11503,10,11,13353,490
11503,10,11,12613,560
11503,10,11,12243,630
11503,10,11,11503,700
11503,10,11,1,770
17809,10,11,17810,0
17809,10,11,1,70
12612,10,11,12616,0
12612,10,11,1,70
18178,10,11,18181,0
18178,10,11,1,70
13718,10,11,14469,0
13718,10,11,13729,70
13718,10,11,1,350
10385,10,11,10390,0
10385,10,11,1,70
21142,10,11,21149,0
21142,10,11,1,350
13727,10,11,13729,0
13727,10,11,1,70
20395,10,11,20777,0
20395,10,11,20407,70
20395,10,11,1,350
11865,10,11,12614,0
11865,10,11,11874,70
11865,10,11,1,350
20404,10,11,20407,0
20404,10,11,1,70
11874,10,11,15574,0
11874,10,11,14834,70
11874,10,11,14464,350
11874,10,11,14094,420
11874,10,11,13354,490
11874,10,11,12984,560
11874,10,11,12614,630
11874,10,11,11874,700
11874,10,11,1,770
15576,10,11,16324,0
15576,10,11,15584,70
15576,10,11,1,350
12243,10,11,12245,0
12243,10,11,1,70
18549,10,11,18552,0
18549,10,11,1,70
9647,10,11,9648,0
9647,10,11,1,70
19286,10,11,20034,0
19286,10,11,19294,70
19286,10,11,1,350
16322,10,11,16326,0
16322,10,11,1,70
14460,10,11,15211,0
14460,10,11,14471,70
14460,10,11,1,350
10759,10,11,10761,0
10759,10,11,1,70
17065,10,11,17068,0
17065,10,11,1,70
17802,10,11,18550,0
17802,10,11,18180,70
17802,10,11,17810,350
17802,10,11,1,420
14469,10,11,14471,0
14469,10,11,1,70
18171,10,11,18921,0
18171,10,11,18551,70
18171,10,11,18181,350
18171,10,11,1,420
11496,10,11,11503,0
11496,10,11,1,70
21144,10,11,21149,0
21144,10,11,1,140
18180,10,11,18181,0
18180,10,11,1,70
13720,10,11,14099,0
13720,10,11,1,70
19660,10,11,19665,0
19660,10,11,1,70
17433,10,11,17439,0
17433,10,11,1,70
15209,10,11,15213,0
15209,10,11,1,70
20406,10,11,20407,0
20406,10,11,1,70
20775,10,11,20778,0
20775,10,11,1,70
12245,10,11,15945,0
12245,10,11,15205,70
12245,10,11,14835,350
12245,10,11,14095,420
12245,10,11,13725,490
12245,10,11,12985,560
12245,10,11,12615,630
12245,10,11,12245,700
12245,10,11,1,770
18551,10,11,18552,0
18551,10,11,1,70
15578,10,11,15584,0
15578,10,11,1,70
12982,10,11,12987,0
12982,10,11,1,70
19288,10,11,19294,0
19288,10,11,1,70
16324,10,11,16326,0
16324,10,11,1,70
17058,10,11,18178,0
17058,10,11,17438,70
17058,10,11,17068,350
17058,10,11,1,420
18922,10,11,18923,0
18922,10,11,1,70
14462,10,11,14841,0
14462,10,11,1,70
14094,10,11,14100,0
14094,10,11,1,70
10761,10,11,14461,0
10761,10,11,14091,70
10761,10,11,13721,350
10761,10,11,12981,420
10761,10,11,12611,490
10761,10,11,11871,560
10761,10,11,11501,630
10761,10,11,11131,700
10761,10,11,1,770
17067,10,11,17068,0
17067,10,11,1,70
12607,10,11,12616,0
12607,10,11,1,70
14471,10,11,18171,0
14471,10,11,17431,70
14471,10,11,17061,350
14471,10,11,16321,420
14471,10,11,15951,490
14471,10,11,15581,560
14471,10,11,14841,630
14471,10,11,14471,700
14471,10,11,1,770
14831,10,11,15952,0
14831,10,11,15212,70
14831,10,11,14842,350
14831,10,11,1,420
14840,10,11,14842,0
14840,10,11,1,70
18173,10,11,18921,0
18173,10,11,18181,70
18173,10,11,1,350
11498,10,11,11503,0
11498,10,11,1,70
21146,10,11,21149,0
21146,10,11,1,70
13356,10,11,13358,0
13356,10,11,1,70
20399,10,11,20777,0
20399,10,11,20407,70
20399,10,11,1,350
15202,10,11,16323,0
15202,10,11,15583,70
15202,10,11,15213,350
15202,10,11,1,420
11869,10,11,11874,0
11869,10,11,1,70
17435,10,11,17439,0
17435,10,11,1,70
18544,10,11,19292,0
18544,10,11,18552,70
18544,10,11,1,350
15211,10,11,15213,0
15211,10,11,1,70
8905,10,11,8906,0
8905,10,11,1,70
20777,10,11,20778,0
20777,10,11,1,70
15580,10,11,15584,0
15580,10,11,1,70
12984,10,11,12987,0
12984,10,11,1,70
12238,10,11,12245,0
12238,10,11,1,70
20768,10,11,20778,0
20768,10,11,1,350
16326,10,11,20396,0
16326,10,11,19656,70
16326,10,11,19286,350
16326,10,11,18916,420
16326,10,11,18176,490
16326,10,11,17806,560
16326,10,11,17436,630
16326,10,11,16696,700
16326,10,11,16326,770
16326,10,11,1,840
18915,10,11,19663,0
18915,10,11,18923,70
18915,10,11,1,350
17060,10,11,17438,0
17060,10,11,17068,70
17060,10,11,1,350
14464,10,11,14471,0
14464,10,11,1,70
14096,10,11,14100,0
14096,10,11,1,70
14833,10,11,15582,0
14833,10,11,14842,70
14833,10,11,1,350
17806,10,11,17810,0
17806,10,11,1,70
18175,10,11,18181,0
18175,10,11,1,70
14842,10,11,18542,0
14842,10,11,18172,70
14842,10,11,17802,350
14842,10,11,17062,420
14842,10,11,16692,490
14842,10,11,15952,560
14842,10,11,15582,630
14842,10,11,15212,700
14842,10,11,1,770
21148,10,11,21149,0
21148,10,11,1,70
13349,10,11,14098,0
13349,10,11,13358,70
13349,10,11,1,350
19655,10,11,20775,0
19655,10,11,20405,70
19655,10,11,20035,140
19655,10,11,19665,350
19655,10,11,1,420
10016,10,11,10019,0
10016,10,11,1,70
16691,10,11,16697,0
16691,10,11,1,70
13358,10,11,17058,0
13358,10,11,16318,70
13358,10,11,15948,350
13358,10,11,15578,420
13358,10,11,15208,490
13358,10,11,14468,560
13358,10,11,14098,630
13358,10,11,13358,700
13358,10,11,1,770
19664,10,11,19665,0
19664,10,11,1,70
20401,10,11,20407,0
20401,10,11,1,70
20033,10,11,20036,0
20033,10,11,1,70
11131,10,11,11132,0
11131,10,11,1,70
17437,10,11,17439,0
17437,10,11,1,70
18546,10,11,18552,0
18546,10,11,1,70
20770,10,11,20778,0
20770,10,11,1,140
12240,10,11,12245,0
12240,10,11,1,70
15582,10,11,15584,0
15582,10,11,1,70
16319,10,11,16326,0
16319,10,11,1,70
18917,10,11,18923,0
18917,10,11,1,70
14089,10,11,14840,0
14089,10,11,14100,70
14089,10,11,1,350
15953,10,11,15955,0
15953,10,11,1,70
17062,10,11,17068,0
17062,10,11,1,70
20402,10,11,20407,0
20402,10,11,1,70
14466,10,11,14471,0
14466,10,11,1,70
14098,10,11,14100,0
14098,10,11,1,70
14835,10,11,14842,0
14835,10,11,1,70
11502,10,11,11503,0
11502,10,11,1,70
17808,10,11,17810,0
17808,10,11,1,70
10756,10,11,10761,0
10756,10,11,1,70
18177,10,11,18181,0
18177,10,11,1,70
12614,10,11,12616,0
12614,10,11,1,70
19657,10,11,20405,0
19657,10,11,20035,70
19657,10,11,19665,140
19657,10,11,1,350
10018,10,11,10019,0
10018,10,11,1,70
16693,10,11,16697,0
16693,10,11,1,70
13729,10,11,17429,0
13729,10,11,16689,70
13729,10,11,16319,350
13729,10,11,15579,420
13729,10,11,15209,490
13729,10,11,14839,560
13729,10,11,14099,630
13729,10,11,13729,700
13729,10,11,1,770
20035,10,11,20036,0
20035,10,11,1,70
20403,10,11,20407,0
20403,10,11,1,70
17439,10,11,20769,0
17439,10,11,20399,70
17439,10,11,20029,350
17439,10,11,19659,420
17439,10,11,19289,490
17439,10,11,18549,560
17439,10,11,18179,630
17439,10,11,17439,700
17439,10,11,1,770
20772,10,11,20778,0
20772,10,11,1,70
15584,10,11,19654,0
15584,10,11,18914,70
15584,10,11,18544,350
15584,10,11,18174,420
15584,10,11,17434,490
15584,10,11,17064,560
15584,10,11,16324,630
15584,10,11,15954,700
15584,10,11,15584,770
15584,10,11,1,840
14091,10,11,14470,0
14091,10,11,1,70
15955,10,11,20025,0
15955,10,11,19285,70
15955,10,11,18915,350
15955,10,11,18545,420
15955,10,11,17805,490
15955,10,11,17435,560
15955,10,11,17065,630
15955,10,11,16325,700
15955,10,11,15955,770
15955,10,11,1,840
17064,10,11,17068,0
17064,10,11,1,70
14100,10,11,17800,0
14100,10,11,17060,70
14100,10,11,16690,350
14100,10,11,15950,420
14100,10,11,15580,490
14100,10,11,15210,560
14100,10,11,14470,630
14100,10,11,14100,700
14100,10,11,1,770
14837,10,11,14842,0
14837,10,11,1,70
21143,10,11,21149,0
21143,10,11,1,350
18179,10,11,18181,0
18179,10,11,1,70
12616,10,11,15946,0
12616,10,11,15206,70
12616,10,11,14836,350
12616,10,11,14466,420
12616,10,11,14096,490
12616,10,11,13356,560
12616,10,11,12986,630
12616,10,11,1,700
13353,10,11,13358,0
13353,10,11,1,70
19659,10,11,19665,0
19659,10,11,1,70
20396,10,11,20777,0
20396,10,11,20407,350
20396,10,11,1,420
10389,10,11,10390,0
10389,10,11,1,70
16695,10,11,16697,0
16695,10,11,1,70
20028,10,11,20776,0
20028,10,11,20406,70
20028,10,11,20036,140
20028,10,11,1,350
11126,10,11,11132,0
11126,10,11,1,70
20405,10,11,20407,0
20405,10,11,1,70
15577,10,11,15584,0
15577,10,11,1,70
20774,10,11,20778,0
20774,10,11,1,70
18912,10,11,19663,0
18912,10,11,19293,70
18912,10,11,18923,350
18912,10,11,1,420
21517,10,11,21520,0
21517,10,11,1,350
18921,10,11,18923,0
18921,10,11,1,70
19290,10,11,19294,0
19290,10,11,1,70
10760,10,11,10761,0
10760,10,11,1,70
11497,10,11,11503,0
11497,10,11,1,70
17066,10,11,17068,0
17066,10,11,1,70
18172,10,11,18921,0
18172,10,11,18181,70
18172,10,11,1,350
14839,10,11,14842,0
14839,10,11,1,70
18181,10,11,20771,0
18181,10,11,20401,420
18181,10,11,20031,490
18181,10,11,19291,560
18181,10,11,18921,630
18181,10,11,18551,700
18181,10,11,1,770
12609,10,11,12616,0
12609,10,11,1,70
16688,10,11,17437,0
16688,10,11,17067,70
16688,10,11,16697,350
16688,10,11,1,420
13355,10,11,13358,0
13355,10,11,1,70
19661,10,11,19665,0
19661,10,11,1,70
13724,10,11,13729,0
13724,10,11,1,70
20398,10,11,20777,0
20398,10,11,20407,70
20398,10,11,1,350
16697,10,11,20767,0
16697,10,11,20027,70
16697,10,11,19657,350
16697,10,11,19287,420
16697,10,11,18547,490
16697,10,11,18177,560
16697,10,11,17807,630
16697,10,11,17067,700
16697,10,11,16697,770
16697,10,11,1,840
17434,10,11,17439,0
17434,10,11,1,70
20767,10,11,20778,0
20767,10,11,1,350
11128,10,11,11132,0
11128,10,11,1,70
20776,10,11,20778,0
20776,10,11,1,70
18914,10,11,19663,0
18914,10,11,18923,70
18914,10,11,1,350
15213,10,11,19283,0
15213,10,11,18543,70
15213,10,11,18173,350
15213,10,11,17433,420
15213,10,11,17063,490
15213,10,11,16323,560
15213,10,11,15953,630
15213,10,11,15583,700
15213,10,11,1,770
19283,10,11,20034,0
19283,10,11,19664,70
19283,10,11,19294,350
19283,10,11,1,420
18923,10,11,21143,0
18923,10,11,20773,70
18923,10,11,20033,560
18923,10,11,19663,630
18923,10,11,19293,700
18923,10,11,1,770
12986,10,11,12987,0
12986,10,11,1,70
14095,10,11,14100,0
14095,10,11,1,70
19292,10,11,19294,0
19292,10,11,1,70
18174,10,11,18181,0
18174,10,11,1,70
12611,10,11,12616,0
12611,10,11,1,70
19654,10,11,20775,0
19654,10,11,20405,70
19654,10,11,20035,140
19654,10,11,19665,350
19654,10,11,1,420
16690,10,11,16697,0
16690,10,11,1,70
13357,10,11,13358,0
13357,10,11,1,70
19663,10,11,19665,0
19663,10,11,1,70
20400,10,11,20407,0
20400,10,11,1,70
20032,10,11,20036,0
20032,10,11,1,70
20769,10,11,20778,0
20769,10,11,1,140
17436,10,11,17439,0
17436,10,11,1,70
11130,10,11,11132,0
11130,10,11,1,70
20778,10,11,21518,0
20778,10,11,21148,140
20778,10,11,20778,490
20778,10,11,1,770
15206,10,11,15213,0
15206,10,11,1,70
11873,10,11,11874,0
11873,10,11,1,70
18916,10,11,18923,0
18916,10,11,1,70
12979,10,11,12987,0
12979,10,11,1,70
19285,10,11,20034,0
19285,10,11,19294,70
19285,10,11,1,350
15952,10,11,15955,0
15952,10,11,1,70
17061,10,11,17068,0
17061,10,11,1,70
10755,10,11,10761,0
10755,10,11,1,70
9646,10,11,9648,0
9646,10,11,1,70
19294,10,11,21144,0
19294,10,11,20774,350
19294,10,11,20404,560
19294,10,11,20034,630
19294,10,11,19664,700
19294,10,11,1,770
14834,10,11,15582,0
14834,10,11,14842,70
14834,10,11,1,350
18545,10,11,18552,0
18545,10,11,1,70
14468,10,11,14471,0
14468,10,11,1,70
17810,10,11,20770,0
17810,10,11,20400,420
17810,10,11,19660,490
17810,10,11,19290,560
17810,10,11,18550,630
17810,10,11,18180,700
17810,10,11,17810,770
17810,10,11,1,840
12613,10,11,12616,0
12613,10,11,1,70
10017,10,11,10019,0
10017,10,11,1,70
19656,10,11,20405,0
19656,10,11,20035,70
19656,10,11,19665,140
19656,10,11,1,350
13350,10,11,13728,0
13350,10,11,13358,70
13350,10,11,1,350
16692,10,11,16697,0
16692,10,11,1,70
17429,10,11,18549,0
17429,10,11,17809,70
17429,10,11,17439,350
17429,10,11,1,420
19665,10,11,21145,0
19665,10,11,20775,420
19665,10,11,20405,630
19665,10,11,20035,700
19665,10,11,1,770
13728,10,11,13729,0
13728,10,11,1,70
20034,10,11,20036,0
20034,10,11,1,70
11132,10,11,14832,0
11132,10,11,14462,70
11132,10,11,14092,350
11132,10,11,13352,420
11132,10,11,12982,490
11132,10,11,12242,560
11132,10,11,11872,630
11132,10,11,11502,700
11132,10,11,1,770
17438,10,11,17439,0
17438,10,11,1,70
20771,10,11,20778,0
20771,10,11,1,70
11866,10,11,12244,0
11866,10,11,11874,70
11866,10,11,1,350
15208,10,11,15213,0
15208,10,11,1,70
15945,10,11,17435,0
15945,10,11,16695,70
15945,10,11,16325,350
15945,10,11,1,420
18918,10,11,18923,0
18918,10,11,1,70
18550,10,11,18552,0
18550,10,11,1,70
9648,10,11,13718,0
9648,10,11,12978,70
9648,10,11,12608,350
9648,10,11,11868,420
9648,10,11,11498,490
9648,10,11,11128,560
9648,10,11,10388,630
9648,10,11,10018,700
9648,10,11,1,770
15954,10,11,15955,0
15954,10,11,1,70
10757,10,11,10761,0
10757,10,11,1,70
12981,10,11,12987,0
12981,10,11,1,70
16323,10,11,16326,0
16323,10,11,1,70
14099,10,11,14100,0
14099,10,11,1,70
19287,10,11,19294,0
19287,10,11,1,70
12606,10,11,13356,0
12606,10,11,12616,70
12606,10,11,1,350
14470,10,11,14471,0
14470,10,11,1,70
21145,10,11,21149,0
21145,10,11,1,140
12615,10,11,12616,0
12615,10,11,1,70
13352,10,11,13358,0
13352,10,11,1,70
10019,10,11,14089,0
10019,10,11,13349,70
10019,10,11,12979,350
10019,10,11,12239,420
10019,10,11,11869,490
10019,10,11,11499,560
10019,10,11,10759,630
10019,10,11,10389,700
10019,10,11,1,770
13721,10,11,14099,0
13721,10,11,1,70
20027,10,11,20776,0
20027,10,11,20406,70
20027,10,11,20036,140
20027,10,11,1,350
16694,10,11,16697,0
16694,10,11,1,70
17431,10,11,17809,0
17431,10,11,17439,70
17431,10,11,1,350
11125,10,11,11132,0
11125,10,11,1,70
10388,10,11,10390,0
10388,10,11,1,70
20036,10,11,21146,0
20036,10,11,20776,420
20036,10,11,20406,700
20036,10,11,1,770
20773,10,11,20778,0
20773,10,11,1,70
12237,10,11,12245,0
12237,10,11,1,70
18543,10,11,19292,0
18543,10,11,18552,70
18543,10,11,1,350
20407,10,11,21147,0
20407,10,11,20777,490
20407,10,11,20407,700
20407,10,11,1,770
15947,10,11,16695,0
15947,10,11,16325,70
15947,10,11,15955,350
15947,10,11,1,420
15210,10,11,15213,0
15210,10,11,1,70
18920,10,11,18923,0
18920,10,11,1,70
18552,10,11,20772,0
18552,10,11,20402,490
18552,10,11,19662,560
18552,10,11,19292,630
18552,10,11,18922,700
18552,10,11,1,770
19289,10,11,19294,0
19289,10,11,1,70
16316,10,11,17806,0
16316,10,11,17066,70
16316,10,11,16696,350
16316,10,11,1,420
14092,10,11,14470,0
14092,10,11,1,70
16325,10,11,16326,0
16325,10,11,1,70
14463,10,11,14841,0
14463,10,11,1,70
17068,10,11,20768,0
17068,10,11,20028,70
17068,10,11,19658,350
17068,10,11,19288,420
17068,10,11,18918,490
17068,10,11,18178,560
17068,10,11,17808,630
17068,10,11,17068,700
17068,10,11,1,770
12608,10,11,12616,0
12608,10,11,1,70
11499,10,11,11503,0
11499,10,11,1,70
14841,10,11,14842,0
14841,10,11,1,70
21147,10,11,21149,0
21147,10,11,1,70
16687,10,11,17807,0
16687,10,11,17437,70
16687,10,11,17067,350
16687,10,11,1,420
13723,10,11,13729,0
13723,10,11,1,70
10390,10,11,14090,0
10390,10,11,13720,70
10390,10,11,13350,350
10390,10,11,12610,420
10390,10,11,12240,490
10390,10,11,11500,560
10390,10,11,11130,630
10390,10,11,10760,700
10390,10,11,1,770
16696,10,11,16697,0
16696,10,11,1,70
11127,10,11,11132,0
11127,10,11,1,70
15203,10,11,16323,0
15203,10,11,15583,70
15203,10,11,15213,350
15203,10,11,1,420
11870,10,11,11874,0
11870,10,11,1,70
8906,10,11,12606,0
8906,10,11,11866,70
8906,10,11,11496,350
8906,10,11,11126,420
8906,10,11,10386,490
8906,10,11,10016,560
8906,10,11,9646,630
8906,10,11,8906,700
8906,10,11,1,770
1,11,12,1,0
15212,11,12,15213,0
15212,11,12,1,70
21518,11,12,21520,0
21518,11,12,1,350
15581,11,12,15584,0
15581,11,12,1,70
16318,11,12,17066,0
16318,11,12,16696,70
16318,11,12,16326,350
16318,11,12,1,420
12985,11,12,12987,0
12985,11,12,1,70
19291,11,12,19294,0
19291,11,12,1,70
13350,11,12,13728,0
13350,11,12,13358,70
13350,11,12,1,350
11501,11,12,11503,0
11501,11,12,1,70
17807,11,12,17810,0
17807,11,12,1,70
13347,11,12,14468,0
13347,11,12,13728,70
13347,11,12,13358,350
13347,11,12,1,420
12610,11,12,12616,0
12610,11,12,1,70
21149,11,12,21889,0
21149,11,12,21519,140
21149,11,12,21149,490
21149,11,12,1,770
16689,11,12,17437,0
16689,11,12,17067,70
16689,11,12,16697,350
16689,11,12,1,420
13725,11,12,13729,0
13725,11,12,1,70
20031,11,12,20036,0
20031,11,12,1,70
15205,11,12,15953,0
15205,11,12,15213,70
15205,11,12,1,350
11872,11,12,11874,0
11872,11,12,1,70
15574,11,12,16694,0
15574,11,12,16324,70
15574,11,12,15954,350
15574,11,12,1,420
20402,11,12,20407,0
20402,11,12,1,70
18547,11,12,18552,0
18547,11,12,1,70
12978,11,12,13357,0
12978,11,12,1,70
9277,11,12,13347,0
9277,11,12,12607,70
9277,11,12,12237,350
9277,11,12,11497,420
9277,11,12,11127,490
9277,11,12,10387,560
9277,11,12,10017,630
9277,11,12,9647,700
9277,11,12,1,770
21520,11,12,22260,0
21520,11,12,21890,140
21520,11,12,21520,490
21520,11,12,1,770
21889,11,12,21891,0
21889,11,12,1,350
12987,11,12,16317,0
12987,11,12,15577,70
12987,11,12,15207,350
12987,11,12,14837,420
12987,11,12,14467,490
12987,11,12,13727,560
12987,11,12,13357,630
12987,11,12,1,700
15951,11,12,15955,0
15951,11,12,1,70
15583,11,12,15584,0
15583,11,12,1,70
19293,11,12,19294,0
19293,11,12,1,70
17063,11,12,17068,0
17063,11,12,1,70
17800,11,12,18920,0
17800,11,12,18550,70
17800,11,12,18180,350
17800,11,12,1,420
14467,11,12,14471,0
14467,11,12,1,70
14836,11,12,14842,0
14836,11,12,1,70
11503,11,12,15203,0
11503,11,12,14463,70
11503,11,12,14093,350
11503,11,12,13723,420
11503,11,12,13353,490
11503,11,12,12613,560
11503,11,12,12243,630
11503,11,12,11503,700
11503,11,12,1,770
17809,11,12,17810,0
17809,11,12,1,70
18178,11,12,18181,0
18178,11,12,1,70
13718,11,12,14469,0
13718,11,12,13729,70
13718,11,12,1,350
13727,11,12,13729,0
13727,11,12,1,70
15207,11,12,15213,0
15207,11,12,1,70
11874,11,12,15574,0
11874,11,12,14834,70
11874,11,12,14464,350
11874,11,12,14094,420
11874,11,12,13354,490
11874,11,12,12984,560
11874,11,12,12614,630
11874,11,12,11874,700
11874,11,12,1,770
20404,11,12,20407,0
20404,11,12,1,70
12243,11,12,12245,0
12243,11,12,1,70
18549,11,12,18552,0
18549,11,12,1,70
9647,11,12,9648,0
9647,11,12,1,70
19286,11,12,20034,0
19286,11,12,19294,70
19286,11,12,1,350
10759,11,12,10761,0
10759,11,12,1,70
17065,11,12,17068,0
17065,11,12,1,70
17802,11,12,18550,0
17802,11,12,18180,70
17802,11,12,17810,350
17802,11,12,1,420
14469,11,12,14471,0
14469,11,12,1,70
18171,11,12,18921,0
18171,11,12,18551,70
18171,11,12,18181,350
18171,11,12,1,420
11496,11,12,11503,0
11496,11,12,1,70
21144,11,12,21149,0
21144,11,12,1,140
18180,11,12,18181,0
18180,11,12,1,70
13720,11,12,14099,0
13720,11,12,1,70
19660,11,12,19665,0
19660,11,12,1,70
17433,11,12,17439,0
17433,11,12,1,70
18542,11,12,19292,0
18542,11,12,18922,70
18542,11,12,18552,350
18542,11,12,1,420
15209,11,12,15213,0
15209,11,12,1,70
15946,11,12,16695,0
15946,11,12,16325,70
15946,11,12,15955,350
15946,11,12,1,420
20775,11,12,20778,0
20775,11,12,1,70
12245,11,12,15945,0
12245,11,12,15205,70
12245,11,12,14835,350
12245,11,12,14095,420
12245,11,12,13725,490
12245,11,12,12985,560
12245,11,12,12615,630
12245,11,12,12245,700
12245,11,12,1,770
18551,11,12,18552,0
18551,11,12,1,70
15578,11,12,15584,0
15578,11,12,1,70
20406,11,12,20407,0
20406,11,12,1,70
12982,11,12,12987,0
12982,11,12,1,70
16324,11,12,16326,0
16324,11,12,1,70
19288,11,12,19294,0
19288,11,12,1,70
17058,11,12,18178,0
17058,11,12,17438,70
17058,11,12,17068,350
17058,11,12,1,420
18922,11,12,18923,0
18922,11,12,1,70
14462,11,12,14841,0
14462,11,12,1,70
14094,11,12,14100,0
14094,11,12,1,70
10761,11,12,14461,0
10761,11,12,14091,70
10761,11,12,13721,350
10761,11,12,12981,420
10761,11,12,12611,490
10761,11,12,11871,560
10761,11,12,11501,630
10761,11,12,11131,700
10761,11,12,1,770
17067,11,12,17068,0
17067,11,12,1,70
12607,11,12,12616,0
12607,11,12,1,70
14471,11,12,18171,0
14471,11,12,17431,70
14471,11,12,17061,350
14471,11,12,16321,420
14471,11,12,15951,490
14471,11,12,15581,560
14471,11,12,14841,630
14471,11,12,14471,700
14471,11,12,1,770
18173,11,12,18921,0
18173,11,12,18181,70
18173,11,12,1,350
14840,11,12,14842,0
14840,11,12,1,70
11498,11,12,11503,0
11498,11,12,1,70
21146,11,12,21149,0
21146,11,12,1,70
13356,11,12,13358,0
13356,11,12,1,70
19662,11,12,19665,0
19662,11,12,1,70
20399,11,12,20777,0
20399,11,12,20407,70
20399,11,12,1,350
11869,11,12,11874,0
11869,11,12,1,70
20768,11,12,20778,0
20768,11,12,1,350
17435,11,12,17439,0
17435,11,12,1,70
18544,11,12,19292,0
18544,11,12,18552,70
18544,11,12,1,350
15211,11,12,15213,0
15211,11,12,1,70
20777,11,12,20778,0
20777,11,12,1,70
16317,11,12,17066,0
16317,11,12,16696,70
16317,11,12,16326,350
16317,11,12,1,420
12984,11,12,12987,0
12984,11,12,1,70
15580,11,12,15584,0
15580,11,12,1,70
16326,11,12,20396,0
16326,11,12,19656,70
16326,11,12,19286,350
16326,11,12,18916,420
16326,11,12,18176,490
16326,11,12,17806,560
16326,11,12,17436,630
16326,11,12,16696,700
16326,11,12,16326,770
16326,11,12,1,840
18915,11,12,19663,0
18915,11,12,18923,70
18915,11,12,1,350
17060,11,12,17438,0
17060,11,12,17068,70
17060,11,12,1,350
14464,11,12,14471,0
14464,11,12,1,70
14096,11,12,14100,0
14096,11,12,1,70
11500,11,12,11503,0
11500,11,12,1,70
17806,11,12,17810,0
17806,11,12,1,70
14842,11,12,18542,0
14842,11,12,18172,70
14842,11,12,17802,350
14842,11,12,17062,420
14842,11,12,16692,490
14842,11,12,15952,560
14842,11,12,15582,630
14842,11,12,15212,700
14842,11,12,1,770
21148,11,12,21149,0
21148,11,12,1,70
13349,11,12,14098,0
13349,11,12,13358,70
13349,11,12,1,350
10016,11,12,10019,0
10016,11,12,1,70
13358,11,12,17058,0
13358,11,12,16318,70
13358,11,12,15948,350
13358,11,12,15578,420
13358,11,12,15208,490
13358,11,12,14468,560
13358,11,12,14098,630
13358,11,12,13358,700
13358,11,12,1,770
19664,11,12,19665,0
19664,11,12,1,70
20401,11,12,20407,0
20401,11,12,1,70
20033,11,12,20036,0
20033,11,12,1,70
11131,11,12,11132,0
11131,11,12,1,70
17437,11,12,17439,0
17437,11,12,1,70
20770,11,12,20778,0
20770,11,12,1,140
12240,11,12,12245,0
12240,11,12,1,70
15582,11,12,15584,0
15582,11,12,1,70
16319,11,12,16326,0
16319,11,12,1,70
14089,11,12,14840,0
14089,11,12,14100,70
14089,11,12,1,350
15953,11,12,15955,0
15953,11,12,1,70
17062,11,12,17068,0
17062,11,12,1,70
14466,11,12,14471,0
14466,11,12,1,70
14098,11,12,14100,0
14098,11,12,1,70
14835,11,12,14842,0
14835,11,12,1,70
11502,11,12,11503,0
11502,11,12,1,70
17808,11,12,17810,0
17808,11,12,1,70
18177,11,12,18181,0
18177,11,12,1,70
12614,11,12,12616,0
12614,11,12,1,70
19657,11,12,20405,0
19657,11,12,20035,70
19657,11,12,19665,140
19657,11,12,1,350
10018,11,12,10019,0
10018,11,12,1,70
10387,11,12,10390,0
10387,11,12,1,70
13729,11,12,17429,0
13729,11,12,16689,70
13729,11,12,16319,350
13729,11,12,15579,420
13729,11,12,15209,490
13729,11,12,14839,560
13729,11,12,14099,630
13729,11,12,13729,700
13729,11,12,1,770
20035,11,12,20036,0
20035,11,12,1,70
20772,11,12,20778,0
20772,11,12,1,70
17439,11,12,20769,0
17439,11,12,20399,70
17439,11,12,20029,350
17439,11,12,19659,420
17439,11,12,19289,490
17439,11,12,18549,560
17439,11,12,18179,630
17439,11,12,17439,700
17439,11,12,1,770
12242,11,12,12245,0
12242,11,12,1,70
15584,11,12,19654,0
15584,11,12,18914,70
15584,11,12,18544,350
15584,11,12,18174,420
15584,11,12,17434,490
15584,11,12,17064,560
15584,11,12,16324,630
15584,11,12,15954,700
15584,11,12,15584,770
15584,11,12,1,840
14091,11,12,14470,0
14091,11,12,1,70
15955,11,12,20025,0
15955,11,12,19285,70
15955,11,12,18915,350
15955,11,12,18545,420
15955,11,12,17805,490
15955,11,12,17435,560
15955,11,12,17065,630
15955,11,12,16325,700
15955,11,12,15955,770
15955,11,12,1,840
17064,11,12,17068,0
17064,11,12,1,70
14100,11,12,17800,0
14100,11,12,17060,70
14100,11,12,16690,350
14100,11,12,15950,420
14100,11,12,15580,490
14100,11,12,15210,560
14100,11,12,14470,630
14100,11,12,14100,700
14100,11,12,1,770
14837,11,12,14842,0
14837,11,12,1,70
21143,11,12,21149,0
21143,11,12,1,350
18179,11,12,18181,0
18179,11,12,1,70
12616,11,12,15946,0
12616,11,12,15206,70
12616,11,12,14836,350
12616,11,12,14466,420
12616,11,12,14096,490
12616,11,12,13356,560
12616,11,12,12986,630
12616,11,12,1,700
13353,11,12,13358,0
13353,11,12,1,70
19659,11,12,19665,0
19659,11,12,1,70
20396,11,12,20777,0
20396,11,12,20407,350
20396,11,12,1,420
10389,11,12,10390,0
10389,11,12,1,70
16695,11,12,16697,0
16695,11,12,1,70
20028,11,12,20776,0
20028,11,12,20406,70
20028,11,12,20036,140
20028,11,12,1,350
11126,11,12,11132,0
11126,11,12,1,70
20405,11,12,20407,0
20405,11,12,1,70
15577,11,12,15584,0
15577,11,12,1,70
20774,11,12,20778,0
20774,11,12,1,70
15948,11,12,15955,0
15948,11,12,1,70
18921,11,12,18923,0
18921,11,12,1,70
14093,11,12,14100,0
14093,11,12,1,70
19290,11,12,19294,0
19290,11,12,1,70
17066,11,12,17068,0
17066,11,12,1,70
11497,11,12,11503,0
11497,11,12,1,70
10760,11,12,10761,0
10760,11,12,1,70
18172,11,12,18921,0
18172,11,12,18181,70
18172,11,12,1,350
14839,11,12,14842,0
14839,11,12,1,70
18181,11,12,20771,0
18181,11,12,20401,420
18181,11,12,20031,490
18181,11,12,19291,560
18181,11,12,18921,630
18181,11,12,18551,700
18181,11,12,1,770
16697,11,12,20767,0
16697,11,12,20027,70
16697,11,12,19657,350
16697,11,12,19287,420
16697,11,12,18547,490
16697,11,12,18177,560
16697,11,12,17807,630
16697,11,12,17067,700
16697,11,12,16697,770
16697,11,12,1,840
17434,11,12,17439,0
17434,11,12,1,70
20767,11,12,20778,0
20767,11,12,1,350
11128,11,12,11132,0
11128,11,12,1,70
20776,11,12,20778,0
20776,11,12,1,70
11871,11,12,11874,0
11871,11,12,1,70
18914,11,12,19663,0
18914,11,12,18923,70
18914,11,12,1,350
15213,11,12,19283,0
15213,11,12,18543,70
15213,11,12,18173,350
15213,11,12,17433,420
15213,11,12,17063,490
15213,11,12,16323,560
15213,11,12,15953,630
15213,11,12,15583,700
15213,11,12,1,770
21519,11,12,21520,0
21519,11,12,1,70
15950,11,12,15955,0
15950,11,12,1,70
18923,11,12,21143,0
18923,11,12,20773,70
18923,11,12,20033,560
18923,11,12,19663,630
18923,11,12,19293,700
18923,11,12,1,770
12986,11,12,12987,0
12986,11,12,1,70
14095,11,12,14100,0
14095,11,12,1,70
19292,11,12,19294,0
19292,11,12,1,70
19283,11,12,20034,0
19283,11,12,19664,70
19283,11,12,19294,350
19283,11,12,1,420
14832,11,12,15952,0
14832,11,12,15212,70
14832,11,12,14842,350
14832,11,12,1,420
18174,11,12,18181,0
18174,11,12,1,70
12611,11,12,12616,0
12611,11,12,1,70
19654,11,12,20775,0
19654,11,12,20405,70
19654,11,12,20035,140
19654,11,12,19665,350
19654,11,12,1,420
16690,11,12,16697,0
16690,11,12,1,70
13357,11,12,13358,0
13357,11,12,1,70
19663,11,12,19665,0
19663,11,12,1,70
20400,11,12,20407,0
20400,11,12,1,70
20769,11,12,20778,0
20769,11,12,1,140
17436,11,12,17439,0
17436,11,12,1,70
11130,11,12,11132,0
11130,11,12,1,70
20778,11,12,21518,0
20778,11,12,21148,140
20778,11,12,20778,490
20778,11,12,1,770
15206,11,12,15213,0
15206,11,12,1,70
18916,11,12,18923,0
18916,11,12,1,70
12979,11,12,12987,0
12979,11,12,1,70
19285,11,12,20034,0
19285,11,12,19294,70
19285,11,12,1,350
15952,11,12,15955,0
15952,11,12,1,70
17061,11,12,17068,0
17061,11,12,1,70
16321,11,12,16326,0
16321,11,12,1,70
9646,11,12,9648,0
9646,11,12,1,70
19294,11,12,21144,0
19294,11,12,20774,350
19294,11,12,20404,560
19294,11,12,20034,630
19294,11,12,19664,700
19294,11,12,1,770
14834,11,12,15582,0
14834,11,12,14842,70
14834,11,12,1,350
18545,11,12,18552,0
18545,11,12,1,70
18176,11,12,18181,0
18176,11,12,1,70
14468,11,12,14471,0
14468,11,12,1,70
17810,11,12,20770,0
17810,11,12,20400,420
17810,11,12,19660,490
17810,11,12,19290,560
17810,11,12,18550,630
17810,11,12,18180,700
17810,11,12,17810,770
17810,11,12,1,840
12613,11,12,12616,0
12613,11,12,1,70
10017,11,12,10019,0
10017,11,12,1,70
19656,11,12,20405,0
19656,11,12,20035,70
19656,11,12,19665,140
19656,11,12,1,350
20025,11,12,20776,0
20025,11,12,20406,140
20025,11,12,20036,350
20025,11,12,1,420
16692,11,12,16697,0
16692,11,12,1,70
17429,11,12,18549,0
17429,11,12,17809,70
17429,11,12,17439,350
17429,11,12,1,420
19665,11,12,21145,0
19665,11,12,20775,420
19665,11,12,20405,630
19665,11,12,20035,700
19665,11,12,1,770
13728,11,12,13729,0
13728,11,12,1,70
20034,11,12,20036,0
20034,11,12,1,70
11132,11,12,14832,0
11132,11,12,14462,70
11132,11,12,14092,350
11132,11,12,13352,420
11132,11,12,12982,490
11132,11,12,12242,560
11132,11,12,11872,630
11132,11,12,11502,700
11132,11,12,1,770
17438,11,12,17439,0
17438,11,12,1,70
20771,11,12,20778,0
20771,11,12,1,70
10386,11,12,10390,0
10386,11,12,1,70
11866,11,12,12244,0
11866,11,12,11874,70
11866,11,12,1,350
15208,11,12,15213,0
15208,11,12,1,70
15945,11,12,17435,0
15945,11,12,16695,70
15945,11,12,16325,350
15945,11,12,1,420
12244,11,12,12245,0
12244,11,12,1,70
18550,11,12,18552,0
18550,11,12,1,70
9648,11,12,13718,0
9648,11,12,12978,70
9648,11,12,12608,350
9648,11,12,11868,420
9648,11,12,11498,490
9648,11,12,11128,560
9648,11,12,10388,630
9648,11,12,10018,700
9648,11,12,1,770
15954,11,12,15955,0
15954,11,12,1,70
12981,11,12,12987,0
12981,11,12,1,70
16323,11,12,16326,0
16323,11,12,1,70
19287,11,12,19294,0
19287,11,12,1,70
14099,11,12,14100,0
14099,11,12,1,70
18918,11,12,18923,0
18918,11,12,1,70
14090,11,12,14840,0
14090,11,12,14100,70
14090,11,12,1,350
14461,11,12,15211,0
14461,11,12,14471,70
14461,11,12,1,350
12606,11,12,13356,0
12606,11,12,12616,70
12606,11,12,1,350
14470,11,12,14471,0
14470,11,12,1,70
21145,11,12,21149,0
21145,11,12,1,140
12615,11,12,12616,0
12615,11,12,1,70
13352,11,12,13358,0
13352,11,12,1,70
10019,11,12,14089,0
10019,11,12,13349,70
10019,11,12,12979,350
10019,11,12,12239,420
10019,11,12,11869,490
10019,11,12,11499,560
10019,11,12,10759,630
10019,11,12,10389,700
10019,11,12,1,770
13721,11,12,14099,0
13721,11,12,1,70
20027,11,12,20776,0
20027,11,12,20406,70
20027,11,12,20036,140
20027,11,12,1,350
16694,11,12,16697,0
16694,11,12,1,70
17431,11,12,17809,0
17431,11,12,17439,70
17431,11,12,1,350
10388,11,12,10390,0
10388,11,12,1,70
19658,11,12,19665,0
19658,11,12,1,70
20036,11,12,21146,0
20036,11,12,20776,420
20036,11,12,20406,700
20036,11,12,1,770
20773,11,12,20778,0
20773,11,12,1,70
11868,11,12,11874,0
11868,11,12,1,70
12237,11,12,12245,0
12237,11,12,1,70
18543,11,12,19292,0
18543,11,12,18552,70
18543,11,12,1,350
20407,11,12,21147,0
20407,11,12,20777,490
20407,11,12,20407,700
20407,11,12,1,770
15210,11,12,15213,0
15210,11,12,1,70
15579,11,12,15584,0
15579,11,12,1,70
18920,11,12,18923,0
18920,11,12,1,70
18552,11,12,20772,0
18552,11,12,20402,490
18552,11,12,19662,560
18552,11,12,19292,630
18552,11,12,18922,700
18552,11,12,1,770
19289,11,12,19294,0
19289,11,12,1,70
14092,11,12,14470,0
14092,11,12,1,70
16325,11,12,16326,0
16325,11,12,1,70
14463,11,12,14841,0
14463,11,12,1,70
17068,11,12,20768,0
17068,11,12,20028,70
17068,11,12,19658,350
17068,11,12,19288,420
17068,11,12,18918,490
17068,11,12,18178,560
17068,11,12,17808,630
17068,11,12,17068,700
17068,11,12,1,770
17805,11,12,17810,0
17805,11,12,1,70
12608,11,12,12616,0
12608,11,12,1,70
11499,11,12,11503,0
11499,11,12,1,70
14841,11,12,14842,0
14841,11,12,1,70
21147,11,12,21149,0
21147,11,12,1,70
13354,11,12,13358,0
13354,11,12,1,70
13723,11,12,13729,0
13723,11,12,1,70
10390,11,12,14090,0
10390,11,12,13720,70
10390,11,12,13350,350
10390,11,12,12610,420
10390,11,12,12240,490
10390,11,12,11500,560
10390,11,12,11130,630
10390,11,12,10760,700
10390,11,12,1,770
16696,11,12,16697,0
16696,11,12,1,70
11127,11,12,11132,0
11127,11,12,1,70
20029,11,12,20036,0
20029,11,12,1,70
15203,11,12,16323,0
15203,11,12,15583,70
15203,11,12,15213,350
15203,11,12,1,420
12239,11,12,12245,0
12239,11,12,1,70
8906,11,12,12606,0
8906,11,12,11866,70
8906,11,12,11496,350
8906,11,12,11126,420
8906,11,12,10386,490
8906,11,12,10016,560
8906,11,12,9646,630
8906,11,12,8906,700
8906,11,12,1,770
1,12,13,1,0
15212,12,13,15213,0
15212,12,13,1,70
21518,12,13,21520,0
21518,12,13,1,350
15581,12,13,15584,0
15581,12,13,1,70
16318,12,13,17066,0
16318,12,13,16696,70
16318,12,13,16326,350
16318,12,13,1,420
12985,12,13,12987,0
12985,12,13,1,70
19291,12,13,19294,0
19291,12,13,1,70
13350,12,13,13728,0
13350,12,13,13358,70
13350,12,13,1,350
11501,12,13,11503,0
11501,12,13,1,70
17807,12,13,17810,0
17807,12,13,1,70
13347,12,13,14468,0
13347,12,13,13728,70
13347,12,13,13358,350
13347,12,13,1,420
12610,12,13,12616,0
12610,12,13,1,70
21149,12,13,21889,0
21149,12,13,21519,140
21149,12,13,21149,490
21149,12,13,1,770
16689,12,13,17437,0
16689,12,13,17067,70
16689,12,13,16697,350
16689,12,13,1,420
13725,12,13,13729,0
13725,12,13,1,70
20031,12,13,20036,0
20031,12,13,1,70
15205,12,13,15953,0
15205,12,13,15213,70
15205,12,13,1,350
11872,12,13,11874,0
11872,12,13,1,70
15574,12,13,16694,0
15574,12,13,16324,70
15574,12,13,15954,350
15574,12,13,1,420
20402,12,13,20407,0
20402,12,13,1,70
18547,12,13,18552,0
18547,12,13,1,70
12978,12,13,13357,0
12978,12,13,1,70
21520,12,13,22260,0
21520,12,13,21890,140
21520,12,13,21520,490
21520,12,13,1,770
15951,12,13,15955,0
15951,12,13,1,70
21889,12,13,21891,0
21889,12,13,1,350
12987,12,13,16317,0
12987,12,13,15577,70
12987,12,13,15207,350
12987,12,13,14837,420
12987,12,13,14467,490
12987,12,13,13727,560
12987,12,13,13357,630
12987,12,13,1,700
15583,12,13,15584,0
15583,12,13,1,70
19293,12,13,19294,0
19293,12,13,1,70
17063,12,13,17068,0
17063,12,13,1,70
17800,12,13,18920,0
17800,12,13,18550,70
17800,12,13,18180,350
17800,12,13,1,420
14467,12,13,14471,0
14467,12,13,1,70
14836,12,13,14842,0
14836,12,13,1,70
11503,12,13,15203,0
11503,12,13,14463,70
11503,12,13,14093,350
11503,12,13,13723,420
11503,12,13,13353,490
11503,12,13,12613,560
11503,12,13,12243,630
11503,12,13,11503,700
11503,12,13,1,770
17809,12,13,17810,0
17809,12,13,1,70
18178,12,13,18181,0
18178,12,13,1,70
13718,12,13,14469,0
13718,12,13,13729,70
13718,12,13,1,350
13727,12,13,13729,0
13727,12,13,1,70
15207,12,13,15213,0
15207,12,13,1,70
11874,12,13,15574,0
11874,12,13,14834,70
11874,12,13,14464,350
11874,12,13,14094,420
11874,12,13,13354,490
11874,12,13,12984,560
11874,12,13,12614,630
11874,12,13,11874,700
11874,12,13,1,770
20404,12,13,20407,0
20404,12,13,1,70
12243,12,13,12245,0
12243,12,13,1,70
18549,12,13,18552,0
18549,12,13,1,70
9647,12,13,9648,0
9647,12,13,1,70
19286,12,13,20034,0
19286,12,13,19294,70
19286,12,13,1,350
21891,12,13,22631,0
21891,12,13,22261,140
21891,12,13,21891,490
21891,12,13,1,770
10759,12,13,10761,0
10759,12,13,1,70
17065,12,13,17068,0
17065,12,13,1,70
17802,12,13,18550,0
17802,12,13,18180,70
17802,12,13,17810,350
17802,12,13,1,420
14469,12,13,14471,0
14469,12,13,1,70
18171,12,13,18921,0
18171,12,13,18551,70
18171,12,13,18181,350
18171,12,13,1,420
11496,12,13,11503,0
11496,12,13,1,70
21144,12,13,21149,0
21144,12,13,1,140
18180,12,13,18181,0
18180,12,13,1,70
13720,12,13,14099,0
13720,12,13,1,70
8906,12,13,12606,0
8906,12,13,11866,70
8906,12,13,11496,350
8906,12,13,11126,420
8906,12,13,10386,490
8906,12,13,10016,560
8906,12,13,9646,630
8906,12,13,8906,700
8906,12,13,1,770
19660,12,13,19665,0
19660,12,13,1,70
17433,12,13,17439,0
17433,12,13,1,70
18542,12,13,19292,0
18542,12,13,18922,70
18542,12,13,18552,350
18542,12,13,1,420
15209,12,13,15213,0
15209,12,13,1,70
15946,12,13,16695,0
15946,12,13,16325,70
15946,12,13,15955,350
15946,12,13,1,420
15578,12,13,15584,0
15578,12,13,1,70
12245,12,13,15945,0
12245,12,13,15205,70
12245,12,13,14835,350
12245,12,13,14095,420
12245,12,13,13725,490
12245,12,13,12985,560
12245,12,13,12615,630
12245,12,13,12245,700
12245,12,13,1,770
18551,12,13,18552,0
18551,12,13,1,70
20406,12,13,20407,0
20406,12,13,1,70
20775,12,13,20778,0
20775,12,13,1,70
12982,12,13,12987,0
12982,12,13,1,70
16324,12,13,16326,0
16324,12,13,1,70
19288,12,13,19294,0
19288,12,13,1,70
17058,12,13,18178,0
17058,12,13,17438,70
17058,12,13,17068,350
17058,12,13,1,420
18922,12,13,18923,0
18922,12,13,1,70
14462,12,13,14841,0
14462,12,13,1,70
14094,12,13,14100,0
14094,12,13,1,70
10761,12,13,14461,0
10761,12,13,14091,70
10761,12,13,13721,350
10761,12,13,12981,420
10761,12,13,12611,490
10761,12,13,11871,560
10761,12,13,11501,630
10761,12,13,11131,700
10761,12,13,1,770
17067,12,13,17068,0
17067,12,13,1,70
12607,12,13,12616,0
12607,12,13,1,70
14471,12,13,18171,0
14471,12,13,17431,70
14471,12,13,17061,350
14471,12,13,16321,420
14471,12,13,15951,490
14471,12,13,15581,560
14471,12,13,14841,630
14471,12,13,14471,700
14471,12,13,1,770
18173,12,13,18921,0
18173,12,13,18181,70
18173,12,13,1,350
14840,12,13,14842,0
14840,12,13,1,70
11498,12,13,11503,0
11498,12,13,1,70
21146,12,13,21149,0
21146,12,13,1,70
13356,12,13,13358,0
13356,12,13,1,70
19662,12,13,19665,0
19662,12,13,1,70
20399,12,13,20777,0
20399,12,13,20407,70
20399,12,13,1,350
11869,12,13,11874,0
11869,12,13,1,70
20768,12,13,20778,0
20768,12,13,1,350
17435,12,13,17439,0
17435,12,13,1,70
18544,12,13,19292,0
18544,12,13,18552,70
18544,12,13,1,350
15211,12,13,15213,0
15211,12,13,1,70
20777,12,13,20778,0
20777,12,13,1,70
16317,12,13,17066,0
16317,12,13,16696,70
16317,12,13,16326,350
16317,12,13,1,420
12984,12,13,12987,0
12984,12,13,1,70
15580,12,13,15584,0
15580,12,13,1,70
16326,12,13,20396,0
16326,12,13,19656,70
16326,12,13,19286,350
16326,12,13,18916,420
16326,12,13,18176,490
16326,12,13,17806,560
16326,12,13,17436,630
16326,12,13,16696,700
16326,12,13,16326,770
16326,12,13,1,840
18915,12,13,19663,0
18915,12,13,18923,70
18915,12,13,1,350
17060,12,13,17438,0
17060,12,13,17068,70
17060,12,13,1,350
14464,12,13,14471,0
14464,12,13,1,70
14096,12,13,14100,0
14096,12,13,1,70
11500,12,13,11503,0
11500,12,13,1,70
17806,12,13,17810,0
17806,12,13,1,70
14842,12,13,18542,0
14842,12,13,18172,70
14842,12,13,17802,350
14842,12,13,17062,420
14842,12,13,16692,490
14842,12,13,15952,560
14842,12,13,15582,630
14842,12,13,15212,700
14842,12,13,1,770
21148,12,13,21149,0
21148,12,13,1,70
13349,12,13,13728,0
13349,12,13,13358,70
13349,12,13,1,350
10016,12,13,10019,0
10016,12,13,1,70
13358,12,13,17058,0
13358,12,13,16318,70
13358,12,13,15948,350
13358,12,13,15578,420
13358,12,13,15208,490
13358,12,13,14468,560
13358,12,13,14098,630
13358,12,13,13358,700
13358,12,13,1,770
19664,12,13,19665,0
19664,12,13,1,70
20401,12,13,20407,0
20401,12,13,1,70
20033,12,13,20036,0
20033,12,13,1,70
11131,12,13,11132,0
11131,12,13,1,70
17437,12,13,17439,0
17437,12,13,1,70
20770,12,13,20778,0
20770,12,13,1,140
12240,12,13,12245,0
12240,12,13,1,70
15582,12,13,15584,0
15582,12,13,1,70
16319,12,13,16326,0
16319,12,13,1,70
14089,12,13,14840,0
14089,12,13,14100,70
14089,12,13,1,350
15953,12,13,15955,0
15953,12,13,1,70
17062,12,13,17068,0
17062,12,13,1,70
14466,12,13,14471,0
14466,12,13,1,70
14098,12,13,14100,0
14098,12,13,1,70
14835,12,13,14842,0
14835,12,13,1,70
11502,12,13,11503,0
11502,12,13,1,70
17808,12,13,17810,0
17808,12,13,1,70
18177,12,13,18181,0
18177,12,13,1,70
12614,12,13,12616,0
12614,12,13,1,70
19657,12,13,20405,0
19657,12,13,20035,70
19657,12,13,19665,140
19657,12,13,1,350
10018,12,13,10019,0
10018,12,13,1,70
10387,12,13,10390,0
10387,12,13,1,70
13729,12,13,17429,0
13729,12,13,16689,70
13729,12,13,16319,350
13729,12,13,15579,420
13729,12,13,15209,490
13729,12,13,14839,560
13729,12,13,14099,630
13729,12,13,13729,700
13729,12,13,1,770
20035,12,13,20036,0
20035,12,13,1,70
20772,12,13,20778,0
20772,12,13,1,70
17439,12,13,20769,0
17439,12,13,20399,70
17439,12,13,20029,350
17439,12,13,19659,420
17439,12,13,19289,490
17439,12,13,18549,560
17439,12,13,18179,630
17439,12,13,17439,700
17439,12,13,1,770
12242,12,13,12245,0
12242,12,13,1,70
15584,12,13,19654,0
15584,12,13,18914,70
15584,12,13,18544,350
15584,12,13,18174,420
15584,12,13,17434,490
15584,12,13,17064,560
15584,12,13,16324,630
15584,12,13,15954,700
15584,12,13,15584,770
15584,12,13,1,840
14091,12,13,14470,0
14091,12,13,1,70
15955,12,13,20025,0
15955,12,13,19285,70
15955,12,13,18915,350
15955,12,13,18545,420
15955,12,13,17805,490
15955,12,13,17435,560
15955,12,13,17065,630
15955,12,13,16325,700
15955,12,13,15955,770
15955,12,13,1,840
17064,12,13,17068,0
17064,12,13,1,70
14100,12,13,17800,0
14100,12,13,17060,70
14100,12,13,16690,350
14100,12,13,15950,420
14100,12,13,15580,490
14100,12,13,15210,560
14100,12,13,14470,630
14100,12,13,14100,700
14100,12,13,1,770
14837,12,13,14842,0
14837,12,13,1,70
21143,12,13,21149,0
21143,12,13,1,350
18179,12,13,18181,0
18179,12,13,1,70
12616,12,13,15946,0
12616,12,13,15206,70
12616,12,13,14836,350
12616,12,13,14466,420
12616,12,13,14096,490
12616,12,13,13356,560
12616,12,13,12986,630
12616,12,13,1,700
13353,12,13,13358,0
13353,12,13,1,70
19659,12,13,19665,0
19659,12,13,1,70
20396,12,13,20777,0
20396,12,13,20407,350
20396,12,13,1,420
10389,12,13,10390,0
10389,12,13,1,70
16695,12,13,16697,0
16695,12,13,1,70
20028,12,13,20776,0
20028,12,13,20406,70
20028,12,13,20036,140
20028,12,13,1,350
11126,12,13,11132,0
11126,12,13,1,70
20405,12,13,20407,0
20405,12,13,1,70
15577,12,13,15584,0
15577,12,13,1,70
20774,12,13,20778,0
20774,12,13,1,70
15948,12,13,15955,0
15948,12,13,1,70
18921,12,13,18923,0
18921,12,13,1,70
14093,12,13,14100,0
14093,12,13,1,70
19290,12,13,19294,0
19290,12,13,1,70
17066,12,13,17068,0
17066,12,13,1,70
11497,12,13,11503,0
11497,12,13,1,70
10760,12,13,10761,0
10760,12,13,1,70
18172,12,13,18921,0
18172,12,13,18181,70
18172,12,13,1,350
14839,12,13,14842,0
14839,12,13,1,70
18181,12,13,20771,0
18181,12,13,20401,420
18181,12,13,20031,490
18181,12,13,19291,560
18181,12,13,18921,630
18181,12,13,18551,700
18181,12,13,1,770
16697,12,13,20767,0
16697,12,13,20027,70
16697,12,13,19657,350
16697,12,13,19287,420
16697,12,13,18547,490
16697,12,13,18177,560
16697,12,13,17807,630
16697,12,13,17067,700
16697,12,13,16697,770
16697,12,13,1,840
17434,12,13,17439,0
17434,12,13,1,70
20767,12,13,20778,0
20767,12,13,1,350
11128,12,13,11132,0
11128,12,13,1,70
20776,12,13,20778,0
20776,12,13,1,70
11871,12,13,11874,0
11871,12,13,1,70
18914,12,13,19663,0
18914,12,13,18923,70
18914,12,13,1,350
15213,12,13,19283,0
15213,12,13,18543,70
15213,12,13,18173,350
15213,12,13,17433,420
15213,12,13,17063,490
15213,12,13,16323,560
15213,12,13,15953,630
15213,12,13,15583,700
15213,12,13,1,770
21519,12,13,21520,0
21519,12,13,1,70
15950,12,13,15955,0
15950,12,13,1,70
18923,12,13,21143,0
18923,12,13,20773,70
18923,12,13,20033,560
18923,12,13,19663,630
18923,12,13,19293,700
18923,12,13,1,770
12986,12,13,12987,0
12986,12,13,1,70
19292,12,13,19294,0
19292,12,13,1,70
14095,12,13,14100,0
14095,12,13,1,70
19283,12,13,20034,0
19283,12,13,19664,70
19283,12,13,19294,350
19283,12,13,1,420
14832,12,13,15952,0
14832,12,13,15212,70
14832,12,13,14842,350
14832,12,13,1,420
18174,12,13,18181,0
18174,12,13,1,70
12611,12,13,12616,0
12611,12,13,1,70
19654,12,13,20775,0
19654,12,13,20405,70
19654,12,13,20035,140
19654,12,13,19665,350
19654,12,13,1,420
16690,12,13,16697,0
16690,12,13,1,70
13357,12,13,13358,0
13357,12,13,1,70
19663,12,13,19665,0
19663,12,13,1,70
20400,12,13,20407,0
20400,12,13,1,70
20769,12,13,20778,0
20769,12,13,1,140
17436,12,13,17439,0
17436,12,13,1,70
11130,12,13,11132,0
11130,12,13,1,70
20778,12,13,21518,0
20778,12,13,21148,140
20778,12,13,20778,490
20778,12,13,1,770
15206,12,13,15213,0
15206,12,13,1,70
18916,12,13,18923,0
18916,12,13,1,70
12979,12,13,12987,0
12979,12,13,1,70
19285,12,13,20034,0
19285,12,13,19294,70
19285,12,13,1,350
15952,12,13,15955,0
15952,12,13,1,70
17061,12,13,17068,0
17061,12,13,1,70
21890,12,13,21891,0
21890,12,13,1,70
16321,12,13,16326,0
16321,12,13,1,70
19294,12,13,21144,0
19294,12,13,20774,350
19294,12,13,20404,560
19294,12,13,20034,630
19294,12,13,19664,700
19294,12,13,1,770
14834,12,13,15582,0
14834,12,13,14842,70
14834,12,13,1,350
9646,12,13,9648,0
9646,12,13,1,70
18176,12,13,18181,0
18176,12,13,1,70
14468,12,13,14471,0
14468,12,13,1,70
17810,12,13,20770,0
17810,12,13,20400,420
17810,12,13,19660,490
17810,12,13,19290,560
17810,12,13,18550,630
17810,12,13,18180,700
17810,12,13,17810,770
17810,12,13,1,840
12613,12,13,12616,0
12613,12,13,1,70
10017,12,13,10019,0
10017,12,13,1,70
19656,12,13,20405,0
19656,12,13,20035,70
19656,12,13,19665,140
19656,12,13,1,350
20025,12,13,20776,0
20025,12,13,20406,140
20025,12,13,20036,350
20025,12,13,1,420
16692,12,13,16697,0
16692,12,13,1,70
17429,12,13,18549,0
17429,12,13,17809,70
17429,12,13,17439,350
17429,12,13,1,420
19665,12,13,21145,0
19665,12,13,20775,420
19665,12,13,20405,630
19665,12,13,20035,700
19665,12,13,1,770
13728,12,13,13729,0
13728,12,13,1,70
20034,12,13,20036,0
20034,12,13,1,70
11132,12,13,14832,0
11132,12,13,14462,70
11132,12,13,14092,350
11132,12,13,13352,420
11132,12,13,12982,490
11132,12,13,12242,560
11132,12,13,11872,630
11132,12,13,11502,700
11132,12,13,1,770
17438,12,13,17439,0
17438,12,13,1,70
20771,12,13,20778,0
20771,12,13,1,70
10386,12,13,10390,0
10386,12,13,1,70
11866,12,13,12244,0
11866,12,13,11874,70
11866,12,13,1,350
15208,12,13,15213,0
15208,12,13,1,70
15945,12,13,17435,0
15945,12,13,16695,70
15945,12,13,16325,350
15945,12,13,1,420
12244,12,13,12245,0
12244,12,13,1,70
18550,12,13,18552,0
18550,12,13,1,70
9648,12,13,13718,0
9648,12,13,12978,70
9648,12,13,12608,350
9648,12,13,11868,420
9648,12,13,11498,490
9648,12,13,11128,560
9648,12,13,10388,630
9648,12,13,10018,700
9648,12,13,1,770
15954,12,13,15955,0
15954,12,13,1,70
22260,12,13,22632,0
22260,12,13,22262,140
22260,12,13,1,560
12981,12,13,12987,0
12981,12,13,1,70
19287,12,13,19294,0
19287,12,13,1,70
14099,12,13,14100,0
14099,12,13,1,70
16323,12,13,16326,0
16323,12,13,1,70
18918,12,13,18923,0
18918,12,13,1,70
14090,12,13,14840,0
14090,12,13,14100,70
14090,12,13,1,350
14461,12,13,15211,0
14461,12,13,14471,70
14461,12,13,1,350
12606,12,13,13356,0
12606,12,13,12616,70
12606,12,13,1,350
14470,12,13,14471,0
14470,12,13,1,70
21145,12,13,21149,0
21145,12,13,1,140
12615,12,13,12616,0
12615,12,13,1,70
13352,12,13,13358,0
13352,12,13,1,70
10019,12,13,14089,0
10019,12,13,13349,70
10019,12,13,12979,350
10019,12,13,12239,420
10019,12,13,11869,490
10019,12,13,11499,560
10019,12,13,10759,630
10019,12,13,10389,700
10019,12,13,1,770
13721,12,13,14099,0
13721,12,13,1,70
20027,12,13,20776,0
20027,12,13,20406,70
20027,12,13,20036,140
20027,12,13,1,350
16694,12,13,16697,0
16694,12,13,1,70
17431,12,13,17809,0
17431,12,13,17439,70
17431,12,13,1,350
10388,12,13,10390,0
10388,12,13,1,70
19658,12,13,19665,0
19658,12,13,1,70
20036,12,13,21146,0
20036,12,13,20776,420
20036,12,13,20406,700
20036,12,13,1,770
20773,12,13,20778,0
20773,12,13,1,70
11868,12,13,11874,0
11868,12,13,1,70
12237,12,13,12245,0
12237,12,13,1,70
18543,12,13,19292,0
18543,12,13,18552,70
18543,12,13,1,350
20407,12,13,21147,0
20407,12,13,20777,490
20407,12,13,20407,700
20407,12,13,1,770
15210,12,13,15213,0
15210,12,13,1,70
15579,12,13,15584,0
15579,12,13,1,70
18920,12,13,18923,0
18920,12,13,1,70
18552,12,13,20772,0
18552,12,13,20402,490
18552,12,13,19662,560
18552,12,13,19292,630
18552,12,13,18922,700
18552,12,13,1,770
19289,12,13,19294,0
19289,12,13,1,70
14092,12,13,14470,0
14092,12,13,1,70
16325,12,13,16326,0
16325,12,13,1,70
14463,12,13,14841,0
14463,12,13,1,70
17068,12,13,20768,0
17068,12,13,20028,70
17068,12,13,19658,350
17068,12,13,19288,420
17068,12,13,18918,490
17068,12,13,18178,560
17068,12,13,17808,630
17068,12,13,17068,700
17068,12,13,1,770
17805,12,13,17810,0
17805,12,13,1,70
12608,12,13,12616,0
12608,12,13,1,70
11499,12,13,11503,0
11499,12,13,1,70
14841,12,13,14842,0
14841,12,13,1,70
21147,12,13,21149,0
21147,12,13,1,70
13354,12,13,13358,0
13354,12,13,1,70
13723,12,13,13729,0
13723,12,13,1,70
10390,12,13,14090,0
10390,12,13,13720,70
10390,12,13,13350,350
10390,12,13,12610,420
10390,12,13,12240,490
10390,12,13,11500,560
10390,12,13,11130,630
10390,12,13,10760,700
10390,12,13,1,770
16696,12,13,16697,0
16696,12,13,1,70
11127,12,13,11132,0
11127,12,13,1,70
20029,12,13,20036,0
20029,12,13,1,70
15203,12,13,16323,0
15203,12,13,15583,70
15203,12,13,15213,350
15203,12,13,1,420
12239,12,13,12245,0
12239,12,13,1,70
18545,12,13,18552,0
18545,12,13,1,70
1,13,14,1,0
15212,13,14,15213,0
15212,13,14,1,70
21518,13,14,21520,0
21518,13,14,1,350
15581,13,14,15584,0
15581,13,14,1,70
16318,13,14,17066,0
16318,13,14,16696,70
16318,13,14,16326,350
16318,13,14,1,420
12985,13,14,12987,0
12985,13,14,1,70
19291,13,14,19294,0
19291,13,14,1,70
11501,13,14,11503,0
11501,13,14,1,70
17807,13,14,17810,0
17807,13,14,1,70
12610,13,14,12616,0
12610,13,14,1,70
21149,13,14,21889,0
21149,13,14,21519,140
21149,13,14,21149,490
21149,13,14,1,770
16689,13,14,17437,0
16689,13,14,17067,70
16689,13,14,16697,350
16689,13,14,1,420
13725,13,14,13729,0
13725,13,14,1,70
20031,13,14,20036,0
20031,13,14,1,70
15205,13,14,15953,0
15205,13,14,15213,70
15205,13,14,1,350
11872,13,14,11874,0
11872,13,14,1,70
15574,13,14,16694,0
15574,13,14,16324,70
15574,13,14,15954,350
15574,13,14,1,420
20402,13,14,20407,0
20402,13,14,1,70
18547,13,14,18552,0
18547,13,14,1,70
12978,13,14,13357,0
12978,13,14,1,70
21520,13,14,22260,0
21520,13,14,21890,140
21520,13,14,21520,490
21520,13,14,1,770
15951,13,14,15955,0
15951,13,14,1,70
21889,13,14,21891,0
21889,13,14,1,350
12987,13,14,16317,0
12987,13,14,15577,70
12987,13,14,15207,350
12987,13,14,14837,420
12987,13,14,14467,490
12987,13,14,13727,560
12987,13,14,13357,630
12987,13,14,1,700
15583,13,14,15584,0
15583,13,14,1,70
19293,13,14,19294,0
19293,13,14,1,70
17063,13,14,17068,0
17063,13,14,1,70
17800,13,14,18920,0
17800,13,14,18550,70
17800,13,14,18180,350
17800,13,14,1,420
14467,13,14,14471,0
14467,13,14,1,70
14836,13,14,14842,0
14836,13,14,1,70
11503,13,14,15203,0
11503,13,14,14463,70
11503,13,14,14093,350
11503,13,14,13723,420
11503,13,14,13353,490
11503,13,14,12613,560
11503,13,14,12243,630
11503,13,14,11503,700
11503,13,14,1,770
17809,13,14,17810,0
17809,13,14,1,70
18178,13,14,18181,0
18178,13,14,1,70
13718,13,14,14469,0
13718,13,14,13729,70
13718,13,14,1,350
13727,13,14,13729,0
13727,13,14,1,70
15207,13,14,15213,0
15207,13,14,1,70
11874,13,14,15574,0
11874,13,14,14834,70
11874,13,14,14464,350
11874,13,14,14094,420
11874,13,14,13354,490
11874,13,14,12984,560
11874,13,14,12614,630
11874,13,14,11874,700
11874,13,14,1,770
20404,13,14,20407,0
20404,13,14,1,70
12243,13,14,12245,0
12243,13,14,1,70
18549,13,14,18552,0
18549,13,14,1,70
19286,13,14,20034,0
19286,13,14,19294,70
19286,13,14,1,350
21891,13,14,22631,0
21891,13,14,22261,140
21891,13,14,21891,490
21891,13,14,1,770
10759,13,14,10761,0
10759,13,14,1,70
11496,13,14,11503,0
11496,13,14,1,70
17802,13,14,18550,0
17802,13,14,18180,70
17802,13,14,17810,350
17802,13,14,1,420
14469,13,14,14471,0
14469,13,14,1,70
18171,13,14,18921,0
18171,13,14,18551,70
18171,13,14,18181,350
18171,13,14,1,420
17065,13,14,17068,0
17065,13,14,1,70
21144,13,14,21149,0
21144,13,14,1,140
18180,13,14,18181,0
18180,13,14,1,70
13720,13,14,14099,0
13720,13,14,1,70
19660,13,14,19665,0
19660,13,14,1,70
17433,13,14,17439,0
17433,13,14,1,70
18542,13,14,19292,0
18542,13,14,18922,70
18542,13,14,18552,350
18542,13,14,1,420
15209,13,14,15213,0
15209,13,14,1,70
15946,13,14,16695,0
15946,13,14,16325,70
15946,13,14,15955,350
15946,13,14,1,420
15578,13,14,15584,0
15578,13,14,1,70
12245,13,14,15945,0
12245,13,14,15205,70
12245,13,14,14835,350
12245,13,14,14095,420
12245,13,14,13725,490
12245,13,14,12985,560
12245,13,14,12615,630
12245,13,14,12245,700
12245,13,14,1,770
18551,13,14,18552,0
18551,13,14,1,70
20406,13,14,20407,0
20406,13,14,1,70
20775,13,14,20778,0
20775,13,14,1,70
12982,13,14,12987,0
12982,13,14,1,70
16324,13,14,16326,0
16324,13,14,1,70
19288,13,14,19294,0
19288,13,14,1,70
17058,13,14,18178,0
17058,13,14,17438,70
17058,13,14,17068,350
17058,13,14,1,420
18922,13,14,18923,0
18922,13,14,1,70
14462,13,14,14841,0
14462,13,14,1,70
14094,13,14,14100,0
14094,13,14,1,70
10761,13,14,14461,0
10761,13,14,14091,70
10761,13,14,13721,350
10761,13,14,12981,420
10761,13,14,12611,490
10761,13,14,11871,560
10761,13,14,11501,630
10761,13,14,11131,700
10761,13,14,1,770
17067,13,14,17068,0
17067,13,14,1,70
11498,13,14,11503,0
11498,13,14,1,70
14471,13,14,18171,0
14471,13,14,17431,70
14471,13,14,17061,350
14471,13,14,16321,420
14471,13,14,15951,490
14471,13,14,15581,560
14471,13,14,14841,630
14471,13,14,14471,700
14471,13,14,1,770
18173,13,14,18921,0
18173,13,14,18181,70
18173,13,14,1,350
14840,13,14,14842,0
14840,13,14,1,70
21146,13,14,21149,0
21146,13,14,1,70
13356,13,14,13358,0
13356,13,14,1,70
19662,13,14,19665,0
19662,13,14,1,70
20399,13,14,20777,0
20399,13,14,20407,70
20399,13,14,1,350
11869,13,14,11874,0
11869,13,14,1,70
20768,13,14,20778,0
20768,13,14,1,350
17435,13,14,17439,0
17435,13,14,1,70
18544,13,14,19292,0
18544,13,14,18552,70
18544,13,14,1,350
15211,13,14,15213,0
15211,13,14,1,70
20777,13,14,20778,0
20777,13,14,1,70
16317,13,14,17066,0
16317,13,14,16696,70
16317,13,14,16326,350
16317,13,14,1,420
12984,13,14,12987,0
12984,13,14,1,70
15580,13,14,15584,0
15580,13,14,1,70
16326,13,14,20396,0
16326,13,14,19656,70
16326,13,14,19286,350
16326,13,14,18916,420
16326,13,14,18176,490
16326,13,14,17806,560
16326,13,14,17436,630
16326,13,14,16696,700
16326,13,14,16326,770
16326,13,14,1,840
18915,13,14,19663,0
18915,13,14,18923,70
18915,13,14,1,350
17060,13,14,17438,0
17060,13,14,17068,70
17060,13,14,1,350
14464,13,14,14471,0
14464,13,14,1,70
14096,13,14,14100,0
14096,13,14,1,70
11500,13,14,11503,0
11500,13,14,1,70
17806,13,14,17810,0
17806,13,14,1,70
14842,13,14,18542,0
14842,13,14,18172,70
14842,13,14,17802,350
14842,13,14,17062,420
14842,13,14,16692,490
14842,13,14,15952,560
14842,13,14,15582,630
14842,13,14,15212,700
14842,13,14,1,770
21148,13,14,21149,0
21148,13,14,1,70
13349,13,14,13728,0
13349,13,14,13358,70
13349,13,14,1,350
10016,13,14,10019,0
10016,13,14,1,70
13358,13,14,17058,0
13358,13,14,16318,70
13358,13,14,15948,350
13358,13,14,15578,420
13358,13,14,15208,490
13358,13,14,14468,560
13358,13,14,14098,630
13358,13,14,13358,700
13358,13,14,1,770
19664,13,14,19665,0
19664,13,14,1,70
20401,13,14,20407,0
20401,13,14,1,70
20033,13,14,20036,0
20033,13,14,1,70
11131,13,14,11132,0
11131,13,14,1,70
17437,13,14,17439,0
17437,13,14,1,70
20770,13,14,20778,0
20770,13,14,1,140
12240,13,14,12245,0
12240,13,14,1,70
15582,13,14,15584,0
15582,13,14,1,70
16319,13,14,16326,0
16319,13,14,1,70
14089,13,14,14840,0
14089,13,14,14100,70
14089,13,14,1,350
15953,13,14,15955,0
15953,13,14,1,70
17062,13,14,17068,0
17062,13,14,1,70
14466,13,14,14471,0
14466,13,14,1,70
14098,13,14,14100,0
14098,13,14,1,70
14835,13,14,14842,0
14835,13,14,1,70
11502,13,14,11503,0
11502,13,14,1,70
17808,13,14,17810,0
17808,13,14,1,70
18177,13,14,18181,0
18177,13,14,1,70
12614,13,14,12616,0
12614,13,14,1,70
19657,13,14,20405,0
19657,13,14,20035,70
19657,13,14,19665,140
19657,13,14,1,350
10018,13,14,10019,0
10018,13,14,1,70
13729,13,14,17429,0
13729,13,14,16689,70
13729,13,14,16319,350
13729,13,14,15579,420
13729,13,14,15209,490
13729,13,14,14839,560
13729,13,14,14099,630
13729,13,14,13729,700
13729,13,14,1,770
20035,13,14,20036,0
20035,13,14,1,70
20772,13,14,20778,0
20772,13,14,1,70
17439,13,14,20769,0
17439,13,14,20399,70
17439,13,14,20029,350
17439,13,14,19659,420
17439,13,14,19289,490
17439,13,14,18549,560
17439,13,14,18179,630
17439,13,14,17439,700
17439,13,14,1,770
12242,13,14,12245,0
12242,13,14,1,70
15584,13,14,19654,0
15584,13,14,18914,70
15584,13,14,18544,350
15584,13,14,18174,420
15584,13,14,17434,490
15584,13,14,17064,560
15584,13,14,16324,630
15584,13,14,15954,700
15584,13,14,15584,770
15584,13,14,1,840
14091,13,14,14470,0
14091,13,14,1,70
15955,13,14,20025,0
15955,13,14,19285,70
15955,13,14,18915,350
15955,13,14,18545,420
15955,13,14,17805,490
15955,13,14,17435,560
15955,13,14,17065,630
15955,13,14,16325,700
15955,13,14,15955,770
15955,13,14,1,840
22261,13,14,22262,0
22261,13,14,1,420
17064,13,14,17068,0
17064,13,14,1,70
14100,13,14,17800,0
14100,13,14,17060,70
14100,13,14,16690,350
14100,13,14,15950,420
14100,13,14,15580,490
14100,13,14,15210,560
14100,13,14,14470,630
14100,13,14,14100,700
14100,13,14,1,770
14837,13,14,14842,0
14837,13,14,1,70
21143,13,14,21149,0
21143,13,14,1,350
18179,13,14,18181,0
18179,13,14,1,70
12616,13,14,15946,0
12616,13,14,15206,70
12616,13,14,14836,350
12616,13,14,14466,420
12616,13,14,14096,490
12616,13,14,13356,560
12616,13,14,12986,630
12616,13,14,1,700
13353,13,14,13358,0
13353,13,14,1,70
19659,13,14,19665,0
19659,13,14,1,70
20396,13,14,20777,0
20396,13,14,20407,350
20396,13,14,1,420
10389,13,14,10390,0
10389,13,14,1,70
11126,13,14,11132,0
11126,13,14,1,70
16695,13,14,16697,0
16695,13,14,1,70
20028,13,14,20776,0
20028,13,14,20406,70
20028,13,14,20036,140
20028,13,14,1,350
20405,13,14,20407,0
20405,13,14,1,70
15577,13,14,15584,0
15577,13,14,1,70
20774,13,14,20778,0
20774,13,14,1,70
15948,13,14,15955,0
15948,13,14,1,70
18921,13,14,18923,0
18921,13,14,1,70
14093,13,14,14100,0
14093,13,14,1,70
19290,13,14,19294,0
19290,13,14,1,70
17066,13,14,17068,0
17066,13,14,1,70
10760,13,14,10761,0
10760,13,14,1,70
22632,13,14,22633,0
22632,13,14,1,420
18172,13,14,18921,0
18172,13,14,18181,70
18172,13,14,1,350
14839,13,14,14842,0
14839,13,14,1,70
18181,13,14,20771,0
18181,13,14,20401,420
18181,13,14,20031,490
18181,13,14,19291,560
18181,13,14,18921,630
18181,13,14,18551,700
18181,13,14,1,770
16697,13,14,20767,0
16697,13,14,20027,70
16697,13,14,19657,350
16697,13,14,19287,420
16697,13,14,18547,490
16697,13,14,18177,560
16697,13,14,17807,630
16697,13,14,17067,700
16697,13,14,16697,770
16697,13,14,1,840
17434,13,14,17439,0
17434,13,14,1,70
20767,13,14,20778,0
20767,13,14,1,350
11128,13,14,11132,0
11128,13,14,1,70
20776,13,14,20778,0
20776,13,14,1,70
11871,13,14,11874,0
11871,13,14,1,70
18914,13,14,19663,0
18914,13,14,18923,70
18914,13,14,1,350
15213,13,14,19283,0
15213,13,14,18543,70
15213,13,14,18173,350
15213,13,14,17433,420
15213,13,14,17063,490
15213,13,14,16323,560
15213,13,14,15953,630
15213,13,14,15583,700
15213,13,14,1,770
21519,13,14,21520,0
21519,13,14,1,70
15950,13,14,15955,0
15950,13,14,1,70
18923,13,14,21143,0
18923,13,14,20773,70
18923,13,14,20033,560
18923,13,14,19663,630
18923,13,14,19293,700
18923,13,14,1,770
12986,13,14,12987,0
12986,13,14,1,70
19292,13,14,19294,0
19292,13,14,1,70
14095,13,14,14100,0
14095,13,14,1,70
19283,13,14,20034,0
19283,13,14,19664,70
19283,13,14,19294,350
19283,13,14,1,420
14832,13,14,15952,0
14832,13,14,15212,70
14832,13,14,14842,350
14832,13,14,1,420
18174,13,14,18181,0
18174,13,14,1,70
12611,13,14,12616,0
12611,13,14,1,70
19654,13,14,20775,0
19654,13,14,20405,70
19654,13,14,20035,140
19654,13,14,19665,350
19654,13,14,1,420
16690,13,14,16697,0
16690,13,14,1,70
13357,13,14,13358,0
13357,13,14,1,70
19663,13,14,19665,0
19663,13,14,1,70
20400,13,14,20407,0
20400,13,14,1,70
20769,13,14,20778,0
20769,13,14,1,140
17436,13,14,17439,0
17436,13,14,1,70
11130,13,14,11132,0
11130,13,14,1,70
20778,13,14,21518,0
20778,13,14,21148,140
20778,13,14,20778,490
20778,13,14,1,770
15206,13,14,15213,0
15206,13,14,1,70
18916,13,14,18923,0
18916,13,14,1,70
12979,13,14,12987,0
12979,13,14,1,70
9646,13,14,9648,0
9646,13,14,1,70
15952,13,14,15955,0
15952,13,14,1,70
17061,13,14,17068,0
17061,13,14,1,70
21890,13,14,21891,0
21890,13,14,1,70
16321,13,14,16326,0
16321,13,14,1,70
19294,13,14,21144,0
19294,13,14,20774,350
19294,13,14,20404,560
19294,13,14,20034,630
19294,13,14,19664,700
19294,13,14,1,770
14834,13,14,15582,0
14834,13,14,14842,70
14834,13,14,1,350
19285,13,14,20034,0
19285,13,14,19294,70
19285,13,14,1,350
18545,13,14,18552,0
18545,13,14,1,70
18176,13,14,18181,0
18176,13,14,1,70
14468,13,14,14471,0
14468,13,14,1,70
17810,13,14,20770,0
17810,13,14,20400,420
17810,13,14,19660,490
17810,13,14,19290,560
17810,13,14,18550,630
17810,13,14,18180,700
17810,13,14,17810,770
17810,13,14,1,840
12613,13,14,12616,0
12613,13,14,1,70
19656,13,14,20405,0
19656,13,14,20035,70
19656,13,14,19665,140
19656,13,14,1,350
13350,13,14,13728,0
13350,13,14,13358,70
13350,13,14,1,350
10386,13,14,10390,0
10386,13,14,1,70
16692,13,14,16697,0
16692,13,14,1,70
17429,13,14,18549,0
17429,13,14,17809,70
17429,13,14,17439,350
17429,13,14,1,420
19665,13,14,21145,0
19665,13,14,20775,420
19665,13,14,20405,630
19665,13,14,20035,700
19665,13,14,1,770
13728,13,14,13729,0
13728,13,14,1,70
20034,13,14,20036,0
20034,13,14,1,70
11132,13,14,14832,0
11132,13,14,14462,70
11132,13,14,14092,350
11132,13,14,13352,420
11132,13,14,12982,490
11132,13,14,12242,560
11132,13,14,11872,630
11132,13,14,11502,700
11132,13,14,1,770
17438,13,14,17439,0
17438,13,14,1,70
20025,13,14,20776,0
20025,13,14,20406,140
20025,13,14,20036,350
20025,13,14,1,420
20771,13,14,20778,0
20771,13,14,1,70
11866,13,14,12244,0
11866,13,14,11874,70
11866,13,14,1,350
15208,13,14,15213,0
15208,13,14,1,70
15945,13,14,17435,0
15945,13,14,16695,70
15945,13,14,16325,350
15945,13,14,1,420
12244,13,14,12245,0
12244,13,14,1,70
18550,13,14,18552,0
18550,13,14,1,70
9648,13,14,13718,0
9648,13,14,12978,70
9648,13,14,12608,350
9648,13,14,11868,420
9648,13,14,11498,490
9648,13,14,11128,560
9648,13,14,10388,630
9648,13,14,10018,700
9648,13,14,1,770
15954,13,14,15955,0
15954,13,14,1,70
22260,13,14,22632,0
22260,13,14,22262,140
22260,13,14,1,560
12981,13,14,12987,0
12981,13,14,1,70
19287,13,14,19294,0
19287,13,14,1,70
14099,13,14,14100,0
14099,13,14,1,70
16323,13,14,16326,0
16323,13,14,1,70
18918,13,14,18923,0
18918,13,14,1,70
14090,13,14,14840,0
14090,13,14,14100,70
14090,13,14,1,350
14461,13,14,15211,0
14461,13,14,14471,70
14461,13,14,1,350
12606,13,14,13356,0
12606,13,14,12616,70
12606,13,14,1,350
14470,13,14,14471,0
14470,13,14,1,70
21145,13,14,21149,0
21145,13,14,1,140
12615,13,14,12616,0
12615,13,14,1,70
13352,13,14,13358,0
13352,13,14,1,70
10019,13,14,14089,0
10019,13,14,13349,70
10019,13,14,12979,350
10019,13,14,12239,420
10019,13,14,11869,490
10019,13,14,11499,560
10019,13,14,10759,630
10019,13,14,10389,700
10019,13,14,1,770
13721,13,14,14099,0
13721,13,14,1,70
20027,13,14,20776,0
20027,13,14,20406,70
20027,13,14,20036,140
20027,13,14,1,350
16694,13,14,16697,0
16694,13,14,1,70
17431,13,14,17809,0
17431,13,14,17439,70
17431,13,14,1,350
10388,13,14,10390,0
10388,13,14,1,70
19658,13,14,19665,0
19658,13,14,1,70
20036,13,14,21146,0
20036,13,14,20776,420
20036,13,14,20406,700
20036,13,14,1,770
20773,13,14,20778,0
20773,13,14,1,70
11868,13,14,11874,0
11868,13,14,1,70
18543,13,14,19292,0
18543,13,14,18552,70
18543,13,14,1,350
20407,13,14,21147,0
20407,13,14,20777,490
20407,13,14,20407,700
20407,13,14,1,770
15210,13,14,15213,0
15210,13,14,1,70
15579,13,14,15584,0
15579,13,14,1,70
18920,13,14,18923,0
18920,13,14,1,70
18552,13,14,20772,0
18552,13,14,20402,490
18552,13,14,19662,560
18552,13,14,19292,630
18552,13,14,18922,700
18552,13,14,1,770
19289,13,14,19294,0
19289,13,14,1,70
14092,13,14,14470,0
14092,13,14,1,70
22262,13,14,23002,0
22262,13,14,22632,420
22262,13,14,22262,700
22262,13,14,1,910
16325,13,14,16326,0
16325,13,14,1,70
22631,13,14,23003,0
22631,13,14,22633,140
22631,13,14,1,560
14463,13,14,14841,0
14463,13,14,1,70
17068,13,14,20768,0
17068,13,14,20028,70
17068,13,14,19658,350
17068,13,14,19288,420
17068,13,14,18918,490
17068,13,14,18178,560
17068,13,14,17808,630
17068,13,14,17068,700
17068,13,14,1,770
17805,13,14,17810,0
17805,13,14,1,70
12608,13,14,12616,0
12608,13,14,1,70
11499,13,14,11503,0
11499,13,14,1,70
14841,13,14,14842,0
14841,13,14,1,70
21147,13,14,21149,0
21147,13,14,1,70
13354,13,14,13358,0
13354,13,14,1,70
13723,13,14,13729,0
13723,13,14,1,70
10390,13,14,14090,0
10390,13,14,13720,70
10390,13,14,13350,350
10390,13,14,12610,420
10390,13,14,12240,490
10390,13,14,11500,560
10390,13,14,11130,630
10390,13,14,10760,700
10390,13,14,1,770
16696,13,14,16697,0
16696,13,14,1,70
20029,13,14,20036,0
20029,13,14,1,70
15203,13,14,16323,0
15203,13,14,15583,70
15203,13,14,15213,350
15203,13,14,1,420
12239,13,14,12245,0
12239,13,14,1,70
8906,13,14,12606,0
8906,13,14,11866,70
8906,13,14,11496,350
8906,13,14,11126,420
8906,13,14,10386,490
8906,13,14,10016,560
8906,13,14,9646,630
8906,13,14,8906,700
8906,13,14,1,770
1,14,15,1,0
15212,14,15,15213,0
15212,14,15,1,70
21518,14,15,21520,0
21518,14,15,1,350
15581,14,15,15584,0
15581,14,15,1,70
16318,14,15,17066,0
16318,14,15,16696,70
16318,14,15,16326,350
16318,14,15,1,420
12985,14,15,12987,0
12985,14,15,1,70
19291,14,15,19294,0
19291,14,15,1,70
22633,14,15,23373,0
22633,14,15,23003,420
22633,14,15,22633,700
22633,14,15,1,910
11501,14,15,11503,0
11501,14,15,1,70
17807,14,15,17810,0
17807,14,15,1,70
12610,14,15,12616,0
12610,14,15,1,70
21149,14,15,21889,0
21149,14,15,21519,140
21149,14,15,21149,490
21149,14,15,1,770
16689,14,15,17437,0
16689,14,15,16697,70
16689,14,15,1,350
13725,14,15,13729,0
13725,14,15,1,70
20031,14,15,20036,0
20031,14,15,1,70
15205,14,15,15953,0
15205,14,15,15213,70
15205,14,15,1,350
11872,14,15,11874,0
11872,14,15,1,70
15574,14,15,16694,0
15574,14,15,15954,70
15574,14,15,15584,350
15574,14,15,1,420
20402,14,15,20407,0
20402,14,15,1,70
18547,14,15,18552,0
18547,14,15,1,70
12978,14,15,12987,0
12978,14,15,1,70
21520,14,15,22260,0
21520,14,15,21890,140
21520,14,15,21520,490
21520,14,15,1,770
15951,14,15,15955,0
15951,14,15,1,70
21889,14,15,21891,0
21889,14,15,1,350
12987,14,15,16317,0
12987,14,15,15577,70
12987,14,15,15207,350
12987,14,15,14837,420
12987,14,15,14467,490
12987,14,15,13727,560
12987,14,15,13357,630
12987,14,15,1,700
15583,14,15,15584,0
15583,14,15,1,70
19293,14,15,19294,0
19293,14,15,1,70
17063,14,15,17068,0
17063,14,15,1,70
17800,14,15,18920,0
17800,14,15,18180,70
17800,14,15,17810,350
17800,14,15,1,420
14467,14,15,14471,0
14467,14,15,1,70
14836,14,15,14842,0
14836,14,15,1,70
11503,14,15,15203,0
11503,14,15,14463,70
11503,14,15,14093,350
11503,14,15,13723,420
11503,14,15,13353,490
11503,14,15,12613,560
11503,14,15,12243,630
11503,14,15,11503,700
11503,14,15,1,770
17809,14,15,17810,0
17809,14,15,1,70
18178,14,15,18181,0
18178,14,15,1,70
13718,14,15,14469,0
13718,14,15,13729,70
13718,14,15,1,350
13727,14,15,13729,0
13727,14,15,1,70
15207,14,15,15213,0
15207,14,15,1,70
11874,14,15,15574,0
11874,14,15,14834,70
11874,14,15,14464,350
11874,14,15,14094,420
11874,14,15,13354,490
11874,14,15,12984,560
11874,14,15,12614,630
11874,14,15,11874,700
11874,14,15,1,770
20404,14,15,20407,0
20404,14,15,1,70
12243,14,15,12245,0
12243,14,15,1,70
18549,14,15,18552,0
18549,14,15,1,70
19286,14,15,20034,0
19286,14,15,19294,70
19286,14,15,1,350
21891,14,15,22631,0
21891,14,15,22261,140
21891,14,15,21891,490
21891,14,15,1,770
10759,14,15,10761,0
10759,14,15,1,70
17065,14,15,17068,0
17065,14,15,1,70
17802,14,15,18550,0
17802,14,15,17810,70
17802,14,15,1,350
14469,14,15,14471,0
14469,14,15,1,70
18171,14,15,18921,0
18171,14,15,18551,70
18171,14,15,18181,350
18171,14,15,1,420
11496,14,15,11503,0
11496,14,15,1,70
21144,14,15,21149,0
21144,14,15,1,140
18180,14,15,18181,0
18180,14,15,1,70
13720,14,15,14099,0
13720,14,15,1,70
8906,14,15,12606,0
8906,14,15,11866,70
8906,14,15,11496,350
8906,14,15,11126,420
8906,14,15,10386,490
8906,14,15,10016,560
8906,14,15,9276,630
8906,14,15,8906,700
8906,14,15,1,770
19660,14,15,19665,0
19660,14,15,1,70
17433,14,15,17439,0
17433,14,15,1,70
18542,14,15,19292,0
18542,14,15,18922,70
18542,14,15,18552,350
18542,14,15,1,420
15209,14,15,15213,0
15209,14,15,1,70
15946,14,15,16695,0
15946,14,15,15955,70
15946,14,15,1,350
15578,14,15,15584,0
15578,14,15,1,70
12245,14,15,15575,0
12245,14,15,15205,70
12245,14,15,14835,350
12245,14,15,14095,420
12245,14,15,13725,490
12245,14,15,12985,560
12245,14,15,12615,630
12245,14,15,12245,700
12245,14,15,1,770
18551,14,15,18552,0
18551,14,15,1,70
20406,14,15,20407,0
20406,14,15,1,70
20775,14,15,20778,0
20775,14,15,1,70
12982,14,15,12987,0
12982,14,15,1,70
16324,14,15,16326,0
16324,14,15,1,70
19288,14,15,19294,0
19288,14,15,1,70
17058,14,15,17808,0
17058,14,15,17438,70
17058,14,15,17068,350
17058,14,15,1,420
18922,14,15,18923,0
18922,14,15,1,70
14462,14,15,14841,0
14462,14,15,1,70
14094,14,15,14100,0
14094,14,15,1,70
10761,14,15,14461,0
10761,14,15,13721,70
10761,14,15,13351,350
10761,14,15,12981,420
10761,14,15,12611,490
10761,14,15,11871,560
10761,14,15,11501,630
10761,14,15,10761,700
10761,14,15,1,770
17067,14,15,17068,0
17067,14,15,1,70
11498,14,15,11503,0
11498,14,15,1,70
14471,14,15,18171,0
14471,14,15,17431,70
14471,14,15,17061,350
14471,14,15,16321,420
14471,14,15,15951,490
14471,14,15,15211,560
14471,14,15,14841,630
14471,14,15,14471,700
14471,14,15,1,770
18173,14,15,18921,0
18173,14,15,18181,70
18173,14,15,1,350
14840,14,15,14842,0
14840,14,15,1,70
21146,14,15,21149,0
21146,14,15,1,70
13356,14,15,13358,0
13356,14,15,1,70
19662,14,15,19665,0
19662,14,15,1,70
20399,14,15,20777,0
20399,14,15,20407,70
20399,14,15,1,140
11869,14,15,11874,0
11869,14,15,1,70
20768,14,15,20778,0
20768,14,15,1,350
17435,14,15,17439,0
17435,14,15,1,70
18544,14,15,19292,0
18544,14,15,18552,70
18544,14,15,1,350
15211,14,15,15213,0
15211,14,15,1,70
20777,14,15,20778,0
20777,14,15,1,70
16317,14,15,17066,0
16317,14,15,16326,70
16317,14,15,1,350
12984,14,15,12987,0
12984,14,15,1,70
15580,14,15,15584,0
15580,14,15,1,70
16326,14,15,20396,0
16326,14,15,19656,70
16326,14,15,19286,350
16326,14,15,18916,420
16326,14,15,18176,490
16326,14,15,17806,560
16326,14,15,17436,630
16326,14,15,16696,700
16326,14,15,16326,770
16326,14,15,1,840
18915,14,15,19663,0
18915,14,15,18923,70
18915,14,15,1,350
17060,14,15,17438,0
17060,14,15,17068,70
17060,14,15,1,350
14464,14,15,14471,0
14464,14,15,1,70
14096,14,15,14100,0
14096,14,15,1,70
11500,14,15,11503,0
11500,14,15,1,70
17806,14,15,17810,0
17806,14,15,1,70
14842,14,15,18542,0
14842,14,15,18172,70
14842,14,15,17802,350
14842,14,15,17062,420
14842,14,15,16692,490
14842,14,15,15952,560
14842,14,15,15582,630
14842,14,15,15212,700
14842,14,15,1,770
21148,14,15,21149,0
21148,14,15,1,70
13349,14,15,13728,0
13349,14,15,13358,70
13349,14,15,1,350
10016,14,15,10019,0
10016,14,15,1,70
13358,14,15,17058,0
13358,14,15,16318,70
13358,14,15,15948,350
13358,14,15,15578,420
13358,14,15,14838,490
13358,14,15,14468,560
13358,14,15,14098,630
13358,14,15,13358,700
13358,14,15,1,770
19664,14,15,19665,0
19664,14,15,1,70
20401,14,15,20407,0
20401,14,15,1,70
20033,14,15,20036,0
20033,14,15,1,70
11131,14,15,11132,0
11131,14,15,1,70
17437,14,15,17439,0
17437,14,15,1,70
20770,14,15,20778,0
20770,14,15,1,140
12240,14,15,12245,0
12240,14,15,1,70
15582,14,15,15584,0
15582,14,15,1,70
16319,14,15,16326,0
16319,14,15,1,70
14089,14,15,14840,0
14089,14,15,14100,70
14089,14,15,1,350
15953,14,15,15955,0
15953,14,15,1,70
17062,14,15,17068,0
17062,14,15,1,70
14466,14,15,14471,0
14466,14,15,1,70
14098,14,15,14100,0
14098,14,15,1,70
14835,14,15,14842,0
14835,14,15,1,70
11502,14,15,11503,0
11502,14,15,1,70
17808,14,15,17810,0
17808,14,15,1,70
18177,14,15,18181,0
18177,14,15,1,70
12614,14,15,12616,0
12614,14,15,1,70
19657,14,15,20405,0
19657,14,15,19665,70
19657,14,15,1,350
10018,14,15,10019,0
10018,14,15,1,70
13729,14,15,17429,0
13729,14,15,16689,70
13729,14,15,16319,350
13729,14,15,15579,420
13729,14,15,15209,490
13729,14,15,14469,560
13729,14,15,14099,630
13729,14,15,13729,700
13729,14,15,1,770
20035,14,15,20036,0
20035,14,15,1,70
20772,14,15,20778,0
20772,14,15,1,70
17439,14,15,20769,0
17439,14,15,20399,70
17439,14,15,20029,350
17439,14,15,19659,420
17439,14,15,18919,490
17439,14,15,18549,560
17439,14,15,18179,630
17439,14,15,17439,700
17439,14,15,1,770
12242,14,15,12245,0
12242,14,15,1,70
15584,14,15,19654,0
15584,14,15,18914,70
15584,14,15,18544,350
15584,14,15,17804,420
15584,14,15,17434,490
15584,14,15,17064,560
15584,14,15,16324,630
15584,14,15,15954,700
15584,14,15,1,770
14091,14,15,14470,0
14091,14,15,1,70
15955,14,15,20025,0
15955,14,15,19285,70
15955,14,15,18915,350
15955,14,15,18545,420
15955,14,15,17805,490
15955,14,15,17435,560
15955,14,15,17065,630
15955,14,15,16325,700
15955,14,15,15955,770
15955,14,15,1,840
22261,14,15,22262,0
22261,14,15,1,420
17064,14,15,17068,0
17064,14,15,1,70
14100,14,15,17800,0
14100,14,15,17060,70
14100,14,15,16690,350
14100,14,15,15950,420
14100,14,15,15580,490
14100,14,15,14840,560
14100,14,15,14470,630
14100,14,15,14100,700
14100,14,15,1,770
14837,14,15,14842,0
14837,14,15,1,70
21143,14,15,21149,0
21143,14,15,1,350
18179,14,15,18181,0
18179,14,15,1,70
12616,14,15,15946,0
12616,14,15,15206,70
12616,14,15,14836,350
12616,14,15,14466,420
12616,14,15,14096,490
12616,14,15,13356,560
12616,14,15,12986,630
12616,14,15,1,700
13353,14,15,13358,0
13353,14,15,1,70
19659,14,15,19665,0
19659,14,15,1,70
20396,14,15,20777,0
20396,14,15,20407,350
20396,14,15,1,420
10389,14,15,10390,0
10389,14,15,1,70
16695,14,15,16697,0
16695,14,15,1,70
20028,14,15,20776,0
20028,14,15,20036,70
20028,14,15,1,350
11126,14,15,11132,0
11126,14,15,1,70
20405,14,15,20407,0
20405,14,15,1,70
15577,14,15,15584,0
15577,14,15,1,70
20774,14,15,20778,0
20774,14,15,1,70
15948,14,15,15955,0
15948,14,15,1,70
18921,14,15,18923,0
18921,14,15,1,70
14093,14,15,14100,0
14093,14,15,1,70
19290,14,15,19294,0
19290,14,15,1,70
17066,14,15,17068,0
17066,14,15,1,70
10760,14,15,10761,0
10760,14,15,1,70
22632,14,15,22633,0
22632,14,15,1,420
18172,14,15,18921,0
18172,14,15,18181,70
18172,14,15,1,350
14839,14,15,14842,0
14839,14,15,1,70
18181,14,15,20771,0
18181,14,15,20401,420
18181,14,15,20031,490
18181,14,15,19291,560
18181,14,15,18921,630
18181,14,15,18551,700
18181,14,15,1,770
16697,14,15,20767,0
16697,14,15,20027,70
16697,14,15,19657,350
16697,14,15,19287,420
16697,14,15,18547,490
16697,14,15,18177,560
16697,14,15,17437,630
16697,14,15,17067,700
16697,14,15,16697,770
16697,14,15,1,840
17434,14,15,17439,0
17434,14,15,1,70
20767,14,15,20778,0
20767,14,15,1,350
11128,14,15,11132,0
11128,14,15,1,70
23003,14,15,23004,0
23003,14,15,1,420
20776,14,15,20778,0
20776,14,15,1,70
11871,14,15,11874,0
11871,14,15,1,70
18914,14,15,19663,0
18914,14,15,18923,70
18914,14,15,1,350
15213,14,15,19283,0
15213,14,15,18543,70
15213,14,15,18173,350
15213,14,15,17433,420
15213,14,15,17063,490
15213,14,15,16323,560
15213,14,15,15953,630
15213,14,15,15583,700
15213,14,15,1,770
21519,14,15,21520,0
21519,14,15,1,70
15950,14,15,15955,0
15950,14,15,1,70
18923,14,15,21143,0
18923,14,15,20773,70
18923,14,15,20033,560
18923,14,15,19663,630
18923,14,15,19293,700
18923,14,15,1,770
12986,14,15,12987,0
12986,14,15,1,70
19292,14,15,19294,0
19292,14,15,1,70
14095,14,15,14100,0
14095,14,15,1,70
19283,14,15,20034,0
19283,14,15,19664,70
19283,14,15,19294,350
19283,14,15,1,420
14832,14,15,15952,0
14832,14,15,15212,70
14832,14,15,14842,350
14832,14,15,1,420
18174,14,15,18181,0
18174,14,15,1,70
12611,14,15,12616,0
12611,14,15,1,70
19654,14,15,20775,0
19654,14,15,20405,70
19654,14,15,20035,140
19654,14,15,19665,350
19654,14,15,1,420
16690,14,15,16697,0
16690,14,15,1,70
13357,14,15,13358,0
13357,14,15,1,70
19663,14,15,19665,0
19663,14,15,1,70
20400,14,15,20407,0
20400,14,15,1,70
20769,14,15,20778,0
20769,14,15,1,140
17436,14,15,17439,0
17436,14,15,1,70
11130,14,15,11132,0
11130,14,15,1,70
20778,14,15,21518,0
20778,14,15,21148,70
20778,14,15,20778,490
20778,14,15,1,770
15206,14,15,15213,0
15206,14,15,1,70
18916,14,15,18923,0
18916,14,15,1,70
12979,14,15,12987,0
12979,14,15,1,70
19285,14,15,20034,0
19285,14,15,19294,70
19285,14,15,1,350
15952,14,15,15955,0
15952,14,15,1,70
17061,14,15,17068,0
17061,14,15,1,70
21890,14,15,21891,0
21890,14,15,1,70
16321,14,15,16326,0
16321,14,15,1,70
19294,14,15,21144,0
19294,14,15,20774,350
19294,14,15,20404,560
19294,14,15,20034,630
19294,14,15,19664,700
19294,14,15,1,770
14834,14,15,15582,0
14834,14,15,14842,70
14834,14,15,1,350
9646,14,15,9648,0
9646,14,15,1,70
18176,14,15,18181,0
18176,14,15,1,70
14468,14,15,14471,0
14468,14,15,1,70
17810,14,15,20770,0
17810,14,15,20400,420
17810,14,15,19660,490
17810,14,15,19290,560
17810,14,15,18550,630
17810,14,15,18180,700
17810,14,15,17810,770
17810,14,15,1,840
12613,14,15,12616,0
12613,14,15,1,70
19656,14,15,20405,0
19656,14,15,19665,70
19656,14,15,1,350
13350,14,15,13728,0
13350,14,15,13358,70
13350,14,15,1,350
20025,14,15,20776,0
20025,14,15,20406,140
20025,14,15,20036,350
20025,14,15,1,420
16692,14,15,16697,0
16692,14,15,1,70
17429,14,15,18179,0
17429,14,15,17809,70
17429,14,15,17439,350
17429,14,15,1,420
19665,14,15,21145,0
19665,14,15,20775,420
19665,14,15,20405,630
19665,14,15,20035,700
19665,14,15,1,770
13728,14,15,13729,0
13728,14,15,1,70
20034,14,15,20036,0
20034,14,15,1,70
11132,14,15,14832,0
11132,14,15,14092,70
11132,14,15,13722,350
11132,14,15,13352,420
11132,14,15,12982,490
11132,14,15,12242,560
11132,14,15,11872,630
11132,14,15,11132,700
11132,14,15,1,770
17438,14,15,17439,0
17438,14,15,1,70
20771,14,15,20778,0
20771,14,15,1,70
10386,14,15,10390,0
10386,14,15,1,70
11866,14,15,12244,0
11866,14,15,1,70
15208,14,15,15213,0
15208,14,15,1,70
15945,14,15,17065,0
15945,14,15,16695,70
15945,14,15,16325,350
15945,14,15,1,420
12244,14,15,12245,0
12244,14,15,1,70
18550,14,15,18552,0
18550,14,15,1,70
12981,14,15,12987,0
12981,14,15,1,70
15954,14,15,15955,0
15954,14,15,1,70
22260,14,15,22632,0
22260,14,15,22262,140
22260,14,15,1,560
19287,14,15,19294,0
19287,14,15,1,70
16323,14,15,16326,0
16323,14,15,1,70
14099,14,15,14100,0
14099,14,15,1,70
9648,14,15,13718,0
9648,14,15,12978,70
9648,14,15,12608,350
9648,14,15,11868,420
9648,14,15,11498,490
9648,14,15,11128,560
9648,14,15,10388,630
9648,14,15,10018,700
9648,14,15,1,770
18918,14,15,18923,0
18918,14,15,1,70
14090,14,15,14840,0
14090,14,15,14100,70
14090,14,15,1,350
14461,14,15,15211,0
14461,14,15,14471,70
14461,14,15,1,350
12606,14,15,12986,0
12606,14,15,12616,70
12606,14,15,1,350
14470,14,15,14471,0
14470,14,15,1,70
21145,14,15,21149,0
21145,14,15,1,140
12615,14,15,12616,0
12615,14,15,1,70
13352,14,15,13358,0
13352,14,15,1,70
10019,14,15,14089,0
10019,14,15,13349,70
10019,14,15,12979,350
10019,14,15,12239,420
10019,14,15,11869,490
10019,14,15,11499,560
10019,14,15,10759,630
10019,14,15,10389,700
10019,14,15,1,770
13721,14,15,14099,0
13721,14,15,1,70
20027,14,15,20776,0
20027,14,15,20036,70
20027,14,15,1,350
16694,14,15,16697,0
16694,14,15,1,70
17431,14,15,17809,0
17431,14,15,17439,70
17431,14,15,1,350
10388,14,15,10390,0
10388,14,15,1,70
19658,14,15,19665,0
19658,14,15,1,70
20036,14,15,21146,0
20036,14,15,20776,420
20036,14,15,20406,700
20036,14,15,1,770
20773,14,15,20778,0
20773,14,15,1,70
11868,14,15,11874,0
11868,14,15,1,70
18543,14,15,19292,0
18543,14,15,18552,70
18543,14,15,1,350
20407,14,15,21147,0
20407,14,15,20777,490
20407,14,15,20407,700
20407,14,15,1,770
15210,14,15,15213,0
15210,14,15,1,70
15579,14,15,15584,0
15579,14,15,1,70
18920,14,15,18923,0
18920,14,15,1,70
18552,14,15,20772,0
18552,14,15,20402,490
18552,14,15,19662,560
18552,14,15,19292,630
18552,14,15,18922,700
18552,14,15,1,770
19289,14,15,19294,0
19289,14,15,1,70
14092,14,15,14470,0
14092,14,15,1,70
22262,14,15,23002,0
22262,14,15,22632,420
22262,14,15,22262,700
22262,14,15,1,910
16325,14,15,16326,0
16325,14,15,1,70
22631,14,15,23003,0
22631,14,15,22633,140
22631,14,15,1,560
14463,14,15,14841,0
14463,14,15,1,70
23002,14,15,23374,0
23002,14,15,23004,350
23002,14,15,1,560
17068,14,15,20768,0
17068,14,15,20028,70
17068,14,15,19658,350
17068,14,15,19288,420
17068,14,15,18548,490
17068,14,15,18178,560
17068,14,15,17808,630
17068,14,15,17068,700
17068,14,15,1,770
17805,14,15,17810,0
17805,14,15,1,70
12608,14,15,12616,0
12608,14,15,1,70
11499,14,15,11503,0
11499,14,15,1,70
14841,14,15,14842,0
14841,14,15,1,70
21147,14,15,21149,0
21147,14,15,1,70
13354,14,15,13358,0
13354,14,15,1,70
13723,14,15,13729,0
13723,14,15,1,70
20029,14,15,20036,0
20029,14,15,1,70
16696,14,15,16697,0
16696,14,15,1,70
10390,14,15,14090,0
10390,14,15,13720,70
10390,14,15,13350,350
10390,14,15,12610,420
10390,14,15,12240,490
10390,14,15,11500,560
10390,14,15,11130,630
10390,14,15,10760,700
10390,14,15,1,770
15203,14,15,16323,0
15203,14,15,15583,70
15203,14,15,15213,350
15203,14,15,1,420
12239,14,15,12245,0
12239,14,15,1,70
18545,14,15,18552,0
18545,14,15,1,70
