21149,1,2,22999,0
21149,1,2,22629,490
21149,1,2,22259,700
21149,1,2,21889,980
21149,1,2,21519,1190
21149,1,2,21149,1470
21889,2,3,23741,0
21889,2,3,23371,280
21889,2,3,23001,560
21889,2,3,22631,770
21889,2,3,22261,1050
21889,2,3,21891,1260
22629,2,3,25593,0
22629,2,3,25223,210
22629,2,3,24853,420
22629,2,3,24483,700
22629,2,3,24113,980
22629,2,3,23743,1190
22629,2,3,23373,1470
22999,2,3,25594,0
22999,2,3,25224,350
22999,2,3,24854,630
22999,2,3,24484,840
22999,2,3,24114,1120
22999,2,3,23744,1330
21149,2,3,23369,0
21149,2,3,22999,420
21149,2,3,22629,700
21149,2,3,22259,980
21149,2,3,21889,1190
21149,2,3,21519,1470
21519,2,3,23000,0
21519,2,3,22630,280
21519,2,3,22260,490
21519,2,3,21890,770
21519,2,3,21520,1050
21519,2,3,1,1260
22259,2,3,24852,0
22259,2,3,24482,420
22259,2,3,24112,630
22259,2,3,23742,910
22259,2,3,23372,1190
22259,2,3,23002,1400
24854,3,4,27449,0
24854,3,4,27079,280
24854,3,4,26709,560
24854,3,4,26339,770
24854,3,4,25969,1050
24854,3,4,25599,1260
22630,3,4,25223,0
22630,3,4,24853,350
22630,3,4,24483,630
22630,3,4,24113,840
22630,3,4,23743,1120
22630,3,4,23373,1330
21890,3,4,23371,0
21890,3,4,23001,350
21890,3,4,22631,490
21890,3,4,22261,700
21890,3,4,21891,980
21890,3,4,1,1260
25594,3,4,27821,0
25594,3,4,27451,210
25594,3,4,27081,490
25594,3,4,26711,700
25594,3,4,26341,980
25594,3,4,25971,1260
25594,3,4,25601,1470
22261,3,4,23742,0
22261,3,4,23372,350
22261,3,4,23002,490
22261,3,4,22632,770
22261,3,4,22262,980
22261,3,4,1,1260
24113,3,4,26707,0
24113,3,4,26337,350
24113,3,4,25967,630
24113,3,4,25597,840
24113,3,4,25227,1120
24113,3,4,24857,1400
24482,3,4,27078,0
24482,3,4,26708,210
24482,3,4,26338,560
24482,3,4,25968,840
24482,3,4,25598,1050
24482,3,4,25228,1330
23373,3,4,25225,0
23373,3,4,24855,350
23373,3,4,24485,490
23373,3,4,24115,770
23373,3,4,23745,1050
23373,3,4,23375,1260
23001,3,4,25594,0
23001,3,4,25224,350
23001,3,4,24854,560
23001,3,4,24484,840
23001,3,4,24114,1050
23001,3,4,23744,1330
23741,3,4,26336,0
23741,3,4,25966,280
23741,3,4,25596,560
23741,3,4,25226,840
23741,3,4,24856,1050
23741,3,4,24486,1330
23744,3,4,25596,0
23744,3,4,25226,350
23744,3,4,24856,560
23744,3,4,24486,770
23744,3,4,24116,1050
23744,3,4,23746,1260
24853,3,4,27449,0
24853,3,4,27079,210
24853,3,4,26709,560
24853,3,4,26339,770
24853,3,4,25969,1050
24853,3,4,25599,1260
21520,3,4,23740,0
21520,3,4,23370,490
21520,3,4,23000,700
21520,3,4,22630,980
21520,3,4,22260,1190
21520,3,4,21890,1470
21889,3,4,23741,0
21889,3,4,23371,350
21889,3,4,23001,490
21889,3,4,22631,770
21889,3,4,22261,1050
21889,3,4,21891,1260
25593,3,4,27821,0
25593,3,4,27451,210
25593,3,4,27081,490
25593,3,4,26711,700
25593,3,4,26341,980
25593,3,4,25971,1260
25593,3,4,25601,1470
22260,3,4,24112,0
22260,3,4,23742,350
22260,3,4,23372,560
22260,3,4,23002,840
22260,3,4,22632,1050
22260,3,4,22262,1330
22629,3,4,25223,0
22629,3,4,24853,420
22629,3,4,24483,630
22629,3,4,24113,910
22629,3,4,23743,1120
22629,3,4,23373,1400
24112,3,4,26707,0
24112,3,4,26337,280
24112,3,4,25967,560
24112,3,4,25597,770
24112,3,4,25227,1050
24112,3,4,24857,1330
24484,3,4,27078,0
24484,3,4,26708,350
24484,3,4,26338,630
24484,3,4,25968,910
24484,3,4,25598,1120
24484,3,4,25228,1400
25224,3,4,27820,0
25224,3,4,27450,210
25224,3,4,27080,490
25224,3,4,26710,770
25224,3,4,26340,980
25224,3,4,25970,1260
23000,3,4,25594,0
23000,3,4,25224,350
23000,3,4,24854,630
23000,3,4,24484,840
23000,3,4,24114,1120
23000,3,4,23744,1400
23369,3,4,25965,0
23369,3,4,25595,210
23369,3,4,25225,560
23369,3,4,24855,840
23369,3,4,24485,1050
23369,3,4,24115,1330
23372,3,4,25965,0
23372,3,4,25595,350
23372,3,4,25225,560
23372,3,4,24855,840
23372,3,4,24485,1050
23372,3,4,24115,1330
23743,3,4,26336,0
23743,3,4,25966,350
23743,3,4,25596,560
23743,3,4,25226,840
23743,3,4,24856,1120
23743,3,4,24486,1330
21891,3,4,24111,0
21891,3,4,23741,420
21891,3,4,23371,700
21891,3,4,23001,910
21891,3,4,22631,1190
21891,3,4,22261,1400
21519,3,4,23000,0
21519,3,4,22630,350
21519,3,4,22260,490
21519,3,4,21890,770
21519,3,4,21520,1050
21519,3,4,1,1260
24852,3,4,27079,0
24852,3,4,26709,210
24852,3,4,26339,490
24852,3,4,25969,770
24852,3,4,25599,1050
24852,3,4,25229,1260
22631,3,4,24483,0
22631,3,4,24113,350
22631,3,4,23743,560
22631,3,4,23373,840
22631,3,4,23003,1050
22631,3,4,22633,1330
22259,3,4,24852,0
22259,3,4,24482,350
22259,3,4,24112,630
22259,3,4,23742,840
22259,3,4,23372,1120
22259,3,4,23002,1330
24483,3,4,27078,0
24483,3,4,26708,280
24483,3,4,26338,560
24483,3,4,25968,770
24483,3,4,25598,1050
24483,3,4,25228,1330
25223,3,4,27450,0
25223,3,4,27080,210
25223,3,4,26710,490
25223,3,4,26340,770
25223,3,4,25970,980
25223,3,4,25600,1260
25223,3,4,25230,1470
24114,3,4,26707,0
24114,3,4,26337,350
24114,3,4,25967,560
24114,3,4,25597,840
24114,3,4,25227,1120
24114,3,4,24857,1330
23371,3,4,25965,0
23371,3,4,25595,350
23371,3,4,25225,630
23371,3,4,24855,840
23371,3,4,24485,1120
23371,3,4,24115,1400
22999,3,4,25594,0
22999,3,4,25224,280
22999,3,4,24854,560
22999,3,4,24484,840
22999,3,4,24114,1050
22999,3,4,23744,1330
23742,3,4,26336,0
23742,3,4,25966,350
23742,3,4,25596,630
23742,3,4,25226,840
23742,3,4,24856,1120
23742,3,4,24486,1400
23002,3,4,24854,0
23002,3,4,24484,350
23002,3,4,24114,560
23002,3,4,23744,770
23002,3,4,23374,1050
23002,3,4,23004,1260
25597,4,5,28191,0
25597,4,5,27821,280
25597,4,5,27451,560
25597,4,5,27081,840
25597,4,5,26711,1050
25597,4,5,26341,1330
25966,4,5,28562,0
25966,4,5,28192,210
25966,4,5,27822,490
25966,4,5,27452,770
25966,4,5,27082,1050
25966,4,5,26712,1260
22633,4,5,24853,0
22633,4,5,24483,490
22633,4,5,24113,700
22633,4,5,23743,980
22633,4,5,23373,1190
22633,4,5,23003,1470
24113,4,5,26707,0
24113,4,5,26337,350
24113,4,5,25967,630
24113,4,5,25597,840
24113,4,5,25227,1120
24113,4,5,24857,1400
24482,4,5,27078,0
24482,4,5,26708,210
24482,4,5,26338,560
24482,4,5,25968,840
24482,4,5,25598,1050
24482,4,5,25228,1330
25228,4,5,27080,0
25228,4,5,26710,280
25228,4,5,26340,420
25228,4,5,25970,700
25228,4,5,25600,980
25228,4,5,25230,1190
25228,4,5,1,1470
23373,4,5,25225,0
23373,4,5,24855,350
23373,4,5,24485,560
23373,4,5,24115,770
23373,4,5,23745,1050
23373,4,5,23375,1260
26708,4,5,29304,0
26708,4,5,28934,210
26708,4,5,28564,490
26708,4,5,28194,770
26708,4,5,27824,980
26708,4,5,27454,1260
26708,4,5,27084,1470
23744,4,5,25596,0
23744,4,5,25226,350
23744,4,5,24856,490
23744,4,5,24486,770
23744,4,5,24116,1050
23744,4,5,23746,1260
24853,4,5,27449,0
24853,4,5,27079,210
24853,4,5,26709,560
24853,4,5,26339,770
24853,4,5,25969,1050
24853,4,5,25599,1260
21520,4,5,23740,0
21520,4,5,23370,490
21520,4,5,23000,700
21520,4,5,22630,980
21520,4,5,22260,1190
21520,4,5,21890,1470
25968,4,5,28562,0
25968,4,5,28192,280
25968,4,5,27822,560
25968,4,5,27452,840
25968,4,5,27082,1050
25968,4,5,26712,1330
24115,4,5,25967,0
24115,4,5,25597,350
24115,4,5,25227,490
24115,4,5,24857,770
24115,4,5,24487,1050
24115,4,5,24117,1260
24484,4,5,27078,0
24484,4,5,26708,350
24484,4,5,26338,630
24484,4,5,25968,910
24484,4,5,25598,1120
24484,4,5,25228,1400
25230,4,5,27450,0
25230,4,5,27080,420
25230,4,5,26710,630
25230,4,5,26340,840
25230,4,5,25970,1120
25230,4,5,25600,1330
23375,4,5,25595,0
23375,4,5,25225,420
23375,4,5,24855,700
23375,4,5,24485,910
23375,4,5,24115,1190
23375,4,5,23745,1470
26710,4,5,29304,0
26710,4,5,28934,280
26710,4,5,28564,560
26710,4,5,28194,840
26710,4,5,27824,1050
26710,4,5,27454,1330
27079,4,5,29675,0
27079,4,5,29305,210
27079,4,5,28935,490
27079,4,5,28565,770
27079,4,5,28195,980
27079,4,5,27825,1260
27079,4,5,27455,1470
23746,4,5,25966,0
23746,4,5,25596,420
23746,4,5,25226,630
23746,4,5,24856,910
23746,4,5,24486,1190
23746,4,5,24116,1400
24855,4,5,27449,0
24855,4,5,27079,350
24855,4,5,26709,630
24855,4,5,26339,840
24855,4,5,25969,1120
24855,4,5,25599,1330
21891,4,5,24111,0
21891,4,5,23741,420
21891,4,5,23371,630
21891,4,5,23001,910
21891,4,5,22631,1120
21891,4,5,22261,1400
25970,4,5,27822,0
25970,4,5,27452,280
25970,4,5,27082,490
25970,4,5,26712,700
25970,4,5,26342,980
25970,4,5,25972,1190
25970,4,5,1,1470
27450,4,5,30046,0
27450,4,5,29676,210
27450,4,5,29306,490
27450,4,5,28936,770
27450,4,5,28566,980
27450,4,5,28196,1260
27450,4,5,27826,1470
24486,4,5,26338,0
24486,4,5,25968,350
24486,4,5,25598,490
24486,4,5,25228,770
24486,4,5,24858,1050
24486,4,5,24488,1260
25223,4,5,27450,0
25223,4,5,27080,210
25223,4,5,26710,490
25223,4,5,26340,770
25223,4,5,25970,980
25223,4,5,25600,1260
25223,4,5,25230,1470
23002,4,5,24854,0
23002,4,5,24484,350
23002,4,5,24114,560
23002,4,5,23744,770
23002,4,5,23374,1050
23002,4,5,23004,1260
27081,4,5,29675,0
27081,4,5,29305,280
27081,4,5,28935,560
27081,4,5,28565,840
27081,4,5,28195,1050
27081,4,5,27825,1330
24857,4,5,26709,0
24857,4,5,26339,350
24857,4,5,25969,490
24857,4,5,25599,770
24857,4,5,25229,1050
24857,4,5,24859,1260
22630,4,5,25223,0
22630,4,5,24853,350
22630,4,5,24483,630
22630,4,5,24113,840
22630,4,5,23743,1120
22630,4,5,23373,1330
27821,4,5,30417,0
27821,4,5,30047,210
27821,4,5,29677,490
27821,4,5,29307,700
27821,4,5,28937,980
27821,4,5,28567,1260
27821,4,5,28197,1470
25225,4,5,27820,0
25225,4,5,27450,280
25225,4,5,27080,490
25225,4,5,26710,770
25225,4,5,26340,980
25225,4,5,25970,1260
25225,4,5,25600,1470
26337,4,5,28933,0
26337,4,5,28563,210
26337,4,5,28193,490
26337,4,5,27823,770
26337,4,5,27453,1050
26337,4,5,27083,1260
23004,4,5,25224,0
23004,4,5,24854,420
23004,4,5,24484,700
23004,4,5,24114,910
23004,4,5,23744,1190
23004,4,5,23374,1470
23741,4,5,26336,0
23741,4,5,25966,280
23741,4,5,25596,560
23741,4,5,25226,840
23741,4,5,24856,1050
23741,4,5,24486,1330
25965,4,5,28192,0
25965,4,5,27822,210
25965,4,5,27452,490
25965,4,5,27082,770
25965,4,5,26712,980
25965,4,5,26342,1260
25965,4,5,25972,1470
25599,4,5,27451,0
25599,4,5,27081,280
25599,4,5,26711,490
25599,4,5,26341,700
25599,4,5,25971,980
25599,4,5,25601,1190
25599,4,5,1,1470
24112,4,5,26707,0
24112,4,5,26337,280
24112,4,5,25967,560
24112,4,5,25597,770
24112,4,5,25227,1050
24112,4,5,24857,1330
25227,4,5,27820,0
25227,4,5,27450,350
25227,4,5,27080,490
25227,4,5,26710,770
25227,4,5,26340,1050
25227,4,5,25970,1260
26707,4,5,28934,0
26707,4,5,28564,210
26707,4,5,28194,490
26707,4,5,27824,770
26707,4,5,27454,980
26707,4,5,27084,1260
26339,4,5,28933,0
26339,4,5,28563,280
26339,4,5,28193,560
26339,4,5,27823,840
26339,4,5,27453,1050
26339,4,5,27083,1330
23743,4,5,26336,0
23743,4,5,25966,350
23743,4,5,25596,560
23743,4,5,25226,840
23743,4,5,24856,1120
23743,4,5,24486,1330
25601,4,5,27821,0
25601,4,5,27451,420
25601,4,5,27081,560
25601,4,5,26711,840
25601,4,5,26341,1120
25601,4,5,25971,1330
24483,4,5,27078,0
24483,4,5,26708,280
24483,4,5,26338,560
24483,4,5,25968,770
24483,4,5,25598,1050
24483,4,5,25228,1330
26709,4,5,29304,0
26709,4,5,28934,280
26709,4,5,28564,490
26709,4,5,28194,770
26709,4,5,27824,980
26709,4,5,27454,1260
26709,4,5,27084,1470
26341,4,5,28193,0
26341,4,5,27823,280
26341,4,5,27453,490
26341,4,5,27083,700
26341,4,5,26713,980
26341,4,5,26343,1190
26341,4,5,1,1470
27078,4,5,29305,0
27078,4,5,28935,210
27078,4,5,28565,490
27078,4,5,28195,770
27078,4,5,27825,980
27078,4,5,27455,1260
27078,4,5,27085,1470
23745,4,5,25226,0
23745,4,5,24856,280
23745,4,5,24486,490
23745,4,5,24116,700
23745,4,5,23746,980
23745,4,5,1,1190
25594,4,5,27821,0
25594,4,5,27451,210
25594,4,5,27081,490
25594,4,5,26711,700
25594,4,5,26341,980
25594,4,5,25971,1260
25594,4,5,25601,1470
22261,4,5,23742,0
22261,4,5,23372,350
22261,4,5,23002,490
22261,4,5,22632,770
22261,4,5,22262,980
22261,4,5,1,1260
24485,4,5,27078,0
24485,4,5,26708,350
24485,4,5,26338,560
24485,4,5,25968,840
24485,4,5,25598,1120
24485,4,5,25228,1330
23001,4,5,25594,0
23001,4,5,25224,350
23001,4,5,24854,560
23001,4,5,24484,840
23001,4,5,24114,1050
23001,4,5,23744,1330
23370,4,5,25965,0
23370,4,5,25595,280
23370,4,5,25225,560
23370,4,5,24855,840
23370,4,5,24485,1050
23370,4,5,24115,1330
27080,4,5,29675,0
27080,4,5,29305,280
27080,4,5,28935,490
27080,4,5,28565,700
27080,4,5,28195,980
27080,4,5,27825,1260
27080,4,5,27455,1470
25596,4,5,28191,0
25596,4,5,27821,280
25596,4,5,27451,490
25596,4,5,27081,770
25596,4,5,26711,980
25596,4,5,26341,1260
25596,4,5,25971,1470
22632,4,5,24113,0
22632,4,5,23743,350
22632,4,5,23373,560
22632,4,5,23003,770
22632,4,5,22633,1050
22632,4,5,1,1260
27820,4,5,29677,0
27820,4,5,29307,420
27820,4,5,28937,700
27820,4,5,28567,910
27820,4,5,28197,1190
27820,4,5,27827,1400
26336,4,5,28563,0
26336,4,5,28193,210
26336,4,5,27823,490
26336,4,5,27453,770
26336,4,5,27083,980
26336,4,5,26713,1260
26336,4,5,26343,1470
23003,4,5,24484,0
23003,4,5,24114,350
23003,4,5,23744,490
23003,4,5,23374,770
23003,4,5,23004,980
23003,4,5,1,1260
23740,4,5,26336,0
23740,4,5,25966,210
23740,4,5,25596,560
23740,4,5,25226,840
23740,4,5,24856,1050
23740,4,5,24486,1330
23372,4,5,25965,0
23372,4,5,25595,350
23372,4,5,25225,560
23372,4,5,24855,840
23372,4,5,24485,1050
23372,4,5,24115,1330
24852,4,5,27079,0
24852,4,5,26709,210
24852,4,5,26339,490
24852,4,5,25969,770
24852,4,5,25599,1050
24852,4,5,25229,1260
25598,4,5,28191,0
25598,4,5,27821,350
25598,4,5,27451,490
25598,4,5,27081,770
25598,4,5,26711,1050
25598,4,5,26341,1260
25967,4,5,28562,0
25967,4,5,28192,280
25967,4,5,27822,490
25967,4,5,27452,770
25967,4,5,27082,980
25967,4,5,26712,1260
25967,4,5,26342,1470
24114,4,5,26707,0
24114,4,5,26337,350
24114,4,5,25967,560
24114,4,5,25597,840
24114,4,5,25227,1120
24114,4,5,24857,1330
25229,4,5,26340,0
25229,4,5,25970,420
25229,4,5,25600,630
25229,4,5,25230,910
25229,4,5,1,1120
26338,4,5,28933,0
26338,4,5,28563,280
26338,4,5,28193,490
26338,4,5,27823,770
26338,4,5,27453,980
26338,4,5,27083,1260
26338,4,5,26713,1470
23742,4,5,26336,0
23742,4,5,25966,350
23742,4,5,25596,630
23742,4,5,25226,840
23742,4,5,24856,1120
23742,4,5,24486,1400
23374,4,5,24855,0
23374,4,5,24485,350
23374,4,5,24115,490
23374,4,5,23745,700
23374,4,5,23375,980
23374,4,5,1,1260
24854,4,5,27449,0
24854,4,5,27079,280
24854,4,5,26709,560
24854,4,5,26339,770
24854,4,5,25969,1050
24854,4,5,25599,1260
21890,4,5,23371,0
21890,4,5,23001,350
21890,4,5,22631,490
21890,4,5,22261,700
21890,4,5,21891,980
21890,4,5,1,1190
25600,4,5,26711,0
25600,4,5,26341,420
25600,4,5,25971,630
25600,4,5,25601,910
25600,4,5,1,1120
25969,4,5,28562,0
25969,4,5,28192,350
25969,4,5,27822,560
25969,4,5,27452,770
25969,4,5,27082,1050
25969,4,5,26712,1260
27449,4,5,29676,0
27449,4,5,29306,210
27449,4,5,28936,490
27449,4,5,28566,770
27449,4,5,28196,980
27449,4,5,27826,1260
27449,4,5,27456,1470
24116,4,5,25597,0
24116,4,5,25227,280
24116,4,5,24857,490
24116,4,5,24487,700
24116,4,5,24117,980
24116,4,5,1,1190
26340,4,5,28933,0
26340,4,5,28563,350
26340,4,5,28193,560
26340,4,5,27823,770
26340,4,5,27453,1050
26340,4,5,27083,1260
26711,4,5,29304,0
26711,4,5,28934,350
26711,4,5,28564,490
26711,4,5,28194,770
26711,4,5,27824,1050
26711,4,5,27454,1260
24856,4,5,27449,0
24856,4,5,27079,350
24856,4,5,26709,560
24856,4,5,26339,840
24856,4,5,25969,1050
24856,4,5,25599,1330
22260,4,5,24112,0
22260,4,5,23742,350
22260,4,5,23372,560
22260,4,5,23002,840
22260,4,5,22632,1050
22260,4,5,22262,1330
25971,4,5,27082,0
25971,4,5,26712,420
25971,4,5,26342,630
25971,4,5,25972,910
25971,4,5,1,1190
27451,4,5,30046,0
27451,4,5,29676,210
27451,4,5,29306,490
27451,4,5,28936,700
27451,4,5,28566,980
27451,4,5,28196,1260
27451,4,5,27826,1470
25224,4,5,27820,0
25224,4,5,27450,210
25224,4,5,27080,490
25224,4,5,26710,770
25224,4,5,26340,980
25224,4,5,25970,1260
23000,4,5,25594,0
23000,4,5,25224,350
23000,4,5,24854,630
23000,4,5,24484,840
23000,4,5,24114,1120
23000,4,5,23744,1400
25595,4,5,28191,0
25595,4,5,27821,210
25595,4,5,27451,490
25595,4,5,27081,770
25595,4,5,26711,980
25595,4,5,26341,1260
25595,4,5,25971,1470
22262,4,5,24482,0
22262,4,5,24112,490
22262,4,5,23742,700
22262,4,5,23372,980
22262,4,5,23002,1190
22262,4,5,22632,1470
22631,4,5,24483,0
22631,4,5,24113,350
22631,4,5,23743,560
22631,4,5,23373,840
22631,4,5,23003,1050
22631,4,5,22633,1330
24111,4,5,26707,0
24111,4,5,26337,210
24111,4,5,25967,560
24111,4,5,25597,840
24111,4,5,25227,1050
24111,4,5,24857,1330
25226,4,5,27820,0
25226,4,5,27450,280
25226,4,5,27080,560
25226,4,5,26710,840
25226,4,5,26340,1050
25226,4,5,25970,1330
23371,4,5,25965,0
23371,4,5,25595,350
23371,4,5,25225,630
23371,4,5,24855,840
23371,4,5,24485,1120
23371,4,5,24115,1400
25597,5,6,28191,0
25597,5,6,27821,280
25597,5,6,27451,560
25597,5,6,27081,840
25597,5,6,26711,1050
25597,5,6,26341,1330
25966,5,6,28562,0
25966,5,6,28192,210
25966,5,6,27822,490
25966,5,6,27452,770
25966,5,6,27082,1050
25966,5,6,26712,1260
22633,5,6,24853,0
22633,5,6,24483,490
22633,5,6,24113,700
22633,5,6,23743,980
22633,5,6,23373,1190
22633,5,6,23003,1470
24113,5,6,26707,0
24113,5,6,26337,350
24113,5,6,25967,630
24113,5,6,25597,840
24113,5,6,25227,1120
24113,5,6,24857,1400
24482,5,6,27078,0
24482,5,6,26708,210
24482,5,6,26338,560
24482,5,6,25968,840
24482,5,6,25598,1050
24482,5,6,25228,1330
27455,5,6,28566,0
27455,5,6,28196,350
27455,5,6,27826,630
27455,5,6,27456,910
27455,5,6,1,1120
28192,5,6,30788,0
28192,5,6,30418,210
28192,5,6,30048,490
28192,5,6,29678,700
28192,5,6,29308,980
28192,5,6,28938,1190
28192,5,6,28568,1470
27824,5,6,30417,0
27824,5,6,30047,280
27824,5,6,29677,490
27824,5,6,29307,700
27824,5,6,28937,980
27824,5,6,28567,1260
27824,5,6,28197,1470
25228,5,6,27080,0
25228,5,6,26710,280
25228,5,6,26340,420
25228,5,6,25970,700
25228,5,6,25600,980
25228,5,6,25230,1190
25228,5,6,1,1470
23373,5,6,25225,0
23373,5,6,24855,350
23373,5,6,24485,560
23373,5,6,24115,770
23373,5,6,23745,1050
23373,5,6,23375,1260
26708,5,6,29304,0
26708,5,6,28934,210
26708,5,6,28564,490
26708,5,6,28194,770
26708,5,6,27824,980
26708,5,6,27454,1260
26708,5,6,27084,1470
23744,5,6,25596,0
23744,5,6,25226,350
23744,5,6,24856,490
23744,5,6,24486,770
23744,5,6,24116,1050
23744,5,6,23746,1260
24853,5,6,27449,0
24853,5,6,27079,210
24853,5,6,26709,560
24853,5,6,26339,770
24853,5,6,25969,1050
24853,5,6,25599,1260
25968,5,6,28562,0
25968,5,6,28192,280
25968,5,6,27822,560
25968,5,6,27452,840
25968,5,6,27082,1050
25968,5,6,26712,1330
24115,5,6,25967,0
24115,5,6,25597,350
24115,5,6,25227,490
24115,5,6,24857,770
24115,5,6,24487,1050
24115,5,6,24117,1260
24484,5,6,27078,0
24484,5,6,26708,350
24484,5,6,26338,630
24484,5,6,25968,910
24484,5,6,25598,1120
24484,5,6,25228,1400
28194,5,6,30788,0
28194,5,6,30418,280
28194,5,6,30048,560
28194,5,6,29678,770
28194,5,6,29308,1050
28194,5,6,28938,1260
27826,5,6,28937,0
27826,5,6,28567,350
27826,5,6,28197,630
27826,5,6,27827,840
27826,5,6,1,1120
25230,5,6,27450,0
25230,5,6,27080,420
25230,5,6,26710,630
25230,5,6,26340,840
25230,5,6,25970,1120
25230,5,6,25600,1330
23375,5,6,25595,0
23375,5,6,25225,420
23375,5,6,24855,700
23375,5,6,24485,910
23375,5,6,24115,1190
23375,5,6,23745,1470
29306,5,6,31901,0
29306,5,6,31531,210
29306,5,6,31161,420
29306,5,6,30791,700
29306,5,6,30421,980
29306,5,6,30051,1190
29306,5,6,29681,1470
26710,5,6,29304,0
26710,5,6,28934,280
26710,5,6,28564,560
26710,5,6,28194,840
26710,5,6,27824,1050
26710,5,6,27454,1330
27079,5,6,29675,0
27079,5,6,29305,210
27079,5,6,28935,490
27079,5,6,28565,770
27079,5,6,28195,980
27079,5,6,27825,1260
27079,5,6,27455,1470
23746,5,6,25966,0
23746,5,6,25596,420
23746,5,6,25226,630
23746,5,6,24856,910
23746,5,6,24486,1190
23746,5,6,24116,1400
24855,5,6,27449,0
24855,5,6,27079,350
24855,5,6,26709,630
24855,5,6,26339,840
24855,5,6,25969,1120
24855,5,6,25599,1330
21891,5,6,24111,0
21891,5,6,23741,420
21891,5,6,23371,630
21891,5,6,23001,910
21891,5,6,22631,1120
21891,5,6,22261,1400
28934,5,6,31530,0
28934,5,6,31160,210
28934,5,6,30790,490
28934,5,6,30420,700
28934,5,6,30050,980
28934,5,6,29680,1190
28934,5,6,29310,1470
25970,5,6,27822,0
25970,5,6,27452,280
25970,5,6,27082,490
25970,5,6,26712,700
25970,5,6,26342,980
25970,5,6,25972,1190
25970,5,6,1,1470
27450,5,6,30046,0
27450,5,6,29676,210
27450,5,6,29306,490
27450,5,6,28936,770
27450,5,6,28566,980
27450,5,6,28196,1260
27450,5,6,27826,1470
24117,5,6,26337,0
24117,5,6,25967,420
24117,5,6,25597,630
24117,5,6,25227,910
24117,5,6,24857,1190
24117,5,6,24487,1400
24486,5,6,26338,0
24486,5,6,25968,350
24486,5,6,25598,490
24486,5,6,25228,770
24486,5,6,24858,1050
24486,5,6,24488,1260
25223,5,6,27450,0
25223,5,6,27080,210
25223,5,6,26710,490
25223,5,6,26340,770
25223,5,6,25970,980
25223,5,6,25600,1260
25223,5,6,25230,1470
28196,5,6,29678,0
28196,5,6,29308,420
28196,5,6,28938,630
28196,5,6,28568,910
28196,5,6,28198,1120
28196,5,6,1,1400
23002,5,6,24854,0
23002,5,6,24484,350
23002,5,6,24114,560
23002,5,6,23744,770
23002,5,6,23374,1050
23002,5,6,23004,1260
26712,5,6,28564,0
26712,5,6,28194,280
26712,5,6,27824,420
26712,5,6,27454,700
26712,5,6,27084,980
26712,5,6,26714,1190
26712,5,6,1,1470
27081,5,6,29675,0
27081,5,6,29305,280
27081,5,6,28935,560
27081,5,6,28565,840
27081,5,6,28195,1050
27081,5,6,27825,1330
24857,5,6,26709,0
24857,5,6,26339,350
24857,5,6,25969,490
24857,5,6,25599,770
24857,5,6,25229,1050
24857,5,6,24859,1260
22630,5,6,25223,0
22630,5,6,24853,350
22630,5,6,24483,630
22630,5,6,24113,840
22630,5,6,23743,1120
22630,5,6,23373,1330
25972,5,6,28192,0
25972,5,6,27822,420
25972,5,6,27452,630
25972,5,6,27082,840
25972,5,6,26712,1120
25972,5,6,26342,1330
29676,5,6,32272,0
29676,5,6,31902,350
29676,5,6,31532,630
29676,5,6,31162,840
29676,5,6,30792,1120
29676,5,6,30422,1330
27452,5,6,30046,0
27452,5,6,29676,280
27452,5,6,29306,560
27452,5,6,28936,840
27452,5,6,28566,1050
27452,5,6,28196,1330
27821,5,6,30417,0
27821,5,6,30047,210
27821,5,6,29677,490
27821,5,6,29307,700
27821,5,6,28937,980
27821,5,6,28567,1260
27821,5,6,28197,1470
24488,5,6,26708,0
24488,5,6,26338,420
24488,5,6,25968,630
24488,5,6,25598,910
24488,5,6,25228,1190
24488,5,6,24858,1400
25225,5,6,27820,0
25225,5,6,27450,280
25225,5,6,27080,490
25225,5,6,26710,770
25225,5,6,26340,980
25225,5,6,25970,1260
25225,5,6,25600,1470
26337,5,6,28933,0
26337,5,6,28563,210
26337,5,6,28193,490
26337,5,6,27823,770
26337,5,6,27453,1050
26337,5,6,27083,1260
23004,5,6,25224,0
23004,5,6,24854,420
23004,5,6,24484,700
23004,5,6,24114,910
23004,5,6,23744,1190
23004,5,6,23374,1470
23741,5,6,26336,0
23741,5,6,25966,280
23741,5,6,25596,560
23741,5,6,25226,840
23741,5,6,24856,1050
23741,5,6,24486,1330
30047,5,6,32643,0
30047,5,6,32273,350
30047,5,6,31903,630
30047,5,6,31533,840
30047,5,6,31163,1120
30047,5,6,30793,1330
27083,5,6,28935,0
27083,5,6,28565,280
27083,5,6,28195,420
27083,5,6,27825,700
27083,5,6,27455,910
27083,5,6,27085,1190
27083,5,6,1,1400
25965,5,6,28192,0
25965,5,6,27822,210
25965,5,6,27452,490
25965,5,6,27082,770
25965,5,6,26712,980
25965,5,6,26342,1260
25965,5,6,25972,1470
28563,5,6,31159,0
28563,5,6,30789,210
28563,5,6,30419,490
28563,5,6,30049,700
28563,5,6,29679,980
28563,5,6,29309,1190
28563,5,6,28939,1470
25599,5,6,27451,0
25599,5,6,27081,280
25599,5,6,26711,420
25599,5,6,26341,700
25599,5,6,25971,980
25599,5,6,25601,1190
25599,5,6,1,1470
24112,5,6,26707,0
24112,5,6,26337,280
24112,5,6,25967,560
24112,5,6,25597,770
24112,5,6,25227,1050
24112,5,6,24857,1330
27454,5,6,29306,0
27454,5,6,28936,280
27454,5,6,28566,420
27454,5,6,28196,700
27454,5,6,27826,910
27454,5,6,27456,1190
27454,5,6,1,1400
27823,5,6,30417,0
27823,5,6,30047,280
27823,5,6,29677,560
27823,5,6,29307,770
27823,5,6,28937,1050
27823,5,6,28567,1260
25227,5,6,27820,0
25227,5,6,27450,350
25227,5,6,27080,490
25227,5,6,26710,770
25227,5,6,26340,1050
25227,5,6,25970,1260
26707,5,6,28934,0
26707,5,6,28564,210
26707,5,6,28194,490
26707,5,6,27824,770
26707,5,6,27454,980
26707,5,6,27084,1260
26339,5,6,28933,0
26339,5,6,28563,280
26339,5,6,28193,560
26339,5,6,27823,840
26339,5,6,27453,1050
26339,5,6,27083,1330
23743,5,6,26336,0
23743,5,6,25966,350
23743,5,6,25596,560
23743,5,6,25226,840
23743,5,6,24856,1120
23743,5,6,24486,1330
27085,5,6,29305,0
27085,5,6,28935,420
27085,5,6,28565,560
27085,5,6,28195,840
27085,5,6,27825,1050
27085,5,6,27455,1330
28565,5,6,31159,0
28565,5,6,30789,280
28565,5,6,30419,560
28565,5,6,30049,770
28565,5,6,29679,1050
28565,5,6,29309,1260
25601,5,6,27821,0
25601,5,6,27451,420
25601,5,6,27081,560
25601,5,6,26711,840
25601,5,6,26341,1120
25601,5,6,25971,1330
24483,5,6,27078,0
24483,5,6,26708,280
24483,5,6,26338,560
24483,5,6,25968,770
24483,5,6,25598,1050
24483,5,6,25228,1330
27825,5,6,29307,0
27825,5,6,28937,420
27825,5,6,28567,630
27825,5,6,28197,910
27825,5,6,27827,1190
27825,5,6,1,1400
29305,5,6,31901,0
29305,5,6,31531,210
29305,5,6,31161,490
29305,5,6,30791,700
29305,5,6,30421,980
29305,5,6,30051,1190
29305,5,6,29681,1470
26709,5,6,29304,0
26709,5,6,28934,280
26709,5,6,28564,490
26709,5,6,28194,770
26709,5,6,27824,980
26709,5,6,27454,1260
26709,5,6,27084,1470
26341,5,6,28193,0
26341,5,6,27823,280
26341,5,6,27453,490
26341,5,6,27083,700
26341,5,6,26713,980
26341,5,6,26343,1190
26341,5,6,1,1470
27078,5,6,29305,0
27078,5,6,28935,210
27078,5,6,28565,490
27078,5,6,28195,770
27078,5,6,27825,980
27078,5,6,27455,1260
27078,5,6,27085,1470
23745,5,6,25226,0
23745,5,6,24856,280
23745,5,6,24486,490
23745,5,6,24116,700
23745,5,6,23746,980
23745,5,6,1,1190
25594,5,6,27821,0
25594,5,6,27451,210
25594,5,6,27081,490
25594,5,6,26711,700
25594,5,6,26341,980
25594,5,6,25971,1260
25594,5,6,25601,1470
22261,5,6,23742,0
22261,5,6,23372,350
22261,5,6,23002,490
22261,5,6,22632,770
22261,5,6,22262,980
22261,5,6,1,1260
28567,5,6,30049,0
28567,5,6,29679,420
28567,5,6,29309,630
28567,5,6,28939,910
28567,5,6,28569,1120
28567,5,6,1,1400
28936,5,6,31530,0
28936,5,6,31160,280
28936,5,6,30790,560
28936,5,6,30420,770
28936,5,6,30050,1050
28936,5,6,29680,1260
24485,5,6,27078,0
24485,5,6,26708,350
24485,5,6,26338,560
24485,5,6,25968,840
24485,5,6,25598,1120
24485,5,6,25228,1330
27827,5,6,30047,0
27827,5,6,29677,350
27827,5,6,29307,560
27827,5,6,28937,770
27827,5,6,28567,1050
27827,5,6,28197,1260
23001,5,6,25594,0
23001,5,6,25224,350
23001,5,6,24854,560
23001,5,6,24484,840
23001,5,6,24114,1050
23001,5,6,23744,1330
29307,5,6,31901,0
29307,5,6,31531,280
29307,5,6,31161,560
29307,5,6,30791,770
29307,5,6,30421,1050
29307,5,6,30051,1260
23370,5,6,25965,0
23370,5,6,25595,280
23370,5,6,25225,560
23370,5,6,24855,840
23370,5,6,24485,1050
23370,5,6,24115,1330
26343,5,6,28563,0
26343,5,6,28193,420
26343,5,6,27823,630
26343,5,6,27453,840
26343,5,6,27083,1120
26343,5,6,26713,1330
27080,5,6,29675,0
27080,5,6,29305,280
27080,5,6,28935,490
27080,5,6,28565,700
27080,5,6,28195,980
27080,5,6,27825,1260
27080,5,6,27455,1470
24859,5,6,27079,0
24859,5,6,26709,420
24859,5,6,26339,630
24859,5,6,25969,910
24859,5,6,25599,1120
24859,5,6,25229,1400
25596,5,6,28191,0
25596,5,6,27821,280
25596,5,6,27451,490
25596,5,6,27081,770
25596,5,6,26711,980
25596,5,6,26341,1260
25596,5,6,25971,1470
22632,5,6,24113,0
22632,5,6,23743,350
22632,5,6,23373,560
22632,5,6,23003,770
22632,5,6,22633,1050
22632,5,6,1,1260
29675,5,6,31902,0
29675,5,6,31532,210
29675,5,6,31162,560
29675,5,6,30792,770
29675,5,6,30422,1050
29675,5,6,30052,1260
27820,5,6,29677,0
27820,5,6,29307,420
27820,5,6,28937,700
27820,5,6,28567,910
27820,5,6,28197,1190
27820,5,6,27827,1400
28191,5,6,30048,0
28191,5,6,29678,420
28191,5,6,29308,630
28191,5,6,28938,910
28191,5,6,28568,1190
28191,5,6,28198,1400
26336,5,6,28563,0
26336,5,6,28193,210
26336,5,6,27823,490
26336,5,6,27453,770
26336,5,6,27083,980
26336,5,6,26713,1260
26336,5,6,26343,1470
23003,5,6,24484,0
23003,5,6,24114,350
23003,5,6,23744,490
23003,5,6,23374,770
23003,5,6,23004,980
23003,5,6,1,1260
23740,5,6,26336,0
23740,5,6,25966,210
23740,5,6,25596,560
23740,5,6,25226,840
23740,5,6,24856,1050
23740,5,6,24486,1330
30046,5,6,32273,0
30046,5,6,31903,210
30046,5,6,31533,560
30046,5,6,31163,770
30046,5,6,30793,1050
30046,5,6,30423,1260
23372,5,6,25965,0
23372,5,6,25595,350
23372,5,6,25225,560
23372,5,6,24855,840
23372,5,6,24485,1050
23372,5,6,24115,1330
27082,5,6,29675,0
27082,5,6,29305,350
27082,5,6,28935,490
27082,5,6,28565,770
27082,5,6,28195,980
27082,5,6,27825,1260
27082,5,6,27455,1470
28562,5,6,30419,0
28562,5,6,30049,420
28562,5,6,29679,630
28562,5,6,29309,910
28562,5,6,28939,1190
28562,5,6,28569,1400
25598,5,6,28191,0
25598,5,6,27821,350
25598,5,6,27451,490
25598,5,6,27081,770
25598,5,6,26711,1050
25598,5,6,26341,1260
25967,5,6,28562,0
25967,5,6,28192,280
25967,5,6,27822,490
25967,5,6,27452,770
25967,5,6,27082,980
25967,5,6,26712,1260
25967,5,6,26342,1470
29677,5,6,32272,0
29677,5,6,31902,350
29677,5,6,31532,630
29677,5,6,31162,840
29677,5,6,30792,1120
29677,5,6,30422,1330
27822,5,6,30417,0
27822,5,6,30047,210
27822,5,6,29677,490
27822,5,6,29307,700
27822,5,6,28937,980
27822,5,6,28567,1190
27822,5,6,28197,1470
24114,5,6,26707,0
24114,5,6,26337,350
24114,5,6,25967,560
24114,5,6,25597,840
24114,5,6,25227,1120
24114,5,6,24857,1330
27456,5,6,29676,0
27456,5,6,29306,350
27456,5,6,28936,560
27456,5,6,28566,770
27456,5,6,28196,1050
27456,5,6,27826,1330
28193,5,6,30788,0
28193,5,6,30418,210
28193,5,6,30048,490
28193,5,6,29678,700
28193,5,6,29308,980
28193,5,6,28938,1190
28193,5,6,28568,1470
25229,5,6,26340,0
25229,5,6,25970,420
25229,5,6,25600,630
25229,5,6,25230,910
25229,5,6,1,1120
26338,5,6,28933,0
26338,5,6,28563,280
26338,5,6,28193,490
26338,5,6,27823,770
26338,5,6,27453,980
26338,5,6,27083,1260
26338,5,6,26713,1470
23742,5,6,26336,0
23742,5,6,25966,350
23742,5,6,25596,630
23742,5,6,25226,840
23742,5,6,24856,1120
23742,5,6,24486,1400
23374,5,6,24855,0
23374,5,6,24485,350
23374,5,6,24115,490
23374,5,6,23745,700
23374,5,6,23375,980
23374,5,6,1,1260
30417,5,6,32644,0
30417,5,6,32274,210
30417,5,6,31904,560
30417,5,6,31534,770
30417,5,6,31164,1050
30417,5,6,30794,1260
27084,5,6,28195,0
27084,5,6,27825,350
27084,5,6,27455,630
27084,5,6,27085,910
27084,5,6,1,1120
24854,5,6,27449,0
24854,5,6,27079,280
24854,5,6,26709,560
24854,5,6,26339,770
24854,5,6,25969,1050
24854,5,6,25599,1260
28564,5,6,31159,0
28564,5,6,30789,210
28564,5,6,30419,420
28564,5,6,30049,700
28564,5,6,29679,980
28564,5,6,29309,1190
28564,5,6,28939,1470
21890,5,6,23371,0
21890,5,6,23001,350
21890,5,6,22631,490
21890,5,6,22261,700
21890,5,6,21891,980
21890,5,6,1,1190
28933,5,6,30790,0
28933,5,6,30420,420
28933,5,6,30050,630
28933,5,6,29680,910
28933,5,6,29310,1190
28933,5,6,28940,1400
25600,5,6,26711,0
25600,5,6,26341,420
25600,5,6,25971,630
25600,5,6,25601,910
25600,5,6,1,1120
25969,5,6,28562,0
25969,5,6,28192,350
25969,5,6,27822,560
25969,5,6,27452,770
25969,5,6,27082,1050
25969,5,6,26712,1260
27449,5,6,29676,0
27449,5,6,29306,210
27449,5,6,28936,490
27449,5,6,28566,770
27449,5,6,28196,980
27449,5,6,27826,1260
27449,5,6,27456,1470
24116,5,6,25597,0
24116,5,6,25227,280
24116,5,6,24857,490
24116,5,6,24487,700
24116,5,6,24117,980
24116,5,6,1,1190
28195,5,6,30788,0
28195,5,6,30418,280
28195,5,6,30048,490
28195,5,6,29678,700
28195,5,6,29308,980
28195,5,6,28938,1190
28195,5,6,28568,1470
29304,5,6,31161,0
29304,5,6,30791,420
29304,5,6,30421,630
29304,5,6,30051,910
29304,5,6,29681,1190
29304,5,6,29311,1400
26340,5,6,28933,0
26340,5,6,28563,350
26340,5,6,28193,560
26340,5,6,27823,770
26340,5,6,27453,1050
26340,5,6,27083,1260
26711,5,6,29304,0
26711,5,6,28934,350
26711,5,6,28564,490
26711,5,6,28194,770
26711,5,6,27824,1050
26711,5,6,27454,1260
24856,5,6,27449,0
24856,5,6,27079,350
24856,5,6,26709,560
24856,5,6,26339,840
24856,5,6,25969,1050
24856,5,6,25599,1330
22260,5,6,24112,0
22260,5,6,23742,350
22260,5,6,23372,560
22260,5,6,23002,840
22260,5,6,22632,1050
22260,5,6,22262,1330
28566,5,6,31159,0
28566,5,6,30789,280
28566,5,6,30419,490
28566,5,6,30049,700
28566,5,6,29679,980
28566,5,6,29309,1190
28566,5,6,28939,1470
28935,5,6,31530,0
28935,5,6,31160,210
28935,5,6,30790,420
28935,5,6,30420,700
28935,5,6,30050,980
28935,5,6,29680,1190
28935,5,6,29310,1470
25971,5,6,27082,0
25971,5,6,26712,420
25971,5,6,26342,630
25971,5,6,25972,910
25971,5,6,1,1190
27451,5,6,30046,0
27451,5,6,29676,210
27451,5,6,29306,490
27451,5,6,28936,700
27451,5,6,28566,980
27451,5,6,28196,1260
27451,5,6,27826,1470
24487,5,6,25968,0
24487,5,6,25598,280
24487,5,6,25228,490
24487,5,6,24858,700
24487,5,6,24488,980
24487,5,6,1,1190
25224,5,6,27820,0
25224,5,6,27450,210
25224,5,6,27080,490
25224,5,6,26710,770
25224,5,6,26340,980
25224,5,6,25970,1260
23000,5,6,25594,0
23000,5,6,25224,350
23000,5,6,24854,630
23000,5,6,24484,840
23000,5,6,24114,1120
23000,5,6,23744,1400
28197,5,6,29308,0
28197,5,6,28938,350
28197,5,6,28568,630
28197,5,6,28198,840
28197,5,6,1,1120
26342,5,6,27453,0
26342,5,6,27083,420
26342,5,6,26713,630
26342,5,6,26343,910
26342,5,6,1,1190
26713,5,6,27824,0
26713,5,6,27454,420
26713,5,6,27084,630
26713,5,6,26714,910
26713,5,6,1,1120
24858,5,6,26339,0
24858,5,6,25969,280
24858,5,6,25599,490
24858,5,6,25229,700
24858,5,6,24859,980
24858,5,6,1,1190
25595,5,6,28191,0
25595,5,6,27821,210
25595,5,6,27451,490
25595,5,6,27081,770
25595,5,6,26711,980
25595,5,6,26341,1260
25595,5,6,25971,1470
22262,5,6,24482,0
22262,5,6,24112,420
22262,5,6,23742,700
22262,5,6,23372,910
22262,5,6,23002,1190
22262,5,6,22632,1400
22631,5,6,24483,0
22631,5,6,24113,350
22631,5,6,23743,560
22631,5,6,23373,840
22631,5,6,23003,1050
22631,5,6,22633,1330
28937,5,6,31530,0
28937,5,6,31160,280
28937,5,6,30790,490
28937,5,6,30420,700
28937,5,6,30050,980
28937,5,6,29680,1190
28937,5,6,29310,1470
24111,5,6,26707,0
24111,5,6,26337,210
24111,5,6,25967,560
24111,5,6,25597,840
24111,5,6,25227,1050
24111,5,6,24857,1330
27453,5,6,30046,0
27453,5,6,29676,280
27453,5,6,29306,490
27453,5,6,28936,770
27453,5,6,28566,980
27453,5,6,28196,1260
27453,5,6,27826,1470
25226,5,6,27820,0
25226,5,6,27450,280
25226,5,6,27080,560
25226,5,6,26710,840
25226,5,6,26340,1050
25226,5,6,25970,1330
23371,5,6,25965,0
23371,5,6,25595,350
23371,5,6,25225,630
23371,5,6,24855,840
23371,5,6,24485,1120
23371,5,6,24115,1400
30048,6,7,32643,0
30048,6,7,32273,350
30048,6,7,31903,630
30048,6,7,31533,840
30048,6,7,31163,1120
30048,6,7,30793,1400
25597,6,7,28191,0
25597,6,7,27821,350
25597,6,7,27451,560
25597,6,7,27081,840
25597,6,7,26711,1120
25597,6,7,26341,1330
25966,6,7,28562,0
25966,6,7,28192,210
25966,6,7,27822,560
25966,6,7,27452,770
25966,6,7,27082,1050
25966,6,7,26712,1260
32272,6,7,34869,0
32272,6,7,34499,140
32272,6,7,34129,420
32272,6,7,33759,700
32272,6,7,33389,910
32272,6,7,33019,1190
32272,6,7,32649,1470
28939,6,7,30050,0
28939,6,7,29680,350
28939,6,7,29310,630
28939,6,7,28940,840
28939,6,7,1,1120
22633,6,7,24853,0
22633,6,7,24483,490
22633,6,7,24113,700
22633,6,7,23743,980
22633,6,7,23373,1190
22633,6,7,23003,1470
24113,6,7,26707,0
24113,6,7,26337,420
24113,6,7,25967,630
24113,6,7,25597,910
24113,6,7,25227,1120
24113,6,7,24857,1400
24482,6,7,27078,0
24482,6,7,26708,210
24482,6,7,26338,560
24482,6,7,25968,840
24482,6,7,25598,1050
24482,6,7,25228,1330
30788,6,7,33015,0
30788,6,7,32645,420
30788,6,7,32275,700
30788,6,7,31905,910
30788,6,7,31535,1190
30788,6,7,31165,1400
27455,6,7,28566,0
27455,6,7,28196,420
27455,6,7,27826,630
27455,6,7,27456,910
27455,6,7,1,1120
28192,6,7,30788,0
28192,6,7,30418,210
28192,6,7,30048,490
28192,6,7,29678,770
28192,6,7,29308,980
28192,6,7,28938,1260
28192,6,7,28568,1470
27824,6,7,30417,0
27824,6,7,30047,280
27824,6,7,29677,490
27824,6,7,29307,770
27824,6,7,28937,980
27824,6,7,28567,1260
27824,6,7,28197,1470
25228,6,7,27080,0
25228,6,7,26710,280
25228,6,7,26340,490
25228,6,7,25970,700
25228,6,7,25600,980
25228,6,7,25230,1190
25228,6,7,1,1470
31534,6,7,34497,0
31534,6,7,34127,280
31534,6,7,33757,420
31534,6,7,33387,700
31534,6,7,33017,910
31534,6,7,32647,1190
31534,6,7,32277,1470
23373,6,7,25225,0
23373,6,7,24855,350
23373,6,7,24485,560
23373,6,7,24115,770
23373,6,7,23745,1050
23373,6,7,23375,1260
26708,6,7,29304,0
26708,6,7,28934,210
26708,6,7,28564,490
26708,6,7,28194,770
26708,6,7,27824,1050
26708,6,7,27454,1260
23744,6,7,25596,0
23744,6,7,25226,350
23744,6,7,24856,560
23744,6,7,24486,770
23744,6,7,24116,1050
23744,6,7,23746,1260
24853,6,7,27449,0
24853,6,7,27079,210
24853,6,7,26709,560
24853,6,7,26339,840
24853,6,7,25969,1050
24853,6,7,25599,1330
30050,6,7,32643,0
30050,6,7,32273,350
30050,6,7,31903,630
30050,6,7,31533,910
30050,6,7,31163,1120
30050,6,7,30793,1400
31159,6,7,33756,0
31159,6,7,33386,140
31159,6,7,33016,420
31159,6,7,32646,700
31159,6,7,32276,980
31159,6,7,31906,1190
31159,6,7,31536,1470
25968,6,7,28562,0
25968,6,7,28192,350
25968,6,7,27822,630
25968,6,7,27452,840
25968,6,7,27082,1120
25968,6,7,26712,1330
32274,6,7,35239,0
32274,6,7,34869,210
32274,6,7,34499,490
32274,6,7,34129,700
32274,6,7,33759,980
32274,6,7,33389,1190
32274,6,7,33019,1470
24115,6,7,25967,0
24115,6,7,25597,350
24115,6,7,25227,560
24115,6,7,24857,770
24115,6,7,24487,1050
24115,6,7,24117,1260
24484,6,7,27078,0
24484,6,7,26708,420
24484,6,7,26338,630
24484,6,7,25968,910
24484,6,7,25598,1120
24484,6,7,25228,1400
30790,6,7,33755,0
30790,6,7,33385,280
30790,6,7,33015,490
30790,6,7,32645,770
30790,6,7,32275,980
30790,6,7,31905,1260
30790,6,7,31535,1470
28194,6,7,30788,0
28194,6,7,30418,280
28194,6,7,30048,560
28194,6,7,29678,770
28194,6,7,29308,1050
28194,6,7,28938,1330
27826,6,7,28937,0
27826,6,7,28567,350
27826,6,7,28197,630
27826,6,7,27827,910
27826,6,7,1,1120
25230,6,7,27450,0
25230,6,7,27080,420
25230,6,7,26710,630
25230,6,7,26340,840
25230,6,7,25970,1120
25230,6,7,25600,1330
23375,6,7,25595,0
23375,6,7,25225,420
23375,6,7,24855,700
23375,6,7,24485,910
23375,6,7,24115,1190
23375,6,7,23745,1470
29306,6,7,31901,0
29306,6,7,31531,210
29306,6,7,31161,490
29306,6,7,30791,700
29306,6,7,30421,980
29306,6,7,30051,1190
29306,6,7,29681,1470
26710,6,7,29304,0
26710,6,7,28934,350
26710,6,7,28564,560
26710,6,7,28194,840
26710,6,7,27824,1120
26710,6,7,27454,1330
27079,6,7,29675,0
27079,6,7,29305,210
27079,6,7,28935,490
27079,6,7,28565,770
27079,6,7,28195,980
27079,6,7,27825,1260
23746,6,7,25966,0
23746,6,7,25596,420
23746,6,7,25226,630
23746,6,7,24856,910
23746,6,7,24486,1120
23746,6,7,24116,1400
24855,6,7,27449,0
24855,6,7,27079,350
24855,6,7,26709,630
24855,6,7,26339,910
24855,6,7,25969,1120
24855,6,7,25599,1400
31161,6,7,34126,0
31161,6,7,33756,210
31161,6,7,33386,490
31161,6,7,33016,700
31161,6,7,32646,980
31161,6,7,32276,1260
31161,6,7,31906,1470
30421,6,7,33014,0
30421,6,7,32644,350
30421,6,7,32274,630
30421,6,7,31904,910
30421,6,7,31534,1120
30421,6,7,31164,1400
30052,6,7,31163,0
30052,6,7,30793,420
30052,6,7,30423,630
30052,6,7,30053,910
30052,6,7,1,1120
21891,6,7,24111,0
21891,6,7,23741,420
21891,6,7,23371,700
21891,6,7,23001,910
21891,6,7,22631,1190
21891,6,7,22261,1400
28934,6,7,31530,0
28934,6,7,31160,210
28934,6,7,30790,490
28934,6,7,30420,700
28934,6,7,30050,980
28934,6,7,29680,1260
28934,6,7,29310,1470
25970,6,7,27822,0
25970,6,7,27452,280
25970,6,7,27082,490
25970,6,7,26712,700
25970,6,7,26342,980
25970,6,7,25972,1260
25970,6,7,1,1470
28568,6,7,29679,0
28568,6,7,29309,350
28568,6,7,28939,630
28568,6,7,28569,910
28568,6,7,1,1120
27450,6,7,30046,0
27450,6,7,29676,210
27450,6,7,29306,490
27450,6,7,28936,770
27450,6,7,28566,980
27450,6,7,28196,1260
24117,6,7,26337,0
24117,6,7,25967,420
24117,6,7,25597,630
24117,6,7,25227,910
24117,6,7,24857,1190
24117,6,7,24487,1400
24486,6,7,26338,0
24486,6,7,25968,350
24486,6,7,25598,560
24486,6,7,25228,770
24486,6,7,24858,1050
24486,6,7,24488,1260
25223,6,7,27450,0
25223,6,7,27080,210
25223,6,7,26710,490
25223,6,7,26340,770
25223,6,7,25970,980
25223,6,7,25600,1260
30792,6,7,33755,0
30792,6,7,33385,280
30792,6,7,33015,490
30792,6,7,32645,700
30792,6,7,32275,980
30792,6,7,31905,1260
30792,6,7,31535,1470
28196,6,7,29678,0
28196,6,7,29308,420
28196,6,7,28938,630
28196,6,7,28568,910
28196,6,7,28198,1190
28196,6,7,1,1400
23002,6,7,24854,0
23002,6,7,24484,350
23002,6,7,24114,560
23002,6,7,23744,840
23002,6,7,23374,1050
23002,6,7,23004,1330
29308,6,7,31901,0
29308,6,7,31531,280
29308,6,7,31161,490
29308,6,7,30791,700
29308,6,7,30421,980
29308,6,7,30051,1260
29308,6,7,29681,1470
26712,6,7,28564,0
26712,6,7,28194,280
26712,6,7,27824,490
26712,6,7,27454,700
26712,6,7,27084,980
26712,6,7,26714,1190
26712,6,7,1,1470
27081,6,7,29675,0
27081,6,7,29305,280
27081,6,7,28935,560
27081,6,7,28565,840
27081,6,7,28195,1050
27081,6,7,27825,1330
24857,6,7,26709,0
24857,6,7,26339,350
24857,6,7,25969,490
24857,6,7,25599,770
24857,6,7,25229,1050
24857,6,7,24859,1260
30423,6,7,31534,0
30423,6,7,31164,420
30423,6,7,30794,630
30423,6,7,30424,910
30423,6,7,1,1120
25972,6,7,28192,0
25972,6,7,27822,420
25972,6,7,27452,630
25972,6,7,27082,840
25972,6,7,26712,1120
25972,6,7,26342,1330
31903,6,7,34868,0
31903,6,7,34498,210
31903,6,7,34128,420
31903,6,7,33758,700
31903,6,7,33388,980
31903,6,7,33018,1190
31903,6,7,32648,1470
29676,6,7,32272,0
29676,6,7,31902,350
29676,6,7,31532,630
29676,6,7,31162,910
29676,6,7,30792,1120
29676,6,7,30422,1400
27452,6,7,30046,0
27452,6,7,29676,280
27452,6,7,29306,560
27452,6,7,28936,840
27452,6,7,28566,1050
27452,6,7,28196,1330
27821,6,7,30417,0
27821,6,7,30047,210
27821,6,7,29677,490
27821,6,7,29307,770
27821,6,7,28937,980
27821,6,7,28567,1260
27821,6,7,28197,1470
24488,6,7,26708,0
24488,6,7,26338,420
24488,6,7,25968,630
24488,6,7,25598,910
24488,6,7,25228,1190
24488,6,7,24858,1400
25225,6,7,27820,0
25225,6,7,27450,280
25225,6,7,27080,490
25225,6,7,26710,770
25225,6,7,26340,1050
25225,6,7,25970,1260
31531,6,7,34497,0
31531,6,7,34127,210
31531,6,7,33757,490
31531,6,7,33387,700
31531,6,7,33017,980
31531,6,7,32647,1190
31531,6,7,32277,1470
30794,6,7,32275,0
30794,6,7,31905,280
30794,6,7,31535,490
30794,6,7,31165,770
30794,6,7,30795,980
30794,6,7,1,1260
26337,6,7,28933,0
26337,6,7,28563,210
26337,6,7,28193,560
26337,6,7,27823,770
26337,6,7,27453,1050
26337,6,7,27083,1260
23004,6,7,25224,0
23004,6,7,24854,420
23004,6,7,24484,700
23004,6,7,24114,910
23004,6,7,23744,1190
23004,6,7,23374,1470
23741,6,7,26336,0
23741,6,7,25966,280
23741,6,7,25596,560
23741,6,7,25226,840
23741,6,7,24856,1050
23741,6,7,24486,1330
30047,6,7,32643,0
30047,6,7,32273,350
30047,6,7,31903,630
30047,6,7,31533,910
30047,6,7,31163,1120
30047,6,7,30793,1400
29310,6,7,30421,0
29310,6,7,30051,350
29310,6,7,29681,630
29310,6,7,29311,840
29310,6,7,1,1120
26714,6,7,28934,0
26714,6,7,28564,420
26714,6,7,28194,560
26714,6,7,27824,840
26714,6,7,27454,1120
26714,6,7,27084,1330
27083,6,7,28935,0
27083,6,7,28565,280
27083,6,7,28195,420
27083,6,7,27825,700
27083,6,7,27455,910
27083,6,7,27085,1190
27083,6,7,1,1470
32643,6,7,35240,0
32643,6,7,34870,140
32643,6,7,34500,420
32643,6,7,34130,700
32643,6,7,33760,910
32643,6,7,33390,1190
32643,6,7,33020,1470
25965,6,7,28192,0
25965,6,7,27822,210
25965,6,7,27452,490
25965,6,7,27082,770
25965,6,7,26712,1050
25965,6,7,26342,1260
28563,6,7,31159,0
28563,6,7,30789,210
28563,6,7,30419,490
28563,6,7,30049,700
28563,6,7,29679,980
28563,6,7,29309,1260
28563,6,7,28939,1470
25599,6,7,27451,0
25599,6,7,27081,280
25599,6,7,26711,490
25599,6,7,26341,700
25599,6,7,25971,980
25599,6,7,25601,1190
25599,6,7,1,1470
24112,6,7,26707,0
24112,6,7,26337,280
24112,6,7,25967,560
24112,6,7,25597,840
24112,6,7,25227,1050
24112,6,7,24857,1330
29678,6,7,32642,0
29678,6,7,32272,210
29678,6,7,31902,420
29678,6,7,31532,700
29678,6,7,31162,910
29678,6,7,30792,1190
29678,6,7,30422,1470
27454,6,7,29306,0
27454,6,7,28936,280
27454,6,7,28566,420
27454,6,7,28196,700
27454,6,7,27826,910
27454,6,7,27456,1190
27454,6,7,1,1470
27823,6,7,30417,0
27823,6,7,30047,280
27823,6,7,29677,560
27823,6,7,29307,840
27823,6,7,28937,1050
27823,6,7,28567,1330
25227,6,7,27820,0
25227,6,7,27450,350
25227,6,7,27080,560
25227,6,7,26710,770
25227,6,7,26340,1050
25227,6,7,25970,1260
26707,6,7,28934,0
26707,6,7,28564,210
26707,6,7,28194,560
26707,6,7,27824,770
26707,6,7,27454,1050
26707,6,7,27084,1260
26339,6,7,28933,0
26339,6,7,28563,350
26339,6,7,28193,630
26339,6,7,27823,840
26339,6,7,27453,1120
26339,6,7,27083,1330
23743,6,7,26336,0
23743,6,7,25966,350
23743,6,7,25596,630
23743,6,7,25226,840
23743,6,7,24856,1120
23743,6,7,24486,1330
30049,6,7,33013,0
30049,6,7,32643,210
30049,6,7,32273,420
30049,6,7,31903,700
30049,6,7,31533,910
30049,6,7,31163,1190
30049,6,7,30793,1470
30418,6,7,33014,0
30418,6,7,32644,350
30418,6,7,32274,630
30418,6,7,31904,910
30418,6,7,31534,1120
30418,6,7,31164,1400
27085,6,7,29305,0
27085,6,7,28935,420
27085,6,7,28565,560
27085,6,7,28195,840
27085,6,7,27825,1050
27085,6,7,27455,1330
28565,6,7,31159,0
28565,6,7,30789,280
28565,6,7,30419,560
28565,6,7,30049,770
28565,6,7,29679,1050
28565,6,7,29309,1330
25601,6,7,27821,0
25601,6,7,27451,420
25601,6,7,27081,560
25601,6,7,26711,840
25601,6,7,26341,1120
25601,6,7,25971,1330
24483,6,7,27078,0
24483,6,7,26708,280
24483,6,7,26338,560
24483,6,7,25968,840
24483,6,7,25598,1050
24483,6,7,25228,1330
29680,6,7,31532,0
29680,6,7,31162,280
29680,6,7,30792,490
29680,6,7,30422,700
29680,6,7,30052,980
29680,6,7,29682,1260
29680,6,7,1,1470
30789,6,7,33755,0
30789,6,7,33385,210
30789,6,7,33015,490
30789,6,7,32645,770
30789,6,7,32275,980
30789,6,7,31905,1260
30789,6,7,31535,1470
27825,6,7,29307,0
27825,6,7,28937,420
27825,6,7,28567,700
27825,6,7,28197,910
27825,6,7,27827,1190
27825,6,7,1,1400
29305,6,7,31901,0
29305,6,7,31531,210
29305,6,7,31161,490
29305,6,7,30791,700
29305,6,7,30421,980
29305,6,7,30051,1260
29305,6,7,29681,1470
26709,6,7,29304,0
26709,6,7,28934,280
26709,6,7,28564,490
26709,6,7,28194,770
26709,6,7,27824,980
26709,6,7,27454,1260
26341,6,7,28193,0
26341,6,7,27823,280
26341,6,7,27453,490
26341,6,7,27083,700
26341,6,7,26713,980
26341,6,7,26343,1260
26341,6,7,1,1470
27078,6,7,29305,0
27078,6,7,28935,210
27078,6,7,28565,490
27078,6,7,28195,770
27078,6,7,27825,1050
27078,6,7,27455,1260
23745,6,7,25226,0
23745,6,7,24856,350
23745,6,7,24486,490
23745,6,7,24116,770
23745,6,7,23746,980
23745,6,7,1,1260
30051,6,7,31903,0
30051,6,7,31533,280
30051,6,7,31163,490
30051,6,7,30793,700
30051,6,7,30423,980
30051,6,7,30053,1260
30051,6,7,1,1470
30420,6,7,33384,0
30420,6,7,33014,210
30420,6,7,32644,420
30420,6,7,32274,700
30420,6,7,31904,910
30420,6,7,31534,1190
30420,6,7,31164,1470
31163,6,7,34126,0
31163,6,7,33756,280
31163,6,7,33386,490
31163,6,7,33016,700
31163,6,7,32646,980
31163,6,7,32276,1190
31163,6,7,31906,1470
22261,6,7,23742,0
22261,6,7,23372,350
22261,6,7,23002,490
22261,6,7,22632,770
22261,6,7,22262,980
22261,6,7,1,1260
28567,6,7,30049,0
28567,6,7,29679,420
28567,6,7,29309,630
28567,6,7,28939,910
28567,6,7,28569,1190
28567,6,7,1,1400
25594,6,7,27821,0
25594,6,7,27451,210
25594,6,7,27081,490
25594,6,7,26711,770
25594,6,7,26341,980
25594,6,7,25971,1260
28936,6,7,31530,0
28936,6,7,31160,280
28936,6,7,30790,560
28936,6,7,30420,770
28936,6,7,30050,1050
28936,6,7,29680,1330
24485,6,7,27078,0
24485,6,7,26708,350
24485,6,7,26338,630
24485,6,7,25968,840
24485,6,7,25598,1120
24485,6,7,25228,1330
27827,6,7,30047,0
27827,6,7,29677,350
27827,6,7,29307,560
27827,6,7,28937,770
27827,6,7,28567,1050
27827,6,7,28197,1260
23001,6,7,25594,0
23001,6,7,25224,350
23001,6,7,24854,630
23001,6,7,24484,840
23001,6,7,24114,1120
23001,6,7,23744,1330
29307,6,7,31901,0
29307,6,7,31531,280
29307,6,7,31161,560
29307,6,7,30791,770
29307,6,7,30421,1050
29307,6,7,30051,1330
28198,6,7,30418,0
28198,6,7,30048,350
28198,6,7,29678,560
28198,6,7,29308,770
28198,6,7,28938,1050
28198,6,7,28568,1260
26343,6,7,28563,0
26343,6,7,28193,420
26343,6,7,27823,630
26343,6,7,27453,840
26343,6,7,27083,1120
26343,6,7,26713,1330
27080,6,7,29675,0
27080,6,7,29305,280
27080,6,7,28935,490
27080,6,7,28565,770
27080,6,7,28195,980
27080,6,7,27825,1260
27080,6,7,27455,1470
30422,6,7,32274,0
30422,6,7,31904,280
30422,6,7,31534,490
30422,6,7,31164,700
30422,6,7,30794,980
30422,6,7,30424,1260
30422,6,7,1,1470
24859,6,7,27079,0
24859,6,7,26709,420
24859,6,7,26339,630
24859,6,7,25969,910
24859,6,7,25599,1120
24859,6,7,25229,1400
25596,6,7,28191,0
25596,6,7,27821,280
25596,6,7,27451,490
25596,6,7,27081,770
25596,6,7,26711,980
25596,6,7,26341,1260
31902,6,7,34868,0
31902,6,7,34498,140
31902,6,7,34128,490
31902,6,7,33758,700
31902,6,7,33388,980
31902,6,7,33018,1190
31902,6,7,32648,1470
28569,6,7,30789,0
28569,6,7,30419,350
28569,6,7,30049,630
28569,6,7,29679,840
28569,6,7,29309,1120
28569,6,7,28939,1330
22632,6,7,24113,0
22632,6,7,23743,350
22632,6,7,23373,560
22632,6,7,23003,770
22632,6,7,22633,1050
22632,6,7,1,1260
28938,6,7,30420,0
28938,6,7,30050,420
28938,6,7,29680,630
28938,6,7,29310,910
28938,6,7,28940,1190
28938,6,7,1,1400
29675,6,7,31902,0
29675,6,7,31532,210
29675,6,7,31162,560
29675,6,7,30792,770
29675,6,7,30422,1050
29675,6,7,30052,1330
27820,6,7,30047,0
27820,6,7,29677,210
27820,6,7,29307,420
27820,6,7,28937,700
27820,6,7,28567,910
27820,6,7,28197,1190
27820,6,7,27827,1470
28191,6,7,30418,0
28191,6,7,30048,210
28191,6,7,29678,420
28191,6,7,29308,700
28191,6,7,28938,910
28191,6,7,28568,1190
28191,6,7,28198,1400
26336,6,7,28563,0
26336,6,7,28193,210
26336,6,7,27823,490
26336,6,7,27453,770
26336,6,7,27083,1050
26336,6,7,26713,1260
23003,6,7,24484,0
23003,6,7,24114,350
23003,6,7,23744,490
23003,6,7,23374,770
23003,6,7,23004,980
23003,6,7,1,1260
31533,6,7,34497,0
31533,6,7,34127,280
31533,6,7,33757,490
31533,6,7,33387,770
31533,6,7,33017,980
31533,6,7,32647,1260
30046,6,7,32273,0
30046,6,7,31903,210
30046,6,7,31533,560
30046,6,7,31163,770
30046,6,7,30793,1050
30046,6,7,30423,1330
29309,6,7,30791,0
29309,6,7,30421,420
29309,6,7,30051,630
29309,6,7,29681,910
29309,6,7,29311,1190
29309,6,7,1,1400
23372,6,7,25965,0
23372,6,7,25595,350
23372,6,7,25225,560
23372,6,7,24855,840
23372,6,7,24485,1120
23372,6,7,24115,1330
27082,6,7,29675,0
27082,6,7,29305,350
27082,6,7,28935,560
27082,6,7,28565,770
27082,6,7,28195,1050
27082,6,7,27825,1260
28562,6,7,30789,0
28562,6,7,30419,210
28562,6,7,30049,420
28562,6,7,29679,700
28562,6,7,29309,910
28562,6,7,28939,1190
28562,6,7,28569,1400
25598,6,7,28191,0
25598,6,7,27821,350
25598,6,7,27451,560
25598,6,7,27081,770
25598,6,7,26711,1050
25598,6,7,26341,1260
31904,6,7,34868,0
31904,6,7,34498,210
31904,6,7,34128,490
31904,6,7,33758,770
31904,6,7,33388,980
31904,6,7,33018,1260
25967,6,7,28562,0
25967,6,7,28192,280
25967,6,7,27822,490
25967,6,7,27452,770
25967,6,7,27082,1050
25967,6,7,26712,1260
32273,6,7,35239,0
32273,6,7,34869,210
32273,6,7,34499,490
32273,6,7,34129,700
32273,6,7,33759,980
32273,6,7,33389,1260
32273,6,7,33019,1470
28940,6,7,31160,0
28940,6,7,30790,350
28940,6,7,30420,630
28940,6,7,30050,840
28940,6,7,29680,1120
28940,6,7,29310,1330
29677,6,7,32272,0
29677,6,7,31902,350
29677,6,7,31532,630
29677,6,7,31162,840
29677,6,7,30792,1120
29677,6,7,30422,1400
27822,6,7,30417,0
27822,6,7,30047,280
27822,6,7,29677,490
27822,6,7,29307,770
27822,6,7,28937,980
27822,6,7,28567,1260
27822,6,7,28197,1470
24114,6,7,26707,0
24114,6,7,26337,350
24114,6,7,25967,630
24114,6,7,25597,840
24114,6,7,25227,1120
24114,6,7,24857,1330
27456,6,7,29676,0
27456,6,7,29306,350
27456,6,7,28936,560
27456,6,7,28566,770
27456,6,7,28196,1050
27456,6,7,27826,1330
28193,6,7,30788,0
28193,6,7,30418,280
28193,6,7,30048,490
28193,6,7,29678,700
28193,6,7,29308,980
28193,6,7,28938,1260
28193,6,7,28568,1470
25229,6,7,26340,0
25229,6,7,25970,420
25229,6,7,25600,700
25229,6,7,25230,910
25229,6,7,1,1190
26338,6,7,28933,0
26338,6,7,28563,280
26338,6,7,28193,490
26338,6,7,27823,770
26338,6,7,27453,1050
26338,6,7,27083,1260
32644,6,7,35610,0
32644,6,7,35240,210
32644,6,7,34870,490
32644,6,7,34500,700
32644,6,7,34130,980
32644,6,7,33760,1260
32644,6,7,33390,1470
23742,6,7,26336,0
23742,6,7,25966,420
23742,6,7,25596,630
23742,6,7,25226,910
23742,6,7,24856,1120
23742,6,7,24486,1400
23374,6,7,24855,0
23374,6,7,24485,350
23374,6,7,24115,490
23374,6,7,23745,770
23374,6,7,23375,980
23374,6,7,1,1260
29311,6,7,31531,0
29311,6,7,31161,350
29311,6,7,30791,630
29311,6,7,30421,840
29311,6,7,30051,1120
29311,6,7,29681,1330
30417,6,7,32644,0
30417,6,7,32274,210
30417,6,7,31904,560
30417,6,7,31534,770
30417,6,7,31164,1050
30417,6,7,30794,1330
27084,6,7,28195,0
27084,6,7,27825,420
27084,6,7,27455,630
27084,6,7,27085,910
27084,6,7,1,1120
24854,6,7,27449,0
24854,6,7,27079,280
24854,6,7,26709,560
24854,6,7,26339,770
24854,6,7,25969,1050
24854,6,7,25599,1330
31160,6,7,34126,0
31160,6,7,33756,210
31160,6,7,33386,490
31160,6,7,33016,700
31160,6,7,32646,980
31160,6,7,32276,1260
31160,6,7,31906,1470
28564,6,7,31159,0
28564,6,7,30789,280
28564,6,7,30419,490
28564,6,7,30049,700
28564,6,7,29679,980
28564,6,7,29309,1190
28564,6,7,28939,1470
28933,6,7,31160,0
28933,6,7,30790,210
28933,6,7,30420,420
28933,6,7,30050,700
28933,6,7,29680,910
28933,6,7,29310,1190
28933,6,7,28940,1400
25600,6,7,26711,0
25600,6,7,26341,420
25600,6,7,25971,630
25600,6,7,25601,910
25600,6,7,1,1190
25969,6,7,28562,0
25969,6,7,28192,350
25969,6,7,27822,560
25969,6,7,27452,770
25969,6,7,27082,1050
25969,6,7,26712,1330
29679,6,7,32272,0
29679,6,7,31902,350
29679,6,7,31532,630
29679,6,7,31162,910
29679,6,7,30792,1120
29679,6,7,30422,1400
27449,6,7,29676,0
27449,6,7,29306,210
27449,6,7,28936,490
27449,6,7,28566,770
27449,6,7,28196,1050
27449,6,7,27826,1260
24116,6,7,25597,0
24116,6,7,25227,350
24116,6,7,24857,490
24116,6,7,24487,770
24116,6,7,24117,980
24116,6,7,1,1260
30791,6,7,33755,0
30791,6,7,33385,280
30791,6,7,33015,560
30791,6,7,32645,770
30791,6,7,32275,1050
30791,6,7,31905,1330
28195,6,7,30788,0
28195,6,7,30418,280
28195,6,7,30048,490
28195,6,7,29678,770
28195,6,7,29308,980
28195,6,7,28938,1260
28195,6,7,28568,1470
29304,6,7,31531,0
29304,6,7,31161,140
29304,6,7,30791,420
29304,6,7,30421,700
29304,6,7,30051,910
29304,6,7,29681,1190
29304,6,7,29311,1400
26340,6,7,28933,0
26340,6,7,28563,350
26340,6,7,28193,560
26340,6,7,27823,770
26340,6,7,27453,1050
26340,6,7,27083,1330
30419,6,7,33014,0
30419,6,7,32644,350
30419,6,7,32274,630
30419,6,7,31904,840
30419,6,7,31534,1120
30419,6,7,31164,1400
26711,6,7,29304,0
26711,6,7,28934,350
26711,6,7,28564,560
26711,6,7,28194,770
26711,6,7,27824,1050
26711,6,7,27454,1330
24856,6,7,27449,0
24856,6,7,27079,350
24856,6,7,26709,560
24856,6,7,26339,840
24856,6,7,25969,1120
24856,6,7,25599,1330
31162,6,7,34126,0
31162,6,7,33756,210
31162,6,7,33386,560
31162,6,7,33016,770
31162,6,7,32646,1050
31162,6,7,32276,1260
28566,6,7,31159,0
28566,6,7,30789,280
28566,6,7,30419,490
28566,6,7,30049,700
28566,6,7,29679,980
28566,6,7,29309,1260
28566,6,7,28939,1470
28935,6,7,31530,0
28935,6,7,31160,280
28935,6,7,30790,490
28935,6,7,30420,700
28935,6,7,30050,980
28935,6,7,29680,1190
28935,6,7,29310,1470
25971,6,7,27082,0
25971,6,7,26712,420
25971,6,7,26342,700
25971,6,7,25972,910
25971,6,7,1,1190
29681,6,7,30792,0
29681,6,7,30422,420
29681,6,7,30052,630
29681,6,7,29682,910
29681,6,7,1,1120
27451,6,7,30046,0
27451,6,7,29676,280
27451,6,7,29306,490
27451,6,7,28936,770
27451,6,7,28566,980
27451,6,7,28196,1260
27451,6,7,27826,1470
24487,6,7,25968,0
24487,6,7,25598,350
24487,6,7,25228,490
24487,6,7,24858,770
24487,6,7,24488,980
24487,6,7,1,1260
25224,6,7,27820,0
25224,6,7,27450,210
25224,6,7,27080,560
25224,6,7,26710,770
25224,6,7,26340,1050
25224,6,7,25970,1260
31530,6,7,34127,0
31530,6,7,33757,140
31530,6,7,33387,420
31530,6,7,33017,700
31530,6,7,32647,910
31530,6,7,32277,1190
31530,6,7,31907,1400
28197,6,7,29308,0
28197,6,7,28938,350
28197,6,7,28568,630
28197,6,7,28198,840
28197,6,7,1,1120
30793,6,7,32645,0
30793,6,7,32275,280
30793,6,7,31905,560
30793,6,7,31535,840
30793,6,7,31165,1050
30793,6,7,30795,1330
26342,6,7,27453,0
26342,6,7,27083,420
26342,6,7,26713,700
26342,6,7,26343,910
26342,6,7,1,1190
26713,6,7,27824,0
26713,6,7,27454,420
26713,6,7,27084,700
26713,6,7,26714,910
26713,6,7,1,1190
24858,6,7,26339,0
24858,6,7,25969,280
24858,6,7,25599,490
24858,6,7,25229,700
24858,6,7,24859,980
24858,6,7,1,1190
25595,6,7,28191,0
25595,6,7,27821,210
25595,6,7,27451,490
25595,6,7,27081,770
25595,6,7,26711,1050
25595,6,7,26341,1260
31901,6,7,34498,0
31901,6,7,34128,140
31901,6,7,33758,420
31901,6,7,33388,700
31901,6,7,33018,910
31901,6,7,32648,1190
31901,6,7,32278,1400
22262,6,7,24482,0
22262,6,7,24112,420
22262,6,7,23742,700
22262,6,7,23372,910
22262,6,7,23002,1190
22262,6,7,22632,1400
22631,6,7,24483,0
22631,6,7,24113,350
22631,6,7,23743,560
22631,6,7,23373,840
22631,6,7,23003,1120
22631,6,7,22633,1330
28937,6,7,31530,0
28937,6,7,31160,280
28937,6,7,30790,490
28937,6,7,30420,700
28937,6,7,30050,980
28937,6,7,29680,1260
28937,6,7,29310,1470
31164,6,7,33016,0
31164,6,7,32646,280
31164,6,7,32276,560
31164,6,7,31906,840
31164,6,7,31536,1050
31164,6,7,31166,1330
24111,6,7,26707,0
24111,6,7,26337,280
24111,6,7,25967,560
24111,6,7,25597,840
24111,6,7,25227,1050
24111,6,7,24857,1330
27453,6,7,30046,0
27453,6,7,29676,280
27453,6,7,29306,490
27453,6,7,28936,770
27453,6,7,28566,1050
27453,6,7,28196,1260
25226,6,7,27820,0
25226,6,7,27450,350
25226,6,7,27080,630
25226,6,7,26710,840
25226,6,7,26340,1120
25226,6,7,25970,1330
31532,6,7,34497,0
31532,6,7,34127,210
31532,6,7,33757,420
31532,6,7,33387,700
31532,6,7,33017,980
31532,6,7,32647,1190
31532,6,7,32277,1470
23371,6,7,25965,0
23371,6,7,25595,420
23371,6,7,25225,630
23371,6,7,24855,910
23371,6,7,24485,1120
23371,6,7,24115,1400
30048,7,8,32643,0
30048,7,8,32273,420
30048,7,8,31903,630
30048,7,8,31533,910
30048,7,8,31163,1120
30048,7,8,30793,1400
33390,7,8,35242,0
33390,7,8,34872,280
33390,7,8,34502,560
33390,7,8,34132,770
33390,7,8,33762,1050
33390,7,8,33392,1260
25597,7,8,28191,0
25597,7,8,27821,350
25597,7,8,27451,630
25597,7,8,27081,910
25597,7,8,26711,1120
25597,7,8,26341,1400
31166,7,8,33386,0
31166,7,8,33016,490
31166,7,8,32646,770
31166,7,8,32276,980
31166,7,8,31906,1260
25966,7,8,28562,0
25966,7,8,28192,280
25966,7,8,27822,560
25966,7,8,27452,840
25966,7,8,27082,1050
25966,7,8,26712,1330
32272,7,8,34499,0
32272,7,8,34129,420
32272,7,8,33759,700
32272,7,8,33389,910
32272,7,8,33019,1190
32272,7,8,32649,1400
28939,7,8,30050,0
28939,7,8,29680,420
28939,7,8,29310,630
28939,7,8,28940,910
28939,7,8,1,1120
22633,7,8,24853,0
22633,7,8,24483,490
22633,7,8,24113,770
22633,7,8,23743,980
22633,7,8,23373,1260
22633,7,8,23003,1470
24113,7,8,26707,0
24113,7,8,26337,420
24113,7,8,25967,630
24113,7,8,25597,910
24113,7,8,25227,1190
24113,7,8,24857,1400
24482,7,8,27078,0
24482,7,8,26708,350
24482,7,8,26338,630
24482,7,8,25968,840
24482,7,8,25598,1120
24482,7,8,25228,1330
30788,7,8,33015,0
30788,7,8,32645,420
30788,7,8,32275,630
30788,7,8,31905,910
30788,7,8,31535,1120
30788,7,8,31165,1400
27455,7,8,28936,0
27455,7,8,28566,280
27455,7,8,28196,420
27455,7,8,27826,700
27455,7,8,27456,910
27455,7,8,1,1190
28192,7,8,30788,0
28192,7,8,30418,210
28192,7,8,30048,490
28192,7,8,29678,770
28192,7,8,29308,1050
28192,7,8,28938,1260
27824,7,8,30417,0
27824,7,8,30047,350
27824,7,8,29677,560
27824,7,8,29307,770
27824,7,8,28937,1050
27824,7,8,28567,1260
34498,7,8,36725,0
34498,7,8,36355,420
34498,7,8,35985,700
34498,7,8,35615,910
34498,7,8,35245,1190
34498,7,8,34875,1400
25228,7,8,27080,0
25228,7,8,26710,350
25228,7,8,26340,490
25228,7,8,25970,770
25228,7,8,25600,1050
25228,7,8,25230,1260
31534,7,8,34127,0
31534,7,8,33757,420
31534,7,8,33387,700
31534,7,8,33017,910
31534,7,8,32647,1190
31534,7,8,32277,1400
34130,7,8,37094,0
34130,7,8,36724,280
34130,7,8,36354,490
34130,7,8,35984,770
34130,7,8,35614,980
34130,7,8,35244,1260
34130,7,8,34874,1470
23373,7,8,25225,0
23373,7,8,24855,350
23373,7,8,24485,560
23373,7,8,24115,840
23373,7,8,23745,1050
23373,7,8,23375,1330
35610,7,8,38208,0
35610,7,8,37838,210
35610,7,8,37468,490
35610,7,8,37098,700
35610,7,8,36728,980
35610,7,8,36358,1190
35610,7,8,35988,1470
26708,7,8,29304,0
26708,7,8,28934,280
26708,7,8,28564,560
26708,7,8,28194,840
26708,7,8,27824,1050
26708,7,8,27454,1330
23744,7,8,25596,0
23744,7,8,25226,350
23744,7,8,24856,560
23744,7,8,24486,840
23744,7,8,24116,1050
23744,7,8,23746,1330
30050,7,8,32643,0
30050,7,8,32273,420
30050,7,8,31903,630
30050,7,8,31533,910
30050,7,8,31163,1120
30050,7,8,30793,1400
24853,7,8,27449,0
24853,7,8,27079,350
24853,7,8,26709,630
24853,7,8,26339,840
24853,7,8,25969,1120
24853,7,8,25599,1330
31159,7,8,33756,0
31159,7,8,33386,140
31159,7,8,33016,420
31159,7,8,32646,700
31159,7,8,32276,910
31159,7,8,31906,1190
31159,7,8,31536,1400
25968,7,8,28562,0
25968,7,8,28192,420
25968,7,8,27822,630
25968,7,8,27452,910
25968,7,8,27082,1120
25968,7,8,26712,1400
32274,7,8,35239,0
32274,7,8,34869,210
32274,7,8,34499,420
32274,7,8,34129,700
32274,7,8,33759,980
32274,7,8,33389,1190
32274,7,8,33019,1470
24115,7,8,25967,0
24115,7,8,25597,350
24115,7,8,25227,560
24115,7,8,24857,840
24115,7,8,24487,1050
24115,7,8,24117,1330
24484,7,8,27448,0
24484,7,8,27078,210
24484,7,8,26708,420
24484,7,8,26338,630
24484,7,8,25968,910
24484,7,8,25598,1190
24484,7,8,25228,1400
30790,7,8,33755,0
30790,7,8,33385,210
30790,7,8,33015,490
30790,7,8,32645,700
30790,7,8,32275,980
30790,7,8,31905,1190
30790,7,8,31535,1470
28194,7,8,30788,0
28194,7,8,30418,350
28194,7,8,30048,560
28194,7,8,29678,840
28194,7,8,29308,1120
28194,7,8,28938,1330
27826,7,8,28937,0
27826,7,8,28567,420
27826,7,8,28197,700
27826,7,8,27827,910
27826,7,8,1,1190
34500,7,8,37465,0
34500,7,8,37095,210
34500,7,8,36725,420
34500,7,8,36355,700
34500,7,8,35985,980
34500,7,8,35615,1190
34500,7,8,35245,1470
34869,7,8,37466,0
34869,7,8,37096,140
34869,7,8,36726,420
34869,7,8,36356,700
34869,7,8,35986,910
34869,7,8,35616,1190
34869,7,8,35246,1400
25230,7,8,27450,0
25230,7,8,27080,420
25230,7,8,26710,630
25230,7,8,26340,910
25230,7,8,25970,1190
25230,7,8,25600,1400
31536,7,8,33017,0
31536,7,8,32647,280
31536,7,8,32277,420
31536,7,8,31907,700
31536,7,8,31537,980
31536,7,8,1,1190
23375,7,8,25595,0
23375,7,8,25225,490
23375,7,8,24855,700
23375,7,8,24485,980
23375,7,8,24115,1190
23375,7,8,23745,1470
29306,7,8,31901,0
29306,7,8,31531,280
29306,7,8,31161,490
29306,7,8,30791,770
29306,7,8,30421,980
29306,7,8,30051,1260
29306,7,8,29681,1470
26710,7,8,29304,0
26710,7,8,28934,350
26710,7,8,28564,630
26710,7,8,28194,910
26710,7,8,27824,1120
26710,7,8,27454,1400
27079,7,8,29675,0
27079,7,8,29305,210
27079,7,8,28935,560
27079,7,8,28565,770
27079,7,8,28195,1050
27079,7,8,27825,1330
23746,7,8,25966,0
23746,7,8,25596,490
23746,7,8,25226,700
23746,7,8,24856,980
23746,7,8,24486,1190
23746,7,8,24116,1470
24855,7,8,27819,0
24855,7,8,27449,280
24855,7,8,27079,420
24855,7,8,26709,700
24855,7,8,26339,910
24855,7,8,25969,1190
24855,7,8,25599,1400
33385,7,8,35612,0
33385,7,8,35242,420
33385,7,8,34872,700
33385,7,8,34502,910
33385,7,8,34132,1190
33385,7,8,33762,1400
31161,7,8,34126,0
31161,7,8,33756,210
31161,7,8,33386,420
31161,7,8,33016,700
31161,7,8,32646,980
31161,7,8,32276,1190
31161,7,8,31906,1470
30421,7,8,33014,0
30421,7,8,32644,420
30421,7,8,32274,630
30421,7,8,31904,910
30421,7,8,31534,1120
30421,7,8,31164,1400
32648,7,8,34500,0
32648,7,8,34130,280
32648,7,8,33760,560
32648,7,8,33390,770
32648,7,8,33020,1050
32648,7,8,32650,1260
28934,7,8,31530,0
28934,7,8,31160,210
28934,7,8,30790,490
28934,7,8,30420,770
28934,7,8,30050,980
28934,7,8,29680,1260
28934,7,8,29310,1470
30052,7,8,31163,0
30052,7,8,30793,420
30052,7,8,30423,700
30052,7,8,30053,910
30052,7,8,1,1190
25970,7,8,27822,0
25970,7,8,27452,350
25970,7,8,27082,560
25970,7,8,26712,770
25970,7,8,26342,1050
25970,7,8,25972,1260
32276,7,8,35239,0
32276,7,8,34869,280
32276,7,8,34499,420
32276,7,8,34129,700
32276,7,8,33759,910
32276,7,8,33389,1190
32276,7,8,33019,1470
28568,7,8,29679,0
28568,7,8,29309,420
28568,7,8,28939,630
28568,7,8,28569,910
28568,7,8,1,1190
27450,7,8,30046,0
27450,7,8,29676,210
27450,7,8,29306,560
27450,7,8,28936,770
27450,7,8,28566,1050
27450,7,8,28196,1330
33756,7,8,35983,0
33756,7,8,35613,420
33756,7,8,35243,700
33756,7,8,34873,910
33756,7,8,34503,1190
33756,7,8,34133,1400
24117,7,8,26337,0
24117,7,8,25967,490
24117,7,8,25597,700
24117,7,8,25227,980
24117,7,8,24857,1260
24117,7,8,24487,1470
24486,7,8,26338,0
24486,7,8,25968,350
24486,7,8,25598,560
24486,7,8,25228,840
24486,7,8,24858,1050
24486,7,8,24488,1330
30792,7,8,33755,0
30792,7,8,33385,280
30792,7,8,33015,490
30792,7,8,32645,700
30792,7,8,32275,980
30792,7,8,31905,1190
30792,7,8,31535,1470
28196,7,8,30048,0
28196,7,8,29678,280
28196,7,8,29308,420
28196,7,8,28938,700
28196,7,8,28568,980
28196,7,8,28198,1190
28196,7,8,1,1470
23002,7,8,24854,0
23002,7,8,24484,420
23002,7,8,24114,630
23002,7,8,23744,840
23002,7,8,23374,1120
23002,7,8,23004,1330
29308,7,8,31901,0
29308,7,8,31531,280
29308,7,8,31161,490
29308,7,8,30791,770
29308,7,8,30421,980
29308,7,8,30051,1260
29308,7,8,29681,1470
26712,7,8,28564,0
26712,7,8,28194,350
26712,7,8,27824,490
26712,7,8,27454,770
26712,7,8,27084,980
26712,7,8,26714,1260
27081,7,8,29675,0
27081,7,8,29305,350
27081,7,8,28935,630
27081,7,8,28565,840
27081,7,8,28195,1120
27081,7,8,27825,1400
33387,7,8,36352,0
33387,7,8,35982,210
33387,7,8,35612,420
33387,7,8,35242,700
33387,7,8,34872,980
33387,7,8,34502,1190
33387,7,8,34132,1470
24857,7,8,26709,0
24857,7,8,26339,350
24857,7,8,25969,560
24857,7,8,25599,840
24857,7,8,25229,1050
24857,7,8,24859,1330
30423,7,8,31534,0
30423,7,8,31164,420
30423,7,8,30794,700
30423,7,8,30424,910
30423,7,8,1,1190
25972,7,8,28192,0
25972,7,8,27822,420
25972,7,8,27452,630
25972,7,8,27082,910
25972,7,8,26712,1190
25972,7,8,26342,1400
31903,7,8,34868,0
31903,7,8,34498,210
31903,7,8,34128,420
31903,7,8,33758,700
31903,7,8,33388,910
31903,7,8,33018,1190
31903,7,8,32648,1400
29676,7,8,32272,0
29676,7,8,31902,420
29676,7,8,31532,630
29676,7,8,31162,910
29676,7,8,30792,1120
29676,7,8,30422,1400
27452,7,8,30046,0
27452,7,8,29676,350
27452,7,8,29306,630
27452,7,8,28936,840
27452,7,8,28566,1120
27452,7,8,28196,1400
33758,7,8,36723,0
33758,7,8,36353,210
33758,7,8,35983,420
33758,7,8,35613,700
33758,7,8,35243,980
33758,7,8,34873,1190
33758,7,8,34503,1470
27821,7,8,30417,0
27821,7,8,30047,210
27821,7,8,29677,560
27821,7,8,29307,770
27821,7,8,28937,1050
27821,7,8,28567,1260
34127,7,8,36354,0
34127,7,8,35984,420
34127,7,8,35614,700
34127,7,8,35244,910
34127,7,8,34874,1190
34127,7,8,34504,1400
25225,7,8,27820,0
25225,7,8,27450,280
25225,7,8,27080,560
25225,7,8,26710,770
25225,7,8,26340,1050
25225,7,8,25970,1330
31531,7,8,34497,0
31531,7,8,34127,210
31531,7,8,33757,420
31531,7,8,33387,700
31531,7,8,33017,910
31531,7,8,32647,1190
31531,7,8,32277,1470
24488,7,8,26708,0
24488,7,8,26338,490
24488,7,8,25968,700
24488,7,8,25598,980
24488,7,8,25228,1260
24488,7,8,24858,1470
30794,7,8,32275,0
30794,7,8,31905,350
30794,7,8,31535,490
30794,7,8,31165,770
30794,7,8,30795,980
30794,7,8,1,1260
33018,7,8,35981,0
33018,7,8,35611,280
33018,7,8,35241,420
33018,7,8,34871,700
33018,7,8,34501,910
33018,7,8,34131,1190
33018,7,8,33761,1470
26337,7,8,28933,0
26337,7,8,28563,280
26337,7,8,28193,560
26337,7,8,27823,840
26337,7,8,27453,1050
26337,7,8,27083,1330
32643,7,8,34870,0
32643,7,8,34500,420
32643,7,8,34130,700
32643,7,8,33760,910
32643,7,8,33390,1190
32643,7,8,33020,1400
29310,7,8,30421,0
29310,7,8,30051,420
29310,7,8,29681,630
29310,7,8,29311,910
29310,7,8,1,1120
30047,7,8,32643,0
30047,7,8,32273,420
30047,7,8,31903,630
30047,7,8,31533,910
30047,7,8,31163,1120
30047,7,8,30793,1400
23741,7,8,26336,0
23741,7,8,25966,350
23741,7,8,25596,630
23741,7,8,25226,840
23741,7,8,24856,1120
23741,7,8,24486,1330
23004,7,8,25224,0
23004,7,8,24854,490
23004,7,8,24484,700
23004,7,8,24114,980
23004,7,8,23744,1190
23004,7,8,23374,1470
26714,7,8,28934,0
26714,7,8,28564,420
26714,7,8,28194,700
26714,7,8,27824,910
26714,7,8,27454,1190
26714,7,8,27084,1470
33389,7,8,36352,0
33389,7,8,35982,280
33389,7,8,35612,420
33389,7,8,35242,700
33389,7,8,34872,910
33389,7,8,34502,1190
33389,7,8,34132,1470
27083,7,8,28935,0
27083,7,8,28565,350
27083,7,8,28195,490
27083,7,8,27825,770
27083,7,8,27455,980
27083,7,8,27085,1260
25965,7,8,28192,0
25965,7,8,27822,210
25965,7,8,27452,560
25965,7,8,27082,840
25965,7,8,26712,1050
25965,7,8,26342,1330
28563,7,8,31159,0
28563,7,8,30789,210
28563,7,8,30419,490
28563,7,8,30049,770
28563,7,8,29679,980
28563,7,8,29309,1260
28563,7,8,28939,1470
25599,7,8,27451,0
25599,7,8,27081,350
25599,7,8,26711,490
25599,7,8,26341,770
25599,7,8,25971,1050
25599,7,8,25601,1260
31905,7,8,34498,0
31905,7,8,34128,420
31905,7,8,33758,700
31905,7,8,33388,910
31905,7,8,33018,1190
31905,7,8,32648,1400
24112,7,8,26707,0
24112,7,8,26337,350
24112,7,8,25967,560
24112,7,8,25597,840
24112,7,8,25227,1120
24112,7,8,24857,1330
29678,7,8,32642,0
29678,7,8,32272,210
29678,7,8,31902,490
29678,7,8,31532,700
29678,7,8,31162,980
29678,7,8,30792,1190
29678,7,8,30422,1470
27454,7,8,29306,0
27454,7,8,28936,280
27454,7,8,28566,490
27454,7,8,28196,700
27454,7,8,27826,980
27454,7,8,27456,1260
27454,7,8,1,1470
27823,7,8,30417,0
27823,7,8,30047,350
27823,7,8,29677,630
27823,7,8,29307,840
27823,7,8,28937,1120
27823,7,8,28567,1330
34129,7,8,37094,0
34129,7,8,36724,210
34129,7,8,36354,420
34129,7,8,35984,700
34129,7,8,35614,980
34129,7,8,35244,1190
34129,7,8,34874,1470
25227,7,8,27820,0
25227,7,8,27450,350
25227,7,8,27080,560
25227,7,8,26710,840
25227,7,8,26340,1120
25227,7,8,25970,1330
33020,7,8,34501,0
33020,7,8,34131,280
33020,7,8,33761,490
33020,7,8,33391,700
33020,7,8,33021,980
33020,7,8,1,1190
26707,7,8,28934,0
26707,7,8,28564,210
26707,7,8,28194,560
26707,7,8,27824,840
26707,7,8,27454,1050
26707,7,8,27084,1330
26339,7,8,28933,0
26339,7,8,28563,420
26339,7,8,28193,630
26339,7,8,27823,910
26339,7,8,27453,1120
26339,7,8,27083,1400
32645,7,8,35610,0
32645,7,8,35240,210
32645,7,8,34870,420
32645,7,8,34500,700
32645,7,8,34130,980
32645,7,8,33760,1190
32645,7,8,33390,1470
23743,7,8,26336,0
23743,7,8,25966,350
23743,7,8,25596,630
23743,7,8,25226,910
23743,7,8,24856,1120
23743,7,8,24486,1400
30049,7,8,33013,0
30049,7,8,32643,210
30049,7,8,32273,490
30049,7,8,31903,700
30049,7,8,31533,980
30049,7,8,31163,1190
30049,7,8,30793,1470
30418,7,8,33014,0
30418,7,8,32644,420
30418,7,8,32274,630
30418,7,8,31904,910
30418,7,8,31534,1120
30418,7,8,31164,1400
27085,7,8,29305,0
27085,7,8,28935,420
27085,7,8,28565,630
27085,7,8,28195,910
27085,7,8,27825,1120
27085,7,8,27455,1400
28565,7,8,31159,0
28565,7,8,30789,280
28565,7,8,30419,560
28565,7,8,30049,840
28565,7,8,29679,1050
28565,7,8,29309,1330
35240,7,8,37837,0
35240,7,8,37467,210
35240,7,8,37097,490
35240,7,8,36727,700
35240,7,8,36357,980
35240,7,8,35987,1190
35240,7,8,35617,1470
25601,7,8,27821,0
25601,7,8,27451,420
25601,7,8,27081,700
25601,7,8,26711,980
25601,7,8,26341,1190
25601,7,8,25971,1470
31907,7,8,33388,0
31907,7,8,33018,280
31907,7,8,32648,420
31907,7,8,32278,700
31907,7,8,31908,980
31907,7,8,1,1190
33013,7,8,35241,0
33013,7,8,34871,420
33013,7,8,34501,700
33013,7,8,34131,910
33013,7,8,33761,1190
33013,7,8,33391,1400
29680,7,8,31532,0
29680,7,8,31162,280
29680,7,8,30792,490
29680,7,8,30422,770
29680,7,8,30052,980
29680,7,8,29682,1260
29680,7,8,1,1470
24483,7,8,27078,0
24483,7,8,26708,280
24483,7,8,26338,560
24483,7,8,25968,840
24483,7,8,25598,1050
24483,7,8,25228,1330
30789,7,8,33755,0
30789,7,8,33385,210
30789,7,8,33015,490
30789,7,8,32645,700
30789,7,8,32275,980
30789,7,8,31905,1260
30789,7,8,31535,1470
27825,7,8,29677,0
27825,7,8,29307,280
27825,7,8,28937,490
27825,7,8,28567,700
27825,7,8,28197,980
27825,7,8,27827,1190
27825,7,8,1,1470
29305,7,8,31901,0
29305,7,8,31531,210
29305,7,8,31161,490
29305,7,8,30791,770
29305,7,8,30421,980
29305,7,8,30051,1260
29305,7,8,29681,1470
26709,7,8,29304,0
26709,7,8,28934,280
26709,7,8,28564,560
26709,7,8,28194,770
26709,7,8,27824,1050
26709,7,8,27454,1260
26341,7,8,28193,0
26341,7,8,27823,350
26341,7,8,27453,560
26341,7,8,27083,770
26341,7,8,26713,1050
26341,7,8,26343,1260
27078,7,8,29305,0
27078,7,8,28935,210
27078,7,8,28565,560
27078,7,8,28195,840
27078,7,8,27825,1050
27078,7,8,27455,1330
32647,7,8,35610,0
32647,7,8,35240,280
32647,7,8,34870,420
32647,7,8,34500,700
32647,7,8,34130,910
32647,7,8,33760,1190
32647,7,8,33390,1470
23745,7,8,25226,0
23745,7,8,24856,350
23745,7,8,24486,490
23745,7,8,24116,770
23745,7,8,23746,1050
23745,7,8,1,1260
30051,7,8,31903,0
30051,7,8,31533,280
30051,7,8,31163,490
30051,7,8,30793,770
30051,7,8,30423,980
30051,7,8,30053,1260
30051,7,8,1,1470
30420,7,8,33384,0
30420,7,8,33014,210
30420,7,8,32644,490
30420,7,8,32274,700
30420,7,8,31904,980
30420,7,8,31534,1190
30420,7,8,31164,1470
33384,7,8,35612,0
33384,7,8,35242,420
33384,7,8,34872,700
33384,7,8,34502,910
33384,7,8,34132,1190
33384,7,8,33762,1400
31163,7,8,34126,0
31163,7,8,33756,280
31163,7,8,33386,420
31163,7,8,33016,700
31163,7,8,32646,980
31163,7,8,32276,1190
31163,7,8,31906,1470
22261,7,8,23742,0
22261,7,8,23372,350
22261,7,8,23002,560
22261,7,8,22632,770
22261,7,8,22262,1050
22261,7,8,1,1260
28567,7,8,30419,0
28567,7,8,30049,280
28567,7,8,29679,420
28567,7,8,29309,700
28567,7,8,28939,910
28567,7,8,28569,1190
28567,7,8,1,1400
25594,7,8,27821,0
25594,7,8,27451,210
25594,7,8,27081,560
25594,7,8,26711,770
25594,7,8,26341,1050
25594,7,8,25971,1260
28936,7,8,31530,0
28936,7,8,31160,280
28936,7,8,30790,560
28936,7,8,30420,840
28936,7,8,30050,1050
28936,7,8,29680,1330
32278,7,8,33759,0
32278,7,8,33389,280
32278,7,8,33019,490
32278,7,8,32649,700
32278,7,8,32279,980
32278,7,8,1,1190
33015,7,8,35981,0
33015,7,8,35611,210
33015,7,8,35241,490
33015,7,8,34871,700
33015,7,8,34501,980
33015,7,8,34131,1190
33015,7,8,33761,1470
24485,7,8,27078,0
24485,7,8,26708,350
24485,7,8,26338,630
24485,7,8,25968,910
24485,7,8,25598,1120
24485,7,8,25228,1400
29682,7,8,31902,0
29682,7,8,31532,420
29682,7,8,31162,700
29682,7,8,30792,910
29682,7,8,30422,1190
29682,7,8,30052,1400
27827,7,8,30047,0
27827,7,8,29677,420
27827,7,8,29307,630
27827,7,8,28937,840
27827,7,8,28567,1120
27827,7,8,28197,1330
23001,7,8,25594,0
23001,7,8,25224,350
23001,7,8,24854,630
23001,7,8,24484,910
23001,7,8,24114,1120
23001,7,8,23744,1400
29307,7,8,31901,0
29307,7,8,31531,280
29307,7,8,31161,560
29307,7,8,30791,840
29307,7,8,30421,1050
29307,7,8,30051,1330
28198,7,8,30418,0
28198,7,8,30048,420
28198,7,8,29678,560
28198,7,8,29308,840
28198,7,8,28938,1120
28198,7,8,28568,1330
26343,7,8,28563,0
26343,7,8,28193,420
26343,7,8,27823,630
26343,7,8,27453,910
26343,7,8,27083,1190
26343,7,8,26713,1400
32649,7,8,34130,0
32649,7,8,33760,280
32649,7,8,33390,490
32649,7,8,33020,700
32649,7,8,32650,980
32649,7,8,1,1190
27080,7,8,29675,0
27080,7,8,29305,280
27080,7,8,28935,560
27080,7,8,28565,770
27080,7,8,28195,1050
27080,7,8,27825,1260
33386,7,8,36352,0
33386,7,8,35982,210
33386,7,8,35612,490
33386,7,8,35242,700
33386,7,8,34872,980
33386,7,8,34502,1190
33386,7,8,34132,1470
30422,7,8,32274,0
30422,7,8,31904,280
30422,7,8,31534,490
30422,7,8,31164,770
30422,7,8,30794,980
30422,7,8,30424,1260
30422,7,8,1,1470
24859,7,8,27079,0
24859,7,8,26709,490
24859,7,8,26339,700
24859,7,8,25969,980
24859,7,8,25599,1260
24859,7,8,25229,1470
31165,7,8,32646,0
31165,7,8,32276,280
31165,7,8,31906,490
31165,7,8,31536,700
31165,7,8,31166,980
31165,7,8,1,1260
25596,7,8,28191,0
25596,7,8,27821,280
25596,7,8,27451,560
25596,7,8,27081,770
25596,7,8,26711,1050
25596,7,8,26341,1330
28569,7,8,30789,0
28569,7,8,30419,420
28569,7,8,30049,630
28569,7,8,29679,910
28569,7,8,29309,1120
28569,7,8,28939,1400
31902,7,8,34868,0
31902,7,8,34498,140
31902,7,8,34128,420
31902,7,8,33758,700
31902,7,8,33388,910
31902,7,8,33018,1190
31902,7,8,32648,1470
28938,7,8,30790,0
28938,7,8,30420,280
28938,7,8,30050,420
28938,7,8,29680,700
28938,7,8,29310,910
28938,7,8,28940,1190
28938,7,8,1,1400
29675,7,8,31902,0
29675,7,8,31532,210
29675,7,8,31162,560
29675,7,8,30792,840
29675,7,8,30422,1050
29675,7,8,30052,1330
22632,7,8,24113,0
22632,7,8,23743,420
22632,7,8,23373,560
22632,7,8,23003,840
22632,7,8,22633,1050
22632,7,8,1,1330
33017,7,8,35981,0
33017,7,8,35611,280
33017,7,8,35241,490
33017,7,8,34871,770
33017,7,8,34501,980
33017,7,8,34131,1260
33017,7,8,33761,1470
34126,7,8,36354,0
34126,7,8,35984,420
34126,7,8,35614,700
34126,7,8,35244,910
34126,7,8,34874,1190
34126,7,8,34504,1400
27820,7,8,30047,0
27820,7,8,29677,210
27820,7,8,29307,490
27820,7,8,28937,700
27820,7,8,28567,980
27820,7,8,28197,1260
27820,7,8,27827,1470
28191,7,8,30418,0
28191,7,8,30048,210
28191,7,8,29678,490
28191,7,8,29308,700
28191,7,8,28938,980
28191,7,8,28568,1190
28191,7,8,28198,1470
34497,7,8,36725,0
34497,7,8,36355,420
34497,7,8,35985,700
34497,7,8,35615,910
34497,7,8,35245,1190
34497,7,8,34875,1400
33760,7,8,36723,0
33760,7,8,36353,280
33760,7,8,35983,420
33760,7,8,35613,700
33760,7,8,35243,910
33760,7,8,34873,1190
33760,7,8,34503,1470
31533,7,8,34497,0
31533,7,8,34127,280
31533,7,8,33757,490
31533,7,8,33387,770
31533,7,8,33017,980
31533,7,8,32647,1260
31533,7,8,32277,1470
23003,7,8,24484,0
23003,7,8,24114,350
23003,7,8,23744,560
23003,7,8,23374,770
23003,7,8,23004,1050
23003,7,8,1,1330
29309,7,8,31161,0
29309,7,8,30791,280
29309,7,8,30421,420
29309,7,8,30051,700
29309,7,8,29681,910
29309,7,8,29311,1190
29309,7,8,1,1400
30046,7,8,32273,0
30046,7,8,31903,210
30046,7,8,31533,560
30046,7,8,31163,840
30046,7,8,30793,1050
30046,7,8,30423,1330
26336,7,8,28563,0
26336,7,8,28193,210
26336,7,8,27823,560
26336,7,8,27453,840
26336,7,8,27083,1050
26336,7,8,26713,1330
32642,7,8,34870,0
32642,7,8,34500,420
32642,7,8,34130,700
32642,7,8,33760,910
32642,7,8,33390,1190
32642,7,8,33020,1400
27082,7,8,29675,0
27082,7,8,29305,350
27082,7,8,28935,560
27082,7,8,28565,840
27082,7,8,28195,1050
27082,7,8,27825,1330
33388,7,8,36352,0
33388,7,8,35982,280
33388,7,8,35612,490
33388,7,8,35242,770
33388,7,8,34872,980
33388,7,8,34502,1260
33388,7,8,34132,1470
23372,7,8,25965,0
23372,7,8,25595,350
23372,7,8,25225,630
23372,7,8,24855,840
23372,7,8,24485,1120
23372,7,8,24115,1330
30424,7,8,32644,0
30424,7,8,32274,420
30424,7,8,31904,700
30424,7,8,31534,910
30424,7,8,31164,1190
30424,7,8,30794,1400
28562,7,8,30789,0
28562,7,8,30419,210
28562,7,8,30049,420
28562,7,8,29679,700
28562,7,8,29309,980
28562,7,8,28939,1190
28562,7,8,28569,1470
25598,7,8,28191,0
25598,7,8,27821,350
25598,7,8,27451,560
25598,7,8,27081,840
25598,7,8,26711,1050
25598,7,8,26341,1330
31904,7,8,34868,0
31904,7,8,34498,280
31904,7,8,34128,490
31904,7,8,33758,770
31904,7,8,33388,980
31904,7,8,33018,1260
31904,7,8,32648,1470
25967,7,8,28562,0
25967,7,8,28192,280
25967,7,8,27822,560
25967,7,8,27452,840
25967,7,8,27082,1050
25967,7,8,26712,1330
32273,7,8,35239,0
32273,7,8,34869,210
32273,7,8,34499,490
32273,7,8,34129,700
32273,7,8,33759,980
32273,7,8,33389,1190
32273,7,8,33019,1470
28940,7,8,31160,0
28940,7,8,30790,420
28940,7,8,30420,630
28940,7,8,30050,910
28940,7,8,29680,1120
28940,7,8,29310,1400
29677,7,8,32272,0
29677,7,8,31902,420
29677,7,8,31532,630
29677,7,8,31162,910
29677,7,8,30792,1120
29677,7,8,30422,1400
27822,7,8,30417,0
27822,7,8,30047,280
27822,7,8,29677,560
27822,7,8,29307,770
27822,7,8,28937,1050
27822,7,8,28567,1260
33019,7,8,34871,0
33019,7,8,34501,280
33019,7,8,34131,560
33019,7,8,33761,770
33019,7,8,33391,1050
33019,7,8,33021,1260
24114,7,8,26707,0
24114,7,8,26337,350
24114,7,8,25967,630
24114,7,8,25597,910
24114,7,8,25227,1120
24114,7,8,24857,1400
27456,7,8,29676,0
27456,7,8,29306,420
27456,7,8,28936,630
27456,7,8,28566,840
27456,7,8,28196,1120
27456,7,8,27826,1330
28193,7,8,30788,0
28193,7,8,30418,280
28193,7,8,30048,490
28193,7,8,29678,770
28193,7,8,29308,1050
28193,7,8,28938,1260
34499,7,8,37465,0
34499,7,8,37095,210
34499,7,8,36725,490
34499,7,8,36355,700
34499,7,8,35985,980
34499,7,8,35615,1190
34499,7,8,35245,1470
25229,7,8,26710,0
25229,7,8,26340,280
25229,7,8,25970,490
25229,7,8,25600,700
25229,7,8,25230,980
25229,7,8,1,1190
26338,7,8,28933,0
26338,7,8,28563,280
26338,7,8,28193,560
26338,7,8,27823,840
26338,7,8,27453,1050
26338,7,8,27083,1330
31535,7,8,33387,0
31535,7,8,33017,280
31535,7,8,32647,490
31535,7,8,32277,770
31535,7,8,31907,1050
31535,7,8,31537,1260
32644,7,8,35610,0
32644,7,8,35240,210
32644,7,8,34870,490
32644,7,8,34500,700
32644,7,8,34130,980
32644,7,8,33760,1190
32644,7,8,33390,1470
23374,7,8,24855,0
23374,7,8,24485,350
23374,7,8,24115,560
23374,7,8,23745,770
23374,7,8,23375,1050
23374,7,8,1,1260
34868,7,8,37096,0
34868,7,8,36726,420
34868,7,8,36356,700
34868,7,8,35986,910
34868,7,8,35616,1190
34868,7,8,35246,1400
30417,7,8,32644,0
30417,7,8,32274,210
30417,7,8,31904,560
30417,7,8,31534,840
30417,7,8,31164,1050
30417,7,8,30794,1330
27084,7,8,28565,0
27084,7,8,28195,280
27084,7,8,27825,420
27084,7,8,27455,700
27084,7,8,27085,980
27084,7,8,1,1190
29311,7,8,31531,0
29311,7,8,31161,420
29311,7,8,30791,630
29311,7,8,30421,910
29311,7,8,30051,1120
29311,7,8,29681,1400
23742,7,8,26336,0
23742,7,8,25966,420
23742,7,8,25596,630
23742,7,8,25226,910
23742,7,8,24856,1190
23742,7,8,24486,1400
24854,7,8,27449,0
24854,7,8,27079,350
24854,7,8,26709,560
24854,7,8,26339,840
24854,7,8,25969,1120
24854,7,8,25599,1330
31160,7,8,34126,0
31160,7,8,33756,210
31160,7,8,33386,490
31160,7,8,33016,700
31160,7,8,32646,980
31160,7,8,32276,1190
31160,7,8,31906,1470
28564,7,8,31159,0
28564,7,8,30789,280
28564,7,8,30419,490
28564,7,8,30049,770
28564,7,8,29679,980
28564,7,8,29309,1260
28564,7,8,28939,1470
28933,7,8,31160,0
28933,7,8,30790,210
28933,7,8,30420,420
28933,7,8,30050,700
28933,7,8,29680,980
28933,7,8,29310,1190
28933,7,8,28940,1470
25600,7,8,27081,0
25600,7,8,26711,280
25600,7,8,26341,490
25600,7,8,25971,700
25600,7,8,25601,980
25600,7,8,1,1190
31906,7,8,33758,0
31906,7,8,33388,280
31906,7,8,33018,490
31906,7,8,32648,770
31906,7,8,32278,1050
31906,7,8,31908,1260
25969,7,8,28562,0
25969,7,8,28192,350
25969,7,8,27822,630
25969,7,8,27452,840
25969,7,8,27082,1120
25969,7,8,26712,1330
32275,7,8,35239,0
32275,7,8,34869,280
32275,7,8,34499,490
32275,7,8,34129,770
32275,7,8,33759,980
32275,7,8,33389,1260
32275,7,8,33019,1470
35239,7,8,37837,0
35239,7,8,37467,210
35239,7,8,37097,490
35239,7,8,36727,700
35239,7,8,36357,980
35239,7,8,35987,1190
35239,7,8,35617,1470
29679,7,8,32272,0
29679,7,8,31902,420
29679,7,8,31532,630
29679,7,8,31162,910
29679,7,8,30792,1120
29679,7,8,30422,1400
27449,7,8,29676,0
27449,7,8,29306,210
27449,7,8,28936,560
27449,7,8,28566,840
27449,7,8,28196,1050
27449,7,8,27826,1330
24116,7,8,25597,0
24116,7,8,25227,350
24116,7,8,24857,490
24116,7,8,24487,770
24116,7,8,24117,1050
24116,7,8,1,1260
33755,7,8,35983,0
33755,7,8,35613,420
33755,7,8,35243,700
33755,7,8,34873,910
33755,7,8,34503,1190
33755,7,8,34133,1400
30791,7,8,33755,0
30791,7,8,33385,280
30791,7,8,33015,490
30791,7,8,32645,770
30791,7,8,32275,1050
30791,7,8,31905,1260
28195,7,8,30788,0
28195,7,8,30418,350
28195,7,8,30048,560
28195,7,8,29678,770
28195,7,8,29308,1050
28195,7,8,28938,1260
29304,7,8,31531,0
29304,7,8,31161,210
29304,7,8,30791,420
29304,7,8,30421,700
29304,7,8,30051,980
29304,7,8,29681,1190
29304,7,8,29311,1470
34870,7,8,37836,0
34870,7,8,37466,210
34870,7,8,37096,490
34870,7,8,36726,700
34870,7,8,36356,980
34870,7,8,35986,1190
34870,7,8,35616,1470
26340,7,8,28933,0
26340,7,8,28563,350
26340,7,8,28193,630
26340,7,8,27823,840
26340,7,8,27453,1120
26340,7,8,27083,1330
32646,7,8,35610,0
32646,7,8,35240,280
32646,7,8,34870,490
32646,7,8,34500,770
32646,7,8,34130,980
32646,7,8,33760,1260
32646,7,8,33390,1470
30419,7,8,33014,0
30419,7,8,32644,420
30419,7,8,32274,630
30419,7,8,31904,910
30419,7,8,31534,1120
30419,7,8,31164,1400
26711,7,8,29304,0
26711,7,8,28934,350
26711,7,8,28564,560
26711,7,8,28194,840
26711,7,8,27824,1120
26711,7,8,27454,1330
24856,7,8,27449,0
24856,7,8,27079,350
24856,7,8,26709,630
24856,7,8,26339,910
24856,7,8,25969,1120
24856,7,8,25599,1400
30053,7,8,32273,0
30053,7,8,31903,420
30053,7,8,31533,700
30053,7,8,31163,910
30053,7,8,30793,1190
30053,7,8,30423,1400
31162,7,8,34126,0
31162,7,8,33756,280
31162,7,8,33386,490
31162,7,8,33016,770
31162,7,8,32646,980
31162,7,8,32276,1260
28566,7,8,31159,0
28566,7,8,30789,350
28566,7,8,30419,490
28566,7,8,30049,770
28566,7,8,29679,980
28566,7,8,29309,1260
28935,7,8,31530,0
28935,7,8,31160,280
28935,7,8,30790,490
28935,7,8,30420,770
28935,7,8,30050,980
28935,7,8,29680,1260
28935,7,8,29310,1470
25971,7,8,27452,0
25971,7,8,27082,350
25971,7,8,26712,490
25971,7,8,26342,700
25971,7,8,25972,980
25971,7,8,1,1260
32277,7,8,34129,0
32277,7,8,33759,280
32277,7,8,33389,560
32277,7,8,33019,770
32277,7,8,32649,1050
32277,7,8,32279,1260
33014,7,8,35241,0
33014,7,8,34871,420
33014,7,8,34501,700
33014,7,8,34131,910
33014,7,8,33761,1190
33014,7,8,33391,1400
29681,7,8,30792,0
29681,7,8,30422,420
29681,7,8,30052,700
29681,7,8,29682,910
29681,7,8,1,1190
27451,7,8,30046,0
27451,7,8,29676,280
27451,7,8,29306,560
27451,7,8,28936,770
27451,7,8,28566,1050
27451,7,8,28196,1260
33757,7,8,36723,0
33757,7,8,36353,210
33757,7,8,35983,490
33757,7,8,35613,700
33757,7,8,35243,980
33757,7,8,34873,1190
33757,7,8,34503,1470
24487,7,8,25968,0
24487,7,8,25598,350
24487,7,8,25228,490
24487,7,8,24858,770
24487,7,8,24488,1050
24487,7,8,1,1260
30793,7,8,32645,0
30793,7,8,32275,280
30793,7,8,31905,560
30793,7,8,31535,840
30793,7,8,31165,1050
30793,7,8,30795,1330
31530,7,8,33757,0
31530,7,8,33387,420
31530,7,8,33017,630
31530,7,8,32647,910
31530,7,8,32277,1120
31530,7,8,31907,1400
28197,7,8,29308,0
28197,7,8,28938,420
28197,7,8,28568,700
28197,7,8,28198,910
28197,7,8,1,1190
25224,7,8,27820,0
25224,7,8,27450,280
25224,7,8,27080,560
25224,7,8,26710,840
25224,7,8,26340,1050
25224,7,8,25970,1330
26342,7,8,27823,0
26342,7,8,27453,350
26342,7,8,27083,490
26342,7,8,26713,700
26342,7,8,26343,980
26342,7,8,1,1260
26713,7,8,28194,0
26713,7,8,27824,280
26713,7,8,27454,490
26713,7,8,27084,700
26713,7,8,26714,980
26713,7,8,1,1190
24858,7,8,26339,0
24858,7,8,25969,350
24858,7,8,25599,560
24858,7,8,25229,770
24858,7,8,24859,1050
24858,7,8,1,1260
25595,7,8,28191,0
25595,7,8,27821,280
25595,7,8,27451,560
25595,7,8,27081,840
25595,7,8,26711,1050
25595,7,8,26341,1330
31901,7,8,34128,0
31901,7,8,33758,420
31901,7,8,33388,630
31901,7,8,33018,910
31901,7,8,32648,1120
31901,7,8,32278,1400
31164,7,8,33016,0
31164,7,8,32646,280
31164,7,8,32276,560
31164,7,8,31906,770
31164,7,8,31536,1050
31164,7,8,31166,1330
22631,7,8,24483,0
22631,7,8,24113,420
22631,7,8,23743,630
22631,7,8,23373,840
22631,7,8,23003,1120
22631,7,8,22633,1400
28937,7,8,31530,0
28937,7,8,31160,350
28937,7,8,30790,490
28937,7,8,30420,770
28937,7,8,30050,980
28937,7,8,29680,1260
28937,7,8,29310,1470
22262,7,8,24482,0
22262,7,8,24112,490
22262,7,8,23742,700
22262,7,8,23372,980
22262,7,8,23002,1260
22262,7,8,22632,1470
33016,7,8,35981,0
33016,7,8,35611,210
33016,7,8,35241,420
33016,7,8,34871,700
33016,7,8,34501,980
33016,7,8,34131,1190
33016,7,8,33761,1470
24111,7,8,26707,0
24111,7,8,26337,350
24111,7,8,25967,630
24111,7,8,25597,840
24111,7,8,25227,1120
24111,7,8,24857,1330
27453,7,8,30046,0
27453,7,8,29676,350
27453,7,8,29306,560
27453,7,8,28936,770
27453,7,8,28566,1050
27453,7,8,28196,1330
33759,7,8,36723,0
33759,7,8,36353,280
33759,7,8,35983,490
33759,7,8,35613,770
33759,7,8,35243,980
33759,7,8,34873,1260
33759,7,8,34503,1470
34128,7,8,37094,0
34128,7,8,36724,210
34128,7,8,36354,490
34128,7,8,35984,700
34128,7,8,35614,980
34128,7,8,35244,1190
34128,7,8,34874,1470
25226,7,8,27820,0
25226,7,8,27450,350
25226,7,8,27080,630
25226,7,8,26710,910
25226,7,8,26340,1120
25226,7,8,25970,1400
31532,7,8,34497,0
31532,7,8,34127,210
31532,7,8,33757,420
31532,7,8,33387,700
31532,7,8,33017,910
31532,7,8,32647,1190
31532,7,8,32277,1400
30795,7,8,33015,0
30795,7,8,32645,490
30795,7,8,32275,770
30795,7,8,31905,980
30795,7,8,31535,1260
30795,7,8,31165,1470
23371,7,8,25965,0
23371,7,8,25595,420
23371,7,8,25225,630
23371,7,8,24855,910
23371,7,8,24485,1120
23371,7,8,24115,1400
30048,8,9,32643,0
30048,8,9,32273,420
30048,8,9,31903,630
30048,8,9,31533,910
30048,8,9,31163,1120
30048,8,9,30793,1400
36354,8,9,39320,0
36354,8,9,38950,210
36354,8,9,38580,490
36354,8,9,38210,770
36354,8,9,37840,980
36354,8,9,37470,1260
35617,8,9,37098,0
35617,8,9,36728,350
35617,8,9,36358,490
35617,8,9,35988,770
35617,8,9,35618,980
35617,8,9,1,1260
33390,8,9,35242,0
33390,8,9,34872,280
33390,8,9,34502,560
33390,8,9,34132,770
33390,8,9,33762,1050
33390,8,9,33392,1260
25597,8,9,28191,0
25597,8,9,27821,350
25597,8,9,27451,630
25597,8,9,27081,840
25597,8,9,26711,1120
25597,8,9,26341,1400
31166,8,9,33386,0
31166,8,9,33016,490
31166,8,9,32646,770
31166,8,9,32276,980
31166,8,9,31906,1260
25966,8,9,28562,0
25966,8,9,28192,280
25966,8,9,27822,560
25966,8,9,27452,840
25966,8,9,27082,1050
25966,8,9,26712,1330
32272,8,9,34499,0
32272,8,9,34129,420
32272,8,9,33759,700
32272,8,9,33389,910
32272,8,9,33019,1190
32272,8,9,32649,1400
28939,8,9,30050,0
28939,8,9,29680,420
28939,8,9,29310,630
28939,8,9,28940,910
28939,8,9,1,1190
22633,8,9,24853,0
22633,8,9,24483,490
22633,8,9,24113,770
22633,8,9,23743,980
22633,8,9,23373,1260
22633,8,9,23003,1470
24113,8,9,26707,0
24113,8,9,26337,420
24113,8,9,25967,630
24113,8,9,25597,910
24113,8,9,25227,1190
24113,8,9,24857,1400
24482,8,9,27078,0
24482,8,9,26708,350
24482,8,9,26338,560
24482,8,9,25968,840
24482,8,9,25598,1120
24482,8,9,25228,1330
30788,8,9,33015,0
30788,8,9,32645,420
30788,8,9,32275,630
30788,8,9,31905,910
30788,8,9,31535,1120
30788,8,9,31165,1400
37094,8,9,39692,0
37094,8,9,39322,210
37094,8,9,38952,490
37094,8,9,38582,700
37094,8,9,38212,980
37094,8,9,37842,1260
37094,8,9,37472,1470
28192,8,9,30788,0
28192,8,9,30418,210
28192,8,9,30048,490
28192,8,9,29678,770
28192,8,9,29308,1050
28192,8,9,28938,1260
27824,8,9,30417,0
27824,8,9,30047,350
27824,8,9,29677,560
27824,8,9,29307,770
27824,8,9,28937,1050
27824,8,9,28567,1260
34130,8,9,37094,0
34130,8,9,36724,280
34130,8,9,36354,490
34130,8,9,35984,770
34130,8,9,35614,980
34130,8,9,35244,1260
34130,8,9,34874,1470
25228,8,9,27080,0
25228,8,9,26710,350
25228,8,9,26340,560
25228,8,9,25970,770
25228,8,9,25600,1050
25228,8,9,25230,1260
31534,8,9,34127,0
31534,8,9,33757,420
31534,8,9,33387,630
31534,8,9,33017,910
31534,8,9,32647,1190
31534,8,9,32277,1400
34498,8,9,36725,0
34498,8,9,36355,420
34498,8,9,35985,700
34498,8,9,35615,910
34498,8,9,35245,1190
34498,8,9,34875,1400
33761,8,9,35613,0
33761,8,9,35243,280
33761,8,9,34873,560
33761,8,9,34503,770
33761,8,9,34133,1050
33761,8,9,33763,1260
23373,8,9,25225,0
23373,8,9,24855,350
23373,8,9,24485,560
23373,8,9,24115,840
23373,8,9,23745,1050
23373,8,9,23375,1330
27455,8,9,28936,0
27455,8,9,28566,280
27455,8,9,28196,420
27455,8,9,27826,700
27455,8,9,27456,980
27455,8,9,1,1190
35610,8,9,38208,0
35610,8,9,37838,210
35610,8,9,37468,490
35610,8,9,37098,700
35610,8,9,36728,980
35610,8,9,36358,1190
35610,8,9,35988,1470
26708,8,9,29304,0
26708,8,9,28934,280
26708,8,9,28564,560
26708,8,9,28194,770
26708,8,9,27824,1050
26708,8,9,27454,1330
23744,8,9,25596,0
23744,8,9,25226,350
23744,8,9,24856,560
23744,8,9,24486,840
23744,8,9,24116,1050
23744,8,9,23746,1330
30050,8,9,32643,0
30050,8,9,32273,420
30050,8,9,31903,630
30050,8,9,31533,910
30050,8,9,31163,1120
30050,8,9,30793,1400
24853,8,9,27449,0
24853,8,9,27079,350
24853,8,9,26709,560
24853,8,9,26339,840
24853,8,9,25969,1120
24853,8,9,25599,1330
36356,8,9,39320,0
36356,8,9,38950,280
36356,8,9,38580,560
36356,8,9,38210,840
36356,8,9,37840,1050
36356,8,9,37470,1330
36725,8,9,39691,0
36725,8,9,39321,210
36725,8,9,38951,490
36725,8,9,38581,770
36725,8,9,38211,980
36725,8,9,37841,1260
33392,8,9,35612,0
33392,8,9,35242,420
33392,8,9,34872,700
33392,8,9,34502,910
33392,8,9,34132,1190
33392,8,9,33762,1400
31159,8,9,33756,0
31159,8,9,33386,140
31159,8,9,33016,420
31159,8,9,32646,700
31159,8,9,32276,910
31159,8,9,31906,1190
31159,8,9,31536,1400
25968,8,9,28562,0
25968,8,9,28192,420
25968,8,9,27822,630
25968,8,9,27452,910
25968,8,9,27082,1120
25968,8,9,26712,1400
32274,8,9,35239,0
32274,8,9,34869,210
32274,8,9,34499,420
32274,8,9,34129,700
32274,8,9,33759,910
32274,8,9,33389,1190
32274,8,9,33019,1470
27448,8,9,29676,0
27448,8,9,29306,210
27448,8,9,28936,560
27448,8,9,28566,770
27448,8,9,28196,1050
27448,8,9,27826,1330
24115,8,9,25967,0
24115,8,9,25597,350
24115,8,9,25227,560
24115,8,9,24857,840
24115,8,9,24487,1050
24115,8,9,24117,1330
24484,8,9,27078,0
24484,8,9,26708,420
24484,8,9,26338,630
24484,8,9,25968,910
24484,8,9,25598,1190
24484,8,9,25228,1400
30790,8,9,33755,0
30790,8,9,33385,210
30790,8,9,33015,490
30790,8,9,32645,700
30790,8,9,32275,980
30790,8,9,31905,1190
30790,8,9,31535,1470
37096,8,9,40062,0
37096,8,9,39692,210
37096,8,9,39322,490
37096,8,9,38952,770
37096,8,9,38582,980
37096,8,9,38212,1260
28194,8,9,30788,0
28194,8,9,30418,350
28194,8,9,30048,560
28194,8,9,29678,840
28194,8,9,29308,1120
28194,8,9,28938,1330
27826,8,9,29307,0
27826,8,9,28937,280
27826,8,9,28567,420
27826,8,9,28197,700
27826,8,9,27827,910
27826,8,9,1,1190
34132,8,9,35984,0
34132,8,9,35614,280
34132,8,9,35244,560
34132,8,9,34874,770
34132,8,9,34504,1050
34132,8,9,34134,1260
25230,8,9,27450,0
25230,8,9,27080,420
25230,8,9,26710,630
25230,8,9,26340,910
25230,8,9,25970,1190
25230,8,9,25600,1400
31536,8,9,33017,0
31536,8,9,32647,280
31536,8,9,32277,420
31536,8,9,31907,700
31536,8,9,31537,980
31536,8,9,1,1190
34869,8,9,37466,0
34869,8,9,37096,140
34869,8,9,36726,420
34869,8,9,36356,700
34869,8,9,35986,910
34869,8,9,35616,1190
34869,8,9,35246,1400
34500,8,9,37465,0
34500,8,9,37095,210
34500,8,9,36725,420
34500,8,9,36355,700
34500,8,9,35985,910
34500,8,9,35615,1190
34500,8,9,35245,1470
23375,8,9,25595,0
23375,8,9,25225,490
23375,8,9,24855,700
23375,8,9,24485,980
23375,8,9,24115,1190
23375,8,9,23745,1470
29306,8,9,31901,0
29306,8,9,31531,280
29306,8,9,31161,490
29306,8,9,30791,770
29306,8,9,30421,980
29306,8,9,30051,1260
29306,8,9,29681,1470
35612,8,9,38578,0
35612,8,9,38208,210
35612,8,9,37838,490
35612,8,9,37468,770
35612,8,9,37098,980
35612,8,9,36728,1260
35612,8,9,36358,1470
26710,8,9,29304,0
26710,8,9,28934,350
26710,8,9,28564,630
26710,8,9,28194,840
26710,8,9,27824,1120
26710,8,9,27454,1400
27079,8,9,29675,0
27079,8,9,29305,210
27079,8,9,28935,560
27079,8,9,28565,770
27079,8,9,28195,1050
27079,8,9,27825,1330
23746,8,9,25966,0
23746,8,9,25596,490
23746,8,9,25226,700
23746,8,9,24856,980
23746,8,9,24486,1190
23746,8,9,24116,1470
24855,8,9,27449,0
24855,8,9,27079,420
24855,8,9,26709,630
24855,8,9,26339,910
24855,8,9,25969,1190
24855,8,9,25599,1400
36358,8,9,38210,0
36358,8,9,37840,350
36358,8,9,37470,630
36358,8,9,37100,840
36358,8,9,36730,1120
36358,8,9,36360,1330
33385,8,9,35612,0
33385,8,9,35242,420
33385,8,9,34872,700
33385,8,9,34502,910
33385,8,9,34132,1190
33385,8,9,33762,1400
31161,8,9,34126,0
31161,8,9,33756,210
31161,8,9,33386,420
31161,8,9,33016,700
31161,8,9,32646,980
31161,8,9,32276,1190
31161,8,9,31906,1470
30421,8,9,33014,0
30421,8,9,32644,420
30421,8,9,32274,630
30421,8,9,31904,910
30421,8,9,31534,1120
30421,8,9,31164,1400
28934,8,9,31530,0
28934,8,9,31160,210
28934,8,9,30790,490
28934,8,9,30420,770
28934,8,9,30050,980
28934,8,9,29680,1260
28934,8,9,29310,1470
32648,8,9,34500,0
32648,8,9,34130,280
32648,8,9,33760,560
32648,8,9,33390,770
32648,8,9,33020,1050
32648,8,9,32650,1260
36727,8,9,39691,0
36727,8,9,39321,280
36727,8,9,38951,560
36727,8,9,38581,840
36727,8,9,38211,1050
36727,8,9,37841,1330
25970,8,9,27822,0
25970,8,9,27452,350
25970,8,9,27082,560
25970,8,9,26712,770
25970,8,9,26342,1050
25970,8,9,25972,1260
32276,8,9,35239,0
32276,8,9,34869,280
32276,8,9,34499,420
32276,8,9,34129,700
32276,8,9,33759,910
32276,8,9,33389,1190
32276,8,9,33019,1400
28568,8,9,29679,0
28568,8,9,29309,420
28568,8,9,28939,700
28568,8,9,28569,910
28568,8,9,1,1190
27450,8,9,30046,0
27450,8,9,29676,210
27450,8,9,29306,560
27450,8,9,28936,770
27450,8,9,28566,1050
27450,8,9,28196,1330
33756,8,9,35983,0
33756,8,9,35613,420
33756,8,9,35243,700
33756,8,9,34873,910
33756,8,9,34503,1190
33756,8,9,34133,1400
24117,8,9,26337,0
24117,8,9,25967,490
24117,8,9,25597,700
24117,8,9,25227,980
24117,8,9,24857,1260
24117,8,9,24487,1470
24486,8,9,26338,0
24486,8,9,25968,350
24486,8,9,25598,560
24486,8,9,25228,840
24486,8,9,24858,1050
24486,8,9,24488,1330
27819,8,9,30047,0
27819,8,9,29677,210
27819,8,9,29307,490
27819,8,9,28937,700
27819,8,9,28567,980
27819,8,9,28197,1190
27819,8,9,27827,1470
37098,8,9,40062,0
37098,8,9,39692,280
37098,8,9,39322,560
37098,8,9,38952,840
37098,8,9,38582,1050
37098,8,9,38212,1330
28196,8,9,30048,0
28196,8,9,29678,280
28196,8,9,29308,490
28196,8,9,28938,700
28196,8,9,28568,980
28196,8,9,28198,1190
28196,8,9,1,1470
30792,8,9,33755,0
30792,8,9,33385,280
30792,8,9,33015,490
30792,8,9,32645,700
30792,8,9,32275,980
30792,8,9,31905,1190
30792,8,9,31535,1470
34871,8,9,37836,0
34871,8,9,37466,210
34871,8,9,37096,420
34871,8,9,36726,700
34871,8,9,36356,980
34871,8,9,35986,1190
34871,8,9,35616,1470
23002,8,9,24854,0
23002,8,9,24484,420
23002,8,9,24114,630
23002,8,9,23744,840
23002,8,9,23374,1120
23002,8,9,23004,1330
29308,8,9,31901,0
29308,8,9,31531,280
29308,8,9,31161,490
29308,8,9,30791,770
29308,8,9,30421,980
29308,8,9,30051,1260
29308,8,9,29681,1470
35614,8,9,38578,0
35614,8,9,38208,280
35614,8,9,37838,560
35614,8,9,37468,770
35614,8,9,37098,1050
35614,8,9,36728,1330
26712,8,9,28564,0
26712,8,9,28194,350
26712,8,9,27824,490
26712,8,9,27454,770
26712,8,9,27084,980
26712,8,9,26714,1260
27081,8,9,29675,0
27081,8,9,29305,350
27081,8,9,28935,630
27081,8,9,28565,840
27081,8,9,28195,1120
27081,8,9,27825,1330
33387,8,9,36352,0
33387,8,9,35982,210
33387,8,9,35612,420
33387,8,9,35242,700
33387,8,9,34872,910
33387,8,9,34502,1190
33387,8,9,34132,1470
24857,8,9,26709,0
24857,8,9,26339,350
24857,8,9,25969,560
24857,8,9,25599,840
24857,8,9,25229,1050
24857,8,9,24859,1330
32650,8,9,34870,0
32650,8,9,34500,420
32650,8,9,34130,700
32650,8,9,33760,910
32650,8,9,33390,1190
32650,8,9,33020,1400
30423,8,9,31904,0
30423,8,9,31534,280
30423,8,9,31164,420
30423,8,9,30794,700
30423,8,9,30424,910
30423,8,9,1,1190
37466,8,9,40063,0
37466,8,9,39693,210
37466,8,9,39323,490
37466,8,9,38953,700
37466,8,9,38583,980
37466,8,9,38213,1260
37466,8,9,37843,1470
25972,8,9,28192,0
25972,8,9,27822,420
25972,8,9,27452,630
25972,8,9,27082,910
25972,8,9,26712,1190
25972,8,9,26342,1400
31903,8,9,34868,0
31903,8,9,34498,210
31903,8,9,34128,420
31903,8,9,33758,700
31903,8,9,33388,910
31903,8,9,33018,1190
31903,8,9,32648,1400
35245,8,9,37097,0
35245,8,9,36727,350
35245,8,9,36357,560
35245,8,9,35987,840
35245,8,9,35617,1120
35245,8,9,35247,1330
29676,8,9,32272,0
29676,8,9,31902,420
29676,8,9,31532,630
29676,8,9,31162,910
29676,8,9,30792,1120
29676,8,9,30422,1400
27452,8,9,30046,0
27452,8,9,29676,350
27452,8,9,29306,630
27452,8,9,28936,840
27452,8,9,28566,1120
27452,8,9,28196,1330
35982,8,9,38579,0
35982,8,9,38209,210
35982,8,9,37839,490
35982,8,9,37469,770
35982,8,9,37099,980
35982,8,9,36729,1260
35982,8,9,36359,1470
27821,8,9,30417,0
27821,8,9,30047,210
27821,8,9,29677,560
27821,8,9,29307,770
27821,8,9,28937,1050
27821,8,9,28567,1260
34127,8,9,36354,0
34127,8,9,35984,420
34127,8,9,35614,700
34127,8,9,35244,910
34127,8,9,34874,1190
34127,8,9,34504,1400
25225,8,9,27820,0
25225,8,9,27450,280
25225,8,9,27080,560
25225,8,9,26710,770
25225,8,9,26340,1050
25225,8,9,25970,1330
31531,8,9,34497,0
31531,8,9,34127,210
31531,8,9,33757,420
31531,8,9,33387,700
31531,8,9,33017,910
31531,8,9,32647,1190
31531,8,9,32277,1400
24488,8,9,26708,0
24488,8,9,26338,490
24488,8,9,25968,700
24488,8,9,25598,980
24488,8,9,25228,1260
24488,8,9,24858,1470
30794,8,9,32275,0
30794,8,9,31905,350
30794,8,9,31535,490
30794,8,9,31165,770
30794,8,9,30795,980
30794,8,9,1,1260
33758,8,9,36723,0
33758,8,9,36353,210
33758,8,9,35983,420
33758,8,9,35613,700
33758,8,9,35243,910
33758,8,9,34873,1190
33758,8,9,34503,1470
34873,8,9,37836,0
34873,8,9,37466,280
34873,8,9,37096,420
34873,8,9,36726,700
34873,8,9,36356,910
34873,8,9,35986,1190
34873,8,9,35616,1470
33018,8,9,35981,0
33018,8,9,35611,280
33018,8,9,35241,420
33018,8,9,34871,700
33018,8,9,34501,910
33018,8,9,34131,1190
33018,8,9,33761,1400
26337,8,9,28933,0
26337,8,9,28563,280
26337,8,9,28193,560
26337,8,9,27823,840
26337,8,9,27453,1050
26337,8,9,27083,1330
32643,8,9,34870,0
32643,8,9,34500,420
32643,8,9,34130,700
32643,8,9,33760,910
32643,8,9,33390,1190
32643,8,9,33020,1400
29310,8,9,30421,0
29310,8,9,30051,420
29310,8,9,29681,630
29310,8,9,29311,910
29310,8,9,1,1120
30047,8,9,32643,0
30047,8,9,32273,420
30047,8,9,31903,630
30047,8,9,31533,910
30047,8,9,31163,1120
30047,8,9,30793,1400
35616,8,9,37468,0
35616,8,9,37098,350
35616,8,9,36728,560
35616,8,9,36358,840
35616,8,9,35988,1120
35616,8,9,35618,1330
23004,8,9,25224,0
23004,8,9,24854,490
23004,8,9,24484,700
23004,8,9,24114,980
23004,8,9,23744,1190
23004,8,9,23374,1470
26714,8,9,28934,0
26714,8,9,28564,420
26714,8,9,28194,700
26714,8,9,27824,910
26714,8,9,27454,1190
26714,8,9,27084,1470
33389,8,9,36352,0
33389,8,9,35982,280
33389,8,9,35612,420
33389,8,9,35242,700
33389,8,9,34872,910
33389,8,9,34502,1190
33389,8,9,34132,1400
36353,8,9,38950,0
36353,8,9,38580,210
36353,8,9,38210,490
36353,8,9,37840,700
36353,8,9,37470,980
36353,8,9,37100,1260
36353,8,9,36730,1470
27083,8,9,28935,0
27083,8,9,28565,350
27083,8,9,28195,490
27083,8,9,27825,770
27083,8,9,27455,980
27083,8,9,27085,1260
27083,8,9,1,1470
25965,8,9,28192,0
25965,8,9,27822,210
25965,8,9,27452,560
25965,8,9,27082,840
25965,8,9,26712,1050
25965,8,9,26342,1330
37468,8,9,40433,0
37468,8,9,40063,280
37468,8,9,39693,490
37468,8,9,39323,770
37468,8,9,38953,980
37468,8,9,38583,1260
37468,8,9,38213,1470
28563,8,9,31159,0
28563,8,9,30789,210
28563,8,9,30419,490
28563,8,9,30049,770
28563,8,9,29679,980
28563,8,9,29309,1260
28563,8,9,28939,1470
25599,8,9,27451,0
25599,8,9,27081,350
25599,8,9,26711,560
25599,8,9,26341,770
25599,8,9,25971,1050
25599,8,9,25601,1260
31905,8,9,34498,0
31905,8,9,34128,420
31905,8,9,33758,630
31905,8,9,33388,910
31905,8,9,33018,1190
31905,8,9,32648,1400
24112,8,9,26707,0
24112,8,9,26337,280
24112,8,9,25967,560
24112,8,9,25597,840
24112,8,9,25227,1050
24112,8,9,24857,1330
29678,8,9,32642,0
29678,8,9,32272,210
29678,8,9,31902,490
29678,8,9,31532,700
29678,8,9,31162,980
29678,8,9,30792,1190
29678,8,9,30422,1470
35984,8,9,38949,0
35984,8,9,38579,280
35984,8,9,38209,490
35984,8,9,37839,770
35984,8,9,37469,980
35984,8,9,37099,1260
27454,8,9,29306,0
27454,8,9,28936,280
27454,8,9,28566,490
27454,8,9,28196,700
27454,8,9,27826,980
27454,8,9,27456,1260
27454,8,9,1,1470
33020,8,9,34501,0
33020,8,9,34131,280
33020,8,9,33761,490
33020,8,9,33391,700
33020,8,9,33021,980
33020,8,9,1,1190
34129,8,9,37094,0
34129,8,9,36724,210
34129,8,9,36354,420
34129,8,9,35984,700
34129,8,9,35614,910
34129,8,9,35244,1190
34129,8,9,34874,1470
25227,8,9,27820,0
25227,8,9,27450,350
25227,8,9,27080,560
25227,8,9,26710,840
25227,8,9,26340,1120
25227,8,9,25970,1330
27823,8,9,30417,0
27823,8,9,30047,350
27823,8,9,29677,560
27823,8,9,29307,840
27823,8,9,28937,1120
27823,8,9,28567,1330
26707,8,9,28934,0
26707,8,9,28564,210
26707,8,9,28194,560
26707,8,9,27824,840
26707,8,9,27454,1050
26707,8,9,27084,1330
26339,8,9,28933,0
26339,8,9,28563,420
26339,8,9,28193,630
26339,8,9,27823,910
26339,8,9,27453,1120
26339,8,9,27083,1400
32645,8,9,35610,0
32645,8,9,35240,210
32645,8,9,34870,420
32645,8,9,34500,700
32645,8,9,34130,910
32645,8,9,33760,1190
32645,8,9,33390,1470
23743,8,9,26336,0
23743,8,9,25966,350
23743,8,9,25596,630
23743,8,9,25226,840
23743,8,9,24856,1120
23743,8,9,24486,1400
30049,8,9,33013,0
30049,8,9,32643,210
30049,8,9,32273,490
30049,8,9,31903,700
30049,8,9,31533,980
30049,8,9,31163,1190
30049,8,9,30793,1470
36355,8,9,39320,0
36355,8,9,38950,280
36355,8,9,38580,490
36355,8,9,38210,770
36355,8,9,37840,980
36355,8,9,37470,1260
36355,8,9,37100,1470
30418,8,9,33014,0
30418,8,9,32644,420
30418,8,9,32274,630
30418,8,9,31904,910
30418,8,9,31534,1120
30418,8,9,31164,1400
36724,8,9,39321,0
36724,8,9,38951,210
36724,8,9,38581,490
36724,8,9,38211,700
36724,8,9,37841,980
36724,8,9,37471,1260
36724,8,9,37101,1470
27085,8,9,29305,0
27085,8,9,28935,420
27085,8,9,28565,630
27085,8,9,28195,910
27085,8,9,27825,1120
27085,8,9,27455,1400
33391,8,9,34872,0
33391,8,9,34502,280
33391,8,9,34132,490
33391,8,9,33762,700
33391,8,9,33392,980
33391,8,9,1,1190
30052,8,9,31533,0
30052,8,9,31163,280
30052,8,9,30793,420
30052,8,9,30423,700
30052,8,9,30053,910
30052,8,9,1,1190
28565,8,9,31159,0
28565,8,9,30789,280
28565,8,9,30419,560
28565,8,9,30049,840
28565,8,9,29679,1050
28565,8,9,29309,1330
25601,8,9,27821,0
25601,8,9,27451,420
25601,8,9,27081,700
25601,8,9,26711,980
25601,8,9,26341,1190
25601,8,9,25971,1470
31907,8,9,33388,0
31907,8,9,33018,280
31907,8,9,32648,420
31907,8,9,32278,700
31907,8,9,31908,980
31907,8,9,1,1190
35240,8,9,37837,0
35240,8,9,37467,210
35240,8,9,37097,490
35240,8,9,36727,700
35240,8,9,36357,980
35240,8,9,35987,1190
35240,8,9,35617,1470
33013,8,9,35241,0
33013,8,9,34871,420
33013,8,9,34501,700
33013,8,9,34131,910
33013,8,9,33761,1190
33013,8,9,33391,1400
29680,8,9,31532,0
29680,8,9,31162,280
29680,8,9,30792,490
29680,8,9,30422,770
29680,8,9,30052,980
29680,8,9,29682,1260
24483,8,9,27078,0
24483,8,9,26708,280
24483,8,9,26338,560
24483,8,9,25968,840
24483,8,9,25598,1050
24483,8,9,25228,1330
35986,8,9,38949,0
35986,8,9,38579,280
35986,8,9,38209,490
35986,8,9,37839,770
35986,8,9,37469,980
35986,8,9,37099,1260
35986,8,9,36729,1470
30789,8,9,33755,0
30789,8,9,33385,210
30789,8,9,33015,490
30789,8,9,32645,700
30789,8,9,32275,980
30789,8,9,31905,1190
30789,8,9,31535,1470
27825,8,9,29677,0
27825,8,9,29307,280
27825,8,9,28937,490
27825,8,9,28567,700
27825,8,9,28197,980
27825,8,9,27827,1190
27825,8,9,1,1470
34131,8,9,37094,0
34131,8,9,36724,280
34131,8,9,36354,420
34131,8,9,35984,700
34131,8,9,35614,910
34131,8,9,35244,1190
34131,8,9,34874,1400
34502,8,9,37465,0
34502,8,9,37095,280
34502,8,9,36725,420
34502,8,9,36355,700
34502,8,9,35985,910
34502,8,9,35615,1190
34502,8,9,35245,1400
29305,8,9,31901,0
29305,8,9,31531,210
29305,8,9,31161,490
29305,8,9,30791,770
29305,8,9,30421,980
29305,8,9,30051,1260
29305,8,9,29681,1470
26709,8,9,29304,0
26709,8,9,28934,280
26709,8,9,28564,560
26709,8,9,28194,770
26709,8,9,27824,1050
26709,8,9,27454,1260
26341,8,9,28193,0
26341,8,9,27823,350
26341,8,9,27453,560
26341,8,9,27083,770
26341,8,9,26713,1050
26341,8,9,26343,1260
27078,8,9,29305,0
27078,8,9,28935,210
27078,8,9,28565,560
27078,8,9,28195,840
27078,8,9,27825,1050
27078,8,9,27455,1330
32647,8,9,35610,0
32647,8,9,35240,280
32647,8,9,34870,420
32647,8,9,34500,700
32647,8,9,34130,910
32647,8,9,33760,1190
32647,8,9,33390,1400
23745,8,9,25226,0
23745,8,9,24856,350
23745,8,9,24486,560
23745,8,9,24116,770
23745,8,9,23746,1050
23745,8,9,1,1260
30051,8,9,31903,0
30051,8,9,31533,280
30051,8,9,31163,490
30051,8,9,30793,770
30051,8,9,30423,980
30051,8,9,30053,1260
30420,8,9,33384,0
30420,8,9,33014,210
30420,8,9,32644,490
30420,8,9,32274,700
30420,8,9,31904,980
30420,8,9,31534,1190
30420,8,9,31164,1470
36726,8,9,39691,0
36726,8,9,39321,280
36726,8,9,38951,490
36726,8,9,38581,770
36726,8,9,38211,980
36726,8,9,37841,1260
36726,8,9,37471,1470
35611,8,9,38208,0
35611,8,9,37838,210
35611,8,9,37468,490
35611,8,9,37098,700
35611,8,9,36728,980
35611,8,9,36358,1190
35611,8,9,35988,1470
33384,8,9,35612,0
33384,8,9,35242,420
33384,8,9,34872,700
33384,8,9,34502,910
33384,8,9,34132,1190
33384,8,9,33762,1400
31163,8,9,34126,0
31163,8,9,33756,280
31163,8,9,33386,420
31163,8,9,33016,700
31163,8,9,32646,910
31163,8,9,32276,1190
31163,8,9,31906,1470
25594,8,9,27821,0
25594,8,9,27451,210
25594,8,9,27081,560
25594,8,9,26711,770
25594,8,9,26341,1050
25594,8,9,25971,1260
28567,8,9,30419,0
28567,8,9,30049,280
28567,8,9,29679,420
28567,8,9,29309,700
28567,8,9,28939,910
28567,8,9,28569,1190
28567,8,9,1,1470
28936,8,9,31530,0
28936,8,9,31160,280
28936,8,9,30790,560
28936,8,9,30420,840
28936,8,9,30050,1050
28936,8,9,29680,1330
35242,8,9,38207,0
35242,8,9,37837,280
35242,8,9,37467,490
35242,8,9,37097,770
35242,8,9,36727,980
35242,8,9,36357,1260
35242,8,9,35987,1470
32278,8,9,33759,0
32278,8,9,33389,280
32278,8,9,33019,490
32278,8,9,32649,700
32278,8,9,32279,980
32278,8,9,1,1190
33015,8,9,35981,0
33015,8,9,35611,210
33015,8,9,35241,420
33015,8,9,34871,700
33015,8,9,34501,980
33015,8,9,34131,1190
33015,8,9,33761,1470
24485,8,9,27078,0
24485,8,9,26708,350
24485,8,9,26338,630
24485,8,9,25968,910
24485,8,9,25598,1120
24485,8,9,25228,1400
35988,8,9,37469,0
35988,8,9,37099,350
35988,8,9,36729,560
35988,8,9,36359,770
35988,8,9,35989,1050
35988,8,9,1,1260
29682,8,9,31902,0
29682,8,9,31532,420
29682,8,9,31162,700
29682,8,9,30792,910
29682,8,9,30422,1190
29682,8,9,30052,1400
27827,8,9,30047,0
27827,8,9,29677,420
27827,8,9,29307,630
27827,8,9,28937,840
27827,8,9,28567,1120
27827,8,9,28197,1330
28198,8,9,30418,0
28198,8,9,30048,420
28198,8,9,29678,560
28198,8,9,29308,840
28198,8,9,28938,1120
28198,8,9,28568,1330
29307,8,9,31901,0
29307,8,9,31531,280
29307,8,9,31161,560
29307,8,9,30791,840
29307,8,9,30421,1050
29307,8,9,30051,1330
35613,8,9,38578,0
35613,8,9,38208,280
35613,8,9,37838,490
35613,8,9,37468,770
35613,8,9,37098,980
35613,8,9,36728,1260
35613,8,9,36358,1470
34504,8,9,35985,0
34504,8,9,35615,280
34504,8,9,35245,490
34504,8,9,34875,700
34504,8,9,34505,980
34504,8,9,1,1190
37837,8,9,40434,0
37837,8,9,40064,210
37837,8,9,39694,490
37837,8,9,39324,700
37837,8,9,38954,980
37837,8,9,38584,1260
37837,8,9,38214,1470
32649,8,9,34130,0
32649,8,9,33760,280
32649,8,9,33390,490
32649,8,9,33020,700
32649,8,9,32650,980
32649,8,9,1,1190
33386,8,9,36352,0
33386,8,9,35982,210
33386,8,9,35612,420
33386,8,9,35242,700
33386,8,9,34872,980
33386,8,9,34502,1190
33386,8,9,34132,1470
27080,8,9,29675,0
27080,8,9,29305,280
27080,8,9,28935,560
27080,8,9,28565,770
27080,8,9,28195,1050
27080,8,9,27825,1260
26343,8,9,28563,0
26343,8,9,28193,420
26343,8,9,27823,630
26343,8,9,27453,910
26343,8,9,27083,1190
26343,8,9,26713,1400
30422,8,9,32274,0
30422,8,9,31904,280
30422,8,9,31534,490
30422,8,9,31164,770
30422,8,9,30794,980
30422,8,9,30424,1260
36728,8,9,39691,0
36728,8,9,39321,280
36728,8,9,38951,490
36728,8,9,38581,770
36728,8,9,38211,980
36728,8,9,37841,1260
36728,8,9,37471,1470
37465,8,9,40063,0
37465,8,9,39693,210
37465,8,9,39323,490
37465,8,9,38953,700
37465,8,9,38583,980
37465,8,9,38213,1260
37465,8,9,37843,1470
24859,8,9,27079,0
24859,8,9,26709,490
24859,8,9,26339,700
24859,8,9,25969,980
24859,8,9,25599,1260
24859,8,9,25229,1470
31165,8,9,32646,0
31165,8,9,32276,280
31165,8,9,31906,490
31165,8,9,31536,700
31165,8,9,31166,980
31165,8,9,1,1260
25596,8,9,28191,0
25596,8,9,27821,280
25596,8,9,27451,560
25596,8,9,27081,770
25596,8,9,26711,1050
25596,8,9,26341,1260
38208,8,9,40805,0
38208,8,9,40435,210
38208,8,9,40065,490
38208,8,9,39695,700
38208,8,9,39325,980
38208,8,9,38955,1260
38208,8,9,38585,1470
28569,8,9,30789,0
28569,8,9,30419,420
28569,8,9,30049,630
28569,8,9,29679,910
28569,8,9,29309,1120
28569,8,9,28939,1400
28938,8,9,30790,0
28938,8,9,30420,280
28938,8,9,30050,420
28938,8,9,29680,700
28938,8,9,29310,910
28938,8,9,28940,1190
28938,8,9,1,1470
35244,8,9,38207,0
35244,8,9,37837,280
35244,8,9,37467,490
35244,8,9,37097,700
35244,8,9,36727,980
35244,8,9,36357,1260
35244,8,9,35987,1470
29675,8,9,31902,0
29675,8,9,31532,210
29675,8,9,31162,560
29675,8,9,30792,840
29675,8,9,30422,1050
29675,8,9,30052,1330
31902,8,9,34868,0
31902,8,9,34498,140
31902,8,9,34128,420
31902,8,9,33758,700
31902,8,9,33388,910
31902,8,9,33018,1190
31902,8,9,32648,1400
35981,8,9,38579,0
35981,8,9,38209,210
35981,8,9,37839,490
35981,8,9,37469,700
35981,8,9,37099,980
35981,8,9,36729,1260
35981,8,9,36359,1470
33017,8,9,35981,0
33017,8,9,35611,280
33017,8,9,35241,490
33017,8,9,34871,770
33017,8,9,34501,980
33017,8,9,34131,1260
33017,8,9,33761,1470
34126,8,9,36354,0
34126,8,9,35984,420
34126,8,9,35614,700
34126,8,9,35244,910
34126,8,9,34874,1190
34126,8,9,34504,1400
27820,8,9,30047,0
27820,8,9,29677,210
27820,8,9,29307,490
27820,8,9,28937,700
27820,8,9,28567,980
27820,8,9,28197,1260
27820,8,9,27827,1470
22632,8,9,24113,0
22632,8,9,23743,420
22632,8,9,23373,560
22632,8,9,23003,840
22632,8,9,22633,1120
22632,8,9,1,1330
28191,8,9,30418,0
28191,8,9,30048,210
28191,8,9,29678,490
28191,8,9,29308,700
28191,8,9,28938,980
28191,8,9,28568,1190
28191,8,9,28198,1470
33760,8,9,36723,0
33760,8,9,36353,280
33760,8,9,35983,420
33760,8,9,35613,700
33760,8,9,35243,910
33760,8,9,34873,1190
33760,8,9,34503,1400
34497,8,9,36725,0
34497,8,9,36355,420
34497,8,9,35985,700
34497,8,9,35615,910
34497,8,9,35245,1190
34497,8,9,34875,1400
31533,8,9,34497,0
31533,8,9,34127,280
31533,8,9,33757,490
31533,8,9,33387,700
31533,8,9,33017,980
31533,8,9,32647,1260
31533,8,9,32277,1470
23003,8,9,24484,0
23003,8,9,24114,350
23003,8,9,23744,560
23003,8,9,23374,770
23003,8,9,23004,1050
23003,8,9,1,1330
29309,8,9,31161,0
29309,8,9,30791,280
29309,8,9,30421,420
29309,8,9,30051,700
29309,8,9,29681,910
29309,8,9,29311,1190
29309,8,9,1,1470
35615,8,9,38578,0
35615,8,9,38208,280
35615,8,9,37838,490
35615,8,9,37468,700
35615,8,9,37098,980
35615,8,9,36728,1260
35615,8,9,36358,1470
34875,8,9,36356,0
34875,8,9,35986,280
34875,8,9,35616,490
34875,8,9,35246,700
34875,8,9,34876,980
34875,8,9,1,1260
30046,8,9,32273,0
30046,8,9,31903,210
30046,8,9,31533,560
30046,8,9,31163,840
30046,8,9,30793,1050
30046,8,9,30423,1330
27082,8,9,29675,0
27082,8,9,29305,350
27082,8,9,28935,560
27082,8,9,28565,840
27082,8,9,28195,1050
27082,8,9,27825,1330
33388,8,9,36352,0
33388,8,9,35982,280
33388,8,9,35612,490
33388,8,9,35242,770
33388,8,9,34872,980
33388,8,9,34502,1260
33388,8,9,34132,1470
26336,8,9,28563,0
26336,8,9,28193,210
26336,8,9,27823,560
26336,8,9,27453,840
26336,8,9,27083,1050
26336,8,9,26713,1330
32642,8,9,34870,0
32642,8,9,34500,420
32642,8,9,34130,700
32642,8,9,33760,910
32642,8,9,33390,1190
32642,8,9,33020,1400
30424,8,9,32644,0
30424,8,9,32274,420
30424,8,9,31904,700
30424,8,9,31534,910
30424,8,9,31164,1190
30424,8,9,30794,1400
23372,8,9,25965,0
23372,8,9,25595,350
23372,8,9,25225,630
23372,8,9,24855,840
23372,8,9,24485,1120
23372,8,9,24115,1330
28562,8,9,30789,0
28562,8,9,30419,210
28562,8,9,30049,420
28562,8,9,29679,700
28562,8,9,29309,980
28562,8,9,28939,1190
28562,8,9,28569,1470
25598,8,9,28191,0
25598,8,9,27821,350
25598,8,9,27451,560
25598,8,9,27081,840
25598,8,9,26711,1050
25598,8,9,26341,1330
31904,8,9,34868,0
31904,8,9,34498,210
31904,8,9,34128,490
31904,8,9,33758,700
31904,8,9,33388,980
31904,8,9,33018,1260
31904,8,9,32648,1470
25967,8,9,28562,0
25967,8,9,28192,280
25967,8,9,27822,560
25967,8,9,27452,840
25967,8,9,27082,1050
25967,8,9,26712,1330
32273,8,9,35239,0
32273,8,9,34869,210
32273,8,9,34499,420
32273,8,9,34129,700
32273,8,9,33759,980
32273,8,9,33389,1190
32273,8,9,33019,1470
28940,8,9,31160,0
28940,8,9,30790,420
28940,8,9,30420,630
28940,8,9,30050,910
28940,8,9,29680,1120
28940,8,9,29310,1400
29677,8,9,32272,0
29677,8,9,31902,420
29677,8,9,31532,630
29677,8,9,31162,910
29677,8,9,30792,1120
29677,8,9,30422,1400
35246,8,9,36727,0
35246,8,9,36357,350
35246,8,9,35987,490
35246,8,9,35617,770
35246,8,9,35247,980
35246,8,9,1,1260
35983,8,9,38949,0
35983,8,9,38579,210
35983,8,9,38209,490
35983,8,9,37839,770
35983,8,9,37469,1050
35983,8,9,37099,1260
27822,8,9,30417,0
27822,8,9,30047,280
27822,8,9,29677,560
27822,8,9,29307,770
27822,8,9,28937,1050
27822,8,9,28567,1260
33019,8,9,34871,0
33019,8,9,34501,280
33019,8,9,34131,560
33019,8,9,33761,770
33019,8,9,33391,1050
33019,8,9,33021,1260
24114,8,9,26707,0
24114,8,9,26337,350
24114,8,9,25967,630
24114,8,9,25597,840
24114,8,9,25227,1120
24114,8,9,24857,1400
27456,8,9,29676,0
27456,8,9,29306,420
27456,8,9,28936,630
27456,8,9,28566,840
27456,8,9,28196,1120
27456,8,9,27826,1330
33762,8,9,35243,0
33762,8,9,34873,280
33762,8,9,34503,490
33762,8,9,34133,700
33762,8,9,33763,980
33762,8,9,1,1190
34499,8,9,37465,0
34499,8,9,37095,210
34499,8,9,36725,420
34499,8,9,36355,700
34499,8,9,35985,980
34499,8,9,35615,1190
34499,8,9,35245,1470
37095,8,9,39692,0
37095,8,9,39322,210
37095,8,9,38952,490
37095,8,9,38582,700
37095,8,9,38212,980
37095,8,9,37842,1260
37095,8,9,37472,1470
25229,8,9,26710,0
25229,8,9,26340,350
25229,8,9,25970,490
25229,8,9,25600,700
25229,8,9,25230,980
25229,8,9,1,1260
26338,8,9,28933,0
26338,8,9,28563,280
26338,8,9,28193,560
26338,8,9,27823,840
26338,8,9,27453,1050
26338,8,9,27083,1330
31535,8,9,33387,0
31535,8,9,33017,280
31535,8,9,32647,490
31535,8,9,32277,770
31535,8,9,31907,1050
31535,8,9,31537,1260
32644,8,9,35610,0
32644,8,9,35240,210
32644,8,9,34870,420
32644,8,9,34500,700
32644,8,9,34130,980
32644,8,9,33760,1190
32644,8,9,33390,1470
23374,8,9,24855,0
23374,8,9,24485,350
23374,8,9,24115,560
23374,8,9,23745,770
23374,8,9,23375,1050
23374,8,9,1,1260
34868,8,9,37096,0
34868,8,9,36726,420
34868,8,9,36356,700
34868,8,9,35986,910
34868,8,9,35616,1190
34868,8,9,35246,1400
30417,8,9,32644,0
30417,8,9,32274,210
30417,8,9,31904,560
30417,8,9,31534,840
30417,8,9,31164,1050
30417,8,9,30794,1330
27084,8,9,28565,0
27084,8,9,28195,280
27084,8,9,27825,490
27084,8,9,27455,700
27084,8,9,27085,980
27084,8,9,1,1190
36723,8,9,39321,0
36723,8,9,38951,210
36723,8,9,38581,490
36723,8,9,38211,700
36723,8,9,37841,980
36723,8,9,37471,1260
36723,8,9,37101,1470
29311,8,9,31531,0
29311,8,9,31161,420
29311,8,9,30791,630
29311,8,9,30421,910
29311,8,9,30051,1120
29311,8,9,29681,1400
23742,8,9,26336,0
23742,8,9,25966,420
23742,8,9,25596,630
23742,8,9,25226,910
23742,8,9,24856,1190
23742,8,9,24486,1400
24854,8,9,27449,0
24854,8,9,27079,280
24854,8,9,26709,560
24854,8,9,26339,840
24854,8,9,25969,1050
24854,8,9,25599,1330
31160,8,9,34126,0
31160,8,9,33756,210
31160,8,9,33386,490
31160,8,9,33016,700
31160,8,9,32646,980
31160,8,9,32276,1190
31160,8,9,31906,1470
36357,8,9,39320,0
36357,8,9,38950,280
36357,8,9,38580,490
36357,8,9,38210,770
36357,8,9,37840,980
36357,8,9,37470,1260
36357,8,9,37100,1470
28564,8,9,31159,0
28564,8,9,30789,280
28564,8,9,30419,490
28564,8,9,30049,770
28564,8,9,29679,980
28564,8,9,29309,1260
28564,8,9,28939,1470
28933,8,9,31160,0
28933,8,9,30790,210
28933,8,9,30420,420
28933,8,9,30050,700
28933,8,9,29680,980
28933,8,9,29310,1190
28933,8,9,28940,1470
25600,8,9,27081,0
25600,8,9,26711,280
25600,8,9,26341,490
25600,8,9,25971,700
25600,8,9,25601,980
25600,8,9,1,1190
31906,8,9,33758,0
31906,8,9,33388,280
31906,8,9,33018,490
31906,8,9,32648,770
31906,8,9,32278,1050
31906,8,9,31908,1260
25969,8,9,28562,0
25969,8,9,28192,350
25969,8,9,27822,560
25969,8,9,27452,840
25969,8,9,27082,1120
25969,8,9,26712,1330
32275,8,9,35239,0
32275,8,9,34869,280
32275,8,9,34499,490
32275,8,9,34129,770
32275,8,9,33759,980
32275,8,9,33389,1260
32275,8,9,33019,1470
35239,8,9,37837,0
35239,8,9,37467,210
35239,8,9,37097,490
35239,8,9,36727,700
35239,8,9,36357,980
35239,8,9,35987,1190
35239,8,9,35617,1470
29679,8,9,32272,0
29679,8,9,31902,420
29679,8,9,31532,630
29679,8,9,31162,910
29679,8,9,30792,1120
29679,8,9,30422,1400
35985,8,9,38949,0
35985,8,9,38579,280
35985,8,9,38209,560
35985,8,9,37839,840
35985,8,9,37469,1050
35985,8,9,37099,1330
33021,8,9,35241,0
33021,8,9,34871,420
33021,8,9,34501,700
33021,8,9,34131,910
33021,8,9,33761,1190
33021,8,9,33391,1400
27449,8,9,29676,0
27449,8,9,29306,210
27449,8,9,28936,560
27449,8,9,28566,840
27449,8,9,28196,1050
27449,8,9,27826,1330
24116,8,9,25597,0
24116,8,9,25227,350
24116,8,9,24857,560
24116,8,9,24487,770
24116,8,9,24117,1050
24116,8,9,1,1260
33755,8,9,35983,0
33755,8,9,35613,420
33755,8,9,35243,700
33755,8,9,34873,910
33755,8,9,34503,1190
33755,8,9,34133,1400
30791,8,9,33755,0
30791,8,9,33385,280
30791,8,9,33015,490
30791,8,9,32645,770
30791,8,9,32275,1050
30791,8,9,31905,1260
37097,8,9,40062,0
37097,8,9,39692,280
37097,8,9,39322,490
37097,8,9,38952,770
37097,8,9,38582,980
37097,8,9,38212,1260
37097,8,9,37842,1470
28195,8,9,30788,0
28195,8,9,30418,350
28195,8,9,30048,490
28195,8,9,29678,770
28195,8,9,29308,1050
28195,8,9,28938,1260
29304,8,9,31531,0
29304,8,9,31161,210
29304,8,9,30791,420
29304,8,9,30421,700
29304,8,9,30051,980
29304,8,9,29681,1190
29304,8,9,29311,1470
34133,8,9,35614,0
34133,8,9,35244,280
34133,8,9,34874,490
34133,8,9,34504,700
34133,8,9,34134,980
34133,8,9,1,1190
34501,8,9,37465,0
34501,8,9,37095,280
34501,8,9,36725,490
34501,8,9,36355,770
34501,8,9,35985,980
34501,8,9,35615,1260
34501,8,9,35245,1470
26340,8,9,28933,0
26340,8,9,28563,350
26340,8,9,28193,560
26340,8,9,27823,840
26340,8,9,27453,1120
26340,8,9,27083,1330
32646,8,9,35610,0
32646,8,9,35240,280
32646,8,9,34870,490
32646,8,9,34500,770
32646,8,9,34130,980
32646,8,9,33760,1260
32646,8,9,33390,1470
31537,8,9,33757,0
31537,8,9,33387,490
31537,8,9,33017,700
31537,8,9,32647,980
31537,8,9,32277,1260
31537,8,9,31907,1470
34870,8,9,37836,0
34870,8,9,37466,210
34870,8,9,37096,490
34870,8,9,36726,700
34870,8,9,36356,980
34870,8,9,35986,1190
34870,8,9,35616,1470
30419,8,9,33014,0
30419,8,9,32644,420
30419,8,9,32274,630
30419,8,9,31904,910
30419,8,9,31534,1120
30419,8,9,31164,1400
26711,8,9,29304,0
26711,8,9,28934,350
26711,8,9,28564,560
26711,8,9,28194,840
26711,8,9,27824,1120
26711,8,9,27454,1330
24856,8,9,27449,0
24856,8,9,27079,350
24856,8,9,26709,630
24856,8,9,26339,910
24856,8,9,25969,1120
24856,8,9,25599,1400
30053,8,9,32273,0
30053,8,9,31903,420
30053,8,9,31533,700
30053,8,9,31163,910
30053,8,9,30793,1190
30053,8,9,30423,1400
31162,8,9,34126,0
31162,8,9,33756,280
31162,8,9,33386,490
31162,8,9,33016,770
31162,8,9,32646,980
31162,8,9,32276,1260
28566,8,9,31159,0
28566,8,9,30789,350
28566,8,9,30419,490
28566,8,9,30049,770
28566,8,9,29679,980
28566,8,9,29309,1260
28935,8,9,31530,0
28935,8,9,31160,280
28935,8,9,30790,490
28935,8,9,30420,770
28935,8,9,30050,980
28935,8,9,29680,1260
28935,8,9,29310,1470
35241,8,9,38207,0
35241,8,9,37837,210
35241,8,9,37467,490
35241,8,9,37097,770
35241,8,9,36727,980
35241,8,9,36357,1260
35241,8,9,35987,1470
31908,8,9,34128,0
31908,8,9,33758,420
31908,8,9,33388,700
31908,8,9,33018,910
31908,8,9,32648,1190
31908,8,9,32278,1400
25971,8,9,27452,0
25971,8,9,27082,350
25971,8,9,26712,490
25971,8,9,26342,770
25971,8,9,25972,980
25971,8,9,1,1260
32277,8,9,34129,0
32277,8,9,33759,280
32277,8,9,33389,560
32277,8,9,33019,770
32277,8,9,32649,1050
32277,8,9,32279,1260
33014,8,9,35241,0
33014,8,9,34871,420
33014,8,9,34501,700
33014,8,9,34131,910
33014,8,9,33761,1190
33014,8,9,33391,1400
29681,8,9,31162,0
29681,8,9,30792,280
29681,8,9,30422,420
29681,8,9,30052,700
29681,8,9,29682,910
29681,8,9,1,1190
27451,8,9,30046,0
27451,8,9,29676,280
27451,8,9,29306,560
27451,8,9,28936,770
27451,8,9,28566,1050
27451,8,9,28196,1260
33757,8,9,36723,0
33757,8,9,36353,210
33757,8,9,35983,420
33757,8,9,35613,700
33757,8,9,35243,980
33757,8,9,34873,1190
33757,8,9,34503,1470
24487,8,9,25968,0
24487,8,9,25598,350
24487,8,9,25228,560
24487,8,9,24858,770
24487,8,9,24488,1050
24487,8,9,1,1260
30793,8,9,32645,0
30793,8,9,32275,280
30793,8,9,31905,560
30793,8,9,31535,840
30793,8,9,31165,1050
30793,8,9,30795,1330
31530,8,9,33757,0
31530,8,9,33387,420
31530,8,9,33017,630
31530,8,9,32647,910
31530,8,9,32277,1120
31530,8,9,31907,1400
28197,8,9,29308,0
28197,8,9,28938,420
28197,8,9,28568,700
28197,8,9,28198,910
28197,8,9,1,1190
34503,8,9,36355,0
34503,8,9,35985,280
34503,8,9,35615,560
34503,8,9,35245,770
34503,8,9,34875,1050
34503,8,9,34505,1260
25224,8,9,27820,0
25224,8,9,27450,280
25224,8,9,27080,560
25224,8,9,26710,840
25224,8,9,26340,1050
25224,8,9,25970,1330
34872,8,9,37836,0
34872,8,9,37466,280
34872,8,9,37096,490
34872,8,9,36726,770
34872,8,9,36356,980
34872,8,9,35986,1260
26342,8,9,27823,0
26342,8,9,27453,350
26342,8,9,27083,490
26342,8,9,26713,770
26342,8,9,26343,980
26342,8,9,1,1260
37836,8,9,40434,0
37836,8,9,40064,210
37836,8,9,39694,490
37836,8,9,39324,700
37836,8,9,38954,980
37836,8,9,38584,1260
37836,8,9,38214,1470
36352,8,9,38950,0
36352,8,9,38580,210
36352,8,9,38210,490
36352,8,9,37840,700
36352,8,9,37470,980
36352,8,9,37100,1260
36352,8,9,36730,1470
26713,8,9,28194,0
26713,8,9,27824,350
26713,8,9,27454,490
26713,8,9,27084,700
26713,8,9,26714,980
26713,8,9,1,1260
24858,8,9,26339,0
24858,8,9,25969,350
24858,8,9,25599,560
24858,8,9,25229,770
24858,8,9,24859,1050
24858,8,9,1,1260
25595,8,9,28191,0
25595,8,9,27821,280
25595,8,9,27451,560
25595,8,9,27081,840
25595,8,9,26711,1050
25595,8,9,26341,1330
31901,8,9,34128,0
31901,8,9,33758,420
31901,8,9,33388,630
31901,8,9,33018,910
31901,8,9,32648,1120
31901,8,9,32278,1400
31164,8,9,33016,0
31164,8,9,32646,280
31164,8,9,32276,560
31164,8,9,31906,770
31164,8,9,31536,1050
31164,8,9,31166,1330
37467,8,9,40433,0
37467,8,9,40063,210
37467,8,9,39693,490
37467,8,9,39323,770
37467,8,9,38953,980
37467,8,9,38583,1260
28937,8,9,31530,0
28937,8,9,31160,350
28937,8,9,30790,490
28937,8,9,30420,770
28937,8,9,30050,980
28937,8,9,29680,1260
28937,8,9,29310,1470
35243,8,9,38207,0
35243,8,9,37837,280
35243,8,9,37467,560
35243,8,9,37097,770
35243,8,9,36727,1050
35243,8,9,36357,1330
35987,8,9,37839,0
35987,8,9,37469,350
35987,8,9,37099,630
35987,8,9,36729,840
35987,8,9,36359,1120
35987,8,9,35989,1330
22262,8,9,24482,0
22262,8,9,24112,490
22262,8,9,23742,700
22262,8,9,23372,980
22262,8,9,23002,1260
22262,8,9,22632,1470
32279,8,9,34499,0
32279,8,9,34129,420
32279,8,9,33759,700
32279,8,9,33389,910
32279,8,9,33019,1190
32279,8,9,32649,1400
33016,8,9,35981,0
33016,8,9,35611,210
33016,8,9,35241,420
33016,8,9,34871,700
33016,8,9,34501,910
33016,8,9,34131,1190
33016,8,9,33761,1470
28193,8,9,30788,0
28193,8,9,30418,280
28193,8,9,30048,490
28193,8,9,29678,770
28193,8,9,29308,980
28193,8,9,28938,1260
27453,8,9,30046,0
27453,8,9,29676,350
27453,8,9,29306,560
27453,8,9,28936,770
27453,8,9,28566,1050
27453,8,9,28196,1330
33759,8,9,36723,0
33759,8,9,36353,280
33759,8,9,35983,490
33759,8,9,35613,770
33759,8,9,35243,980
33759,8,9,34873,1260
33759,8,9,34503,1470
34128,8,9,37094,0
34128,8,9,36724,210
34128,8,9,36354,420
34128,8,9,35984,700
34128,8,9,35614,980
34128,8,9,35244,1190
34128,8,9,34874,1470
25226,8,9,27820,0
25226,8,9,27450,350
25226,8,9,27080,630
25226,8,9,26710,910
25226,8,9,26340,1120
25226,8,9,25970,1400
31532,8,9,34497,0
31532,8,9,34127,210
31532,8,9,33757,420
31532,8,9,33387,700
31532,8,9,33017,910
31532,8,9,32647,1190
31532,8,9,32277,1400
37838,8,9,40804,0
37838,8,9,40434,210
37838,8,9,40064,490
37838,8,9,39694,770
37838,8,9,39324,980
37838,8,9,38954,1260
30795,8,9,33015,0
30795,8,9,32645,490
30795,8,9,32275,770
30795,8,9,31905,980
30795,8,9,31535,1260
30795,8,9,31165,1470
34874,8,9,36726,0
34874,8,9,36356,280
34874,8,9,35986,560
34874,8,9,35616,770
34874,8,9,35246,1050
34874,8,9,34876,1330
35617,9,10,37098,0
35617,9,10,36728,350
35617,9,10,36358,490
35617,9,10,35988,770
35617,9,10,35618,980
35617,9,10,1,1260
25966,9,10,28562,0
25966,9,10,28192,280
25966,9,10,27822,560
25966,9,10,27452,840
25966,9,10,27082,1050
25966,9,10,26712,1330
28939,9,10,30050,0
28939,9,10,29680,420
28939,9,10,29310,630
28939,9,10,28940,910
28939,9,10,1,1190
37094,9,10,39692,0
37094,9,10,39322,210
37094,9,10,38952,490
37094,9,10,38582,700
37094,9,10,38212,980
37094,9,10,37842,1260
37094,9,10,37472,1470
34130,9,10,37094,0
34130,9,10,36724,280
34130,9,10,36354,490
34130,9,10,35984,770
34130,9,10,35614,980
34130,9,10,35244,1260
34130,9,10,34874,1470
23373,9,10,25225,0
23373,9,10,24855,350
23373,9,10,24485,560
23373,9,10,24115,840
23373,9,10,23745,1050
23373,9,10,23375,1330
30050,9,10,32643,0
30050,9,10,32273,420
30050,9,10,31903,630
30050,9,10,31533,910
30050,9,10,31163,1120
30050,9,10,30793,1400
38580,9,10,41546,0
38580,9,10,41176,210
38580,9,10,40806,490
38580,9,10,40436,770
38580,9,10,40066,980
38580,9,10,39696,1260
38214,9,10,39695,0
38214,9,10,39325,280
38214,9,10,38955,560
38214,9,10,38585,770
38214,9,10,38215,1050
38214,9,10,1,1260
24484,9,10,27078,0
24484,9,10,26708,420
24484,9,10,26338,630
24484,9,10,25968,910
24484,9,10,25598,1190
24484,9,10,25228,1400
34500,9,10,37465,0
34500,9,10,37095,210
34500,9,10,36725,420
34500,9,10,36355,700
34500,9,10,35985,910
34500,9,10,35615,1190
34500,9,10,35245,1470
31536,9,10,33017,0
31536,9,10,32647,280
31536,9,10,32277,420
31536,9,10,31907,700
31536,9,10,31537,980
31536,9,10,1,1190
35612,9,10,38578,0
35612,9,10,38208,210
35612,9,10,37838,490
35612,9,10,37468,770
35612,9,10,37098,980
35612,9,10,36728,1260
35612,9,10,36358,1470
32648,9,10,34500,0
32648,9,10,34130,280
32648,9,10,33760,560
32648,9,10,33390,770
32648,9,10,33020,1050
32648,9,10,32650,1260
24855,9,10,27449,0
24855,9,10,27079,420
24855,9,10,26709,630
24855,9,10,26339,910
24855,9,10,25969,1190
24855,9,10,25599,1400
39691,9,10,42289,0
39691,9,10,41919,210
39691,9,10,41549,490
39691,9,10,41179,700
39691,9,10,40809,980
39691,9,10,40439,1260
39691,9,10,40069,1470
36727,9,10,39691,0
36727,9,10,39321,280
36727,9,10,38951,560
36727,9,10,38581,840
36727,9,10,38211,1050
36727,9,10,37841,1330
28934,9,10,31530,0
28934,9,10,31160,210
28934,9,10,30790,490
28934,9,10,30420,770
28934,9,10,30050,980
28934,9,10,29680,1260
28934,9,10,29310,1470
25970,9,10,27822,0
25970,9,10,27452,350
25970,9,10,27082,560
25970,9,10,26712,770
25970,9,10,26342,1050
25970,9,10,25972,1260
28568,9,10,29679,0
28568,9,10,29309,420
28568,9,10,28939,700
28568,9,10,28569,910
28568,9,10,1,1190
37098,9,10,40062,0
37098,9,10,39692,280
37098,9,10,39322,560
37098,9,10,38952,840
37098,9,10,38582,1050
37098,9,10,38212,1330
34134,9,10,36354,0
34134,9,10,35984,490
34134,9,10,35614,700
34134,9,10,35244,980
34134,9,10,34874,1260
34134,9,10,34504,1470
23002,9,10,24854,0
23002,9,10,24484,420
23002,9,10,24114,630
23002,9,10,23744,840
23002,9,10,23374,1120
23002,9,10,23004,1330
27081,9,10,29675,0
27081,9,10,29305,350
27081,9,10,28935,630
27081,9,10,28565,840
27081,9,10,28195,1120
27081,9,10,27825,1330
38209,9,10,41175,0
38209,9,10,40805,210
38209,9,10,40435,490
38209,9,10,40065,770
38209,9,10,39695,980
38209,9,10,39325,1260
35245,9,10,37097,0
35245,9,10,36727,350
35245,9,10,36357,560
35245,9,10,35987,840
35245,9,10,35617,1120
35245,9,10,35247,1330
27452,9,10,30046,0
27452,9,10,29676,350
27452,9,10,29306,630
27452,9,10,28936,840
27452,9,10,28566,1120
27452,9,10,28196,1330
24488,9,10,26708,0
24488,9,10,26338,490
24488,9,10,25968,700
24488,9,10,25598,980
24488,9,10,25228,1260
24488,9,10,24858,1470
39324,9,10,42288,0
39324,9,10,41918,280
39324,9,10,41548,560
39324,9,10,41178,840
39324,9,10,40808,1050
39324,9,10,40438,1330
31531,9,10,34497,0
31531,9,10,34127,210
31531,9,10,33757,420
31531,9,10,33387,700
31531,9,10,33017,910
31531,9,10,32647,1190
31531,9,10,32277,1400
32643,9,10,34870,0
32643,9,10,34500,420
32643,9,10,34130,700
32643,9,10,33760,910
32643,9,10,33390,1190
32643,9,10,33020,1400
35616,9,10,37468,0
35616,9,10,37098,350
35616,9,10,36728,560
35616,9,10,36358,840
35616,9,10,35988,1120
35616,9,10,35618,1330
39695,9,10,42659,0
39695,9,10,42289,280
39695,9,10,41919,560
39695,9,10,41549,840
39695,9,10,41179,1050
39695,9,10,40809,1330
25965,9,10,28192,0
25965,9,10,27822,210
25965,9,10,27452,560
25965,9,10,27082,840
25965,9,10,26712,1050
25965,9,10,26342,1330
28563,9,10,31159,0
28563,9,10,30789,210
28563,9,10,30419,490
28563,9,10,30049,770
28563,9,10,29679,980
28563,9,10,29309,1260
28563,9,10,28939,1470
25599,9,10,27451,0
25599,9,10,27081,350
25599,9,10,26711,560
25599,9,10,26341,770
25599,9,10,25971,1050
25599,9,10,25601,1260
29678,9,10,32642,0
29678,9,10,32272,210
29678,9,10,31902,490
29678,9,10,31532,700
29678,9,10,31162,980
29678,9,10,30792,1190
29678,9,10,30422,1470
34129,9,10,37094,0
34129,9,10,36724,210
34129,9,10,36354,420
34129,9,10,35984,700
34129,9,10,35614,910
34129,9,10,35244,1190
34129,9,10,34874,1470
30049,9,10,33013,0
30049,9,10,32643,210
30049,9,10,32273,490
30049,9,10,31903,700
30049,9,10,31533,980
30049,9,10,31163,1190
30049,9,10,30793,1470
27085,9,10,29305,0
27085,9,10,28935,420
27085,9,10,28565,630
27085,9,10,28195,910
27085,9,10,27825,1120
27085,9,10,27455,1400
35240,9,10,37837,0
35240,9,10,37467,210
35240,9,10,37097,490
35240,9,10,36727,700
35240,9,10,36357,980
35240,9,10,35987,1190
35240,9,10,35617,1470
38213,9,10,40065,0
38213,9,10,39695,350
38213,9,10,39325,630
38213,9,10,38955,840
38213,9,10,38585,1120
38213,9,10,38215,1330
24483,9,10,27078,0
24483,9,10,26708,280
24483,9,10,26338,560
24483,9,10,25968,840
24483,9,10,25598,1050
24483,9,10,25228,1330
35611,9,10,38208,0
35611,9,10,37838,210
35611,9,10,37468,490
35611,9,10,37098,700
35611,9,10,36728,980
35611,9,10,36358,1190
35611,9,10,35988,1470
32647,9,10,35610,0
32647,9,10,35240,280
32647,9,10,34870,420
32647,9,10,34500,700
32647,9,10,34130,910
32647,9,10,33760,1190
32647,9,10,33390,1400
36726,9,10,39691,0
36726,9,10,39321,280
36726,9,10,38951,490
36726,9,10,38581,770
36726,9,10,38211,980
36726,9,10,37841,1260
36726,9,10,37471,1470
28567,9,10,30419,0
28567,9,10,30049,280
28567,9,10,29679,420
28567,9,10,29309,700
28567,9,10,28939,910
28567,9,10,28569,1190
28567,9,10,1,1470
29682,9,10,31902,0
29682,9,10,31532,420
29682,9,10,31162,700
29682,9,10,30792,910
29682,9,10,30422,1190
29682,9,10,30052,1400
37837,9,10,40434,0
37837,9,10,40064,210
37837,9,10,39694,490
37837,9,10,39324,700
37837,9,10,38954,980
37837,9,10,38584,1260
37837,9,10,38214,1470
27080,9,10,29675,0
27080,9,10,29305,280
27080,9,10,28935,560
27080,9,10,28565,770
27080,9,10,28195,1050
27080,9,10,27825,1260
31165,9,10,32646,0
31165,9,10,32276,280
31165,9,10,31906,490
31165,9,10,31536,700
31165,9,10,31166,980
31165,9,10,1,1260
38208,9,10,40805,0
38208,9,10,40435,210
38208,9,10,40065,490
38208,9,10,39695,700
38208,9,10,39325,980
38208,9,10,38955,1260
38208,9,10,38585,1470
35244,9,10,38207,0
35244,9,10,37837,280
35244,9,10,37467,490
35244,9,10,37097,700
35244,9,10,36727,980
35244,9,10,36357,1260
35244,9,10,35987,1470
39323,9,10,42288,0
39323,9,10,41918,280
39323,9,10,41548,490
39323,9,10,41178,770
39323,9,10,40808,980
39323,9,10,40438,1260
39323,9,10,40068,1470
28191,9,10,30418,0
28191,9,10,30048,210
28191,9,10,29678,490
28191,9,10,29308,700
28191,9,10,28938,980
28191,9,10,28568,1190
28191,9,10,28198,1470
32642,9,10,34870,0
32642,9,10,34500,420
32642,9,10,34130,700
32642,9,10,33760,910
32642,9,10,33390,1190
32642,9,10,33020,1400
35615,9,10,38578,0
35615,9,10,38208,280
35615,9,10,37838,490
35615,9,10,37468,700
35615,9,10,37098,980
35615,9,10,36728,1260
35615,9,10,36358,1470
36730,9,10,38211,0
36730,9,10,37841,350
36730,9,10,37471,560
36730,9,10,37101,770
36730,9,10,36731,1050
36730,9,10,1,1260
28562,9,10,30789,0
28562,9,10,30419,210
28562,9,10,30049,420
28562,9,10,29679,700
28562,9,10,29309,980
28562,9,10,28939,1190
28562,9,10,28569,1470
25598,9,10,28191,0
25598,9,10,27821,350
25598,9,10,27451,560
25598,9,10,27081,840
25598,9,10,26711,1050
25598,9,10,26341,1330
29677,9,10,32272,0
29677,9,10,31902,420
29677,9,10,31532,630
29677,9,10,31162,910
29677,9,10,30792,1120
29677,9,10,30422,1400
33762,9,10,35243,0
33762,9,10,34873,280
33762,9,10,34503,490
33762,9,10,34133,700
33762,9,10,33763,980
33762,9,10,1,1190
40805,9,10,43402,0
40805,9,10,43032,210
40805,9,10,42662,490
40805,9,10,42292,700
40805,9,10,41922,980
40805,9,10,41552,1260
40805,9,10,41182,1470
34868,9,10,37096,0
34868,9,10,36726,420
34868,9,10,36356,700
34868,9,10,35986,910
34868,9,10,35616,1190
34868,9,10,35246,1400
37841,9,10,40804,0
37841,9,10,40434,280
37841,9,10,40064,490
37841,9,10,39694,770
37841,9,10,39324,980
37841,9,10,38954,1260
37841,9,10,38584,1470
27084,9,10,28565,0
27084,9,10,28195,280
27084,9,10,27825,490
27084,9,10,27455,700
27084,9,10,27085,980
27084,9,10,1,1190
31160,9,10,34126,0
31160,9,10,33756,210
31160,9,10,33386,490
31160,9,10,33016,700
31160,9,10,32646,980
31160,9,10,32276,1190
31160,9,10,31906,1470
35239,9,10,37837,0
35239,9,10,37467,210
35239,9,10,37097,490
35239,9,10,36727,700
35239,9,10,36357,980
35239,9,10,35987,1190
35239,9,10,35617,1470
38212,9,10,41175,0
38212,9,10,40805,280
38212,9,10,40435,490
38212,9,10,40065,770
38212,9,10,39695,980
38212,9,10,39325,1260
38212,9,10,38955,1470
32275,9,10,35239,0
32275,9,10,34869,280
32275,9,10,34499,490
32275,9,10,34129,770
32275,9,10,33759,980
32275,9,10,33389,1260
32275,9,10,33019,1470
24116,9,10,25597,0
24116,9,10,25227,350
24116,9,10,24857,560
24116,9,10,24487,770
24116,9,10,24117,1050
24116,9,10,1,1260
28195,9,10,30788,0
28195,9,10,30418,350
28195,9,10,30048,490
28195,9,10,29678,770
28195,9,10,29308,1050
28195,9,10,28938,1260
32646,9,10,35610,0
32646,9,10,35240,280
32646,9,10,34870,490
32646,9,10,34500,770
32646,9,10,34130,980
32646,9,10,33760,1260
32646,9,10,33390,1470
36359,9,10,37840,0
36359,9,10,37470,350
36359,9,10,37100,560
36359,9,10,36730,770
36359,9,10,36360,1050
36359,9,10,1,1260
28566,9,10,31159,0
28566,9,10,30789,350
28566,9,10,30419,490
28566,9,10,30049,770
28566,9,10,29679,980
28566,9,10,29309,1260
29681,9,10,31162,0
29681,9,10,30792,280
29681,9,10,30422,420
29681,9,10,30052,700
29681,9,10,29682,910
29681,9,10,1,1190
33757,9,10,36723,0
33757,9,10,36353,210
33757,9,10,35983,420
33757,9,10,35613,700
33757,9,10,35243,980
33757,9,10,34873,1190
33757,9,10,34503,1470
30793,9,10,32645,0
30793,9,10,32275,280
30793,9,10,31905,560
30793,9,10,31535,840
30793,9,10,31165,1050
30793,9,10,30795,1330
37836,9,10,40434,0
37836,9,10,40064,210
37836,9,10,39694,490
37836,9,10,39324,700
37836,9,10,38954,980
37836,9,10,38584,1260
37836,9,10,38214,1470
34872,9,10,37836,0
34872,9,10,37466,280
34872,9,10,37096,490
34872,9,10,36726,770
34872,9,10,36356,980
34872,9,10,35986,1260
26713,9,10,28194,0
26713,9,10,27824,350
26713,9,10,27454,490
26713,9,10,27084,700
26713,9,10,26714,980
26713,9,10,1,1260
31164,9,10,33016,0
31164,9,10,32646,280
31164,9,10,32276,560
31164,9,10,31906,770
31164,9,10,31536,1050
31164,9,10,31166,1330
35243,9,10,38207,0
35243,9,10,37837,280
35243,9,10,37467,560
35243,9,10,37097,770
35243,9,10,36727,1050
35243,9,10,36357,1330
32279,9,10,34499,0
32279,9,10,34129,420
32279,9,10,33759,700
32279,9,10,33389,910
32279,9,10,33019,1190
32279,9,10,32649,1400
25226,9,10,27820,0
25226,9,10,27450,350
25226,9,10,27080,630
25226,9,10,26710,910
25226,9,10,26340,1120
25226,9,10,25970,1400
40434,9,10,43031,0
40434,9,10,42661,210
40434,9,10,42291,490
40434,9,10,41921,700
40434,9,10,41551,980
40434,9,10,41181,1260
40434,9,10,40811,1470
36354,9,10,39320,0
36354,9,10,38950,210
36354,9,10,38580,490
36354,9,10,38210,770
36354,9,10,37840,980
36354,9,10,37470,1260
33390,9,10,35242,0
33390,9,10,34872,280
33390,9,10,34502,560
33390,9,10,34132,770
33390,9,10,33762,1050
33390,9,10,33392,1260
25597,9,10,28191,0
25597,9,10,27821,350
25597,9,10,27451,630
25597,9,10,27081,840
25597,9,10,26711,1120
25597,9,10,26341,1400
37469,9,10,40433,0
37469,9,10,40063,280
37469,9,10,39693,560
37469,9,10,39323,840
37469,9,10,38953,1050
37469,9,10,38583,1330
22633,9,10,24853,0
22633,9,10,24483,490
22633,9,10,24113,770
22633,9,10,23743,980
22633,9,10,23373,1260
22633,9,10,23003,1470
30788,9,10,33015,0
30788,9,10,32645,420
30788,9,10,32275,630
30788,9,10,31905,910
30788,9,10,31535,1120
30788,9,10,31165,1400
33761,9,10,35613,0
33761,9,10,35243,280
33761,9,10,34873,560
33761,9,10,34503,770
33761,9,10,34133,1050
33761,9,10,33763,1260
27824,9,10,30417,0
27824,9,10,30047,350
27824,9,10,29677,560
27824,9,10,29307,770
27824,9,10,28937,1050
27824,9,10,28567,1260
40804,9,10,43402,0
40804,9,10,43032,210
40804,9,10,42662,490
40804,9,10,42292,700
40804,9,10,41922,980
40804,9,10,41552,1260
40804,9,10,41182,1470
37840,9,10,40804,0
37840,9,10,40434,280
37840,9,10,40064,560
37840,9,10,39694,840
37840,9,10,39324,1050
37840,9,10,38954,1330
34876,9,10,37096,0
34876,9,10,36726,490
34876,9,10,36356,770
34876,9,10,35986,980
34876,9,10,35616,1260
34876,9,10,35246,1470
26708,9,10,29304,0
26708,9,10,28934,280
26708,9,10,28564,560
26708,9,10,28194,770
26708,9,10,27824,1050
26708,9,10,27454,1330
38952,9,10,41917,0
38952,9,10,41547,280
38952,9,10,41177,490
38952,9,10,40807,770
38952,9,10,40437,980
38952,9,10,40067,1260
38952,9,10,39697,1470
23744,9,10,25596,0
23744,9,10,25226,350
23744,9,10,24856,560
23744,9,10,24486,840
23744,9,10,24116,1050
23744,9,10,23746,1330
31159,9,10,33756,0
31159,9,10,33386,140
31159,9,10,33016,420
31159,9,10,32646,700
31159,9,10,32276,910
31159,9,10,31906,1190
31159,9,10,31536,1400
32274,9,10,35239,0
32274,9,10,34869,210
32274,9,10,34499,420
32274,9,10,34129,700
32274,9,10,33759,910
32274,9,10,33389,1190
32274,9,10,33019,1470
24115,9,10,25967,0
24115,9,10,25597,350
24115,9,10,25227,560
24115,9,10,24857,840
24115,9,10,24487,1050
24115,9,10,24117,1330
35987,9,10,37839,0
35987,9,10,37469,350
35987,9,10,37099,630
35987,9,10,36729,840
35987,9,10,36359,1120
35987,9,10,35989,1330
28194,9,10,30788,0
28194,9,10,30418,350
28194,9,10,30048,560
28194,9,10,29678,840
28194,9,10,29308,1120
28194,9,10,28938,1330
25230,9,10,27450,0
25230,9,10,27080,420
25230,9,10,26710,630
25230,9,10,26340,910
25230,9,10,25970,1190
25230,9,10,25600,1400
29306,9,10,31901,0
29306,9,10,31531,280
29306,9,10,31161,490
29306,9,10,30791,770
29306,9,10,30421,980
29306,9,10,30051,1260
29306,9,10,29681,1470
33385,9,10,35612,0
33385,9,10,35242,420
33385,9,10,34872,700
33385,9,10,34502,910
33385,9,10,34132,1190
33385,9,10,33762,1400
36358,9,10,38210,0
36358,9,10,37840,350
36358,9,10,37470,630
36358,9,10,37100,840
36358,9,10,36730,1120
36358,9,10,36360,1330
30421,9,10,33014,0
30421,9,10,32644,420
30421,9,10,32274,630
30421,9,10,31904,910
30421,9,10,31534,1120
30421,9,10,31164,1400
33756,9,10,35983,0
33756,9,10,35613,420
33756,9,10,35243,700
33756,9,10,34873,910
33756,9,10,34503,1190
33756,9,10,34133,1400
30792,9,10,33755,0
30792,9,10,33385,280
30792,9,10,33015,490
30792,9,10,32645,700
30792,9,10,32275,980
30792,9,10,31905,1190
30792,9,10,31535,1470
34871,9,10,37836,0
34871,9,10,37466,210
34871,9,10,37096,420
34871,9,10,36726,700
34871,9,10,36356,980
34871,9,10,35986,1190
34871,9,10,35616,1470
26712,9,10,28564,0
26712,9,10,28194,350
26712,9,10,27824,490
26712,9,10,27454,770
26712,9,10,27084,980
26712,9,10,26714,1260
40062,9,10,42660,0
40062,9,10,42290,210
40062,9,10,41920,490
40062,9,10,41550,700
40062,9,10,41180,980
40062,9,10,40810,1260
40062,9,10,40440,1470
31903,9,10,34868,0
31903,9,10,34498,210
31903,9,10,34128,420
31903,9,10,33758,700
31903,9,10,33388,910
31903,9,10,33018,1190
31903,9,10,32648,1400
35982,9,10,38579,0
35982,9,10,38209,210
35982,9,10,37839,490
35982,9,10,37469,770
35982,9,10,37099,980
35982,9,10,36729,1260
35982,9,10,36359,1470
33018,9,10,35981,0
33018,9,10,35611,280
33018,9,10,35241,420
33018,9,10,34871,700
33018,9,10,34501,910
33018,9,10,34131,1190
33018,9,10,33761,1400
25225,9,10,27820,0
25225,9,10,27450,280
25225,9,10,27080,560
25225,9,10,26710,770
25225,9,10,26340,1050
25225,9,10,25970,1330
40433,9,10,43031,0
40433,9,10,42661,210
40433,9,10,42291,490
40433,9,10,41921,700
40433,9,10,41551,980
40433,9,10,41181,1260
40433,9,10,40811,1470
26337,9,10,28933,0
26337,9,10,28563,280
26337,9,10,28193,560
26337,9,10,27823,840
26337,9,10,27453,1050
26337,9,10,27083,1330
29310,9,10,30421,0
29310,9,10,30051,420
29310,9,10,29681,630
29310,9,10,29311,910
29310,9,10,1,1120
36353,9,10,38950,0
36353,9,10,38580,210
36353,9,10,38210,490
36353,9,10,37840,700
36353,9,10,37470,980
36353,9,10,37100,1260
36353,9,10,36730,1470
33389,9,10,36352,0
33389,9,10,35982,280
33389,9,10,35612,420
33389,9,10,35242,700
33389,9,10,34872,910
33389,9,10,34502,1190
33389,9,10,34132,1400
37468,9,10,40433,0
37468,9,10,40063,280
37468,9,10,39693,490
37468,9,10,39323,770
37468,9,10,38953,980
37468,9,10,38583,1260
37468,9,10,38213,1470
27823,9,10,30417,0
27823,9,10,30047,350
27823,9,10,29677,560
27823,9,10,29307,840
27823,9,10,28937,1120
27823,9,10,28567,1330
26707,9,10,28934,0
26707,9,10,28564,210
26707,9,10,28194,560
26707,9,10,27824,840
26707,9,10,27454,1050
26707,9,10,27084,1330
23743,9,10,26336,0
23743,9,10,25966,350
23743,9,10,25596,630
23743,9,10,25226,840
23743,9,10,24856,1120
23743,9,10,24486,1400
38951,9,10,41917,0
38951,9,10,41547,210
38951,9,10,41177,490
38951,9,10,40807,770
38951,9,10,40437,980
38951,9,10,40067,1260
31907,9,10,33388,0
31907,9,10,33018,280
31907,9,10,32648,420
31907,9,10,32278,700
31907,9,10,31908,980
31907,9,10,1,1190
33013,9,10,35241,0
33013,9,10,34871,420
33013,9,10,34501,700
33013,9,10,34131,910
33013,9,10,33761,1190
33013,9,10,33391,1400
35986,9,10,38949,0
35986,9,10,38579,280
35986,9,10,38209,490
35986,9,10,37839,770
35986,9,10,37469,980
35986,9,10,37099,1260
35986,9,10,36729,1470
29305,9,10,31901,0
29305,9,10,31531,210
29305,9,10,31161,490
29305,9,10,30791,770
29305,9,10,30421,980
29305,9,10,30051,1260
29305,9,10,29681,1470
26341,9,10,28193,0
26341,9,10,27823,350
26341,9,10,27453,560
26341,9,10,27083,770
26341,9,10,26713,1050
26341,9,10,26343,1260
33384,9,10,35612,0
33384,9,10,35242,420
33384,9,10,34872,700
33384,9,10,34502,910
33384,9,10,34132,1190
33384,9,10,33762,1400
30420,9,10,33384,0
30420,9,10,33014,210
30420,9,10,32644,490
30420,9,10,32274,700
30420,9,10,31904,980
30420,9,10,31534,1190
30420,9,10,31164,1470
38584,9,10,40436,0
38584,9,10,40066,350
38584,9,10,39696,630
38584,9,10,39326,840
38584,9,10,38956,1120
38584,9,10,38586,1330
27827,9,10,30047,0
27827,9,10,29677,420
27827,9,10,29307,630
27827,9,10,28937,840
27827,9,10,28567,1120
27827,9,10,28197,1330
34504,9,10,35985,0
34504,9,10,35615,280
34504,9,10,35245,490
34504,9,10,34875,700
34504,9,10,34505,980
34504,9,10,1,1190
38955,9,10,40807,0
38955,9,10,40437,350
38955,9,10,40067,630
38955,9,10,39697,840
38955,9,10,39327,1120
38955,9,10,38957,1330
24859,9,10,27079,0
24859,9,10,26709,490
24859,9,10,26339,700
24859,9,10,25969,980
24859,9,10,25599,1260
24859,9,10,25229,1470
31902,9,10,34868,0
31902,9,10,34498,140
31902,9,10,34128,420
31902,9,10,33758,700
31902,9,10,33388,910
31902,9,10,33018,1190
31902,9,10,32648,1400
28938,9,10,30790,0
28938,9,10,30420,280
28938,9,10,30050,420
28938,9,10,29680,700
28938,9,10,29310,910
28938,9,10,28940,1190
28938,9,10,1,1470
35981,9,10,38579,0
35981,9,10,38209,210
35981,9,10,37839,490
35981,9,10,37469,700
35981,9,10,37099,980
35981,9,10,36729,1260
35981,9,10,36359,1470
33017,9,10,35981,0
33017,9,10,35611,280
33017,9,10,35241,490
33017,9,10,34871,770
33017,9,10,34501,980
33017,9,10,34131,1260
33017,9,10,33761,1470
26336,9,10,28563,0
26336,9,10,28193,210
26336,9,10,27823,560
26336,9,10,27453,840
26336,9,10,27083,1050
26336,9,10,26713,1330
29309,9,10,31161,0
29309,9,10,30791,280
29309,9,10,30421,420
29309,9,10,30051,700
29309,9,10,29681,910
29309,9,10,29311,1190
29309,9,10,1,1470
23372,9,10,25965,0
23372,9,10,25595,350
23372,9,10,25225,630
23372,9,10,24855,840
23372,9,10,24485,1120
23372,9,10,24115,1330
33388,9,10,36352,0
33388,9,10,35982,280
33388,9,10,35612,490
33388,9,10,35242,770
33388,9,10,34872,980
33388,9,10,34502,1260
33388,9,10,34132,1470
30424,9,10,32644,0
30424,9,10,32274,420
30424,9,10,31904,700
30424,9,10,31534,910
30424,9,10,31164,1190
30424,9,10,30794,1400
38579,9,10,41176,0
38579,9,10,40806,210
38579,9,10,40436,490
38579,9,10,40066,700
38579,9,10,39696,980
38579,9,10,39326,1260
38579,9,10,38956,1470
27822,9,10,30417,0
27822,9,10,30047,280
27822,9,10,29677,560
27822,9,10,29307,770
27822,9,10,28937,1050
27822,9,10,28567,1260
27456,9,10,29676,0
27456,9,10,29306,420
27456,9,10,28936,630
27456,9,10,28566,840
27456,9,10,28196,1120
27456,9,10,27826,1330
34499,9,10,37465,0
34499,9,10,37095,210
34499,9,10,36725,420
34499,9,10,36355,700
34499,9,10,35985,980
34499,9,10,35615,1190
34499,9,10,35245,1470
31535,9,10,33387,0
31535,9,10,33017,280
31535,9,10,32647,490
31535,9,10,32277,770
31535,9,10,31907,1050
31535,9,10,31537,1260
38950,9,10,41547,0
38950,9,10,41177,210
38950,9,10,40807,490
38950,9,10,40437,700
38950,9,10,40067,980
38950,9,10,39697,1260
38950,9,10,39327,1470
23742,9,10,26336,0
23742,9,10,25966,420
23742,9,10,25596,630
23742,9,10,25226,910
23742,9,10,24856,1190
23742,9,10,24486,1400
40065,9,10,43030,0
40065,9,10,42660,280
40065,9,10,42290,490
40065,9,10,41920,770
40065,9,10,41550,980
40065,9,10,41180,1260
40065,9,10,40810,1470
24854,9,10,27449,0
24854,9,10,27079,280
24854,9,10,26709,560
24854,9,10,26339,840
24854,9,10,25969,1050
24854,9,10,25599,1330
28933,9,10,31160,0
28933,9,10,30790,210
28933,9,10,30420,420
28933,9,10,30050,700
28933,9,10,29680,980
28933,9,10,29310,1190
28933,9,10,28940,1470
31906,9,10,33758,0
31906,9,10,33388,280
31906,9,10,33018,490
31906,9,10,32648,770
31906,9,10,32278,1050
31906,9,10,31908,1260
25969,9,10,28562,0
25969,9,10,28192,350
25969,9,10,27822,560
25969,9,10,27452,840
25969,9,10,27082,1120
25969,9,10,26712,1330
35985,9,10,38949,0
35985,9,10,38579,280
35985,9,10,38209,560
35985,9,10,37839,840
35985,9,10,37469,1050
35985,9,10,37099,1330
33021,9,10,35241,0
33021,9,10,34871,420
33021,9,10,34501,700
33021,9,10,34131,910
33021,9,10,33761,1190
33021,9,10,33391,1400
37097,9,10,40062,0
37097,9,10,39692,280
37097,9,10,39322,490
37097,9,10,38952,770
37097,9,10,38582,980
37097,9,10,38212,1260
37097,9,10,37842,1470
29304,9,10,31531,0
29304,9,10,31161,210
29304,9,10,30791,420
29304,9,10,30421,700
29304,9,10,30051,980
29304,9,10,29681,1190
29304,9,10,29311,1470
34133,9,10,35614,0
34133,9,10,35244,280
34133,9,10,34874,490
34133,9,10,34504,700
34133,9,10,34134,980
34133,9,10,1,1190
26340,9,10,28933,0
26340,9,10,28563,350
26340,9,10,28193,560
26340,9,10,27823,840
26340,9,10,27453,1120
26340,9,10,27083,1330
30419,9,10,33014,0
30419,9,10,32644,420
30419,9,10,32274,630
30419,9,10,31904,910
30419,9,10,31534,1120
30419,9,10,31164,1400
30053,9,10,32273,0
30053,9,10,31903,420
30053,9,10,31533,700
30053,9,10,31163,910
30053,9,10,30793,1190
30053,9,10,30423,1400
38583,9,10,41546,0
38583,9,10,41176,280
38583,9,10,40806,490
38583,9,10,40436,770
38583,9,10,40066,980
38583,9,10,39696,1260
38583,9,10,39326,1470
27451,9,10,30046,0
27451,9,10,29676,280
27451,9,10,29306,560
27451,9,10,28936,770
27451,9,10,28566,1050
27451,9,10,28196,1260
24487,9,10,25968,0
24487,9,10,25598,350
24487,9,10,25228,560
24487,9,10,24858,770
24487,9,10,24488,1050
24487,9,10,1,1260
31530,9,10,33757,0
31530,9,10,33387,420
31530,9,10,33017,630
31530,9,10,32647,910
31530,9,10,32277,1120
31530,9,10,31907,1400
34503,9,10,36355,0
34503,9,10,35985,280
34503,9,10,35615,560
34503,9,10,35245,770
34503,9,10,34875,1050
34503,9,10,34505,1260
24858,9,10,26339,0
24858,9,10,25969,350
24858,9,10,25599,560
24858,9,10,25229,770
24858,9,10,24859,1050
24858,9,10,1,1260
39694,9,10,42659,0
39694,9,10,42289,280
39694,9,10,41919,490
39694,9,10,41549,770
39694,9,10,41179,980
39694,9,10,40809,1260
39694,9,10,40439,1470
31901,9,10,34128,0
31901,9,10,33758,420
31901,9,10,33388,630
31901,9,10,33018,910
31901,9,10,32648,1120
31901,9,10,32278,1400
28937,9,10,31530,0
28937,9,10,31160,350
28937,9,10,30790,490
28937,9,10,30420,770
28937,9,10,30050,980
28937,9,10,29680,1260
28937,9,10,29310,1470
33016,9,10,35981,0
33016,9,10,35611,210
33016,9,10,35241,420
33016,9,10,34871,700
33016,9,10,34501,910
33016,9,10,34131,1190
33016,9,10,33761,1470
34128,9,10,37094,0
34128,9,10,36724,210
34128,9,10,36354,420
34128,9,10,35984,700
34128,9,10,35614,980
34128,9,10,35244,1190
34128,9,10,34874,1470
37101,9,10,38582,0
37101,9,10,38212,350
37101,9,10,37842,560
37101,9,10,37472,770
37101,9,10,37102,1050
37101,9,10,1,1260
30048,9,10,32643,0
30048,9,10,32273,420
30048,9,10,31903,630
30048,9,10,31533,910
30048,9,10,31163,1120
30048,9,10,30793,1400
38578,9,10,41176,0
38578,9,10,40806,140
38578,9,10,40436,490
38578,9,10,40066,700
38578,9,10,39696,980
38578,9,10,39326,1260
38578,9,10,38956,1470
24482,9,10,27078,0
24482,9,10,26708,350
24482,9,10,26338,560
24482,9,10,25968,840
24482,9,10,25598,1120
24482,9,10,25228,1330
27455,9,10,28936,0
27455,9,10,28566,280
27455,9,10,28196,420
27455,9,10,27826,700
27455,9,10,27456,980
27455,9,10,1,1190
34498,9,10,36725,0
34498,9,10,36355,420
34498,9,10,35985,700
34498,9,10,35615,910
34498,9,10,35245,1190
34498,9,10,34875,1400
31534,9,10,34127,0
31534,9,10,33757,420
31534,9,10,33387,630
31534,9,10,33017,910
31534,9,10,32647,1190
31534,9,10,32277,1400
35610,9,10,38208,0
35610,9,10,37838,210
35610,9,10,37468,490
35610,9,10,37098,700
35610,9,10,36728,980
35610,9,10,36358,1190
35610,9,10,35988,1470
24853,9,10,27449,0
24853,9,10,27079,350
24853,9,10,26709,560
24853,9,10,26339,840
24853,9,10,25969,1120
24853,9,10,25599,1330
36725,9,10,39691,0
36725,9,10,39321,210
36725,9,10,38951,490
36725,9,10,38581,770
36725,9,10,38211,980
36725,9,10,37841,1260
25968,9,10,28562,0
25968,9,10,28192,420
25968,9,10,27822,630
25968,9,10,27452,910
25968,9,10,27082,1120
25968,9,10,26712,1400
37096,9,10,40062,0
37096,9,10,39692,210
37096,9,10,39322,490
37096,9,10,38952,770
37096,9,10,38582,980
37096,9,10,38212,1260
34132,9,10,35984,0
34132,9,10,35614,280
34132,9,10,35244,560
34132,9,10,34874,770
34132,9,10,34504,1050
34132,9,10,34134,1260
23375,9,10,25595,0
23375,9,10,25225,490
23375,9,10,24855,700
23375,9,10,24485,980
23375,9,10,24115,1190
23375,9,10,23745,1470
27079,9,10,29675,0
27079,9,10,29305,210
27079,9,10,28935,560
27079,9,10,28565,770
27079,9,10,28195,1050
27079,9,10,27825,1330
30052,9,10,31533,0
30052,9,10,31163,280
30052,9,10,30793,420
30052,9,10,30423,700
30052,9,10,30053,910
30052,9,10,1,1190
38207,9,10,40805,0
38207,9,10,40435,140
38207,9,10,40065,490
38207,9,10,39695,700
38207,9,10,39325,980
38207,9,10,38955,1260
38207,9,10,38585,1470
27450,9,10,30046,0
27450,9,10,29676,210
27450,9,10,29306,560
27450,9,10,28936,770
27450,9,10,28566,1050
27450,9,10,28196,1330
39322,9,10,42288,0
39322,9,10,41918,210
39322,9,10,41548,490
39322,9,10,41178,770
39322,9,10,40808,980
39322,9,10,40438,1260
24486,9,10,26338,0
24486,9,10,25968,350
24486,9,10,25598,560
24486,9,10,25228,840
24486,9,10,24858,1050
24486,9,10,24488,1330
35614,9,10,38578,0
35614,9,10,38208,280
35614,9,10,37838,560
35614,9,10,37468,770
35614,9,10,37098,1050
35614,9,10,36728,1330
32650,9,10,34870,0
32650,9,10,34500,420
32650,9,10,34130,700
32650,9,10,33760,910
32650,9,10,33390,1190
32650,9,10,33020,1400
24857,9,10,26709,0
24857,9,10,26339,350
24857,9,10,25969,560
24857,9,10,25599,840
24857,9,10,25229,1050
24857,9,10,24859,1330
39693,9,10,42659,0
39693,9,10,42289,210
39693,9,10,41919,490
39693,9,10,41549,770
39693,9,10,41179,980
39693,9,10,40809,1260
36729,9,10,38581,0
36729,9,10,38211,350
36729,9,10,37841,630
36729,9,10,37471,840
36729,9,10,37101,1120
36729,9,10,36731,1330
25972,9,10,28192,0
25972,9,10,27822,420
25972,9,10,27452,630
25972,9,10,27082,910
25972,9,10,26712,1190
25972,9,10,26342,1400
29676,9,10,32272,0
29676,9,10,31902,420
29676,9,10,31532,630
29676,9,10,31162,910
29676,9,10,30792,1120
29676,9,10,30422,1400
34127,9,10,36354,0
34127,9,10,35984,420
34127,9,10,35614,700
34127,9,10,35244,910
34127,9,10,34874,1190
34127,9,10,34504,1400
37100,9,10,38952,0
37100,9,10,38582,350
37100,9,10,38212,630
37100,9,10,37842,840
37100,9,10,37472,1120
37100,9,10,37102,1330
23004,9,10,25224,0
23004,9,10,24854,490
23004,9,10,24484,700
23004,9,10,24114,980
23004,9,10,23744,1190
23004,9,10,23374,1470
30047,9,10,32643,0
30047,9,10,32273,420
30047,9,10,31903,630
30047,9,10,31533,910
30047,9,10,31163,1120
30047,9,10,30793,1400
27083,9,10,28935,0
27083,9,10,28565,350
27083,9,10,28195,490
27083,9,10,27825,770
27083,9,10,27455,980
27083,9,10,27085,1260
27083,9,10,1,1470
38211,9,10,41175,0
38211,9,10,40805,280
38211,9,10,40435,560
38211,9,10,40065,840
38211,9,10,39695,1050
38211,9,10,39325,1330
35247,9,10,37467,0
35247,9,10,37097,490
35247,9,10,36727,770
35247,9,10,36357,980
35247,9,10,35987,1260
35247,9,10,35617,1470
27454,9,10,29306,0
27454,9,10,28936,280
27454,9,10,28566,490
27454,9,10,28196,700
27454,9,10,27826,980
27454,9,10,27456,1260
27454,9,10,1,1470
32645,9,10,35610,0
32645,9,10,35240,210
32645,9,10,34870,420
32645,9,10,34500,700
32645,9,10,34130,910
32645,9,10,33760,1190
32645,9,10,33390,1470
35618,9,10,37838,0
35618,9,10,37468,490
35618,9,10,37098,770
35618,9,10,36728,980
35618,9,10,36358,1260
35618,9,10,35988,1470
36724,9,10,39321,0
36724,9,10,38951,210
36724,9,10,38581,490
36724,9,10,38211,700
36724,9,10,37841,980
36724,9,10,37471,1260
36724,9,10,37101,1470
28565,9,10,31159,0
28565,9,10,30789,280
28565,9,10,30419,560
28565,9,10,30049,840
28565,9,10,29679,1050
28565,9,10,29309,1330
25601,9,10,27821,0
25601,9,10,27451,420
25601,9,10,27081,700
25601,9,10,26711,980
25601,9,10,26341,1190
25601,9,10,25971,1470
29680,9,10,31532,0
29680,9,10,31162,280
29680,9,10,30792,490
29680,9,10,30422,770
29680,9,10,30052,980
29680,9,10,29682,1260
34131,9,10,37094,0
34131,9,10,36724,280
34131,9,10,36354,420
34131,9,10,35984,700
34131,9,10,35614,910
34131,9,10,35244,1190
34131,9,10,34874,1400
27078,9,10,29305,0
27078,9,10,28935,210
27078,9,10,28565,560
27078,9,10,28195,840
27078,9,10,27825,1050
27078,9,10,27455,1330
30051,9,10,31903,0
30051,9,10,31533,280
30051,9,10,31163,490
30051,9,10,30793,770
30051,9,10,30423,980
30051,9,10,30053,1260
31163,9,10,34126,0
31163,9,10,33756,280
31163,9,10,33386,420
31163,9,10,33016,700
31163,9,10,32646,910
31163,9,10,32276,1190
31163,9,10,31906,1470
35242,9,10,38207,0
35242,9,10,37837,280
35242,9,10,37467,490
35242,9,10,37097,770
35242,9,10,36727,980
35242,9,10,36357,1260
35242,9,10,35987,1470
32278,9,10,33759,0
32278,9,10,33389,280
32278,9,10,33019,490
32278,9,10,32649,700
32278,9,10,32279,980
32278,9,10,1,1190
24485,9,10,27078,0
24485,9,10,26708,350
24485,9,10,26338,630
24485,9,10,25968,910
24485,9,10,25598,1120
24485,9,10,25228,1400
39321,9,10,41918,0
39321,9,10,41548,210
39321,9,10,41178,490
39321,9,10,40808,700
39321,9,10,40438,980
39321,9,10,40068,1260
39321,9,10,39698,1470
28198,9,10,30418,0
28198,9,10,30048,420
28198,9,10,29678,560
28198,9,10,29308,840
28198,9,10,28938,1120
28198,9,10,28568,1330
35613,9,10,38578,0
35613,9,10,38208,280
35613,9,10,37838,490
35613,9,10,37468,770
35613,9,10,37098,980
35613,9,10,36728,1260
35613,9,10,36358,1470
32649,9,10,34130,0
32649,9,10,33760,280
32649,9,10,33390,490
32649,9,10,33020,700
32649,9,10,32650,980
32649,9,10,1,1190
39692,9,10,42289,0
39692,9,10,41919,210
39692,9,10,41549,490
39692,9,10,41179,700
39692,9,10,40809,980
39692,9,10,40439,1260
39692,9,10,40069,1470
36728,9,10,39691,0
36728,9,10,39321,280
36728,9,10,38951,490
36728,9,10,38581,770
36728,9,10,38211,980
36728,9,10,37841,1260
36728,9,10,37471,1470
25596,9,10,28191,0
25596,9,10,27821,280
25596,9,10,27451,560
25596,9,10,27081,770
25596,9,10,26711,1050
25596,9,10,26341,1260
28569,9,10,30789,0
28569,9,10,30419,420
28569,9,10,30049,630
28569,9,10,29679,910
28569,9,10,29309,1120
28569,9,10,28939,1400
22632,9,10,24113,0
22632,9,10,23743,420
22632,9,10,23373,560
22632,9,10,23003,840
22632,9,10,22633,1120
22632,9,10,1,1330
29675,9,10,31902,0
29675,9,10,31532,210
29675,9,10,31162,560
29675,9,10,30792,840
29675,9,10,30422,1050
29675,9,10,30052,1330
34126,9,10,36354,0
34126,9,10,35984,420
34126,9,10,35614,700
34126,9,10,35244,910
34126,9,10,34874,1190
34126,9,10,34504,1400
33760,9,10,36723,0
33760,9,10,36353,280
33760,9,10,35983,420
33760,9,10,35613,700
33760,9,10,35243,910
33760,9,10,34873,1190
33760,9,10,34503,1400
23003,9,10,24484,0
23003,9,10,24114,350
23003,9,10,23744,560
23003,9,10,23374,770
23003,9,10,23004,1050
23003,9,10,1,1330
37839,9,10,40804,0
37839,9,10,40434,280
37839,9,10,40064,490
37839,9,10,39694,770
37839,9,10,39324,980
37839,9,10,38954,1260
37839,9,10,38584,1470
30046,9,10,32273,0
30046,9,10,31903,210
30046,9,10,31533,560
30046,9,10,31163,840
30046,9,10,30793,1050
30046,9,10,30423,1330
34875,9,10,36356,0
34875,9,10,35986,280
34875,9,10,35616,490
34875,9,10,35246,700
34875,9,10,34876,980
34875,9,10,1,1260
27082,9,10,29675,0
27082,9,10,29305,350
27082,9,10,28935,560
27082,9,10,28565,840
27082,9,10,28195,1050
27082,9,10,27825,1330
38210,9,10,41175,0
38210,9,10,40805,280
38210,9,10,40435,490
38210,9,10,40065,770
38210,9,10,39695,980
38210,9,10,39325,1260
38210,9,10,38955,1470
32273,9,10,35239,0
32273,9,10,34869,210
32273,9,10,34499,420
32273,9,10,34129,700
32273,9,10,33759,980
32273,9,10,33389,1190
32273,9,10,33019,1470
35246,9,10,36727,0
35246,9,10,36357,350
35246,9,10,35987,490
35246,9,10,35617,770
35246,9,10,35247,980
35246,9,10,1,1260
39325,9,10,42288,0
39325,9,10,41918,280
39325,9,10,41548,490
39325,9,10,41178,770
39325,9,10,40808,980
39325,9,10,40438,1260
39325,9,10,40068,1470
24114,9,10,26707,0
24114,9,10,26337,350
24114,9,10,25967,630
24114,9,10,25597,840
24114,9,10,25227,1120
24114,9,10,24857,1400
28193,9,10,30788,0
28193,9,10,30418,280
28193,9,10,30048,490
28193,9,10,29678,770
28193,9,10,29308,980
28193,9,10,28938,1260
25229,9,10,26710,0
25229,9,10,26340,350
25229,9,10,25970,490
25229,9,10,25600,700
25229,9,10,25230,980
25229,9,10,1,1260
32644,9,10,35610,0
32644,9,10,35240,210
32644,9,10,34870,420
32644,9,10,34500,700
32644,9,10,34130,980
32644,9,10,33760,1190
32644,9,10,33390,1470
36723,9,10,39321,0
36723,9,10,38951,210
36723,9,10,38581,490
36723,9,10,38211,700
36723,9,10,37841,980
36723,9,10,37471,1260
36723,9,10,37101,1470
36357,9,10,39320,0
36357,9,10,38950,280
36357,9,10,38580,490
36357,9,10,38210,770
36357,9,10,37840,980
36357,9,10,37470,1260
36357,9,10,37100,1470
28564,9,10,31159,0
28564,9,10,30789,280
28564,9,10,30419,490
28564,9,10,30049,770
28564,9,10,29679,980
28564,9,10,29309,1260
28564,9,10,28939,1470
25600,9,10,27081,0
25600,9,10,26711,280
25600,9,10,26341,490
25600,9,10,25971,700
25600,9,10,25601,980
25600,9,10,1,1190
37472,9,10,38953,0
37472,9,10,38583,350
37472,9,10,38213,560
37472,9,10,37843,770
37472,9,10,37473,1050
37472,9,10,1,1260
29679,9,10,32272,0
29679,9,10,31902,420
29679,9,10,31532,630
29679,9,10,31162,910
29679,9,10,30792,1120
29679,9,10,30422,1400
33755,9,10,35983,0
33755,9,10,35613,420
33755,9,10,35243,700
33755,9,10,34873,910
33755,9,10,34503,1190
33755,9,10,34133,1400
30791,9,10,33755,0
30791,9,10,33385,280
30791,9,10,33015,490
30791,9,10,32645,770
30791,9,10,32275,1050
30791,9,10,31905,1260
34870,9,10,37836,0
34870,9,10,37466,210
34870,9,10,37096,490
34870,9,10,36726,700
34870,9,10,36356,980
34870,9,10,35986,1190
34870,9,10,35616,1470
37843,9,10,39324,0
37843,9,10,38954,350
37843,9,10,38584,560
37843,9,10,38214,770
37843,9,10,37844,1050
37843,9,10,1,1260
26711,9,10,29304,0
26711,9,10,28934,350
26711,9,10,28564,560
26711,9,10,28194,840
26711,9,10,27824,1120
26711,9,10,27454,1330
31162,9,10,34126,0
31162,9,10,33756,280
31162,9,10,33386,490
31162,9,10,33016,770
31162,9,10,32646,980
31162,9,10,32276,1260
35241,9,10,38207,0
35241,9,10,37837,210
35241,9,10,37467,490
35241,9,10,37097,770
35241,9,10,36727,980
35241,9,10,36357,1260
35241,9,10,35987,1470
32277,9,10,34129,0
32277,9,10,33759,280
32277,9,10,33389,560
32277,9,10,33019,770
32277,9,10,32649,1050
32277,9,10,32279,1260
39320,9,10,41918,0
39320,9,10,41548,140
39320,9,10,41178,490
39320,9,10,40808,700
39320,9,10,40438,980
39320,9,10,40068,1260
39320,9,10,39698,1470
25224,9,10,27820,0
25224,9,10,27450,280
25224,9,10,27080,560
25224,9,10,26710,840
25224,9,10,26340,1050
25224,9,10,25970,1330
28197,9,10,29308,0
28197,9,10,28938,420
28197,9,10,28568,700
28197,9,10,28198,910
28197,9,10,1,1190
36352,9,10,38950,0
36352,9,10,38580,210
36352,9,10,38210,490
36352,9,10,37840,700
36352,9,10,37470,980
36352,9,10,37100,1260
36352,9,10,36730,1470
25595,9,10,28191,0
25595,9,10,27821,280
25595,9,10,27451,560
25595,9,10,27081,840
25595,9,10,26711,1050
25595,9,10,26341,1330
37467,9,10,40433,0
37467,9,10,40063,210
37467,9,10,39693,490
37467,9,10,39323,770
37467,9,10,38953,980
37467,9,10,38583,1260
33759,9,10,36723,0
33759,9,10,36353,280
33759,9,10,35983,490
33759,9,10,35613,770
33759,9,10,35243,980
33759,9,10,34873,1260
33759,9,10,34503,1470
30795,9,10,33015,0
30795,9,10,32645,490
30795,9,10,32275,770
30795,9,10,31905,980
30795,9,10,31535,1260
30795,9,10,31165,1470
37838,9,10,40804,0
37838,9,10,40434,210
37838,9,10,40064,490
37838,9,10,39694,770
37838,9,10,39324,980
37838,9,10,38954,1260
34874,9,10,36726,0
34874,9,10,36356,280
34874,9,10,35986,560
34874,9,10,35616,770
34874,9,10,35246,1050
34874,9,10,34876,1330
31166,9,10,33386,0
31166,9,10,33016,490
31166,9,10,32646,770
31166,9,10,32276,980
31166,9,10,31906,1260
32272,9,10,34499,0
32272,9,10,34129,420
32272,9,10,33759,700
32272,9,10,33389,910
32272,9,10,33019,1190
32272,9,10,32649,1400
24113,9,10,26707,0
24113,9,10,26337,420
24113,9,10,25967,630
24113,9,10,25597,910
24113,9,10,25227,1190
24113,9,10,24857,1400
28192,9,10,30788,0
28192,9,10,30418,210
28192,9,10,30048,490
28192,9,10,29678,770
28192,9,10,29308,1050
28192,9,10,28938,1260
25228,9,10,27080,0
25228,9,10,26710,350
25228,9,10,26340,560
25228,9,10,25970,770
25228,9,10,25600,1050
25228,9,10,25230,1260
36356,9,10,39320,0
36356,9,10,38950,280
36356,9,10,38580,560
36356,9,10,38210,840
36356,9,10,37840,1050
36356,9,10,37470,1330
33392,9,10,35612,0
33392,9,10,35242,420
33392,9,10,34872,700
33392,9,10,34502,910
33392,9,10,34132,1190
33392,9,10,33762,1400
37471,9,10,39323,0
37471,9,10,38953,350
37471,9,10,38583,630
37471,9,10,38213,840
37471,9,10,37843,1120
37471,9,10,37473,1330
30790,9,10,33755,0
30790,9,10,33385,210
30790,9,10,33015,490
30790,9,10,32645,700
30790,9,10,32275,980
30790,9,10,31905,1190
30790,9,10,31535,1470
33763,9,10,35983,0
33763,9,10,35613,420
33763,9,10,35243,700
33763,9,10,34873,910
33763,9,10,34503,1190
33763,9,10,34133,1400
27826,9,10,29307,0
27826,9,10,28937,280
27826,9,10,28567,420
27826,9,10,28197,700
27826,9,10,27827,910
27826,9,10,1,1190
34869,9,10,37466,0
34869,9,10,37096,140
34869,9,10,36726,420
34869,9,10,36356,700
34869,9,10,35986,910
34869,9,10,35616,1190
34869,9,10,35246,1400
37842,9,10,39694,0
37842,9,10,39324,350
37842,9,10,38954,630
37842,9,10,38584,840
37842,9,10,38214,1120
37842,9,10,37844,1330
26710,9,10,29304,0
26710,9,10,28934,350
26710,9,10,28564,630
26710,9,10,28194,840
26710,9,10,27824,1120
26710,9,10,27454,1400
23746,9,10,25966,0
23746,9,10,25596,490
23746,9,10,25226,700
23746,9,10,24856,980
23746,9,10,24486,1190
23746,9,10,24116,1470
38954,9,10,41917,0
38954,9,10,41547,280
38954,9,10,41177,490
38954,9,10,40807,770
38954,9,10,40437,980
38954,9,10,40067,1260
38954,9,10,39697,1470
31161,9,10,34126,0
31161,9,10,33756,210
31161,9,10,33386,420
31161,9,10,33016,700
31161,9,10,32646,980
31161,9,10,32276,1190
31161,9,10,31906,1470
32276,9,10,35239,0
32276,9,10,34869,280
32276,9,10,34499,420
32276,9,10,34129,700
32276,9,10,33759,910
32276,9,10,33389,1190
32276,9,10,33019,1400
24117,9,10,26337,0
24117,9,10,25967,490
24117,9,10,25597,700
24117,9,10,25227,980
24117,9,10,24857,1260
24117,9,10,24487,1470
35989,9,10,38209,0
35989,9,10,37839,490
35989,9,10,37469,770
35989,9,10,37099,980
35989,9,10,36729,1260
28196,9,10,30048,0
28196,9,10,29678,280
28196,9,10,29308,490
28196,9,10,28938,700
28196,9,10,28568,980
28196,9,10,28198,1190
28196,9,10,1,1470
29308,9,10,31901,0
29308,9,10,31531,280
29308,9,10,31161,490
29308,9,10,30791,770
29308,9,10,30421,980
29308,9,10,30051,1260
29308,9,10,29681,1470
33387,9,10,36352,0
33387,9,10,35982,210
33387,9,10,35612,420
33387,9,10,35242,700
33387,9,10,34872,910
33387,9,10,34502,1190
33387,9,10,34132,1470
36360,9,10,38580,0
36360,9,10,38210,490
36360,9,10,37840,770
36360,9,10,37470,980
36360,9,10,37100,1260
30423,9,10,31904,0
30423,9,10,31534,280
30423,9,10,31164,420
30423,9,10,30794,700
30423,9,10,30424,910
30423,9,10,1,1190
37466,9,10,40063,0
37466,9,10,39693,210
37466,9,10,39323,490
37466,9,10,38953,700
37466,9,10,38583,980
37466,9,10,38213,1260
37466,9,10,37843,1470
33758,9,10,36723,0
33758,9,10,36353,210
33758,9,10,35983,420
33758,9,10,35613,700
33758,9,10,35243,910
33758,9,10,34873,1190
33758,9,10,34503,1470
27821,9,10,30417,0
27821,9,10,30047,210
27821,9,10,29677,560
27821,9,10,29307,770
27821,9,10,28937,1050
27821,9,10,28567,1260
30794,9,10,32275,0
30794,9,10,31905,350
30794,9,10,31535,490
30794,9,10,31165,770
30794,9,10,30795,980
30794,9,10,1,1260
34873,9,10,37836,0
34873,9,10,37466,280
34873,9,10,37096,420
34873,9,10,36726,700
34873,9,10,36356,910
34873,9,10,35986,1190
34873,9,10,35616,1470
38949,9,10,41547,0
38949,9,10,41177,140
38949,9,10,40807,490
38949,9,10,40437,700
38949,9,10,40067,980
38949,9,10,39697,1260
38949,9,10,39327,1470
26714,9,10,28934,0
26714,9,10,28564,420
26714,9,10,28194,700
26714,9,10,27824,910
26714,9,10,27454,1190
26714,9,10,27084,1470
40064,9,10,43030,0
40064,9,10,42660,210
40064,9,10,42290,490
40064,9,10,41920,770
40064,9,10,41550,980
40064,9,10,41180,1260
31905,9,10,34498,0
31905,9,10,34128,420
31905,9,10,33758,630
31905,9,10,33388,910
31905,9,10,33018,1190
31905,9,10,32648,1400
24112,9,10,26707,0
24112,9,10,26337,280
24112,9,10,25967,560
24112,9,10,25597,840
24112,9,10,25227,1050
24112,9,10,24857,1330
35984,9,10,38949,0
35984,9,10,38579,280
35984,9,10,38209,490
35984,9,10,37839,770
35984,9,10,37469,980
35984,9,10,37099,1260
33020,9,10,34501,0
33020,9,10,34131,280
33020,9,10,33761,490
33020,9,10,33391,700
33020,9,10,33021,980
33020,9,10,1,1190
25227,9,10,27820,0
25227,9,10,27450,350
25227,9,10,27080,560
25227,9,10,26710,840
25227,9,10,26340,1120
25227,9,10,25970,1330
40435,9,10,43401,0
40435,9,10,43031,210
40435,9,10,42661,490
40435,9,10,42291,770
40435,9,10,41921,980
40435,9,10,41551,1260
26339,9,10,28933,0
26339,9,10,28563,420
26339,9,10,28193,630
26339,9,10,27823,910
26339,9,10,27453,1120
26339,9,10,27083,1400
36355,9,10,39320,0
36355,9,10,38950,280
36355,9,10,38580,490
36355,9,10,38210,770
36355,9,10,37840,980
36355,9,10,37470,1260
36355,9,10,37100,1470
30418,9,10,33014,0
30418,9,10,32644,420
30418,9,10,32274,630
30418,9,10,31904,910
30418,9,10,31534,1120
30418,9,10,31164,1400
33391,9,10,34872,0
33391,9,10,34502,280
33391,9,10,34132,490
33391,9,10,33762,700
33391,9,10,33392,980
33391,9,10,1,1190
37470,9,10,40433,0
37470,9,10,40063,280
37470,9,10,39693,490
37470,9,10,39323,770
37470,9,10,38953,980
37470,9,10,38583,1260
37470,9,10,38213,1470
38582,9,10,41546,0
38582,9,10,41176,280
38582,9,10,40806,560
38582,9,10,40436,840
38582,9,10,40066,1050
38582,9,10,39696,1330
30789,9,10,33755,0
30789,9,10,33385,210
30789,9,10,33015,490
30789,9,10,32645,700
30789,9,10,32275,980
30789,9,10,31905,1190
30789,9,10,31535,1470
27825,9,10,29677,0
27825,9,10,29307,280
27825,9,10,28937,490
27825,9,10,28567,700
27825,9,10,28197,980
27825,9,10,27827,1190
27825,9,10,1,1470
34502,9,10,37465,0
34502,9,10,37095,280
34502,9,10,36725,420
34502,9,10,36355,700
34502,9,10,35985,910
34502,9,10,35615,1190
34502,9,10,35245,1400
26709,9,10,29304,0
26709,9,10,28934,280
26709,9,10,28564,560
26709,9,10,28194,770
26709,9,10,27824,1050
26709,9,10,27454,1260
23745,9,10,25226,0
23745,9,10,24856,350
23745,9,10,24486,560
23745,9,10,24116,770
23745,9,10,23746,1050
23745,9,10,1,1260
38953,9,10,41917,0
38953,9,10,41547,280
38953,9,10,41177,560
38953,9,10,40807,840
38953,9,10,40437,1050
38953,9,10,40067,1330
28936,9,10,31530,0
28936,9,10,31160,280
28936,9,10,30790,560
28936,9,10,30420,840
28936,9,10,30050,1050
28936,9,10,29680,1330
33015,9,10,35981,0
33015,9,10,35611,210
33015,9,10,35241,420
33015,9,10,34871,700
33015,9,10,34501,980
33015,9,10,34131,1190
33015,9,10,33761,1470
35988,9,10,37469,0
35988,9,10,37099,350
35988,9,10,36729,560
35988,9,10,36359,770
35988,9,10,35989,1050
35988,9,10,1,1260
29307,9,10,31901,0
29307,9,10,31531,280
29307,9,10,31161,560
29307,9,10,30791,840
29307,9,10,30421,1050
29307,9,10,30051,1330
26343,9,10,28563,0
26343,9,10,28193,420
26343,9,10,27823,630
26343,9,10,27453,910
26343,9,10,27083,1190
26343,9,10,26713,1400
33386,9,10,36352,0
33386,9,10,35982,210
33386,9,10,35612,420
33386,9,10,35242,700
33386,9,10,34872,980
33386,9,10,34502,1190
33386,9,10,34132,1470
30422,9,10,32274,0
30422,9,10,31904,280
30422,9,10,31534,490
30422,9,10,31164,770
30422,9,10,30794,980
30422,9,10,30424,1260
37465,9,10,40063,0
37465,9,10,39693,210
37465,9,10,39323,490
37465,9,10,38953,700
37465,9,10,38583,980
37465,9,10,38213,1260
37465,9,10,37843,1470
27820,9,10,30047,0
27820,9,10,29677,210
27820,9,10,29307,490
27820,9,10,28937,700
27820,9,10,28567,980
27820,9,10,28197,1260
27820,9,10,27827,1470
34497,9,10,36725,0
34497,9,10,36355,420
34497,9,10,35985,700
34497,9,10,35615,910
34497,9,10,35245,1190
34497,9,10,34875,1400
31533,9,10,34497,0
31533,9,10,34127,280
31533,9,10,33757,490
31533,9,10,33387,700
31533,9,10,33017,980
31533,9,10,32647,1260
31533,9,10,32277,1470
40063,9,10,42660,0
40063,9,10,42290,210
40063,9,10,41920,490
40063,9,10,41550,700
40063,9,10,41180,980
40063,9,10,40810,1260
40063,9,10,40440,1470
31904,9,10,34868,0
31904,9,10,34498,210
31904,9,10,34128,490
31904,9,10,33758,700
31904,9,10,33388,980
31904,9,10,33018,1260
31904,9,10,32648,1470
25967,9,10,28562,0
25967,9,10,28192,280
25967,9,10,27822,560
25967,9,10,27452,840
25967,9,10,27082,1050
25967,9,10,26712,1330
28940,9,10,31160,0
28940,9,10,30790,420
28940,9,10,30420,630
28940,9,10,30050,910
28940,9,10,29680,1120
28940,9,10,29310,1400
35983,9,10,38949,0
35983,9,10,38579,210
35983,9,10,38209,490
35983,9,10,37839,770
35983,9,10,37469,1050
35983,9,10,37099,1260
33019,9,10,34871,0
33019,9,10,34501,280
33019,9,10,34131,560
33019,9,10,33761,770
33019,9,10,33391,1050
33019,9,10,33021,1260
37095,9,10,39692,0
37095,9,10,39322,210
37095,9,10,38952,490
37095,9,10,38582,700
37095,9,10,38212,980
37095,9,10,37842,1260
37095,9,10,37472,1470
26338,9,10,28933,0
26338,9,10,28563,280
26338,9,10,28193,560
26338,9,10,27823,840
26338,9,10,27453,1050
26338,9,10,27083,1330
29311,9,10,31531,0
29311,9,10,31161,420
29311,9,10,30791,630
29311,9,10,30421,910
29311,9,10,30051,1120
29311,9,10,29681,1400
23374,9,10,24855,0
23374,9,10,24485,350
23374,9,10,24115,560
23374,9,10,23745,770
23374,9,10,23375,1050
23374,9,10,1,1260
30417,9,10,32644,0
30417,9,10,32274,210
30417,9,10,31904,560
30417,9,10,31534,840
30417,9,10,31164,1050
30417,9,10,30794,1330
38581,9,10,41546,0
38581,9,10,41176,280
38581,9,10,40806,490
38581,9,10,40436,770
38581,9,10,40066,980
38581,9,10,39696,1260
38581,9,10,39326,1470
27449,9,10,29676,0
27449,9,10,29306,210
27449,9,10,28936,560
27449,9,10,28566,840
27449,9,10,28196,1050
27449,9,10,27826,1330
34501,9,10,37465,0
34501,9,10,37095,280
34501,9,10,36725,490
34501,9,10,36355,770
34501,9,10,35985,980
34501,9,10,35615,1260
34501,9,10,35245,1470
31537,9,10,33757,0
31537,9,10,33387,490
31537,9,10,33017,700
31537,9,10,32647,980
31537,9,10,32277,1260
31537,9,10,31907,1470
24856,9,10,27449,0
24856,9,10,27079,350
24856,9,10,26709,630
24856,9,10,26339,910
24856,9,10,25969,1120
24856,9,10,25599,1400
28935,9,10,31530,0
28935,9,10,31160,280
28935,9,10,30790,490
28935,9,10,30420,770
28935,9,10,30050,980
28935,9,10,29680,1260
28935,9,10,29310,1470
31908,9,10,34128,0
31908,9,10,33758,420
31908,9,10,33388,700
31908,9,10,33018,910
31908,9,10,32648,1190
31908,9,10,32278,1400
25971,9,10,27452,0
25971,9,10,27082,350
25971,9,10,26712,490
25971,9,10,26342,770
25971,9,10,25972,980
25971,9,10,1,1260
33014,9,10,35241,0
33014,9,10,34871,420
33014,9,10,34501,700
33014,9,10,34131,910
33014,9,10,33761,1190
33014,9,10,33391,1400
37099,9,10,40062,0
37099,9,10,39692,280
37099,9,10,39322,490
37099,9,10,38952,770
37099,9,10,38582,980
37099,9,10,38212,1260
37099,9,10,37842,1470
26342,9,10,27823,0
26342,9,10,27453,350
26342,9,10,27083,490
26342,9,10,26713,770
26342,9,10,26343,980
26342,9,10,1,1260
38585,9,10,40066,0
38585,9,10,39696,280
38585,9,10,39326,560
38585,9,10,38956,770
38585,9,10,38586,1050
38585,9,10,1,1260
27453,9,10,30046,0
27453,9,10,29676,350
27453,9,10,29306,560
27453,9,10,28936,770
27453,9,10,28566,1050
27453,9,10,28196,1330
31532,9,10,34497,0
31532,9,10,34127,210
31532,9,10,33757,420
31532,9,10,33387,700
31532,9,10,33017,910
31532,9,10,32647,1190
31532,9,10,32277,1400
34505,9,10,36725,0
34505,9,10,36355,490
34505,9,10,35985,700
34505,9,10,35615,980
34505,9,10,35245,1260
34505,9,10,34875,1470
35617,10,11,37098,0
35617,10,11,36728,350
35617,10,11,36358,490
35617,10,11,35988,770
35617,10,11,35618,980
35617,10,11,1,1260
39696,10,11,42659,0
39696,10,11,42289,280
39696,10,11,41919,490
39696,10,11,41549,770
39696,10,11,41179,980
39696,10,11,40809,1260
39696,10,11,40439,1470
25966,10,11,28562,0
25966,10,11,28192,280
25966,10,11,27822,560
25966,10,11,27452,840
25966,10,11,27082,1050
25966,10,11,26712,1330
28939,10,11,30050,0
28939,10,11,29680,420
28939,10,11,29310,700
28939,10,11,28940,910
28939,10,11,1,1190
37094,10,11,39692,0
37094,10,11,39322,210
37094,10,11,38952,490
37094,10,11,38582,700
37094,10,11,38212,980
37094,10,11,37842,1260
37094,10,11,37472,1470
34130,10,11,37094,0
34130,10,11,36724,280
34130,10,11,36354,490
34130,10,11,35984,770
34130,10,11,35614,980
34130,10,11,35244,1260
34130,10,11,34874,1470
23373,10,11,25225,0
23373,10,11,24855,350
23373,10,11,24485,560
23373,10,11,24115,840
23373,10,11,23745,1050
23373,10,11,23375,1330
41182,10,11,42663,0
41182,10,11,42293,350
41182,10,11,41923,560
41182,10,11,41553,770
41182,10,11,41183,1050
41182,10,11,1,1260
30050,10,11,32643,0
30050,10,11,32273,420
30050,10,11,31903,630
30050,10,11,31533,910
30050,10,11,31163,1120
30050,10,11,30793,1400
38580,10,11,41546,0
38580,10,11,41176,210
38580,10,11,40806,490
38580,10,11,40436,770
38580,10,11,40066,980
38580,10,11,39696,1260
38214,10,11,39695,0
38214,10,11,39325,350
38214,10,11,38955,560
38214,10,11,38585,770
38214,10,11,38215,1050
38214,10,11,1,1260
24484,10,11,27078,0
24484,10,11,26708,420
24484,10,11,26338,630
24484,10,11,25968,910
24484,10,11,25598,1190
24484,10,11,25228,1400
34500,10,11,37465,0
34500,10,11,37095,210
34500,10,11,36725,420
34500,10,11,36355,700
34500,10,11,35985,910
34500,10,11,35615,1190
34500,10,11,35245,1470
31536,10,11,33017,0
31536,10,11,32647,280
31536,10,11,32277,420
31536,10,11,31907,700
31536,10,11,31537,980
31536,10,11,1,1190
35612,10,11,38578,0
35612,10,11,38208,210
35612,10,11,37838,490
35612,10,11,37468,770
35612,10,11,37098,980
35612,10,11,36728,1260
35612,10,11,36358,1470
32648,10,11,34500,0
32648,10,11,34130,280
32648,10,11,33760,560
32648,10,11,33390,770
32648,10,11,33020,1050
32648,10,11,32650,1260
24855,10,11,27449,0
24855,10,11,27079,420
24855,10,11,26709,630
24855,10,11,26339,910
24855,10,11,25969,1190
24855,10,11,25599,1400
39691,10,11,42289,0
39691,10,11,41919,210
39691,10,11,41549,490
39691,10,11,41179,700
39691,10,11,40809,980
39691,10,11,40439,1260
39691,10,11,40069,1470
36727,10,11,39691,0
36727,10,11,39321,280
36727,10,11,38951,560
36727,10,11,38581,840
36727,10,11,38211,1050
36727,10,11,37841,1330
28934,10,11,31530,0
28934,10,11,31160,210
28934,10,11,30790,490
28934,10,11,30420,770
28934,10,11,30050,980
28934,10,11,29680,1260
28934,10,11,29310,1470
25970,10,11,27822,0
25970,10,11,27452,350
25970,10,11,27082,560
25970,10,11,26712,770
25970,10,11,26342,1050
25970,10,11,25972,1260
28568,10,11,29679,0
28568,10,11,29309,420
28568,10,11,28939,700
28568,10,11,28569,910
28568,10,11,1,1190
37098,10,11,40062,0
37098,10,11,39692,280
37098,10,11,39322,560
37098,10,11,38952,840
37098,10,11,38582,1050
37098,10,11,38212,1330
34134,10,11,36354,0
34134,10,11,35984,490
34134,10,11,35614,700
34134,10,11,35244,980
34134,10,11,34874,1190
34134,10,11,34504,1470
41177,10,11,44143,0
41177,10,11,43773,210
41177,10,11,43403,490
41177,10,11,43033,770
41177,10,11,42663,980
41177,10,11,42293,1260
40811,10,11,42292,0
40811,10,11,41922,350
40811,10,11,41552,560
40811,10,11,41182,770
40811,10,11,40812,1050
40811,10,11,1,1260
27081,10,11,29675,0
27081,10,11,29305,350
27081,10,11,28935,630
27081,10,11,28565,840
27081,10,11,28195,1120
27081,10,11,27825,1330
38209,10,11,41175,0
38209,10,11,40805,210
38209,10,11,40435,490
38209,10,11,40065,770
38209,10,11,39695,980
38209,10,11,39325,1260
35245,10,11,37097,0
35245,10,11,36727,350
35245,10,11,36357,560
35245,10,11,35987,840
35245,10,11,35617,1120
35245,10,11,35247,1330
27452,10,11,30046,0
27452,10,11,29676,350
27452,10,11,29306,630
27452,10,11,28936,840
27452,10,11,28566,1120
27452,10,11,28196,1330
42288,10,11,44886,0
42288,10,11,44516,210
42288,10,11,44146,490
42288,10,11,43776,770
42288,10,11,43406,980
42288,10,11,43036,1260
42288,10,11,42666,1470
39324,10,11,42288,0
39324,10,11,41918,280
39324,10,11,41548,560
39324,10,11,41178,840
39324,10,11,40808,1050
39324,10,11,40438,1330
24488,10,11,26708,0
24488,10,11,26338,490
24488,10,11,25968,700
24488,10,11,25598,980
24488,10,11,25228,1190
24488,10,11,24858,1470
31531,10,11,34497,0
31531,10,11,34127,210
31531,10,11,33757,420
31531,10,11,33387,700
31531,10,11,33017,910
31531,10,11,32647,1190
31531,10,11,32277,1400
32643,10,11,34870,0
32643,10,11,34500,420
32643,10,11,34130,700
32643,10,11,33760,910
32643,10,11,33390,1190
32643,10,11,33020,1400
35616,10,11,37468,0
35616,10,11,37098,350
35616,10,11,36728,560
35616,10,11,36358,840
35616,10,11,35988,1120
35616,10,11,35618,1330
39695,10,11,42659,0
39695,10,11,42289,280
39695,10,11,41919,560
39695,10,11,41549,840
39695,10,11,41179,1050
39695,10,11,40809,1330
36731,10,11,38951,0
36731,10,11,38581,490
36731,10,11,38211,770
36731,10,11,37841,980
36731,10,11,37471,1260
36731,10,11,37101,1470
25965,10,11,28192,0
25965,10,11,27822,210
25965,10,11,27452,560
25965,10,11,27082,840
25965,10,11,26712,1050
25965,10,11,26342,1330
28563,10,11,31159,0
28563,10,11,30789,280
28563,10,11,30419,490
28563,10,11,30049,770
28563,10,11,29679,980
28563,10,11,29309,1260
28563,10,11,28939,1470
25599,10,11,27451,0
25599,10,11,27081,350
25599,10,11,26711,490
25599,10,11,26341,770
25599,10,11,25971,1050
25599,10,11,25601,1260
29678,10,11,32642,0
29678,10,11,32272,210
29678,10,11,31902,490
29678,10,11,31532,700
29678,10,11,31162,980
29678,10,11,30792,1190
29678,10,11,30422,1470
34129,10,11,37094,0
34129,10,11,36724,210
34129,10,11,36354,420
34129,10,11,35984,700
34129,10,11,35614,910
34129,10,11,35244,1190
34129,10,11,34874,1470
40806,10,11,43772,0
40806,10,11,43402,210
40806,10,11,43032,490
40806,10,11,42662,770
40806,10,11,42292,980
40806,10,11,41922,1260
30049,10,11,33013,0
30049,10,11,32643,210
30049,10,11,32273,490
30049,10,11,31903,700
30049,10,11,31533,980
30049,10,11,31163,1190
30049,10,11,30793,1470
27085,10,11,29305,0
27085,10,11,28935,420
27085,10,11,28565,630
27085,10,11,28195,910
27085,10,11,27825,1120
27085,10,11,27455,1400
35240,10,11,37837,0
35240,10,11,37467,210
35240,10,11,37097,490
35240,10,11,36727,700
35240,10,11,36357,980
35240,10,11,35987,1190
35240,10,11,35617,1470
38213,10,11,40065,0
38213,10,11,39695,350
38213,10,11,39325,630
38213,10,11,38955,840
38213,10,11,38585,1120
38213,10,11,38215,1330
24483,10,11,27078,0
24483,10,11,26708,280
24483,10,11,26338,560
24483,10,11,25968,840
24483,10,11,25598,1050
24483,10,11,25228,1330
42292,10,11,45256,0
42292,10,11,44886,280
42292,10,11,44516,560
42292,10,11,44146,840
42292,10,11,43776,1050
42292,10,11,43406,1330
35611,10,11,38208,0
35611,10,11,37838,210
35611,10,11,37468,490
35611,10,11,37098,700
35611,10,11,36728,980
35611,10,11,36358,1190
35611,10,11,35988,1470
32647,10,11,35610,0
32647,10,11,35240,280
32647,10,11,34870,420
32647,10,11,34500,700
32647,10,11,34130,910
32647,10,11,33760,1190
32647,10,11,33390,1400
36726,10,11,39691,0
36726,10,11,39321,280
36726,10,11,38951,490
36726,10,11,38581,770
36726,10,11,38211,980
36726,10,11,37841,1260
36726,10,11,37471,1470
28567,10,11,30419,0
28567,10,11,30049,280
28567,10,11,29679,420
28567,10,11,29309,700
28567,10,11,28939,910
28567,10,11,28569,1190
28567,10,11,1,1470
41917,10,11,44515,0
41917,10,11,44145,210
41917,10,11,43775,490
41917,10,11,43405,770
41917,10,11,43035,980
41917,10,11,42665,1260
41917,10,11,42295,1470
29682,10,11,31902,0
29682,10,11,31532,420
29682,10,11,31162,700
29682,10,11,30792,910
29682,10,11,30422,1190
29682,10,11,30052,1400
37837,10,11,40434,0
37837,10,11,40064,210
37837,10,11,39694,490
37837,10,11,39324,700
37837,10,11,38954,980
37837,10,11,38584,1260
37837,10,11,38214,1470
40810,10,11,42662,0
40810,10,11,42292,350
40810,10,11,41922,630
40810,10,11,41552,840
40810,10,11,41182,1120
40810,10,11,40812,1330
27080,10,11,29675,0
27080,10,11,29305,280
27080,10,11,28935,560
27080,10,11,28565,770
27080,10,11,28195,1050
27080,10,11,27825,1260
31165,10,11,32646,0
31165,10,11,32276,280
31165,10,11,31906,490
31165,10,11,31536,700
31165,10,11,31166,980
31165,10,11,1,1260
38208,10,11,40805,0
38208,10,11,40435,210
38208,10,11,40065,490
38208,10,11,39695,700
38208,10,11,39325,980
38208,10,11,38955,1260
38208,10,11,38585,1470
35244,10,11,38207,0
35244,10,11,37837,280
35244,10,11,37467,490
35244,10,11,37097,700
35244,10,11,36727,980
35244,10,11,36357,1260
35244,10,11,35987,1470
39323,10,11,42288,0
39323,10,11,41918,280
39323,10,11,41548,490
39323,10,11,41178,770
39323,10,11,40808,980
39323,10,11,40438,1260
39323,10,11,40068,1470
28191,10,11,30418,0
28191,10,11,30048,210
28191,10,11,29678,490
28191,10,11,29308,700
28191,10,11,28938,980
28191,10,11,28568,1190
28191,10,11,28198,1470
32642,10,11,34870,0
32642,10,11,34500,420
32642,10,11,34130,700
32642,10,11,33760,910
32642,10,11,33390,1190
32642,10,11,33020,1400
35615,10,11,38578,0
35615,10,11,38208,280
35615,10,11,37838,490
35615,10,11,37468,700
35615,10,11,37098,980
35615,10,11,36728,1260
35615,10,11,36358,1470
36730,10,11,38211,0
36730,10,11,37841,350
36730,10,11,37471,560
36730,10,11,37101,770
36730,10,11,36731,1050
36730,10,11,1,1260
28562,10,11,30789,0
28562,10,11,30419,210
28562,10,11,30049,420
28562,10,11,29679,700
28562,10,11,29309,980
28562,10,11,28939,1190
28562,10,11,28569,1470
25598,10,11,28191,0
25598,10,11,27821,350
25598,10,11,27451,560
25598,10,11,27081,840
25598,10,11,26711,1050
25598,10,11,26341,1330
29677,10,11,32272,0
29677,10,11,31902,420
29677,10,11,31532,630
29677,10,11,31162,910
29677,10,11,30792,1120
29677,10,11,30422,1400
41921,10,11,44885,0
41921,10,11,44515,280
41921,10,11,44145,560
41921,10,11,43775,840
41921,10,11,43405,1050
41921,10,11,43035,1330
33762,10,11,35243,0
33762,10,11,34873,280
33762,10,11,34503,490
33762,10,11,34133,700
33762,10,11,33763,980
33762,10,11,1,1190
40805,10,11,43402,0
40805,10,11,43032,210
40805,10,11,42662,490
40805,10,11,42292,700
40805,10,11,41922,980
40805,10,11,41552,1260
40805,10,11,41182,1470
34868,10,11,37096,0
34868,10,11,36726,420
34868,10,11,36356,700
34868,10,11,35986,910
34868,10,11,35616,1190
34868,10,11,35246,1400
37841,10,11,40804,0
37841,10,11,40434,280
37841,10,11,40064,490
37841,10,11,39694,770
37841,10,11,39324,980
37841,10,11,38954,1260
37841,10,11,38584,1470
27084,10,11,28565,0
27084,10,11,28195,280
27084,10,11,27825,490
27084,10,11,27455,700
27084,10,11,27085,980
27084,10,11,1,1190
31160,10,11,34126,0
31160,10,11,33756,210
31160,10,11,33386,490
31160,10,11,33016,700
31160,10,11,32646,980
31160,10,11,32276,1190
31160,10,11,31906,1470
35239,10,11,37837,0
35239,10,11,37467,140
35239,10,11,37097,490
35239,10,11,36727,700
35239,10,11,36357,980
35239,10,11,35987,1190
35239,10,11,35617,1470
38212,10,11,41175,0
38212,10,11,40805,280
38212,10,11,40435,490
38212,10,11,40065,770
38212,10,11,39695,980
38212,10,11,39325,1260
38212,10,11,38955,1470
32275,10,11,35239,0
32275,10,11,34869,280
32275,10,11,34499,490
32275,10,11,34129,770
32275,10,11,33759,980
32275,10,11,33389,1260
32275,10,11,33019,1470
39327,10,11,40808,0
39327,10,11,40438,350
39327,10,11,40068,560
39327,10,11,39698,770
39327,10,11,39328,1050
39327,10,11,1,1260
24116,10,11,25597,0
24116,10,11,25227,350
24116,10,11,24857,560
24116,10,11,24487,770
24116,10,11,24117,1050
24116,10,11,1,1260
28195,10,11,30788,0
28195,10,11,30418,350
28195,10,11,30048,560
28195,10,11,29678,770
28195,10,11,29308,1050
28195,10,11,28938,1260
40439,10,11,42291,0
40439,10,11,41921,350
40439,10,11,41551,630
40439,10,11,41181,840
40439,10,11,40811,1120
40439,10,11,40441,1330
32646,10,11,35610,0
32646,10,11,35240,280
32646,10,11,34870,490
32646,10,11,34500,770
32646,10,11,34130,980
32646,10,11,33760,1260
32646,10,11,33390,1470
36359,10,11,37840,0
36359,10,11,37470,350
36359,10,11,37100,560
36359,10,11,36730,770
36359,10,11,36360,1050
36359,10,11,1,1260
28566,10,11,31159,0
28566,10,11,30789,350
28566,10,11,30419,490
28566,10,11,30049,770
28566,10,11,29679,980
28566,10,11,29309,1260
29681,10,11,30792,0
29681,10,11,30422,420
29681,10,11,30052,700
29681,10,11,29682,910
29681,10,11,1,1190
33757,10,11,36723,0
33757,10,11,36353,210
33757,10,11,35983,420
33757,10,11,35613,700
33757,10,11,35243,980
33757,10,11,34873,1190
33757,10,11,34503,1470
30793,10,11,32645,0
30793,10,11,32275,280
30793,10,11,31905,560
30793,10,11,31535,840
30793,10,11,31165,1050
30793,10,11,30795,1330
37836,10,11,40434,0
37836,10,11,40064,210
37836,10,11,39694,490
37836,10,11,39324,700
37836,10,11,38954,980
37836,10,11,38584,1260
37836,10,11,38214,1470
40809,10,11,43772,0
40809,10,11,43402,280
40809,10,11,43032,490
40809,10,11,42662,770
40809,10,11,42292,980
40809,10,11,41922,1260
40809,10,11,41552,1470
34872,10,11,37836,0
34872,10,11,37466,280
34872,10,11,37096,490
34872,10,11,36726,770
34872,10,11,36356,980
34872,10,11,35986,1260
26713,10,11,28194,0
26713,10,11,27824,280
26713,10,11,27454,490
26713,10,11,27084,700
26713,10,11,26714,980
26713,10,11,1,1260
31164,10,11,33016,0
31164,10,11,32646,280
31164,10,11,32276,560
31164,10,11,31906,770
31164,10,11,31536,1050
31164,10,11,31166,1330
35243,10,11,38207,0
35243,10,11,37837,280
35243,10,11,37467,560
35243,10,11,37097,770
35243,10,11,36727,1050
35243,10,11,36357,1330
32279,10,11,34499,0
32279,10,11,34129,490
32279,10,11,33759,700
32279,10,11,33389,980
32279,10,11,33019,1190
32279,10,11,32649,1470
40434,10,11,43031,0
40434,10,11,42661,210
40434,10,11,42291,490
40434,10,11,41921,700
40434,10,11,41551,980
40434,10,11,41181,1260
40434,10,11,40811,1470
25226,10,11,27820,0
25226,10,11,27450,350
25226,10,11,27080,630
25226,10,11,26710,910
25226,10,11,26340,1120
25226,10,11,25970,1400
36354,10,11,39320,0
36354,10,11,38950,210
36354,10,11,38580,490
36354,10,11,38210,770
36354,10,11,37840,980
36354,10,11,37470,1260
33390,10,11,35242,0
33390,10,11,34872,280
33390,10,11,34502,560
33390,10,11,34132,770
33390,10,11,33762,1050
33390,10,11,33392,1260
25597,10,11,28191,0
25597,10,11,27821,350
25597,10,11,27451,630
25597,10,11,27081,840
25597,10,11,26711,1120
25597,10,11,26341,1400
37469,10,11,40433,0
37469,10,11,40063,280
37469,10,11,39693,560
37469,10,11,39323,840
37469,10,11,38953,1050
37469,10,11,38583,1330
22633,10,11,24853,0
22633,10,11,24483,490
22633,10,11,24113,770
22633,10,11,23743,980
22633,10,11,23373,1260
22633,10,11,23003,1470
41920,10,11,44885,0
41920,10,11,44515,280
41920,10,11,44145,490
41920,10,11,43775,770
41920,10,11,43405,1050
41920,10,11,43035,1260
30788,10,11,33015,0
30788,10,11,32645,420
30788,10,11,32275,630
30788,10,11,31905,910
30788,10,11,31535,1120
30788,10,11,31165,1400
33761,10,11,35613,0
33761,10,11,35243,280
33761,10,11,34873,560
33761,10,11,34503,770
33761,10,11,34133,1050
33761,10,11,33763,1260
27824,10,11,30417,0
27824,10,11,30047,350
27824,10,11,29677,560
27824,10,11,29307,770
27824,10,11,28937,1050
27824,10,11,28567,1260
40804,10,11,43402,0
40804,10,11,43032,210
40804,10,11,42662,490
40804,10,11,42292,700
40804,10,11,41922,980
40804,10,11,41552,1260
40804,10,11,41182,1470
37840,10,11,40804,0
37840,10,11,40434,280
37840,10,11,40064,560
37840,10,11,39694,840
37840,10,11,39324,1050
37840,10,11,38954,1330
34876,10,11,37096,0
34876,10,11,36726,490
34876,10,11,36356,700
34876,10,11,35986,980
34876,10,11,35616,1260
34876,10,11,35246,1470
26708,10,11,29304,0
26708,10,11,28934,280
26708,10,11,28564,560
26708,10,11,28194,770
26708,10,11,27824,1050
26708,10,11,27454,1330
38952,10,11,41917,0
38952,10,11,41547,280
38952,10,11,41177,490
38952,10,11,40807,770
38952,10,11,40437,980
38952,10,11,40067,1260
38952,10,11,39697,1470
23744,10,11,25596,0
23744,10,11,25226,350
23744,10,11,24856,560
23744,10,11,24486,840
23744,10,11,24116,1050
23744,10,11,23746,1330
31159,10,11,33386,0
31159,10,11,33016,420
31159,10,11,32646,700
31159,10,11,32276,910
31159,10,11,31906,1190
31159,10,11,31536,1400
43031,10,11,45628,0
43031,10,11,45258,210
43031,10,11,44888,490
43031,10,11,44518,770
43031,10,11,44148,980
43031,10,11,43778,1260
43031,10,11,43408,1470
40067,10,11,43030,0
40067,10,11,42660,280
40067,10,11,42290,490
40067,10,11,41920,770
40067,10,11,41550,980
40067,10,11,41180,1260
40067,10,11,40810,1470
32274,10,11,35239,0
32274,10,11,34869,210
32274,10,11,34499,420
32274,10,11,34129,700
32274,10,11,33759,910
32274,10,11,33389,1190
32274,10,11,33019,1470
24115,10,11,25967,0
24115,10,11,25597,350
24115,10,11,25227,560
24115,10,11,24857,840
24115,10,11,24487,1050
24115,10,11,24117,1330
35987,10,11,37839,0
35987,10,11,37469,350
35987,10,11,37099,630
35987,10,11,36729,840
35987,10,11,36359,1120
35987,10,11,35989,1330
43402,10,11,45999,0
43402,10,11,45629,420
43402,10,11,45259,700
43402,10,11,44889,910
43402,10,11,44519,1190
43402,10,11,44149,1470
28194,10,11,30788,0
28194,10,11,30418,350
28194,10,11,30048,560
28194,10,11,29678,840
28194,10,11,29308,1120
28194,10,11,28938,1330
40438,10,11,43401,0
40438,10,11,43031,280
40438,10,11,42661,490
40438,10,11,42291,770
40438,10,11,41921,980
40438,10,11,41551,1260
40438,10,11,41181,1470
25230,10,11,27450,0
25230,10,11,27080,420
25230,10,11,26710,630
25230,10,11,26340,910
25230,10,11,25970,1190
25230,10,11,25600,1400
29306,10,11,31901,0
29306,10,11,31531,280
29306,10,11,31161,490
29306,10,11,30791,770
29306,10,11,30421,980
29306,10,11,30051,1260
29306,10,11,29681,1470
33385,10,11,35612,0
33385,10,11,35242,420
33385,10,11,34872,700
33385,10,11,34502,910
33385,10,11,34132,1190
33385,10,11,33762,1400
36358,10,11,38210,0
36358,10,11,37840,350
36358,10,11,37470,630
36358,10,11,37100,840
36358,10,11,36730,1120
36358,10,11,36360,1330
30421,10,11,33014,0
30421,10,11,32644,420
30421,10,11,32274,630
30421,10,11,31904,910
30421,10,11,31534,1120
30421,10,11,31164,1400
37473,10,11,39693,0
37473,10,11,39323,490
37473,10,11,38953,770
37473,10,11,38583,980
37473,10,11,38213,1260
37473,10,11,37843,1470
41549,10,11,44514,0
41549,10,11,44144,280
41549,10,11,43774,490
41549,10,11,43404,770
41549,10,11,43034,1050
41549,10,11,42664,1260
33756,10,11,35983,0
33756,10,11,35613,420
33756,10,11,35243,700
33756,10,11,34873,910
33756,10,11,34503,1190
33756,10,11,34133,1400
30792,10,11,33755,0
30792,10,11,33385,280
30792,10,11,33015,490
30792,10,11,32645,700
30792,10,11,32275,980
30792,10,11,31905,1190
30792,10,11,31535,1470
34871,10,11,37836,0
34871,10,11,37466,210
34871,10,11,37096,420
34871,10,11,36726,700
34871,10,11,36356,980
34871,10,11,35986,1190
34871,10,11,35616,1470
26712,10,11,28564,0
26712,10,11,28194,350
26712,10,11,27824,490
26712,10,11,27454,770
26712,10,11,27084,980
26712,10,11,26714,1260
38956,10,11,40437,0
38956,10,11,40067,350
38956,10,11,39697,560
38956,10,11,39327,770
38956,10,11,38957,1050
38956,10,11,1,1260
40062,10,11,42660,0
40062,10,11,42290,210
40062,10,11,41920,490
40062,10,11,41550,700
40062,10,11,41180,980
40062,10,11,40810,1260
40062,10,11,40440,1470
31903,10,11,34498,0
31903,10,11,34128,420
31903,10,11,33758,700
31903,10,11,33388,910
31903,10,11,33018,1190
31903,10,11,32648,1400
35982,10,11,38579,0
35982,10,11,38209,210
35982,10,11,37839,490
35982,10,11,37469,770
35982,10,11,37099,980
35982,10,11,36729,1260
35982,10,11,36359,1470
33018,10,11,35981,0
33018,10,11,35611,280
33018,10,11,35241,420
33018,10,11,34871,700
33018,10,11,34501,910
33018,10,11,34131,1190
33018,10,11,33761,1400
25225,10,11,27820,0
25225,10,11,27450,280
25225,10,11,27080,560
25225,10,11,26710,770
25225,10,11,26340,1050
25225,10,11,25970,1330
40433,10,11,43031,0
40433,10,11,42661,210
40433,10,11,42291,490
40433,10,11,41921,700
40433,10,11,41551,980
40433,10,11,41181,1260
40433,10,11,40811,1470
26337,10,11,28933,0
26337,10,11,28563,280
26337,10,11,28193,560
26337,10,11,27823,840
26337,10,11,27453,1050
26337,10,11,27083,1330
29310,10,11,30421,0
29310,10,11,30051,420
29310,10,11,29681,630
29310,10,11,29311,910
29310,10,11,1,1190
36353,10,11,38950,0
36353,10,11,38580,210
36353,10,11,38210,490
36353,10,11,37840,700
36353,10,11,37470,980
36353,10,11,37100,1260
36353,10,11,36730,1470
33389,10,11,36352,0
33389,10,11,35982,280
33389,10,11,35612,420
33389,10,11,35242,700
33389,10,11,34872,910
33389,10,11,34502,1190
33389,10,11,34132,1400
37468,10,11,40433,0
37468,10,11,40063,280
37468,10,11,39693,490
37468,10,11,39323,770
37468,10,11,38953,980
37468,10,11,38583,1260
37468,10,11,38213,1470
42659,10,11,45257,0
42659,10,11,44887,210
42659,10,11,44517,490
42659,10,11,44147,770
42659,10,11,43777,980
42659,10,11,43407,1260
42659,10,11,43037,1470
27823,10,11,30417,0
27823,10,11,30047,350
27823,10,11,29677,560
27823,10,11,29307,840
27823,10,11,28937,1120
27823,10,11,28567,1330
26707,10,11,28934,0
26707,10,11,28564,210
26707,10,11,28194,560
26707,10,11,27824,840
26707,10,11,27454,1050
26707,10,11,27084,1330
38951,10,11,41917,0
38951,10,11,41547,210
38951,10,11,41177,490
38951,10,11,40807,770
38951,10,11,40437,980
38951,10,11,40067,1260
23743,10,11,26336,0
23743,10,11,25966,350
23743,10,11,25596,630
23743,10,11,25226,840
23743,10,11,24856,1120
23743,10,11,24486,1400
43030,10,11,45628,0
43030,10,11,45258,210
43030,10,11,44888,490
43030,10,11,44518,770
43030,10,11,44148,980
43030,10,11,43778,1260
43030,10,11,43408,1470
40066,10,11,43030,0
40066,10,11,42660,280
40066,10,11,42290,560
40066,10,11,41920,840
40066,10,11,41550,1050
40066,10,11,41180,1330
31907,10,11,33388,0
31907,10,11,33018,280
31907,10,11,32648,420
31907,10,11,32278,700
31907,10,11,31908,980
31907,10,11,1,1190
33013,10,11,35241,0
33013,10,11,34871,420
33013,10,11,34501,700
33013,10,11,34131,910
33013,10,11,33761,1190
33013,10,11,33391,1400
35986,10,11,38949,0
35986,10,11,38579,280
35986,10,11,38209,490
35986,10,11,37839,770
35986,10,11,37469,980
35986,10,11,37099,1260
35986,10,11,36729,1470
29305,10,11,31901,0
29305,10,11,31531,210
29305,10,11,31161,490
29305,10,11,30791,770
29305,10,11,30421,980
29305,10,11,30051,1260
29305,10,11,29681,1470
26341,10,11,28193,0
26341,10,11,27823,350
26341,10,11,27453,560
26341,10,11,27083,770
26341,10,11,26713,1050
26341,10,11,26343,1260
33384,10,11,35612,0
33384,10,11,35242,420
33384,10,11,34872,700
33384,10,11,34502,910
33384,10,11,34132,1190
33384,10,11,33762,1400
30420,10,11,33384,0
30420,10,11,33014,210
30420,10,11,32644,490
30420,10,11,32274,700
30420,10,11,31904,980
30420,10,11,31534,1190
30420,10,11,31164,1470
41548,10,11,44514,0
41548,10,11,44144,210
41548,10,11,43774,560
41548,10,11,43404,770
41548,10,11,43034,1050
41548,10,11,42664,1260
38584,10,11,40436,0
38584,10,11,40066,350
38584,10,11,39696,630
38584,10,11,39326,840
38584,10,11,38956,1120
38584,10,11,38586,1330
27827,10,11,30047,0
27827,10,11,29677,420
27827,10,11,29307,630
27827,10,11,28937,840
27827,10,11,28567,1120
27827,10,11,28197,1330
34504,10,11,35985,0
34504,10,11,35615,280
34504,10,11,35245,490
34504,10,11,34875,700
34504,10,11,34505,980
34504,10,11,1,1190
38955,10,11,40807,0
38955,10,11,40437,350
38955,10,11,40067,630
38955,10,11,39697,840
38955,10,11,39327,1120
38955,10,11,38957,1330
24859,10,11,27079,0
24859,10,11,26709,490
24859,10,11,26339,700
24859,10,11,25969,980
24859,10,11,25599,1190
24859,10,11,25229,1470
31902,10,11,34868,0
31902,10,11,34498,210
31902,10,11,34128,420
31902,10,11,33758,700
31902,10,11,33388,910
31902,10,11,33018,1190
31902,10,11,32648,1400
28938,10,11,30790,0
28938,10,11,30420,280
28938,10,11,30050,420
28938,10,11,29680,700
28938,10,11,29310,910
28938,10,11,28940,1190
28938,10,11,1,1470
35981,10,11,38579,0
35981,10,11,38209,210
35981,10,11,37839,490
35981,10,11,37469,700
35981,10,11,37099,980
35981,10,11,36729,1260
35981,10,11,36359,1470
33017,10,11,35981,0
33017,10,11,35611,280
33017,10,11,35241,490
33017,10,11,34871,770
33017,10,11,34501,980
33017,10,11,34131,1260
33017,10,11,33761,1470
26336,10,11,28563,0
26336,10,11,28193,210
26336,10,11,27823,560
26336,10,11,27453,840
26336,10,11,27083,1050
26336,10,11,26713,1330
37102,10,11,39322,0
37102,10,11,38952,490
37102,10,11,38582,770
37102,10,11,38212,980
37102,10,11,37842,1260
37102,10,11,37472,1470
29309,10,11,31161,0
29309,10,11,30791,280
29309,10,11,30421,420
29309,10,11,30051,700
29309,10,11,29681,910
29309,10,11,29311,1190
29309,10,11,1,1470
41181,10,11,43033,0
41181,10,11,42663,350
41181,10,11,42293,630
41181,10,11,41923,840
41181,10,11,41553,1120
41181,10,11,41183,1330
33388,10,11,36352,0
33388,10,11,35982,280
33388,10,11,35612,490
33388,10,11,35242,770
33388,10,11,34872,980
33388,10,11,34502,1260
33388,10,11,34132,1470
30424,10,11,32644,0
30424,10,11,32274,420
30424,10,11,31904,700
30424,10,11,31534,910
30424,10,11,31164,1190
30424,10,11,30794,1400
38579,10,11,41176,0
38579,10,11,40806,210
38579,10,11,40436,490
38579,10,11,40066,700
38579,10,11,39696,980
38579,10,11,39326,1260
38579,10,11,38956,1470
41552,10,11,43404,0
41552,10,11,43034,350
41552,10,11,42664,630
41552,10,11,42294,840
41552,10,11,41924,1120
41552,10,11,41554,1330
27822,10,11,30417,0
27822,10,11,30047,280
27822,10,11,29677,560
27822,10,11,29307,770
27822,10,11,28937,1050
27822,10,11,28567,1260
27456,10,11,29676,0
27456,10,11,29306,420
27456,10,11,28936,630
27456,10,11,28566,840
27456,10,11,28196,1120
27456,10,11,27826,1400
34499,10,11,37465,0
34499,10,11,37095,210
34499,10,11,36725,420
34499,10,11,36355,700
34499,10,11,35985,980
34499,10,11,35615,1190
34499,10,11,35245,1470
31535,10,11,33387,0
31535,10,11,33017,280
31535,10,11,32647,490
31535,10,11,32277,770
31535,10,11,31907,1050
31535,10,11,31537,1260
38950,10,11,41547,0
38950,10,11,41177,210
38950,10,11,40807,490
38950,10,11,40437,700
38950,10,11,40067,980
38950,10,11,39697,1260
38950,10,11,39327,1470
40065,10,11,43030,0
40065,10,11,42660,280
40065,10,11,42290,490
40065,10,11,41920,770
40065,10,11,41550,980
40065,10,11,41180,1260
40065,10,11,40810,1470
24854,10,11,27449,0
24854,10,11,27079,280
24854,10,11,26709,560
24854,10,11,26339,840
24854,10,11,25969,1050
24854,10,11,25599,1330
28933,10,11,31160,0
28933,10,11,30790,210
28933,10,11,30420,420
28933,10,11,30050,700
28933,10,11,29680,980
28933,10,11,29310,1190
28933,10,11,28940,1470
31906,10,11,33758,0
31906,10,11,33388,280
31906,10,11,33018,490
31906,10,11,32648,770
31906,10,11,32278,1050
31906,10,11,31908,1260
25969,10,11,28562,0
25969,10,11,28192,350
25969,10,11,27822,560
25969,10,11,27452,840
25969,10,11,27082,1120
25969,10,11,26712,1330
35985,10,11,38949,0
35985,10,11,38579,280
35985,10,11,38209,560
35985,10,11,37839,840
35985,10,11,37469,1050
35985,10,11,37099,1330
33021,10,11,35241,0
33021,10,11,34871,490
33021,10,11,34501,700
33021,10,11,34131,980
33021,10,11,33761,1190
33021,10,11,33391,1470
37097,10,11,40062,0
37097,10,11,39692,280
37097,10,11,39322,490
37097,10,11,38952,770
37097,10,11,38582,980
37097,10,11,38212,1260
37097,10,11,37842,1470
29304,10,11,31531,0
29304,10,11,31161,210
29304,10,11,30791,420
29304,10,11,30421,700
29304,10,11,30051,980
29304,10,11,29681,1190
29304,10,11,29311,1470
34133,10,11,35614,0
34133,10,11,35244,280
34133,10,11,34874,490
34133,10,11,34504,700
34133,10,11,34134,980
34133,10,11,1,1190
41176,10,11,43773,0
41176,10,11,43403,210
41176,10,11,43033,490
41176,10,11,42663,700
41176,10,11,42293,980
41176,10,11,41923,1260
41176,10,11,41553,1470
26340,10,11,28933,0
26340,10,11,28563,350
26340,10,11,28193,560
26340,10,11,27823,840
26340,10,11,27453,1120
26340,10,11,27083,1330
30419,10,11,33014,0
30419,10,11,32644,420
30419,10,11,32274,630
30419,10,11,31904,910
30419,10,11,31534,1120
30419,10,11,31164,1400
30053,10,11,32273,0
30053,10,11,31903,420
30053,10,11,31533,700
30053,10,11,31163,910
30053,10,11,30793,1190
30053,10,11,30423,1400
41547,10,11,44144,0
41547,10,11,43774,210
41547,10,11,43404,490
41547,10,11,43034,770
41547,10,11,42664,980
41547,10,11,42294,1260
41547,10,11,41924,1470
38583,10,11,41546,0
38583,10,11,41176,280
38583,10,11,40806,490
38583,10,11,40436,770
38583,10,11,40066,980
38583,10,11,39696,1260
38583,10,11,39326,1470
42662,10,11,45627,0
42662,10,11,45257,280
42662,10,11,44887,490
42662,10,11,44517,770
42662,10,11,44147,1050
42662,10,11,43777,1260
27451,10,11,30046,0
27451,10,11,29676,280
27451,10,11,29306,560
27451,10,11,28936,770
27451,10,11,28566,1050
27451,10,11,28196,1260
24487,10,11,25968,0
24487,10,11,25598,350
24487,10,11,25228,560
24487,10,11,24858,770
24487,10,11,24488,1050
24487,10,11,1,1260
31530,10,11,33757,0
31530,10,11,33387,420
31530,10,11,33017,630
31530,10,11,32647,910
31530,10,11,32277,1120
31530,10,11,31907,1400
34503,10,11,36355,0
34503,10,11,35985,280
34503,10,11,35615,560
34503,10,11,35245,770
34503,10,11,34875,1050
34503,10,11,34505,1260
24858,10,11,26339,0
24858,10,11,25969,350
24858,10,11,25599,560
24858,10,11,25229,770
24858,10,11,24859,1050
24858,10,11,1,1260
39694,10,11,42659,0
39694,10,11,42289,280
39694,10,11,41919,490
39694,10,11,41549,770
39694,10,11,41179,980
39694,10,11,40809,1260
39694,10,11,40439,1470
31901,10,11,34128,0
31901,10,11,33758,420
31901,10,11,33388,630
31901,10,11,33018,910
31901,10,11,32648,1120
31901,10,11,32278,1400
28937,10,11,31530,0
28937,10,11,31160,350
28937,10,11,30790,490
28937,10,11,30420,770
28937,10,11,30050,980
28937,10,11,29680,1260
28937,10,11,29310,1470
33016,10,11,35981,0
33016,10,11,35611,210
33016,10,11,35241,420
33016,10,11,34871,700
33016,10,11,34501,910
33016,10,11,34131,1190
33016,10,11,33761,1470
34128,10,11,37094,0
34128,10,11,36724,210
34128,10,11,36354,420
34128,10,11,35984,700
34128,10,11,35614,980
34128,10,11,35244,1190
34128,10,11,34874,1470
37101,10,11,38582,0
37101,10,11,38212,350
37101,10,11,37842,560
37101,10,11,37472,770
37101,10,11,37102,1050
37101,10,11,1,1260
41180,10,11,44143,0
41180,10,11,43773,280
41180,10,11,43403,490
41180,10,11,43033,770
41180,10,11,42663,980
41180,10,11,42293,1260
41180,10,11,41923,1470
30048,10,11,32643,0
30048,10,11,32273,420
30048,10,11,31903,630
30048,10,11,31533,910
30048,10,11,31163,1120
30048,10,11,30793,1400
38578,10,11,41176,0
38578,10,11,40806,210
38578,10,11,40436,490
38578,10,11,40066,700
38578,10,11,39696,980
38578,10,11,39326,1260
38578,10,11,38956,1470
27455,10,11,28936,0
27455,10,11,28566,280
27455,10,11,28196,420
27455,10,11,27826,700
27455,10,11,27456,980
27455,10,11,1,1190
42291,10,11,45256,0
42291,10,11,44886,280
42291,10,11,44516,490
42291,10,11,44146,770
42291,10,11,43776,1050
42291,10,11,43406,1260
34498,10,11,36725,0
34498,10,11,36355,420
34498,10,11,35985,700
34498,10,11,35615,910
34498,10,11,35245,1190
34498,10,11,34875,1400
31534,10,11,34127,0
31534,10,11,33757,420
31534,10,11,33387,630
31534,10,11,33017,910
31534,10,11,32647,1190
31534,10,11,32277,1400
35610,10,11,38208,0
35610,10,11,37838,140
35610,10,11,37468,490
35610,10,11,37098,700
35610,10,11,36728,980
35610,10,11,36358,1190
35610,10,11,35988,1470
24853,10,11,27449,0
24853,10,11,27079,350
24853,10,11,26709,560
24853,10,11,26339,840
24853,10,11,25969,1120
24853,10,11,25599,1330
36725,10,11,39691,0
36725,10,11,39321,210
36725,10,11,38951,490
36725,10,11,38581,770
36725,10,11,38211,980
36725,10,11,37841,1260
39698,10,11,41179,0
39698,10,11,40809,350
39698,10,11,40439,560
39698,10,11,40069,770
39698,10,11,39699,1050
39698,10,11,1,1260
25968,10,11,28562,0
25968,10,11,28192,420
25968,10,11,27822,630
25968,10,11,27452,910
25968,10,11,27082,1120
25968,10,11,26712,1400
37096,10,11,40062,0
37096,10,11,39692,210
37096,10,11,39322,490
37096,10,11,38952,770
37096,10,11,38582,980
37096,10,11,38212,1260
34132,10,11,35984,0
34132,10,11,35614,280
34132,10,11,35244,560
34132,10,11,34874,770
34132,10,11,34504,1050
34132,10,11,34134,1260
41175,10,11,43773,0
41175,10,11,43403,210
41175,10,11,43033,490
41175,10,11,42663,700
41175,10,11,42293,980
41175,10,11,41923,1260
41175,10,11,41553,1470
23375,10,11,25595,0
23375,10,11,25225,490
23375,10,11,24855,700
23375,10,11,24485,980
23375,10,11,24115,1190
23375,10,11,23745,1470
27079,10,11,29675,0
27079,10,11,29305,210
27079,10,11,28935,560
27079,10,11,28565,770
27079,10,11,28195,1050
27079,10,11,27825,1330
30052,10,11,31163,0
30052,10,11,30793,420
30052,10,11,30423,700
30052,10,11,30053,910
30052,10,11,1,1190
38207,10,11,40805,0
38207,10,11,40435,210
38207,10,11,40065,490
38207,10,11,39695,700
38207,10,11,39325,980
38207,10,11,38955,1260
38207,10,11,38585,1470
27450,10,11,30046,0
27450,10,11,29676,210
27450,10,11,29306,560
27450,10,11,28936,770
27450,10,11,28566,1050
27450,10,11,28196,1330
39322,10,11,42288,0
39322,10,11,41918,210
39322,10,11,41548,490
39322,10,11,41178,770
39322,10,11,40808,980
39322,10,11,40438,1260
24486,10,11,26338,0
24486,10,11,25968,350
24486,10,11,25598,560
24486,10,11,25228,840
24486,10,11,24858,1050
24486,10,11,24488,1330
35614,10,11,38578,0
35614,10,11,38208,280
35614,10,11,37838,560
35614,10,11,37468,770
35614,10,11,37098,1050
35614,10,11,36728,1330
32650,10,11,34870,0
32650,10,11,34500,490
32650,10,11,34130,700
32650,10,11,33760,980
32650,10,11,33390,1190
32650,10,11,33020,1470
24857,10,11,26709,0
24857,10,11,26339,350
24857,10,11,25969,560
24857,10,11,25599,840
24857,10,11,25229,1050
24857,10,11,24859,1330
39693,10,11,42659,0
39693,10,11,42289,210
39693,10,11,41919,490
39693,10,11,41549,770
39693,10,11,41179,980
39693,10,11,40809,1260
36729,10,11,38581,0
36729,10,11,38211,350
36729,10,11,37841,630
36729,10,11,37471,840
36729,10,11,37101,1120
36729,10,11,36731,1330
25972,10,11,28192,0
25972,10,11,27822,420
25972,10,11,27452,630
25972,10,11,27082,910
25972,10,11,26712,1190
25972,10,11,26342,1400
29676,10,11,32272,0
29676,10,11,31902,420
29676,10,11,31532,630
29676,10,11,31162,910
29676,10,11,30792,1120
29676,10,11,30422,1400
34127,10,11,36354,0
34127,10,11,35984,420
34127,10,11,35614,700
34127,10,11,35244,910
34127,10,11,34874,1190
34127,10,11,34504,1400
37100,10,11,38952,0
37100,10,11,38582,350
37100,10,11,38212,630
37100,10,11,37842,840
37100,10,11,37472,1120
37100,10,11,37102,1330
23004,10,11,25224,0
23004,10,11,24854,490
23004,10,11,24484,700
23004,10,11,24114,980
23004,10,11,23744,1190
23004,10,11,23374,1470
30047,10,11,32643,0
30047,10,11,32273,420
30047,10,11,31903,630
30047,10,11,31533,910
30047,10,11,31163,1120
30047,10,11,30793,1400
27083,10,11,28935,0
27083,10,11,28565,350
27083,10,11,28195,490
27083,10,11,27825,770
27083,10,11,27455,980
27083,10,11,27085,1260
38211,10,11,41175,0
38211,10,11,40805,280
38211,10,11,40435,560
38211,10,11,40065,840
38211,10,11,39695,1050
38211,10,11,39325,1330
35247,10,11,37467,0
35247,10,11,37097,490
35247,10,11,36727,700
35247,10,11,36357,980
35247,10,11,35987,1260
35247,10,11,35617,1470
27454,10,11,29306,0
27454,10,11,28936,280
27454,10,11,28566,490
27454,10,11,28196,700
27454,10,11,27826,980
27454,10,11,27456,1260
27454,10,11,1,1470
42290,10,11,45256,0
42290,10,11,44886,210
42290,10,11,44516,560
42290,10,11,44146,770
42290,10,11,43776,1050
42290,10,11,43406,1260
39326,10,11,41178,0
39326,10,11,40808,350
39326,10,11,40438,630
39326,10,11,40068,840
39326,10,11,39698,1120
39326,10,11,39328,1330
32645,10,11,35610,0
32645,10,11,35240,210
32645,10,11,34870,420
32645,10,11,34500,700
32645,10,11,34130,910
32645,10,11,33760,1190
32645,10,11,33390,1470
35618,10,11,37838,0
35618,10,11,37468,490
35618,10,11,37098,700
35618,10,11,36728,980
35618,10,11,36358,1260
35618,10,11,35988,1470
36724,10,11,39321,0
36724,10,11,38951,210
36724,10,11,38581,490
36724,10,11,38211,700
36724,10,11,37841,980
36724,10,11,37471,1260
36724,10,11,37101,1470
39697,10,11,41549,0
39697,10,11,41179,350
39697,10,11,40809,630
39697,10,11,40439,840
39697,10,11,40069,1120
39697,10,11,39699,1330
28565,10,11,31159,0
28565,10,11,30789,280
28565,10,11,30419,560
28565,10,11,30049,840
28565,10,11,29679,1050
28565,10,11,29309,1330
25601,10,11,27821,0
25601,10,11,27451,420
25601,10,11,27081,700
25601,10,11,26711,910
25601,10,11,26341,1190
25601,10,11,25971,1470
29680,10,11,31532,0
29680,10,11,31162,280
29680,10,11,30792,490
29680,10,11,30422,770
29680,10,11,30052,980
29680,10,11,29682,1260
34131,10,11,37094,0
34131,10,11,36724,280
34131,10,11,36354,420
34131,10,11,35984,700
34131,10,11,35614,910
34131,10,11,35244,1190
34131,10,11,34874,1400
40808,10,11,43772,0
40808,10,11,43402,280
40808,10,11,43032,560
40808,10,11,42662,840
40808,10,11,42292,1050
40808,10,11,41922,1330
27078,10,11,29305,0
27078,10,11,28935,210
27078,10,11,28565,560
27078,10,11,28195,840
27078,10,11,27825,1050
27078,10,11,27455,1330
37844,10,11,40064,0
37844,10,11,39694,490
37844,10,11,39324,770
37844,10,11,38954,980
37844,10,11,38584,1260
37844,10,11,38214,1470
30051,10,11,31903,0
30051,10,11,31533,280
30051,10,11,31163,490
30051,10,11,30793,770
30051,10,11,30423,980
30051,10,11,30053,1260
31163,10,11,34126,0
31163,10,11,33756,280
31163,10,11,33386,420
31163,10,11,33016,700
31163,10,11,32646,910
31163,10,11,32276,1190
31163,10,11,31906,1470
35242,10,11,38207,0
35242,10,11,37837,280
35242,10,11,37467,490
35242,10,11,37097,770
35242,10,11,36727,980
35242,10,11,36357,1260
35242,10,11,35987,1470
38215,10,11,40435,0
38215,10,11,40065,490
38215,10,11,39695,770
38215,10,11,39325,980
38215,10,11,38955,1260
38215,10,11,38585,1470
32278,10,11,33759,0
32278,10,11,33389,280
32278,10,11,33019,490
32278,10,11,32649,700
32278,10,11,32279,980
32278,10,11,1,1190
24485,10,11,27078,0
24485,10,11,26708,420
24485,10,11,26338,630
24485,10,11,25968,910
24485,10,11,25598,1120
24485,10,11,25228,1400
39321,10,11,41918,0
39321,10,11,41548,210
39321,10,11,41178,490
39321,10,11,40808,700
39321,10,11,40438,980
39321,10,11,40068,1260
39321,10,11,39698,1470
28198,10,11,30418,0
28198,10,11,30048,420
28198,10,11,29678,630
28198,10,11,29308,840
28198,10,11,28938,1120
28198,10,11,28568,1330
35613,10,11,38578,0
35613,10,11,38208,280
35613,10,11,37838,490
35613,10,11,37468,770
35613,10,11,37098,980
35613,10,11,36728,1260
35613,10,11,36358,1470
32649,10,11,34130,0
32649,10,11,33760,280
32649,10,11,33390,490
32649,10,11,33020,700
32649,10,11,32650,980
32649,10,11,1,1190
39692,10,11,42289,0
39692,10,11,41919,210
39692,10,11,41549,490
39692,10,11,41179,700
39692,10,11,40809,980
39692,10,11,40439,1260
39692,10,11,40069,1470
36728,10,11,39691,0
36728,10,11,39321,280
36728,10,11,38951,490
36728,10,11,38581,770
36728,10,11,38211,980
36728,10,11,37841,1260
36728,10,11,37471,1470
25596,10,11,28191,0
25596,10,11,27821,280
25596,10,11,27451,560
25596,10,11,27081,770
25596,10,11,26711,1050
25596,10,11,26341,1260
28569,10,11,30789,0
28569,10,11,30419,420
28569,10,11,30049,630
28569,10,11,29679,910
28569,10,11,29309,1120
28569,10,11,28939,1400
29675,10,11,31902,0
29675,10,11,31532,210
29675,10,11,31162,560
29675,10,11,30792,840
29675,10,11,30422,1050
29675,10,11,30052,1330
41919,10,11,44885,0
41919,10,11,44515,210
41919,10,11,44145,560
41919,10,11,43775,770
41919,10,11,43405,1050
41919,10,11,43035,1260
34126,10,11,36354,0
34126,10,11,35984,420
34126,10,11,35614,700
34126,10,11,35244,910
34126,10,11,34874,1190
34126,10,11,34504,1400
33760,10,11,36723,0
33760,10,11,36353,280
33760,10,11,35983,420
33760,10,11,35613,700
33760,10,11,35243,910
33760,10,11,34873,1190
33760,10,11,34503,1400
23003,10,11,24484,0
23003,10,11,24114,350
23003,10,11,23744,560
23003,10,11,23374,770
23003,10,11,23004,1050
23003,10,11,1,1330
37839,10,11,40804,0
37839,10,11,40434,280
37839,10,11,40064,490
37839,10,11,39694,770
37839,10,11,39324,980
37839,10,11,38954,1260
37839,10,11,38584,1470
30046,10,11,32273,0
30046,10,11,31903,210
30046,10,11,31533,560
30046,10,11,31163,840
30046,10,11,30793,1050
30046,10,11,30423,1330
34875,10,11,36356,0
34875,10,11,35986,280
34875,10,11,35616,490
34875,10,11,35246,700
34875,10,11,34876,980
34875,10,11,1,1260
27082,10,11,29675,0
27082,10,11,29305,350
27082,10,11,28935,560
27082,10,11,28565,840
27082,10,11,28195,1050
27082,10,11,27825,1330
38210,10,11,41175,0
38210,10,11,40805,280
38210,10,11,40435,490
38210,10,11,40065,770
38210,10,11,39695,980
38210,10,11,39325,1260
38210,10,11,38955,1470
32273,10,11,35239,0
32273,10,11,34869,210
32273,10,11,34499,420
32273,10,11,34129,700
32273,10,11,33759,980
32273,10,11,33389,1190
32273,10,11,33019,1470
35246,10,11,36727,0
35246,10,11,36357,350
35246,10,11,35987,490
35246,10,11,35617,770
35246,10,11,35247,980
35246,10,11,1,1260
42289,10,11,44886,0
42289,10,11,44516,210
42289,10,11,44146,490
42289,10,11,43776,770
42289,10,11,43406,980
42289,10,11,43036,1260
42289,10,11,42666,1470
39325,10,11,42288,0
39325,10,11,41918,280
39325,10,11,41548,490
39325,10,11,41178,770
39325,10,11,40808,980
39325,10,11,40438,1260
39325,10,11,40068,1470
24114,10,11,26707,0
24114,10,11,26337,350
24114,10,11,25967,630
24114,10,11,25597,910
24114,10,11,25227,1120
24114,10,11,24857,1400
28193,10,11,30788,0
28193,10,11,30418,280
28193,10,11,30048,490
28193,10,11,29678,770
28193,10,11,29308,980
28193,10,11,28938,1260
43401,10,11,45999,0
43401,10,11,45629,420
43401,10,11,45259,700
43401,10,11,44889,910
43401,10,11,44519,1190
43401,10,11,44149,1400
40437,10,11,43401,0
40437,10,11,43031,280
40437,10,11,42661,560
40437,10,11,42291,840
40437,10,11,41921,1050
40437,10,11,41551,1330
25229,10,11,26710,0
25229,10,11,26340,280
25229,10,11,25970,490
25229,10,11,25600,770
25229,10,11,25230,980
25229,10,11,1,1260
32644,10,11,35610,0
32644,10,11,35240,210
32644,10,11,34870,420
32644,10,11,34500,700
32644,10,11,34130,980
32644,10,11,33760,1190
32644,10,11,33390,1470
36723,10,11,39321,0
36723,10,11,38951,210
36723,10,11,38581,490
36723,10,11,38211,700
36723,10,11,37841,980
36723,10,11,37471,1260
36723,10,11,37101,1470
36357,10,11,39320,0
36357,10,11,38950,280
36357,10,11,38580,490
36357,10,11,38210,770
36357,10,11,37840,980
36357,10,11,37470,1260
36357,10,11,37100,1470
28564,10,11,31159,0
28564,10,11,30789,280
28564,10,11,30419,490
28564,10,11,30049,770
28564,10,11,29679,980
28564,10,11,29309,1260
28564,10,11,28939,1470
25600,10,11,27081,0
25600,10,11,26711,280
25600,10,11,26341,490
25600,10,11,25971,700
25600,10,11,25601,980
25600,10,11,1,1190
37472,10,11,38953,0
37472,10,11,38583,350
37472,10,11,38213,560
37472,10,11,37843,770
37472,10,11,37473,1050
37472,10,11,1,1260
29679,10,11,32272,0
29679,10,11,31902,420
29679,10,11,31532,630
29679,10,11,31162,910
29679,10,11,30792,1120
29679,10,11,30422,1400
33755,10,11,35983,0
33755,10,11,35613,420
33755,10,11,35243,700
33755,10,11,34873,910
33755,10,11,34503,1190
33755,10,11,34133,1400
30791,10,11,33755,0
30791,10,11,33385,280
30791,10,11,33015,490
30791,10,11,32645,770
30791,10,11,32275,1050
30791,10,11,31905,1260
40807,10,11,43772,0
40807,10,11,43402,280
40807,10,11,43032,490
40807,10,11,42662,770
40807,10,11,42292,980
40807,10,11,41922,1260
40807,10,11,41552,1470
34870,10,11,37836,0
34870,10,11,37466,210
34870,10,11,37096,490
34870,10,11,36726,700
34870,10,11,36356,980
34870,10,11,35986,1190
34870,10,11,35616,1470
37843,10,11,39324,0
37843,10,11,38954,350
37843,10,11,38584,560
37843,10,11,38214,770
37843,10,11,37844,1050
37843,10,11,1,1260
26711,10,11,29304,0
26711,10,11,28934,350
26711,10,11,28564,560
26711,10,11,28194,840
26711,10,11,27824,1050
26711,10,11,27454,1330
31162,10,11,34126,0
31162,10,11,33756,280
31162,10,11,33386,490
31162,10,11,33016,770
31162,10,11,32646,980
31162,10,11,32276,1260
35241,10,11,38207,0
35241,10,11,37837,210
35241,10,11,37467,490
35241,10,11,37097,770
35241,10,11,36727,980
35241,10,11,36357,1260
35241,10,11,35987,1470
32277,10,11,34129,0
32277,10,11,33759,280
32277,10,11,33389,560
32277,10,11,33019,770
32277,10,11,32649,1050
32277,10,11,32279,1260
39320,10,11,41918,0
39320,10,11,41548,210
39320,10,11,41178,490
39320,10,11,40808,700
39320,10,11,40438,980
39320,10,11,40068,1260
39320,10,11,39698,1470
25224,10,11,27820,0
25224,10,11,27450,280
25224,10,11,27080,560
25224,10,11,26710,840
25224,10,11,26340,1050
25224,10,11,25970,1330
28197,10,11,29308,0
28197,10,11,28938,420
28197,10,11,28568,700
28197,10,11,28198,910
28197,10,11,1,1190
36352,10,11,38950,0
36352,10,11,38580,210
36352,10,11,38210,490
36352,10,11,37840,700
36352,10,11,37470,980
36352,10,11,37100,1260
36352,10,11,36730,1470
25595,10,11,28191,0
25595,10,11,27821,280
25595,10,11,27451,560
25595,10,11,27081,840
25595,10,11,26711,1050
25595,10,11,26341,1330
37467,10,11,40433,0
37467,10,11,40063,210
37467,10,11,39693,490
37467,10,11,39323,770
37467,10,11,38953,980
37467,10,11,38583,1260
41918,10,11,44515,0
41918,10,11,44145,210
41918,10,11,43775,490
41918,10,11,43405,770
41918,10,11,43035,980
41918,10,11,42665,1260
41918,10,11,42295,1470
33759,10,11,36723,0
33759,10,11,36353,280
33759,10,11,35983,490
33759,10,11,35613,770
33759,10,11,35243,980
33759,10,11,34873,1260
33759,10,11,34503,1470
30795,10,11,33015,0
30795,10,11,32645,490
30795,10,11,32275,700
30795,10,11,31905,980
30795,10,11,31535,1260
30795,10,11,31165,1470
37838,10,11,40804,0
37838,10,11,40434,210
37838,10,11,40064,490
37838,10,11,39694,770
37838,10,11,39324,980
37838,10,11,38954,1260
34874,10,11,36726,0
34874,10,11,36356,280
34874,10,11,35986,560
34874,10,11,35616,770
34874,10,11,35246,1050
34874,10,11,34876,1330
31166,10,11,33386,0
31166,10,11,33016,490
31166,10,11,32646,770
31166,10,11,32276,980
31166,10,11,31906,1260
31166,10,11,31536,1470
32272,10,11,34499,0
32272,10,11,34129,420
32272,10,11,33759,700
32272,10,11,33389,910
32272,10,11,33019,1190
32272,10,11,32649,1400
24113,10,11,26707,0
24113,10,11,26337,420
24113,10,11,25967,630
24113,10,11,25597,910
24113,10,11,25227,1190
24113,10,11,24857,1400
28192,10,11,30788,0
28192,10,11,30418,210
28192,10,11,30048,490
28192,10,11,29678,770
28192,10,11,29308,1050
28192,10,11,28938,1260
40436,10,11,43401,0
40436,10,11,43031,280
40436,10,11,42661,490
40436,10,11,42291,770
40436,10,11,41921,980
40436,10,11,41551,1260
40436,10,11,41181,1470
25228,10,11,27080,0
25228,10,11,26710,350
25228,10,11,26340,490
25228,10,11,25970,770
25228,10,11,25600,1050
25228,10,11,25230,1260
36356,10,11,39320,0
36356,10,11,38950,280
36356,10,11,38580,560
36356,10,11,38210,840
36356,10,11,37840,1050
36356,10,11,37470,1330
33392,10,11,35612,0
33392,10,11,35242,490
33392,10,11,34872,700
33392,10,11,34502,980
33392,10,11,34132,1190
33392,10,11,33762,1470
37471,10,11,39323,0
37471,10,11,38953,350
37471,10,11,38583,630
37471,10,11,38213,840
37471,10,11,37843,1120
37471,10,11,37473,1330
41922,10,11,44885,0
41922,10,11,44515,350
41922,10,11,44145,490
41922,10,11,43775,770
41922,10,11,43405,980
41922,10,11,43035,1260
30790,10,11,33755,0
30790,10,11,33385,210
30790,10,11,33015,490
30790,10,11,32645,700
30790,10,11,32275,980
30790,10,11,31905,1190
30790,10,11,31535,1470
33763,10,11,35983,0
33763,10,11,35613,490
33763,10,11,35243,700
33763,10,11,34873,980
33763,10,11,34503,1190
33763,10,11,34133,1470
27826,10,11,28937,0
27826,10,11,28567,420
27826,10,11,28197,700
27826,10,11,27827,910
27826,10,11,1,1190
34869,10,11,37096,0
34869,10,11,36726,420
34869,10,11,36356,700
34869,10,11,35986,910
34869,10,11,35616,1190
34869,10,11,35246,1400
37842,10,11,39694,0
37842,10,11,39324,350
37842,10,11,38954,630
37842,10,11,38584,840
37842,10,11,38214,1120
37842,10,11,37844,1330
26710,10,11,29304,0
26710,10,11,28934,350
26710,10,11,28564,630
26710,10,11,28194,840
26710,10,11,27824,1120
26710,10,11,27454,1400
38954,10,11,41917,0
38954,10,11,41547,280
38954,10,11,41177,490
38954,10,11,40807,770
38954,10,11,40437,980
38954,10,11,40067,1260
38954,10,11,39697,1470
23746,10,11,25966,0
23746,10,11,25596,490
23746,10,11,25226,700
23746,10,11,24856,980
23746,10,11,24486,1190
23746,10,11,24116,1470
31161,10,11,34126,0
31161,10,11,33756,210
31161,10,11,33386,420
31161,10,11,33016,700
31161,10,11,32646,980
31161,10,11,32276,1190
31161,10,11,31906,1470
40069,10,11,41550,0
40069,10,11,41180,350
40069,10,11,40810,560
40069,10,11,40440,770
40069,10,11,40070,1050
40069,10,11,1,1260
32276,10,11,35239,0
32276,10,11,34869,280
32276,10,11,34499,420
32276,10,11,34129,700
32276,10,11,33759,910
32276,10,11,33389,1190
32276,10,11,33019,1400
24117,10,11,26337,0
24117,10,11,25967,490
24117,10,11,25597,700
24117,10,11,25227,980
24117,10,11,24857,1190
24117,10,11,24487,1470
35989,10,11,38209,0
35989,10,11,37839,490
35989,10,11,37469,770
35989,10,11,37099,980
35989,10,11,36729,1260
28196,10,11,30048,0
28196,10,11,29678,280
28196,10,11,29308,490
28196,10,11,28938,700
28196,10,11,28568,980
28196,10,11,28198,1190
28196,10,11,1,1470
40440,10,11,41921,0
40440,10,11,41551,350
40440,10,11,41181,560
40440,10,11,40811,770
40440,10,11,40441,1050
40440,10,11,1,1260
29308,10,11,31901,0
29308,10,11,31531,280
29308,10,11,31161,490
29308,10,11,30791,770
29308,10,11,30421,980
29308,10,11,30051,1260
29308,10,11,29681,1470
33387,10,11,36352,0
33387,10,11,35982,210
33387,10,11,35612,420
33387,10,11,35242,700
33387,10,11,34872,910
33387,10,11,34502,1190
33387,10,11,34132,1470
36360,10,11,38580,0
36360,10,11,38210,490
36360,10,11,37840,770
36360,10,11,37470,980
36360,10,11,37100,1260
36360,10,11,36730,1470
30423,10,11,31534,0
30423,10,11,31164,420
30423,10,11,30794,700
30423,10,11,30424,910
30423,10,11,1,1190
37466,10,11,40063,0
37466,10,11,39693,210
37466,10,11,39323,490
37466,10,11,38953,700
37466,10,11,38583,980
37466,10,11,38213,1260
37466,10,11,37843,1470
41551,10,11,44514,0
41551,10,11,44144,350
41551,10,11,43774,490
41551,10,11,43404,770
41551,10,11,43034,980
41551,10,11,42664,1260
33758,10,11,36723,0
33758,10,11,36353,210
33758,10,11,35983,420
33758,10,11,35613,700
33758,10,11,35243,910
33758,10,11,34873,1190
33758,10,11,34503,1470
27821,10,11,30417,0
27821,10,11,30047,210
27821,10,11,29677,560
27821,10,11,29307,770
27821,10,11,28937,1050
27821,10,11,28567,1260
30794,10,11,32275,0
30794,10,11,31905,350
30794,10,11,31535,490
30794,10,11,31165,770
30794,10,11,30795,980
30794,10,11,1,1260
34873,10,11,37836,0
34873,10,11,37466,280
34873,10,11,37096,420
34873,10,11,36726,700
34873,10,11,36356,910
34873,10,11,35986,1190
34873,10,11,35616,1470
38949,10,11,41547,0
38949,10,11,41177,210
38949,10,11,40807,490
38949,10,11,40437,700
38949,10,11,40067,980
38949,10,11,39697,1260
38949,10,11,39327,1470
26714,10,11,28934,0
26714,10,11,28564,420
26714,10,11,28194,700
26714,10,11,27824,910
26714,10,11,27454,1190
26714,10,11,27084,1470
40064,10,11,43030,0
40064,10,11,42660,210
40064,10,11,42290,490
40064,10,11,41920,770
40064,10,11,41550,980
40064,10,11,41180,1260
31905,10,11,34498,0
31905,10,11,34128,420
31905,10,11,33758,630
31905,10,11,33388,910
31905,10,11,33018,1190
31905,10,11,32648,1400
35984,10,11,38949,0
35984,10,11,38579,280
35984,10,11,38209,490
35984,10,11,37839,770
35984,10,11,37469,980
35984,10,11,37099,1260
33020,10,11,34501,0
33020,10,11,34131,280
33020,10,11,33761,490
33020,10,11,33391,700
33020,10,11,33021,980
33020,10,11,1,1190
40435,10,11,43401,0
40435,10,11,43031,210
40435,10,11,42661,490
40435,10,11,42291,770
40435,10,11,41921,980
40435,10,11,41551,1260
25227,10,11,27820,0
25227,10,11,27450,350
25227,10,11,27080,560
25227,10,11,26710,840
25227,10,11,26340,1120
25227,10,11,25970,1330
26339,10,11,28933,0
26339,10,11,28563,420
26339,10,11,28193,630
26339,10,11,27823,910
26339,10,11,27453,1120
26339,10,11,27083,1400
36355,10,11,39320,0
36355,10,11,38950,280
36355,10,11,38580,490
36355,10,11,38210,770
36355,10,11,37840,980
36355,10,11,37470,1260
36355,10,11,37100,1470
30418,10,11,33014,0
30418,10,11,32644,420
30418,10,11,32274,630
30418,10,11,31904,910
30418,10,11,31534,1120
30418,10,11,31164,1400
33391,10,11,34872,0
33391,10,11,34502,280
33391,10,11,34132,490
33391,10,11,33762,700
33391,10,11,33392,980
33391,10,11,1,1190
37470,10,11,40433,0
37470,10,11,40063,280
37470,10,11,39693,490
37470,10,11,39323,770
37470,10,11,38953,980
37470,10,11,38583,1260
37470,10,11,38213,1470
41546,10,11,44144,0
41546,10,11,43774,210
41546,10,11,43404,490
41546,10,11,43034,770
41546,10,11,42664,980
41546,10,11,42294,1260
41546,10,11,41924,1470
38582,10,11,41546,0
38582,10,11,41176,280
38582,10,11,40806,560
38582,10,11,40436,840
38582,10,11,40066,1050
38582,10,11,39696,1330
30789,10,11,33755,0
30789,10,11,33385,210
30789,10,11,33015,490
30789,10,11,32645,700
30789,10,11,32275,980
30789,10,11,31905,1190
30789,10,11,31535,1470
27825,10,11,29677,0
27825,10,11,29307,280
27825,10,11,28937,490
27825,10,11,28567,700
27825,10,11,28197,980
27825,10,11,27827,1190
27825,10,11,1,1470
42661,10,11,45627,0
42661,10,11,45257,210
42661,10,11,44887,560
42661,10,11,44517,770
42661,10,11,44147,1050
42661,10,11,43777,1260
34502,10,11,37465,0
34502,10,11,37095,280
34502,10,11,36725,420
34502,10,11,36355,700
34502,10,11,35985,910
34502,10,11,35615,1190
34502,10,11,35245,1400
26709,10,11,29304,0
26709,10,11,28934,280
26709,10,11,28564,560
26709,10,11,28194,770
26709,10,11,27824,1050
26709,10,11,27454,1260
23745,10,11,25226,0
23745,10,11,24856,350
23745,10,11,24486,560
23745,10,11,24116,770
23745,10,11,23746,1050
23745,10,11,1,1260
38953,10,11,41917,0
38953,10,11,41547,280
38953,10,11,41177,560
38953,10,11,40807,840
38953,10,11,40437,1050
38953,10,11,40067,1330
43032,10,11,45998,0
43032,10,11,45628,210
43032,10,11,45258,560
43032,10,11,44888,770
43032,10,11,44518,1050
43032,10,11,44148,1260
40068,10,11,41920,0
40068,10,11,41550,350
40068,10,11,41180,630
40068,10,11,40810,840
40068,10,11,40440,1120
40068,10,11,40070,1330
28936,10,11,31530,0
28936,10,11,31160,280
28936,10,11,30790,560
28936,10,11,30420,840
28936,10,11,30050,1050
28936,10,11,29680,1330
33015,10,11,35981,0
33015,10,11,35611,210
33015,10,11,35241,420
33015,10,11,34871,700
33015,10,11,34501,980
33015,10,11,34131,1190
33015,10,11,33761,1470
35988,10,11,37469,0
35988,10,11,37099,350
35988,10,11,36729,560
35988,10,11,36359,770
35988,10,11,35989,1050
35988,10,11,1,1260
29307,10,11,31901,0
29307,10,11,31531,280
29307,10,11,31161,560
29307,10,11,30791,840
29307,10,11,30421,1050
29307,10,11,30051,1330
41179,10,11,44143,0
41179,10,11,43773,280
41179,10,11,43403,560
41179,10,11,43033,840
41179,10,11,42663,1050
41179,10,11,42293,1330
26343,10,11,28563,0
26343,10,11,28193,420
26343,10,11,27823,630
26343,10,11,27453,910
26343,10,11,27083,1190
26343,10,11,26713,1400
33386,10,11,36352,0
33386,10,11,35982,210
33386,10,11,35612,420
33386,10,11,35242,700
33386,10,11,34872,980
33386,10,11,34502,1190
33386,10,11,34132,1470
30422,10,11,32274,0
30422,10,11,31904,280
30422,10,11,31534,490
30422,10,11,31164,770
30422,10,11,30794,980
30422,10,11,30424,1260
37465,10,11,40063,0
37465,10,11,39693,210
37465,10,11,39323,490
37465,10,11,38953,700
37465,10,11,38583,980
37465,10,11,38213,1260
37465,10,11,37843,1470
41550,10,11,44514,0
41550,10,11,44144,280
41550,10,11,43774,560
41550,10,11,43404,840
41550,10,11,43034,1050
41550,10,11,42664,1330
27820,10,11,30047,0
27820,10,11,29677,210
27820,10,11,29307,490
27820,10,11,28937,700
27820,10,11,28567,980
27820,10,11,28197,1260
27820,10,11,27827,1470
38586,10,11,40806,0
38586,10,11,40436,490
38586,10,11,40066,770
38586,10,11,39696,980
38586,10,11,39326,1260
38586,10,11,38956,1470
34497,10,11,36725,0
34497,10,11,36355,420
34497,10,11,35985,700
34497,10,11,35615,910
34497,10,11,35245,1190
34497,10,11,34875,1400
31533,10,11,34497,0
31533,10,11,34127,280
31533,10,11,33757,490
31533,10,11,33387,700
31533,10,11,33017,980
31533,10,11,32647,1260
31533,10,11,32277,1470
38957,10,11,41177,0
38957,10,11,40807,490
38957,10,11,40437,770
38957,10,11,40067,980
38957,10,11,39697,1260
38957,10,11,39327,1470
40063,10,11,42660,0
40063,10,11,42290,210
40063,10,11,41920,490
40063,10,11,41550,700
40063,10,11,41180,980
40063,10,11,40810,1260
40063,10,11,40440,1470
31904,10,11,34868,0
31904,10,11,34498,210
31904,10,11,34128,490
31904,10,11,33758,700
31904,10,11,33388,980
31904,10,11,33018,1260
31904,10,11,32648,1470
25967,10,11,28562,0
25967,10,11,28192,280
25967,10,11,27822,560
25967,10,11,27452,840
25967,10,11,27082,1050
25967,10,11,26712,1330
28940,10,11,31160,0
28940,10,11,30790,420
28940,10,11,30420,630
28940,10,11,30050,910
28940,10,11,29680,1120
28940,10,11,29310,1400
35983,10,11,38949,0
35983,10,11,38579,210
35983,10,11,38209,490
35983,10,11,37839,770
35983,10,11,37469,1050
35983,10,11,37099,1260
33019,10,11,34871,0
33019,10,11,34501,280
33019,10,11,34131,560
33019,10,11,33761,770
33019,10,11,33391,1050
33019,10,11,33021,1260
37095,10,11,39692,0
37095,10,11,39322,210
37095,10,11,38952,490
37095,10,11,38582,700
37095,10,11,38212,980
37095,10,11,37842,1260
37095,10,11,37472,1470
26338,10,11,28933,0
26338,10,11,28563,280
26338,10,11,28193,560
26338,10,11,27823,840
26338,10,11,27453,1050
26338,10,11,27083,1330
29311,10,11,31531,0
29311,10,11,31161,420
29311,10,11,30791,630
29311,10,11,30421,910
29311,10,11,30051,1120
29311,10,11,29681,1400
23374,10,11,24855,0
23374,10,11,24485,350
23374,10,11,24115,560
23374,10,11,23745,770
23374,10,11,23375,1050
23374,10,11,1,1260
30417,10,11,32644,0
30417,10,11,32274,210
30417,10,11,31904,560
30417,10,11,31534,840
30417,10,11,31164,1050
30417,10,11,30794,1330
38581,10,11,41546,0
38581,10,11,41176,280
38581,10,11,40806,490
38581,10,11,40436,770
38581,10,11,40066,980
38581,10,11,39696,1260
38581,10,11,39326,1470
42660,10,11,45257,0
42660,10,11,44887,210
42660,10,11,44517,490
42660,10,11,44147,770
42660,10,11,43777,980
42660,10,11,43407,1260
42660,10,11,43037,1470
27449,10,11,29676,0
27449,10,11,29306,210
27449,10,11,28936,560
27449,10,11,28566,840
27449,10,11,28196,1050
27449,10,11,27826,1330
34501,10,11,37465,0
34501,10,11,37095,280
34501,10,11,36725,490
34501,10,11,36355,770
34501,10,11,35985,980
34501,10,11,35615,1260
34501,10,11,35245,1470
31537,10,11,33757,0
31537,10,11,33387,490
31537,10,11,33017,700
31537,10,11,32647,980
31537,10,11,32277,1190
31537,10,11,31907,1470
24856,10,11,27449,0
24856,10,11,27079,350
24856,10,11,26709,630
24856,10,11,26339,910
24856,10,11,25969,1120
24856,10,11,25599,1400
28935,10,11,31530,0
28935,10,11,31160,280
28935,10,11,30790,490
28935,10,11,30420,770
28935,10,11,30050,980
28935,10,11,29680,1260
28935,10,11,29310,1470
31908,10,11,34128,0
31908,10,11,33758,420
31908,10,11,33388,700
31908,10,11,33018,910
31908,10,11,32648,1190
31908,10,11,32278,1400
25971,10,11,27452,0
25971,10,11,27082,350
25971,10,11,26712,490
25971,10,11,26342,770
25971,10,11,25972,980
25971,10,11,1,1260
33014,10,11,35241,0
33014,10,11,34871,420
33014,10,11,34501,700
33014,10,11,34131,910
33014,10,11,33761,1190
33014,10,11,33391,1400
37099,10,11,40062,0
37099,10,11,39692,280
37099,10,11,39322,490
37099,10,11,38952,770
37099,10,11,38582,980
37099,10,11,38212,1260
37099,10,11,37842,1470
26342,10,11,27823,0
26342,10,11,27453,350
26342,10,11,27083,490
26342,10,11,26713,770
26342,10,11,26343,980
26342,10,11,1,1260
41178,10,11,44143,0
41178,10,11,43773,280
41178,10,11,43403,490
41178,10,11,43033,770
41178,10,11,42663,980
41178,10,11,42293,1260
41178,10,11,41923,1470
38585,10,11,40066,0
38585,10,11,39696,350
38585,10,11,39326,560
38585,10,11,38956,770
38585,10,11,38586,1050
38585,10,11,1,1260
27453,10,11,30046,0
27453,10,11,29676,350
27453,10,11,29306,560
27453,10,11,28936,770
27453,10,11,28566,1050
27453,10,11,28196,1330
31532,10,11,34127,0
31532,10,11,33757,420
31532,10,11,33387,700
31532,10,11,33017,910
31532,10,11,32647,1190
31532,10,11,32277,1400
34505,10,11,36725,0
34505,10,11,36355,490
34505,10,11,35985,700
34505,10,11,35615,980
34505,10,11,35245,1190
34505,10,11,34875,1470
35617,11,12,37098,0
35617,11,12,36728,350
35617,11,12,36358,490
35617,11,12,35988,770
35617,11,12,35618,980
35617,11,12,1,1260
39696,11,12,42659,0
39696,11,12,42289,280
39696,11,12,41919,490
39696,11,12,41549,770
39696,11,12,41179,980
39696,11,12,40809,1260
39696,11,12,40439,1470
25966,11,12,28562,0
25966,11,12,28192,280
25966,11,12,27822,560
25966,11,12,27452,840
25966,11,12,27082,1050
25966,11,12,26712,1330
28939,11,12,30050,0
28939,11,12,29680,420
28939,11,12,29310,700
28939,11,12,28940,910
28939,11,12,1,1190
43775,11,12,47110,0
43775,11,12,46740,210
43775,11,12,46370,490
43775,11,12,46000,700
43775,11,12,45630,980
43775,11,12,45260,1190
43775,11,12,44890,1470
37094,11,12,39692,0
37094,11,12,39322,210
37094,11,12,38952,490
37094,11,12,38582,700
37094,11,12,38212,980
37094,11,12,37842,1260
37094,11,12,37472,1470
34130,11,12,37094,0
34130,11,12,36724,280
34130,11,12,36354,490
34130,11,12,35984,770
34130,11,12,35614,980
34130,11,12,35244,1260
34130,11,12,34874,1470
44146,11,12,47481,0
44146,11,12,47111,210
44146,11,12,46741,490
44146,11,12,46371,700
44146,11,12,46001,980
44146,11,12,45631,1190
44146,11,12,45261,1470
23373,11,12,25225,0
23373,11,12,24855,350
23373,11,12,24485,560
23373,11,12,24115,840
23373,11,12,23745,1050
23373,11,12,23375,1330
41182,11,12,42663,0
41182,11,12,42293,350
41182,11,12,41923,560
41182,11,12,41553,770
41182,11,12,41183,1050
41182,11,12,1,1260
30050,11,12,32643,0
30050,11,12,32273,420
30050,11,12,31903,630
30050,11,12,31533,910
30050,11,12,31163,1120
30050,11,12,30793,1400
38580,11,12,41546,0
38580,11,12,41176,210
38580,11,12,40806,490
38580,11,12,40436,770
38580,11,12,40066,980
38580,11,12,39696,1260
38214,11,12,39695,0
38214,11,12,39325,350
38214,11,12,38955,560
38214,11,12,38585,770
38214,11,12,38215,1050
38214,11,12,1,1260
45257,11,12,47484,0
45257,11,12,47114,700
45257,11,12,46744,910
45257,11,12,46374,1190
45257,11,12,46004,1470
24484,11,12,27078,0
24484,11,12,26708,420
24484,11,12,26338,630
24484,11,12,25968,910
24484,11,12,25598,1190
24484,11,12,25228,1400
42293,11,12,45256,0
42293,11,12,44886,350
42293,11,12,44516,490
42293,11,12,44146,770
42293,11,12,43776,980
42293,11,12,43406,1260
34500,11,12,37465,0
34500,11,12,37095,210
34500,11,12,36725,420
34500,11,12,36355,700
34500,11,12,35985,910
34500,11,12,35615,1190
34500,11,12,35245,1470
31536,11,12,33017,0
31536,11,12,32647,280
31536,11,12,32277,420
31536,11,12,31907,700
31536,11,12,31537,980
31536,11,12,1,1190
35612,11,12,38578,0
35612,11,12,38208,210
35612,11,12,37838,490
35612,11,12,37468,770
35612,11,12,37098,980
35612,11,12,36728,1260
35612,11,12,36358,1470
32648,11,12,34500,0
32648,11,12,34130,280
32648,11,12,33760,560
32648,11,12,33390,770
32648,11,12,33020,1050
32648,11,12,32650,1260
24855,11,12,27449,0
24855,11,12,27079,420
24855,11,12,26709,630
24855,11,12,26339,910
24855,11,12,25969,1190
24855,11,12,25599,1400
39691,11,12,42289,0
39691,11,12,41919,210
39691,11,12,41549,490
39691,11,12,41179,700
39691,11,12,40809,980
39691,11,12,40439,1260
39691,11,12,40069,1470
36727,11,12,39691,0
36727,11,12,39321,280
36727,11,12,38951,560
36727,11,12,38581,840
36727,11,12,38211,1050
36727,11,12,37841,1330
28934,11,12,31530,0
28934,11,12,31160,210
28934,11,12,30790,490
28934,11,12,30420,770
28934,11,12,30050,980
28934,11,12,29680,1260
28934,11,12,29310,1470
25970,11,12,27822,0
25970,11,12,27452,350
25970,11,12,27082,560
25970,11,12,26712,770
25970,11,12,26342,1050
25970,11,12,25972,1260
28568,11,12,29679,0
28568,11,12,29309,420
28568,11,12,28939,700
28568,11,12,28569,910
28568,11,12,1,1190
37098,11,12,40062,0
37098,11,12,39692,280
37098,11,12,39322,560
37098,11,12,38952,840
37098,11,12,38582,1050
37098,11,12,38212,1330
34134,11,12,36354,0
34134,11,12,35984,490
34134,11,12,35614,700
34134,11,12,35244,980
34134,11,12,34874,1190
34134,11,12,34504,1470
41177,11,12,44143,0
41177,11,12,43773,210
41177,11,12,43403,490
41177,11,12,43033,770
41177,11,12,42663,980
41177,11,12,42293,1260
40811,11,12,42292,0
40811,11,12,41922,350
40811,11,12,41552,560
40811,11,12,41182,770
40811,11,12,40812,1050
40811,11,12,1,1260
27081,11,12,29675,0
27081,11,12,29305,350
27081,11,12,28935,630
27081,11,12,28565,840
27081,11,12,28195,1120
27081,11,12,27825,1330
38209,11,12,41175,0
38209,11,12,40805,210
38209,11,12,40435,490
38209,11,12,40065,770
38209,11,12,39695,980
38209,11,12,39325,1260
35245,11,12,37097,0
35245,11,12,36727,350
35245,11,12,36357,560
35245,11,12,35987,840
35245,11,12,35617,1120
35245,11,12,35247,1330
27452,11,12,30046,0
27452,11,12,29676,350
27452,11,12,29306,630
27452,11,12,28936,840
27452,11,12,28566,1120
27452,11,12,28196,1330
42288,11,12,44886,0
42288,11,12,44516,210
42288,11,12,44146,490
42288,11,12,43776,770
42288,11,12,43406,980
42288,11,12,43036,1260
42288,11,12,42666,1470
39324,11,12,42288,0
39324,11,12,41918,280
39324,11,12,41548,560
39324,11,12,41178,840
39324,11,12,40808,1050
39324,11,12,40438,1330
24488,11,12,26708,0
24488,11,12,26338,490
24488,11,12,25968,700
24488,11,12,25598,980
24488,11,12,25228,1190
24488,11,12,24858,1470
31531,11,12,34497,0
31531,11,12,34127,210
31531,11,12,33757,420
31531,11,12,33387,700
31531,11,12,33017,910
31531,11,12,32647,1190
31531,11,12,32277,1400
32643,11,12,34870,0
32643,11,12,34500,420
32643,11,12,34130,700
32643,11,12,33760,910
32643,11,12,33390,1190
32643,11,12,33020,1400
35616,11,12,37468,0
35616,11,12,37098,350
35616,11,12,36728,560
35616,11,12,36358,840
35616,11,12,35988,1120
35616,11,12,35618,1330
39695,11,12,42659,0
39695,11,12,42289,280
39695,11,12,41919,560
39695,11,12,41549,840
39695,11,12,41179,1050
39695,11,12,40809,1330
36731,11,12,38951,0
36731,11,12,38581,490
36731,11,12,38211,770
36731,11,12,37841,980
36731,11,12,37471,1260
36731,11,12,37101,1470
43774,11,12,47110,0
43774,11,12,46740,210
43774,11,12,46370,490
43774,11,12,46000,700
43774,11,12,45630,980
43774,11,12,45260,1190
43774,11,12,44890,1470
28563,11,12,31159,0
28563,11,12,30789,280
28563,11,12,30419,490
28563,11,12,30049,770
28563,11,12,29679,980
28563,11,12,29309,1260
28563,11,12,28939,1470
25599,11,12,27451,0
25599,11,12,27081,350
25599,11,12,26711,490
25599,11,12,26341,770
25599,11,12,25971,1050
25599,11,12,25601,1260
44886,11,12,47483,0
44886,11,12,47113,420
44886,11,12,46743,700
44886,11,12,46373,910
44886,11,12,46003,1190
44886,11,12,45633,1470
29678,11,12,32642,0
29678,11,12,32272,210
29678,11,12,31902,490
29678,11,12,31532,700
29678,11,12,31162,980
29678,11,12,30792,1190
29678,11,12,30422,1470
34129,11,12,37094,0
34129,11,12,36724,210
34129,11,12,36354,420
34129,11,12,35984,700
34129,11,12,35614,910
34129,11,12,35244,1190
34129,11,12,34874,1470
40806,11,12,43772,0
40806,11,12,43402,210
40806,11,12,43032,490
40806,11,12,42662,770
40806,11,12,42292,980
40806,11,12,41922,1260
30049,11,12,33013,0
30049,11,12,32643,210
30049,11,12,32273,490
30049,11,12,31903,700
30049,11,12,31533,980
30049,11,12,31163,1190
30049,11,12,30793,1470
27085,11,12,29305,0
27085,11,12,28935,420
27085,11,12,28565,630
27085,11,12,28195,910
27085,11,12,27825,1120
27085,11,12,27455,1400
35240,11,12,37837,0
35240,11,12,37467,210
35240,11,12,37097,490
35240,11,12,36727,700
35240,11,12,36357,980
35240,11,12,35987,1190
35240,11,12,35617,1470
38213,11,12,40065,0
38213,11,12,39695,350
38213,11,12,39325,630
38213,11,12,38955,840
38213,11,12,38585,1120
38213,11,12,38215,1330
45256,11,12,47484,0
45256,11,12,47114,700
45256,11,12,46744,910
45256,11,12,46374,1190
45256,11,12,46004,1400
24483,11,12,27078,0
24483,11,12,26708,280
24483,11,12,26338,560
24483,11,12,25968,840
24483,11,12,25598,1050
24483,11,12,25228,1330
42292,11,12,45256,0
42292,11,12,44886,280
42292,11,12,44516,560
42292,11,12,44146,840
42292,11,12,43776,1050
42292,11,12,43406,1330
39328,11,12,41548,0
39328,11,12,41178,490
39328,11,12,40808,770
39328,11,12,40438,980
39328,11,12,40068,1260
39328,11,12,39698,1470
35611,11,12,38208,0
35611,11,12,37838,210
35611,11,12,37468,490
35611,11,12,37098,700
35611,11,12,36728,980
35611,11,12,36358,1190
35611,11,12,35988,1470
32647,11,12,35610,0
32647,11,12,35240,280
32647,11,12,34870,420
32647,11,12,34500,700
32647,11,12,34130,910
32647,11,12,33760,1190
32647,11,12,33390,1400
36726,11,12,39691,0
36726,11,12,39321,280
36726,11,12,38951,490
36726,11,12,38581,770
36726,11,12,38211,980
36726,11,12,37841,1260
36726,11,12,37471,1470
28567,11,12,30419,0
28567,11,12,30049,280
28567,11,12,29679,420
28567,11,12,29309,700
28567,11,12,28939,910
28567,11,12,28569,1190
28567,11,12,1,1470
41917,11,12,44515,0
41917,11,12,44145,210
41917,11,12,43775,490
41917,11,12,43405,770
41917,11,12,43035,980
41917,11,12,42665,1260
41917,11,12,42295,1470
29682,11,12,31902,0
29682,11,12,31532,420
29682,11,12,31162,700
29682,11,12,30792,910
29682,11,12,30422,1190
29682,11,12,30052,1400
37837,11,12,40434,0
37837,11,12,40064,210
37837,11,12,39694,490
37837,11,12,39324,700
37837,11,12,38954,980
37837,11,12,38584,1260
37837,11,12,38214,1470
40810,11,12,42662,0
40810,11,12,42292,350
40810,11,12,41922,630
40810,11,12,41552,840
40810,11,12,41182,1120
40810,11,12,40812,1330
27080,11,12,29675,0
27080,11,12,29305,280
27080,11,12,28935,560
27080,11,12,28565,770
27080,11,12,28195,1050
27080,11,12,27825,1260
31165,11,12,32646,0
31165,11,12,32276,280
31165,11,12,31906,490
31165,11,12,31536,700
31165,11,12,31166,980
31165,11,12,1,1260
38208,11,12,40805,0
38208,11,12,40435,210
38208,11,12,40065,490
38208,11,12,39695,700
38208,11,12,39325,980
38208,11,12,38955,1260
38208,11,12,38585,1470
35244,11,12,38207,0
35244,11,12,37837,280
35244,11,12,37467,490
35244,11,12,37097,700
35244,11,12,36727,980
35244,11,12,36357,1260
35244,11,12,35987,1470
39323,11,12,42288,0
39323,11,12,41918,280
39323,11,12,41548,490
39323,11,12,41178,770
39323,11,12,40808,980
39323,11,12,40438,1260
39323,11,12,40068,1470
28191,11,12,30418,0
28191,11,12,30048,210
28191,11,12,29678,490
28191,11,12,29308,700
28191,11,12,28938,980
28191,11,12,28568,1190
28191,11,12,28198,1470
32642,11,12,34870,0
32642,11,12,34500,420
32642,11,12,34130,700
32642,11,12,33760,910
32642,11,12,33390,1190
32642,11,12,33020,1400
43408,11,12,45259,0
43408,11,12,44889,280
43408,11,12,44519,490
43408,11,12,44149,770
43408,11,12,43779,980
43408,11,12,43409,1260
35615,11,12,38578,0
35615,11,12,38208,280
35615,11,12,37838,490
35615,11,12,37468,700
35615,11,12,37098,980
35615,11,12,36728,1260
35615,11,12,36358,1470
44514,11,12,47112,0
44514,11,12,46742,420
44514,11,12,46372,700
44514,11,12,46002,910
44514,11,12,45632,1190
44514,11,12,45262,1400
36730,11,12,38211,0
36730,11,12,37841,350
36730,11,12,37471,560
36730,11,12,37101,770
36730,11,12,36731,1050
36730,11,12,1,1260
28562,11,12,30789,0
28562,11,12,30419,210
28562,11,12,30049,420
28562,11,12,29679,700
28562,11,12,29309,980
28562,11,12,28939,1190
28562,11,12,28569,1470
25598,11,12,28191,0
25598,11,12,27821,350
25598,11,12,27451,560
25598,11,12,27081,840
25598,11,12,26711,1050
25598,11,12,26341,1330
44885,11,12,47483,0
44885,11,12,47113,420
44885,11,12,46743,700
44885,11,12,46373,910
44885,11,12,46003,1190
44885,11,12,45633,1400
29677,11,12,32272,0
29677,11,12,31902,420
29677,11,12,31532,630
29677,11,12,31162,910
29677,11,12,30792,1120
29677,11,12,30422,1400
41921,11,12,44885,0
41921,11,12,44515,280
41921,11,12,44145,560
41921,11,12,43775,840
41921,11,12,43405,1050
41921,11,12,43035,1330
33762,11,12,35243,0
33762,11,12,34873,280
33762,11,12,34503,490
33762,11,12,34133,700
33762,11,12,33763,980
33762,11,12,1,1190
40805,11,12,43402,0
40805,11,12,43032,210
40805,11,12,42662,490
40805,11,12,42292,700
40805,11,12,41922,980
40805,11,12,41552,1260
40805,11,12,41182,1470
34868,11,12,37096,0
34868,11,12,36726,420
34868,11,12,36356,700
34868,11,12,35986,910
34868,11,12,35616,1190
34868,11,12,35246,1400
37841,11,12,40804,0
37841,11,12,40434,280
37841,11,12,40064,490
37841,11,12,39694,770
37841,11,12,39324,980
37841,11,12,38954,1260
37841,11,12,38584,1470
27084,11,12,28565,0
27084,11,12,28195,280
27084,11,12,27825,490
27084,11,12,27455,700
27084,11,12,27085,980
27084,11,12,1,1190
31160,11,12,34126,0
31160,11,12,33756,210
31160,11,12,33386,490
31160,11,12,33016,700
31160,11,12,32646,980
31160,11,12,32276,1190
31160,11,12,31906,1470
35239,11,12,37837,0
35239,11,12,37467,140
35239,11,12,37097,490
35239,11,12,36727,700
35239,11,12,36357,980
35239,11,12,35987,1190
35239,11,12,35617,1470
38212,11,12,41175,0
38212,11,12,40805,280
38212,11,12,40435,490
38212,11,12,40065,770
38212,11,12,39695,980
38212,11,12,39325,1260
38212,11,12,38955,1470
32275,11,12,35239,0
32275,11,12,34869,280
32275,11,12,34499,490
32275,11,12,34129,770
32275,11,12,33759,980
32275,11,12,33389,1260
32275,11,12,33019,1470
39327,11,12,40808,0
39327,11,12,40438,350
39327,11,12,40068,560
39327,11,12,39698,770
39327,11,12,39328,1050
39327,11,12,1,1260
24116,11,12,25597,0
24116,11,12,25227,350
24116,11,12,24857,560
24116,11,12,24487,770
24116,11,12,24117,1050
24116,11,12,1,1260
43403,11,12,46739,0
43403,11,12,46369,210
43403,11,12,45999,490
43403,11,12,45629,700
43403,11,12,45259,980
43403,11,12,44889,1190
43403,11,12,44519,1470
28195,11,12,30788,0
28195,11,12,30418,350
28195,11,12,30048,560
28195,11,12,29678,770
28195,11,12,29308,1050
28195,11,12,28938,1260
40439,11,12,42291,0
40439,11,12,41921,350
40439,11,12,41551,630
40439,11,12,41181,840
40439,11,12,40811,1120
40439,11,12,40441,1330
32646,11,12,35610,0
32646,11,12,35240,280
32646,11,12,34870,490
32646,11,12,34500,770
32646,11,12,34130,980
32646,11,12,33760,1260
32646,11,12,33390,1470
44518,11,12,47482,0
44518,11,12,47112,490
44518,11,12,46742,770
44518,11,12,46372,980
44518,11,12,46002,1260
36359,11,12,37840,0
36359,11,12,37470,350
36359,11,12,37100,560
36359,11,12,36730,770
36359,11,12,36360,1050
36359,11,12,1,1260
28566,11,12,31159,0
28566,11,12,30789,350
28566,11,12,30419,490
28566,11,12,30049,770
28566,11,12,29679,980
28566,11,12,29309,1260
44889,11,12,47853,0
44889,11,12,47483,280
44889,11,12,47113,770
44889,11,12,46743,980
44889,11,12,46373,1260
29681,11,12,30792,0
29681,11,12,30422,420
29681,11,12,30052,700
29681,11,12,29682,910
29681,11,12,1,1190
33757,11,12,36723,0
33757,11,12,36353,210
33757,11,12,35983,420
33757,11,12,35613,700
33757,11,12,35243,980
33757,11,12,34873,1190
33757,11,12,34503,1470
30793,11,12,32645,0
30793,11,12,32275,280
30793,11,12,31905,560
30793,11,12,31535,840
30793,11,12,31165,1050
30793,11,12,30795,1330
37836,11,12,40434,0
37836,11,12,40064,210
37836,11,12,39694,490
37836,11,12,39324,700
37836,11,12,38954,980
37836,11,12,38584,1260
37836,11,12,38214,1470
40809,11,12,43772,0
40809,11,12,43402,280
40809,11,12,43032,490
40809,11,12,42662,770
40809,11,12,42292,980
40809,11,12,41922,1260
40809,11,12,41552,1470
34872,11,12,37836,0
34872,11,12,37466,280
34872,11,12,37096,490
34872,11,12,36726,770
34872,11,12,36356,980
34872,11,12,35986,1260
26713,11,12,28194,0
26713,11,12,27824,280
26713,11,12,27454,490
26713,11,12,27084,700
26713,11,12,26714,980
26713,11,12,1,1260
31164,11,12,33016,0
31164,11,12,32646,280
31164,11,12,32276,560
31164,11,12,31906,770
31164,11,12,31536,1050
31164,11,12,31166,1330
43036,11,12,44888,0
43036,11,12,44518,350
43036,11,12,44148,630
43036,11,12,43778,840
43036,11,12,43408,1120
43036,11,12,43038,1330
35243,11,12,38207,0
35243,11,12,37837,280
35243,11,12,37467,560
35243,11,12,37097,770
35243,11,12,36727,1050
35243,11,12,36357,1330
32279,11,12,34499,0
32279,11,12,34129,490
32279,11,12,33759,700
32279,11,12,33389,980
32279,11,12,33019,1190
32279,11,12,32649,1470
40434,11,12,43031,0
40434,11,12,42661,210
40434,11,12,42291,490
40434,11,12,41921,700
40434,11,12,41551,980
40434,11,12,41181,1260
40434,11,12,40811,1470
25226,11,12,27820,0
25226,11,12,27450,350
25226,11,12,27080,630
25226,11,12,26710,910
25226,11,12,26340,1120
25226,11,12,25970,1400
43407,11,12,45629,0
43407,11,12,45259,280
43407,11,12,44889,560
43407,11,12,44519,840
43407,11,12,44149,1050
43407,11,12,43779,1330
36354,11,12,39320,0
36354,11,12,38950,210
36354,11,12,38580,490
36354,11,12,38210,770
36354,11,12,37840,980
36354,11,12,37470,1260
33390,11,12,35242,0
33390,11,12,34872,280
33390,11,12,34502,560
33390,11,12,34132,770
33390,11,12,33762,1050
33390,11,12,33392,1260
25597,11,12,28191,0
25597,11,12,27821,350
25597,11,12,27451,630
25597,11,12,27081,840
25597,11,12,26711,1120
25597,11,12,26341,1400
37469,11,12,40433,0
37469,11,12,40063,280
37469,11,12,39693,560
37469,11,12,39323,840
37469,11,12,38953,1050
37469,11,12,38583,1330
41920,11,12,44885,0
41920,11,12,44515,280
41920,11,12,44145,490
41920,11,12,43775,770
41920,11,12,43405,1050
41920,11,12,43035,1260
30788,11,12,33015,0
30788,11,12,32645,420
30788,11,12,32275,630
30788,11,12,31905,910
30788,11,12,31535,1120
30788,11,12,31165,1400
33761,11,12,35613,0
33761,11,12,35243,280
33761,11,12,34873,560
33761,11,12,34503,770
33761,11,12,34133,1050
33761,11,12,33763,1260
27824,11,12,30417,0
27824,11,12,30047,350
27824,11,12,29677,560
27824,11,12,29307,770
27824,11,12,28937,1050
27824,11,12,28567,1260
40804,11,12,43402,0
40804,11,12,43032,210
40804,11,12,42662,490
40804,11,12,42292,700
40804,11,12,41922,980
40804,11,12,41552,1260
40804,11,12,41182,1470
37840,11,12,40804,0
37840,11,12,40434,280
37840,11,12,40064,560
37840,11,12,39694,840
37840,11,12,39324,1050
37840,11,12,38954,1330
34876,11,12,37096,0
34876,11,12,36726,490
34876,11,12,36356,700
34876,11,12,35986,980
34876,11,12,35616,1260
34876,11,12,35246,1470
26708,11,12,29304,0
26708,11,12,28934,280
26708,11,12,28564,560
26708,11,12,28194,770
26708,11,12,27824,1050
26708,11,12,27454,1330
38952,11,12,41917,0
38952,11,12,41547,280
38952,11,12,41177,490
38952,11,12,40807,770
38952,11,12,40437,980
38952,11,12,40067,1260
38952,11,12,39697,1470
23744,11,12,25596,0
23744,11,12,25226,350
23744,11,12,24856,560
23744,11,12,24486,840
23744,11,12,24116,1050
23744,11,12,23746,1330
31159,11,12,33386,0
31159,11,12,33016,420
31159,11,12,32646,700
31159,11,12,32276,910
31159,11,12,31906,1190
31159,11,12,31536,1400
43031,11,12,45628,0
43031,11,12,45258,210
43031,11,12,44888,490
43031,11,12,44518,770
43031,11,12,44148,980
43031,11,12,43778,1260
43031,11,12,43408,1470
40067,11,12,43030,0
40067,11,12,42660,280
40067,11,12,42290,490
40067,11,12,41920,770
40067,11,12,41550,980
40067,11,12,41180,1260
40067,11,12,40810,1470
32274,11,12,35239,0
32274,11,12,34869,210
32274,11,12,34499,420
32274,11,12,34129,700
32274,11,12,33759,910
32274,11,12,33389,1190
32274,11,12,33019,1470
24115,11,12,25967,0
24115,11,12,25597,350
24115,11,12,25227,560
24115,11,12,24857,840
24115,11,12,24487,1050
24115,11,12,24117,1330
35987,11,12,37839,0
35987,11,12,37469,350
35987,11,12,37099,630
35987,11,12,36729,840
35987,11,12,36359,1120
35987,11,12,35989,1330
43402,11,12,45999,0
43402,11,12,45629,420
43402,11,12,45259,700
43402,11,12,44889,910
43402,11,12,44519,1190
43402,11,12,44149,1470
28194,11,12,30788,0
28194,11,12,30418,350
28194,11,12,30048,560
28194,11,12,29678,840
28194,11,12,29308,1120
28194,11,12,28938,1330
40438,11,12,43401,0
40438,11,12,43031,280
40438,11,12,42661,490
40438,11,12,42291,770
40438,11,12,41921,980
40438,11,12,41551,1260
40438,11,12,41181,1470
25230,11,12,27450,0
25230,11,12,27080,420
25230,11,12,26710,630
25230,11,12,26340,910
25230,11,12,25970,1190
25230,11,12,25600,1400
44517,11,12,47482,0
44517,11,12,47112,490
44517,11,12,46742,700
44517,11,12,46372,980
44517,11,12,46002,1190
44517,11,12,45632,1470
29306,11,12,31901,0
29306,11,12,31531,280
29306,11,12,31161,490
29306,11,12,30791,770
29306,11,12,30421,980
29306,11,12,30051,1260
29306,11,12,29681,1470
33385,11,12,35612,0
33385,11,12,35242,420
33385,11,12,34872,700
33385,11,12,34502,910
33385,11,12,34132,1190
33385,11,12,33762,1400
36358,11,12,38210,0
36358,11,12,37840,350
36358,11,12,37470,630
36358,11,12,37100,840
36358,11,12,36730,1120
36358,11,12,36360,1330
30421,11,12,33014,0
30421,11,12,32644,420
30421,11,12,32274,630
30421,11,12,31904,910
30421,11,12,31534,1120
30421,11,12,31164,1400
37473,11,12,39693,0
37473,11,12,39323,490
37473,11,12,38953,770
37473,11,12,38583,980
37473,11,12,38213,1260
37473,11,12,37843,1470
41549,11,12,44514,0
41549,11,12,44144,280
41549,11,12,43774,490
41549,11,12,43404,770
41549,11,12,43034,1050
41549,11,12,42664,1260
33756,11,12,35983,0
33756,11,12,35613,420
33756,11,12,35243,700
33756,11,12,34873,910
33756,11,12,34503,1190
33756,11,12,34133,1400
30792,11,12,33755,0
30792,11,12,33385,280
30792,11,12,33015,490
30792,11,12,32645,700
30792,11,12,32275,980
30792,11,12,31905,1190
30792,11,12,31535,1470
45628,11,12,47855,0
45628,11,12,47485,420
45628,11,12,47115,910
45628,11,12,46745,1190
45628,11,12,46375,1470
42664,11,12,45627,0
42664,11,12,45257,350
42664,11,12,44887,490
42664,11,12,44517,770
42664,11,12,44147,980
42664,11,12,43777,1260
34871,11,12,37836,0
34871,11,12,37466,210
34871,11,12,37096,420
34871,11,12,36726,700
34871,11,12,36356,980
34871,11,12,35986,1190
34871,11,12,35616,1470
26712,11,12,28564,0
26712,11,12,28194,350
26712,11,12,27824,490
26712,11,12,27454,770
26712,11,12,27084,980
26712,11,12,26714,1260
38956,11,12,40437,0
38956,11,12,40067,350
38956,11,12,39697,560
38956,11,12,39327,770
38956,11,12,38957,1050
38956,11,12,1,1260
45999,11,12,47856,0
45999,11,12,47486,700
45999,11,12,47116,1190
45999,11,12,46746,1470
40062,11,12,42660,0
40062,11,12,42290,210
40062,11,12,41920,490
40062,11,12,41550,700
40062,11,12,41180,980
40062,11,12,40810,1260
40062,11,12,40440,1470
43035,11,12,45998,0
43035,11,12,45628,350
43035,11,12,45258,490
43035,11,12,44888,770
43035,11,12,44518,980
43035,11,12,44148,1260
31903,11,12,34498,0
31903,11,12,34128,420
31903,11,12,33758,700
31903,11,12,33388,910
31903,11,12,33018,1190
31903,11,12,32648,1400
35982,11,12,38579,0
35982,11,12,38209,210
35982,11,12,37839,490
35982,11,12,37469,770
35982,11,12,37099,980
35982,11,12,36729,1260
35982,11,12,36359,1470
33018,11,12,35981,0
33018,11,12,35611,280
33018,11,12,35241,420
33018,11,12,34871,700
33018,11,12,34501,910
33018,11,12,34131,1190
33018,11,12,33761,1400
25225,11,12,27820,0
25225,11,12,27450,280
25225,11,12,27080,560
25225,11,12,26710,770
25225,11,12,26340,1050
25225,11,12,25970,1330
40433,11,12,43031,0
40433,11,12,42661,210
40433,11,12,42291,490
40433,11,12,41921,700
40433,11,12,41551,980
40433,11,12,41181,1260
40433,11,12,40811,1470
26337,11,12,28933,0
26337,11,12,28563,280
26337,11,12,28193,560
26337,11,12,27823,840
26337,11,12,27453,1050
26337,11,12,27083,1330
29310,11,12,30421,0
29310,11,12,30051,420
29310,11,12,29681,630
29310,11,12,29311,910
29310,11,12,1,1190
36353,11,12,38950,0
36353,11,12,38580,210
36353,11,12,38210,490
36353,11,12,37840,700
36353,11,12,37470,980
36353,11,12,37100,1260
36353,11,12,36730,1470
33389,11,12,36352,0
33389,11,12,35982,280
33389,11,12,35612,420
33389,11,12,35242,700
33389,11,12,34872,910
33389,11,12,34502,1190
33389,11,12,34132,1400
37468,11,12,40433,0
37468,11,12,40063,280
37468,11,12,39693,490
37468,11,12,39323,770
37468,11,12,38953,980
37468,11,12,38583,1260
37468,11,12,38213,1470
41553,11,12,43034,0
41553,11,12,42664,350
41553,11,12,42294,560
41553,11,12,41924,840
41553,11,12,41554,1050
41553,11,12,1,1330
42659,11,12,45257,0
42659,11,12,44887,210
42659,11,12,44517,490
42659,11,12,44147,770
42659,11,12,43777,980
42659,11,12,43407,1260
42659,11,12,43037,1470
27823,11,12,30417,0
27823,11,12,30047,350
27823,11,12,29677,560
27823,11,12,29307,840
27823,11,12,28937,1120
27823,11,12,28567,1330
26707,11,12,28934,0
26707,11,12,28564,210
26707,11,12,28194,560
26707,11,12,27824,840
26707,11,12,27454,1050
26707,11,12,27084,1330
38951,11,12,41917,0
38951,11,12,41547,210
38951,11,12,41177,490
38951,11,12,40807,770
38951,11,12,40437,980
38951,11,12,40067,1260
23743,11,12,26336,0
23743,11,12,25966,350
23743,11,12,25596,630
23743,11,12,25226,840
23743,11,12,24856,1120
23743,11,12,24486,1400
43030,11,12,45628,0
43030,11,12,45258,210
43030,11,12,44888,490
43030,11,12,44518,770
43030,11,12,44148,980
43030,11,12,43778,1260
43030,11,12,43408,1470
40066,11,12,43030,0
40066,11,12,42660,280
40066,11,12,42290,560
40066,11,12,41920,840
40066,11,12,41550,1050
40066,11,12,41180,1330
31907,11,12,33388,0
31907,11,12,33018,280
31907,11,12,32648,420
31907,11,12,32278,700
31907,11,12,31908,980
31907,11,12,1,1190
33013,11,12,35241,0
33013,11,12,34871,420
33013,11,12,34501,700
33013,11,12,34131,910
33013,11,12,33761,1190
33013,11,12,33391,1400
35986,11,12,38949,0
35986,11,12,38579,280
35986,11,12,38209,490
35986,11,12,37839,770
35986,11,12,37469,980
35986,11,12,37099,1260
35986,11,12,36729,1470
29305,11,12,31901,0
29305,11,12,31531,210
29305,11,12,31161,490
29305,11,12,30791,770
29305,11,12,30421,980
29305,11,12,30051,1260
29305,11,12,29681,1470
26341,11,12,28193,0
26341,11,12,27823,350
26341,11,12,27453,560
26341,11,12,27083,770
26341,11,12,26713,1050
26341,11,12,26343,1260
33384,11,12,35612,0
33384,11,12,35242,420
33384,11,12,34872,700
33384,11,12,34502,910
33384,11,12,34132,1190
33384,11,12,33762,1400
30420,11,12,33384,0
30420,11,12,33014,210
30420,11,12,32644,490
30420,11,12,32274,700
30420,11,12,31904,980
30420,11,12,31534,1190
30420,11,12,31164,1470
41548,11,12,44514,0
41548,11,12,44144,210
41548,11,12,43774,560
41548,11,12,43404,770
41548,11,12,43034,1050
41548,11,12,42664,1260
38584,11,12,40436,0
38584,11,12,40066,350
38584,11,12,39696,630
38584,11,12,39326,840
38584,11,12,38956,1120
38584,11,12,38586,1330
45627,11,12,47855,0
45627,11,12,47485,420
45627,11,12,47115,910
45627,11,12,46745,1190
45627,11,12,46375,1400
42663,11,12,45627,0
42663,11,12,45257,280
42663,11,12,44887,560
42663,11,12,44517,840
42663,11,12,44147,1050
42663,11,12,43777,1330
27827,11,12,30047,0
27827,11,12,29677,420
27827,11,12,29307,630
27827,11,12,28937,840
27827,11,12,28567,1120
27827,11,12,28197,1330
34504,11,12,35985,0
34504,11,12,35615,280
34504,11,12,35245,490
34504,11,12,34875,700
34504,11,12,34505,980
34504,11,12,1,1190
38955,11,12,40807,0
38955,11,12,40437,350
38955,11,12,40067,630
38955,11,12,39697,840
38955,11,12,39327,1120
38955,11,12,38957,1330
43034,11,12,45998,0
43034,11,12,45628,280
43034,11,12,45258,560
43034,11,12,44888,840
43034,11,12,44518,1050
43034,11,12,44148,1330
40070,11,12,42290,0
40070,11,12,41920,490
40070,11,12,41550,770
40070,11,12,41180,980
40070,11,12,40810,1260
40070,11,12,40440,1470
24859,11,12,27079,0
24859,11,12,26709,490
24859,11,12,26339,700
24859,11,12,25969,980
24859,11,12,25599,1190
24859,11,12,25229,1470
31902,11,12,34868,0
31902,11,12,34498,210
31902,11,12,34128,420
31902,11,12,33758,700
31902,11,12,33388,910
31902,11,12,33018,1190
31902,11,12,32648,1400
28938,11,12,30790,0
28938,11,12,30420,280
28938,11,12,30050,420
28938,11,12,29680,700
28938,11,12,29310,910
28938,11,12,28940,1190
28938,11,12,1,1470
35981,11,12,38579,0
35981,11,12,38209,210
35981,11,12,37839,490
35981,11,12,37469,700
35981,11,12,37099,980
35981,11,12,36729,1260
35981,11,12,36359,1470
33017,11,12,35981,0
33017,11,12,35611,280
33017,11,12,35241,490
33017,11,12,34871,770
33017,11,12,34501,980
33017,11,12,34131,1260
33017,11,12,33761,1470
26336,11,12,28563,0
26336,11,12,28193,210
26336,11,12,27823,560
26336,11,12,27453,840
26336,11,12,27083,1050
26336,11,12,26713,1330
37102,11,12,39322,0
37102,11,12,38952,490
37102,11,12,38582,770
37102,11,12,38212,980
37102,11,12,37842,1260
37102,11,12,37472,1470
29309,11,12,31161,0
29309,11,12,30791,280
29309,11,12,30421,420
29309,11,12,30051,700
29309,11,12,29681,910
29309,11,12,29311,1190
29309,11,12,1,1470
44145,11,12,47481,0
44145,11,12,47111,210
44145,11,12,46741,490
44145,11,12,46371,700
44145,11,12,46001,980
44145,11,12,45631,1190
44145,11,12,45261,1470
41181,11,12,43033,0
41181,11,12,42663,350
41181,11,12,42293,630
41181,11,12,41923,840
41181,11,12,41553,1120
41181,11,12,41183,1330
33388,11,12,36352,0
33388,11,12,35982,280
33388,11,12,35612,490
33388,11,12,35242,770
33388,11,12,34872,980
33388,11,12,34502,1260
33388,11,12,34132,1470
30424,11,12,32644,0
30424,11,12,32274,420
30424,11,12,31904,700
30424,11,12,31534,910
30424,11,12,31164,1190
30424,11,12,30794,1400
38579,11,12,41176,0
38579,11,12,40806,210
38579,11,12,40436,490
38579,11,12,40066,700
38579,11,12,39696,980
38579,11,12,39326,1260
38579,11,12,38956,1470
41552,11,12,43404,0
41552,11,12,43034,350
41552,11,12,42664,630
41552,11,12,42294,840
41552,11,12,41924,1120
41552,11,12,41554,1330
27822,11,12,30417,0
27822,11,12,30047,280
27822,11,12,29677,560
27822,11,12,29307,770
27822,11,12,28937,1050
27822,11,12,28567,1260
27456,11,12,29676,0
27456,11,12,29306,420
27456,11,12,28936,630
27456,11,12,28566,840
27456,11,12,28196,1120
27456,11,12,27826,1400
34499,11,12,37465,0
34499,11,12,37095,210
34499,11,12,36725,420
34499,11,12,36355,700
34499,11,12,35985,980
34499,11,12,35615,1190
34499,11,12,35245,1470
31535,11,12,33387,0
31535,11,12,33017,280
31535,11,12,32647,490
31535,11,12,32277,770
31535,11,12,31907,1050
31535,11,12,31537,1260
38950,11,12,41547,0
38950,11,12,41177,210
38950,11,12,40807,490
38950,11,12,40437,700
38950,11,12,40067,980
38950,11,12,39697,1260
38950,11,12,39327,1470
40065,11,12,43030,0
40065,11,12,42660,280
40065,11,12,42290,490
40065,11,12,41920,770
40065,11,12,41550,980
40065,11,12,41180,1260
40065,11,12,40810,1470
24854,11,12,27449,0
24854,11,12,27079,280
24854,11,12,26709,560
24854,11,12,26339,840
24854,11,12,25969,1050
24854,11,12,25599,1330
28933,11,12,31160,0
28933,11,12,30790,210
28933,11,12,30420,420
28933,11,12,30050,700
28933,11,12,29680,980
28933,11,12,29310,1190
28933,11,12,28940,1470
39699,11,12,41919,0
39699,11,12,41549,490
39699,11,12,41179,770
39699,11,12,40809,980
39699,11,12,40439,1260
39699,11,12,40069,1470
31906,11,12,33758,0
31906,11,12,33388,280
31906,11,12,33018,490
31906,11,12,32648,770
31906,11,12,32278,1050
31906,11,12,31908,1260
25969,11,12,28562,0
25969,11,12,28192,350
25969,11,12,27822,560
25969,11,12,27452,840
25969,11,12,27082,1120
25969,11,12,26712,1330
43778,11,12,46000,0
43778,11,12,45630,280
43778,11,12,45260,560
43778,11,12,44890,840
43778,11,12,44520,1050
43778,11,12,44150,1330
35985,11,12,38949,0
35985,11,12,38579,280
35985,11,12,38209,560
35985,11,12,37839,840
35985,11,12,37469,1050
35985,11,12,37099,1330
33021,11,12,35241,0
33021,11,12,34871,490
33021,11,12,34501,700
33021,11,12,34131,980
33021,11,12,33761,1190
33021,11,12,33391,1470
37097,11,12,40062,0
37097,11,12,39692,280
37097,11,12,39322,490
37097,11,12,38952,770
37097,11,12,38582,980
37097,11,12,38212,1260
37097,11,12,37842,1470
29304,11,12,31531,0
29304,11,12,31161,210
29304,11,12,30791,420
29304,11,12,30421,700
29304,11,12,30051,980
29304,11,12,29681,1190
29304,11,12,29311,1470
34133,11,12,35614,0
34133,11,12,35244,280
34133,11,12,34874,490
34133,11,12,34504,700
34133,11,12,34134,980
34133,11,12,1,1190
41176,11,12,43773,0
41176,11,12,43403,210
41176,11,12,43033,490
41176,11,12,42663,700
41176,11,12,42293,980
41176,11,12,41923,1260
41176,11,12,41553,1470
26340,11,12,28933,0
26340,11,12,28563,350
26340,11,12,28193,560
26340,11,12,27823,840
26340,11,12,27453,1120
26340,11,12,27083,1330
44149,11,12,46371,0
44149,11,12,46001,280
44149,11,12,45631,560
44149,11,12,45261,840
44149,11,12,44891,1050
44149,11,12,44521,1330
30419,11,12,33014,0
30419,11,12,32644,420
30419,11,12,32274,630
30419,11,12,31904,910
30419,11,12,31534,1120
30419,11,12,31164,1400
30053,11,12,32273,0
30053,11,12,31903,420
30053,11,12,31533,700
30053,11,12,31163,910
30053,11,12,30793,1190
30053,11,12,30423,1400
41547,11,12,44144,0
41547,11,12,43774,210
41547,11,12,43404,490
41547,11,12,43034,770
41547,11,12,42664,980
41547,11,12,42294,1260
41547,11,12,41924,1470
38583,11,12,41546,0
38583,11,12,41176,280
38583,11,12,40806,490
38583,11,12,40436,770
38583,11,12,40066,980
38583,11,12,39696,1260
38583,11,12,39326,1470
42662,11,12,45627,0
42662,11,12,45257,280
42662,11,12,44887,490
42662,11,12,44517,770
42662,11,12,44147,1050
42662,11,12,43777,1260
27451,11,12,30046,0
27451,11,12,29676,280
27451,11,12,29306,560
27451,11,12,28936,770
27451,11,12,28566,1050
27451,11,12,28196,1260
24487,11,12,25968,0
24487,11,12,25598,350
24487,11,12,25228,560
24487,11,12,24858,770
24487,11,12,24488,1050
24487,11,12,1,1260
31530,11,12,33757,0
31530,11,12,33387,420
31530,11,12,33017,630
31530,11,12,32647,910
31530,11,12,32277,1120
31530,11,12,31907,1400
34503,11,12,36355,0
34503,11,12,35985,280
34503,11,12,35615,560
34503,11,12,35245,770
34503,11,12,34875,1050
34503,11,12,34505,1260
24858,11,12,26339,0
24858,11,12,25969,350
24858,11,12,25599,560
24858,11,12,25229,770
24858,11,12,24859,1050
24858,11,12,1,1260
39694,11,12,42659,0
39694,11,12,42289,280
39694,11,12,41919,490
39694,11,12,41549,770
39694,11,12,41179,980
39694,11,12,40809,1260
39694,11,12,40439,1470
31901,11,12,34128,0
31901,11,12,33758,420
31901,11,12,33388,630
31901,11,12,33018,910
31901,11,12,32648,1120
31901,11,12,32278,1400
43773,11,12,46370,0
43773,11,12,46000,420
43773,11,12,45630,700
43773,11,12,45260,910
43773,11,12,44890,1190
43773,11,12,44520,1470
28937,11,12,31530,0
28937,11,12,31160,350
28937,11,12,30790,490
28937,11,12,30420,770
28937,11,12,30050,980
28937,11,12,29680,1260
28937,11,12,29310,1470
33016,11,12,35981,0
33016,11,12,35611,210
33016,11,12,35241,420
33016,11,12,34871,700
33016,11,12,34501,910
33016,11,12,34131,1190
33016,11,12,33761,1470
34128,11,12,37094,0
34128,11,12,36724,210
34128,11,12,36354,420
34128,11,12,35984,700
34128,11,12,35614,980
34128,11,12,35244,1190
34128,11,12,34874,1470
37101,11,12,38582,0
37101,11,12,38212,350
37101,11,12,37842,560
37101,11,12,37472,770
37101,11,12,37102,1050
37101,11,12,1,1260
44144,11,12,46741,0
44144,11,12,46371,420
44144,11,12,46001,700
44144,11,12,45631,910
44144,11,12,45261,1190
44144,11,12,44891,1470
41180,11,12,44143,0
41180,11,12,43773,280
41180,11,12,43403,490
41180,11,12,43033,770
41180,11,12,42663,980
41180,11,12,42293,1260
41180,11,12,41923,1470
30048,11,12,32643,0
30048,11,12,32273,420
30048,11,12,31903,630
30048,11,12,31533,910
30048,11,12,31163,1120
30048,11,12,30793,1400
38578,11,12,41176,0
38578,11,12,40806,210
38578,11,12,40436,490
38578,11,12,40066,700
38578,11,12,39696,980
38578,11,12,39326,1260
38578,11,12,38956,1470
27455,11,12,28936,0
27455,11,12,28566,280
27455,11,12,28196,420
27455,11,12,27826,700
27455,11,12,27456,980
27455,11,12,1,1190
42291,11,12,45256,0
42291,11,12,44886,280
42291,11,12,44516,490
42291,11,12,44146,770
42291,11,12,43776,1050
42291,11,12,43406,1260
34498,11,12,36725,0
34498,11,12,36355,420
34498,11,12,35985,700
34498,11,12,35615,910
34498,11,12,35245,1190
34498,11,12,34875,1400
31534,11,12,34127,0
31534,11,12,33757,420
31534,11,12,33387,630
31534,11,12,33017,910
31534,11,12,32647,1190
31534,11,12,32277,1400
35610,11,12,38208,0
35610,11,12,37838,140
35610,11,12,37468,490
35610,11,12,37098,700
35610,11,12,36728,980
35610,11,12,36358,1190
35610,11,12,35988,1470
24853,11,12,27449,0
24853,11,12,27079,350
24853,11,12,26709,560
24853,11,12,26339,840
24853,11,12,25969,1120
24853,11,12,25599,1330
36725,11,12,39691,0
36725,11,12,39321,210
36725,11,12,38951,490
36725,11,12,38581,770
36725,11,12,38211,980
36725,11,12,37841,1260
39698,11,12,41179,0
39698,11,12,40809,350
39698,11,12,40439,560
39698,11,12,40069,770
39698,11,12,39699,1050
39698,11,12,1,1260
25968,11,12,28562,0
25968,11,12,28192,420
25968,11,12,27822,630
25968,11,12,27452,910
25968,11,12,27082,1120
25968,11,12,26712,1400
43777,11,12,47110,0
43777,11,12,46740,280
43777,11,12,46370,420
43777,11,12,46000,700
43777,11,12,45630,980
43777,11,12,45260,1190
43777,11,12,44890,1470
37096,11,12,40062,0
37096,11,12,39692,210
37096,11,12,39322,490
37096,11,12,38952,770
37096,11,12,38582,980
37096,11,12,38212,1260
34132,11,12,35984,0
34132,11,12,35614,280
34132,11,12,35244,560
34132,11,12,34874,770
34132,11,12,34504,1050
34132,11,12,34134,1260
41175,11,12,43773,0
41175,11,12,43403,210
41175,11,12,43033,490
41175,11,12,42663,700
41175,11,12,42293,980
41175,11,12,41923,1260
41175,11,12,41553,1470
23375,11,12,25595,0
23375,11,12,25225,490
23375,11,12,24855,700
23375,11,12,24485,980
23375,11,12,24115,1190
23375,11,12,23745,1470
27079,11,12,29675,0
27079,11,12,29305,210
27079,11,12,28935,560
27079,11,12,28565,770
27079,11,12,28195,1050
27079,11,12,27825,1330
30052,11,12,31163,0
30052,11,12,30793,420
30052,11,12,30423,700
30052,11,12,30053,910
30052,11,12,1,1190
38207,11,12,40805,0
38207,11,12,40435,210
38207,11,12,40065,490
38207,11,12,39695,700
38207,11,12,39325,980
38207,11,12,38955,1260
38207,11,12,38585,1470
27450,11,12,30046,0
27450,11,12,29676,210
27450,11,12,29306,560
27450,11,12,28936,770
27450,11,12,28566,1050
27450,11,12,28196,1330
45259,11,12,47854,0
45259,11,12,47484,490
45259,11,12,47114,980
45259,11,12,46744,1190
45259,11,12,46374,1470
39322,11,12,42288,0
39322,11,12,41918,210
39322,11,12,41548,490
39322,11,12,41178,770
39322,11,12,40808,980
39322,11,12,40438,1260
24486,11,12,26338,0
24486,11,12,25968,350
24486,11,12,25598,560
24486,11,12,25228,840
24486,11,12,24858,1050
24486,11,12,24488,1330
42295,11,12,43776,0
42295,11,12,43406,350
42295,11,12,43036,560
42295,11,12,42666,840
42295,11,12,42296,1050
42295,11,12,1,1330
35614,11,12,38578,0
35614,11,12,38208,280
35614,11,12,37838,560
35614,11,12,37468,770
35614,11,12,37098,1050
35614,11,12,36728,1330
32650,11,12,34870,0
32650,11,12,34500,490
32650,11,12,34130,700
32650,11,12,33760,980
32650,11,12,33390,1190
32650,11,12,33020,1470
24857,11,12,26709,0
24857,11,12,26339,350
24857,11,12,25969,560
24857,11,12,25599,840
24857,11,12,25229,1050
24857,11,12,24859,1330
39693,11,12,42659,0
39693,11,12,42289,210
39693,11,12,41919,490
39693,11,12,41549,770
39693,11,12,41179,980
39693,11,12,40809,1260
36729,11,12,38581,0
36729,11,12,38211,350
36729,11,12,37841,630
36729,11,12,37471,840
36729,11,12,37101,1120
36729,11,12,36731,1330
43772,11,12,46370,0
43772,11,12,46000,420
43772,11,12,45630,700
43772,11,12,45260,910
43772,11,12,44890,1190
43772,11,12,44520,1400
25972,11,12,28192,0
25972,11,12,27822,420
25972,11,12,27452,630
25972,11,12,27082,910
25972,11,12,26712,1190
25972,11,12,26342,1400
29676,11,12,32272,0
29676,11,12,31902,420
29676,11,12,31532,630
29676,11,12,31162,910
29676,11,12,30792,1120
29676,11,12,30422,1400
34127,11,12,36354,0
34127,11,12,35984,420
34127,11,12,35614,700
34127,11,12,35244,910
34127,11,12,34874,1190
34127,11,12,34504,1400
37100,11,12,38952,0
37100,11,12,38582,350
37100,11,12,38212,630
37100,11,12,37842,840
37100,11,12,37472,1120
37100,11,12,37102,1330
23004,11,12,25224,0
23004,11,12,24854,490
23004,11,12,24484,700
23004,11,12,24114,980
23004,11,12,23744,1190
23004,11,12,23374,1470
30047,11,12,32643,0
30047,11,12,32273,420
30047,11,12,31903,630
30047,11,12,31533,910
30047,11,12,31163,1120
30047,11,12,30793,1400
27083,11,12,28935,0
27083,11,12,28565,350
27083,11,12,28195,490
27083,11,12,27825,770
27083,11,12,27455,980
27083,11,12,27085,1260
38211,11,12,41175,0
38211,11,12,40805,280
38211,11,12,40435,560
38211,11,12,40065,840
38211,11,12,39695,1050
38211,11,12,39325,1330
35247,11,12,37467,0
35247,11,12,37097,490
35247,11,12,36727,700
35247,11,12,36357,980
35247,11,12,35987,1260
35247,11,12,35617,1470
27454,11,12,29306,0
27454,11,12,28936,280
27454,11,12,28566,490
27454,11,12,28196,700
27454,11,12,27826,980
27454,11,12,27456,1260
27454,11,12,1,1470
42290,11,12,45256,0
42290,11,12,44886,210
42290,11,12,44516,560
42290,11,12,44146,770
42290,11,12,43776,1050
42290,11,12,43406,1260
39326,11,12,41178,0
39326,11,12,40808,350
39326,11,12,40438,630
39326,11,12,40068,840
39326,11,12,39698,1120
39326,11,12,39328,1330
32645,11,12,35610,0
32645,11,12,35240,210
32645,11,12,34870,420
32645,11,12,34500,700
32645,11,12,34130,910
32645,11,12,33760,1190
32645,11,12,33390,1470
35618,11,12,37838,0
35618,11,12,37468,490
35618,11,12,37098,700
35618,11,12,36728,980
35618,11,12,36358,1260
35618,11,12,35988,1470
36724,11,12,39321,0
36724,11,12,38951,210
36724,11,12,38581,490
36724,11,12,38211,700
36724,11,12,37841,980
36724,11,12,37471,1260
36724,11,12,37101,1470
39697,11,12,41549,0
39697,11,12,41179,350
39697,11,12,40809,630
39697,11,12,40439,840
39697,11,12,40069,1120
39697,11,12,39699,1330
28565,11,12,31159,0
28565,11,12,30789,280
28565,11,12,30419,560
28565,11,12,30049,840
28565,11,12,29679,1050
28565,11,12,29309,1330
25601,11,12,27821,0
25601,11,12,27451,420
25601,11,12,27081,700
25601,11,12,26711,910
25601,11,12,26341,1190
25601,11,12,25971,1470
29680,11,12,31532,0
29680,11,12,31162,280
29680,11,12,30792,490
29680,11,12,30422,770
29680,11,12,30052,980
29680,11,12,29682,1260
44888,11,12,47853,0
44888,11,12,47483,210
44888,11,12,47113,700
44888,11,12,46743,980
44888,11,12,46373,1190
44888,11,12,46003,1470
41924,11,12,43405,0
41924,11,12,43035,350
41924,11,12,42665,560
41924,11,12,42295,840
41924,11,12,41925,1050
41924,11,12,1,1330
34131,11,12,37094,0
34131,11,12,36724,280
34131,11,12,36354,420
34131,11,12,35984,700
34131,11,12,35614,910
34131,11,12,35244,1190
34131,11,12,34874,1400
40808,11,12,43772,0
40808,11,12,43402,280
40808,11,12,43032,560
40808,11,12,42662,840
40808,11,12,42292,1050
40808,11,12,41922,1330
27078,11,12,29305,0
27078,11,12,28935,210
27078,11,12,28565,560
27078,11,12,28195,840
27078,11,12,27825,1050
27078,11,12,27455,1330
37844,11,12,40064,0
37844,11,12,39694,490
37844,11,12,39324,770
37844,11,12,38954,980
37844,11,12,38584,1260
37844,11,12,38214,1470
30051,11,12,31903,0
30051,11,12,31533,280
30051,11,12,31163,490
30051,11,12,30793,770
30051,11,12,30423,980
30051,11,12,30053,1260
31163,11,12,34126,0
31163,11,12,33756,280
31163,11,12,33386,420
31163,11,12,33016,700
31163,11,12,32646,910
31163,11,12,32276,1190
31163,11,12,31906,1470
35242,11,12,38207,0
35242,11,12,37837,280
35242,11,12,37467,490
35242,11,12,37097,770
35242,11,12,36727,980
35242,11,12,36357,1260
35242,11,12,35987,1470
38215,11,12,40435,0
38215,11,12,40065,490
38215,11,12,39695,770
38215,11,12,39325,980
38215,11,12,38955,1260
38215,11,12,38585,1470
32278,11,12,33759,0
32278,11,12,33389,280
32278,11,12,33019,490
32278,11,12,32649,700
32278,11,12,32279,980
32278,11,12,1,1190
45258,11,12,47854,0
45258,11,12,47484,490
45258,11,12,47114,980
45258,11,12,46744,1190
45258,11,12,46374,1470
24485,11,12,27078,0
24485,11,12,26708,420
24485,11,12,26338,630
24485,11,12,25968,910
24485,11,12,25598,1120
24485,11,12,25228,1400
39321,11,12,41918,0
39321,11,12,41548,210
39321,11,12,41178,490
39321,11,12,40808,700
39321,11,12,40438,980
39321,11,12,40068,1260
39321,11,12,39698,1470
42294,11,12,44146,0
42294,11,12,43776,350
42294,11,12,43406,630
42294,11,12,43036,840
42294,11,12,42666,1120
42294,11,12,42296,1330
43406,11,12,46739,0
43406,11,12,46369,280
43406,11,12,45999,420
43406,11,12,45629,700
43406,11,12,45259,980
43406,11,12,44889,1190
43406,11,12,44519,1470
28198,11,12,30418,0
28198,11,12,30048,420
28198,11,12,29678,630
28198,11,12,29308,840
28198,11,12,28938,1120
28198,11,12,28568,1330
35613,11,12,38578,0
35613,11,12,38208,280
35613,11,12,37838,490
35613,11,12,37468,770
35613,11,12,37098,980
35613,11,12,36728,1260
35613,11,12,36358,1470
32649,11,12,34130,0
32649,11,12,33760,280
32649,11,12,33390,490
32649,11,12,33020,700
32649,11,12,32650,980
32649,11,12,1,1190
39692,11,12,42289,0
39692,11,12,41919,210
39692,11,12,41549,490
39692,11,12,41179,700
39692,11,12,40809,980
39692,11,12,40439,1260
39692,11,12,40069,1470
36728,11,12,39691,0
36728,11,12,39321,280
36728,11,12,38951,490
36728,11,12,38581,770
36728,11,12,38211,980
36728,11,12,37841,1260
36728,11,12,37471,1470
25596,11,12,28191,0
25596,11,12,27821,280
25596,11,12,27451,560
25596,11,12,27081,770
25596,11,12,26711,1050
25596,11,12,26341,1260
28569,11,12,30789,0
28569,11,12,30419,420
28569,11,12,30049,630
28569,11,12,29679,910
28569,11,12,29309,1120
28569,11,12,28939,1400
29675,11,12,31902,0
29675,11,12,31532,210
29675,11,12,31162,560
29675,11,12,30792,840
29675,11,12,30422,1050
29675,11,12,30052,1330
41919,11,12,44885,0
41919,11,12,44515,210
41919,11,12,44145,560
41919,11,12,43775,770
41919,11,12,43405,1050
41919,11,12,43035,1260
34126,11,12,36354,0
34126,11,12,35984,420
34126,11,12,35614,700
34126,11,12,35244,910
34126,11,12,34874,1190
34126,11,12,34504,1400
33760,11,12,36723,0
33760,11,12,36353,280
33760,11,12,35983,420
33760,11,12,35613,700
33760,11,12,35243,910
33760,11,12,34873,1190
33760,11,12,34503,1400
23003,11,12,24484,0
23003,11,12,24114,350
23003,11,12,23744,560
23003,11,12,23374,770
23003,11,12,23004,1050
23003,11,12,1,1330
37839,11,12,40804,0
37839,11,12,40434,280
37839,11,12,40064,490
37839,11,12,39694,770
37839,11,12,39324,980
37839,11,12,38954,1260
37839,11,12,38584,1470
40812,11,12,43032,0
40812,11,12,42662,490
40812,11,12,42292,770
40812,11,12,41922,980
40812,11,12,41552,1260
40812,11,12,41182,1470
30046,11,12,32273,0
30046,11,12,31903,210
30046,11,12,31533,560
30046,11,12,31163,840
30046,11,12,30793,1050
30046,11,12,30423,1330
34875,11,12,36356,0
34875,11,12,35986,280
34875,11,12,35616,490
34875,11,12,35246,700
34875,11,12,34876,980
34875,11,12,1,1260
27082,11,12,29675,0
27082,11,12,29305,350
27082,11,12,28935,560
27082,11,12,28565,840
27082,11,12,28195,1050
27082,11,12,27825,1330
38210,11,12,41175,0
38210,11,12,40805,280
38210,11,12,40435,490
38210,11,12,40065,770
38210,11,12,39695,980
38210,11,12,39325,1260
38210,11,12,38955,1470
32273,11,12,35239,0
32273,11,12,34869,210
32273,11,12,34499,420
32273,11,12,34129,700
32273,11,12,33759,980
32273,11,12,33389,1190
32273,11,12,33019,1470
35246,11,12,36727,0
35246,11,12,36357,350
35246,11,12,35987,490
35246,11,12,35617,770
35246,11,12,35247,980
35246,11,12,1,1260
42289,11,12,44886,0
42289,11,12,44516,210
42289,11,12,44146,490
42289,11,12,43776,770
42289,11,12,43406,980
42289,11,12,43036,1260
42289,11,12,42666,1470
39325,11,12,42288,0
39325,11,12,41918,280
39325,11,12,41548,490
39325,11,12,41178,770
39325,11,12,40808,980
39325,11,12,40438,1260
39325,11,12,40068,1470
24114,11,12,26707,0
24114,11,12,26337,350
24114,11,12,25967,630
24114,11,12,25597,910
24114,11,12,25227,1120
24114,11,12,24857,1400
43401,11,12,45999,0
43401,11,12,45629,420
43401,11,12,45259,700
43401,11,12,44889,910
43401,11,12,44519,1190
43401,11,12,44149,1400
28193,11,12,30788,0
28193,11,12,30418,280
28193,11,12,30048,490
28193,11,12,29678,770
28193,11,12,29308,980
28193,11,12,28938,1260
40437,11,12,43401,0
40437,11,12,43031,280
40437,11,12,42661,560
40437,11,12,42291,840
40437,11,12,41921,1050
40437,11,12,41551,1330
25229,11,12,26710,0
25229,11,12,26340,280
25229,11,12,25970,490
25229,11,12,25600,770
25229,11,12,25230,980
25229,11,12,1,1260
32644,11,12,35610,0
32644,11,12,35240,210
32644,11,12,34870,420
32644,11,12,34500,700
32644,11,12,34130,980
32644,11,12,33760,1190
32644,11,12,33390,1470
44516,11,12,47482,0
44516,11,12,47112,490
44516,11,12,46742,700
44516,11,12,46372,980
44516,11,12,46002,1190
44516,11,12,45632,1470
36723,11,12,39321,0
36723,11,12,38951,210
36723,11,12,38581,490
36723,11,12,38211,700
36723,11,12,37841,980
36723,11,12,37471,1260
36723,11,12,37101,1470
36357,11,12,39320,0
36357,11,12,38950,280
36357,11,12,38580,490
36357,11,12,38210,770
36357,11,12,37840,980
36357,11,12,37470,1260
36357,11,12,37100,1470
28564,11,12,31159,0
28564,11,12,30789,280
28564,11,12,30419,490
28564,11,12,30049,770
28564,11,12,29679,980
28564,11,12,29309,1260
28564,11,12,28939,1470
25600,11,12,27081,0
25600,11,12,26711,280
25600,11,12,26341,490
25600,11,12,25971,700
25600,11,12,25601,980
25600,11,12,1,1190
37472,11,12,38953,0
37472,11,12,38583,350
37472,11,12,38213,560
37472,11,12,37843,770
37472,11,12,37473,1050
37472,11,12,1,1260
29679,11,12,32272,0
29679,11,12,31902,420
29679,11,12,31532,630
29679,11,12,31162,910
29679,11,12,30792,1120
29679,11,12,30422,1400
44887,11,12,47853,0
44887,11,12,47483,210
44887,11,12,47113,700
44887,11,12,46743,980
44887,11,12,46373,1190
44887,11,12,46003,1470
41923,11,12,43775,0
41923,11,12,43405,350
41923,11,12,43035,630
41923,11,12,42665,840
41923,11,12,42295,1120
41923,11,12,41925,1330
33755,11,12,35983,0
33755,11,12,35613,420
33755,11,12,35243,700
33755,11,12,34873,910
33755,11,12,34503,1190
33755,11,12,34133,1400
30791,11,12,33755,0
30791,11,12,33385,280
30791,11,12,33015,490
30791,11,12,32645,770
30791,11,12,32275,1050
30791,11,12,31905,1260
40807,11,12,43772,0
40807,11,12,43402,280
40807,11,12,43032,490
40807,11,12,42662,770
40807,11,12,42292,980
40807,11,12,41922,1260
40807,11,12,41552,1470
34870,11,12,37836,0
34870,11,12,37466,210
34870,11,12,37096,490
34870,11,12,36726,700
34870,11,12,36356,980
34870,11,12,35986,1190
34870,11,12,35616,1470
37843,11,12,39324,0
37843,11,12,38954,350
37843,11,12,38584,560
37843,11,12,38214,770
37843,11,12,37844,1050
37843,11,12,1,1260
26711,11,12,29304,0
26711,11,12,28934,350
26711,11,12,28564,560
26711,11,12,28194,840
26711,11,12,27824,1050
26711,11,12,27454,1330
31162,11,12,34126,0
31162,11,12,33756,280
31162,11,12,33386,490
31162,11,12,33016,770
31162,11,12,32646,980
31162,11,12,32276,1260
45998,11,12,47856,0
45998,11,12,47486,700
45998,11,12,47116,1190
45998,11,12,46746,1400
35241,11,12,38207,0
35241,11,12,37837,210
35241,11,12,37467,490
35241,11,12,37097,770
35241,11,12,36727,980
35241,11,12,36357,1260
35241,11,12,35987,1470
32277,11,12,34129,0
32277,11,12,33759,280
32277,11,12,33389,560
32277,11,12,33019,770
32277,11,12,32649,1050
32277,11,12,32279,1260
39320,11,12,41918,0
39320,11,12,41548,210
39320,11,12,41178,490
39320,11,12,40808,700
39320,11,12,40438,980
39320,11,12,40068,1260
39320,11,12,39698,1470
25224,11,12,27820,0
25224,11,12,27450,280
25224,11,12,27080,560
25224,11,12,26710,840
25224,11,12,26340,1050
25224,11,12,25970,1330
43405,11,12,46739,0
43405,11,12,46369,280
43405,11,12,45999,490
43405,11,12,45629,770
43405,11,12,45259,980
43405,11,12,44889,1260
28197,11,12,29308,0
28197,11,12,28938,420
28197,11,12,28568,700
28197,11,12,28198,910
28197,11,12,1,1190
40441,11,12,42661,0
40441,11,12,42291,490
40441,11,12,41921,770
40441,11,12,41551,980
40441,11,12,41181,1260
40441,11,12,40811,1470
36352,11,12,38950,0
36352,11,12,38580,210
36352,11,12,38210,490
36352,11,12,37840,700
36352,11,12,37470,980
36352,11,12,37100,1260
36352,11,12,36730,1470
25595,11,12,28191,0
25595,11,12,27821,280
25595,11,12,27451,560
25595,11,12,27081,840
25595,11,12,26711,1050
25595,11,12,26341,1330
37467,11,12,40433,0
37467,11,12,40063,210
37467,11,12,39693,490
37467,11,12,39323,770
37467,11,12,38953,980
37467,11,12,38583,1260
41918,11,12,44515,0
41918,11,12,44145,210
41918,11,12,43775,490
41918,11,12,43405,770
41918,11,12,43035,980
41918,11,12,42665,1260
41918,11,12,42295,1470
33759,11,12,36723,0
33759,11,12,36353,280
33759,11,12,35983,490
33759,11,12,35613,770
33759,11,12,35243,980
33759,11,12,34873,1260
33759,11,12,34503,1470
30795,11,12,33015,0
30795,11,12,32645,490
30795,11,12,32275,700
30795,11,12,31905,980
30795,11,12,31535,1260
30795,11,12,31165,1470
37838,11,12,40804,0
37838,11,12,40434,210
37838,11,12,40064,490
37838,11,12,39694,770
37838,11,12,39324,980
37838,11,12,38954,1260
34874,11,12,36726,0
34874,11,12,36356,280
34874,11,12,35986,560
34874,11,12,35616,770
34874,11,12,35246,1050
34874,11,12,34876,1330
31166,11,12,33386,0
31166,11,12,33016,490
31166,11,12,32646,770
31166,11,12,32276,980
31166,11,12,31906,1260
31166,11,12,31536,1470
32272,11,12,34499,0
32272,11,12,34129,420
32272,11,12,33759,700
32272,11,12,33389,910
32272,11,12,33019,1190
32272,11,12,32649,1400
24113,11,12,26707,0
24113,11,12,26337,420
24113,11,12,25967,630
24113,11,12,25597,910
24113,11,12,25227,1190
24113,11,12,24857,1400
28192,11,12,30788,0
28192,11,12,30418,210
28192,11,12,30048,490
28192,11,12,29678,770
28192,11,12,29308,1050
28192,11,12,28938,1260
40436,11,12,43401,0
40436,11,12,43031,280
40436,11,12,42661,490
40436,11,12,42291,770
40436,11,12,41921,980
40436,11,12,41551,1260
40436,11,12,41181,1470
25228,11,12,27080,0
25228,11,12,26710,350
25228,11,12,26340,490
25228,11,12,25970,770
25228,11,12,25600,1050
25228,11,12,25230,1260
44515,11,12,47112,0
44515,11,12,46742,420
44515,11,12,46372,700
44515,11,12,46002,910
44515,11,12,45632,1190
44515,11,12,45262,1470
36356,11,12,39320,0
36356,11,12,38950,280
36356,11,12,38580,560
36356,11,12,38210,840
36356,11,12,37840,1050
36356,11,12,37470,1330
33392,11,12,35612,0
33392,11,12,35242,490
33392,11,12,34872,700
33392,11,12,34502,980
33392,11,12,34132,1190
33392,11,12,33762,1470
37471,11,12,39323,0
37471,11,12,38953,350
37471,11,12,38583,630
37471,11,12,38213,840
37471,11,12,37843,1120
37471,11,12,37473,1330
41922,11,12,44885,0
41922,11,12,44515,350
41922,11,12,44145,490
41922,11,12,43775,770
41922,11,12,43405,980
41922,11,12,43035,1260
30790,11,12,33755,0
30790,11,12,33385,210
30790,11,12,33015,490
30790,11,12,32645,700
30790,11,12,32275,980
30790,11,12,31905,1190
30790,11,12,31535,1470
33763,11,12,35983,0
33763,11,12,35613,490
33763,11,12,35243,700
33763,11,12,34873,980
33763,11,12,34503,1190
33763,11,12,34133,1470
27826,11,12,28937,0
27826,11,12,28567,420
27826,11,12,28197,700
27826,11,12,27827,910
27826,11,12,1,1190
34869,11,12,37096,0
34869,11,12,36726,420
34869,11,12,36356,700
34869,11,12,35986,910
34869,11,12,35616,1190
34869,11,12,35246,1400
37842,11,12,39694,0
37842,11,12,39324,350
37842,11,12,38954,630
37842,11,12,38584,840
37842,11,12,38214,1120
37842,11,12,37844,1330
26710,11,12,29304,0
26710,11,12,28934,350
26710,11,12,28564,630
26710,11,12,28194,840
26710,11,12,27824,1120
26710,11,12,27454,1400
38954,11,12,41917,0
38954,11,12,41547,280
38954,11,12,41177,490
38954,11,12,40807,770
38954,11,12,40437,980
38954,11,12,40067,1260
38954,11,12,39697,1470
23746,11,12,25966,0
23746,11,12,25596,490
23746,11,12,25226,700
23746,11,12,24856,980
23746,11,12,24486,1190
23746,11,12,24116,1470
31161,11,12,34126,0
31161,11,12,33756,210
31161,11,12,33386,420
31161,11,12,33016,700
31161,11,12,32646,980
31161,11,12,32276,1190
31161,11,12,31906,1470
43033,11,12,45998,0
43033,11,12,45628,280
43033,11,12,45258,490
43033,11,12,44888,770
43033,11,12,44518,1050
43033,11,12,44148,1260
40069,11,12,41550,0
40069,11,12,41180,350
40069,11,12,40810,560
40069,11,12,40440,770
40069,11,12,40070,1050
40069,11,12,1,1260
32276,11,12,35239,0
32276,11,12,34869,280
32276,11,12,34499,420
32276,11,12,34129,700
32276,11,12,33759,910
32276,11,12,33389,1190
32276,11,12,33019,1400
24117,11,12,26337,0
24117,11,12,25967,490
24117,11,12,25597,700
24117,11,12,25227,980
24117,11,12,24857,1190
24117,11,12,24487,1470
35989,11,12,38209,0
35989,11,12,37839,490
35989,11,12,37469,770
35989,11,12,37099,980
35989,11,12,36729,1260
28196,11,12,30048,0
28196,11,12,29678,280
28196,11,12,29308,490
28196,11,12,28938,700
28196,11,12,28568,980
28196,11,12,28198,1190
28196,11,12,1,1470
43404,11,12,46739,0
43404,11,12,46369,210
43404,11,12,45999,490
43404,11,12,45629,700
43404,11,12,45259,980
43404,11,12,44889,1190
43404,11,12,44519,1470
40440,11,12,41921,0
40440,11,12,41551,350
40440,11,12,41181,560
40440,11,12,40811,770
40440,11,12,40441,1050
40440,11,12,1,1260
44519,11,12,47482,0
44519,11,12,47112,420
44519,11,12,46742,700
44519,11,12,46372,980
44519,11,12,46002,1190
44519,11,12,45632,1470
29308,11,12,31901,0
29308,11,12,31531,280
29308,11,12,31161,490
29308,11,12,30791,770
29308,11,12,30421,980
29308,11,12,30051,1260
29308,11,12,29681,1470
33387,11,12,36352,0
33387,11,12,35982,210
33387,11,12,35612,420
33387,11,12,35242,700
33387,11,12,34872,910
33387,11,12,34502,1190
33387,11,12,34132,1470
36360,11,12,38580,0
36360,11,12,38210,490
36360,11,12,37840,770
36360,11,12,37470,980
36360,11,12,37100,1260
36360,11,12,36730,1470
30423,11,12,31534,0
30423,11,12,31164,420
30423,11,12,30794,700
30423,11,12,30424,910
30423,11,12,1,1190
37466,11,12,40063,0
37466,11,12,39693,210
37466,11,12,39323,490
37466,11,12,38953,700
37466,11,12,38583,980
37466,11,12,38213,1260
37466,11,12,37843,1470
41551,11,12,44514,0
41551,11,12,44144,350
41551,11,12,43774,490
41551,11,12,43404,770
41551,11,12,43034,980
41551,11,12,42664,1260
33758,11,12,36723,0
33758,11,12,36353,210
33758,11,12,35983,420
33758,11,12,35613,700
33758,11,12,35243,910
33758,11,12,34873,1190
33758,11,12,34503,1470
27821,11,12,30417,0
27821,11,12,30047,210
27821,11,12,29677,560
27821,11,12,29307,770
27821,11,12,28937,1050
27821,11,12,28567,1260
30794,11,12,32275,0
30794,11,12,31905,350
30794,11,12,31535,490
30794,11,12,31165,770
30794,11,12,30795,980
30794,11,12,1,1260
42666,11,12,44147,0
42666,11,12,43777,350
42666,11,12,43407,560
42666,11,12,43037,840
42666,11,12,42667,1050
42666,11,12,1,1330
34873,11,12,37836,0
34873,11,12,37466,280
34873,11,12,37096,420
34873,11,12,36726,700
34873,11,12,36356,910
34873,11,12,35986,1190
34873,11,12,35616,1470
38949,11,12,41547,0
38949,11,12,41177,210
38949,11,12,40807,490
38949,11,12,40437,700
38949,11,12,40067,980
38949,11,12,39697,1260
38949,11,12,39327,1470
26714,11,12,28934,0
26714,11,12,28564,420
26714,11,12,28194,700
26714,11,12,27824,910
26714,11,12,27454,1190
26714,11,12,27084,1470
40064,11,12,43030,0
40064,11,12,42660,210
40064,11,12,42290,490
40064,11,12,41920,770
40064,11,12,41550,980
40064,11,12,41180,1260
43037,11,12,44518,0
43037,11,12,44148,350
43037,11,12,43778,560
43037,11,12,43408,840
43037,11,12,43038,1050
43037,11,12,1,1330
31905,11,12,34498,0
31905,11,12,34128,420
31905,11,12,33758,630
31905,11,12,33388,910
31905,11,12,33018,1190
31905,11,12,32648,1400
35984,11,12,38949,0
35984,11,12,38579,280
35984,11,12,38209,490
35984,11,12,37839,770
35984,11,12,37469,980
35984,11,12,37099,1260
33020,11,12,34501,0
33020,11,12,34131,280
33020,11,12,33761,490
33020,11,12,33391,700
33020,11,12,33021,980
33020,11,12,1,1190
40435,11,12,43401,0
40435,11,12,43031,210
40435,11,12,42661,490
40435,11,12,42291,770
40435,11,12,41921,980
40435,11,12,41551,1260
25227,11,12,27820,0
25227,11,12,27450,350
25227,11,12,27080,560
25227,11,12,26710,840
25227,11,12,26340,1120
25227,11,12,25970,1330
26339,11,12,28933,0
26339,11,12,28563,420
26339,11,12,28193,630
26339,11,12,27823,910
26339,11,12,27453,1120
26339,11,12,27083,1400
44148,11,12,47481,0
44148,11,12,47111,280
44148,11,12,46741,420
44148,11,12,46371,700
44148,11,12,46001,980
44148,11,12,45631,1190
44148,11,12,45261,1470
36355,11,12,39320,0
36355,11,12,38950,280
36355,11,12,38580,490
36355,11,12,38210,770
36355,11,12,37840,980
36355,11,12,37470,1260
36355,11,12,37100,1470
30418,11,12,33014,0
30418,11,12,32644,420
30418,11,12,32274,630
30418,11,12,31904,910
30418,11,12,31534,1120
30418,11,12,31164,1400
33391,11,12,34872,0
33391,11,12,34502,280
33391,11,12,34132,490
33391,11,12,33762,700
33391,11,12,33392,980
33391,11,12,1,1190
37470,11,12,40433,0
37470,11,12,40063,280
37470,11,12,39693,490
37470,11,12,39323,770
37470,11,12,38953,980
37470,11,12,38583,1260
37470,11,12,38213,1470
41546,11,12,44144,0
41546,11,12,43774,210
41546,11,12,43404,490
41546,11,12,43034,770
41546,11,12,42664,980
41546,11,12,42294,1260
41546,11,12,41924,1470
38582,11,12,41546,0
38582,11,12,41176,280
38582,11,12,40806,560
38582,11,12,40436,840
38582,11,12,40066,1050
38582,11,12,39696,1330
30789,11,12,33755,0
30789,11,12,33385,210
30789,11,12,33015,490
30789,11,12,32645,700
30789,11,12,32275,980
30789,11,12,31905,1190
30789,11,12,31535,1470
27825,11,12,29677,0
27825,11,12,29307,280
27825,11,12,28937,490
27825,11,12,28567,700
27825,11,12,28197,980
27825,11,12,27827,1190
27825,11,12,1,1470
42661,11,12,45627,0
42661,11,12,45257,210
42661,11,12,44887,560
42661,11,12,44517,770
42661,11,12,44147,1050
42661,11,12,43777,1260
34502,11,12,37465,0
34502,11,12,37095,280
34502,11,12,36725,420
34502,11,12,36355,700
34502,11,12,35985,910
34502,11,12,35615,1190
34502,11,12,35245,1400
26709,11,12,29304,0
26709,11,12,28934,280
26709,11,12,28564,560
26709,11,12,28194,770
26709,11,12,27824,1050
26709,11,12,27454,1260
23745,11,12,25226,0
23745,11,12,24856,350
23745,11,12,24486,560
23745,11,12,24116,770
23745,11,12,23746,1050
23745,11,12,1,1260
38953,11,12,41917,0
38953,11,12,41547,280
38953,11,12,41177,560
38953,11,12,40807,840
38953,11,12,40437,1050
38953,11,12,40067,1330
43032,11,12,45998,0
43032,11,12,45628,210
43032,11,12,45258,560
43032,11,12,44888,770
43032,11,12,44518,1050
43032,11,12,44148,1260
40068,11,12,41920,0
40068,11,12,41550,350
40068,11,12,41180,630
40068,11,12,40810,840
40068,11,12,40440,1120
40068,11,12,40070,1330
28936,11,12,31530,0
28936,11,12,31160,280
28936,11,12,30790,560
28936,11,12,30420,840
28936,11,12,30050,1050
28936,11,12,29680,1330
33015,11,12,35981,0
33015,11,12,35611,210
33015,11,12,35241,420
33015,11,12,34871,700
33015,11,12,34501,980
33015,11,12,34131,1190
33015,11,12,33761,1470
35988,11,12,37469,0
35988,11,12,37099,350
35988,11,12,36729,560
35988,11,12,36359,770
35988,11,12,35989,1050
35988,11,12,1,1260
44143,11,12,46741,0
44143,11,12,46371,420
44143,11,12,46001,700
44143,11,12,45631,910
44143,11,12,45261,1190
44143,11,12,44891,1400
29307,11,12,31901,0
29307,11,12,31531,280
29307,11,12,31161,560
29307,11,12,30791,840
29307,11,12,30421,1050
29307,11,12,30051,1330
41179,11,12,44143,0
41179,11,12,43773,280
41179,11,12,43403,560
41179,11,12,43033,840
41179,11,12,42663,1050
41179,11,12,42293,1330
26343,11,12,28563,0
26343,11,12,28193,420
26343,11,12,27823,630
26343,11,12,27453,910
26343,11,12,27083,1190
26343,11,12,26713,1400
33386,11,12,36352,0
33386,11,12,35982,210
33386,11,12,35612,420
33386,11,12,35242,700
33386,11,12,34872,980
33386,11,12,34502,1190
33386,11,12,34132,1470
30422,11,12,32274,0
30422,11,12,31904,280
30422,11,12,31534,490
30422,11,12,31164,770
30422,11,12,30794,980
30422,11,12,30424,1260
37465,11,12,40063,0
37465,11,12,39693,210
37465,11,12,39323,490
37465,11,12,38953,700
37465,11,12,38583,980
37465,11,12,38213,1260
37465,11,12,37843,1470
41550,11,12,44514,0
41550,11,12,44144,280
41550,11,12,43774,560
41550,11,12,43404,840
41550,11,12,43034,1050
41550,11,12,42664,1330
27820,11,12,30047,0
27820,11,12,29677,210
27820,11,12,29307,490
27820,11,12,28937,700
27820,11,12,28567,980
27820,11,12,28197,1260
27820,11,12,27827,1470
38586,11,12,40806,0
38586,11,12,40436,490
38586,11,12,40066,770
38586,11,12,39696,980
38586,11,12,39326,1260
38586,11,12,38956,1470
45629,11,12,48225,0
45629,11,12,47855,210
45629,11,12,47485,700
45629,11,12,47115,1190
45629,11,12,46745,1470
42665,11,12,44517,0
42665,11,12,44147,350
42665,11,12,43777,630
42665,11,12,43407,840
42665,11,12,43037,1120
42665,11,12,42667,1330
34497,11,12,36725,0
34497,11,12,36355,420
34497,11,12,35985,700
34497,11,12,35615,910
34497,11,12,35245,1190
34497,11,12,34875,1400
31533,11,12,34497,0
31533,11,12,34127,280
31533,11,12,33757,490
31533,11,12,33387,700
31533,11,12,33017,980
31533,11,12,32647,1260
31533,11,12,32277,1470
38957,11,12,41177,0
38957,11,12,40807,490
38957,11,12,40437,770
38957,11,12,40067,980
38957,11,12,39697,1260
38957,11,12,39327,1470
40063,11,12,42660,0
40063,11,12,42290,210
40063,11,12,41920,490
40063,11,12,41550,700
40063,11,12,41180,980
40063,11,12,40810,1260
40063,11,12,40440,1470
31904,11,12,34868,0
31904,11,12,34498,210
31904,11,12,34128,490
31904,11,12,33758,700
31904,11,12,33388,980
31904,11,12,33018,1260
31904,11,12,32648,1470
25967,11,12,28562,0
25967,11,12,28192,280
25967,11,12,27822,560
25967,11,12,27452,840
25967,11,12,27082,1050
25967,11,12,26712,1330
28940,11,12,31160,0
28940,11,12,30790,420
28940,11,12,30420,630
28940,11,12,30050,910
28940,11,12,29680,1120
28940,11,12,29310,1400
43776,11,12,47110,0
43776,11,12,46740,280
43776,11,12,46370,490
43776,11,12,46000,770
43776,11,12,45630,980
43776,11,12,45260,1260
35983,11,12,38949,0
35983,11,12,38579,210
35983,11,12,38209,490
35983,11,12,37839,770
35983,11,12,37469,1050
35983,11,12,37099,1260
33019,11,12,34871,0
33019,11,12,34501,280
33019,11,12,34131,560
33019,11,12,33761,770
33019,11,12,33391,1050
33019,11,12,33021,1260
37095,11,12,39692,0
37095,11,12,39322,210
37095,11,12,38952,490
37095,11,12,38582,700
37095,11,12,38212,980
37095,11,12,37842,1260
37095,11,12,37472,1470
26338,11,12,28933,0
26338,11,12,28563,280
26338,11,12,28193,560
26338,11,12,27823,840
26338,11,12,27453,1050
26338,11,12,27083,1330
29311,11,12,31531,0
29311,11,12,31161,420
29311,11,12,30791,630
29311,11,12,30421,910
29311,11,12,30051,1120
29311,11,12,29681,1400
44147,11,12,47481,0
44147,11,12,47111,280
44147,11,12,46741,490
44147,11,12,46371,770
44147,11,12,46001,980
44147,11,12,45631,1260
23374,11,12,24855,0
23374,11,12,24485,350
23374,11,12,24115,560
23374,11,12,23745,770
23374,11,12,23375,1050
23374,11,12,1,1260
41183,11,12,43403,0
41183,11,12,43033,490
41183,11,12,42663,770
41183,11,12,42293,980
41183,11,12,41923,1260
41183,11,12,41553,1470
30417,11,12,32644,0
30417,11,12,32274,210
30417,11,12,31904,560
30417,11,12,31534,840
30417,11,12,31164,1050
30417,11,12,30794,1330
38581,11,12,41546,0
38581,11,12,41176,280
38581,11,12,40806,490
38581,11,12,40436,770
38581,11,12,40066,980
38581,11,12,39696,1260
38581,11,12,39326,1470
41554,11,12,43774,0
41554,11,12,43404,490
41554,11,12,43034,770
41554,11,12,42664,1050
41554,11,12,42294,1260
42660,11,12,45257,0
42660,11,12,44887,210
42660,11,12,44517,490
42660,11,12,44147,770
42660,11,12,43777,980
42660,11,12,43407,1260
42660,11,12,43037,1470
27449,11,12,29676,0
27449,11,12,29306,210
27449,11,12,28936,560
27449,11,12,28566,840
27449,11,12,28196,1050
27449,11,12,27826,1330
34501,11,12,37465,0
34501,11,12,37095,280
34501,11,12,36725,490
34501,11,12,36355,770
34501,11,12,35985,980
34501,11,12,35615,1260
34501,11,12,35245,1470
31537,11,12,33757,0
31537,11,12,33387,490
31537,11,12,33017,700
31537,11,12,32647,980
31537,11,12,32277,1190
31537,11,12,31907,1470
24856,11,12,27449,0
24856,11,12,27079,350
24856,11,12,26709,630
24856,11,12,26339,910
24856,11,12,25969,1120
24856,11,12,25599,1400
28935,11,12,31530,0
28935,11,12,31160,280
28935,11,12,30790,490
28935,11,12,30420,770
28935,11,12,30050,980
28935,11,12,29680,1260
28935,11,12,29310,1470
31908,11,12,34128,0
31908,11,12,33758,420
31908,11,12,33388,700
31908,11,12,33018,910
31908,11,12,32648,1190
31908,11,12,32278,1400
25971,11,12,27452,0
25971,11,12,27082,350
25971,11,12,26712,490
25971,11,12,26342,770
25971,11,12,25972,980
25971,11,12,1,1260
33014,11,12,35241,0
33014,11,12,34871,420
33014,11,12,34501,700
33014,11,12,34131,910
33014,11,12,33761,1190
33014,11,12,33391,1400
37099,11,12,40062,0
37099,11,12,39692,280
37099,11,12,39322,490
37099,11,12,38952,770
37099,11,12,38582,980
37099,11,12,38212,1260
37099,11,12,37842,1470
26342,11,12,27823,0
26342,11,12,27453,350
26342,11,12,27083,490
26342,11,12,26713,770
26342,11,12,26343,980
26342,11,12,1,1260
41178,11,12,44143,0
41178,11,12,43773,280
41178,11,12,43403,490
41178,11,12,43033,770
41178,11,12,42663,980
41178,11,12,42293,1260
41178,11,12,41923,1470
38585,11,12,40066,0
38585,11,12,39696,350
38585,11,12,39326,560
38585,11,12,38956,770
38585,11,12,38586,1050
38585,11,12,1,1260
27453,11,12,30046,0
27453,11,12,29676,350
27453,11,12,29306,560
27453,11,12,28936,770
27453,11,12,28566,1050
27453,11,12,28196,1330
31532,11,12,34127,0
31532,11,12,33757,420
31532,11,12,33387,700
31532,11,12,33017,910
31532,11,12,32647,1190
31532,11,12,32277,1400
34505,11,12,36725,0
34505,11,12,36355,490
34505,11,12,35985,700
34505,11,12,35615,980
34505,11,12,35245,1190
34505,11,12,34875,1470
35617,12,13,37098,0
35617,12,13,36728,350
35617,12,13,36358,490
35617,12,13,35988,770
35617,12,13,35618,1050
35617,12,13,1,1260
39696,12,13,42659,0
39696,12,13,42289,280
39696,12,13,41919,490
39696,12,13,41549,770
39696,12,13,41179,980
39696,12,13,40809,1260
39696,12,13,40439,1470
46739,12,13,48228,0
46739,12,13,47858,630
46739,12,13,47488,1120
25966,12,13,28562,0
25966,12,13,28192,280
25966,12,13,27822,560
25966,12,13,27452,840
25966,12,13,27082,1050
25966,12,13,26712,1330
28939,12,13,30050,0
28939,12,13,29680,420
28939,12,13,29310,700
28939,12,13,28940,910
28939,12,13,1,1190
43775,12,13,47110,0
43775,12,13,46740,210
43775,12,13,46370,490
43775,12,13,46000,700
43775,12,13,45630,980
43775,12,13,45260,1190
43775,12,13,44890,1470
37094,12,13,39692,0
37094,12,13,39322,210
37094,12,13,38952,490
37094,12,13,38582,700
37094,12,13,38212,980
37094,12,13,37842,1260
37094,12,13,37472,1470
34130,12,13,37094,0
34130,12,13,36724,280
34130,12,13,36354,490
34130,12,13,35984,770
34130,12,13,35614,980
34130,12,13,35244,1260
34130,12,13,34874,1470
44146,12,13,47481,0
44146,12,13,47111,210
44146,12,13,46741,490
44146,12,13,46371,700
44146,12,13,46001,980
44146,12,13,45631,1190
44146,12,13,45261,1470
41182,12,13,42663,0
41182,12,13,42293,350
41182,12,13,41923,560
41182,12,13,41553,770
41182,12,13,41183,1050
41182,12,13,1,1260
30050,12,13,32643,0
30050,12,13,32273,420
30050,12,13,31903,630
30050,12,13,31533,910
30050,12,13,31163,1120
30050,12,13,30793,1400
46373,12,13,48597,0
46373,12,13,48227,280
46373,12,13,47857,770
46373,12,13,47487,1260
38580,12,13,41546,0
38580,12,13,41176,210
38580,12,13,40806,490
38580,12,13,40436,770
38580,12,13,40066,980
38580,12,13,39696,1260
38214,12,13,39695,0
38214,12,13,39325,350
38214,12,13,38955,560
38214,12,13,38585,770
38214,12,13,38215,1050
38214,12,13,1,1260
45257,12,13,47484,0
45257,12,13,47114,700
45257,12,13,46744,910
45257,12,13,46374,1190
45257,12,13,46004,1470
24484,12,13,27078,0
24484,12,13,26708,420
24484,12,13,26338,630
24484,12,13,25968,910
24484,12,13,25598,1190
24484,12,13,25228,1400
42293,12,13,45256,0
42293,12,13,44886,350
42293,12,13,44516,490
42293,12,13,44146,770
42293,12,13,43776,980
42293,12,13,43406,1260
34500,12,13,37465,0
34500,12,13,37095,210
34500,12,13,36725,420
34500,12,13,36355,700
34500,12,13,35985,910
34500,12,13,35615,1190
34500,12,13,35245,1470
31536,12,13,33017,0
31536,12,13,32647,280
31536,12,13,32277,490
31536,12,13,31907,700
31536,12,13,31537,980
31536,12,13,1,1190
35612,12,13,38578,0
35612,12,13,38208,210
35612,12,13,37838,490
35612,12,13,37468,770
35612,12,13,37098,980
35612,12,13,36728,1260
35612,12,13,36358,1470
32648,12,13,34500,0
32648,12,13,34130,280
32648,12,13,33760,560
32648,12,13,33390,770
32648,12,13,33020,1050
32648,12,13,32650,1260
24855,12,13,27449,0
24855,12,13,27079,420
24855,12,13,26709,630
24855,12,13,26339,910
24855,12,13,25969,1190
24855,12,13,25599,1400
39691,12,13,42289,0
39691,12,13,41919,210
39691,12,13,41549,490
39691,12,13,41179,700
39691,12,13,40809,980
39691,12,13,40439,1260
39691,12,13,40069,1470
36727,12,13,39691,0
36727,12,13,39321,280
36727,12,13,38951,560
36727,12,13,38581,840
36727,12,13,38211,1050
36727,12,13,37841,1330
28934,12,13,31530,0
28934,12,13,31160,210
28934,12,13,30790,490
28934,12,13,30420,770
28934,12,13,30050,980
28934,12,13,29680,1260
28934,12,13,29310,1470
46743,12,13,48598,0
46743,12,13,48228,490
46743,12,13,47858,980
46743,12,13,47488,1470
25970,12,13,27822,0
25970,12,13,27452,350
25970,12,13,27082,560
25970,12,13,26712,770
25970,12,13,26342,1050
25970,12,13,25972,1260
43779,12,13,45630,0
43779,12,13,45260,280
43779,12,13,44890,490
43779,12,13,44520,770
43779,12,13,44150,980
43779,12,13,43780,1260
28568,12,13,29679,0
28568,12,13,29309,420
28568,12,13,28939,700
28568,12,13,28569,910
28568,12,13,1,1190
47855,12,13,48971,0
47855,12,13,48601,700
47855,12,13,48231,1190
44891,12,13,47113,0
44891,12,13,46743,280
44891,12,13,46373,560
44891,12,13,46003,840
44891,12,13,45633,1050
44891,12,13,45263,1330
37098,12,13,40062,0
37098,12,13,39692,280
37098,12,13,39322,560
37098,12,13,38952,840
37098,12,13,38582,1050
37098,12,13,38212,1330
34134,12,13,36354,0
34134,12,13,35984,490
34134,12,13,35614,700
34134,12,13,35244,980
34134,12,13,34874,1260
34134,12,13,34504,1470
41177,12,13,44143,0
41177,12,13,43773,210
41177,12,13,43403,490
41177,12,13,43033,770
41177,12,13,42663,980
41177,12,13,42293,1260
40811,12,13,42292,0
40811,12,13,41922,350
40811,12,13,41552,560
40811,12,13,41182,770
40811,12,13,40812,1050
40811,12,13,1,1260
27081,12,13,29675,0
27081,12,13,29305,350
27081,12,13,28935,630
27081,12,13,28565,840
27081,12,13,28195,1120
27081,12,13,27825,1330
38209,12,13,41175,0
38209,12,13,40805,210
38209,12,13,40435,490
38209,12,13,40065,770
38209,12,13,39695,980
38209,12,13,39325,1260
35245,12,13,37097,0
35245,12,13,36727,350
35245,12,13,36357,560
35245,12,13,35987,840
35245,12,13,35617,1120
35245,12,13,35247,1330
27452,12,13,30046,0
27452,12,13,29676,350
27452,12,13,29306,630
27452,12,13,28936,840
27452,12,13,28566,1120
27452,12,13,28196,1330
42288,12,13,44886,0
42288,12,13,44516,210
42288,12,13,44146,490
42288,12,13,43776,770
42288,12,13,43406,980
42288,12,13,43036,1260
42288,12,13,42666,1470
45261,12,13,47854,0
45261,12,13,47484,420
45261,12,13,47114,980
45261,12,13,46744,1190
45261,12,13,46374,1470
39324,12,13,42288,0
39324,12,13,41918,280
39324,12,13,41548,560
39324,12,13,41178,840
39324,12,13,40808,1050
39324,12,13,40438,1330
24488,12,13,26708,0
24488,12,13,26338,490
24488,12,13,25968,700
24488,12,13,25598,980
24488,12,13,25228,1260
24488,12,13,24858,1470
31531,12,13,34497,0
31531,12,13,34127,210
31531,12,13,33757,420
31531,12,13,33387,700
31531,12,13,33017,910
31531,12,13,32647,1190
31531,12,13,32277,1400
32643,12,13,34870,0
32643,12,13,34500,420
32643,12,13,34130,700
32643,12,13,33760,910
32643,12,13,33390,1190
32643,12,13,33020,1400
35616,12,13,37468,0
35616,12,13,37098,350
35616,12,13,36728,560
35616,12,13,36358,840
35616,12,13,35988,1120
35616,12,13,35618,1330
39695,12,13,42659,0
39695,12,13,42289,280
39695,12,13,41919,560
39695,12,13,41549,840
39695,12,13,41179,1050
39695,12,13,40809,1330
36731,12,13,38951,0
36731,12,13,38581,490
36731,12,13,38211,770
36731,12,13,37841,980
36731,12,13,37471,1260
43774,12,13,47110,0
43774,12,13,46740,210
43774,12,13,46370,490
43774,12,13,46000,700
43774,12,13,45630,980
43774,12,13,45260,1190
43774,12,13,44890,1470
28563,12,13,31159,0
28563,12,13,30789,280
28563,12,13,30419,490
28563,12,13,30049,770
28563,12,13,29679,980
28563,12,13,29309,1260
28563,12,13,28939,1470
25599,12,13,27451,0
25599,12,13,27081,350
25599,12,13,26711,490
25599,12,13,26341,770
25599,12,13,25971,1050
25599,12,13,25601,1260
44886,12,13,47483,0
44886,12,13,47113,420
44886,12,13,46743,700
44886,12,13,46373,910
44886,12,13,46003,1190
44886,12,13,45633,1470
29678,12,13,32642,0
29678,12,13,32272,210
29678,12,13,31902,490
29678,12,13,31532,700
29678,12,13,31162,980
29678,12,13,30792,1190
29678,12,13,30422,1470
34129,12,13,37094,0
34129,12,13,36724,210
34129,12,13,36354,420
34129,12,13,35984,700
34129,12,13,35614,910
34129,12,13,35244,1190
34129,12,13,34874,1470
40806,12,13,43772,0
40806,12,13,43402,210
40806,12,13,43032,490
40806,12,13,42662,770
40806,12,13,42292,980
40806,12,13,41922,1260
30049,12,13,33013,0
30049,12,13,32643,210
30049,12,13,32273,490
30049,12,13,31903,700
30049,12,13,31533,980
30049,12,13,31163,1190
30049,12,13,30793,1470
27085,12,13,29305,0
27085,12,13,28935,420
27085,12,13,28565,630
27085,12,13,28195,910
27085,12,13,27825,1120
27085,12,13,27455,1400
46372,12,13,48597,0
46372,12,13,48227,210
46372,12,13,47857,700
46372,12,13,47487,1190
35240,12,13,37837,0
35240,12,13,37467,210
35240,12,13,37097,490
35240,12,13,36727,700
35240,12,13,36357,980
35240,12,13,35987,1190
35240,12,13,35617,1470
38213,12,13,40065,0
38213,12,13,39695,350
38213,12,13,39325,630
38213,12,13,38955,840
38213,12,13,38585,1120
38213,12,13,38215,1330
45256,12,13,47484,0
45256,12,13,47114,700
45256,12,13,46744,910
45256,12,13,46374,1190
45256,12,13,46004,1400
42292,12,13,45256,0
42292,12,13,44886,280
42292,12,13,44516,560
42292,12,13,44146,840
42292,12,13,43776,1050
42292,12,13,43406,1330
39328,12,13,41548,0
39328,12,13,41178,490
39328,12,13,40808,770
39328,12,13,40438,980
39328,12,13,40068,1260
35611,12,13,38208,0
35611,12,13,37838,210
35611,12,13,37468,490
35611,12,13,37098,700
35611,12,13,36728,980
35611,12,13,36358,1190
35611,12,13,35988,1470
32647,12,13,35610,0
32647,12,13,35240,280
32647,12,13,34870,420
32647,12,13,34500,700
32647,12,13,34130,910
32647,12,13,33760,1190
32647,12,13,33390,1400
47483,12,13,48600,0
47483,12,13,48230,700
47483,12,13,47860,1190
36726,12,13,39691,0
36726,12,13,39321,280
36726,12,13,38951,490
36726,12,13,38581,770
36726,12,13,38211,980
36726,12,13,37841,1260
36726,12,13,37471,1470
28567,12,13,30419,0
28567,12,13,30049,280
28567,12,13,29679,420
28567,12,13,29309,700
28567,12,13,28939,910
28567,12,13,28569,1190
28567,12,13,1,1470
47854,12,13,48971,0
47854,12,13,48601,700
47854,12,13,48231,1190
41917,12,13,44515,0
41917,12,13,44145,210
41917,12,13,43775,490
41917,12,13,43405,770
41917,12,13,43035,980
41917,12,13,42665,1260
41917,12,13,42295,1470
44890,12,13,47853,0
44890,12,13,47483,280
44890,12,13,47113,700
44890,12,13,46743,980
44890,12,13,46373,1190
44890,12,13,46003,1470
29682,12,13,31902,0
29682,12,13,31532,420
29682,12,13,31162,700
29682,12,13,30792,910
29682,12,13,30422,1190
29682,12,13,30052,1400
37837,12,13,40434,0
37837,12,13,40064,210
37837,12,13,39694,490
37837,12,13,39324,700
37837,12,13,38954,980
37837,12,13,38584,1260
37837,12,13,38214,1470
40810,12,13,42662,0
40810,12,13,42292,350
40810,12,13,41922,630
40810,12,13,41552,840
40810,12,13,41182,1120
40810,12,13,40812,1330
27080,12,13,29675,0
27080,12,13,29305,280
27080,12,13,28935,560
27080,12,13,28565,770
27080,12,13,28195,1050
27080,12,13,27825,1260
31165,12,13,32646,0
31165,12,13,32276,280
31165,12,13,31906,490
31165,12,13,31536,770
31165,12,13,31166,980
31165,12,13,1,1260
38208,12,13,40805,0
38208,12,13,40435,210
38208,12,13,40065,490
38208,12,13,39695,700
38208,12,13,39325,980
38208,12,13,38955,1260
38208,12,13,38585,1470
35244,12,13,38207,0
35244,12,13,37837,280
35244,12,13,37467,490
35244,12,13,37097,700
35244,12,13,36727,980
35244,12,13,36357,1260
35244,12,13,35987,1470
39323,12,13,42288,0
39323,12,13,41918,280
39323,12,13,41548,490
39323,12,13,41178,770
39323,12,13,40808,980
39323,12,13,40438,1260
39323,12,13,40068,1470
42296,12,13,44516,0
42296,12,13,44146,490
42296,12,13,43776,770
42296,12,13,43406,1050
42296,12,13,43036,1260
28191,12,13,30418,0
28191,12,13,30048,210
28191,12,13,29678,490
28191,12,13,29308,700
28191,12,13,28938,980
28191,12,13,28568,1190
28191,12,13,28198,1470
32642,12,13,34870,0
32642,12,13,34500,420
32642,12,13,34130,700
32642,12,13,33760,910
32642,12,13,33390,1190
32642,12,13,33020,1400
43408,12,13,45259,0
43408,12,13,44889,280
43408,12,13,44519,490
43408,12,13,44149,770
43408,12,13,43779,980
43408,12,13,43409,1260
35615,12,13,38578,0
35615,12,13,38208,280
35615,12,13,37838,490
35615,12,13,37468,700
35615,12,13,37098,980
35615,12,13,36728,1260
35615,12,13,36358,1470
44514,12,13,47112,0
44514,12,13,46742,420
44514,12,13,46372,700
44514,12,13,46002,910
44514,12,13,45632,1190
44514,12,13,45262,1400
36730,12,13,38211,0
36730,12,13,37841,350
36730,12,13,37471,560
36730,12,13,37101,770
36730,12,13,36731,1050
36730,12,13,1,1260
28562,12,13,30789,0
28562,12,13,30419,210
28562,12,13,30049,420
28562,12,13,29679,700
28562,12,13,29309,980
28562,12,13,28939,1190
28562,12,13,28569,1470
25598,12,13,28191,0
25598,12,13,27821,350
25598,12,13,27451,560
25598,12,13,27081,840
25598,12,13,26711,1120
25598,12,13,26341,1330
44885,12,13,47483,0
44885,12,13,47113,420
44885,12,13,46743,700
44885,12,13,46373,910
44885,12,13,46003,1190
44885,12,13,45633,1400
29677,12,13,32272,0
29677,12,13,31902,420
29677,12,13,31532,630
29677,12,13,31162,910
29677,12,13,30792,1120
29677,12,13,30422,1400
41921,12,13,44885,0
41921,12,13,44515,280
41921,12,13,44145,560
41921,12,13,43775,840
41921,12,13,43405,1050
41921,12,13,43035,1330
33762,12,13,35243,0
33762,12,13,34873,280
33762,12,13,34503,490
33762,12,13,34133,700
33762,12,13,33763,980
33762,12,13,1,1190
40805,12,13,43402,0
40805,12,13,43032,210
40805,12,13,42662,490
40805,12,13,42292,700
40805,12,13,41922,980
40805,12,13,41552,1260
40805,12,13,41182,1470
34868,12,13,37096,0
34868,12,13,36726,420
34868,12,13,36356,700
34868,12,13,35986,910
34868,12,13,35616,1190
34868,12,13,35246,1400
37841,12,13,40804,0
37841,12,13,40434,280
37841,12,13,40064,490
37841,12,13,39694,770
37841,12,13,39324,980
37841,12,13,38954,1260
37841,12,13,38584,1470
27084,12,13,28565,0
27084,12,13,28195,280
27084,12,13,27825,490
27084,12,13,27455,700
27084,12,13,27085,980
27084,12,13,1,1190
31160,12,13,34126,0
31160,12,13,33756,210
31160,12,13,33386,490
31160,12,13,33016,700
31160,12,13,32646,980
31160,12,13,32276,1190
31160,12,13,31906,1470
35239,12,13,37837,0
35239,12,13,37467,140
35239,12,13,37097,490
35239,12,13,36727,700
35239,12,13,36357,980
35239,12,13,35987,1190
35239,12,13,35617,1470
38212,12,13,41175,0
38212,12,13,40805,280
38212,12,13,40435,490
38212,12,13,40065,770
38212,12,13,39695,980
38212,12,13,39325,1260
38212,12,13,38955,1470
32275,12,13,35239,0
32275,12,13,34869,280
32275,12,13,34499,490
32275,12,13,34129,770
32275,12,13,33759,980
32275,12,13,33389,1260
32275,12,13,33019,1470
39327,12,13,40808,0
39327,12,13,40438,350
39327,12,13,40068,560
39327,12,13,39698,770
39327,12,13,39328,1050
39327,12,13,1,1260
24116,12,13,25597,0
24116,12,13,25227,350
24116,12,13,24857,560
24116,12,13,24487,770
24116,12,13,24117,1050
24116,12,13,1,1260
43403,12,13,46739,0
43403,12,13,46369,210
43403,12,13,45999,490
43403,12,13,45629,700
43403,12,13,45259,980
43403,12,13,44889,1190
43403,12,13,44519,1470
28195,12,13,30788,0
28195,12,13,30418,350
28195,12,13,30048,560
28195,12,13,29678,770
28195,12,13,29308,1050
28195,12,13,28938,1260
40439,12,13,42291,0
40439,12,13,41921,350
40439,12,13,41551,630
40439,12,13,41181,840
40439,12,13,40811,1120
40439,12,13,40441,1330
32646,12,13,35610,0
32646,12,13,35240,280
32646,12,13,34870,490
32646,12,13,34500,770
32646,12,13,34130,980
32646,12,13,33760,1260
32646,12,13,33390,1470
47482,12,13,48600,0
47482,12,13,48230,700
47482,12,13,47860,1190
44518,12,13,47482,0
44518,12,13,47112,490
44518,12,13,46742,770
44518,12,13,46372,980
44518,12,13,46002,1260
36359,12,13,37840,0
36359,12,13,37470,350
36359,12,13,37100,560
36359,12,13,36730,770
36359,12,13,36360,1050
36359,12,13,1,1260
28566,12,13,31159,0
28566,12,13,30789,350
28566,12,13,30419,490
28566,12,13,30049,770
28566,12,13,29679,980
28566,12,13,29309,1260
44889,12,13,47853,0
44889,12,13,47483,280
44889,12,13,47113,770
44889,12,13,46743,980
44889,12,13,46373,1260
29681,12,13,31162,0
29681,12,13,30792,280
29681,12,13,30422,420
29681,12,13,30052,700
29681,12,13,29682,910
29681,12,13,1,1190
41925,12,13,44145,0
41925,12,13,43775,490
41925,12,13,43405,770
41925,12,13,43035,1050
41925,12,13,42665,1260
33757,12,13,36723,0
33757,12,13,36353,210
33757,12,13,35983,420
33757,12,13,35613,700
33757,12,13,35243,980
33757,12,13,34873,1190
33757,12,13,34503,1470
30793,12,13,32645,0
30793,12,13,32275,280
30793,12,13,31905,560
30793,12,13,31535,840
30793,12,13,31165,1050
30793,12,13,30795,1330
37836,12,13,40434,0
37836,12,13,40064,210
37836,12,13,39694,490
37836,12,13,39324,700
37836,12,13,38954,980
37836,12,13,38584,1260
37836,12,13,38214,1470
40809,12,13,43772,0
40809,12,13,43402,280
40809,12,13,43032,490
40809,12,13,42662,770
40809,12,13,42292,980
40809,12,13,41922,1260
40809,12,13,41552,1470
34872,12,13,37836,0
34872,12,13,37466,280
34872,12,13,37096,490
34872,12,13,36726,770
34872,12,13,36356,980
34872,12,13,35986,1260
26713,12,13,28194,0
26713,12,13,27824,280
26713,12,13,27454,490
26713,12,13,27084,770
26713,12,13,26714,980
26713,12,13,1,1260
46000,12,13,48226,0
46000,12,13,47856,490
46000,12,13,47486,980
46000,12,13,47116,1470
31164,12,13,33016,0
31164,12,13,32646,280
31164,12,13,32276,560
31164,12,13,31906,770
31164,12,13,31536,1050
31164,12,13,31166,1330
43036,12,13,44888,0
43036,12,13,44518,350
43036,12,13,44148,630
43036,12,13,43778,840
43036,12,13,43408,1120
43036,12,13,43038,1330
35243,12,13,38207,0
35243,12,13,37837,280
35243,12,13,37467,560
35243,12,13,37097,770
35243,12,13,36727,1050
35243,12,13,36357,1330
47115,12,13,48969,0
47115,12,13,48599,280
47115,12,13,48229,770
47115,12,13,47859,1260
32279,12,13,34499,0
32279,12,13,34129,420
32279,12,13,33759,700
32279,12,13,33389,910
32279,12,13,33019,1190
32279,12,13,32649,1400
40434,12,13,43031,0
40434,12,13,42661,210
40434,12,13,42291,490
40434,12,13,41921,700
40434,12,13,41551,980
40434,12,13,41181,1260
40434,12,13,40811,1470
25226,12,13,27820,0
25226,12,13,27450,350
25226,12,13,27080,630
25226,12,13,26710,910
25226,12,13,26340,1120
25226,12,13,25970,1400
43407,12,13,45629,0
43407,12,13,45259,280
43407,12,13,44889,560
43407,12,13,44519,840
43407,12,13,44149,1050
43407,12,13,43779,1330
47486,12,13,48970,0
47486,12,13,48600,490
47486,12,13,48230,980
36354,12,13,39320,0
36354,12,13,38950,210
36354,12,13,38580,490
36354,12,13,38210,770
36354,12,13,37840,980
36354,12,13,37470,1260
33390,12,13,35242,0
33390,12,13,34872,280
33390,12,13,34502,560
33390,12,13,34132,770
33390,12,13,33762,1050
33390,12,13,33392,1260
25597,12,13,28191,0
25597,12,13,27821,350
25597,12,13,27451,630
25597,12,13,27081,840
25597,12,13,26711,1120
25597,12,13,26341,1400
37469,12,13,40433,0
37469,12,13,40063,280
37469,12,13,39693,560
37469,12,13,39323,840
37469,12,13,38953,1050
37469,12,13,38583,1330
41920,12,13,44885,0
41920,12,13,44515,280
41920,12,13,44145,490
41920,12,13,43775,770
41920,12,13,43405,1050
41920,12,13,43035,1260
30788,12,13,33015,0
30788,12,13,32645,420
30788,12,13,32275,630
30788,12,13,31905,910
30788,12,13,31535,1120
30788,12,13,31165,1400
33761,12,13,35613,0
33761,12,13,35243,280
33761,12,13,34873,560
33761,12,13,34503,770
33761,12,13,34133,1050
33761,12,13,33763,1260
27824,12,13,30417,0
27824,12,13,30047,350
27824,12,13,29677,560
27824,12,13,29307,770
27824,12,13,28937,1050
27824,12,13,28567,1260
40804,12,13,43402,0
40804,12,13,43032,210
40804,12,13,42662,490
40804,12,13,42292,700
40804,12,13,41922,980
40804,12,13,41552,1260
40804,12,13,41182,1470
45633,12,13,47485,0
45633,12,13,47115,560
45633,12,13,46745,840
45633,12,13,46375,1050
45633,12,13,46005,1330
37840,12,13,40804,0
37840,12,13,40434,280
37840,12,13,40064,560
37840,12,13,39694,840
37840,12,13,39324,1050
37840,12,13,38954,1330
34876,12,13,37096,0
34876,12,13,36726,490
34876,12,13,36356,770
34876,12,13,35986,980
34876,12,13,35616,1260
34876,12,13,35246,1470
26708,12,13,29304,0
26708,12,13,28934,280
26708,12,13,28564,560
26708,12,13,28194,770
26708,12,13,27824,1050
26708,12,13,27454,1330
38952,12,13,41917,0
38952,12,13,41547,280
38952,12,13,41177,490
38952,12,13,40807,770
38952,12,13,40437,980
38952,12,13,40067,1260
38952,12,13,39697,1470
23744,12,13,25596,0
23744,12,13,25226,350
23744,12,13,24856,560
23744,12,13,24486,840
23744,12,13,24116,1050
23744,12,13,23746,1330
31159,12,13,33756,0
31159,12,13,33386,140
31159,12,13,33016,420
31159,12,13,32646,700
31159,12,13,32276,910
31159,12,13,31906,1190
31159,12,13,31536,1400
43031,12,13,45628,0
43031,12,13,45258,210
43031,12,13,44888,490
43031,12,13,44518,770
43031,12,13,44148,980
43031,12,13,43778,1260
43031,12,13,43408,1470
46004,12,13,47856,0
46004,12,13,47486,280
46004,12,13,47116,840
46004,12,13,46746,1050
46004,12,13,46376,1330
40067,12,13,43030,0
40067,12,13,42660,280
40067,12,13,42290,490
40067,12,13,41920,770
40067,12,13,41550,980
40067,12,13,41180,1260
40067,12,13,40810,1470
47110,12,13,48599,0
47110,12,13,48229,420
47110,12,13,47859,910
47110,12,13,47489,1400
32274,12,13,35239,0
32274,12,13,34869,210
32274,12,13,34499,420
32274,12,13,34129,700
32274,12,13,33759,910
32274,12,13,33389,1190
32274,12,13,33019,1470
24115,12,13,25967,0
24115,12,13,25597,350
24115,12,13,25227,560
24115,12,13,24857,840
24115,12,13,24487,1050
24115,12,13,24117,1330
35987,12,13,37839,0
35987,12,13,37469,350
35987,12,13,37099,630
35987,12,13,36729,840
35987,12,13,36359,1120
35987,12,13,35989,1330
43402,12,13,45999,0
43402,12,13,45629,420
43402,12,13,45259,700
43402,12,13,44889,910
43402,12,13,44519,1190
43402,12,13,44149,1470
28194,12,13,30788,0
28194,12,13,30418,350
28194,12,13,30048,560
28194,12,13,29678,840
28194,12,13,29308,1120
28194,12,13,28938,1330
40438,12,13,43401,0
40438,12,13,43031,280
40438,12,13,42661,490
40438,12,13,42291,770
40438,12,13,41921,980
40438,12,13,41551,1260
40438,12,13,41181,1470
25230,12,13,27450,0
25230,12,13,27080,420
25230,12,13,26710,630
25230,12,13,26340,910
25230,12,13,25970,1190
25230,12,13,25600,1400
47481,12,13,48600,0
47481,12,13,48230,630
47481,12,13,47860,1120
44517,12,13,47482,0
44517,12,13,47112,490
44517,12,13,46742,700
44517,12,13,46372,980
44517,12,13,46002,1190
44517,12,13,45632,1470
29306,12,13,31901,0
29306,12,13,31531,280
29306,12,13,31161,490
29306,12,13,30791,770
29306,12,13,30421,980
29306,12,13,30051,1260
29306,12,13,29681,1470
33385,12,13,35612,0
33385,12,13,35242,420
33385,12,13,34872,700
33385,12,13,34502,910
33385,12,13,34132,1190
33385,12,13,33762,1400
36358,12,13,38210,0
36358,12,13,37840,350
36358,12,13,37470,630
36358,12,13,37100,840
36358,12,13,36730,1120
36358,12,13,36360,1330
30421,12,13,33014,0
30421,12,13,32644,420
30421,12,13,32274,630
30421,12,13,31904,910
30421,12,13,31534,1120
30421,12,13,31164,1400
37473,12,13,39693,0
37473,12,13,39323,490
37473,12,13,38953,770
37473,12,13,38583,980
37473,12,13,38213,1260
41549,12,13,44514,0
41549,12,13,44144,280
41549,12,13,43774,490
41549,12,13,43404,770
41549,12,13,43034,1050
41549,12,13,42664,1260
33756,12,13,35983,0
33756,12,13,35613,420
33756,12,13,35243,700
33756,12,13,34873,910
33756,12,13,34503,1190
33756,12,13,34133,1400
30792,12,13,33755,0
30792,12,13,33385,280
30792,12,13,33015,490
30792,12,13,32645,700
30792,12,13,32275,980
30792,12,13,31905,1190
30792,12,13,31535,1470
45628,12,13,47855,0
45628,12,13,47485,420
45628,12,13,47115,910
45628,12,13,46745,1190
45628,12,13,46375,1470
42664,12,13,45627,0
42664,12,13,45257,350
42664,12,13,44887,490
42664,12,13,44517,770
42664,12,13,44147,980
42664,12,13,43777,1260
34871,12,13,37836,0
34871,12,13,37466,210
34871,12,13,37096,420
34871,12,13,36726,700
34871,12,13,36356,980
34871,12,13,35986,1190
34871,12,13,35616,1470
26712,12,13,28564,0
26712,12,13,28194,350
26712,12,13,27824,490
26712,12,13,27454,770
26712,12,13,27084,980
26712,12,13,26714,1260
38956,12,13,40437,0
38956,12,13,40067,350
38956,12,13,39697,560
38956,12,13,39327,770
38956,12,13,38957,1050
38956,12,13,1,1260
45999,12,13,47856,0
45999,12,13,47486,700
45999,12,13,47116,1190
45999,12,13,46746,1470
40062,12,13,42660,0
40062,12,13,42290,210
40062,12,13,41920,490
40062,12,13,41550,700
40062,12,13,41180,980
40062,12,13,40810,1260
40062,12,13,40440,1470
43035,12,13,45998,0
43035,12,13,45628,350
43035,12,13,45258,490
43035,12,13,44888,770
43035,12,13,44518,980
43035,12,13,44148,1260
47114,12,13,48969,0
47114,12,13,48599,210
47114,12,13,48229,700
47114,12,13,47859,1190
31903,12,13,34868,0
31903,12,13,34498,210
31903,12,13,34128,420
31903,12,13,33758,700
31903,12,13,33388,910
31903,12,13,33018,1190
31903,12,13,32648,1400
35982,12,13,38579,0
35982,12,13,38209,210
35982,12,13,37839,490
35982,12,13,37469,770
35982,12,13,37099,980
35982,12,13,36729,1260
35982,12,13,36359,1470
33018,12,13,35981,0
33018,12,13,35611,280
33018,12,13,35241,420
33018,12,13,34871,700
33018,12,13,34501,910
33018,12,13,34131,1190
33018,12,13,33761,1400
25225,12,13,27820,0
25225,12,13,27450,280
25225,12,13,27080,560
25225,12,13,26710,770
25225,12,13,26340,1050
25225,12,13,25970,1330
40433,12,13,43031,0
40433,12,13,42661,210
40433,12,13,42291,490
40433,12,13,41921,700
40433,12,13,41551,980
40433,12,13,41181,1260
40433,12,13,40811,1470
26337,12,13,28933,0
26337,12,13,28563,280
26337,12,13,28193,560
26337,12,13,27823,840
26337,12,13,27453,1050
26337,12,13,27083,1330
29310,12,13,30421,0
29310,12,13,30051,420
29310,12,13,29681,630
29310,12,13,29311,910
29310,12,13,1,1190
36353,12,13,38950,0
36353,12,13,38580,210
36353,12,13,38210,490
36353,12,13,37840,700
36353,12,13,37470,980
36353,12,13,37100,1260
36353,12,13,36730,1470
33389,12,13,36352,0
33389,12,13,35982,280
33389,12,13,35612,420
33389,12,13,35242,700
33389,12,13,34872,910
33389,12,13,34502,1190
33389,12,13,34132,1400
37468,12,13,40433,0
37468,12,13,40063,280
37468,12,13,39693,490
37468,12,13,39323,770
37468,12,13,38953,980
37468,12,13,38583,1260
37468,12,13,38213,1470
41553,12,13,43034,0
41553,12,13,42664,350
41553,12,13,42294,560
41553,12,13,41924,840
41553,12,13,41554,1050
41553,12,13,1,1330
42659,12,13,45257,0
42659,12,13,44887,210
42659,12,13,44517,490
42659,12,13,44147,770
42659,12,13,43777,980
42659,12,13,43407,1260
42659,12,13,43037,1470
27823,12,13,30417,0
27823,12,13,30047,350
27823,12,13,29677,560
27823,12,13,29307,840
27823,12,13,28937,1120
27823,12,13,28567,1330
45632,12,13,48225,0
45632,12,13,47855,280
45632,12,13,47485,700
45632,12,13,47115,1190
45632,12,13,46745,1470
26707,12,13,28934,0
26707,12,13,28564,210
26707,12,13,28194,560
26707,12,13,27824,840
26707,12,13,27454,1050
26707,12,13,27084,1330
38951,12,13,41917,0
38951,12,13,41547,210
38951,12,13,41177,490
38951,12,13,40807,770
38951,12,13,40437,980
38951,12,13,40067,1260
43030,12,13,45628,0
43030,12,13,45258,210
43030,12,13,44888,490
43030,12,13,44518,770
43030,12,13,44148,980
43030,12,13,43778,1260
43030,12,13,43408,1470
40066,12,13,43030,0
40066,12,13,42660,280
40066,12,13,42290,560
40066,12,13,41920,840
40066,12,13,41550,1050
40066,12,13,41180,1330
31907,12,13,33388,0
31907,12,13,33018,280
31907,12,13,32648,420
31907,12,13,32278,700
31907,12,13,31908,980
31907,12,13,1,1190
33013,12,13,35241,0
33013,12,13,34871,420
33013,12,13,34501,700
33013,12,13,34131,910
33013,12,13,33761,1190
33013,12,13,33391,1400
35986,12,13,38949,0
35986,12,13,38579,280
35986,12,13,38209,490
35986,12,13,37839,770
35986,12,13,37469,980
35986,12,13,37099,1260
35986,12,13,36729,1470
29305,12,13,31901,0
29305,12,13,31531,210
29305,12,13,31161,490
29305,12,13,30791,770
29305,12,13,30421,980
29305,12,13,30051,1260
29305,12,13,29681,1470
26341,12,13,28193,0
26341,12,13,27823,350
26341,12,13,27453,560
26341,12,13,27083,770
26341,12,13,26713,1050
26341,12,13,26343,1260
33384,12,13,35612,0
33384,12,13,35242,420
33384,12,13,34872,700
33384,12,13,34502,910
33384,12,13,34132,1190
33384,12,13,33762,1400
44150,12,13,46001,0
44150,12,13,45631,280
44150,12,13,45261,490
44150,12,13,44891,770
44150,12,13,44521,980
44150,12,13,44151,1260
30420,12,13,33384,0
30420,12,13,33014,210
30420,12,13,32644,490
30420,12,13,32274,700
30420,12,13,31904,980
30420,12,13,31534,1190
30420,12,13,31164,1470
41548,12,13,44514,0
41548,12,13,44144,210
41548,12,13,43774,560
41548,12,13,43404,770
41548,12,13,43034,1050
41548,12,13,42664,1260
38584,12,13,40436,0
38584,12,13,40066,350
38584,12,13,39696,630
38584,12,13,39326,840
38584,12,13,38956,1120
38584,12,13,38586,1330
45627,12,13,47855,0
45627,12,13,47485,420
45627,12,13,47115,910
45627,12,13,46745,1190
45627,12,13,46375,1400
42663,12,13,45627,0
42663,12,13,45257,280
42663,12,13,44887,560
42663,12,13,44517,840
42663,12,13,44147,1050
42663,12,13,43777,1330
27827,12,13,30047,0
27827,12,13,29677,420
27827,12,13,29307,630
27827,12,13,28937,840
27827,12,13,28567,1120
27827,12,13,28197,1330
34504,12,13,35985,0
34504,12,13,35615,280
34504,12,13,35245,490
34504,12,13,34875,700
34504,12,13,34505,980
34504,12,13,1,1190
38955,12,13,40807,0
38955,12,13,40437,350
38955,12,13,40067,630
38955,12,13,39697,840
38955,12,13,39327,1120
38955,12,13,38957,1330
43034,12,13,45998,0
43034,12,13,45628,280
43034,12,13,45258,560
43034,12,13,44888,840
43034,12,13,44518,1050
43034,12,13,44148,1330
40070,12,13,42290,0
40070,12,13,41920,490
40070,12,13,41550,770
40070,12,13,41180,980
40070,12,13,40810,1260
24859,12,13,27079,0
24859,12,13,26709,490
24859,12,13,26339,700
24859,12,13,25969,980
24859,12,13,25599,1260
24859,12,13,25229,1470
31902,12,13,34868,0
31902,12,13,34498,210
31902,12,13,34128,420
31902,12,13,33758,700
31902,12,13,33388,910
31902,12,13,33018,1190
31902,12,13,32648,1400
28938,12,13,30790,0
28938,12,13,30420,280
28938,12,13,30050,420
28938,12,13,29680,700
28938,12,13,29310,910
28938,12,13,28940,1190
28938,12,13,1,1470
35981,12,13,38579,0
35981,12,13,38209,210
35981,12,13,37839,490
35981,12,13,37469,700
35981,12,13,37099,980
35981,12,13,36729,1260
35981,12,13,36359,1470
33017,12,13,35981,0
33017,12,13,35611,280
33017,12,13,35241,490
33017,12,13,34871,770
33017,12,13,34501,980
33017,12,13,34131,1260
33017,12,13,33761,1470
48225,12,13,49342,0
48225,12,13,48972,630
48225,12,13,48602,1120
26336,12,13,28563,0
26336,12,13,28193,210
26336,12,13,27823,560
26336,12,13,27453,840
26336,12,13,27083,1050
26336,12,13,26713,1330
37102,12,13,39322,0
37102,12,13,38952,490
37102,12,13,38582,770
37102,12,13,38212,980
37102,12,13,37842,1260
29309,12,13,31161,0
29309,12,13,30791,280
29309,12,13,30421,420
29309,12,13,30051,700
29309,12,13,29681,910
29309,12,13,29311,1190
29309,12,13,1,1470
44145,12,13,47481,0
44145,12,13,47111,210
44145,12,13,46741,490
44145,12,13,46371,700
44145,12,13,46001,980
44145,12,13,45631,1190
44145,12,13,45261,1470
41181,12,13,43033,0
41181,12,13,42663,350
41181,12,13,42293,630
41181,12,13,41923,840
41181,12,13,41553,1120
41181,12,13,41183,1330
33388,12,13,36352,0
33388,12,13,35982,280
33388,12,13,35612,490
33388,12,13,35242,770
33388,12,13,34872,980
33388,12,13,34502,1260
33388,12,13,34132,1470
30424,12,13,32644,0
30424,12,13,32274,420
30424,12,13,31904,700
30424,12,13,31534,910
30424,12,13,31164,1190
30424,12,13,30794,1400
38579,12,13,41176,0
38579,12,13,40806,210
38579,12,13,40436,490
38579,12,13,40066,700
38579,12,13,39696,980
38579,12,13,39326,1260
38579,12,13,38956,1470
41552,12,13,43404,0
41552,12,13,43034,350
41552,12,13,42664,630
41552,12,13,42294,840
41552,12,13,41924,1120
41552,12,13,41554,1330
27822,12,13,30417,0
27822,12,13,30047,280
27822,12,13,29677,560
27822,12,13,29307,770
27822,12,13,28937,1050
27822,12,13,28567,1260
45631,12,13,48225,0
45631,12,13,47855,280
45631,12,13,47485,770
45631,12,13,47115,1260
42667,12,13,44887,0
42667,12,13,44517,490
42667,12,13,44147,770
42667,12,13,43777,1050
42667,12,13,43407,1260
27456,12,13,29676,0
27456,12,13,29306,420
27456,12,13,28936,630
27456,12,13,28566,840
27456,12,13,28196,1120
27456,12,13,27826,1400
34499,12,13,37465,0
34499,12,13,37095,210
34499,12,13,36725,420
34499,12,13,36355,700
34499,12,13,35985,980
34499,12,13,35615,1190
34499,12,13,35245,1470
31535,12,13,33387,0
31535,12,13,33017,280
31535,12,13,32647,490
31535,12,13,32277,770
31535,12,13,31907,1050
31535,12,13,31537,1260
38950,12,13,41547,0
38950,12,13,41177,210
38950,12,13,40807,490
38950,12,13,40437,700
38950,12,13,40067,980
38950,12,13,39697,1260
38950,12,13,39327,1470
40065,12,13,43030,0
40065,12,13,42660,280
40065,12,13,42290,490
40065,12,13,41920,770
40065,12,13,41550,980
40065,12,13,41180,1260
40065,12,13,40810,1470
24854,12,13,27449,0
24854,12,13,27079,280
24854,12,13,26709,560
24854,12,13,26339,840
24854,12,13,25969,1050
24854,12,13,25599,1330
28933,12,13,31160,0
28933,12,13,30790,210
28933,12,13,30420,420
28933,12,13,30050,700
28933,12,13,29680,980
28933,12,13,29310,1190
28933,12,13,28940,1470
39699,12,13,41919,0
39699,12,13,41549,490
39699,12,13,41179,770
39699,12,13,40809,980
39699,12,13,40439,1260
31906,12,13,33758,0
31906,12,13,33388,280
31906,12,13,33018,490
31906,12,13,32648,770
31906,12,13,32278,1050
31906,12,13,31908,1260
25969,12,13,28562,0
25969,12,13,28192,350
25969,12,13,27822,560
25969,12,13,27452,840
25969,12,13,27082,1120
25969,12,13,26712,1330
46742,12,13,48598,0
46742,12,13,48228,490
46742,12,13,47858,980
46742,12,13,47488,1470
43778,12,13,46000,0
43778,12,13,45630,280
43778,12,13,45260,560
43778,12,13,44890,840
43778,12,13,44520,1050
43778,12,13,44150,1330
35985,12,13,38949,0
35985,12,13,38579,280
35985,12,13,38209,560
35985,12,13,37839,840
35985,12,13,37469,1050
35985,12,13,37099,1330
33021,12,13,35241,0
33021,12,13,34871,420
33021,12,13,34501,700
33021,12,13,34131,910
33021,12,13,33761,1190
33021,12,13,33391,1400
37097,12,13,40062,0
37097,12,13,39692,280
37097,12,13,39322,490
37097,12,13,38952,770
37097,12,13,38582,980
37097,12,13,38212,1260
37097,12,13,37842,1470
29304,12,13,31531,0
29304,12,13,31161,210
29304,12,13,30791,420
29304,12,13,30421,700
29304,12,13,30051,980
29304,12,13,29681,1190
29304,12,13,29311,1470
34133,12,13,35614,0
34133,12,13,35244,280
34133,12,13,34874,490
34133,12,13,34504,700
34133,12,13,34134,980
34133,12,13,1,1190
41176,12,13,43773,0
41176,12,13,43403,210
41176,12,13,43033,490
41176,12,13,42663,700
41176,12,13,42293,980
41176,12,13,41923,1260
41176,12,13,41553,1470
26340,12,13,28933,0
26340,12,13,28563,350
26340,12,13,28193,560
26340,12,13,27823,840
26340,12,13,27453,1120
26340,12,13,27083,1330
44149,12,13,46371,0
44149,12,13,46001,280
44149,12,13,45631,560
44149,12,13,45261,840
44149,12,13,44891,1050
44149,12,13,44521,1330
30419,12,13,33014,0
30419,12,13,32644,420
30419,12,13,32274,630
30419,12,13,31904,910
30419,12,13,31534,1120
30419,12,13,31164,1400
30053,12,13,32273,0
30053,12,13,31903,420
30053,12,13,31533,700
30053,12,13,31163,910
30053,12,13,30793,1190
30053,12,13,30423,1400
41547,12,13,44144,0
41547,12,13,43774,210
41547,12,13,43404,490
41547,12,13,43034,770
41547,12,13,42664,980
41547,12,13,42294,1260
41547,12,13,41924,1470
38583,12,13,41546,0
38583,12,13,41176,280
38583,12,13,40806,490
38583,12,13,40436,770
38583,12,13,40066,980
38583,12,13,39696,1260
38583,12,13,39326,1470
42662,12,13,45627,0
42662,12,13,45257,280
42662,12,13,44887,490
42662,12,13,44517,770
42662,12,13,44147,1050
42662,12,13,43777,1260
27451,12,13,30046,0
27451,12,13,29676,280
27451,12,13,29306,560
27451,12,13,28936,770
27451,12,13,28566,1050
27451,12,13,28196,1260
45260,12,13,47854,0
45260,12,13,47484,490
45260,12,13,47114,980
45260,12,13,46744,1260
24487,12,13,25968,0
24487,12,13,25598,350
24487,12,13,25228,560
24487,12,13,24858,770
24487,12,13,24488,1050
24487,12,13,1,1260
31530,12,13,33757,0
31530,12,13,33387,420
31530,12,13,33017,630
31530,12,13,32647,910
31530,12,13,32277,1120
31530,12,13,31907,1400
34503,12,13,36355,0
34503,12,13,35985,280
34503,12,13,35615,560
34503,12,13,35245,770
34503,12,13,34875,1050
34503,12,13,34505,1260
24858,12,13,26339,0
24858,12,13,25969,350
24858,12,13,25599,560
24858,12,13,25229,770
24858,12,13,24859,1050
24858,12,13,1,1260
39694,12,13,42659,0
39694,12,13,42289,280
39694,12,13,41919,490
39694,12,13,41549,770
39694,12,13,41179,980
39694,12,13,40809,1260
39694,12,13,40439,1470
31901,12,13,34128,0
31901,12,13,33758,420
31901,12,13,33388,630
31901,12,13,33018,910
31901,12,13,32648,1120
31901,12,13,32278,1400
43773,12,13,46370,0
43773,12,13,46000,420
43773,12,13,45630,700
43773,12,13,45260,910
43773,12,13,44890,1190
43773,12,13,44520,1470
28937,12,13,31530,0
28937,12,13,31160,350
28937,12,13,30790,490
28937,12,13,30420,770
28937,12,13,30050,980
28937,12,13,29680,1260
28937,12,13,29310,1470
46746,12,13,48228,0
46746,12,13,47858,280
46746,12,13,47488,840
46746,12,13,47118,1330
33016,12,13,35981,0
33016,12,13,35611,210
33016,12,13,35241,420
33016,12,13,34871,700
33016,12,13,34501,910
33016,12,13,34131,1190
33016,12,13,33761,1470
34128,12,13,37094,0
34128,12,13,36724,210
34128,12,13,36354,420
34128,12,13,35984,700
34128,12,13,35614,980
34128,12,13,35244,1190
34128,12,13,34874,1470
37101,12,13,38582,0
37101,12,13,38212,350
37101,12,13,37842,560
37101,12,13,37472,770
37101,12,13,37102,1050
37101,12,13,1,1260
44144,12,13,46741,0
44144,12,13,46371,420
44144,12,13,46001,700
44144,12,13,45631,910
44144,12,13,45261,1190
44144,12,13,44891,1470
41180,12,13,44143,0
41180,12,13,43773,280
41180,12,13,43403,490
41180,12,13,43033,770
41180,12,13,42663,980
41180,12,13,42293,1260
41180,12,13,41923,1470
30048,12,13,32643,0
30048,12,13,32273,420
30048,12,13,31903,630
30048,12,13,31533,910
30048,12,13,31163,1120
30048,12,13,30793,1400
46371,12,13,48597,0
46371,12,13,48227,210
46371,12,13,47857,700
46371,12,13,47487,1190
38578,12,13,41176,0
38578,12,13,40806,210
38578,12,13,40436,490
38578,12,13,40066,700
38578,12,13,39696,980
38578,12,13,39326,1260
38578,12,13,38956,1470
27455,12,13,28936,0
27455,12,13,28566,280
27455,12,13,28196,420
27455,12,13,27826,700
27455,12,13,27456,980
27455,12,13,1,1190
42291,12,13,45256,0
42291,12,13,44886,280
42291,12,13,44516,490
42291,12,13,44146,770
42291,12,13,43776,1050
42291,12,13,43406,1260
34498,12,13,36725,0
34498,12,13,36355,420
34498,12,13,35985,700
34498,12,13,35615,910
34498,12,13,35245,1190
34498,12,13,34875,1400
31534,12,13,34127,0
31534,12,13,33757,420
31534,12,13,33387,630
31534,12,13,33017,910
31534,12,13,32647,1190
31534,12,13,32277,1400
35610,12,13,38208,0
35610,12,13,37838,140
35610,12,13,37468,490
35610,12,13,37098,700
35610,12,13,36728,980
35610,12,13,36358,1190
35610,12,13,35988,1470
36725,12,13,39691,0
36725,12,13,39321,210
36725,12,13,38951,490
36725,12,13,38581,770
36725,12,13,38211,980
36725,12,13,37841,1260
39698,12,13,41179,0
39698,12,13,40809,350
39698,12,13,40439,560
39698,12,13,40069,770
39698,12,13,39699,1050
39698,12,13,1,1260
46741,12,13,48228,0
46741,12,13,47858,700
46741,12,13,47488,1190
25968,12,13,28562,0
25968,12,13,28192,420
25968,12,13,27822,630
25968,12,13,27452,910
25968,12,13,27082,1120
25968,12,13,26712,1400
43777,12,13,47110,0
43777,12,13,46740,280
43777,12,13,46370,420
43777,12,13,46000,700
43777,12,13,45630,980
43777,12,13,45260,1190
43777,12,13,44890,1470
47853,12,13,48971,0
47853,12,13,48601,630
47853,12,13,48231,1120
37096,12,13,40062,0
37096,12,13,39692,210
37096,12,13,39322,490
37096,12,13,38952,770
37096,12,13,38582,980
37096,12,13,38212,1260
34132,12,13,35984,0
34132,12,13,35614,280
34132,12,13,35244,560
34132,12,13,34874,770
34132,12,13,34504,1050
34132,12,13,34134,1260
41175,12,13,43773,0
41175,12,13,43403,210
41175,12,13,43033,490
41175,12,13,42663,700
41175,12,13,42293,980
41175,12,13,41923,1260
41175,12,13,41553,1470
23375,12,13,25595,0
23375,12,13,25225,490
23375,12,13,24855,700
23375,12,13,24485,980
23375,12,13,24115,1190
23375,12,13,23745,1470
27079,12,13,29675,0
27079,12,13,29305,210
27079,12,13,28935,560
27079,12,13,28565,770
27079,12,13,28195,1050
27079,12,13,27825,1330
30052,12,13,31533,0
30052,12,13,31163,280
30052,12,13,30793,420
30052,12,13,30423,700
30052,12,13,30053,980
30052,12,13,1,1190
46375,12,13,47857,0
46375,12,13,47487,560
46375,12,13,47117,1050
46375,12,13,46747,1330
38207,12,13,40805,0
38207,12,13,40435,210
38207,12,13,40065,490
38207,12,13,39695,700
38207,12,13,39325,980
38207,12,13,38955,1260
38207,12,13,38585,1470
27450,12,13,30046,0
27450,12,13,29676,210
27450,12,13,29306,560
27450,12,13,28936,770
27450,12,13,28566,1050
27450,12,13,28196,1330
45259,12,13,47854,0
45259,12,13,47484,490
45259,12,13,47114,980
45259,12,13,46744,1190
45259,12,13,46374,1470
39322,12,13,42288,0
39322,12,13,41918,210
39322,12,13,41548,490
39322,12,13,41178,770
39322,12,13,40808,980
39322,12,13,40438,1260
24486,12,13,26338,0
24486,12,13,25968,350
24486,12,13,25598,560
24486,12,13,25228,840
24486,12,13,24858,1050
24486,12,13,24488,1330
42295,12,13,43776,0
42295,12,13,43406,350
42295,12,13,43036,560
42295,12,13,42666,840
42295,12,13,42296,1050
42295,12,13,1,1330
35614,12,13,38578,0
35614,12,13,38208,280
35614,12,13,37838,560
35614,12,13,37468,770
35614,12,13,37098,1050
35614,12,13,36728,1330
32650,12,13,34870,0
32650,12,13,34500,420
32650,12,13,34130,700
32650,12,13,33760,910
32650,12,13,33390,1190
32650,12,13,33020,1400
24857,12,13,26709,0
24857,12,13,26339,350
24857,12,13,25969,560
24857,12,13,25599,840
24857,12,13,25229,1050
24857,12,13,24859,1330
39693,12,13,42659,0
39693,12,13,42289,210
39693,12,13,41919,490
39693,12,13,41549,770
39693,12,13,41179,980
39693,12,13,40809,1260
36729,12,13,38581,0
36729,12,13,38211,350
36729,12,13,37841,630
36729,12,13,37471,840
36729,12,13,37101,1120
36729,12,13,36731,1330
43772,12,13,46370,0
43772,12,13,46000,420
43772,12,13,45630,700
43772,12,13,45260,910
43772,12,13,44890,1190
43772,12,13,44520,1400
25972,12,13,28192,0
25972,12,13,27822,420
25972,12,13,27452,700
25972,12,13,27082,910
25972,12,13,26712,1190
25972,12,13,26342,1400
29676,12,13,32272,0
29676,12,13,31902,420
29676,12,13,31532,630
29676,12,13,31162,910
29676,12,13,30792,1120
29676,12,13,30422,1400
34127,12,13,36354,0
34127,12,13,35984,420
34127,12,13,35614,700
34127,12,13,35244,910
34127,12,13,34874,1190
34127,12,13,34504,1400
37100,12,13,38952,0
37100,12,13,38582,350
37100,12,13,38212,630
37100,12,13,37842,840
37100,12,13,37472,1120
37100,12,13,37102,1330
23004,12,13,25224,0
23004,12,13,24854,490
23004,12,13,24484,700
23004,12,13,24114,980
23004,12,13,23744,1190
23004,12,13,23374,1470
30047,12,13,32643,0
30047,12,13,32273,420
30047,12,13,31903,630
30047,12,13,31533,910
30047,12,13,31163,1120
30047,12,13,30793,1400
27083,12,13,28935,0
27083,12,13,28565,350
27083,12,13,28195,490
27083,12,13,27825,770
27083,12,13,27455,980
27083,12,13,27085,1260
27083,12,13,1,1470
46370,12,13,48227,0
46370,12,13,47857,420
46370,12,13,47487,910
46370,12,13,47117,1470
38211,12,13,41175,0
38211,12,13,40805,280
38211,12,13,40435,560
38211,12,13,40065,840
38211,12,13,39695,1050
38211,12,13,39325,1330
35247,12,13,37467,0
35247,12,13,37097,490
35247,12,13,36727,770
35247,12,13,36357,980
35247,12,13,35987,1260
35247,12,13,35617,1470
27454,12,13,29306,0
27454,12,13,28936,280
27454,12,13,28566,490
27454,12,13,28196,770
27454,12,13,27826,980
27454,12,13,27456,1260
27454,12,13,1,1470
42290,12,13,45256,0
42290,12,13,44886,210
42290,12,13,44516,560
42290,12,13,44146,770
42290,12,13,43776,1050
42290,12,13,43406,1260
39326,12,13,41178,0
39326,12,13,40808,350
39326,12,13,40438,630
39326,12,13,40068,840
39326,12,13,39698,1120
39326,12,13,39328,1330
32645,12,13,35610,0
32645,12,13,35240,210
32645,12,13,34870,420
32645,12,13,34500,700
32645,12,13,34130,910
32645,12,13,33760,1190
32645,12,13,33390,1470
35618,12,13,37838,0
35618,12,13,37468,490
35618,12,13,37098,770
35618,12,13,36728,980
35618,12,13,36358,1260
35618,12,13,35988,1470
36724,12,13,39321,0
36724,12,13,38951,210
36724,12,13,38581,490
36724,12,13,38211,700
36724,12,13,37841,980
36724,12,13,37471,1260
36724,12,13,37101,1470
39697,12,13,41549,0
39697,12,13,41179,350
39697,12,13,40809,630
39697,12,13,40439,840
39697,12,13,40069,1120
39697,12,13,39699,1330
28565,12,13,31159,0
28565,12,13,30789,280
28565,12,13,30419,560
28565,12,13,30049,840
28565,12,13,29679,1050
28565,12,13,29309,1330
25601,12,13,27821,0
25601,12,13,27451,420
25601,12,13,27081,630
25601,12,13,26711,910
25601,12,13,26341,1120
25601,12,13,25971,1400
29680,12,13,31532,0
29680,12,13,31162,280
29680,12,13,30792,490
29680,12,13,30422,770
29680,12,13,30052,980
29680,12,13,29682,1260
44888,12,13,47853,0
44888,12,13,47483,210
44888,12,13,47113,700
44888,12,13,46743,980
44888,12,13,46373,1190
44888,12,13,46003,1470
41924,12,13,43405,0
41924,12,13,43035,350
41924,12,13,42665,560
41924,12,13,42295,840
41924,12,13,41925,1050
41924,12,13,1,1330
34131,12,13,37094,0
34131,12,13,36724,280
34131,12,13,36354,420
34131,12,13,35984,700
34131,12,13,35614,910
34131,12,13,35244,1190
34131,12,13,34874,1400
40808,12,13,43772,0
40808,12,13,43402,280
40808,12,13,43032,560
40808,12,13,42662,840
40808,12,13,42292,1050
40808,12,13,41922,1330
27078,12,13,29305,0
27078,12,13,28935,210
27078,12,13,28565,560
27078,12,13,28195,840
27078,12,13,27825,1050
27078,12,13,27455,1330
37844,12,13,40064,0
37844,12,13,39694,490
37844,12,13,39324,770
37844,12,13,38954,980
37844,12,13,38584,1260
30051,12,13,31903,0
30051,12,13,31533,280
30051,12,13,31163,490
30051,12,13,30793,770
30051,12,13,30423,980
30051,12,13,30053,1260
46374,12,13,48597,0
46374,12,13,48227,280
46374,12,13,47857,700
46374,12,13,47487,1190
31163,12,13,34126,0
31163,12,13,33756,280
31163,12,13,33386,420
31163,12,13,33016,700
31163,12,13,32646,910
31163,12,13,32276,1190
31163,12,13,31906,1470
35242,12,13,38207,0
35242,12,13,37837,280
35242,12,13,37467,490
35242,12,13,37097,770
35242,12,13,36727,980
35242,12,13,36357,1260
35242,12,13,35987,1470
38215,12,13,40435,0
38215,12,13,40065,490
38215,12,13,39695,700
38215,12,13,39325,980
38215,12,13,38955,1190
38215,12,13,38585,1470
32278,12,13,33759,0
32278,12,13,33389,280
32278,12,13,33019,490
32278,12,13,32649,700
32278,12,13,32279,980
32278,12,13,1,1190
45258,12,13,47854,0
45258,12,13,47484,490
45258,12,13,47114,980
45258,12,13,46744,1190
45258,12,13,46374,1470
24485,12,13,27078,0
24485,12,13,26708,350
24485,12,13,26338,630
24485,12,13,25968,910
24485,12,13,25598,1120
24485,12,13,25228,1400
39321,12,13,41918,0
39321,12,13,41548,210
39321,12,13,41178,490
39321,12,13,40808,700
39321,12,13,40438,980
39321,12,13,40068,1260
39321,12,13,39698,1470
42294,12,13,44146,0
42294,12,13,43776,350
42294,12,13,43406,630
42294,12,13,43036,840
42294,12,13,42666,1120
42294,12,13,42296,1330
43406,12,13,46739,0
43406,12,13,46369,280
43406,12,13,45999,420
43406,12,13,45629,700
43406,12,13,45259,980
43406,12,13,44889,1190
43406,12,13,44519,1470
28198,12,13,30418,0
28198,12,13,30048,420
28198,12,13,29678,630
28198,12,13,29308,840
28198,12,13,28938,1120
28198,12,13,28568,1330
35613,12,13,38578,0
35613,12,13,38208,280
35613,12,13,37838,490
35613,12,13,37468,770
35613,12,13,37098,980
35613,12,13,36728,1260
35613,12,13,36358,1470
32649,12,13,34130,0
32649,12,13,33760,280
32649,12,13,33390,490
32649,12,13,33020,700
32649,12,13,32650,980
32649,12,13,1,1190
47485,12,13,48970,0
47485,12,13,48600,490
47485,12,13,48230,980
47485,12,13,47860,1470
39692,12,13,42289,0
39692,12,13,41919,210
39692,12,13,41549,490
39692,12,13,41179,700
39692,12,13,40809,980
39692,12,13,40439,1260
39692,12,13,40069,1470
44521,12,13,46372,0
44521,12,13,46002,280
44521,12,13,45632,490
44521,12,13,45262,770
44521,12,13,44892,980
44521,12,13,44522,1260
36728,12,13,39691,0
36728,12,13,39321,280
36728,12,13,38951,490
36728,12,13,38581,770
36728,12,13,38211,980
36728,12,13,37841,1260
36728,12,13,37471,1470
25596,12,13,28191,0
25596,12,13,27821,280
25596,12,13,27451,560
25596,12,13,27081,770
25596,12,13,26711,1050
25596,12,13,26341,1260
28569,12,13,30789,0
28569,12,13,30419,420
28569,12,13,30049,630
28569,12,13,29679,910
28569,12,13,29309,1120
28569,12,13,28939,1400
29675,12,13,31902,0
29675,12,13,31532,210
29675,12,13,31162,560
29675,12,13,30792,840
29675,12,13,30422,1050
29675,12,13,30052,1330
47856,12,13,49341,0
47856,12,13,48971,490
47856,12,13,48601,980
47856,12,13,48231,1470
41919,12,13,44885,0
41919,12,13,44515,210
41919,12,13,44145,560
41919,12,13,43775,770
41919,12,13,43405,1050
41919,12,13,43035,1260
34126,12,13,36354,0
34126,12,13,35984,420
34126,12,13,35614,700
34126,12,13,35244,910
34126,12,13,34874,1190
34126,12,13,34504,1400
33760,12,13,36723,0
33760,12,13,36353,280
33760,12,13,35983,420
33760,12,13,35613,700
33760,12,13,35243,910
33760,12,13,34873,1190
33760,12,13,34503,1400
37839,12,13,40804,0
37839,12,13,40434,280
37839,12,13,40064,490
37839,12,13,39694,770
37839,12,13,39324,980
37839,12,13,38954,1260
37839,12,13,38584,1470
40812,12,13,43032,0
40812,12,13,42662,490
40812,12,13,42292,770
40812,12,13,41922,980
40812,12,13,41552,1260
30046,12,13,32273,0
30046,12,13,31903,210
30046,12,13,31533,560
30046,12,13,31163,840
30046,12,13,30793,1050
30046,12,13,30423,1330
34875,12,13,36356,0
34875,12,13,35986,280
34875,12,13,35616,490
34875,12,13,35246,770
34875,12,13,34876,980
34875,12,13,1,1260
27082,12,13,29675,0
27082,12,13,29305,350
27082,12,13,28935,560
27082,12,13,28565,840
27082,12,13,28195,1050
27082,12,13,27825,1330
46369,12,13,48227,0
46369,12,13,47857,420
46369,12,13,47487,910
46369,12,13,47117,1400
46003,12,13,48226,0
46003,12,13,47856,420
46003,12,13,47486,980
46003,12,13,47116,1470
38210,12,13,41175,0
38210,12,13,40805,280
38210,12,13,40435,490
38210,12,13,40065,770
38210,12,13,39695,980
38210,12,13,39325,1260
38210,12,13,38955,1470
32273,12,13,35239,0
32273,12,13,34869,210
32273,12,13,34499,420
32273,12,13,34129,700
32273,12,13,33759,980
32273,12,13,33389,1190
32273,12,13,33019,1470
35246,12,13,36727,0
35246,12,13,36357,350
35246,12,13,35987,490
35246,12,13,35617,770
35246,12,13,35247,1050
35246,12,13,1,1260
42289,12,13,44886,0
42289,12,13,44516,210
42289,12,13,44146,490
42289,12,13,43776,770
42289,12,13,43406,980
42289,12,13,43036,1260
42289,12,13,42666,1470
39325,12,13,42288,0
39325,12,13,41918,280
39325,12,13,41548,490
39325,12,13,41178,770
39325,12,13,40808,980
39325,12,13,40438,1260
39325,12,13,40068,1470
24114,12,13,26707,0
24114,12,13,26337,350
24114,12,13,25967,630
24114,12,13,25597,840
24114,12,13,25227,1120
24114,12,13,24857,1400
43401,12,13,45999,0
43401,12,13,45629,420
43401,12,13,45259,700
43401,12,13,44889,910
43401,12,13,44519,1190
43401,12,13,44149,1400
28193,12,13,30788,0
28193,12,13,30418,280
28193,12,13,30048,490
28193,12,13,29678,770
28193,12,13,29308,980
28193,12,13,28938,1260
40437,12,13,43401,0
40437,12,13,43031,280
40437,12,13,42661,560
40437,12,13,42291,840
40437,12,13,41921,1050
40437,12,13,41551,1330
25229,12,13,26710,0
25229,12,13,26340,280
25229,12,13,25970,490
25229,12,13,25600,700
25229,12,13,25230,980
25229,12,13,1,1260
32644,12,13,35610,0
32644,12,13,35240,210
32644,12,13,34870,420
32644,12,13,34500,700
32644,12,13,34130,980
32644,12,13,33760,1190
32644,12,13,33390,1470
44516,12,13,47482,0
44516,12,13,47112,490
44516,12,13,46742,700
44516,12,13,46372,980
44516,12,13,46002,1190
44516,12,13,45632,1470
36723,12,13,39321,0
36723,12,13,38951,210
36723,12,13,38581,490
36723,12,13,38211,700
36723,12,13,37841,980
36723,12,13,37471,1260
36723,12,13,37101,1470
36357,12,13,39320,0
36357,12,13,38950,280
36357,12,13,38580,490
36357,12,13,38210,770
36357,12,13,37840,980
36357,12,13,37470,1260
36357,12,13,37100,1470
28564,12,13,31159,0
28564,12,13,30789,280
28564,12,13,30419,490
28564,12,13,30049,770
28564,12,13,29679,980
28564,12,13,29309,1260
28564,12,13,28939,1470
25600,12,13,27081,0
25600,12,13,26711,280
25600,12,13,26341,490
25600,12,13,25971,700
25600,12,13,25601,980
25600,12,13,1,1190
37472,12,13,38953,0
37472,12,13,38583,350
37472,12,13,38213,560
37472,12,13,37843,770
37472,12,13,37473,1050
37472,12,13,1,1260
29679,12,13,32272,0
29679,12,13,31902,420
29679,12,13,31532,630
29679,12,13,31162,910
29679,12,13,30792,1120
29679,12,13,30422,1400
44887,12,13,47853,0
44887,12,13,47483,210
44887,12,13,47113,700
44887,12,13,46743,980
44887,12,13,46373,1190
44887,12,13,46003,1470
41923,12,13,43775,0
41923,12,13,43405,350
41923,12,13,43035,630
41923,12,13,42665,840
41923,12,13,42295,1120
41923,12,13,41925,1330
33755,12,13,35983,0
33755,12,13,35613,420
33755,12,13,35243,700
33755,12,13,34873,910
33755,12,13,34503,1190
33755,12,13,34133,1400
30791,12,13,33755,0
30791,12,13,33385,280
30791,12,13,33015,490
30791,12,13,32645,770
30791,12,13,32275,1050
30791,12,13,31905,1260
40807,12,13,43772,0
40807,12,13,43402,280
40807,12,13,43032,490
40807,12,13,42662,770
40807,12,13,42292,980
40807,12,13,41922,1260
40807,12,13,41552,1470
34870,12,13,37836,0
34870,12,13,37466,210
34870,12,13,37096,490
34870,12,13,36726,700
34870,12,13,36356,980
34870,12,13,35986,1190
34870,12,13,35616,1470
37843,12,13,39324,0
37843,12,13,38954,350
37843,12,13,38584,560
37843,12,13,38214,770
37843,12,13,37844,1050
37843,12,13,1,1260
26711,12,13,29304,0
26711,12,13,28934,350
26711,12,13,28564,560
26711,12,13,28194,840
26711,12,13,27824,1050
26711,12,13,27454,1330
31162,12,13,34126,0
31162,12,13,33756,280
31162,12,13,33386,490
31162,12,13,33016,770
31162,12,13,32646,980
31162,12,13,32276,1260
45998,12,13,47856,0
45998,12,13,47486,700
45998,12,13,47116,1190
45998,12,13,46746,1400
35241,12,13,38207,0
35241,12,13,37837,210
35241,12,13,37467,490
35241,12,13,37097,770
35241,12,13,36727,980
35241,12,13,36357,1260
35241,12,13,35987,1470
32277,12,13,34129,0
32277,12,13,33759,280
32277,12,13,33389,560
32277,12,13,33019,770
32277,12,13,32649,1050
32277,12,13,32279,1260
47113,12,13,48969,0
47113,12,13,48599,210
47113,12,13,48229,700
47113,12,13,47859,1190
39320,12,13,41918,0
39320,12,13,41548,210
39320,12,13,41178,490
39320,12,13,40808,700
39320,12,13,40438,980
39320,12,13,40068,1260
39320,12,13,39698,1470
25224,12,13,27820,0
25224,12,13,27450,280
25224,12,13,27080,560
25224,12,13,26710,840
25224,12,13,26340,1050
25224,12,13,25970,1330
43405,12,13,46739,0
43405,12,13,46369,280
43405,12,13,45999,490
43405,12,13,45629,770
43405,12,13,45259,980
43405,12,13,44889,1260
28197,12,13,29308,0
28197,12,13,28938,420
28197,12,13,28568,700
28197,12,13,28198,910
28197,12,13,1,1190
40441,12,13,42661,0
40441,12,13,42291,490
40441,12,13,41921,770
40441,12,13,41551,980
40441,12,13,41181,1260
47484,12,13,48970,0
47484,12,13,48600,490
47484,12,13,48230,980
47484,12,13,47860,1470
44520,12,13,46742,0
44520,12,13,46372,280
44520,12,13,46002,560
44520,12,13,45632,840
44520,12,13,45262,1050
44520,12,13,44892,1330
36352,12,13,38950,0
36352,12,13,38580,210
36352,12,13,38210,490
36352,12,13,37840,700
36352,12,13,37470,980
36352,12,13,37100,1260
36352,12,13,36730,1470
25595,12,13,28191,0
25595,12,13,27821,280
25595,12,13,27451,560
25595,12,13,27081,840
25595,12,13,26711,1050
25595,12,13,26341,1330
37467,12,13,40433,0
37467,12,13,40063,210
37467,12,13,39693,490
37467,12,13,39323,770
37467,12,13,38953,980
37467,12,13,38583,1260
41918,12,13,44515,0
41918,12,13,44145,210
41918,12,13,43775,490
41918,12,13,43405,770
41918,12,13,43035,980
41918,12,13,42665,1260
41918,12,13,42295,1470
33759,12,13,36723,0
33759,12,13,36353,280
33759,12,13,35983,490
33759,12,13,35613,770
33759,12,13,35243,980
33759,12,13,34873,1260
33759,12,13,34503,1470
30795,12,13,33015,0
30795,12,13,32645,490
30795,12,13,32275,770
30795,12,13,31905,980
30795,12,13,31535,1260
30795,12,13,31165,1470
37838,12,13,40804,0
37838,12,13,40434,210
37838,12,13,40064,490
37838,12,13,39694,770
37838,12,13,39324,980
37838,12,13,38954,1260
34874,12,13,36726,0
34874,12,13,36356,280
34874,12,13,35986,560
34874,12,13,35616,770
34874,12,13,35246,1050
34874,12,13,34876,1330
31166,12,13,33386,0
31166,12,13,33016,490
31166,12,13,32646,770
31166,12,13,32276,980
31166,12,13,31906,1260
46002,12,13,48226,0
46002,12,13,47856,490
46002,12,13,47486,980
32272,12,13,34499,0
32272,12,13,34129,420
32272,12,13,33759,700
32272,12,13,33389,910
32272,12,13,33019,1190
32272,12,13,32649,1400
43038,12,13,45258,0
43038,12,13,44888,490
43038,12,13,44518,770
43038,12,13,44148,1050
43038,12,13,43778,1260
28192,12,13,30788,0
28192,12,13,30418,210
28192,12,13,30048,490
28192,12,13,29678,770
28192,12,13,29308,1050
28192,12,13,28938,1260
40436,12,13,43401,0
40436,12,13,43031,280
40436,12,13,42661,490
40436,12,13,42291,770
40436,12,13,41921,980
40436,12,13,41551,1260
40436,12,13,41181,1470
25228,12,13,27080,0
25228,12,13,26710,350
25228,12,13,26340,490
25228,12,13,25970,770
25228,12,13,25600,1050
25228,12,13,25230,1260
43409,12,13,45999,0
43409,12,13,45629,420
43409,12,13,45259,700
43409,12,13,44889,910
43409,12,13,44519,1190
43409,12,13,44149,1400
44515,12,13,47112,0
44515,12,13,46742,420
44515,12,13,46372,700
44515,12,13,46002,910
44515,12,13,45632,1190
44515,12,13,45262,1470
36356,12,13,39320,0
36356,12,13,38950,280
36356,12,13,38580,560
36356,12,13,38210,840
36356,12,13,37840,1050
36356,12,13,37470,1330
33392,12,13,35612,0
33392,12,13,35242,420
33392,12,13,34872,700
33392,12,13,34502,910
33392,12,13,34132,1190
33392,12,13,33762,1400
37471,12,13,39323,0
37471,12,13,38953,350
37471,12,13,38583,630
37471,12,13,38213,840
37471,12,13,37843,1120
37471,12,13,37473,1330
41922,12,13,44885,0
41922,12,13,44515,350
41922,12,13,44145,490
41922,12,13,43775,770
41922,12,13,43405,980
41922,12,13,43035,1260
30790,12,13,33755,0
30790,12,13,33385,210
30790,12,13,33015,490
30790,12,13,32645,700
30790,12,13,32275,980
30790,12,13,31905,1190
30790,12,13,31535,1470
33763,12,13,35983,0
33763,12,13,35613,420
33763,12,13,35243,700
33763,12,13,34873,910
33763,12,13,34503,1190
33763,12,13,34133,1400
27826,12,13,29307,0
27826,12,13,28937,280
27826,12,13,28567,420
27826,12,13,28197,700
27826,12,13,27827,910
27826,12,13,1,1190
34869,12,13,37466,0
34869,12,13,37096,140
34869,12,13,36726,420
34869,12,13,36356,700
34869,12,13,35986,910
34869,12,13,35616,1190
34869,12,13,35246,1400
37842,12,13,39694,0
37842,12,13,39324,350
37842,12,13,38954,630
37842,12,13,38584,840
37842,12,13,38214,1120
37842,12,13,37844,1330
26710,12,13,29304,0
26710,12,13,28934,350
26710,12,13,28564,630
26710,12,13,28194,840
26710,12,13,27824,1120
26710,12,13,27454,1400
38954,12,13,41917,0
38954,12,13,41547,280
38954,12,13,41177,490
38954,12,13,40807,770
38954,12,13,40437,980
38954,12,13,40067,1260
38954,12,13,39697,1470
23746,12,13,25966,0
23746,12,13,25596,490
23746,12,13,25226,700
23746,12,13,24856,980
23746,12,13,24486,1190
23746,12,13,24116,1470
31161,12,13,34126,0
31161,12,13,33756,210
31161,12,13,33386,420
31161,12,13,33016,700
31161,12,13,32646,980
31161,12,13,32276,1190
31161,12,13,31906,1470
43033,12,13,45998,0
43033,12,13,45628,280
43033,12,13,45258,490
43033,12,13,44888,770
43033,12,13,44518,1050
43033,12,13,44148,1260
40069,12,13,41550,0
40069,12,13,41180,350
40069,12,13,40810,560
40069,12,13,40440,770
40069,12,13,40070,1050
40069,12,13,1,1260
32276,12,13,35239,0
32276,12,13,34869,280
32276,12,13,34499,420
32276,12,13,34129,700
32276,12,13,33759,910
32276,12,13,33389,1190
32276,12,13,33019,1400
47112,12,13,48599,0
47112,12,13,48229,420
47112,12,13,47859,910
47112,12,13,47489,1470
24117,12,13,26337,0
24117,12,13,25967,490
24117,12,13,25597,700
24117,12,13,25227,980
24117,12,13,24857,1260
24117,12,13,24487,1470
35989,12,13,38209,0
35989,12,13,37839,490
35989,12,13,37469,770
35989,12,13,37099,980
35989,12,13,36729,1260
28196,12,13,30048,0
28196,12,13,29678,280
28196,12,13,29308,490
28196,12,13,28938,700
28196,12,13,28568,980
28196,12,13,28198,1190
28196,12,13,1,1470
43404,12,13,46739,0
43404,12,13,46369,210
43404,12,13,45999,490
43404,12,13,45629,700
43404,12,13,45259,980
43404,12,13,44889,1190
43404,12,13,44519,1470
40440,12,13,41921,0
40440,12,13,41551,350
40440,12,13,41181,560
40440,12,13,40811,770
40440,12,13,40441,1050
40440,12,13,1,1260
44519,12,13,47482,0
44519,12,13,47112,420
44519,12,13,46742,700
44519,12,13,46372,980
44519,12,13,46002,1190
44519,12,13,45632,1470
29308,12,13,31901,0
29308,12,13,31531,280
29308,12,13,31161,490
29308,12,13,30791,770
29308,12,13,30421,980
29308,12,13,30051,1260
29308,12,13,29681,1470
33387,12,13,36352,0
33387,12,13,35982,210
33387,12,13,35612,420
33387,12,13,35242,700
33387,12,13,34872,910
33387,12,13,34502,1190
33387,12,13,34132,1470
36360,12,13,38580,0
36360,12,13,38210,490
36360,12,13,37840,770
36360,12,13,37470,980
36360,12,13,37100,1260
30423,12,13,31904,0
30423,12,13,31534,280
30423,12,13,31164,420
30423,12,13,30794,700
30423,12,13,30424,980
30423,12,13,1,1190
37466,12,13,40063,0
37466,12,13,39693,210
37466,12,13,39323,490
37466,12,13,38953,700
37466,12,13,38583,980
37466,12,13,38213,1260
37466,12,13,37843,1470
41551,12,13,44514,0
41551,12,13,44144,350
41551,12,13,43774,490
41551,12,13,43404,770
41551,12,13,43034,980
41551,12,13,42664,1260
33758,12,13,36723,0
33758,12,13,36353,210
33758,12,13,35983,420
33758,12,13,35613,700
33758,12,13,35243,910
33758,12,13,34873,1190
33758,12,13,34503,1470
27821,12,13,30417,0
27821,12,13,30047,210
27821,12,13,29677,560
27821,12,13,29307,770
27821,12,13,28937,1050
27821,12,13,28567,1260
45630,12,13,48225,0
45630,12,13,47855,210
45630,12,13,47485,700
45630,12,13,47115,1190
45630,12,13,46745,1470
30794,12,13,32275,0
30794,12,13,31905,350
30794,12,13,31535,490
30794,12,13,31165,770
30794,12,13,30795,980
30794,12,13,1,1260
42666,12,13,44147,0
42666,12,13,43777,350
42666,12,13,43407,560
42666,12,13,43037,840
42666,12,13,42667,1050
42666,12,13,1,1330
34873,12,13,37836,0
34873,12,13,37466,280
34873,12,13,37096,420
34873,12,13,36726,700
34873,12,13,36356,910
34873,12,13,35986,1190
34873,12,13,35616,1470
38949,12,13,41547,0
38949,12,13,41177,210
38949,12,13,40807,490
38949,12,13,40437,700
38949,12,13,40067,980
38949,12,13,39697,1260
38949,12,13,39327,1470
26714,12,13,28934,0
26714,12,13,28564,420
26714,12,13,28194,630
26714,12,13,27824,910
26714,12,13,27454,1120
26714,12,13,27084,1400
46001,12,13,48226,0
46001,12,13,47856,490
46001,12,13,47486,980
46001,12,13,47116,1470
40064,12,13,43030,0
40064,12,13,42660,210
40064,12,13,42290,490
40064,12,13,41920,770
40064,12,13,41550,980
40064,12,13,41180,1260
43037,12,13,44518,0
43037,12,13,44148,350
43037,12,13,43778,560
43037,12,13,43408,840
43037,12,13,43038,1050
43037,12,13,1,1330
47116,12,13,48969,0
47116,12,13,48599,280
47116,12,13,48229,700
47116,12,13,47859,1190
31905,12,13,34498,0
31905,12,13,34128,420
31905,12,13,33758,630
31905,12,13,33388,910
31905,12,13,33018,1190
31905,12,13,32648,1400
35984,12,13,38949,0
35984,12,13,38579,280
35984,12,13,38209,490
35984,12,13,37839,770
35984,12,13,37469,980
35984,12,13,37099,1260
33020,12,13,34501,0
33020,12,13,34131,280
33020,12,13,33761,490
33020,12,13,33391,700
33020,12,13,33021,980
33020,12,13,1,1190
40435,12,13,43401,0
40435,12,13,43031,210
40435,12,13,42661,490
40435,12,13,42291,770
40435,12,13,41921,980
40435,12,13,41551,1260
25227,12,13,27820,0
25227,12,13,27450,350
25227,12,13,27080,560
25227,12,13,26710,840
25227,12,13,26340,1120
25227,12,13,25970,1330
26339,12,13,28933,0
26339,12,13,28563,420
26339,12,13,28193,630
26339,12,13,27823,910
26339,12,13,27453,1120
26339,12,13,27083,1400
44148,12,13,47481,0
44148,12,13,47111,280
44148,12,13,46741,420
44148,12,13,46371,700
44148,12,13,46001,980
44148,12,13,45631,1190
44148,12,13,45261,1470
36355,12,13,39320,0
36355,12,13,38950,280
36355,12,13,38580,490
36355,12,13,38210,770
36355,12,13,37840,980
36355,12,13,37470,1260
36355,12,13,37100,1470
30418,12,13,33014,0
30418,12,13,32644,420
30418,12,13,32274,630
30418,12,13,31904,910
30418,12,13,31534,1120
30418,12,13,31164,1400
33391,12,13,34872,0
33391,12,13,34502,280
33391,12,13,34132,490
33391,12,13,33762,700
33391,12,13,33392,980
33391,12,13,1,1190
37470,12,13,40433,0
37470,12,13,40063,280
37470,12,13,39693,490
37470,12,13,39323,770
37470,12,13,38953,980
37470,12,13,38583,1260
37470,12,13,38213,1470
41546,12,13,44144,0
41546,12,13,43774,210
41546,12,13,43404,490
41546,12,13,43034,770
41546,12,13,42664,980
41546,12,13,42294,1260
41546,12,13,41924,1470
38582,12,13,41546,0
38582,12,13,41176,280
38582,12,13,40806,560
38582,12,13,40436,840
38582,12,13,40066,1050
38582,12,13,39696,1330
30789,12,13,33755,0
30789,12,13,33385,210
30789,12,13,33015,490
30789,12,13,32645,700
30789,12,13,32275,980
30789,12,13,31905,1190
30789,12,13,31535,1470
27825,12,13,29677,0
27825,12,13,29307,280
27825,12,13,28937,490
27825,12,13,28567,700
27825,12,13,28197,980
27825,12,13,27827,1260
27825,12,13,1,1470
42661,12,13,45627,0
42661,12,13,45257,210
42661,12,13,44887,560
42661,12,13,44517,770
42661,12,13,44147,1050
42661,12,13,43777,1260
34502,12,13,37465,0
34502,12,13,37095,280
34502,12,13,36725,420
34502,12,13,36355,700
34502,12,13,35985,910
34502,12,13,35615,1190
34502,12,13,35245,1400
26709,12,13,29304,0
26709,12,13,28934,280
26709,12,13,28564,560
26709,12,13,28194,770
26709,12,13,27824,1050
26709,12,13,27454,1260
23745,12,13,25226,0
23745,12,13,24856,350
23745,12,13,24486,560
23745,12,13,24116,770
23745,12,13,23746,1050
23745,12,13,1,1260
38953,12,13,41917,0
38953,12,13,41547,280
38953,12,13,41177,560
38953,12,13,40807,840
38953,12,13,40437,1050
38953,12,13,40067,1330
43032,12,13,45998,0
43032,12,13,45628,210
43032,12,13,45258,560
43032,12,13,44888,770
43032,12,13,44518,1050
43032,12,13,44148,1260
40068,12,13,41920,0
40068,12,13,41550,350
40068,12,13,41180,630
40068,12,13,40810,840
40068,12,13,40440,1120
40068,12,13,40070,1330
47111,12,13,48599,0
47111,12,13,48229,420
47111,12,13,47859,910
47111,12,13,47489,1400
28936,12,13,31530,0
28936,12,13,31160,280
28936,12,13,30790,560
28936,12,13,30420,840
28936,12,13,30050,1050
28936,12,13,29680,1330
46745,12,13,48598,0
46745,12,13,48228,420
46745,12,13,47858,980
46745,12,13,47488,1470
33015,12,13,35981,0
33015,12,13,35611,210
33015,12,13,35241,420
33015,12,13,34871,700
33015,12,13,34501,980
33015,12,13,34131,1190
33015,12,13,33761,1470
35988,12,13,37469,0
35988,12,13,37099,350
35988,12,13,36729,560
35988,12,13,36359,770
35988,12,13,35989,1050
35988,12,13,1,1260
44143,12,13,46741,0
44143,12,13,46371,420
44143,12,13,46001,700
44143,12,13,45631,910
44143,12,13,45261,1190
44143,12,13,44891,1400
29307,12,13,31901,0
29307,12,13,31531,280
29307,12,13,31161,560
29307,12,13,30791,840
29307,12,13,30421,1050
29307,12,13,30051,1330
41179,12,13,44143,0
41179,12,13,43773,280
41179,12,13,43403,560
41179,12,13,43033,840
41179,12,13,42663,1050
41179,12,13,42293,1330
26343,12,13,28563,0
26343,12,13,28193,420
26343,12,13,27823,700
26343,12,13,27453,910
26343,12,13,27083,1190
26343,12,13,26713,1400
33386,12,13,36352,0
33386,12,13,35982,210
33386,12,13,35612,420
33386,12,13,35242,700
33386,12,13,34872,980
33386,12,13,34502,1190
33386,12,13,34132,1470
30422,12,13,32274,0
30422,12,13,31904,280
30422,12,13,31534,490
30422,12,13,31164,770
30422,12,13,30794,980
30422,12,13,30424,1260
37465,12,13,40063,0
37465,12,13,39693,210
37465,12,13,39323,490
37465,12,13,38953,700
37465,12,13,38583,980
37465,12,13,38213,1260
37465,12,13,37843,1470
41550,12,13,44514,0
41550,12,13,44144,280
41550,12,13,43774,560
41550,12,13,43404,840
41550,12,13,43034,1050
41550,12,13,42664,1330
27820,12,13,30047,0
27820,12,13,29677,210
27820,12,13,29307,490
27820,12,13,28937,700
27820,12,13,28567,980
27820,12,13,28197,1260
27820,12,13,27827,1470
38586,12,13,40806,0
38586,12,13,40436,490
38586,12,13,40066,700
38586,12,13,39696,980
38586,12,13,39326,1190
38586,12,13,38956,1470
45629,12,13,48225,0
45629,12,13,47855,210
45629,12,13,47485,700
45629,12,13,47115,1190
45629,12,13,46745,1470
42665,12,13,44517,0
42665,12,13,44147,350
42665,12,13,43777,630
42665,12,13,43407,840
42665,12,13,43037,1120
42665,12,13,42667,1330
34497,12,13,36725,0
34497,12,13,36355,420
34497,12,13,35985,700
34497,12,13,35615,910
34497,12,13,35245,1190
34497,12,13,34875,1400
31533,12,13,34497,0
31533,12,13,34127,280
31533,12,13,33757,490
31533,12,13,33387,700
31533,12,13,33017,980
31533,12,13,32647,1260
31533,12,13,32277,1470
38957,12,13,41177,0
38957,12,13,40807,490
38957,12,13,40437,770
38957,12,13,40067,980
38957,12,13,39697,1260
40063,12,13,42660,0
40063,12,13,42290,210
40063,12,13,41920,490
40063,12,13,41550,700
40063,12,13,41180,980
40063,12,13,40810,1260
40063,12,13,40440,1470
46740,12,13,48228,0
46740,12,13,47858,700
46740,12,13,47488,1190
25967,12,13,28562,0
25967,12,13,28192,280
25967,12,13,27822,560
25967,12,13,27452,840
25967,12,13,27082,1050
25967,12,13,26712,1330
31904,12,13,34868,0
31904,12,13,34498,210
31904,12,13,34128,490
31904,12,13,33758,700
31904,12,13,33388,980
31904,12,13,33018,1260
31904,12,13,32648,1470
28940,12,13,31160,0
28940,12,13,30790,420
28940,12,13,30420,630
28940,12,13,30050,910
28940,12,13,29680,1120
28940,12,13,29310,1400
43776,12,13,47110,0
43776,12,13,46740,280
43776,12,13,46370,490
43776,12,13,46000,770
43776,12,13,45630,980
43776,12,13,45260,1260
35983,12,13,38949,0
35983,12,13,38579,210
35983,12,13,38209,490
35983,12,13,37839,770
35983,12,13,37469,1050
35983,12,13,37099,1260
33019,12,13,34871,0
33019,12,13,34501,280
33019,12,13,34131,560
33019,12,13,33761,770
33019,12,13,33391,1050
33019,12,13,33021,1260
37095,12,13,39692,0
37095,12,13,39322,210
37095,12,13,38952,490
37095,12,13,38582,700
37095,12,13,38212,980
37095,12,13,37842,1260
37095,12,13,37472,1470
26338,12,13,28933,0
26338,12,13,28563,280
26338,12,13,28193,560
26338,12,13,27823,840
26338,12,13,27453,1050
26338,12,13,27083,1330
44147,12,13,47481,0
44147,12,13,47111,280
44147,12,13,46741,490
44147,12,13,46371,770
44147,12,13,46001,980
44147,12,13,45631,1260
29311,12,13,31531,0
29311,12,13,31161,420
29311,12,13,30791,630
29311,12,13,30421,910
29311,12,13,30051,1120
29311,12,13,29681,1400
23374,12,13,24855,0
23374,12,13,24485,350
23374,12,13,24115,560
23374,12,13,23745,770
23374,12,13,23375,1050
23374,12,13,1,1260
41183,12,13,43403,0
41183,12,13,43033,490
41183,12,13,42663,770
41183,12,13,42293,980
41183,12,13,41923,1260
30417,12,13,32644,0
30417,12,13,32274,210
30417,12,13,31904,560
30417,12,13,31534,840
30417,12,13,31164,1050
30417,12,13,30794,1330
38581,12,13,41546,0
38581,12,13,41176,280
38581,12,13,40806,490
38581,12,13,40436,770
38581,12,13,40066,980
38581,12,13,39696,1260
38581,12,13,39326,1470
41554,12,13,43774,0
41554,12,13,43404,490
41554,12,13,43034,770
41554,12,13,42664,1050
41554,12,13,42294,1260
42660,12,13,45257,0
42660,12,13,44887,210
42660,12,13,44517,490
42660,12,13,44147,770
42660,12,13,43777,980
42660,12,13,43407,1260
42660,12,13,43037,1470
27449,12,13,29676,0
27449,12,13,29306,210
27449,12,13,28936,560
27449,12,13,28566,840
27449,12,13,28196,1050
27449,12,13,27826,1330
34501,12,13,37465,0
34501,12,13,37095,280
34501,12,13,36725,490
34501,12,13,36355,770
34501,12,13,35985,980
34501,12,13,35615,1260
34501,12,13,35245,1470
31537,12,13,33757,0
31537,12,13,33387,490
31537,12,13,33017,700
31537,12,13,32647,980
31537,12,13,32277,1260
31537,12,13,31907,1470
24856,12,13,27449,0
24856,12,13,27079,350
24856,12,13,26709,630
24856,12,13,26339,910
24856,12,13,25969,1120
24856,12,13,25599,1400
28935,12,13,31530,0
28935,12,13,31160,280
28935,12,13,30790,490
28935,12,13,30420,770
28935,12,13,30050,980
28935,12,13,29680,1260
28935,12,13,29310,1470
46744,12,13,48598,0
46744,12,13,48228,490
46744,12,13,47858,980
25971,12,13,27452,0
25971,12,13,27082,350
25971,12,13,26712,490
25971,12,13,26342,770
25971,12,13,25972,980
25971,12,13,1,1260
31908,12,13,34128,0
31908,12,13,33758,420
31908,12,13,33388,700
31908,12,13,33018,910
31908,12,13,32648,1190
31908,12,13,32278,1400
33014,12,13,35241,0
33014,12,13,34871,420
33014,12,13,34501,700
33014,12,13,34131,910
33014,12,13,33761,1190
33014,12,13,33391,1400
37099,12,13,40062,0
37099,12,13,39692,280
37099,12,13,39322,490
37099,12,13,38952,770
37099,12,13,38582,980
37099,12,13,38212,1260
37099,12,13,37842,1470
26342,12,13,27823,0
26342,12,13,27453,350
26342,12,13,27083,490
26342,12,13,26713,770
26342,12,13,26343,980
26342,12,13,1,1260
41178,12,13,44143,0
41178,12,13,43773,280
41178,12,13,43403,490
41178,12,13,43033,770
41178,12,13,42663,980
41178,12,13,42293,1260
41178,12,13,41923,1470
38585,12,13,40066,0
38585,12,13,39696,350
38585,12,13,39326,560
38585,12,13,38956,770
38585,12,13,38586,1050
38585,12,13,1,1260
27453,12,13,30046,0
27453,12,13,29676,350
27453,12,13,29306,560
27453,12,13,28936,770
27453,12,13,28566,1050
27453,12,13,28196,1330
45262,12,13,47484,0
45262,12,13,47114,280
45262,12,13,46744,560
45262,12,13,46374,840
45262,12,13,46004,1050
45262,12,13,45634,1330
31532,12,13,34497,0
31532,12,13,34127,210
31532,12,13,33757,420
31532,12,13,33387,700
31532,12,13,33017,910
31532,12,13,32647,1190
31532,12,13,32277,1400
34505,12,13,36725,0
34505,12,13,36355,490
34505,12,13,35985,700
34505,12,13,35615,980
34505,12,13,35245,1260
34505,12,13,34875,1470
35617,13,14,37098,0
35617,13,14,36728,350
35617,13,14,36358,560
35617,13,14,35988,770
35617,13,14,35618,1050
35617,13,14,1,1260
39696,13,14,42659,0
39696,13,14,42289,280
39696,13,14,41919,490
39696,13,14,41549,770
39696,13,14,41179,980
39696,13,14,40809,1260
39696,13,14,40439,1470
46739,13,14,48228,0
46739,13,14,47858,630
46739,13,14,47488,1120
25966,13,14,28562,0
25966,13,14,28192,280
25966,13,14,27822,560
25966,13,14,27452,840
25966,13,14,27082,1050
25966,13,14,26712,1330
28939,13,14,30050,0
28939,13,14,29680,420
28939,13,14,29310,700
28939,13,14,28940,910
28939,13,14,1,1190
43775,13,14,47110,0
43775,13,14,46740,210
43775,13,14,46370,490
43775,13,14,46000,700
43775,13,14,45630,980
43775,13,14,45260,1190
43775,13,14,44890,1470
48226,13,14,49342,0
48226,13,14,48972,700
48226,13,14,48602,1190
37094,13,14,39692,0
37094,13,14,39322,210
37094,13,14,38952,490
37094,13,14,38582,700
37094,13,14,38212,980
37094,13,14,37842,1260
37094,13,14,37472,1470
47860,13,14,48971,0
47860,13,14,48601,280
47860,13,14,48231,840
47860,13,14,47861,1330
34130,13,14,37094,0
34130,13,14,36724,280
34130,13,14,36354,490
34130,13,14,35984,770
34130,13,14,35614,980
34130,13,14,35244,1260
44146,13,14,47481,0
44146,13,14,47111,210
44146,13,14,46741,490
44146,13,14,46371,700
44146,13,14,46001,980
44146,13,14,45631,1190
44146,13,14,45261,1470
41182,13,14,42663,0
41182,13,14,42293,350
41182,13,14,41923,560
41182,13,14,41553,770
41182,13,14,41183,1050
41182,13,14,1,1260
30050,13,14,32643,0
30050,13,14,32273,420
30050,13,14,31903,630
30050,13,14,31533,910
30050,13,14,31163,1120
30050,13,14,30793,1400
46373,13,14,48597,0
46373,13,14,48227,280
46373,13,14,47857,770
46373,13,14,47487,1260
38580,13,14,41546,0
38580,13,14,41176,210
38580,13,14,40806,490
38580,13,14,40436,770
38580,13,14,40066,1050
38580,13,14,39696,1260
38214,13,14,39695,0
38214,13,14,39325,350
38214,13,14,38955,560
38214,13,14,38585,770
38214,13,14,38215,1050
38214,13,14,1,1260
45257,13,14,47854,0
45257,13,14,47484,210
45257,13,14,47114,700
45257,13,14,46744,980
45257,13,14,46374,1190
45257,13,14,46004,1470
24484,13,14,27448,0
24484,13,14,27078,280
24484,13,14,26708,420
24484,13,14,26338,700
24484,13,14,25968,910
24484,13,14,25598,1190
24484,13,14,25228,1400
42293,13,14,45256,0
42293,13,14,44886,350
42293,13,14,44516,490
42293,13,14,44146,770
42293,13,14,43776,980
42293,13,14,43406,1260
34500,13,14,37465,0
34500,13,14,37095,210
34500,13,14,36725,420
34500,13,14,36355,700
34500,13,14,35985,980
34500,13,14,35615,1190
34500,13,14,35245,1470
31536,13,14,33017,0
31536,13,14,32647,280
31536,13,14,32277,490
31536,13,14,31907,700
31536,13,14,31537,980
31536,13,14,1,1190
35612,13,14,38578,0
35612,13,14,38208,210
35612,13,14,37838,490
35612,13,14,37468,770
35612,13,14,37098,980
35612,13,14,36728,1260
35612,13,14,36358,1470
32648,13,14,34500,0
32648,13,14,34130,280
32648,13,14,33760,560
32648,13,14,33390,770
32648,13,14,33020,1050
32648,13,14,32650,1330
39691,13,14,42289,0
39691,13,14,41919,210
39691,13,14,41549,490
39691,13,14,41179,700
39691,13,14,40809,980
39691,13,14,40439,1260
39691,13,14,40069,1470
24855,13,14,27819,0
24855,13,14,27449,280
24855,13,14,27079,420
24855,13,14,26709,700
24855,13,14,26339,910
24855,13,14,25969,1190
24855,13,14,25599,1400
36727,13,14,39691,0
36727,13,14,39321,280
36727,13,14,38951,560
36727,13,14,38581,840
36727,13,14,38211,1050
36727,13,14,37841,1330
28934,13,14,31530,0
28934,13,14,31160,210
28934,13,14,30790,490
28934,13,14,30420,770
28934,13,14,30050,980
28934,13,14,29680,1260
46743,13,14,48598,0
46743,13,14,48228,490
46743,13,14,47858,980
46743,13,14,47488,1470
25970,13,14,27822,0
25970,13,14,27452,350
25970,13,14,27082,560
25970,13,14,26712,770
25970,13,14,26342,1050
25970,13,14,25972,1260
43779,13,14,45630,0
43779,13,14,45260,280
43779,13,14,44890,490
43779,13,14,44520,770
43779,13,14,44150,980
43779,13,14,43780,1260
28568,13,14,29679,0
28568,13,14,29309,420
28568,13,14,28939,700
28568,13,14,28569,910
28568,13,14,1,1190
47855,13,14,49341,0
47855,13,14,48971,210
47855,13,14,48601,700
47855,13,14,48231,1190
44891,13,14,47113,0
44891,13,14,46743,280
44891,13,14,46373,560
44891,13,14,46003,840
44891,13,14,45633,1050
44891,13,14,45263,1330
37098,13,14,40062,0
37098,13,14,39692,280
37098,13,14,39322,560
37098,13,14,38952,840
37098,13,14,38582,1050
37098,13,14,38212,1330
48970,13,14,50084,0
48970,13,14,49714,700
48970,13,14,49344,1190
34134,13,14,36354,0
34134,13,14,35984,490
34134,13,14,35614,770
34134,13,14,35244,980
34134,13,14,34874,1260
34134,13,14,34504,1470
41177,13,14,44143,0
41177,13,14,43773,210
41177,13,14,43403,490
41177,13,14,43033,770
41177,13,14,42663,1050
41177,13,14,42293,1260
40811,13,14,42292,0
40811,13,14,41922,350
40811,13,14,41552,560
40811,13,14,41182,770
40811,13,14,40812,1050
40811,13,14,1,1260
27081,13,14,29675,0
27081,13,14,29305,350
27081,13,14,28935,630
27081,13,14,28565,840
27081,13,14,28195,1120
27081,13,14,27825,1400
49341,13,14,50455,0
49341,13,14,50085,700
49341,13,14,49715,1190
38209,13,14,41175,0
38209,13,14,40805,210
38209,13,14,40435,490
38209,13,14,40065,770
38209,13,14,39695,1050
38209,13,14,39325,1260
35245,13,14,37097,0
35245,13,14,36727,350
35245,13,14,36357,560
35245,13,14,35987,840
35245,13,14,35617,1120
35245,13,14,35247,1330
27452,13,14,30046,0
27452,13,14,29676,350
27452,13,14,29306,630
27452,13,14,28936,840
27452,13,14,28566,1120
27452,13,14,28196,1400
42288,13,14,44886,0
42288,13,14,44516,210
42288,13,14,44146,490
42288,13,14,43776,770
42288,13,14,43406,980
42288,13,14,43036,1260
42288,13,14,42666,1470
45261,13,14,47854,0
45261,13,14,47484,420
45261,13,14,47114,980
45261,13,14,46744,1190
45261,13,14,46374,1470
39324,13,14,42288,0
39324,13,14,41918,280
39324,13,14,41548,560
39324,13,14,41178,840
39324,13,14,40808,1050
39324,13,14,40438,1330
24488,13,14,26708,0
24488,13,14,26338,490
24488,13,14,25968,770
24488,13,14,25598,980
24488,13,14,25228,1260
24488,13,14,24858,1470
31531,13,14,34497,0
31531,13,14,34127,210
31531,13,14,33757,420
31531,13,14,33387,700
31531,13,14,33017,910
31531,13,14,32647,1190
31531,13,14,32277,1470
32643,13,14,35240,0
32643,13,14,34870,140
32643,13,14,34500,420
32643,13,14,34130,700
32643,13,14,33760,910
32643,13,14,33390,1190
32643,13,14,33020,1400
35616,13,14,37468,0
35616,13,14,37098,350
35616,13,14,36728,560
35616,13,14,36358,840
35616,13,14,35988,1120
35616,13,14,35618,1330
39695,13,14,42659,0
39695,13,14,42289,280
39695,13,14,41919,560
39695,13,14,41549,840
39695,13,14,41179,1050
39695,13,14,40809,1330
36731,13,14,38951,0
36731,13,14,38581,490
36731,13,14,38211,770
36731,13,14,37841,980
36731,13,14,37471,1260
43774,13,14,47110,0
43774,13,14,46740,210
43774,13,14,46370,490
43774,13,14,46000,700
43774,13,14,45630,980
43774,13,14,45260,1190
43774,13,14,44890,1470
28563,13,14,31159,0
28563,13,14,30789,280
28563,13,14,30419,490
28563,13,14,30049,770
28563,13,14,29679,980
28563,13,14,29309,1260
25599,13,14,27451,0
25599,13,14,27081,350
25599,13,14,26711,490
25599,13,14,26341,770
25599,13,14,25971,1050
25599,13,14,25601,1260
44886,13,14,47483,0
44886,13,14,47113,420
44886,13,14,46743,700
44886,13,14,46373,980
44886,13,14,46003,1190
44886,13,14,45633,1470
29678,13,14,32642,0
29678,13,14,32272,210
29678,13,14,31902,490
29678,13,14,31532,700
29678,13,14,31162,980
29678,13,14,30792,1190
29678,13,14,30422,1470
47859,13,14,49341,0
47859,13,14,48971,420
47859,13,14,48601,980
47859,13,14,48231,1470
34129,13,14,37094,0
34129,13,14,36724,210
34129,13,14,36354,420
34129,13,14,35984,700
34129,13,14,35614,980
34129,13,14,35244,1190
34129,13,14,34874,1470
40806,13,14,43772,0
40806,13,14,43402,210
40806,13,14,43032,490
40806,13,14,42662,770
40806,13,14,42292,1050
40806,13,14,41922,1260
30049,13,14,33013,0
30049,13,14,32643,210
30049,13,14,32273,490
30049,13,14,31903,700
30049,13,14,31533,980
30049,13,14,31163,1190
30049,13,14,30793,1470
27085,13,14,29305,0
27085,13,14,28935,420
27085,13,14,28565,630
27085,13,14,28195,910
27085,13,14,27825,1120
27085,13,14,27455,1400
46372,13,14,48597,0
46372,13,14,48227,210
46372,13,14,47857,700
46372,13,14,47487,1190
35240,13,14,37837,0
35240,13,14,37467,210
35240,13,14,37097,490
35240,13,14,36727,700
35240,13,14,36357,980
35240,13,14,35987,1190
35240,13,14,35617,1470
38213,13,14,40065,0
38213,13,14,39695,350
38213,13,14,39325,630
38213,13,14,38955,840
38213,13,14,38585,1120
38213,13,14,38215,1330
45256,13,14,47484,0
45256,13,14,47114,700
45256,13,14,46744,910
45256,13,14,46374,1190
45256,13,14,46004,1470
42292,13,14,45256,0
42292,13,14,44886,280
42292,13,14,44516,560
42292,13,14,44146,840
42292,13,14,43776,1050
42292,13,14,43406,1330
39328,13,14,41548,0
39328,13,14,41178,490
39328,13,14,40808,770
39328,13,14,40438,980
39328,13,14,40068,1260
35611,13,14,38208,0
35611,13,14,37838,210
35611,13,14,37468,490
35611,13,14,37098,700
35611,13,14,36728,980
35611,13,14,36358,1190
35611,13,14,35988,1470
32647,13,14,35610,0
32647,13,14,35240,280
32647,13,14,34870,420
32647,13,14,34500,700
32647,13,14,34130,910
32647,13,14,33760,1190
32647,13,14,33390,1470
47483,13,14,48970,0
47483,13,14,48600,210
47483,13,14,48230,700
47483,13,14,47860,1190
36726,13,14,39691,0
36726,13,14,39321,280
36726,13,14,38951,490
36726,13,14,38581,770
36726,13,14,38211,980
36726,13,14,37841,1260
28567,13,14,30419,0
28567,13,14,30049,280
28567,13,14,29679,420
28567,13,14,29309,700
28567,13,14,28939,910
28567,13,14,28569,1190
28567,13,14,1,1470
47854,13,14,48971,0
47854,13,14,48601,700
47854,13,14,48231,1190
41917,13,14,44515,0
41917,13,14,44145,210
41917,13,14,43775,490
41917,13,14,43405,770
41917,13,14,43035,980
41917,13,14,42665,1260
41917,13,14,42295,1470
44890,13,14,47853,0
44890,13,14,47483,280
44890,13,14,47113,700
44890,13,14,46743,980
44890,13,14,46373,1190
44890,13,14,46003,1470
29682,13,14,31902,0
29682,13,14,31532,420
29682,13,14,31162,700
29682,13,14,30792,910
29682,13,14,30422,1190
29682,13,14,30052,1470
48969,13,14,50084,0
48969,13,14,49714,630
48969,13,14,49344,1120
37837,13,14,40434,0
37837,13,14,40064,210
37837,13,14,39694,490
37837,13,14,39324,770
37837,13,14,38954,980
37837,13,14,38584,1260
37837,13,14,38214,1470
40810,13,14,42662,0
40810,13,14,42292,350
40810,13,14,41922,630
40810,13,14,41552,840
40810,13,14,41182,1120
40810,13,14,40812,1330
27080,13,14,29675,0
27080,13,14,29305,280
27080,13,14,28935,560
27080,13,14,28565,770
27080,13,14,28195,1050
27080,13,14,27825,1260
46376,13,14,47857,0
46376,13,14,47487,280
46376,13,14,47117,770
46376,13,14,46747,980
46376,13,14,46377,1260
31165,13,14,32646,0
31165,13,14,32276,350
31165,13,14,31906,490
31165,13,14,31536,770
31165,13,14,31166,980
31165,13,14,1,1260
38208,13,14,40805,0
38208,13,14,40435,210
38208,13,14,40065,490
38208,13,14,39695,770
38208,13,14,39325,980
38208,13,14,38955,1260
38208,13,14,38585,1470
35244,13,14,38207,0
35244,13,14,37837,280
35244,13,14,37467,490
35244,13,14,37097,700
35244,13,14,36727,980
35244,13,14,36357,1260
35244,13,14,35987,1470
39323,13,14,42288,0
39323,13,14,41918,280
39323,13,14,41548,490
39323,13,14,41178,770
39323,13,14,40808,980
39323,13,14,40438,1260
42296,13,14,44516,0
42296,13,14,44146,560
42296,13,14,43776,770
42296,13,14,43406,1050
42296,13,14,43036,1260
28191,13,14,30418,0
28191,13,14,30048,210
28191,13,14,29678,490
28191,13,14,29308,700
28191,13,14,28938,980
28191,13,14,28568,1260
28191,13,14,28198,1470
32642,13,14,34870,0
32642,13,14,34500,420
32642,13,14,34130,700
32642,13,14,33760,910
32642,13,14,33390,1190
32642,13,14,33020,1400
43408,13,14,45259,0
43408,13,14,44889,280
43408,13,14,44519,490
43408,13,14,44149,770
43408,13,14,43779,980
43408,13,14,43409,1260
35615,13,14,38578,0
35615,13,14,38208,280
35615,13,14,37838,490
35615,13,14,37468,700
35615,13,14,37098,980
35615,13,14,36728,1260
35615,13,14,36358,1470
44514,13,14,47112,0
44514,13,14,46742,420
44514,13,14,46372,700
44514,13,14,46002,910
44514,13,14,45632,1190
44514,13,14,45262,1470
47487,13,14,48970,0
47487,13,14,48600,420
47487,13,14,48230,980
47487,13,14,47860,1470
36730,13,14,38211,0
36730,13,14,37841,350
36730,13,14,37471,560
36730,13,14,37101,770
36730,13,14,36731,1050
36730,13,14,1,1260
28562,13,14,30789,0
28562,13,14,30419,210
28562,13,14,30049,420
28562,13,14,29679,700
28562,13,14,29309,980
28562,13,14,28939,1190
28562,13,14,28569,1470
25598,13,14,28191,0
25598,13,14,27821,350
25598,13,14,27451,630
25598,13,14,27081,840
25598,13,14,26711,1120
25598,13,14,26341,1330
44885,13,14,47483,0
44885,13,14,47113,420
44885,13,14,46743,700
44885,13,14,46373,910
44885,13,14,46003,1190
44885,13,14,45633,1470
29677,13,14,32272,0
29677,13,14,31902,420
29677,13,14,31532,630
29677,13,14,31162,910
29677,13,14,30792,1120
29677,13,14,30422,1400
47858,13,14,49341,0
47858,13,14,48971,490
47858,13,14,48601,1050
41921,13,14,44885,0
41921,13,14,44515,280
41921,13,14,44145,560
41921,13,14,43775,840
41921,13,14,43405,1050
41921,13,14,43035,1330
33762,13,14,35243,0
33762,13,14,34873,280
33762,13,14,34503,490
33762,13,14,34133,700
33762,13,14,33763,980
33762,13,14,1,1260
40805,13,14,43402,0
40805,13,14,43032,210
40805,13,14,42662,490
40805,13,14,42292,770
40805,13,14,41922,980
40805,13,14,41552,1260
40805,13,14,41182,1470
34868,13,14,37466,0
34868,13,14,37096,140
34868,13,14,36726,420
34868,13,14,36356,700
34868,13,14,35986,910
34868,13,14,35616,1190
34868,13,14,35246,1400
37841,13,14,40804,0
37841,13,14,40434,280
37841,13,14,40064,490
37841,13,14,39694,770
37841,13,14,39324,980
37841,13,14,38954,1260
37841,13,14,38584,1470
27084,13,14,28565,0
27084,13,14,28195,280
27084,13,14,27825,490
27084,13,14,27455,700
27084,13,14,27085,980
27084,13,14,1,1190
31160,13,14,34126,0
31160,13,14,33756,210
31160,13,14,33386,490
31160,13,14,33016,700
31160,13,14,32646,980
31160,13,14,32276,1190
31160,13,14,31906,1470
35239,13,14,37837,0
35239,13,14,37467,210
35239,13,14,37097,490
35239,13,14,36727,700
35239,13,14,36357,980
35239,13,14,35987,1190
35239,13,14,35617,1470
46005,13,14,47486,0
46005,13,14,47116,490
46005,13,14,46746,770
46005,13,14,46376,980
46005,13,14,46006,1260
38212,13,14,41175,0
38212,13,14,40805,280
38212,13,14,40435,490
38212,13,14,40065,770
38212,13,14,39695,980
38212,13,14,39325,1260
38212,13,14,38955,1470
32275,13,14,35239,0
32275,13,14,34869,280
32275,13,14,34499,490
32275,13,14,34129,770
32275,13,14,33759,980
32275,13,14,33389,1260
39327,13,14,40808,0
39327,13,14,40438,350
39327,13,14,40068,560
39327,13,14,39698,770
39327,13,14,39328,1050
39327,13,14,1,1260
24116,13,14,25597,0
24116,13,14,25227,350
24116,13,14,24857,560
24116,13,14,24487,770
24116,13,14,24117,1050
24116,13,14,1,1260
43403,13,14,46739,0
43403,13,14,46369,210
43403,13,14,45999,490
43403,13,14,45629,700
43403,13,14,45259,980
43403,13,14,44889,1190
43403,13,14,44519,1470
28195,13,14,30788,0
28195,13,14,30418,350
28195,13,14,30048,560
28195,13,14,29678,770
28195,13,14,29308,1050
28195,13,14,28938,1260
40439,13,14,42291,0
40439,13,14,41921,350
40439,13,14,41551,630
40439,13,14,41181,840
40439,13,14,40811,1120
40439,13,14,40441,1330
32646,13,14,35610,0
32646,13,14,35240,280
32646,13,14,34870,490
32646,13,14,34500,770
32646,13,14,34130,980
32646,13,14,33760,1260
47482,13,14,48600,0
47482,13,14,48230,700
47482,13,14,47860,1190
44518,13,14,47482,0
44518,13,14,47112,490
44518,13,14,46742,770
44518,13,14,46372,1050
44518,13,14,46002,1260
36359,13,14,37840,0
36359,13,14,37470,350
36359,13,14,37100,560
36359,13,14,36730,770
36359,13,14,36360,1050
36359,13,14,1,1260
28566,13,14,31159,0
28566,13,14,30789,350
28566,13,14,30419,490
28566,13,14,30049,770
28566,13,14,29679,1050
28566,13,14,29309,1260
44889,13,14,47853,0
44889,13,14,47483,280
44889,13,14,47113,770
44889,13,14,46743,1050
44889,13,14,46373,1260
29681,13,14,31162,0
29681,13,14,30792,280
29681,13,14,30422,420
29681,13,14,30052,700
29681,13,14,29682,910
29681,13,14,1,1190
41925,13,14,44145,0
41925,13,14,43775,560
41925,13,14,43405,770
41925,13,14,43035,1050
41925,13,14,42665,1260
33757,13,14,36723,0
33757,13,14,36353,210
33757,13,14,35983,490
33757,13,14,35613,700
33757,13,14,35243,980
33757,13,14,34873,1190
33757,13,14,34503,1470
30793,13,14,32645,0
30793,13,14,32275,280
30793,13,14,31905,560
30793,13,14,31535,840
30793,13,14,31165,1050
30793,13,14,30795,1330
37836,13,14,40434,0
37836,13,14,40064,210
37836,13,14,39694,490
37836,13,14,39324,700
37836,13,14,38954,980
37836,13,14,38584,1260
37836,13,14,38214,1470
48602,13,14,49713,0
48602,13,14,49343,280
48602,13,14,48973,840
48602,13,14,48603,1330
40809,13,14,43772,0
40809,13,14,43402,280
40809,13,14,43032,490
40809,13,14,42662,770
40809,13,14,42292,980
40809,13,14,41922,1260
40809,13,14,41552,1470
34872,13,14,37836,0
34872,13,14,37466,280
34872,13,14,37096,490
34872,13,14,36726,770
34872,13,14,36356,980
34872,13,14,35986,1260
26713,13,14,28194,0
26713,13,14,27824,280
26713,13,14,27454,490
26713,13,14,27084,770
26713,13,14,26714,980
26713,13,14,1,1260
46000,13,14,48226,0
46000,13,14,47856,490
46000,13,14,47486,980
46000,13,14,47116,1470
31164,13,14,33016,0
31164,13,14,32646,280
31164,13,14,32276,560
31164,13,14,31906,840
31164,13,14,31536,1050
31164,13,14,31166,1330
43036,13,14,44888,0
43036,13,14,44518,350
43036,13,14,44148,630
43036,13,14,43778,840
43036,13,14,43408,1120
43036,13,14,43038,1400
35243,13,14,38207,0
35243,13,14,37837,280
35243,13,14,37467,560
35243,13,14,37097,770
35243,13,14,36727,1050
35243,13,14,36357,1330
47115,13,14,48969,0
47115,13,14,48599,280
47115,13,14,48229,770
47115,13,14,47859,1260
32279,13,14,34499,0
32279,13,14,34129,420
32279,13,14,33759,700
32279,13,14,33389,910
32279,13,14,33019,1190
32279,13,14,32649,1470
40434,13,14,43031,0
40434,13,14,42661,210
40434,13,14,42291,490
40434,13,14,41921,770
40434,13,14,41551,980
40434,13,14,41181,1260
40434,13,14,40811,1470
25226,13,14,27820,0
25226,13,14,27450,420
25226,13,14,27080,630
25226,13,14,26710,910
25226,13,14,26340,1120
25226,13,14,25970,1400
43407,13,14,45629,0
43407,13,14,45259,280
43407,13,14,44889,560
43407,13,14,44519,840
43407,13,14,44149,1050
43407,13,14,43779,1330
47486,13,14,48970,0
47486,13,14,48600,490
47486,13,14,48230,1050
44522,13,14,47112,0
44522,13,14,46742,420
44522,13,14,46372,700
44522,13,14,46002,910
44522,13,14,45632,1190
44522,13,14,45262,1400
36354,13,14,39320,0
36354,13,14,38950,210
36354,13,14,38580,490
36354,13,14,38210,770
36354,13,14,37840,1050
36354,13,14,37470,1260
33390,13,14,35242,0
33390,13,14,34872,280
33390,13,14,34502,560
33390,13,14,34132,770
33390,13,14,33762,1050
33390,13,14,33392,1330
25597,13,14,28191,0
25597,13,14,27821,350
25597,13,14,27451,630
25597,13,14,27081,910
25597,13,14,26711,1120
25597,13,14,26341,1400
37469,13,14,40433,0
37469,13,14,40063,280
37469,13,14,39693,560
37469,13,14,39323,840
37469,13,14,38953,1050
37469,13,14,38583,1330
41920,13,14,44885,0
41920,13,14,44515,280
41920,13,14,44145,490
41920,13,14,43775,770
41920,13,14,43405,1050
41920,13,14,43035,1260
30788,13,14,33015,0
30788,13,14,32645,420
30788,13,14,32275,630
30788,13,14,31905,910
30788,13,14,31535,1120
30788,13,14,31165,1400
48597,13,14,49713,0
48597,13,14,49343,630
48597,13,14,48973,1120
27824,13,14,30417,0
27824,13,14,30047,350
27824,13,14,29677,560
27824,13,14,29307,770
27824,13,14,28937,1050
27824,13,14,28567,1260
40804,13,14,43402,0
40804,13,14,43032,210
40804,13,14,42662,490
40804,13,14,42292,700
40804,13,14,41922,980
40804,13,14,41552,1260
40804,13,14,41182,1470
45633,13,14,47485,0
45633,13,14,47115,560
45633,13,14,46745,840
45633,13,14,46375,1050
45633,13,14,46005,1330
33761,13,14,35613,0
33761,13,14,35243,280
33761,13,14,34873,560
33761,13,14,34503,770
33761,13,14,34133,1050
33761,13,14,33763,1330
37840,13,14,40804,0
37840,13,14,40434,280
37840,13,14,40064,560
37840,13,14,39694,840
37840,13,14,39324,1050
37840,13,14,38954,1330
34876,13,14,37096,0
34876,13,14,36726,490
34876,13,14,36356,770
34876,13,14,35986,980
34876,13,14,35616,1260
34876,13,14,35246,1470
26708,13,14,29304,0
26708,13,14,28934,280
26708,13,14,28564,560
26708,13,14,28194,840
26708,13,14,27824,1050
26708,13,14,27454,1330
38952,13,14,41917,0
38952,13,14,41547,280
38952,13,14,41177,490
38952,13,14,40807,770
38952,13,14,40437,980
38952,13,14,40067,1260
23744,13,14,25596,0
23744,13,14,25226,350
23744,13,14,24856,560
23744,13,14,24486,840
23744,13,14,24116,1050
23744,13,14,23746,1330
31159,13,14,33756,0
31159,13,14,33386,140
31159,13,14,33016,420
31159,13,14,32646,700
31159,13,14,32276,910
31159,13,14,31906,1190
31159,13,14,31536,1470
43031,13,14,45628,0
43031,13,14,45258,210
43031,13,14,44888,490
43031,13,14,44518,770
43031,13,14,44148,980
43031,13,14,43778,1260
46004,13,14,47856,0
46004,13,14,47486,280
46004,13,14,47116,840
46004,13,14,46746,1050
46004,13,14,46376,1330
40067,13,14,43030,0
40067,13,14,42660,280
40067,13,14,42290,490
40067,13,14,41920,770
40067,13,14,41550,980
40067,13,14,41180,1260
40067,13,14,40810,1470
47110,13,14,48599,0
47110,13,14,48229,420
47110,13,14,47859,910
47110,13,14,47489,1400
32274,13,14,35239,0
32274,13,14,34869,210
32274,13,14,34499,420
32274,13,14,34129,700
32274,13,14,33759,980
32274,13,14,33389,1190
32274,13,14,33019,1470
24115,13,14,25967,0
24115,13,14,25597,350
24115,13,14,25227,560
24115,13,14,24857,840
24115,13,14,24487,1050
24115,13,14,24117,1330
35987,13,14,37839,0
35987,13,14,37469,350
35987,13,14,37099,630
35987,13,14,36729,840
35987,13,14,36359,1120
35987,13,14,35989,1330
43402,13,14,46369,0
43402,13,14,45999,210
43402,13,14,45629,420
43402,13,14,45259,700
43402,13,14,44889,980
43402,13,14,44519,1190
43402,13,14,44149,1470
28194,13,14,30788,0
28194,13,14,30418,350
28194,13,14,30048,560
28194,13,14,29678,840
28194,13,14,29308,1120
28194,13,14,28938,1330
40438,13,14,43401,0
40438,13,14,43031,280
40438,13,14,42661,490
40438,13,14,42291,770
40438,13,14,41921,980
40438,13,14,41551,1260
40438,13,14,41181,1470
25230,13,14,27450,0
25230,13,14,27080,420
25230,13,14,26710,630
25230,13,14,26340,910
25230,13,14,25970,1190
25230,13,14,25600,1400
47481,13,14,48600,0
47481,13,14,48230,630
47481,13,14,47860,1120
44517,13,14,47482,0
44517,13,14,47112,490
44517,13,14,46742,700
44517,13,14,46372,980
44517,13,14,46002,1190
44517,13,14,45632,1470
29306,13,14,31901,0
29306,13,14,31531,280
29306,13,14,31161,490
29306,13,14,30791,770
29306,13,14,30421,980
29306,13,14,30051,1260
29306,13,14,29681,1470
33385,13,14,35982,0
33385,13,14,35612,140
33385,13,14,35242,420
33385,13,14,34872,700
33385,13,14,34502,910
33385,13,14,34132,1190
33385,13,14,33762,1400
36358,13,14,38210,0
36358,13,14,37840,350
36358,13,14,37470,630
36358,13,14,37100,840
36358,13,14,36730,1120
36358,13,14,36360,1330
30421,13,14,33014,0
30421,13,14,32644,420
30421,13,14,32274,630
30421,13,14,31904,910
30421,13,14,31534,1120
30421,13,14,31164,1400
37473,13,14,39693,0
37473,13,14,39323,490
37473,13,14,38953,770
37473,13,14,38583,980
37473,13,14,38213,1260
41549,13,14,44514,0
41549,13,14,44144,280
41549,13,14,43774,490
41549,13,14,43404,770
41549,13,14,43034,1050
41549,13,14,42664,1260
33756,13,14,36353,0
33756,13,14,35983,140
33756,13,14,35613,420
33756,13,14,35243,700
33756,13,14,34873,910
33756,13,14,34503,1190
33756,13,14,34133,1400
30792,13,14,33755,0
30792,13,14,33385,280
30792,13,14,33015,490
30792,13,14,32645,700
30792,13,14,32275,980
30792,13,14,31905,1190
30792,13,14,31535,1470
45628,13,14,47855,0
45628,13,14,47485,420
45628,13,14,47115,980
45628,13,14,46745,1190
45628,13,14,46375,1470
48601,13,14,50083,0
48601,13,14,49713,490
48601,13,14,49343,1050
42664,13,14,45627,0
42664,13,14,45257,350
42664,13,14,44887,490
42664,13,14,44517,770
42664,13,14,44147,980
42664,13,14,43777,1260
34871,13,14,37836,0
34871,13,14,37466,210
34871,13,14,37096,490
34871,13,14,36726,700
34871,13,14,36356,980
34871,13,14,35986,1190
34871,13,14,35616,1470
26712,13,14,28564,0
26712,13,14,28194,350
26712,13,14,27824,490
26712,13,14,27454,770
26712,13,14,27084,1050
26712,13,14,26714,1260
38956,13,14,40437,0
38956,13,14,40067,350
38956,13,14,39697,560
38956,13,14,39327,770
38956,13,14,38957,1050
38956,13,14,1,1260
45999,13,14,48226,0
45999,13,14,47856,210
45999,13,14,47486,700
45999,13,14,47116,1190
45999,13,14,46746,1470
40062,13,14,42660,0
40062,13,14,42290,210
40062,13,14,41920,490
40062,13,14,41550,700
40062,13,14,41180,980
40062,13,14,40810,1260
40062,13,14,40440,1470
43035,13,14,45998,0
43035,13,14,45628,350
43035,13,14,45258,490
43035,13,14,44888,770
43035,13,14,44518,980
43035,13,14,44148,1260
47114,13,14,48969,0
47114,13,14,48599,210
47114,13,14,48229,700
47114,13,14,47859,1190
31903,13,14,34868,0
31903,13,14,34498,210
31903,13,14,34128,420
31903,13,14,33758,700
31903,13,14,33388,910
31903,13,14,33018,1190
31903,13,14,32648,1400
35982,13,14,38579,0
35982,13,14,38209,210
35982,13,14,37839,490
35982,13,14,37469,770
35982,13,14,37099,980
35982,13,14,36729,1260
35982,13,14,36359,1470
33018,13,14,35981,0
33018,13,14,35611,280
33018,13,14,35241,420
33018,13,14,34871,700
33018,13,14,34501,910
33018,13,14,34131,1190
33018,13,14,33761,1470
40433,13,14,43031,0
40433,13,14,42661,210
40433,13,14,42291,490
40433,13,14,41921,700
40433,13,14,41551,980
40433,13,14,41181,1260
40433,13,14,40811,1470
25225,13,14,27820,0
25225,13,14,27450,280
25225,13,14,27080,560
25225,13,14,26710,770
25225,13,14,26340,1050
25225,13,14,25970,1330
26337,13,14,28933,0
26337,13,14,28563,280
26337,13,14,28193,560
26337,13,14,27823,840
26337,13,14,27453,1050
26337,13,14,27083,1330
29310,13,14,30421,0
29310,13,14,30051,420
29310,13,14,29681,700
29310,13,14,29311,910
29310,13,14,1,1190
36353,13,14,38950,0
36353,13,14,38580,210
36353,13,14,38210,490
36353,13,14,37840,770
36353,13,14,37470,980
36353,13,14,37100,1260
36353,13,14,36730,1470
33389,13,14,36352,0
33389,13,14,35982,280
33389,13,14,35612,420
33389,13,14,35242,700
33389,13,14,34872,910
33389,13,14,34502,1190
33389,13,14,34132,1470
37468,13,14,40433,0
37468,13,14,40063,280
37468,13,14,39693,490
37468,13,14,39323,770
37468,13,14,38953,980
37468,13,14,38583,1260
41553,13,14,43034,0
41553,13,14,42664,350
41553,13,14,42294,560
41553,13,14,41924,840
41553,13,14,41554,1050
41553,13,14,1,1330
42659,13,14,45257,0
42659,13,14,44887,210
42659,13,14,44517,490
42659,13,14,44147,770
42659,13,14,43777,980
42659,13,14,43407,1260
42659,13,14,43037,1470
27823,13,14,30417,0
27823,13,14,30047,350
27823,13,14,29677,630
27823,13,14,29307,840
27823,13,14,28937,1120
27823,13,14,28567,1330
45632,13,14,48225,0
45632,13,14,47855,280
45632,13,14,47485,700
45632,13,14,47115,1190
45632,13,14,46745,1470
26707,13,14,28934,0
26707,13,14,28564,210
26707,13,14,28194,560
26707,13,14,27824,840
26707,13,14,27454,1050
26707,13,14,27084,1330
38951,13,14,41917,0
38951,13,14,41547,210
38951,13,14,41177,490
38951,13,14,40807,770
38951,13,14,40437,1050
38951,13,14,40067,1260
43030,13,14,45628,0
43030,13,14,45258,210
43030,13,14,44888,490
43030,13,14,44518,770
43030,13,14,44148,980
43030,13,14,43778,1260
43030,13,14,43408,1470
40066,13,14,43030,0
40066,13,14,42660,280
40066,13,14,42290,560
40066,13,14,41920,840
40066,13,14,41550,1050
40066,13,14,41180,1330
47118,13,14,48229,0
47118,13,14,47859,280
47118,13,14,47489,770
47118,13,14,47119,1260
31907,13,14,33388,0
31907,13,14,33018,280
31907,13,14,32648,490
31907,13,14,32278,700
31907,13,14,31908,980
31907,13,14,1,1190
33013,13,14,35241,0
33013,13,14,34871,420
33013,13,14,34501,700
33013,13,14,34131,910
33013,13,14,33761,1190
33013,13,14,33391,1400
35986,13,14,38949,0
35986,13,14,38579,280
35986,13,14,38209,490
35986,13,14,37839,770
35986,13,14,37469,980
35986,13,14,37099,1260
35986,13,14,36729,1470
48230,13,14,49712,0
48230,13,14,49342,490
48230,13,14,48972,1050
29305,13,14,31901,0
29305,13,14,31531,210
29305,13,14,31161,490
29305,13,14,30791,770
29305,13,14,30421,980
29305,13,14,30051,1260
26341,13,14,28193,0
26341,13,14,27823,350
26341,13,14,27453,560
26341,13,14,27083,770
26341,13,14,26713,1050
26341,13,14,26343,1260
44150,13,14,46001,0
44150,13,14,45631,280
44150,13,14,45261,490
44150,13,14,44891,770
44150,13,14,44521,980
44150,13,14,44151,1260
33384,13,14,35612,0
33384,13,14,35242,420
33384,13,14,34872,700
33384,13,14,34502,910
33384,13,14,34132,1190
33384,13,14,33762,1400
30420,13,14,33384,0
30420,13,14,33014,210
30420,13,14,32644,490
30420,13,14,32274,700
30420,13,14,31904,980
30420,13,14,31534,1190
30420,13,14,31164,1470
41548,13,14,44514,0
41548,13,14,44144,210
41548,13,14,43774,560
41548,13,14,43404,770
41548,13,14,43034,1050
41548,13,14,42664,1260
38584,13,14,40436,0
38584,13,14,40066,350
38584,13,14,39696,630
38584,13,14,39326,840
38584,13,14,38956,1120
38584,13,14,38586,1330
45627,13,14,47855,0
45627,13,14,47485,420
45627,13,14,47115,910
45627,13,14,46745,1190
45627,13,14,46375,1470
48600,13,14,50083,0
48600,13,14,49713,490
48600,13,14,49343,980
48600,13,14,48973,1470
42663,13,14,45627,0
42663,13,14,45257,280
42663,13,14,44887,560
42663,13,14,44517,840
42663,13,14,44147,1050
42663,13,14,43777,1330
27827,13,14,30047,0
27827,13,14,29677,420
27827,13,14,29307,630
27827,13,14,28937,840
27827,13,14,28567,1120
27827,13,14,28197,1400
34504,13,14,35985,0
34504,13,14,35615,280
34504,13,14,35245,490
34504,13,14,34875,700
34504,13,14,34505,980
34504,13,14,1,1260
38955,13,14,40807,0
38955,13,14,40437,350
38955,13,14,40067,630
38955,13,14,39697,840
38955,13,14,39327,1120
38955,13,14,38957,1330
43034,13,14,45998,0
43034,13,14,45628,280
43034,13,14,45258,560
43034,13,14,44888,840
43034,13,14,44518,1050
43034,13,14,44148,1330
40070,13,14,42290,0
40070,13,14,41920,490
40070,13,14,41550,770
40070,13,14,41180,980
40070,13,14,40810,1260
24859,13,14,27079,0
24859,13,14,26709,490
24859,13,14,26339,700
24859,13,14,25969,980
24859,13,14,25599,1260
24859,13,14,25229,1470
31902,13,14,34868,0
31902,13,14,34498,210
31902,13,14,34128,420
31902,13,14,33758,700
31902,13,14,33388,910
31902,13,14,33018,1190
31902,13,14,32648,1470
28938,13,14,30790,0
28938,13,14,30420,280
28938,13,14,30050,420
28938,13,14,29680,700
28938,13,14,29310,910
28938,13,14,28940,1190
28938,13,14,1,1470
35981,13,14,38579,0
35981,13,14,38209,210
35981,13,14,37839,490
35981,13,14,37469,770
35981,13,14,37099,980
35981,13,14,36729,1260
35981,13,14,36359,1470
46747,13,14,47858,0
46747,13,14,47488,490
46747,13,14,47118,980
46747,13,14,46748,1260
33017,13,14,35981,0
33017,13,14,35611,280
33017,13,14,35241,490
33017,13,14,34871,770
33017,13,14,34501,980
33017,13,14,34131,1260
48225,13,14,49342,0
48225,13,14,48972,630
48225,13,14,48602,1120
37102,13,14,39322,0
37102,13,14,38952,490
37102,13,14,38582,770
37102,13,14,38212,980
37102,13,14,37842,1260
29309,13,14,31161,0
29309,13,14,30791,280
29309,13,14,30421,420
29309,13,14,30051,700
29309,13,14,29681,910
29309,13,14,29311,1190
29309,13,14,1,1470
44145,13,14,47481,0
44145,13,14,47111,210
44145,13,14,46741,490
44145,13,14,46371,700
44145,13,14,46001,980
44145,13,14,45631,1190
44145,13,14,45261,1470
41181,13,14,43033,0
41181,13,14,42663,350
41181,13,14,42293,630
41181,13,14,41923,840
41181,13,14,41553,1120
41181,13,14,41183,1330
33388,13,14,36352,0
33388,13,14,35982,280
33388,13,14,35612,490
33388,13,14,35242,770
33388,13,14,34872,980
33388,13,14,34502,1260
30424,13,14,32644,0
30424,13,14,32274,420
30424,13,14,31904,700
30424,13,14,31534,910
30424,13,14,31164,1190
30424,13,14,30794,1470
38579,13,14,41176,0
38579,13,14,40806,210
38579,13,14,40436,490
38579,13,14,40066,770
38579,13,14,39696,980
38579,13,14,39326,1260
38579,13,14,38956,1470
41552,13,14,43404,0
41552,13,14,43034,350
41552,13,14,42664,630
41552,13,14,42294,840
41552,13,14,41924,1120
41552,13,14,41554,1400
27822,13,14,30417,0
27822,13,14,30047,280
27822,13,14,29677,560
27822,13,14,29307,770
27822,13,14,28937,1050
27822,13,14,28567,1260
45631,13,14,48225,0
45631,13,14,47855,280
45631,13,14,47485,770
45631,13,14,47115,1260
42667,13,14,44887,0
42667,13,14,44517,560
42667,13,14,44147,770
42667,13,14,43777,1050
42667,13,14,43407,1260
27456,13,14,29676,0
27456,13,14,29306,420
27456,13,14,28936,630
27456,13,14,28566,910
27456,13,14,28196,1120
27456,13,14,27826,1400
34499,13,14,37465,0
34499,13,14,37095,210
34499,13,14,36725,490
34499,13,14,36355,700
34499,13,14,35985,980
34499,13,14,35615,1190
34499,13,14,35245,1470
31535,13,14,33387,0
31535,13,14,33017,280
31535,13,14,32647,560
31535,13,14,32277,770
31535,13,14,31907,1050
31535,13,14,31537,1260
38950,13,14,41547,0
38950,13,14,41177,210
38950,13,14,40807,490
38950,13,14,40437,770
38950,13,14,40067,980
38950,13,14,39697,1260
38950,13,14,39327,1470
40065,13,14,43030,0
40065,13,14,42660,280
40065,13,14,42290,490
40065,13,14,41920,770
40065,13,14,41550,980
40065,13,14,41180,1260
24854,13,14,27449,0
24854,13,14,27079,350
24854,13,14,26709,560
24854,13,14,26339,840
24854,13,14,25969,1120
24854,13,14,25599,1330
28933,13,14,31160,0
28933,13,14,30790,210
28933,13,14,30420,420
28933,13,14,30050,700
28933,13,14,29680,980
28933,13,14,29310,1190
28933,13,14,28940,1470
39699,13,14,41919,0
39699,13,14,41549,490
39699,13,14,41179,770
39699,13,14,40809,980
39699,13,14,40439,1260
31906,13,14,33758,0
31906,13,14,33388,280
31906,13,14,33018,560
31906,13,14,32648,770
31906,13,14,32278,1050
31906,13,14,31908,1260
25969,13,14,28562,0
25969,13,14,28192,350
25969,13,14,27822,630
25969,13,14,27452,840
25969,13,14,27082,1120
25969,13,14,26712,1330
46742,13,14,48598,0
46742,13,14,48228,490
46742,13,14,47858,980
46742,13,14,47488,1470
43778,13,14,46000,0
43778,13,14,45630,280
43778,13,14,45260,560
43778,13,14,44890,840
43778,13,14,44520,1050
43778,13,14,44150,1330
35985,13,14,38949,0
35985,13,14,38579,280
35985,13,14,38209,560
35985,13,14,37839,840
35985,13,14,37469,1050
35985,13,14,37099,1330
48229,13,14,49712,0
48229,13,14,49342,490
48229,13,14,48972,980
48229,13,14,48602,1470
33021,13,14,35241,0
33021,13,14,34871,420
33021,13,14,34501,700
33021,13,14,34131,910
33021,13,14,33761,1190
33021,13,14,33391,1470
37097,13,14,40062,0
37097,13,14,39692,280
37097,13,14,39322,490
37097,13,14,38952,770
37097,13,14,38582,980
37097,13,14,38212,1260
29304,13,14,31531,0
29304,13,14,31161,210
29304,13,14,30791,420
29304,13,14,30421,700
29304,13,14,30051,980
29304,13,14,29681,1190
29304,13,14,29311,1470
34133,13,14,35614,0
34133,13,14,35244,280
34133,13,14,34874,490
34133,13,14,34504,700
34133,13,14,34134,980
34133,13,14,1,1260
41176,13,14,43773,0
41176,13,14,43403,210
41176,13,14,43033,490
41176,13,14,42663,770
41176,13,14,42293,980
41176,13,14,41923,1260
41176,13,14,41553,1470
26340,13,14,28933,0
26340,13,14,28563,350
26340,13,14,28193,630
26340,13,14,27823,840
26340,13,14,27453,1120
26340,13,14,27083,1330
44149,13,14,46371,0
44149,13,14,46001,280
44149,13,14,45631,560
44149,13,14,45261,840
44149,13,14,44891,1050
44149,13,14,44521,1330
30419,13,14,33014,0
30419,13,14,32644,420
30419,13,14,32274,630
30419,13,14,31904,910
30419,13,14,31534,1120
30419,13,14,31164,1400
30053,13,14,32273,0
30053,13,14,31903,420
30053,13,14,31533,700
30053,13,14,31163,910
30053,13,14,30793,1190
30053,13,14,30423,1470
41547,13,14,44144,0
41547,13,14,43774,210
41547,13,14,43404,490
41547,13,14,43034,770
41547,13,14,42664,980
41547,13,14,42294,1260
38583,13,14,41546,0
38583,13,14,41176,280
38583,13,14,40806,490
38583,13,14,40436,770
38583,13,14,40066,980
38583,13,14,39696,1260
38583,13,14,39326,1470
42662,13,14,45627,0
42662,13,14,45257,280
42662,13,14,44887,490
42662,13,14,44517,770
42662,13,14,44147,1050
42662,13,14,43777,1260
27451,13,14,30046,0
27451,13,14,29676,280
27451,13,14,29306,560
27451,13,14,28936,770
27451,13,14,28566,1050
27451,13,14,28196,1260
45260,13,14,47854,0
45260,13,14,47484,490
45260,13,14,47114,1050
45260,13,14,46744,1260
24487,13,14,25968,0
24487,13,14,25598,350
24487,13,14,25228,560
24487,13,14,24858,770
24487,13,14,24488,1050
24487,13,14,1,1260
31530,13,14,33757,0
31530,13,14,33387,420
31530,13,14,33017,630
31530,13,14,32647,910
31530,13,14,32277,1190
31530,13,14,31907,1400
34503,13,14,36355,0
34503,13,14,35985,280
34503,13,14,35615,560
34503,13,14,35245,770
34503,13,14,34875,1050
34503,13,14,34505,1330
24858,13,14,26339,0
24858,13,14,25969,350
24858,13,14,25599,560
24858,13,14,25229,770
24858,13,14,24859,1050
24858,13,14,1,1260
39694,13,14,42659,0
39694,13,14,42289,280
39694,13,14,41919,490
39694,13,14,41549,770
39694,13,14,41179,980
39694,13,14,40809,1260
31901,13,14,34128,0
31901,13,14,33758,420
31901,13,14,33388,630
31901,13,14,33018,910
31901,13,14,32648,1190
31901,13,14,32278,1400
43773,13,14,46740,0
43773,13,14,46370,210
43773,13,14,46000,420
43773,13,14,45630,700
43773,13,14,45260,980
43773,13,14,44890,1190
43773,13,14,44520,1470
28937,13,14,31530,0
28937,13,14,31160,350
28937,13,14,30790,490
28937,13,14,30420,770
28937,13,14,30050,980
28937,13,14,29680,1260
46746,13,14,48228,0
46746,13,14,47858,280
46746,13,14,47488,840
46746,13,14,47118,1330
33016,13,14,35981,0
33016,13,14,35611,210
33016,13,14,35241,420
33016,13,14,34871,700
33016,13,14,34501,980
33016,13,14,34131,1190
33016,13,14,33761,1470
34128,13,14,37094,0
34128,13,14,36724,210
34128,13,14,36354,490
34128,13,14,35984,700
34128,13,14,35614,980
34128,13,14,35244,1190
34128,13,14,34874,1470
37101,13,14,38582,0
37101,13,14,38212,350
37101,13,14,37842,560
37101,13,14,37472,770
37101,13,14,37102,1050
37101,13,14,1,1260
44144,13,14,47111,0
44144,13,14,46741,210
44144,13,14,46371,420
44144,13,14,46001,700
44144,13,14,45631,980
44144,13,14,45261,1190
44144,13,14,44891,1470
41180,13,14,44143,0
41180,13,14,43773,280
41180,13,14,43403,490
41180,13,14,43033,770
41180,13,14,42663,980
41180,13,14,42293,1260
41180,13,14,41923,1470
30048,13,14,32643,0
30048,13,14,32273,420
30048,13,14,31903,630
30048,13,14,31533,910
30048,13,14,31163,1120
30048,13,14,30793,1400
46371,13,14,48597,0
46371,13,14,48227,210
46371,13,14,47857,700
46371,13,14,47487,1190
38578,13,14,41176,0
38578,13,14,40806,210
38578,13,14,40436,490
38578,13,14,40066,700
38578,13,14,39696,980
38578,13,14,39326,1260
38578,13,14,38956,1470
27455,13,14,28936,0
27455,13,14,28566,280
27455,13,14,28196,420
27455,13,14,27826,700
27455,13,14,27456,980
27455,13,14,1,1190
42291,13,14,45256,0
42291,13,14,44886,280
42291,13,14,44516,490
42291,13,14,44146,770
42291,13,14,43776,1050
42291,13,14,43406,1260
34498,13,14,37095,0
34498,13,14,36725,140
34498,13,14,36355,420
34498,13,14,35985,700
34498,13,14,35615,910
34498,13,14,35245,1190
34498,13,14,34875,1400
31534,13,14,34497,0
31534,13,14,34127,280
31534,13,14,33757,420
31534,13,14,33387,700
31534,13,14,33017,910
31534,13,14,32647,1190
31534,13,14,32277,1400
35610,13,14,38208,0
35610,13,14,37838,210
35610,13,14,37468,490
35610,13,14,37098,700
35610,13,14,36728,980
35610,13,14,36358,1190
35610,13,14,35988,1470
36725,13,14,39691,0
36725,13,14,39321,210
36725,13,14,38951,490
36725,13,14,38581,770
36725,13,14,38211,1050
36725,13,14,37841,1260
39698,13,14,41179,0
39698,13,14,40809,350
39698,13,14,40439,560
39698,13,14,40069,770
39698,13,14,39699,1050
39698,13,14,1,1260
46741,13,14,48598,0
46741,13,14,48228,210
46741,13,14,47858,700
46741,13,14,47488,1190
25968,13,14,28562,0
25968,13,14,28192,420
25968,13,14,27822,630
25968,13,14,27452,910
25968,13,14,27082,1120
25968,13,14,26712,1400
43777,13,14,47110,0
43777,13,14,46740,280
43777,13,14,46370,420
43777,13,14,46000,700
43777,13,14,45630,980
43777,13,14,45260,1190
43777,13,14,44890,1470
47853,13,14,48971,0
47853,13,14,48601,630
47853,13,14,48231,1120
37096,13,14,40062,0
37096,13,14,39692,210
37096,13,14,39322,490
37096,13,14,38952,770
37096,13,14,38582,1050
37096,13,14,38212,1260
34132,13,14,35984,0
34132,13,14,35614,280
34132,13,14,35244,560
34132,13,14,34874,770
34132,13,14,34504,1050
34132,13,14,34134,1330
41175,13,14,43773,0
41175,13,14,43403,210
41175,13,14,43033,490
41175,13,14,42663,700
41175,13,14,42293,980
41175,13,14,41923,1260
41175,13,14,41553,1470
23375,13,14,25595,0
23375,13,14,25225,490
23375,13,14,24855,700
23375,13,14,24485,980
23375,13,14,24115,1190
23375,13,14,23745,1470
27079,13,14,29675,0
27079,13,14,29305,210
27079,13,14,28935,560
27079,13,14,28565,770
27079,13,14,28195,1050
27079,13,14,27825,1330
30052,13,14,31533,0
30052,13,14,31163,280
30052,13,14,30793,420
30052,13,14,30423,700
30052,13,14,30053,980
30052,13,14,1,1190
46375,13,14,47857,0
46375,13,14,47487,560
46375,13,14,47117,1050
46375,13,14,46747,1330
38207,13,14,40805,0
38207,13,14,40435,210
38207,13,14,40065,490
38207,13,14,39695,700
38207,13,14,39325,980
38207,13,14,38955,1260
38207,13,14,38585,1470
27450,13,14,30046,0
27450,13,14,29676,210
27450,13,14,29306,560
27450,13,14,28936,770
27450,13,14,28566,1050
27450,13,14,28196,1330
45259,13,14,47854,0
45259,13,14,47484,490
45259,13,14,47114,980
45259,13,14,46744,1190
45259,13,14,46374,1470
39322,13,14,42288,0
39322,13,14,41918,210
39322,13,14,41548,490
39322,13,14,41178,770
39322,13,14,40808,1050
39322,13,14,40438,1260
24486,13,14,26338,0
24486,13,14,25968,350
24486,13,14,25598,560
24486,13,14,25228,840
24486,13,14,24858,1050
24486,13,14,24488,1330
42295,13,14,43776,0
42295,13,14,43406,350
42295,13,14,43036,560
42295,13,14,42666,840
42295,13,14,42296,1050
42295,13,14,1,1330
35614,13,14,38578,0
35614,13,14,38208,280
35614,13,14,37838,560
35614,13,14,37468,770
35614,13,14,37098,1050
35614,13,14,36728,1330
32650,13,14,34870,0
32650,13,14,34500,420
32650,13,14,34130,700
32650,13,14,33760,910
32650,13,14,33390,1190
32650,13,14,33020,1470
24857,13,14,26709,0
24857,13,14,26339,350
24857,13,14,25969,560
24857,13,14,25599,840
24857,13,14,25229,1050
24857,13,14,24859,1330
39693,13,14,42659,0
39693,13,14,42289,210
39693,13,14,41919,490
39693,13,14,41549,770
39693,13,14,41179,1050
39693,13,14,40809,1260
36729,13,14,38581,0
36729,13,14,38211,350
36729,13,14,37841,630
36729,13,14,37471,840
36729,13,14,37101,1120
36729,13,14,36731,1330
43772,13,14,46370,0
43772,13,14,46000,420
43772,13,14,45630,700
43772,13,14,45260,910
43772,13,14,44890,1190
43772,13,14,44520,1470
25972,13,14,28192,0
25972,13,14,27822,420
25972,13,14,27452,700
25972,13,14,27082,910
25972,13,14,26712,1190
25972,13,14,26342,1400
29676,13,14,32272,0
29676,13,14,31902,420
29676,13,14,31532,630
29676,13,14,31162,910
29676,13,14,30792,1120
29676,13,14,30422,1400
47857,13,14,49341,0
47857,13,14,48971,490
47857,13,14,48601,980
47857,13,14,48231,1470
34127,13,14,36724,0
34127,13,14,36354,140
34127,13,14,35984,420
34127,13,14,35614,700
34127,13,14,35244,910
34127,13,14,34874,1190
34127,13,14,34504,1400
37100,13,14,38952,0
37100,13,14,38582,350
37100,13,14,38212,630
37100,13,14,37842,840
37100,13,14,37472,1120
37100,13,14,37102,1330
48972,13,14,50454,0
48972,13,14,50084,490
48972,13,14,49714,1050
30047,13,14,32643,0
30047,13,14,32273,420
30047,13,14,31903,630
30047,13,14,31533,910
30047,13,14,31163,1120
30047,13,14,30793,1400
27083,13,14,28935,0
27083,13,14,28565,350
27083,13,14,28195,490
27083,13,14,27825,770
27083,13,14,27455,980
27083,13,14,27085,1260
46370,13,14,48227,0
46370,13,14,47857,420
46370,13,14,47487,980
46370,13,14,47117,1470
38211,13,14,41175,0
38211,13,14,40805,280
38211,13,14,40435,560
38211,13,14,40065,840
38211,13,14,39695,1050
38211,13,14,39325,1330
35247,13,14,37467,0
35247,13,14,37097,490
35247,13,14,36727,770
35247,13,14,36357,980
35247,13,14,35987,1260
35247,13,14,35617,1470
27454,13,14,29306,0
27454,13,14,28936,350
27454,13,14,28566,490
27454,13,14,28196,770
27454,13,14,27826,980
27454,13,14,27456,1260
27454,13,14,1,1470
42290,13,14,45256,0
42290,13,14,44886,210
42290,13,14,44516,560
42290,13,14,44146,770
42290,13,14,43776,1050
42290,13,14,43406,1260
45263,13,14,47114,0
45263,13,14,46744,280
45263,13,14,46374,490
45263,13,14,46004,770
45263,13,14,45634,980
45263,13,14,45264,1260
39326,13,14,41178,0
39326,13,14,40808,350
39326,13,14,40438,630
39326,13,14,40068,840
39326,13,14,39698,1120
39326,13,14,39328,1330
32645,13,14,35610,0
32645,13,14,35240,210
32645,13,14,34870,420
32645,13,14,34500,700
32645,13,14,34130,980
32645,13,14,33760,1190
32645,13,14,33390,1470
35618,13,14,37838,0
35618,13,14,37468,490
35618,13,14,37098,770
35618,13,14,36728,980
35618,13,14,36358,1260
35618,13,14,35988,1470
36724,13,14,39321,0
36724,13,14,38951,210
36724,13,14,38581,490
36724,13,14,38211,770
36724,13,14,37841,980
36724,13,14,37471,1260
36724,13,14,37101,1470
39697,13,14,41549,0
39697,13,14,41179,350
39697,13,14,40809,630
39697,13,14,40439,840
39697,13,14,40069,1120
39697,13,14,39699,1330
28565,13,14,31159,0
28565,13,14,30789,280
28565,13,14,30419,560
28565,13,14,30049,840
28565,13,14,29679,1050
28565,13,14,29309,1330
25601,13,14,27821,0
25601,13,14,27451,420
25601,13,14,27081,630
25601,13,14,26711,910
25601,13,14,26341,1120
25601,13,14,25971,1400
29680,13,14,31532,0
29680,13,14,31162,280
29680,13,14,30792,490
29680,13,14,30422,770
29680,13,14,30052,980
29680,13,14,29682,1260
44888,13,14,47853,0
44888,13,14,47483,210
44888,13,14,47113,700
44888,13,14,46743,980
44888,13,14,46373,1190
44888,13,14,46003,1470
41924,13,14,43405,0
41924,13,14,43035,350
41924,13,14,42665,560
41924,13,14,42295,840
41924,13,14,41925,1050
41924,13,14,1,1330
34131,13,14,37094,0
34131,13,14,36724,280
34131,13,14,36354,420
34131,13,14,35984,700
34131,13,14,35614,910
34131,13,14,35244,1190
34131,13,14,34874,1470
40808,13,14,43772,0
40808,13,14,43402,280
40808,13,14,43032,560
40808,13,14,42662,840
40808,13,14,42292,1050
40808,13,14,41922,1330
27078,13,14,29305,0
27078,13,14,28935,210
27078,13,14,28565,560
27078,13,14,28195,840
27078,13,14,27825,1050
27078,13,14,27455,1330
37844,13,14,40064,0
37844,13,14,39694,490
37844,13,14,39324,770
37844,13,14,38954,980
37844,13,14,38584,1260
30051,13,14,31903,0
30051,13,14,31533,280
30051,13,14,31163,490
30051,13,14,30793,770
30051,13,14,30423,980
30051,13,14,30053,1260
46374,13,14,48597,0
46374,13,14,48227,280
46374,13,14,47857,700
46374,13,14,47487,1190
31163,13,14,34126,0
31163,13,14,33756,280
31163,13,14,33386,420
31163,13,14,33016,700
31163,13,14,32646,980
31163,13,14,32276,1190
31163,13,14,31906,1470
35242,13,14,38207,0
35242,13,14,37837,280
35242,13,14,37467,490
35242,13,14,37097,770
35242,13,14,36727,980
35242,13,14,36357,1260
35242,13,14,35987,1470
38215,13,14,40435,0
38215,13,14,40065,490
38215,13,14,39695,700
38215,13,14,39325,980
38215,13,14,38955,1190
38215,13,14,38585,1470
32278,13,14,33759,0
32278,13,14,33389,280
32278,13,14,33019,490
32278,13,14,32649,700
32278,13,14,32279,980
32278,13,14,1,1260
45258,13,14,47854,0
45258,13,14,47484,490
45258,13,14,47114,980
45258,13,14,46744,1190
45258,13,14,46374,1470
39321,13,14,41918,0
39321,13,14,41548,210
39321,13,14,41178,490
39321,13,14,40808,770
39321,13,14,40438,980
39321,13,14,40068,1260
39321,13,14,39698,1470
24485,13,14,27078,0
24485,13,14,26708,350
24485,13,14,26338,630
24485,13,14,25968,910
24485,13,14,25598,1120
24485,13,14,25228,1400
42294,13,14,44146,0
42294,13,14,43776,350
42294,13,14,43406,630
42294,13,14,43036,840
42294,13,14,42666,1120
42294,13,14,42296,1400
43406,13,14,46739,0
43406,13,14,46369,280
43406,13,14,45999,420
43406,13,14,45629,700
43406,13,14,45259,980
43406,13,14,44889,1190
43406,13,14,44519,1470
28198,13,14,30418,0
28198,13,14,30048,420
28198,13,14,29678,630
28198,13,14,29308,840
28198,13,14,28938,1120
28198,13,14,28568,1330
35613,13,14,38578,0
35613,13,14,38208,280
35613,13,14,37838,490
35613,13,14,37468,770
35613,13,14,37098,980
35613,13,14,36728,1260
35613,13,14,36358,1470
32649,13,14,34130,0
32649,13,14,33760,280
32649,13,14,33390,490
32649,13,14,33020,700
32649,13,14,32650,980
32649,13,14,1,1260
47485,13,14,48970,0
47485,13,14,48600,490
47485,13,14,48230,980
47485,13,14,47860,1470
39692,13,14,42289,0
39692,13,14,41919,210
39692,13,14,41549,490
39692,13,14,41179,770
39692,13,14,40809,980
39692,13,14,40439,1260
39692,13,14,40069,1470
44521,13,14,46372,0
44521,13,14,46002,280
44521,13,14,45632,490
44521,13,14,45262,770
44521,13,14,44892,980
44521,13,14,44522,1260
36728,13,14,39691,0
36728,13,14,39321,280
36728,13,14,38951,490
36728,13,14,38581,770
36728,13,14,38211,980
36728,13,14,37841,1260
36728,13,14,37471,1470
25596,13,14,28191,0
25596,13,14,27821,280
25596,13,14,27451,560
25596,13,14,27081,770
25596,13,14,26711,1050
25596,13,14,26341,1330
28569,13,14,30789,0
28569,13,14,30419,420
28569,13,14,30049,630
28569,13,14,29679,910
28569,13,14,29309,1120
28569,13,14,28939,1400
29675,13,14,31902,0
29675,13,14,31532,210
29675,13,14,31162,560
29675,13,14,30792,840
29675,13,14,30422,1050
29675,13,14,30052,1330
47856,13,14,49341,0
47856,13,14,48971,490
47856,13,14,48601,980
47856,13,14,48231,1470
41919,13,14,44885,0
41919,13,14,44515,210
41919,13,14,44145,560
41919,13,14,43775,770
41919,13,14,43405,1050
41919,13,14,43035,1260
34126,13,14,36354,0
34126,13,14,35984,420
34126,13,14,35614,700
34126,13,14,35244,910
34126,13,14,34874,1190
34126,13,14,34504,1400
44892,13,14,46743,0
44892,13,14,46373,280
44892,13,14,46003,490
44892,13,14,45633,770
44892,13,14,45263,980
44892,13,14,44893,1260
48971,13,14,50454,0
48971,13,14,50084,490
48971,13,14,49714,980
48971,13,14,49344,1470
33760,13,14,36723,0
33760,13,14,36353,280
33760,13,14,35983,420
33760,13,14,35613,700
33760,13,14,35243,910
33760,13,14,34873,1190
33760,13,14,34503,1470
37839,13,14,40804,0
37839,13,14,40434,280
37839,13,14,40064,490
37839,13,14,39694,770
37839,13,14,39324,980
37839,13,14,38954,1260
40812,13,14,43032,0
40812,13,14,42662,490
40812,13,14,42292,770
40812,13,14,41922,980
40812,13,14,41552,1260
30046,13,14,32273,0
30046,13,14,31903,210
30046,13,14,31533,560
30046,13,14,31163,840
30046,13,14,30793,1050
30046,13,14,30423,1330
34875,13,14,36356,0
34875,13,14,35986,280
34875,13,14,35616,490
34875,13,14,35246,770
34875,13,14,34876,980
34875,13,14,1,1260
27082,13,14,29675,0
27082,13,14,29305,350
27082,13,14,28935,560
27082,13,14,28565,840
27082,13,14,28195,1050
27082,13,14,27825,1330
46369,13,14,48227,0
46369,13,14,47857,420
46369,13,14,47487,910
46369,13,14,47117,1470
46003,13,14,48226,0
46003,13,14,47856,420
46003,13,14,47486,980
46003,13,14,47116,1470
38210,13,14,41175,0
38210,13,14,40805,280
38210,13,14,40435,490
38210,13,14,40065,770
38210,13,14,39695,980
38210,13,14,39325,1260
32273,13,14,35239,0
32273,13,14,34869,210
32273,13,14,34499,490
32273,13,14,34129,700
32273,13,14,33759,980
32273,13,14,33389,1190
32273,13,14,33019,1470
35246,13,14,36727,0
35246,13,14,36357,350
35246,13,14,35987,560
35246,13,14,35617,770
35246,13,14,35247,1050
35246,13,14,1,1260
42289,13,14,44886,0
42289,13,14,44516,210
42289,13,14,44146,490
42289,13,14,43776,770
42289,13,14,43406,980
42289,13,14,43036,1260
39325,13,14,42288,0
39325,13,14,41918,280
39325,13,14,41548,490
39325,13,14,41178,770
39325,13,14,40808,980
39325,13,14,40438,1260
39325,13,14,40068,1470
24114,13,14,26707,0
24114,13,14,26337,350
24114,13,14,25967,630
24114,13,14,25597,910
24114,13,14,25227,1120
24114,13,14,24857,1400
43401,13,14,45999,0
43401,13,14,45629,420
43401,13,14,45259,700
43401,13,14,44889,910
43401,13,14,44519,1190
43401,13,14,44149,1470
28193,13,14,30788,0
28193,13,14,30418,280
28193,13,14,30048,490
28193,13,14,29678,770
28193,13,14,29308,1050
28193,13,14,28938,1260
40437,13,14,43401,0
40437,13,14,43031,280
40437,13,14,42661,560
40437,13,14,42291,840
40437,13,14,41921,1050
40437,13,14,41551,1330
25229,13,14,26710,0
25229,13,14,26340,280
25229,13,14,25970,490
25229,13,14,25600,770
25229,13,14,25230,980
25229,13,14,1,1260
32644,13,14,35610,0
32644,13,14,35240,210
32644,13,14,34870,490
32644,13,14,34500,700
32644,13,14,34130,980
32644,13,14,33760,1190
32644,13,14,33390,1470
44516,13,14,47482,0
44516,13,14,47112,490
44516,13,14,46742,700
44516,13,14,46372,980
44516,13,14,46002,1190
44516,13,14,45632,1470
36723,13,14,39321,0
36723,13,14,38951,210
36723,13,14,38581,490
36723,13,14,38211,700
36723,13,14,37841,980
36723,13,14,37471,1260
36723,13,14,37101,1470
47489,13,14,48230,0
47489,13,14,47860,490
47489,13,14,47490,980
36357,13,14,39320,0
36357,13,14,38950,280
36357,13,14,38580,490
36357,13,14,38210,770
36357,13,14,37840,980
36357,13,14,37470,1260
36357,13,14,37100,1470
28564,13,14,31159,0
28564,13,14,30789,280
28564,13,14,30419,490
28564,13,14,30049,770
28564,13,14,29679,980
28564,13,14,29309,1260
28564,13,14,28939,1470
25600,13,14,27081,0
25600,13,14,26711,280
25600,13,14,26341,490
25600,13,14,25971,700
25600,13,14,25601,980
25600,13,14,1,1260
37472,13,14,38953,0
37472,13,14,38583,350
37472,13,14,38213,560
37472,13,14,37843,770
37472,13,14,37473,1050
37472,13,14,1,1260
29679,13,14,32272,0
29679,13,14,31902,420
29679,13,14,31532,630
29679,13,14,31162,910
29679,13,14,30792,1120
29679,13,14,30422,1400
44887,13,14,47853,0
44887,13,14,47483,210
44887,13,14,47113,700
44887,13,14,46743,980
44887,13,14,46373,1190
44887,13,14,46003,1470
41923,13,14,43775,0
41923,13,14,43405,350
41923,13,14,43035,630
41923,13,14,42665,840
41923,13,14,42295,1120
41923,13,14,41925,1400
33755,13,14,35983,0
33755,13,14,35613,420
33755,13,14,35243,700
33755,13,14,34873,910
33755,13,14,34503,1190
33755,13,14,34133,1400
30791,13,14,33755,0
30791,13,14,33385,280
30791,13,14,33015,560
30791,13,14,32645,770
30791,13,14,32275,1050
30791,13,14,31905,1260
40807,13,14,43772,0
40807,13,14,43402,280
40807,13,14,43032,490
40807,13,14,42662,770
40807,13,14,42292,980
40807,13,14,41922,1260
34870,13,14,37836,0
34870,13,14,37466,210
34870,13,14,37096,490
34870,13,14,36726,700
34870,13,14,36356,980
34870,13,14,35986,1190
34870,13,14,35616,1470
37843,13,14,39324,0
37843,13,14,38954,350
37843,13,14,38584,560
37843,13,14,38214,770
37843,13,14,37844,1050
37843,13,14,1,1260
26711,13,14,29304,0
26711,13,14,28934,350
26711,13,14,28564,560
26711,13,14,28194,840
26711,13,14,27824,1120
26711,13,14,27454,1330
31162,13,14,34126,0
31162,13,14,33756,280
31162,13,14,33386,490
31162,13,14,33016,770
31162,13,14,32646,980
31162,13,14,32276,1260
45998,13,14,47856,0
45998,13,14,47486,700
45998,13,14,47116,1190
45998,13,14,46746,1470
35241,13,14,38207,0
35241,13,14,37837,210
35241,13,14,37467,490
35241,13,14,37097,770
35241,13,14,36727,980
35241,13,14,36357,1260
35241,13,14,35987,1470
32277,13,14,34129,0
32277,13,14,33759,280
32277,13,14,33389,560
32277,13,14,33019,770
32277,13,14,32649,1050
32277,13,14,32279,1330
47113,13,14,48969,0
47113,13,14,48599,210
47113,13,14,48229,700
47113,13,14,47859,1190
39320,13,14,41918,0
39320,13,14,41548,210
39320,13,14,41178,490
39320,13,14,40808,700
39320,13,14,40438,980
39320,13,14,40068,1260
39320,13,14,39698,1470
25224,13,14,27820,0
25224,13,14,27450,280
25224,13,14,27080,560
25224,13,14,26710,840
25224,13,14,26340,1050
25224,13,14,25970,1330
43405,13,14,46739,0
43405,13,14,46369,280
43405,13,14,45999,490
43405,13,14,45629,770
43405,13,14,45259,1050
43405,13,14,44889,1260
28197,13,14,29678,0
28197,13,14,29308,280
28197,13,14,28938,420
28197,13,14,28568,700
28197,13,14,28198,910
28197,13,14,1,1190
40441,13,14,42661,0
40441,13,14,42291,490
40441,13,14,41921,770
40441,13,14,41551,980
40441,13,14,41181,1260
47484,13,14,48970,0
47484,13,14,48600,490
47484,13,14,48230,980
47484,13,14,47860,1470
44520,13,14,46742,0
44520,13,14,46372,280
44520,13,14,46002,560
44520,13,14,45632,840
44520,13,14,45262,1050
44520,13,14,44892,1330
36352,13,14,38950,0
36352,13,14,38580,210
36352,13,14,38210,490
36352,13,14,37840,700
36352,13,14,37470,980
36352,13,14,37100,1260
36352,13,14,36730,1470
25595,13,14,28191,0
25595,13,14,27821,280
25595,13,14,27451,560
25595,13,14,27081,840
25595,13,14,26711,1050
25595,13,14,26341,1330
37467,13,14,40433,0
37467,13,14,40063,210
37467,13,14,39693,490
37467,13,14,39323,770
37467,13,14,38953,1050
37467,13,14,38583,1260
41918,13,14,44515,0
41918,13,14,44145,210
41918,13,14,43775,490
41918,13,14,43405,770
41918,13,14,43035,980
41918,13,14,42665,1260
33759,13,14,36723,0
33759,13,14,36353,280
33759,13,14,35983,490
33759,13,14,35613,770
33759,13,14,35243,980
33759,13,14,34873,1260
30795,13,14,33015,0
30795,13,14,32645,490
30795,13,14,32275,770
30795,13,14,31905,980
30795,13,14,31535,1260
30795,13,14,31165,1470
37838,13,14,40804,0
37838,13,14,40434,210
37838,13,14,40064,490
37838,13,14,39694,770
37838,13,14,39324,1050
37838,13,14,38954,1260
34874,13,14,36726,0
34874,13,14,36356,280
34874,13,14,35986,560
34874,13,14,35616,770
34874,13,14,35246,1050
34874,13,14,34876,1330
31166,13,14,33386,0
31166,13,14,33016,490
31166,13,14,32646,770
31166,13,14,32276,1050
31166,13,14,31906,1260
46002,13,14,48226,0
46002,13,14,47856,490
46002,13,14,47486,1050
32272,13,14,34869,0
32272,13,14,34499,140
32272,13,14,34129,420
32272,13,14,33759,700
32272,13,14,33389,910
32272,13,14,33019,1190
32272,13,14,32649,1400
43038,13,14,45258,0
43038,13,14,44888,560
43038,13,14,44518,770
43038,13,14,44148,1050
43038,13,14,43778,1260
47117,13,14,48229,0
47117,13,14,47859,560
47117,13,14,47489,1050
28192,13,14,30788,0
28192,13,14,30418,210
28192,13,14,30048,560
28192,13,14,29678,770
28192,13,14,29308,1050
28192,13,14,28938,1260
40436,13,14,43401,0
40436,13,14,43031,280
40436,13,14,42661,490
40436,13,14,42291,770
40436,13,14,41921,980
40436,13,14,41551,1260
25228,13,14,27080,0
25228,13,14,26710,350
25228,13,14,26340,560
25228,13,14,25970,770
25228,13,14,25600,1050
25228,13,14,25230,1260
43409,13,14,45999,0
43409,13,14,45629,420
43409,13,14,45259,700
43409,13,14,44889,910
43409,13,14,44519,1190
43409,13,14,44149,1400
44515,13,14,47482,0
44515,13,14,47112,210
44515,13,14,46742,420
44515,13,14,46372,700
44515,13,14,46002,980
44515,13,14,45632,1190
44515,13,14,45262,1470
47488,13,14,48600,0
47488,13,14,48230,280
47488,13,14,47860,840
47488,13,14,47490,1330
36356,13,14,39320,0
36356,13,14,38950,280
36356,13,14,38580,560
36356,13,14,38210,840
36356,13,14,37840,1050
36356,13,14,37470,1330
33392,13,14,35612,0
33392,13,14,35242,420
33392,13,14,34872,700
33392,13,14,34502,910
33392,13,14,34132,1190
33392,13,14,33762,1470
37471,13,14,39323,0
37471,13,14,38953,350
37471,13,14,38583,630
37471,13,14,38213,840
37471,13,14,37843,1120
37471,13,14,37473,1330
41922,13,14,44885,0
41922,13,14,44515,350
41922,13,14,44145,490
41922,13,14,43775,770
41922,13,14,43405,980
41922,13,14,43035,1260
30790,13,14,33755,0
30790,13,14,33385,280
30790,13,14,33015,490
30790,13,14,32645,700
30790,13,14,32275,980
30790,13,14,31905,1190
30790,13,14,31535,1470
33763,13,14,35983,0
33763,13,14,35613,420
33763,13,14,35243,700
33763,13,14,34873,910
33763,13,14,34503,1190
33763,13,14,34133,1470
48599,13,14,50083,0
48599,13,14,49713,210
48599,13,14,49343,700
48599,13,14,48973,1190
27826,13,14,29307,0
27826,13,14,28937,280
27826,13,14,28567,420
27826,13,14,28197,700
27826,13,14,27827,910
27826,13,14,1,1190
34869,13,14,37466,0
34869,13,14,37096,140
34869,13,14,36726,420
34869,13,14,36356,700
34869,13,14,35986,910
34869,13,14,35616,1190
34869,13,14,35246,1470
37842,13,14,39694,0
37842,13,14,39324,350
37842,13,14,38954,630
37842,13,14,38584,840
37842,13,14,38214,1120
37842,13,14,37844,1330
26710,13,14,29304,0
26710,13,14,28934,350
26710,13,14,28564,630
26710,13,14,28194,910
26710,13,14,27824,1120
26710,13,14,27454,1400
38954,13,14,41917,0
38954,13,14,41547,280
38954,13,14,41177,490
38954,13,14,40807,770
38954,13,14,40437,980
38954,13,14,40067,1260
38954,13,14,39697,1470
23746,13,14,25966,0
23746,13,14,25596,490
23746,13,14,25226,700
23746,13,14,24856,980
23746,13,14,24486,1260
23746,13,14,24116,1470
31161,13,14,34126,0
31161,13,14,33756,210
31161,13,14,33386,490
31161,13,14,33016,700
31161,13,14,32646,980
31161,13,14,32276,1190
31161,13,14,31906,1470
43033,13,14,45998,0
43033,13,14,45628,280
43033,13,14,45258,490
43033,13,14,44888,770
43033,13,14,44518,1050
43033,13,14,44148,1260
40069,13,14,41550,0
40069,13,14,41180,350
40069,13,14,40810,560
40069,13,14,40440,770
40069,13,14,40070,1050
40069,13,14,1,1260
32276,13,14,35239,0
32276,13,14,34869,280
32276,13,14,34499,420
32276,13,14,34129,700
32276,13,14,33759,910
32276,13,14,33389,1190
32276,13,14,33019,1470
47112,13,14,48599,0
47112,13,14,48229,420
47112,13,14,47859,980
47112,13,14,47489,1470
24117,13,14,26337,0
24117,13,14,25967,490
24117,13,14,25597,700
24117,13,14,25227,980
24117,13,14,24857,1260
24117,13,14,24487,1470
35989,13,14,38209,0
35989,13,14,37839,490
35989,13,14,37469,770
35989,13,14,37099,1050
35989,13,14,36729,1260
28196,13,14,30048,0
28196,13,14,29678,280
28196,13,14,29308,490
28196,13,14,28938,700
28196,13,14,28568,980
28196,13,14,28198,1190
28196,13,14,1,1470
43404,13,14,46739,0
43404,13,14,46369,210
43404,13,14,45999,490
43404,13,14,45629,700
43404,13,14,45259,980
43404,13,14,44889,1190
43404,13,14,44519,1470
40440,13,14,41921,0
40440,13,14,41551,350
40440,13,14,41181,560
40440,13,14,40811,770
40440,13,14,40441,1050
40440,13,14,1,1260
44519,13,14,47482,0
44519,13,14,47112,420
44519,13,14,46742,700
44519,13,14,46372,980
44519,13,14,46002,1190
44519,13,14,45632,1470
29308,13,14,31901,0
29308,13,14,31531,280
29308,13,14,31161,490
29308,13,14,30791,770
29308,13,14,30421,980
29308,13,14,30051,1260
33387,13,14,36352,0
33387,13,14,35982,210
33387,13,14,35612,420
33387,13,14,35242,700
33387,13,14,34872,980
33387,13,14,34502,1190
33387,13,14,34132,1470
36360,13,14,38580,0
36360,13,14,38210,490
36360,13,14,37840,770
36360,13,14,37470,980
36360,13,14,37100,1260
30423,13,14,31904,0
30423,13,14,31534,280
30423,13,14,31164,420
30423,13,14,30794,700
30423,13,14,30424,980
30423,13,14,1,1190
37466,13,14,40063,0
37466,13,14,39693,210
37466,13,14,39323,490
37466,13,14,38953,770
37466,13,14,38583,980
37466,13,14,38213,1260
37466,13,14,37843,1470
41551,13,14,44514,0
41551,13,14,44144,350
41551,13,14,43774,490
41551,13,14,43404,770
41551,13,14,43034,980
41551,13,14,42664,1260
33758,13,14,36723,0
33758,13,14,36353,210
33758,13,14,35983,420
33758,13,14,35613,700
33758,13,14,35243,980
33758,13,14,34873,1190
33758,13,14,34503,1470
27821,13,14,30417,0
27821,13,14,30047,210
27821,13,14,29677,560
27821,13,14,29307,770
27821,13,14,28937,1050
27821,13,14,28567,1260
45630,13,14,48225,0
45630,13,14,47855,210
45630,13,14,47485,700
45630,13,14,47115,1190
45630,13,14,46745,1470
30794,13,14,32275,0
30794,13,14,31905,350
30794,13,14,31535,490
30794,13,14,31165,770
30794,13,14,30795,980
30794,13,14,1,1260
42666,13,14,44147,0
42666,13,14,43777,350
42666,13,14,43407,560
42666,13,14,43037,840
42666,13,14,42667,1050
42666,13,14,1,1330
34873,13,14,37836,0
34873,13,14,37466,280
34873,13,14,37096,420
34873,13,14,36726,700
34873,13,14,36356,980
34873,13,14,35986,1190
34873,13,14,35616,1470
38949,13,14,41547,0
38949,13,14,41177,210
38949,13,14,40807,490
38949,13,14,40437,700
38949,13,14,40067,980
38949,13,14,39697,1260
38949,13,14,39327,1470
26714,13,14,28934,0
26714,13,14,28564,420
26714,13,14,28194,630
26714,13,14,27824,910
26714,13,14,27454,1120
26714,13,14,27084,1400
46001,13,14,48226,0
46001,13,14,47856,490
46001,13,14,47486,980
46001,13,14,47116,1470
40064,13,14,43030,0
40064,13,14,42660,210
40064,13,14,42290,490
40064,13,14,41920,770
40064,13,14,41550,1050
40064,13,14,41180,1260
43037,13,14,44518,0
43037,13,14,44148,350
43037,13,14,43778,560
43037,13,14,43408,840
43037,13,14,43038,1050
43037,13,14,1,1330
47116,13,14,48969,0
47116,13,14,48599,280
47116,13,14,48229,700
47116,13,14,47859,1190
31905,13,14,34868,0
31905,13,14,34498,280
31905,13,14,34128,420
31905,13,14,33758,700
31905,13,14,33388,910
31905,13,14,33018,1190
31905,13,14,32648,1400
35984,13,14,38949,0
35984,13,14,38579,280
35984,13,14,38209,490
35984,13,14,37839,770
35984,13,14,37469,980
35984,13,14,37099,1260
48228,13,14,49712,0
48228,13,14,49342,490
48228,13,14,48972,980
48228,13,14,48602,1470
33020,13,14,34501,0
33020,13,14,34131,280
33020,13,14,33761,490
33020,13,14,33391,700
33020,13,14,33021,980
33020,13,14,1,1260
40435,13,14,43401,0
40435,13,14,43031,210
40435,13,14,42661,490
40435,13,14,42291,770
40435,13,14,41921,1050
40435,13,14,41551,1260
25227,13,14,27820,0
25227,13,14,27450,350
25227,13,14,27080,560
25227,13,14,26710,840
25227,13,14,26340,1120
25227,13,14,25970,1330
26339,13,14,28933,0
26339,13,14,28563,420
26339,13,14,28193,630
26339,13,14,27823,910
26339,13,14,27453,1120
26339,13,14,27083,1400
44148,13,14,47481,0
44148,13,14,47111,280
44148,13,14,46741,420
44148,13,14,46371,700
44148,13,14,46001,980
44148,13,14,45631,1190
44148,13,14,45261,1470
36355,13,14,39320,0
36355,13,14,38950,280
36355,13,14,38580,490
36355,13,14,38210,770
36355,13,14,37840,980
36355,13,14,37470,1260
30418,13,14,33014,0
30418,13,14,32644,420
30418,13,14,32274,630
30418,13,14,31904,910
30418,13,14,31534,1120
30418,13,14,31164,1400
33391,13,14,34872,0
33391,13,14,34502,280
33391,13,14,34132,490
33391,13,14,33762,700
33391,13,14,33392,980
33391,13,14,1,1260
37470,13,14,40433,0
37470,13,14,40063,280
37470,13,14,39693,490
37470,13,14,39323,770
37470,13,14,38953,980
37470,13,14,38583,1260
37470,13,14,38213,1470
41546,13,14,44144,0
41546,13,14,43774,210
41546,13,14,43404,490
41546,13,14,43034,770
41546,13,14,42664,980
41546,13,14,42294,1260
41546,13,14,41924,1470
38582,13,14,41546,0
38582,13,14,41176,280
38582,13,14,40806,560
38582,13,14,40436,840
38582,13,14,40066,1050
38582,13,14,39696,1330
30789,13,14,33755,0
30789,13,14,33385,210
30789,13,14,33015,490
30789,13,14,32645,700
30789,13,14,32275,980
30789,13,14,31905,1260
30789,13,14,31535,1470
48598,13,14,49713,0
48598,13,14,49343,700
48598,13,14,48973,1190
27825,13,14,29677,0
27825,13,14,29307,280
27825,13,14,28937,490
27825,13,14,28567,700
27825,13,14,28197,980
27825,13,14,27827,1260
27825,13,14,1,1470
42661,13,14,45627,0
42661,13,14,45257,210
42661,13,14,44887,560
42661,13,14,44517,770
42661,13,14,44147,1050
42661,13,14,43777,1260
45634,13,14,47485,0
45634,13,14,47115,280
45634,13,14,46745,490
45634,13,14,46375,770
45634,13,14,46005,980
45634,13,14,45635,1260
34502,13,14,37465,0
34502,13,14,37095,280
34502,13,14,36725,420
34502,13,14,36355,700
34502,13,14,35985,910
34502,13,14,35615,1190
34502,13,14,35245,1470
26709,13,14,29304,0
26709,13,14,28934,280
26709,13,14,28564,560
26709,13,14,28194,770
26709,13,14,27824,1050
26709,13,14,27454,1330
38953,13,14,41917,0
38953,13,14,41547,280
38953,13,14,41177,560
38953,13,14,40807,840
38953,13,14,40437,1050
38953,13,14,40067,1330
23745,13,14,25226,0
23745,13,14,24856,350
23745,13,14,24486,560
23745,13,14,24116,770
23745,13,14,23746,1050
23745,13,14,1,1260
43032,13,14,45998,0
43032,13,14,45628,210
43032,13,14,45258,560
43032,13,14,44888,770
43032,13,14,44518,1050
43032,13,14,44148,1260
40068,13,14,41920,0
40068,13,14,41550,350
40068,13,14,41180,630
40068,13,14,40810,840
40068,13,14,40440,1120
40068,13,14,40070,1330
47111,13,14,48599,0
47111,13,14,48229,420
47111,13,14,47859,910
47111,13,14,47489,1470
28936,13,14,31530,0
28936,13,14,31160,280
28936,13,14,30790,560
28936,13,14,30420,840
28936,13,14,30050,1050
28936,13,14,29680,1330
46745,13,14,48598,0
46745,13,14,48228,420
46745,13,14,47858,980
46745,13,14,47488,1470
33015,13,14,35981,0
33015,13,14,35611,210
33015,13,14,35241,490
33015,13,14,34871,700
33015,13,14,34501,980
33015,13,14,34131,1190
33015,13,14,33761,1470
35988,13,14,37469,0
35988,13,14,37099,350
35988,13,14,36729,560
35988,13,14,36359,770
35988,13,14,35989,1050
35988,13,14,1,1330
44143,13,14,46741,0
44143,13,14,46371,420
44143,13,14,46001,700
44143,13,14,45631,910
44143,13,14,45261,1190
44143,13,14,44891,1470
29307,13,14,31901,0
29307,13,14,31531,280
29307,13,14,31161,560
29307,13,14,30791,840
29307,13,14,30421,1050
29307,13,14,30051,1330
41179,13,14,44143,0
41179,13,14,43773,280
41179,13,14,43403,560
41179,13,14,43033,840
41179,13,14,42663,1050
41179,13,14,42293,1330
26343,13,14,28563,0
26343,13,14,28193,420
26343,13,14,27823,700
26343,13,14,27453,910
26343,13,14,27083,1190
26343,13,14,26713,1400
33386,13,14,36352,0
33386,13,14,35982,210
33386,13,14,35612,490
33386,13,14,35242,700
33386,13,14,34872,980
33386,13,14,34502,1190
33386,13,14,34132,1470
30422,13,14,32274,0
30422,13,14,31904,280
30422,13,14,31534,490
30422,13,14,31164,770
30422,13,14,30794,980
30422,13,14,30424,1260
37465,13,14,40063,0
37465,13,14,39693,210
37465,13,14,39323,490
37465,13,14,38953,700
37465,13,14,38583,980
37465,13,14,38213,1260
37465,13,14,37843,1470
41550,13,14,44514,0
41550,13,14,44144,280
41550,13,14,43774,560
41550,13,14,43404,840
41550,13,14,43034,1050
41550,13,14,42664,1330
27820,13,14,30047,0
27820,13,14,29677,210
27820,13,14,29307,490
27820,13,14,28937,700
27820,13,14,28567,980
27820,13,14,28197,1260
27820,13,14,27827,1470
38586,13,14,40806,0
38586,13,14,40436,490
38586,13,14,40066,700
38586,13,14,39696,980
38586,13,14,39326,1190
38586,13,14,38956,1470
45629,13,14,48225,0
45629,13,14,47855,210
45629,13,14,47485,700
45629,13,14,47115,1190
45629,13,14,46745,1470
42665,13,14,44517,0
42665,13,14,44147,350
42665,13,14,43777,630
42665,13,14,43407,840
42665,13,14,43037,1120
42665,13,14,42667,1400
34497,13,14,36725,0
34497,13,14,36355,420
34497,13,14,35985,700
34497,13,14,35615,910
34497,13,14,35245,1190
34497,13,14,34875,1400
31533,13,14,34497,0
31533,13,14,34127,280
31533,13,14,33757,490
31533,13,14,33387,770
31533,13,14,33017,980
31533,13,14,32647,1260
31533,13,14,32277,1470
38957,13,14,41177,0
38957,13,14,40807,490
38957,13,14,40437,770
38957,13,14,40067,980
38957,13,14,39697,1260
40063,13,14,42660,0
40063,13,14,42290,210
40063,13,14,41920,490
40063,13,14,41550,770
40063,13,14,41180,980
40063,13,14,40810,1260
40063,13,14,40440,1470
46740,13,14,48228,0
46740,13,14,47858,700
46740,13,14,47488,1190
25967,13,14,28562,0
25967,13,14,28192,280
25967,13,14,27822,560
25967,13,14,27452,840
25967,13,14,27082,1050
25967,13,14,26712,1330
31904,13,14,34868,0
31904,13,14,34498,280
31904,13,14,34128,490
31904,13,14,33758,770
31904,13,14,33388,980
31904,13,14,33018,1260
31904,13,14,32648,1470
28940,13,14,31160,0
28940,13,14,30790,420
28940,13,14,30420,630
28940,13,14,30050,910
28940,13,14,29680,1120
28940,13,14,29310,1400
43776,13,14,47110,0
43776,13,14,46740,280
43776,13,14,46370,490
43776,13,14,46000,770
43776,13,14,45630,1050
43776,13,14,45260,1260
35983,13,14,38949,0
35983,13,14,38579,210
35983,13,14,38209,560
35983,13,14,37839,770
35983,13,14,37469,1050
35983,13,14,37099,1260
48227,13,14,49712,0
48227,13,14,49342,210
48227,13,14,48972,700
48227,13,14,48602,1190
33019,13,14,34871,0
33019,13,14,34501,280
33019,13,14,34131,560
33019,13,14,33761,770
33019,13,14,33391,1050
33019,13,14,33021,1330
37095,13,14,39692,0
37095,13,14,39322,210
37095,13,14,38952,490
37095,13,14,38582,770
37095,13,14,38212,980
37095,13,14,37842,1260
37095,13,14,37472,1470
26338,13,14,28933,0
26338,13,14,28563,280
26338,13,14,28193,560
26338,13,14,27823,840
26338,13,14,27453,1050
26338,13,14,27083,1330
44147,13,14,47481,0
44147,13,14,47111,280
44147,13,14,46741,490
44147,13,14,46371,770
44147,13,14,46001,1050
44147,13,14,45631,1260
29311,13,14,31531,0
29311,13,14,31161,420
29311,13,14,30791,630
29311,13,14,30421,910
29311,13,14,30051,1120
29311,13,14,29681,1400
23374,13,14,24855,0
23374,13,14,24485,350
23374,13,14,24115,560
23374,13,14,23745,770
23374,13,14,23375,1050
23374,13,14,1,1330
41183,13,14,43403,0
41183,13,14,43033,490
41183,13,14,42663,770
41183,13,14,42293,980
41183,13,14,41923,1260
30417,13,14,32644,0
30417,13,14,32274,210
30417,13,14,31904,560
30417,13,14,31534,840
30417,13,14,31164,1050
30417,13,14,30794,1330
38581,13,14,41546,0
38581,13,14,41176,280
38581,13,14,40806,490
38581,13,14,40436,770
38581,13,14,40066,980
38581,13,14,39696,1260
41554,13,14,43774,0
41554,13,14,43404,560
41554,13,14,43034,770
41554,13,14,42664,1050
41554,13,14,42294,1260
42660,13,14,45257,0
42660,13,14,44887,210
42660,13,14,44517,490
42660,13,14,44147,770
42660,13,14,43777,980
42660,13,14,43407,1260
27449,13,14,29676,0
27449,13,14,29306,210
27449,13,14,28936,560
27449,13,14,28566,840
27449,13,14,28196,1050
27449,13,14,27826,1330
34501,13,14,37465,0
34501,13,14,37095,280
34501,13,14,36725,490
34501,13,14,36355,770
34501,13,14,35985,980
34501,13,14,35615,1260
31537,13,14,33757,0
31537,13,14,33387,490
31537,13,14,33017,770
31537,13,14,32647,980
31537,13,14,32277,1260
31537,13,14,31907,1470
24856,13,14,27449,0
24856,13,14,27079,420
24856,13,14,26709,630
24856,13,14,26339,910
24856,13,14,25969,1120
24856,13,14,25599,1400
28935,13,14,31530,0
28935,13,14,31160,280
28935,13,14,30790,490
28935,13,14,30420,770
28935,13,14,30050,980
28935,13,14,29680,1260
28935,13,14,29310,1470
46744,13,14,48598,0
46744,13,14,48228,490
46744,13,14,47858,1050
25971,13,14,27452,0
25971,13,14,27082,350
25971,13,14,26712,490
25971,13,14,26342,770
25971,13,14,25972,980
25971,13,14,1,1260
31908,13,14,34128,0
31908,13,14,33758,420
31908,13,14,33388,700
31908,13,14,33018,910
31908,13,14,32648,1190
31908,13,14,32278,1470
43780,13,14,46370,0
43780,13,14,46000,420
43780,13,14,45630,700
43780,13,14,45260,910
43780,13,14,44890,1190
43780,13,14,44520,1400
33014,13,14,35611,0
33014,13,14,35241,140
33014,13,14,34871,420
33014,13,14,34501,700
33014,13,14,34131,910
33014,13,14,33761,1190
33014,13,14,33391,1400
48231,13,14,49342,0
48231,13,14,48972,280
48231,13,14,48602,840
48231,13,14,48232,1330
37099,13,14,40062,0
37099,13,14,39692,280
37099,13,14,39322,490
37099,13,14,38952,770
37099,13,14,38582,980
37099,13,14,38212,1260
37099,13,14,37842,1470
26342,13,14,27823,0
26342,13,14,27453,350
26342,13,14,27083,490
26342,13,14,26713,770
26342,13,14,26343,980
26342,13,14,1,1260
41178,13,14,44143,0
41178,13,14,43773,280
41178,13,14,43403,490
41178,13,14,43033,770
41178,13,14,42663,980
41178,13,14,42293,1260
44151,13,14,46741,0
44151,13,14,46371,420
44151,13,14,46001,700
44151,13,14,45631,910
44151,13,14,45261,1190
44151,13,14,44891,1400
49342,13,14,50825,0
49342,13,14,50455,490
49342,13,14,50085,980
49342,13,14,49715,1470
38585,13,14,40066,0
38585,13,14,39696,350
38585,13,14,39326,560
38585,13,14,38956,770
38585,13,14,38586,1050
38585,13,14,1,1260
27453,13,14,30046,0
27453,13,14,29676,350
27453,13,14,29306,560
27453,13,14,28936,770
27453,13,14,28566,1050
27453,13,14,28196,1330
45262,13,14,47484,0
45262,13,14,47114,280
45262,13,14,46744,560
45262,13,14,46374,840
45262,13,14,46004,1050
45262,13,14,45634,1330
31532,13,14,34497,0
31532,13,14,34127,210
31532,13,14,33757,420
31532,13,14,33387,700
31532,13,14,33017,910
31532,13,14,32647,1190
31532,13,14,32277,1400
34505,13,14,36725,0
34505,13,14,36355,490
34505,13,14,35985,770
34505,13,14,35615,980
34505,13,14,35245,1260
34505,13,14,34875,1470
35617,14,15,37098,0
35617,14,15,36728,350
35617,14,15,36358,560
35617,14,15,35988,770
35617,14,15,35618,1050
35617,14,15,1,1260
39696,14,15,42659,0
39696,14,15,42289,280
39696,14,15,41919,490
39696,14,15,41549,770
39696,14,15,41179,980
39696,14,15,40809,1260
39696,14,15,40439,1470
46739,14,15,48228,0
46739,14,15,47858,630
46739,14,15,47488,1120
25966,14,15,28562,0
25966,14,15,28192,280
25966,14,15,27822,560
25966,14,15,27452,840
25966,14,15,27082,1050
25966,14,15,26712,1330
28939,14,15,30050,0
28939,14,15,29680,420
28939,14,15,29310,700
28939,14,15,28940,910
28939,14,15,1,1190
43775,14,15,47110,0
43775,14,15,46740,210
43775,14,15,46370,490
43775,14,15,46000,700
43775,14,15,45630,980
43775,14,15,45260,1190
43775,14,15,44890,1470
46748,14,15,48228,0
46748,14,15,47858,700
46748,14,15,47488,1190
48226,14,15,49342,0
48226,14,15,48972,700
48226,14,15,48602,1190
37094,14,15,39692,0
37094,14,15,39322,210
37094,14,15,38952,490
37094,14,15,38582,700
37094,14,15,38212,980
37094,14,15,37842,1260
37094,14,15,37472,1470
47860,14,15,48971,0
47860,14,15,48601,280
47860,14,15,48231,840
47860,14,15,47861,1330
34130,14,15,37094,0
34130,14,15,36724,280
34130,14,15,36354,490
34130,14,15,35984,770
34130,14,15,35614,980
34130,14,15,35244,1260
44146,14,15,47481,0
44146,14,15,47111,210
44146,14,15,46741,490
44146,14,15,46371,700
44146,14,15,46001,980
44146,14,15,45631,1190
44146,14,15,45261,1470
41182,14,15,42663,0
41182,14,15,42293,350
41182,14,15,41923,560
41182,14,15,41553,770
41182,14,15,41183,1050
41182,14,15,1,1260
30050,14,15,32643,0
30050,14,15,32273,420
30050,14,15,31903,630
30050,14,15,31533,910
30050,14,15,31163,1120
30050,14,15,30793,1400
46373,14,15,48597,0
46373,14,15,48227,280
46373,14,15,47857,770
46373,14,15,47487,1260
38580,14,15,41546,0
38580,14,15,41176,210
38580,14,15,40806,490
38580,14,15,40436,770
38580,14,15,40066,1050
38580,14,15,39696,1260
27448,14,15,29676,0
27448,14,15,29306,210
27448,14,15,28936,560
27448,14,15,28566,840
27448,14,15,28196,1050
27448,14,15,27826,1330
38214,14,15,39695,0
38214,14,15,39325,350
38214,14,15,38955,560
38214,14,15,38585,770
38214,14,15,38215,1050
38214,14,15,1,1260
45257,14,15,47854,0
45257,14,15,47484,210
45257,14,15,47114,700
45257,14,15,46744,980
45257,14,15,46374,1190
45257,14,15,46004,1470
42293,14,15,45256,0
42293,14,15,44886,350
42293,14,15,44516,490
42293,14,15,44146,770
42293,14,15,43776,980
42293,14,15,43406,1260
34500,14,15,37465,0
34500,14,15,37095,210
34500,14,15,36725,420
34500,14,15,36355,700
34500,14,15,35985,980
34500,14,15,35615,1190
34500,14,15,35245,1470
31536,14,15,33017,0
31536,14,15,32647,280
31536,14,15,32277,490
31536,14,15,31907,700
31536,14,15,31537,980
31536,14,15,1,1190
35612,14,15,38578,0
35612,14,15,38208,210
35612,14,15,37838,490
35612,14,15,37468,770
35612,14,15,37098,980
35612,14,15,36728,1260
35612,14,15,36358,1470
32648,14,15,34500,0
32648,14,15,34130,280
32648,14,15,33760,560
32648,14,15,33390,770
32648,14,15,33020,1050
32648,14,15,32650,1330
39691,14,15,42289,0
39691,14,15,41919,210
39691,14,15,41549,490
39691,14,15,41179,700
39691,14,15,40809,980
39691,14,15,40439,1260
39691,14,15,40069,1470
24855,14,15,27819,0
24855,14,15,27449,280
24855,14,15,27079,420
24855,14,15,26709,700
24855,14,15,26339,910
24855,14,15,25969,1190
24855,14,15,25599,1400
36727,14,15,39691,0
36727,14,15,39321,280
36727,14,15,38951,560
36727,14,15,38581,840
36727,14,15,38211,1050
36727,14,15,37841,1330
28934,14,15,31530,0
28934,14,15,31160,210
28934,14,15,30790,490
28934,14,15,30420,770
28934,14,15,30050,980
28934,14,15,29680,1260
46743,14,15,48598,0
46743,14,15,48228,490
46743,14,15,47858,980
46743,14,15,47488,1470
25970,14,15,27822,0
25970,14,15,27452,350
25970,14,15,27082,560
25970,14,15,26712,770
25970,14,15,26342,1050
25970,14,15,25972,1260
43779,14,15,45630,0
43779,14,15,45260,280
43779,14,15,44890,490
43779,14,15,44520,770
43779,14,15,44150,980
43779,14,15,43780,1260
28568,14,15,29679,0
28568,14,15,29309,420
28568,14,15,28939,700
28568,14,15,28569,910
28568,14,15,1,1190
47855,14,15,49341,0
47855,14,15,48971,210
47855,14,15,48601,700
47855,14,15,48231,1190
44891,14,15,47113,0
44891,14,15,46743,280
44891,14,15,46373,560
44891,14,15,46003,840
44891,14,15,45633,1050
44891,14,15,45263,1330
37098,14,15,40062,0
37098,14,15,39692,280
37098,14,15,39322,560
37098,14,15,38952,840
37098,14,15,38582,1050
37098,14,15,38212,1330
48970,14,15,50084,0
48970,14,15,49714,700
48970,14,15,49344,1190
34134,14,15,36354,0
34134,14,15,35984,490
34134,14,15,35614,770
34134,14,15,35244,980
34134,14,15,34874,1260
34134,14,15,34504,1470
41177,14,15,44143,0
41177,14,15,43773,210
41177,14,15,43403,490
41177,14,15,43033,770
41177,14,15,42663,1050
41177,14,15,42293,1260
40811,14,15,42292,0
40811,14,15,41922,350
40811,14,15,41552,560
40811,14,15,41182,770
40811,14,15,40812,1050
40811,14,15,1,1260
27081,14,15,29675,0
27081,14,15,29305,350
27081,14,15,28935,630
27081,14,15,28565,840
27081,14,15,28195,1120
27081,14,15,27825,1400
49341,14,15,50455,0
49341,14,15,50085,700
49341,14,15,49715,1190
46377,14,15,48227,0
46377,14,15,47857,420
46377,14,15,47487,910
46377,14,15,47117,1400
38209,14,15,41175,0
38209,14,15,40805,210
38209,14,15,40435,490
38209,14,15,40065,770
38209,14,15,39695,1050
38209,14,15,39325,1260
35245,14,15,37097,0
35245,14,15,36727,350
35245,14,15,36357,560
35245,14,15,35987,840
35245,14,15,35617,1120
35245,14,15,35247,1330
27452,14,15,30046,0
27452,14,15,29676,350
27452,14,15,29306,630
27452,14,15,28936,840
27452,14,15,28566,1120
27452,14,15,28196,1400
42288,14,15,44886,0
42288,14,15,44516,210
42288,14,15,44146,490
42288,14,15,43776,770
42288,14,15,43406,980
42288,14,15,43036,1260
42288,14,15,42666,1470
45261,14,15,47854,0
45261,14,15,47484,420
45261,14,15,47114,980
45261,14,15,46744,1190
45261,14,15,46374,1470
39324,14,15,42288,0
39324,14,15,41918,280
39324,14,15,41548,560
39324,14,15,41178,840
39324,14,15,40808,1050
39324,14,15,40438,1330
24488,14,15,26708,0
24488,14,15,26338,490
24488,14,15,25968,770
24488,14,15,25598,980
24488,14,15,25228,1260
24488,14,15,24858,1470
31531,14,15,34497,0
31531,14,15,34127,210
31531,14,15,33757,420
31531,14,15,33387,700
31531,14,15,33017,910
31531,14,15,32647,1190
31531,14,15,32277,1470
32643,14,15,35240,0
32643,14,15,34870,140
32643,14,15,34500,420
32643,14,15,34130,700
32643,14,15,33760,910
32643,14,15,33390,1190
32643,14,15,33020,1400
35616,14,15,37468,0
35616,14,15,37098,350
35616,14,15,36728,560
35616,14,15,36358,840
35616,14,15,35988,1120
35616,14,15,35618,1330
39695,14,15,42659,0
39695,14,15,42289,280
39695,14,15,41919,560
39695,14,15,41549,840
39695,14,15,41179,1050
39695,14,15,40809,1330
36731,14,15,38951,0
36731,14,15,38581,490
36731,14,15,38211,770
36731,14,15,37841,980
36731,14,15,37471,1260
43774,14,15,47110,0
43774,14,15,46740,210
43774,14,15,46370,490
43774,14,15,46000,700
43774,14,15,45630,980
43774,14,15,45260,1190
43774,14,15,44890,1470
28563,14,15,31159,0
28563,14,15,30789,280
28563,14,15,30419,490
28563,14,15,30049,770
28563,14,15,29679,980
28563,14,15,29309,1260
25599,14,15,27451,0
25599,14,15,27081,350
25599,14,15,26711,490
25599,14,15,26341,770
25599,14,15,25971,1050
25599,14,15,25601,1260
44886,14,15,47483,0
44886,14,15,47113,420
44886,14,15,46743,700
44886,14,15,46373,980
44886,14,15,46003,1190
44886,14,15,45633,1470
29678,14,15,32642,0
29678,14,15,32272,210
29678,14,15,31902,490
29678,14,15,31532,700
29678,14,15,31162,980
29678,14,15,30792,1190
29678,14,15,30422,1470
47859,14,15,49341,0
47859,14,15,48971,420
47859,14,15,48601,980
47859,14,15,48231,1470
34129,14,15,37094,0
34129,14,15,36724,210
34129,14,15,36354,420
34129,14,15,35984,700
34129,14,15,35614,980
34129,14,15,35244,1190
34129,14,15,34874,1470
40806,14,15,43772,0
40806,14,15,43402,210
40806,14,15,43032,490
40806,14,15,42662,770
40806,14,15,42292,1050
40806,14,15,41922,1260
30049,14,15,33013,0
30049,14,15,32643,210
30049,14,15,32273,490
30049,14,15,31903,700
30049,14,15,31533,980
30049,14,15,31163,1190
30049,14,15,30793,1470
27085,14,15,29305,0
27085,14,15,28935,420
27085,14,15,28565,630
27085,14,15,28195,910
27085,14,15,27825,1120
27085,14,15,27455,1400
46372,14,15,48597,0
46372,14,15,48227,210
46372,14,15,47857,700
46372,14,15,47487,1190
35240,14,15,37837,0
35240,14,15,37467,210
35240,14,15,37097,490
35240,14,15,36727,700
35240,14,15,36357,980
35240,14,15,35987,1190
35240,14,15,35617,1470
38213,14,15,40065,0
38213,14,15,39695,350
38213,14,15,39325,630
38213,14,15,38955,840
38213,14,15,38585,1120
38213,14,15,38215,1330
45256,14,15,47484,0
45256,14,15,47114,700
45256,14,15,46744,910
45256,14,15,46374,1190
45256,14,15,46004,1470
42292,14,15,45256,0
42292,14,15,44886,280
42292,14,15,44516,560
42292,14,15,44146,840
42292,14,15,43776,1050
42292,14,15,43406,1330
39328,14,15,41548,0
39328,14,15,41178,490
39328,14,15,40808,770
39328,14,15,40438,980
39328,14,15,40068,1260
35611,14,15,38208,0
35611,14,15,37838,210
35611,14,15,37468,490
35611,14,15,37098,700
35611,14,15,36728,980
35611,14,15,36358,1190
35611,14,15,35988,1470
32647,14,15,35610,0
32647,14,15,35240,280
32647,14,15,34870,420
32647,14,15,34500,700
32647,14,15,34130,910
32647,14,15,33760,1190
32647,14,15,33390,1470
47483,14,15,48970,0
47483,14,15,48600,210
47483,14,15,48230,700
47483,14,15,47860,1190
36726,14,15,39691,0
36726,14,15,39321,280
36726,14,15,38951,490
36726,14,15,38581,770
36726,14,15,38211,980
36726,14,15,37841,1260
28567,14,15,30419,0
28567,14,15,30049,280
28567,14,15,29679,420
28567,14,15,29309,700
28567,14,15,28939,910
28567,14,15,28569,1190
28567,14,15,1,1470
47854,14,15,48971,0
47854,14,15,48601,700
47854,14,15,48231,1190
41917,14,15,44515,0
41917,14,15,44145,210
41917,14,15,43775,490
41917,14,15,43405,770
41917,14,15,43035,980
41917,14,15,42665,1260
41917,14,15,42295,1470
44890,14,15,47853,0
44890,14,15,47483,280
44890,14,15,47113,700
44890,14,15,46743,980
44890,14,15,46373,1190
44890,14,15,46003,1470
29682,14,15,31902,0
29682,14,15,31532,420
29682,14,15,31162,700
29682,14,15,30792,910
29682,14,15,30422,1190
29682,14,15,30052,1470
48969,14,15,50084,0
48969,14,15,49714,630
48969,14,15,49344,1120
37837,14,15,40434,0
37837,14,15,40064,210
37837,14,15,39694,490
37837,14,15,39324,770
37837,14,15,38954,980
37837,14,15,38584,1260
37837,14,15,38214,1470
40810,14,15,42662,0
40810,14,15,42292,350
40810,14,15,41922,630
40810,14,15,41552,840
40810,14,15,41182,1120
40810,14,15,40812,1330
27080,14,15,29675,0
27080,14,15,29305,280
27080,14,15,28935,560
27080,14,15,28565,770
27080,14,15,28195,1050
27080,14,15,27825,1260
46376,14,15,47857,0
46376,14,15,47487,280
46376,14,15,47117,770
46376,14,15,46747,980
46376,14,15,46377,1260
31165,14,15,32646,0
31165,14,15,32276,350
31165,14,15,31906,490
31165,14,15,31536,770
31165,14,15,31166,980
31165,14,15,1,1260
38208,14,15,40805,0
38208,14,15,40435,210
38208,14,15,40065,490
38208,14,15,39695,770
38208,14,15,39325,980
38208,14,15,38955,1260
38208,14,15,38585,1470
35244,14,15,38207,0
35244,14,15,37837,280
35244,14,15,37467,490
35244,14,15,37097,700
35244,14,15,36727,980
35244,14,15,36357,1260
35244,14,15,35987,1470
39323,14,15,42288,0
39323,14,15,41918,280
39323,14,15,41548,490
39323,14,15,41178,770
39323,14,15,40808,980
39323,14,15,40438,1260
42296,14,15,44516,0
42296,14,15,44146,560
42296,14,15,43776,770
42296,14,15,43406,1050
42296,14,15,43036,1260
28191,14,15,30418,0
28191,14,15,30048,210
28191,14,15,29678,490
28191,14,15,29308,700
28191,14,15,28938,980
28191,14,15,28568,1260
28191,14,15,28198,1470
32642,14,15,34870,0
32642,14,15,34500,420
32642,14,15,34130,700
32642,14,15,33760,910
32642,14,15,33390,1190
32642,14,15,33020,1400
43408,14,15,45259,0
43408,14,15,44889,280
43408,14,15,44519,490
43408,14,15,44149,770
43408,14,15,43779,980
43408,14,15,43409,1260
35615,14,15,38578,0
35615,14,15,38208,280
35615,14,15,37838,490
35615,14,15,37468,700
35615,14,15,37098,980
35615,14,15,36728,1260
35615,14,15,36358,1470
44514,14,15,47112,0
44514,14,15,46742,420
44514,14,15,46372,700
44514,14,15,46002,910
44514,14,15,45632,1190
44514,14,15,45262,1470
47487,14,15,48970,0
47487,14,15,48600,420
47487,14,15,48230,980
47487,14,15,47860,1470
36730,14,15,38211,0
36730,14,15,37841,350
36730,14,15,37471,560
36730,14,15,37101,770
36730,14,15,36731,1050
36730,14,15,1,1260
28562,14,15,30789,0
28562,14,15,30419,210
28562,14,15,30049,420
28562,14,15,29679,700
28562,14,15,29309,980
28562,14,15,28939,1190
28562,14,15,28569,1470
25598,14,15,28191,0
25598,14,15,27821,350
25598,14,15,27451,630
25598,14,15,27081,840
25598,14,15,26711,1120
25598,14,15,26341,1330
44885,14,15,47483,0
44885,14,15,47113,420
44885,14,15,46743,700
44885,14,15,46373,910
44885,14,15,46003,1190
44885,14,15,45633,1470
29677,14,15,32272,0
29677,14,15,31902,420
29677,14,15,31532,630
29677,14,15,31162,910
29677,14,15,30792,1120
29677,14,15,30422,1400
47858,14,15,49341,0
47858,14,15,48971,490
47858,14,15,48601,1050
41921,14,15,44885,0
41921,14,15,44515,280
41921,14,15,44145,560
41921,14,15,43775,840
41921,14,15,43405,1050
41921,14,15,43035,1330
48973,14,15,50084,0
48973,14,15,49714,280
48973,14,15,49344,840
48973,14,15,48974,1330
33762,14,15,35243,0
33762,14,15,34873,280
33762,14,15,34503,490
33762,14,15,34133,700
33762,14,15,33763,980
33762,14,15,1,1260
40805,14,15,43402,0
40805,14,15,43032,210
40805,14,15,42662,490
40805,14,15,42292,770
40805,14,15,41922,980
40805,14,15,41552,1260
40805,14,15,41182,1470
34868,14,15,37466,0
34868,14,15,37096,140
34868,14,15,36726,420
34868,14,15,36356,700
34868,14,15,35986,910
34868,14,15,35616,1190
34868,14,15,35246,1400
37841,14,15,40804,0
37841,14,15,40434,280
37841,14,15,40064,490
37841,14,15,39694,770
37841,14,15,39324,980
37841,14,15,38954,1260
37841,14,15,38584,1470
27084,14,15,28565,0
27084,14,15,28195,280
27084,14,15,27825,490
27084,14,15,27455,700
27084,14,15,27085,980
27084,14,15,1,1190
31160,14,15,34126,0
31160,14,15,33756,210
31160,14,15,33386,490
31160,14,15,33016,700
31160,14,15,32646,980
31160,14,15,32276,1190
31160,14,15,31906,1470
35239,14,15,37837,0
35239,14,15,37467,210
35239,14,15,37097,490
35239,14,15,36727,700
35239,14,15,36357,980
35239,14,15,35987,1190
35239,14,15,35617,1470
46005,14,15,47486,0
46005,14,15,47116,490
46005,14,15,46746,770
46005,14,15,46376,980
46005,14,15,46006,1260
38212,14,15,41175,0
38212,14,15,40805,280
38212,14,15,40435,490
38212,14,15,40065,770
38212,14,15,39695,980
38212,14,15,39325,1260
38212,14,15,38955,1470
32275,14,15,35239,0
32275,14,15,34869,280
32275,14,15,34499,490
32275,14,15,34129,770
32275,14,15,33759,980
32275,14,15,33389,1260
50084,14,15,51567,0
50084,14,15,51197,490
50084,14,15,50827,980
50084,14,15,50457,1470
39327,14,15,40808,0
39327,14,15,40438,350
39327,14,15,40068,560
39327,14,15,39698,770
39327,14,15,39328,1050
39327,14,15,1,1260
24116,14,15,25597,0
24116,14,15,25227,350
24116,14,15,24857,560
24116,14,15,24487,770
24116,14,15,24117,1050
24116,14,15,1,1260
43403,14,15,46739,0
43403,14,15,46369,210
43403,14,15,45999,490
43403,14,15,45629,700
43403,14,15,45259,980
43403,14,15,44889,1190
43403,14,15,44519,1470
28195,14,15,30788,0
28195,14,15,30418,350
28195,14,15,30048,560
28195,14,15,29678,770
28195,14,15,29308,1050
28195,14,15,28938,1260
40439,14,15,42291,0
40439,14,15,41921,350
40439,14,15,41551,630
40439,14,15,41181,840
40439,14,15,40811,1120
40439,14,15,40441,1330
32646,14,15,35610,0
32646,14,15,35240,280
32646,14,15,34870,490
32646,14,15,34500,770
32646,14,15,34130,980
32646,14,15,33760,1260
47482,14,15,48600,0
47482,14,15,48230,700
47482,14,15,47860,1190
50455,14,15,51938,0
50455,14,15,51568,490
50455,14,15,51198,980
50455,14,15,50828,1470
44518,14,15,47482,0
44518,14,15,47112,490
44518,14,15,46742,770
44518,14,15,46372,1050
44518,14,15,46002,1260
36359,14,15,37840,0
36359,14,15,37470,350
36359,14,15,37100,560
36359,14,15,36730,770
36359,14,15,36360,1050
36359,14,15,1,1260
28566,14,15,31159,0
28566,14,15,30789,350
28566,14,15,30419,490
28566,14,15,30049,770
28566,14,15,29679,1050
28566,14,15,29309,1260
44889,14,15,47853,0
44889,14,15,47483,280
44889,14,15,47113,770
44889,14,15,46743,1050
44889,14,15,46373,1260
29681,14,15,31162,0
29681,14,15,30792,280
29681,14,15,30422,420
29681,14,15,30052,700
29681,14,15,29682,910
29681,14,15,1,1190
41925,14,15,44145,0
41925,14,15,43775,560
41925,14,15,43405,770
41925,14,15,43035,1050
41925,14,15,42665,1260
33757,14,15,36723,0
33757,14,15,36353,210
33757,14,15,35983,490
33757,14,15,35613,700
33757,14,15,35243,980
33757,14,15,34873,1190
33757,14,15,34503,1470
30793,14,15,32645,0
30793,14,15,32275,280
30793,14,15,31905,560
30793,14,15,31535,840
30793,14,15,31165,1050
30793,14,15,30795,1330
48602,14,15,49713,0
48602,14,15,49343,280
48602,14,15,48973,840
48602,14,15,48603,1330
37836,14,15,40434,0
37836,14,15,40064,210
37836,14,15,39694,490
37836,14,15,39324,700
37836,14,15,38954,980
37836,14,15,38584,1260
37836,14,15,38214,1470
40809,14,15,43772,0
40809,14,15,43402,280
40809,14,15,43032,490
40809,14,15,42662,770
40809,14,15,42292,980
40809,14,15,41922,1260
40809,14,15,41552,1470
34872,14,15,37836,0
34872,14,15,37466,280
34872,14,15,37096,490
34872,14,15,36726,770
34872,14,15,36356,980
34872,14,15,35986,1260
26713,14,15,28194,0
26713,14,15,27824,280
26713,14,15,27454,490
26713,14,15,27084,770
26713,14,15,26714,980
26713,14,15,1,1260
46000,14,15,48226,0
46000,14,15,47856,490
46000,14,15,47486,980
46000,14,15,47116,1470
31164,14,15,33016,0
31164,14,15,32646,280
31164,14,15,32276,560
31164,14,15,31906,840
31164,14,15,31536,1050
31164,14,15,31166,1330
43036,14,15,44888,0
43036,14,15,44518,350
43036,14,15,44148,630
43036,14,15,43778,840
43036,14,15,43408,1120
43036,14,15,43038,1400
35243,14,15,38207,0
35243,14,15,37837,280
35243,14,15,37467,560
35243,14,15,37097,770
35243,14,15,36727,1050
35243,14,15,36357,1330
47115,14,15,48969,0
47115,14,15,48599,280
47115,14,15,48229,770
47115,14,15,47859,1260
32279,14,15,34499,0
32279,14,15,34129,420
32279,14,15,33759,700
32279,14,15,33389,910
32279,14,15,33019,1190
32279,14,15,32649,1470
40434,14,15,43031,0
40434,14,15,42661,210
40434,14,15,42291,490
40434,14,15,41921,770
40434,14,15,41551,980
40434,14,15,41181,1260
40434,14,15,40811,1470
25226,14,15,27820,0
25226,14,15,27450,420
25226,14,15,27080,630
25226,14,15,26710,910
25226,14,15,26340,1120
25226,14,15,25970,1400
43407,14,15,45629,0
43407,14,15,45259,280
43407,14,15,44889,560
43407,14,15,44519,840
43407,14,15,44149,1050
43407,14,15,43779,1330
47486,14,15,48970,0
47486,14,15,48600,490
47486,14,15,48230,1050
44522,14,15,47112,0
44522,14,15,46742,420
44522,14,15,46372,700
44522,14,15,46002,910
44522,14,15,45632,1190
44522,14,15,45262,1400
36354,14,15,39320,0
36354,14,15,38950,210
36354,14,15,38580,490
36354,14,15,38210,770
36354,14,15,37840,1050
36354,14,15,37470,1260
33390,14,15,35242,0
33390,14,15,34872,280
33390,14,15,34502,560
33390,14,15,34132,770
33390,14,15,33762,1050
33390,14,15,33392,1330
25597,14,15,28191,0
25597,14,15,27821,350
25597,14,15,27451,630
25597,14,15,27081,910
25597,14,15,26711,1120
25597,14,15,26341,1400
37469,14,15,40433,0
37469,14,15,40063,280
37469,14,15,39693,560
37469,14,15,39323,840
37469,14,15,38953,1050
37469,14,15,38583,1330
49713,14,15,51196,0
49713,14,15,50826,490
49713,14,15,50456,980
49713,14,15,50086,1470
41920,14,15,44885,0
41920,14,15,44515,280
41920,14,15,44145,490
41920,14,15,43775,770
41920,14,15,43405,1050
41920,14,15,43035,1260
30788,14,15,33015,0
30788,14,15,32645,420
30788,14,15,32275,630
30788,14,15,31905,910
30788,14,15,31535,1120
30788,14,15,31165,1400
48597,14,15,49713,0
48597,14,15,49343,630
48597,14,15,48973,1120
27824,14,15,30417,0
27824,14,15,30047,350
27824,14,15,29677,560
27824,14,15,29307,770
27824,14,15,28937,1050
27824,14,15,28567,1260
40804,14,15,43402,0
40804,14,15,43032,210
40804,14,15,42662,490
40804,14,15,42292,700
40804,14,15,41922,980
40804,14,15,41552,1260
40804,14,15,41182,1470
45633,14,15,47485,0
45633,14,15,47115,560
45633,14,15,46745,840
45633,14,15,46375,1050
45633,14,15,46005,1330
33761,14,15,35613,0
33761,14,15,35243,280
33761,14,15,34873,560
33761,14,15,34503,770
33761,14,15,34133,1050
33761,14,15,33763,1330
37840,14,15,40804,0
37840,14,15,40434,280
37840,14,15,40064,560
37840,14,15,39694,840
37840,14,15,39324,1050
37840,14,15,38954,1330
34876,14,15,37096,0
34876,14,15,36726,490
34876,14,15,36356,770
34876,14,15,35986,980
34876,14,15,35616,1260
34876,14,15,35246,1470
26708,14,15,29304,0
26708,14,15,28934,280
26708,14,15,28564,560
26708,14,15,28194,840
26708,14,15,27824,1050
26708,14,15,27454,1330
38952,14,15,41917,0
38952,14,15,41547,280
38952,14,15,41177,490
38952,14,15,40807,770
38952,14,15,40437,980
38952,14,15,40067,1260
31159,14,15,33756,0
31159,14,15,33386,140
31159,14,15,33016,420
31159,14,15,32646,700
31159,14,15,32276,910
31159,14,15,31906,1190
31159,14,15,31536,1470
43031,14,15,45628,0
43031,14,15,45258,210
43031,14,15,44888,490
43031,14,15,44518,770
43031,14,15,44148,980
43031,14,15,43778,1260
46004,14,15,47856,0
46004,14,15,47486,280
46004,14,15,47116,840
46004,14,15,46746,1050
46004,14,15,46376,1330
40067,14,15,43030,0
40067,14,15,42660,280
40067,14,15,42290,490
40067,14,15,41920,770
40067,14,15,41550,980
40067,14,15,41180,1260
40067,14,15,40810,1470
47110,14,15,48599,0
47110,14,15,48229,420
47110,14,15,47859,910
47110,14,15,47489,1400
32274,14,15,35239,0
32274,14,15,34869,210
32274,14,15,34499,420
32274,14,15,34129,700
32274,14,15,33759,980
32274,14,15,33389,1190
32274,14,15,33019,1470
50083,14,15,51197,0
50083,14,15,50827,700
50083,14,15,50457,1190
47119,14,15,48599,0
47119,14,15,48229,420
47119,14,15,47859,910
47119,14,15,47489,1400
24115,14,15,25967,0
24115,14,15,25597,350
24115,14,15,25227,560
24115,14,15,24857,840
24115,14,15,24487,1050
24115,14,15,24117,1330
35987,14,15,37839,0
35987,14,15,37469,350
35987,14,15,37099,630
35987,14,15,36729,840
35987,14,15,36359,1120
35987,14,15,35989,1330
43402,14,15,46369,0
43402,14,15,45999,210
43402,14,15,45629,420
43402,14,15,45259,700
43402,14,15,44889,980
43402,14,15,44519,1190
43402,14,15,44149,1470
28194,14,15,30788,0
28194,14,15,30418,350
28194,14,15,30048,560
28194,14,15,29678,840
28194,14,15,29308,1120
28194,14,15,28938,1330
40438,14,15,43401,0
40438,14,15,43031,280
40438,14,15,42661,490
40438,14,15,42291,770
40438,14,15,41921,980
40438,14,15,41551,1260
40438,14,15,41181,1470
25230,14,15,27450,0
25230,14,15,27080,420
25230,14,15,26710,630
25230,14,15,26340,910
25230,14,15,25970,1190
25230,14,15,25600,1400
47481,14,15,48600,0
47481,14,15,48230,630
47481,14,15,47860,1120
44517,14,15,47482,0
44517,14,15,47112,490
44517,14,15,46742,700
44517,14,15,46372,980
44517,14,15,46002,1190
44517,14,15,45632,1470
29306,14,15,31901,0
29306,14,15,31531,280
29306,14,15,31161,490
29306,14,15,30791,770
29306,14,15,30421,980
29306,14,15,30051,1260
29306,14,15,29681,1470
33385,14,15,35982,0
33385,14,15,35612,140
33385,14,15,35242,420
33385,14,15,34872,700
33385,14,15,34502,910
33385,14,15,34132,1190
33385,14,15,33762,1400
36358,14,15,38210,0
36358,14,15,37840,350
36358,14,15,37470,630
36358,14,15,37100,840
36358,14,15,36730,1120
36358,14,15,36360,1330
30421,14,15,33014,0
30421,14,15,32644,420
30421,14,15,32274,630
30421,14,15,31904,910
30421,14,15,31534,1120
30421,14,15,31164,1400
37473,14,15,39693,0
37473,14,15,39323,490
37473,14,15,38953,770
37473,14,15,38583,980
37473,14,15,38213,1260
41549,14,15,44514,0
41549,14,15,44144,280
41549,14,15,43774,490
41549,14,15,43404,770
41549,14,15,43034,1050
41549,14,15,42664,1260
33756,14,15,36353,0
33756,14,15,35983,140
33756,14,15,35613,420
33756,14,15,35243,700
33756,14,15,34873,910
33756,14,15,34503,1190
33756,14,15,34133,1400
27819,14,15,30047,0
27819,14,15,29677,210
27819,14,15,29307,490
27819,14,15,28937,700
27819,14,15,28567,980
27819,14,15,28197,1260
27819,14,15,27827,1470
30792,14,15,33755,0
30792,14,15,33385,280
30792,14,15,33015,490
30792,14,15,32645,700
30792,14,15,32275,980
30792,14,15,31905,1190
30792,14,15,31535,1470
45628,14,15,47855,0
45628,14,15,47485,420
45628,14,15,47115,980
45628,14,15,46745,1190
45628,14,15,46375,1470
48601,14,15,50083,0
48601,14,15,49713,490
48601,14,15,49343,1050
42664,14,15,45627,0
42664,14,15,45257,350
42664,14,15,44887,490
42664,14,15,44517,770
42664,14,15,44147,980
42664,14,15,43777,1260
34871,14,15,37836,0
34871,14,15,37466,210
34871,14,15,37096,490
34871,14,15,36726,700
34871,14,15,36356,980
34871,14,15,35986,1190
34871,14,15,35616,1470
26712,14,15,28564,0
26712,14,15,28194,350
26712,14,15,27824,490
26712,14,15,27454,770
26712,14,15,27084,1050
26712,14,15,26714,1260
38956,14,15,40437,0
38956,14,15,40067,350
38956,14,15,39697,560
38956,14,15,39327,770
38956,14,15,38957,1050
38956,14,15,1,1260
45999,14,15,48226,0
45999,14,15,47856,210
45999,14,15,47486,700
45999,14,15,47116,1190
45999,14,15,46746,1470
40062,14,15,42660,0
40062,14,15,42290,210
40062,14,15,41920,490
40062,14,15,41550,700
40062,14,15,41180,980
40062,14,15,40810,1260
40062,14,15,40440,1470
43035,14,15,45998,0
43035,14,15,45628,350
43035,14,15,45258,490
43035,14,15,44888,770
43035,14,15,44518,980
43035,14,15,44148,1260
47114,14,15,48969,0
47114,14,15,48599,210
47114,14,15,48229,700
47114,14,15,47859,1190
31903,14,15,34868,0
31903,14,15,34498,210
31903,14,15,34128,420
31903,14,15,33758,700
31903,14,15,33388,910
31903,14,15,33018,1190
31903,14,15,32648,1400
35982,14,15,38579,0
35982,14,15,38209,210
35982,14,15,37839,490
35982,14,15,37469,770
35982,14,15,37099,980
35982,14,15,36729,1260
35982,14,15,36359,1470
33018,14,15,35981,0
33018,14,15,35611,280
33018,14,15,35241,420
33018,14,15,34871,700
33018,14,15,34501,910
33018,14,15,34131,1190
33018,14,15,33761,1470
40433,14,15,43031,0
40433,14,15,42661,210
40433,14,15,42291,490
40433,14,15,41921,700
40433,14,15,41551,980
40433,14,15,41181,1260
40433,14,15,40811,1470
25225,14,15,27820,0
25225,14,15,27450,280
25225,14,15,27080,560
25225,14,15,26710,770
25225,14,15,26340,1050
25225,14,15,25970,1330
26337,14,15,28933,0
26337,14,15,28563,280
26337,14,15,28193,560
26337,14,15,27823,840
26337,14,15,27453,1050
26337,14,15,27083,1330
29310,14,15,30421,0
29310,14,15,30051,420
29310,14,15,29681,700
29310,14,15,29311,910
29310,14,15,1,1190
36353,14,15,38950,0
36353,14,15,38580,210
36353,14,15,38210,490
36353,14,15,37840,770
36353,14,15,37470,980
36353,14,15,37100,1260
36353,14,15,36730,1470
33389,14,15,36352,0
33389,14,15,35982,280
33389,14,15,35612,420
33389,14,15,35242,700
33389,14,15,34872,910
33389,14,15,34502,1190
33389,14,15,34132,1470
37468,14,15,40433,0
37468,14,15,40063,280
37468,14,15,39693,490
37468,14,15,39323,770
37468,14,15,38953,980
37468,14,15,38583,1260
49712,14,15,50826,0
49712,14,15,50456,700
49712,14,15,50086,1190
41553,14,15,43034,0
41553,14,15,42664,350
41553,14,15,42294,560
41553,14,15,41924,840
41553,14,15,41554,1050
41553,14,15,1,1330
42659,14,15,45257,0
42659,14,15,44887,210
42659,14,15,44517,490
42659,14,15,44147,770
42659,14,15,43777,980
42659,14,15,43407,1260
42659,14,15,43037,1470
27823,14,15,30417,0
27823,14,15,30047,350
27823,14,15,29677,630
27823,14,15,29307,840
27823,14,15,28937,1120
27823,14,15,28567,1330
45632,14,15,48225,0
45632,14,15,47855,280
45632,14,15,47485,700
45632,14,15,47115,1190
45632,14,15,46745,1470
26707,14,15,28934,0
26707,14,15,28564,210
26707,14,15,28194,560
26707,14,15,27824,840
26707,14,15,27454,1050
26707,14,15,27084,1330
38951,14,15,41917,0
38951,14,15,41547,210
38951,14,15,41177,490
38951,14,15,40807,770
38951,14,15,40437,1050
38951,14,15,40067,1260
43030,14,15,45628,0
43030,14,15,45258,210
43030,14,15,44888,490
43030,14,15,44518,770
43030,14,15,44148,980
43030,14,15,43778,1260
43030,14,15,43408,1470
40066,14,15,43030,0
40066,14,15,42660,280
40066,14,15,42290,560
40066,14,15,41920,840
40066,14,15,41550,1050
40066,14,15,41180,1330
47118,14,15,48229,0
47118,14,15,47859,280
47118,14,15,47489,770
47118,14,15,47119,1260
31907,14,15,33388,0
31907,14,15,33018,280
31907,14,15,32648,490
31907,14,15,32278,700
31907,14,15,31908,980
31907,14,15,1,1190
33013,14,15,35241,0
33013,14,15,34871,420
33013,14,15,34501,700
33013,14,15,34131,910
33013,14,15,33761,1190
33013,14,15,33391,1400
35986,14,15,38949,0
35986,14,15,38579,280
35986,14,15,38209,490
35986,14,15,37839,770
35986,14,15,37469,980
35986,14,15,37099,1260
35986,14,15,36729,1470
48230,14,15,49712,0
48230,14,15,49342,490
48230,14,15,48972,1050
29305,14,15,31901,0
29305,14,15,31531,210
29305,14,15,31161,490
29305,14,15,30791,770
29305,14,15,30421,980
29305,14,15,30051,1260
26341,14,15,28193,0
26341,14,15,27823,350
26341,14,15,27453,560
26341,14,15,27083,770
26341,14,15,26713,1050
26341,14,15,26343,1260
44150,14,15,46001,0
44150,14,15,45631,280
44150,14,15,45261,490
44150,14,15,44891,770
44150,14,15,44521,980
44150,14,15,44151,1260
33384,14,15,35612,0
33384,14,15,35242,420
33384,14,15,34872,700
33384,14,15,34502,910
33384,14,15,34132,1190
33384,14,15,33762,1400
30420,14,15,33384,0
30420,14,15,33014,210
30420,14,15,32644,490
30420,14,15,32274,700
30420,14,15,31904,980
30420,14,15,31534,1190
30420,14,15,31164,1470
41548,14,15,44514,0
41548,14,15,44144,210
41548,14,15,43774,560
41548,14,15,43404,770
41548,14,15,43034,1050
41548,14,15,42664,1260
38584,14,15,40436,0
38584,14,15,40066,350
38584,14,15,39696,630
38584,14,15,39326,840
38584,14,15,38956,1120
38584,14,15,38586,1330
45627,14,15,47855,0
45627,14,15,47485,420
45627,14,15,47115,910
45627,14,15,46745,1190
45627,14,15,46375,1470
48600,14,15,50083,0
48600,14,15,49713,490
48600,14,15,49343,980
48600,14,15,48973,1470
42663,14,15,45627,0
42663,14,15,45257,280
42663,14,15,44887,560
42663,14,15,44517,840
42663,14,15,44147,1050
42663,14,15,43777,1330
27827,14,15,30047,0
27827,14,15,29677,420
27827,14,15,29307,630
27827,14,15,28937,840
27827,14,15,28567,1120
27827,14,15,28197,1400
34504,14,15,35985,0
34504,14,15,35615,280
34504,14,15,35245,490
34504,14,15,34875,700
34504,14,15,34505,980
34504,14,15,1,1260
38955,14,15,40807,0
38955,14,15,40437,350
38955,14,15,40067,630
38955,14,15,39697,840
38955,14,15,39327,1120
38955,14,15,38957,1330
43034,14,15,45998,0
43034,14,15,45628,280
43034,14,15,45258,560
43034,14,15,44888,840
43034,14,15,44518,1050
43034,14,15,44148,1330
40070,14,15,42290,0
40070,14,15,41920,490
40070,14,15,41550,770
40070,14,15,41180,980
40070,14,15,40810,1260
24859,14,15,27079,0
24859,14,15,26709,490
24859,14,15,26339,700
24859,14,15,25969,980
24859,14,15,25599,1260
24859,14,15,25229,1470
31902,14,15,34868,0
31902,14,15,34498,210
31902,14,15,34128,420
31902,14,15,33758,700
31902,14,15,33388,910
31902,14,15,33018,1190
31902,14,15,32648,1470
28938,14,15,30790,0
28938,14,15,30420,280
28938,14,15,30050,420
28938,14,15,29680,700
28938,14,15,29310,910
28938,14,15,28940,1190
28938,14,15,1,1470
46747,14,15,47858,0
46747,14,15,47488,490
46747,14,15,47118,980
46747,14,15,46748,1260
35981,14,15,38579,0
35981,14,15,38209,210
35981,14,15,37839,490
35981,14,15,37469,770
35981,14,15,37099,980
35981,14,15,36729,1260
35981,14,15,36359,1470
33017,14,15,35981,0
33017,14,15,35611,280
33017,14,15,35241,490
33017,14,15,34871,770
33017,14,15,34501,980
33017,14,15,34131,1260
48225,14,15,49342,0
48225,14,15,48972,630
48225,14,15,48602,1120
37102,14,15,39322,0
37102,14,15,38952,490
37102,14,15,38582,770
37102,14,15,38212,980
37102,14,15,37842,1260
29309,14,15,31161,0
29309,14,15,30791,280
29309,14,15,30421,420
29309,14,15,30051,700
29309,14,15,29681,910
29309,14,15,29311,1190
29309,14,15,1,1470
44145,14,15,47481,0
44145,14,15,47111,210
44145,14,15,46741,490
44145,14,15,46371,700
44145,14,15,46001,980
44145,14,15,45631,1190
44145,14,15,45261,1470
41181,14,15,43033,0
41181,14,15,42663,350
41181,14,15,42293,630
41181,14,15,41923,840
41181,14,15,41553,1120
41181,14,15,41183,1330
33388,14,15,36352,0
33388,14,15,35982,280
33388,14,15,35612,490
33388,14,15,35242,770
33388,14,15,34872,980
33388,14,15,34502,1260
30424,14,15,32644,0
30424,14,15,32274,420
30424,14,15,31904,700
30424,14,15,31534,910
30424,14,15,31164,1190
30424,14,15,30794,1470
38579,14,15,41176,0
38579,14,15,40806,210
38579,14,15,40436,490
38579,14,15,40066,770
38579,14,15,39696,980
38579,14,15,39326,1260
38579,14,15,38956,1470
41552,14,15,43404,0
41552,14,15,43034,350
41552,14,15,42664,630
41552,14,15,42294,840
41552,14,15,41924,1120
41552,14,15,41554,1400
27822,14,15,30417,0
27822,14,15,30047,280
27822,14,15,29677,560
27822,14,15,29307,770
27822,14,15,28937,1050
27822,14,15,28567,1260
45631,14,15,48225,0
45631,14,15,47855,280
45631,14,15,47485,770
45631,14,15,47115,1260
42667,14,15,44887,0
42667,14,15,44517,560
42667,14,15,44147,770
42667,14,15,43777,1050
42667,14,15,43407,1260
27456,14,15,29676,0
27456,14,15,29306,420
27456,14,15,28936,630
27456,14,15,28566,910
27456,14,15,28196,1120
27456,14,15,27826,1400
34499,14,15,37465,0
34499,14,15,37095,210
34499,14,15,36725,490
34499,14,15,36355,700
34499,14,15,35985,980
34499,14,15,35615,1190
34499,14,15,35245,1470
31535,14,15,33387,0
31535,14,15,33017,280
31535,14,15,32647,560
31535,14,15,32277,770
31535,14,15,31907,1050
31535,14,15,31537,1260
38950,14,15,41547,0
38950,14,15,41177,210
38950,14,15,40807,490
38950,14,15,40437,770
38950,14,15,40067,980
38950,14,15,39697,1260
38950,14,15,39327,1470
40065,14,15,43030,0
40065,14,15,42660,280
40065,14,15,42290,490
40065,14,15,41920,770
40065,14,15,41550,980
40065,14,15,41180,1260
28933,14,15,31160,0
28933,14,15,30790,210
28933,14,15,30420,420
28933,14,15,30050,700
28933,14,15,29680,980
28933,14,15,29310,1190
28933,14,15,28940,1470
39699,14,15,41919,0
39699,14,15,41549,490
39699,14,15,41179,770
39699,14,15,40809,980
39699,14,15,40439,1260
31906,14,15,33758,0
31906,14,15,33388,280
31906,14,15,33018,560
31906,14,15,32648,770
31906,14,15,32278,1050
31906,14,15,31908,1260
25969,14,15,28562,0
25969,14,15,28192,350
25969,14,15,27822,630
25969,14,15,27452,840
25969,14,15,27082,1120
25969,14,15,26712,1330
46742,14,15,48598,0
46742,14,15,48228,490
46742,14,15,47858,980
46742,14,15,47488,1470
43778,14,15,46000,0
43778,14,15,45630,280
43778,14,15,45260,560
43778,14,15,44890,840
43778,14,15,44520,1050
43778,14,15,44150,1330
35985,14,15,38949,0
35985,14,15,38579,280
35985,14,15,38209,560
35985,14,15,37839,840
35985,14,15,37469,1050
35985,14,15,37099,1330
48229,14,15,49712,0
48229,14,15,49342,490
48229,14,15,48972,980
48229,14,15,48602,1470
33021,14,15,35241,0
33021,14,15,34871,420
33021,14,15,34501,700
33021,14,15,34131,910
33021,14,15,33761,1190
33021,14,15,33391,1470
37097,14,15,40062,0
37097,14,15,39692,280
37097,14,15,39322,490
37097,14,15,38952,770
37097,14,15,38582,980
37097,14,15,38212,1260
29304,14,15,31531,0
29304,14,15,31161,210
29304,14,15,30791,420
29304,14,15,30421,700
29304,14,15,30051,980
29304,14,15,29681,1190
29304,14,15,29311,1470
34133,14,15,35614,0
34133,14,15,35244,280
34133,14,15,34874,490
34133,14,15,34504,700
34133,14,15,34134,980
34133,14,15,1,1260
41176,14,15,43773,0
41176,14,15,43403,210
41176,14,15,43033,490
41176,14,15,42663,770
41176,14,15,42293,980
41176,14,15,41923,1260
41176,14,15,41553,1470
26340,14,15,28933,0
26340,14,15,28563,350
26340,14,15,28193,630
26340,14,15,27823,840
26340,14,15,27453,1120
26340,14,15,27083,1330
44149,14,15,46371,0
44149,14,15,46001,280
44149,14,15,45631,560
44149,14,15,45261,840
44149,14,15,44891,1050
44149,14,15,44521,1330
30419,14,15,33014,0
30419,14,15,32644,420
30419,14,15,32274,630
30419,14,15,31904,910
30419,14,15,31534,1120
30419,14,15,31164,1400
30053,14,15,32273,0
30053,14,15,31903,420
30053,14,15,31533,700
30053,14,15,31163,910
30053,14,15,30793,1190
30053,14,15,30423,1470
41547,14,15,44144,0
41547,14,15,43774,210
41547,14,15,43404,490
41547,14,15,43034,770
41547,14,15,42664,980
41547,14,15,42294,1260
38583,14,15,41546,0
38583,14,15,41176,280
38583,14,15,40806,490
38583,14,15,40436,770
38583,14,15,40066,980
38583,14,15,39696,1260
38583,14,15,39326,1470
42662,14,15,45627,0
42662,14,15,45257,280
42662,14,15,44887,490
42662,14,15,44517,770
42662,14,15,44147,1050
42662,14,15,43777,1260
27451,14,15,30046,0
27451,14,15,29676,280
27451,14,15,29306,560
27451,14,15,28936,770
27451,14,15,28566,1050
27451,14,15,28196,1260
45260,14,15,47854,0
45260,14,15,47484,490
45260,14,15,47114,1050
45260,14,15,46744,1260
24487,14,15,25968,0
24487,14,15,25598,350
24487,14,15,25228,560
24487,14,15,24858,770
24487,14,15,24488,1050
24487,14,15,1,1260
31530,14,15,33757,0
31530,14,15,33387,420
31530,14,15,33017,630
31530,14,15,32647,910
31530,14,15,32277,1190
31530,14,15,31907,1400
34503,14,15,36355,0
34503,14,15,35985,280
34503,14,15,35615,560
34503,14,15,35245,770
34503,14,15,34875,1050
34503,14,15,34505,1330
24858,14,15,26339,0
24858,14,15,25969,350
24858,14,15,25599,560
24858,14,15,25229,770
24858,14,15,24859,1050
24858,14,15,1,1260
39694,14,15,42659,0
39694,14,15,42289,280
39694,14,15,41919,490
39694,14,15,41549,770
39694,14,15,41179,980
39694,14,15,40809,1260
31901,14,15,34128,0
31901,14,15,33758,420
31901,14,15,33388,630
31901,14,15,33018,910
31901,14,15,32648,1190
31901,14,15,32278,1400
43773,14,15,46740,0
43773,14,15,46370,210
43773,14,15,46000,420
43773,14,15,45630,700
43773,14,15,45260,980
43773,14,15,44890,1190
43773,14,15,44520,1470
28937,14,15,31530,0
28937,14,15,31160,350
28937,14,15,30790,490
28937,14,15,30420,770
28937,14,15,30050,980
28937,14,15,29680,1260
46746,14,15,48228,0
46746,14,15,47858,280
46746,14,15,47488,840
46746,14,15,47118,1330
33016,14,15,35981,0
33016,14,15,35611,210
33016,14,15,35241,420
33016,14,15,34871,700
33016,14,15,34501,980
33016,14,15,34131,1190
33016,14,15,33761,1470
34128,14,15,37094,0
34128,14,15,36724,210
34128,14,15,36354,490
34128,14,15,35984,700
34128,14,15,35614,980
34128,14,15,35244,1190
34128,14,15,34874,1470
37101,14,15,38582,0
37101,14,15,38212,350
37101,14,15,37842,560
37101,14,15,37472,770
37101,14,15,37102,1050
37101,14,15,1,1260
44144,14,15,47111,0
44144,14,15,46741,210
44144,14,15,46371,420
44144,14,15,46001,700
44144,14,15,45631,980
44144,14,15,45261,1190
44144,14,15,44891,1470
41180,14,15,44143,0
41180,14,15,43773,280
41180,14,15,43403,490
41180,14,15,43033,770
41180,14,15,42663,980
41180,14,15,42293,1260
41180,14,15,41923,1470
30048,14,15,32643,0
30048,14,15,32273,420
30048,14,15,31903,630
30048,14,15,31533,910
30048,14,15,31163,1120
30048,14,15,30793,1400
46371,14,15,48597,0
46371,14,15,48227,210
46371,14,15,47857,700
46371,14,15,47487,1190
38578,14,15,41176,0
38578,14,15,40806,210
38578,14,15,40436,490
38578,14,15,40066,700
38578,14,15,39696,980
38578,14,15,39326,1260
38578,14,15,38956,1470
49344,14,15,50455,0
49344,14,15,50085,280
49344,14,15,49715,840
49344,14,15,49345,1330
27455,14,15,28936,0
27455,14,15,28566,280
27455,14,15,28196,420
27455,14,15,27826,700
27455,14,15,27456,980
27455,14,15,1,1190
42291,14,15,45256,0
42291,14,15,44886,280
42291,14,15,44516,490
42291,14,15,44146,770
42291,14,15,43776,1050
42291,14,15,43406,1260
34498,14,15,37095,0
34498,14,15,36725,140
34498,14,15,36355,420
34498,14,15,35985,700
34498,14,15,35615,910
34498,14,15,35245,1190
34498,14,15,34875,1400
45264,14,15,47484,0
45264,14,15,47114,700
45264,14,15,46744,910
45264,14,15,46374,1190
45264,14,15,46004,1400
31534,14,15,34497,0
31534,14,15,34127,280
31534,14,15,33757,420
31534,14,15,33387,700
31534,14,15,33017,910
31534,14,15,32647,1190
31534,14,15,32277,1400
35610,14,15,38208,0
35610,14,15,37838,210
35610,14,15,37468,490
35610,14,15,37098,700
35610,14,15,36728,980
35610,14,15,36358,1190
35610,14,15,35988,1470
36725,14,15,39691,0
36725,14,15,39321,210
36725,14,15,38951,490
36725,14,15,38581,770
36725,14,15,38211,1050
36725,14,15,37841,1260
39698,14,15,41179,0
39698,14,15,40809,350
39698,14,15,40439,560
39698,14,15,40069,770
39698,14,15,39699,1050
39698,14,15,1,1260
46741,14,15,48598,0
46741,14,15,48228,210
46741,14,15,47858,700
46741,14,15,47488,1190
25968,14,15,28562,0
25968,14,15,28192,420
25968,14,15,27822,630
25968,14,15,27452,910
25968,14,15,27082,1120
25968,14,15,26712,1400
43777,14,15,47110,0
43777,14,15,46740,280
43777,14,15,46370,420
43777,14,15,46000,700
43777,14,15,45630,980
43777,14,15,45260,1190
43777,14,15,44890,1470
47853,14,15,48971,0
47853,14,15,48601,630
47853,14,15,48231,1120
37096,14,15,40062,0
37096,14,15,39692,210
37096,14,15,39322,490
37096,14,15,38952,770
37096,14,15,38582,1050
37096,14,15,38212,1260
34132,14,15,35984,0
34132,14,15,35614,280
34132,14,15,35244,560
34132,14,15,34874,770
34132,14,15,34504,1050
34132,14,15,34134,1330
41175,14,15,43773,0
41175,14,15,43403,210
41175,14,15,43033,490
41175,14,15,42663,700
41175,14,15,42293,980
41175,14,15,41923,1260
41175,14,15,41553,1470
23375,14,15,25595,0
23375,14,15,25225,490
23375,14,15,24855,700
23375,14,15,24485,980
23375,14,15,24115,1190
23375,14,15,23745,1470
27079,14,15,29675,0
27079,14,15,29305,210
27079,14,15,28935,560
27079,14,15,28565,770
27079,14,15,28195,1050
27079,14,15,27825,1330
30052,14,15,31533,0
30052,14,15,31163,280
30052,14,15,30793,420
30052,14,15,30423,700
30052,14,15,30053,980
30052,14,15,1,1190
46375,14,15,47857,0
46375,14,15,47487,560
46375,14,15,47117,1050
46375,14,15,46747,1330
38207,14,15,40805,0
38207,14,15,40435,210
38207,14,15,40065,490
38207,14,15,39695,700
38207,14,15,39325,980
38207,14,15,38955,1260
38207,14,15,38585,1470
27450,14,15,30046,0
27450,14,15,29676,210
27450,14,15,29306,560
27450,14,15,28936,770
27450,14,15,28566,1050
27450,14,15,28196,1330
45259,14,15,47854,0
45259,14,15,47484,490
45259,14,15,47114,980
45259,14,15,46744,1190
45259,14,15,46374,1470
39322,14,15,42288,0
39322,14,15,41918,210
39322,14,15,41548,490
39322,14,15,41178,770
39322,14,15,40808,1050
39322,14,15,40438,1260
24486,14,15,26338,0
24486,14,15,25968,350
24486,14,15,25598,560
24486,14,15,25228,840
24486,14,15,24858,1050
24486,14,15,24488,1330
42295,14,15,43776,0
42295,14,15,43406,350
42295,14,15,43036,560
42295,14,15,42666,840
42295,14,15,42296,1050
42295,14,15,1,1330
35614,14,15,38578,0
35614,14,15,38208,280
35614,14,15,37838,560
35614,14,15,37468,770
35614,14,15,37098,1050
35614,14,15,36728,1330
32650,14,15,34870,0
32650,14,15,34500,420
32650,14,15,34130,700
32650,14,15,33760,910
32650,14,15,33390,1190
32650,14,15,33020,1470
24857,14,15,26709,0
24857,14,15,26339,350
24857,14,15,25969,560
24857,14,15,25599,840
24857,14,15,25229,1050
24857,14,15,24859,1330
39693,14,15,42659,0
39693,14,15,42289,210
39693,14,15,41919,490
39693,14,15,41549,770
39693,14,15,41179,1050
39693,14,15,40809,1260
36729,14,15,38581,0
36729,14,15,38211,350
36729,14,15,37841,630
36729,14,15,37471,840
36729,14,15,37101,1120
36729,14,15,36731,1330
43772,14,15,46370,0
43772,14,15,46000,420
43772,14,15,45630,700
43772,14,15,45260,910
43772,14,15,44890,1190
43772,14,15,44520,1470
25972,14,15,28192,0
25972,14,15,27822,420
25972,14,15,27452,700
25972,14,15,27082,910
25972,14,15,26712,1190
25972,14,15,26342,1400
29676,14,15,32272,0
29676,14,15,31902,420
29676,14,15,31532,630
29676,14,15,31162,910
29676,14,15,30792,1120
29676,14,15,30422,1400
47857,14,15,49341,0
47857,14,15,48971,490
47857,14,15,48601,980
47857,14,15,48231,1470
34127,14,15,36724,0
34127,14,15,36354,140
34127,14,15,35984,420
34127,14,15,35614,700
34127,14,15,35244,910
34127,14,15,34874,1190
34127,14,15,34504,1400
44893,14,15,47483,0
44893,14,15,47113,420
44893,14,15,46743,700
44893,14,15,46373,910
44893,14,15,46003,1190
44893,14,15,45633,1400
37100,14,15,38952,0
37100,14,15,38582,350
37100,14,15,38212,630
37100,14,15,37842,840
37100,14,15,37472,1120
37100,14,15,37102,1330
48972,14,15,50454,0
48972,14,15,50084,490
48972,14,15,49714,1050
30047,14,15,32643,0
30047,14,15,32273,420
30047,14,15,31903,630
30047,14,15,31533,910
30047,14,15,31163,1120
30047,14,15,30793,1400
27083,14,15,28935,0
27083,14,15,28565,350
27083,14,15,28195,490
27083,14,15,27825,770
27083,14,15,27455,980
27083,14,15,27085,1260
46370,14,15,48227,0
46370,14,15,47857,420
46370,14,15,47487,980
46370,14,15,47117,1470
49343,14,15,50825,0
49343,14,15,50455,490
49343,14,15,50085,1050
38211,14,15,41175,0
38211,14,15,40805,280
38211,14,15,40435,560
38211,14,15,40065,840
38211,14,15,39695,1050
38211,14,15,39325,1330
35247,14,15,37467,0
35247,14,15,37097,490
35247,14,15,36727,770
35247,14,15,36357,980
35247,14,15,35987,1260
35247,14,15,35617,1470
27454,14,15,29306,0
27454,14,15,28936,350
27454,14,15,28566,490
27454,14,15,28196,770
27454,14,15,27826,980
27454,14,15,27456,1260
27454,14,15,1,1470
42290,14,15,45256,0
42290,14,15,44886,210
42290,14,15,44516,560
42290,14,15,44146,770
42290,14,15,43776,1050
42290,14,15,43406,1260
45263,14,15,47114,0
45263,14,15,46744,280
45263,14,15,46374,490
45263,14,15,46004,770
45263,14,15,45634,980
45263,14,15,45264,1260
39326,14,15,41178,0
39326,14,15,40808,350
39326,14,15,40438,630
39326,14,15,40068,840
39326,14,15,39698,1120
39326,14,15,39328,1330
32645,14,15,35610,0
32645,14,15,35240,210
32645,14,15,34870,420
32645,14,15,34500,700
32645,14,15,34130,980
32645,14,15,33760,1190
32645,14,15,33390,1470
35618,14,15,37838,0
35618,14,15,37468,490
35618,14,15,37098,770
35618,14,15,36728,980
35618,14,15,36358,1260
35618,14,15,35988,1470
50454,14,15,51568,0
50454,14,15,51198,700
50454,14,15,50828,1190
36724,14,15,39321,0
36724,14,15,38951,210
36724,14,15,38581,490
36724,14,15,38211,770
36724,14,15,37841,980
36724,14,15,37471,1260
36724,14,15,37101,1470
47490,14,15,48600,0
47490,14,15,48230,700
47490,14,15,47860,1190
39697,14,15,41549,0
39697,14,15,41179,350
39697,14,15,40809,630
39697,14,15,40439,840
39697,14,15,40069,1120
39697,14,15,39699,1330
28565,14,15,31159,0
28565,14,15,30789,280
28565,14,15,30419,560
28565,14,15,30049,840
28565,14,15,29679,1050
28565,14,15,29309,1330
25601,14,15,27821,0
25601,14,15,27451,420
25601,14,15,27081,630
25601,14,15,26711,910
25601,14,15,26341,1120
25601,14,15,25971,1400
29680,14,15,31532,0
29680,14,15,31162,280
29680,14,15,30792,490
29680,14,15,30422,770
29680,14,15,30052,980
29680,14,15,29682,1260
44888,14,15,47853,0
44888,14,15,47483,210
44888,14,15,47113,700
44888,14,15,46743,980
44888,14,15,46373,1190
44888,14,15,46003,1470
47861,14,15,48971,0
47861,14,15,48601,700
47861,14,15,48231,1190
41924,14,15,43405,0
41924,14,15,43035,350
41924,14,15,42665,560
41924,14,15,42295,840
41924,14,15,41925,1050
41924,14,15,1,1330
34131,14,15,37094,0
34131,14,15,36724,280
34131,14,15,36354,420
34131,14,15,35984,700
34131,14,15,35614,910
34131,14,15,35244,1190
34131,14,15,34874,1470
40808,14,15,43772,0
40808,14,15,43402,280
40808,14,15,43032,560
40808,14,15,42662,840
40808,14,15,42292,1050
40808,14,15,41922,1330
27078,14,15,29305,0
27078,14,15,28935,210
27078,14,15,28565,560
27078,14,15,28195,840
27078,14,15,27825,1050
27078,14,15,27455,1330
37844,14,15,40064,0
37844,14,15,39694,490
37844,14,15,39324,770
37844,14,15,38954,980
37844,14,15,38584,1260
30051,14,15,31903,0
30051,14,15,31533,280
30051,14,15,31163,490
30051,14,15,30793,770
30051,14,15,30423,980
30051,14,15,30053,1260
46374,14,15,48597,0
46374,14,15,48227,280
46374,14,15,47857,700
46374,14,15,47487,1190
31163,14,15,34126,0
31163,14,15,33756,280
31163,14,15,33386,420
31163,14,15,33016,700
31163,14,15,32646,980
31163,14,15,32276,1190
31163,14,15,31906,1470
35242,14,15,38207,0
35242,14,15,37837,280
35242,14,15,37467,490
35242,14,15,37097,770
35242,14,15,36727,980
35242,14,15,36357,1260
35242,14,15,35987,1470
38215,14,15,40435,0
38215,14,15,40065,490
38215,14,15,39695,700
38215,14,15,39325,980
38215,14,15,38955,1190
38215,14,15,38585,1470
32278,14,15,33759,0
32278,14,15,33389,280
32278,14,15,33019,490
32278,14,15,32649,700
32278,14,15,32279,980
32278,14,15,1,1260
45258,14,15,47854,0
45258,14,15,47484,490
45258,14,15,47114,980
45258,14,15,46744,1190
45258,14,15,46374,1470
39321,14,15,41918,0
39321,14,15,41548,210
39321,14,15,41178,490
39321,14,15,40808,770
39321,14,15,40438,980
39321,14,15,40068,1260
39321,14,15,39698,1470
24485,14,15,27078,0
24485,14,15,26708,350
24485,14,15,26338,630
24485,14,15,25968,910
24485,14,15,25598,1120
24485,14,15,25228,1400
42294,14,15,44146,0
42294,14,15,43776,350
42294,14,15,43406,630
42294,14,15,43036,840
42294,14,15,42666,1120
42294,14,15,42296,1400
43406,14,15,46739,0
43406,14,15,46369,280
43406,14,15,45999,420
43406,14,15,45629,700
43406,14,15,45259,980
43406,14,15,44889,1190
43406,14,15,44519,1470
28198,14,15,30418,0
28198,14,15,30048,420
28198,14,15,29678,630
28198,14,15,29308,840
28198,14,15,28938,1120
28198,14,15,28568,1330
35613,14,15,38578,0
35613,14,15,38208,280
35613,14,15,37838,490
35613,14,15,37468,770
35613,14,15,37098,980
35613,14,15,36728,1260
35613,14,15,36358,1470
32649,14,15,34130,0
32649,14,15,33760,280
32649,14,15,33390,490
32649,14,15,33020,700
32649,14,15,32650,980
32649,14,15,1,1260
47485,14,15,48970,0
47485,14,15,48600,490
47485,14,15,48230,980
47485,14,15,47860,1470
39692,14,15,42289,0
39692,14,15,41919,210
39692,14,15,41549,490
39692,14,15,41179,770
39692,14,15,40809,980
39692,14,15,40439,1260
39692,14,15,40069,1470
44521,14,15,46372,0
44521,14,15,46002,280
44521,14,15,45632,490
44521,14,15,45262,770
44521,14,15,44892,980
44521,14,15,44522,1260
36728,14,15,39691,0
36728,14,15,39321,280
36728,14,15,38951,490
36728,14,15,38581,770
36728,14,15,38211,980
36728,14,15,37841,1260
36728,14,15,37471,1470
25596,14,15,28191,0
25596,14,15,27821,280
25596,14,15,27451,560
25596,14,15,27081,770
25596,14,15,26711,1050
25596,14,15,26341,1330
28569,14,15,30789,0
28569,14,15,30419,420
28569,14,15,30049,630
28569,14,15,29679,910
28569,14,15,29309,1120
28569,14,15,28939,1400
29675,14,15,31902,0
29675,14,15,31532,210
29675,14,15,31162,560
29675,14,15,30792,840
29675,14,15,30422,1050
29675,14,15,30052,1330
47856,14,15,49341,0
47856,14,15,48971,490
47856,14,15,48601,980
47856,14,15,48231,1470
41919,14,15,44885,0
41919,14,15,44515,210
41919,14,15,44145,560
41919,14,15,43775,770
41919,14,15,43405,1050
41919,14,15,43035,1260
34126,14,15,36354,0
34126,14,15,35984,420
34126,14,15,35614,700
34126,14,15,35244,910
34126,14,15,34874,1190
34126,14,15,34504,1400
44892,14,15,46743,0
44892,14,15,46373,280
44892,14,15,46003,490
44892,14,15,45633,770
44892,14,15,45263,980
44892,14,15,44893,1260
48971,14,15,50454,0
48971,14,15,50084,490
48971,14,15,49714,980
48971,14,15,49344,1470
33760,14,15,36723,0
33760,14,15,36353,280
33760,14,15,35983,420
33760,14,15,35613,700
33760,14,15,35243,910
33760,14,15,34873,1190
33760,14,15,34503,1470
37839,14,15,40804,0
37839,14,15,40434,280
37839,14,15,40064,490
37839,14,15,39694,770
37839,14,15,39324,980
37839,14,15,38954,1260
40812,14,15,43032,0
40812,14,15,42662,490
40812,14,15,42292,770
40812,14,15,41922,980
40812,14,15,41552,1260
30046,14,15,32273,0
30046,14,15,31903,210
30046,14,15,31533,560
30046,14,15,31163,840
30046,14,15,30793,1050
30046,14,15,30423,1330
34875,14,15,36356,0
34875,14,15,35986,280
34875,14,15,35616,490
34875,14,15,35246,770
34875,14,15,34876,980
34875,14,15,1,1260
27082,14,15,29675,0
27082,14,15,29305,350
27082,14,15,28935,560
27082,14,15,28565,840
27082,14,15,28195,1050
27082,14,15,27825,1330
46369,14,15,48227,0
46369,14,15,47857,420
46369,14,15,47487,910
46369,14,15,47117,1470
46003,14,15,48226,0
46003,14,15,47856,420
46003,14,15,47486,980
46003,14,15,47116,1470
38210,14,15,41175,0
38210,14,15,40805,280
38210,14,15,40435,490
38210,14,15,40065,770
38210,14,15,39695,980
38210,14,15,39325,1260
32273,14,15,35239,0
32273,14,15,34869,210
32273,14,15,34499,490
32273,14,15,34129,700
32273,14,15,33759,980
32273,14,15,33389,1190
32273,14,15,33019,1470
35246,14,15,36727,0
35246,14,15,36357,350
35246,14,15,35987,560
35246,14,15,35617,770
35246,14,15,35247,1050
35246,14,15,1,1260
42289,14,15,44886,0
42289,14,15,44516,210
42289,14,15,44146,490
42289,14,15,43776,770
42289,14,15,43406,980
42289,14,15,43036,1260
39325,14,15,42288,0
39325,14,15,41918,280
39325,14,15,41548,490
39325,14,15,41178,770
39325,14,15,40808,980
39325,14,15,40438,1260
39325,14,15,40068,1470
43401,14,15,45999,0
43401,14,15,45629,420
43401,14,15,45259,700
43401,14,15,44889,910
43401,14,15,44519,1190
43401,14,15,44149,1470
28193,14,15,30788,0
28193,14,15,30418,280
28193,14,15,30048,490
28193,14,15,29678,770
28193,14,15,29308,1050
28193,14,15,28938,1260
40437,14,15,43401,0
40437,14,15,43031,280
40437,14,15,42661,560
40437,14,15,42291,840
40437,14,15,41921,1050
40437,14,15,41551,1330
25229,14,15,26710,0
25229,14,15,26340,280
25229,14,15,25970,490
25229,14,15,25600,770
25229,14,15,25230,980
25229,14,15,1,1260
32644,14,15,35610,0
32644,14,15,35240,210
32644,14,15,34870,490
32644,14,15,34500,700
32644,14,15,34130,980
32644,14,15,33760,1190
32644,14,15,33390,1470
44516,14,15,47482,0
44516,14,15,47112,490
44516,14,15,46742,700
44516,14,15,46372,980
44516,14,15,46002,1190
44516,14,15,45632,1470
36723,14,15,39321,0
36723,14,15,38951,210
36723,14,15,38581,490
36723,14,15,38211,700
36723,14,15,37841,980
36723,14,15,37471,1260
36723,14,15,37101,1470
47489,14,15,48230,0
47489,14,15,47860,490
47489,14,15,47490,980
36357,14,15,39320,0
36357,14,15,38950,280
36357,14,15,38580,490
36357,14,15,38210,770
36357,14,15,37840,980
36357,14,15,37470,1260
36357,14,15,37100,1470
28564,14,15,31159,0
28564,14,15,30789,280
28564,14,15,30419,490
28564,14,15,30049,770
28564,14,15,29679,980
28564,14,15,29309,1260
28564,14,15,28939,1470
25600,14,15,27081,0
25600,14,15,26711,280
25600,14,15,26341,490
25600,14,15,25971,700
25600,14,15,25601,980
25600,14,15,1,1260
37472,14,15,38953,0
37472,14,15,38583,350
37472,14,15,38213,560
37472,14,15,37843,770
37472,14,15,37473,1050
37472,14,15,1,1260
29679,14,15,32272,0
29679,14,15,31902,420
29679,14,15,31532,630
29679,14,15,31162,910
29679,14,15,30792,1120
29679,14,15,30422,1400
44887,14,15,47853,0
44887,14,15,47483,210
44887,14,15,47113,700
44887,14,15,46743,980
44887,14,15,46373,1190
44887,14,15,46003,1470
41923,14,15,43775,0
41923,14,15,43405,350
41923,14,15,43035,630
41923,14,15,42665,840
41923,14,15,42295,1120
41923,14,15,41925,1400
33755,14,15,35983,0
33755,14,15,35613,420
33755,14,15,35243,700
33755,14,15,34873,910
33755,14,15,34503,1190
33755,14,15,34133,1400
30791,14,15,33755,0
30791,14,15,33385,280
30791,14,15,33015,560
30791,14,15,32645,770
30791,14,15,32275,1050
30791,14,15,31905,1260
40807,14,15,43772,0
40807,14,15,43402,280
40807,14,15,43032,490
40807,14,15,42662,770
40807,14,15,42292,980
40807,14,15,41922,1260
34870,14,15,37836,0
34870,14,15,37466,210
34870,14,15,37096,490
34870,14,15,36726,700
34870,14,15,36356,980
34870,14,15,35986,1190
34870,14,15,35616,1470
37843,14,15,39324,0
37843,14,15,38954,350
37843,14,15,38584,560
37843,14,15,38214,770
37843,14,15,37844,1050
37843,14,15,1,1260
26711,14,15,29304,0
26711,14,15,28934,350
26711,14,15,28564,560
26711,14,15,28194,840
26711,14,15,27824,1120
26711,14,15,27454,1330
31162,14,15,34126,0
31162,14,15,33756,280
31162,14,15,33386,490
31162,14,15,33016,770
31162,14,15,32646,980
31162,14,15,32276,1260
45998,14,15,47856,0
45998,14,15,47486,700
45998,14,15,47116,1190
45998,14,15,46746,1470
35241,14,15,38207,0
35241,14,15,37837,210
35241,14,15,37467,490
35241,14,15,37097,770
35241,14,15,36727,980
35241,14,15,36357,1260
35241,14,15,35987,1470
32277,14,15,34129,0
32277,14,15,33759,280
32277,14,15,33389,560
32277,14,15,33019,770
32277,14,15,32649,1050
32277,14,15,32279,1330
47113,14,15,48969,0
47113,14,15,48599,210
47113,14,15,48229,700
47113,14,15,47859,1190
39320,14,15,41918,0
39320,14,15,41548,210
39320,14,15,41178,490
39320,14,15,40808,700
39320,14,15,40438,980
39320,14,15,40068,1260
39320,14,15,39698,1470
43405,14,15,46739,0
43405,14,15,46369,280
43405,14,15,45999,490
43405,14,15,45629,770
43405,14,15,45259,1050
43405,14,15,44889,1260
28197,14,15,29678,0
28197,14,15,29308,280
28197,14,15,28938,420
28197,14,15,28568,700
28197,14,15,28198,910
28197,14,15,1,1190
40441,14,15,42661,0
40441,14,15,42291,490
40441,14,15,41921,770
40441,14,15,41551,980
40441,14,15,41181,1260
47484,14,15,48970,0
47484,14,15,48600,490
47484,14,15,48230,980
47484,14,15,47860,1470
44520,14,15,46742,0
44520,14,15,46372,280
44520,14,15,46002,560
44520,14,15,45632,840
44520,14,15,45262,1050
44520,14,15,44892,1330
36352,14,15,38950,0
36352,14,15,38580,210
36352,14,15,38210,490
36352,14,15,37840,700
36352,14,15,37470,980
36352,14,15,37100,1260
36352,14,15,36730,1470
25595,14,15,28191,0
25595,14,15,27821,280
25595,14,15,27451,560
25595,14,15,27081,840
25595,14,15,26711,1050
25595,14,15,26341,1330
37467,14,15,40433,0
37467,14,15,40063,210
37467,14,15,39693,490
37467,14,15,39323,770
37467,14,15,38953,1050
37467,14,15,38583,1260
41918,14,15,44515,0
41918,14,15,44145,210
41918,14,15,43775,490
41918,14,15,43405,770
41918,14,15,43035,980
41918,14,15,42665,1260
33759,14,15,36723,0
33759,14,15,36353,280
33759,14,15,35983,490
33759,14,15,35613,770
33759,14,15,35243,980
33759,14,15,34873,1260
30795,14,15,33015,0
30795,14,15,32645,490
30795,14,15,32275,770
30795,14,15,31905,980
30795,14,15,31535,1260
30795,14,15,31165,1470
37838,14,15,40804,0
37838,14,15,40434,210
37838,14,15,40064,490
37838,14,15,39694,770
37838,14,15,39324,1050
37838,14,15,38954,1260
34874,14,15,36726,0
34874,14,15,36356,280
34874,14,15,35986,560
34874,14,15,35616,770
34874,14,15,35246,1050
34874,14,15,34876,1330
31166,14,15,33386,0
31166,14,15,33016,490
31166,14,15,32646,770
31166,14,15,32276,1050
31166,14,15,31906,1260
46002,14,15,48226,0
46002,14,15,47856,490
46002,14,15,47486,1050
32272,14,15,34869,0
32272,14,15,34499,140
32272,14,15,34129,420
32272,14,15,33759,700
32272,14,15,33389,910
32272,14,15,33019,1190
32272,14,15,32649,1400
43038,14,15,45258,0
43038,14,15,44888,560
43038,14,15,44518,770
43038,14,15,44148,1050
43038,14,15,43778,1260
47117,14,15,48229,0
47117,14,15,47859,560
47117,14,15,47489,1050
28192,14,15,30788,0
28192,14,15,30418,210
28192,14,15,30048,560
28192,14,15,29678,770
28192,14,15,29308,1050
28192,14,15,28938,1260
40436,14,15,43401,0
40436,14,15,43031,280
40436,14,15,42661,490
40436,14,15,42291,770
40436,14,15,41921,980
40436,14,15,41551,1260
25228,14,15,27080,0
25228,14,15,26710,350
25228,14,15,26340,560
25228,14,15,25970,770
25228,14,15,25600,1050
25228,14,15,25230,1260
43409,14,15,45999,0
43409,14,15,45629,420
43409,14,15,45259,700
43409,14,15,44889,910
43409,14,15,44519,1190
43409,14,15,44149,1400
44515,14,15,47482,0
44515,14,15,47112,210
44515,14,15,46742,420
44515,14,15,46372,700
44515,14,15,46002,980
44515,14,15,45632,1190
44515,14,15,45262,1470
47488,14,15,48600,0
47488,14,15,48230,280
47488,14,15,47860,840
47488,14,15,47490,1330
36356,14,15,39320,0
36356,14,15,38950,280
36356,14,15,38580,560
36356,14,15,38210,840
36356,14,15,37840,1050
36356,14,15,37470,1330
33392,14,15,35612,0
33392,14,15,35242,420
33392,14,15,34872,700
33392,14,15,34502,910
33392,14,15,34132,1190
33392,14,15,33762,1470
37471,14,15,39323,0
37471,14,15,38953,350
37471,14,15,38583,630
37471,14,15,38213,840
37471,14,15,37843,1120
37471,14,15,37473,1330
49715,14,15,50826,0
49715,14,15,50456,280
49715,14,15,50086,840
49715,14,15,49716,1330
41922,14,15,44885,0
41922,14,15,44515,350
41922,14,15,44145,490
41922,14,15,43775,770
41922,14,15,43405,980
41922,14,15,43035,1260
30790,14,15,33755,0
30790,14,15,33385,280
30790,14,15,33015,490
30790,14,15,32645,700
30790,14,15,32275,980
30790,14,15,31905,1190
30790,14,15,31535,1470
33763,14,15,35983,0
33763,14,15,35613,420
33763,14,15,35243,700
33763,14,15,34873,910
33763,14,15,34503,1190
33763,14,15,34133,1470
48599,14,15,50083,0
48599,14,15,49713,210
48599,14,15,49343,700
48599,14,15,48973,1190
27826,14,15,29307,0
27826,14,15,28937,280
27826,14,15,28567,420
27826,14,15,28197,700
27826,14,15,27827,910
27826,14,15,1,1190
34869,14,15,37466,0
34869,14,15,37096,140
34869,14,15,36726,420
34869,14,15,36356,700
34869,14,15,35986,910
34869,14,15,35616,1190
34869,14,15,35246,1470
45635,14,15,47855,0
45635,14,15,47485,420
45635,14,15,47115,910
45635,14,15,46745,1190
45635,14,15,46375,1400
37842,14,15,39694,0
37842,14,15,39324,350
37842,14,15,38954,630
37842,14,15,38584,840
37842,14,15,38214,1120
37842,14,15,37844,1330
26710,14,15,29304,0
26710,14,15,28934,350
26710,14,15,28564,630
26710,14,15,28194,910
26710,14,15,27824,1120
26710,14,15,27454,1400
38954,14,15,41917,0
38954,14,15,41547,280
38954,14,15,41177,490
38954,14,15,40807,770
38954,14,15,40437,980
38954,14,15,40067,1260
38954,14,15,39697,1470
23746,14,15,25966,0
23746,14,15,25596,490
23746,14,15,25226,700
23746,14,15,24856,980
23746,14,15,24486,1260
23746,14,15,24116,1470
31161,14,15,34126,0
31161,14,15,33756,210
31161,14,15,33386,490
31161,14,15,33016,700
31161,14,15,32646,980
31161,14,15,32276,1190
31161,14,15,31906,1470
43033,14,15,45998,0
43033,14,15,45628,280
43033,14,15,45258,490
43033,14,15,44888,770
43033,14,15,44518,1050
43033,14,15,44148,1260
46006,14,15,47856,0
46006,14,15,47486,700
46006,14,15,47116,1190
46006,14,15,46746,1400
40069,14,15,41550,0
40069,14,15,41180,350
40069,14,15,40810,560
40069,14,15,40440,770
40069,14,15,40070,1050
40069,14,15,1,1260
32276,14,15,35239,0
32276,14,15,34869,280
32276,14,15,34499,420
32276,14,15,34129,700
32276,14,15,33759,910
32276,14,15,33389,1190
32276,14,15,33019,1470
47112,14,15,48599,0
47112,14,15,48229,420
47112,14,15,47859,980
47112,14,15,47489,1470
50085,14,15,51567,0
50085,14,15,51197,490
50085,14,15,50827,1050
24117,14,15,26337,0
24117,14,15,25967,490
24117,14,15,25597,700
24117,14,15,25227,980
24117,14,15,24857,1260
24117,14,15,24487,1470
35989,14,15,38209,0
35989,14,15,37839,490
35989,14,15,37469,770
35989,14,15,37099,1050
35989,14,15,36729,1260
28196,14,15,30048,0
28196,14,15,29678,280
28196,14,15,29308,490
28196,14,15,28938,700
28196,14,15,28568,980
28196,14,15,28198,1190
28196,14,15,1,1470
43404,14,15,46739,0
43404,14,15,46369,210
43404,14,15,45999,490
43404,14,15,45629,700
43404,14,15,45259,980
43404,14,15,44889,1190
43404,14,15,44519,1470
40440,14,15,41921,0
40440,14,15,41551,350
40440,14,15,41181,560
40440,14,15,40811,770
40440,14,15,40441,1050
40440,14,15,1,1260
44519,14,15,47482,0
44519,14,15,47112,420
44519,14,15,46742,700
44519,14,15,46372,980
44519,14,15,46002,1190
44519,14,15,45632,1470
29308,14,15,31901,0
29308,14,15,31531,280
29308,14,15,31161,490
29308,14,15,30791,770
29308,14,15,30421,980
29308,14,15,30051,1260
33387,14,15,36352,0
33387,14,15,35982,210
33387,14,15,35612,420
33387,14,15,35242,700
33387,14,15,34872,980
33387,14,15,34502,1190
33387,14,15,34132,1470
36360,14,15,38580,0
36360,14,15,38210,490
36360,14,15,37840,770
36360,14,15,37470,980
36360,14,15,37100,1260
30423,14,15,31904,0
30423,14,15,31534,280
30423,14,15,31164,420
30423,14,15,30794,700
30423,14,15,30424,980
30423,14,15,1,1190
37466,14,15,40063,0
37466,14,15,39693,210
37466,14,15,39323,490
37466,14,15,38953,770
37466,14,15,38583,980
37466,14,15,38213,1260
37466,14,15,37843,1470
41551,14,15,44514,0
41551,14,15,44144,350
41551,14,15,43774,490
41551,14,15,43404,770
41551,14,15,43034,980
41551,14,15,42664,1260
33758,14,15,36723,0
33758,14,15,36353,210
33758,14,15,35983,420
33758,14,15,35613,700
33758,14,15,35243,980
33758,14,15,34873,1190
33758,14,15,34503,1470
27821,14,15,30417,0
27821,14,15,30047,210
27821,14,15,29677,560
27821,14,15,29307,770
27821,14,15,28937,1050
27821,14,15,28567,1260
45630,14,15,48225,0
45630,14,15,47855,210
45630,14,15,47485,700
45630,14,15,47115,1190
45630,14,15,46745,1470
30794,14,15,32275,0
30794,14,15,31905,350
30794,14,15,31535,490
30794,14,15,31165,770
30794,14,15,30795,980
30794,14,15,1,1260
48603,14,15,49713,0
48603,14,15,49343,700
48603,14,15,48973,1190
42666,14,15,44147,0
42666,14,15,43777,350
42666,14,15,43407,560
42666,14,15,43037,840
42666,14,15,42667,1050
42666,14,15,1,1330
34873,14,15,37836,0
34873,14,15,37466,280
34873,14,15,37096,420
34873,14,15,36726,700
34873,14,15,36356,980
34873,14,15,35986,1190
34873,14,15,35616,1470
38949,14,15,41547,0
38949,14,15,41177,210
38949,14,15,40807,490
38949,14,15,40437,700
38949,14,15,40067,980
38949,14,15,39697,1260
38949,14,15,39327,1470
26714,14,15,28934,0
26714,14,15,28564,420
26714,14,15,28194,630
26714,14,15,27824,910
26714,14,15,27454,1120
26714,14,15,27084,1400
46001,14,15,48226,0
46001,14,15,47856,490
46001,14,15,47486,980
46001,14,15,47116,1470
40064,14,15,43030,0
40064,14,15,42660,210
40064,14,15,42290,490
40064,14,15,41920,770
40064,14,15,41550,1050
40064,14,15,41180,1260
43037,14,15,44518,0
43037,14,15,44148,350
43037,14,15,43778,560
43037,14,15,43408,840
43037,14,15,43038,1050
43037,14,15,1,1330
47116,14,15,48969,0
47116,14,15,48599,280
47116,14,15,48229,700
47116,14,15,47859,1190
31905,14,15,34868,0
31905,14,15,34498,280
31905,14,15,34128,420
31905,14,15,33758,700
31905,14,15,33388,910
31905,14,15,33018,1190
31905,14,15,32648,1400
35984,14,15,38949,0
35984,14,15,38579,280
35984,14,15,38209,490
35984,14,15,37839,770
35984,14,15,37469,980
35984,14,15,37099,1260
48228,14,15,49712,0
48228,14,15,49342,490
48228,14,15,48972,980
48228,14,15,48602,1470
33020,14,15,34501,0
33020,14,15,34131,280
33020,14,15,33761,490
33020,14,15,33391,700
33020,14,15,33021,980
33020,14,15,1,1260
40435,14,15,43401,0
40435,14,15,43031,210
40435,14,15,42661,490
40435,14,15,42291,770
40435,14,15,41921,1050
40435,14,15,41551,1260
25227,14,15,27820,0
25227,14,15,27450,350
25227,14,15,27080,560
25227,14,15,26710,840
25227,14,15,26340,1120
25227,14,15,25970,1330
26339,14,15,28933,0
26339,14,15,28563,420
26339,14,15,28193,630
26339,14,15,27823,910
26339,14,15,27453,1120
26339,14,15,27083,1400
44148,14,15,47481,0
44148,14,15,47111,280
44148,14,15,46741,420
44148,14,15,46371,700
44148,14,15,46001,980
44148,14,15,45631,1190
44148,14,15,45261,1470
36355,14,15,39320,0
36355,14,15,38950,280
36355,14,15,38580,490
36355,14,15,38210,770
36355,14,15,37840,980
36355,14,15,37470,1260
30418,14,15,33014,0
30418,14,15,32644,420
30418,14,15,32274,630
30418,14,15,31904,910
30418,14,15,31534,1120
30418,14,15,31164,1400
33391,14,15,34872,0
33391,14,15,34502,280
33391,14,15,34132,490
33391,14,15,33762,700
33391,14,15,33392,980
33391,14,15,1,1260
37470,14,15,40433,0
37470,14,15,40063,280
37470,14,15,39693,490
37470,14,15,39323,770
37470,14,15,38953,980
37470,14,15,38583,1260
37470,14,15,38213,1470
49714,14,15,51196,0
49714,14,15,50826,490
49714,14,15,50456,1050
41546,14,15,44144,0
41546,14,15,43774,210
41546,14,15,43404,490
41546,14,15,43034,770
41546,14,15,42664,980
41546,14,15,42294,1260
41546,14,15,41924,1470
38582,14,15,41546,0
38582,14,15,41176,280
38582,14,15,40806,560
38582,14,15,40436,840
38582,14,15,40066,1050
38582,14,15,39696,1330
30789,14,15,33755,0
30789,14,15,33385,210
30789,14,15,33015,490
30789,14,15,32645,700
30789,14,15,32275,980
30789,14,15,31905,1260
30789,14,15,31535,1470
48598,14,15,49713,0
48598,14,15,49343,700
48598,14,15,48973,1190
27825,14,15,29677,0
27825,14,15,29307,280
27825,14,15,28937,490
27825,14,15,28567,700
27825,14,15,28197,980
27825,14,15,27827,1260
27825,14,15,1,1470
42661,14,15,45627,0
42661,14,15,45257,210
42661,14,15,44887,560
42661,14,15,44517,770
42661,14,15,44147,1050
42661,14,15,43777,1260
45634,14,15,47485,0
45634,14,15,47115,280
45634,14,15,46745,490
45634,14,15,46375,770
45634,14,15,46005,980
45634,14,15,45635,1260
34502,14,15,37465,0
34502,14,15,37095,280
34502,14,15,36725,420
34502,14,15,36355,700
34502,14,15,35985,910
34502,14,15,35615,1190
34502,14,15,35245,1470
26709,14,15,29304,0
26709,14,15,28934,280
26709,14,15,28564,560
26709,14,15,28194,770
26709,14,15,27824,1050
26709,14,15,27454,1330
38953,14,15,41917,0
38953,14,15,41547,280
38953,14,15,41177,560
38953,14,15,40807,840
38953,14,15,40437,1050
38953,14,15,40067,1330
23745,14,15,25226,0
23745,14,15,24856,350
23745,14,15,24486,560
23745,14,15,24116,770
23745,14,15,23746,1050
23745,14,15,1,1260
50825,14,15,51939,0
50825,14,15,51569,700
50825,14,15,51199,1190
43032,14,15,45998,0
43032,14,15,45628,210
43032,14,15,45258,560
43032,14,15,44888,770
43032,14,15,44518,1050
43032,14,15,44148,1260
40068,14,15,41920,0
40068,14,15,41550,350
40068,14,15,41180,630
40068,14,15,40810,840
40068,14,15,40440,1120
40068,14,15,40070,1330
47111,14,15,48599,0
47111,14,15,48229,420
47111,14,15,47859,910
47111,14,15,47489,1470
28936,14,15,31530,0
28936,14,15,31160,280
28936,14,15,30790,560
28936,14,15,30420,840
28936,14,15,30050,1050
28936,14,15,29680,1330
46745,14,15,48598,0
46745,14,15,48228,420
46745,14,15,47858,980
46745,14,15,47488,1470
33015,14,15,35981,0
33015,14,15,35611,210
33015,14,15,35241,490
33015,14,15,34871,700
33015,14,15,34501,980
33015,14,15,34131,1190
33015,14,15,33761,1470
35988,14,15,37469,0
35988,14,15,37099,350
35988,14,15,36729,560
35988,14,15,36359,770
35988,14,15,35989,1050
35988,14,15,1,1330
48232,14,15,49342,0
48232,14,15,48972,700
48232,14,15,48602,1190
44143,14,15,46741,0
44143,14,15,46371,420
44143,14,15,46001,700
44143,14,15,45631,910
44143,14,15,45261,1190
44143,14,15,44891,1470
29307,14,15,31901,0
29307,14,15,31531,280
29307,14,15,31161,560
29307,14,15,30791,840
29307,14,15,30421,1050
29307,14,15,30051,1330
41179,14,15,44143,0
41179,14,15,43773,280
41179,14,15,43403,560
41179,14,15,43033,840
41179,14,15,42663,1050
41179,14,15,42293,1330
26343,14,15,28563,0
26343,14,15,28193,420
26343,14,15,27823,700
26343,14,15,27453,910
26343,14,15,27083,1190
26343,14,15,26713,1400
33386,14,15,36352,0
33386,14,15,35982,210
33386,14,15,35612,490
33386,14,15,35242,700
33386,14,15,34872,980
33386,14,15,34502,1190
33386,14,15,34132,1470
30422,14,15,32274,0
30422,14,15,31904,280
30422,14,15,31534,490
30422,14,15,31164,770
30422,14,15,30794,980
30422,14,15,30424,1260
37465,14,15,40063,0
37465,14,15,39693,210
37465,14,15,39323,490
37465,14,15,38953,700
37465,14,15,38583,980
37465,14,15,38213,1260
37465,14,15,37843,1470
41550,14,15,44514,0
41550,14,15,44144,280
41550,14,15,43774,560
41550,14,15,43404,840
41550,14,15,43034,1050
41550,14,15,42664,1330
27820,14,15,30047,0
27820,14,15,29677,210
27820,14,15,29307,490
27820,14,15,28937,700
27820,14,15,28567,980
27820,14,15,28197,1260
27820,14,15,27827,1470
38586,14,15,40806,0
38586,14,15,40436,490
38586,14,15,40066,700
38586,14,15,39696,980
38586,14,15,39326,1190
38586,14,15,38956,1470
45629,14,15,48225,0
45629,14,15,47855,210
45629,14,15,47485,700
45629,14,15,47115,1190
45629,14,15,46745,1470
42665,14,15,44517,0
42665,14,15,44147,350
42665,14,15,43777,630
42665,14,15,43407,840
42665,14,15,43037,1120
42665,14,15,42667,1400
34497,14,15,36725,0
34497,14,15,36355,420
34497,14,15,35985,700
34497,14,15,35615,910
34497,14,15,35245,1190
34497,14,15,34875,1400
31533,14,15,34497,0
31533,14,15,34127,280
31533,14,15,33757,490
31533,14,15,33387,770
31533,14,15,33017,980
31533,14,15,32647,1260
31533,14,15,32277,1470
38957,14,15,41177,0
38957,14,15,40807,490
38957,14,15,40437,770
38957,14,15,40067,980
38957,14,15,39697,1260
40063,14,15,42660,0
40063,14,15,42290,210
40063,14,15,41920,490
40063,14,15,41550,770
40063,14,15,41180,980
40063,14,15,40810,1260
40063,14,15,40440,1470
46740,14,15,48228,0
46740,14,15,47858,700
46740,14,15,47488,1190
25967,14,15,28562,0
25967,14,15,28192,280
25967,14,15,27822,560
25967,14,15,27452,840
25967,14,15,27082,1050
25967,14,15,26712,1330
31904,14,15,34868,0
31904,14,15,34498,280
31904,14,15,34128,490
31904,14,15,33758,770
31904,14,15,33388,980
31904,14,15,33018,1260
31904,14,15,32648,1470
28940,14,15,31160,0
28940,14,15,30790,420
28940,14,15,30420,630
28940,14,15,30050,910
28940,14,15,29680,1120
28940,14,15,29310,1400
43776,14,15,47110,0
43776,14,15,46740,280
43776,14,15,46370,490
43776,14,15,46000,770
43776,14,15,45630,1050
43776,14,15,45260,1260
35983,14,15,38949,0
35983,14,15,38579,210
35983,14,15,38209,560
35983,14,15,37839,770
35983,14,15,37469,1050
35983,14,15,37099,1260
48227,14,15,49712,0
48227,14,15,49342,210
48227,14,15,48972,700
48227,14,15,48602,1190
33019,14,15,34871,0
33019,14,15,34501,280
33019,14,15,34131,560
33019,14,15,33761,770
33019,14,15,33391,1050
33019,14,15,33021,1330
37095,14,15,39692,0
37095,14,15,39322,210
37095,14,15,38952,490
37095,14,15,38582,770
37095,14,15,38212,980
37095,14,15,37842,1260
37095,14,15,37472,1470
26338,14,15,28933,0
26338,14,15,28563,280
26338,14,15,28193,560
26338,14,15,27823,840
26338,14,15,27453,1050
26338,14,15,27083,1330
44147,14,15,47481,0
44147,14,15,47111,280
44147,14,15,46741,490
44147,14,15,46371,770
44147,14,15,46001,1050
44147,14,15,45631,1260
29311,14,15,31531,0
29311,14,15,31161,420
29311,14,15,30791,630
29311,14,15,30421,910
29311,14,15,30051,1120
29311,14,15,29681,1400
41183,14,15,43403,0
41183,14,15,43033,490
41183,14,15,42663,770
41183,14,15,42293,980
41183,14,15,41923,1260
30417,14,15,32644,0
30417,14,15,32274,210
30417,14,15,31904,560
30417,14,15,31534,840
30417,14,15,31164,1050
30417,14,15,30794,1330
38581,14,15,41546,0
38581,14,15,41176,280
38581,14,15,40806,490
38581,14,15,40436,770
38581,14,15,40066,980
38581,14,15,39696,1260
41554,14,15,43774,0
41554,14,15,43404,560
41554,14,15,43034,770
41554,14,15,42664,1050
41554,14,15,42294,1260
42660,14,15,45257,0
42660,14,15,44887,210
42660,14,15,44517,490
42660,14,15,44147,770
42660,14,15,43777,980
42660,14,15,43407,1260
27449,14,15,29676,0
27449,14,15,29306,210
27449,14,15,28936,560
27449,14,15,28566,840
27449,14,15,28196,1050
27449,14,15,27826,1330
34501,14,15,37465,0
34501,14,15,37095,280
34501,14,15,36725,490
34501,14,15,36355,770
34501,14,15,35985,980
34501,14,15,35615,1260
31537,14,15,33757,0
31537,14,15,33387,490
31537,14,15,33017,770
31537,14,15,32647,980
31537,14,15,32277,1260
31537,14,15,31907,1470
24856,14,15,27449,0
24856,14,15,27079,420
24856,14,15,26709,630
24856,14,15,26339,910
24856,14,15,25969,1120
24856,14,15,25599,1400
28935,14,15,31530,0
28935,14,15,31160,280
28935,14,15,30790,490
28935,14,15,30420,770
28935,14,15,30050,980
28935,14,15,29680,1260
28935,14,15,29310,1470
46744,14,15,48598,0
46744,14,15,48228,490
46744,14,15,47858,1050
25971,14,15,27452,0
25971,14,15,27082,350
25971,14,15,26712,490
25971,14,15,26342,770
25971,14,15,25972,980
25971,14,15,1,1260
31908,14,15,34128,0
31908,14,15,33758,420
31908,14,15,33388,700
31908,14,15,33018,910
31908,14,15,32648,1190
31908,14,15,32278,1470
43780,14,15,46370,0
43780,14,15,46000,420
43780,14,15,45630,700
43780,14,15,45260,910
43780,14,15,44890,1190
43780,14,15,44520,1400
33014,14,15,35611,0
33014,14,15,35241,140
33014,14,15,34871,420
33014,14,15,34501,700
33014,14,15,34131,910
33014,14,15,33761,1190
33014,14,15,33391,1400
48231,14,15,49342,0
48231,14,15,48972,280
48231,14,15,48602,840
48231,14,15,48232,1330
37099,14,15,40062,0
37099,14,15,39692,280
37099,14,15,39322,490
37099,14,15,38952,770
37099,14,15,38582,980
37099,14,15,38212,1260
37099,14,15,37842,1470
26342,14,15,27823,0
26342,14,15,27453,350
26342,14,15,27083,490
26342,14,15,26713,770
26342,14,15,26343,980
26342,14,15,1,1260
41178,14,15,44143,0
41178,14,15,43773,280
41178,14,15,43403,490
41178,14,15,43033,770
41178,14,15,42663,980
41178,14,15,42293,1260
44151,14,15,46741,0
44151,14,15,46371,420
44151,14,15,46001,700
44151,14,15,45631,910
44151,14,15,45261,1190
44151,14,15,44891,1400
49342,14,15,50825,0
49342,14,15,50455,490
49342,14,15,50085,980
49342,14,15,49715,1470
38585,14,15,40066,0
38585,14,15,39696,350
38585,14,15,39326,560
38585,14,15,38956,770
38585,14,15,38586,1050
38585,14,15,1,1260
27453,14,15,30046,0
27453,14,15,29676,350
27453,14,15,29306,560
27453,14,15,28936,770
27453,14,15,28566,1050
27453,14,15,28196,1330
45262,14,15,47484,0
45262,14,15,47114,280
45262,14,15,46744,560
45262,14,15,46374,840
45262,14,15,46004,1050
45262,14,15,45634,1330
31532,14,15,34497,0
31532,14,15,34127,210
31532,14,15,33757,420
31532,14,15,33387,700
31532,14,15,33017,910
31532,14,15,32647,1190
31532,14,15,32277,1400
34505,14,15,36725,0
34505,14,15,36355,490
34505,14,15,35985,770
34505,14,15,35615,980
34505,14,15,35245,1260
34505,14,15,34875,1470
