23375,1,2,25595,0
23375,1,2,25225,210
23375,1,2,24855,560
23375,1,2,24485,840
23375,1,2,24115,1050
23375,1,2,23745,1330
24485,2,3,26708,0
24485,2,3,26338,420
24485,2,3,25968,700
24485,2,3,25598,910
24485,2,3,25228,1190
24485,2,3,24858,1400
24855,2,3,27079,0
24855,2,3,26709,420
24855,2,3,26339,700
24855,2,3,25969,910
24855,2,3,25599,1190
24855,2,3,25229,1400
25225,2,3,26710,0
25225,2,3,26340,560
25225,2,3,25970,770
25225,2,3,25600,1050
25225,2,3,25230,1260
25595,2,3,27081,0
25595,2,3,26711,630
25595,2,3,26341,840
25595,2,3,25971,1120
25595,2,3,25601,1330
23745,2,3,24856,0
23745,2,3,24486,490
23745,2,3,24116,700
23745,2,3,23746,980
23745,2,3,1,1190
24115,2,3,25597,0
24115,2,3,25227,490
24115,2,3,24857,700
24115,2,3,24487,980
24115,2,3,24117,1190
24115,2,3,1,1470
1,3,4,1,0
24857,3,4,26339,0
24857,3,4,25969,420
24857,3,4,25599,700
24857,3,4,25229,980
24857,3,4,24859,1190
24857,3,4,1,1470
25597,3,4,27451,0
25597,3,4,27081,560
25597,3,4,26711,770
25597,3,4,26341,1050
25597,3,4,25971,1260
25600,3,4,26711,0
25600,3,4,26341,350
25600,3,4,25971,630
25600,3,4,25601,910
25600,3,4,1,1120
25969,3,4,28192,0
25969,3,4,27822,350
25969,3,4,27452,630
25969,3,4,27082,840
25969,3,4,26712,1120
25969,3,4,26342,1330
24116,3,4,25227,0
24116,3,4,24857,420
24116,3,4,24487,700
24116,3,4,24117,980
24116,3,4,1,1190
25228,3,4,26710,0
25228,3,4,26340,420
25228,3,4,25970,630
25228,3,4,25600,910
25228,3,4,25230,1120
25228,3,4,1,1400
26340,3,4,28563,0
26340,3,4,28193,350
26340,3,4,27823,630
26340,3,4,27453,840
26340,3,4,27083,1120
26340,3,4,26713,1330
26708,3,4,28194,0
26708,3,4,27824,560
26708,3,4,27454,770
26708,3,4,27084,1050
26708,3,4,26714,1260
26711,3,4,28934,0
26711,3,4,28564,350
26711,3,4,28194,630
26711,3,4,27824,840
26711,3,4,27454,1120
26711,3,4,27084,1330
24856,3,4,27079,0
24856,3,4,26709,420
24856,3,4,26339,630
24856,3,4,25969,910
24856,3,4,25599,1120
24856,3,4,25229,1400
25968,3,4,27822,0
25968,3,4,27452,560
25968,3,4,27082,840
25968,3,4,26712,1050
25968,3,4,26342,1330
25971,3,4,27082,0
25971,3,4,26712,420
25971,3,4,26342,630
25971,3,4,25972,910
25971,3,4,1,1120
25599,3,4,27081,0
25599,3,4,26711,420
25599,3,4,26341,630
25599,3,4,25971,910
25599,3,4,25601,1120
25599,3,4,1,1400
25227,3,4,27080,0
25227,3,4,26710,560
25227,3,4,26340,840
25227,3,4,25970,1050
25227,3,4,25600,1330
24487,3,4,25598,0
24487,3,4,25228,420
24487,3,4,24858,700
24487,3,4,24488,980
24487,3,4,1,1190
25230,3,4,27450,0
25230,3,4,27080,490
25230,3,4,26710,770
25230,3,4,26340,980
25230,3,4,25970,1260
26339,3,4,28193,0
26339,3,4,27823,560
26339,3,4,27453,840
26339,3,4,27083,1050
26339,3,4,26713,1330
26710,3,4,28564,0
26710,3,4,28194,560
26710,3,4,27824,840
26710,3,4,27454,1050
26710,3,4,27084,1330
27079,3,4,28565,0
27079,3,4,28195,560
27079,3,4,27825,770
27079,3,4,27455,1050
27079,3,4,27085,1260
23746,3,4,25966,0
23746,3,4,25596,560
23746,3,4,25226,840
23746,3,4,24856,1050
23746,3,4,24486,1330
24858,3,4,25969,0
24858,3,4,25599,420
24858,3,4,25229,700
24858,3,4,24859,910
24858,3,4,1,1190
25970,3,4,27452,0
25970,3,4,27082,420
25970,3,4,26712,630
25970,3,4,26342,910
25970,3,4,25972,1190
25970,3,4,1,1400
25598,3,4,27451,0
25598,3,4,27081,560
25598,3,4,26711,840
25598,3,4,26341,1050
25598,3,4,25971,1330
25601,3,4,27821,0
25601,3,4,27451,490
25601,3,4,27081,770
25601,3,4,26711,1050
25601,3,4,26341,1260
24117,3,4,26337,0
24117,3,4,25967,560
24117,3,4,25597,840
24117,3,4,25227,1050
24117,3,4,24857,1330
24486,3,4,25968,0
24486,3,4,25598,490
24486,3,4,25228,700
24486,3,4,24858,980
24486,3,4,24488,1190
24486,3,4,1,1470
25229,3,4,26340,0
25229,3,4,25970,350
25229,3,4,25600,630
25229,3,4,25230,910
25229,3,4,1,1120
26338,3,4,27823,0
26338,3,4,27453,560
26338,3,4,27083,770
26338,3,4,26713,1050
26338,3,4,26343,1260
26709,3,4,28194,0
26709,3,4,27824,560
26709,3,4,27454,770
26709,3,4,27084,1050
26709,3,4,26714,1260
26341,3,4,27823,0
26341,3,4,27453,420
26341,3,4,27083,630
26341,3,4,26713,910
26341,3,4,26343,1190
26341,3,4,1,1400
27081,3,4,28935,0
27081,3,4,28565,560
27081,3,4,28195,840
27081,3,4,27825,1050
27081,3,4,27455,1330
24857,4,5,26339,0
24857,4,5,25969,420
24857,4,5,25599,700
24857,4,5,25229,980
24857,4,5,24859,1190
24857,4,5,1,1470
25597,4,5,27451,0
25597,4,5,27081,560
25597,4,5,26711,770
25597,4,5,26341,1050
25597,4,5,25971,1260
28564,4,5,30049,0
28564,4,5,29679,560
28564,4,5,29309,840
28564,4,5,28939,1050
28564,4,5,28569,1330
25966,4,5,27452,0
25966,4,5,27082,560
25966,4,5,26712,770
25966,4,5,26342,1050
25966,4,5,25972,1260
25972,4,5,28192,0
25972,4,5,27822,560
25972,4,5,27452,770
25972,4,5,27082,1050
25972,4,5,26712,1260
25600,4,5,26711,0
25600,4,5,26341,350
25600,4,5,25971,630
25600,4,5,25601,910
25600,4,5,1,1120
25969,4,5,28192,0
25969,4,5,27822,350
25969,4,5,27452,630
25969,4,5,27082,840
25969,4,5,26712,1120
25969,4,5,26342,1330
27452,4,5,29676,0
27452,4,5,29306,420
27452,4,5,28936,630
27452,4,5,28566,910
27452,4,5,28196,1120
27452,4,5,27826,1400
27821,4,5,29677,0
27821,4,5,29307,350
27821,4,5,28937,630
27821,4,5,28567,840
27821,4,5,28197,1120
27821,4,5,27827,1330
24488,4,5,26708,0
24488,4,5,26338,560
24488,4,5,25968,840
24488,4,5,25598,1050
24488,4,5,25228,1330
27455,4,5,28566,0
27455,4,5,28196,490
27455,4,5,27826,700
27455,4,5,27456,980
27455,4,5,1,1260
28192,4,5,29678,0
28192,4,5,29308,560
28192,4,5,28938,840
28192,4,5,28568,1050
28192,4,5,28198,1330
27824,4,5,30047,0
27824,4,5,29677,420
27824,4,5,29307,700
27824,4,5,28937,910
27824,4,5,28567,1190
27824,4,5,28197,1470
25228,4,5,26710,0
25228,4,5,26340,420
25228,4,5,25970,630
25228,4,5,25600,910
25228,4,5,25230,1120
25228,4,5,1,1400
28195,4,5,30418,0
28195,4,5,30048,420
28195,4,5,29678,630
28195,4,5,29308,910
28195,4,5,28938,1120
28195,4,5,28568,1400
26340,4,5,28563,0
26340,4,5,28193,350
26340,4,5,27823,630
26340,4,5,27453,840
26340,4,5,27083,1120
26340,4,5,26713,1330
26337,4,5,27823,0
26337,4,5,27453,560
26337,4,5,27083,770
26337,4,5,26713,1050
26337,4,5,26343,1260
26343,4,5,28563,0
26343,4,5,28193,560
26343,4,5,27823,770
26343,4,5,27453,1050
26343,4,5,27083,1260
27080,4,5,28565,0
27080,4,5,28195,560
27080,4,5,27825,770
27080,4,5,27455,1050
27080,4,5,27085,1260
26714,4,5,28934,0
26714,4,5,28564,560
26714,4,5,28194,840
26714,4,5,27824,1050
26714,4,5,27454,1330
27083,4,5,28565,0
27083,4,5,28195,420
27083,4,5,27825,630
27083,4,5,27455,910
27083,4,5,27085,1120
27083,4,5,1,1400
26711,4,5,28934,0
26711,4,5,28564,350
26711,4,5,28194,630
26711,4,5,27824,840
26711,4,5,27454,1120
26711,4,5,27084,1330
24856,4,5,27079,0
24856,4,5,26709,420
24856,4,5,26339,630
24856,4,5,25969,910
24856,4,5,25599,1120
24856,4,5,25229,1400
24859,4,5,27079,0
24859,4,5,26709,560
24859,4,5,26339,840
24859,4,5,25969,1050
24859,4,5,25599,1330
25596,4,5,27081,0
25596,4,5,26711,490
25596,4,5,26341,770
25596,4,5,25971,1050
25596,4,5,25601,1260
28563,4,5,30049,0
28563,4,5,29679,560
28563,4,5,29309,840
28563,4,5,28939,1050
28563,4,5,28569,1330
25968,4,5,27822,0
25968,4,5,27452,560
25968,4,5,27082,840
25968,4,5,26712,1050
25968,4,5,26342,1330
25971,4,5,27082,0
25971,4,5,26712,420
25971,4,5,26342,630
25971,4,5,25972,910
25971,4,5,1,1120
25599,4,5,27081,0
25599,4,5,26711,420
25599,4,5,26341,630
25599,4,5,25971,910
25599,4,5,25601,1120
25599,4,5,1,1400
28935,4,5,30420,0
28935,4,5,30050,560
28935,4,5,29680,840
28935,4,5,29310,1050
28935,4,5,28940,1330
27454,4,5,28936,0
27454,4,5,28566,490
27454,4,5,28196,770
27454,4,5,27826,980
27454,4,5,27456,1260
27454,4,5,1,1470
27823,4,5,30047,0
27823,4,5,29677,420
27823,4,5,29307,630
27823,4,5,28937,910
27823,4,5,28567,1120
27823,4,5,28197,1400
27451,4,5,29306,0
27451,4,5,28936,350
27451,4,5,28566,630
27451,4,5,28196,840
27451,4,5,27826,1120
27451,4,5,27456,1330
25227,4,5,27080,0
25227,4,5,26710,560
25227,4,5,26340,840
25227,4,5,25970,1050
25227,4,5,25600,1330
28194,4,5,30418,0
28194,4,5,30048,350
28194,4,5,29678,630
28194,4,5,29308,840
28194,4,5,28938,1120
28194,4,5,28568,1400
24487,4,5,25598,0
24487,4,5,25228,420
24487,4,5,24858,700
24487,4,5,24488,980
24487,4,5,1,1190
25230,4,5,27450,0
25230,4,5,27080,490
25230,4,5,26710,770
25230,4,5,26340,980
25230,4,5,25970,1260
26342,4,5,27453,0
26342,4,5,27083,420
26342,4,5,26713,630
26342,4,5,26343,910
26342,4,5,1,1120
26339,4,5,28193,0
26339,4,5,27823,560
26339,4,5,27453,840
26339,4,5,27083,1050
26339,4,5,26713,1330
27082,4,5,29305,0
27082,4,5,28935,350
27082,4,5,28565,560
27082,4,5,28195,840
27082,4,5,27825,1120
27082,4,5,27455,1330
26710,4,5,28564,0
26710,4,5,28194,560
26710,4,5,27824,840
26710,4,5,27454,1050
26710,4,5,27084,1330
27079,4,5,28565,0
27079,4,5,28195,560
27079,4,5,27825,770
27079,4,5,27455,1050
27079,4,5,27085,1260
27085,4,5,29305,0
27085,4,5,28935,560
27085,4,5,28565,770
27085,4,5,28195,1050
27085,4,5,27825,1330
26713,4,5,27824,0
26713,4,5,27454,420
26713,4,5,27084,700
26713,4,5,26714,910
26713,4,5,1,1190
24858,4,5,25969,0
24858,4,5,25599,420
24858,4,5,25229,700
24858,4,5,24859,910
24858,4,5,1,1190
28934,4,5,30420,0
28934,4,5,30050,560
28934,4,5,29680,840
28934,4,5,29310,1050
28934,4,5,28940,1330
25970,4,5,27452,0
25970,4,5,27082,420
25970,4,5,26712,630
25970,4,5,26342,910
25970,4,5,25972,1190
25970,4,5,1,1400
25598,4,5,27451,0
25598,4,5,27081,560
25598,4,5,26711,840
25598,4,5,26341,1050
25598,4,5,25971,1330
28565,4,5,30789,0
28565,4,5,30419,350
28565,4,5,30049,630
28565,4,5,29679,840
28565,4,5,29309,1120
28565,4,5,28939,1330
25967,4,5,27452,0
25967,4,5,27082,560
25967,4,5,26712,770
25967,4,5,26342,1050
25967,4,5,25972,1260
25601,4,5,27821,0
25601,4,5,27451,490
25601,4,5,27081,770
25601,4,5,26711,1050
25601,4,5,26341,1260
27822,4,5,29677,0
27822,4,5,29307,350
27822,4,5,28937,630
27822,4,5,28567,910
27822,4,5,28197,1120
27822,4,5,27827,1400
27450,4,5,29306,0
27450,4,5,28936,350
27450,4,5,28566,630
27450,4,5,28196,840
27450,4,5,27826,1120
27450,4,5,27456,1330
24117,4,5,26337,0
24117,4,5,25967,560
24117,4,5,25597,840
24117,4,5,25227,1050
24117,4,5,24857,1330
27825,4,5,29307,0
27825,4,5,28937,490
27825,4,5,28567,770
27825,4,5,28197,980
27825,4,5,27827,1260
27825,4,5,1,1470
27453,4,5,29676,0
27453,4,5,29306,420
27453,4,5,28936,700
27453,4,5,28566,910
27453,4,5,28196,1190
27453,4,5,27826,1400
24486,4,5,25968,0
24486,4,5,25598,490
24486,4,5,25228,700
24486,4,5,24858,980
24486,4,5,24488,1190
24486,4,5,1,1470
25226,4,5,27080,0
25226,4,5,26710,560
25226,4,5,26340,770
25226,4,5,25970,1050
25226,4,5,25600,1260
28193,4,5,30048,0
28193,4,5,29678,350
28193,4,5,29308,560
28193,4,5,28938,840
28193,4,5,28568,1120
28193,4,5,28198,1330
25229,4,5,26340,0
25229,4,5,25970,350
25229,4,5,25600,630
25229,4,5,25230,910
25229,4,5,1,1120
26709,4,5,28194,0
26709,4,5,27824,560
26709,4,5,27454,770
26709,4,5,27084,1050
26709,4,5,26714,1260
26341,4,5,27823,0
26341,4,5,27453,420
26341,4,5,27083,630
26341,4,5,26713,910
26341,4,5,26343,1190
26341,4,5,1,1400
27084,4,5,28195,0
27084,4,5,27825,420
27084,4,5,27455,630
27084,4,5,27085,910
27084,4,5,1,1120
26712,4,5,28194,0
26712,4,5,27824,420
26712,4,5,27454,700
26712,4,5,27084,910
26712,4,5,26714,1190
26712,4,5,1,1400
27081,4,5,28935,0
27081,4,5,28565,560
27081,4,5,28195,840
27081,4,5,27825,1050
27081,4,5,27455,1330
30048,5,6,31903,0
30048,5,6,31533,560
30048,5,6,31163,770
30048,5,6,30793,1050
30048,5,6,30423,1330
25597,5,6,27451,0
25597,5,6,27081,560
25597,5,6,26711,770
25597,5,6,26341,1050
25597,5,6,25971,1260
28939,5,6,30050,0
28939,5,6,29680,420
28939,5,6,29310,700
28939,5,6,28940,980
28939,5,6,1,1190
27455,5,6,28566,0
27455,5,6,28196,490
27455,5,6,27826,770
27455,5,6,27456,980
27455,5,6,1,1260
28192,5,6,29678,0
28192,5,6,29308,560
28192,5,6,28938,840
28192,5,6,28568,1050
28192,5,6,28198,1330
27824,5,6,30047,0
27824,5,6,29677,420
27824,5,6,29307,700
27824,5,6,28937,910
27824,5,6,28567,1190
27824,5,6,28197,1470
25228,5,6,26710,0
25228,5,6,26340,420
25228,5,6,25970,630
25228,5,6,25600,910
25228,5,6,25230,1120
25228,5,6,1,1400
26708,5,6,28194,0
26708,5,6,27824,560
26708,5,6,27454,770
26708,5,6,27084,1050
26708,5,6,26714,1260
30050,5,6,32643,0
30050,5,6,32273,350
30050,5,6,31903,630
30050,5,6,31533,840
30050,5,6,31163,1120
30050,5,6,30793,1330
25968,5,6,27822,0
25968,5,6,27452,560
25968,5,6,27082,840
25968,5,6,26712,1050
25968,5,6,26342,1330
28194,5,6,30418,0
28194,5,6,30048,350
28194,5,6,29678,630
28194,5,6,29308,840
28194,5,6,28938,1120
28194,5,6,28568,1400
27826,5,6,28937,0
27826,5,6,28567,490
27826,5,6,28197,770
27826,5,6,27827,980
27826,5,6,1,1260
25230,5,6,27450,0
25230,5,6,27080,490
25230,5,6,26710,770
25230,5,6,26340,1050
25230,5,6,25970,1260
29306,5,6,30791,0
29306,5,6,30421,560
29306,5,6,30051,840
29306,5,6,29681,1050
29306,5,6,29311,1330
26710,5,6,28564,0
26710,5,6,28194,560
26710,5,6,27824,840
26710,5,6,27454,1050
26710,5,6,27084,1330
27079,5,6,28565,0
27079,5,6,28195,560
27079,5,6,27825,770
27079,5,6,27455,1050
27079,5,6,27085,1260
28934,5,6,30420,0
28934,5,6,30050,560
28934,5,6,29680,840
28934,5,6,29310,1050
28934,5,6,28940,1330
25970,5,6,27452,0
25970,5,6,27082,420
25970,5,6,26712,700
25970,5,6,26342,910
25970,5,6,25972,1190
25970,5,6,1,1400
28568,5,6,29679,0
28568,5,6,29309,420
28568,5,6,28939,700
28568,5,6,28569,980
28568,5,6,1,1190
27450,5,6,29306,0
27450,5,6,28936,350
27450,5,6,28566,630
27450,5,6,28196,840
27450,5,6,27826,1120
27450,5,6,27456,1330
28196,5,6,29678,0
28196,5,6,29308,490
28196,5,6,28938,700
28196,5,6,28568,980
28196,5,6,28198,1190
28196,5,6,1,1470
29308,5,6,31531,0
29308,5,6,31161,420
29308,5,6,30791,630
29308,5,6,30421,910
29308,5,6,30051,1120
29308,5,6,29681,1400
26712,5,6,28194,0
26712,5,6,27824,420
26712,5,6,27454,700
26712,5,6,27084,910
26712,5,6,26714,1190
26712,5,6,1,1400
27081,5,6,28935,0
27081,5,6,28565,560
27081,5,6,28195,840
27081,5,6,27825,1050
27081,5,6,27455,1330
24857,5,6,26339,0
24857,5,6,25969,420
24857,5,6,25599,700
24857,5,6,25229,980
24857,5,6,24859,1190
24857,5,6,1,1470
25972,5,6,28192,0
25972,5,6,27822,560
25972,5,6,27452,770
25972,5,6,27082,1050
25972,5,6,26712,1330
29676,5,6,31532,0
29676,5,6,31162,560
29676,5,6,30792,770
29676,5,6,30422,1050
29676,5,6,30052,1260
27452,5,6,29676,0
27452,5,6,29306,420
27452,5,6,28936,630
27452,5,6,28566,910
27452,5,6,28196,1120
27452,5,6,27826,1400
27821,5,6,29677,0
27821,5,6,29307,350
27821,5,6,28937,630
27821,5,6,28567,840
27821,5,6,28197,1120
27821,5,6,27827,1330
24488,5,6,26708,0
24488,5,6,26338,560
24488,5,6,25968,840
24488,5,6,25598,1050
24488,5,6,25228,1330
26337,5,6,27823,0
26337,5,6,27453,560
26337,5,6,27083,770
26337,5,6,26713,1050
26337,5,6,26343,1260
29310,5,6,30421,0
29310,5,6,30051,420
29310,5,6,29681,700
29310,5,6,29311,980
29310,5,6,1,1190
30047,5,6,31903,0
30047,5,6,31533,560
30047,5,6,31163,770
30047,5,6,30793,1050
30047,5,6,30423,1260
26714,5,6,28934,0
26714,5,6,28564,560
26714,5,6,28194,840
26714,5,6,27824,1050
26714,5,6,27454,1330
27083,5,6,28565,0
27083,5,6,28195,420
27083,5,6,27825,630
27083,5,6,27455,910
27083,5,6,27085,1120
27083,5,6,1,1400
28563,5,6,30049,0
28563,5,6,29679,560
28563,5,6,29309,840
28563,5,6,28939,1050
28563,5,6,28569,1330
25599,5,6,27081,0
25599,5,6,26711,420
25599,5,6,26341,630
25599,5,6,25971,910
25599,5,6,25601,1120
25599,5,6,1,1400
29678,5,6,31902,0
29678,5,6,31532,560
29678,5,6,31162,840
29678,5,6,30792,1050
29678,5,6,30422,1330
27454,5,6,28936,0
27454,5,6,28566,490
27454,5,6,28196,770
27454,5,6,27826,980
27454,5,6,27456,1260
27454,5,6,1,1470
27823,5,6,30047,0
27823,5,6,29677,420
27823,5,6,29307,630
27823,5,6,28937,910
27823,5,6,28567,1120
27823,5,6,28197,1400
25227,5,6,27080,0
25227,5,6,26710,560
25227,5,6,26340,840
25227,5,6,25970,1050
25227,5,6,25600,1330
26339,5,6,28193,0
26339,5,6,27823,560
26339,5,6,27453,840
26339,5,6,27083,1050
26339,5,6,26713,1330
30049,5,6,32273,0
30049,5,6,31903,560
30049,5,6,31533,840
30049,5,6,31163,1050
30049,5,6,30793,1330
30418,5,6,32274,0
30418,5,6,31904,560
30418,5,6,31534,770
30418,5,6,31164,1050
30418,5,6,30794,1260
27085,5,6,29305,0
27085,5,6,28935,560
27085,5,6,28565,770
27085,5,6,28195,1050
27085,5,6,27825,1330
28565,5,6,30789,0
28565,5,6,30419,350
28565,5,6,30049,630
28565,5,6,29679,840
28565,5,6,29309,1120
28565,5,6,28939,1330
25601,5,6,27821,0
25601,5,6,27451,490
25601,5,6,27081,770
25601,5,6,26711,1050
25601,5,6,26341,1260
29680,5,6,31532,0
29680,5,6,31162,350
29680,5,6,30792,560
29680,5,6,30422,840
29680,5,6,30052,1120
29680,5,6,29682,1330
30789,5,6,33015,0
30789,5,6,32645,350
30789,5,6,32275,630
30789,5,6,31905,840
30789,5,6,31535,1120
30789,5,6,31165,1400
27825,5,6,29307,0
27825,5,6,28937,490
27825,5,6,28567,770
27825,5,6,28197,980
27825,5,6,27827,1260
27825,5,6,1,1470
29305,5,6,30791,0
29305,5,6,30421,560
29305,5,6,30051,840
29305,5,6,29681,1050
29305,5,6,29311,1330
26709,5,6,28194,0
26709,5,6,27824,560
26709,5,6,27454,770
26709,5,6,27084,1050
26709,5,6,26714,1260
26341,5,6,27823,0
26341,5,6,27453,420
26341,5,6,27083,700
26341,5,6,26713,910
26341,5,6,26343,1190
26341,5,6,1,1400
30420,5,6,32644,0
30420,5,6,32274,560
30420,5,6,31904,840
30420,5,6,31534,1050
30420,5,6,31164,1330
28567,5,6,30049,0
28567,5,6,29679,420
28567,5,6,29309,700
28567,5,6,28939,980
28567,5,6,28569,1190
28567,5,6,1,1470
28936,5,6,31160,0
28936,5,6,30790,350
28936,5,6,30420,630
28936,5,6,30050,840
28936,5,6,29680,1120
28936,5,6,29310,1330
27827,5,6,30417,0
27827,5,6,30047,420
27827,5,6,29677,630
27827,5,6,29307,910
27827,5,6,28937,1120
27827,5,6,28567,1400
28198,5,6,30788,0
28198,5,6,30418,350
28198,5,6,30048,630
28198,5,6,29678,840
28198,5,6,29308,1120
28198,5,6,28938,1330
29307,5,6,31531,0
29307,5,6,31161,350
29307,5,6,30791,630
29307,5,6,30421,840
29307,5,6,30051,1120
29307,5,6,29681,1330
26343,5,6,28563,0
26343,5,6,28193,560
26343,5,6,27823,770
26343,5,6,27453,1050
26343,5,6,27083,1330
27080,5,6,28565,0
27080,5,6,28195,560
27080,5,6,27825,770
27080,5,6,27455,1050
27080,5,6,27085,1260
24859,5,6,27079,0
24859,5,6,26709,560
24859,5,6,26339,840
24859,5,6,25969,1050
24859,5,6,25599,1330
28569,5,6,31159,0
28569,5,6,30789,350
28569,5,6,30419,630
28569,5,6,30049,840
28569,5,6,29679,1120
28569,5,6,29309,1330
28938,5,6,30420,0
28938,5,6,30050,420
28938,5,6,29680,700
28938,5,6,29310,980
28938,5,6,28940,1190
28938,5,6,1,1470
29309,5,6,30791,0
29309,5,6,30421,420
29309,5,6,30051,700
29309,5,6,29681,980
29309,5,6,29311,1190
29309,5,6,1,1470
27082,5,6,29305,0
27082,5,6,28935,350
27082,5,6,28565,560
27082,5,6,28195,840
27082,5,6,27825,1120
27082,5,6,27455,1330
25598,5,6,27451,0
25598,5,6,27081,560
25598,5,6,26711,840
25598,5,6,26341,1050
25598,5,6,25971,1330
25967,5,6,27452,0
25967,5,6,27082,560
25967,5,6,26712,770
25967,5,6,26342,1050
25967,5,6,25972,1260
28940,5,6,31530,0
28940,5,6,31160,350
28940,5,6,30790,630
28940,5,6,30420,840
28940,5,6,30050,1120
28940,5,6,29680,1330
29677,5,6,31532,0
29677,5,6,31162,560
29677,5,6,30792,770
29677,5,6,30422,1050
29677,5,6,30052,1330
27822,5,6,29677,0
27822,5,6,29307,350
27822,5,6,28937,630
27822,5,6,28567,910
27822,5,6,28197,1120
27822,5,6,27827,1400
27456,5,6,30046,0
27456,5,6,29676,420
27456,5,6,29306,630
27456,5,6,28936,910
27456,5,6,28566,1120
27456,5,6,28196,1400
28193,5,6,30048,0
28193,5,6,29678,350
28193,5,6,29308,630
28193,5,6,28938,840
28193,5,6,28568,1120
28193,5,6,28198,1330
25229,5,6,26340,0
25229,5,6,25970,350
25229,5,6,25600,630
25229,5,6,25230,910
25229,5,6,1,1120
26338,5,6,27823,0
26338,5,6,27453,560
26338,5,6,27083,770
26338,5,6,26713,1050
26338,5,6,26343,1260
27084,5,6,28195,0
27084,5,6,27825,420
27084,5,6,27455,630
27084,5,6,27085,910
27084,5,6,1,1120
28564,5,6,30049,0
28564,5,6,29679,560
28564,5,6,29309,840
28564,5,6,28939,1050
28564,5,6,28569,1330
25600,5,6,26711,0
25600,5,6,26341,350
25600,5,6,25971,630
25600,5,6,25601,910
25600,5,6,1,1120
25969,5,6,28192,0
25969,5,6,27822,350
25969,5,6,27452,630
25969,5,6,27082,840
25969,5,6,26712,1120
25969,5,6,26342,1330
29679,5,6,32272,0
29679,5,6,31902,350
29679,5,6,31532,630
29679,5,6,31162,840
29679,5,6,30792,1120
29679,5,6,30422,1330
28195,5,6,30418,0
28195,5,6,30048,420
28195,5,6,29678,630
28195,5,6,29308,910
28195,5,6,28938,1120
28195,5,6,28568,1400
26340,5,6,28563,0
26340,5,6,28193,350
26340,5,6,27823,630
26340,5,6,27453,840
26340,5,6,27083,1120
26340,5,6,26713,1330
30419,5,6,32274,0
30419,5,6,31904,560
30419,5,6,31534,770
30419,5,6,31164,1050
30419,5,6,30794,1330
26711,5,6,28934,0
26711,5,6,28564,350
26711,5,6,28194,630
26711,5,6,27824,840
26711,5,6,27454,1120
26711,5,6,27084,1330
28566,5,6,30789,0
28566,5,6,30419,420
28566,5,6,30049,630
28566,5,6,29679,910
28566,5,6,29309,1120
28566,5,6,28939,1400
28935,5,6,30420,0
28935,5,6,30050,560
28935,5,6,29680,840
28935,5,6,29310,1050
28935,5,6,28940,1330
25971,5,6,27082,0
25971,5,6,26712,420
25971,5,6,26342,630
25971,5,6,25972,910
25971,5,6,1,1120
27451,5,6,29306,0
27451,5,6,28936,350
27451,5,6,28566,630
27451,5,6,28196,840
27451,5,6,27826,1120
27451,5,6,27456,1330
28197,5,6,29308,0
28197,5,6,28938,490
28197,5,6,28568,700
28197,5,6,28198,980
28197,5,6,1,1190
26342,5,6,27453,0
26342,5,6,27083,420
26342,5,6,26713,630
26342,5,6,26343,910
26342,5,6,1,1120
26713,5,6,27824,0
26713,5,6,27454,420
26713,5,6,27084,700
26713,5,6,26714,910
26713,5,6,1,1190
24858,5,6,25969,0
24858,5,6,25599,420
24858,5,6,25229,700
24858,5,6,24859,910
24858,5,6,1,1190
28937,5,6,31160,0
28937,5,6,30790,420
28937,5,6,30420,630
28937,5,6,30050,910
28937,5,6,29680,1120
28937,5,6,29310,1400
27453,5,6,29676,0
27453,5,6,29306,420
27453,5,6,28936,700
27453,5,6,28566,910
27453,5,6,28196,1190
27453,5,6,27826,1400
30048,6,7,31903,0
30048,6,7,31533,560
30048,6,7,31163,840
30048,6,7,30793,1050
30048,6,7,30423,1330
32272,6,7,34499,0
32272,6,7,34129,560
32272,6,7,33759,770
32272,6,7,33389,1050
32272,6,7,33019,1260
28939,6,7,30050,0
28939,6,7,29680,490
28939,6,7,29310,700
28939,6,7,28940,980
28939,6,7,1,1190
30788,6,7,33015,0
30788,6,7,32645,420
30788,6,7,32275,630
30788,6,7,31905,910
30788,6,7,31535,1190
30788,6,7,31165,1400
27455,6,7,28566,0
27455,6,7,28196,490
27455,6,7,27826,770
27455,6,7,27456,980
27455,6,7,1,1260
28192,6,7,30048,0
28192,6,7,29678,350
28192,6,7,29308,560
28192,6,7,28938,840
28192,6,7,28568,1120
28192,6,7,28198,1330
27824,6,7,30047,0
27824,6,7,29677,420
27824,6,7,29307,700
27824,6,7,28937,980
27824,6,7,28567,1190
27824,6,7,28197,1470
25228,6,7,26710,0
25228,6,7,26340,420
25228,6,7,25970,630
25228,6,7,25600,910
25228,6,7,25230,1120
25228,6,7,1,1400
31534,6,7,34127,0
31534,6,7,33757,420
31534,6,7,33387,630
31534,6,7,33017,910
31534,6,7,32647,1190
31534,6,7,32277,1400
26708,6,7,28194,0
26708,6,7,27824,560
26708,6,7,27454,770
26708,6,7,27084,1050
26708,6,7,26714,1330
30050,6,7,32643,0
30050,6,7,32273,350
30050,6,7,31903,630
30050,6,7,31533,840
30050,6,7,31163,1120
30050,6,7,30793,1400
31159,6,7,33386,0
31159,6,7,33016,560
31159,6,7,32646,770
31159,6,7,32276,1050
31159,6,7,31906,1260
25968,6,7,27822,0
25968,6,7,27452,560
25968,6,7,27082,840
25968,6,7,26712,1050
25968,6,7,26342,1330
32274,6,7,34499,0
32274,6,7,34129,420
32274,6,7,33759,700
32274,6,7,33389,980
32274,6,7,33019,1190
32274,6,7,32649,1470
30790,6,7,33015,0
30790,6,7,32645,420
30790,6,7,32275,630
30790,6,7,31905,910
30790,6,7,31535,1120
30790,6,7,31165,1400
28194,6,7,30418,0
28194,6,7,30048,350
28194,6,7,29678,630
28194,6,7,29308,910
28194,6,7,28938,1120
28194,6,7,28568,1400
27826,6,7,28937,0
27826,6,7,28567,490
27826,6,7,28197,770
27826,6,7,27827,980
27826,6,7,1,1260
25230,6,7,27450,0
25230,6,7,27080,490
25230,6,7,26710,770
25230,6,7,26340,1050
25230,6,7,25970,1260
29306,6,7,31161,0
29306,6,7,30791,350
29306,6,7,30421,630
29306,6,7,30051,840
29306,6,7,29681,1120
29306,6,7,29311,1330
26710,6,7,28564,0
26710,6,7,28194,560
26710,6,7,27824,840
26710,6,7,27454,1050
26710,6,7,27084,1330
27079,6,7,28565,0
27079,6,7,28195,560
27079,6,7,27825,770
27079,6,7,27455,1050
27079,6,7,27085,1260
30052,6,7,31163,0
30052,6,7,30793,490
30052,6,7,30423,770
30052,6,7,30053,980
30052,6,7,1,1260
31161,6,7,33386,0
31161,6,7,33016,420
31161,6,7,32646,700
31161,6,7,32276,980
31161,6,7,31906,1190
31161,6,7,31536,1470
30421,6,7,33014,0
30421,6,7,32644,350
30421,6,7,32274,630
30421,6,7,31904,840
30421,6,7,31534,1120
30421,6,7,31164,1400
28934,6,7,30420,0
28934,6,7,30050,560
28934,6,7,29680,840
28934,6,7,29310,1050
28934,6,7,28940,1330
25970,6,7,27452,0
25970,6,7,27082,420
25970,6,7,26712,700
25970,6,7,26342,910
25970,6,7,25972,1190
25970,6,7,1,1400
28568,6,7,29679,0
28568,6,7,29309,490
28568,6,7,28939,700
28568,6,7,28569,980
28568,6,7,1,1190
27450,6,7,29306,0
27450,6,7,28936,350
27450,6,7,28566,630
27450,6,7,28196,910
27450,6,7,27826,1120
27450,6,7,27456,1400
30792,6,7,33385,0
30792,6,7,33015,420
30792,6,7,32645,630
30792,6,7,32275,910
30792,6,7,31905,1190
30792,6,7,31535,1400
28196,6,7,29678,0
28196,6,7,29308,490
28196,6,7,28938,700
28196,6,7,28568,980
28196,6,7,28198,1190
28196,6,7,1,1470
29308,6,7,31531,0
29308,6,7,31161,420
29308,6,7,30791,630
29308,6,7,30421,910
29308,6,7,30051,1120
29308,6,7,29681,1400
26712,6,7,28194,0
26712,6,7,27824,420
26712,6,7,27454,700
26712,6,7,27084,910
26712,6,7,26714,1190
26712,6,7,1,1400
27081,6,7,28935,0
27081,6,7,28565,560
27081,6,7,28195,840
27081,6,7,27825,1050
27081,6,7,27455,1330
30423,6,7,31534,0
30423,6,7,31164,490
30423,6,7,30794,770
30423,6,7,30424,980
30423,6,7,1,1260
25972,6,7,28192,0
25972,6,7,27822,560
25972,6,7,27452,770
25972,6,7,27082,1050
25972,6,7,26712,1260
31903,6,7,34128,0
31903,6,7,33758,420
31903,6,7,33388,700
31903,6,7,33018,910
31903,6,7,32648,1190
31903,6,7,32278,1400
29676,6,7,31532,0
29676,6,7,31162,560
29676,6,7,30792,770
29676,6,7,30422,1050
29676,6,7,30052,1330
27452,6,7,29676,0
27452,6,7,29306,420
27452,6,7,28936,630
27452,6,7,28566,910
27452,6,7,28196,1120
27452,6,7,27826,1400
27821,6,7,29677,0
27821,6,7,29307,350
27821,6,7,28937,630
27821,6,7,28567,910
27821,6,7,28197,1120
27821,6,7,27827,1400
30794,6,7,31905,0
30794,6,7,31535,560
30794,6,7,31165,770
30794,6,7,30795,1050
30794,6,7,1,1260
31531,6,7,33757,0
31531,6,7,33387,420
31531,6,7,33017,700
31531,6,7,32647,910
31531,6,7,32277,1190
31531,6,7,31907,1400
32643,6,7,34870,0
32643,6,7,34500,560
32643,6,7,34130,770
32643,6,7,33760,1050
32643,6,7,33390,1260
29310,6,7,30421,0
29310,6,7,30051,490
29310,6,7,29681,700
29310,6,7,29311,980
29310,6,7,1,1190
30047,6,7,31903,0
30047,6,7,31533,560
30047,6,7,31163,770
30047,6,7,30793,1050
30047,6,7,30423,1330
26714,6,7,28934,0
26714,6,7,28564,560
26714,6,7,28194,840
26714,6,7,27824,1050
26714,6,7,27454,1330
27083,6,7,28565,0
27083,6,7,28195,420
27083,6,7,27825,630
27083,6,7,27455,910
27083,6,7,27085,1190
27083,6,7,1,1400
28563,6,7,30049,0
28563,6,7,29679,560
28563,6,7,29309,840
28563,6,7,28939,1050
28563,6,7,28569,1330
25599,6,7,27081,0
25599,6,7,26711,420
25599,6,7,26341,630
25599,6,7,25971,910
25599,6,7,25601,1120
25599,6,7,1,1400
31905,6,7,34498,0
31905,6,7,34128,420
31905,6,7,33758,630
31905,6,7,33388,910
31905,6,7,33018,1190
31905,6,7,32648,1400
29678,6,7,32272,0
29678,6,7,31902,350
29678,6,7,31532,560
29678,6,7,31162,840
29678,6,7,30792,1120
29678,6,7,30422,1330
27454,6,7,28936,0
27454,6,7,28566,490
27454,6,7,28196,770
27454,6,7,27826,980
27454,6,7,27456,1260
27454,6,7,1,1470
27823,6,7,30047,0
27823,6,7,29677,420
27823,6,7,29307,700
27823,6,7,28937,910
27823,6,7,28567,1190
27823,6,7,28197,1400
26339,6,7,28193,0
26339,6,7,27823,560
26339,6,7,27453,840
26339,6,7,27083,1050
26339,6,7,26713,1330
32645,6,7,34870,0
32645,6,7,34500,420
32645,6,7,34130,700
32645,6,7,33760,980
32645,6,7,33390,1190
32645,6,7,33020,1470
30049,6,7,32643,0
30049,6,7,32273,350
30049,6,7,31903,560
30049,6,7,31533,840
30049,6,7,31163,1120
30049,6,7,30793,1330
30418,6,7,32274,0
30418,6,7,31904,560
30418,6,7,31534,770
30418,6,7,31164,1050
30418,6,7,30794,1330
27085,6,7,29305,0
27085,6,7,28935,560
27085,6,7,28565,770
27085,6,7,28195,1050
27085,6,7,27825,1330
28565,6,7,30789,0
28565,6,7,30419,350
28565,6,7,30049,630
28565,6,7,29679,840
28565,6,7,29309,1120
28565,6,7,28939,1400
25601,6,7,27821,0
25601,6,7,27451,490
25601,6,7,27081,770
25601,6,7,26711,1050
25601,6,7,26341,1260
29680,6,7,31532,0
29680,6,7,31162,350
29680,6,7,30792,630
29680,6,7,30422,840
29680,6,7,30052,1120
29680,6,7,29682,1330
30789,6,7,33015,0
30789,6,7,32645,420
30789,6,7,32275,630
30789,6,7,31905,910
30789,6,7,31535,1120
30789,6,7,31165,1400
27825,6,7,29307,0
27825,6,7,28937,490
27825,6,7,28567,770
27825,6,7,28197,980
27825,6,7,27827,1260
29305,6,7,30791,0
29305,6,7,30421,560
29305,6,7,30051,840
29305,6,7,29681,1050
29305,6,7,29311,1330
26709,6,7,28194,0
26709,6,7,27824,560
26709,6,7,27454,770
26709,6,7,27084,1050
26709,6,7,26714,1330
26341,6,7,27823,0
26341,6,7,27453,420
26341,6,7,27083,700
26341,6,7,26713,910
26341,6,7,26343,1190
26341,6,7,1,1400
30051,6,7,31903,0
30051,6,7,31533,350
30051,6,7,31163,630
30051,6,7,30793,840
30051,6,7,30423,1120
30051,6,7,30053,1330
30420,6,7,33014,0
30420,6,7,32644,350
30420,6,7,32274,560
30420,6,7,31904,840
30420,6,7,31534,1120
30420,6,7,31164,1330
31163,6,7,33756,0
31163,6,7,33386,420
31163,6,7,33016,700
31163,6,7,32646,980
31163,6,7,32276,1190
31163,6,7,31906,1470
28567,6,7,30049,0
28567,6,7,29679,490
28567,6,7,29309,700
28567,6,7,28939,980
28567,6,7,28569,1190
28567,6,7,1,1470
28936,6,7,31160,0
28936,6,7,30790,350
28936,6,7,30420,630
28936,6,7,30050,840
28936,6,7,29680,1120
28936,6,7,29310,1400
33015,6,7,35241,0
33015,6,7,34871,420
33015,6,7,34501,700
33015,6,7,34131,910
33015,6,7,33761,1190
33015,6,7,33391,1470
29682,6,7,32272,0
29682,6,7,31902,420
29682,6,7,31532,630
29682,6,7,31162,910
29682,6,7,30792,1120
29682,6,7,30422,1400
27827,6,7,30417,0
27827,6,7,30047,420
27827,6,7,29677,630
27827,6,7,29307,910
27827,6,7,28937,1120
27827,6,7,28567,1400
28198,6,7,30788,0
28198,6,7,30418,350
28198,6,7,30048,630
28198,6,7,29678,840
28198,6,7,29308,1120
28198,6,7,28938,1330
29307,6,7,31531,0
29307,6,7,31161,350
29307,6,7,30791,630
29307,6,7,30421,840
29307,6,7,30051,1120
29307,6,7,29681,1400
26343,6,7,28563,0
26343,6,7,28193,560
26343,6,7,27823,770
26343,6,7,27453,1050
26343,6,7,27083,1260
27080,6,7,28565,0
27080,6,7,28195,560
27080,6,7,27825,770
27080,6,7,27455,1050
27080,6,7,27085,1260
30422,6,7,32274,0
30422,6,7,31904,350
30422,6,7,31534,630
30422,6,7,31164,840
30422,6,7,30794,1120
30422,6,7,30424,1330
24859,6,7,27079,0
24859,6,7,26709,560
24859,6,7,26339,840
24859,6,7,25969,1050
24859,6,7,25599,1330
31165,6,7,32276,0
31165,6,7,31906,560
31165,6,7,31536,840
31165,6,7,31166,1050
31165,6,7,1,1330
31902,6,7,34128,0
31902,6,7,33758,420
31902,6,7,33388,700
31902,6,7,33018,910
31902,6,7,32648,1190
31902,6,7,32278,1400
28569,6,7,31159,0
28569,6,7,30789,350
28569,6,7,30419,560
28569,6,7,30049,840
28569,6,7,29679,1120
28569,6,7,29309,1330
28938,6,7,30420,0
28938,6,7,30050,490
28938,6,7,29680,700
28938,6,7,29310,980
28938,6,7,28940,1190
28938,6,7,1,1470
31533,6,7,34127,0
31533,6,7,33757,420
31533,6,7,33387,630
31533,6,7,33017,910
31533,6,7,32647,1190
31533,6,7,32277,1400
29309,6,7,30791,0
29309,6,7,30421,490
29309,6,7,30051,700
29309,6,7,29681,980
29309,6,7,29311,1190
29309,6,7,1,1470
30046,6,7,31903,0
30046,6,7,31533,560
30046,6,7,31163,840
30046,6,7,30793,1050
30046,6,7,30423,1330
27082,6,7,29305,0
27082,6,7,28935,350
27082,6,7,28565,630
27082,6,7,28195,840
27082,6,7,27825,1120
27082,6,7,27455,1330
25598,6,7,27821,0
25598,6,7,27451,350
25598,6,7,27081,560
25598,6,7,26711,840
25598,6,7,26341,1120
25598,6,7,25971,1330
31904,6,7,34498,0
31904,6,7,34128,420
31904,6,7,33758,630
31904,6,7,33388,910
31904,6,7,33018,1190
31904,6,7,32648,1400
32273,6,7,34499,0
32273,6,7,34129,420
32273,6,7,33759,700
32273,6,7,33389,980
32273,6,7,33019,1190
32273,6,7,32649,1470
28940,6,7,31530,0
28940,6,7,31160,350
28940,6,7,30790,560
28940,6,7,30420,840
28940,6,7,30050,1120
28940,6,7,29680,1330
29677,6,7,31532,0
29677,6,7,31162,560
29677,6,7,30792,840
29677,6,7,30422,1050
29677,6,7,30052,1330
27822,6,7,29677,0
27822,6,7,29307,420
27822,6,7,28937,630
27822,6,7,28567,910
27822,6,7,28197,1120
27822,6,7,27827,1400
27456,6,7,30046,0
27456,6,7,29676,350
27456,6,7,29306,630
27456,6,7,28936,910
27456,6,7,28566,1120
27456,6,7,28196,1400
28193,6,7,30048,0
28193,6,7,29678,350
28193,6,7,29308,630
28193,6,7,28938,840
28193,6,7,28568,1120
28193,6,7,28198,1330
25229,6,7,26340,0
25229,6,7,25970,420
25229,6,7,25600,630
25229,6,7,25230,910
25229,6,7,1,1120
26338,6,7,27823,0
26338,6,7,27453,560
26338,6,7,27083,770
26338,6,7,26713,1050
26338,6,7,26343,1330
31535,6,7,33387,0
31535,6,7,33017,420
31535,6,7,32647,630
31535,6,7,32277,910
31535,6,7,31907,1120
31535,6,7,31537,1400
29311,6,7,31901,0
29311,6,7,31531,350
29311,6,7,31161,560
29311,6,7,30791,840
29311,6,7,30421,1120
29311,6,7,30051,1330
32644,6,7,34870,0
32644,6,7,34500,420
32644,6,7,34130,700
32644,6,7,33760,980
32644,6,7,33390,1190
32644,6,7,33020,1470
30417,6,7,32274,0
30417,6,7,31904,560
30417,6,7,31534,840
30417,6,7,31164,1050
30417,6,7,30794,1330
27084,6,7,28195,0
27084,6,7,27825,420
27084,6,7,27455,630
27084,6,7,27085,910
27084,6,7,1,1190
31160,6,7,33386,0
31160,6,7,33016,420
31160,6,7,32646,700
31160,6,7,32276,980
31160,6,7,31906,1190
31160,6,7,31536,1470
28564,6,7,30419,0
28564,6,7,30049,350
28564,6,7,29679,630
28564,6,7,29309,840
28564,6,7,28939,1120
28564,6,7,28569,1330
25600,6,7,26711,0
25600,6,7,26341,420
25600,6,7,25971,630
25600,6,7,25601,910
25600,6,7,1,1120
25969,6,7,28192,0
25969,6,7,27822,350
25969,6,7,27452,630
25969,6,7,27082,840
25969,6,7,26712,1120
25969,6,7,26342,1330
32275,6,7,34869,0
32275,6,7,34499,420
32275,6,7,34129,700
32275,6,7,33759,910
32275,6,7,33389,1190
32275,6,7,33019,1400
29679,6,7,32272,0
29679,6,7,31902,350
29679,6,7,31532,630
29679,6,7,31162,840
29679,6,7,30792,1120
29679,6,7,30422,1400
30791,6,7,33385,0
30791,6,7,33015,420
30791,6,7,32645,630
30791,6,7,32275,910
30791,6,7,31905,1120
30791,6,7,31535,1400
28195,6,7,30418,0
28195,6,7,30048,420
28195,6,7,29678,630
28195,6,7,29308,910
28195,6,7,28938,1190
28195,6,7,28568,1400
26340,6,7,28563,0
26340,6,7,28193,350
26340,6,7,27823,630
26340,6,7,27453,840
26340,6,7,27083,1120
26340,6,7,26713,1330
30419,6,7,32274,0
30419,6,7,31904,560
30419,6,7,31534,840
30419,6,7,31164,1050
30419,6,7,30794,1330
26711,6,7,28934,0
26711,6,7,28564,350
26711,6,7,28194,630
26711,6,7,27824,840
26711,6,7,27454,1120
26711,6,7,27084,1400
31162,6,7,33756,0
31162,6,7,33386,420
31162,6,7,33016,700
31162,6,7,32646,910
31162,6,7,32276,1190
31162,6,7,31906,1400
28566,6,7,30789,0
28566,6,7,30419,420
28566,6,7,30049,630
28566,6,7,29679,910
28566,6,7,29309,1120
28566,6,7,28939,1400
28935,6,7,30790,0
28935,6,7,30420,350
28935,6,7,30050,630
28935,6,7,29680,840
28935,6,7,29310,1120
28935,6,7,28940,1330
25971,6,7,27082,0
25971,6,7,26712,420
25971,6,7,26342,630
25971,6,7,25972,910
25971,6,7,1,1190
29681,6,7,30792,0
29681,6,7,30422,490
29681,6,7,30052,770
29681,6,7,29682,980
29681,6,7,1,1260
27451,6,7,29306,0
27451,6,7,28936,350
27451,6,7,28566,630
27451,6,7,28196,910
27451,6,7,27826,1120
27451,6,7,27456,1400
30793,6,7,32645,0
30793,6,7,32275,420
30793,6,7,31905,630
30793,6,7,31535,910
30793,6,7,31165,1120
30793,6,7,30795,1400
31530,6,7,33757,0
31530,6,7,33387,490
31530,6,7,33017,770
31530,6,7,32647,980
31530,6,7,32277,1260
28197,6,7,29308,0
28197,6,7,28938,490
28197,6,7,28568,700
28197,6,7,28198,980
28197,6,7,1,1190
26342,6,7,27453,0
26342,6,7,27083,420
26342,6,7,26713,630
26342,6,7,26343,910
26342,6,7,1,1190
26713,6,7,27824,0
26713,6,7,27454,420
26713,6,7,27084,700
26713,6,7,26714,910
26713,6,7,1,1190
31164,6,7,33016,0
31164,6,7,32646,420
31164,6,7,32276,700
31164,6,7,31906,910
31164,6,7,31536,1190
31164,6,7,31166,1400
28937,6,7,31160,0
28937,6,7,30790,420
28937,6,7,30420,630
28937,6,7,30050,910
28937,6,7,29680,1120
28937,6,7,29310,1400
27453,6,7,29676,0
27453,6,7,29306,420
27453,6,7,28936,700
27453,6,7,28566,910
27453,6,7,28196,1190
27453,6,7,27826,1470
31532,6,7,33757,0
31532,6,7,33387,420
31532,6,7,33017,700
31532,6,7,32647,910
31532,6,7,32277,1190
31532,6,7,31907,1400
30048,7,8,31903,0
30048,7,8,31533,560
30048,7,8,31163,840
30048,7,8,30793,1050
30048,7,8,30423,1330
33390,7,8,35242,0
33390,7,8,34872,420
33390,7,8,34502,700
33390,7,8,34132,910
33390,7,8,33762,1190
33390,7,8,33392,1400
31166,7,8,33756,0
31166,7,8,33386,490
31166,7,8,33016,770
31166,7,8,32646,980
31166,7,8,32276,1260
32272,7,8,34499,0
32272,7,8,34129,560
32272,7,8,33759,770
32272,7,8,33389,1050
32272,7,8,33019,1260
28939,7,8,30050,0
28939,7,8,29680,420
28939,7,8,29310,700
28939,7,8,28940,980
28939,7,8,1,1190
30788,7,8,33015,0
30788,7,8,32645,420
30788,7,8,32275,700
30788,7,8,31905,910
30788,7,8,31535,1190
30788,7,8,31165,1400
27455,7,8,28566,0
27455,7,8,28196,490
27455,7,8,27826,770
27455,7,8,27456,980
27455,7,8,1,1260
28192,7,8,30048,0
28192,7,8,29678,350
28192,7,8,29308,630
28192,7,8,28938,840
28192,7,8,28568,1120
28192,7,8,28198,1330
27824,7,8,30047,0
27824,7,8,29677,490
27824,7,8,29307,700
27824,7,8,28937,980
27824,7,8,28567,1190
27824,7,8,28197,1470
34130,7,8,36724,0
34130,7,8,36354,420
34130,7,8,35984,700
34130,7,8,35614,910
34130,7,8,35244,1190
34130,7,8,34874,1400
34498,7,8,36725,0
34498,7,8,36355,560
34498,7,8,35985,770
34498,7,8,35615,1050
34498,7,8,35245,1260
31534,7,8,34127,0
31534,7,8,33757,420
31534,7,8,33387,700
31534,7,8,33017,910
31534,7,8,32647,1190
31534,7,8,32277,1400
33761,7,8,35613,0
33761,7,8,35243,420
33761,7,8,34873,700
33761,7,8,34503,910
33761,7,8,34133,1190
33761,7,8,33763,1400
30050,7,8,32643,0
30050,7,8,32273,350
30050,7,8,31903,630
30050,7,8,31533,840
30050,7,8,31163,1120
30050,7,8,30793,1400
31159,7,8,33386,0
31159,7,8,33016,560
31159,7,8,32646,770
31159,7,8,32276,1050
31159,7,8,31906,1260
32274,7,8,34499,0
32274,7,8,34129,490
32274,7,8,33759,700
32274,7,8,33389,980
32274,7,8,33019,1190
32274,7,8,32649,1470
30790,7,8,33015,0
30790,7,8,32645,420
30790,7,8,32275,700
30790,7,8,31905,910
30790,7,8,31535,1190
30790,7,8,31165,1400
28194,7,8,30418,0
28194,7,8,30048,420
28194,7,8,29678,630
28194,7,8,29308,910
28194,7,8,28938,1120
28194,7,8,28568,1400
27826,7,8,28937,0
27826,7,8,28567,490
27826,7,8,28197,770
27826,7,8,27827,1050
27826,7,8,1,1260
34500,7,8,36725,0
34500,7,8,36355,420
34500,7,8,35985,700
34500,7,8,35615,980
34500,7,8,35245,1190
34500,7,8,34875,1470
25230,7,8,27450,0
25230,7,8,27080,560
25230,7,8,26710,770
25230,7,8,26340,1050
25230,7,8,25970,1260
31536,7,8,32647,0
31536,7,8,32277,560
31536,7,8,31907,770
31536,7,8,31537,1050
31536,7,8,1,1330
34869,7,8,37096,0
34869,7,8,36726,560
34869,7,8,36356,770
34869,7,8,35986,1050
34869,7,8,35616,1260
29306,7,8,31161,0
29306,7,8,30791,350
29306,7,8,30421,560
29306,7,8,30051,840
29306,7,8,29681,1120
29306,7,8,29311,1330
26710,7,8,28934,0
26710,7,8,28564,350
26710,7,8,28194,630
26710,7,8,27824,840
26710,7,8,27454,1120
26710,7,8,27084,1330
32648,7,8,34500,0
32648,7,8,34130,420
32648,7,8,33760,700
32648,7,8,33390,910
32648,7,8,33020,1190
32648,7,8,32650,1400
33385,7,8,35612,0
33385,7,8,35242,560
33385,7,8,34872,770
33385,7,8,34502,1050
33385,7,8,34132,1260
30052,7,8,31163,0
30052,7,8,30793,490
30052,7,8,30423,770
30052,7,8,30053,980
30052,7,8,1,1260
31161,7,8,33386,0
31161,7,8,33016,490
31161,7,8,32646,700
31161,7,8,32276,980
31161,7,8,31906,1190
31161,7,8,31536,1470
30421,7,8,33014,0
30421,7,8,32644,350
30421,7,8,32274,630
30421,7,8,31904,840
30421,7,8,31534,1120
30421,7,8,31164,1400
27079,7,8,28565,0
27079,7,8,28195,560
27079,7,8,27825,770
27079,7,8,27455,1050
27079,7,8,27085,1330
28934,7,8,30420,0
28934,7,8,30050,560
28934,7,8,29680,840
28934,7,8,29310,1050
28934,7,8,28940,1330
25970,7,8,27452,0
25970,7,8,27082,420
25970,7,8,26712,700
25970,7,8,26342,910
25970,7,8,25972,1190
25970,7,8,1,1470
32276,7,8,34869,0
32276,7,8,34499,420
32276,7,8,34129,700
32276,7,8,33759,910
32276,7,8,33389,1190
32276,7,8,33019,1470
28568,7,8,29679,0
28568,7,8,29309,420
28568,7,8,28939,700
28568,7,8,28569,980
28568,7,8,1,1190
27450,7,8,29306,0
27450,7,8,28936,420
27450,7,8,28566,630
27450,7,8,28196,910
27450,7,8,27826,1120
27450,7,8,27456,1400
33756,7,8,35983,0
33756,7,8,35613,560
33756,7,8,35243,770
33756,7,8,34873,1050
33756,7,8,34503,1260
30792,7,8,33385,0
30792,7,8,33015,420
30792,7,8,32645,700
30792,7,8,32275,910
30792,7,8,31905,1190
30792,7,8,31535,1400
28196,7,8,29678,0
28196,7,8,29308,490
28196,7,8,28938,770
28196,7,8,28568,980
28196,7,8,28198,1260
28196,7,8,1,1470
34871,7,8,37096,0
34871,7,8,36726,420
34871,7,8,36356,700
34871,7,8,35986,980
34871,7,8,35616,1190
34871,7,8,35246,1470
29308,7,8,31531,0
29308,7,8,31161,420
29308,7,8,30791,630
29308,7,8,30421,910
29308,7,8,30051,1120
29308,7,8,29681,1400
26712,7,8,28194,0
26712,7,8,27824,420
26712,7,8,27454,700
26712,7,8,27084,980
26712,7,8,26714,1190
26712,7,8,1,1470
27081,7,8,28935,0
27081,7,8,28565,560
27081,7,8,28195,840
27081,7,8,27825,1050
27081,7,8,27455,1330
33387,7,8,35612,0
33387,7,8,35242,420
33387,7,8,34872,700
33387,7,8,34502,980
33387,7,8,34132,1190
33387,7,8,33762,1470
30423,7,8,31534,0
30423,7,8,31164,490
30423,7,8,30794,770
30423,7,8,30424,980
30423,7,8,1,1260
25972,7,8,28192,0
25972,7,8,27822,560
25972,7,8,27452,840
25972,7,8,27082,1050
25972,7,8,26712,1330
31903,7,8,34128,0
31903,7,8,33758,420
31903,7,8,33388,700
31903,7,8,33018,910
31903,7,8,32648,1190
31903,7,8,32278,1470
29676,7,8,31532,0
29676,7,8,31162,560
29676,7,8,30792,770
29676,7,8,30422,1050
29676,7,8,30052,1330
27452,7,8,29676,0
27452,7,8,29306,420
27452,7,8,28936,700
27452,7,8,28566,910
27452,7,8,28196,1190
27452,7,8,27826,1400
33758,7,8,35983,0
33758,7,8,35613,420
33758,7,8,35243,700
33758,7,8,34873,980
33758,7,8,34503,1190
33758,7,8,34133,1470
33018,7,8,35611,0
33018,7,8,35241,420
33018,7,8,34871,700
33018,7,8,34501,910
33018,7,8,34131,1190
33018,7,8,33761,1400
34127,7,8,36354,0
34127,7,8,35984,560
34127,7,8,35614,770
34127,7,8,35244,1050
34127,7,8,34874,1260
30794,7,8,31905,0
30794,7,8,31535,560
30794,7,8,31165,840
30794,7,8,30795,1050
30794,7,8,1,1330
31531,7,8,33757,0
31531,7,8,33387,420
31531,7,8,33017,700
31531,7,8,32647,910
31531,7,8,32277,1190
31531,7,8,31907,1470
27821,7,8,29677,0
27821,7,8,29307,420
27821,7,8,28937,630
27821,7,8,28567,910
27821,7,8,28197,1120
27821,7,8,27827,1400
32643,7,8,34870,0
32643,7,8,34500,560
32643,7,8,34130,770
32643,7,8,33760,1050
32643,7,8,33390,1260
29310,7,8,30421,0
29310,7,8,30051,420
29310,7,8,29681,700
29310,7,8,29311,980
29310,7,8,1,1190
30047,7,8,31903,0
30047,7,8,31533,560
30047,7,8,31163,770
30047,7,8,30793,1050
30047,7,8,30423,1330
26714,7,8,28934,0
26714,7,8,28564,560
26714,7,8,28194,840
26714,7,8,27824,1050
26714,7,8,27454,1330
27083,7,8,28565,0
27083,7,8,28195,420
27083,7,8,27825,700
27083,7,8,27455,910
27083,7,8,27085,1190
27083,7,8,1,1400
33389,7,8,35982,0
33389,7,8,35612,420
33389,7,8,35242,700
33389,7,8,34872,910
33389,7,8,34502,1190
33389,7,8,34132,1400
28563,7,8,30049,0
28563,7,8,29679,560
28563,7,8,29309,840
28563,7,8,28939,1050
28563,7,8,28569,1330
25599,7,8,27081,0
25599,7,8,26711,420
25599,7,8,26341,630
25599,7,8,25971,910
25599,7,8,25601,1190
25599,7,8,1,1400
31905,7,8,34498,0
31905,7,8,34128,420
31905,7,8,33758,700
31905,7,8,33388,910
31905,7,8,33018,1190
31905,7,8,32648,1400
29678,7,8,32272,0
29678,7,8,31902,350
29678,7,8,31532,560
29678,7,8,31162,840
29678,7,8,30792,1120
29678,7,8,30422,1330
27454,7,8,28936,0
27454,7,8,28566,490
27454,7,8,28196,770
27454,7,8,27826,980
27454,7,8,27456,1260
27823,7,8,30047,0
27823,7,8,29677,420
27823,7,8,29307,700
27823,7,8,28937,910
27823,7,8,28567,1190
27823,7,8,28197,1400
34129,7,8,36354,0
34129,7,8,35984,420
34129,7,8,35614,700
34129,7,8,35244,980
34129,7,8,34874,1190
34129,7,8,34504,1470
33020,7,8,34131,0
33020,7,8,33761,560
33020,7,8,33391,840
33020,7,8,33021,1050
33020,7,8,1,1330
26339,7,8,28563,0
26339,7,8,28193,350
26339,7,8,27823,560
26339,7,8,27453,840
26339,7,8,27083,1120
26339,7,8,26713,1330
32645,7,8,34870,0
32645,7,8,34500,490
32645,7,8,34130,700
32645,7,8,33760,980
32645,7,8,33390,1190
32645,7,8,33020,1470
30049,7,8,32643,0
30049,7,8,32273,350
30049,7,8,31903,560
30049,7,8,31533,840
30049,7,8,31163,1120
30049,7,8,30793,1330
30418,7,8,32274,0
30418,7,8,31904,560
30418,7,8,31534,770
30418,7,8,31164,1050
30418,7,8,30794,1330
27085,7,8,29305,0
27085,7,8,28935,560
27085,7,8,28565,840
27085,7,8,28195,1050
27085,7,8,27825,1330
33391,7,8,34502,0
33391,7,8,34132,560
33391,7,8,33762,840
33391,7,8,33392,1050
33391,7,8,1,1330
28565,7,8,30789,0
28565,7,8,30419,350
28565,7,8,30049,630
28565,7,8,29679,840
28565,7,8,29309,1120
28565,7,8,28939,1400
25601,7,8,27821,0
25601,7,8,27451,560
25601,7,8,27081,770
25601,7,8,26711,1050
25601,7,8,26341,1330
31907,7,8,33018,0
31907,7,8,32648,560
31907,7,8,32278,770
31907,7,8,31908,1050
31907,7,8,1,1330
29680,7,8,31532,0
29680,7,8,31162,350
29680,7,8,30792,630
29680,7,8,30422,840
29680,7,8,30052,1120
29680,7,8,29682,1330
30789,7,8,33015,0
30789,7,8,32645,420
30789,7,8,32275,630
30789,7,8,31905,910
30789,7,8,31535,1120
30789,7,8,31165,1400
27825,7,8,29307,0
27825,7,8,28937,560
27825,7,8,28567,770
27825,7,8,28197,1050
27825,7,8,27827,1260
34131,7,8,36724,0
34131,7,8,36354,420
34131,7,8,35984,700
34131,7,8,35614,910
34131,7,8,35244,1190
34131,7,8,34874,1400
29305,7,8,30791,0
29305,7,8,30421,560
29305,7,8,30051,840
29305,7,8,29681,1050
29305,7,8,29311,1330
26709,7,8,28194,0
26709,7,8,27824,560
26709,7,8,27454,840
26709,7,8,27084,1050
26709,7,8,26714,1330
26341,7,8,27823,0
26341,7,8,27453,420
26341,7,8,27083,700
26341,7,8,26713,910
26341,7,8,26343,1190
26341,7,8,1,1470
32647,7,8,35240,0
32647,7,8,34870,420
32647,7,8,34500,700
32647,7,8,34130,910
32647,7,8,33760,1190
32647,7,8,33390,1470
30051,7,8,31903,0
30051,7,8,31533,350
30051,7,8,31163,630
30051,7,8,30793,840
30051,7,8,30423,1120
30051,7,8,30053,1330
30420,7,8,33014,0
30420,7,8,32644,350
30420,7,8,32274,560
30420,7,8,31904,840
30420,7,8,31534,1120
30420,7,8,31164,1330
31163,7,8,33756,0
31163,7,8,33386,490
31163,7,8,33016,700
31163,7,8,32646,980
31163,7,8,32276,1190
31163,7,8,31906,1470
28567,7,8,30049,0
28567,7,8,29679,490
28567,7,8,29309,700
28567,7,8,28939,980
28567,7,8,28569,1190
28567,7,8,1,1470
28936,7,8,31160,0
28936,7,8,30790,350
28936,7,8,30420,630
28936,7,8,30050,840
28936,7,8,29680,1120
28936,7,8,29310,1400
32278,7,8,33389,0
32278,7,8,33019,560
32278,7,8,32649,840
32278,7,8,32279,1050
32278,7,8,1,1330
33015,7,8,35241,0
33015,7,8,34871,490
33015,7,8,34501,700
33015,7,8,34131,980
33015,7,8,33761,1190
33015,7,8,33391,1470
29682,7,8,32272,0
29682,7,8,31902,420
29682,7,8,31532,630
29682,7,8,31162,910
29682,7,8,30792,1120
29682,7,8,30422,1400
27827,7,8,30417,0
27827,7,8,30047,420
27827,7,8,29677,630
27827,7,8,29307,910
27827,7,8,28937,1190
27827,7,8,28567,1400
28198,7,8,30788,0
28198,7,8,30418,350
28198,7,8,30048,630
28198,7,8,29678,910
28198,7,8,29308,1120
28198,7,8,28938,1400
29307,7,8,31531,0
29307,7,8,31161,350
29307,7,8,30791,630
29307,7,8,30421,840
29307,7,8,30051,1120
29307,7,8,29681,1400
26343,7,8,28563,0
26343,7,8,28193,560
26343,7,8,27823,840
26343,7,8,27453,1050
26343,7,8,27083,1330
32649,7,8,33760,0
32649,7,8,33390,560
32649,7,8,33020,840
32649,7,8,32650,1050
32649,7,8,1,1330
33386,7,8,35612,0
33386,7,8,35242,490
33386,7,8,34872,700
33386,7,8,34502,980
33386,7,8,34132,1190
33386,7,8,33762,1470
27080,7,8,28565,0
27080,7,8,28195,560
27080,7,8,27825,840
27080,7,8,27455,1050
27080,7,8,27085,1330
30422,7,8,32274,0
30422,7,8,31904,350
30422,7,8,31534,630
30422,7,8,31164,840
30422,7,8,30794,1120
30422,7,8,30424,1330
31165,7,8,32646,0
31165,7,8,32276,350
31165,7,8,31906,560
31165,7,8,31536,840
31165,7,8,31166,1120
31165,7,8,1,1330
31902,7,8,34128,0
31902,7,8,33758,420
31902,7,8,33388,700
31902,7,8,33018,910
31902,7,8,32648,1190
31902,7,8,32278,1470
28569,7,8,31159,0
28569,7,8,30789,350
28569,7,8,30419,630
28569,7,8,30049,840
28569,7,8,29679,1120
28569,7,8,29309,1330
28938,7,8,30420,0
28938,7,8,30050,490
28938,7,8,29680,700
28938,7,8,29310,980
28938,7,8,28940,1190
28938,7,8,1,1470
33017,7,8,35611,0
33017,7,8,35241,420
33017,7,8,34871,700
33017,7,8,34501,910
33017,7,8,34131,1190
33017,7,8,33761,1400
33760,7,8,36353,0
33760,7,8,35983,420
33760,7,8,35613,700
33760,7,8,35243,910
33760,7,8,34873,1190
33760,7,8,34503,1400
31533,7,8,34127,0
31533,7,8,33757,420
31533,7,8,33387,700
31533,7,8,33017,910
31533,7,8,32647,1190
31533,7,8,32277,1400
29309,7,8,30791,0
29309,7,8,30421,490
29309,7,8,30051,700
29309,7,8,29681,980
29309,7,8,29311,1190
29309,7,8,1,1470
30046,7,8,31903,0
30046,7,8,31533,560
30046,7,8,31163,840
30046,7,8,30793,1050
30046,7,8,30423,1330
27082,7,8,29305,0
27082,7,8,28935,350
27082,7,8,28565,630
27082,7,8,28195,840
27082,7,8,27825,1120
27082,7,8,27455,1400
33388,7,8,35982,0
33388,7,8,35612,420
33388,7,8,35242,700
33388,7,8,34872,910
33388,7,8,34502,1190
33388,7,8,34132,1400
30424,7,8,33014,0
30424,7,8,32644,420
30424,7,8,32274,630
30424,7,8,31904,910
30424,7,8,31534,1120
30424,7,8,31164,1400
31904,7,8,34498,0
31904,7,8,34128,420
31904,7,8,33758,700
31904,7,8,33388,910
31904,7,8,33018,1190
31904,7,8,32648,1400
32273,7,8,34499,0
32273,7,8,34129,490
32273,7,8,33759,700
32273,7,8,33389,980
32273,7,8,33019,1190
32273,7,8,32649,1470
28940,7,8,31530,0
28940,7,8,31160,350
28940,7,8,30790,630
28940,7,8,30420,840
28940,7,8,30050,1120
28940,7,8,29680,1330
29677,7,8,31532,0
29677,7,8,31162,560
29677,7,8,30792,840
29677,7,8,30422,1050
29677,7,8,30052,1330
33019,7,8,34871,0
33019,7,8,34501,420
33019,7,8,34131,700
33019,7,8,33761,910
33019,7,8,33391,1190
33019,7,8,33021,1400
27822,7,8,29677,0
27822,7,8,29307,420
27822,7,8,28937,630
27822,7,8,28567,910
27822,7,8,28197,1190
27822,7,8,27827,1400
27456,7,8,30046,0
27456,7,8,29676,420
27456,7,8,29306,630
27456,7,8,28936,910
27456,7,8,28566,1190
27456,7,8,28196,1400
28193,7,8,30048,0
28193,7,8,29678,350
28193,7,8,29308,630
28193,7,8,28938,840
28193,7,8,28568,1120
28193,7,8,28198,1400
34499,7,8,36725,0
34499,7,8,36355,490
34499,7,8,35985,700
34499,7,8,35615,980
34499,7,8,35245,1190
34499,7,8,34875,1470
31535,7,8,33387,0
31535,7,8,33017,420
31535,7,8,32647,630
31535,7,8,32277,910
31535,7,8,31907,1190
31535,7,8,31537,1400
32644,7,8,34870,0
32644,7,8,34500,490
32644,7,8,34130,700
32644,7,8,33760,980
32644,7,8,33390,1190
32644,7,8,33020,1470
29311,7,8,31901,0
29311,7,8,31531,350
29311,7,8,31161,630
29311,7,8,30791,840
29311,7,8,30421,1120
29311,7,8,30051,1330
30417,7,8,32274,0
30417,7,8,31904,560
30417,7,8,31534,840
30417,7,8,31164,1050
30417,7,8,30794,1330
27084,7,8,28195,0
27084,7,8,27825,420
27084,7,8,27455,700
27084,7,8,27085,910
27084,7,8,1,1190
31160,7,8,33386,0
31160,7,8,33016,490
31160,7,8,32646,700
31160,7,8,32276,980
31160,7,8,31906,1190
31160,7,8,31536,1470
28564,7,8,30419,0
28564,7,8,30049,350
28564,7,8,29679,560
28564,7,8,29309,840
28564,7,8,28939,1120
28564,7,8,28569,1330
25600,7,8,26711,0
25600,7,8,26341,420
25600,7,8,25971,630
25600,7,8,25601,910
25600,7,8,1,1120
31906,7,8,33758,0
31906,7,8,33388,420
31906,7,8,33018,630
31906,7,8,32648,910
31906,7,8,32278,1190
31906,7,8,31908,1400
25969,7,8,28192,0
25969,7,8,27822,350
25969,7,8,27452,630
25969,7,8,27082,910
25969,7,8,26712,1120
25969,7,8,26342,1400
32275,7,8,34869,0
32275,7,8,34499,420
32275,7,8,34129,700
32275,7,8,33759,910
32275,7,8,33389,1190
32275,7,8,33019,1470
29679,7,8,32272,0
29679,7,8,31902,350
29679,7,8,31532,630
29679,7,8,31162,840
29679,7,8,30792,1120
29679,7,8,30422,1400
30791,7,8,33385,0
30791,7,8,33015,420
30791,7,8,32645,630
30791,7,8,32275,910
30791,7,8,31905,1190
30791,7,8,31535,1400
28195,7,8,30418,0
28195,7,8,30048,420
28195,7,8,29678,700
28195,7,8,29308,910
28195,7,8,28938,1190
28195,7,8,28568,1400
34501,7,8,37095,0
34501,7,8,36725,420
34501,7,8,36355,700
34501,7,8,35985,910
34501,7,8,35615,1190
34501,7,8,35245,1400
34870,7,8,37096,0
34870,7,8,36726,490
34870,7,8,36356,700
34870,7,8,35986,980
34870,7,8,35616,1190
34870,7,8,35246,1470
26340,7,8,28563,0
26340,7,8,28193,350
26340,7,8,27823,630
26340,7,8,27453,910
26340,7,8,27083,1120
26340,7,8,26713,1400
32646,7,8,35240,0
32646,7,8,34870,420
32646,7,8,34500,700
32646,7,8,34130,910
32646,7,8,33760,1190
32646,7,8,33390,1470
31537,7,8,34127,0
31537,7,8,33757,490
31537,7,8,33387,700
31537,7,8,33017,980
31537,7,8,32647,1190
31537,7,8,32277,1470
30419,7,8,32274,0
30419,7,8,31904,560
30419,7,8,31534,840
30419,7,8,31164,1050
30419,7,8,30794,1330
26711,7,8,28934,0
26711,7,8,28564,350
26711,7,8,28194,630
26711,7,8,27824,910
26711,7,8,27454,1120
26711,7,8,27084,1400
30053,7,8,32643,0
30053,7,8,32273,420
30053,7,8,31903,630
30053,7,8,31533,910
30053,7,8,31163,1120
30053,7,8,30793,1400
31162,7,8,33756,0
31162,7,8,33386,420
31162,7,8,33016,700
31162,7,8,32646,910
31162,7,8,32276,1190
31162,7,8,31906,1470
28566,7,8,30789,0
28566,7,8,30419,420
28566,7,8,30049,630
28566,7,8,29679,910
28566,7,8,29309,1120
28566,7,8,28939,1400
28935,7,8,30790,0
28935,7,8,30420,350
28935,7,8,30050,560
28935,7,8,29680,840
28935,7,8,29310,1120
28935,7,8,28940,1330
35241,7,8,37467,0
35241,7,8,37097,490
35241,7,8,36727,770
35241,7,8,36357,980
35241,7,8,35987,1260
35241,7,8,35617,1470
25971,7,8,27082,0
25971,7,8,26712,420
25971,7,8,26342,700
25971,7,8,25972,910
25971,7,8,1,1190
32277,7,8,34129,0
32277,7,8,33759,420
32277,7,8,33389,700
32277,7,8,33019,910
32277,7,8,32649,1190
32277,7,8,32279,1400
33014,7,8,35241,0
33014,7,8,34871,560
33014,7,8,34501,770
33014,7,8,34131,1050
33014,7,8,33761,1260
29681,7,8,30792,0
29681,7,8,30422,490
29681,7,8,30052,770
29681,7,8,29682,980
29681,7,8,1,1260
27451,7,8,29306,0
27451,7,8,28936,420
27451,7,8,28566,630
27451,7,8,28196,910
27451,7,8,27826,1120
27451,7,8,27456,1400
33757,7,8,35983,0
33757,7,8,35613,490
33757,7,8,35243,700
33757,7,8,34873,980
33757,7,8,34503,1190
33757,7,8,34133,1470
30793,7,8,32645,0
30793,7,8,32275,420
30793,7,8,31905,630
30793,7,8,31535,910
30793,7,8,31165,1190
30793,7,8,30795,1400
31530,7,8,33757,0
31530,7,8,33387,490
31530,7,8,33017,770
31530,7,8,32647,1050
31530,7,8,32277,1260
28197,7,8,29308,0
28197,7,8,28938,490
28197,7,8,28568,700
28197,7,8,28198,980
28197,7,8,1,1260
26342,7,8,27453,0
26342,7,8,27083,420
26342,7,8,26713,700
26342,7,8,26343,910
26342,7,8,1,1190
26713,7,8,27824,0
26713,7,8,27454,420
26713,7,8,27084,700
26713,7,8,26714,910
26713,7,8,1,1190
31164,7,8,33016,0
31164,7,8,32646,420
31164,7,8,32276,700
31164,7,8,31906,980
31164,7,8,31536,1190
31164,7,8,31166,1470
31901,7,8,34128,0
31901,7,8,33758,490
31901,7,8,33388,770
31901,7,8,33018,1050
31901,7,8,32648,1260
28937,7,8,31160,0
28937,7,8,30790,420
28937,7,8,30420,630
28937,7,8,30050,910
28937,7,8,29680,1120
28937,7,8,29310,1400
33016,7,8,35241,0
33016,7,8,34871,420
33016,7,8,34501,700
33016,7,8,34131,980
33016,7,8,33761,1190
33016,7,8,33391,1470
27453,7,8,29676,0
27453,7,8,29306,420
27453,7,8,28936,700
27453,7,8,28566,980
27453,7,8,28196,1190
27453,7,8,27826,1470
33759,7,8,36353,0
33759,7,8,35983,420
33759,7,8,35613,700
33759,7,8,35243,910
33759,7,8,34873,1190
33759,7,8,34503,1400
34128,7,8,36354,0
34128,7,8,35984,490
34128,7,8,35614,700
34128,7,8,35244,980
34128,7,8,34874,1190
34128,7,8,34504,1470
30795,7,8,33385,0
30795,7,8,33015,490
30795,7,8,32645,700
30795,7,8,32275,980
30795,7,8,31905,1190
30795,7,8,31535,1470
31532,7,8,33757,0
31532,7,8,33387,420
31532,7,8,33017,700
31532,7,8,32647,910
31532,7,8,32277,1190
31532,7,8,31907,1470
30048,8,9,31903,0
30048,8,9,31533,560
30048,8,9,31163,770
30048,8,9,30793,1050
30048,8,9,30423,1260
36354,8,9,38580,0
36354,8,9,38210,350
36354,8,9,37840,630
36354,8,9,37470,840
36354,8,9,37100,1120
36354,8,9,36730,1330
35617,8,9,36728,0
35617,8,9,36358,560
35617,8,9,35988,840
35617,8,9,35618,1050
35617,8,9,1,1330
33390,8,9,35242,0
33390,8,9,34872,420
33390,8,9,34502,630
33390,8,9,34132,910
33390,8,9,33762,1120
33390,8,9,33392,1400
31166,8,9,33756,0
31166,8,9,33386,490
31166,8,9,33016,770
31166,8,9,32646,980
31166,8,9,32276,1260
31166,8,9,31906,1470
32272,8,9,34499,0
32272,8,9,34129,490
32272,8,9,33759,770
32272,8,9,33389,1050
32272,8,9,33019,1260
28939,8,9,30050,0
28939,8,9,29680,420
28939,8,9,29310,700
28939,8,9,28940,910
28939,8,9,1,1190
30788,8,9,33015,0
30788,8,9,32645,420
30788,8,9,32275,630
30788,8,9,31905,910
30788,8,9,31535,1190
30788,8,9,31165,1400
27455,8,9,28566,0
27455,8,9,28196,490
27455,8,9,27826,770
27455,8,9,27456,980
27455,8,9,1,1260
28192,8,9,29678,0
28192,8,9,29308,560
28192,8,9,28938,840
28192,8,9,28568,1050
28192,8,9,28198,1330
27824,8,9,30047,0
27824,8,9,29677,420
27824,8,9,29307,700
27824,8,9,28937,910
27824,8,9,28567,1190
27824,8,9,28197,1400
34130,8,9,36724,0
34130,8,9,36354,420
34130,8,9,35984,630
34130,8,9,35614,910
34130,8,9,35244,1120
34130,8,9,34874,1400
33761,8,9,35613,0
33761,8,9,35243,420
33761,8,9,34873,630
33761,8,9,34503,910
33761,8,9,34133,1120
33761,8,9,33763,1400
31534,8,9,34127,0
31534,8,9,33757,420
31534,8,9,33387,630
31534,8,9,33017,910
31534,8,9,32647,1120
31534,8,9,32277,1400
34498,8,9,36725,0
34498,8,9,36355,490
34498,8,9,35985,770
34498,8,9,35615,980
34498,8,9,35245,1260
30050,8,9,32273,0
30050,8,9,31903,560
30050,8,9,31533,840
30050,8,9,31163,1050
30050,8,9,30793,1330
36356,8,9,38580,0
36356,8,9,38210,560
36356,8,9,37840,770
36356,8,9,37470,1050
36356,8,9,37100,1330
31159,8,9,33386,0
31159,8,9,33016,490
31159,8,9,32646,770
31159,8,9,32276,1050
31159,8,9,31906,1260
36725,8,9,38951,0
36725,8,9,38581,350
36725,8,9,38211,630
36725,8,9,37841,840
36725,8,9,37471,1120
36725,8,9,37101,1330
33392,8,9,35982,0
33392,8,9,35612,490
33392,8,9,35242,700
33392,8,9,34872,980
33392,8,9,34502,1190
33392,8,9,34132,1470
32274,8,9,34499,0
32274,8,9,34129,420
32274,8,9,33759,700
32274,8,9,33389,910
32274,8,9,33019,1190
32274,8,9,32649,1400
30790,8,9,33015,0
30790,8,9,32645,350
30790,8,9,32275,630
30790,8,9,31905,910
30790,8,9,31535,1120
30790,8,9,31165,1400
37096,8,9,39322,0
37096,8,9,38952,350
37096,8,9,38582,630
37096,8,9,38212,840
37096,8,9,37842,1120
37096,8,9,37472,1330
33763,8,9,36353,0
33763,8,9,35983,490
33763,8,9,35613,700
33763,8,9,35243,980
33763,8,9,34873,1190
33763,8,9,34503,1470
27826,8,9,28937,0
27826,8,9,28567,490
27826,8,9,28197,770
27826,8,9,27827,980
27826,8,9,1,1260
34132,8,9,35984,0
34132,8,9,35614,420
34132,8,9,35244,630
34132,8,9,34874,910
34132,8,9,34504,1120
34132,8,9,34134,1400
28194,8,9,30418,0
28194,8,9,30048,350
28194,8,9,29678,630
28194,8,9,29308,840
28194,8,9,28938,1120
28194,8,9,28568,1330
34500,8,9,36725,0
34500,8,9,36355,420
34500,8,9,35985,700
34500,8,9,35615,910
34500,8,9,35245,1190
34500,8,9,34875,1400
31536,8,9,32647,0
31536,8,9,32277,560
31536,8,9,31907,770
31536,8,9,31537,1050
31536,8,9,1,1260
34869,8,9,37096,0
34869,8,9,36726,490
34869,8,9,36356,770
34869,8,9,35986,980
34869,8,9,35616,1260
35987,8,9,37839,0
35987,8,9,37469,350
35987,8,9,37099,630
35987,8,9,36729,840
35987,8,9,36359,1120
35987,8,9,35989,1330
29306,8,9,30791,0
29306,8,9,30421,560
29306,8,9,30051,840
29306,8,9,29681,1050
29306,8,9,29311,1330
35612,8,9,37838,0
35612,8,9,37468,490
35612,8,9,37098,700
35612,8,9,36728,980
35612,8,9,36358,1190
35612,8,9,35988,1470
26710,8,9,28564,0
26710,8,9,28194,560
26710,8,9,27824,840
26710,8,9,27454,1050
26710,8,9,27084,1330
32648,8,9,34500,0
32648,8,9,34130,420
32648,8,9,33760,630
32648,8,9,33390,910
32648,8,9,33020,1120
32648,8,9,32650,1400
33385,8,9,35612,0
33385,8,9,35242,490
33385,8,9,34872,770
33385,8,9,34502,980
33385,8,9,34132,1260
30052,8,9,31163,0
30052,8,9,30793,490
30052,8,9,30423,700
30052,8,9,30053,980
30052,8,9,1,1190
31161,8,9,33386,0
31161,8,9,33016,420
31161,8,9,32646,700
31161,8,9,32276,910
31161,8,9,31906,1190
31161,8,9,31536,1400
30421,8,9,32644,0
30421,8,9,32274,560
30421,8,9,31904,840
30421,8,9,31534,1050
30421,8,9,31164,1330
36727,8,9,38951,0
36727,8,9,38581,560
36727,8,9,38211,770
36727,8,9,37841,1050
36727,8,9,37471,1330
28934,8,9,30420,0
28934,8,9,30050,560
28934,8,9,29680,770
28934,8,9,29310,1050
28934,8,9,28940,1260
25970,8,9,27452,0
25970,8,9,27082,420
25970,8,9,26712,700
25970,8,9,26342,910
25970,8,9,25972,1190
25970,8,9,1,1400
32276,8,9,34869,0
32276,8,9,34499,420
32276,8,9,34129,630
32276,8,9,33759,910
32276,8,9,33389,1190
32276,8,9,33019,1400
28568,8,9,29679,0
28568,8,9,29309,420
28568,8,9,28939,700
28568,8,9,28569,910
28568,8,9,1,1190
27450,8,9,29306,0
27450,8,9,28936,350
27450,8,9,28566,630
27450,8,9,28196,840
27450,8,9,27826,1120
27450,8,9,27456,1330
33756,8,9,35983,0
33756,8,9,35613,490
33756,8,9,35243,770
33756,8,9,34873,980
33756,8,9,34503,1260
30792,8,9,33385,0
30792,8,9,33015,420
30792,8,9,32645,630
30792,8,9,32275,910
30792,8,9,31905,1120
30792,8,9,31535,1400
28196,8,9,29678,0
28196,8,9,29308,490
28196,8,9,28938,700
28196,8,9,28568,980
28196,8,9,28198,1190
28196,8,9,1,1470
34871,8,9,37096,0
34871,8,9,36726,420
34871,8,9,36356,700
34871,8,9,35986,910
34871,8,9,35616,1190
34871,8,9,35246,1400
29308,8,9,31531,0
29308,8,9,31161,350
29308,8,9,30791,630
29308,8,9,30421,840
29308,8,9,30051,1120
29308,8,9,29681,1330
35614,8,9,38208,0
35614,8,9,37838,420
35614,8,9,37468,700
35614,8,9,37098,910
35614,8,9,36728,1190
35614,8,9,36358,1470
26712,8,9,28194,0
26712,8,9,27824,420
26712,8,9,27454,700
26712,8,9,27084,910
26712,8,9,26714,1190
26712,8,9,1,1400
32650,8,9,35240,0
32650,8,9,34870,490
32650,8,9,34500,700
32650,8,9,34130,980
32650,8,9,33760,1190
32650,8,9,33390,1470
33387,8,9,35612,0
33387,8,9,35242,420
33387,8,9,34872,700
33387,8,9,34502,910
33387,8,9,34132,1190
33387,8,9,33762,1400
27081,8,9,28935,0
27081,8,9,28565,560
27081,8,9,28195,770
27081,8,9,27825,1050
27081,8,9,27455,1330
30423,8,9,31534,0
30423,8,9,31164,490
30423,8,9,30794,700
30423,8,9,30424,980
30423,8,9,1,1190
25972,8,9,28192,0
25972,8,9,27822,560
25972,8,9,27452,840
25972,8,9,27082,1050
25972,8,9,26712,1330
31903,8,9,34128,0
31903,8,9,33758,420
31903,8,9,33388,630
31903,8,9,33018,910
31903,8,9,32648,1190
31903,8,9,32278,1400
35245,8,9,37097,0
35245,8,9,36727,420
35245,8,9,36357,700
35245,8,9,35987,910
35245,8,9,35617,1190
35245,8,9,35247,1400
29676,8,9,31532,0
29676,8,9,31162,490
29676,8,9,30792,770
29676,8,9,30422,980
29676,8,9,30052,1260
27452,8,9,29676,0
27452,8,9,29306,350
27452,8,9,28936,630
27452,8,9,28566,910
27452,8,9,28196,1120
27452,8,9,27826,1400
33758,8,9,35983,0
33758,8,9,35613,420
33758,8,9,35243,700
33758,8,9,34873,910
33758,8,9,34503,1190
33758,8,9,34133,1400
33018,8,9,35611,0
33018,8,9,35241,420
33018,8,9,34871,630
33018,8,9,34501,910
33018,8,9,34131,1120
33018,8,9,33761,1400
34127,8,9,36354,0
34127,8,9,35984,490
34127,8,9,35614,770
34127,8,9,35244,980
34127,8,9,34874,1260
30794,8,9,31905,0
30794,8,9,31535,560
30794,8,9,31165,770
30794,8,9,30795,1050
30794,8,9,1,1260
31531,8,9,33757,0
31531,8,9,33387,420
31531,8,9,33017,630
31531,8,9,32647,910
31531,8,9,32277,1190
31531,8,9,31907,1400
35982,8,9,38209,0
35982,8,9,37839,490
35982,8,9,37469,770
35982,8,9,37099,980
35982,8,9,36729,1260
35982,8,9,36359,1470
27821,8,9,29677,0
27821,8,9,29307,350
27821,8,9,28937,630
27821,8,9,28567,840
27821,8,9,28197,1120
27821,8,9,27827,1330
34873,8,9,37466,0
34873,8,9,37096,420
34873,8,9,36726,630
34873,8,9,36356,910
34873,8,9,35986,1120
34873,8,9,35616,1400
32643,8,9,34870,0
32643,8,9,34500,490
32643,8,9,34130,770
32643,8,9,33760,1050
32643,8,9,33390,1260
29310,8,9,30421,0
29310,8,9,30051,420
29310,8,9,29681,700
29310,8,9,29311,910
29310,8,9,1,1190
30047,8,9,31903,0
30047,8,9,31533,490
30047,8,9,31163,770
30047,8,9,30793,980
30047,8,9,30423,1260
35616,8,9,37468,0
35616,8,9,37098,420
35616,8,9,36728,700
35616,8,9,36358,910
35616,8,9,35988,1190
35616,8,9,35618,1400
26714,8,9,28934,0
26714,8,9,28564,560
26714,8,9,28194,840
26714,8,9,27824,1050
26714,8,9,27454,1330
27083,8,9,28565,0
27083,8,9,28195,420
27083,8,9,27825,630
27083,8,9,27455,910
27083,8,9,27085,1120
27083,8,9,1,1400
33389,8,9,35982,0
33389,8,9,35612,420
33389,8,9,35242,630
33389,8,9,34872,910
33389,8,9,34502,1120
33389,8,9,34132,1400
36353,8,9,38580,0
36353,8,9,38210,420
36353,8,9,37840,700
36353,8,9,37470,980
36353,8,9,37100,1190
36353,8,9,36730,1470
28563,8,9,30049,0
28563,8,9,29679,560
28563,8,9,29309,770
28563,8,9,28939,1050
28563,8,9,28569,1260
31905,8,9,34498,0
31905,8,9,34128,420
31905,8,9,33758,630
31905,8,9,33388,910
31905,8,9,33018,1120
31905,8,9,32648,1400
29678,8,9,31902,0
29678,8,9,31532,560
29678,8,9,31162,770
29678,8,9,30792,1050
29678,8,9,30422,1330
35984,8,9,38209,0
35984,8,9,37839,420
35984,8,9,37469,630
35984,8,9,37099,910
35984,8,9,36729,1120
35984,8,9,36359,1400
27454,8,9,28936,0
27454,8,9,28566,490
27454,8,9,28196,770
27454,8,9,27826,980
27454,8,9,27456,1260
27454,8,9,1,1470
33020,8,9,34131,0
33020,8,9,33761,560
33020,8,9,33391,770
33020,8,9,33021,1050
33020,8,9,1,1260
34129,8,9,36354,0
34129,8,9,35984,420
34129,8,9,35614,700
34129,8,9,35244,910
34129,8,9,34874,1190
34129,8,9,34504,1400
27823,8,9,30047,0
27823,8,9,29677,420
27823,8,9,29307,630
27823,8,9,28937,910
27823,8,9,28567,1120
27823,8,9,28197,1400
32645,8,9,34870,0
32645,8,9,34500,420
32645,8,9,34130,700
32645,8,9,33760,910
32645,8,9,33390,1190
32645,8,9,33020,1400
30049,8,9,32273,0
30049,8,9,31903,560
30049,8,9,31533,770
30049,8,9,31163,1050
30049,8,9,30793,1330
36355,8,9,38580,0
36355,8,9,38210,350
36355,8,9,37840,560
36355,8,9,37470,840
36355,8,9,37100,1120
36355,8,9,36730,1330
30418,8,9,32274,0
30418,8,9,31904,490
30418,8,9,31534,770
30418,8,9,31164,980
30418,8,9,30794,1260
36724,8,9,38951,0
36724,8,9,38581,420
36724,8,9,38211,700
36724,8,9,37841,980
36724,8,9,37471,1190
36724,8,9,37101,1470
27085,8,9,29305,0
27085,8,9,28935,560
27085,8,9,28565,840
27085,8,9,28195,1050
27085,8,9,27825,1330
33391,8,9,34502,0
33391,8,9,34132,560
33391,8,9,33762,770
33391,8,9,33392,1050
33391,8,9,1,1260
28565,8,9,30419,0
28565,8,9,30049,560
28565,8,9,29679,840
28565,8,9,29309,1050
28565,8,9,28939,1330
25601,8,9,27821,0
25601,8,9,27451,560
25601,8,9,27081,770
25601,8,9,26711,1050
25601,8,9,26341,1260
31907,8,9,33018,0
31907,8,9,32648,560
31907,8,9,32278,770
31907,8,9,31908,1050
31907,8,9,1,1260
35240,8,9,37467,0
35240,8,9,37097,560
35240,8,9,36727,770
35240,8,9,36357,1050
35240,8,9,35987,1330
29680,8,9,31162,0
29680,8,9,30792,560
29680,8,9,30422,840
29680,8,9,30052,1050
29680,8,9,29682,1330
35986,8,9,38579,0
35986,8,9,38209,350
35986,8,9,37839,630
35986,8,9,37469,840
35986,8,9,37099,1120
35986,8,9,36729,1330
30789,8,9,33015,0
30789,8,9,32645,350
30789,8,9,32275,630
30789,8,9,31905,840
30789,8,9,31535,1120
30789,8,9,31165,1400
27825,8,9,29307,0
27825,8,9,28937,490
27825,8,9,28567,770
27825,8,9,28197,980
27825,8,9,27827,1260
27825,8,9,1,1470
34131,8,9,36724,0
34131,8,9,36354,420
34131,8,9,35984,630
34131,8,9,35614,910
34131,8,9,35244,1120
34131,8,9,34874,1400
34502,8,9,37095,0
34502,8,9,36725,420
34502,8,9,36355,630
34502,8,9,35985,910
34502,8,9,35615,1120
34502,8,9,35245,1400
35611,8,9,37838,0
35611,8,9,37468,560
35611,8,9,37098,770
35611,8,9,36728,1050
35611,8,9,36358,1330
29305,8,9,30791,0
29305,8,9,30421,560
29305,8,9,30051,770
29305,8,9,29681,1050
29305,8,9,29311,1260
26341,8,9,27823,0
26341,8,9,27453,420
26341,8,9,27083,700
26341,8,9,26713,910
26341,8,9,26343,1190
26341,8,9,1,1400
32647,8,9,35240,0
32647,8,9,34870,420
32647,8,9,34500,630
32647,8,9,34130,910
32647,8,9,33760,1190
32647,8,9,33390,1400
30051,8,9,31533,0
30051,8,9,31163,560
30051,8,9,30793,840
30051,8,9,30423,1050
30051,8,9,30053,1330
30420,8,9,32644,0
30420,8,9,32274,560
30420,8,9,31904,770
30420,8,9,31534,1050
30420,8,9,31164,1330
36726,8,9,38951,0
36726,8,9,38581,350
36726,8,9,38211,560
36726,8,9,37841,840
36726,8,9,37471,1120
36726,8,9,37101,1330
31163,8,9,33756,0
31163,8,9,33386,420
31163,8,9,33016,700
31163,8,9,32646,910
31163,8,9,32276,1190
31163,8,9,31906,1400
28567,8,9,30049,0
28567,8,9,29679,420
28567,8,9,29309,700
28567,8,9,28939,910
28567,8,9,28569,1190
28567,8,9,1,1400
28936,8,9,30790,0
28936,8,9,30420,560
28936,8,9,30050,840
28936,8,9,29680,1050
28936,8,9,29310,1330
35242,8,9,37467,0
35242,8,9,37097,490
35242,8,9,36727,700
35242,8,9,36357,980
35242,8,9,35987,1190
35242,8,9,35617,1470
32278,8,9,33389,0
32278,8,9,33019,560
32278,8,9,32649,770
32278,8,9,32279,1050
32278,8,9,1,1330
33015,8,9,35241,0
33015,8,9,34871,420
33015,8,9,34501,700
33015,8,9,34131,910
33015,8,9,33761,1190
33015,8,9,33391,1400
29682,8,9,32272,0
29682,8,9,31902,420
29682,8,9,31532,630
29682,8,9,31162,910
29682,8,9,30792,1120
29682,8,9,30422,1400
27827,8,9,30417,0
27827,8,9,30047,420
27827,8,9,29677,630
27827,8,9,29307,910
27827,8,9,28937,1190
27827,8,9,28567,1400
28198,8,9,30788,0
28198,8,9,30418,350
28198,8,9,30048,630
28198,8,9,29678,910
28198,8,9,29308,1120
28198,8,9,28938,1400
29307,8,9,31161,0
29307,8,9,30791,560
29307,8,9,30421,840
29307,8,9,30051,1050
29307,8,9,29681,1330
35613,8,9,37838,0
35613,8,9,37468,490
35613,8,9,37098,700
35613,8,9,36728,980
35613,8,9,36358,1190
35613,8,9,35988,1470
34504,8,9,35615,0
34504,8,9,35245,560
34504,8,9,34875,770
34504,8,9,34505,1050
34504,8,9,1,1260
26343,8,9,28563,0
26343,8,9,28193,560
26343,8,9,27823,840
26343,8,9,27453,1050
26343,8,9,27083,1330
32649,8,9,33760,0
32649,8,9,33390,560
32649,8,9,33020,770
32649,8,9,32650,1050
32649,8,9,1,1330
33386,8,9,35612,0
33386,8,9,35242,420
33386,8,9,34872,700
33386,8,9,34502,910
33386,8,9,34132,1190
33386,8,9,33762,1400
27080,8,9,28565,0
27080,8,9,28195,490
27080,8,9,27825,770
27080,8,9,27455,1050
27080,8,9,27085,1260
30422,8,9,31904,0
30422,8,9,31534,560
30422,8,9,31164,840
30422,8,9,30794,1050
30422,8,9,30424,1330
31165,8,9,32276,0
31165,8,9,31906,560
31165,8,9,31536,840
31165,8,9,31166,1050
31165,8,9,1,1330
31902,8,9,34128,0
31902,8,9,33758,420
31902,8,9,33388,630
31902,8,9,33018,910
31902,8,9,32648,1190
31902,8,9,32278,1400
28569,8,9,31159,0
28569,8,9,30789,350
28569,8,9,30419,630
28569,8,9,30049,840
28569,8,9,29679,1120
28569,8,9,29309,1330
28938,8,9,30420,0
28938,8,9,30050,420
28938,8,9,29680,700
28938,8,9,29310,910
28938,8,9,28940,1190
28938,8,9,1,1400
35244,8,9,37837,0
35244,8,9,37467,420
35244,8,9,37097,700
35244,8,9,36727,910
35244,8,9,36357,1190
35244,8,9,35987,1470
33017,8,9,35611,0
33017,8,9,35241,420
33017,8,9,34871,630
33017,8,9,34501,910
33017,8,9,34131,1120
33017,8,9,33761,1400
33760,8,9,36353,0
33760,8,9,35983,420
33760,8,9,35613,630
33760,8,9,35243,910
33760,8,9,34873,1120
33760,8,9,34503,1400
31533,8,9,34127,0
31533,8,9,33757,420
31533,8,9,33387,630
31533,8,9,33017,910
31533,8,9,32647,1120
31533,8,9,32277,1400
29309,8,9,30791,0
29309,8,9,30421,420
29309,8,9,30051,700
29309,8,9,29681,910
29309,8,9,29311,1190
29309,8,9,1,1400
35615,8,9,38208,0
35615,8,9,37838,420
35615,8,9,37468,700
35615,8,9,37098,910
35615,8,9,36728,1190
35615,8,9,36358,1470
34875,8,9,35986,0
34875,8,9,35616,560
34875,8,9,35246,770
34875,8,9,34876,1050
34875,8,9,1,1260
30046,8,9,31903,0
30046,8,9,31533,560
30046,8,9,31163,770
30046,8,9,30793,1050
30046,8,9,30423,1330
27082,8,9,28935,0
27082,8,9,28565,560
27082,8,9,28195,840
27082,8,9,27825,1050
27082,8,9,27455,1330
33388,8,9,35982,0
33388,8,9,35612,420
33388,8,9,35242,630
33388,8,9,34872,910
33388,8,9,34502,1120
33388,8,9,34132,1400
30424,8,9,33014,0
30424,8,9,32644,420
30424,8,9,32274,630
30424,8,9,31904,910
30424,8,9,31534,1120
30424,8,9,31164,1400
31904,8,9,34498,0
31904,8,9,34128,420
31904,8,9,33758,630
31904,8,9,33388,910
31904,8,9,33018,1120
31904,8,9,32648,1400
32273,8,9,34499,0
32273,8,9,34129,420
32273,8,9,33759,700
32273,8,9,33389,910
32273,8,9,33019,1190
32273,8,9,32649,1400
28940,8,9,31530,0
28940,8,9,31160,350
28940,8,9,30790,630
28940,8,9,30420,840
28940,8,9,30050,1120
28940,8,9,29680,1330
29677,8,9,31532,0
29677,8,9,31162,560
29677,8,9,30792,770
29677,8,9,30422,1050
29677,8,9,30052,1260
35983,8,9,38209,0
35983,8,9,37839,420
35983,8,9,37469,630
35983,8,9,37099,910
35983,8,9,36729,1190
35983,8,9,36359,1400
35246,8,9,36357,0
35246,8,9,35987,560
35246,8,9,35617,840
35246,8,9,35247,1050
35246,8,9,1,1330
33019,8,9,34871,0
33019,8,9,34501,420
33019,8,9,34131,630
33019,8,9,33761,910
33019,8,9,33391,1120
33019,8,9,33021,1400
27822,8,9,29677,0
27822,8,9,29307,350
27822,8,9,28937,630
27822,8,9,28567,840
27822,8,9,28197,1120
27822,8,9,27827,1400
27456,8,9,30046,0
27456,8,9,29676,420
27456,8,9,29306,630
27456,8,9,28936,910
27456,8,9,28566,1120
27456,8,9,28196,1400
33762,8,9,34873,0
33762,8,9,34503,560
33762,8,9,34133,770
33762,8,9,33763,1050
33762,8,9,1,1260
34499,8,9,36725,0
34499,8,9,36355,420
34499,8,9,35985,700
34499,8,9,35615,910
34499,8,9,35245,1190
34499,8,9,34875,1400
28193,8,9,30048,0
28193,8,9,29678,350
28193,8,9,29308,560
28193,8,9,28938,840
28193,8,9,28568,1120
28193,8,9,28198,1330
37095,8,9,39322,0
37095,8,9,38952,420
37095,8,9,38582,700
37095,8,9,38212,980
37095,8,9,37842,1190
37095,8,9,37472,1470
31535,8,9,33387,0
31535,8,9,33017,350
31535,8,9,32647,630
31535,8,9,32277,910
31535,8,9,31907,1120
31535,8,9,31537,1400
32644,8,9,34870,0
32644,8,9,34500,420
32644,8,9,34130,700
32644,8,9,33760,910
32644,8,9,33390,1190
32644,8,9,33020,1400
29311,8,9,31901,0
29311,8,9,31531,350
29311,8,9,31161,630
29311,8,9,30791,840
29311,8,9,30421,1120
29311,8,9,30051,1330
30417,8,9,32274,0
30417,8,9,31904,560
30417,8,9,31534,770
30417,8,9,31164,1050
30417,8,9,30794,1330
27084,8,9,28195,0
27084,8,9,27825,420
27084,8,9,27455,630
27084,8,9,27085,910
27084,8,9,1,1120
31160,8,9,33386,0
31160,8,9,33016,420
31160,8,9,32646,700
31160,8,9,32276,910
31160,8,9,31906,1190
31160,8,9,31536,1400
36357,8,9,38580,0
36357,8,9,38210,560
36357,8,9,37840,770
36357,8,9,37470,1050
36357,8,9,37100,1330
28564,8,9,30049,0
28564,8,9,29679,560
28564,8,9,29309,840
28564,8,9,28939,1050
28564,8,9,28569,1330
31906,8,9,33758,0
31906,8,9,33388,350
31906,8,9,33018,630
31906,8,9,32648,910
31906,8,9,32278,1120
31906,8,9,31908,1400
32275,8,9,34869,0
32275,8,9,34499,420
32275,8,9,34129,630
32275,8,9,33759,910
32275,8,9,33389,1190
32275,8,9,33019,1400
29679,8,9,31902,0
29679,8,9,31532,560
29679,8,9,31162,840
29679,8,9,30792,1050
29679,8,9,30422,1330
35985,8,9,38579,0
35985,8,9,38209,350
35985,8,9,37839,630
35985,8,9,37469,840
35985,8,9,37099,1120
35985,8,9,36729,1330
33021,8,9,35611,0
33021,8,9,35241,490
33021,8,9,34871,700
33021,8,9,34501,980
33021,8,9,34131,1190
33021,8,9,33761,1470
30791,8,9,33385,0
30791,8,9,33015,350
30791,8,9,32645,630
30791,8,9,32275,910
30791,8,9,31905,1120
30791,8,9,31535,1400
37097,8,9,39322,0
37097,8,9,38952,350
37097,8,9,38582,560
37097,8,9,38212,840
37097,8,9,37842,1120
37097,8,9,37472,1330
28195,8,9,30418,0
28195,8,9,30048,420
28195,8,9,29678,630
28195,8,9,29308,910
28195,8,9,28938,1120
28195,8,9,28568,1400
34501,8,9,37095,0
34501,8,9,36725,420
34501,8,9,36355,630
34501,8,9,35985,910
34501,8,9,35615,1120
34501,8,9,35245,1400
34133,8,9,35244,0
34133,8,9,34874,560
34133,8,9,34504,770
34133,8,9,34134,1050
34133,8,9,1,1260
34870,8,9,37096,0
34870,8,9,36726,420
34870,8,9,36356,700
34870,8,9,35986,910
34870,8,9,35616,1190
34870,8,9,35246,1400
26340,8,9,28563,0
26340,8,9,28193,350
26340,8,9,27823,560
26340,8,9,27453,840
26340,8,9,27083,1120
26340,8,9,26713,1330
32646,8,9,35240,0
32646,8,9,34870,420
32646,8,9,34500,630
32646,8,9,34130,910
32646,8,9,33760,1190
32646,8,9,33390,1400
31537,8,9,34127,0
31537,8,9,33757,490
31537,8,9,33387,700
31537,8,9,33017,980
31537,8,9,32647,1190
31537,8,9,32277,1470
30419,8,9,32274,0
30419,8,9,31904,560
30419,8,9,31534,770
30419,8,9,31164,1050
30419,8,9,30794,1260
26711,8,9,28934,0
26711,8,9,28564,350
26711,8,9,28194,630
26711,8,9,27824,840
26711,8,9,27454,1120
26711,8,9,27084,1330
30053,8,9,32643,0
30053,8,9,32273,420
30053,8,9,31903,630
30053,8,9,31533,910
30053,8,9,31163,1120
30053,8,9,30793,1400
31162,8,9,33756,0
31162,8,9,33386,420
31162,8,9,33016,630
31162,8,9,32646,910
31162,8,9,32276,1190
31162,8,9,31906,1400
28566,8,9,30789,0
28566,8,9,30419,350
28566,8,9,30049,630
28566,8,9,29679,840
28566,8,9,29309,1120
28566,8,9,28939,1330
28935,8,9,30420,0
28935,8,9,30050,560
28935,8,9,29680,840
28935,8,9,29310,1050
28935,8,9,28940,1330
35241,8,9,37467,0
35241,8,9,37097,490
35241,8,9,36727,700
35241,8,9,36357,980
35241,8,9,35987,1190
35241,8,9,35617,1470
31908,8,9,34498,0
31908,8,9,34128,490
31908,8,9,33758,700
31908,8,9,33388,980
31908,8,9,33018,1190
31908,8,9,32648,1470
25971,8,9,27082,0
25971,8,9,26712,420
25971,8,9,26342,630
25971,8,9,25972,910
25971,8,9,1,1120
32277,8,9,34129,0
32277,8,9,33759,420
32277,8,9,33389,630
32277,8,9,33019,910
32277,8,9,32649,1120
32277,8,9,32279,1400
33014,8,9,35241,0
33014,8,9,34871,490
33014,8,9,34501,770
33014,8,9,34131,980
33014,8,9,33761,1260
29681,8,9,30792,0
29681,8,9,30422,490
29681,8,9,30052,700
29681,8,9,29682,980
29681,8,9,1,1190
27451,8,9,29306,0
27451,8,9,28936,350
27451,8,9,28566,630
27451,8,9,28196,840
27451,8,9,27826,1120
27451,8,9,27456,1330
33757,8,9,35983,0
33757,8,9,35613,420
33757,8,9,35243,700
33757,8,9,34873,910
33757,8,9,34503,1190
33757,8,9,34133,1400
30793,8,9,32645,0
30793,8,9,32275,420
30793,8,9,31905,630
30793,8,9,31535,910
30793,8,9,31165,1120
30793,8,9,30795,1400
31530,8,9,33757,0
31530,8,9,33387,490
31530,8,9,33017,770
31530,8,9,32647,980
31530,8,9,32277,1260
31530,8,9,31907,1470
28197,8,9,29308,0
28197,8,9,28938,490
28197,8,9,28568,700
28197,8,9,28198,980
28197,8,9,1,1190
34503,8,9,36355,0
34503,8,9,35985,420
34503,8,9,35615,630
34503,8,9,35245,910
34503,8,9,34875,1120
34503,8,9,34505,1400
34872,8,9,37466,0
34872,8,9,37096,420
34872,8,9,36726,630
34872,8,9,36356,910
34872,8,9,35986,1120
34872,8,9,35616,1400
26342,8,9,27453,0
26342,8,9,27083,420
26342,8,9,26713,630
26342,8,9,26343,910
26342,8,9,1,1120
26713,8,9,27824,0
26713,8,9,27454,420
26713,8,9,27084,700
26713,8,9,26714,910
26713,8,9,1,1190
31164,8,9,33016,0
31164,8,9,32646,420
31164,8,9,32276,700
31164,8,9,31906,910
31164,8,9,31536,1190
31164,8,9,31166,1400
31901,8,9,34128,0
31901,8,9,33758,490
31901,8,9,33388,770
31901,8,9,33018,980
31901,8,9,32648,1260
31901,8,9,32278,1470
37467,8,9,39693,0
37467,8,9,39323,350
37467,8,9,38953,630
37467,8,9,38583,840
37467,8,9,38213,1120
37467,8,9,37843,1330
28937,8,9,31160,0
28937,8,9,30790,350
28937,8,9,30420,630
28937,8,9,30050,840
28937,8,9,29680,1120
28937,8,9,29310,1330
35243,8,9,37837,0
35243,8,9,37467,420
35243,8,9,37097,700
35243,8,9,36727,910
35243,8,9,36357,1190
35243,8,9,35987,1470
32279,8,9,34869,0
32279,8,9,34499,490
32279,8,9,34129,700
32279,8,9,33759,980
32279,8,9,33389,1190
32279,8,9,33019,1470
33016,8,9,35241,0
33016,8,9,34871,420
33016,8,9,34501,700
33016,8,9,34131,910
33016,8,9,33761,1190
33016,8,9,33391,1400
27453,8,9,29676,0
27453,8,9,29306,420
27453,8,9,28936,700
27453,8,9,28566,910
27453,8,9,28196,1190
27453,8,9,27826,1400
33759,8,9,36353,0
33759,8,9,35983,420
33759,8,9,35613,630
33759,8,9,35243,910
33759,8,9,34873,1120
33759,8,9,34503,1400
34128,8,9,36354,0
34128,8,9,35984,420
34128,8,9,35614,700
34128,8,9,35244,910
34128,8,9,34874,1190
34128,8,9,34504,1400
30795,8,9,33385,0
30795,8,9,33015,420
30795,8,9,32645,700
30795,8,9,32275,980
30795,8,9,31905,1190
30795,8,9,31535,1470
31532,8,9,33757,0
31532,8,9,33387,420
31532,8,9,33017,630
31532,8,9,32647,910
31532,8,9,32277,1190
31532,8,9,31907,1400
34874,8,9,36726,0
34874,8,9,36356,420
34874,8,9,35986,630
34874,8,9,35616,910
34874,8,9,35246,1120
34874,8,9,34876,1400
30048,9,10,31903,0
30048,9,10,31533,560
30048,9,10,31163,770
30048,9,10,30793,1050
30048,9,10,30423,1260
36354,9,10,38580,0
36354,9,10,38210,350
36354,9,10,37840,630
36354,9,10,37470,840
36354,9,10,37100,1120
36354,9,10,36730,1330
35617,9,10,36728,0
35617,9,10,36358,560
35617,9,10,35988,840
35617,9,10,35618,1050
35617,9,10,1,1330
33390,9,10,35242,0
33390,9,10,34872,420
33390,9,10,34502,630
33390,9,10,34132,910
33390,9,10,33762,1120
33390,9,10,33392,1400
31166,9,10,33756,0
31166,9,10,33386,490
31166,9,10,33016,770
31166,9,10,32646,980
31166,9,10,32276,1260
31166,9,10,31906,1470
37469,9,10,39693,0
37469,9,10,39323,560
37469,9,10,38953,770
37469,9,10,38583,1050
37469,9,10,38213,1330
28939,9,10,30050,0
28939,9,10,29680,420
28939,9,10,29310,700
28939,9,10,28940,910
28939,9,10,1,1190
32272,9,10,34499,0
32272,9,10,34129,490
32272,9,10,33759,770
32272,9,10,33389,1050
32272,9,10,33019,1260
30788,9,10,33015,0
30788,9,10,32645,420
30788,9,10,32275,630
30788,9,10,31905,910
30788,9,10,31535,1190
30788,9,10,31165,1400
27455,9,10,28566,0
27455,9,10,28196,490
27455,9,10,27826,770
27455,9,10,27456,980
27455,9,10,1,1260
28192,9,10,29678,0
28192,9,10,29308,560
28192,9,10,28938,840
28192,9,10,28568,1050
28192,9,10,28198,1330
27824,9,10,30047,0
27824,9,10,29677,420
27824,9,10,29307,700
27824,9,10,28937,910
27824,9,10,28567,1190
27824,9,10,28197,1400
34130,9,10,36724,0
34130,9,10,36354,420
34130,9,10,35984,630
34130,9,10,35614,910
34130,9,10,35244,1120
34130,9,10,34874,1400
33761,9,10,35613,0
33761,9,10,35243,420
33761,9,10,34873,630
33761,9,10,34503,910
33761,9,10,34133,1120
33761,9,10,33763,1400
31534,9,10,34127,0
31534,9,10,33757,420
31534,9,10,33387,630
31534,9,10,33017,910
31534,9,10,32647,1120
31534,9,10,32277,1400
37840,9,10,40064,0
37840,9,10,39694,560
37840,9,10,39324,770
37840,9,10,38954,1050
37840,9,10,38584,1330
34498,9,10,36725,0
34498,9,10,36355,490
34498,9,10,35985,770
34498,9,10,35615,980
34498,9,10,35245,1260
34876,9,10,37466,0
34876,9,10,37096,490
34876,9,10,36726,700
34876,9,10,36356,980
34876,9,10,35986,1190
34876,9,10,35616,1470
38952,9,10,41177,0
38952,9,10,40807,350
38952,9,10,40437,560
38952,9,10,40067,840
38952,9,10,39697,1120
38952,9,10,39327,1330
30050,9,10,32273,0
30050,9,10,31903,560
30050,9,10,31533,840
30050,9,10,31163,1050
30050,9,10,30793,1330
36356,9,10,38580,0
36356,9,10,38210,560
36356,9,10,37840,770
36356,9,10,37470,1050
36356,9,10,37100,1330
31159,9,10,33386,0
31159,9,10,33016,490
31159,9,10,32646,770
31159,9,10,32276,1050
31159,9,10,31906,1260
36725,9,10,38951,0
36725,9,10,38581,350
36725,9,10,38211,630
36725,9,10,37841,840
36725,9,10,37471,1120
36725,9,10,37101,1330
33392,9,10,35982,0
33392,9,10,35612,490
33392,9,10,35242,700
33392,9,10,34872,980
33392,9,10,34502,1190
33392,9,10,34132,1470
37471,9,10,38953,0
37471,9,10,38583,560
37471,9,10,38213,770
37471,9,10,37843,1050
37471,9,10,37473,1260
38580,9,10,40806,0
38580,9,10,40436,350
38580,9,10,40066,630
38580,9,10,39696,840
38580,9,10,39326,1120
38580,9,10,38956,1330
32274,9,10,34499,0
32274,9,10,34129,420
32274,9,10,33759,700
32274,9,10,33389,910
32274,9,10,33019,1190
32274,9,10,32649,1400
35987,9,10,37839,0
35987,9,10,37469,350
35987,9,10,37099,630
35987,9,10,36729,840
35987,9,10,36359,1120
35987,9,10,35989,1330
37096,9,10,39322,0
37096,9,10,38952,350
37096,9,10,38582,630
37096,9,10,38212,840
37096,9,10,37842,1120
37096,9,10,37472,1330
33763,9,10,36353,0
33763,9,10,35983,490
33763,9,10,35613,700
33763,9,10,35243,980
33763,9,10,34873,1190
33763,9,10,34503,1470
27826,9,10,28937,0
27826,9,10,28567,490
27826,9,10,28197,770
27826,9,10,27827,980
27826,9,10,1,1260
34132,9,10,35984,0
34132,9,10,35614,420
34132,9,10,35244,630
34132,9,10,34874,910
34132,9,10,34504,1120
34132,9,10,34134,1400
28194,9,10,30418,0
28194,9,10,30048,350
28194,9,10,29678,630
28194,9,10,29308,840
28194,9,10,28938,1120
28194,9,10,28568,1330
34500,9,10,36725,0
34500,9,10,36355,420
34500,9,10,35985,700
34500,9,10,35615,910
34500,9,10,35245,1190
34500,9,10,34875,1400
37842,9,10,39324,0
37842,9,10,38954,560
37842,9,10,38584,770
37842,9,10,38214,1050
37842,9,10,37844,1260
31536,9,10,32647,0
31536,9,10,32277,560
31536,9,10,31907,770
31536,9,10,31537,1050
31536,9,10,1,1260
34869,9,10,37096,0
34869,9,10,36726,490
34869,9,10,36356,770
34869,9,10,35986,980
34869,9,10,35616,1260
29306,9,10,30791,0
29306,9,10,30421,560
29306,9,10,30051,840
29306,9,10,29681,1050
29306,9,10,29311,1330
35612,9,10,37838,0
35612,9,10,37468,490
35612,9,10,37098,700
35612,9,10,36728,980
35612,9,10,36358,1190
35612,9,10,35988,1470
32648,9,10,34500,0
32648,9,10,34130,420
32648,9,10,33760,630
32648,9,10,33390,910
32648,9,10,33020,1120
32648,9,10,32650,1400
33385,9,10,35612,0
33385,9,10,35242,490
33385,9,10,34872,770
33385,9,10,34502,980
33385,9,10,34132,1260
30052,9,10,31163,0
30052,9,10,30793,490
30052,9,10,30423,700
30052,9,10,30053,980
30052,9,10,1,1190
36358,9,10,37840,0
36358,9,10,37470,560
36358,9,10,37100,770
36358,9,10,36730,1050
36358,9,10,36360,1260
30421,9,10,32644,0
30421,9,10,32274,560
30421,9,10,31904,840
30421,9,10,31534,1050
30421,9,10,31164,1330
31161,9,10,33386,0
31161,9,10,33016,420
31161,9,10,32646,700
31161,9,10,32276,910
31161,9,10,31906,1190
31161,9,10,31536,1400
36727,9,10,38951,0
36727,9,10,38581,560
36727,9,10,38211,770
36727,9,10,37841,1050
36727,9,10,37471,1330
28934,9,10,30420,0
28934,9,10,30050,560
28934,9,10,29680,770
28934,9,10,29310,1050
28934,9,10,28940,1260
32276,9,10,34869,0
32276,9,10,34499,420
32276,9,10,34129,630
32276,9,10,33759,910
32276,9,10,33389,1190
32276,9,10,33019,1400
28568,9,10,29679,0
28568,9,10,29309,420
28568,9,10,28939,700
28568,9,10,28569,910
28568,9,10,1,1190
33756,9,10,35983,0
33756,9,10,35613,490
33756,9,10,35243,770
33756,9,10,34873,980
33756,9,10,34503,1260
39322,9,10,41548,0
39322,9,10,41178,350
39322,9,10,40808,630
39322,9,10,40438,840
39322,9,10,40068,1120
39322,9,10,39698,1330
35989,9,10,38579,0
35989,9,10,38209,420
35989,9,10,37839,630
35989,9,10,37469,910
35989,9,10,37099,1120
35989,9,10,36729,1400
37098,9,10,39322,0
37098,9,10,38952,560
37098,9,10,38582,770
37098,9,10,38212,1050
37098,9,10,37842,1330
28196,9,10,29678,0
28196,9,10,29308,490
28196,9,10,28938,700
28196,9,10,28568,980
28196,9,10,28198,1190
28196,9,10,1,1470
30792,9,10,33385,0
30792,9,10,33015,420
30792,9,10,32645,630
30792,9,10,32275,910
30792,9,10,31905,1120
30792,9,10,31535,1400
34134,9,10,36724,0
34134,9,10,36354,490
34134,9,10,35984,700
34134,9,10,35614,980
34134,9,10,35244,1190
34134,9,10,34874,1470
34871,9,10,37096,0
34871,9,10,36726,420
34871,9,10,36356,700
34871,9,10,35986,910
34871,9,10,35616,1190
34871,9,10,35246,1400
29308,9,10,31531,0
29308,9,10,31161,350
29308,9,10,30791,630
29308,9,10,30421,840
29308,9,10,30051,1120
29308,9,10,29681,1330
35614,9,10,38208,0
35614,9,10,37838,420
35614,9,10,37468,700
35614,9,10,37098,910
35614,9,10,36728,1190
35614,9,10,36358,1470
26712,9,10,28194,0
26712,9,10,27824,420
26712,9,10,27454,700
26712,9,10,27084,910
26712,9,10,26714,1190
26712,9,10,1,1400
32650,9,10,35240,0
32650,9,10,34870,490
32650,9,10,34500,700
32650,9,10,34130,980
32650,9,10,33760,1190
32650,9,10,33390,1470
33387,9,10,35612,0
33387,9,10,35242,420
33387,9,10,34872,700
33387,9,10,34502,910
33387,9,10,34132,1190
33387,9,10,33762,1400
27081,9,10,28935,0
27081,9,10,28565,560
27081,9,10,28195,770
27081,9,10,27825,1050
27081,9,10,27455,1330
39693,9,10,41919,0
39693,9,10,41549,350
39693,9,10,41179,630
39693,9,10,40809,840
39693,9,10,40439,1120
39693,9,10,40069,1330
30423,9,10,31534,0
30423,9,10,31164,490
30423,9,10,30794,700
30423,9,10,30424,980
30423,9,10,1,1190
36729,9,10,38211,0
36729,9,10,37841,560
36729,9,10,37471,770
36729,9,10,37101,1050
36729,9,10,36731,1260
37466,9,10,39693,0
37466,9,10,39323,420
37466,9,10,38953,700
37466,9,10,38583,980
37466,9,10,38213,1190
37466,9,10,37843,1470
25972,9,10,28192,0
25972,9,10,27822,560
25972,9,10,27452,840
25972,9,10,27082,1050
25972,9,10,26712,1330
31903,9,10,34128,0
31903,9,10,33758,420
31903,9,10,33388,630
31903,9,10,33018,910
31903,9,10,32648,1190
31903,9,10,32278,1400
38209,9,10,40435,0
38209,9,10,40065,350
38209,9,10,39695,630
38209,9,10,39325,840
38209,9,10,38955,1120
38209,9,10,38585,1330
35245,9,10,37097,0
35245,9,10,36727,420
35245,9,10,36357,700
35245,9,10,35987,910
35245,9,10,35617,1190
35245,9,10,35247,1400
35982,9,10,38209,0
35982,9,10,37839,490
35982,9,10,37469,770
35982,9,10,37099,980
35982,9,10,36729,1260
35982,9,10,36359,1470
27452,9,10,29676,0
27452,9,10,29306,350
27452,9,10,28936,630
27452,9,10,28566,910
27452,9,10,28196,1120
27452,9,10,27826,1400
33758,9,10,35983,0
33758,9,10,35613,420
33758,9,10,35243,700
33758,9,10,34873,910
33758,9,10,34503,1190
33758,9,10,34133,1400
33018,9,10,35611,0
33018,9,10,35241,420
33018,9,10,34871,630
33018,9,10,34501,910
33018,9,10,34131,1120
33018,9,10,33761,1400
34127,9,10,36354,0
34127,9,10,35984,490
34127,9,10,35614,770
34127,9,10,35244,980
34127,9,10,34874,1260
30794,9,10,31905,0
30794,9,10,31535,560
30794,9,10,31165,770
30794,9,10,30795,1050
30794,9,10,1,1260
37100,9,10,38582,0
37100,9,10,38212,560
37100,9,10,37842,770
37100,9,10,37472,1050
37100,9,10,37102,1260
31531,9,10,33757,0
31531,9,10,33387,420
31531,9,10,33017,630
31531,9,10,32647,910
31531,9,10,32277,1190
31531,9,10,31907,1400
29676,9,10,31532,0
29676,9,10,31162,490
29676,9,10,30792,770
29676,9,10,30422,980
29676,9,10,30052,1260
27821,9,10,29677,0
27821,9,10,29307,350
27821,9,10,28937,630
27821,9,10,28567,840
27821,9,10,28197,1120
27821,9,10,27827,1330
34873,9,10,37466,0
34873,9,10,37096,420
34873,9,10,36726,630
34873,9,10,36356,910
34873,9,10,35986,1120
34873,9,10,35616,1400
32643,9,10,34870,0
32643,9,10,34500,490
32643,9,10,34130,770
32643,9,10,33760,1050
32643,9,10,33390,1260
29310,9,10,30421,0
29310,9,10,30051,420
29310,9,10,29681,700
29310,9,10,29311,910
29310,9,10,1,1190
30047,9,10,31903,0
30047,9,10,31533,490
30047,9,10,31163,770
30047,9,10,30793,980
30047,9,10,30423,1260
36353,9,10,38580,0
36353,9,10,38210,420
36353,9,10,37840,700
36353,9,10,37470,980
36353,9,10,37100,1190
36353,9,10,36730,1470
35616,9,10,37468,0
35616,9,10,37098,420
35616,9,10,36728,700
35616,9,10,36358,910
35616,9,10,35988,1190
35616,9,10,35618,1400
26714,9,10,28934,0
26714,9,10,28564,560
26714,9,10,28194,840
26714,9,10,27824,1050
26714,9,10,27454,1330
33389,9,10,35982,0
33389,9,10,35612,420
33389,9,10,35242,630
33389,9,10,34872,910
33389,9,10,34502,1120
33389,9,10,34132,1400
27083,9,10,28565,0
27083,9,10,28195,420
27083,9,10,27825,630
27083,9,10,27455,910
27083,9,10,27085,1120
27083,9,10,1,1400
37468,9,10,39693,0
37468,9,10,39323,350
37468,9,10,38953,560
37468,9,10,38583,840
37468,9,10,38213,1120
37468,9,10,37843,1330
28563,9,10,30049,0
28563,9,10,29679,560
28563,9,10,29309,770
28563,9,10,28939,1050
28563,9,10,28569,1260
31905,9,10,34498,0
31905,9,10,34128,420
31905,9,10,33758,630
31905,9,10,33388,910
31905,9,10,33018,1120
31905,9,10,32648,1400
38211,9,10,40435,0
38211,9,10,40065,560
38211,9,10,39695,770
38211,9,10,39325,1050
38211,9,10,38955,1330
29678,9,10,31902,0
29678,9,10,31532,560
29678,9,10,31162,770
29678,9,10,30792,1050
29678,9,10,30422,1330
35984,9,10,38209,0
35984,9,10,37839,420
35984,9,10,37469,630
35984,9,10,37099,910
35984,9,10,36729,1120
35984,9,10,36359,1400
27454,9,10,28936,0
27454,9,10,28566,490
27454,9,10,28196,770
27454,9,10,27826,980
27454,9,10,27456,1260
27454,9,10,1,1470
35247,9,10,37837,0
35247,9,10,37467,490
35247,9,10,37097,700
35247,9,10,36727,980
35247,9,10,36357,1190
35247,9,10,35987,1470
33020,9,10,34131,0
33020,9,10,33761,560
33020,9,10,33391,770
33020,9,10,33021,1050
33020,9,10,1,1260
34129,9,10,36354,0
34129,9,10,35984,420
34129,9,10,35614,700
34129,9,10,35244,910
34129,9,10,34874,1190
34129,9,10,34504,1400
27823,9,10,30047,0
27823,9,10,29677,420
27823,9,10,29307,630
27823,9,10,28937,910
27823,9,10,28567,1120
27823,9,10,28197,1400
32645,9,10,34870,0
32645,9,10,34500,420
32645,9,10,34130,700
32645,9,10,33760,910
32645,9,10,33390,1190
32645,9,10,33020,1400
38951,9,10,41177,0
38951,9,10,40807,350
38951,9,10,40437,630
38951,9,10,40067,840
38951,9,10,39697,1120
38951,9,10,39327,1330
35618,9,10,38208,0
35618,9,10,37838,490
35618,9,10,37468,700
35618,9,10,37098,980
35618,9,10,36728,1190
35618,9,10,36358,1470
36355,9,10,38580,0
36355,9,10,38210,350
36355,9,10,37840,560
36355,9,10,37470,840
36355,9,10,37100,1120
36355,9,10,36730,1330
30418,9,10,32274,0
30418,9,10,31904,490
30418,9,10,31534,770
30418,9,10,31164,980
30418,9,10,30794,1260
36724,9,10,38951,0
36724,9,10,38581,420
36724,9,10,38211,700
36724,9,10,37841,980
36724,9,10,37471,1190
36724,9,10,37101,1470
27085,9,10,29305,0
27085,9,10,28935,560
27085,9,10,28565,840
27085,9,10,28195,1050
27085,9,10,27825,1330
30049,9,10,32273,0
30049,9,10,31903,560
30049,9,10,31533,770
30049,9,10,31163,1050
30049,9,10,30793,1330
33391,9,10,34502,0
33391,9,10,34132,560
33391,9,10,33762,770
33391,9,10,33392,1050
33391,9,10,1,1260
37470,9,10,39693,0
37470,9,10,39323,560
37470,9,10,38953,770
37470,9,10,38583,1050
37470,9,10,38213,1330
28565,9,10,30419,0
28565,9,10,30049,560
28565,9,10,29679,840
28565,9,10,29309,1050
28565,9,10,28939,1330
35240,9,10,37467,0
35240,9,10,37097,560
35240,9,10,36727,770
35240,9,10,36357,1050
35240,9,10,35987,1330
31907,9,10,33018,0
31907,9,10,32648,560
31907,9,10,32278,770
31907,9,10,31908,1050
31907,9,10,1,1260
38213,9,10,39695,0
38213,9,10,39325,560
38213,9,10,38955,770
38213,9,10,38585,1050
38213,9,10,38215,1260
38582,9,10,40806,0
38582,9,10,40436,560
38582,9,10,40066,770
38582,9,10,39696,1050
38582,9,10,39326,1330
29680,9,10,31162,0
29680,9,10,30792,560
29680,9,10,30422,840
29680,9,10,30052,1050
29680,9,10,29682,1330
35986,9,10,38579,0
35986,9,10,38209,350
35986,9,10,37839,630
35986,9,10,37469,840
35986,9,10,37099,1120
35986,9,10,36729,1330
30789,9,10,33015,0
30789,9,10,32645,350
30789,9,10,32275,630
30789,9,10,31905,840
30789,9,10,31535,1120
30789,9,10,31165,1400
27825,9,10,29307,0
27825,9,10,28937,490
27825,9,10,28567,770
27825,9,10,28197,980
27825,9,10,27827,1260
27825,9,10,1,1470
34131,9,10,36724,0
34131,9,10,36354,420
34131,9,10,35984,630
34131,9,10,35614,910
34131,9,10,35244,1120
34131,9,10,34874,1400
34502,9,10,37095,0
34502,9,10,36725,420
34502,9,10,36355,630
34502,9,10,35985,910
34502,9,10,35615,1120
34502,9,10,35245,1400
35611,9,10,37838,0
35611,9,10,37468,560
35611,9,10,37098,770
35611,9,10,36728,1050
35611,9,10,36358,1330
29305,9,10,30791,0
29305,9,10,30421,560
29305,9,10,30051,770
29305,9,10,29681,1050
29305,9,10,29311,1260
26341,9,10,27823,0
26341,9,10,27453,420
26341,9,10,27083,700
26341,9,10,26713,910
26341,9,10,26343,1190
26341,9,10,1,1400
32647,9,10,35240,0
32647,9,10,34870,420
32647,9,10,34500,630
32647,9,10,34130,910
32647,9,10,33760,1190
32647,9,10,33390,1400
38953,9,10,41177,0
38953,9,10,40807,560
38953,9,10,40437,770
38953,9,10,40067,1050
38953,9,10,39697,1330
30051,9,10,31533,0
30051,9,10,31163,560
30051,9,10,30793,840
30051,9,10,30423,1050
30051,9,10,30053,1330
30420,9,10,32644,0
30420,9,10,32274,560
30420,9,10,31904,770
30420,9,10,31534,1050
30420,9,10,31164,1330
36726,9,10,38951,0
36726,9,10,38581,350
36726,9,10,38211,560
36726,9,10,37841,840
36726,9,10,37471,1120
36726,9,10,37101,1330
31163,9,10,33756,0
31163,9,10,33386,420
31163,9,10,33016,700
31163,9,10,32646,910
31163,9,10,32276,1190
31163,9,10,31906,1400
28567,9,10,30049,0
28567,9,10,29679,420
28567,9,10,29309,700
28567,9,10,28939,910
28567,9,10,28569,1190
28567,9,10,1,1400
28936,9,10,30790,0
28936,9,10,30420,560
28936,9,10,30050,840
28936,9,10,29680,1050
28936,9,10,29310,1330
35242,9,10,37467,0
35242,9,10,37097,490
35242,9,10,36727,700
35242,9,10,36357,980
35242,9,10,35987,1190
35242,9,10,35617,1470
32278,9,10,33389,0
32278,9,10,33019,560
32278,9,10,32649,770
32278,9,10,32279,1050
32278,9,10,1,1330
33015,9,10,35241,0
33015,9,10,34871,420
33015,9,10,34501,700
33015,9,10,34131,910
33015,9,10,33761,1190
33015,9,10,33391,1400
29682,9,10,32272,0
29682,9,10,31902,420
29682,9,10,31532,630
29682,9,10,31162,910
29682,9,10,30792,1120
29682,9,10,30422,1400
35988,9,10,37099,0
35988,9,10,36729,490
35988,9,10,36359,770
35988,9,10,35989,980
35988,9,10,1,1260
27827,9,10,30417,0
27827,9,10,30047,420
27827,9,10,29677,630
27827,9,10,29307,910
27827,9,10,28937,1190
27827,9,10,28567,1400
28198,9,10,30788,0
28198,9,10,30418,350
28198,9,10,30048,630
28198,9,10,29678,910
28198,9,10,29308,1120
28198,9,10,28938,1400
29307,9,10,31161,0
29307,9,10,30791,560
29307,9,10,30421,840
29307,9,10,30051,1050
29307,9,10,29681,1330
35613,9,10,37838,0
35613,9,10,37468,490
35613,9,10,37098,700
35613,9,10,36728,980
35613,9,10,36358,1190
35613,9,10,35988,1470
34504,9,10,35615,0
34504,9,10,35245,560
34504,9,10,34875,770
34504,9,10,34505,1050
34504,9,10,1,1260
26343,9,10,28563,0
26343,9,10,28193,560
26343,9,10,27823,840
26343,9,10,27453,1050
26343,9,10,27083,1330
32649,9,10,33760,0
32649,9,10,33390,560
32649,9,10,33020,770
32649,9,10,32650,1050
32649,9,10,1,1330
33386,9,10,35612,0
33386,9,10,35242,420
33386,9,10,34872,700
33386,9,10,34502,910
33386,9,10,34132,1190
33386,9,10,33762,1400
37837,9,10,40064,0
37837,9,10,39694,420
37837,9,10,39324,700
37837,9,10,38954,980
37837,9,10,38584,1190
37837,9,10,38214,1470
30422,9,10,31904,0
30422,9,10,31534,560
30422,9,10,31164,840
30422,9,10,30794,1050
30422,9,10,30424,1330
36728,9,10,38951,0
36728,9,10,38581,560
36728,9,10,38211,770
36728,9,10,37841,1050
36728,9,10,37471,1330
31165,9,10,32276,0
31165,9,10,31906,560
31165,9,10,31536,840
31165,9,10,31166,1050
31165,9,10,1,1330
31902,9,10,34128,0
31902,9,10,33758,420
31902,9,10,33388,630
31902,9,10,33018,910
31902,9,10,32648,1190
31902,9,10,32278,1400
28569,9,10,31159,0
28569,9,10,30789,350
28569,9,10,30419,630
28569,9,10,30049,840
28569,9,10,29679,1120
28569,9,10,29309,1330
38208,9,10,40435,0
38208,9,10,40065,420
38208,9,10,39695,700
38208,9,10,39325,980
38208,9,10,38955,1190
38208,9,10,38585,1470
28938,9,10,30420,0
28938,9,10,30050,420
28938,9,10,29680,700
28938,9,10,29310,910
28938,9,10,28940,1190
28938,9,10,1,1400
35244,9,10,37837,0
35244,9,10,37467,420
35244,9,10,37097,700
35244,9,10,36727,910
35244,9,10,36357,1190
35244,9,10,35987,1470
33017,9,10,35611,0
33017,9,10,35241,420
33017,9,10,34871,630
33017,9,10,34501,910
33017,9,10,34131,1120
33017,9,10,33761,1400
39323,9,10,41548,0
39323,9,10,41178,350
39323,9,10,40808,560
39323,9,10,40438,840
39323,9,10,40068,1120
39323,9,10,39698,1330
33760,9,10,36353,0
33760,9,10,35983,420
33760,9,10,35613,630
33760,9,10,35243,910
33760,9,10,34873,1120
33760,9,10,34503,1400
31533,9,10,34127,0
31533,9,10,33757,420
31533,9,10,33387,630
31533,9,10,33017,910
31533,9,10,32647,1120
31533,9,10,32277,1400
37839,9,10,40064,0
37839,9,10,39694,350
37839,9,10,39324,560
37839,9,10,38954,840
37839,9,10,38584,1120
37839,9,10,38214,1330
29309,9,10,30791,0
29309,9,10,30421,420
29309,9,10,30051,700
29309,9,10,29681,910
29309,9,10,29311,1190
29309,9,10,1,1400
35615,9,10,38208,0
35615,9,10,37838,420
35615,9,10,37468,700
35615,9,10,37098,910
35615,9,10,36728,1190
35615,9,10,36358,1470
34875,9,10,35986,0
34875,9,10,35616,560
34875,9,10,35246,770
34875,9,10,34876,1050
34875,9,10,1,1260
30046,9,10,31903,0
30046,9,10,31533,560
30046,9,10,31163,770
30046,9,10,30793,1050
30046,9,10,30423,1330
27082,9,10,28935,0
27082,9,10,28565,560
27082,9,10,28195,840
27082,9,10,27825,1050
27082,9,10,27455,1330
33388,9,10,35982,0
33388,9,10,35612,420
33388,9,10,35242,630
33388,9,10,34872,910
33388,9,10,34502,1120
33388,9,10,34132,1400
30424,9,10,33014,0
30424,9,10,32644,420
30424,9,10,32274,630
30424,9,10,31904,910
30424,9,10,31534,1120
30424,9,10,31164,1400
36730,9,10,37841,0
36730,9,10,37471,420
36730,9,10,37101,700
36730,9,10,36731,910
36730,9,10,1,1190
31904,9,10,34498,0
31904,9,10,34128,420
31904,9,10,33758,630
31904,9,10,33388,910
31904,9,10,33018,1120
31904,9,10,32648,1400
38210,9,10,40435,0
38210,9,10,40065,350
38210,9,10,39695,560
38210,9,10,39325,840
38210,9,10,38955,1120
38210,9,10,38585,1330
32273,9,10,34499,0
32273,9,10,34129,420
32273,9,10,33759,700
32273,9,10,33389,910
32273,9,10,33019,1190
32273,9,10,32649,1400
28940,9,10,31530,0
28940,9,10,31160,350
28940,9,10,30790,630
28940,9,10,30420,840
28940,9,10,30050,1120
28940,9,10,29680,1330
29677,9,10,31532,0
29677,9,10,31162,560
29677,9,10,30792,770
29677,9,10,30422,1050
29677,9,10,30052,1260
35983,9,10,38209,0
35983,9,10,37839,420
35983,9,10,37469,630
35983,9,10,37099,910
35983,9,10,36729,1190
35983,9,10,36359,1400
35246,9,10,36357,0
35246,9,10,35987,560
35246,9,10,35617,840
35246,9,10,35247,1050
35246,9,10,1,1330
38579,9,10,40806,0
38579,9,10,40436,420
38579,9,10,40066,700
38579,9,10,39696,980
38579,9,10,39326,1190
38579,9,10,38956,1470
33019,9,10,34871,0
33019,9,10,34501,420
33019,9,10,34131,630
33019,9,10,33761,910
33019,9,10,33391,1120
33019,9,10,33021,1400
27822,9,10,29677,0
27822,9,10,29307,350
27822,9,10,28937,630
27822,9,10,28567,840
27822,9,10,28197,1120
27822,9,10,27827,1400
27456,9,10,30046,0
27456,9,10,29676,420
27456,9,10,29306,630
27456,9,10,28936,910
27456,9,10,28566,1120
27456,9,10,28196,1400
33762,9,10,34873,0
33762,9,10,34503,560
33762,9,10,34133,770
33762,9,10,33763,1050
33762,9,10,1,1260
34499,9,10,36725,0
34499,9,10,36355,420
34499,9,10,35985,700
34499,9,10,35615,910
34499,9,10,35245,1190
34499,9,10,34875,1400
37095,9,10,39322,0
37095,9,10,38952,420
37095,9,10,38582,700
37095,9,10,38212,980
37095,9,10,37842,1190
37095,9,10,37472,1470
28193,9,10,30048,0
28193,9,10,29678,350
28193,9,10,29308,560
28193,9,10,28938,840
28193,9,10,28568,1120
28193,9,10,28198,1330
31535,9,10,33387,0
31535,9,10,33017,350
31535,9,10,32647,630
31535,9,10,32277,910
31535,9,10,31907,1120
31535,9,10,31537,1400
37841,9,10,40064,0
37841,9,10,39694,560
37841,9,10,39324,770
37841,9,10,38954,1050
37841,9,10,38584,1330
29311,9,10,31901,0
29311,9,10,31531,350
29311,9,10,31161,630
29311,9,10,30791,840
29311,9,10,30421,1120
29311,9,10,30051,1330
32644,9,10,34870,0
32644,9,10,34500,420
32644,9,10,34130,700
32644,9,10,33760,910
32644,9,10,33390,1190
32644,9,10,33020,1400
30417,9,10,32274,0
30417,9,10,31904,560
30417,9,10,31534,770
30417,9,10,31164,1050
30417,9,10,30794,1330
27084,9,10,28195,0
27084,9,10,27825,420
27084,9,10,27455,630
27084,9,10,27085,910
27084,9,10,1,1120
36357,9,10,38580,0
36357,9,10,38210,560
36357,9,10,37840,770
36357,9,10,37470,1050
36357,9,10,37100,1330
31160,9,10,33386,0
31160,9,10,33016,420
31160,9,10,32646,700
31160,9,10,32276,910
31160,9,10,31906,1190
31160,9,10,31536,1400
28564,9,10,30049,0
28564,9,10,29679,560
28564,9,10,29309,840
28564,9,10,28939,1050
28564,9,10,28569,1330
31906,9,10,33758,0
31906,9,10,33388,350
31906,9,10,33018,630
31906,9,10,32648,910
31906,9,10,32278,1120
31906,9,10,31908,1400
38212,9,10,40435,0
38212,9,10,40065,560
38212,9,10,39695,770
38212,9,10,39325,1050
38212,9,10,38955,1330
32275,9,10,34869,0
32275,9,10,34499,420
32275,9,10,34129,630
32275,9,10,33759,910
32275,9,10,33389,1190
32275,9,10,33019,1400
38581,9,10,40806,0
38581,9,10,40436,350
38581,9,10,40066,560
38581,9,10,39696,840
38581,9,10,39326,1120
38581,9,10,38956,1330
37472,9,10,38583,0
37472,9,10,38213,420
37472,9,10,37843,700
37472,9,10,37473,910
37472,9,10,1,1190
35985,9,10,38579,0
35985,9,10,38209,350
35985,9,10,37839,630
35985,9,10,37469,840
35985,9,10,37099,1120
35985,9,10,36729,1330
29679,9,10,31902,0
29679,9,10,31532,560
29679,9,10,31162,840
29679,9,10,30792,1050
29679,9,10,30422,1330
33021,9,10,35611,0
33021,9,10,35241,490
33021,9,10,34871,700
33021,9,10,34501,980
33021,9,10,34131,1190
33021,9,10,33761,1470
30791,9,10,33385,0
30791,9,10,33015,350
30791,9,10,32645,630
30791,9,10,32275,910
30791,9,10,31905,1120
30791,9,10,31535,1400
37097,9,10,39322,0
37097,9,10,38952,350
37097,9,10,38582,560
37097,9,10,38212,840
37097,9,10,37842,1120
37097,9,10,37472,1330
28195,9,10,30418,0
28195,9,10,30048,420
28195,9,10,29678,630
28195,9,10,29308,910
28195,9,10,28938,1120
28195,9,10,28568,1400
34501,9,10,37095,0
34501,9,10,36725,420
34501,9,10,36355,630
34501,9,10,35985,910
34501,9,10,35615,1120
34501,9,10,35245,1400
34133,9,10,35244,0
34133,9,10,34874,560
34133,9,10,34504,770
34133,9,10,34134,1050
34133,9,10,1,1260
34870,9,10,37096,0
34870,9,10,36726,420
34870,9,10,36356,700
34870,9,10,35986,910
34870,9,10,35616,1190
34870,9,10,35246,1400
31537,9,10,34127,0
31537,9,10,33757,490
31537,9,10,33387,700
31537,9,10,33017,980
31537,9,10,32647,1190
31537,9,10,32277,1470
32646,9,10,35240,0
32646,9,10,34870,420
32646,9,10,34500,630
32646,9,10,34130,910
32646,9,10,33760,1190
32646,9,10,33390,1400
37843,9,10,38954,0
37843,9,10,38584,420
37843,9,10,38214,700
37843,9,10,37844,910
37843,9,10,1,1190
30419,9,10,32274,0
30419,9,10,31904,560
30419,9,10,31534,770
30419,9,10,31164,1050
30419,9,10,30794,1260
26711,9,10,28934,0
26711,9,10,28564,350
26711,9,10,28194,630
26711,9,10,27824,840
26711,9,10,27454,1120
26711,9,10,27084,1330
30053,9,10,32643,0
30053,9,10,32273,420
30053,9,10,31903,630
30053,9,10,31533,910
30053,9,10,31163,1120
30053,9,10,30793,1400
36359,9,10,37470,0
36359,9,10,37100,420
36359,9,10,36730,700
36359,9,10,36360,910
36359,9,10,1,1190
31162,9,10,33756,0
31162,9,10,33386,420
31162,9,10,33016,630
31162,9,10,32646,910
31162,9,10,32276,1190
31162,9,10,31906,1400
28566,9,10,30789,0
28566,9,10,30419,350
28566,9,10,30049,630
28566,9,10,29679,840
28566,9,10,29309,1120
28566,9,10,28939,1330
28935,9,10,30420,0
28935,9,10,30050,560
28935,9,10,29680,840
28935,9,10,29310,1050
28935,9,10,28940,1330
35241,9,10,37467,0
35241,9,10,37097,490
35241,9,10,36727,700
35241,9,10,36357,980
35241,9,10,35987,1190
35241,9,10,35617,1470
31908,9,10,34498,0
31908,9,10,34128,490
31908,9,10,33758,700
31908,9,10,33388,980
31908,9,10,33018,1190
31908,9,10,32648,1470
32277,9,10,34129,0
32277,9,10,33759,420
32277,9,10,33389,630
32277,9,10,33019,910
32277,9,10,32649,1120
32277,9,10,32279,1400
33014,9,10,35241,0
33014,9,10,34871,490
33014,9,10,34501,770
33014,9,10,34131,980
33014,9,10,33761,1260
29681,9,10,30792,0
29681,9,10,30422,490
29681,9,10,30052,700
29681,9,10,29682,980
29681,9,10,1,1190
38583,9,10,40806,0
38583,9,10,40436,560
38583,9,10,40066,770
38583,9,10,39696,1050
38583,9,10,39326,1330
27451,9,10,29306,0
27451,9,10,28936,350
27451,9,10,28566,630
27451,9,10,28196,840
27451,9,10,27826,1120
27451,9,10,27456,1330
33757,9,10,35983,0
33757,9,10,35613,420
33757,9,10,35243,700
33757,9,10,34873,910
33757,9,10,34503,1190
33757,9,10,34133,1400
30793,9,10,32645,0
30793,9,10,32275,420
30793,9,10,31905,630
30793,9,10,31535,910
30793,9,10,31165,1120
30793,9,10,30795,1400
37099,9,10,39322,0
37099,9,10,38952,560
37099,9,10,38582,770
37099,9,10,38212,1050
37099,9,10,37842,1330
28197,9,10,29308,0
28197,9,10,28938,490
28197,9,10,28568,700
28197,9,10,28198,980
28197,9,10,1,1190
34503,9,10,36355,0
34503,9,10,35985,420
34503,9,10,35615,630
34503,9,10,35245,910
34503,9,10,34875,1120
34503,9,10,34505,1400
31530,9,10,33757,0
31530,9,10,33387,490
31530,9,10,33017,770
31530,9,10,32647,980
31530,9,10,32277,1260
31530,9,10,31907,1470
34872,9,10,37466,0
34872,9,10,37096,420
34872,9,10,36726,630
34872,9,10,36356,910
34872,9,10,35986,1120
34872,9,10,35616,1400
26342,9,10,27453,0
26342,9,10,27083,420
26342,9,10,26713,630
26342,9,10,26343,910
26342,9,10,1,1120
26713,9,10,27824,0
26713,9,10,27454,420
26713,9,10,27084,700
26713,9,10,26714,910
26713,9,10,1,1190
31164,9,10,33016,0
31164,9,10,32646,420
31164,9,10,32276,700
31164,9,10,31906,910
31164,9,10,31536,1190
31164,9,10,31166,1400
31901,9,10,34128,0
31901,9,10,33758,490
31901,9,10,33388,770
31901,9,10,33018,980
31901,9,10,32648,1260
31901,9,10,32278,1470
37467,9,10,39693,0
37467,9,10,39323,350
37467,9,10,38953,630
37467,9,10,38583,840
37467,9,10,38213,1120
37467,9,10,37843,1330
28937,9,10,31160,0
28937,9,10,30790,350
28937,9,10,30420,630
28937,9,10,30050,840
28937,9,10,29680,1120
28937,9,10,29310,1330
35243,9,10,37837,0
35243,9,10,37467,420
35243,9,10,37097,700
35243,9,10,36727,910
35243,9,10,36357,1190
35243,9,10,35987,1470
32279,9,10,34869,0
32279,9,10,34499,490
32279,9,10,34129,700
32279,9,10,33759,980
32279,9,10,33389,1190
32279,9,10,33019,1470
33016,9,10,35241,0
33016,9,10,34871,420
33016,9,10,34501,700
33016,9,10,34131,910
33016,9,10,33761,1190
33016,9,10,33391,1400
27453,9,10,29676,0
27453,9,10,29306,420
27453,9,10,28936,700
27453,9,10,28566,910
27453,9,10,28196,1190
27453,9,10,27826,1400
33759,9,10,36353,0
33759,9,10,35983,420
33759,9,10,35613,630
33759,9,10,35243,910
33759,9,10,34873,1120
33759,9,10,34503,1400
34128,9,10,36354,0
34128,9,10,35984,420
34128,9,10,35614,700
34128,9,10,35244,910
34128,9,10,34874,1190
34128,9,10,34504,1400
30795,9,10,33385,0
30795,9,10,33015,420
30795,9,10,32645,700
30795,9,10,32275,980
30795,9,10,31905,1190
30795,9,10,31535,1470
37101,9,10,38212,0
37101,9,10,37842,420
37101,9,10,37472,700
37101,9,10,37102,910
37101,9,10,1,1190
37838,9,10,40064,0
37838,9,10,39694,350
37838,9,10,39324,630
37838,9,10,38954,840
37838,9,10,38584,1120
37838,9,10,38214,1330
31532,9,10,33757,0
31532,9,10,33387,420
31532,9,10,33017,630
31532,9,10,32647,910
31532,9,10,32277,1190
31532,9,10,31907,1400
34505,9,10,37095,0
34505,9,10,36725,490
34505,9,10,36355,700
34505,9,10,35985,980
34505,9,10,35615,1190
34505,9,10,35245,1470
34874,9,10,36726,0
34874,9,10,36356,420
34874,9,10,35986,630
34874,9,10,35616,910
34874,9,10,35246,1120
34874,9,10,34876,1400
30790,9,10,33015,0
30790,9,10,32645,350
30790,9,10,32275,630
30790,9,10,31905,910
30790,9,10,31535,1120
30790,9,10,31165,1400
30048,10,11,31903,0
30048,10,11,31533,560
30048,10,11,31163,770
30048,10,11,30793,1050
30048,10,11,30423,1260
36354,10,11,38580,0
36354,10,11,38210,350
36354,10,11,37840,630
36354,10,11,37470,840
36354,10,11,37100,1120
36354,10,11,36730,1330
35617,10,11,36728,0
35617,10,11,36358,560
35617,10,11,35988,840
35617,10,11,35618,1050
35617,10,11,1,1330
33390,10,11,35242,0
33390,10,11,34872,420
33390,10,11,34502,630
33390,10,11,34132,910
33390,10,11,33762,1120
33390,10,11,33392,1400
39696,10,11,41919,0
39696,10,11,41549,560
39696,10,11,41179,770
39696,10,11,40809,1050
39696,10,11,40439,1330
31166,10,11,33756,0
31166,10,11,33386,490
31166,10,11,33016,770
31166,10,11,32646,980
31166,10,11,32276,1260
31166,10,11,31906,1470
37469,10,11,39693,0
37469,10,11,39323,560
37469,10,11,38953,770
37469,10,11,38583,1050
37469,10,11,38213,1330
28939,10,11,30050,0
28939,10,11,29680,420
28939,10,11,29310,700
28939,10,11,28940,910
28939,10,11,1,1190
32272,10,11,34499,0
32272,10,11,34129,490
32272,10,11,33759,770
32272,10,11,33389,1050
32272,10,11,33019,1260
30788,10,11,33015,0
30788,10,11,32645,420
30788,10,11,32275,630
30788,10,11,31905,910
30788,10,11,31535,1120
30788,10,11,31165,1400
27455,10,11,28566,0
27455,10,11,28196,490
27455,10,11,27826,700
27455,10,11,27456,980
27455,10,11,1,1260
28192,10,11,29678,0
28192,10,11,29308,560
28192,10,11,28938,840
28192,10,11,28568,1050
28192,10,11,28198,1330
27824,10,11,30047,0
27824,10,11,29677,420
27824,10,11,29307,700
27824,10,11,28937,910
27824,10,11,28567,1190
27824,10,11,28197,1400
34130,10,11,36724,0
34130,10,11,36354,420
34130,10,11,35984,630
34130,10,11,35614,910
34130,10,11,35244,1120
34130,10,11,34874,1400
40436,10,11,42291,0
40436,10,11,41921,560
40436,10,11,41551,840
40436,10,11,41181,1050
40436,10,11,40811,1330
31534,10,11,34127,0
31534,10,11,33757,420
31534,10,11,33387,630
31534,10,11,33017,910
31534,10,11,32647,1120
31534,10,11,32277,1400
37840,10,11,40064,0
37840,10,11,39694,560
37840,10,11,39324,770
37840,10,11,38954,1050
37840,10,11,38584,1330
33761,10,11,35613,0
33761,10,11,35243,420
33761,10,11,34873,630
33761,10,11,34503,910
33761,10,11,34133,1120
33761,10,11,33763,1400
34498,10,11,36725,0
34498,10,11,36355,490
34498,10,11,35985,770
34498,10,11,35615,980
34498,10,11,35245,1260
34876,10,11,37466,0
34876,10,11,37096,420
34876,10,11,36726,700
34876,10,11,36356,980
34876,10,11,35986,1190
34876,10,11,35616,1470
38952,10,11,40807,0
38952,10,11,40437,560
38952,10,11,40067,840
38952,10,11,39697,1050
38952,10,11,39327,1330
30050,10,11,32273,0
30050,10,11,31903,560
30050,10,11,31533,840
30050,10,11,31163,1050
30050,10,11,30793,1330
36356,10,11,38580,0
36356,10,11,38210,560
36356,10,11,37840,770
36356,10,11,37470,1050
36356,10,11,37100,1330
31159,10,11,33386,0
31159,10,11,33016,490
31159,10,11,32646,770
31159,10,11,32276,1050
31159,10,11,31906,1260
36725,10,11,38951,0
36725,10,11,38581,350
36725,10,11,38211,630
36725,10,11,37841,840
36725,10,11,37471,1120
36725,10,11,37101,1330
33392,10,11,35982,0
33392,10,11,35612,420
33392,10,11,35242,700
33392,10,11,34872,980
33392,10,11,34502,1190
33392,10,11,34132,1470
39698,10,11,40809,0
39698,10,11,40439,420
39698,10,11,40069,700
39698,10,11,39699,910
39698,10,11,1,1190
40067,10,11,42290,0
40067,10,11,41920,560
40067,10,11,41550,770
40067,10,11,41180,1050
40067,10,11,40810,1330
37471,10,11,38953,0
37471,10,11,38583,560
37471,10,11,38213,770
37471,10,11,37843,1050
37471,10,11,37473,1260
38580,10,11,40806,0
38580,10,11,40436,350
38580,10,11,40066,630
38580,10,11,39696,840
38580,10,11,39326,1120
38580,10,11,38956,1330
32274,10,11,34499,0
32274,10,11,34129,420
32274,10,11,33759,700
32274,10,11,33389,910
32274,10,11,33019,1190
32274,10,11,32649,1400
38214,10,11,39325,0
38214,10,11,38955,420
38214,10,11,38585,700
38214,10,11,38215,910
38214,10,11,1,1190
35987,10,11,37839,0
35987,10,11,37469,350
35987,10,11,37099,560
35987,10,11,36729,840
35987,10,11,36359,1120
35987,10,11,35989,1330
37096,10,11,39322,0
37096,10,11,38952,350
37096,10,11,38582,630
37096,10,11,38212,840
37096,10,11,37842,1120
37096,10,11,37472,1330
33763,10,11,36353,0
33763,10,11,35983,420
33763,10,11,35613,700
33763,10,11,35243,980
33763,10,11,34873,1190
33763,10,11,34503,1470
27826,10,11,28937,0
27826,10,11,28567,490
27826,10,11,28197,770
27826,10,11,27827,980
27826,10,11,1,1260
34132,10,11,35984,0
34132,10,11,35614,420
34132,10,11,35244,630
34132,10,11,34874,910
34132,10,11,34504,1120
34132,10,11,34134,1400
34500,10,11,36725,0
34500,10,11,36355,420
34500,10,11,35985,700
34500,10,11,35615,910
34500,10,11,35245,1190
34500,10,11,34875,1400
31536,10,11,32647,0
31536,10,11,32277,560
31536,10,11,31907,770
31536,10,11,31537,1050
31536,10,11,1,1260
37842,10,11,39324,0
37842,10,11,38954,560
37842,10,11,38584,770
37842,10,11,38214,1050
37842,10,11,37844,1260
34869,10,11,37096,0
34869,10,11,36726,490
34869,10,11,36356,770
34869,10,11,35986,980
34869,10,11,35616,1260
40438,10,11,42661,0
40438,10,11,42291,560
40438,10,11,41921,770
40438,10,11,41551,1050
40438,10,11,41181,1330
28194,10,11,30418,0
28194,10,11,30048,350
28194,10,11,29678,630
28194,10,11,29308,840
28194,10,11,28938,1120
28194,10,11,28568,1330
29306,10,11,30791,0
29306,10,11,30421,560
29306,10,11,30051,840
29306,10,11,29681,1050
29306,10,11,29311,1330
35612,10,11,37838,0
35612,10,11,37468,490
35612,10,11,37098,700
35612,10,11,36728,980
35612,10,11,36358,1190
35612,10,11,35988,1470
32648,10,11,34500,0
32648,10,11,34130,420
32648,10,11,33760,630
32648,10,11,33390,910
32648,10,11,33020,1120
32648,10,11,32650,1400
38954,10,11,41177,0
38954,10,11,40807,560
38954,10,11,40437,770
38954,10,11,40067,1050
38954,10,11,39697,1330
33385,10,11,35612,0
33385,10,11,35242,490
33385,10,11,34872,770
33385,10,11,34502,980
33385,10,11,34132,1260
36358,10,11,37840,0
36358,10,11,37470,560
36358,10,11,37100,770
36358,10,11,36730,1050
36358,10,11,36360,1260
30421,10,11,32644,0
30421,10,11,32274,560
30421,10,11,31904,840
30421,10,11,31534,1050
30421,10,11,31164,1330
31161,10,11,33386,0
31161,10,11,33016,420
31161,10,11,32646,700
31161,10,11,32276,910
31161,10,11,31906,1190
31161,10,11,31536,1400
36727,10,11,38951,0
36727,10,11,38581,560
36727,10,11,38211,770
36727,10,11,37841,1050
36727,10,11,37471,1330
30052,10,11,31163,0
30052,10,11,30793,490
30052,10,11,30423,700
30052,10,11,30053,980
30052,10,11,1,1190
28934,10,11,30420,0
28934,10,11,30050,560
28934,10,11,29680,770
28934,10,11,29310,1050
28934,10,11,28940,1260
40069,10,11,41180,0
40069,10,11,40810,420
40069,10,11,40440,700
40069,10,11,40070,910
40069,10,11,1,1190
32276,10,11,34869,0
32276,10,11,34499,420
32276,10,11,34129,630
32276,10,11,33759,910
32276,10,11,33389,1120
32276,10,11,33019,1400
37473,10,11,39693,0
37473,10,11,39323,560
37473,10,11,38953,840
37473,10,11,38583,1050
37473,10,11,38213,1330
28568,10,11,29679,0
28568,10,11,29309,420
28568,10,11,28939,700
28568,10,11,28569,910
28568,10,11,1,1190
41549,10,11,43774,0
41549,10,11,43404,350
41549,10,11,43034,630
41549,10,11,42664,840
41549,10,11,42294,1120
41549,10,11,41924,1330
33756,10,11,35983,0
33756,10,11,35613,490
33756,10,11,35243,770
33756,10,11,34873,980
33756,10,11,34503,1260
39322,10,11,41548,0
39322,10,11,41178,350
39322,10,11,40808,630
39322,10,11,40438,840
39322,10,11,40068,1120
39322,10,11,39698,1330
35989,10,11,38579,0
35989,10,11,38209,350
35989,10,11,37839,630
35989,10,11,37469,910
35989,10,11,37099,1120
35989,10,11,36729,1400
37098,10,11,39322,0
37098,10,11,38952,560
37098,10,11,38582,770
37098,10,11,38212,1050
37098,10,11,37842,1330
28196,10,11,29678,0
28196,10,11,29308,490
28196,10,11,28938,700
28196,10,11,28568,980
28196,10,11,28198,1190
28196,10,11,1,1470
30792,10,11,33385,0
30792,10,11,33015,420
30792,10,11,32645,630
30792,10,11,32275,910
30792,10,11,31905,1120
30792,10,11,31535,1400
34134,10,11,36724,0
34134,10,11,36354,420
34134,10,11,35984,700
34134,10,11,35614,980
34134,10,11,35244,1190
34134,10,11,34874,1470
34871,10,11,37096,0
34871,10,11,36726,420
34871,10,11,36356,700
34871,10,11,35986,910
34871,10,11,35616,1190
34871,10,11,35246,1400
41177,10,11,43403,0
41177,10,11,43033,350
41177,10,11,42663,630
41177,10,11,42293,840
41177,10,11,41923,1120
41177,10,11,41553,1330
29308,10,11,31531,0
29308,10,11,31161,350
29308,10,11,30791,630
29308,10,11,30421,840
29308,10,11,30051,1120
29308,10,11,29681,1330
35614,10,11,38208,0
35614,10,11,37838,420
35614,10,11,37468,700
35614,10,11,37098,910
35614,10,11,36728,1190
35614,10,11,36358,1470
26712,10,11,28194,0
26712,10,11,27824,420
26712,10,11,27454,700
26712,10,11,27084,910
26712,10,11,26714,1190
26712,10,11,1,1400
32650,10,11,35240,0
32650,10,11,34870,490
32650,10,11,34500,700
32650,10,11,34130,980
32650,10,11,33760,1190
32650,10,11,33390,1470
33387,10,11,35612,0
33387,10,11,35242,420
33387,10,11,34872,700
33387,10,11,34502,910
33387,10,11,34132,1190
33387,10,11,33762,1400
39693,10,11,41919,0
39693,10,11,41549,350
39693,10,11,41179,630
39693,10,11,40809,840
39693,10,11,40439,1120
39693,10,11,40069,1330
38956,10,11,40067,0
38956,10,11,39697,420
38956,10,11,39327,700
38956,10,11,38957,910
38956,10,11,1,1190
30423,10,11,31534,0
30423,10,11,31164,490
30423,10,11,30794,700
30423,10,11,30424,980
30423,10,11,1,1190
36729,10,11,38211,0
36729,10,11,37841,560
36729,10,11,37471,770
36729,10,11,37101,1050
36729,10,11,36731,1260
37466,10,11,39693,0
37466,10,11,39323,420
37466,10,11,38953,700
37466,10,11,38583,910
37466,10,11,38213,1190
37466,10,11,37843,1470
36360,10,11,38580,0
36360,10,11,38210,560
36360,10,11,37840,840
36360,10,11,37470,1050
36360,10,11,37100,1330
29676,10,11,31532,0
29676,10,11,31162,490
29676,10,11,30792,770
29676,10,11,30422,980
29676,10,11,30052,1260
31903,10,11,34128,0
31903,10,11,33758,420
31903,10,11,33388,630
31903,10,11,33018,910
31903,10,11,32648,1120
31903,10,11,32278,1400
38209,10,11,40435,0
38209,10,11,40065,350
38209,10,11,39695,630
38209,10,11,39325,840
38209,10,11,38955,1120
38209,10,11,38585,1330
35245,10,11,37097,0
35245,10,11,36727,420
35245,10,11,36357,700
35245,10,11,35987,910
35245,10,11,35617,1190
35245,10,11,35247,1400
35982,10,11,38209,0
35982,10,11,37839,490
35982,10,11,37469,770
35982,10,11,37099,980
35982,10,11,36729,1260
35982,10,11,36359,1470
27452,10,11,29676,0
27452,10,11,29306,350
27452,10,11,28936,630
27452,10,11,28566,910
27452,10,11,28196,1120
27452,10,11,27826,1400
33758,10,11,35983,0
33758,10,11,35613,420
33758,10,11,35243,700
33758,10,11,34873,910
33758,10,11,34503,1190
33758,10,11,34133,1400
33018,10,11,35611,0
33018,10,11,35241,420
33018,10,11,34871,630
33018,10,11,34501,910
33018,10,11,34131,1120
33018,10,11,33761,1400
34127,10,11,36354,0
34127,10,11,35984,490
34127,10,11,35614,770
34127,10,11,35244,980
34127,10,11,34874,1260
39324,10,11,41548,0
39324,10,11,41178,560
39324,10,11,40808,770
39324,10,11,40438,1050
39324,10,11,40068,1330
37100,10,11,38582,0
37100,10,11,38212,560
37100,10,11,37842,770
37100,10,11,37472,1050
37100,10,11,37102,1260
31531,10,11,33757,0
31531,10,11,33387,420
31531,10,11,33017,630
31531,10,11,32647,910
31531,10,11,32277,1190
31531,10,11,31907,1400
30794,10,11,31905,0
30794,10,11,31535,560
30794,10,11,31165,770
30794,10,11,30795,1050
30794,10,11,1,1260
34873,10,11,37466,0
34873,10,11,37096,420
34873,10,11,36726,630
34873,10,11,36356,910
34873,10,11,35986,1120
34873,10,11,35616,1400
32643,10,11,34870,0
32643,10,11,34500,490
32643,10,11,34130,770
32643,10,11,33760,1050
32643,10,11,33390,1260
29310,10,11,30421,0
29310,10,11,30051,420
29310,10,11,29681,700
29310,10,11,29311,910
29310,10,11,1,1190
30047,10,11,31903,0
30047,10,11,31533,490
30047,10,11,31163,770
30047,10,11,30793,980
30047,10,11,30423,1260
35616,10,11,37468,0
35616,10,11,37098,420
35616,10,11,36728,700
35616,10,11,36358,910
35616,10,11,35988,1190
35616,10,11,35618,1400
36353,10,11,38580,0
36353,10,11,38210,420
36353,10,11,37840,700
36353,10,11,37470,910
36353,10,11,37100,1190
36353,10,11,36730,1470
26714,10,11,28934,0
26714,10,11,28564,560
26714,10,11,28194,840
26714,10,11,27824,1050
26714,10,11,27454,1330
33389,10,11,35982,0
33389,10,11,35612,420
33389,10,11,35242,630
33389,10,11,34872,910
33389,10,11,34502,1120
33389,10,11,34132,1400
39695,10,11,41919,0
39695,10,11,41549,560
39695,10,11,41179,770
39695,10,11,40809,1050
39695,10,11,40439,1330
27083,10,11,28565,0
27083,10,11,28195,420
27083,10,11,27825,630
27083,10,11,27455,910
27083,10,11,27085,1120
27083,10,11,1,1400
40064,10,11,42290,0
40064,10,11,41920,350
40064,10,11,41550,630
40064,10,11,41180,840
40064,10,11,40810,1120
40064,10,11,40440,1330
36731,10,11,38951,0
36731,10,11,38581,560
36731,10,11,38211,840
36731,10,11,37841,1050
36731,10,11,37471,1330
37468,10,11,39323,0
37468,10,11,38953,560
37468,10,11,38583,840
37468,10,11,38213,1050
37468,10,11,37843,1330
28563,10,11,30049,0
28563,10,11,29679,560
28563,10,11,29309,770
28563,10,11,28939,1050
28563,10,11,28569,1260
31905,10,11,34498,0
31905,10,11,34128,420
31905,10,11,33758,630
31905,10,11,33388,910
31905,10,11,33018,1120
31905,10,11,32648,1400
38211,10,11,40435,0
38211,10,11,40065,560
38211,10,11,39695,770
38211,10,11,39325,1050
38211,10,11,38955,1330
29678,10,11,31902,0
29678,10,11,31532,560
29678,10,11,31162,770
29678,10,11,30792,1050
29678,10,11,30422,1330
35984,10,11,38209,0
35984,10,11,37839,420
35984,10,11,37469,630
35984,10,11,37099,910
35984,10,11,36729,1120
35984,10,11,36359,1400
27454,10,11,28936,0
27454,10,11,28566,490
27454,10,11,28196,770
27454,10,11,27826,980
27454,10,11,27456,1260
27454,10,11,1,1470
35247,10,11,37837,0
35247,10,11,37467,490
35247,10,11,37097,700
35247,10,11,36727,980
35247,10,11,36357,1190
35247,10,11,35987,1470
33020,10,11,34131,0
33020,10,11,33761,560
33020,10,11,33391,770
33020,10,11,33021,1050
33020,10,11,1,1260
34129,10,11,36354,0
34129,10,11,35984,420
34129,10,11,35614,700
34129,10,11,35244,910
34129,10,11,34874,1190
34129,10,11,34504,1400
39326,10,11,40808,0
39326,10,11,40438,560
39326,10,11,40068,770
39326,10,11,39698,1050
39326,10,11,39328,1260
40435,10,11,42661,0
40435,10,11,42291,350
40435,10,11,41921,630
40435,10,11,41551,840
40435,10,11,41181,1120
40435,10,11,40811,1330
27823,10,11,30047,0
27823,10,11,29677,420
27823,10,11,29307,630
27823,10,11,28937,910
27823,10,11,28567,1120
27823,10,11,28197,1400
40806,10,11,43032,0
40806,10,11,42662,350
40806,10,11,42292,630
40806,10,11,41922,840
40806,10,11,41552,1120
40806,10,11,41182,1330
32645,10,11,34870,0
32645,10,11,34500,420
32645,10,11,34130,700
32645,10,11,33760,910
32645,10,11,33390,1190
32645,10,11,33020,1400
38951,10,11,41177,0
38951,10,11,40807,350
38951,10,11,40437,630
38951,10,11,40067,840
38951,10,11,39697,1120
38951,10,11,39327,1330
35618,10,11,38208,0
35618,10,11,37838,490
35618,10,11,37468,700
35618,10,11,37098,980
35618,10,11,36728,1190
35618,10,11,36358,1470
36355,10,11,38210,0
36355,10,11,37840,560
36355,10,11,37470,840
36355,10,11,37100,1050
36355,10,11,36730,1330
30418,10,11,32274,0
30418,10,11,31904,490
30418,10,11,31534,770
30418,10,11,31164,980
30418,10,11,30794,1260
36724,10,11,38951,0
36724,10,11,38581,420
36724,10,11,38211,700
36724,10,11,37841,910
36724,10,11,37471,1190
36724,10,11,37101,1470
27085,10,11,29305,0
27085,10,11,28935,560
27085,10,11,28565,840
27085,10,11,28195,1050
27085,10,11,27825,1330
39697,10,11,41179,0
39697,10,11,40809,560
39697,10,11,40439,770
39697,10,11,40069,1050
39697,10,11,39699,1260
30049,10,11,32273,0
30049,10,11,31903,560
30049,10,11,31533,770
30049,10,11,31163,1050
30049,10,11,30793,1330
40066,10,11,42290,0
40066,10,11,41920,560
40066,10,11,41550,770
40066,10,11,41180,1050
40066,10,11,40810,1330
33391,10,11,34502,0
33391,10,11,34132,560
33391,10,11,33762,770
33391,10,11,33392,1050
33391,10,11,1,1260
37470,10,11,39693,0
37470,10,11,39323,560
37470,10,11,38953,770
37470,10,11,38583,1050
37470,10,11,38213,1330
28565,10,11,30419,0
28565,10,11,30049,560
28565,10,11,29679,840
28565,10,11,29309,1050
28565,10,11,28939,1330
35240,10,11,37467,0
35240,10,11,37097,560
35240,10,11,36727,770
35240,10,11,36357,1050
35240,10,11,35987,1330
31907,10,11,33018,0
31907,10,11,32648,560
31907,10,11,32278,770
31907,10,11,31908,1050
31907,10,11,1,1260
38213,10,11,39695,0
38213,10,11,39325,560
38213,10,11,38955,770
38213,10,11,38585,1050
38213,10,11,38215,1260
38582,10,11,40806,0
38582,10,11,40436,560
38582,10,11,40066,770
38582,10,11,39696,1050
38582,10,11,39326,1330
29680,10,11,31162,0
29680,10,11,30792,560
29680,10,11,30422,840
29680,10,11,30052,1050
29680,10,11,29682,1330
35986,10,11,38579,0
35986,10,11,38209,350
35986,10,11,37839,630
35986,10,11,37469,840
35986,10,11,37099,1120
35986,10,11,36729,1330
30789,10,11,33015,0
30789,10,11,32645,350
30789,10,11,32275,630
30789,10,11,31905,840
30789,10,11,31535,1120
30789,10,11,31165,1330
27825,10,11,29307,0
27825,10,11,28937,490
27825,10,11,28567,770
27825,10,11,28197,980
27825,10,11,27827,1260
27825,10,11,1,1470
34131,10,11,36724,0
34131,10,11,36354,420
34131,10,11,35984,630
34131,10,11,35614,910
34131,10,11,35244,1120
34131,10,11,34874,1400
34502,10,11,37095,0
34502,10,11,36725,420
34502,10,11,36355,630
34502,10,11,35985,910
34502,10,11,35615,1120
34502,10,11,35245,1400
40808,10,11,43032,0
40808,10,11,42662,560
40808,10,11,42292,770
40808,10,11,41922,1050
40808,10,11,41552,1330
35611,10,11,37838,0
35611,10,11,37468,560
35611,10,11,37098,770
35611,10,11,36728,1050
35611,10,11,36358,1330
29305,10,11,30791,0
29305,10,11,30421,560
29305,10,11,30051,770
29305,10,11,29681,1050
29305,10,11,29311,1260
32647,10,11,35240,0
32647,10,11,34870,420
32647,10,11,34500,630
32647,10,11,34130,910
32647,10,11,33760,1120
32647,10,11,33390,1400
38953,10,11,41177,0
38953,10,11,40807,560
38953,10,11,40437,770
38953,10,11,40067,1050
38953,10,11,39697,1330
37844,10,11,40064,0
37844,10,11,39694,560
37844,10,11,39324,840
37844,10,11,38954,1050
37844,10,11,38584,1330
30051,10,11,31533,0
30051,10,11,31163,560
30051,10,11,30793,840
30051,10,11,30423,1050
30051,10,11,30053,1330
30420,10,11,32644,0
30420,10,11,32274,560
30420,10,11,31904,770
30420,10,11,31534,1050
30420,10,11,31164,1330
36726,10,11,38581,0
36726,10,11,38211,560
36726,10,11,37841,840
36726,10,11,37471,1050
36726,10,11,37101,1330
40068,10,11,41550,0
40068,10,11,41180,560
40068,10,11,40810,770
40068,10,11,40440,1050
40068,10,11,40070,1260
31163,10,11,33756,0
31163,10,11,33386,420
31163,10,11,33016,700
31163,10,11,32646,910
31163,10,11,32276,1190
31163,10,11,31906,1400
28567,10,11,30049,0
28567,10,11,29679,420
28567,10,11,29309,700
28567,10,11,28939,910
28567,10,11,28569,1190
28567,10,11,1,1400
28936,10,11,30790,0
28936,10,11,30420,560
28936,10,11,30050,840
28936,10,11,29680,1050
28936,10,11,29310,1330
35242,10,11,37467,0
35242,10,11,37097,490
35242,10,11,36727,700
35242,10,11,36357,980
35242,10,11,35987,1190
35242,10,11,35617,1470
41548,10,11,43774,0
41548,10,11,43404,350
41548,10,11,43034,630
41548,10,11,42664,840
41548,10,11,42294,1120
41548,10,11,41924,1400
38215,10,11,40435,0
38215,10,11,40065,560
38215,10,11,39695,840
38215,10,11,39325,1050
38215,10,11,38955,1330
32278,10,11,33389,0
32278,10,11,33019,560
32278,10,11,32649,770
32278,10,11,32279,1050
32278,10,11,1,1260
33015,10,11,35241,0
33015,10,11,34871,420
33015,10,11,34501,700
33015,10,11,34131,910
33015,10,11,33761,1190
33015,10,11,33391,1400
38584,10,11,40066,0
38584,10,11,39696,560
38584,10,11,39326,770
38584,10,11,38956,1050
38584,10,11,38586,1260
35988,10,11,37099,0
35988,10,11,36729,490
35988,10,11,36359,770
35988,10,11,35989,980
35988,10,11,1,1260
29682,10,11,32272,0
29682,10,11,31902,420
29682,10,11,31532,630
29682,10,11,31162,910
29682,10,11,30792,1120
29682,10,11,30422,1400
27827,10,11,30417,0
27827,10,11,30047,420
27827,10,11,29677,630
27827,10,11,29307,910
27827,10,11,28937,1120
27827,10,11,28567,1400
28198,10,11,30788,0
28198,10,11,30418,350
28198,10,11,30048,630
28198,10,11,29678,840
28198,10,11,29308,1120
28198,10,11,28938,1400
29307,10,11,31161,0
29307,10,11,30791,560
29307,10,11,30421,840
29307,10,11,30051,1050
29307,10,11,29681,1330
35613,10,11,37838,0
35613,10,11,37468,490
35613,10,11,37098,700
35613,10,11,36728,980
35613,10,11,36358,1190
35613,10,11,35988,1470
34504,10,11,35615,0
34504,10,11,35245,560
34504,10,11,34875,770
34504,10,11,34505,1050
34504,10,11,1,1260
41179,10,11,43403,0
41179,10,11,43033,560
41179,10,11,42663,770
41179,10,11,42293,1050
41179,10,11,41923,1330
32649,10,11,33760,0
32649,10,11,33390,560
32649,10,11,33020,770
32649,10,11,32650,1050
32649,10,11,1,1260
33386,10,11,35612,0
33386,10,11,35242,420
33386,10,11,34872,700
33386,10,11,34502,910
33386,10,11,34132,1190
33386,10,11,33762,1400
38955,10,11,40437,0
38955,10,11,40067,560
38955,10,11,39697,770
38955,10,11,39327,1050
38955,10,11,38957,1260
37837,10,11,40064,0
37837,10,11,39694,420
37837,10,11,39324,700
37837,10,11,38954,910
37837,10,11,38584,1190
37837,10,11,38214,1470
30422,10,11,31904,0
30422,10,11,31534,560
30422,10,11,31164,840
30422,10,11,30794,1050
30422,10,11,30424,1330
36728,10,11,38951,0
36728,10,11,38581,560
36728,10,11,38211,770
36728,10,11,37841,1050
36728,10,11,37471,1330
26343,10,11,28563,0
26343,10,11,28193,560
26343,10,11,27823,840
26343,10,11,27453,1050
26343,10,11,27083,1330
31165,10,11,32276,0
31165,10,11,31906,560
31165,10,11,31536,840
31165,10,11,31166,1050
31165,10,11,1,1330
31902,10,11,34128,0
31902,10,11,33758,420
31902,10,11,33388,630
31902,10,11,33018,910
31902,10,11,32648,1190
31902,10,11,32278,1400
28569,10,11,31159,0
28569,10,11,30789,350
28569,10,11,30419,630
28569,10,11,30049,840
28569,10,11,29679,1120
28569,10,11,29309,1330
38208,10,11,40435,0
38208,10,11,40065,420
38208,10,11,39695,700
38208,10,11,39325,910
38208,10,11,38955,1190
38208,10,11,38585,1470
28938,10,11,30420,0
28938,10,11,30050,420
28938,10,11,29680,700
28938,10,11,29310,910
28938,10,11,28940,1190
28938,10,11,1,1400
35244,10,11,37837,0
35244,10,11,37467,420
35244,10,11,37097,700
35244,10,11,36727,910
35244,10,11,36357,1190
35244,10,11,35987,1470
41919,10,11,44145,0
41919,10,11,43775,350
41919,10,11,43405,630
41919,10,11,43035,840
41919,10,11,42665,1120
41919,10,11,42295,1400
33017,10,11,35611,0
33017,10,11,35241,420
33017,10,11,34871,630
33017,10,11,34501,910
33017,10,11,34131,1120
33017,10,11,33761,1400
39323,10,11,41178,0
39323,10,11,40808,560
39323,10,11,40438,840
39323,10,11,40068,1050
39323,10,11,39698,1330
33760,10,11,36353,0
33760,10,11,35983,420
33760,10,11,35613,630
33760,10,11,35243,910
33760,10,11,34873,1120
33760,10,11,34503,1400
31533,10,11,34127,0
31533,10,11,33757,420
31533,10,11,33387,630
31533,10,11,33017,910
31533,10,11,32647,1120
31533,10,11,32277,1400
37839,10,11,39694,0
37839,10,11,39324,560
37839,10,11,38954,840
37839,10,11,38584,1050
37839,10,11,38214,1330
29309,10,11,30791,0
29309,10,11,30421,420
29309,10,11,30051,700
29309,10,11,29681,910
29309,10,11,29311,1190
29309,10,11,1,1400
35615,10,11,38208,0
35615,10,11,37838,420
35615,10,11,37468,700
35615,10,11,37098,910
35615,10,11,36728,1190
35615,10,11,36358,1470
34875,10,11,35986,0
34875,10,11,35616,560
34875,10,11,35246,770
34875,10,11,34876,1050
34875,10,11,1,1260
37102,10,11,39322,0
37102,10,11,38952,560
37102,10,11,38582,840
37102,10,11,38212,1050
37102,10,11,37842,1330
27082,10,11,28935,0
27082,10,11,28565,560
27082,10,11,28195,840
27082,10,11,27825,1050
27082,10,11,27455,1330
33388,10,11,35982,0
33388,10,11,35612,420
33388,10,11,35242,630
33388,10,11,34872,910
33388,10,11,34502,1120
33388,10,11,34132,1400
30046,10,11,31903,0
30046,10,11,31533,560
30046,10,11,31163,770
30046,10,11,30793,1050
30046,10,11,30423,1330
30424,10,11,33014,0
30424,10,11,32644,420
30424,10,11,32274,630
30424,10,11,31904,910
30424,10,11,31534,1120
30424,10,11,31164,1400
36730,10,11,37841,0
36730,10,11,37471,420
36730,10,11,37101,700
36730,10,11,36731,910
36730,10,11,1,1190
31904,10,11,34498,0
31904,10,11,34128,420
31904,10,11,33758,630
31904,10,11,33388,910
31904,10,11,33018,1120
31904,10,11,32648,1400
38210,10,11,40065,0
38210,10,11,39695,560
38210,10,11,39325,840
38210,10,11,38955,1050
38210,10,11,38585,1330
32273,10,11,34499,0
32273,10,11,34129,420
32273,10,11,33759,700
32273,10,11,33389,910
32273,10,11,33019,1190
32273,10,11,32649,1400
28940,10,11,31530,0
28940,10,11,31160,350
28940,10,11,30790,630
28940,10,11,30420,840
28940,10,11,30050,1120
28940,10,11,29680,1330
29677,10,11,31532,0
29677,10,11,31162,560
29677,10,11,30792,770
29677,10,11,30422,1050
29677,10,11,30052,1260
35983,10,11,38209,0
35983,10,11,37839,420
35983,10,11,37469,630
35983,10,11,37099,910
35983,10,11,36729,1190
35983,10,11,36359,1400
38579,10,11,40806,0
38579,10,11,40436,420
38579,10,11,40066,700
38579,10,11,39696,910
38579,10,11,39326,1190
38579,10,11,38956,1470
35246,10,11,36357,0
35246,10,11,35987,560
35246,10,11,35617,840
35246,10,11,35247,1050
35246,10,11,1,1330
33019,10,11,34871,0
33019,10,11,34501,420
33019,10,11,34131,630
33019,10,11,33761,910
33019,10,11,33391,1120
33019,10,11,33021,1400
27822,10,11,29677,0
27822,10,11,29307,350
27822,10,11,28937,630
27822,10,11,28567,840
27822,10,11,28197,1120
27822,10,11,27827,1400
39325,10,11,41548,0
39325,10,11,41178,560
39325,10,11,40808,770
39325,10,11,40438,1050
39325,10,11,40068,1330
27456,10,11,30046,0
27456,10,11,29676,420
27456,10,11,29306,630
27456,10,11,28936,910
27456,10,11,28566,1120
27456,10,11,28196,1400
33762,10,11,34873,0
33762,10,11,34503,560
33762,10,11,34133,770
33762,10,11,33763,1050
33762,10,11,1,1260
34499,10,11,36725,0
34499,10,11,36355,420
34499,10,11,35985,700
34499,10,11,35615,910
34499,10,11,35245,1190
34499,10,11,34875,1400
37095,10,11,39322,0
37095,10,11,38952,420
37095,10,11,38582,700
37095,10,11,38212,910
37095,10,11,37842,1190
37095,10,11,37472,1470
40437,10,11,42661,0
40437,10,11,42291,560
40437,10,11,41921,770
40437,10,11,41551,1050
40437,10,11,41181,1330
31535,10,11,33387,0
31535,10,11,33017,350
31535,10,11,32647,630
31535,10,11,32277,910
31535,10,11,31907,1120
31535,10,11,31537,1400
37841,10,11,40064,0
37841,10,11,39694,560
37841,10,11,39324,770
37841,10,11,38954,1050
37841,10,11,38584,1330
29311,10,11,31901,0
29311,10,11,31531,350
29311,10,11,31161,630
29311,10,11,30791,840
29311,10,11,30421,1120
29311,10,11,30051,1330
32644,10,11,34870,0
32644,10,11,34500,420
32644,10,11,34130,700
32644,10,11,33760,910
32644,10,11,33390,1190
32644,10,11,33020,1400
28193,10,11,30048,0
28193,10,11,29678,350
28193,10,11,29308,560
28193,10,11,28938,840
28193,10,11,28568,1120
28193,10,11,28198,1330
30417,10,11,32274,0
30417,10,11,31904,560
30417,10,11,31534,770
30417,10,11,31164,1050
30417,10,11,30794,1330
27084,10,11,28195,0
27084,10,11,27825,420
27084,10,11,27455,630
27084,10,11,27085,910
27084,10,11,1,1120
40065,10,11,41920,0
40065,10,11,41550,560
40065,10,11,41180,840
40065,10,11,40810,1050
40065,10,11,40440,1330
36357,10,11,38580,0
36357,10,11,38210,560
36357,10,11,37840,770
36357,10,11,37470,1050
36357,10,11,37100,1330
31160,10,11,33386,0
31160,10,11,33016,420
31160,10,11,32646,700
31160,10,11,32276,910
31160,10,11,31906,1190
31160,10,11,31536,1400
28564,10,11,30049,0
28564,10,11,29679,560
28564,10,11,29309,840
28564,10,11,28939,1050
28564,10,11,28569,1330
31906,10,11,33758,0
31906,10,11,33388,350
31906,10,11,33018,630
31906,10,11,32648,910
31906,10,11,32278,1120
31906,10,11,31908,1400
38212,10,11,40435,0
38212,10,11,40065,560
38212,10,11,39695,770
38212,10,11,39325,1050
38212,10,11,38955,1330
32275,10,11,34869,0
32275,10,11,34499,420
32275,10,11,34129,630
32275,10,11,33759,910
32275,10,11,33389,1120
32275,10,11,33019,1400
38581,10,11,40436,0
38581,10,11,40066,560
38581,10,11,39696,840
38581,10,11,39326,1050
38581,10,11,38956,1330
37472,10,11,38583,0
37472,10,11,38213,420
37472,10,11,37843,700
37472,10,11,37473,910
37472,10,11,1,1190
35985,10,11,38579,0
35985,10,11,38209,350
35985,10,11,37839,630
35985,10,11,37469,840
35985,10,11,37099,1120
35985,10,11,36729,1330
29679,10,11,31902,0
29679,10,11,31532,560
29679,10,11,31162,840
29679,10,11,30792,1050
29679,10,11,30422,1330
33021,10,11,35611,0
33021,10,11,35241,420
33021,10,11,34871,700
33021,10,11,34501,980
33021,10,11,34131,1190
33021,10,11,33761,1470
39327,10,11,40438,0
39327,10,11,40068,420
39327,10,11,39698,700
39327,10,11,39328,910
39327,10,11,1,1190
30791,10,11,33385,0
30791,10,11,33015,350
30791,10,11,32645,630
30791,10,11,32275,840
30791,10,11,31905,1120
30791,10,11,31535,1400
37097,10,11,38952,0
37097,10,11,38582,560
37097,10,11,38212,840
37097,10,11,37842,1050
37097,10,11,37472,1330
28195,10,11,30418,0
28195,10,11,30048,420
28195,10,11,29678,630
28195,10,11,29308,910
28195,10,11,28938,1120
28195,10,11,28568,1400
34501,10,11,37095,0
34501,10,11,36725,420
34501,10,11,36355,630
34501,10,11,35985,910
34501,10,11,35615,1120
34501,10,11,35245,1400
34133,10,11,35244,0
34133,10,11,34874,560
34133,10,11,34504,770
34133,10,11,34134,1050
34133,10,11,1,1260
40807,10,11,42662,0
40807,10,11,42292,560
40807,10,11,41922,840
40807,10,11,41552,1050
40807,10,11,41182,1330
31537,10,11,34127,0
31537,10,11,33757,490
31537,10,11,33387,700
31537,10,11,33017,980
31537,10,11,32647,1190
31537,10,11,32277,1470
32646,10,11,35240,0
32646,10,11,34870,420
32646,10,11,34500,630
32646,10,11,34130,910
32646,10,11,33760,1120
32646,10,11,33390,1400
37843,10,11,38954,0
37843,10,11,38584,420
37843,10,11,38214,700
37843,10,11,37844,910
37843,10,11,1,1190
34870,10,11,37096,0
34870,10,11,36726,420
34870,10,11,36356,700
34870,10,11,35986,910
34870,10,11,35616,1190
34870,10,11,35246,1400
40439,10,11,41921,0
40439,10,11,41551,560
40439,10,11,41181,770
40439,10,11,40811,1050
40439,10,11,40441,1260
30419,10,11,32274,0
30419,10,11,31904,560
30419,10,11,31534,770
30419,10,11,31164,1050
30419,10,11,30794,1260
30053,10,11,32643,0
30053,10,11,32273,420
30053,10,11,31903,630
30053,10,11,31533,910
30053,10,11,31163,1120
30053,10,11,30793,1400
36359,10,11,37470,0
36359,10,11,37100,420
36359,10,11,36730,700
36359,10,11,36360,910
36359,10,11,1,1190
31162,10,11,33756,0
31162,10,11,33386,420
31162,10,11,33016,630
31162,10,11,32646,910
31162,10,11,32276,1190
31162,10,11,31906,1400
28566,10,11,30789,0
28566,10,11,30419,350
28566,10,11,30049,630
28566,10,11,29679,840
28566,10,11,29309,1120
28566,10,11,28939,1330
28935,10,11,30420,0
28935,10,11,30050,560
28935,10,11,29680,840
28935,10,11,29310,1050
28935,10,11,28940,1330
35241,10,11,37467,0
35241,10,11,37097,490
35241,10,11,36727,700
35241,10,11,36357,980
35241,10,11,35987,1190
35241,10,11,35617,1470
31908,10,11,34498,0
31908,10,11,34128,490
31908,10,11,33758,700
31908,10,11,33388,980
31908,10,11,33018,1190
31908,10,11,32648,1470
32277,10,11,34129,0
32277,10,11,33759,420
32277,10,11,33389,630
32277,10,11,33019,910
32277,10,11,32649,1120
32277,10,11,32279,1400
38583,10,11,40806,0
38583,10,11,40436,560
38583,10,11,40066,770
38583,10,11,39696,1050
38583,10,11,39326,1330
29681,10,11,30792,0
29681,10,11,30422,490
29681,10,11,30052,700
29681,10,11,29682,980
29681,10,11,1,1190
33014,10,11,35241,0
33014,10,11,34871,490
33014,10,11,34501,770
33014,10,11,34131,980
33014,10,11,33761,1260
33757,10,11,35983,0
33757,10,11,35613,420
33757,10,11,35243,700
33757,10,11,34873,910
33757,10,11,34503,1190
33757,10,11,34133,1400
30793,10,11,32645,0
30793,10,11,32275,420
30793,10,11,31905,630
30793,10,11,31535,910
30793,10,11,31165,1120
30793,10,11,30795,1400
37099,10,11,39322,0
37099,10,11,38952,560
37099,10,11,38582,770
37099,10,11,38212,1050
37099,10,11,37842,1330
28197,10,11,29308,0
28197,10,11,28938,490
28197,10,11,28568,700
28197,10,11,28198,980
28197,10,11,1,1190
34503,10,11,36355,0
34503,10,11,35985,420
34503,10,11,35615,630
34503,10,11,35245,910
34503,10,11,34875,1120
34503,10,11,34505,1400
40809,10,11,43032,0
40809,10,11,42662,560
40809,10,11,42292,770
40809,10,11,41922,1050
40809,10,11,41552,1330
34872,10,11,37466,0
34872,10,11,37096,420
34872,10,11,36726,630
34872,10,11,36356,910
34872,10,11,35986,1120
34872,10,11,35616,1400
41178,10,11,43033,0
41178,10,11,42663,560
41178,10,11,42293,840
41178,10,11,41923,1050
41178,10,11,41553,1330
31530,10,11,33757,0
31530,10,11,33387,490
31530,10,11,33017,770
31530,10,11,32647,980
31530,10,11,32277,1260
31530,10,11,31907,1470
26713,10,11,27824,0
26713,10,11,27454,420
26713,10,11,27084,630
26713,10,11,26714,910
26713,10,11,1,1190
39694,10,11,41549,0
39694,10,11,41179,560
39694,10,11,40809,840
39694,10,11,40439,1050
39694,10,11,40069,1330
31164,10,11,33016,0
31164,10,11,32646,420
31164,10,11,32276,700
31164,10,11,31906,910
31164,10,11,31536,1190
31164,10,11,31166,1400
31901,10,11,34128,0
31901,10,11,33758,490
31901,10,11,33388,770
31901,10,11,33018,980
31901,10,11,32648,1260
31901,10,11,32278,1470
37467,10,11,39693,0
37467,10,11,39323,350
37467,10,11,38953,630
37467,10,11,38583,840
37467,10,11,38213,1120
37467,10,11,37843,1330
28937,10,11,31160,0
28937,10,11,30790,350
28937,10,11,30420,630
28937,10,11,30050,840
28937,10,11,29680,1120
28937,10,11,29310,1330
35243,10,11,37837,0
35243,10,11,37467,420
35243,10,11,37097,700
35243,10,11,36727,910
35243,10,11,36357,1190
35243,10,11,35987,1470
32279,10,11,34869,0
32279,10,11,34499,490
32279,10,11,34129,700
32279,10,11,33759,980
32279,10,11,33389,1190
32279,10,11,33019,1470
33016,10,11,35241,0
33016,10,11,34871,420
33016,10,11,34501,700
33016,10,11,34131,910
33016,10,11,33761,1190
33016,10,11,33391,1400
38585,10,11,39696,0
38585,10,11,39326,420
38585,10,11,38956,700
38585,10,11,38586,910
38585,10,11,1,1190
27453,10,11,29676,0
27453,10,11,29306,420
27453,10,11,28936,700
27453,10,11,28566,910
27453,10,11,28196,1190
27453,10,11,27826,1400
33759,10,11,36353,0
33759,10,11,35983,420
33759,10,11,35613,630
33759,10,11,35243,910
33759,10,11,34873,1120
33759,10,11,34503,1400
34128,10,11,36354,0
34128,10,11,35984,420
34128,10,11,35614,700
34128,10,11,35244,910
34128,10,11,34874,1190
34128,10,11,34504,1400
30795,10,11,33385,0
30795,10,11,33015,420
30795,10,11,32645,700
30795,10,11,32275,980
30795,10,11,31905,1190
30795,10,11,31535,1470
37101,10,11,38212,0
37101,10,11,37842,420
37101,10,11,37472,700
37101,10,11,37102,910
37101,10,11,1,1190
37838,10,11,40064,0
37838,10,11,39694,350
37838,10,11,39324,630
37838,10,11,38954,840
37838,10,11,38584,1120
37838,10,11,38214,1330
31532,10,11,33757,0
31532,10,11,33387,420
31532,10,11,33017,630
31532,10,11,32647,910
31532,10,11,32277,1120
31532,10,11,31907,1400
34505,10,11,37095,0
34505,10,11,36725,420
34505,10,11,36355,700
34505,10,11,35985,980
34505,10,11,35615,1190
34505,10,11,35245,1470
34874,10,11,36726,0
34874,10,11,36356,420
34874,10,11,35986,630
34874,10,11,35616,910
34874,10,11,35246,1120
34874,10,11,34876,1400
30790,10,11,33015,0
30790,10,11,32645,350
30790,10,11,32275,630
30790,10,11,31905,910
30790,10,11,31535,1120
30790,10,11,31165,1400
35617,11,12,36728,0
35617,11,12,36358,560
35617,11,12,35988,840
35617,11,12,35618,1050
35617,11,12,1,1330
39696,11,12,41919,0
39696,11,12,41549,560
39696,11,12,41179,770
39696,11,12,40809,1050
39696,11,12,40439,1330
28939,11,12,30050,0
28939,11,12,29680,420
28939,11,12,29310,700
28939,11,12,28940,910
28939,11,12,1,1190
43775,11,12,46000,0
43775,11,12,45630,560
43775,11,12,45260,770
43775,11,12,44890,1050
43775,11,12,44520,1260
34130,11,12,36724,0
34130,11,12,36354,420
34130,11,12,35984,630
34130,11,12,35614,910
34130,11,12,35244,1120
34130,11,12,34874,1400
41182,11,12,42293,0
41182,11,12,41923,420
41182,11,12,41553,700
41182,11,12,41183,910
41182,11,12,1,1190
30050,11,12,32273,0
30050,11,12,31903,560
30050,11,12,31533,840
30050,11,12,31163,1050
30050,11,12,30793,1330
38580,11,12,40806,0
38580,11,12,40436,350
38580,11,12,40066,630
38580,11,12,39696,840
38580,11,12,39326,1120
38580,11,12,38956,1330
38214,11,12,39325,0
38214,11,12,38955,420
38214,11,12,38585,700
38214,11,12,38215,910
38214,11,12,1,1190
42293,11,12,44516,0
42293,11,12,44146,560
42293,11,12,43776,840
42293,11,12,43406,1050
42293,11,12,43036,1330
34500,11,12,36725,0
34500,11,12,36355,420
34500,11,12,35985,700
34500,11,12,35615,910
34500,11,12,35245,1190
34500,11,12,34875,1400
31536,11,12,32647,0
31536,11,12,32277,560
31536,11,12,31907,770
31536,11,12,31537,1050
31536,11,12,1,1260
35612,11,12,37838,0
35612,11,12,37468,490
35612,11,12,37098,700
35612,11,12,36728,980
35612,11,12,36358,1190
35612,11,12,35988,1470
32648,11,12,34500,0
32648,11,12,34130,420
32648,11,12,33760,630
32648,11,12,33390,910
32648,11,12,33020,1120
32648,11,12,32650,1400
36727,11,12,38951,0
36727,11,12,38581,560
36727,11,12,38211,770
36727,11,12,37841,1050
36727,11,12,37471,1330
28934,11,12,30420,0
28934,11,12,30050,560
28934,11,12,29680,770
28934,11,12,29310,1050
28934,11,12,28940,1260
28568,11,12,29679,0
28568,11,12,29309,420
28568,11,12,28939,700
28568,11,12,28569,910
28568,11,12,1,1190
37098,11,12,39322,0
37098,11,12,38952,560
37098,11,12,38582,770
37098,11,12,38212,1050
37098,11,12,37842,1330
34134,11,12,36724,0
34134,11,12,36354,420
34134,11,12,35984,700
34134,11,12,35614,980
34134,11,12,35244,1190
34134,11,12,34874,1470
41177,11,12,43403,0
41177,11,12,43033,350
41177,11,12,42663,630
41177,11,12,42293,840
41177,11,12,41923,1120
41177,11,12,41553,1330
40811,11,12,41922,0
40811,11,12,41552,420
40811,11,12,41182,700
40811,11,12,40812,910
40811,11,12,1,1190
38209,11,12,40435,0
38209,11,12,40065,350
38209,11,12,39695,630
38209,11,12,39325,840
38209,11,12,38955,1120
38209,11,12,38585,1330
35245,11,12,37097,0
35245,11,12,36727,420
35245,11,12,36357,700
35245,11,12,35987,910
35245,11,12,35617,1190
35245,11,12,35247,1400
39324,11,12,41548,0
39324,11,12,41178,560
39324,11,12,40808,770
39324,11,12,40438,1050
39324,11,12,40068,1330
31531,11,12,33757,0
31531,11,12,33387,420
31531,11,12,33017,630
31531,11,12,32647,910
31531,11,12,32277,1190
31531,11,12,31907,1400
32643,11,12,34870,0
32643,11,12,34500,490
32643,11,12,34130,770
32643,11,12,33760,1050
32643,11,12,33390,1260
35616,11,12,37468,0
35616,11,12,37098,420
35616,11,12,36728,700
35616,11,12,36358,910
35616,11,12,35988,1190
35616,11,12,35618,1400
39695,11,12,41919,0
39695,11,12,41549,560
39695,11,12,41179,770
39695,11,12,40809,1050
39695,11,12,40439,1330
36731,11,12,38951,0
36731,11,12,38581,560
36731,11,12,38211,840
36731,11,12,37841,1050
36731,11,12,37471,1330
43774,11,12,46000,0
43774,11,12,45630,560
43774,11,12,45260,770
43774,11,12,44890,1050
43774,11,12,44520,1330
28563,11,12,30049,0
28563,11,12,29679,560
28563,11,12,29309,770
28563,11,12,28939,1050
28563,11,12,28569,1260
29678,11,12,31902,0
29678,11,12,31532,560
29678,11,12,31162,770
29678,11,12,30792,1050
29678,11,12,30422,1330
34129,11,12,36354,0
34129,11,12,35984,420
34129,11,12,35614,700
34129,11,12,35244,910
34129,11,12,34874,1190
34129,11,12,34504,1400
40806,11,12,43032,0
40806,11,12,42662,350
40806,11,12,42292,630
40806,11,12,41922,840
40806,11,12,41552,1120
40806,11,12,41182,1330
30049,11,12,32273,0
30049,11,12,31903,560
30049,11,12,31533,770
30049,11,12,31163,1050
30049,11,12,30793,1330
27085,11,12,29305,0
27085,11,12,28935,560
27085,11,12,28565,840
27085,11,12,28195,1050
27085,11,12,27825,1330
35240,11,12,37467,0
35240,11,12,37097,560
35240,11,12,36727,770
35240,11,12,36357,1050
35240,11,12,35987,1330
38213,11,12,39695,0
38213,11,12,39325,560
38213,11,12,38955,770
38213,11,12,38585,1050
38213,11,12,38215,1260
42292,11,12,44516,0
42292,11,12,44146,560
42292,11,12,43776,840
42292,11,12,43406,1050
42292,11,12,43036,1330
39328,11,12,41548,0
39328,11,12,41178,560
39328,11,12,40808,840
39328,11,12,40438,1050
39328,11,12,40068,1330
35611,11,12,37838,0
35611,11,12,37468,560
35611,11,12,37098,770
35611,11,12,36728,1050
35611,11,12,36358,1330
32647,11,12,35240,0
32647,11,12,34870,420
32647,11,12,34500,630
32647,11,12,34130,910
32647,11,12,33760,1120
32647,11,12,33390,1400
36726,11,12,38581,0
36726,11,12,38211,560
36726,11,12,37841,840
36726,11,12,37471,1050
36726,11,12,37101,1330
28567,11,12,30049,0
28567,11,12,29679,420
28567,11,12,29309,700
28567,11,12,28939,910
28567,11,12,28569,1190
28567,11,12,1,1400
29682,11,12,32272,0
29682,11,12,31902,420
29682,11,12,31532,630
29682,11,12,31162,910
29682,11,12,30792,1120
29682,11,12,30422,1400
37837,11,12,40064,0
37837,11,12,39694,420
37837,11,12,39324,700
37837,11,12,38954,910
37837,11,12,38584,1190
37837,11,12,38214,1470
40810,11,12,42292,0
40810,11,12,41922,560
40810,11,12,41552,770
40810,11,12,41182,1050
40810,11,12,40812,1260
31165,11,12,32276,0
31165,11,12,31906,560
31165,11,12,31536,840
31165,11,12,31166,1050
31165,11,12,1,1330
38208,11,12,40435,0
38208,11,12,40065,420
38208,11,12,39695,700
38208,11,12,39325,910
38208,11,12,38955,1190
38208,11,12,38585,1470
35244,11,12,37837,0
35244,11,12,37467,420
35244,11,12,37097,700
35244,11,12,36727,910
35244,11,12,36357,1190
35244,11,12,35987,1470
39323,11,12,41178,0
39323,11,12,40808,560
39323,11,12,40438,840
39323,11,12,40068,1050
39323,11,12,39698,1330
35615,11,12,38208,0
35615,11,12,37838,420
35615,11,12,37468,700
35615,11,12,37098,910
35615,11,12,36728,1190
35615,11,12,36358,1470
36730,11,12,37841,0
36730,11,12,37471,420
36730,11,12,37101,700
36730,11,12,36731,910
36730,11,12,1,1190
29677,11,12,31532,0
29677,11,12,31162,560
29677,11,12,30792,770
29677,11,12,30422,1050
29677,11,12,30052,1260
41921,11,12,44145,0
41921,11,12,43775,560
41921,11,12,43405,840
41921,11,12,43035,1050
41921,11,12,42665,1330
33762,11,12,34873,0
33762,11,12,34503,560
33762,11,12,34133,770
33762,11,12,33763,1050
33762,11,12,1,1260
37841,11,12,40064,0
37841,11,12,39694,560
37841,11,12,39324,770
37841,11,12,38954,1050
37841,11,12,38584,1330
27084,11,12,28195,0
27084,11,12,27825,420
27084,11,12,27455,630
27084,11,12,27085,910
27084,11,12,1,1120
31160,11,12,33386,0
31160,11,12,33016,420
31160,11,12,32646,700
31160,11,12,32276,910
31160,11,12,31906,1190
31160,11,12,31536,1400
38212,11,12,40435,0
38212,11,12,40065,560
38212,11,12,39695,770
38212,11,12,39325,1050
38212,11,12,38955,1330
32275,11,12,34869,0
32275,11,12,34499,420
32275,11,12,34129,630
32275,11,12,33759,910
32275,11,12,33389,1120
32275,11,12,33019,1400
39327,11,12,40438,0
39327,11,12,40068,420
39327,11,12,39698,700
39327,11,12,39328,910
39327,11,12,1,1190
43403,11,12,45629,0
43403,11,12,45259,560
43403,11,12,44889,770
43403,11,12,44519,1050
43403,11,12,44149,1330
28195,11,12,30418,0
28195,11,12,30048,420
28195,11,12,29678,630
28195,11,12,29308,910
28195,11,12,28938,1120
28195,11,12,28568,1400
40439,11,12,41921,0
40439,11,12,41551,560
40439,11,12,41181,770
40439,11,12,40811,1050
40439,11,12,40441,1260
32646,11,12,35240,0
32646,11,12,34870,420
32646,11,12,34500,630
32646,11,12,34130,910
32646,11,12,33760,1120
32646,11,12,33390,1400
36359,11,12,37470,0
36359,11,12,37100,420
36359,11,12,36730,700
36359,11,12,36360,910
36359,11,12,1,1190
28566,11,12,30789,0
28566,11,12,30419,350
28566,11,12,30049,630
28566,11,12,29679,840
28566,11,12,29309,1120
28566,11,12,28939,1330
29681,11,12,30792,0
29681,11,12,30422,490
29681,11,12,30052,700
29681,11,12,29682,980
29681,11,12,1,1190
33757,11,12,35983,0
33757,11,12,35613,420
33757,11,12,35243,700
33757,11,12,34873,910
33757,11,12,34503,1190
33757,11,12,34133,1400
30793,11,12,32645,0
30793,11,12,32275,420
30793,11,12,31905,630
30793,11,12,31535,910
30793,11,12,31165,1120
30793,11,12,30795,1400
40809,11,12,43032,0
40809,11,12,42662,560
40809,11,12,42292,770
40809,11,12,41922,1050
40809,11,12,41552,1330
34872,11,12,37466,0
34872,11,12,37096,420
34872,11,12,36726,630
34872,11,12,36356,910
34872,11,12,35986,1120
34872,11,12,35616,1400
31164,11,12,33016,0
31164,11,12,32646,420
31164,11,12,32276,700
31164,11,12,31906,910
31164,11,12,31536,1190
31164,11,12,31166,1400
35243,11,12,37837,0
35243,11,12,37467,420
35243,11,12,37097,700
35243,11,12,36727,910
35243,11,12,36357,1190
35243,11,12,35987,1470
32279,11,12,34869,0
32279,11,12,34499,490
32279,11,12,34129,700
32279,11,12,33759,980
32279,11,12,33389,1190
32279,11,12,33019,1470
36354,11,12,38580,0
36354,11,12,38210,350
36354,11,12,37840,630
36354,11,12,37470,840
36354,11,12,37100,1120
36354,11,12,36730,1330
33390,11,12,35242,0
33390,11,12,34872,420
33390,11,12,34502,630
33390,11,12,34132,910
33390,11,12,33762,1120
33390,11,12,33392,1400
37469,11,12,39693,0
37469,11,12,39323,560
37469,11,12,38953,770
37469,11,12,38583,1050
37469,11,12,38213,1330
41920,11,12,44145,0
41920,11,12,43775,350
41920,11,12,43405,630
41920,11,12,43035,840
41920,11,12,42665,1120
41920,11,12,42295,1330
30788,11,12,33015,0
30788,11,12,32645,420
30788,11,12,32275,630
30788,11,12,31905,910
30788,11,12,31535,1120
30788,11,12,31165,1400
33761,11,12,35613,0
33761,11,12,35243,420
33761,11,12,34873,630
33761,11,12,34503,910
33761,11,12,34133,1120
33761,11,12,33763,1400
27824,11,12,30047,0
27824,11,12,29677,420
27824,11,12,29307,700
27824,11,12,28937,910
27824,11,12,28567,1190
27824,11,12,28197,1400
37840,11,12,40064,0
37840,11,12,39694,560
37840,11,12,39324,770
37840,11,12,38954,1050
37840,11,12,38584,1330
34876,11,12,37466,0
34876,11,12,37096,420
34876,11,12,36726,700
34876,11,12,36356,980
34876,11,12,35986,1190
34876,11,12,35616,1470
38952,11,12,40807,0
38952,11,12,40437,560
38952,11,12,40067,840
38952,11,12,39697,1050
38952,11,12,39327,1330
31159,11,12,33386,0
31159,11,12,33016,490
31159,11,12,32646,770
31159,11,12,32276,1050
31159,11,12,31906,1260
40067,11,12,42290,0
40067,11,12,41920,560
40067,11,12,41550,770
40067,11,12,41180,1050
40067,11,12,40810,1330
32274,11,12,34499,0
32274,11,12,34129,420
32274,11,12,33759,700
32274,11,12,33389,910
32274,11,12,33019,1190
32274,11,12,32649,1400
35987,11,12,37839,0
35987,11,12,37469,350
35987,11,12,37099,560
35987,11,12,36729,840
35987,11,12,36359,1120
35987,11,12,35989,1330
28194,11,12,30418,0
28194,11,12,30048,350
28194,11,12,29678,630
28194,11,12,29308,840
28194,11,12,28938,1120
28194,11,12,28568,1330
40438,11,12,42661,0
40438,11,12,42291,560
40438,11,12,41921,770
40438,11,12,41551,1050
40438,11,12,41181,1330
29306,11,12,30791,0
29306,11,12,30421,560
29306,11,12,30051,840
29306,11,12,29681,1050
29306,11,12,29311,1330
33385,11,12,35612,0
33385,11,12,35242,490
33385,11,12,34872,770
33385,11,12,34502,980
33385,11,12,34132,1260
36358,11,12,37840,0
36358,11,12,37470,560
36358,11,12,37100,770
36358,11,12,36730,1050
36358,11,12,36360,1260
30421,11,12,32644,0
30421,11,12,32274,560
30421,11,12,31904,840
30421,11,12,31534,1050
30421,11,12,31164,1330
37473,11,12,39693,0
37473,11,12,39323,560
37473,11,12,38953,840
37473,11,12,38583,1050
37473,11,12,38213,1330
41549,11,12,43774,0
41549,11,12,43404,350
41549,11,12,43034,630
41549,11,12,42664,840
41549,11,12,42294,1120
41549,11,12,41924,1330
33756,11,12,35983,0
33756,11,12,35613,490
33756,11,12,35243,770
33756,11,12,34873,980
33756,11,12,34503,1260
30792,11,12,33385,0
30792,11,12,33015,420
30792,11,12,32645,630
30792,11,12,32275,910
30792,11,12,31905,1120
30792,11,12,31535,1400
42664,11,12,44887,0
42664,11,12,44517,560
42664,11,12,44147,840
42664,11,12,43777,1050
42664,11,12,43407,1330
34871,11,12,37096,0
34871,11,12,36726,420
34871,11,12,36356,700
34871,11,12,35986,910
34871,11,12,35616,1190
34871,11,12,35246,1400
38956,11,12,40067,0
38956,11,12,39697,420
38956,11,12,39327,700
38956,11,12,38957,910
38956,11,12,1,1190
43035,11,12,45258,0
43035,11,12,44888,560
43035,11,12,44518,840
43035,11,12,44148,1050
43035,11,12,43778,1330
31903,11,12,34128,0
31903,11,12,33758,420
31903,11,12,33388,630
31903,11,12,33018,910
31903,11,12,32648,1120
31903,11,12,32278,1400
35982,11,12,38209,0
35982,11,12,37839,490
35982,11,12,37469,770
35982,11,12,37099,980
35982,11,12,36729,1260
35982,11,12,36359,1470
33018,11,12,35611,0
33018,11,12,35241,420
33018,11,12,34871,630
33018,11,12,34501,910
33018,11,12,34131,1120
33018,11,12,33761,1400
29310,11,12,30421,0
29310,11,12,30051,420
29310,11,12,29681,700
29310,11,12,29311,910
29310,11,12,1,1190
36353,11,12,38580,0
36353,11,12,38210,420
36353,11,12,37840,700
36353,11,12,37470,910
36353,11,12,37100,1190
36353,11,12,36730,1470
33389,11,12,35982,0
33389,11,12,35612,420
33389,11,12,35242,630
33389,11,12,34872,910
33389,11,12,34502,1120
33389,11,12,34132,1400
37468,11,12,39323,0
37468,11,12,38953,560
37468,11,12,38583,840
37468,11,12,38213,1050
37468,11,12,37843,1330
41553,11,12,42664,0
41553,11,12,42294,420
41553,11,12,41924,700
41553,11,12,41554,980
41553,11,12,1,1190
27823,11,12,30047,0
27823,11,12,29677,420
27823,11,12,29307,630
27823,11,12,28937,910
27823,11,12,28567,1120
27823,11,12,28197,1400
38951,11,12,41177,0
38951,11,12,40807,350
38951,11,12,40437,630
38951,11,12,40067,840
38951,11,12,39697,1120
38951,11,12,39327,1330
40066,11,12,42290,0
40066,11,12,41920,560
40066,11,12,41550,770
40066,11,12,41180,1050
40066,11,12,40810,1330
31907,11,12,33018,0
31907,11,12,32648,560
31907,11,12,32278,770
31907,11,12,31908,1050
31907,11,12,1,1260
35986,11,12,38579,0
35986,11,12,38209,350
35986,11,12,37839,630
35986,11,12,37469,840
35986,11,12,37099,1120
35986,11,12,36729,1330
29305,11,12,30791,0
29305,11,12,30421,560
29305,11,12,30051,770
29305,11,12,29681,1050
29305,11,12,29311,1260
30420,11,12,32644,0
30420,11,12,32274,560
30420,11,12,31904,770
30420,11,12,31534,1050
30420,11,12,31164,1330
41548,11,12,43774,0
41548,11,12,43404,350
41548,11,12,43034,630
41548,11,12,42664,840
41548,11,12,42294,1120
41548,11,12,41924,1400
38584,11,12,40066,0
38584,11,12,39696,560
38584,11,12,39326,770
38584,11,12,38956,1050
38584,11,12,38586,1260
27827,11,12,30417,0
27827,11,12,30047,420
27827,11,12,29677,630
27827,11,12,29307,910
27827,11,12,28937,1120
27827,11,12,28567,1400
42663,11,12,44887,0
42663,11,12,44517,560
42663,11,12,44147,840
42663,11,12,43777,1050
42663,11,12,43407,1330
34504,11,12,35615,0
34504,11,12,35245,560
34504,11,12,34875,770
34504,11,12,34505,1050
34504,11,12,1,1260
38955,11,12,40437,0
38955,11,12,40067,560
38955,11,12,39697,770
38955,11,12,39327,1050
38955,11,12,38957,1260
43034,11,12,45258,0
43034,11,12,44888,560
43034,11,12,44518,840
43034,11,12,44148,1050
43034,11,12,43778,1330
40070,11,12,42290,0
40070,11,12,41920,560
40070,11,12,41550,840
40070,11,12,41180,1050
40070,11,12,40810,1330
31902,11,12,34128,0
31902,11,12,33758,420
31902,11,12,33388,630
31902,11,12,33018,910
31902,11,12,32648,1190
31902,11,12,32278,1400
28938,11,12,30420,0
28938,11,12,30050,420
28938,11,12,29680,700
28938,11,12,29310,910
28938,11,12,28940,1190
28938,11,12,1,1400
33017,11,12,35611,0
33017,11,12,35241,420
33017,11,12,34871,630
33017,11,12,34501,910
33017,11,12,34131,1120
33017,11,12,33761,1400
37102,11,12,39322,0
37102,11,12,38952,560
37102,11,12,38582,840
37102,11,12,38212,1050
37102,11,12,37842,1330
29309,11,12,30791,0
29309,11,12,30421,420
29309,11,12,30051,700
29309,11,12,29681,910
29309,11,12,29311,1190
29309,11,12,1,1400
44145,11,12,46371,0
44145,11,12,46001,560
44145,11,12,45631,770
44145,11,12,45261,1050
44145,11,12,44891,1330
41181,11,12,42663,0
41181,11,12,42293,560
41181,11,12,41923,770
41181,11,12,41553,1050
41181,11,12,41183,1260
33388,11,12,35982,0
33388,11,12,35612,420
33388,11,12,35242,630
33388,11,12,34872,910
33388,11,12,34502,1120
33388,11,12,34132,1400
30424,11,12,33014,0
30424,11,12,32644,420
30424,11,12,32274,630
30424,11,12,31904,910
30424,11,12,31534,1120
30424,11,12,31164,1400
38579,11,12,40806,0
38579,11,12,40436,420
38579,11,12,40066,700
38579,11,12,39696,910
38579,11,12,39326,1190
38579,11,12,38956,1470
41552,11,12,43034,0
41552,11,12,42664,560
41552,11,12,42294,840
41552,11,12,41924,1050
41552,11,12,41554,1330
27456,11,12,30046,0
27456,11,12,29676,420
27456,11,12,29306,630
27456,11,12,28936,910
27456,11,12,28566,1120
27456,11,12,28196,1400
34499,11,12,36725,0
34499,11,12,36355,420
34499,11,12,35985,700
34499,11,12,35615,910
34499,11,12,35245,1190
34499,11,12,34875,1400
31535,11,12,33387,0
31535,11,12,33017,350
31535,11,12,32647,630
31535,11,12,32277,910
31535,11,12,31907,1120
31535,11,12,31537,1400
40065,11,12,41920,0
40065,11,12,41550,560
40065,11,12,41180,840
40065,11,12,40810,1050
40065,11,12,40440,1330
39699,11,12,41919,0
39699,11,12,41549,560
39699,11,12,41179,840
39699,11,12,40809,1050
39699,11,12,40439,1330
31906,11,12,33758,0
31906,11,12,33388,350
31906,11,12,33018,630
31906,11,12,32648,910
31906,11,12,32278,1120
31906,11,12,31908,1400
35985,11,12,38579,0
35985,11,12,38209,350
35985,11,12,37839,630
35985,11,12,37469,840
35985,11,12,37099,1120
35985,11,12,36729,1330
33021,11,12,35611,0
33021,11,12,35241,420
33021,11,12,34871,700
33021,11,12,34501,980
33021,11,12,34131,1190
33021,11,12,33761,1470
37097,11,12,38952,0
37097,11,12,38582,560
37097,11,12,38212,840
37097,11,12,37842,1050
37097,11,12,37472,1330
34133,11,12,35244,0
34133,11,12,34874,560
34133,11,12,34504,770
34133,11,12,34134,1050
34133,11,12,1,1260
30419,11,12,32274,0
30419,11,12,31904,560
30419,11,12,31534,770
30419,11,12,31164,1050
30419,11,12,30794,1260
30053,11,12,32643,0
30053,11,12,32273,420
30053,11,12,31903,630
30053,11,12,31533,910
30053,11,12,31163,1120
30053,11,12,30793,1400
38583,11,12,40806,0
38583,11,12,40436,560
38583,11,12,40066,770
38583,11,12,39696,1050
38583,11,12,39326,1330
42662,11,12,44887,0
42662,11,12,44517,350
42662,11,12,44147,630
42662,11,12,43777,840
42662,11,12,43407,1120
42662,11,12,43037,1330
31530,11,12,33757,0
31530,11,12,33387,490
31530,11,12,33017,770
31530,11,12,32647,980
31530,11,12,32277,1260
31530,11,12,31907,1470
34503,11,12,36355,0
34503,11,12,35985,420
34503,11,12,35615,630
34503,11,12,35245,910
34503,11,12,34875,1120
34503,11,12,34505,1400
39694,11,12,41549,0
39694,11,12,41179,560
39694,11,12,40809,840
39694,11,12,40439,1050
39694,11,12,40069,1330
31901,11,12,34128,0
31901,11,12,33758,490
31901,11,12,33388,770
31901,11,12,33018,980
31901,11,12,32648,1260
31901,11,12,32278,1470
28937,11,12,31160,0
28937,11,12,30790,350
28937,11,12,30420,630
28937,11,12,30050,840
28937,11,12,29680,1120
28937,11,12,29310,1330
33016,11,12,35241,0
33016,11,12,34871,420
33016,11,12,34501,700
33016,11,12,34131,910
33016,11,12,33761,1190
33016,11,12,33391,1400
34128,11,12,36354,0
34128,11,12,35984,420
34128,11,12,35614,700
34128,11,12,35244,910
34128,11,12,34874,1190
34128,11,12,34504,1400
37101,11,12,38212,0
37101,11,12,37842,420
37101,11,12,37472,700
37101,11,12,37102,910
37101,11,12,1,1190
41180,11,12,43403,0
41180,11,12,43033,560
41180,11,12,42663,770
41180,11,12,42293,1050
41180,11,12,41923,1330
30048,11,12,31903,0
30048,11,12,31533,560
30048,11,12,31163,770
30048,11,12,30793,1050
30048,11,12,30423,1260
42291,11,12,44516,0
42291,11,12,44146,350
42291,11,12,43776,630
42291,11,12,43406,840
42291,11,12,43036,1120
42291,11,12,42666,1330
27455,11,12,28566,0
27455,11,12,28196,490
27455,11,12,27826,700
27455,11,12,27456,980
27455,11,12,1,1260
34498,11,12,36725,0
34498,11,12,36355,490
34498,11,12,35985,770
34498,11,12,35615,980
34498,11,12,35245,1260
31534,11,12,34127,0
31534,11,12,33757,420
31534,11,12,33387,630
31534,11,12,33017,910
31534,11,12,32647,1120
31534,11,12,32277,1400
36725,11,12,38951,0
36725,11,12,38581,350
36725,11,12,38211,630
36725,11,12,37841,840
36725,11,12,37471,1120
36725,11,12,37101,1330
39698,11,12,40809,0
39698,11,12,40439,420
39698,11,12,40069,700
39698,11,12,39699,910
39698,11,12,1,1190
37096,11,12,39322,0
37096,11,12,38952,350
37096,11,12,38582,630
37096,11,12,38212,840
37096,11,12,37842,1120
37096,11,12,37472,1330
34132,11,12,35984,0
34132,11,12,35614,420
34132,11,12,35244,630
34132,11,12,34874,910
34132,11,12,34504,1120
34132,11,12,34134,1400
30052,11,12,31163,0
30052,11,12,30793,490
30052,11,12,30423,700
30052,11,12,30053,980
30052,11,12,1,1190
39322,11,12,41548,0
39322,11,12,41178,350
39322,11,12,40808,630
39322,11,12,40438,840
39322,11,12,40068,1120
39322,11,12,39698,1330
42295,11,12,43406,0
42295,11,12,43036,420
42295,11,12,42666,700
42295,11,12,42296,980
42295,11,12,1,1190
35614,11,12,38208,0
35614,11,12,37838,420
35614,11,12,37468,700
35614,11,12,37098,910
35614,11,12,36728,1190
35614,11,12,36358,1470
32650,11,12,35240,0
32650,11,12,34870,490
32650,11,12,34500,700
32650,11,12,34130,980
32650,11,12,33760,1190
32650,11,12,33390,1470
39693,11,12,41919,0
39693,11,12,41549,350
39693,11,12,41179,630
39693,11,12,40809,840
39693,11,12,40439,1120
39693,11,12,40069,1330
36729,11,12,38211,0
36729,11,12,37841,560
36729,11,12,37471,770
36729,11,12,37101,1050
36729,11,12,36731,1260
29676,11,12,31532,0
29676,11,12,31162,490
29676,11,12,30792,770
29676,11,12,30422,980
29676,11,12,30052,1260
34127,11,12,36354,0
34127,11,12,35984,490
34127,11,12,35614,770
34127,11,12,35244,980
34127,11,12,34874,1260
37100,11,12,38582,0
37100,11,12,38212,560
37100,11,12,37842,770
37100,11,12,37472,1050
37100,11,12,37102,1260
30047,11,12,31903,0
30047,11,12,31533,490
30047,11,12,31163,770
30047,11,12,30793,980
30047,11,12,30423,1260
27083,11,12,28565,0
27083,11,12,28195,420
27083,11,12,27825,630
27083,11,12,27455,910
27083,11,12,27085,1120
27083,11,12,1,1400
38211,11,12,40435,0
38211,11,12,40065,560
38211,11,12,39695,770
38211,11,12,39325,1050
38211,11,12,38955,1330
35247,11,12,37837,0
35247,11,12,37467,490
35247,11,12,37097,700
35247,11,12,36727,980
35247,11,12,36357,1190
35247,11,12,35987,1470
42290,11,12,44516,0
42290,11,12,44146,350
42290,11,12,43776,630
42290,11,12,43406,840
42290,11,12,43036,1120
42290,11,12,42666,1400
27454,11,12,28936,0
27454,11,12,28566,490
27454,11,12,28196,770
27454,11,12,27826,980
27454,11,12,27456,1260
27454,11,12,1,1470
39326,11,12,40808,0
39326,11,12,40438,560
39326,11,12,40068,770
39326,11,12,39698,1050
39326,11,12,39328,1260
32645,11,12,34870,0
32645,11,12,34500,420
32645,11,12,34130,700
32645,11,12,33760,910
32645,11,12,33390,1190
32645,11,12,33020,1400
35618,11,12,38208,0
35618,11,12,37838,490
35618,11,12,37468,700
35618,11,12,37098,980
35618,11,12,36728,1190
35618,11,12,36358,1470
36724,11,12,38951,0
36724,11,12,38581,420
36724,11,12,38211,700
36724,11,12,37841,910
36724,11,12,37471,1190
36724,11,12,37101,1470
39697,11,12,41179,0
39697,11,12,40809,560
39697,11,12,40439,770
39697,11,12,40069,1050
39697,11,12,39699,1260
28565,11,12,30419,0
28565,11,12,30049,560
28565,11,12,29679,840
28565,11,12,29309,1050
28565,11,12,28939,1330
29680,11,12,31162,0
29680,11,12,30792,560
29680,11,12,30422,840
29680,11,12,30052,1050
29680,11,12,29682,1330
41924,11,12,43035,0
41924,11,12,42665,420
41924,11,12,42295,700
41924,11,12,41925,980
41924,11,12,1,1190
34131,11,12,36724,0
34131,11,12,36354,420
34131,11,12,35984,630
34131,11,12,35614,910
34131,11,12,35244,1120
34131,11,12,34874,1400
40808,11,12,43032,0
40808,11,12,42662,560
40808,11,12,42292,770
40808,11,12,41922,1050
40808,11,12,41552,1330
37844,11,12,40064,0
37844,11,12,39694,560
37844,11,12,39324,840
37844,11,12,38954,1050
37844,11,12,38584,1330
30051,11,12,31533,0
30051,11,12,31163,560
30051,11,12,30793,840
30051,11,12,30423,1050
30051,11,12,30053,1330
31163,11,12,33756,0
31163,11,12,33386,420
31163,11,12,33016,700
31163,11,12,32646,910
31163,11,12,32276,1190
31163,11,12,31906,1400
35242,11,12,37467,0
35242,11,12,37097,490
35242,11,12,36727,700
35242,11,12,36357,980
35242,11,12,35987,1190
35242,11,12,35617,1470
38215,11,12,40435,0
38215,11,12,40065,560
38215,11,12,39695,840
38215,11,12,39325,1050
38215,11,12,38955,1330
32278,11,12,33389,0
32278,11,12,33019,560
32278,11,12,32649,770
32278,11,12,32279,1050
32278,11,12,1,1260
42294,11,12,43776,0
42294,11,12,43406,560
42294,11,12,43036,840
42294,11,12,42666,1050
42294,11,12,42296,1330
28198,11,12,30788,0
28198,11,12,30418,350
28198,11,12,30048,630
28198,11,12,29678,840
28198,11,12,29308,1120
28198,11,12,28938,1400
35613,11,12,37838,0
35613,11,12,37468,490
35613,11,12,37098,700
35613,11,12,36728,980
35613,11,12,36358,1190
35613,11,12,35988,1470
32649,11,12,33760,0
32649,11,12,33390,560
32649,11,12,33020,770
32649,11,12,32650,1050
32649,11,12,1,1260
36728,11,12,38951,0
36728,11,12,38581,560
36728,11,12,38211,770
36728,11,12,37841,1050
36728,11,12,37471,1330
28569,11,12,31159,0
28569,11,12,30789,350
28569,11,12,30419,630
28569,11,12,30049,840
28569,11,12,29679,1120
28569,11,12,29309,1330
41919,11,12,44145,0
41919,11,12,43775,350
41919,11,12,43405,630
41919,11,12,43035,840
41919,11,12,42665,1120
41919,11,12,42295,1400
33760,11,12,36353,0
33760,11,12,35983,420
33760,11,12,35613,630
33760,11,12,35243,910
33760,11,12,34873,1120
33760,11,12,34503,1400
37839,11,12,39694,0
37839,11,12,39324,560
37839,11,12,38954,840
37839,11,12,38584,1050
37839,11,12,38214,1330
30046,11,12,31903,0
30046,11,12,31533,560
30046,11,12,31163,770
30046,11,12,30793,1050
30046,11,12,30423,1330
34875,11,12,35986,0
34875,11,12,35616,560
34875,11,12,35246,770
34875,11,12,34876,1050
34875,11,12,1,1260
38210,11,12,40065,0
38210,11,12,39695,560
38210,11,12,39325,840
38210,11,12,38955,1050
38210,11,12,38585,1330
32273,11,12,34499,0
32273,11,12,34129,420
32273,11,12,33759,700
32273,11,12,33389,910
32273,11,12,33019,1190
32273,11,12,32649,1400
35246,11,12,36357,0
35246,11,12,35987,560
35246,11,12,35617,840
35246,11,12,35247,1050
35246,11,12,1,1330
39325,11,12,41548,0
39325,11,12,41178,560
39325,11,12,40808,770
39325,11,12,40438,1050
39325,11,12,40068,1330
28193,11,12,30048,0
28193,11,12,29678,350
28193,11,12,29308,560
28193,11,12,28938,840
28193,11,12,28568,1120
28193,11,12,28198,1330
40437,11,12,42661,0
40437,11,12,42291,560
40437,11,12,41921,770
40437,11,12,41551,1050
40437,11,12,41181,1330
32644,11,12,34870,0
32644,11,12,34500,420
32644,11,12,34130,700
32644,11,12,33760,910
32644,11,12,33390,1190
32644,11,12,33020,1400
36357,11,12,38580,0
36357,11,12,38210,560
36357,11,12,37840,770
36357,11,12,37470,1050
36357,11,12,37100,1330
28564,11,12,30049,0
28564,11,12,29679,560
28564,11,12,29309,840
28564,11,12,28939,1050
28564,11,12,28569,1330
37472,11,12,38583,0
37472,11,12,38213,420
37472,11,12,37843,700
37472,11,12,37473,910
37472,11,12,1,1190
29679,11,12,31902,0
29679,11,12,31532,560
29679,11,12,31162,840
29679,11,12,30792,1050
29679,11,12,30422,1330
41923,11,12,43405,0
41923,11,12,43035,560
41923,11,12,42665,840
41923,11,12,42295,1050
41923,11,12,41925,1330
30791,11,12,33385,0
30791,11,12,33015,350
30791,11,12,32645,630
30791,11,12,32275,840
30791,11,12,31905,1120
30791,11,12,31535,1400
40807,11,12,42662,0
40807,11,12,42292,560
40807,11,12,41922,840
40807,11,12,41552,1050
40807,11,12,41182,1330
34870,11,12,37096,0
34870,11,12,36726,420
34870,11,12,36356,700
34870,11,12,35986,910
34870,11,12,35616,1190
34870,11,12,35246,1400
37843,11,12,38954,0
37843,11,12,38584,420
37843,11,12,38214,700
37843,11,12,37844,910
37843,11,12,1,1190
31162,11,12,33756,0
31162,11,12,33386,420
31162,11,12,33016,630
31162,11,12,32646,910
31162,11,12,32276,1190
31162,11,12,31906,1400
35241,11,12,37467,0
35241,11,12,37097,490
35241,11,12,36727,700
35241,11,12,36357,980
35241,11,12,35987,1190
35241,11,12,35617,1470
32277,11,12,34129,0
32277,11,12,33759,420
32277,11,12,33389,630
32277,11,12,33019,910
32277,11,12,32649,1120
32277,11,12,32279,1400
28197,11,12,29308,0
28197,11,12,28938,490
28197,11,12,28568,700
28197,11,12,28198,980
28197,11,12,1,1190
43405,11,12,45999,0
43405,11,12,45629,420
43405,11,12,45259,700
43405,11,12,44889,980
43405,11,12,44519,1190
43405,11,12,44149,1470
40441,11,12,42661,0
40441,11,12,42291,560
40441,11,12,41921,840
40441,11,12,41551,1050
40441,11,12,41181,1330
37467,11,12,39693,0
37467,11,12,39323,350
37467,11,12,38953,630
37467,11,12,38583,840
37467,11,12,38213,1120
37467,11,12,37843,1330
33759,11,12,36353,0
33759,11,12,35983,420
33759,11,12,35613,630
33759,11,12,35243,910
33759,11,12,34873,1120
33759,11,12,34503,1400
30795,11,12,33385,0
30795,11,12,33015,420
30795,11,12,32645,700
30795,11,12,32275,980
30795,11,12,31905,1190
30795,11,12,31535,1470
37838,11,12,40064,0
37838,11,12,39694,350
37838,11,12,39324,630
37838,11,12,38954,840
37838,11,12,38584,1120
37838,11,12,38214,1330
34874,11,12,36726,0
34874,11,12,36356,420
34874,11,12,35986,630
34874,11,12,35616,910
34874,11,12,35246,1120
34874,11,12,34876,1400
31166,11,12,33756,0
31166,11,12,33386,490
31166,11,12,33016,770
31166,11,12,32646,980
31166,11,12,32276,1260
31166,11,12,31906,1470
32272,11,12,34499,0
32272,11,12,34129,490
32272,11,12,33759,770
32272,11,12,33389,1050
32272,11,12,33019,1260
40436,11,12,42291,0
40436,11,12,41921,560
40436,11,12,41551,840
40436,11,12,41181,1050
40436,11,12,40811,1330
36356,11,12,38580,0
36356,11,12,38210,560
36356,11,12,37840,770
36356,11,12,37470,1050
36356,11,12,37100,1330
33392,11,12,35982,0
33392,11,12,35612,420
33392,11,12,35242,700
33392,11,12,34872,980
33392,11,12,34502,1190
33392,11,12,34132,1470
37471,11,12,38953,0
37471,11,12,38583,560
37471,11,12,38213,770
37471,11,12,37843,1050
37471,11,12,37473,1260
41922,11,12,44145,0
41922,11,12,43775,560
41922,11,12,43405,840
41922,11,12,43035,1050
41922,11,12,42665,1330
30790,11,12,33015,0
30790,11,12,32645,350
30790,11,12,32275,630
30790,11,12,31905,910
30790,11,12,31535,1120
30790,11,12,31165,1400
33763,11,12,36353,0
33763,11,12,35983,420
33763,11,12,35613,700
33763,11,12,35243,980
33763,11,12,34873,1190
33763,11,12,34503,1470
27826,11,12,28937,0
27826,11,12,28567,490
27826,11,12,28197,770
27826,11,12,27827,980
27826,11,12,1,1260
34869,11,12,37096,0
34869,11,12,36726,490
34869,11,12,36356,770
34869,11,12,35986,980
34869,11,12,35616,1260
37842,11,12,39324,0
37842,11,12,38954,560
37842,11,12,38584,770
37842,11,12,38214,1050
37842,11,12,37844,1260
38954,11,12,41177,0
38954,11,12,40807,560
38954,11,12,40437,770
38954,11,12,40067,1050
38954,11,12,39697,1330
31161,11,12,33386,0
31161,11,12,33016,420
31161,11,12,32646,700
31161,11,12,32276,910
31161,11,12,31906,1190
31161,11,12,31536,1400
43033,11,12,45258,0
43033,11,12,44888,350
43033,11,12,44518,630
43033,11,12,44148,840
43033,11,12,43778,1120
43033,11,12,43408,1330
40069,11,12,41180,0
40069,11,12,40810,420
40069,11,12,40440,700
40069,11,12,40070,910
40069,11,12,1,1190
32276,11,12,34869,0
32276,11,12,34499,420
32276,11,12,34129,630
32276,11,12,33759,910
32276,11,12,33389,1120
32276,11,12,33019,1400
35989,11,12,38579,0
35989,11,12,38209,350
35989,11,12,37839,630
35989,11,12,37469,910
35989,11,12,37099,1120
35989,11,12,36729,1400
28196,11,12,29678,0
28196,11,12,29308,490
28196,11,12,28938,700
28196,11,12,28568,980
28196,11,12,28198,1190
28196,11,12,1,1470
43404,11,12,45629,0
43404,11,12,45259,560
43404,11,12,44889,770
43404,11,12,44519,1050
43404,11,12,44149,1260
40440,11,12,41551,0
40440,11,12,41181,420
40440,11,12,40811,700
40440,11,12,40441,910
40440,11,12,1,1190
29308,11,12,31531,0
29308,11,12,31161,350
29308,11,12,30791,630
29308,11,12,30421,840
29308,11,12,30051,1120
29308,11,12,29681,1330
33387,11,12,35612,0
33387,11,12,35242,420
33387,11,12,34872,700
33387,11,12,34502,910
33387,11,12,34132,1190
33387,11,12,33762,1400
36360,11,12,38580,0
36360,11,12,38210,560
36360,11,12,37840,840
36360,11,12,37470,1050
36360,11,12,37100,1330
30423,11,12,31534,0
30423,11,12,31164,490
30423,11,12,30794,700
30423,11,12,30424,980
30423,11,12,1,1190
37466,11,12,39693,0
37466,11,12,39323,420
37466,11,12,38953,700
37466,11,12,38583,910
37466,11,12,38213,1190
37466,11,12,37843,1470
41551,11,12,43774,0
41551,11,12,43404,560
41551,11,12,43034,840
41551,11,12,42664,1050
41551,11,12,42294,1330
33758,11,12,35983,0
33758,11,12,35613,420
33758,11,12,35243,700
33758,11,12,34873,910
33758,11,12,34503,1190
33758,11,12,34133,1400
30794,11,12,31905,0
30794,11,12,31535,560
30794,11,12,31165,770
30794,11,12,30795,1050
30794,11,12,1,1260
34873,11,12,37466,0
34873,11,12,37096,420
34873,11,12,36726,630
34873,11,12,36356,910
34873,11,12,35986,1120
34873,11,12,35616,1400
26714,11,12,28934,0
26714,11,12,28564,560
26714,11,12,28194,840
26714,11,12,27824,1050
26714,11,12,27454,1330
40064,11,12,42290,0
40064,11,12,41920,350
40064,11,12,41550,630
40064,11,12,41180,840
40064,11,12,40810,1120
40064,11,12,40440,1330
31905,11,12,34498,0
31905,11,12,34128,420
31905,11,12,33758,630
31905,11,12,33388,910
31905,11,12,33018,1120
31905,11,12,32648,1400
35984,11,12,38209,0
35984,11,12,37839,420
35984,11,12,37469,630
35984,11,12,37099,910
35984,11,12,36729,1120
35984,11,12,36359,1400
33020,11,12,34131,0
33020,11,12,33761,560
33020,11,12,33391,770
33020,11,12,33021,1050
33020,11,12,1,1260
40435,11,12,42661,0
40435,11,12,42291,350
40435,11,12,41921,630
40435,11,12,41551,840
40435,11,12,41181,1120
40435,11,12,40811,1330
36355,11,12,38210,0
36355,11,12,37840,560
36355,11,12,37470,840
36355,11,12,37100,1050
36355,11,12,36730,1330
30418,11,12,32274,0
30418,11,12,31904,490
30418,11,12,31534,770
30418,11,12,31164,980
30418,11,12,30794,1260
33391,11,12,34502,0
33391,11,12,34132,560
33391,11,12,33762,770
33391,11,12,33392,1050
33391,11,12,1,1260
37470,11,12,39693,0
37470,11,12,39323,560
37470,11,12,38953,770
37470,11,12,38583,1050
37470,11,12,38213,1330
38582,11,12,40806,0
38582,11,12,40436,560
38582,11,12,40066,770
38582,11,12,39696,1050
38582,11,12,39326,1330
30789,11,12,33015,0
30789,11,12,32645,350
30789,11,12,32275,630
30789,11,12,31905,840
30789,11,12,31535,1120
30789,11,12,31165,1330
42661,11,12,44887,0
42661,11,12,44517,350
42661,11,12,44147,630
42661,11,12,43777,840
42661,11,12,43407,1120
42661,11,12,43037,1400
27825,11,12,29307,0
27825,11,12,28937,490
27825,11,12,28567,770
27825,11,12,28197,980
27825,11,12,27827,1260
27825,11,12,1,1470
34502,11,12,37095,0
34502,11,12,36725,420
34502,11,12,36355,630
34502,11,12,35985,910
34502,11,12,35615,1120
34502,11,12,35245,1400
38953,11,12,41177,0
38953,11,12,40807,560
38953,11,12,40437,770
38953,11,12,40067,1050
38953,11,12,39697,1330
43032,11,12,45258,0
43032,11,12,44888,350
43032,11,12,44518,630
43032,11,12,44148,840
43032,11,12,43778,1120
43032,11,12,43408,1400
40068,11,12,41550,0
40068,11,12,41180,560
40068,11,12,40810,770
40068,11,12,40440,1050
40068,11,12,40070,1260
28936,11,12,30790,0
28936,11,12,30420,560
28936,11,12,30050,840
28936,11,12,29680,1050
28936,11,12,29310,1330
33015,11,12,35241,0
33015,11,12,34871,420
33015,11,12,34501,700
33015,11,12,34131,910
33015,11,12,33761,1190
33015,11,12,33391,1400
35988,11,12,37099,0
35988,11,12,36729,490
35988,11,12,36359,770
35988,11,12,35989,980
35988,11,12,1,1260
29307,11,12,31161,0
29307,11,12,30791,560
29307,11,12,30421,840
29307,11,12,30051,1050
29307,11,12,29681,1330
41179,11,12,43403,0
41179,11,12,43033,560
41179,11,12,42663,770
41179,11,12,42293,1050
41179,11,12,41923,1330
33386,11,12,35612,0
33386,11,12,35242,420
33386,11,12,34872,700
33386,11,12,34502,910
33386,11,12,34132,1190
33386,11,12,33762,1400
30422,11,12,31904,0
30422,11,12,31534,560
30422,11,12,31164,840
30422,11,12,30794,1050
30422,11,12,30424,1330
41550,11,12,43774,0
41550,11,12,43404,560
41550,11,12,43034,840
41550,11,12,42664,1050
41550,11,12,42294,1330
38586,11,12,40806,0
38586,11,12,40436,560
38586,11,12,40066,840
38586,11,12,39696,1050
38586,11,12,39326,1330
42665,11,12,44147,0
42665,11,12,43777,560
42665,11,12,43407,840
42665,11,12,43037,1050
42665,11,12,42667,1330
31533,11,12,34127,0
31533,11,12,33757,420
31533,11,12,33387,630
31533,11,12,33017,910
31533,11,12,32647,1120
31533,11,12,32277,1400
38957,11,12,41177,0
38957,11,12,40807,560
38957,11,12,40437,840
38957,11,12,40067,1050
38957,11,12,39697,1330
31904,11,12,34498,0
31904,11,12,34128,420
31904,11,12,33758,630
31904,11,12,33388,910
31904,11,12,33018,1120
31904,11,12,32648,1400
28940,11,12,31530,0
28940,11,12,31160,350
28940,11,12,30790,630
28940,11,12,30420,840
28940,11,12,30050,1120
28940,11,12,29680,1330
35983,11,12,38209,0
35983,11,12,37839,420
35983,11,12,37469,630
35983,11,12,37099,910
35983,11,12,36729,1190
35983,11,12,36359,1400
33019,11,12,34871,0
33019,11,12,34501,420
33019,11,12,34131,630
33019,11,12,33761,910
33019,11,12,33391,1120
33019,11,12,33021,1400
37095,11,12,39322,0
37095,11,12,38952,420
37095,11,12,38582,700
37095,11,12,38212,910
37095,11,12,37842,1190
37095,11,12,37472,1470
29311,11,12,31901,0
29311,11,12,31531,350
29311,11,12,31161,630
29311,11,12,30791,840
29311,11,12,30421,1120
29311,11,12,30051,1330
30417,11,12,32274,0
30417,11,12,31904,560
30417,11,12,31534,770
30417,11,12,31164,1050
30417,11,12,30794,1330
38581,11,12,40436,0
38581,11,12,40066,560
38581,11,12,39696,840
38581,11,12,39326,1050
38581,11,12,38956,1330
34501,11,12,37095,0
34501,11,12,36725,420
34501,11,12,36355,630
34501,11,12,35985,910
34501,11,12,35615,1120
34501,11,12,35245,1400
31537,11,12,34127,0
31537,11,12,33757,490
31537,11,12,33387,700
31537,11,12,33017,980
31537,11,12,32647,1190
31537,11,12,32277,1470
28935,11,12,30420,0
28935,11,12,30050,560
28935,11,12,29680,840
28935,11,12,29310,1050
28935,11,12,28940,1330
31908,11,12,34498,0
31908,11,12,34128,490
31908,11,12,33758,700
31908,11,12,33388,980
31908,11,12,33018,1190
31908,11,12,32648,1470
33014,11,12,35241,0
33014,11,12,34871,490
33014,11,12,34501,770
33014,11,12,34131,980
33014,11,12,33761,1260
37099,11,12,39322,0
37099,11,12,38952,560
37099,11,12,38582,770
37099,11,12,38212,1050
37099,11,12,37842,1330
41178,11,12,43033,0
41178,11,12,42663,560
41178,11,12,42293,840
41178,11,12,41923,1050
41178,11,12,41553,1330
38585,11,12,39696,0
38585,11,12,39326,420
38585,11,12,38956,700
38585,11,12,38586,910
38585,11,12,1,1190
27453,11,12,29676,0
27453,11,12,29306,420
27453,11,12,28936,700
27453,11,12,28566,910
27453,11,12,28196,1190
27453,11,12,27826,1400
31532,11,12,33757,0
31532,11,12,33387,420
31532,11,12,33017,630
31532,11,12,32647,910
31532,11,12,32277,1120
31532,11,12,31907,1400
34505,11,12,37095,0
34505,11,12,36725,420
34505,11,12,36355,700
34505,11,12,35985,980
34505,11,12,35615,1190
34505,11,12,35245,1470
35617,12,13,37098,0
35617,12,13,36728,350
35617,12,13,36358,560
35617,12,13,35988,840
35617,12,13,35618,1120
35617,12,13,1,1330
39696,12,13,41919,0
39696,12,13,41549,560
39696,12,13,41179,770
39696,12,13,40809,1050
39696,12,13,40439,1330
28939,12,13,30050,0
28939,12,13,29680,420
28939,12,13,29310,700
28939,12,13,28940,910
28939,12,13,1,1190
43775,12,13,46000,0
43775,12,13,45630,560
43775,12,13,45260,770
43775,12,13,44890,1050
43775,12,13,44520,1260
34130,12,13,36724,0
34130,12,13,36354,420
34130,12,13,35984,630
34130,12,13,35614,910
34130,12,13,35244,1190
34130,12,13,34874,1400
44146,12,13,46371,0
44146,12,13,46001,560
44146,12,13,45631,770
44146,12,13,45261,1050
44146,12,13,44891,1260
41182,12,13,42293,0
41182,12,13,41923,420
41182,12,13,41553,700
41182,12,13,41183,910
41182,12,13,1,1190
30050,12,13,32643,0
30050,12,13,32273,350
30050,12,13,31903,560
30050,12,13,31533,840
30050,12,13,31163,1120
30050,12,13,30793,1330
38580,12,13,40806,0
38580,12,13,40436,350
38580,12,13,40066,630
38580,12,13,39696,840
38580,12,13,39326,1120
38580,12,13,38956,1330
38214,12,13,39325,0
38214,12,13,38955,420
38214,12,13,38585,700
38214,12,13,38215,910
38214,12,13,1,1190
42293,12,13,44516,0
42293,12,13,44146,560
42293,12,13,43776,840
42293,12,13,43406,1050
42293,12,13,43036,1330
34500,12,13,36725,0
34500,12,13,36355,420
34500,12,13,35985,700
34500,12,13,35615,910
34500,12,13,35245,1190
34500,12,13,34875,1400
31536,12,13,32647,0
31536,12,13,32277,560
31536,12,13,31907,770
31536,12,13,31537,1050
31536,12,13,1,1260
35612,12,13,37838,0
35612,12,13,37468,490
35612,12,13,37098,700
35612,12,13,36728,980
35612,12,13,36358,1190
35612,12,13,35988,1470
32648,12,13,34500,0
32648,12,13,34130,420
32648,12,13,33760,630
32648,12,13,33390,910
32648,12,13,33020,1190
32648,12,13,32650,1400
36727,12,13,38951,0
36727,12,13,38581,560
36727,12,13,38211,770
36727,12,13,37841,1050
36727,12,13,37471,1330
28934,12,13,30420,0
28934,12,13,30050,560
28934,12,13,29680,770
28934,12,13,29310,1050
28934,12,13,28940,1330
28568,12,13,29679,0
28568,12,13,29309,420
28568,12,13,28939,700
28568,12,13,28569,910
28568,12,13,1,1190
44891,12,13,46743,0
44891,12,13,46373,490
44891,12,13,46003,770
44891,12,13,45633,980
44891,12,13,45263,1260
44891,12,13,44893,1470
37098,12,13,39322,0
37098,12,13,38952,560
37098,12,13,38582,770
37098,12,13,38212,1050
37098,12,13,37842,1330
34134,12,13,36724,0
34134,12,13,36354,490
34134,12,13,35984,700
34134,12,13,35614,980
34134,12,13,35244,1190
34134,12,13,34874,1470
41177,12,13,43403,0
41177,12,13,43033,350
41177,12,13,42663,630
41177,12,13,42293,840
41177,12,13,41923,1120
41177,12,13,41553,1330
40811,12,13,41922,0
40811,12,13,41552,420
40811,12,13,41182,700
40811,12,13,40812,910
40811,12,13,1,1190
38209,12,13,40435,0
38209,12,13,40065,350
38209,12,13,39695,630
38209,12,13,39325,840
38209,12,13,38955,1120
38209,12,13,38585,1330
35245,12,13,37097,0
35245,12,13,36727,420
35245,12,13,36357,700
35245,12,13,35987,910
35245,12,13,35617,1190
35245,12,13,35247,1470
45261,12,13,47484,0
45261,12,13,47114,770
45261,12,13,46744,980
45261,12,13,46374,1260
45261,12,13,46004,1470
39324,12,13,41548,0
39324,12,13,41178,560
39324,12,13,40808,770
39324,12,13,40438,1050
39324,12,13,40068,1330
31531,12,13,33757,0
31531,12,13,33387,420
31531,12,13,33017,700
31531,12,13,32647,910
31531,12,13,32277,1190
31531,12,13,31907,1400
32643,12,13,34870,0
32643,12,13,34500,490
32643,12,13,34130,770
32643,12,13,33760,1050
32643,12,13,33390,1260
35616,12,13,37468,0
35616,12,13,37098,420
35616,12,13,36728,700
35616,12,13,36358,910
35616,12,13,35988,1190
35616,12,13,35618,1470
39695,12,13,41919,0
39695,12,13,41549,560
39695,12,13,41179,770
39695,12,13,40809,1050
39695,12,13,40439,1330
36731,12,13,39321,0
36731,12,13,38951,350
36731,12,13,38581,560
36731,12,13,38211,840
36731,12,13,37841,1120
36731,12,13,37471,1330
43774,12,13,46000,0
43774,12,13,45630,560
43774,12,13,45260,770
43774,12,13,44890,1050
43774,12,13,44520,1330
29678,12,13,31902,0
29678,12,13,31532,560
29678,12,13,31162,840
29678,12,13,30792,1050
29678,12,13,30422,1330
34129,12,13,36354,0
34129,12,13,35984,420
34129,12,13,35614,700
34129,12,13,35244,910
34129,12,13,34874,1190
34129,12,13,34504,1400
40806,12,13,43032,0
40806,12,13,42662,350
40806,12,13,42292,630
40806,12,13,41922,840
40806,12,13,41552,1120
40806,12,13,41182,1330
30049,12,13,32273,0
30049,12,13,31903,560
30049,12,13,31533,840
30049,12,13,31163,1050
30049,12,13,30793,1330
27085,12,13,29305,0
27085,12,13,28935,560
27085,12,13,28565,840
27085,12,13,28195,1050
27085,12,13,27825,1330
35240,12,13,37467,0
35240,12,13,37097,560
35240,12,13,36727,840
35240,12,13,36357,1050
35240,12,13,35987,1330
38213,12,13,39695,0
38213,12,13,39325,560
38213,12,13,38955,770
38213,12,13,38585,1050
38213,12,13,38215,1330
42292,12,13,44516,0
42292,12,13,44146,560
42292,12,13,43776,840
42292,12,13,43406,1050
42292,12,13,43036,1330
39328,12,13,41918,0
39328,12,13,41548,350
39328,12,13,41178,560
39328,12,13,40808,840
39328,12,13,40438,1120
39328,12,13,40068,1330
35611,12,13,37838,0
35611,12,13,37468,560
35611,12,13,37098,840
35611,12,13,36728,1050
35611,12,13,36358,1330
32647,12,13,35240,0
32647,12,13,34870,420
32647,12,13,34500,630
32647,12,13,34130,910
32647,12,13,33760,1190
32647,12,13,33390,1400
36726,12,13,38951,0
36726,12,13,38581,350
36726,12,13,38211,560
36726,12,13,37841,840
36726,12,13,37471,1120
36726,12,13,37101,1330
28567,12,13,30049,0
28567,12,13,29679,420
28567,12,13,29309,700
28567,12,13,28939,910
28567,12,13,28569,1190
28567,12,13,1,1470
44890,12,13,47483,0
44890,12,13,47113,490
44890,12,13,46743,770
44890,12,13,46373,980
44890,12,13,46003,1260
44890,12,13,45633,1470
29682,12,13,32272,0
29682,12,13,31902,420
29682,12,13,31532,630
29682,12,13,31162,910
29682,12,13,30792,1120
29682,12,13,30422,1400
37837,12,13,40064,0
37837,12,13,39694,420
37837,12,13,39324,700
37837,12,13,38954,980
37837,12,13,38584,1190
37837,12,13,38214,1470
40810,12,13,42292,0
40810,12,13,41922,560
40810,12,13,41552,770
40810,12,13,41182,1050
40810,12,13,40812,1330
31165,12,13,32276,0
31165,12,13,31906,560
31165,12,13,31536,840
31165,12,13,31166,1050
31165,12,13,1,1330
38208,12,13,40435,0
38208,12,13,40065,420
38208,12,13,39695,700
38208,12,13,39325,980
38208,12,13,38955,1190
38208,12,13,38585,1470
35244,12,13,37837,0
35244,12,13,37467,420
35244,12,13,37097,700
35244,12,13,36727,910
35244,12,13,36357,1190
35244,12,13,35987,1470
39323,12,13,41548,0
39323,12,13,41178,350
39323,12,13,40808,560
39323,12,13,40438,840
39323,12,13,40068,1120
39323,12,13,39698,1330
42296,12,13,44886,0
42296,12,13,44516,350
42296,12,13,44146,630
42296,12,13,43776,840
42296,12,13,43406,1120
42296,12,13,43036,1330
43408,12,13,44889,0
43408,12,13,44519,350
43408,12,13,44149,630
43408,12,13,43779,840
43408,12,13,43409,1120
43408,12,13,1,1330
35615,12,13,38208,0
35615,12,13,37838,420
35615,12,13,37468,700
35615,12,13,37098,910
35615,12,13,36728,1190
35615,12,13,36358,1470
36730,12,13,37841,0
36730,12,13,37471,420
36730,12,13,37101,700
36730,12,13,36731,910
36730,12,13,1,1190
29677,12,13,31532,0
29677,12,13,31162,560
29677,12,13,30792,770
29677,12,13,30422,1050
29677,12,13,30052,1260
41921,12,13,44145,0
41921,12,13,43775,560
41921,12,13,43405,840
41921,12,13,43035,1050
41921,12,13,42665,1330
33762,12,13,34873,0
33762,12,13,34503,560
33762,12,13,34133,770
33762,12,13,33763,1050
33762,12,13,1,1330
37841,12,13,40064,0
37841,12,13,39694,560
37841,12,13,39324,770
37841,12,13,38954,1050
37841,12,13,38584,1330
31160,12,13,33386,0
31160,12,13,33016,420
31160,12,13,32646,700
31160,12,13,32276,910
31160,12,13,31906,1190
31160,12,13,31536,1470
38212,12,13,40435,0
38212,12,13,40065,560
38212,12,13,39695,770
38212,12,13,39325,1050
38212,12,13,38955,1330
32275,12,13,34869,0
32275,12,13,34499,420
32275,12,13,34129,630
32275,12,13,33759,910
32275,12,13,33389,1190
32275,12,13,33019,1400
39327,12,13,40438,0
39327,12,13,40068,420
39327,12,13,39698,700
39327,12,13,39328,910
39327,12,13,1,1190
43403,12,13,45629,0
43403,12,13,45259,560
43403,12,13,44889,770
43403,12,13,44519,1050
43403,12,13,44149,1330
28195,12,13,30418,0
28195,12,13,30048,420
28195,12,13,29678,630
28195,12,13,29308,910
28195,12,13,28938,1120
28195,12,13,28568,1400
40439,12,13,41921,0
40439,12,13,41551,560
40439,12,13,41181,770
40439,12,13,40811,1050
40439,12,13,40441,1330
32646,12,13,35240,0
32646,12,13,34870,420
32646,12,13,34500,630
32646,12,13,34130,910
32646,12,13,33760,1190
32646,12,13,33390,1400
44518,12,13,47112,0
44518,12,13,46742,490
44518,12,13,46372,700
44518,12,13,46002,980
44518,12,13,45632,1190
44518,12,13,45262,1470
36359,12,13,37470,0
36359,12,13,37100,420
36359,12,13,36730,700
36359,12,13,36360,910
36359,12,13,1,1190
28566,12,13,30789,0
28566,12,13,30419,350
28566,12,13,30049,630
28566,12,13,29679,840
28566,12,13,29309,1120
28566,12,13,28939,1400
44889,12,13,47483,0
44889,12,13,47113,490
44889,12,13,46743,700
44889,12,13,46373,980
44889,12,13,46003,1190
44889,12,13,45633,1470
29681,12,13,30792,0
29681,12,13,30422,490
29681,12,13,30052,700
29681,12,13,29682,980
29681,12,13,1,1260
41925,12,13,44515,0
41925,12,13,44145,350
41925,12,13,43775,630
41925,12,13,43405,840
41925,12,13,43035,1120
41925,12,13,42665,1330
33757,12,13,35983,0
33757,12,13,35613,420
33757,12,13,35243,700
33757,12,13,34873,910
33757,12,13,34503,1190
33757,12,13,34133,1400
30793,12,13,32645,0
30793,12,13,32275,420
30793,12,13,31905,630
30793,12,13,31535,910
30793,12,13,31165,1120
30793,12,13,30795,1400
40809,12,13,43032,0
40809,12,13,42662,560
40809,12,13,42292,770
40809,12,13,41922,1050
40809,12,13,41552,1330
34872,12,13,37466,0
34872,12,13,37096,420
34872,12,13,36726,630
34872,12,13,36356,910
34872,12,13,35986,1190
34872,12,13,35616,1400
46000,12,13,47856,0
46000,12,13,47486,560
46000,12,13,47116,1050
46000,12,13,46746,1330
31164,12,13,33016,0
31164,12,13,32646,420
31164,12,13,32276,700
31164,12,13,31906,910
31164,12,13,31536,1190
31164,12,13,31166,1400
43036,12,13,44518,0
43036,12,13,44148,560
43036,12,13,43778,840
43036,12,13,43408,1050
43036,12,13,43038,1330
35243,12,13,37837,0
35243,12,13,37467,420
35243,12,13,37097,700
35243,12,13,36727,980
35243,12,13,36357,1190
35243,12,13,35987,1470
32279,12,13,34869,0
32279,12,13,34499,490
32279,12,13,34129,700
32279,12,13,33759,980
32279,12,13,33389,1190
32279,12,13,33019,1470
43407,12,13,45259,0
43407,12,13,44889,490
43407,12,13,44519,770
43407,12,13,44149,980
43407,12,13,43779,1260
43407,12,13,43409,1470
36354,12,13,38580,0
36354,12,13,38210,350
36354,12,13,37840,630
36354,12,13,37470,840
36354,12,13,37100,1120
36354,12,13,36730,1330
33390,12,13,35242,0
33390,12,13,34872,420
33390,12,13,34502,630
33390,12,13,34132,910
33390,12,13,33762,1120
33390,12,13,33392,1400
37469,12,13,39693,0
37469,12,13,39323,560
37469,12,13,38953,770
37469,12,13,38583,1050
37469,12,13,38213,1330
41920,12,13,44145,0
41920,12,13,43775,350
41920,12,13,43405,630
41920,12,13,43035,840
41920,12,13,42665,1120
41920,12,13,42295,1330
30788,12,13,33015,0
30788,12,13,32645,420
30788,12,13,32275,630
30788,12,13,31905,910
30788,12,13,31535,1190
30788,12,13,31165,1400
33761,12,13,35613,0
33761,12,13,35243,420
33761,12,13,34873,630
33761,12,13,34503,910
33761,12,13,34133,1120
33761,12,13,33763,1400
27824,12,13,30047,0
27824,12,13,29677,420
27824,12,13,29307,700
27824,12,13,28937,910
27824,12,13,28567,1190
27824,12,13,28197,1470
37840,12,13,40064,0
37840,12,13,39694,560
37840,12,13,39324,770
37840,12,13,38954,1050
37840,12,13,38584,1330
34876,12,13,37466,0
34876,12,13,37096,490
34876,12,13,36726,700
34876,12,13,36356,980
34876,12,13,35986,1190
34876,12,13,35616,1470
38952,12,13,41177,0
38952,12,13,40807,350
38952,12,13,40437,560
38952,12,13,40067,840
38952,12,13,39697,1120
38952,12,13,39327,1330
31159,12,13,33386,0
31159,12,13,33016,560
31159,12,13,32646,770
31159,12,13,32276,1050
31159,12,13,31906,1260
40067,12,13,42290,0
40067,12,13,41920,560
40067,12,13,41550,770
40067,12,13,41180,1050
40067,12,13,40810,1330
32274,12,13,34499,0
32274,12,13,34129,420
32274,12,13,33759,700
32274,12,13,33389,910
32274,12,13,33019,1190
32274,12,13,32649,1400
35987,12,13,37839,0
35987,12,13,37469,350
35987,12,13,37099,630
35987,12,13,36729,840
35987,12,13,36359,1120
35987,12,13,35989,1330
28194,12,13,30418,0
28194,12,13,30048,350
28194,12,13,29678,630
28194,12,13,29308,840
28194,12,13,28938,1120
28194,12,13,28568,1400
40438,12,13,42661,0
40438,12,13,42291,560
40438,12,13,41921,770
40438,12,13,41551,1050
40438,12,13,41181,1330
44517,12,13,46742,0
44517,12,13,46372,560
44517,12,13,46002,770
44517,12,13,45632,1050
44517,12,13,45262,1260
29306,12,13,30791,0
29306,12,13,30421,560
29306,12,13,30051,840
29306,12,13,29681,1050
29306,12,13,29311,1330
33385,12,13,35612,0
33385,12,13,35242,490
33385,12,13,34872,770
33385,12,13,34502,1050
33385,12,13,34132,1260
36358,12,13,37840,0
36358,12,13,37470,560
36358,12,13,37100,770
36358,12,13,36730,1050
36358,12,13,36360,1330
30421,12,13,33014,0
30421,12,13,32644,350
30421,12,13,32274,560
30421,12,13,31904,840
30421,12,13,31534,1120
30421,12,13,31164,1330
37473,12,13,40063,0
37473,12,13,39693,350
37473,12,13,39323,560
37473,12,13,38953,840
37473,12,13,38583,1120
37473,12,13,38213,1330
41549,12,13,43774,0
41549,12,13,43404,350
41549,12,13,43034,630
41549,12,13,42664,840
41549,12,13,42294,1120
41549,12,13,41924,1330
33756,12,13,35983,0
33756,12,13,35613,490
33756,12,13,35243,770
33756,12,13,34873,1050
33756,12,13,34503,1260
30792,12,13,33385,0
30792,12,13,33015,420
30792,12,13,32645,630
30792,12,13,32275,910
30792,12,13,31905,1120
30792,12,13,31535,1400
42664,12,13,44887,0
42664,12,13,44517,560
42664,12,13,44147,840
42664,12,13,43777,1050
42664,12,13,43407,1330
34871,12,13,37096,0
34871,12,13,36726,420
34871,12,13,36356,700
34871,12,13,35986,910
34871,12,13,35616,1190
34871,12,13,35246,1400
38956,12,13,40067,0
38956,12,13,39697,420
38956,12,13,39327,700
38956,12,13,38957,910
38956,12,13,1,1190
45999,12,13,47856,0
45999,12,13,47486,630
45999,12,13,47116,1120
45999,12,13,46746,1400
43035,12,13,45258,0
43035,12,13,44888,560
43035,12,13,44518,840
43035,12,13,44148,1050
43035,12,13,43778,1330
31903,12,13,34128,0
31903,12,13,33758,420
31903,12,13,33388,630
31903,12,13,33018,910
31903,12,13,32648,1190
31903,12,13,32278,1400
35982,12,13,38209,0
35982,12,13,37839,490
35982,12,13,37469,770
35982,12,13,37099,980
35982,12,13,36729,1260
33018,12,13,35611,0
33018,12,13,35241,420
33018,12,13,34871,630
33018,12,13,34501,910
33018,12,13,34131,1190
33018,12,13,33761,1400
29310,12,13,30421,0
29310,12,13,30051,420
29310,12,13,29681,700
29310,12,13,29311,910
29310,12,13,1,1190
36353,12,13,38580,0
36353,12,13,38210,420
36353,12,13,37840,700
36353,12,13,37470,980
36353,12,13,37100,1190
36353,12,13,36730,1470
33389,12,13,35982,0
33389,12,13,35612,420
33389,12,13,35242,630
33389,12,13,34872,910
33389,12,13,34502,1190
33389,12,13,34132,1400
37468,12,13,39693,0
37468,12,13,39323,350
37468,12,13,38953,560
37468,12,13,38583,840
37468,12,13,38213,1120
37468,12,13,37843,1330
41553,12,13,42664,0
41553,12,13,42294,490
41553,12,13,41924,700
41553,12,13,41554,980
41553,12,13,1,1190
38951,12,13,41177,0
38951,12,13,40807,350
38951,12,13,40437,630
38951,12,13,40067,840
38951,12,13,39697,1120
38951,12,13,39327,1330
40066,12,13,42290,0
40066,12,13,41920,560
40066,12,13,41550,770
40066,12,13,41180,1050
40066,12,13,40810,1330
31907,12,13,33018,0
31907,12,13,32648,560
31907,12,13,32278,770
31907,12,13,31908,1050
31907,12,13,1,1260
35986,12,13,38579,0
35986,12,13,38209,350
35986,12,13,37839,630
35986,12,13,37469,840
35986,12,13,37099,1120
35986,12,13,36729,1330
29305,12,13,30791,0
29305,12,13,30421,560
29305,12,13,30051,770
29305,12,13,29681,1050
29305,12,13,29311,1330
30420,12,13,32644,0
30420,12,13,32274,560
30420,12,13,31904,840
30420,12,13,31534,1050
30420,12,13,31164,1330
41548,12,13,43774,0
41548,12,13,43404,350
41548,12,13,43034,630
41548,12,13,42664,910
41548,12,13,42294,1120
41548,12,13,41924,1400
38584,12,13,40066,0
38584,12,13,39696,560
38584,12,13,39326,770
38584,12,13,38956,1050
38584,12,13,38586,1330
42663,12,13,44887,0
42663,12,13,44517,560
42663,12,13,44147,840
42663,12,13,43777,1050
42663,12,13,43407,1330
27827,12,13,30417,0
27827,12,13,30047,420
27827,12,13,29677,630
27827,12,13,29307,910
27827,12,13,28937,1190
27827,12,13,28567,1400
34504,12,13,35615,0
34504,12,13,35245,560
34504,12,13,34875,770
34504,12,13,34505,1050
34504,12,13,1,1330
38955,12,13,40437,0
38955,12,13,40067,560
38955,12,13,39697,770
38955,12,13,39327,1050
38955,12,13,38957,1330
43034,12,13,45258,0
43034,12,13,44888,560
43034,12,13,44518,840
43034,12,13,44148,1050
43034,12,13,43778,1330
40070,12,13,42660,0
40070,12,13,42290,350
40070,12,13,41920,560
40070,12,13,41550,840
40070,12,13,41180,1120
40070,12,13,40810,1330
31902,12,13,34128,0
31902,12,13,33758,420
31902,12,13,33388,700
31902,12,13,33018,910
31902,12,13,32648,1190
31902,12,13,32278,1400
28938,12,13,30420,0
28938,12,13,30050,420
28938,12,13,29680,700
28938,12,13,29310,910
28938,12,13,28940,1190
28938,12,13,1,1470
33017,12,13,35611,0
33017,12,13,35241,420
33017,12,13,34871,630
33017,12,13,34501,910
33017,12,13,34131,1190
33017,12,13,33761,1400
37102,12,13,39692,0
37102,12,13,39322,350
37102,12,13,38952,560
37102,12,13,38582,840
37102,12,13,38212,1120
37102,12,13,37842,1330
29309,12,13,30791,0
29309,12,13,30421,420
29309,12,13,30051,700
29309,12,13,29681,910
29309,12,13,29311,1190
29309,12,13,1,1470
44145,12,13,46371,0
44145,12,13,46001,560
44145,12,13,45631,770
44145,12,13,45261,1050
44145,12,13,44891,1330
41181,12,13,42663,0
41181,12,13,42293,560
41181,12,13,41923,770
41181,12,13,41553,1050
41181,12,13,41183,1330
33388,12,13,35982,0
33388,12,13,35612,420
33388,12,13,35242,630
33388,12,13,34872,910
33388,12,13,34502,1190
33388,12,13,34132,1400
30424,12,13,33014,0
30424,12,13,32644,420
30424,12,13,32274,630
30424,12,13,31904,910
30424,12,13,31534,1120
30424,12,13,31164,1400
38579,12,13,40806,0
38579,12,13,40436,420
38579,12,13,40066,700
38579,12,13,39696,980
38579,12,13,39326,1190
38579,12,13,38956,1470
41552,12,13,43034,0
41552,12,13,42664,560
41552,12,13,42294,840
41552,12,13,41924,1050
41552,12,13,41554,1330
45631,12,13,47855,0
45631,12,13,47485,490
45631,12,13,47115,980
45631,12,13,46745,1190
45631,12,13,46375,1470
42667,12,13,45257,0
42667,12,13,44887,350
42667,12,13,44517,630
42667,12,13,44147,840
42667,12,13,43777,1120
42667,12,13,43407,1330
27456,12,13,30046,0
27456,12,13,29676,420
27456,12,13,29306,630
27456,12,13,28936,910
27456,12,13,28566,1190
27456,12,13,28196,1400
34499,12,13,36725,0
34499,12,13,36355,420
34499,12,13,35985,700
34499,12,13,35615,910
34499,12,13,35245,1190
34499,12,13,34875,1400
31535,12,13,33387,0
31535,12,13,33017,420
31535,12,13,32647,630
31535,12,13,32277,910
31535,12,13,31907,1120
31535,12,13,31537,1400
40065,12,13,42290,0
40065,12,13,41920,350
40065,12,13,41550,560
40065,12,13,41180,840
40065,12,13,40810,1120
40065,12,13,40440,1330
39699,12,13,42289,0
39699,12,13,41919,350
39699,12,13,41549,560
39699,12,13,41179,840
39699,12,13,40809,1120
39699,12,13,40439,1330
31906,12,13,33758,0
31906,12,13,33388,420
31906,12,13,33018,630
31906,12,13,32648,910
31906,12,13,32278,1120
31906,12,13,31908,1400
43778,12,13,45630,0
43778,12,13,45260,490
43778,12,13,44890,770
43778,12,13,44520,980
43778,12,13,44150,1260
43778,12,13,43780,1470
35985,12,13,38579,0
35985,12,13,38209,350
35985,12,13,37839,630
35985,12,13,37469,840
35985,12,13,37099,1120
35985,12,13,36729,1330
33021,12,13,35611,0
33021,12,13,35241,490
33021,12,13,34871,700
33021,12,13,34501,980
33021,12,13,34131,1190
33021,12,13,33761,1470
37097,12,13,39322,0
37097,12,13,38952,350
37097,12,13,38582,560
37097,12,13,38212,840
37097,12,13,37842,1120
37097,12,13,37472,1330
34133,12,13,35244,0
34133,12,13,34874,560
34133,12,13,34504,770
34133,12,13,34134,1050
34133,12,13,1,1330
44149,12,13,46001,0
44149,12,13,45631,490
44149,12,13,45261,770
44149,12,13,44891,980
44149,12,13,44521,1260
44149,12,13,44151,1470
30419,12,13,32274,0
30419,12,13,31904,560
30419,12,13,31534,770
30419,12,13,31164,1050
30419,12,13,30794,1260
30053,12,13,32643,0
30053,12,13,32273,420
30053,12,13,31903,630
30053,12,13,31533,910
30053,12,13,31163,1120
30053,12,13,30793,1400
38583,12,13,40806,0
38583,12,13,40436,560
38583,12,13,40066,770
38583,12,13,39696,1050
38583,12,13,39326,1330
42662,12,13,44887,0
42662,12,13,44517,350
42662,12,13,44147,630
42662,12,13,43777,840
42662,12,13,43407,1120
42662,12,13,43037,1330
45260,12,13,47484,0
45260,12,13,47114,700
45260,12,13,46744,980
45260,12,13,46374,1190
45260,12,13,46004,1470
31530,12,13,33757,0
31530,12,13,33387,490
31530,12,13,33017,770
31530,12,13,32647,980
31530,12,13,32277,1260
31530,12,13,31907,1470
34503,12,13,36355,0
34503,12,13,35985,420
34503,12,13,35615,630
34503,12,13,35245,910
34503,12,13,34875,1120
34503,12,13,34505,1400
39694,12,13,41919,0
39694,12,13,41549,350
39694,12,13,41179,560
39694,12,13,40809,840
39694,12,13,40439,1120
39694,12,13,40069,1330
31901,12,13,34128,0
31901,12,13,33758,490
31901,12,13,33388,770
31901,12,13,33018,980
31901,12,13,32648,1260
31901,12,13,32278,1470
28937,12,13,31160,0
28937,12,13,30790,350
28937,12,13,30420,630
28937,12,13,30050,840
28937,12,13,29680,1120
28937,12,13,29310,1400
33016,12,13,35241,0
33016,12,13,34871,420
33016,12,13,34501,700
33016,12,13,34131,910
33016,12,13,33761,1190
33016,12,13,33391,1400
34128,12,13,36354,0
34128,12,13,35984,420
34128,12,13,35614,700
34128,12,13,35244,910
34128,12,13,34874,1190
34128,12,13,34504,1400
37101,12,13,38212,0
37101,12,13,37842,420
37101,12,13,37472,700
37101,12,13,37102,910
37101,12,13,1,1190
41180,12,13,43403,0
41180,12,13,43033,560
41180,12,13,42663,770
41180,12,13,42293,1050
41180,12,13,41923,1330
30048,12,13,31903,0
30048,12,13,31533,560
30048,12,13,31163,770
30048,12,13,30793,1050
30048,12,13,30423,1260
46371,12,13,47857,0
46371,12,13,47487,770
46371,12,13,47117,1330
27455,12,13,28566,0
27455,12,13,28196,490
27455,12,13,27826,770
27455,12,13,27456,980
27455,12,13,1,1260
42291,12,13,44516,0
42291,12,13,44146,350
42291,12,13,43776,630
42291,12,13,43406,840
42291,12,13,43036,1120
42291,12,13,42666,1330
34498,12,13,36725,0
34498,12,13,36355,490
34498,12,13,35985,770
34498,12,13,35615,1050
34498,12,13,35245,1260
31534,12,13,34127,0
31534,12,13,33757,420
31534,12,13,33387,630
31534,12,13,33017,910
31534,12,13,32647,1120
31534,12,13,32277,1400
36725,12,13,38951,0
36725,12,13,38581,350
36725,12,13,38211,630
36725,12,13,37841,840
36725,12,13,37471,1120
36725,12,13,37101,1330
39698,12,13,40809,0
39698,12,13,40439,420
39698,12,13,40069,700
39698,12,13,39699,910
39698,12,13,1,1190
43777,12,13,46370,0
43777,12,13,46000,490
43777,12,13,45630,770
43777,12,13,45260,980
43777,12,13,44890,1260
43777,12,13,44520,1470
37096,12,13,39322,0
37096,12,13,38952,350
37096,12,13,38582,630
37096,12,13,38212,840
37096,12,13,37842,1120
37096,12,13,37472,1330
34132,12,13,35984,0
34132,12,13,35614,420
34132,12,13,35244,630
34132,12,13,34874,910
34132,12,13,34504,1120
34132,12,13,34134,1400
30052,12,13,31163,0
30052,12,13,30793,490
30052,12,13,30423,700
30052,12,13,30053,980
30052,12,13,1,1260
45259,12,13,47484,0
45259,12,13,47114,560
45259,12,13,46744,770
45259,12,13,46374,1050
45259,12,13,46004,1260
39322,12,13,41548,0
39322,12,13,41178,350
39322,12,13,40808,630
39322,12,13,40438,840
39322,12,13,40068,1120
39322,12,13,39698,1330
42295,12,13,43406,0
42295,12,13,43036,490
42295,12,13,42666,700
42295,12,13,42296,980
42295,12,13,1,1190
35614,12,13,38208,0
35614,12,13,37838,420
35614,12,13,37468,700
35614,12,13,37098,980
35614,12,13,36728,1190
35614,12,13,36358,1470
32650,12,13,35240,0
32650,12,13,34870,490
32650,12,13,34500,700
32650,12,13,34130,980
32650,12,13,33760,1190
32650,12,13,33390,1470
39693,12,13,41919,0
39693,12,13,41549,350
39693,12,13,41179,630
39693,12,13,40809,840
39693,12,13,40439,1120
39693,12,13,40069,1330
36729,12,13,38211,0
36729,12,13,37841,560
36729,12,13,37471,770
36729,12,13,37101,1050
36729,12,13,36731,1330
29676,12,13,31532,0
29676,12,13,31162,490
29676,12,13,30792,770
29676,12,13,30422,1050
29676,12,13,30052,1260
34127,12,13,36354,0
34127,12,13,35984,490
34127,12,13,35614,770
34127,12,13,35244,1050
34127,12,13,34874,1260
37100,12,13,38582,0
37100,12,13,38212,560
37100,12,13,37842,770
37100,12,13,37472,1050
37100,12,13,37102,1330
30047,12,13,31903,0
30047,12,13,31533,490
30047,12,13,31163,770
30047,12,13,30793,1050
30047,12,13,30423,1260
38211,12,13,40435,0
38211,12,13,40065,560
38211,12,13,39695,770
38211,12,13,39325,1050
38211,12,13,38955,1330
35247,12,13,37837,0
35247,12,13,37467,490
35247,12,13,37097,700
35247,12,13,36727,980
35247,12,13,36357,1190
35247,12,13,35987,1470
42290,12,13,44516,0
42290,12,13,44146,350
42290,12,13,43776,630
42290,12,13,43406,910
42290,12,13,43036,1120
42290,12,13,42666,1400
27454,12,13,28936,0
27454,12,13,28566,490
27454,12,13,28196,770
27454,12,13,27826,980
27454,12,13,27456,1260
39326,12,13,40808,0
39326,12,13,40438,560
39326,12,13,40068,770
39326,12,13,39698,1050
39326,12,13,39328,1330
32645,12,13,34870,0
32645,12,13,34500,420
32645,12,13,34130,700
32645,12,13,33760,910
32645,12,13,33390,1190
32645,12,13,33020,1400
35618,12,13,38208,0
35618,12,13,37838,490
35618,12,13,37468,700
35618,12,13,37098,980
35618,12,13,36728,1190
35618,12,13,36358,1470
36724,12,13,38951,0
36724,12,13,38581,420
36724,12,13,38211,700
36724,12,13,37841,980
36724,12,13,37471,1190
36724,12,13,37101,1470
39697,12,13,41179,0
39697,12,13,40809,560
39697,12,13,40439,770
39697,12,13,40069,1050
39697,12,13,39699,1330
28565,12,13,30789,0
28565,12,13,30419,350
28565,12,13,30049,560
28565,12,13,29679,840
28565,12,13,29309,1120
28565,12,13,28939,1330
29680,12,13,31162,0
29680,12,13,30792,560
29680,12,13,30422,840
29680,12,13,30052,1050
29680,12,13,29682,1330
44888,12,13,47113,0
44888,12,13,46743,560
44888,12,13,46373,770
44888,12,13,46003,1050
44888,12,13,45633,1260
41924,12,13,43035,0
41924,12,13,42665,490
41924,12,13,42295,700
41924,12,13,41925,980
41924,12,13,1,1190
34131,12,13,36724,0
34131,12,13,36354,420
34131,12,13,35984,630
34131,12,13,35614,910
34131,12,13,35244,1190
34131,12,13,34874,1400
40808,12,13,43032,0
40808,12,13,42662,560
40808,12,13,42292,770
40808,12,13,41922,1050
40808,12,13,41552,1330
37844,12,13,40434,0
37844,12,13,40064,350
37844,12,13,39694,560
37844,12,13,39324,840
37844,12,13,38954,1120
37844,12,13,38584,1330
30051,12,13,31533,0
30051,12,13,31163,560
30051,12,13,30793,840
30051,12,13,30423,1050
30051,12,13,30053,1330
31163,12,13,33756,0
31163,12,13,33386,420
31163,12,13,33016,700
31163,12,13,32646,910
31163,12,13,32276,1190
31163,12,13,31906,1400
35242,12,13,37467,0
35242,12,13,37097,490
35242,12,13,36727,700
35242,12,13,36357,980
35242,12,13,35987,1190
35242,12,13,35617,1470
38215,12,13,40805,0
38215,12,13,40435,350
38215,12,13,40065,560
38215,12,13,39695,840
38215,12,13,39325,1120
38215,12,13,38955,1330
32278,12,13,33389,0
32278,12,13,33019,560
32278,12,13,32649,770
32278,12,13,32279,1050
32278,12,13,1,1330
45258,12,13,47484,0
45258,12,13,47114,560
45258,12,13,46744,770
45258,12,13,46374,1050
45258,12,13,46004,1330
42294,12,13,43776,0
42294,12,13,43406,560
42294,12,13,43036,840
42294,12,13,42666,1050
42294,12,13,42296,1330
43406,12,13,45999,0
43406,12,13,45629,490
43406,12,13,45259,770
43406,12,13,44889,980
43406,12,13,44519,1260
43406,12,13,44149,1470
28198,12,13,30788,0
28198,12,13,30418,350
28198,12,13,30048,630
28198,12,13,29678,910
28198,12,13,29308,1120
28198,12,13,28938,1400
35613,12,13,37838,0
35613,12,13,37468,490
35613,12,13,37098,700
35613,12,13,36728,980
35613,12,13,36358,1190
35613,12,13,35988,1470
32649,12,13,33760,0
32649,12,13,33390,560
32649,12,13,33020,770
32649,12,13,32650,1050
32649,12,13,1,1330
36728,12,13,38951,0
36728,12,13,38581,560
36728,12,13,38211,770
36728,12,13,37841,1050
36728,12,13,37471,1330
28569,12,13,31159,0
28569,12,13,30789,350
28569,12,13,30419,630
28569,12,13,30049,840
28569,12,13,29679,1120
28569,12,13,29309,1330
41919,12,13,44145,0
41919,12,13,43775,350
41919,12,13,43405,630
41919,12,13,43035,910
41919,12,13,42665,1120
41919,12,13,42295,1400
33760,12,13,36353,0
33760,12,13,35983,420
33760,12,13,35613,630
33760,12,13,35243,910
33760,12,13,34873,1190
33760,12,13,34503,1400
37839,12,13,40064,0
37839,12,13,39694,350
37839,12,13,39324,560
37839,12,13,38954,840
37839,12,13,38584,1120
37839,12,13,38214,1330
40812,12,13,43402,0
40812,12,13,43032,350
40812,12,13,42662,560
40812,12,13,42292,840
40812,12,13,41922,1120
40812,12,13,41552,1330
34875,12,13,35986,0
34875,12,13,35616,560
34875,12,13,35246,770
34875,12,13,34876,1050
34875,12,13,1,1330
30046,12,13,31903,0
30046,12,13,31533,560
30046,12,13,31163,840
30046,12,13,30793,1050
30046,12,13,30423,1330
38210,12,13,40435,0
38210,12,13,40065,350
38210,12,13,39695,560
38210,12,13,39325,840
38210,12,13,38955,1120
38210,12,13,38585,1330
32273,12,13,34499,0
32273,12,13,34129,420
32273,12,13,33759,700
32273,12,13,33389,910
32273,12,13,33019,1190
32273,12,13,32649,1400
35246,12,13,36727,0
35246,12,13,36357,350
35246,12,13,35987,560
35246,12,13,35617,840
35246,12,13,35247,1120
35246,12,13,1,1330
39325,12,13,41548,0
39325,12,13,41178,560
39325,12,13,40808,770
39325,12,13,40438,1050
39325,12,13,40068,1330
40437,12,13,42661,0
40437,12,13,42291,560
40437,12,13,41921,770
40437,12,13,41551,1050
40437,12,13,41181,1330
32644,12,13,34870,0
32644,12,13,34500,420
32644,12,13,34130,700
32644,12,13,33760,910
32644,12,13,33390,1190
32644,12,13,33020,1400
44516,12,13,46742,0
44516,12,13,46372,560
44516,12,13,46002,770
44516,12,13,45632,1050
44516,12,13,45262,1330
36357,12,13,38580,0
36357,12,13,38210,560
36357,12,13,37840,770
36357,12,13,37470,1050
36357,12,13,37100,1330
28564,12,13,30049,0
28564,12,13,29679,560
28564,12,13,29309,840
28564,12,13,28939,1050
28564,12,13,28569,1330
37472,12,13,38583,0
37472,12,13,38213,420
37472,12,13,37843,700
37472,12,13,37473,910
37472,12,13,1,1190
29679,12,13,32272,0
29679,12,13,31902,350
29679,12,13,31532,560
29679,12,13,31162,840
29679,12,13,30792,1120
29679,12,13,30422,1330
44887,12,13,47113,0
44887,12,13,46743,560
44887,12,13,46373,770
44887,12,13,46003,1050
44887,12,13,45633,1330
41923,12,13,43405,0
41923,12,13,43035,560
41923,12,13,42665,840
41923,12,13,42295,1050
41923,12,13,41925,1330
30791,12,13,33385,0
30791,12,13,33015,350
30791,12,13,32645,630
30791,12,13,32275,910
30791,12,13,31905,1120
30791,12,13,31535,1400
40807,12,13,43032,0
40807,12,13,42662,350
40807,12,13,42292,560
40807,12,13,41922,840
40807,12,13,41552,1120
40807,12,13,41182,1330
34870,12,13,37096,0
34870,12,13,36726,420
34870,12,13,36356,700
34870,12,13,35986,910
34870,12,13,35616,1190
34870,12,13,35246,1400
37843,12,13,38954,0
37843,12,13,38584,420
37843,12,13,38214,700
37843,12,13,37844,910
37843,12,13,1,1190
31162,12,13,33756,0
31162,12,13,33386,420
31162,12,13,33016,630
31162,12,13,32646,910
31162,12,13,32276,1190
31162,12,13,31906,1400
35241,12,13,37467,0
35241,12,13,37097,490
35241,12,13,36727,700
35241,12,13,36357,980
35241,12,13,35987,1190
35241,12,13,35617,1470
32277,12,13,34129,0
32277,12,13,33759,420
32277,12,13,33389,630
32277,12,13,33019,910
32277,12,13,32649,1190
32277,12,13,32279,1400
43405,12,13,45999,0
43405,12,13,45629,490
43405,12,13,45259,700
43405,12,13,44889,980
43405,12,13,44519,1190
43405,12,13,44149,1470
28197,12,13,29308,0
28197,12,13,28938,490
28197,12,13,28568,700
28197,12,13,28198,980
28197,12,13,1,1190
40441,12,13,43031,0
40441,12,13,42661,350
40441,12,13,42291,560
40441,12,13,41921,840
40441,12,13,41551,1120
40441,12,13,41181,1330
44520,12,13,46372,0
44520,12,13,46002,490
44520,12,13,45632,770
44520,12,13,45262,980
44520,12,13,44892,1260
44520,12,13,44522,1470
37467,12,13,39693,0
37467,12,13,39323,350
37467,12,13,38953,630
37467,12,13,38583,840
37467,12,13,38213,1120
37467,12,13,37843,1330
33759,12,13,36353,0
33759,12,13,35983,420
33759,12,13,35613,630
33759,12,13,35243,910
33759,12,13,34873,1190
33759,12,13,34503,1400
30795,12,13,33385,0
30795,12,13,33015,490
30795,12,13,32645,700
30795,12,13,32275,980
30795,12,13,31905,1190
30795,12,13,31535,1470
37838,12,13,40064,0
37838,12,13,39694,350
37838,12,13,39324,630
37838,12,13,38954,840
37838,12,13,38584,1120
37838,12,13,38214,1330
34874,12,13,36726,0
34874,12,13,36356,420
34874,12,13,35986,630
34874,12,13,35616,910
34874,12,13,35246,1120
34874,12,13,34876,1400
31166,12,13,33756,0
31166,12,13,33386,490
31166,12,13,33016,770
31166,12,13,32646,980
31166,12,13,32276,1260
32272,12,13,34499,0
32272,12,13,34129,490
32272,12,13,33759,770
32272,12,13,33389,1050
32272,12,13,33019,1260
40436,12,13,42661,0
40436,12,13,42291,350
40436,12,13,41921,560
40436,12,13,41551,840
40436,12,13,41181,1120
40436,12,13,40811,1330
36356,12,13,38580,0
36356,12,13,38210,560
36356,12,13,37840,770
36356,12,13,37470,1050
36356,12,13,37100,1330
33392,12,13,35982,0
33392,12,13,35612,490
33392,12,13,35242,700
33392,12,13,34872,980
33392,12,13,34502,1190
33392,12,13,34132,1470
37471,12,13,38953,0
37471,12,13,38583,560
37471,12,13,38213,770
37471,12,13,37843,1050
37471,12,13,37473,1330
41922,12,13,44145,0
41922,12,13,43775,560
41922,12,13,43405,840
41922,12,13,43035,1050
41922,12,13,42665,1330
30790,12,13,33015,0
30790,12,13,32645,420
30790,12,13,32275,630
30790,12,13,31905,910
30790,12,13,31535,1120
30790,12,13,31165,1400
33763,12,13,36353,0
33763,12,13,35983,490
33763,12,13,35613,700
33763,12,13,35243,980
33763,12,13,34873,1190
33763,12,13,34503,1470
27826,12,13,28937,0
27826,12,13,28567,490
27826,12,13,28197,770
27826,12,13,27827,980
27826,12,13,1,1260
34869,12,13,37096,0
34869,12,13,36726,490
34869,12,13,36356,770
34869,12,13,35986,1050
34869,12,13,35616,1260
37842,12,13,39324,0
37842,12,13,38954,560
37842,12,13,38584,770
37842,12,13,38214,1050
37842,12,13,37844,1330
38954,12,13,41177,0
38954,12,13,40807,560
38954,12,13,40437,770
38954,12,13,40067,1050
38954,12,13,39697,1330
31161,12,13,33386,0
31161,12,13,33016,420
31161,12,13,32646,700
31161,12,13,32276,910
31161,12,13,31906,1190
31161,12,13,31536,1400
43033,12,13,45258,0
43033,12,13,44888,350
43033,12,13,44518,630
43033,12,13,44148,840
43033,12,13,43778,1120
43033,12,13,43408,1330
40069,12,13,41180,0
40069,12,13,40810,420
40069,12,13,40440,700
40069,12,13,40070,910
40069,12,13,1,1190
32276,12,13,34869,0
32276,12,13,34499,420
32276,12,13,34129,630
32276,12,13,33759,910
32276,12,13,33389,1190
32276,12,13,33019,1400
35989,12,13,38579,0
35989,12,13,38209,420
35989,12,13,37839,630
35989,12,13,37469,910
35989,12,13,37099,1120
35989,12,13,36729,1400
43404,12,13,45629,0
43404,12,13,45259,560
43404,12,13,44889,770
43404,12,13,44519,1050
43404,12,13,44149,1260
28196,12,13,29678,0
28196,12,13,29308,490
28196,12,13,28938,700
28196,12,13,28568,980
28196,12,13,28198,1190
28196,12,13,1,1470
40440,12,13,41551,0
40440,12,13,41181,420
40440,12,13,40811,700
40440,12,13,40441,910
40440,12,13,1,1190
44519,12,13,47112,0
44519,12,13,46742,490
44519,12,13,46372,770
44519,12,13,46002,980
44519,12,13,45632,1260
44519,12,13,45262,1470
29308,12,13,31531,0
29308,12,13,31161,350
29308,12,13,30791,630
29308,12,13,30421,840
29308,12,13,30051,1120
29308,12,13,29681,1400
33387,12,13,35612,0
33387,12,13,35242,420
33387,12,13,34872,700
33387,12,13,34502,910
33387,12,13,34132,1190
33387,12,13,33762,1400
36360,12,13,38950,0
36360,12,13,38580,350
36360,12,13,38210,560
36360,12,13,37840,840
36360,12,13,37470,1120
36360,12,13,37100,1330
30423,12,13,31534,0
30423,12,13,31164,490
30423,12,13,30794,700
30423,12,13,30424,980
30423,12,13,1,1260
37466,12,13,39693,0
37466,12,13,39323,420
37466,12,13,38953,700
37466,12,13,38583,980
37466,12,13,38213,1190
37466,12,13,37843,1470
41551,12,13,43774,0
41551,12,13,43404,560
41551,12,13,43034,840
41551,12,13,42664,1050
41551,12,13,42294,1330
33758,12,13,35983,0
33758,12,13,35613,420
33758,12,13,35243,700
33758,12,13,34873,910
33758,12,13,34503,1190
33758,12,13,34133,1400
45630,12,13,47485,0
45630,12,13,47115,770
45630,12,13,46745,1050
45630,12,13,46375,1260
30794,12,13,31905,0
30794,12,13,31535,560
30794,12,13,31165,770
30794,12,13,30795,1050
30794,12,13,1,1260
42666,12,13,43777,0
42666,12,13,43407,490
42666,12,13,43037,700
42666,12,13,42667,980
42666,12,13,1,1190
34873,12,13,37466,0
34873,12,13,37096,420
34873,12,13,36726,630
34873,12,13,36356,910
34873,12,13,35986,1190
34873,12,13,35616,1400
46001,12,13,47856,0
46001,12,13,47486,560
46001,12,13,47116,1050
46001,12,13,46746,1260
40064,12,13,42290,0
40064,12,13,41920,350
40064,12,13,41550,630
40064,12,13,41180,840
40064,12,13,40810,1120
40064,12,13,40440,1330
43037,12,13,44148,0
43037,12,13,43778,490
43037,12,13,43408,700
43037,12,13,43038,980
43037,12,13,1,1190
31905,12,13,34498,0
31905,12,13,34128,420
31905,12,13,33758,630
31905,12,13,33388,910
31905,12,13,33018,1120
31905,12,13,32648,1400
35984,12,13,38209,0
35984,12,13,37839,420
35984,12,13,37469,630
35984,12,13,37099,910
35984,12,13,36729,1120
35984,12,13,36359,1400
33020,12,13,34131,0
33020,12,13,33761,560
33020,12,13,33391,770
33020,12,13,33021,1050
33020,12,13,1,1330
40435,12,13,42661,0
40435,12,13,42291,350
40435,12,13,41921,630
40435,12,13,41551,840
40435,12,13,41181,1120
40435,12,13,40811,1330
44148,12,13,46741,0
44148,12,13,46371,490
44148,12,13,46001,770
44148,12,13,45631,980
44148,12,13,45261,1260
44148,12,13,44891,1470
36355,12,13,38580,0
36355,12,13,38210,350
36355,12,13,37840,560
36355,12,13,37470,840
36355,12,13,37100,1120
36355,12,13,36730,1330
30418,12,13,32274,0
30418,12,13,31904,490
30418,12,13,31534,770
30418,12,13,31164,1050
30418,12,13,30794,1260
33391,12,13,34502,0
33391,12,13,34132,560
33391,12,13,33762,770
33391,12,13,33392,1050
33391,12,13,1,1330
37470,12,13,39693,0
37470,12,13,39323,560
37470,12,13,38953,770
37470,12,13,38583,1050
37470,12,13,38213,1330
38582,12,13,40806,0
38582,12,13,40436,560
38582,12,13,40066,770
38582,12,13,39696,1050
38582,12,13,39326,1330
30789,12,13,33015,0
30789,12,13,32645,350
30789,12,13,32275,630
30789,12,13,31905,840
30789,12,13,31535,1120
30789,12,13,31165,1400
27825,12,13,29307,0
27825,12,13,28937,490
27825,12,13,28567,770
27825,12,13,28197,980
27825,12,13,27827,1260
42661,12,13,44887,0
42661,12,13,44517,350
42661,12,13,44147,630
42661,12,13,43777,910
42661,12,13,43407,1120
42661,12,13,43037,1400
34502,12,13,37095,0
34502,12,13,36725,420
34502,12,13,36355,630
34502,12,13,35985,910
34502,12,13,35615,1190
34502,12,13,35245,1400
38953,12,13,41177,0
38953,12,13,40807,560
38953,12,13,40437,770
38953,12,13,40067,1050
38953,12,13,39697,1330
43032,12,13,45258,0
43032,12,13,44888,350
43032,12,13,44518,630
43032,12,13,44148,910
43032,12,13,43778,1120
43032,12,13,43408,1400
40068,12,13,41550,0
40068,12,13,41180,560
40068,12,13,40810,770
40068,12,13,40440,1050
40068,12,13,40070,1330
28936,12,13,31160,0
28936,12,13,30790,350
28936,12,13,30420,560
28936,12,13,30050,840
28936,12,13,29680,1120
28936,12,13,29310,1330
33015,12,13,35241,0
33015,12,13,34871,420
33015,12,13,34501,700
33015,12,13,34131,910
33015,12,13,33761,1190
33015,12,13,33391,1400
35988,12,13,37099,0
35988,12,13,36729,490
35988,12,13,36359,770
35988,12,13,35989,980
35988,12,13,1,1260
29307,12,13,31531,0
29307,12,13,31161,350
29307,12,13,30791,560
29307,12,13,30421,840
29307,12,13,30051,1120
29307,12,13,29681,1330
41179,12,13,43403,0
41179,12,13,43033,560
41179,12,13,42663,770
41179,12,13,42293,1050
41179,12,13,41923,1330
33386,12,13,35612,0
33386,12,13,35242,420
33386,12,13,34872,700
33386,12,13,34502,910
33386,12,13,34132,1190
33386,12,13,33762,1400
30422,12,13,31904,0
30422,12,13,31534,560
30422,12,13,31164,840
30422,12,13,30794,1050
30422,12,13,30424,1330
41550,12,13,43774,0
41550,12,13,43404,560
41550,12,13,43034,840
41550,12,13,42664,1050
41550,12,13,42294,1330
38586,12,13,41176,0
38586,12,13,40806,350
38586,12,13,40436,560
38586,12,13,40066,840
38586,12,13,39696,1120
38586,12,13,39326,1330
45629,12,13,47485,0
45629,12,13,47115,770
45629,12,13,46745,1050
45629,12,13,46375,1330
42665,12,13,44147,0
42665,12,13,43777,560
42665,12,13,43407,840
42665,12,13,43037,1050
42665,12,13,42667,1330
31533,12,13,34127,0
31533,12,13,33757,420
31533,12,13,33387,630
31533,12,13,33017,910
31533,12,13,32647,1120
31533,12,13,32277,1400
38957,12,13,41547,0
38957,12,13,41177,350
38957,12,13,40807,560
38957,12,13,40437,840
38957,12,13,40067,1120
38957,12,13,39697,1330
31904,12,13,34498,0
31904,12,13,34128,420
31904,12,13,33758,630
31904,12,13,33388,910
31904,12,13,33018,1120
31904,12,13,32648,1400
28940,12,13,31530,0
28940,12,13,31160,350
28940,12,13,30790,630
28940,12,13,30420,840
28940,12,13,30050,1120
28940,12,13,29680,1330
43776,12,13,46370,0
43776,12,13,46000,490
43776,12,13,45630,700
43776,12,13,45260,980
43776,12,13,44890,1190
43776,12,13,44520,1470
35983,12,13,38209,0
35983,12,13,37839,420
35983,12,13,37469,700
35983,12,13,37099,910
35983,12,13,36729,1190
35983,12,13,36359,1400
33019,12,13,34871,0
33019,12,13,34501,420
33019,12,13,34131,630
33019,12,13,33761,910
33019,12,13,33391,1120
33019,12,13,33021,1400
37095,12,13,39322,0
37095,12,13,38952,420
37095,12,13,38582,700
37095,12,13,38212,980
37095,12,13,37842,1190
37095,12,13,37472,1470
29311,12,13,31901,0
29311,12,13,31531,350
29311,12,13,31161,630
29311,12,13,30791,840
29311,12,13,30421,1120
29311,12,13,30051,1330
44147,12,13,46741,0
44147,12,13,46371,490
44147,12,13,46001,700
44147,12,13,45631,980
44147,12,13,45261,1190
44147,12,13,44891,1470
41183,12,13,43773,0
41183,12,13,43403,350
41183,12,13,43033,560
41183,12,13,42663,840
41183,12,13,42293,1120
41183,12,13,41923,1330
30417,12,13,32274,0
30417,12,13,31904,560
30417,12,13,31534,840
30417,12,13,31164,1050
30417,12,13,30794,1330
38581,12,13,40806,0
38581,12,13,40436,350
38581,12,13,40066,560
38581,12,13,39696,840
38581,12,13,39326,1120
38581,12,13,38956,1330
41554,12,13,44144,0
41554,12,13,43774,350
41554,12,13,43404,630
41554,12,13,43034,840
41554,12,13,42664,1120
41554,12,13,42294,1330
34501,12,13,37095,0
34501,12,13,36725,420
34501,12,13,36355,630
34501,12,13,35985,910
34501,12,13,35615,1190
34501,12,13,35245,1400
31537,12,13,34127,0
31537,12,13,33757,490
31537,12,13,33387,700
31537,12,13,33017,980
31537,12,13,32647,1190
31537,12,13,32277,1470
28935,12,13,30420,0
28935,12,13,30050,560
28935,12,13,29680,840
28935,12,13,29310,1050
28935,12,13,28940,1330
31908,12,13,34498,0
31908,12,13,34128,490
31908,12,13,33758,700
31908,12,13,33388,980
31908,12,13,33018,1190
31908,12,13,32648,1470
33014,12,13,35241,0
33014,12,13,34871,490
33014,12,13,34501,770
33014,12,13,34131,1050
33014,12,13,33761,1260
37099,12,13,39322,0
37099,12,13,38952,560
37099,12,13,38582,770
37099,12,13,38212,1050
37099,12,13,37842,1330
41178,12,13,43403,0
41178,12,13,43033,350
41178,12,13,42663,560
41178,12,13,42293,840
41178,12,13,41923,1120
41178,12,13,41553,1330
38585,12,13,39696,0
38585,12,13,39326,420
38585,12,13,38956,700
38585,12,13,38586,910
38585,12,13,1,1190
31532,12,13,33757,0
31532,12,13,33387,420
31532,12,13,33017,630
31532,12,13,32647,910
31532,12,13,32277,1190
31532,12,13,31907,1400
34505,12,13,37095,0
34505,12,13,36725,490
34505,12,13,36355,700
34505,12,13,35985,980
34505,12,13,35615,1190
34505,12,13,35245,1470
35617,13,14,37098,0
35617,13,14,36728,350
35617,13,14,36358,560
35617,13,14,35988,840
35617,13,14,35618,1120
35617,13,14,1,1330
39696,13,14,41919,0
39696,13,14,41549,560
39696,13,14,41179,840
39696,13,14,40809,1050
39696,13,14,40439,1330
28939,13,14,30050,0
28939,13,14,29680,420
28939,13,14,29310,700
28939,13,14,28940,910
28939,13,14,1,1190
43775,13,14,46000,0
43775,13,14,45630,560
43775,13,14,45260,770
43775,13,14,44890,1050
43775,13,14,44520,1260
34130,13,14,36724,0
34130,13,14,36354,420
34130,13,14,35984,630
34130,13,14,35614,910
34130,13,14,35244,1190
34130,13,14,34874,1400
44146,13,14,46371,0
44146,13,14,46001,560
44146,13,14,45631,770
44146,13,14,45261,1050
44146,13,14,44891,1260
41182,13,14,42293,0
41182,13,14,41923,420
41182,13,14,41553,700
41182,13,14,41183,980
41182,13,14,1,1190
30050,13,14,32643,0
30050,13,14,32273,350
30050,13,14,31903,630
30050,13,14,31533,840
30050,13,14,31163,1120
30050,13,14,30793,1330
46373,13,14,48227,0
46373,13,14,47857,490
46373,13,14,47487,980
46373,13,14,47117,1470
38580,13,14,40806,0
38580,13,14,40436,350
38580,13,14,40066,630
38580,13,14,39696,840
38580,13,14,39326,1120
38580,13,14,38956,1400
38214,13,14,39325,0
38214,13,14,38955,420
38214,13,14,38585,700
38214,13,14,38215,980
38214,13,14,1,1190
45257,13,14,47484,0
45257,13,14,47114,630
45257,13,14,46744,910
45257,13,14,46374,1120
45257,13,14,46004,1400
42293,13,14,44516,0
42293,13,14,44146,560
42293,13,14,43776,840
42293,13,14,43406,1050
42293,13,14,43036,1330
34500,13,14,36725,0
34500,13,14,36355,420
34500,13,14,35985,700
34500,13,14,35615,910
34500,13,14,35245,1190
34500,13,14,34875,1400
31536,13,14,32647,0
31536,13,14,32277,560
31536,13,14,31907,770
31536,13,14,31537,1050
31536,13,14,1,1260
35612,13,14,37838,0
35612,13,14,37468,490
35612,13,14,37098,700
35612,13,14,36728,980
35612,13,14,36358,1260
35612,13,14,35988,1470
32648,13,14,34500,0
32648,13,14,34130,420
32648,13,14,33760,700
32648,13,14,33390,910
32648,13,14,33020,1190
32648,13,14,32650,1400
36727,13,14,38951,0
36727,13,14,38581,560
36727,13,14,38211,840
36727,13,14,37841,1050
36727,13,14,37471,1330
46743,13,14,48228,0
46743,13,14,47858,560
46743,13,14,47488,1050
43779,13,14,45260,0
43779,13,14,44890,350
43779,13,14,44520,630
43779,13,14,44150,840
43779,13,14,43780,1120
43779,13,14,1,1330
28568,13,14,29679,0
28568,13,14,29309,420
28568,13,14,28939,700
28568,13,14,28569,910
28568,13,14,1,1190
47855,13,14,48971,0
47855,13,14,48601,630
47855,13,14,48231,1120
44891,13,14,46743,0
44891,13,14,46373,490
44891,13,14,46003,770
44891,13,14,45633,980
44891,13,14,45263,1260
44891,13,14,44893,1470
37098,13,14,39322,0
37098,13,14,38952,560
37098,13,14,38582,840
37098,13,14,38212,1050
37098,13,14,37842,1330
34134,13,14,36724,0
34134,13,14,36354,490
34134,13,14,35984,700
34134,13,14,35614,980
34134,13,14,35244,1190
34134,13,14,34874,1470
41177,13,14,43403,0
41177,13,14,43033,350
41177,13,14,42663,630
41177,13,14,42293,840
41177,13,14,41923,1120
41177,13,14,41553,1400
40811,13,14,41922,0
40811,13,14,41552,420
40811,13,14,41182,700
40811,13,14,40812,980
40811,13,14,1,1190
38209,13,14,40435,0
38209,13,14,40065,350
38209,13,14,39695,630
38209,13,14,39325,840
38209,13,14,38955,1120
38209,13,14,38585,1400
35245,13,14,37097,0
35245,13,14,36727,420
35245,13,14,36357,700
35245,13,14,35987,980
35245,13,14,35617,1190
35245,13,14,35247,1470
45261,13,14,47484,0
45261,13,14,47114,770
45261,13,14,46744,980
45261,13,14,46374,1260
45261,13,14,46004,1470
39324,13,14,41548,0
39324,13,14,41178,560
39324,13,14,40808,840
39324,13,14,40438,1050
39324,13,14,40068,1330
31531,13,14,33757,0
31531,13,14,33387,420
31531,13,14,33017,700
31531,13,14,32647,910
31531,13,14,32277,1190
31531,13,14,31907,1400
32643,13,14,34870,0
32643,13,14,34500,560
32643,13,14,34130,770
32643,13,14,33760,1050
32643,13,14,33390,1260
35616,13,14,37468,0
35616,13,14,37098,420
35616,13,14,36728,700
35616,13,14,36358,980
35616,13,14,35988,1190
35616,13,14,35618,1470
39695,13,14,41919,0
39695,13,14,41549,560
39695,13,14,41179,840
39695,13,14,40809,1050
39695,13,14,40439,1330
36731,13,14,39321,0
36731,13,14,38951,350
36731,13,14,38581,560
36731,13,14,38211,840
36731,13,14,37841,1120
36731,13,14,37471,1330
43774,13,14,46000,0
43774,13,14,45630,560
43774,13,14,45260,840
43774,13,14,44890,1050
43774,13,14,44520,1330
44886,13,14,47483,0
44886,13,14,47113,420
44886,13,14,46743,630
44886,13,14,46373,910
44886,13,14,46003,1120
44886,13,14,45633,1400
29678,13,14,31902,0
29678,13,14,31532,560
29678,13,14,31162,840
29678,13,14,30792,1050
29678,13,14,30422,1330
34129,13,14,36354,0
34129,13,14,35984,420
34129,13,14,35614,700
34129,13,14,35244,910
34129,13,14,34874,1190
34129,13,14,34504,1400
40806,13,14,43032,0
40806,13,14,42662,350
40806,13,14,42292,630
40806,13,14,41922,840
40806,13,14,41552,1120
40806,13,14,41182,1400
30049,13,14,32273,0
30049,13,14,31903,560
30049,13,14,31533,840
30049,13,14,31163,1050
30049,13,14,30793,1330
46372,13,14,47857,0
46372,13,14,47487,770
46372,13,14,47117,1260
35240,13,14,37467,0
35240,13,14,37097,560
35240,13,14,36727,840
35240,13,14,36357,1050
35240,13,14,35987,1330
38213,13,14,39695,0
38213,13,14,39325,560
38213,13,14,38955,840
38213,13,14,38585,1050
38213,13,14,38215,1330
42292,13,14,44516,0
42292,13,14,44146,560
42292,13,14,43776,840
42292,13,14,43406,1050
42292,13,14,43036,1330
39328,13,14,41918,0
39328,13,14,41548,350
39328,13,14,41178,560
39328,13,14,40808,840
39328,13,14,40438,1120
39328,13,14,40068,1330
35611,13,14,37838,0
35611,13,14,37468,560
35611,13,14,37098,840
35611,13,14,36728,1050
35611,13,14,36358,1330
32647,13,14,35240,0
32647,13,14,34870,420
32647,13,14,34500,700
32647,13,14,34130,910
32647,13,14,33760,1190
32647,13,14,33390,1400
47483,13,14,48600,0
47483,13,14,48230,630
47483,13,14,47860,1120
36726,13,14,38951,0
36726,13,14,38581,350
36726,13,14,38211,630
36726,13,14,37841,840
36726,13,14,37471,1120
36726,13,14,37101,1330
28567,13,14,30049,0
28567,13,14,29679,420
28567,13,14,29309,700
28567,13,14,28939,980
28567,13,14,28569,1190
28567,13,14,1,1470
44890,13,14,47483,0
44890,13,14,47113,490
44890,13,14,46743,770
44890,13,14,46373,980
44890,13,14,46003,1260
44890,13,14,45633,1470
29682,13,14,32272,0
29682,13,14,31902,420
29682,13,14,31532,630
29682,13,14,31162,910
29682,13,14,30792,1120
29682,13,14,30422,1400
37837,13,14,40064,0
37837,13,14,39694,490
37837,13,14,39324,700
37837,13,14,38954,980
37837,13,14,38584,1190
37837,13,14,38214,1470
40810,13,14,42292,0
40810,13,14,41922,560
40810,13,14,41552,840
40810,13,14,41182,1050
40810,13,14,40812,1330
31165,13,14,32276,0
31165,13,14,31906,560
31165,13,14,31536,840
31165,13,14,31166,1050
31165,13,14,1,1330
38208,13,14,40435,0
38208,13,14,40065,490
38208,13,14,39695,700
38208,13,14,39325,980
38208,13,14,38955,1190
38208,13,14,38585,1470
35244,13,14,37837,0
35244,13,14,37467,420
35244,13,14,37097,700
35244,13,14,36727,980
35244,13,14,36357,1190
35244,13,14,35987,1470
39323,13,14,41548,0
39323,13,14,41178,350
39323,13,14,40808,630
39323,13,14,40438,840
39323,13,14,40068,1120
39323,13,14,39698,1330
42296,13,14,44886,0
42296,13,14,44516,350
42296,13,14,44146,630
42296,13,14,43776,840
42296,13,14,43406,1120
42296,13,14,43036,1330
43408,13,14,44889,0
43408,13,14,44519,350
43408,13,14,44149,630
43408,13,14,43779,840
43408,13,14,43409,1120
43408,13,14,1,1330
35615,13,14,38208,0
35615,13,14,37838,420
35615,13,14,37468,700
35615,13,14,37098,980
35615,13,14,36728,1190
35615,13,14,36358,1470
47487,13,14,48600,0
47487,13,14,48230,770
47487,13,14,47860,1260
36730,13,14,37841,0
36730,13,14,37471,420
36730,13,14,37101,700
36730,13,14,36731,980
36730,13,14,1,1190
29677,13,14,31532,0
29677,13,14,31162,560
29677,13,14,30792,770
29677,13,14,30422,1050
29677,13,14,30052,1330
41921,13,14,44145,0
41921,13,14,43775,560
41921,13,14,43405,840
41921,13,14,43035,1050
41921,13,14,42665,1330
33762,13,14,34873,0
33762,13,14,34503,560
33762,13,14,34133,770
33762,13,14,33763,1050
33762,13,14,1,1330
40805,13,14,43032,0
40805,13,14,42662,490
40805,13,14,42292,700
40805,13,14,41922,980
40805,13,14,41552,1190
40805,13,14,41182,1470
37841,13,14,40064,0
37841,13,14,39694,560
37841,13,14,39324,840
37841,13,14,38954,1050
37841,13,14,38584,1330
31160,13,14,33386,0
31160,13,14,33016,420
31160,13,14,32646,700
31160,13,14,32276,980
31160,13,14,31906,1190
31160,13,14,31536,1470
38212,13,14,40435,0
38212,13,14,40065,560
38212,13,14,39695,840
38212,13,14,39325,1050
38212,13,14,38955,1330
32275,13,14,34869,0
32275,13,14,34499,420
32275,13,14,34129,700
32275,13,14,33759,910
32275,13,14,33389,1190
32275,13,14,33019,1400
39327,13,14,40438,0
39327,13,14,40068,420
39327,13,14,39698,700
39327,13,14,39328,980
39327,13,14,1,1190
43403,13,14,45629,0
43403,13,14,45259,560
43403,13,14,44889,840
43403,13,14,44519,1050
43403,13,14,44149,1330
28195,13,14,30418,0
28195,13,14,30048,420
28195,13,14,29678,630
28195,13,14,29308,910
28195,13,14,28938,1120
28195,13,14,28568,1400
40439,13,14,41921,0
40439,13,14,41551,560
40439,13,14,41181,840
40439,13,14,40811,1050
40439,13,14,40441,1330
32646,13,14,35240,0
32646,13,14,34870,420
32646,13,14,34500,700
32646,13,14,34130,910
32646,13,14,33760,1190
32646,13,14,33390,1400
44518,13,14,47112,0
44518,13,14,46742,490
44518,13,14,46372,700
44518,13,14,46002,980
44518,13,14,45632,1190
44518,13,14,45262,1470
36359,13,14,37470,0
36359,13,14,37100,420
36359,13,14,36730,700
36359,13,14,36360,980
36359,13,14,1,1190
28566,13,14,30789,0
28566,13,14,30419,350
28566,13,14,30049,630
28566,13,14,29679,910
28566,13,14,29309,1120
28566,13,14,28939,1400
44889,13,14,47483,0
44889,13,14,47113,490
44889,13,14,46743,700
44889,13,14,46373,980
44889,13,14,46003,1190
44889,13,14,45633,1470
29681,13,14,30792,0
29681,13,14,30422,490
29681,13,14,30052,700
29681,13,14,29682,980
29681,13,14,1,1260
41925,13,14,44515,0
41925,13,14,44145,350
41925,13,14,43775,630
41925,13,14,43405,840
41925,13,14,43035,1120
41925,13,14,42665,1330
33757,13,14,35983,0
33757,13,14,35613,420
33757,13,14,35243,700
33757,13,14,34873,910
33757,13,14,34503,1190
33757,13,14,34133,1470
30793,13,14,32645,0
30793,13,14,32275,420
30793,13,14,31905,630
30793,13,14,31535,910
30793,13,14,31165,1120
30793,13,14,30795,1400
40809,13,14,43032,0
40809,13,14,42662,560
40809,13,14,42292,840
40809,13,14,41922,1050
40809,13,14,41552,1330
34872,13,14,37466,0
34872,13,14,37096,420
34872,13,14,36726,630
34872,13,14,36356,910
34872,13,14,35986,1190
34872,13,14,35616,1400
46000,13,14,47856,0
46000,13,14,47486,560
46000,13,14,47116,1050
46000,13,14,46746,1330
31164,13,14,33016,0
31164,13,14,32646,420
31164,13,14,32276,700
31164,13,14,31906,910
31164,13,14,31536,1190
31164,13,14,31166,1400
43036,13,14,44518,0
43036,13,14,44148,560
43036,13,14,43778,840
43036,13,14,43408,1050
43036,13,14,43038,1330
35243,13,14,37837,0
35243,13,14,37467,420
35243,13,14,37097,700
35243,13,14,36727,980
35243,13,14,36357,1190
35243,13,14,35987,1470
47115,13,14,48599,0
47115,13,14,48229,490
47115,13,14,47859,980
47115,13,14,47489,1470
32279,13,14,34869,0
32279,13,14,34499,490
32279,13,14,34129,700
32279,13,14,33759,980
32279,13,14,33389,1190
32279,13,14,33019,1470
40434,13,14,42661,0
40434,13,14,42291,490
40434,13,14,41921,700
40434,13,14,41551,980
40434,13,14,41181,1190
40434,13,14,40811,1470
43407,13,14,45259,0
43407,13,14,44889,490
43407,13,14,44519,770
43407,13,14,44149,980
43407,13,14,43779,1260
43407,13,14,43409,1470
47486,13,14,48600,0
47486,13,14,48230,700
47486,13,14,47860,1190
44522,13,14,47112,0
44522,13,14,46742,490
44522,13,14,46372,700
44522,13,14,46002,980
44522,13,14,45632,1190
44522,13,14,45262,1470
36354,13,14,38580,0
36354,13,14,38210,350
36354,13,14,37840,630
36354,13,14,37470,840
36354,13,14,37100,1120
36354,13,14,36730,1400
33390,13,14,35242,0
33390,13,14,34872,420
33390,13,14,34502,630
33390,13,14,34132,910
33390,13,14,33762,1190
33390,13,14,33392,1400
37469,13,14,39693,0
37469,13,14,39323,560
37469,13,14,38953,840
37469,13,14,38583,1050
37469,13,14,38213,1330
41920,13,14,44145,0
41920,13,14,43775,350
41920,13,14,43405,630
41920,13,14,43035,840
41920,13,14,42665,1120
41920,13,14,42295,1400
30788,13,14,33015,0
30788,13,14,32645,420
30788,13,14,32275,700
30788,13,14,31905,910
30788,13,14,31535,1190
30788,13,14,31165,1400
33761,13,14,35613,0
33761,13,14,35243,420
33761,13,14,34873,630
33761,13,14,34503,910
33761,13,14,34133,1190
33761,13,14,33763,1400
45633,13,14,47485,0
45633,13,14,47115,490
45633,13,14,46745,770
45633,13,14,46375,980
45633,13,14,46005,1260
45633,13,14,45635,1470
37840,13,14,40064,0
37840,13,14,39694,560
37840,13,14,39324,840
37840,13,14,38954,1050
37840,13,14,38584,1330
34876,13,14,37466,0
34876,13,14,37096,490
34876,13,14,36726,700
34876,13,14,36356,980
34876,13,14,35986,1190
34876,13,14,35616,1470
38952,13,14,41177,0
38952,13,14,40807,350
38952,13,14,40437,630
38952,13,14,40067,840
38952,13,14,39697,1120
38952,13,14,39327,1330
31159,13,14,33386,0
31159,13,14,33016,560
31159,13,14,32646,770
31159,13,14,32276,1050
31159,13,14,31906,1260
43031,13,14,45258,0
43031,13,14,44888,490
43031,13,14,44518,700
43031,13,14,44148,980
43031,13,14,43778,1260
43031,13,14,43408,1470
46004,13,14,47486,0
46004,13,14,47116,770
46004,13,14,46746,980
46004,13,14,46376,1260
46004,13,14,46006,1470
40067,13,14,42290,0
40067,13,14,41920,560
40067,13,14,41550,840
40067,13,14,41180,1050
40067,13,14,40810,1330
32274,13,14,34499,0
32274,13,14,34129,420
32274,13,14,33759,700
32274,13,14,33389,910
32274,13,14,33019,1190
32274,13,14,32649,1470
35987,13,14,37839,0
35987,13,14,37469,350
35987,13,14,37099,630
35987,13,14,36729,840
35987,13,14,36359,1120
35987,13,14,35989,1330
43402,13,14,45999,0
43402,13,14,45629,420
43402,13,14,45259,630
43402,13,14,44889,910
43402,13,14,44519,1120
43402,13,14,44149,1400
40438,13,14,42661,0
40438,13,14,42291,560
40438,13,14,41921,840
40438,13,14,41551,1050
40438,13,14,41181,1330
44517,13,14,46742,0
44517,13,14,46372,560
44517,13,14,46002,770
44517,13,14,45632,1050
44517,13,14,45262,1260
29306,13,14,30791,0
29306,13,14,30421,560
29306,13,14,30051,840
29306,13,14,29681,1050
29306,13,14,29311,1330
33385,13,14,35612,0
33385,13,14,35242,560
33385,13,14,34872,770
33385,13,14,34502,1050
33385,13,14,34132,1260
36358,13,14,37840,0
36358,13,14,37470,560
36358,13,14,37100,840
36358,13,14,36730,1050
36358,13,14,36360,1330
30421,13,14,33014,0
30421,13,14,32644,350
30421,13,14,32274,630
30421,13,14,31904,840
30421,13,14,31534,1120
30421,13,14,31164,1330
37473,13,14,40063,0
37473,13,14,39693,350
37473,13,14,39323,560
37473,13,14,38953,840
37473,13,14,38583,1120
37473,13,14,38213,1330
41549,13,14,43774,0
41549,13,14,43404,350
41549,13,14,43034,630
41549,13,14,42664,840
41549,13,14,42294,1120
41549,13,14,41924,1400
33756,13,14,35983,0
33756,13,14,35613,560
33756,13,14,35243,770
33756,13,14,34873,1050
33756,13,14,34503,1260
30792,13,14,33385,0
30792,13,14,33015,420
30792,13,14,32645,630
30792,13,14,32275,910
30792,13,14,31905,1190
30792,13,14,31535,1400
42664,13,14,44887,0
42664,13,14,44517,560
42664,13,14,44147,840
42664,13,14,43777,1050
42664,13,14,43407,1330
34871,13,14,37096,0
34871,13,14,36726,420
34871,13,14,36356,700
34871,13,14,35986,910
34871,13,14,35616,1190
34871,13,14,35246,1400
38956,13,14,40067,0
38956,13,14,39697,420
38956,13,14,39327,700
38956,13,14,38957,980
38956,13,14,1,1190
45999,13,14,47856,0
45999,13,14,47486,630
45999,13,14,47116,1120
45999,13,14,46746,1400
43035,13,14,45258,0
43035,13,14,44888,560
43035,13,14,44518,840
43035,13,14,44148,1050
43035,13,14,43778,1330
47114,13,14,48229,0
47114,13,14,47859,770
47114,13,14,47489,1260
31903,13,14,34128,0
31903,13,14,33758,420
31903,13,14,33388,700
31903,13,14,33018,910
31903,13,14,32648,1190
31903,13,14,32278,1400
35982,13,14,38209,0
35982,13,14,37839,490
35982,13,14,37469,770
35982,13,14,37099,980
35982,13,14,36729,1260
33018,13,14,35611,0
33018,13,14,35241,420
33018,13,14,34871,630
33018,13,14,34501,910
33018,13,14,34131,1190
33018,13,14,33761,1400
29310,13,14,30421,0
29310,13,14,30051,420
29310,13,14,29681,700
29310,13,14,29311,910
29310,13,14,1,1190
36353,13,14,38580,0
36353,13,14,38210,490
36353,13,14,37840,700
36353,13,14,37470,980
36353,13,14,37100,1190
36353,13,14,36730,1470
33389,13,14,35982,0
33389,13,14,35612,420
33389,13,14,35242,630
33389,13,14,34872,910
33389,13,14,34502,1190
33389,13,14,34132,1400
37468,13,14,39693,0
37468,13,14,39323,350
37468,13,14,38953,630
37468,13,14,38583,840
37468,13,14,38213,1120
37468,13,14,37843,1330
41553,13,14,42664,0
41553,13,14,42294,490
41553,13,14,41924,700
41553,13,14,41554,980
41553,13,14,1,1190
45632,13,14,47855,0
45632,13,14,47485,490
45632,13,14,47115,980
45632,13,14,46745,1260
45632,13,14,46375,1470
38951,13,14,41177,0
38951,13,14,40807,350
38951,13,14,40437,630
38951,13,14,40067,840
38951,13,14,39697,1120
38951,13,14,39327,1400
40066,13,14,42290,0
40066,13,14,41920,560
40066,13,14,41550,840
40066,13,14,41180,1050
40066,13,14,40810,1330
31907,13,14,33018,0
31907,13,14,32648,560
31907,13,14,32278,770
31907,13,14,31908,1050
31907,13,14,1,1260
35986,13,14,38579,0
35986,13,14,38209,350
35986,13,14,37839,630
35986,13,14,37469,840
35986,13,14,37099,1120
35986,13,14,36729,1400
29305,13,14,30791,0
29305,13,14,30421,560
29305,13,14,30051,840
29305,13,14,29681,1050
29305,13,14,29311,1330
44150,13,14,45631,0
44150,13,14,45261,350
44150,13,14,44891,630
44150,13,14,44521,840
44150,13,14,44151,1120
44150,13,14,1,1330
30420,13,14,32644,0
30420,13,14,32274,560
30420,13,14,31904,840
30420,13,14,31534,1050
30420,13,14,31164,1330
41548,13,14,43774,0
41548,13,14,43404,420
41548,13,14,43034,630
41548,13,14,42664,910
41548,13,14,42294,1120
41548,13,14,41924,1400
38584,13,14,40066,0
38584,13,14,39696,560
38584,13,14,39326,840
38584,13,14,38956,1050
38584,13,14,38586,1330
42663,13,14,44887,0
42663,13,14,44517,560
42663,13,14,44147,840
42663,13,14,43777,1050
42663,13,14,43407,1330
27827,13,14,30417,0
27827,13,14,30047,420
27827,13,14,29677,700
27827,13,14,29307,910
27827,13,14,28937,1190
27827,13,14,28567,1400
34504,13,14,35615,0
34504,13,14,35245,560
34504,13,14,34875,770
34504,13,14,34505,1050
34504,13,14,1,1330
38955,13,14,40437,0
38955,13,14,40067,560
38955,13,14,39697,840
38955,13,14,39327,1050
38955,13,14,38957,1330
43034,13,14,45258,0
43034,13,14,44888,560
43034,13,14,44518,840
43034,13,14,44148,1050
43034,13,14,43778,1330
40070,13,14,42660,0
40070,13,14,42290,350
40070,13,14,41920,560
40070,13,14,41550,840
40070,13,14,41180,1120
40070,13,14,40810,1330
31902,13,14,34128,0
31902,13,14,33758,420
31902,13,14,33388,700
31902,13,14,33018,910
31902,13,14,32648,1190
31902,13,14,32278,1400
28938,13,14,30420,0
28938,13,14,30050,420
28938,13,14,29680,700
28938,13,14,29310,980
28938,13,14,28940,1190
28938,13,14,1,1470
33017,13,14,35611,0
33017,13,14,35241,420
33017,13,14,34871,630
33017,13,14,34501,910
33017,13,14,34131,1190
33017,13,14,33761,1400
37102,13,14,39692,0
37102,13,14,39322,350
37102,13,14,38952,560
37102,13,14,38582,840
37102,13,14,38212,1120
37102,13,14,37842,1330
29309,13,14,30791,0
29309,13,14,30421,420
29309,13,14,30051,700
29309,13,14,29681,980
29309,13,14,29311,1190
29309,13,14,1,1470
44145,13,14,46371,0
44145,13,14,46001,560
44145,13,14,45631,840
44145,13,14,45261,1050
44145,13,14,44891,1330
41181,13,14,42663,0
41181,13,14,42293,560
41181,13,14,41923,840
41181,13,14,41553,1050
41181,13,14,41183,1330
33388,13,14,35982,0
33388,13,14,35612,420
33388,13,14,35242,630
33388,13,14,34872,910
33388,13,14,34502,1190
33388,13,14,34132,1400
30424,13,14,33014,0
30424,13,14,32644,420
30424,13,14,32274,630
30424,13,14,31904,910
30424,13,14,31534,1120
30424,13,14,31164,1400
38579,13,14,40806,0
38579,13,14,40436,490
38579,13,14,40066,700
38579,13,14,39696,980
38579,13,14,39326,1190
38579,13,14,38956,1470
41552,13,14,43034,0
41552,13,14,42664,560
41552,13,14,42294,840
41552,13,14,41924,1050
41552,13,14,41554,1330
45631,13,14,47855,0
45631,13,14,47485,490
45631,13,14,47115,980
45631,13,14,46745,1190
45631,13,14,46375,1470
42667,13,14,45257,0
42667,13,14,44887,350
42667,13,14,44517,630
42667,13,14,44147,840
42667,13,14,43777,1120
42667,13,14,43407,1330
27456,13,14,30046,0
27456,13,14,29676,420
27456,13,14,29306,630
27456,13,14,28936,910
27456,13,14,28566,1190
27456,13,14,28196,1400
34499,13,14,36725,0
34499,13,14,36355,420
34499,13,14,35985,700
34499,13,14,35615,910
34499,13,14,35245,1190
34499,13,14,34875,1470
31535,13,14,33387,0
31535,13,14,33017,420
31535,13,14,32647,630
31535,13,14,32277,910
31535,13,14,31907,1120
31535,13,14,31537,1400
38950,13,14,41177,0
38950,13,14,40807,490
38950,13,14,40437,700
38950,13,14,40067,980
38950,13,14,39697,1190
38950,13,14,39327,1470
40065,13,14,42290,0
40065,13,14,41920,350
40065,13,14,41550,630
40065,13,14,41180,840
40065,13,14,40810,1120
40065,13,14,40440,1330
39699,13,14,42289,0
39699,13,14,41919,350
39699,13,14,41549,560
39699,13,14,41179,840
39699,13,14,40809,1120
39699,13,14,40439,1330
31906,13,14,33758,0
31906,13,14,33388,420
31906,13,14,33018,630
31906,13,14,32648,910
31906,13,14,32278,1120
31906,13,14,31908,1400
46742,13,14,48228,0
46742,13,14,47858,560
46742,13,14,47488,1050
43778,13,14,45630,0
43778,13,14,45260,490
43778,13,14,44890,770
43778,13,14,44520,980
43778,13,14,44150,1260
43778,13,14,43780,1470
35985,13,14,38579,0
35985,13,14,38209,350
35985,13,14,37839,630
35985,13,14,37469,840
35985,13,14,37099,1120
35985,13,14,36729,1400
33021,13,14,35611,0
33021,13,14,35241,490
33021,13,14,34871,700
33021,13,14,34501,980
33021,13,14,34131,1190
33021,13,14,33761,1470
37097,13,14,39322,0
37097,13,14,38952,350
37097,13,14,38582,630
37097,13,14,38212,840
37097,13,14,37842,1120
37097,13,14,37472,1330
34133,13,14,35244,0
34133,13,14,34874,560
34133,13,14,34504,770
34133,13,14,34134,1050
34133,13,14,1,1330
41176,13,14,43403,0
41176,13,14,43033,490
41176,13,14,42663,700
41176,13,14,42293,980
41176,13,14,41923,1190
41176,13,14,41553,1470
44149,13,14,46001,0
44149,13,14,45631,490
44149,13,14,45261,770
44149,13,14,44891,980
44149,13,14,44521,1260
44149,13,14,44151,1470
30419,13,14,32274,0
30419,13,14,31904,560
30419,13,14,31534,770
30419,13,14,31164,1050
30419,13,14,30794,1330
30053,13,14,32643,0
30053,13,14,32273,420
30053,13,14,31903,630
30053,13,14,31533,910
30053,13,14,31163,1120
30053,13,14,30793,1400
41547,13,14,43774,0
41547,13,14,43404,490
41547,13,14,43034,700
41547,13,14,42664,980
41547,13,14,42294,1260
41547,13,14,41924,1470
38583,13,14,40806,0
38583,13,14,40436,560
38583,13,14,40066,840
38583,13,14,39696,1050
38583,13,14,39326,1330
42662,13,14,44887,0
42662,13,14,44517,350
42662,13,14,44147,630
42662,13,14,43777,840
42662,13,14,43407,1120
42662,13,14,43037,1400
45260,13,14,47484,0
45260,13,14,47114,700
45260,13,14,46744,980
45260,13,14,46374,1190
45260,13,14,46004,1470
31530,13,14,33757,0
31530,13,14,33387,490
31530,13,14,33017,770
31530,13,14,32647,980
31530,13,14,32277,1260
34503,13,14,36355,0
34503,13,14,35985,420
34503,13,14,35615,630
34503,13,14,35245,910
34503,13,14,34875,1190
34503,13,14,34505,1400
39694,13,14,41919,0
39694,13,14,41549,350
39694,13,14,41179,630
39694,13,14,40809,840
39694,13,14,40439,1120
39694,13,14,40069,1330
31901,13,14,34128,0
31901,13,14,33758,490
31901,13,14,33388,770
31901,13,14,33018,980
31901,13,14,32648,1260
28937,13,14,31160,0
28937,13,14,30790,350
28937,13,14,30420,630
28937,13,14,30050,910
28937,13,14,29680,1120
28937,13,14,29310,1400
43773,13,14,46370,0
43773,13,14,46000,420
43773,13,14,45630,630
43773,13,14,45260,910
43773,13,14,44890,1120
43773,13,14,44520,1400
46746,13,14,47858,0
46746,13,14,47488,770
46746,13,14,47118,1260
46746,13,14,46748,1470
33016,13,14,35241,0
33016,13,14,34871,420
33016,13,14,34501,700
33016,13,14,34131,910
33016,13,14,33761,1190
33016,13,14,33391,1400
34128,13,14,36354,0
34128,13,14,35984,420
34128,13,14,35614,700
34128,13,14,35244,910
34128,13,14,34874,1190
34128,13,14,34504,1470
37101,13,14,38212,0
37101,13,14,37842,420
37101,13,14,37472,700
37101,13,14,37102,980
37101,13,14,1,1190
44144,13,14,46741,0
44144,13,14,46371,420
44144,13,14,46001,630
44144,13,14,45631,910
44144,13,14,45261,1120
44144,13,14,44891,1400
41180,13,14,43403,0
41180,13,14,43033,560
41180,13,14,42663,840
41180,13,14,42293,1050
41180,13,14,41923,1330
30048,13,14,31903,0
30048,13,14,31533,560
30048,13,14,31163,770
30048,13,14,30793,1050
30048,13,14,30423,1330
46371,13,14,47857,0
46371,13,14,47487,840
46371,13,14,47117,1330
42291,13,14,44516,0
42291,13,14,44146,350
42291,13,14,43776,630
42291,13,14,43406,840
42291,13,14,43036,1120
42291,13,14,42666,1400
34498,13,14,36725,0
34498,13,14,36355,560
34498,13,14,35985,770
34498,13,14,35615,1050
34498,13,14,35245,1260
31534,13,14,34127,0
31534,13,14,33757,420
31534,13,14,33387,630
31534,13,14,33017,910
31534,13,14,32647,1120
31534,13,14,32277,1400
36725,13,14,38951,0
36725,13,14,38581,350
36725,13,14,38211,630
36725,13,14,37841,840
36725,13,14,37471,1120
36725,13,14,37101,1400
39698,13,14,40809,0
39698,13,14,40439,420
39698,13,14,40069,700
39698,13,14,39699,980
39698,13,14,1,1190
46741,13,14,48228,0
46741,13,14,47858,630
46741,13,14,47488,1120
43777,13,14,46370,0
43777,13,14,46000,490
43777,13,14,45630,770
43777,13,14,45260,980
43777,13,14,44890,1260
43777,13,14,44520,1470
37096,13,14,39322,0
37096,13,14,38952,350
37096,13,14,38582,630
37096,13,14,38212,840
37096,13,14,37842,1120
37096,13,14,37472,1400
34132,13,14,35984,0
34132,13,14,35614,420
34132,13,14,35244,630
34132,13,14,34874,910
34132,13,14,34504,1190
34132,13,14,34134,1400
30052,13,14,31163,0
30052,13,14,30793,490
30052,13,14,30423,700
30052,13,14,30053,980
30052,13,14,1,1260
46375,13,14,47857,0
46375,13,14,47487,490
46375,13,14,47117,980
46375,13,14,46747,1260
46375,13,14,46377,1470
45259,13,14,47484,0
45259,13,14,47114,560
45259,13,14,46744,770
45259,13,14,46374,1050
45259,13,14,46004,1260
39322,13,14,41548,0
39322,13,14,41178,350
39322,13,14,40808,630
39322,13,14,40438,840
39322,13,14,40068,1120
39322,13,14,39698,1400
42295,13,14,43406,0
42295,13,14,43036,490
42295,13,14,42666,700
42295,13,14,42296,980
42295,13,14,1,1190
35614,13,14,38208,0
35614,13,14,37838,420
35614,13,14,37468,700
35614,13,14,37098,980
35614,13,14,36728,1190
35614,13,14,36358,1470
32650,13,14,35240,0
32650,13,14,34870,490
32650,13,14,34500,700
32650,13,14,34130,980
32650,13,14,33760,1190
32650,13,14,33390,1470
39693,13,14,41919,0
39693,13,14,41549,350
39693,13,14,41179,630
39693,13,14,40809,840
39693,13,14,40439,1120
39693,13,14,40069,1400
36729,13,14,38211,0
36729,13,14,37841,560
36729,13,14,37471,840
36729,13,14,37101,1050
36729,13,14,36731,1330
29676,13,14,31532,0
29676,13,14,31162,560
29676,13,14,30792,770
29676,13,14,30422,1050
29676,13,14,30052,1260
47857,13,14,48971,0
47857,13,14,48601,560
47857,13,14,48231,1050
44893,13,14,47483,0
44893,13,14,47113,490
44893,13,14,46743,700
44893,13,14,46373,980
44893,13,14,46003,1190
44893,13,14,45633,1470
34127,13,14,36354,0
34127,13,14,35984,560
34127,13,14,35614,770
34127,13,14,35244,1050
34127,13,14,34874,1260
37100,13,14,38582,0
37100,13,14,38212,560
37100,13,14,37842,840
37100,13,14,37472,1050
37100,13,14,37102,1330
30047,13,14,31903,0
30047,13,14,31533,560
30047,13,14,31163,770
30047,13,14,30793,1050
30047,13,14,30423,1260
46370,13,14,48227,0
46370,13,14,47857,420
46370,13,14,47487,910
46370,13,14,47117,1400
38211,13,14,40435,0
38211,13,14,40065,560
38211,13,14,39695,840
38211,13,14,39325,1050
38211,13,14,38955,1330
35247,13,14,37837,0
35247,13,14,37467,490
35247,13,14,37097,700
35247,13,14,36727,980
35247,13,14,36357,1260
35247,13,14,35987,1470
42290,13,14,44516,0
42290,13,14,44146,420
42290,13,14,43776,630
42290,13,14,43406,910
42290,13,14,43036,1120
42290,13,14,42666,1400
45263,13,14,46744,0
45263,13,14,46374,350
45263,13,14,46004,630
45263,13,14,45634,840
45263,13,14,45264,1120
45263,13,14,1,1330
39326,13,14,40808,0
39326,13,14,40438,560
39326,13,14,40068,840
39326,13,14,39698,1050
39326,13,14,39328,1330
32645,13,14,34870,0
32645,13,14,34500,420
32645,13,14,34130,700
32645,13,14,33760,910
32645,13,14,33390,1190
32645,13,14,33020,1470
35618,13,14,38208,0
35618,13,14,37838,490
35618,13,14,37468,700
35618,13,14,37098,980
35618,13,14,36728,1260
35618,13,14,36358,1470
36724,13,14,38951,0
36724,13,14,38581,490
36724,13,14,38211,700
36724,13,14,37841,980
36724,13,14,37471,1190
36724,13,14,37101,1470
39697,13,14,41179,0
39697,13,14,40809,560
39697,13,14,40439,840
39697,13,14,40069,1050
39697,13,14,39699,1330
28565,13,14,30789,0
28565,13,14,30419,350
28565,13,14,30049,630
28565,13,14,29679,840
28565,13,14,29309,1120
28565,13,14,28939,1330
29680,13,14,31532,0
29680,13,14,31162,350
29680,13,14,30792,560
29680,13,14,30422,840
29680,13,14,30052,1120
29680,13,14,29682,1330
44888,13,14,47113,0
44888,13,14,46743,560
44888,13,14,46373,770
44888,13,14,46003,1050
44888,13,14,45633,1260
41924,13,14,43035,0
41924,13,14,42665,490
41924,13,14,42295,700
41924,13,14,41925,980
41924,13,14,1,1190
34131,13,14,36724,0
34131,13,14,36354,420
34131,13,14,35984,630
34131,13,14,35614,910
34131,13,14,35244,1190
34131,13,14,34874,1400
40808,13,14,43032,0
40808,13,14,42662,560
40808,13,14,42292,840
40808,13,14,41922,1050
40808,13,14,41552,1330
37844,13,14,40434,0
37844,13,14,40064,350
37844,13,14,39694,560
37844,13,14,39324,840
37844,13,14,38954,1120
37844,13,14,38584,1330
30051,13,14,31903,0
30051,13,14,31533,350
30051,13,14,31163,560
30051,13,14,30793,840
30051,13,14,30423,1120
30051,13,14,30053,1330
46374,13,14,48227,0
46374,13,14,47857,490
46374,13,14,47487,980
46374,13,14,47117,1470
31163,13,14,33756,0
31163,13,14,33386,420
31163,13,14,33016,700
31163,13,14,32646,910
31163,13,14,32276,1190
31163,13,14,31906,1470
35242,13,14,37467,0
35242,13,14,37097,490
35242,13,14,36727,700
35242,13,14,36357,980
35242,13,14,35987,1190
35242,13,14,35617,1470
38215,13,14,40805,0
38215,13,14,40435,350
38215,13,14,40065,560
38215,13,14,39695,840
38215,13,14,39325,1120
38215,13,14,38955,1330
32278,13,14,33389,0
32278,13,14,33019,560
32278,13,14,32649,840
32278,13,14,32279,1050
32278,13,14,1,1330
45258,13,14,47484,0
45258,13,14,47114,560
45258,13,14,46744,840
45258,13,14,46374,1050
45258,13,14,46004,1330
39321,13,14,41548,0
39321,13,14,41178,490
39321,13,14,40808,700
39321,13,14,40438,980
39321,13,14,40068,1190
39321,13,14,39698,1470
42294,13,14,43776,0
42294,13,14,43406,560
42294,13,14,43036,840
42294,13,14,42666,1050
42294,13,14,42296,1330
43406,13,14,45999,0
43406,13,14,45629,490
43406,13,14,45259,770
43406,13,14,44889,980
43406,13,14,44519,1260
43406,13,14,44149,1470
28198,13,14,30788,0
28198,13,14,30418,420
28198,13,14,30048,630
28198,13,14,29678,910
28198,13,14,29308,1120
28198,13,14,28938,1400
35613,13,14,37838,0
35613,13,14,37468,490
35613,13,14,37098,700
35613,13,14,36728,980
35613,13,14,36358,1190
35613,13,14,35988,1470
32649,13,14,33760,0
32649,13,14,33390,560
32649,13,14,33020,840
32649,13,14,32650,1050
32649,13,14,1,1330
47485,13,14,48600,0
47485,13,14,48230,560
47485,13,14,47860,1050
39692,13,14,41919,0
39692,13,14,41549,490
39692,13,14,41179,700
39692,13,14,40809,980
39692,13,14,40439,1190
39692,13,14,40069,1470
44521,13,14,46002,0
44521,13,14,45632,350
44521,13,14,45262,630
44521,13,14,44892,840
44521,13,14,44522,1120
44521,13,14,1,1330
36728,13,14,38951,0
36728,13,14,38581,560
36728,13,14,38211,840
36728,13,14,37841,1050
36728,13,14,37471,1330
28569,13,14,31159,0
28569,13,14,30789,350
28569,13,14,30419,630
28569,13,14,30049,840
28569,13,14,29679,1120
28569,13,14,29309,1330
47856,13,14,48971,0
47856,13,14,48601,560
47856,13,14,48231,1050
41919,13,14,44145,0
41919,13,14,43775,420
41919,13,14,43405,630
41919,13,14,43035,910
41919,13,14,42665,1120
41919,13,14,42295,1400
44892,13,14,46373,0
44892,13,14,46003,350
44892,13,14,45633,630
44892,13,14,45263,840
44892,13,14,44893,1120
44892,13,14,1,1330
33760,13,14,36353,0
33760,13,14,35983,420
33760,13,14,35613,630
33760,13,14,35243,910
33760,13,14,34873,1190
33760,13,14,34503,1400
37839,13,14,40064,0
37839,13,14,39694,350
37839,13,14,39324,630
37839,13,14,38954,840
37839,13,14,38584,1120
37839,13,14,38214,1330
40812,13,14,43402,0
40812,13,14,43032,350
40812,13,14,42662,560
40812,13,14,42292,840
40812,13,14,41922,1120
40812,13,14,41552,1330
34875,13,14,35986,0
34875,13,14,35616,560
34875,13,14,35246,770
34875,13,14,34876,1050
34875,13,14,1,1330
30046,13,14,31903,0
30046,13,14,31533,560
30046,13,14,31163,840
30046,13,14,30793,1050
30046,13,14,30423,1330
46003,13,14,47856,0
46003,13,14,47486,770
46003,13,14,47116,1260
46003,13,14,46746,1470
38210,13,14,40435,0
38210,13,14,40065,350
38210,13,14,39695,630
38210,13,14,39325,840
38210,13,14,38955,1120
38210,13,14,38585,1330
32273,13,14,34499,0
32273,13,14,34129,420
32273,13,14,33759,700
32273,13,14,33389,910
32273,13,14,33019,1190
32273,13,14,32649,1470
35246,13,14,36727,0
35246,13,14,36357,350
35246,13,14,35987,560
35246,13,14,35617,840
35246,13,14,35247,1120
35246,13,14,1,1330
42289,13,14,44516,0
42289,13,14,44146,490
42289,13,14,43776,700
42289,13,14,43406,980
42289,13,14,43036,1260
42289,13,14,42666,1470
39325,13,14,41548,0
39325,13,14,41178,560
39325,13,14,40808,840
39325,13,14,40438,1050
39325,13,14,40068,1330
40437,13,14,42661,0
40437,13,14,42291,560
40437,13,14,41921,840
40437,13,14,41551,1050
40437,13,14,41181,1330
32644,13,14,34870,0
32644,13,14,34500,420
32644,13,14,34130,700
32644,13,14,33760,910
32644,13,14,33390,1190
32644,13,14,33020,1470
44516,13,14,46742,0
44516,13,14,46372,560
44516,13,14,46002,840
44516,13,14,45632,1050
44516,13,14,45262,1330
36357,13,14,38580,0
36357,13,14,38210,560
36357,13,14,37840,840
36357,13,14,37470,1050
36357,13,14,37100,1330
37472,13,14,38583,0
37472,13,14,38213,420
37472,13,14,37843,700
37472,13,14,37473,980
37472,13,14,1,1190
29679,13,14,32272,0
29679,13,14,31902,350
29679,13,14,31532,630
29679,13,14,31162,840
29679,13,14,30792,1120
29679,13,14,30422,1330
44887,13,14,47113,0
44887,13,14,46743,560
44887,13,14,46373,840
44887,13,14,46003,1050
44887,13,14,45633,1330
41923,13,14,43405,0
41923,13,14,43035,560
41923,13,14,42665,840
41923,13,14,42295,1050
41923,13,14,41925,1330
30791,13,14,33385,0
30791,13,14,33015,420
30791,13,14,32645,630
30791,13,14,32275,910
30791,13,14,31905,1120
30791,13,14,31535,1400
40807,13,14,43032,0
40807,13,14,42662,350
40807,13,14,42292,630
40807,13,14,41922,840
40807,13,14,41552,1120
40807,13,14,41182,1330
34870,13,14,37096,0
34870,13,14,36726,420
34870,13,14,36356,700
34870,13,14,35986,910
34870,13,14,35616,1190
34870,13,14,35246,1470
37843,13,14,38954,0
37843,13,14,38584,420
37843,13,14,38214,700
37843,13,14,37844,980
37843,13,14,1,1190
31162,13,14,33756,0
31162,13,14,33386,420
31162,13,14,33016,700
31162,13,14,32646,910
31162,13,14,32276,1190
31162,13,14,31906,1400
35241,13,14,37467,0
35241,13,14,37097,490
35241,13,14,36727,700
35241,13,14,36357,980
35241,13,14,35987,1260
35241,13,14,35617,1470
32277,13,14,34129,0
32277,13,14,33759,420
32277,13,14,33389,700
32277,13,14,33019,910
32277,13,14,32649,1190
32277,13,14,32279,1400
47113,13,14,48229,0
47113,13,14,47859,840
47113,13,14,47489,1330
43405,13,14,45999,0
43405,13,14,45629,490
43405,13,14,45259,700
43405,13,14,44889,980
43405,13,14,44519,1190
43405,13,14,44149,1470
28197,13,14,29308,0
28197,13,14,28938,490
28197,13,14,28568,700
28197,13,14,28198,980
28197,13,14,1,1190
40441,13,14,43031,0
40441,13,14,42661,350
40441,13,14,42291,560
40441,13,14,41921,840
40441,13,14,41551,1120
40441,13,14,41181,1330
47484,13,14,48600,0
47484,13,14,48230,560
47484,13,14,47860,1050
44520,13,14,46372,0
44520,13,14,46002,490
44520,13,14,45632,770
44520,13,14,45262,980
44520,13,14,44892,1260
44520,13,14,44522,1470
37467,13,14,39693,0
37467,13,14,39323,350
37467,13,14,38953,630
37467,13,14,38583,840
37467,13,14,38213,1120
37467,13,14,37843,1400
41918,13,14,44145,0
41918,13,14,43775,490
41918,13,14,43405,700
41918,13,14,43035,980
41918,13,14,42665,1260
41918,13,14,42295,1470
33759,13,14,36353,0
33759,13,14,35983,420
33759,13,14,35613,630
33759,13,14,35243,910
33759,13,14,34873,1190
33759,13,14,34503,1400
30795,13,14,33385,0
30795,13,14,33015,490
30795,13,14,32645,700
30795,13,14,32275,980
30795,13,14,31905,1190
30795,13,14,31535,1470
37838,13,14,40064,0
37838,13,14,39694,350
37838,13,14,39324,630
37838,13,14,38954,840
37838,13,14,38584,1120
37838,13,14,38214,1400
34874,13,14,36726,0
34874,13,14,36356,420
34874,13,14,35986,630
34874,13,14,35616,910
34874,13,14,35246,1190
34874,13,14,34876,1400
31166,13,14,33756,0
31166,13,14,33386,490
31166,13,14,33016,770
31166,13,14,32646,980
31166,13,14,32276,1260
46002,13,14,47856,0
46002,13,14,47486,700
46002,13,14,47116,1190
46002,13,14,46746,1470
32272,13,14,34499,0
32272,13,14,34129,560
32272,13,14,33759,770
32272,13,14,33389,1050
32272,13,14,33019,1260
43038,13,14,45628,0
43038,13,14,45258,350
43038,13,14,44888,630
43038,13,14,44518,840
43038,13,14,44148,1120
43038,13,14,43778,1330
47117,13,14,48229,0
47117,13,14,47859,490
47117,13,14,47489,980
47117,13,14,47119,1470
40436,13,14,42661,0
40436,13,14,42291,350
40436,13,14,41921,630
40436,13,14,41551,840
40436,13,14,41181,1120
40436,13,14,40811,1330
43409,13,14,45999,0
43409,13,14,45629,490
43409,13,14,45259,700
43409,13,14,44889,980
43409,13,14,44519,1190
43409,13,14,44149,1470
44515,13,14,47112,0
44515,13,14,46742,420
44515,13,14,46372,630
44515,13,14,46002,910
44515,13,14,45632,1120
44515,13,14,45262,1400
36356,13,14,38580,0
36356,13,14,38210,560
36356,13,14,37840,840
36356,13,14,37470,1050
36356,13,14,37100,1330
33392,13,14,35982,0
33392,13,14,35612,490
33392,13,14,35242,700
33392,13,14,34872,980
33392,13,14,34502,1190
33392,13,14,34132,1470
37471,13,14,38953,0
37471,13,14,38583,560
37471,13,14,38213,840
37471,13,14,37843,1050
37471,13,14,37473,1330
41922,13,14,44145,0
41922,13,14,43775,560
41922,13,14,43405,840
41922,13,14,43035,1050
41922,13,14,42665,1330
30790,13,14,33015,0
30790,13,14,32645,420
30790,13,14,32275,630
30790,13,14,31905,910
30790,13,14,31535,1120
30790,13,14,31165,1400
33763,13,14,36353,0
33763,13,14,35983,490
33763,13,14,35613,700
33763,13,14,35243,980
33763,13,14,34873,1190
33763,13,14,34503,1470
27826,13,14,28937,0
27826,13,14,28567,490
27826,13,14,28197,770
27826,13,14,27827,980
27826,13,14,1,1260
34869,13,14,37096,0
34869,13,14,36726,560
34869,13,14,36356,770
34869,13,14,35986,1050
34869,13,14,35616,1260
37842,13,14,39324,0
37842,13,14,38954,560
37842,13,14,38584,840
37842,13,14,38214,1050
37842,13,14,37844,1330
38954,13,14,41177,0
38954,13,14,40807,560
38954,13,14,40437,840
38954,13,14,40067,1050
38954,13,14,39697,1330
31161,13,14,33386,0
31161,13,14,33016,420
31161,13,14,32646,700
31161,13,14,32276,910
31161,13,14,31906,1190
31161,13,14,31536,1470
43033,13,14,45258,0
43033,13,14,44888,350
43033,13,14,44518,630
43033,13,14,44148,840
43033,13,14,43778,1120
43033,13,14,43408,1400
40069,13,14,41180,0
40069,13,14,40810,420
40069,13,14,40440,700
40069,13,14,40070,980
40069,13,14,1,1190
32276,13,14,34869,0
32276,13,14,34499,420
32276,13,14,34129,700
32276,13,14,33759,910
32276,13,14,33389,1190
32276,13,14,33019,1400
47112,13,14,48599,0
47112,13,14,48229,420
47112,13,14,47859,910
47112,13,14,47489,1400
35989,13,14,38579,0
35989,13,14,38209,420
35989,13,14,37839,630
35989,13,14,37469,910
35989,13,14,37099,1120
35989,13,14,36729,1400
43404,13,14,45629,0
43404,13,14,45259,560
43404,13,14,44889,770
43404,13,14,44519,1050
43404,13,14,44149,1260
28196,13,14,29678,0
28196,13,14,29308,490
28196,13,14,28938,700
28196,13,14,28568,980
28196,13,14,28198,1260
28196,13,14,1,1470
40440,13,14,41551,0
40440,13,14,41181,420
40440,13,14,40811,700
40440,13,14,40441,980
40440,13,14,1,1190
44519,13,14,47112,0
44519,13,14,46742,490
44519,13,14,46372,770
44519,13,14,46002,980
44519,13,14,45632,1260
44519,13,14,45262,1470
29308,13,14,31531,0
29308,13,14,31161,350
29308,13,14,30791,630
29308,13,14,30421,910
29308,13,14,30051,1120
29308,13,14,29681,1400
33387,13,14,35612,0
33387,13,14,35242,420
33387,13,14,34872,700
33387,13,14,34502,910
33387,13,14,34132,1190
33387,13,14,33762,1400
36360,13,14,38950,0
36360,13,14,38580,350
36360,13,14,38210,560
36360,13,14,37840,840
36360,13,14,37470,1120
36360,13,14,37100,1330
30423,13,14,31534,0
30423,13,14,31164,490
30423,13,14,30794,700
30423,13,14,30424,980
30423,13,14,1,1260
37466,13,14,39693,0
37466,13,14,39323,490
37466,13,14,38953,700
37466,13,14,38583,980
37466,13,14,38213,1190
37466,13,14,37843,1470
41551,13,14,43774,0
41551,13,14,43404,560
41551,13,14,43034,840
41551,13,14,42664,1050
41551,13,14,42294,1330
33758,13,14,35983,0
33758,13,14,35613,420
33758,13,14,35243,700
33758,13,14,34873,910
33758,13,14,34503,1190
33758,13,14,34133,1400
45630,13,14,47485,0
45630,13,14,47115,770
45630,13,14,46745,1050
45630,13,14,46375,1260
30794,13,14,31905,0
30794,13,14,31535,560
30794,13,14,31165,770
30794,13,14,30795,1050
30794,13,14,1,1260
42666,13,14,43777,0
42666,13,14,43407,490
42666,13,14,43037,700
42666,13,14,42667,980
42666,13,14,1,1190
34873,13,14,37466,0
34873,13,14,37096,420
34873,13,14,36726,630
34873,13,14,36356,910
34873,13,14,35986,1190
34873,13,14,35616,1400
46001,13,14,47856,0
46001,13,14,47486,560
46001,13,14,47116,1050
46001,13,14,46746,1260
40064,13,14,42290,0
40064,13,14,41920,350
40064,13,14,41550,630
40064,13,14,41180,840
40064,13,14,40810,1120
40064,13,14,40440,1400
43037,13,14,44148,0
43037,13,14,43778,490
43037,13,14,43408,700
43037,13,14,43038,980
43037,13,14,1,1190
47116,13,14,48599,0
47116,13,14,48229,490
47116,13,14,47859,980
47116,13,14,47489,1470
31905,13,14,34498,0
31905,13,14,34128,420
31905,13,14,33758,630
31905,13,14,33388,910
31905,13,14,33018,1120
31905,13,14,32648,1400
35984,13,14,38209,0
35984,13,14,37839,420
35984,13,14,37469,630
35984,13,14,37099,910
35984,13,14,36729,1120
35984,13,14,36359,1400
33020,13,14,34131,0
33020,13,14,33761,560
33020,13,14,33391,770
33020,13,14,33021,1050
33020,13,14,1,1330
40435,13,14,42661,0
40435,13,14,42291,350
40435,13,14,41921,630
40435,13,14,41551,840
40435,13,14,41181,1120
40435,13,14,40811,1400
44148,13,14,46741,0
44148,13,14,46371,490
44148,13,14,46001,770
44148,13,14,45631,980
44148,13,14,45261,1260
44148,13,14,44891,1470
36355,13,14,38580,0
36355,13,14,38210,350
36355,13,14,37840,630
36355,13,14,37470,840
36355,13,14,37100,1120
36355,13,14,36730,1330
30418,13,14,32274,0
30418,13,14,31904,560
30418,13,14,31534,770
30418,13,14,31164,1050
30418,13,14,30794,1260
33391,13,14,34502,0
33391,13,14,34132,560
33391,13,14,33762,770
33391,13,14,33392,1050
33391,13,14,1,1330
37470,13,14,39693,0
37470,13,14,39323,560
37470,13,14,38953,840
37470,13,14,38583,1050
37470,13,14,38213,1330
38582,13,14,40806,0
38582,13,14,40436,560
38582,13,14,40066,840
38582,13,14,39696,1050
38582,13,14,39326,1330
30789,13,14,33015,0
30789,13,14,32645,350
30789,13,14,32275,630
30789,13,14,31905,910
30789,13,14,31535,1120
30789,13,14,31165,1400
27825,13,14,29307,0
27825,13,14,28937,490
27825,13,14,28567,770
27825,13,14,28197,1050
27825,13,14,27827,1260
42661,13,14,44887,0
42661,13,14,44517,420
42661,13,14,44147,630
42661,13,14,43777,910
42661,13,14,43407,1120
42661,13,14,43037,1400
34502,13,14,37095,0
34502,13,14,36725,420
34502,13,14,36355,630
34502,13,14,35985,910
34502,13,14,35615,1190
34502,13,14,35245,1400
38953,13,14,41177,0
38953,13,14,40807,560
38953,13,14,40437,840
38953,13,14,40067,1050
38953,13,14,39697,1330
43032,13,14,45258,0
43032,13,14,44888,420
43032,13,14,44518,630
43032,13,14,44148,910
43032,13,14,43778,1120
43032,13,14,43408,1400
40068,13,14,41550,0
40068,13,14,41180,560
40068,13,14,40810,840
40068,13,14,40440,1050
40068,13,14,40070,1330
28936,13,14,31160,0
28936,13,14,30790,350
28936,13,14,30420,630
28936,13,14,30050,840
28936,13,14,29680,1120
28936,13,14,29310,1330
46745,13,14,48228,0
46745,13,14,47858,770
46745,13,14,47488,1260
33015,13,14,35241,0
33015,13,14,34871,420
33015,13,14,34501,700
33015,13,14,34131,910
33015,13,14,33761,1190
33015,13,14,33391,1470
35988,13,14,37099,0
35988,13,14,36729,490
35988,13,14,36359,770
35988,13,14,35989,980
35988,13,14,1,1260
29307,13,14,31531,0
29307,13,14,31161,350
29307,13,14,30791,630
29307,13,14,30421,840
29307,13,14,30051,1120
29307,13,14,29681,1330
41179,13,14,43403,0
41179,13,14,43033,560
41179,13,14,42663,840
41179,13,14,42293,1050
41179,13,14,41923,1330
33386,13,14,35612,0
33386,13,14,35242,420
33386,13,14,34872,700
33386,13,14,34502,910
33386,13,14,34132,1190
33386,13,14,33762,1470
30422,13,14,32274,0
30422,13,14,31904,350
30422,13,14,31534,560
30422,13,14,31164,840
30422,13,14,30794,1120
30422,13,14,30424,1330
41550,13,14,43774,0
41550,13,14,43404,560
41550,13,14,43034,840
41550,13,14,42664,1050
41550,13,14,42294,1330
38586,13,14,41176,0
38586,13,14,40806,350
38586,13,14,40436,560
38586,13,14,40066,840
38586,13,14,39696,1120
38586,13,14,39326,1330
45629,13,14,47485,0
45629,13,14,47115,840
45629,13,14,46745,1050
45629,13,14,46375,1330
42665,13,14,44147,0
42665,13,14,43777,560
42665,13,14,43407,840
42665,13,14,43037,1050
42665,13,14,42667,1330
31533,13,14,34127,0
31533,13,14,33757,420
31533,13,14,33387,630
31533,13,14,33017,910
31533,13,14,32647,1120
31533,13,14,32277,1400
38957,13,14,41547,0
38957,13,14,41177,350
38957,13,14,40807,560
38957,13,14,40437,840
38957,13,14,40067,1120
38957,13,14,39697,1330
40063,13,14,42290,0
40063,13,14,41920,490
40063,13,14,41550,700
40063,13,14,41180,980
40063,13,14,40810,1190
40063,13,14,40440,1470
31904,13,14,34498,0
31904,13,14,34128,420
31904,13,14,33758,630
31904,13,14,33388,910
31904,13,14,33018,1120
31904,13,14,32648,1400
28940,13,14,31530,0
28940,13,14,31160,350
28940,13,14,30790,630
28940,13,14,30420,840
28940,13,14,30050,1120
28940,13,14,29680,1330
43776,13,14,46370,0
43776,13,14,46000,490
43776,13,14,45630,700
43776,13,14,45260,980
43776,13,14,44890,1190
43776,13,14,44520,1470
35983,13,14,38209,0
35983,13,14,37839,420
35983,13,14,37469,700
35983,13,14,37099,910
35983,13,14,36729,1190
35983,13,14,36359,1400
33019,13,14,34871,0
33019,13,14,34501,420
33019,13,14,34131,630
33019,13,14,33761,910
33019,13,14,33391,1190
33019,13,14,33021,1400
37095,13,14,39322,0
37095,13,14,38952,490
37095,13,14,38582,700
37095,13,14,38212,980
37095,13,14,37842,1190
37095,13,14,37472,1470
29311,13,14,31901,0
29311,13,14,31531,350
29311,13,14,31161,630
29311,13,14,30791,840
29311,13,14,30421,1120
29311,13,14,30051,1330
44147,13,14,46741,0
44147,13,14,46371,490
44147,13,14,46001,700
44147,13,14,45631,980
44147,13,14,45261,1190
44147,13,14,44891,1470
41183,13,14,43773,0
41183,13,14,43403,350
41183,13,14,43033,560
41183,13,14,42663,840
41183,13,14,42293,1120
41183,13,14,41923,1330
30417,13,14,32274,0
30417,13,14,31904,560
30417,13,14,31534,840
30417,13,14,31164,1050
30417,13,14,30794,1330
38581,13,14,40806,0
38581,13,14,40436,350
38581,13,14,40066,630
38581,13,14,39696,840
38581,13,14,39326,1120
38581,13,14,38956,1330
41554,13,14,44144,0
41554,13,14,43774,350
41554,13,14,43404,630
41554,13,14,43034,840
41554,13,14,42664,1120
41554,13,14,42294,1330
42660,13,14,44887,0
42660,13,14,44517,490
42660,13,14,44147,700
42660,13,14,43777,980
42660,13,14,43407,1260
42660,13,14,43037,1470
34501,13,14,37095,0
34501,13,14,36725,420
34501,13,14,36355,630
34501,13,14,35985,910
34501,13,14,35615,1190
34501,13,14,35245,1400
31537,13,14,34127,0
31537,13,14,33757,490
31537,13,14,33387,700
31537,13,14,33017,980
31537,13,14,32647,1190
31537,13,14,32277,1470
28935,13,14,30420,0
28935,13,14,30050,560
28935,13,14,29680,840
28935,13,14,29310,1050
28935,13,14,28940,1330
46744,13,14,48228,0
46744,13,14,47858,700
46744,13,14,47488,1190
31908,13,14,34498,0
31908,13,14,34128,490
31908,13,14,33758,700
31908,13,14,33388,980
31908,13,14,33018,1190
31908,13,14,32648,1470
33014,13,14,35241,0
33014,13,14,34871,560
33014,13,14,34501,770
33014,13,14,34131,1050
33014,13,14,33761,1260
43780,13,14,46370,0
43780,13,14,46000,490
43780,13,14,45630,700
43780,13,14,45260,980
43780,13,14,44890,1190
43780,13,14,44520,1470
37099,13,14,39322,0
37099,13,14,38952,560
37099,13,14,38582,840
37099,13,14,38212,1050
37099,13,14,37842,1330
41178,13,14,43403,0
41178,13,14,43033,350
41178,13,14,42663,630
41178,13,14,42293,840
41178,13,14,41923,1120
41178,13,14,41553,1330
44151,13,14,46741,0
44151,13,14,46371,490
44151,13,14,46001,700
44151,13,14,45631,980
44151,13,14,45261,1190
44151,13,14,44891,1470
38585,13,14,39696,0
38585,13,14,39326,420
38585,13,14,38956,700
38585,13,14,38586,980
38585,13,14,1,1190
45262,13,14,47114,0
45262,13,14,46744,490
45262,13,14,46374,770
45262,13,14,46004,980
45262,13,14,45634,1260
45262,13,14,45264,1470
31532,13,14,33757,0
31532,13,14,33387,420
31532,13,14,33017,700
31532,13,14,32647,910
31532,13,14,32277,1190
31532,13,14,31907,1400
34505,13,14,37095,0
34505,13,14,36725,490
34505,13,14,36355,700
34505,13,14,35985,980
34505,13,14,35615,1190
34505,13,14,35245,1470
35617,14,15,37098,0
35617,14,15,36728,350
35617,14,15,36358,560
35617,14,15,35988,840
35617,14,15,35618,1120
35617,14,15,1,1330
39696,14,15,41919,0
39696,14,15,41549,560
39696,14,15,41179,840
39696,14,15,40809,1050
39696,14,15,40439,1330
28939,14,15,30050,0
28939,14,15,29680,420
28939,14,15,29310,700
28939,14,15,28940,910
28939,14,15,1,1190
43775,14,15,46000,0
43775,14,15,45630,560
43775,14,15,45260,770
43775,14,15,44890,1050
43775,14,15,44520,1260
46748,14,15,48228,0
46748,14,15,47858,700
46748,14,15,47488,1190
47860,14,15,48601,0
47860,14,15,48231,770
47860,14,15,47861,1260
34130,14,15,36724,0
34130,14,15,36354,420
34130,14,15,35984,630
34130,14,15,35614,910
34130,14,15,35244,1190
34130,14,15,34874,1400
44146,14,15,46371,0
44146,14,15,46001,560
44146,14,15,45631,770
44146,14,15,45261,1050
44146,14,15,44891,1260
41182,14,15,42293,0
41182,14,15,41923,420
41182,14,15,41553,700
41182,14,15,41183,980
41182,14,15,1,1190
30050,14,15,32643,0
30050,14,15,32273,350
30050,14,15,31903,630
30050,14,15,31533,840
30050,14,15,31163,1120
30050,14,15,30793,1330
46373,14,15,48227,0
46373,14,15,47857,490
46373,14,15,47487,980
46373,14,15,47117,1470
38580,14,15,40806,0
38580,14,15,40436,350
38580,14,15,40066,630
38580,14,15,39696,840
38580,14,15,39326,1120
38580,14,15,38956,1400
38214,14,15,39325,0
38214,14,15,38955,420
38214,14,15,38585,700
38214,14,15,38215,980
38214,14,15,1,1190
45257,14,15,47484,0
45257,14,15,47114,630
45257,14,15,46744,910
45257,14,15,46374,1120
45257,14,15,46004,1400
42293,14,15,44516,0
42293,14,15,44146,560
42293,14,15,43776,840
42293,14,15,43406,1050
42293,14,15,43036,1330
34500,14,15,36725,0
34500,14,15,36355,420
34500,14,15,35985,700
34500,14,15,35615,910
34500,14,15,35245,1190
34500,14,15,34875,1400
31536,14,15,32647,0
31536,14,15,32277,560
31536,14,15,31907,770
31536,14,15,31537,1050
31536,14,15,1,1260
35612,14,15,37838,0
35612,14,15,37468,490
35612,14,15,37098,700
35612,14,15,36728,980
35612,14,15,36358,1260
35612,14,15,35988,1470
32648,14,15,34500,0
32648,14,15,34130,420
32648,14,15,33760,700
32648,14,15,33390,910
32648,14,15,33020,1190
32648,14,15,32650,1400
36727,14,15,38951,0
36727,14,15,38581,560
36727,14,15,38211,840
36727,14,15,37841,1050
36727,14,15,37471,1330
46743,14,15,48228,0
46743,14,15,47858,560
46743,14,15,47488,1050
43779,14,15,45260,0
43779,14,15,44890,350
43779,14,15,44520,630
43779,14,15,44150,840
43779,14,15,43780,1120
43779,14,15,1,1330
28568,14,15,29679,0
28568,14,15,29309,420
28568,14,15,28939,700
28568,14,15,28569,910
28568,14,15,1,1190
47855,14,15,48971,0
47855,14,15,48601,630
47855,14,15,48231,1120
44891,14,15,46743,0
44891,14,15,46373,490
44891,14,15,46003,770
44891,14,15,45633,980
44891,14,15,45263,1260
44891,14,15,44893,1470
37098,14,15,39322,0
37098,14,15,38952,560
37098,14,15,38582,840
37098,14,15,38212,1050
37098,14,15,37842,1330
34134,14,15,36724,0
34134,14,15,36354,490
34134,14,15,35984,700
34134,14,15,35614,980
34134,14,15,35244,1190
34134,14,15,34874,1470
41177,14,15,43403,0
41177,14,15,43033,350
41177,14,15,42663,630
41177,14,15,42293,840
41177,14,15,41923,1120
41177,14,15,41553,1400
40811,14,15,41922,0
40811,14,15,41552,420
40811,14,15,41182,700
40811,14,15,40812,980
40811,14,15,1,1190
46377,14,15,48227,0
46377,14,15,47857,490
46377,14,15,47487,980
46377,14,15,47117,1470
38209,14,15,40435,0
38209,14,15,40065,350
38209,14,15,39695,630
38209,14,15,39325,840
38209,14,15,38955,1120
38209,14,15,38585,1400
35245,14,15,37097,0
35245,14,15,36727,420
35245,14,15,36357,700
35245,14,15,35987,980
35245,14,15,35617,1190
35245,14,15,35247,1470
45261,14,15,47484,0
45261,14,15,47114,770
45261,14,15,46744,980
45261,14,15,46374,1260
45261,14,15,46004,1470
39324,14,15,41548,0
39324,14,15,41178,560
39324,14,15,40808,840
39324,14,15,40438,1050
39324,14,15,40068,1330
31531,14,15,33757,0
31531,14,15,33387,420
31531,14,15,33017,700
31531,14,15,32647,910
31531,14,15,32277,1190
31531,14,15,31907,1400
32643,14,15,34870,0
32643,14,15,34500,560
32643,14,15,34130,770
32643,14,15,33760,1050
32643,14,15,33390,1260
35616,14,15,37468,0
35616,14,15,37098,420
35616,14,15,36728,700
35616,14,15,36358,980
35616,14,15,35988,1190
35616,14,15,35618,1470
39695,14,15,41919,0
39695,14,15,41549,560
39695,14,15,41179,840
39695,14,15,40809,1050
39695,14,15,40439,1330
36731,14,15,39321,0
36731,14,15,38951,350
36731,14,15,38581,560
36731,14,15,38211,840
36731,14,15,37841,1120
36731,14,15,37471,1330
43774,14,15,46000,0
43774,14,15,45630,560
43774,14,15,45260,840
43774,14,15,44890,1050
43774,14,15,44520,1330
44886,14,15,47483,0
44886,14,15,47113,420
44886,14,15,46743,630
44886,14,15,46373,910
44886,14,15,46003,1120
44886,14,15,45633,1400
29678,14,15,31902,0
29678,14,15,31532,560
29678,14,15,31162,840
29678,14,15,30792,1050
29678,14,15,30422,1330
47859,14,15,48971,0
47859,14,15,48601,770
47859,14,15,48231,1260
34129,14,15,36354,0
34129,14,15,35984,420
34129,14,15,35614,700
34129,14,15,35244,910
34129,14,15,34874,1190
34129,14,15,34504,1400
40806,14,15,43032,0
40806,14,15,42662,350
40806,14,15,42292,630
40806,14,15,41922,840
40806,14,15,41552,1120
40806,14,15,41182,1400
30049,14,15,32273,0
30049,14,15,31903,560
30049,14,15,31533,840
30049,14,15,31163,1050
30049,14,15,30793,1330
46372,14,15,47857,0
46372,14,15,47487,770
46372,14,15,47117,1260
35240,14,15,37467,0
35240,14,15,37097,560
35240,14,15,36727,840
35240,14,15,36357,1050
35240,14,15,35987,1330
38213,14,15,39695,0
38213,14,15,39325,560
38213,14,15,38955,840
38213,14,15,38585,1050
38213,14,15,38215,1330
42292,14,15,44516,0
42292,14,15,44146,560
42292,14,15,43776,840
42292,14,15,43406,1050
42292,14,15,43036,1330
39328,14,15,41918,0
39328,14,15,41548,350
39328,14,15,41178,560
39328,14,15,40808,840
39328,14,15,40438,1120
39328,14,15,40068,1330
35611,14,15,37838,0
35611,14,15,37468,560
35611,14,15,37098,840
35611,14,15,36728,1050
35611,14,15,36358,1330
32647,14,15,35240,0
32647,14,15,34870,420
32647,14,15,34500,700
32647,14,15,34130,910
32647,14,15,33760,1190
32647,14,15,33390,1400
47483,14,15,48600,0
47483,14,15,48230,630
47483,14,15,47860,1120
36726,14,15,38951,0
36726,14,15,38581,350
36726,14,15,38211,630
36726,14,15,37841,840
36726,14,15,37471,1120
36726,14,15,37101,1330
28567,14,15,30049,0
28567,14,15,29679,420
28567,14,15,29309,700
28567,14,15,28939,980
28567,14,15,28569,1190
28567,14,15,1,1470
44890,14,15,47483,0
44890,14,15,47113,490
44890,14,15,46743,770
44890,14,15,46373,980
44890,14,15,46003,1260
44890,14,15,45633,1470
29682,14,15,32272,0
29682,14,15,31902,420
29682,14,15,31532,630
29682,14,15,31162,910
29682,14,15,30792,1120
29682,14,15,30422,1400
37837,14,15,40064,0
37837,14,15,39694,490
37837,14,15,39324,700
37837,14,15,38954,980
37837,14,15,38584,1190
37837,14,15,38214,1470
40810,14,15,42292,0
40810,14,15,41922,560
40810,14,15,41552,840
40810,14,15,41182,1050
40810,14,15,40812,1330
46376,14,15,47487,0
46376,14,15,47117,630
46376,14,15,46747,840
46376,14,15,46377,1120
46376,14,15,1,1330
31165,14,15,32276,0
31165,14,15,31906,560
31165,14,15,31536,840
31165,14,15,31166,1050
31165,14,15,1,1330
38208,14,15,40435,0
38208,14,15,40065,490
38208,14,15,39695,700
38208,14,15,39325,980
38208,14,15,38955,1190
38208,14,15,38585,1470
35244,14,15,37837,0
35244,14,15,37467,420
35244,14,15,37097,700
35244,14,15,36727,980
35244,14,15,36357,1190
35244,14,15,35987,1470
39323,14,15,41548,0
39323,14,15,41178,350
39323,14,15,40808,630
39323,14,15,40438,840
39323,14,15,40068,1120
39323,14,15,39698,1330
42296,14,15,44886,0
42296,14,15,44516,350
42296,14,15,44146,630
42296,14,15,43776,840
42296,14,15,43406,1120
42296,14,15,43036,1330
43408,14,15,44889,0
43408,14,15,44519,350
43408,14,15,44149,630
43408,14,15,43779,840
43408,14,15,43409,1120
43408,14,15,1,1330
35615,14,15,38208,0
35615,14,15,37838,420
35615,14,15,37468,700
35615,14,15,37098,980
35615,14,15,36728,1190
35615,14,15,36358,1470
47487,14,15,48600,0
47487,14,15,48230,770
47487,14,15,47860,1260
36730,14,15,37841,0
36730,14,15,37471,420
36730,14,15,37101,700
36730,14,15,36731,980
36730,14,15,1,1190
29677,14,15,31532,0
29677,14,15,31162,560
29677,14,15,30792,770
29677,14,15,30422,1050
29677,14,15,30052,1330
47858,14,15,48971,0
47858,14,15,48601,700
47858,14,15,48231,1190
41921,14,15,44145,0
41921,14,15,43775,560
41921,14,15,43405,840
41921,14,15,43035,1050
41921,14,15,42665,1330
33762,14,15,34873,0
33762,14,15,34503,560
33762,14,15,34133,770
33762,14,15,33763,1050
33762,14,15,1,1330
40805,14,15,43032,0
40805,14,15,42662,490
40805,14,15,42292,700
40805,14,15,41922,980
40805,14,15,41552,1190
40805,14,15,41182,1470
37841,14,15,40064,0
37841,14,15,39694,560
37841,14,15,39324,840
37841,14,15,38954,1050
37841,14,15,38584,1330
31160,14,15,33386,0
31160,14,15,33016,420
31160,14,15,32646,700
31160,14,15,32276,980
31160,14,15,31906,1190
31160,14,15,31536,1470
46005,14,15,47486,0
46005,14,15,47116,350
46005,14,15,46746,630
46005,14,15,46376,840
46005,14,15,46006,1120
46005,14,15,1,1330
38212,14,15,40435,0
38212,14,15,40065,560
38212,14,15,39695,840
38212,14,15,39325,1050
38212,14,15,38955,1330
32275,14,15,34869,0
32275,14,15,34499,420
32275,14,15,34129,700
32275,14,15,33759,910
32275,14,15,33389,1190
32275,14,15,33019,1400
39327,14,15,40438,0
39327,14,15,40068,420
39327,14,15,39698,700
39327,14,15,39328,980
39327,14,15,1,1190
43403,14,15,45629,0
43403,14,15,45259,560
43403,14,15,44889,840
43403,14,15,44519,1050
43403,14,15,44149,1330
40439,14,15,41921,0
40439,14,15,41551,560
40439,14,15,41181,840
40439,14,15,40811,1050
40439,14,15,40441,1330
32646,14,15,35240,0
32646,14,15,34870,420
32646,14,15,34500,700
32646,14,15,34130,910
32646,14,15,33760,1190
32646,14,15,33390,1400
44518,14,15,47112,0
44518,14,15,46742,490
44518,14,15,46372,700
44518,14,15,46002,980
44518,14,15,45632,1190
44518,14,15,45262,1470
36359,14,15,37470,0
36359,14,15,37100,420
36359,14,15,36730,700
36359,14,15,36360,980
36359,14,15,1,1190
28566,14,15,30789,0
28566,14,15,30419,350
28566,14,15,30049,630
28566,14,15,29679,910
28566,14,15,29309,1120
28566,14,15,28939,1400
44889,14,15,47483,0
44889,14,15,47113,490
44889,14,15,46743,700
44889,14,15,46373,980
44889,14,15,46003,1190
44889,14,15,45633,1470
29681,14,15,30792,0
29681,14,15,30422,490
29681,14,15,30052,700
29681,14,15,29682,980
29681,14,15,1,1260
41925,14,15,44515,0
41925,14,15,44145,350
41925,14,15,43775,630
41925,14,15,43405,840
41925,14,15,43035,1120
41925,14,15,42665,1330
33757,14,15,35983,0
33757,14,15,35613,420
33757,14,15,35243,700
33757,14,15,34873,910
33757,14,15,34503,1190
33757,14,15,34133,1470
30793,14,15,32645,0
30793,14,15,32275,420
30793,14,15,31905,630
30793,14,15,31535,910
30793,14,15,31165,1120
30793,14,15,30795,1400
40809,14,15,43032,0
40809,14,15,42662,560
40809,14,15,42292,840
40809,14,15,41922,1050
40809,14,15,41552,1330
34872,14,15,37466,0
34872,14,15,37096,420
34872,14,15,36726,630
34872,14,15,36356,910
34872,14,15,35986,1190
34872,14,15,35616,1400
46000,14,15,47856,0
46000,14,15,47486,560
46000,14,15,47116,1050
46000,14,15,46746,1330
31164,14,15,33016,0
31164,14,15,32646,420
31164,14,15,32276,700
31164,14,15,31906,910
31164,14,15,31536,1190
31164,14,15,31166,1400
43036,14,15,44518,0
43036,14,15,44148,560
43036,14,15,43778,840
43036,14,15,43408,1050
43036,14,15,43038,1330
35243,14,15,37837,0
35243,14,15,37467,420
35243,14,15,37097,700
35243,14,15,36727,980
35243,14,15,36357,1190
35243,14,15,35987,1470
47115,14,15,48599,0
47115,14,15,48229,490
47115,14,15,47859,980
47115,14,15,47489,1470
32279,14,15,34869,0
32279,14,15,34499,490
32279,14,15,34129,700
32279,14,15,33759,980
32279,14,15,33389,1190
32279,14,15,33019,1470
40434,14,15,42661,0
40434,14,15,42291,490
40434,14,15,41921,700
40434,14,15,41551,980
40434,14,15,41181,1190
40434,14,15,40811,1470
43407,14,15,45259,0
43407,14,15,44889,490
43407,14,15,44519,770
43407,14,15,44149,980
43407,14,15,43779,1260
43407,14,15,43409,1470
47486,14,15,48600,0
47486,14,15,48230,700
47486,14,15,47860,1190
44522,14,15,47112,0
44522,14,15,46742,490
44522,14,15,46372,700
44522,14,15,46002,980
44522,14,15,45632,1190
44522,14,15,45262,1470
36354,14,15,38580,0
36354,14,15,38210,350
36354,14,15,37840,630
36354,14,15,37470,840
36354,14,15,37100,1120
36354,14,15,36730,1400
33390,14,15,35242,0
33390,14,15,34872,420
33390,14,15,34502,630
33390,14,15,34132,910
33390,14,15,33762,1190
33390,14,15,33392,1400
37469,14,15,39693,0
37469,14,15,39323,560
37469,14,15,38953,840
37469,14,15,38583,1050
37469,14,15,38213,1330
41920,14,15,44145,0
41920,14,15,43775,350
41920,14,15,43405,630
41920,14,15,43035,840
41920,14,15,42665,1120
41920,14,15,42295,1400
30788,14,15,33015,0
30788,14,15,32645,420
30788,14,15,32275,700
30788,14,15,31905,910
30788,14,15,31535,1190
30788,14,15,31165,1400
33761,14,15,35613,0
33761,14,15,35243,420
33761,14,15,34873,630
33761,14,15,34503,910
33761,14,15,34133,1190
33761,14,15,33763,1400
45633,14,15,47485,0
45633,14,15,47115,490
45633,14,15,46745,770
45633,14,15,46375,980
45633,14,15,46005,1260
45633,14,15,45635,1470
37840,14,15,40064,0
37840,14,15,39694,560
37840,14,15,39324,840
37840,14,15,38954,1050
37840,14,15,38584,1330
34876,14,15,37466,0
34876,14,15,37096,490
34876,14,15,36726,700
34876,14,15,36356,980
34876,14,15,35986,1190
34876,14,15,35616,1470
38952,14,15,41177,0
38952,14,15,40807,350
38952,14,15,40437,630
38952,14,15,40067,840
38952,14,15,39697,1120
38952,14,15,39327,1330
31159,14,15,33386,0
31159,14,15,33016,560
31159,14,15,32646,770
31159,14,15,32276,1050
31159,14,15,31906,1260
43031,14,15,45258,0
43031,14,15,44888,490
43031,14,15,44518,700
43031,14,15,44148,980
43031,14,15,43778,1260
43031,14,15,43408,1470
46004,14,15,47486,0
46004,14,15,47116,770
46004,14,15,46746,980
46004,14,15,46376,1260
46004,14,15,46006,1470
40067,14,15,42290,0
40067,14,15,41920,560
40067,14,15,41550,840
40067,14,15,41180,1050
40067,14,15,40810,1330
32274,14,15,34499,0
32274,14,15,34129,420
32274,14,15,33759,700
32274,14,15,33389,910
32274,14,15,33019,1190
32274,14,15,32649,1470
47119,14,15,48599,0
47119,14,15,48229,490
47119,14,15,47859,980
47119,14,15,47489,1470
35987,14,15,37839,0
35987,14,15,37469,350
35987,14,15,37099,630
35987,14,15,36729,840
35987,14,15,36359,1120
35987,14,15,35989,1330
43402,14,15,45999,0
43402,14,15,45629,420
43402,14,15,45259,630
43402,14,15,44889,910
43402,14,15,44519,1120
43402,14,15,44149,1400
40438,14,15,42661,0
40438,14,15,42291,560
40438,14,15,41921,840
40438,14,15,41551,1050
40438,14,15,41181,1330
44517,14,15,46742,0
44517,14,15,46372,560
44517,14,15,46002,770
44517,14,15,45632,1050
44517,14,15,45262,1260
29306,14,15,30791,0
29306,14,15,30421,560
29306,14,15,30051,840
29306,14,15,29681,1050
29306,14,15,29311,1330
33385,14,15,35612,0
33385,14,15,35242,560
33385,14,15,34872,770
33385,14,15,34502,1050
33385,14,15,34132,1260
36358,14,15,37840,0
36358,14,15,37470,560
36358,14,15,37100,840
36358,14,15,36730,1050
36358,14,15,36360,1330
30421,14,15,33014,0
30421,14,15,32644,350
30421,14,15,32274,630
30421,14,15,31904,840
30421,14,15,31534,1120
30421,14,15,31164,1330
37473,14,15,40063,0
37473,14,15,39693,350
37473,14,15,39323,560
37473,14,15,38953,840
37473,14,15,38583,1120
37473,14,15,38213,1330
41549,14,15,43774,0
41549,14,15,43404,350
41549,14,15,43034,630
41549,14,15,42664,840
41549,14,15,42294,1120
41549,14,15,41924,1400
33756,14,15,35983,0
33756,14,15,35613,560
33756,14,15,35243,770
33756,14,15,34873,1050
33756,14,15,34503,1260
30792,14,15,33385,0
30792,14,15,33015,420
30792,14,15,32645,630
30792,14,15,32275,910
30792,14,15,31905,1190
30792,14,15,31535,1400
45628,14,15,47855,0
45628,14,15,47485,420
45628,14,15,47115,910
45628,14,15,46745,1120
45628,14,15,46375,1400
48601,14,15,49713,0
48601,14,15,49343,700
48601,14,15,48973,1190
42664,14,15,44887,0
42664,14,15,44517,560
42664,14,15,44147,840
42664,14,15,43777,1050
42664,14,15,43407,1330
34871,14,15,37096,0
34871,14,15,36726,420
34871,14,15,36356,700
34871,14,15,35986,910
34871,14,15,35616,1190
34871,14,15,35246,1400
38956,14,15,40067,0
38956,14,15,39697,420
38956,14,15,39327,700
38956,14,15,38957,980
38956,14,15,1,1190
45999,14,15,47856,0
45999,14,15,47486,630
45999,14,15,47116,1120
45999,14,15,46746,1400
43035,14,15,45258,0
43035,14,15,44888,560
43035,14,15,44518,840
43035,14,15,44148,1050
43035,14,15,43778,1330
47114,14,15,48229,0
47114,14,15,47859,770
47114,14,15,47489,1260
31903,14,15,34128,0
31903,14,15,33758,420
31903,14,15,33388,700
31903,14,15,33018,910
31903,14,15,32648,1190
31903,14,15,32278,1400
35982,14,15,38209,0
35982,14,15,37839,490
35982,14,15,37469,770
35982,14,15,37099,980
35982,14,15,36729,1260
33018,14,15,35611,0
33018,14,15,35241,420
33018,14,15,34871,630
33018,14,15,34501,910
33018,14,15,34131,1190
33018,14,15,33761,1400
29310,14,15,30421,0
29310,14,15,30051,420
29310,14,15,29681,700
29310,14,15,29311,910
29310,14,15,1,1190
36353,14,15,38580,0
36353,14,15,38210,490
36353,14,15,37840,700
36353,14,15,37470,980
36353,14,15,37100,1190
36353,14,15,36730,1470
33389,14,15,35982,0
33389,14,15,35612,420
33389,14,15,35242,630
33389,14,15,34872,910
33389,14,15,34502,1190
33389,14,15,34132,1400
37468,14,15,39693,0
37468,14,15,39323,350
37468,14,15,38953,630
37468,14,15,38583,840
37468,14,15,38213,1120
37468,14,15,37843,1330
41553,14,15,42664,0
41553,14,15,42294,490
41553,14,15,41924,700
41553,14,15,41554,980
41553,14,15,1,1190
45632,14,15,47855,0
45632,14,15,47485,490
45632,14,15,47115,980
45632,14,15,46745,1260
45632,14,15,46375,1470
38951,14,15,41177,0
38951,14,15,40807,350
38951,14,15,40437,630
38951,14,15,40067,840
38951,14,15,39697,1120
38951,14,15,39327,1400
40066,14,15,42290,0
40066,14,15,41920,560
40066,14,15,41550,840
40066,14,15,41180,1050
40066,14,15,40810,1330
47118,14,15,47859,0
47118,14,15,47489,630
47118,14,15,47119,1120
47118,14,15,1,1330
31907,14,15,33018,0
31907,14,15,32648,560
31907,14,15,32278,770
31907,14,15,31908,1050
31907,14,15,1,1260
35986,14,15,38579,0
35986,14,15,38209,350
35986,14,15,37839,630
35986,14,15,37469,840
35986,14,15,37099,1120
35986,14,15,36729,1400
48230,14,15,49342,0
48230,14,15,48972,700
48230,14,15,48602,1190
44150,14,15,45631,0
44150,14,15,45261,350
44150,14,15,44891,630
44150,14,15,44521,840
44150,14,15,44151,1120
44150,14,15,1,1330
30420,14,15,32644,0
30420,14,15,32274,560
30420,14,15,31904,840
30420,14,15,31534,1050
30420,14,15,31164,1330
41548,14,15,43774,0
41548,14,15,43404,420
41548,14,15,43034,630
41548,14,15,42664,910
41548,14,15,42294,1120
41548,14,15,41924,1400
38584,14,15,40066,0
38584,14,15,39696,560
38584,14,15,39326,840
38584,14,15,38956,1050
38584,14,15,38586,1330
48600,14,15,49713,0
48600,14,15,49343,560
48600,14,15,48973,1050
42663,14,15,44887,0
42663,14,15,44517,560
42663,14,15,44147,840
42663,14,15,43777,1050
42663,14,15,43407,1330
27827,14,15,30417,0
27827,14,15,30047,420
27827,14,15,29677,700
27827,14,15,29307,910
27827,14,15,28937,1190
27827,14,15,28567,1400
34504,14,15,35615,0
34504,14,15,35245,560
34504,14,15,34875,770
34504,14,15,34505,1050
34504,14,15,1,1330
38955,14,15,40437,0
38955,14,15,40067,560
38955,14,15,39697,840
38955,14,15,39327,1050
38955,14,15,38957,1330
43034,14,15,45258,0
43034,14,15,44888,560
43034,14,15,44518,840
43034,14,15,44148,1050
43034,14,15,43778,1330
40070,14,15,42660,0
40070,14,15,42290,350
40070,14,15,41920,560
40070,14,15,41550,840
40070,14,15,41180,1120
40070,14,15,40810,1330
31902,14,15,34128,0
31902,14,15,33758,420
31902,14,15,33388,700
31902,14,15,33018,910
31902,14,15,32648,1190
31902,14,15,32278,1400
28938,14,15,30420,0
28938,14,15,30050,420
28938,14,15,29680,700
28938,14,15,29310,980
28938,14,15,28940,1190
28938,14,15,1,1470
46747,14,15,47858,0
46747,14,15,47488,350
46747,14,15,47118,840
46747,14,15,46748,1120
46747,14,15,1,1330
33017,14,15,35611,0
33017,14,15,35241,420
33017,14,15,34871,630
33017,14,15,34501,910
33017,14,15,34131,1190
33017,14,15,33761,1400
37102,14,15,39692,0
37102,14,15,39322,350
37102,14,15,38952,560
37102,14,15,38582,840
37102,14,15,38212,1120
37102,14,15,37842,1330
29309,14,15,30791,0
29309,14,15,30421,420
29309,14,15,30051,700
29309,14,15,29681,980
29309,14,15,29311,1190
29309,14,15,1,1470
44145,14,15,46371,0
44145,14,15,46001,560
44145,14,15,45631,840
44145,14,15,45261,1050
44145,14,15,44891,1330
41181,14,15,42663,0
41181,14,15,42293,560
41181,14,15,41923,840
41181,14,15,41553,1050
41181,14,15,41183,1330
33388,14,15,35982,0
33388,14,15,35612,420
33388,14,15,35242,630
33388,14,15,34872,910
33388,14,15,34502,1190
33388,14,15,34132,1400
30424,14,15,33014,0
30424,14,15,32644,420
30424,14,15,32274,630
30424,14,15,31904,910
30424,14,15,31534,1120
30424,14,15,31164,1400
38579,14,15,40806,0
38579,14,15,40436,490
38579,14,15,40066,700
38579,14,15,39696,980
38579,14,15,39326,1190
38579,14,15,38956,1470
41552,14,15,43034,0
41552,14,15,42664,560
41552,14,15,42294,840
41552,14,15,41924,1050
41552,14,15,41554,1330
45631,14,15,47855,0
45631,14,15,47485,490
45631,14,15,47115,980
45631,14,15,46745,1190
45631,14,15,46375,1470
42667,14,15,45257,0
42667,14,15,44887,350
42667,14,15,44517,630
42667,14,15,44147,840
42667,14,15,43777,1120
42667,14,15,43407,1330
34499,14,15,36725,0
34499,14,15,36355,420
34499,14,15,35985,700
34499,14,15,35615,910
34499,14,15,35245,1190
34499,14,15,34875,1470
31535,14,15,33387,0
31535,14,15,33017,420
31535,14,15,32647,630
31535,14,15,32277,910
31535,14,15,31907,1120
31535,14,15,31537,1400
38950,14,15,41177,0
38950,14,15,40807,490
38950,14,15,40437,700
38950,14,15,40067,980
38950,14,15,39697,1190
38950,14,15,39327,1470
40065,14,15,42290,0
40065,14,15,41920,350
40065,14,15,41550,630
40065,14,15,41180,840
40065,14,15,40810,1120
40065,14,15,40440,1330
39699,14,15,42289,0
39699,14,15,41919,350
39699,14,15,41549,560
39699,14,15,41179,840
39699,14,15,40809,1120
39699,14,15,40439,1330
31906,14,15,33758,0
31906,14,15,33388,420
31906,14,15,33018,630
31906,14,15,32648,910
31906,14,15,32278,1120
31906,14,15,31908,1400
46742,14,15,48228,0
46742,14,15,47858,560
46742,14,15,47488,1050
43778,14,15,45630,0
43778,14,15,45260,490
43778,14,15,44890,770
43778,14,15,44520,980
43778,14,15,44150,1260
43778,14,15,43780,1470
35985,14,15,38579,0
35985,14,15,38209,350
35985,14,15,37839,630
35985,14,15,37469,840
35985,14,15,37099,1120
35985,14,15,36729,1400
48229,14,15,49342,0
48229,14,15,48972,560
48229,14,15,48602,1050
33021,14,15,35611,0
33021,14,15,35241,490
33021,14,15,34871,700
33021,14,15,34501,980
33021,14,15,34131,1190
33021,14,15,33761,1470
37097,14,15,39322,0
37097,14,15,38952,350
37097,14,15,38582,630
37097,14,15,38212,840
37097,14,15,37842,1120
37097,14,15,37472,1330
34133,14,15,35244,0
34133,14,15,34874,560
34133,14,15,34504,770
34133,14,15,34134,1050
34133,14,15,1,1330
41176,14,15,43403,0
41176,14,15,43033,490
41176,14,15,42663,700
41176,14,15,42293,980
41176,14,15,41923,1190
41176,14,15,41553,1470
44149,14,15,46001,0
44149,14,15,45631,490
44149,14,15,45261,770
44149,14,15,44891,980
44149,14,15,44521,1260
44149,14,15,44151,1470
30419,14,15,32274,0
30419,14,15,31904,560
30419,14,15,31534,770
30419,14,15,31164,1050
30419,14,15,30794,1330
30053,14,15,32643,0
30053,14,15,32273,420
30053,14,15,31903,630
30053,14,15,31533,910
30053,14,15,31163,1120
30053,14,15,30793,1400
41547,14,15,43774,0
41547,14,15,43404,490
41547,14,15,43034,700
41547,14,15,42664,980
41547,14,15,42294,1260
41547,14,15,41924,1470
38583,14,15,40806,0
38583,14,15,40436,560
38583,14,15,40066,840
38583,14,15,39696,1050
38583,14,15,39326,1330
42662,14,15,44887,0
42662,14,15,44517,350
42662,14,15,44147,630
42662,14,15,43777,840
42662,14,15,43407,1120
42662,14,15,43037,1400
45260,14,15,47484,0
45260,14,15,47114,700
45260,14,15,46744,980
45260,14,15,46374,1190
45260,14,15,46004,1470
31530,14,15,33757,0
31530,14,15,33387,490
31530,14,15,33017,770
31530,14,15,32647,980
31530,14,15,32277,1260
34503,14,15,36355,0
34503,14,15,35985,420
34503,14,15,35615,630
34503,14,15,35245,910
34503,14,15,34875,1190
34503,14,15,34505,1400
39694,14,15,41919,0
39694,14,15,41549,350
39694,14,15,41179,630
39694,14,15,40809,840
39694,14,15,40439,1120
39694,14,15,40069,1330
31901,14,15,34128,0
31901,14,15,33758,490
31901,14,15,33388,770
31901,14,15,33018,980
31901,14,15,32648,1260
28937,14,15,31160,0
28937,14,15,30790,350
28937,14,15,30420,630
28937,14,15,30050,910
28937,14,15,29680,1120
28937,14,15,29310,1400
43773,14,15,46370,0
43773,14,15,46000,420
43773,14,15,45630,630
43773,14,15,45260,910
43773,14,15,44890,1120
43773,14,15,44520,1400
46746,14,15,47858,0
46746,14,15,47488,770
46746,14,15,47118,1260
46746,14,15,46748,1470
33016,14,15,35241,0
33016,14,15,34871,420
33016,14,15,34501,700
33016,14,15,34131,910
33016,14,15,33761,1190
33016,14,15,33391,1400
34128,14,15,36354,0
34128,14,15,35984,420
34128,14,15,35614,700
34128,14,15,35244,910
34128,14,15,34874,1190
34128,14,15,34504,1470
37101,14,15,38212,0
37101,14,15,37842,420
37101,14,15,37472,700
37101,14,15,37102,980
37101,14,15,1,1190
44144,14,15,46741,0
44144,14,15,46371,420
44144,14,15,46001,630
44144,14,15,45631,910
44144,14,15,45261,1120
44144,14,15,44891,1400
41180,14,15,43403,0
41180,14,15,43033,560
41180,14,15,42663,840
41180,14,15,42293,1050
41180,14,15,41923,1330
30048,14,15,31903,0
30048,14,15,31533,560
30048,14,15,31163,770
30048,14,15,30793,1050
30048,14,15,30423,1330
46371,14,15,47857,0
46371,14,15,47487,840
46371,14,15,47117,1330
42291,14,15,44516,0
42291,14,15,44146,350
42291,14,15,43776,630
42291,14,15,43406,840
42291,14,15,43036,1120
42291,14,15,42666,1400
45264,14,15,47484,0
45264,14,15,47114,700
45264,14,15,46744,980
45264,14,15,46374,1190
45264,14,15,46004,1470
34498,14,15,36725,0
34498,14,15,36355,560
34498,14,15,35985,770
34498,14,15,35615,1050
34498,14,15,35245,1260
31534,14,15,34127,0
31534,14,15,33757,420
31534,14,15,33387,630
31534,14,15,33017,910
31534,14,15,32647,1120
31534,14,15,32277,1400
36725,14,15,38951,0
36725,14,15,38581,350
36725,14,15,38211,630
36725,14,15,37841,840
36725,14,15,37471,1120
36725,14,15,37101,1400
39698,14,15,40809,0
39698,14,15,40439,420
39698,14,15,40069,700
39698,14,15,39699,980
39698,14,15,1,1190
46741,14,15,48228,0
46741,14,15,47858,630
46741,14,15,47488,1120
43777,14,15,46370,0
43777,14,15,46000,490
43777,14,15,45630,770
43777,14,15,45260,980
43777,14,15,44890,1260
43777,14,15,44520,1470
37096,14,15,39322,0
37096,14,15,38952,350
37096,14,15,38582,630
37096,14,15,38212,840
37096,14,15,37842,1120
37096,14,15,37472,1400
34132,14,15,35984,0
34132,14,15,35614,420
34132,14,15,35244,630
34132,14,15,34874,910
34132,14,15,34504,1190
34132,14,15,34134,1400
30052,14,15,31163,0
30052,14,15,30793,490
30052,14,15,30423,700
30052,14,15,30053,980
30052,14,15,1,1260
46375,14,15,47857,0
46375,14,15,47487,490
46375,14,15,47117,980
46375,14,15,46747,1260
46375,14,15,46377,1470
45259,14,15,47484,0
45259,14,15,47114,560
45259,14,15,46744,770
45259,14,15,46374,1050
45259,14,15,46004,1260
39322,14,15,41548,0
39322,14,15,41178,350
39322,14,15,40808,630
39322,14,15,40438,840
39322,14,15,40068,1120
39322,14,15,39698,1400
42295,14,15,43406,0
42295,14,15,43036,490
42295,14,15,42666,700
42295,14,15,42296,980
42295,14,15,1,1190
35614,14,15,38208,0
35614,14,15,37838,420
35614,14,15,37468,700
35614,14,15,37098,980
35614,14,15,36728,1190
35614,14,15,36358,1470
32650,14,15,35240,0
32650,14,15,34870,490
32650,14,15,34500,700
32650,14,15,34130,980
32650,14,15,33760,1190
32650,14,15,33390,1470
39693,14,15,41919,0
39693,14,15,41549,350
39693,14,15,41179,630
39693,14,15,40809,840
39693,14,15,40439,1120
39693,14,15,40069,1400
36729,14,15,38211,0
36729,14,15,37841,560
36729,14,15,37471,840
36729,14,15,37101,1050
36729,14,15,36731,1330
29676,14,15,31532,0
29676,14,15,31162,560
29676,14,15,30792,770
29676,14,15,30422,1050
29676,14,15,30052,1260
47857,14,15,48971,0
47857,14,15,48601,560
47857,14,15,48231,1050
44893,14,15,47483,0
44893,14,15,47113,490
44893,14,15,46743,700
44893,14,15,46373,980
44893,14,15,46003,1190
44893,14,15,45633,1470
34127,14,15,36354,0
34127,14,15,35984,560
34127,14,15,35614,770
34127,14,15,35244,1050
34127,14,15,34874,1260
37100,14,15,38582,0
37100,14,15,38212,560
37100,14,15,37842,840
37100,14,15,37472,1050
37100,14,15,37102,1330
30047,14,15,31903,0
30047,14,15,31533,560
30047,14,15,31163,770
30047,14,15,30793,1050
30047,14,15,30423,1260
46370,14,15,48227,0
46370,14,15,47857,420
46370,14,15,47487,910
46370,14,15,47117,1400
38211,14,15,40435,0
38211,14,15,40065,560
38211,14,15,39695,840
38211,14,15,39325,1050
38211,14,15,38955,1330
35247,14,15,37837,0
35247,14,15,37467,490
35247,14,15,37097,700
35247,14,15,36727,980
35247,14,15,36357,1260
35247,14,15,35987,1470
42290,14,15,44516,0
42290,14,15,44146,420
42290,14,15,43776,630
42290,14,15,43406,910
42290,14,15,43036,1120
42290,14,15,42666,1400
45263,14,15,46744,0
45263,14,15,46374,350
45263,14,15,46004,630
45263,14,15,45634,840
45263,14,15,45264,1120
45263,14,15,1,1330
39326,14,15,40808,0
39326,14,15,40438,560
39326,14,15,40068,840
39326,14,15,39698,1050
39326,14,15,39328,1330
32645,14,15,34870,0
32645,14,15,34500,420
32645,14,15,34130,700
32645,14,15,33760,910
32645,14,15,33390,1190
32645,14,15,33020,1470
35618,14,15,38208,0
35618,14,15,37838,490
35618,14,15,37468,700
35618,14,15,37098,980
35618,14,15,36728,1260
35618,14,15,36358,1470
36724,14,15,38951,0
36724,14,15,38581,490
36724,14,15,38211,700
36724,14,15,37841,980
36724,14,15,37471,1190
36724,14,15,37101,1470
39697,14,15,41179,0
39697,14,15,40809,560
39697,14,15,40439,840
39697,14,15,40069,1050
39697,14,15,39699,1330
29680,14,15,31532,0
29680,14,15,31162,350
29680,14,15,30792,560
29680,14,15,30422,840
29680,14,15,30052,1120
29680,14,15,29682,1330
44888,14,15,47113,0
44888,14,15,46743,560
44888,14,15,46373,770
44888,14,15,46003,1050
44888,14,15,45633,1260
41924,14,15,43035,0
41924,14,15,42665,490
41924,14,15,42295,700
41924,14,15,41925,980
41924,14,15,1,1190
34131,14,15,36724,0
34131,14,15,36354,420
34131,14,15,35984,630
34131,14,15,35614,910
34131,14,15,35244,1190
34131,14,15,34874,1400
40808,14,15,43032,0
40808,14,15,42662,560
40808,14,15,42292,840
40808,14,15,41922,1050
40808,14,15,41552,1330
37844,14,15,40434,0
37844,14,15,40064,350
37844,14,15,39694,560
37844,14,15,39324,840
37844,14,15,38954,1120
37844,14,15,38584,1330
30051,14,15,31903,0
30051,14,15,31533,350
30051,14,15,31163,560
30051,14,15,30793,840
30051,14,15,30423,1120
30051,14,15,30053,1330
46374,14,15,48227,0
46374,14,15,47857,490
46374,14,15,47487,980
46374,14,15,47117,1470
31163,14,15,33756,0
31163,14,15,33386,420
31163,14,15,33016,700
31163,14,15,32646,910
31163,14,15,32276,1190
31163,14,15,31906,1470
35242,14,15,37467,0
35242,14,15,37097,490
35242,14,15,36727,700
35242,14,15,36357,980
35242,14,15,35987,1190
35242,14,15,35617,1470
38215,14,15,40805,0
38215,14,15,40435,350
38215,14,15,40065,560
38215,14,15,39695,840
38215,14,15,39325,1120
38215,14,15,38955,1330
32278,14,15,33389,0
32278,14,15,33019,560
32278,14,15,32649,840
32278,14,15,32279,1050
32278,14,15,1,1330
45258,14,15,47484,0
45258,14,15,47114,560
45258,14,15,46744,840
45258,14,15,46374,1050
45258,14,15,46004,1330
39321,14,15,41548,0
39321,14,15,41178,490
39321,14,15,40808,700
39321,14,15,40438,980
39321,14,15,40068,1190
39321,14,15,39698,1470
42294,14,15,43776,0
42294,14,15,43406,560
42294,14,15,43036,840
42294,14,15,42666,1050
42294,14,15,42296,1330
43406,14,15,45999,0
43406,14,15,45629,490
43406,14,15,45259,770
43406,14,15,44889,980
43406,14,15,44519,1260
43406,14,15,44149,1470
28198,14,15,30788,0
28198,14,15,30418,420
28198,14,15,30048,630
28198,14,15,29678,910
28198,14,15,29308,1120
28198,14,15,28938,1400
35613,14,15,37838,0
35613,14,15,37468,490
35613,14,15,37098,700
35613,14,15,36728,980
35613,14,15,36358,1190
35613,14,15,35988,1470
47485,14,15,48600,0
47485,14,15,48230,560
47485,14,15,47860,1050
32649,14,15,33760,0
32649,14,15,33390,560
32649,14,15,33020,840
32649,14,15,32650,1050
32649,14,15,1,1330
39692,14,15,41919,0
39692,14,15,41549,490
39692,14,15,41179,700
39692,14,15,40809,980
39692,14,15,40439,1190
39692,14,15,40069,1470
44521,14,15,46002,0
44521,14,15,45632,350
44521,14,15,45262,630
44521,14,15,44892,840
44521,14,15,44522,1120
44521,14,15,1,1330
36728,14,15,38951,0
36728,14,15,38581,560
36728,14,15,38211,840
36728,14,15,37841,1050
36728,14,15,37471,1330
28569,14,15,31159,0
28569,14,15,30789,350
28569,14,15,30419,630
28569,14,15,30049,840
28569,14,15,29679,1120
28569,14,15,29309,1330
47856,14,15,48971,0
47856,14,15,48601,560
47856,14,15,48231,1050
41919,14,15,44145,0
41919,14,15,43775,420
41919,14,15,43405,630
41919,14,15,43035,910
41919,14,15,42665,1120
41919,14,15,42295,1400
44892,14,15,46373,0
44892,14,15,46003,350
44892,14,15,45633,630
44892,14,15,45263,840
44892,14,15,44893,1120
44892,14,15,1,1330
48971,14,15,50084,0
48971,14,15,49714,560
48971,14,15,49344,1050
33760,14,15,36353,0
33760,14,15,35983,420
33760,14,15,35613,630
33760,14,15,35243,910
33760,14,15,34873,1190
33760,14,15,34503,1400
37839,14,15,40064,0
37839,14,15,39694,350
37839,14,15,39324,630
37839,14,15,38954,840
37839,14,15,38584,1120
37839,14,15,38214,1330
40812,14,15,43402,0
40812,14,15,43032,350
40812,14,15,42662,560
40812,14,15,42292,840
40812,14,15,41922,1120
40812,14,15,41552,1330
34875,14,15,35986,0
34875,14,15,35616,560
34875,14,15,35246,770
34875,14,15,34876,1050
34875,14,15,1,1330
30046,14,15,31903,0
30046,14,15,31533,560
30046,14,15,31163,840
30046,14,15,30793,1050
30046,14,15,30423,1330
46003,14,15,47856,0
46003,14,15,47486,770
46003,14,15,47116,1260
46003,14,15,46746,1470
38210,14,15,40435,0
38210,14,15,40065,350
38210,14,15,39695,630
38210,14,15,39325,840
38210,14,15,38955,1120
38210,14,15,38585,1330
32273,14,15,34499,0
32273,14,15,34129,420
32273,14,15,33759,700
32273,14,15,33389,910
32273,14,15,33019,1190
32273,14,15,32649,1470
35246,14,15,36727,0
35246,14,15,36357,350
35246,14,15,35987,560
35246,14,15,35617,840
35246,14,15,35247,1120
35246,14,15,1,1330
42289,14,15,44516,0
42289,14,15,44146,490
42289,14,15,43776,700
42289,14,15,43406,980
42289,14,15,43036,1260
42289,14,15,42666,1470
39325,14,15,41548,0
39325,14,15,41178,560
39325,14,15,40808,840
39325,14,15,40438,1050
39325,14,15,40068,1330
40437,14,15,42661,0
40437,14,15,42291,560
40437,14,15,41921,840
40437,14,15,41551,1050
40437,14,15,41181,1330
32644,14,15,34870,0
32644,14,15,34500,420
32644,14,15,34130,700
32644,14,15,33760,910
32644,14,15,33390,1190
32644,14,15,33020,1470
44516,14,15,46742,0
44516,14,15,46372,560
44516,14,15,46002,840
44516,14,15,45632,1050
44516,14,15,45262,1330
47489,14,15,48230,0
47489,14,15,47860,350
47489,14,15,47490,840
47489,14,15,1,1330
36357,14,15,38580,0
36357,14,15,38210,560
36357,14,15,37840,840
36357,14,15,37470,1050
36357,14,15,37100,1330
37472,14,15,38583,0
37472,14,15,38213,420
37472,14,15,37843,700
37472,14,15,37473,980
37472,14,15,1,1190
29679,14,15,32272,0
29679,14,15,31902,350
29679,14,15,31532,630
29679,14,15,31162,840
29679,14,15,30792,1120
29679,14,15,30422,1330
44887,14,15,47113,0
44887,14,15,46743,560
44887,14,15,46373,840
44887,14,15,46003,1050
44887,14,15,45633,1330
41923,14,15,43405,0
41923,14,15,43035,560
41923,14,15,42665,840
41923,14,15,42295,1050
41923,14,15,41925,1330
30791,14,15,33385,0
30791,14,15,33015,420
30791,14,15,32645,630
30791,14,15,32275,910
30791,14,15,31905,1120
30791,14,15,31535,1400
40807,14,15,43032,0
40807,14,15,42662,350
40807,14,15,42292,630
40807,14,15,41922,840
40807,14,15,41552,1120
40807,14,15,41182,1330
34870,14,15,37096,0
34870,14,15,36726,420
34870,14,15,36356,700
34870,14,15,35986,910
34870,14,15,35616,1190
34870,14,15,35246,1470
37843,14,15,38954,0
37843,14,15,38584,420
37843,14,15,38214,700
37843,14,15,37844,980
37843,14,15,1,1190
31162,14,15,33756,0
31162,14,15,33386,420
31162,14,15,33016,700
31162,14,15,32646,910
31162,14,15,32276,1190
31162,14,15,31906,1400
35241,14,15,37467,0
35241,14,15,37097,490
35241,14,15,36727,700
35241,14,15,36357,980
35241,14,15,35987,1260
35241,14,15,35617,1470
32277,14,15,34129,0
32277,14,15,33759,420
32277,14,15,33389,700
32277,14,15,33019,910
32277,14,15,32649,1190
32277,14,15,32279,1400
47113,14,15,48229,0
47113,14,15,47859,840
47113,14,15,47489,1330
43405,14,15,45999,0
43405,14,15,45629,490
43405,14,15,45259,700
43405,14,15,44889,980
43405,14,15,44519,1190
43405,14,15,44149,1470
28197,14,15,29308,0
28197,14,15,28938,490
28197,14,15,28568,700
28197,14,15,28198,980
28197,14,15,1,1190
40441,14,15,43031,0
40441,14,15,42661,350
40441,14,15,42291,560
40441,14,15,41921,840
40441,14,15,41551,1120
40441,14,15,41181,1330
47484,14,15,48600,0
47484,14,15,48230,560
47484,14,15,47860,1050
44520,14,15,46372,0
44520,14,15,46002,490
44520,14,15,45632,770
44520,14,15,45262,980
44520,14,15,44892,1260
44520,14,15,44522,1470
37467,14,15,39693,0
37467,14,15,39323,350
37467,14,15,38953,630
37467,14,15,38583,840
37467,14,15,38213,1120
37467,14,15,37843,1400
41918,14,15,44145,0
41918,14,15,43775,490
41918,14,15,43405,700
41918,14,15,43035,980
41918,14,15,42665,1260
41918,14,15,42295,1470
33759,14,15,36353,0
33759,14,15,35983,420
33759,14,15,35613,630
33759,14,15,35243,910
33759,14,15,34873,1190
33759,14,15,34503,1400
30795,14,15,33385,0
30795,14,15,33015,490
30795,14,15,32645,700
30795,14,15,32275,980
30795,14,15,31905,1190
30795,14,15,31535,1470
37838,14,15,40064,0
37838,14,15,39694,350
37838,14,15,39324,630
37838,14,15,38954,840
37838,14,15,38584,1120
37838,14,15,38214,1400
34874,14,15,36726,0
34874,14,15,36356,420
34874,14,15,35986,630
34874,14,15,35616,910
34874,14,15,35246,1190
34874,14,15,34876,1400
31166,14,15,33756,0
31166,14,15,33386,490
31166,14,15,33016,770
31166,14,15,32646,980
31166,14,15,32276,1260
46002,14,15,47856,0
46002,14,15,47486,700
46002,14,15,47116,1190
46002,14,15,46746,1470
32272,14,15,34499,0
32272,14,15,34129,560
32272,14,15,33759,770
32272,14,15,33389,1050
32272,14,15,33019,1260
43038,14,15,45628,0
43038,14,15,45258,350
43038,14,15,44888,630
43038,14,15,44518,840
43038,14,15,44148,1120
43038,14,15,43778,1330
47117,14,15,48229,0
47117,14,15,47859,490
47117,14,15,47489,980
47117,14,15,47119,1470
40436,14,15,42661,0
40436,14,15,42291,350
40436,14,15,41921,630
40436,14,15,41551,840
40436,14,15,41181,1120
40436,14,15,40811,1330
43409,14,15,45999,0
43409,14,15,45629,490
43409,14,15,45259,700
43409,14,15,44889,980
43409,14,15,44519,1190
43409,14,15,44149,1470
44515,14,15,47112,0
44515,14,15,46742,420
44515,14,15,46372,630
44515,14,15,46002,910
44515,14,15,45632,1120
44515,14,15,45262,1400
47488,14,15,48230,0
47488,14,15,47860,770
47488,14,15,47490,1260
36356,14,15,38580,0
36356,14,15,38210,560
36356,14,15,37840,840
36356,14,15,37470,1050
36356,14,15,37100,1330
33392,14,15,35982,0
33392,14,15,35612,490
33392,14,15,35242,700
33392,14,15,34872,980
33392,14,15,34502,1190
33392,14,15,34132,1470
37471,14,15,38953,0
37471,14,15,38583,560
37471,14,15,38213,840
37471,14,15,37843,1050
37471,14,15,37473,1330
41922,14,15,44145,0
41922,14,15,43775,560
41922,14,15,43405,840
41922,14,15,43035,1050
41922,14,15,42665,1330
30790,14,15,33015,0
30790,14,15,32645,420
30790,14,15,32275,630
30790,14,15,31905,910
30790,14,15,31535,1120
30790,14,15,31165,1400
33763,14,15,36353,0
33763,14,15,35983,490
33763,14,15,35613,700
33763,14,15,35243,980
33763,14,15,34873,1190
33763,14,15,34503,1470
48599,14,15,49713,0
48599,14,15,49343,630
48599,14,15,48973,1120
34869,14,15,37096,0
34869,14,15,36726,560
34869,14,15,36356,770
34869,14,15,35986,1050
34869,14,15,35616,1260
45635,14,15,47855,0
45635,14,15,47485,490
45635,14,15,47115,980
45635,14,15,46745,1190
45635,14,15,46375,1470
37842,14,15,39324,0
37842,14,15,38954,560
37842,14,15,38584,840
37842,14,15,38214,1050
37842,14,15,37844,1330
38954,14,15,41177,0
38954,14,15,40807,560
38954,14,15,40437,840
38954,14,15,40067,1050
38954,14,15,39697,1330
31161,14,15,33386,0
31161,14,15,33016,420
31161,14,15,32646,700
31161,14,15,32276,910
31161,14,15,31906,1190
31161,14,15,31536,1470
43033,14,15,45258,0
43033,14,15,44888,350
43033,14,15,44518,630
43033,14,15,44148,840
43033,14,15,43778,1120
43033,14,15,43408,1400
46006,14,15,47856,0
46006,14,15,47486,700
46006,14,15,47116,1190
46006,14,15,46746,1470
40069,14,15,41180,0
40069,14,15,40810,420
40069,14,15,40440,700
40069,14,15,40070,980
40069,14,15,1,1190
32276,14,15,34869,0
32276,14,15,34499,420
32276,14,15,34129,700
32276,14,15,33759,910
32276,14,15,33389,1190
32276,14,15,33019,1400
47112,14,15,48599,0
47112,14,15,48229,420
47112,14,15,47859,910
47112,14,15,47489,1400
35989,14,15,38579,0
35989,14,15,38209,420
35989,14,15,37839,630
35989,14,15,37469,910
35989,14,15,37099,1120
35989,14,15,36729,1400
43404,14,15,45629,0
43404,14,15,45259,560
43404,14,15,44889,770
43404,14,15,44519,1050
43404,14,15,44149,1260
28196,14,15,29678,0
28196,14,15,29308,490
28196,14,15,28938,700
28196,14,15,28568,980
28196,14,15,28198,1260
28196,14,15,1,1470
40440,14,15,41551,0
40440,14,15,41181,420
40440,14,15,40811,700
40440,14,15,40441,980
40440,14,15,1,1190
44519,14,15,47112,0
44519,14,15,46742,490
44519,14,15,46372,770
44519,14,15,46002,980
44519,14,15,45632,1260
44519,14,15,45262,1470
29308,14,15,31531,0
29308,14,15,31161,350
29308,14,15,30791,630
29308,14,15,30421,910
29308,14,15,30051,1120
29308,14,15,29681,1400
33387,14,15,35612,0
33387,14,15,35242,420
33387,14,15,34872,700
33387,14,15,34502,910
33387,14,15,34132,1190
33387,14,15,33762,1400
36360,14,15,38950,0
36360,14,15,38580,350
36360,14,15,38210,560
36360,14,15,37840,840
36360,14,15,37470,1120
36360,14,15,37100,1330
30423,14,15,31534,0
30423,14,15,31164,490
30423,14,15,30794,700
30423,14,15,30424,980
30423,14,15,1,1260
37466,14,15,39693,0
37466,14,15,39323,490
37466,14,15,38953,700
37466,14,15,38583,980
37466,14,15,38213,1190
37466,14,15,37843,1470
41551,14,15,43774,0
41551,14,15,43404,560
41551,14,15,43034,840
41551,14,15,42664,1050
41551,14,15,42294,1330
33758,14,15,35983,0
33758,14,15,35613,420
33758,14,15,35243,700
33758,14,15,34873,910
33758,14,15,34503,1190
33758,14,15,34133,1400
45630,14,15,47485,0
45630,14,15,47115,770
45630,14,15,46745,1050
45630,14,15,46375,1260
30794,14,15,31905,0
30794,14,15,31535,560
30794,14,15,31165,770
30794,14,15,30795,1050
30794,14,15,1,1260
42666,14,15,43777,0
42666,14,15,43407,490
42666,14,15,43037,700
42666,14,15,42667,980
42666,14,15,1,1190
34873,14,15,37466,0
34873,14,15,37096,420
34873,14,15,36726,630
34873,14,15,36356,910
34873,14,15,35986,1190
34873,14,15,35616,1400
46001,14,15,47856,0
46001,14,15,47486,560
46001,14,15,47116,1050
46001,14,15,46746,1260
40064,14,15,42290,0
40064,14,15,41920,350
40064,14,15,41550,630
40064,14,15,41180,840
40064,14,15,40810,1120
40064,14,15,40440,1400
43037,14,15,44148,0
43037,14,15,43778,490
43037,14,15,43408,700
43037,14,15,43038,980
43037,14,15,1,1190
47116,14,15,48599,0
47116,14,15,48229,490
47116,14,15,47859,980
47116,14,15,47489,1470
31905,14,15,34498,0
31905,14,15,34128,420
31905,14,15,33758,630
31905,14,15,33388,910
31905,14,15,33018,1120
31905,14,15,32648,1400
35984,14,15,38209,0
35984,14,15,37839,420
35984,14,15,37469,630
35984,14,15,37099,910
35984,14,15,36729,1120
35984,14,15,36359,1400
33020,14,15,34131,0
33020,14,15,33761,560
33020,14,15,33391,770
33020,14,15,33021,1050
33020,14,15,1,1330
48228,14,15,49342,0
48228,14,15,48972,560
48228,14,15,48602,1050
40435,14,15,42661,0
40435,14,15,42291,350
40435,14,15,41921,630
40435,14,15,41551,840
40435,14,15,41181,1120
40435,14,15,40811,1400
44148,14,15,46741,0
44148,14,15,46371,490
44148,14,15,46001,770
44148,14,15,45631,980
44148,14,15,45261,1260
44148,14,15,44891,1470
36355,14,15,38580,0
36355,14,15,38210,350
36355,14,15,37840,630
36355,14,15,37470,840
36355,14,15,37100,1120
36355,14,15,36730,1330
30418,14,15,32274,0
30418,14,15,31904,560
30418,14,15,31534,770
30418,14,15,31164,1050
30418,14,15,30794,1260
33391,14,15,34502,0
33391,14,15,34132,560
33391,14,15,33762,770
33391,14,15,33392,1050
33391,14,15,1,1330
37470,14,15,39693,0
37470,14,15,39323,560
37470,14,15,38953,840
37470,14,15,38583,1050
37470,14,15,38213,1330
38582,14,15,40806,0
38582,14,15,40436,560
38582,14,15,40066,840
38582,14,15,39696,1050
38582,14,15,39326,1330
30789,14,15,33015,0
30789,14,15,32645,350
30789,14,15,32275,630
30789,14,15,31905,910
30789,14,15,31535,1120
30789,14,15,31165,1400
42661,14,15,44887,0
42661,14,15,44517,420
42661,14,15,44147,630
42661,14,15,43777,910
42661,14,15,43407,1120
42661,14,15,43037,1400
45634,14,15,47115,0
45634,14,15,46745,350
45634,14,15,46375,630
45634,14,15,46005,840
45634,14,15,45635,1120
45634,14,15,1,1330
34502,14,15,37095,0
34502,14,15,36725,420
34502,14,15,36355,630
34502,14,15,35985,910
34502,14,15,35615,1190
34502,14,15,35245,1400
38953,14,15,41177,0
38953,14,15,40807,560
38953,14,15,40437,840
38953,14,15,40067,1050
38953,14,15,39697,1330
43032,14,15,45258,0
43032,14,15,44888,420
43032,14,15,44518,630
43032,14,15,44148,910
43032,14,15,43778,1120
43032,14,15,43408,1400
40068,14,15,41550,0
40068,14,15,41180,560
40068,14,15,40810,840
40068,14,15,40440,1050
40068,14,15,40070,1330
28936,14,15,31160,0
28936,14,15,30790,350
28936,14,15,30420,630
28936,14,15,30050,840
28936,14,15,29680,1120
28936,14,15,29310,1330
46745,14,15,48228,0
46745,14,15,47858,770
46745,14,15,47488,1260
33015,14,15,35241,0
33015,14,15,34871,420
33015,14,15,34501,700
33015,14,15,34131,910
33015,14,15,33761,1190
33015,14,15,33391,1470
35988,14,15,37099,0
35988,14,15,36729,490
35988,14,15,36359,770
35988,14,15,35989,980
35988,14,15,1,1260
29307,14,15,31531,0
29307,14,15,31161,350
29307,14,15,30791,630
29307,14,15,30421,840
29307,14,15,30051,1120
29307,14,15,29681,1330
41179,14,15,43403,0
41179,14,15,43033,560
41179,14,15,42663,840
41179,14,15,42293,1050
41179,14,15,41923,1330
33386,14,15,35612,0
33386,14,15,35242,420
33386,14,15,34872,700
33386,14,15,34502,910
33386,14,15,34132,1190
33386,14,15,33762,1470
30422,14,15,32274,0
30422,14,15,31904,350
30422,14,15,31534,560
30422,14,15,31164,840
30422,14,15,30794,1120
30422,14,15,30424,1330
41550,14,15,43774,0
41550,14,15,43404,560
41550,14,15,43034,840
41550,14,15,42664,1050
41550,14,15,42294,1330
38586,14,15,41176,0
38586,14,15,40806,350
38586,14,15,40436,560
38586,14,15,40066,840
38586,14,15,39696,1120
38586,14,15,39326,1330
45629,14,15,47485,0
45629,14,15,47115,840
45629,14,15,46745,1050
45629,14,15,46375,1330
42665,14,15,44147,0
42665,14,15,43777,560
42665,14,15,43407,840
42665,14,15,43037,1050
42665,14,15,42667,1330
31533,14,15,34127,0
31533,14,15,33757,420
31533,14,15,33387,630
31533,14,15,33017,910
31533,14,15,32647,1120
31533,14,15,32277,1400
38957,14,15,41547,0
38957,14,15,41177,350
38957,14,15,40807,560
38957,14,15,40437,840
38957,14,15,40067,1120
38957,14,15,39697,1330
40063,14,15,42290,0
40063,14,15,41920,490
40063,14,15,41550,700
40063,14,15,41180,980
40063,14,15,40810,1190
40063,14,15,40440,1470
31904,14,15,34498,0
31904,14,15,34128,420
31904,14,15,33758,630
31904,14,15,33388,910
31904,14,15,33018,1120
31904,14,15,32648,1400
28940,14,15,31530,0
28940,14,15,31160,350
28940,14,15,30790,630
28940,14,15,30420,840
28940,14,15,30050,1120
28940,14,15,29680,1330
43776,14,15,46370,0
43776,14,15,46000,490
43776,14,15,45630,700
43776,14,15,45260,980
43776,14,15,44890,1190
43776,14,15,44520,1470
35983,14,15,38209,0
35983,14,15,37839,420
35983,14,15,37469,700
35983,14,15,37099,910
35983,14,15,36729,1190
35983,14,15,36359,1400
48227,14,15,49342,0
48227,14,15,48972,630
48227,14,15,48602,1120
33019,14,15,34871,0
33019,14,15,34501,420
33019,14,15,34131,630
33019,14,15,33761,910
33019,14,15,33391,1190
33019,14,15,33021,1400
37095,14,15,39322,0
37095,14,15,38952,490
37095,14,15,38582,700
37095,14,15,38212,980
37095,14,15,37842,1190
37095,14,15,37472,1470
29311,14,15,31901,0
29311,14,15,31531,350
29311,14,15,31161,630
29311,14,15,30791,840
29311,14,15,30421,1120
29311,14,15,30051,1330
44147,14,15,46741,0
44147,14,15,46371,490
44147,14,15,46001,700
44147,14,15,45631,980
44147,14,15,45261,1190
44147,14,15,44891,1470
41183,14,15,43773,0
41183,14,15,43403,350
41183,14,15,43033,560
41183,14,15,42663,840
41183,14,15,42293,1120
41183,14,15,41923,1330
30417,14,15,32274,0
30417,14,15,31904,560
30417,14,15,31534,840
30417,14,15,31164,1050
30417,14,15,30794,1330
38581,14,15,40806,0
38581,14,15,40436,350
38581,14,15,40066,630
38581,14,15,39696,840
38581,14,15,39326,1120
38581,14,15,38956,1330
41554,14,15,44144,0
41554,14,15,43774,350
41554,14,15,43404,630
41554,14,15,43034,840
41554,14,15,42664,1120
41554,14,15,42294,1330
42660,14,15,44887,0
42660,14,15,44517,490
42660,14,15,44147,700
42660,14,15,43777,980
42660,14,15,43407,1260
42660,14,15,43037,1470
34501,14,15,37095,0
34501,14,15,36725,420
34501,14,15,36355,630
34501,14,15,35985,910
34501,14,15,35615,1190
34501,14,15,35245,1400
31537,14,15,34127,0
31537,14,15,33757,490
31537,14,15,33387,700
31537,14,15,33017,980
31537,14,15,32647,1190
31537,14,15,32277,1470
46744,14,15,48228,0
46744,14,15,47858,700
46744,14,15,47488,1190
31908,14,15,34498,0
31908,14,15,34128,490
31908,14,15,33758,700
31908,14,15,33388,980
31908,14,15,33018,1190
31908,14,15,32648,1470
43780,14,15,46370,0
43780,14,15,46000,490
43780,14,15,45630,700
43780,14,15,45260,980
43780,14,15,44890,1190
43780,14,15,44520,1470
33014,14,15,35241,0
33014,14,15,34871,560
33014,14,15,34501,770
33014,14,15,34131,1050
33014,14,15,33761,1260
48231,14,15,48972,0
48231,14,15,48602,770
48231,14,15,48232,1260
37099,14,15,39322,0
37099,14,15,38952,560
37099,14,15,38582,840
37099,14,15,38212,1050
37099,14,15,37842,1330
41178,14,15,43403,0
41178,14,15,43033,350
41178,14,15,42663,630
41178,14,15,42293,840
41178,14,15,41923,1120
41178,14,15,41553,1330
44151,14,15,46741,0
44151,14,15,46371,490
44151,14,15,46001,700
44151,14,15,45631,980
44151,14,15,45261,1190
44151,14,15,44891,1470
38585,14,15,39696,0
38585,14,15,39326,420
38585,14,15,38956,700
38585,14,15,38586,980
38585,14,15,1,1190
45262,14,15,47114,0
45262,14,15,46744,490
45262,14,15,46374,770
45262,14,15,46004,980
45262,14,15,45634,1260
45262,14,15,45264,1470
31532,14,15,33757,0
31532,14,15,33387,420
31532,14,15,33017,700
31532,14,15,32647,910
31532,14,15,32277,1190
31532,14,15,31907,1400
34505,14,15,37095,0
34505,14,15,36725,490
34505,14,15,36355,700
34505,14,15,35985,980
34505,14,15,35615,1190
34505,14,15,35245,1470
