8535,1,2,15195,0
8535,1,2,14825,210
8535,1,2,14455,350
8535,1,2,13715,420
8535,1,2,13345,490
8535,1,2,12975,560
8535,1,2,12235,630
8535,1,2,11865,700
8535,1,2,11125,770
8535,1,2,10755,840
8535,1,2,10385,910
8535,1,2,9645,980
8535,1,2,9275,1050
8535,1,2,8535,1120
8535,1,2,1,1190
1,2,3,1,0
12235,2,3,20385,0
12235,2,3,20015,210
12235,2,3,19645,280
12235,2,3,19275,350
12235,2,3,18905,420
12235,2,3,18165,490
12235,2,3,17795,560
12235,2,3,17055,630
12235,2,3,16685,700
12235,2,3,16315,770
12235,2,3,15575,840
12235,2,3,15205,910
12235,2,3,14465,980
12235,2,3,14095,1050
12235,2,3,13725,1120
12235,2,3,12985,1190
12235,2,3,12615,1260
12235,2,3,1,1330
10385,2,3,15940,0
10385,2,3,15570,210
10385,2,3,15200,280
10385,2,3,14830,350
10385,2,3,14460,420
10385,2,3,13720,490
10385,2,3,13350,560
10385,2,3,12610,630
10385,2,3,12240,700
10385,2,3,11870,770
10385,2,3,11130,840
10385,2,3,10760,910
10385,2,3,1,980
9275,2,3,14087,0
9275,2,3,13717,280
9275,2,3,13347,350
9275,2,3,12607,420
9275,2,3,12237,490
9275,2,3,11497,560
9275,2,3,11127,630
9275,2,3,10757,700
9275,2,3,10017,770
9275,2,3,9647,840
9275,2,3,1,910
8535,2,3,20005,0
8535,2,3,19635,210
8535,2,3,19265,280
8535,2,3,18895,350
8535,2,3,18525,420
8535,2,3,18155,490
8535,2,3,17415,560
8535,2,3,17045,630
8535,2,3,16305,700
8535,2,3,15935,770
8535,2,3,15565,840
8535,2,3,14825,910
8535,2,3,14455,980
8535,2,3,13715,1050
8535,2,3,13345,1120
8535,2,3,12975,1190
8535,2,3,12235,1260
8535,2,3,11865,1330
8535,2,3,11125,1400
8535,2,3,10755,1470
14825,2,3,21502,0
14825,2,3,21132,420
14825,2,3,20762,630
14825,2,3,20392,910
14825,2,3,19652,980
14825,2,3,19282,1050
14825,2,3,18542,1120
14825,2,3,18172,1190
14825,2,3,17802,1260
14825,2,3,17062,1330
14825,2,3,16692,1400
14825,2,3,15952,1470
12975,2,3,20757,0
12975,2,3,20017,280
12975,2,3,19647,350
12975,2,3,19277,420
12975,2,3,18907,490
12975,2,3,18167,560
12975,2,3,17797,630
12975,2,3,17057,700
12975,2,3,16687,770
12975,2,3,16317,840
12975,2,3,15577,910
12975,2,3,15207,980
12975,2,3,14467,1050
12975,2,3,14097,1120
12975,2,3,13727,1190
12975,2,3,12987,1260
12975,2,3,1,1330
11125,2,3,16312,0
11125,2,3,15942,210
11125,2,3,15572,280
11125,2,3,15202,350
11125,2,3,14832,420
11125,2,3,14092,490
11125,2,3,13722,560
11125,2,3,13352,630
11125,2,3,12612,700
11125,2,3,12242,770
11125,2,3,11502,840
11125,2,3,11132,910
11125,2,3,1,980
15195,2,3,21503,0
15195,2,3,21133,420
15195,2,3,20763,700
15195,2,3,20023,980
15195,2,3,19653,1050
15195,2,3,18913,1120
15195,2,3,18543,1190
15195,2,3,18173,1260
15195,2,3,17433,1330
15195,2,3,17063,1400
15195,2,3,16323,1470
13345,2,3,20758,0
13345,2,3,20388,350
13345,2,3,20018,420
13345,2,3,19648,490
13345,2,3,18908,560
13345,2,3,18538,630
13345,2,3,17798,700
13345,2,3,17428,770
13345,2,3,17058,840
13345,2,3,16318,910
13345,2,3,15948,980
13345,2,3,15208,1050
13345,2,3,14838,1120
13345,2,3,14468,1190
13345,2,3,13728,1260
13345,2,3,13358,1330
13345,2,3,1,1400
10755,2,3,15941,0
10755,2,3,15571,210
10755,2,3,15201,280
10755,2,3,14831,350
10755,2,3,14461,420
10755,2,3,13721,490
10755,2,3,13351,560
10755,2,3,12981,630
10755,2,3,12241,700
10755,2,3,11871,770
10755,2,3,11131,840
10755,2,3,10761,910
10755,2,3,1,980
9645,2,3,15198,0
9645,2,3,14458,280
9645,2,3,14088,350
9645,2,3,13718,420
9645,2,3,12978,490
9645,2,3,12608,560
9645,2,3,12238,630
9645,2,3,11498,700
9645,2,3,11128,770
9645,2,3,10388,840
9645,2,3,10018,910
9645,2,3,9648,980
9645,2,3,1,1050
11865,2,3,19644,0
11865,2,3,18904,280
11865,2,3,18534,350
11865,2,3,18164,420
11865,2,3,17424,490
11865,2,3,17054,560
11865,2,3,16684,630
11865,2,3,15944,700
11865,2,3,15574,770
11865,2,3,14834,840
11865,2,3,14464,910
11865,2,3,14094,980
11865,2,3,13354,1050
11865,2,3,12984,1120
11865,2,3,12244,1190
11865,2,3,11874,1260
11865,2,3,1,1330
14455,2,3,21131,0
14455,2,3,20761,420
14455,2,3,20391,700
14455,2,3,19651,770
14455,2,3,19281,840
14455,2,3,18911,910
14455,2,3,18171,980
14455,2,3,17801,1050
14455,2,3,17061,1120
14455,2,3,16691,1190
14455,2,3,16321,1260
14455,2,3,15581,1330
14455,2,3,15211,1400
14455,2,3,14471,1470
13715,2,3,21129,0
13715,2,3,20759,280
13715,2,3,20389,560
13715,2,3,20019,630
13715,2,3,19279,700
13715,2,3,18909,770
13715,2,3,18539,840
13715,2,3,17799,910
13715,2,3,17429,980
13715,2,3,16689,1050
13715,2,3,16319,1120
13715,2,3,15949,1190
13715,2,3,15209,1260
13715,2,3,14839,1330
13715,2,3,14099,1400
13715,2,3,13729,1470
18155,3,4,22251,0
18155,3,4,21881,280
18155,3,4,21511,560
18155,3,4,21141,840
18155,3,4,20771,1050
18155,3,4,20401,1330
18155,3,4,19661,1400
18155,3,4,19291,1470
19282,3,4,21884,0
19282,3,4,21514,350
19282,3,4,21144,630
19282,3,4,20774,840
19282,3,4,20404,1120
19282,3,4,19664,1190
19282,3,4,19294,1260
19282,3,4,1,1330
15581,3,4,20764,0
15581,3,4,20024,280
15581,3,4,19654,350
15581,3,4,19284,420
15581,3,4,18544,490
15581,3,4,18174,560
15581,3,4,17804,630
15581,3,4,17064,700
15581,3,4,16694,770
15581,3,4,15954,840
15581,3,4,15584,910
15581,3,4,1,980
16318,3,4,21136,0
16318,3,4,20766,490
16318,3,4,20026,770
16318,3,4,19656,840
16318,3,4,18916,910
16318,3,4,18546,980
16318,3,4,18176,1050
16318,3,4,17436,1120
16318,3,4,17066,1190
16318,3,4,16326,1260
16318,3,4,1,1330
12985,3,4,16687,0
12985,3,4,16317,280
12985,3,4,15947,350
12985,3,4,15207,420
12985,3,4,14837,490
12985,3,4,14097,560
12985,3,4,13727,630
12985,3,4,13357,700
12985,3,4,1,770
15949,3,4,20765,0
15949,3,4,20395,350
15949,3,4,19655,420
15949,3,4,19285,490
15949,3,4,18915,560
15949,3,4,18175,630
15949,3,4,17805,700
15949,3,4,17065,770
15949,3,4,16695,840
15949,3,4,16325,910
15949,3,4,1,980
19635,3,4,22255,0
19635,3,4,21885,490
19635,3,4,21515,770
19635,3,4,21145,980
19635,3,4,20775,1260
17798,3,4,21510,0
17798,3,4,21140,420
17798,3,4,20770,700
17798,3,4,20400,910
17798,3,4,20030,980
17798,3,4,19290,1050
17798,3,4,18920,1120
17798,3,4,18180,1190
17798,3,4,17810,1260
17798,3,4,1,1330
14465,3,4,18911,0
14465,3,4,18541,280
14465,3,4,18171,350
14465,3,4,17431,420
14465,3,4,17061,490
14465,3,4,16691,560
14465,3,4,15951,630
14465,3,4,15581,700
14465,3,4,14841,770
14465,3,4,14471,840
14465,3,4,1,910
19644,3,4,22255,0
19644,3,4,21885,490
19644,3,4,21515,770
19644,3,4,21145,980
19644,3,4,20775,1260
12610,3,4,17056,0
12610,3,4,16686,280
12610,3,4,16316,350
12610,3,4,15576,420
12610,3,4,15206,490
12610,3,4,14466,560
12610,3,4,14096,630
12610,3,4,13726,700
12610,3,4,12986,770
12610,3,4,12616,840
12610,3,4,1,910
13347,3,4,20758,0
13347,3,4,20388,350
13347,3,4,19648,420
13347,3,4,19278,490
13347,3,4,18538,560
13347,3,4,18168,630
13347,3,4,17798,700
13347,3,4,17058,770
13347,3,4,16688,840
13347,3,4,15948,910
13347,3,4,15578,980
13347,3,4,15208,1050
13347,3,4,14468,1120
13347,3,4,14098,1190
13347,3,4,13358,1260
13347,3,4,1,1330
20759,3,4,22258,0
20759,3,4,21888,420
20759,3,4,21518,700
20759,3,4,21148,980
20759,3,4,20778,1190
20759,3,4,1,1470
16689,3,4,21137,0
16689,3,4,20767,490
16689,3,4,20397,700
16689,3,4,20027,770
16689,3,4,19657,840
16689,3,4,18917,910
16689,3,4,18547,980
16689,3,4,17807,1050
16689,3,4,17437,1120
16689,3,4,17067,1190
16689,3,4,1,1260
13725,3,4,18539,0
13725,3,4,18169,210
13725,3,4,17799,280
13725,3,4,17429,350
13725,3,4,16689,420
13725,3,4,16319,490
13725,3,4,15949,560
13725,3,4,15209,630
13725,3,4,14839,700
13725,3,4,14099,770
13725,3,4,13729,840
13725,3,4,1,910
21502,3,4,23370,0
21502,3,4,23000,490
21502,3,4,22630,770
21502,3,4,22260,980
21502,3,4,21890,1260
21502,3,4,21520,1470
18538,3,4,21882,0
18538,3,4,21512,490
18538,3,4,21142,700
18538,3,4,20772,980
18538,3,4,20402,1190
18538,3,4,20032,1260
18538,3,4,19662,1330
18538,3,4,18922,1400
18538,3,4,18552,1470
19275,3,4,21884,0
19275,3,4,21514,490
19275,3,4,21144,700
19275,3,4,20774,980
19275,3,4,20404,1190
19275,3,4,20034,1260
19275,3,4,19294,1330
19275,3,4,1,1400
15205,3,4,21133,0
15205,3,4,20763,350
15205,3,4,20023,630
15205,3,4,19653,700
15205,3,4,18913,770
15205,3,4,18543,840
15205,3,4,18173,910
15205,3,4,17433,980
15205,3,4,17063,1050
15205,3,4,16323,1120
15205,3,4,15953,1190
15205,3,4,15583,1260
15205,3,4,1,1330
15942,3,4,21135,0
15942,3,4,20765,490
15942,3,4,20395,700
15942,3,4,20025,770
15942,3,4,19285,840
15942,3,4,18915,910
15942,3,4,18545,980
15942,3,4,17805,1050
15942,3,4,17435,1120
15942,3,4,16695,1190
15942,3,4,16325,1260
15942,3,4,15955,1330
15942,3,4,1,1400
12241,3,4,16685,0
12241,3,4,16315,280
12241,3,4,15945,350
12241,3,4,15205,420
12241,3,4,14835,490
12241,3,4,14095,560
12241,3,4,13725,630
12241,3,4,13355,700
12241,3,4,12615,770
12241,3,4,12245,840
12241,3,4,1,910
12978,3,4,20017,0
12978,3,4,19647,280
12978,3,4,19277,350
12978,3,4,18537,420
12978,3,4,18167,490
12978,3,4,17427,560
12978,3,4,17057,630
12978,3,4,16687,700
12978,3,4,15947,770
12978,3,4,15577,840
12978,3,4,14837,910
12978,3,4,14467,980
12978,3,4,14097,1050
12978,3,4,13357,1120
12978,3,4,12987,1190
12978,3,4,1,1260
15574,3,4,21134,0
15574,3,4,20764,420
15574,3,4,20394,700
15574,3,4,19654,770
15574,3,4,19284,840
15574,3,4,18544,910
15574,3,4,18174,980
15574,3,4,17804,1050
15574,3,4,17064,1120
15574,3,4,16694,1190
15574,3,4,15954,1260
15574,3,4,15584,1330
15574,3,4,1,1400
12987,3,4,21127,0
12987,3,4,20757,490
12987,3,4,20387,700
12987,3,4,20017,770
12987,3,4,19277,840
12987,3,4,18907,910
12987,3,4,18167,980
12987,3,4,17797,1050
12987,3,4,17427,1120
12987,3,4,16687,1190
12987,3,4,16317,1260
12987,3,4,15577,1330
12987,3,4,15207,1400
12987,3,4,14837,1470
14458,3,4,20761,0
14458,3,4,20391,420
14458,3,4,19651,490
14458,3,4,19281,560
14458,3,4,18911,630
14458,3,4,18171,700
14458,3,4,17801,770
14458,3,4,17061,840
14458,3,4,16691,910
14458,3,4,16321,980
14458,3,4,15581,1050
14458,3,4,15211,1120
14458,3,4,14471,1190
14458,3,4,1,1260
21133,3,4,22999,0
21133,3,4,22629,420
21133,3,4,22259,630
21133,3,4,21889,910
21133,3,4,21519,1190
21133,3,4,21149,1400
17063,3,4,20768,0
17063,3,4,20398,350
17063,3,4,20028,420
17063,3,4,19658,490
17063,3,4,18918,560
17063,3,4,18548,630
17063,3,4,17808,700
17063,3,4,17438,770
17063,3,4,17068,840
17063,3,4,1,910
14467,3,4,19281,0
14467,3,4,18911,210
14467,3,4,18541,280
14467,3,4,18171,350
14467,3,4,17431,420
14467,3,4,17061,490
14467,3,4,16691,560
14467,3,4,15951,630
14467,3,4,15581,700
14467,3,4,14841,770
14467,3,4,14471,840
14467,3,4,1,910
20015,3,4,22256,0
20015,3,4,21886,560
20015,3,4,21516,840
20015,3,4,21146,1050
20015,3,4,20776,1330
12612,3,4,17056,0
12612,3,4,16686,280
12612,3,4,16316,350
12612,3,4,15576,420
12612,3,4,15206,490
12612,3,4,14466,560
12612,3,4,14096,630
12612,3,4,13726,700
12612,3,4,12986,770
12612,3,4,12616,840
12612,3,4,1,910
13718,3,4,20759,0
13718,3,4,20389,350
13718,3,4,20019,420
13718,3,4,19279,490
13718,3,4,18909,560
13718,3,4,18169,630
13718,3,4,17799,700
13718,3,4,17429,770
13718,3,4,16689,840
13718,3,4,16319,910
13718,3,4,15579,980
13718,3,4,15209,1050
13718,3,4,14839,1120
13718,3,4,14099,1190
13718,3,4,13729,1260
13718,3,4,1,1330
20761,3,4,22628,0
20761,3,4,22258,280
20761,3,4,21888,560
20761,3,4,21518,770
20761,3,4,21148,1050
20761,3,4,20778,1330
13727,3,4,17429,0
13727,3,4,17059,280
13727,3,4,16689,350
13727,3,4,15949,420
13727,3,4,15579,490
13727,3,4,15209,560
13727,3,4,14469,630
13727,3,4,14099,700
13727,3,4,1,770
15198,3,4,21503,0
15198,3,4,21133,350
15198,3,4,20763,630
15198,3,4,20393,840
15198,3,4,20023,910
15198,3,4,19283,980
15198,3,4,18913,1050
15198,3,4,18543,1120
15198,3,4,17803,1190
15198,3,4,17433,1260
15198,3,4,16693,1330
15198,3,4,16323,1400
15198,3,4,15953,1470
15935,3,4,21875,0
15935,3,4,21505,280
15935,3,4,21135,560
15935,3,4,20765,770
15935,3,4,20395,1050
15935,3,4,19655,1120
15935,3,4,19285,1190
15935,3,4,18545,1260
15935,3,4,18175,1330
15935,3,4,17805,1400
15935,3,4,17065,1470
11865,3,4,18904,0
11865,3,4,18534,280
11865,3,4,18164,350
11865,3,4,17424,420
11865,3,4,17054,490
11865,3,4,16684,560
11865,3,4,15944,630
11865,3,4,15574,700
11865,3,4,14834,770
11865,3,4,14464,840
11865,3,4,14094,910
11865,3,4,13354,980
11865,3,4,12984,1050
11865,3,4,12244,1120
11865,3,4,11874,1190
11865,3,4,1,1260
18908,3,4,22253,0
18908,3,4,21883,280
18908,3,4,21513,490
18908,3,4,21143,770
18908,3,4,20773,1050
18908,3,4,20403,1260
18908,3,4,20033,1330
18908,3,4,19293,1400
18908,3,4,18923,1470
19277,3,4,22254,0
19277,3,4,21884,280
19277,3,4,21514,560
19277,3,4,21144,840
19277,3,4,20774,1050
19277,3,4,20034,1330
19277,3,4,19664,1400
19277,3,4,19294,1470
15207,3,4,20763,0
15207,3,4,20393,210
15207,3,4,20023,280
15207,3,4,19653,350
15207,3,4,18913,420
15207,3,4,18543,490
15207,3,4,18173,560
15207,3,4,17433,630
15207,3,4,17063,700
15207,3,4,16323,770
15207,3,4,15953,840
15207,3,4,15583,910
15207,3,4,1,980
15944,3,4,21505,0
15944,3,4,21135,210
15944,3,4,20765,490
15944,3,4,20395,770
15944,3,4,19655,840
15944,3,4,19285,910
15944,3,4,18545,980
15944,3,4,18175,1050
15944,3,4,17805,1120
15944,3,4,17065,1190
15944,3,4,16695,1260
15944,3,4,15955,1330
15944,3,4,1,1400
11874,3,4,21124,0
11874,3,4,20754,280
11874,3,4,20014,560
11874,3,4,19644,630
11874,3,4,19274,700
11874,3,4,18534,770
11874,3,4,18164,840
11874,3,4,17424,910
11874,3,4,17054,980
11874,3,4,16684,1050
11874,3,4,15944,1120
11874,3,4,15574,1190
11874,3,4,14834,1260
11874,3,4,14464,1330
11874,3,4,14094,1400
11874,3,4,13354,1470
9647,3,4,13348,0
9647,3,4,12608,280
9647,3,4,12238,350
9647,3,4,11868,420
9647,3,4,11498,490
9647,3,4,10758,560
9647,3,4,10388,630
9647,3,4,9648,700
9647,3,4,1,770
14460,3,4,20761,0
14460,3,4,20021,490
14460,3,4,19651,560
14460,3,4,18911,630
14460,3,4,18541,700
14460,3,4,18171,770
14460,3,4,17431,840
14460,3,4,17061,910
14460,3,4,16321,980
14460,3,4,15951,1050
14460,3,4,15581,1120
14460,3,4,14841,1190
14460,3,4,14471,1260
14460,3,4,1,1330
17802,3,4,21510,0
17802,3,4,21140,420
17802,3,4,20770,630
17802,3,4,20400,910
17802,3,4,19660,980
17802,3,4,19290,1050
17802,3,4,18550,1120
17802,3,4,18180,1190
17802,3,4,17810,1260
17802,3,4,1,1330
18171,3,4,21511,0
18171,3,4,21141,490
18171,3,4,20771,770
18171,3,4,20401,980
18171,3,4,20031,1050
18171,3,4,19291,1120
18171,3,4,18921,1190
18171,3,4,18181,1260
18171,3,4,1,1330
14838,3,4,20392,0
14838,3,4,20022,210
14838,3,4,19652,280
14838,3,4,19282,350
14838,3,4,18542,420
14838,3,4,18172,490
14838,3,4,17802,560
14838,3,4,17062,630
14838,3,4,16692,700
14838,3,4,15952,770
14838,3,4,15582,840
14838,3,4,15212,910
14838,3,4,1,980
20017,3,4,22256,0
20017,3,4,21886,350
20017,3,4,21516,630
20017,3,4,21146,840
20017,3,4,20776,1120
20017,3,4,20036,1400
20017,3,4,1,1470
16684,3,4,21137,0
16684,3,4,20767,490
16684,3,4,20027,770
16684,3,4,19657,840
16684,3,4,18917,910
16684,3,4,18547,980
16684,3,4,18177,1050
16684,3,4,17437,1120
16684,3,4,17067,1190
16684,3,4,1,1260
13720,3,4,20759,0
13720,3,4,20389,280
13720,3,4,20019,350
13720,3,4,19279,420
13720,3,4,18909,490
13720,3,4,18539,560
13720,3,4,17799,630
13720,3,4,17429,700
13720,3,4,16689,770
13720,3,4,16319,840
13720,3,4,15949,910
13720,3,4,15209,980
13720,3,4,14839,1050
13720,3,4,14099,1120
13720,3,4,13729,1190
13720,3,4,1,1260
20388,3,4,22257,0
20388,3,4,21887,420
20388,3,4,21517,630
20388,3,4,21147,910
20388,3,4,20777,1190
20388,3,4,20407,1400
20388,3,4,1,1470
15200,3,4,21133,0
15200,3,4,20763,350
15200,3,4,20393,630
15200,3,4,19653,700
15200,3,4,19283,770
15200,3,4,18543,840
15200,3,4,18173,910
15200,3,4,17803,980
15200,3,4,17063,1050
15200,3,4,16693,1120
15200,3,4,15953,1190
15200,3,4,15583,1260
15200,3,4,15213,1330
15200,3,4,1,1400
17433,3,4,20769,0
17433,3,4,20399,420
17433,3,4,20029,490
17433,3,4,19289,560
17433,3,4,18919,630
17433,3,4,18549,700
17433,3,4,17809,770
17433,3,4,17439,840
17433,3,4,1,910
18542,3,4,21882,0
18542,3,4,21512,280
18542,3,4,21142,560
18542,3,4,20772,770
18542,3,4,20402,1050
18542,3,4,19662,1120
18542,3,4,19292,1190
18542,3,4,18552,1260
18542,3,4,1,1330
19279,3,4,22254,0
19279,3,4,21884,280
19279,3,4,21514,560
19279,3,4,21144,840
19279,3,4,20774,1050
19279,3,4,20404,1330
19279,3,4,19664,1400
19279,3,4,19294,1470
15209,3,4,20763,0
15209,3,4,20393,210
15209,3,4,20023,280
15209,3,4,19653,350
15209,3,4,18913,420
15209,3,4,18543,490
15209,3,4,18173,560
15209,3,4,17433,630
15209,3,4,17063,700
15209,3,4,16323,770
15209,3,4,15953,840
15209,3,4,15583,910
15209,3,4,1,980
16315,3,4,21506,0
16315,3,4,21136,280
16315,3,4,20766,560
16315,3,4,20396,770
16315,3,4,20026,840
16315,3,4,19286,910
16315,3,4,18916,980
16315,3,4,18546,1050
16315,3,4,17806,1120
16315,3,4,17436,1190
16315,3,4,16696,1260
16315,3,4,16326,1330
16315,3,4,1,1400
17058,3,4,21508,0
17058,3,4,21138,280
17058,3,4,20768,560
17058,3,4,20028,840
17058,3,4,19658,910
17058,3,4,18918,980
17058,3,4,18548,1050
17058,3,4,18178,1120
17058,3,4,17438,1190
17058,3,4,17068,1260
17058,3,4,1,1330
17795,3,4,21880,0
17795,3,4,21510,350
17795,3,4,21140,630
17795,3,4,20770,840
17795,3,4,20400,1120
17795,3,4,19660,1190
17795,3,4,19290,1260
17795,3,4,18920,1330
17795,3,4,18180,1400
17795,3,4,17810,1470
18164,3,4,21881,0
18164,3,4,21511,420
18164,3,4,21141,630
18164,3,4,20771,910
18164,3,4,20031,1190
18164,3,4,19661,1260
18164,3,4,18921,1330
18164,3,4,18551,1400
18164,3,4,18181,1470
14831,3,4,21132,0
14831,3,4,20762,350
14831,3,4,20022,630
14831,3,4,19652,700
14831,3,4,19282,770
14831,3,4,18542,840
14831,3,4,18172,910
14831,3,4,17432,980
14831,3,4,17062,1050
14831,3,4,16692,1120
14831,3,4,15952,1190
14831,3,4,15582,1260
14831,3,4,14842,1330
14831,3,4,1,1400
10761,3,4,20751,0
10761,3,4,20011,420
10761,3,4,19641,490
10761,3,4,18901,560
10761,3,4,18531,630
10761,3,4,18161,700
10761,3,4,17421,770
10761,3,4,17051,840
10761,3,4,16311,910
10761,3,4,15941,980
10761,3,4,15571,1050
10761,3,4,14831,1120
10761,3,4,14461,1190
10761,3,4,13721,1260
10761,3,4,13351,1330
10761,3,4,12981,1400
10761,3,4,12241,1470
12607,3,4,19646,0
12607,3,4,19276,280
12607,3,4,18906,350
12607,3,4,18166,420
12607,3,4,17796,490
12607,3,4,17426,560
12607,3,4,16686,630
12607,3,4,16316,700
12607,3,4,15576,770
12607,3,4,15206,840
12607,3,4,14836,910
12607,3,4,14096,980
12607,3,4,13726,1050
12607,3,4,12986,1120
12607,3,4,12616,1190
12607,3,4,1,1260
11498,3,4,15943,0
11498,3,4,15573,280
11498,3,4,15203,350
11498,3,4,14463,420
11498,3,4,14093,490
11498,3,4,13353,560
11498,3,4,12983,630
11498,3,4,12613,700
11498,3,4,11873,770
11498,3,4,11503,840
11498,3,4,1,910
18173,3,4,21511,0
18173,3,4,21141,420
18173,3,4,20771,700
18173,3,4,20031,980
18173,3,4,19661,1050
18173,3,4,18921,1120
18173,3,4,18551,1190
18173,3,4,18181,1260
18173,3,4,1,1330
14094,3,4,18540,0
14094,3,4,18170,280
14094,3,4,17800,350
14094,3,4,17060,420
14094,3,4,16690,490
14094,3,4,16320,560
14094,3,4,15580,630
14094,3,4,15210,700
14094,3,4,14470,770
14094,3,4,14100,840
14094,3,4,1,910
14471,3,4,21501,0
14471,3,4,21131,420
14471,3,4,20761,630
14471,3,4,20391,910
14471,3,4,19651,980
14471,3,4,19281,1050
14471,3,4,18911,1120
14471,3,4,18171,1190
14471,3,4,17801,1260
14471,3,4,17061,1330
14471,3,4,16691,1400
14471,3,4,16321,1470
20019,3,4,22256,0
20019,3,4,21886,490
20019,3,4,21516,700
20019,3,4,21146,980
20019,3,4,20776,1190
20019,3,4,20406,1470
13722,3,4,18169,0
13722,3,4,17799,280
13722,3,4,17429,350
13722,3,4,16689,420
13722,3,4,16319,490
13722,3,4,15949,560
13722,3,4,15209,630
13722,3,4,14839,700
13722,3,4,14099,770
13722,3,4,13729,840
13722,3,4,1,910
15940,3,4,21505,0
15940,3,4,21135,490
15940,3,4,20765,700
15940,3,4,20025,980
15940,3,4,19655,1050
15940,3,4,19285,1120
15940,3,4,18545,1190
15940,3,4,18175,1260
15940,3,4,17435,1330
15940,3,4,17065,1400
15940,3,4,16695,1470
19653,3,4,21885,0
19653,3,4,21515,490
19653,3,4,21145,700
19653,3,4,20775,980
19653,3,4,20405,1190
19653,3,4,20035,1260
19653,3,4,1,1330
15202,3,4,21133,0
15202,3,4,20763,420
15202,3,4,20393,630
15202,3,4,20023,700
15202,3,4,19653,770
15202,3,4,18913,840
15202,3,4,18543,910
15202,3,4,17803,980
15202,3,4,17433,1050
15202,3,4,17063,1120
15202,3,4,16323,1190
15202,3,4,15953,1260
15202,3,4,15213,1330
15202,3,4,1,1400
15571,3,4,21134,0
15571,3,4,20764,420
15571,3,4,20024,700
15571,3,4,19654,770
15571,3,4,18914,840
15571,3,4,18544,910
15571,3,4,18174,980
15571,3,4,17434,1050
15571,3,4,17064,1120
15571,3,4,16324,1190
15571,3,4,15954,1260
15571,3,4,15584,1330
15571,3,4,1,1400
12238,3,4,16685,0
12238,3,4,16315,280
12238,3,4,15945,350
12238,3,4,15205,420
12238,3,4,14835,490
12238,3,4,14465,560
12238,3,4,13725,630
12238,3,4,13355,700
12238,3,4,12615,770
12238,3,4,12245,840
12238,3,4,1,910
12975,3,4,20387,0
12975,3,4,20017,210
12975,3,4,19647,280
12975,3,4,19277,350
12975,3,4,18907,420
12975,3,4,18167,490
12975,3,4,17797,560
12975,3,4,17057,630
12975,3,4,16687,700
12975,3,4,16317,770
12975,3,4,15577,840
12975,3,4,15207,910
12975,3,4,14467,980
12975,3,4,14097,1050
12975,3,4,13727,1120
12975,3,4,12987,1190
12975,3,4,1,1260
19281,3,4,21884,0
19281,3,4,21514,350
19281,3,4,21144,630
19281,3,4,20774,840
19281,3,4,20404,1120
19281,3,4,19664,1190
19281,3,4,19294,1260
19281,3,4,1,1330
15211,3,4,19653,0
15211,3,4,19283,280
15211,3,4,18913,350
15211,3,4,18173,420
15211,3,4,17803,490
15211,3,4,17433,560
15211,3,4,16693,630
15211,3,4,16323,700
15211,3,4,15583,770
15211,3,4,15213,840
15211,3,4,1,910
16317,3,4,21136,0
16317,3,4,20766,490
16317,3,4,20026,770
16317,3,4,19656,840
16317,3,4,18916,910
16317,3,4,18546,980
16317,3,4,18176,1050
16317,3,4,17436,1120
16317,3,4,17066,1190
16317,3,4,16326,1260
16317,3,4,1,1330
12984,3,4,17427,0
12984,3,4,17057,210
12984,3,4,16687,280
12984,3,4,16317,350
12984,3,4,15947,420
12984,3,4,15207,490
12984,3,4,14837,560
12984,3,4,14097,630
12984,3,4,13727,700
12984,3,4,13357,770
12984,3,4,1,840
14455,3,4,21131,0
14455,3,4,20761,350
14455,3,4,20021,630
14455,3,4,19651,700
14455,3,4,19281,770
14455,3,4,18541,840
14455,3,4,18171,910
14455,3,4,17431,980
14455,3,4,17061,1050
14455,3,4,16691,1120
14455,3,4,15951,1190
14455,3,4,15581,1260
14455,3,4,14841,1330
14455,3,4,14471,1400
14455,3,4,1,1470
14087,3,4,20760,0
14087,3,4,20390,350
14087,3,4,20020,420
14087,3,4,19280,490
14087,3,4,18910,560
14087,3,4,18540,630
14087,3,4,17800,700
14087,3,4,17430,770
14087,3,4,16690,840
14087,3,4,16320,910
14087,3,4,15950,980
14087,3,4,15210,1050
14087,3,4,14840,1120
14087,3,4,14100,1190
14087,3,4,1,1260
17797,3,4,21510,0
17797,3,4,21140,420
17797,3,4,20770,700
17797,3,4,20400,910
17797,3,4,20030,980
17797,3,4,19290,1050
17797,3,4,18920,1120
17797,3,4,18180,1190
17797,3,4,17810,1260
17797,3,4,1,1330
14464,3,4,18911,0
14464,3,4,18541,280
14464,3,4,18171,350
14464,3,4,17431,420
14464,3,4,17061,490
14464,3,4,16691,560
14464,3,4,15951,630
14464,3,4,15581,700
14464,3,4,14841,770
14464,3,4,14471,840
14464,3,4,1,910
13715,3,4,20759,0
13715,3,4,20389,490
13715,3,4,20019,560
13715,3,4,19279,630
13715,3,4,18909,700
13715,3,4,18169,770
13715,3,4,17799,840
13715,3,4,17429,910
13715,3,4,16689,980
13715,3,4,16319,1050
13715,3,4,15579,1120
13715,3,4,15209,1190
13715,3,4,14839,1260
13715,3,4,14099,1330
13715,3,4,13729,1400
13715,3,4,1,1470
19265,3,4,22254,0
19265,3,4,21884,490
19265,3,4,21514,770
19265,3,4,21144,980
19265,3,4,20774,1260
19265,3,4,20404,1470
20392,3,4,22257,0
20392,3,4,21887,490
20392,3,4,21517,770
20392,3,4,21147,980
20392,3,4,20777,1260
16691,3,4,20767,0
16691,3,4,20397,350
16691,3,4,20027,420
16691,3,4,19657,490
16691,3,4,18917,560
16691,3,4,18547,630
16691,3,4,17807,700
16691,3,4,17437,770
16691,3,4,17067,840
16691,3,4,1,910
17428,3,4,21509,0
17428,3,4,21139,350
17428,3,4,20769,630
17428,3,4,20399,840
17428,3,4,20029,910
17428,3,4,19659,980
17428,3,4,18919,1050
17428,3,4,18549,1120
17428,3,4,17809,1190
17428,3,4,17439,1260
17428,3,4,1,1330
13358,3,4,21498,0
13358,3,4,21128,280
13358,3,4,20758,560
13358,3,4,20388,770
13358,3,4,20018,840
13358,3,4,19648,910
13358,3,4,18908,980
13358,3,4,18538,1050
13358,3,4,17798,1120
13358,3,4,17428,1190
13358,3,4,17058,1260
13358,3,4,16318,1330
13358,3,4,15948,1400
13358,3,4,15208,1470
11131,3,4,14462,0
11131,3,4,14092,210
11131,3,4,13722,280
11131,3,4,13352,350
11131,3,4,12982,420
11131,3,4,12242,490
11131,3,4,11872,560
11131,3,4,11132,630
11131,3,4,1,700
12240,3,4,16685,0
12240,3,4,16315,280
12240,3,4,15945,350
12240,3,4,15205,420
12240,3,4,14835,490
12240,3,4,14095,560
12240,3,4,13725,630
12240,3,4,13355,700
12240,3,4,12615,770
12240,3,4,12245,840
12240,3,4,1,910
16319,3,4,20766,0
16319,3,4,20026,420
16319,3,4,19656,490
16319,3,4,18916,560
16319,3,4,18546,630
16319,3,4,18176,700
16319,3,4,17436,770
16319,3,4,17066,840
16319,3,4,16326,910
16319,3,4,1,980
20005,3,4,22626,0
20005,3,4,22256,350
20005,3,4,21886,560
20005,3,4,21516,840
20005,3,4,21146,1050
20005,3,4,20776,1330
21132,3,4,22999,0
21132,3,4,22629,420
21132,3,4,22259,630
21132,3,4,21889,910
21132,3,4,21519,1190
21132,3,4,21149,1400
17062,3,4,20768,0
17062,3,4,20028,420
17062,3,4,19658,490
17062,3,4,18918,560
17062,3,4,18548,630
17062,3,4,18178,700
17062,3,4,17438,770
17062,3,4,17068,840
17062,3,4,1,910
17799,3,4,21510,0
17799,3,4,21140,420
17799,3,4,20770,700
17799,3,4,20030,980
17799,3,4,19660,1050
17799,3,4,18920,1120
17799,3,4,18550,1190
17799,3,4,18180,1260
17799,3,4,1,1330
11502,3,4,14833,0
11502,3,4,14463,210
11502,3,4,14093,280
11502,3,4,13723,350
11502,3,4,13353,420
11502,3,4,12613,490
11502,3,4,12243,560
11502,3,4,11503,630
11502,3,4,1,700
19648,3,4,22255,0
19648,3,4,21885,420
19648,3,4,21515,700
19648,3,4,21145,910
19648,3,4,20775,1190
19648,3,4,20405,1400
19648,3,4,20035,1470
20385,3,4,22257,0
20385,3,4,21887,350
20385,3,4,21517,630
20385,3,4,21147,840
20385,3,4,20777,1120
20385,3,4,1,1400
13351,3,4,18168,0
13351,3,4,17798,280
13351,3,4,17428,350
13351,3,4,16688,420
13351,3,4,16318,490
13351,3,4,15578,560
13351,3,4,15208,630
13351,3,4,14838,700
13351,3,4,14098,770
13351,3,4,13728,840
13351,3,4,1,910
10018,3,4,13349,0
10018,3,4,12979,280
10018,3,4,12609,350
10018,3,4,11869,420
10018,3,4,11499,490
10018,3,4,11129,560
10018,3,4,10389,630
10018,3,4,10019,700
10018,3,4,1,770
20763,3,4,22628,0
20763,3,4,22258,280
20763,3,4,21888,560
20763,3,4,21518,840
20763,3,4,21148,1050
20763,3,4,20778,1330
18539,3,4,21882,0
18539,3,4,21512,210
18539,3,4,21142,490
18539,3,4,20772,770
18539,3,4,20032,1050
18539,3,4,19662,1120
18539,3,4,18922,1190
18539,3,4,18552,1260
18539,3,4,1,1330
13729,3,4,21499,0
13729,3,4,21129,280
13729,3,4,20759,560
13729,3,4,20019,840
13729,3,4,19649,910
13729,3,4,18909,980
13729,3,4,18539,1050
13729,3,4,18169,1120
13729,3,4,17429,1190
13729,3,4,17059,1260
13729,3,4,16319,1330
13729,3,4,15949,1400
13729,3,4,15579,1470
15575,3,4,21134,0
15575,3,4,20764,420
15575,3,4,20394,630
15575,3,4,20024,700
15575,3,4,19654,770
15575,3,4,18914,840
15575,3,4,18544,910
15575,3,4,17804,980
15575,3,4,17434,1050
15575,3,4,17064,1120
15575,3,4,16324,1190
15575,3,4,15954,1260
15575,3,4,1,1330
16312,3,4,21506,0
16312,3,4,21136,490
16312,3,4,20766,770
16312,3,4,20396,980
16312,3,4,20026,1050
16312,3,4,19286,1120
16312,3,4,18916,1190
16312,3,4,18176,1260
16312,3,4,17806,1330
16312,3,4,17436,1400
16312,3,4,16696,1470
12242,3,4,16685,0
12242,3,4,16315,210
12242,3,4,15945,280
12242,3,4,15575,350
12242,3,4,15205,420
12242,3,4,14465,490
12242,3,4,14095,560
12242,3,4,13355,630
12242,3,4,12985,700
12242,3,4,12615,770
12242,3,4,1,840
17055,3,4,21508,0
17055,3,4,21138,280
17055,3,4,20768,560
17055,3,4,20398,770
17055,3,4,20028,840
17055,3,4,19288,910
17055,3,4,18918,980
17055,3,4,18178,1050
17055,3,4,17808,1120
17055,3,4,17438,1190
17055,3,4,1,1260
17801,3,4,21510,0
17801,3,4,21140,420
17801,3,4,20770,630
17801,3,4,20400,910
17801,3,4,19660,980
17801,3,4,19290,1050
17801,3,4,18550,1120
17801,3,4,18180,1190
17801,3,4,17810,1260
17801,3,4,1,1330
16305,3,4,21876,0
16305,3,4,21506,280
16305,3,4,21136,560
16305,3,4,20766,840
16305,3,4,20396,1050
16305,3,4,20026,1120
16305,3,4,19656,1190
16305,3,4,18916,1260
16305,3,4,18546,1330
16305,3,4,17806,1400
16305,3,4,17436,1470
12235,3,4,19645,0
12235,3,4,19275,280
12235,3,4,18905,350
12235,3,4,18165,420
12235,3,4,17795,490
12235,3,4,17055,560
12235,3,4,16685,630
12235,3,4,16315,700
12235,3,4,15575,770
12235,3,4,15205,840
12235,3,4,14465,910
12235,3,4,14095,980
12235,3,4,13725,1050
12235,3,4,12985,1120
12235,3,4,12615,1190
12235,3,4,1,1260
15577,3,4,20764,0
15577,3,4,20394,280
15577,3,4,20024,350
15577,3,4,19284,420
15577,3,4,18914,490
15577,3,4,18544,560
15577,3,4,17804,630
15577,3,4,17434,700
15577,3,4,16694,770
15577,3,4,16324,840
15577,3,4,15954,910
15577,3,4,1,980
15948,3,4,20765,0
15948,3,4,20395,350
15948,3,4,19655,420
15948,3,4,19285,490
15948,3,4,18915,560
15948,3,4,18175,630
15948,3,4,17805,700
15948,3,4,17065,770
15948,3,4,16695,840
15948,3,4,16325,910
15948,3,4,1,980
17057,3,4,21508,0
17057,3,4,21138,280
17057,3,4,20768,560
17057,3,4,20028,840
17057,3,4,19658,910
17057,3,4,19288,980
17057,3,4,18548,1050
17057,3,4,18178,1120
17057,3,4,17438,1190
17057,3,4,17068,1260
17057,3,4,1,1330
14830,3,4,21132,0
14830,3,4,20762,280
14830,3,4,20392,560
14830,3,4,20022,630
14830,3,4,19282,700
14830,3,4,18912,770
14830,3,4,18172,840
14830,3,4,17802,910
14830,3,4,17432,980
14830,3,4,16692,1050
14830,3,4,16322,1120
14830,3,4,15582,1190
14830,3,4,15212,1260
14830,3,4,14842,1330
14830,3,4,1,1400
10760,3,4,14091,0
10760,3,4,13721,210
10760,3,4,13351,280
10760,3,4,12981,350
10760,3,4,12611,420
10760,3,4,11871,490
10760,3,4,11501,560
10760,3,4,10761,630
10760,3,4,1,700
11497,3,4,15943,0
11497,3,4,15573,280
11497,3,4,15203,350
11497,3,4,14463,420
11497,3,4,14093,490
11497,3,4,13723,560
11497,3,4,12983,630
11497,3,4,12613,700
11497,3,4,11873,770
11497,3,4,11503,840
11497,3,4,1,910
18172,3,4,21511,0
18172,3,4,21141,420
18172,3,4,20771,700
18172,3,4,20031,980
18172,3,4,19661,1050
18172,3,4,18921,1120
18172,3,4,18551,1190
18172,3,4,18181,1260
18172,3,4,1,1330
14839,3,4,20022,0
14839,3,4,19282,280
14839,3,4,18912,350
14839,3,4,18542,420
14839,3,4,17802,490
14839,3,4,17432,560
14839,3,4,17062,630
14839,3,4,16322,700
14839,3,4,15952,770
14839,3,4,15212,840
14839,3,4,14842,910
14839,3,4,1,980
18525,3,4,22252,0
18525,3,4,21882,350
18525,3,4,21512,630
18525,3,4,21142,840
18525,3,4,20772,1120
18525,3,4,20032,1400
18525,3,4,19662,1470
19652,3,4,21885,0
19652,3,4,21515,490
19652,3,4,21145,700
19652,3,4,20775,980
19652,3,4,20405,1190
19652,3,4,20035,1260
19652,3,4,1,1330
20389,3,4,22257,0
20389,3,4,21887,490
20389,3,4,21517,770
20389,3,4,21147,980
20389,3,4,20777,1260
20758,3,4,22628,0
20758,3,4,22258,420
20758,3,4,21888,630
20758,3,4,21518,910
20758,3,4,21148,1120
20758,3,4,20778,1400
18534,3,4,21882,0
18534,3,4,21512,490
18534,3,4,21142,700
18534,3,4,20772,980
18534,3,4,20402,1190
18534,3,4,20032,1260
18534,3,4,19292,1330
18534,3,4,18922,1400
18534,3,4,18552,1470
15570,3,4,21504,0
15570,3,4,21134,420
15570,3,4,20764,630
15570,3,4,20394,910
15570,3,4,19654,980
15570,3,4,19284,1050
15570,3,4,18914,1120
15570,3,4,18174,1190
15570,3,4,17804,1260
15570,3,4,17064,1330
15570,3,4,16694,1400
15570,3,4,16324,1470
11128,3,4,15572,0
11128,3,4,15202,280
11128,3,4,14832,350
11128,3,4,14092,420
11128,3,4,13722,490
11128,3,4,12982,560
11128,3,4,12612,630
11128,3,4,12242,700
11128,3,4,11502,770
11128,3,4,11132,840
11128,3,4,1,910
18905,3,4,22253,0
18905,3,4,21883,210
18905,3,4,21513,490
18905,3,4,21143,770
18905,3,4,20773,980
18905,3,4,20403,1260
18905,3,4,19663,1330
18905,3,4,19293,1400
18905,3,4,18923,1470
15941,3,4,21505,0
15941,3,4,21135,490
15941,3,4,20765,700
15941,3,4,20025,980
15941,3,4,19655,1050
15941,3,4,19285,1120
15941,3,4,18545,1190
15941,3,4,18175,1260
15941,3,4,17435,1330
15941,3,4,17065,1400
15941,3,4,16695,1470
11871,3,4,16314,0
11871,3,4,15944,210
11871,3,4,15574,280
11871,3,4,15204,350
11871,3,4,14834,420
11871,3,4,14094,490
11871,3,4,13724,560
11871,3,4,12984,630
11871,3,4,12614,700
11871,3,4,12244,770
11871,3,4,1,840
21129,3,4,22999,0
21129,3,4,22629,420
21129,3,4,22259,700
21129,3,4,21889,910
21129,3,4,21519,1190
21129,3,4,21149,1400
14095,3,4,18540,0
14095,3,4,18170,280
14095,3,4,17800,350
14095,3,4,17060,420
14095,3,4,16690,490
14095,3,4,16320,560
14095,3,4,15580,630
14095,3,4,15210,700
14095,3,4,14470,770
14095,3,4,14100,840
14095,3,4,1,910
18165,3,4,21881,0
18165,3,4,21511,420
18165,3,4,21141,700
18165,3,4,20771,910
18165,3,4,20401,1190
18165,3,4,19661,1260
18165,3,4,19291,1330
18165,3,4,18551,1400
18165,3,4,18181,1470
14832,3,4,21132,0
14832,3,4,20762,350
14832,3,4,20392,560
14832,3,4,20022,630
14832,3,4,19652,700
14832,3,4,18912,770
14832,3,4,18542,840
14832,3,4,17802,910
14832,3,4,17432,980
14832,3,4,17062,1050
14832,3,4,16322,1120
14832,3,4,15952,1190
14832,3,4,15212,1260
14832,3,4,14842,1330
14832,3,4,1,1400
19645,3,4,22255,0
19645,3,4,21885,490
19645,3,4,21515,770
19645,3,4,21145,980
19645,3,4,20775,1260
13717,3,4,20759,0
13717,3,4,20389,280
13717,3,4,20019,350
13717,3,4,19649,420
13717,3,4,18909,490
13717,3,4,18539,560
13717,3,4,18169,630
13717,3,4,17429,700
13717,3,4,17059,770
13717,3,4,16319,840
13717,3,4,15949,910
13717,3,4,15579,980
13717,3,4,14839,1050
13717,3,4,14469,1120
13717,3,4,13729,1190
13717,3,4,1,1260
20023,3,4,21886,0
20023,3,4,21516,490
20023,3,4,21146,770
20023,3,4,20776,980
20023,3,4,20406,1260
20023,3,4,1,1330
20391,3,4,22257,0
20391,3,4,21887,490
20391,3,4,21517,770
20391,3,4,21147,1050
20391,3,4,20777,1260
11130,3,4,14832,0
11130,3,4,14462,280
11130,3,4,14092,350
11130,3,4,13352,420
11130,3,4,12982,490
11130,3,4,12242,560
11130,3,4,11872,630
11130,3,4,11502,700
11130,3,4,1,770
15572,3,4,21134,0
15572,3,4,20764,420
15572,3,4,20024,700
15572,3,4,19654,770
15572,3,4,18914,840
15572,3,4,18544,910
15572,3,4,18174,980
15572,3,4,17434,1050
15572,3,4,17064,1120
15572,3,4,16324,1190
15572,3,4,15954,1260
15572,3,4,15584,1330
15572,3,4,1,1400
21503,3,4,23370,0
21503,3,4,23000,420
21503,3,4,22630,700
21503,3,4,22260,910
21503,3,4,21890,1190
21503,3,4,21520,1400
18907,3,4,22253,0
18907,3,4,21883,280
18907,3,4,21513,560
18907,3,4,21143,770
18907,3,4,20773,1050
18907,3,4,20403,1260
18907,3,4,20033,1330
18907,3,4,19293,1400
18907,3,4,18923,1470
14088,3,4,20760,0
14088,3,4,20390,350
14088,3,4,20020,420
14088,3,4,19280,490
14088,3,4,18910,560
14088,3,4,18540,630
14088,3,4,17800,700
14088,3,4,17430,770
14088,3,4,16690,840
14088,3,4,16320,910
14088,3,4,15950,980
14088,3,4,15210,1050
14088,3,4,14840,1120
14088,3,4,14100,1190
14088,3,4,1,1260
14825,3,4,21502,0
14825,3,4,21132,280
14825,3,4,20762,560
14825,3,4,20392,770
14825,3,4,20022,840
14825,3,4,19652,910
14825,3,4,18912,980
14825,3,4,18542,1050
14825,3,4,17802,1120
14825,3,4,17432,1190
14825,3,4,17062,1260
14825,3,4,16322,1330
14825,3,4,15952,1400
14825,3,4,15212,1470
10755,3,4,15201,0
10755,3,4,14831,280
10755,3,4,14461,350
10755,3,4,13721,420
10755,3,4,13351,490
10755,3,4,12611,560
10755,3,4,12241,630
10755,3,4,11871,700
10755,3,4,11131,770
10755,3,4,10761,840
10755,3,4,1,910
15952,3,4,20765,0
15952,3,4,20395,280
15952,3,4,20025,350
15952,3,4,19655,420
15952,3,4,18915,490
15952,3,4,18545,560
15952,3,4,18175,630
15952,3,4,17435,700
15952,3,4,17065,770
15952,3,4,16325,840
15952,3,4,15955,910
15952,3,4,1,980
21131,3,4,22629,0
21131,3,4,22259,420
21131,3,4,21889,700
21131,3,4,21519,910
21131,3,4,21149,1190
21131,3,4,1,1400
18167,3,4,21881,0
18167,3,4,21511,420
18167,3,4,21141,700
18167,3,4,20771,910
18167,3,4,20031,1190
18167,3,4,19661,1260
18167,3,4,19291,1330
18167,3,4,18551,1400
18167,3,4,18181,1470
14097,3,4,18540,0
14097,3,4,17800,280
14097,3,4,17430,350
14097,3,4,17060,420
14097,3,4,16320,490
14097,3,4,15950,560
14097,3,4,15580,630
14097,3,4,14840,700
14097,3,4,14470,770
14097,3,4,1,840
14834,3,4,21132,0
14834,3,4,20762,280
14834,3,4,20392,560
14834,3,4,19652,630
14834,3,4,19282,700
14834,3,4,18542,770
14834,3,4,18172,840
14834,3,4,17802,910
14834,3,4,17062,980
14834,3,4,16692,1050
14834,3,4,15952,1120
14834,3,4,15582,1190
14834,3,4,15212,1260
14834,3,4,1,1330
17061,3,4,20768,0
17061,3,4,20028,420
17061,3,4,19658,490
17061,3,4,18918,560
17061,3,4,18548,630
17061,3,4,18178,700
17061,3,4,17438,770
17061,3,4,17068,840
17061,3,4,1,910
16321,3,4,20766,0
16321,3,4,20396,350
16321,3,4,20026,420
16321,3,4,19656,490
16321,3,4,18916,560
16321,3,4,18546,630
16321,3,4,17806,700
16321,3,4,17436,770
16321,3,4,17066,840
16321,3,4,16326,910
16321,3,4,1,980
14468,3,4,18911,0
14468,3,4,18171,280
14468,3,4,17801,350
14468,3,4,17431,420
14468,3,4,16691,490
14468,3,4,16321,560
14468,3,4,15951,630
14468,3,4,15211,700
14468,3,4,14841,770
14468,3,4,1,840
19647,3,4,22255,0
19647,3,4,21885,420
19647,3,4,21515,700
19647,3,4,21145,910
19647,3,4,20775,1190
19647,3,4,20405,1400
19647,3,4,20035,1470
13350,3,4,20758,0
13350,3,4,20388,280
13350,3,4,20018,350
13350,3,4,19278,420
13350,3,4,18908,490
13350,3,4,18168,560
13350,3,4,17798,630
13350,3,4,17428,700
13350,3,4,16688,770
13350,3,4,16318,840
13350,3,4,15578,910
13350,3,4,15208,980
13350,3,4,14838,1050
13350,3,4,14098,1120
13350,3,4,13728,1190
13350,3,4,1,1260
10017,3,4,14089,0
10017,3,4,13719,280
10017,3,4,13349,350
10017,3,4,12609,420
10017,3,4,12239,490
10017,3,4,11869,560
10017,3,4,11129,630
10017,3,4,10759,700
10017,3,4,10019,770
10017,3,4,1,840
15565,3,4,21504,0
15565,3,4,21134,280
15565,3,4,20764,560
15565,3,4,20024,840
15565,3,4,19654,910
15565,3,4,18914,980
15565,3,4,18544,1050
15565,3,4,18174,1120
15565,3,4,17434,1190
15565,3,4,17064,1260
15565,3,4,16324,1330
15565,3,4,15954,1400
15565,3,4,15584,1470
20762,3,4,22628,0
20762,3,4,22258,350
20762,3,4,21888,560
20762,3,4,21518,840
20762,3,4,21148,1050
20762,3,4,20778,1330
16692,3,4,20767,0
16692,3,4,20397,350
16692,3,4,20027,420
16692,3,4,19287,490
16692,3,4,18917,560
16692,3,4,18547,630
16692,3,4,17807,700
16692,3,4,17437,770
16692,3,4,16697,840
16692,3,4,1,910
13728,3,4,17059,0
13728,3,4,16319,280
13728,3,4,15949,350
13728,3,4,15579,420
13728,3,4,15209,490
13728,3,4,14469,560
13728,3,4,14099,630
13728,3,4,1,700
17429,3,4,21509,0
17429,3,4,21139,350
17429,3,4,20769,630
17429,3,4,20399,840
17429,3,4,20029,910
17429,3,4,19289,980
17429,3,4,18919,1050
17429,3,4,18549,1120
17429,3,4,17809,1190
17429,3,4,17439,1260
17429,3,4,1,1330
11132,3,4,20752,0
11132,3,4,20382,420
11132,3,4,20012,490
11132,3,4,19272,560
11132,3,4,18902,630
11132,3,4,18532,700
11132,3,4,17792,770
11132,3,4,17422,840
11132,3,4,16682,910
11132,3,4,16312,980
11132,3,4,15942,1050
11132,3,4,15202,1120
11132,3,4,14832,1190
11132,3,4,14092,1260
11132,3,4,13722,1330
11132,3,4,13352,1400
11132,3,4,12612,1470
17045,3,4,21508,0
17045,3,4,21138,350
17045,3,4,20768,560
17045,3,4,20398,840
17045,3,4,19658,910
17045,3,4,19288,980
17045,3,4,18918,1050
17045,3,4,18178,1120
17045,3,4,17808,1190
17045,3,4,17068,1260
17045,3,4,1,1330
18909,3,4,22253,0
18909,3,4,21883,280
18909,3,4,21513,490
18909,3,4,21143,770
18909,3,4,20773,1050
18909,3,4,20403,1260
18909,3,4,20033,1330
18909,3,4,19293,1400
18909,3,4,18923,1470
15208,3,4,20393,0
15208,3,4,20023,280
15208,3,4,19653,350
15208,3,4,18913,420
15208,3,4,18543,490
15208,3,4,18173,560
15208,3,4,17433,630
15208,3,4,17063,700
15208,3,4,16323,770
15208,3,4,15953,840
15208,3,4,15583,910
15208,3,4,1,980
17054,3,4,21508,0
17054,3,4,21138,490
17054,3,4,20768,700
17054,3,4,20398,980
17054,3,4,19658,1050
17054,3,4,19288,1120
17054,3,4,18918,1190
17054,3,4,18178,1260
17054,3,4,17808,1330
17054,3,4,17068,1400
17054,3,4,1,1470
12244,3,4,15575,0
12244,3,4,14835,280
12244,3,4,14465,350
12244,3,4,14095,420
12244,3,4,13725,490
12244,3,4,12985,560
12244,3,4,12615,630
12244,3,4,1,700
12981,3,4,17427,0
12981,3,4,17057,280
12981,3,4,16687,350
12981,3,4,15947,420
12981,3,4,15577,490
12981,3,4,14837,560
12981,3,4,14467,630
12981,3,4,14097,700
12981,3,4,13357,770
12981,3,4,12987,840
12981,3,4,1,910
9648,3,4,20748,0
9648,3,4,20378,280
9648,3,4,20008,350
9648,3,4,19268,420
9648,3,4,18898,490
9648,3,4,18528,560
9648,3,4,17788,630
9648,3,4,17418,700
9648,3,4,16678,770
9648,3,4,16308,840
9648,3,4,15938,910
9648,3,4,15198,980
9648,3,4,14828,1050
9648,3,4,14088,1120
9648,3,4,13718,1190
9648,3,4,13348,1260
9648,3,4,12608,1330
9648,3,4,12238,1400
9648,3,4,11498,1470
10757,3,4,15201,0
10757,3,4,14831,280
10757,3,4,14461,350
10757,3,4,13721,420
10757,3,4,13351,490
10757,3,4,12611,560
10757,3,4,12241,630
10757,3,4,11871,700
10757,3,4,11131,770
10757,3,4,10761,840
10757,3,4,1,910
16323,3,4,20766,0
16323,3,4,20396,350
16323,3,4,19656,420
16323,3,4,19286,490
16323,3,4,18916,560
16323,3,4,18176,630
16323,3,4,17806,700
16323,3,4,17066,770
16323,3,4,16696,840
16323,3,4,16326,910
16323,3,4,1,980
14099,3,4,17430,0
14099,3,4,16690,280
14099,3,4,16320,350
14099,3,4,15950,420
14099,3,4,15580,490
14099,3,4,14840,560
14099,3,4,14470,630
14099,3,4,1,700
14461,3,4,20761,0
14461,3,4,20391,420
14461,3,4,20021,490
14461,3,4,19281,560
14461,3,4,18911,630
14461,3,4,18541,700
14461,3,4,17801,770
14461,3,4,17431,840
14461,3,4,16691,910
14461,3,4,16321,980
14461,3,4,15951,1050
14461,3,4,15211,1120
14461,3,4,14841,1190
14461,3,4,1,1260
20018,3,4,22256,0
20018,3,4,21886,490
20018,3,4,21516,700
20018,3,4,21146,980
20018,3,4,20776,1190
20018,3,4,20406,1470
16685,3,4,21137,0
16685,3,4,20767,490
16685,3,4,20027,770
16685,3,4,19657,840
16685,3,4,18917,910
16685,3,4,18547,980
16685,3,4,18177,1050
16685,3,4,17437,1120
16685,3,4,17067,1190
16685,3,4,1,1260
12615,3,4,15946,0
12615,3,4,15206,280
12615,3,4,14836,350
12615,3,4,14466,420
12615,3,4,13726,490
12615,3,4,13356,560
12615,3,4,12986,630
12615,3,4,1,700
13352,3,4,18168,0
13352,3,4,17798,280
13352,3,4,17428,350
13352,3,4,16688,420
13352,3,4,16318,490
13352,3,4,15578,560
13352,3,4,15208,630
13352,3,4,14838,700
13352,3,4,14098,770
13352,3,4,13728,840
13352,3,4,1,910
13721,3,4,20759,0
13721,3,4,20389,280
13721,3,4,20019,350
13721,3,4,19279,420
13721,3,4,18909,490
13721,3,4,18539,560
13721,3,4,17799,630
13721,3,4,17429,700
13721,3,4,16689,770
13721,3,4,16319,840
13721,3,4,15949,910
13721,3,4,15209,980
13721,3,4,14839,1050
13721,3,4,14099,1120
13721,3,4,13729,1190
13721,3,4,1,1260
10388,3,4,14460,0
10388,3,4,14090,280
10388,3,4,13720,350
10388,3,4,12980,420
10388,3,4,12610,490
10388,3,4,11870,560
10388,3,4,11500,630
10388,3,4,11130,700
10388,3,4,10390,770
10388,3,4,1,840
11125,3,4,15572,0
11125,3,4,15202,280
11125,3,4,14832,350
11125,3,4,14092,420
11125,3,4,13722,490
11125,3,4,13352,560
11125,3,4,12612,630
11125,3,4,12242,700
11125,3,4,11502,770
11125,3,4,11132,840
11125,3,4,1,910
15201,3,4,21133,0
15201,3,4,20763,350
15201,3,4,20393,630
15201,3,4,19653,700
15201,3,4,19283,770
15201,3,4,18543,840
15201,3,4,18173,910
15201,3,4,17803,980
15201,3,4,17063,1050
15201,3,4,16693,1120
15201,3,4,15953,1190
15201,3,4,15583,1260
15201,3,4,15213,1330
15201,3,4,1,1400
12237,3,4,19275,0
12237,3,4,18905,280
12237,3,4,18535,350
12237,3,4,17795,420
12237,3,4,17425,490
12237,3,4,17055,560
12237,3,4,16315,630
12237,3,4,15945,700
12237,3,4,15205,770
12237,3,4,14835,840
12237,3,4,14465,910
12237,3,4,13725,980
12237,3,4,13355,1050
12237,3,4,12615,1120
12237,3,4,12245,1190
12237,3,4,1,1260
18543,3,4,21512,0
18543,3,4,21142,490
18543,3,4,20772,770
18543,3,4,20402,980
18543,3,4,20032,1050
18543,3,4,19292,1120
18543,3,4,18922,1190
18543,3,4,18552,1260
18543,3,4,1,1330
18911,3,4,21883,0
18911,3,4,21513,280
18911,3,4,21143,560
18911,3,4,20773,840
18911,3,4,20403,1050
18911,3,4,20033,1120
18911,3,4,19293,1190
18911,3,4,18923,1260
18911,3,4,1,1330
14092,3,4,20760,0
14092,3,4,20390,350
14092,3,4,19650,420
14092,3,4,19280,490
14092,3,4,18910,560
14092,3,4,18170,630
14092,3,4,17800,700
14092,3,4,17060,770
14092,3,4,16690,840
14092,3,4,16320,910
14092,3,4,15580,980
14092,3,4,15210,1050
14092,3,4,14470,1120
14092,3,4,14100,1190
14092,3,4,1,1260
12608,3,4,19646,0
12608,3,4,19276,280
12608,3,4,18906,350
12608,3,4,18166,420
12608,3,4,17796,490
12608,3,4,17056,560
12608,3,4,16686,630
12608,3,4,16316,700
12608,3,4,15576,770
12608,3,4,15206,840
12608,3,4,14466,910
12608,3,4,14096,980
12608,3,4,13726,1050
12608,3,4,12986,1120
12608,3,4,12616,1190
12608,3,4,1,1260
17415,3,4,21879,0
17415,3,4,21509,420
17415,3,4,21139,630
17415,3,4,20769,910
17415,3,4,20029,1190
17415,3,4,19659,1260
17415,3,4,18919,1330
17415,3,4,18549,1400
17415,3,4,18179,1470
13345,3,4,20758,0
13345,3,4,20388,280
13345,3,4,20018,350
13345,3,4,19278,420
13345,3,4,18908,490
13345,3,4,18538,560
13345,3,4,17798,630
13345,3,4,17428,700
13345,3,4,16688,770
13345,3,4,16318,840
13345,3,4,15948,910
13345,3,4,15208,980
13345,3,4,14838,1050
13345,3,4,14098,1120
13345,3,4,13728,1190
13345,3,4,13358,1260
13345,3,4,1,1330
19651,3,4,22255,0
19651,3,4,21885,420
19651,3,4,21515,630
19651,3,4,21145,910
19651,3,4,20775,1190
19651,3,4,20405,1400
19651,3,4,20035,1470
20757,3,4,22628,0
20757,3,4,22258,420
20757,3,4,21888,630
20757,3,4,21518,910
20757,3,4,21148,1120
20757,3,4,20778,1400
16687,3,4,21507,0
16687,3,4,21137,280
16687,3,4,20767,490
16687,3,4,20397,770
16687,3,4,19657,840
16687,3,4,19287,910
16687,3,4,18917,980
16687,3,4,18177,1050
16687,3,4,17807,1120
16687,3,4,17067,1190
16687,3,4,16697,1260
16687,3,4,1,1330
17424,3,4,21879,0
17424,3,4,21509,280
17424,3,4,21139,560
17424,3,4,20769,770
17424,3,4,20029,1050
17424,3,4,19659,1120
17424,3,4,19289,1190
17424,3,4,18549,1260
17424,3,4,18179,1330
17424,3,4,17439,1400
17424,3,4,1,1470
13354,3,4,18168,0
13354,3,4,17428,280
13354,3,4,17058,350
13354,3,4,16688,420
13354,3,4,16318,490
13354,3,4,15578,560
13354,3,4,15208,630
13354,3,4,14468,700
13354,3,4,14098,770
13354,3,4,13728,840
13354,3,4,1,910
11127,3,4,15572,0
11127,3,4,15202,280
11127,3,4,14832,350
11127,3,4,14092,420
11127,3,4,13722,490
11127,3,4,12982,560
11127,3,4,12612,630
11127,3,4,12242,700
11127,3,4,11502,770
11127,3,4,11132,840
11127,3,4,1,910
18895,3,4,22253,0
18895,3,4,21883,420
18895,3,4,21513,700
18895,3,4,21143,910
18895,3,4,20773,1190
18895,3,4,20033,1470
18904,3,4,21883,0
18904,3,4,21513,420
18904,3,4,21143,630
18904,3,4,20773,910
18904,3,4,20033,1190
18904,3,4,19663,1260
18904,3,4,18923,1330
18904,3,4,1,1400
11870,3,4,16314,0
11870,3,4,15944,280
11870,3,4,15574,350
11870,3,4,14834,420
11870,3,4,14464,490
11870,3,4,13724,560
11870,3,4,13354,630
11870,3,4,12984,700
11870,3,4,12244,770
11870,3,4,11874,840
11870,3,4,1,910
18913,3,4,21883,0
18913,3,4,21513,350
18913,3,4,21143,560
18913,3,4,20773,840
18913,3,4,20033,1120
18913,3,4,19663,1190
18913,3,4,18923,1260
18913,3,4,1,1330
1,4,5,1,0
21887,4,5,23741,0
21887,4,5,23371,350
21887,4,5,23001,560
21887,4,5,22631,840
21887,4,5,22261,1120
21887,4,5,21891,1330
17798,4,5,21510,0
17798,4,5,21140,420
17798,4,5,20770,700
17798,4,5,20400,910
17798,4,5,20030,980
17798,4,5,19290,1050
17798,4,5,18920,1120
17798,4,5,18180,1190
17798,4,5,17810,1260
17798,4,5,1,1330
17807,4,5,20770,0
17807,4,5,20400,490
17807,4,5,19660,560
17807,4,5,19290,630
17807,4,5,18920,700
17807,4,5,18180,770
17807,4,5,17810,840
17807,4,5,1,910
15205,4,5,21133,0
15205,4,5,20763,350
15205,4,5,20023,630
15205,4,5,19653,700
15205,4,5,18913,770
15205,4,5,18543,840
15205,4,5,18173,910
15205,4,5,17433,980
15205,4,5,17063,1050
15205,4,5,16323,1120
15205,4,5,15953,1190
15205,4,5,15583,1260
15205,4,5,1,1330
19275,4,5,21884,0
19275,4,5,21514,490
19275,4,5,21144,700
19275,4,5,20774,980
19275,4,5,20404,1190
19275,4,5,20034,1260
19275,4,5,19294,1330
19275,4,5,1,1400
16311,4,5,21506,0
16311,4,5,21136,490
16311,4,5,20766,770
16311,4,5,20396,980
16311,4,5,20026,1050
16311,4,5,19286,1120
16311,4,5,18916,1190
16311,4,5,18176,1260
16311,4,5,17806,1330
16311,4,5,17436,1400
16311,4,5,16696,1470
12241,4,5,16685,0
12241,4,5,16315,280
12241,4,5,15945,350
12241,4,5,15205,420
12241,4,5,14835,490
12241,4,5,14095,560
12241,4,5,13725,630
12241,4,5,13355,700
12241,4,5,12615,770
12241,4,5,12245,840
12241,4,5,1,910
19284,4,5,21884,0
19284,4,5,21514,420
19284,4,5,21144,630
19284,4,5,20774,910
19284,4,5,20404,1120
19284,4,5,20034,1190
19284,4,5,19294,1260
19284,4,5,1,1330
16320,4,5,20766,0
16320,4,5,20026,420
16320,4,5,19656,490
16320,4,5,18916,560
16320,4,5,18546,630
16320,4,5,18176,700
16320,4,5,17436,770
16320,4,5,17066,840
16320,4,5,16326,910
16320,4,5,1,980
19293,4,5,21144,0
19293,4,5,20774,350
19293,4,5,20404,560
19293,4,5,20034,630
19293,4,5,19294,700
19293,4,5,1,770
19646,4,5,22255,0
19646,4,5,21885,350
19646,4,5,21515,560
19646,4,5,21145,840
19646,4,5,20775,1050
19646,4,5,20405,1330
19646,4,5,19665,1400
19646,4,5,1,1470
12612,4,5,17056,0
12612,4,5,16686,280
12612,4,5,16316,350
12612,4,5,15576,420
12612,4,5,15206,490
12612,4,5,14466,560
12612,4,5,14096,630
12612,4,5,13726,700
12612,4,5,12986,770
12612,4,5,12616,840
12612,4,5,1,910
20752,4,5,22628,0
20752,4,5,22258,490
20752,4,5,21888,700
20752,4,5,21518,980
20752,4,5,21148,1260
20752,4,5,20778,1470
16682,4,5,21507,0
16682,4,5,21137,420
16682,4,5,20767,700
16682,4,5,20397,910
16682,4,5,20027,980
16682,4,5,19657,1050
16682,4,5,18917,1120
16682,4,5,18547,1190
16682,4,5,17807,1260
16682,4,5,17437,1330
16682,4,5,17067,1400
16682,4,5,1,1470
13718,4,5,20759,0
13718,4,5,20389,350
13718,4,5,20019,420
13718,4,5,19279,490
13718,4,5,18909,560
13718,4,5,18169,630
13718,4,5,17799,700
13718,4,5,17429,770
13718,4,5,16689,840
13718,4,5,16319,910
13718,4,5,15579,980
13718,4,5,15209,1050
13718,4,5,14839,1120
13718,4,5,14099,1190
13718,4,5,13729,1260
13718,4,5,1,1330
20761,4,5,22628,0
20761,4,5,22258,350
20761,4,5,21888,560
20761,4,5,21518,840
20761,4,5,21148,1050
20761,4,5,20778,1330
13727,4,5,17429,0
13727,4,5,17059,280
13727,4,5,16689,350
13727,4,5,15949,420
13727,4,5,15579,490
13727,4,5,15209,560
13727,4,5,14469,630
13727,4,5,14099,700
13727,4,5,1,770
20395,4,5,22257,0
20395,4,5,21887,280
20395,4,5,21517,560
20395,4,5,21147,840
20395,4,5,20777,1050
20395,4,5,20407,1330
20395,4,5,1,1400
20404,4,5,21517,0
20404,4,5,21147,350
20404,4,5,20777,630
20404,4,5,20407,840
20404,4,5,1,910
21882,4,5,23741,0
21882,4,5,23371,420
21882,4,5,23001,700
21882,4,5,22631,910
21882,4,5,22261,1190
21882,4,5,21891,1400
10759,4,5,14461,0
10759,4,5,14091,280
10759,4,5,13721,350
10759,4,5,12981,420
10759,4,5,12611,490
10759,4,5,11871,560
10759,4,5,11501,630
10759,4,5,11131,700
10759,4,5,1,770
17802,4,5,21510,0
17802,4,5,21140,420
17802,4,5,20770,630
17802,4,5,20400,910
17802,4,5,19660,980
17802,4,5,19290,1050
17802,4,5,18550,1120
17802,4,5,18180,1190
17802,4,5,17810,1260
17802,4,5,1,1330
14838,4,5,20392,0
14838,4,5,20022,210
14838,4,5,19652,280
14838,4,5,19282,350
14838,4,5,18542,420
14838,4,5,18172,490
14838,4,5,17802,560
14838,4,5,17062,630
14838,4,5,16692,700
14838,4,5,15952,770
14838,4,5,15582,840
14838,4,5,15212,910
14838,4,5,1,980
15209,4,5,20763,0
15209,4,5,20393,210
15209,4,5,20023,280
15209,4,5,19653,350
15209,4,5,18913,420
15209,4,5,18543,490
15209,4,5,18173,560
15209,4,5,17433,630
15209,4,5,17063,700
15209,4,5,16323,770
15209,4,5,15953,840
15209,4,5,15583,910
15209,4,5,1,980
19279,4,5,22254,0
19279,4,5,21884,280
19279,4,5,21514,560
19279,4,5,21144,840
19279,4,5,20774,1050
19279,4,5,20404,1330
19279,4,5,19664,1400
19279,4,5,19294,1470
16315,4,5,21506,0
16315,4,5,21136,280
16315,4,5,20766,560
16315,4,5,20396,770
16315,4,5,20026,840
16315,4,5,19286,910
16315,4,5,18916,980
16315,4,5,18546,1050
16315,4,5,17806,1120
16315,4,5,17436,1190
16315,4,5,16696,1260
16315,4,5,16326,1330
16315,4,5,1,1400
12245,4,5,21125,0
12245,4,5,20755,350
12245,4,5,20015,630
12245,4,5,19645,700
12245,4,5,19275,770
12245,4,5,18535,840
12245,4,5,18165,910
12245,4,5,17425,980
12245,4,5,17055,1050
12245,4,5,16685,1120
12245,4,5,15945,1190
12245,4,5,15575,1260
12245,4,5,14835,1330
12245,4,5,14465,1400
12245,4,5,14095,1470
19288,4,5,21144,0
19288,4,5,20774,490
19288,4,5,20404,700
19288,4,5,20034,770
19288,4,5,19664,840
19288,4,5,1,910
16324,4,5,20766,0
16324,4,5,20396,280
16324,4,5,19656,350
16324,4,5,19286,420
16324,4,5,18916,490
16324,4,5,18176,560
16324,4,5,17806,630
16324,4,5,17066,700
16324,4,5,16696,770
16324,4,5,16326,840
16324,4,5,1,910
18922,4,5,21143,0
18922,4,5,20773,280
18922,4,5,20403,490
18922,4,5,20033,560
18922,4,5,19293,630
18922,4,5,18923,700
18922,4,5,1,770
13722,4,5,18169,0
13722,4,5,17799,280
13722,4,5,17429,350
13722,4,5,16689,420
13722,4,5,16319,490
13722,4,5,15949,560
13722,4,5,15209,630
13722,4,5,14839,700
13722,4,5,14099,770
13722,4,5,13729,840
13722,4,5,1,910
20390,4,5,22257,0
20390,4,5,21887,490
20390,4,5,21517,770
20390,4,5,21147,1050
20390,4,5,20777,1260
17426,4,5,21509,0
17426,4,5,21139,280
17426,4,5,20769,560
17426,4,5,20399,840
17426,4,5,19659,910
17426,4,5,19289,980
17426,4,5,18549,1050
17426,4,5,18179,1120
17426,4,5,17809,1190
17426,4,5,1,1260
13356,4,5,17428,0
13356,4,5,16688,280
13356,4,5,16318,350
13356,4,5,15948,420
13356,4,5,15578,490
13356,4,5,14838,560
13356,4,5,14468,630
13356,4,5,13728,700
13356,4,5,13358,770
13356,4,5,1,840
20399,4,5,21887,0
20399,4,5,21517,560
20399,4,5,21147,840
20399,4,5,20777,1050
20399,4,5,1,1330
17435,4,5,20769,0
17435,4,5,20399,420
17435,4,5,20029,490
17435,4,5,19289,560
17435,4,5,18919,630
17435,4,5,18549,700
17435,4,5,17809,770
17435,4,5,17439,840
17435,4,5,1,910
21886,4,5,23371,0
21886,4,5,23001,560
21886,4,5,22631,840
21886,4,5,22261,1050
21886,4,5,21891,1330
17788,4,5,21510,0
17788,4,5,21140,490
17788,4,5,20770,700
17788,4,5,20030,980
17788,4,5,19660,1050
17788,4,5,19290,1120
17788,4,5,18550,1190
17788,4,5,18180,1260
17788,4,5,1,1330
17797,4,5,21510,0
17797,4,5,21140,420
17797,4,5,20770,700
17797,4,5,20400,910
17797,4,5,20030,980
17797,4,5,19290,1050
17797,4,5,18920,1120
17797,4,5,18180,1190
17797,4,5,17810,1260
17797,4,5,1,1330
14833,4,5,21132,0
14833,4,5,20762,280
14833,4,5,20392,560
14833,4,5,19652,630
14833,4,5,19282,700
14833,4,5,18912,770
14833,4,5,18172,840
14833,4,5,17802,910
14833,4,5,17062,980
14833,4,5,16692,1050
14833,4,5,16322,1120
14833,4,5,15582,1190
14833,4,5,15212,1260
14833,4,5,1,1330
17806,4,5,21140,0
17806,4,5,20770,280
17806,4,5,20400,490
17806,4,5,20030,560
17806,4,5,19660,630
17806,4,5,18920,700
17806,4,5,18550,770
17806,4,5,17810,840
17806,4,5,1,910
14842,4,5,21872,0
14842,4,5,21502,280
14842,4,5,21132,560
14842,4,5,20762,840
14842,4,5,20392,1050
14842,4,5,20022,1120
14842,4,5,19282,1190
14842,4,5,18912,1260
14842,4,5,18172,1330
14842,4,5,17802,1400
14842,4,5,17432,1470
19274,4,5,22254,0
19274,4,5,21884,420
19274,4,5,21514,630
19274,4,5,21144,910
19274,4,5,20774,1120
19274,4,5,20404,1400
19274,4,5,19664,1470
20033,4,5,21516,0
20033,4,5,21146,350
20033,4,5,20776,560
20033,4,5,20406,840
20033,4,5,1,910
15204,4,5,21133,0
15204,4,5,20763,350
15204,4,5,20023,630
15204,4,5,19653,700
15204,4,5,19283,770
15204,4,5,18543,840
15204,4,5,18173,910
15204,4,5,17433,980
15204,4,5,17063,1050
15204,4,5,16693,1120
15204,4,5,15953,1190
15204,4,5,15583,1260
15204,4,5,1,1330
16319,4,5,20766,0
16319,4,5,20026,420
16319,4,5,19656,490
16319,4,5,18916,560
16319,4,5,18546,630
16319,4,5,18176,700
16319,4,5,17436,770
16319,4,5,17066,840
16319,4,5,16326,910
16319,4,5,1,980
18917,4,5,21143,0
18917,4,5,20773,420
18917,4,5,20033,700
18917,4,5,19663,770
18917,4,5,19293,840
18917,4,5,1,910
15953,4,5,20395,0
15953,4,5,19655,350
15953,4,5,18915,420
15953,4,5,18545,490
15953,4,5,18175,560
15953,4,5,17435,630
15953,4,5,17065,700
15953,4,5,16325,770
15953,4,5,15955,840
15953,4,5,1,910
17421,4,5,21879,0
17421,4,5,21509,280
17421,4,5,21139,490
17421,4,5,20769,770
17421,4,5,20029,1050
17421,4,5,19659,1120
17421,4,5,18919,1190
17421,4,5,18549,1260
17421,4,5,18179,1330
17421,4,5,17439,1400
17421,4,5,1,1470
13351,4,5,18168,0
13351,4,5,17798,280
13351,4,5,17428,350
13351,4,5,16688,420
13351,4,5,16318,490
13351,4,5,15578,560
13351,4,5,15208,630
13351,4,5,14838,700
13351,4,5,14098,770
13351,4,5,13728,840
13351,4,5,1,910
20394,4,5,22257,0
20394,4,5,21887,280
20394,4,5,21517,560
20394,4,5,21147,840
20394,4,5,20777,1050
20394,4,5,20407,1330
20394,4,5,1,1400
17430,4,5,21509,0
17430,4,5,21139,280
17430,4,5,20769,560
17430,4,5,20029,840
17430,4,5,19659,910
17430,4,5,19289,980
17430,4,5,18549,1050
17430,4,5,18179,1120
17430,4,5,17439,1190
17430,4,5,1,1260
20403,4,5,21517,0
20403,4,5,21147,420
20403,4,5,20777,630
20403,4,5,20407,910
20403,4,5,1,980
21881,4,5,23371,0
21881,4,5,23001,420
21881,4,5,22631,700
21881,4,5,22261,910
21881,4,5,21891,1190
21881,4,5,1,1400
17439,4,5,22249,0
17439,4,5,21879,350
17439,4,5,21509,560
17439,4,5,21139,770
17439,4,5,20769,1050
17439,4,5,20029,1330
17439,4,5,19659,1400
17439,4,5,18919,1470
17792,4,5,21880,0
17792,4,5,21510,350
17792,4,5,21140,630
17792,4,5,20770,840
17792,4,5,20400,1120
17792,4,5,19660,1190
17792,4,5,19290,1260
17792,4,5,18550,1330
17792,4,5,18180,1400
17792,4,5,17810,1470
10758,4,5,15201,0
10758,4,5,14461,280
10758,4,5,14091,350
10758,4,5,13721,420
10758,4,5,12981,490
10758,4,5,12611,560
10758,4,5,11871,630
10758,4,5,11501,700
10758,4,5,11131,770
10758,4,5,1,840
14828,4,5,21502,0
14828,4,5,21132,280
14828,4,5,20762,560
14828,4,5,20022,840
14828,4,5,19652,910
14828,4,5,18912,980
14828,4,5,18542,1050
14828,4,5,18172,1120
14828,4,5,17432,1190
14828,4,5,17062,1260
14828,4,5,16322,1330
14828,4,5,15952,1400
14828,4,5,15582,1470
17801,4,5,21510,0
17801,4,5,21140,420
17801,4,5,20770,630
17801,4,5,20400,910
17801,4,5,19660,980
17801,4,5,19290,1050
17801,4,5,18550,1120
17801,4,5,18180,1190
17801,4,5,17810,1260
17801,4,5,1,1330
14837,4,5,20022,0
14837,4,5,19652,280
14837,4,5,19282,350
14837,4,5,18542,420
14837,4,5,18172,490
14837,4,5,17802,560
14837,4,5,17062,630
14837,4,5,16692,700
14837,4,5,15952,770
14837,4,5,15582,840
14837,4,5,15212,910
14837,4,5,1,980
20028,4,5,21886,0
20028,4,5,21516,490
20028,4,5,21146,770
20028,4,5,20776,980
20028,4,5,20406,1260
20028,4,5,1,1330
18912,4,5,21883,0
18912,4,5,21513,350
18912,4,5,21143,630
18912,4,5,20773,840
18912,4,5,20033,1120
18912,4,5,19663,1190
18912,4,5,19293,1260
18912,4,5,1,1330
15948,4,5,20765,0
15948,4,5,20395,350
15948,4,5,19655,420
15948,4,5,19285,490
15948,4,5,18915,560
15948,4,5,18175,630
15948,4,5,17805,700
15948,4,5,17065,770
15948,4,5,16695,840
15948,4,5,16325,910
15948,4,5,1,980
18921,4,5,21143,0
18921,4,5,20773,350
18921,4,5,20403,560
18921,4,5,20033,630
18921,4,5,19293,700
18921,4,5,18923,770
18921,4,5,1,840
20389,4,5,22257,0
20389,4,5,21887,490
20389,4,5,21517,770
20389,4,5,21147,1050
20389,4,5,20777,1260
13355,4,5,18168,0
13355,4,5,17798,210
13355,4,5,17428,280
13355,4,5,17058,350
13355,4,5,16318,420
13355,4,5,15948,490
13355,4,5,15578,560
13355,4,5,14838,630
13355,4,5,14468,700
13355,4,5,13728,770
13355,4,5,13358,840
13355,4,5,1,910
17425,4,5,21879,0
17425,4,5,21509,280
17425,4,5,21139,560
17425,4,5,20769,770
17425,4,5,20029,1050
17425,4,5,19659,1120
17425,4,5,19289,1190
17425,4,5,18549,1260
17425,4,5,18179,1330
17425,4,5,17439,1400
17425,4,5,1,1470
20398,4,5,21887,0
20398,4,5,21517,560
20398,4,5,21147,770
20398,4,5,20777,1050
20398,4,5,1,1330
17434,4,5,20769,0
17434,4,5,20399,420
17434,4,5,20029,490
17434,4,5,19289,560
17434,4,5,18919,630
17434,4,5,18179,700
17434,4,5,17809,770
17434,4,5,17439,840
17434,4,5,1,910
21876,4,5,23741,0
21876,4,5,23371,490
21876,4,5,23001,770
21876,4,5,22631,980
21876,4,5,22261,1260
21876,4,5,21891,1470
21510,4,5,23370,0
21510,4,5,23000,350
21510,4,5,22630,560
21510,4,5,22260,840
21510,4,5,21890,1120
21510,4,5,21520,1330
21519,4,5,22260,0
21519,4,5,21890,490
21519,4,5,21520,770
21519,4,5,1,980
17796,4,5,21880,0
17796,4,5,21510,350
17796,4,5,21140,630
17796,4,5,20770,840
17796,4,5,20400,1120
17796,4,5,19660,1190
17796,4,5,19290,1260
17796,4,5,18920,1330
17796,4,5,18180,1400
17796,4,5,17810,1470
14832,4,5,21132,0
14832,4,5,20762,350
14832,4,5,20392,560
14832,4,5,20022,630
14832,4,5,19652,700
14832,4,5,18912,770
14832,4,5,18542,840
14832,4,5,17802,910
14832,4,5,17432,980
14832,4,5,17062,1050
14832,4,5,16322,1120
14832,4,5,15952,1190
14832,4,5,15212,1260
14832,4,5,14842,1330
14832,4,5,1,1400
20014,4,5,22256,0
20014,4,5,21886,350
20014,4,5,21516,560
20014,4,5,21146,840
20014,4,5,20776,1050
20014,4,5,20406,1330
20014,4,5,1,1400
20023,4,5,21886,0
20023,4,5,21516,490
20023,4,5,21146,770
20023,4,5,20776,1050
20023,4,5,20406,1260
20023,4,5,20036,1330
20023,4,5,1,1400
20032,4,5,21516,0
20032,4,5,21146,350
20032,4,5,20776,630
20032,4,5,20406,840
20032,4,5,20036,910
20032,4,5,1,980
18898,4,5,22253,0
18898,4,5,21883,350
18898,4,5,21513,630
18898,4,5,21143,840
18898,4,5,20773,1120
18898,4,5,20403,1330
18898,4,5,20033,1400
18898,4,5,19663,1470
18907,4,5,22253,0
18907,4,5,21883,280
18907,4,5,21513,560
18907,4,5,21143,770
18907,4,5,20773,1050
18907,4,5,20403,1260
18907,4,5,20033,1330
18907,4,5,19293,1400
18907,4,5,18923,1470
15943,4,5,21135,0
15943,4,5,20765,490
15943,4,5,20395,700
15943,4,5,20025,770
15943,4,5,19285,840
15943,4,5,18915,910
15943,4,5,18545,980
15943,4,5,17805,1050
15943,4,5,17435,1120
15943,4,5,16695,1190
15943,4,5,16325,1260
15943,4,5,15955,1330
15943,4,5,1,1400
11873,4,5,15204,0
11873,4,5,14464,280
11873,4,5,14094,350
11873,4,5,13724,420
11873,4,5,12984,490
11873,4,5,12614,560
11873,4,5,11874,630
11873,4,5,1,700
18916,4,5,21143,0
18916,4,5,20773,420
18916,4,5,20033,700
18916,4,5,19663,770
18916,4,5,19293,840
18916,4,5,1,910
12979,4,5,20017,0
12979,4,5,19647,280
12979,4,5,19277,350
12979,4,5,18537,420
12979,4,5,18167,490
12979,4,5,17427,560
12979,4,5,17057,630
12979,4,5,16687,700
12979,4,5,15947,770
12979,4,5,15577,840
12979,4,5,14837,910
12979,4,5,14467,980
12979,4,5,14097,1050
12979,4,5,13357,1120
12979,4,5,12987,1190
12979,4,5,1,1260
15952,4,5,20765,0
15952,4,5,20395,280
15952,4,5,20025,350
15952,4,5,19655,420
15952,4,5,18915,490
15952,4,5,18545,560
15952,4,5,18175,630
15952,4,5,17435,700
15952,4,5,17065,770
15952,4,5,16325,840
15952,4,5,15955,910
15952,4,5,1,980
20393,4,5,22257,0
20393,4,5,21887,490
20393,4,5,21517,770
20393,4,5,21147,1050
20393,4,5,20777,1260
17429,4,5,21509,0
17429,4,5,21139,350
17429,4,5,20769,630
17429,4,5,20399,840
17429,4,5,20029,910
17429,4,5,19289,980
17429,4,5,18919,1050
17429,4,5,18549,1120
17429,4,5,17809,1190
17429,4,5,17439,1260
17429,4,5,1,1330
17438,4,5,20769,0
17438,4,5,20399,280
17438,4,5,19659,350
17438,4,5,19289,420
17438,4,5,18919,490
17438,4,5,18179,560
17438,4,5,17809,630
17438,4,5,1,700
21505,4,5,23000,0
21505,4,5,22630,490
21505,4,5,22260,700
21505,4,5,21890,980
21505,4,5,21520,1190
21505,4,5,1,1470
18541,4,5,21882,0
18541,4,5,21512,280
18541,4,5,21142,560
18541,4,5,20772,770
18541,4,5,20402,1050
18541,4,5,19662,1120
18541,4,5,19292,1190
18541,4,5,18922,1260
18541,4,5,1,1330
21514,4,5,23370,0
21514,4,5,23000,350
21514,4,5,22630,560
21514,4,5,22260,840
21514,4,5,21890,1120
21514,4,5,21520,1330
18550,4,5,21142,0
18550,4,5,20772,280
18550,4,5,20032,560
18550,4,5,19662,630
18550,4,5,18922,700
18550,4,5,18552,770
18550,4,5,1,840
22629,4,5,24483,0
22629,4,5,24113,560
22629,4,5,23743,770
22629,4,5,23373,1050
22629,4,5,23003,1260
14461,4,5,20761,0
14461,4,5,20391,420
14461,4,5,20021,490
14461,4,5,19281,560
14461,4,5,18911,630
14461,4,5,18541,700
14461,4,5,17801,770
14461,4,5,17431,840
14461,4,5,16691,910
14461,4,5,16321,980
14461,4,5,15951,1050
14461,4,5,15211,1120
14461,4,5,14841,1190
14461,4,5,1,1260
14470,4,5,17801,0
14470,4,5,17061,280
14470,4,5,16691,350
14470,4,5,16321,420
14470,4,5,15951,490
14470,4,5,15211,560
14470,4,5,14841,630
14470,4,5,1,700
20018,4,5,22256,0
20018,4,5,21886,490
20018,4,5,21516,700
20018,4,5,21146,980
20018,4,5,20776,1190
20018,4,5,20406,1470
20027,4,5,21886,0
20027,4,5,21516,490
20027,4,5,21146,770
20027,4,5,20776,980
20027,4,5,20406,1260
20027,4,5,1,1330
23000,4,5,24854,0
23000,4,5,24484,560
23000,4,5,24114,770
23000,4,5,23744,1050
23000,4,5,23374,1330
20036,4,5,22626,0
20036,4,5,22256,490
20036,4,5,21886,770
20036,4,5,21516,980
20036,4,5,21146,1260
20036,4,5,20776,1470
18902,4,5,22253,0
18902,4,5,21883,350
18902,4,5,21513,630
18902,4,5,21143,840
18902,4,5,20773,1120
18902,4,5,20403,1330
18902,4,5,20033,1400
18902,4,5,19293,1470
11868,4,5,16314,0
11868,4,5,15944,280
11868,4,5,15574,350
11868,4,5,14834,420
11868,4,5,14464,490
11868,4,5,14094,560
11868,4,5,13354,630
11868,4,5,12984,700
11868,4,5,12244,770
11868,4,5,11874,840
11868,4,5,1,910
15938,4,5,21505,0
15938,4,5,21135,420
15938,4,5,20765,700
15938,4,5,20025,980
15938,4,5,19655,1050
15938,4,5,18915,1120
15938,4,5,18545,1190
15938,4,5,18175,1260
15938,4,5,17435,1330
15938,4,5,17065,1400
15938,4,5,16325,1470
18911,4,5,21883,0
18911,4,5,21513,280
18911,4,5,21143,560
18911,4,5,20773,840
18911,4,5,20403,1050
18911,4,5,20033,1120
18911,4,5,19293,1190
18911,4,5,18923,1260
18911,4,5,1,1330
15947,4,5,21135,0
15947,4,5,20765,420
15947,4,5,20395,700
15947,4,5,19655,770
15947,4,5,19285,840
15947,4,5,18915,910
15947,4,5,18175,980
15947,4,5,17805,1050
15947,4,5,17065,1120
15947,4,5,16695,1190
15947,4,5,16325,1260
15947,4,5,1,1330
18920,4,5,21143,0
18920,4,5,20773,420
18920,4,5,20403,630
18920,4,5,20033,700
18920,4,5,19293,770
18920,4,5,18923,840
18920,4,5,1,910
12983,4,5,17427,0
12983,4,5,17057,280
12983,4,5,16687,350
12983,4,5,15947,420
12983,4,5,15577,490
12983,4,5,14837,560
12983,4,5,14467,630
12983,4,5,14097,700
12983,4,5,13357,770
12983,4,5,12987,840
12983,4,5,1,910
17068,4,5,21878,0
17068,4,5,21508,490
17068,4,5,21138,770
17068,4,5,20768,980
17068,4,5,20398,1260
17068,4,5,19658,1330
17068,4,5,19288,1400
17068,4,5,18548,1470
21147,4,5,21889,0
21147,4,5,21519,490
21147,4,5,21149,770
21147,4,5,1,980
17424,4,5,21879,0
17424,4,5,21509,280
17424,4,5,21139,560
17424,4,5,20769,770
17424,4,5,20029,1050
17424,4,5,19659,1120
17424,4,5,19289,1190
17424,4,5,18549,1260
17424,4,5,18179,1330
17424,4,5,17439,1400
17424,4,5,1,1470
13354,4,5,18168,0
13354,4,5,17428,280
13354,4,5,17058,350
13354,4,5,16688,420
13354,4,5,16318,490
13354,4,5,15578,560
13354,4,5,15208,630
13354,4,5,14468,700
13354,4,5,14098,770
13354,4,5,13728,840
13354,4,5,1,910
10390,4,5,20750,0
10390,4,5,20380,350
10390,4,5,20010,420
10390,4,5,19270,490
10390,4,5,18900,560
10390,4,5,18530,630
10390,4,5,17790,700
10390,4,5,17420,770
10390,4,5,16680,840
10390,4,5,16310,910
10390,4,5,15940,980
10390,4,5,15200,1050
10390,4,5,14830,1120
10390,4,5,14090,1190
10390,4,5,13720,1260
10390,4,5,13350,1330
10390,4,5,12610,1400
10390,4,5,12240,1470
21509,4,5,23000,0
21509,4,5,22630,490
21509,4,5,22260,770
21509,4,5,21890,980
21509,4,5,21520,1260
21509,4,5,1,1470
18545,4,5,21142,0
18545,4,5,20772,350
18545,4,5,20402,630
18545,4,5,19662,700
18545,4,5,19292,770
18545,4,5,18922,840
18545,4,5,1,910
21518,4,5,23000,0
21518,4,5,22630,420
21518,4,5,22260,700
21518,4,5,21890,910
21518,4,5,21520,1190
21518,4,5,1,1400
15581,4,5,20764,0
15581,4,5,20024,280
15581,4,5,19654,350
15581,4,5,19284,420
15581,4,5,18544,490
15581,4,5,18174,560
15581,4,5,17804,630
15581,4,5,17064,700
15581,4,5,16694,770
15581,4,5,15954,840
15581,4,5,15584,910
15581,4,5,1,980
14465,4,5,18911,0
14465,4,5,18541,280
14465,4,5,18171,350
14465,4,5,17431,420
14465,4,5,17061,490
14465,4,5,16691,560
14465,4,5,15951,630
14465,4,5,15581,700
14465,4,5,14841,770
14465,4,5,14471,840
14465,4,5,1,910
11501,4,5,15203,0
11501,4,5,14833,280
11501,4,5,14463,350
11501,4,5,13723,420
11501,4,5,13353,490
11501,4,5,12613,560
11501,4,5,12243,630
11501,4,5,11873,700
11501,4,5,1,770
20022,4,5,22256,0
20022,4,5,21886,490
20022,4,5,21516,700
20022,4,5,21146,980
20022,4,5,20776,1190
20022,4,5,20406,1470
20031,4,5,21516,0
20031,4,5,21146,350
20031,4,5,20776,630
20031,4,5,20406,840
20031,4,5,20036,910
20031,4,5,1,980
18906,4,5,22253,0
18906,4,5,21883,210
18906,4,5,21513,490
18906,4,5,21143,770
18906,4,5,20773,980
18906,4,5,20403,1260
18906,4,5,19663,1330
18906,4,5,19293,1400
18906,4,5,18923,1470
11872,4,5,15574,0
11872,4,5,15204,280
11872,4,5,14834,350
11872,4,5,14094,420
11872,4,5,13724,490
11872,4,5,12984,560
11872,4,5,12614,630
11872,4,5,12244,700
11872,4,5,1,770
15942,4,5,21135,0
15942,4,5,20765,490
15942,4,5,20395,700
15942,4,5,20025,770
15942,4,5,19285,840
15942,4,5,18915,910
15942,4,5,18545,980
15942,4,5,17805,1050
15942,4,5,17435,1120
15942,4,5,16695,1190
15942,4,5,16325,1260
15942,4,5,15955,1330
15942,4,5,1,1400
15951,4,5,20765,0
15951,4,5,20395,350
15951,4,5,19655,420
15951,4,5,19285,490
15951,4,5,18915,560
15951,4,5,18175,630
15951,4,5,17805,700
15951,4,5,17065,770
15951,4,5,16695,840
15951,4,5,16325,910
15951,4,5,1,980
12987,4,5,21127,0
12987,4,5,20757,490
12987,4,5,20387,700
12987,4,5,20017,770
12987,4,5,19277,840
12987,4,5,18907,910
12987,4,5,18167,980
12987,4,5,17797,1050
12987,4,5,17427,1120
12987,4,5,16687,1190
12987,4,5,16317,1260
12987,4,5,15577,1330
12987,4,5,15207,1400
12987,4,5,14837,1470
21133,4,5,22999,0
21133,4,5,22629,420
21133,4,5,22259,700
21133,4,5,21889,910
21133,4,5,21519,1190
21133,4,5,21149,1400
17063,4,5,20768,0
17063,4,5,20398,350
17063,4,5,20028,420
17063,4,5,19658,490
17063,4,5,18918,560
17063,4,5,18548,630
17063,4,5,17808,700
17063,4,5,17438,770
17063,4,5,17068,840
17063,4,5,1,910
21142,4,5,22629,0
21142,4,5,22259,420
21142,4,5,21889,700
21142,4,5,21519,910
21142,4,5,21149,1190
21142,4,5,1,1400
18178,4,5,21141,0
18178,4,5,20771,280
18178,4,5,20031,560
18178,4,5,19661,630
18178,4,5,19291,700
18178,4,5,18551,770
18178,4,5,18181,840
18178,4,5,1,910
18531,4,5,22252,0
18531,4,5,21882,280
18531,4,5,21512,560
18531,4,5,21142,770
18531,4,5,20772,1050
18531,4,5,20032,1330
18531,4,5,19662,1400
18531,4,5,18922,1470
21504,4,5,23370,0
21504,4,5,23000,490
21504,4,5,22630,700
21504,4,5,22260,980
21504,4,5,21890,1190
21504,4,5,21520,1470
18540,4,5,21882,0
18540,4,5,21512,280
18540,4,5,21142,490
18540,4,5,20772,770
18540,4,5,20032,1050
18540,4,5,19662,1120
18540,4,5,18922,1190
18540,4,5,18552,1260
18540,4,5,1,1330
21513,4,5,23370,0
21513,4,5,23000,350
21513,4,5,22630,630
21513,4,5,22260,840
21513,4,5,21890,1120
21513,4,5,21520,1330
15576,4,5,21134,0
15576,4,5,20764,420
15576,4,5,20394,630
15576,4,5,20024,700
15576,4,5,19284,770
15576,4,5,18914,840
15576,4,5,18544,910
15576,4,5,17804,980
15576,4,5,17434,1050
15576,4,5,16694,1120
15576,4,5,16324,1190
15576,4,5,15954,1260
15576,4,5,1,1330
18549,4,5,21142,0
18549,4,5,20772,350
18549,4,5,20402,560
18549,4,5,20032,630
18549,4,5,19662,700
18549,4,5,18922,770
18549,4,5,18552,840
18549,4,5,1,910
22628,4,5,24483,0
22628,4,5,24113,560
22628,4,5,23743,770
22628,4,5,23373,1050
22628,4,5,23003,1260
14460,4,5,20761,0
14460,4,5,20021,490
14460,4,5,19651,560
14460,4,5,18911,630
14460,4,5,18541,700
14460,4,5,18171,770
14460,4,5,17431,840
14460,4,5,17061,910
14460,4,5,16321,980
14460,4,5,15951,1050
14460,4,5,15581,1120
14460,4,5,14841,1190
14460,4,5,14471,1260
14460,4,5,1,1330
20008,4,5,22626,0
20008,4,5,22256,420
20008,4,5,21886,630
20008,4,5,21516,910
20008,4,5,21146,1190
20008,4,5,20776,1400
14469,4,5,18171,0
14469,4,5,17801,280
14469,4,5,17431,350
14469,4,5,16691,420
14469,4,5,16321,490
14469,4,5,15951,560
14469,4,5,15211,630
14469,4,5,14841,700
14469,4,5,1,770
20017,4,5,22256,0
20017,4,5,21886,350
20017,4,5,21516,630
20017,4,5,21146,840
20017,4,5,20776,1120
20017,4,5,20036,1400
20017,4,5,1,1470
20026,4,5,21886,0
20026,4,5,21516,560
20026,4,5,21146,770
20026,4,5,20776,1050
20026,4,5,20036,1330
20026,4,5,1,1400
18901,4,5,21883,0
18901,4,5,21513,350
18901,4,5,21143,630
18901,4,5,20773,840
18901,4,5,20403,1120
18901,4,5,19663,1190
18901,4,5,19293,1260
18901,4,5,18923,1330
18901,4,5,1,1400
19660,4,5,21515,0
19660,4,5,21145,350
19660,4,5,20775,560
19660,4,5,20035,840
19660,4,5,19665,910
19660,4,5,1,980
15946,4,5,21135,0
15946,4,5,20765,490
15946,4,5,20395,700
15946,4,5,20025,770
15946,4,5,19285,840
15946,4,5,18915,910
15946,4,5,18175,980
15946,4,5,17805,1050
15946,4,5,17435,1120
15946,4,5,16695,1190
15946,4,5,16325,1260
15946,4,5,1,1330
20775,4,5,21518,0
20775,4,5,21148,420
20775,4,5,20778,700
20775,4,5,1,910
12982,4,5,17427,0
12982,4,5,17057,280
12982,4,5,16687,350
12982,4,5,15947,420
12982,4,5,15577,490
12982,4,5,14837,560
12982,4,5,14467,630
12982,4,5,14097,700
12982,4,5,13357,770
12982,4,5,12987,840
12982,4,5,1,910
17058,4,5,21508,0
17058,4,5,21138,280
17058,4,5,20768,560
17058,4,5,20028,840
17058,4,5,19658,910
17058,4,5,18918,980
17058,4,5,18548,1050
17058,4,5,18178,1120
17058,4,5,17438,1190
17058,4,5,17068,1260
17058,4,5,1,1330
21128,4,5,22999,0
21128,4,5,22629,420
21128,4,5,22259,700
21128,4,5,21889,910
21128,4,5,21519,1190
21128,4,5,21149,1470
18164,4,5,21881,0
18164,4,5,21511,420
18164,4,5,21141,630
18164,4,5,20771,910
18164,4,5,20031,1190
18164,4,5,19661,1260
18164,4,5,18921,1330
18164,4,5,18551,1400
18164,4,5,18181,1470
14094,4,5,18540,0
14094,4,5,18170,280
14094,4,5,17800,350
14094,4,5,17060,420
14094,4,5,16690,490
14094,4,5,16320,560
14094,4,5,15580,630
14094,4,5,15210,700
14094,4,5,14470,770
14094,4,5,14100,840
14094,4,5,1,910
21137,4,5,22999,0
21137,4,5,22629,350
21137,4,5,22259,630
21137,4,5,21889,840
21137,4,5,21519,1120
21137,4,5,21149,1330
17067,4,5,20398,0
17067,4,5,20028,280
17067,4,5,19288,350
17067,4,5,18918,420
17067,4,5,18548,490
17067,4,5,17808,560
17067,4,5,17438,630
17067,4,5,1,700
18173,4,5,21511,0
18173,4,5,21141,420
18173,4,5,20771,700
18173,4,5,20031,980
18173,4,5,19661,1050
18173,4,5,18921,1120
18173,4,5,18551,1190
18173,4,5,18181,1260
18173,4,5,1,1330
21146,4,5,21889,0
21146,4,5,21519,490
21146,4,5,21149,700
21146,4,5,1,980
21499,4,5,23370,0
21499,4,5,23000,490
21499,4,5,22630,770
21499,4,5,22260,1050
21499,4,5,21890,1260
18535,4,5,21882,0
18535,4,5,21512,490
18535,4,5,21142,700
18535,4,5,20772,980
18535,4,5,20402,1190
18535,4,5,20032,1260
18535,4,5,19292,1330
18535,4,5,18922,1400
18535,4,5,18552,1470
21508,4,5,23370,0
21508,4,5,23000,420
21508,4,5,22630,700
21508,4,5,22260,910
21508,4,5,21890,1190
21508,4,5,21520,1400
15571,4,5,21134,0
15571,4,5,20764,420
15571,4,5,20024,700
15571,4,5,19654,770
15571,4,5,18914,840
15571,4,5,18544,910
15571,4,5,18174,980
15571,4,5,17434,1050
15571,4,5,17064,1120
15571,4,5,16324,1190
15571,4,5,15954,1260
15571,4,5,15584,1330
15571,4,5,1,1400
11129,4,5,15572,0
11129,4,5,14832,280
11129,4,5,14462,350
11129,4,5,14092,420
11129,4,5,13352,490
11129,4,5,12982,560
11129,4,5,12242,630
11129,4,5,11872,700
11129,4,5,11502,770
11129,4,5,1,840
18544,4,5,21512,0
18544,4,5,21142,490
18544,4,5,20772,770
18544,4,5,20402,980
18544,4,5,20032,1050
18544,4,5,19292,1120
18544,4,5,18922,1190
18544,4,5,18552,1260
18544,4,5,1,1330
15580,4,5,20764,0
15580,4,5,20394,280
15580,4,5,20024,350
15580,4,5,19284,420
15580,4,5,18914,490
15580,4,5,18544,560
15580,4,5,17804,630
15580,4,5,17434,700
15580,4,5,16694,770
15580,4,5,16324,840
15580,4,5,15954,910
15580,4,5,1,980
22257,4,5,24112,0
22257,4,5,23742,560
22257,4,5,23372,770
22257,4,5,23002,1050
22257,4,5,22632,1260
14464,4,5,18911,0
14464,4,5,18541,280
14464,4,5,18171,350
14464,4,5,17431,420
14464,4,5,17061,490
14464,4,5,16691,560
14464,4,5,15951,630
14464,4,5,15581,700
14464,4,5,14841,770
14464,4,5,14471,840
14464,4,5,1,910
20012,4,5,22626,0
20012,4,5,22256,350
20012,4,5,21886,560
20012,4,5,21516,840
20012,4,5,21146,1120
20012,4,5,20776,1330
11500,4,5,15943,0
11500,4,5,15203,280
11500,4,5,14833,350
11500,4,5,14463,420
11500,4,5,13723,490
11500,4,5,13353,560
11500,4,5,12613,630
11500,4,5,12243,700
11500,4,5,11873,770
11500,4,5,1,840
19655,4,5,21885,0
19655,4,5,21515,490
19655,4,5,21145,770
19655,4,5,20775,980
19655,4,5,20035,1260
19655,4,5,19665,1330
19655,4,5,1,1400
16691,4,5,20767,0
16691,4,5,20397,350
16691,4,5,20027,420
16691,4,5,19657,490
16691,4,5,18917,560
16691,4,5,18547,630
16691,4,5,17807,700
16691,4,5,17437,770
16691,4,5,17067,840
16691,4,5,1,910
19664,4,5,21145,0
19664,4,5,20775,420
19664,4,5,20035,700
19664,4,5,19665,770
19664,4,5,1,840
20770,4,5,22258,0
20770,4,5,21888,350
20770,4,5,21518,630
20770,4,5,21148,840
20770,4,5,20778,1120
20770,4,5,1,1330
14089,4,5,20760,0
14089,4,5,20390,420
14089,4,5,19650,490
14089,4,5,19280,560
14089,4,5,18540,630
14089,4,5,18170,700
14089,4,5,17800,770
14089,4,5,17060,840
14089,4,5,16690,910
14089,4,5,15950,980
14089,4,5,15580,1050
14089,4,5,15210,1120
14089,4,5,14470,1190
14089,4,5,14100,1260
14089,4,5,1,1330
17062,4,5,20768,0
17062,4,5,20028,420
17062,4,5,19658,490
17062,4,5,18918,560
17062,4,5,18548,630
17062,4,5,18178,700
17062,4,5,17438,770
17062,4,5,17068,840
17062,4,5,1,910
21132,4,5,22999,0
21132,4,5,22629,420
21132,4,5,22259,700
21132,4,5,21889,910
21132,4,5,21519,1190
21132,4,5,21149,1400
18168,4,5,21511,0
18168,4,5,21141,490
18168,4,5,20771,700
18168,4,5,20401,980
18168,4,5,19661,1050
18168,4,5,19291,1120
18168,4,5,18551,1190
18168,4,5,18181,1260
18168,4,5,1,1330
14098,4,5,17800,0
14098,4,5,17430,280
14098,4,5,17060,350
14098,4,5,16320,420
14098,4,5,15950,490
14098,4,5,15580,560
14098,4,5,14840,630
14098,4,5,14470,700
14098,4,5,1,770
21141,4,5,22629,0
21141,4,5,22259,350
21141,4,5,21889,630
21141,4,5,21519,910
21141,4,5,21149,1120
21141,4,5,1,1400
18177,4,5,21141,0
18177,4,5,20771,280
18177,4,5,20401,560
18177,4,5,20031,630
18177,4,5,19291,700
18177,4,5,18921,770
18177,4,5,18181,840
18177,4,5,1,910
18539,4,5,21882,0
18539,4,5,21512,280
18539,4,5,21142,490
18539,4,5,20772,770
18539,4,5,20032,1050
18539,4,5,19662,1120
18539,4,5,18922,1190
18539,4,5,18552,1260
18539,4,5,1,1330
15575,4,5,21134,0
15575,4,5,20764,420
15575,4,5,20394,630
15575,4,5,20024,700
15575,4,5,19654,770
15575,4,5,18914,840
15575,4,5,18544,910
15575,4,5,17804,980
15575,4,5,17434,1050
15575,4,5,17064,1120
15575,4,5,16324,1190
15575,4,5,15954,1260
15575,4,5,1,1330
15584,4,5,21874,0
15584,4,5,21504,420
15584,4,5,21134,630
15584,4,5,20764,910
15584,4,5,20024,1190
15584,4,5,19654,1260
15584,4,5,18914,1330
15584,4,5,18544,1400
15584,4,5,18174,1470
22252,4,5,24112,0
22252,4,5,23742,560
22252,4,5,23372,840
22252,4,5,23002,1120
22252,4,5,22632,1330
19641,4,5,22255,0
19641,4,5,21885,560
19641,4,5,21515,770
19641,4,5,21145,1050
19641,4,5,20775,1260
19650,4,5,22255,0
19650,4,5,21885,420
19650,4,5,21515,700
19650,4,5,21145,910
19650,4,5,20775,1190
19650,4,5,20405,1400
19650,4,5,20035,1470
16686,4,5,21507,0
16686,4,5,21137,280
16686,4,5,20767,560
16686,4,5,20397,770
16686,4,5,20027,840
16686,4,5,19287,910
16686,4,5,18917,980
16686,4,5,18177,1050
16686,4,5,17807,1120
16686,4,5,17437,1190
16686,4,5,16697,1260
16686,4,5,1,1330
12616,4,5,21126,0
12616,4,5,20756,420
12616,4,5,20386,630
12616,4,5,20016,700
12616,4,5,19646,770
12616,4,5,18906,840
12616,4,5,18536,910
12616,4,5,17796,980
12616,4,5,17426,1050
12616,4,5,17056,1120
12616,4,5,16316,1190
12616,4,5,15946,1260
12616,4,5,15206,1330
12616,4,5,14836,1400
12616,4,5,14466,1470
19659,4,5,21515,0
19659,4,5,21145,350
19659,4,5,20775,560
19659,4,5,20405,840
19659,4,5,19665,910
19659,4,5,1,980
20765,4,5,22258,0
20765,4,5,21888,350
20765,4,5,21518,630
20765,4,5,21148,840
20765,4,5,20778,1120
20765,4,5,1,1400
16695,4,5,20767,0
16695,4,5,20397,280
16695,4,5,19657,350
16695,4,5,19287,420
16695,4,5,18917,490
16695,4,5,18177,560
16695,4,5,17807,630
16695,4,5,17067,700
16695,4,5,16697,770
16695,4,5,1,840
20774,4,5,21518,0
20774,4,5,21148,420
20774,4,5,20778,700
20774,4,5,1,980
17057,4,5,21508,0
17057,4,5,21138,280
17057,4,5,20768,560
17057,4,5,20028,840
17057,4,5,19658,910
17057,4,5,19288,980
17057,4,5,18548,1050
17057,4,5,18178,1120
17057,4,5,17438,1190
17057,4,5,17068,1260
17057,4,5,1,1330
21127,4,5,22999,0
21127,4,5,22629,490
21127,4,5,22259,770
21127,4,5,21889,980
21127,4,5,21519,1260
21127,4,5,21149,1470
14093,4,5,18540,0
14093,4,5,18170,280
14093,4,5,17800,350
14093,4,5,17060,420
14093,4,5,16690,490
14093,4,5,16320,560
14093,4,5,15580,630
14093,4,5,15210,700
14093,4,5,14470,770
14093,4,5,14100,840
14093,4,5,1,910
21136,4,5,22999,0
21136,4,5,22629,350
21136,4,5,22259,560
21136,4,5,21889,840
21136,4,5,21519,1120
21136,4,5,21149,1330
17066,4,5,20768,0
17066,4,5,20398,280
17066,4,5,20028,350
17066,4,5,19288,420
17066,4,5,18918,490
17066,4,5,18178,560
17066,4,5,17808,630
17066,4,5,17438,700
17066,4,5,1,770
18172,4,5,21511,0
18172,4,5,21141,420
18172,4,5,20771,700
18172,4,5,20031,980
18172,4,5,19661,1050
18172,4,5,18921,1120
18172,4,5,18551,1190
18172,4,5,18181,1260
18172,4,5,1,1330
18181,4,5,22251,0
18181,4,5,21881,420
18181,4,5,21511,700
18181,4,5,21141,910
18181,4,5,20771,1190
18181,4,5,20031,1470
18534,4,5,21882,0
18534,4,5,21512,490
18534,4,5,21142,700
18534,4,5,20772,980
18534,4,5,20402,1190
18534,4,5,20032,1260
18534,4,5,19292,1330
18534,4,5,18922,1400
18534,4,5,18552,1470
19283,4,5,21884,0
19283,4,5,21514,420
19283,4,5,21144,630
19283,4,5,20774,910
19283,4,5,20404,1120
19283,4,5,20034,1190
19283,4,5,19664,1260
19283,4,5,1,1330
15213,4,5,21873,0
15213,4,5,21503,350
15213,4,5,21133,630
15213,4,5,20763,840
15213,4,5,20393,1120
15213,4,5,19653,1190
15213,4,5,19283,1260
15213,4,5,18543,1330
15213,4,5,18173,1400
15213,4,5,17803,1470
22256,4,5,23742,0
22256,4,5,23372,560
22256,4,5,23002,770
22256,4,5,22632,1050
22256,4,5,22262,1330
19292,4,5,21144,0
19292,4,5,20774,350
19292,4,5,20404,630
19292,4,5,19664,700
19292,4,5,19294,770
19292,4,5,1,840
19645,4,5,22255,0
19645,4,5,21885,490
19645,4,5,21515,770
19645,4,5,21145,980
19645,4,5,20775,1260
20751,4,5,22628,0
20751,4,5,22258,490
20751,4,5,21888,700
20751,4,5,21518,980
20751,4,5,21148,1260
20751,4,5,20778,1470
12611,4,5,17056,0
12611,4,5,16686,280
12611,4,5,16316,350
12611,4,5,15576,420
12611,4,5,15206,490
12611,4,5,14466,560
12611,4,5,14096,630
12611,4,5,13726,700
12611,4,5,12986,770
12611,4,5,12616,840
12611,4,5,1,910
19654,4,5,21885,0
19654,4,5,21515,490
19654,4,5,21145,770
19654,4,5,20775,980
19654,4,5,20405,1260
19654,4,5,19665,1330
19654,4,5,1,1400
16690,4,5,20767,0
16690,4,5,20397,350
16690,4,5,20027,420
16690,4,5,19657,490
16690,4,5,18917,560
16690,4,5,18547,630
16690,4,5,17807,700
16690,4,5,17437,770
16690,4,5,17067,840
16690,4,5,1,910
20760,4,5,22628,0
20760,4,5,22258,350
20760,4,5,21888,560
20760,4,5,21518,840
20760,4,5,21148,1050
20760,4,5,20778,1330
19663,4,5,21145,0
19663,4,5,20775,490
19663,4,5,20405,700
19663,4,5,20035,770
19663,4,5,19665,840
19663,4,5,1,910
13726,4,5,18169,0
13726,4,5,17429,280
13726,4,5,17059,350
13726,4,5,16689,420
13726,4,5,15949,490
13726,4,5,15579,560
13726,4,5,15209,630
13726,4,5,14469,700
13726,4,5,14099,770
13726,4,5,1,840
20769,4,5,22258,0
20769,4,5,21888,350
20769,4,5,21518,630
20769,4,5,21148,840
20769,4,5,20778,1120
20769,4,5,1,1330
20778,4,5,22998,0
20778,4,5,22628,350
20778,4,5,22258,560
20778,4,5,21888,840
20778,4,5,21518,1120
20778,4,5,21148,1330
14088,4,5,20760,0
14088,4,5,20390,350
14088,4,5,20020,420
14088,4,5,19280,490
14088,4,5,18910,560
14088,4,5,18540,630
14088,4,5,17800,700
14088,4,5,17430,770
14088,4,5,16690,840
14088,4,5,16320,910
14088,4,5,15950,980
14088,4,5,15210,1050
14088,4,5,14840,1120
14088,4,5,14100,1190
14088,4,5,1,1260
17061,4,5,20768,0
17061,4,5,20028,420
17061,4,5,19658,490
17061,4,5,18918,560
17061,4,5,18548,630
17061,4,5,18178,700
17061,4,5,17438,770
17061,4,5,17068,840
17061,4,5,1,910
21890,4,5,22631,0
21890,4,5,22261,490
21890,4,5,21891,700
21890,4,5,1,980
21131,4,5,22629,0
21131,4,5,22259,420
21131,4,5,21889,700
21131,4,5,21519,910
21131,4,5,21149,1190
21131,4,5,1,1470
14097,4,5,18540,0
14097,4,5,17800,280
14097,4,5,17430,350
14097,4,5,17060,420
14097,4,5,16320,490
14097,4,5,15950,560
14097,4,5,15580,630
14097,4,5,14840,700
14097,4,5,14470,770
14097,4,5,1,840
18167,4,5,21881,0
18167,4,5,21511,420
18167,4,5,21141,700
18167,4,5,20771,910
18167,4,5,20031,1190
18167,4,5,19661,1260
18167,4,5,19291,1330
18167,4,5,18551,1400
18167,4,5,18181,1470
18176,4,5,21141,0
18176,4,5,20771,280
18176,4,5,20401,560
18176,4,5,20031,630
18176,4,5,19291,700
18176,4,5,18921,770
18176,4,5,18181,840
18176,4,5,1,910
17810,4,5,22250,0
17810,4,5,21880,350
17810,4,5,21510,630
17810,4,5,21140,910
17810,4,5,20770,1120
17810,4,5,20030,1400
17810,4,5,19660,1470
11132,4,5,20752,0
11132,4,5,20382,420
11132,4,5,20012,490
11132,4,5,19272,560
11132,4,5,18902,630
11132,4,5,18532,700
11132,4,5,17792,770
11132,4,5,17422,840
11132,4,5,16682,910
11132,4,5,16312,980
11132,4,5,15942,1050
11132,4,5,15202,1120
11132,4,5,14832,1190
11132,4,5,14092,1260
11132,4,5,13722,1330
11132,4,5,13352,1400
11132,4,5,12612,1470
19278,4,5,22254,0
19278,4,5,21884,350
19278,4,5,21514,560
19278,4,5,21144,840
19278,4,5,20774,1050
19278,4,5,20404,1330
19278,4,5,19664,1400
19278,4,5,19294,1470
15208,4,5,20393,0
15208,4,5,20023,280
15208,4,5,19653,350
15208,4,5,18913,420
15208,4,5,18543,490
15208,4,5,18173,560
15208,4,5,17433,630
15208,4,5,17063,700
15208,4,5,16323,770
15208,4,5,15953,840
15208,4,5,15583,910
15208,4,5,1,980
22251,4,5,24112,0
22251,4,5,23742,560
22251,4,5,23372,840
22251,4,5,23002,1120
22251,4,5,22632,1330
12244,4,5,15575,0
12244,4,5,14835,280
12244,4,5,14465,350
12244,4,5,14095,420
12244,4,5,13725,490
12244,4,5,12985,560
12244,4,5,12615,630
12244,4,5,1,700
16314,4,5,21136,0
16314,4,5,20766,490
16314,4,5,20026,770
16314,4,5,19656,840
16314,4,5,19286,910
16314,4,5,18546,980
16314,4,5,18176,1050
16314,4,5,17436,1120
16314,4,5,17066,1190
16314,4,5,16696,1260
16314,4,5,1,1330
19287,4,5,21144,0
19287,4,5,20774,490
19287,4,5,20404,700
19287,4,5,20034,770
19287,4,5,19664,840
19287,4,5,1,910
22260,4,5,23742,0
22260,4,5,23372,490
22260,4,5,23002,770
22260,4,5,22632,980
22260,4,5,22262,1260
22260,4,5,1,1470
16323,4,5,20766,0
16323,4,5,20396,350
16323,4,5,19656,420
16323,4,5,19286,490
16323,4,5,18916,560
16323,4,5,18176,630
16323,4,5,17806,700
16323,4,5,17066,770
16323,4,5,16696,840
16323,4,5,16326,910
16323,4,5,1,980
19649,4,5,22255,0
19649,4,5,21885,420
19649,4,5,21515,700
19649,4,5,21145,910
19649,4,5,20775,1190
19649,4,5,20035,1470
16685,4,5,21137,0
16685,4,5,20767,490
16685,4,5,20027,770
16685,4,5,19657,840
16685,4,5,18917,910
16685,4,5,18547,980
16685,4,5,18177,1050
16685,4,5,17437,1120
16685,4,5,17067,1190
16685,4,5,1,1260
12615,4,5,15946,0
12615,4,5,15206,280
12615,4,5,14836,350
12615,4,5,14466,420
12615,4,5,13726,490
12615,4,5,13356,560
12615,4,5,12986,630
12615,4,5,1,700
19658,4,5,21515,0
19658,4,5,21145,350
19658,4,5,20775,560
19658,4,5,20035,840
19658,4,5,19665,910
19658,4,5,1,980
13721,4,5,20759,0
13721,4,5,20389,280
13721,4,5,20019,350
13721,4,5,19279,420
13721,4,5,18909,490
13721,4,5,18539,560
13721,4,5,17799,630
13721,4,5,17429,700
13721,4,5,16689,770
13721,4,5,16319,840
13721,4,5,15949,910
13721,4,5,15209,980
13721,4,5,14839,1050
13721,4,5,14099,1120
13721,4,5,13729,1190
13721,4,5,1,1260
20764,4,5,22628,0
20764,4,5,22258,280
20764,4,5,21888,560
20764,4,5,21518,840
20764,4,5,21148,1050
20764,4,5,20778,1330
16694,4,5,20767,0
16694,4,5,20397,350
16694,4,5,19657,420
16694,4,5,19287,490
16694,4,5,18547,560
16694,4,5,18177,630
16694,4,5,17807,700
16694,4,5,17067,770
16694,4,5,16697,840
16694,4,5,1,910
20773,4,5,21518,0
20773,4,5,21148,490
20773,4,5,20778,700
20773,4,5,1,980
20407,4,5,22627,0
20407,4,5,22257,560
20407,4,5,21887,770
20407,4,5,21517,1050
20407,4,5,21147,1260
21885,4,5,23371,0
21885,4,5,23001,560
21885,4,5,22631,840
21885,4,5,22261,1050
21885,4,5,21891,1330
14092,4,5,20760,0
14092,4,5,20390,350
14092,4,5,19650,420
14092,4,5,19280,490
14092,4,5,18910,560
14092,4,5,18170,630
14092,4,5,17800,700
14092,4,5,17060,770
14092,4,5,16690,840
14092,4,5,16320,910
14092,4,5,15580,980
14092,4,5,15210,1050
14092,4,5,14470,1120
14092,4,5,14100,1190
14092,4,5,1,1260
17805,4,5,21140,0
17805,4,5,20770,280
17805,4,5,20400,490
17805,4,5,20030,560
17805,4,5,19660,630
17805,4,5,18920,700
17805,4,5,18550,770
17805,4,5,17810,840
17805,4,5,1,910
14841,4,5,18912,0
14841,4,5,18172,280
14841,4,5,17802,350
14841,4,5,17432,420
14841,4,5,17062,490
14841,4,5,16322,560
14841,4,5,15952,630
14841,4,5,15212,700
14841,4,5,14842,770
14841,4,5,1,840
15203,4,5,21133,0
15203,4,5,20763,420
15203,4,5,20393,630
15203,4,5,20023,700
15203,4,5,19283,770
15203,4,5,18913,840
15203,4,5,18173,910
15203,4,5,17803,980
15203,4,5,17433,1050
15203,4,5,16693,1120
15203,4,5,16323,1190
15203,4,5,15583,1260
15203,4,5,15213,1330
15203,4,5,1,1400
12239,4,5,16685,0
12239,4,5,16315,280
12239,4,5,15945,350
12239,4,5,15205,420
12239,4,5,14835,490
12239,4,5,14465,560
12239,4,5,13725,630
12239,4,5,13355,700
12239,4,5,12615,770
12239,4,5,12245,840
12239,4,5,1,910
19282,4,5,21884,0
19282,4,5,21514,350
19282,4,5,21144,630
19282,4,5,20774,840
19282,4,5,20404,1120
19282,4,5,19664,1190
19282,4,5,19294,1260
19282,4,5,1,1330
15212,4,5,19283,0
15212,4,5,18913,280
15212,4,5,18543,350
15212,4,5,17803,420
15212,4,5,17433,490
15212,4,5,16693,560
15212,4,5,16323,630
15212,4,5,15953,700
15212,4,5,15213,770
15212,4,5,1,840
22255,4,5,23742,0
22255,4,5,23372,560
22255,4,5,23002,840
22255,4,5,22632,1050
22255,4,5,22262,1330
16318,4,5,21136,0
16318,4,5,20766,490
16318,4,5,20026,770
16318,4,5,19656,840
16318,4,5,18916,910
16318,4,5,18546,980
16318,4,5,18176,1050
16318,4,5,17436,1120
16318,4,5,17066,1190
16318,4,5,16326,1260
16318,4,5,1,1330
19291,4,5,21144,0
19291,4,5,20774,420
19291,4,5,20404,700
19291,4,5,19664,770
19291,4,5,19294,840
19291,4,5,1,910
19644,4,5,22255,0
19644,4,5,21885,490
19644,4,5,21515,770
19644,4,5,21145,980
19644,4,5,20775,1260
12610,4,5,17056,0
12610,4,5,16686,280
12610,4,5,16316,350
12610,4,5,15576,420
12610,4,5,15206,490
12610,4,5,14466,560
12610,4,5,14096,630
12610,4,5,13726,700
12610,4,5,12986,770
12610,4,5,12616,840
12610,4,5,1,910
16689,4,5,21137,0
16689,4,5,20767,490
16689,4,5,20397,700
16689,4,5,20027,770
16689,4,5,19657,840
16689,4,5,18917,910
16689,4,5,18547,980
16689,4,5,17807,1050
16689,4,5,17437,1120
16689,4,5,17067,1190
16689,4,5,1,1260
20759,4,5,22258,0
20759,4,5,21888,490
20759,4,5,21518,700
20759,4,5,21148,980
20759,4,5,20778,1190
20759,4,5,1,1470
13725,4,5,18539,0
13725,4,5,18169,210
13725,4,5,17799,280
13725,4,5,17429,350
13725,4,5,16689,420
13725,4,5,16319,490
13725,4,5,15949,560
13725,4,5,15209,630
13725,4,5,14839,700
13725,4,5,14099,770
13725,4,5,13729,840
13725,4,5,1,910
20402,4,5,21517,0
20402,4,5,21147,420
20402,4,5,20777,700
20402,4,5,20407,910
20402,4,5,1,980
21880,4,5,23371,0
21880,4,5,23001,420
21880,4,5,22631,700
21880,4,5,22261,910
21880,4,5,21891,1190
21880,4,5,1,1470
21889,4,5,23371,0
21889,4,5,23001,420
21889,4,5,22631,630
21889,4,5,22261,910
21889,4,5,21891,1190
21889,4,5,1,1400
17800,4,5,21510,0
17800,4,5,21140,420
17800,4,5,20770,700
17800,4,5,20400,910
17800,4,5,20030,980
17800,4,5,19660,1050
17800,4,5,18920,1120
17800,4,5,18550,1190
17800,4,5,17810,1260
17800,4,5,1,1330
14836,4,5,20392,0
14836,4,5,20022,210
14836,4,5,19652,280
14836,4,5,19282,350
14836,4,5,18542,420
14836,4,5,18172,490
14836,4,5,17802,560
14836,4,5,17062,630
14836,4,5,16692,700
14836,4,5,15952,770
14836,4,5,15582,840
14836,4,5,15212,910
14836,4,5,1,980
17809,4,5,20770,0
17809,4,5,20400,350
17809,4,5,20030,420
17809,4,5,19290,490
17809,4,5,18920,560
17809,4,5,18180,630
17809,4,5,17810,700
17809,4,5,1,770
19268,4,5,22254,0
19268,4,5,21884,490
19268,4,5,21514,700
19268,4,5,21144,980
19268,4,5,20774,1190
19268,4,5,20404,1470
15198,4,5,21503,0
15198,4,5,21133,350
15198,4,5,20763,630
15198,4,5,20393,840
15198,4,5,20023,910
15198,4,5,19283,980
15198,4,5,18913,1050
15198,4,5,18543,1120
15198,4,5,17803,1190
15198,4,5,17433,1260
15198,4,5,16693,1330
15198,4,5,16323,1400
15198,4,5,15953,1470
15207,4,5,20763,0
15207,4,5,20393,210
15207,4,5,20023,280
15207,4,5,19653,350
15207,4,5,18913,420
15207,4,5,18543,490
15207,4,5,18173,560
15207,4,5,17433,630
15207,4,5,17063,700
15207,4,5,16323,770
15207,4,5,15953,840
15207,4,5,15583,910
15207,4,5,1,980
19277,4,5,22254,0
19277,4,5,21884,280
19277,4,5,21514,560
19277,4,5,21144,840
19277,4,5,20774,1050
19277,4,5,20034,1330
19277,4,5,19664,1400
19277,4,5,19294,1470
12243,4,5,15945,0
12243,4,5,15575,280
12243,4,5,15205,350
12243,4,5,14465,420
12243,4,5,14095,490
12243,4,5,13355,560
12243,4,5,12985,630
12243,4,5,12615,700
12243,4,5,1,770
19286,4,5,21884,0
19286,4,5,21514,350
19286,4,5,21144,630
19286,4,5,20774,840
19286,4,5,20034,1120
19286,4,5,19664,1190
19286,4,5,19294,1260
19286,4,5,1,1330
16322,4,5,20766,0
16322,4,5,20396,350
16322,4,5,20026,420
16322,4,5,19656,490
16322,4,5,18916,560
16322,4,5,18546,630
16322,4,5,17806,700
16322,4,5,17436,770
16322,4,5,17066,840
16322,4,5,16326,910
16322,4,5,1,980
16684,4,5,21137,0
16684,4,5,20767,490
16684,4,5,20027,770
16684,4,5,19657,840
16684,4,5,18917,910
16684,4,5,18547,980
16684,4,5,18177,1050
16684,4,5,17437,1120
16684,4,5,17067,1190
16684,4,5,1,1260
20754,4,5,22628,0
20754,4,5,22258,420
20754,4,5,21888,700
20754,4,5,21518,910
20754,4,5,21148,1190
20754,4,5,20778,1400
13720,4,5,20759,0
13720,4,5,20389,280
13720,4,5,20019,350
13720,4,5,19279,420
13720,4,5,18909,490
13720,4,5,18539,560
13720,4,5,17799,630
13720,4,5,17429,700
13720,4,5,16689,770
13720,4,5,16319,840
13720,4,5,15949,910
13720,4,5,15209,980
13720,4,5,14839,1050
13720,4,5,14099,1120
13720,4,5,13729,1190
13720,4,5,1,1260
20388,4,5,22257,0
20388,4,5,21887,420
20388,4,5,21517,700
20388,4,5,21147,910
20388,4,5,20777,1190
20388,4,5,20407,1400
20388,4,5,1,1470
20397,4,5,22257,0
20397,4,5,21887,350
20397,4,5,21517,560
20397,4,5,21147,840
20397,4,5,20777,1120
20397,4,5,20407,1330
20397,4,5,1,1400
17433,4,5,20769,0
17433,4,5,20399,420
17433,4,5,20029,490
17433,4,5,19289,560
17433,4,5,18919,630
17433,4,5,18549,700
17433,4,5,17809,770
17433,4,5,17439,840
17433,4,5,1,910
21875,4,5,23741,0
21875,4,5,23371,490
21875,4,5,23001,770
21875,4,5,22631,1050
21875,4,5,22261,1260
20406,4,5,21147,0
20406,4,5,20777,490
20406,4,5,20407,770
20406,4,5,1,840
21884,4,5,23371,0
21884,4,5,23001,490
21884,4,5,22631,700
21884,4,5,22261,980
21884,4,5,21891,1260
21884,4,5,1,1470
17795,4,5,21880,0
17795,4,5,21510,350
17795,4,5,21140,630
17795,4,5,20770,840
17795,4,5,20400,1120
17795,4,5,19660,1190
17795,4,5,19290,1260
17795,4,5,18920,1330
17795,4,5,18180,1400
17795,4,5,17810,1470
14831,4,5,21132,0
14831,4,5,20762,350
14831,4,5,20022,630
14831,4,5,19652,700
14831,4,5,19282,770
14831,4,5,18542,840
14831,4,5,18172,910
14831,4,5,17432,980
14831,4,5,17062,1050
14831,4,5,16692,1120
14831,4,5,15952,1190
14831,4,5,15582,1260
14831,4,5,14842,1330
14831,4,5,1,1400
10761,4,5,20751,0
10761,4,5,20011,420
10761,4,5,19641,490
10761,4,5,18901,560
10761,4,5,18531,630
10761,4,5,18161,700
10761,4,5,17421,770
10761,4,5,17051,840
10761,4,5,16311,910
10761,4,5,15941,980
10761,4,5,15571,1050
10761,4,5,14831,1120
10761,4,5,14461,1190
10761,4,5,13721,1260
10761,4,5,13351,1330
10761,4,5,12981,1400
10761,4,5,12241,1470
17804,4,5,21140,0
17804,4,5,20770,280
17804,4,5,20400,490
17804,4,5,20030,560
17804,4,5,19660,630
17804,4,5,18920,700
17804,4,5,18550,770
17804,4,5,17810,840
17804,4,5,1,910
14840,4,5,19282,0
14840,4,5,18912,280
14840,4,5,18542,350
14840,4,5,17802,420
14840,4,5,17432,490
14840,4,5,17062,560
14840,4,5,16322,630
14840,4,5,15952,700
14840,4,5,15212,770
14840,4,5,14842,840
14840,4,5,1,910
15202,4,5,21133,0
15202,4,5,20763,420
15202,4,5,20393,630
15202,4,5,20023,700
15202,4,5,19653,770
15202,4,5,18913,840
15202,4,5,18543,910
15202,4,5,17803,980
15202,4,5,17433,1050
15202,4,5,17063,1120
15202,4,5,16323,1190
15202,4,5,15953,1260
15202,4,5,15213,1330
15202,4,5,1,1400
19272,4,5,21884,0
19272,4,5,21514,420
19272,4,5,21144,700
19272,4,5,20774,910
19272,4,5,20034,1190
19272,4,5,19664,1260
19272,4,5,19294,1330
19272,4,5,1,1400
12238,4,5,16685,0
12238,4,5,16315,280
12238,4,5,15945,350
12238,4,5,15205,420
12238,4,5,14835,490
12238,4,5,14465,560
12238,4,5,13725,630
12238,4,5,13355,700
12238,4,5,12615,770
12238,4,5,12245,840
12238,4,5,1,910
16308,4,5,21506,0
16308,4,5,21136,490
16308,4,5,20766,700
16308,4,5,20396,980
16308,4,5,19656,1050
16308,4,5,19286,1120
16308,4,5,18916,1190
16308,4,5,18176,1260
16308,4,5,17806,1330
16308,4,5,17066,1400
16308,4,5,16696,1470
19281,4,5,21884,0
19281,4,5,21514,350
19281,4,5,21144,630
19281,4,5,20774,840
19281,4,5,20404,1120
19281,4,5,19664,1190
19281,4,5,19294,1260
19281,4,5,1,1330
15211,4,5,19653,0
15211,4,5,18913,350
15211,4,5,18543,420
15211,4,5,17803,490
15211,4,5,17433,560
15211,4,5,16693,630
15211,4,5,16323,700
15211,4,5,15953,770
15211,4,5,15213,840
15211,4,5,1,910
16317,4,5,21136,0
16317,4,5,20766,490
16317,4,5,20026,770
16317,4,5,19656,840
16317,4,5,18916,910
16317,4,5,18546,980
16317,4,5,18176,1050
16317,4,5,17436,1120
16317,4,5,17066,1190
16317,4,5,16326,1260
16317,4,5,1,1330
16326,4,5,21876,0
16326,4,5,21506,490
16326,4,5,21136,770
16326,4,5,20766,980
16326,4,5,20396,1260
16326,4,5,19656,1330
16326,4,5,19286,1400
16326,4,5,18546,1470
18915,4,5,21883,0
18915,4,5,21513,280
18915,4,5,21143,560
18915,4,5,20773,770
18915,4,5,20403,1050
18915,4,5,19663,1120
18915,4,5,19293,1190
18915,4,5,18923,1260
18915,4,5,1,1330
13349,4,5,20758,0
13349,4,5,20388,280
13349,4,5,20018,350
13349,4,5,19278,420
13349,4,5,18908,490
13349,4,5,18168,560
13349,4,5,17798,630
13349,4,5,17428,700
13349,4,5,16688,770
13349,4,5,16318,840
13349,4,5,15578,910
13349,4,5,15208,980
13349,4,5,14838,1050
13349,4,5,14098,1120
13349,4,5,13728,1190
13349,4,5,1,1260
20392,4,5,22257,0
20392,4,5,21887,490
20392,4,5,21517,770
20392,4,5,21147,1050
20392,4,5,20777,1260
13358,4,5,21498,0
13358,4,5,21128,280
13358,4,5,20758,560
13358,4,5,20388,770
13358,4,5,20018,840
13358,4,5,19648,910
13358,4,5,18908,980
13358,4,5,18538,1050
13358,4,5,17798,1120
13358,4,5,17428,1190
13358,4,5,17058,1260
13358,4,5,16318,1330
13358,4,5,15948,1400
13358,4,5,15208,1470
17428,4,5,21509,0
17428,4,5,21139,350
17428,4,5,20769,630
17428,4,5,20399,840
17428,4,5,20029,910
17428,4,5,19659,980
17428,4,5,18919,1050
17428,4,5,18549,1120
17428,4,5,17809,1190
17428,4,5,17439,1260
17428,4,5,1,1330
20401,4,5,21517,0
20401,4,5,21147,420
20401,4,5,20777,700
20401,4,5,20407,910
20401,4,5,1,980
17437,4,5,20769,0
17437,4,5,20399,350
17437,4,5,19659,420
17437,4,5,19289,490
17437,4,5,18549,560
17437,4,5,18179,630
17437,4,5,17809,700
17437,4,5,1,770
21879,4,5,23741,0
21879,4,5,23371,420
21879,4,5,23001,700
21879,4,5,22631,910
21879,4,5,22261,1190
21879,4,5,21891,1470
21888,4,5,23371,0
21888,4,5,23001,560
21888,4,5,22631,840
21888,4,5,22261,1050
21888,4,5,21891,1330
17799,4,5,21510,0
17799,4,5,21140,420
17799,4,5,20770,700
17799,4,5,20030,980
17799,4,5,19660,1050
17799,4,5,18920,1120
17799,4,5,18550,1190
17799,4,5,18180,1260
17799,4,5,1,1330
14835,4,5,20392,0
14835,4,5,20022,210
14835,4,5,19652,280
14835,4,5,19282,350
14835,4,5,18542,420
14835,4,5,18172,490
14835,4,5,17802,560
14835,4,5,17062,630
14835,4,5,16692,700
14835,4,5,15952,770
14835,4,5,15582,840
14835,4,5,15212,910
14835,4,5,1,980
17808,4,5,20770,0
17808,4,5,20400,420
17808,4,5,19660,490
17808,4,5,19290,560
17808,4,5,18920,630
17808,4,5,18180,700
17808,4,5,17810,770
17808,4,5,1,840
22999,4,5,24854,0
22999,4,5,24484,560
22999,4,5,24114,770
22999,4,5,23744,1050
22999,4,5,23374,1260
20035,4,5,21146,0
20035,4,5,20776,490
20035,4,5,20406,700
20035,4,5,20036,770
20035,4,5,1,840
12242,4,5,16685,0
12242,4,5,15945,280
12242,4,5,15575,350
12242,4,5,15205,420
12242,4,5,14465,490
12242,4,5,14095,560
12242,4,5,13355,630
12242,4,5,12985,700
12242,4,5,12615,770
12242,4,5,1,840
16312,4,5,21506,0
16312,4,5,21136,490
16312,4,5,20766,770
16312,4,5,20396,980
16312,4,5,20026,1050
16312,4,5,19286,1120
16312,4,5,18916,1190
16312,4,5,18176,1260
16312,4,5,17806,1330
16312,4,5,17436,1400
16312,4,5,16696,1470
18910,4,5,21883,0
18910,4,5,21513,280
18910,4,5,21143,560
18910,4,5,20773,840
18910,4,5,20403,1050
18910,4,5,20033,1120
18910,4,5,19293,1190
18910,4,5,18923,1260
18910,4,5,1,1330
18919,4,5,21143,0
18919,4,5,20773,420
18919,4,5,20033,700
18919,4,5,19663,770
18919,4,5,18923,840
18919,4,5,1,910
15955,4,5,21875,0
15955,4,5,21505,490
15955,4,5,21135,700
15955,4,5,20765,980
15955,4,5,20395,1190
15955,4,5,20025,1260
15955,4,5,19285,1330
15955,4,5,18915,1400
15955,4,5,18545,1470
20378,4,5,22627,0
20378,4,5,22257,420
20378,4,5,21887,700
20378,4,5,21517,910
20378,4,5,21147,1190
20378,4,5,20777,1470
20387,4,5,22627,0
20387,4,5,22257,350
20387,4,5,21887,630
20387,4,5,21517,840
20387,4,5,21147,1120
20387,4,5,20777,1330
13353,4,5,18168,0
13353,4,5,17428,280
13353,4,5,17058,350
13353,4,5,16688,420
13353,4,5,16318,490
13353,4,5,15578,560
13353,4,5,15208,630
13353,4,5,14468,700
13353,4,5,14098,770
13353,4,5,13728,840
13353,4,5,1,910
20396,4,5,22257,0
20396,4,5,21887,350
20396,4,5,21517,630
20396,4,5,21147,840
20396,4,5,20777,1120
20396,4,5,20407,1330
20396,4,5,1,1400
10389,4,5,13720,0
10389,4,5,12980,280
10389,4,5,12610,350
10389,4,5,12240,420
10389,4,5,11870,490
10389,4,5,11130,560
10389,4,5,10760,630
10389,4,5,1,700
17432,4,5,20769,0
17432,4,5,20399,420
17432,4,5,20029,490
17432,4,5,19289,560
17432,4,5,18919,630
17432,4,5,18549,700
17432,4,5,17809,770
17432,4,5,17439,840
17432,4,5,1,910
20405,4,5,21517,0
20405,4,5,21147,350
20405,4,5,20777,560
20405,4,5,20407,840
20405,4,5,1,910
21517,4,5,23000,0
21517,4,5,22630,420
21517,4,5,22260,700
21517,4,5,21890,910
21517,4,5,21520,1190
21517,4,5,1,1470
14839,4,5,20022,0
14839,4,5,19282,280
14839,4,5,18912,350
14839,4,5,18542,420
14839,4,5,17802,490
14839,4,5,17432,560
14839,4,5,17062,630
14839,4,5,16322,700
14839,4,5,15952,770
14839,4,5,15212,840
14839,4,5,14842,910
14839,4,5,1,980
20021,4,5,22256,0
20021,4,5,21886,490
20021,4,5,21516,700
20021,4,5,21146,980
20021,4,5,20776,1190
20021,4,5,20406,1470
20030,4,5,21516,0
20030,4,5,21146,350
20030,4,5,20776,630
20030,4,5,20036,910
20030,4,5,1,980
18905,4,5,22253,0
18905,4,5,21883,210
18905,4,5,21513,490
18905,4,5,21143,770
18905,4,5,20773,980
18905,4,5,20403,1260
18905,4,5,19663,1330
18905,4,5,19293,1400
18905,4,5,18923,1470
15941,4,5,21505,0
15941,4,5,21135,490
15941,4,5,20765,700
15941,4,5,20025,980
15941,4,5,19655,1050
15941,4,5,19285,1120
15941,4,5,18545,1190
15941,4,5,18175,1260
15941,4,5,17435,1330
15941,4,5,17065,1400
15941,4,5,16695,1470
11871,4,5,16314,0
11871,4,5,15574,280
11871,4,5,15204,350
11871,4,5,14834,420
11871,4,5,14094,490
11871,4,5,13724,560
11871,4,5,12984,630
11871,4,5,12614,700
11871,4,5,12244,770
11871,4,5,1,840
18914,4,5,21883,0
18914,4,5,21513,280
18914,4,5,21143,560
18914,4,5,20773,770
18914,4,5,20403,1050
18914,4,5,19663,1120
18914,4,5,19293,1190
18914,4,5,18923,1260
18914,4,5,1,1330
15950,4,5,20765,0
15950,4,5,20395,350
15950,4,5,19655,420
15950,4,5,19285,490
15950,4,5,18915,560
15950,4,5,18175,630
15950,4,5,17805,700
15950,4,5,17065,770
15950,4,5,16695,840
15950,4,5,16325,910
15950,4,5,1,980
18923,4,5,22623,0
18923,4,5,22253,280
18923,4,5,21883,560
18923,4,5,21513,770
18923,4,5,21143,1050
18923,4,5,20773,1260
12986,4,5,16317,0
12986,4,5,15577,280
12986,4,5,15207,350
12986,4,5,14837,420
12986,4,5,14097,490
12986,4,5,13727,560
12986,4,5,13357,630
12986,4,5,1,700
20382,4,5,22627,0
20382,4,5,22257,350
20382,4,5,21887,630
20382,4,5,21517,840
20382,4,5,21147,1120
20382,4,5,20777,1400
13348,4,5,20758,0
13348,4,5,20388,280
13348,4,5,20018,350
13348,4,5,19648,420
13348,4,5,19278,490
13348,4,5,18538,560
13348,4,5,18168,630
13348,4,5,17428,700
13348,4,5,17058,770
13348,4,5,16688,840
13348,4,5,15948,910
13348,4,5,15578,980
13348,4,5,14838,1050
13348,4,5,14468,1120
13348,4,5,14098,1190
13348,4,5,13358,1260
13348,4,5,1,1330
17418,4,5,21879,0
17418,4,5,21509,350
17418,4,5,21139,630
17418,4,5,20769,840
17418,4,5,20399,1120
17418,4,5,19659,1190
17418,4,5,19289,1260
17418,4,5,18919,1330
17418,4,5,18179,1400
17418,4,5,17809,1470
20391,4,5,22257,0
20391,4,5,21887,560
20391,4,5,21517,770
20391,4,5,21147,1050
20391,4,5,20777,1260
13357,4,5,17058,0
13357,4,5,16318,280
13357,4,5,15948,350
13357,4,5,15578,420
13357,4,5,14838,490
13357,4,5,14468,560
13357,4,5,13728,630
13357,4,5,13358,700
13357,4,5,1,770
17427,4,5,21509,0
17427,4,5,21139,280
17427,4,5,20769,560
17427,4,5,20399,840
17427,4,5,19659,910
17427,4,5,19289,980
17427,4,5,18549,1050
17427,4,5,18179,1120
17427,4,5,17809,1190
17427,4,5,1,1260
20400,4,5,21517,0
20400,4,5,21147,420
20400,4,5,20777,700
20400,4,5,20407,910
20400,4,5,1,980
17436,4,5,20769,0
17436,4,5,20399,420
17436,4,5,19659,490
17436,4,5,19289,560
17436,4,5,18549,630
17436,4,5,18179,700
17436,4,5,17809,770
17436,4,5,1,840
21503,4,5,23370,0
21503,4,5,23000,420
21503,4,5,22630,700
21503,4,5,22260,980
21503,4,5,21890,1190
21503,4,5,21520,1470
21512,4,5,23370,0
21512,4,5,23000,350
21512,4,5,22630,630
21512,4,5,22260,840
21512,4,5,21890,1120
21512,4,5,21520,1330
18548,4,5,21142,0
18548,4,5,20772,350
18548,4,5,20402,630
18548,4,5,19662,700
18548,4,5,19292,770
18548,4,5,18552,840
18548,4,5,1,910
14834,4,5,21132,0
14834,4,5,20762,280
14834,4,5,20392,560
14834,4,5,19652,630
14834,4,5,19282,700
14834,4,5,18542,770
14834,4,5,18172,840
14834,4,5,17802,910
14834,4,5,17062,980
14834,4,5,16692,1050
14834,4,5,15952,1120
14834,4,5,15582,1190
14834,4,5,15212,1260
14834,4,5,1,1330
14468,4,5,18911,0
14468,4,5,18171,280
14468,4,5,17801,350
14468,4,5,17431,420
14468,4,5,16691,490
14468,4,5,16321,560
14468,4,5,15951,630
14468,4,5,15211,700
14468,4,5,14841,770
14468,4,5,1,840
20025,4,5,22256,0
20025,4,5,21886,280
20025,4,5,21516,560
20025,4,5,21146,840
20025,4,5,20776,1050
20025,4,5,20036,1330
20025,4,5,1,1400
20034,4,5,21146,0
20034,4,5,20776,560
20034,4,5,20406,770
20034,4,5,20036,840
20034,4,5,1,910
18909,4,5,22253,0
18909,4,5,21883,280
18909,4,5,21513,490
18909,4,5,21143,770
18909,4,5,20773,1050
18909,4,5,20403,1260
18909,4,5,20033,1330
18909,4,5,19293,1400
18909,4,5,18923,1470
15945,4,5,21135,0
15945,4,5,20765,490
15945,4,5,20025,770
15945,4,5,19655,840
15945,4,5,18915,910
15945,4,5,18545,980
15945,4,5,18175,1050
15945,4,5,17435,1120
15945,4,5,17065,1190
15945,4,5,16325,1260
15945,4,5,15955,1330
15945,4,5,1,1400
18918,4,5,21143,0
18918,4,5,20773,420
18918,4,5,20033,700
18918,4,5,19663,770
18918,4,5,18923,840
18918,4,5,1,910
12981,4,5,17427,0
12981,4,5,17057,280
12981,4,5,16687,350
12981,4,5,15947,420
12981,4,5,15577,490
12981,4,5,14837,560
12981,4,5,14467,630
12981,4,5,14097,700
12981,4,5,13357,770
12981,4,5,12987,840
12981,4,5,1,910
15954,4,5,20025,0
15954,4,5,19655,280
15954,4,5,19285,350
15954,4,5,18545,420
15954,4,5,18175,490
15954,4,5,17435,560
15954,4,5,17065,630
15954,4,5,16695,700
15954,4,5,15955,770
15954,4,5,1,840
21145,4,5,22629,0
21145,4,5,22259,350
21145,4,5,21889,630
21145,4,5,21519,840
21145,4,5,21149,1120
21145,4,5,1,1400
13352,4,5,18168,0
13352,4,5,17798,280
13352,4,5,17428,350
13352,4,5,16688,420
13352,4,5,16318,490
13352,4,5,15578,560
13352,4,5,15208,630
13352,4,5,14838,700
13352,4,5,14098,770
13352,4,5,13728,840
13352,4,5,1,910
17422,4,5,21879,0
17422,4,5,21509,280
17422,4,5,21139,490
17422,4,5,20769,770
17422,4,5,20029,1050
17422,4,5,19659,1120
17422,4,5,18919,1190
17422,4,5,18549,1260
17422,4,5,18179,1330
17422,4,5,17439,1400
17422,4,5,1,1470
10388,4,5,14460,0
10388,4,5,14090,280
10388,4,5,13720,350
10388,4,5,12980,420
10388,4,5,12610,490
10388,4,5,11870,560
10388,4,5,11500,630
10388,4,5,11130,700
10388,4,5,10390,770
10388,4,5,1,840
17431,4,5,21509,0
17431,4,5,21139,280
17431,4,5,20769,560
17431,4,5,20029,840
17431,4,5,19659,910
17431,4,5,19289,980
17431,4,5,18549,1050
17431,4,5,18179,1120
17431,4,5,17439,1190
17431,4,5,1,1260
21498,4,5,23370,0
21498,4,5,23000,420
21498,4,5,22630,700
21498,4,5,22260,910
21498,4,5,21890,1190
21498,4,5,21520,1470
21507,4,5,23370,0
21507,4,5,23000,420
21507,4,5,22630,700
21507,4,5,22260,910
21507,4,5,21890,1190
21507,4,5,21520,1400
18543,4,5,21512,0
18543,4,5,21142,490
18543,4,5,20772,770
18543,4,5,20402,980
18543,4,5,20032,1050
18543,4,5,19292,1120
18543,4,5,18922,1190
18543,4,5,18552,1260
18543,4,5,1,1330
21516,4,5,23000,0
21516,4,5,22630,420
21516,4,5,22260,630
21516,4,5,21890,910
21516,4,5,21520,1120
21516,4,5,1,1400
15579,4,5,20764,0
15579,4,5,20394,280
15579,4,5,20024,350
15579,4,5,19284,420
15579,4,5,18914,490
15579,4,5,18544,560
15579,4,5,17804,630
15579,4,5,17434,700
15579,4,5,16694,770
15579,4,5,16324,840
15579,4,5,15954,910
15579,4,5,1,980
18552,4,5,22252,0
18552,4,5,21882,490
18552,4,5,21512,770
18552,4,5,21142,980
18552,4,5,20772,1260
18552,4,5,20402,1470
14463,4,5,20761,0
14463,4,5,20021,420
14463,4,5,19651,490
14463,4,5,19281,560
14463,4,5,18541,630
14463,4,5,18171,700
14463,4,5,17431,770
14463,4,5,17061,840
14463,4,5,16691,910
14463,4,5,15951,980
14463,4,5,15581,1050
14463,4,5,14841,1120
14463,4,5,14471,1190
14463,4,5,1,1260
20011,4,5,22626,0
20011,4,5,22256,350
20011,4,5,21886,560
20011,4,5,21516,840
20011,4,5,21146,1050
20011,4,5,20776,1330
11499,4,5,15943,0
11499,4,5,15573,280
11499,4,5,15203,350
11499,4,5,14463,420
11499,4,5,14093,490
11499,4,5,13353,560
11499,4,5,12983,630
11499,4,5,12613,700
11499,4,5,11873,770
11499,4,5,11503,840
11499,4,5,1,910
20020,4,5,22256,0
20020,4,5,21886,490
20020,4,5,21516,700
20020,4,5,21146,980
20020,4,5,20776,1260
20020,4,5,20406,1470
20029,4,5,21516,0
20029,4,5,21146,350
20029,4,5,20776,630
20029,4,5,20036,910
20029,4,5,1,980
18904,4,5,21883,0
18904,4,5,21513,420
18904,4,5,21143,630
18904,4,5,20773,910
18904,4,5,20033,1190
18904,4,5,19663,1260
18904,4,5,18923,1330
18904,4,5,1,1400
11870,4,5,16314,0
11870,4,5,15944,280
11870,4,5,15574,350
11870,4,5,14834,420
11870,4,5,14464,490
11870,4,5,13724,560
11870,4,5,13354,630
11870,4,5,12984,700
11870,4,5,12244,770
11870,4,5,11874,840
11870,4,5,1,910
18913,4,5,21883,0
18913,4,5,21513,350
18913,4,5,21143,560
18913,4,5,20773,840
18913,4,5,20033,1120
18913,4,5,19663,1190
18913,4,5,18923,1260
18913,4,5,1,1330
15949,4,5,20765,0
15949,4,5,20395,350
15949,4,5,19655,420
15949,4,5,19285,490
15949,4,5,18915,560
15949,4,5,18175,630
15949,4,5,17805,700
15949,4,5,17065,770
15949,4,5,16695,840
15949,4,5,16325,910
15949,4,5,1,980
12985,4,5,16687,0
12985,4,5,16317,280
12985,4,5,15947,350
12985,4,5,15207,420
12985,4,5,14837,490
12985,4,5,14097,560
12985,4,5,13727,630
12985,4,5,13357,700
12985,4,5,1,770
21140,4,5,22629,0
21140,4,5,22259,350
21140,4,5,21889,630
21140,4,5,21519,910
21140,4,5,21149,1120
21140,4,5,1,1400
21149,4,5,23369,0
21149,4,5,22999,350
21149,4,5,22629,630
21149,4,5,22259,840
21149,4,5,21889,1120
21149,4,5,21519,1330
21502,4,5,23370,0
21502,4,5,23000,490
21502,4,5,22630,770
21502,4,5,22260,980
21502,4,5,21890,1260
18538,4,5,21882,0
18538,4,5,21512,490
18538,4,5,21142,700
18538,4,5,20772,980
18538,4,5,20402,1190
18538,4,5,20032,1260
18538,4,5,19662,1330
18538,4,5,18922,1400
18538,4,5,18552,1470
21511,4,5,23370,0
21511,4,5,23000,350
21511,4,5,22630,560
21511,4,5,22260,840
21511,4,5,21890,1120
21511,4,5,21520,1330
15574,4,5,21134,0
15574,4,5,20764,420
15574,4,5,20394,700
15574,4,5,19654,770
15574,4,5,19284,840
15574,4,5,18544,910
15574,4,5,18174,980
15574,4,5,17804,1050
15574,4,5,17064,1120
15574,4,5,16694,1190
15574,4,5,15954,1260
15574,4,5,15584,1330
15574,4,5,1,1400
18547,4,5,21142,0
18547,4,5,20772,350
18547,4,5,20402,630
18547,4,5,19662,700
18547,4,5,19292,770
18547,4,5,18552,840
18547,4,5,1,910
21520,4,5,23740,0
21520,4,5,23370,350
21520,4,5,23000,630
21520,4,5,22630,840
21520,4,5,22260,1120
21520,4,5,21890,1400
15583,4,5,19654,0
15583,4,5,19284,280
15583,4,5,18914,350
15583,4,5,18174,420
15583,4,5,17804,490
15583,4,5,17064,560
15583,4,5,16694,630
15583,4,5,16324,700
15583,4,5,15584,770
15583,4,5,1,840
22626,4,5,24483,0
22626,4,5,24113,630
22626,4,5,23743,840
22626,4,5,23373,1120
22626,4,5,23003,1330
14467,4,5,19281,0
14467,4,5,18911,210
14467,4,5,18541,280
14467,4,5,18171,350
14467,4,5,17431,420
14467,4,5,17061,490
14467,4,5,16691,560
14467,4,5,15951,630
14467,4,5,15581,700
14467,4,5,14841,770
14467,4,5,14471,840
14467,4,5,1,910
11503,4,5,20753,0
11503,4,5,20383,490
11503,4,5,19643,560
11503,4,5,19273,630
11503,4,5,18903,700
11503,4,5,18163,770
11503,4,5,17793,840
11503,4,5,17053,910
11503,4,5,16683,980
11503,4,5,16313,1050
11503,4,5,15573,1120
11503,4,5,15203,1190
11503,4,5,14463,1260
11503,4,5,14093,1330
11503,4,5,13723,1400
11503,4,5,12983,1470
20024,4,5,21886,0
20024,4,5,21516,490
20024,4,5,21146,770
20024,4,5,20776,1050
20024,4,5,20406,1260
20024,4,5,20036,1330
20024,4,5,1,1400
18908,4,5,22253,0
18908,4,5,21883,280
18908,4,5,21513,490
18908,4,5,21143,770
18908,4,5,20773,1050
18908,4,5,20403,1260
18908,4,5,20033,1330
18908,4,5,19293,1400
18908,4,5,18923,1470
15944,4,5,21505,0
15944,4,5,21135,280
15944,4,5,20765,490
15944,4,5,20395,770
15944,4,5,19655,840
15944,4,5,19285,910
15944,4,5,18545,980
15944,4,5,18175,1050
15944,4,5,17805,1120
15944,4,5,17065,1190
15944,4,5,16695,1260
15944,4,5,15955,1330
15944,4,5,1,1400
11874,4,5,21124,0
11874,4,5,20754,280
11874,4,5,20014,560
11874,4,5,19644,630
11874,4,5,19274,700
11874,4,5,18534,770
11874,4,5,18164,840
11874,4,5,17424,910
11874,4,5,17054,980
11874,4,5,16684,1050
11874,4,5,15944,1120
11874,4,5,15574,1190
11874,4,5,14834,1260
11874,4,5,14464,1330
11874,4,5,14094,1400
11874,4,5,13354,1470
12980,4,5,17427,0
12980,4,5,17057,280
12980,4,5,16687,350
12980,4,5,15947,420
12980,4,5,15577,490
12980,4,5,14837,560
12980,4,5,14467,630
12980,4,5,14097,700
12980,4,5,13357,770
12980,4,5,12987,840
12980,4,5,1,910
17056,4,5,21508,0
17056,4,5,21138,280
17056,4,5,20768,560
17056,4,5,20398,770
17056,4,5,20028,840
17056,4,5,19288,910
17056,4,5,18918,980
17056,4,5,18178,1050
17056,4,5,17808,1120
17056,4,5,17438,1190
17056,4,5,1,1260
17065,4,5,20768,0
17065,4,5,20398,350
17065,4,5,20028,420
17065,4,5,19288,490
17065,4,5,18918,560
17065,4,5,18178,630
17065,4,5,17808,700
17065,4,5,17438,770
17065,4,5,1,840
21135,4,5,22999,0
21135,4,5,22629,350
21135,4,5,22259,560
21135,4,5,21889,840
21135,4,5,21519,1120
21135,4,5,21149,1330
18171,4,5,21511,0
18171,4,5,21141,490
18171,4,5,20771,770
18171,4,5,20401,980
18171,4,5,20031,1050
18171,4,5,19291,1120
18171,4,5,18921,1190
18171,4,5,18181,1260
18171,4,5,1,1330
21144,4,5,22629,0
21144,4,5,22259,350
21144,4,5,21889,630
21144,4,5,21519,840
21144,4,5,21149,1120
21144,4,5,1,1400
18180,4,5,20771,0
18180,4,5,20401,420
18180,4,5,19661,490
18180,4,5,19291,560
18180,4,5,18551,630
18180,4,5,18181,700
18180,4,5,1,770
21506,4,5,23000,0
21506,4,5,22630,420
21506,4,5,22260,700
21506,4,5,21890,980
21506,4,5,21520,1190
21506,4,5,1,1470
18542,4,5,21882,0
18542,4,5,21512,280
18542,4,5,21142,560
18542,4,5,20772,770
18542,4,5,20402,1050
18542,4,5,19662,1120
18542,4,5,19292,1190
18542,4,5,18552,1260
18542,4,5,1,1330
21515,4,5,23000,0
21515,4,5,22630,420
21515,4,5,22260,630
21515,4,5,21890,910
21515,4,5,21520,1120
21515,4,5,1,1400
15578,4,5,20764,0
15578,4,5,20394,280
15578,4,5,20024,350
15578,4,5,19284,420
15578,4,5,18914,490
15578,4,5,18544,560
15578,4,5,17804,630
15578,4,5,17434,700
15578,4,5,16694,770
15578,4,5,16324,840
15578,4,5,15954,910
15578,4,5,1,980
18551,4,5,20772,0
18551,4,5,20032,490
18551,4,5,19662,560
18551,4,5,18922,630
18551,4,5,18552,700
18551,4,5,1,770
22630,4,5,24483,0
22630,4,5,24113,490
22630,4,5,23743,700
22630,4,5,23373,980
22630,4,5,23003,1190
22630,4,5,22633,1470
14462,4,5,20761,0
14462,4,5,20021,420
14462,4,5,19651,490
14462,4,5,19281,560
14462,4,5,18541,630
14462,4,5,18171,700
14462,4,5,17431,770
14462,4,5,17061,840
14462,4,5,16691,910
14462,4,5,15951,980
14462,4,5,15581,1050
14462,4,5,14841,1120
14462,4,5,14471,1190
14462,4,5,1,1260
11498,4,5,15943,0
11498,4,5,15573,280
11498,4,5,15203,350
11498,4,5,14463,420
11498,4,5,14093,490
11498,4,5,13353,560
11498,4,5,12983,630
11498,4,5,12613,700
11498,4,5,11873,770
11498,4,5,11503,840
11498,4,5,1,910
14471,4,5,21501,0
14471,4,5,21131,420
14471,4,5,20761,630
14471,4,5,20391,910
14471,4,5,19651,980
14471,4,5,19281,1050
14471,4,5,18911,1120
14471,4,5,18171,1190
14471,4,5,17801,1260
14471,4,5,17061,1330
14471,4,5,16691,1400
14471,4,5,16321,1470
20019,4,5,22256,0
20019,4,5,21886,490
20019,4,5,21516,700
20019,4,5,21146,980
20019,4,5,20776,1190
20019,4,5,20406,1470
19653,4,5,21885,0
19653,4,5,21515,490
19653,4,5,21145,700
19653,4,5,20775,980
19653,4,5,20405,1190
19653,4,5,20035,1260
19653,4,5,19665,1330
19653,4,5,1,1400
19662,4,5,21145,0
19662,4,5,20775,560
19662,4,5,20405,770
19662,4,5,20035,840
19662,4,5,1,910
11869,4,5,16314,0
11869,4,5,15944,280
11869,4,5,15574,350
11869,4,5,14834,420
11869,4,5,14464,490
11869,4,5,13724,560
11869,4,5,13354,630
11869,4,5,12984,700
11869,4,5,12244,770
11869,4,5,11874,840
11869,4,5,1,910
20768,4,5,22258,0
20768,4,5,21888,420
20768,4,5,21518,630
20768,4,5,21148,910
20768,4,5,20778,1120
20768,4,5,1,1400
20777,4,5,21518,0
20777,4,5,21148,350
20777,4,5,20778,560
20777,4,5,1,840
12984,4,5,17427,0
12984,4,5,17057,210
12984,4,5,16687,280
12984,4,5,16317,350
12984,4,5,15947,420
12984,4,5,15207,490
12984,4,5,14837,560
12984,4,5,14097,630
12984,4,5,13727,700
12984,4,5,13357,770
12984,4,5,1,840
17051,4,5,21508,0
17051,4,5,21138,490
17051,4,5,20768,700
17051,4,5,20398,980
17051,4,5,19658,1050
17051,4,5,19288,1120
17051,4,5,18548,1190
17051,4,5,18178,1260
17051,4,5,17808,1330
17051,4,5,17068,1400
17051,4,5,1,1470
17060,4,5,21508,0
17060,4,5,21138,280
17060,4,5,20768,490
17060,4,5,20398,770
17060,4,5,19658,840
17060,4,5,19288,910
17060,4,5,18918,980
17060,4,5,18178,1050
17060,4,5,17808,1120
17060,4,5,17068,1190
17060,4,5,1,1260
14096,4,5,18910,0
14096,4,5,18540,210
14096,4,5,18170,280
14096,4,5,17800,350
14096,4,5,17060,420
14096,4,5,16690,490
14096,4,5,16320,560
14096,4,5,15580,630
14096,4,5,15210,700
14096,4,5,14470,770
14096,4,5,14100,840
14096,4,5,1,910
18166,4,5,21881,0
18166,4,5,21511,420
18166,4,5,21141,700
18166,4,5,20771,910
18166,4,5,20031,1190
18166,4,5,19661,1260
18166,4,5,19291,1330
18166,4,5,18551,1400
18166,4,5,18181,1470
21139,4,5,22999,0
21139,4,5,22629,350
21139,4,5,22259,560
21139,4,5,21889,840
21139,4,5,21519,1050
21139,4,5,21149,1330
18175,4,5,21141,0
18175,4,5,20771,280
18175,4,5,20401,560
18175,4,5,20031,630
18175,4,5,19291,700
18175,4,5,18921,770
18175,4,5,18551,840
18175,4,5,1,910
21148,4,5,21889,0
21148,4,5,21519,490
21148,4,5,21149,700
21148,4,5,1,980
18528,4,5,22252,0
18528,4,5,21882,280
18528,4,5,21512,560
18528,4,5,21142,840
18528,4,5,20772,1050
18528,4,5,20402,1330
18528,4,5,19662,1400
18528,4,5,19292,1470
21501,4,5,23370,0
21501,4,5,23000,490
21501,4,5,22630,770
21501,4,5,22260,1050
21501,4,5,21890,1260
18537,4,5,21882,0
18537,4,5,21512,490
18537,4,5,21142,700
18537,4,5,20772,980
18537,4,5,20402,1190
18537,4,5,20032,1260
18537,4,5,19662,1330
18537,4,5,18922,1400
18537,4,5,18552,1470
15573,4,5,21134,0
15573,4,5,20764,490
15573,4,5,20394,700
15573,4,5,20024,770
15573,4,5,19284,840
15573,4,5,18914,910
15573,4,5,18174,980
15573,4,5,17804,1050
15573,4,5,17434,1120
15573,4,5,16694,1190
15573,4,5,16324,1260
15573,4,5,15584,1330
15573,4,5,1,1400
11131,4,5,14462,0
11131,4,5,13722,280
11131,4,5,13352,350
11131,4,5,12982,420
11131,4,5,12242,490
11131,4,5,11872,560
11131,4,5,11132,630
11131,4,5,1,700
18546,4,5,21142,0
18546,4,5,20772,350
18546,4,5,20402,630
18546,4,5,19662,700
18546,4,5,19292,770
18546,4,5,18922,840
18546,4,5,1,910
15582,4,5,20024,0
15582,4,5,19284,350
15582,4,5,18544,420
15582,4,5,18174,490
15582,4,5,17804,560
15582,4,5,17064,630
15582,4,5,16694,700
15582,4,5,15954,770
15582,4,5,15584,840
15582,4,5,1,910
22259,4,5,24112,0
22259,4,5,23742,420
22259,4,5,23372,700
22259,4,5,23002,980
22259,4,5,22632,1190
22259,4,5,22262,1470
14466,4,5,18911,0
14466,4,5,18541,280
14466,4,5,18171,350
14466,4,5,17431,420
14466,4,5,17061,490
14466,4,5,16691,560
14466,4,5,15951,630
14466,4,5,15581,700
14466,4,5,14841,770
14466,4,5,14471,840
14466,4,5,1,910
11502,4,5,14833,0
11502,4,5,14093,280
11502,4,5,13723,350
11502,4,5,13353,420
11502,4,5,12613,490
11502,4,5,12243,560
11502,4,5,11503,630
11502,4,5,1,700
19648,4,5,22255,0
19648,4,5,21885,420
19648,4,5,21515,700
19648,4,5,21145,910
19648,4,5,20775,1190
19648,4,5,20405,1400
19648,4,5,20035,1470
12614,4,5,16316,0
12614,4,5,15946,280
12614,4,5,15576,350
12614,4,5,14836,420
12614,4,5,14466,490
12614,4,5,13726,560
12614,4,5,13356,630
12614,4,5,12986,700
12614,4,5,1,770
19657,4,5,21885,0
19657,4,5,21515,420
19657,4,5,21145,700
19657,4,5,20775,980
19657,4,5,20405,1190
19657,4,5,20035,1260
19657,4,5,1,1330
20763,4,5,22628,0
20763,4,5,22258,350
20763,4,5,21888,560
20763,4,5,21518,840
20763,4,5,21148,1050
20763,4,5,20778,1330
16693,4,5,20767,0
16693,4,5,20397,350
16693,4,5,20027,420
16693,4,5,19287,490
16693,4,5,18917,560
16693,4,5,18547,630
16693,4,5,17807,700
16693,4,5,17437,770
16693,4,5,16697,840
16693,4,5,1,910
13729,4,5,21499,0
13729,4,5,21129,280
13729,4,5,20759,560
13729,4,5,20019,840
13729,4,5,19649,910
13729,4,5,18909,980
13729,4,5,18539,1050
13729,4,5,18169,1120
13729,4,5,17429,1190
13729,4,5,17059,1260
13729,4,5,16319,1330
13729,4,5,15949,1400
13729,4,5,15579,1470
20772,4,5,21518,0
20772,4,5,21148,490
20772,4,5,20778,700
20772,4,5,1,980
17055,4,5,21508,0
17055,4,5,21138,280
17055,4,5,20768,560
17055,4,5,20398,770
17055,4,5,20028,840
17055,4,5,19288,910
17055,4,5,18918,980
17055,4,5,18178,1050
17055,4,5,17808,1120
17055,4,5,17438,1190
17055,4,5,1,1260
18161,4,5,21881,0
18161,4,5,21511,490
18161,4,5,21141,770
18161,4,5,20771,980
18161,4,5,20401,1260
18161,4,5,19661,1330
18161,4,5,19291,1400
18161,4,5,18551,1470
14091,4,5,20760,0
14091,4,5,20390,350
14091,4,5,19650,420
14091,4,5,19280,490
14091,4,5,18910,560
14091,4,5,18170,630
14091,4,5,17800,700
14091,4,5,17060,770
14091,4,5,16690,840
14091,4,5,16320,910
14091,4,5,15580,980
14091,4,5,15210,1050
14091,4,5,14470,1120
14091,4,5,14100,1190
14091,4,5,1,1260
17064,4,5,20768,0
17064,4,5,20028,420
17064,4,5,19658,490
17064,4,5,18918,560
17064,4,5,18548,630
17064,4,5,18178,700
17064,4,5,17438,770
17064,4,5,17068,840
17064,4,5,1,910
21134,4,5,22629,0
21134,4,5,22259,490
21134,4,5,21889,770
21134,4,5,21519,980
21134,4,5,21149,1260
21134,4,5,1,1470
18170,4,5,21881,0
18170,4,5,21511,210
18170,4,5,21141,490
18170,4,5,20771,770
18170,4,5,20401,980
18170,4,5,20031,1050
18170,4,5,19291,1120
18170,4,5,18921,1190
18170,4,5,18551,1260
18170,4,5,1,1330
14100,4,5,21500,0
14100,4,5,21130,350
14100,4,5,20760,630
14100,4,5,20390,840
14100,4,5,20020,910
14100,4,5,19280,980
14100,4,5,18910,1050
14100,4,5,18540,1120
14100,4,5,17800,1190
14100,4,5,17430,1260
14100,4,5,16690,1330
14100,4,5,16320,1400
14100,4,5,15950,1470
21143,4,5,22629,0
21143,4,5,22259,420
21143,4,5,21889,630
21143,4,5,21519,910
21143,4,5,21149,1190
21143,4,5,1,1400
18179,4,5,20771,0
18179,4,5,20031,490
18179,4,5,19661,560
18179,4,5,19291,630
18179,4,5,18551,700
18179,4,5,18181,770
18179,4,5,1,840
18532,4,5,22252,0
18532,4,5,21882,280
18532,4,5,21512,560
18532,4,5,21142,770
18532,4,5,20772,1050
18532,4,5,20032,1330
18532,4,5,19662,1400
18532,4,5,18922,1470
23370,4,5,25225,0
23370,4,5,24855,560
23370,4,5,24485,770
23370,4,5,24115,1050
23370,4,5,23745,1260
15577,4,5,20764,0
15577,4,5,20394,280
15577,4,5,20024,350
15577,4,5,19284,420
15577,4,5,18914,490
15577,4,5,18544,560
15577,4,5,17804,630
15577,4,5,17434,700
15577,4,5,16694,770
15577,4,5,16324,840
15577,4,5,15954,910
15577,4,5,1,980
22254,4,5,24112,0
22254,4,5,23742,560
22254,4,5,23372,770
22254,4,5,23002,1050
22254,4,5,22632,1260
19290,4,5,21144,0
19290,4,5,20774,490
19290,4,5,20404,700
19290,4,5,20034,770
19290,4,5,19294,840
19290,4,5,1,910
12609,4,5,17056,0
12609,4,5,16686,280
12609,4,5,16316,350
12609,4,5,15576,420
12609,4,5,15206,490
12609,4,5,14466,560
12609,4,5,14096,630
12609,4,5,13726,700
12609,4,5,12986,770
12609,4,5,12616,840
12609,4,5,1,910
19652,4,5,21885,0
19652,4,5,21515,490
19652,4,5,21145,700
19652,4,5,20775,980
19652,4,5,20405,1190
19652,4,5,20035,1260
19652,4,5,19665,1330
19652,4,5,1,1400
20758,4,5,22628,0
20758,4,5,22258,420
20758,4,5,21888,630
20758,4,5,21518,910
20758,4,5,21148,1190
20758,4,5,20778,1400
16688,4,5,21137,0
16688,4,5,20767,490
16688,4,5,20397,700
16688,4,5,20027,770
16688,4,5,19657,840
16688,4,5,18917,910
16688,4,5,18547,980
16688,4,5,17807,1050
16688,4,5,17437,1120
16688,4,5,17067,1190
16688,4,5,1,1260
19661,4,5,21515,0
19661,4,5,21145,280
19661,4,5,20775,560
19661,4,5,20035,840
19661,4,5,19665,910
19661,4,5,1,980
13724,4,5,18169,0
13724,4,5,17799,280
13724,4,5,17429,350
13724,4,5,16689,420
13724,4,5,16319,490
13724,4,5,15949,560
13724,4,5,15209,630
13724,4,5,14839,700
13724,4,5,14099,770
13724,4,5,13729,840
13724,4,5,1,910
20767,4,5,22258,0
20767,4,5,21888,420
20767,4,5,21518,630
20767,4,5,21148,910
20767,4,5,20778,1120
20767,4,5,1,1400
16697,4,5,21877,0
16697,4,5,21507,490
16697,4,5,21137,770
16697,4,5,20767,980
16697,4,5,20027,1260
16697,4,5,19657,1330
16697,4,5,19287,1400
16697,4,5,18547,1470
20776,4,5,21518,0
20776,4,5,21148,350
20776,4,5,20778,630
20776,4,5,1,910
17059,4,5,21508,0
17059,4,5,21138,280
17059,4,5,20768,490
17059,4,5,20398,770
17059,4,5,19658,840
17059,4,5,19288,910
17059,4,5,18918,980
17059,4,5,18178,1050
17059,4,5,17808,1120
17059,4,5,17068,1190
17059,4,5,1,1260
21129,4,5,22999,0
21129,4,5,22629,420
21129,4,5,22259,700
21129,4,5,21889,910
21129,4,5,21519,1190
21129,4,5,21149,1470
14095,4,5,18540,0
14095,4,5,18170,280
14095,4,5,17800,350
14095,4,5,17060,420
14095,4,5,16690,490
14095,4,5,16320,560
14095,4,5,15580,630
14095,4,5,15210,700
14095,4,5,14470,770
14095,4,5,14100,840
14095,4,5,1,910
18165,4,5,21881,0
18165,4,5,21511,420
18165,4,5,21141,700
18165,4,5,20771,910
18165,4,5,20401,1190
18165,4,5,19661,1260
18165,4,5,19291,1330
18165,4,5,18551,1400
18165,4,5,18181,1470
21138,4,5,22999,0
21138,4,5,22629,350
21138,4,5,22259,560
21138,4,5,21889,840
21138,4,5,21519,1050
21138,4,5,21149,1330
18174,4,5,21141,0
18174,4,5,20771,280
18174,4,5,20401,560
18174,4,5,20031,630
18174,4,5,19291,700
18174,4,5,18921,770
18174,4,5,18551,840
18174,4,5,1,910
15572,4,5,21134,0
15572,4,5,20764,420
15572,4,5,20024,700
15572,4,5,19654,770
15572,4,5,18914,840
15572,4,5,18544,910
15572,4,5,18174,980
15572,4,5,17434,1050
15572,4,5,17064,1120
15572,4,5,16324,1190
15572,4,5,15954,1260
15572,4,5,15584,1330
15572,4,5,1,1400
11130,4,5,14832,0
11130,4,5,14462,280
11130,4,5,14092,350
11130,4,5,13352,420
11130,4,5,12982,490
11130,4,5,12242,560
11130,4,5,11872,630
11130,4,5,11502,700
11130,4,5,1,770
15206,4,5,20763,0
15206,4,5,20393,210
15206,4,5,20023,280
15206,4,5,19653,350
15206,4,5,18913,420
15206,4,5,18543,490
15206,4,5,18173,560
15206,4,5,17433,630
15206,4,5,17063,700
15206,4,5,16323,770
15206,4,5,15953,840
15206,4,5,15583,910
15206,4,5,1,980
19276,4,5,22254,0
19276,4,5,21884,280
19276,4,5,21514,560
19276,4,5,21144,840
19276,4,5,20774,1050
19276,4,5,20034,1330
19276,4,5,19664,1400
19276,4,5,19294,1470
19285,4,5,21884,0
19285,4,5,21514,350
19285,4,5,21144,630
19285,4,5,20774,840
19285,4,5,20034,1120
19285,4,5,19664,1190
19285,4,5,19294,1260
19285,4,5,1,1330
22258,4,5,24112,0
22258,4,5,23742,560
22258,4,5,23372,770
22258,4,5,23002,1050
22258,4,5,22632,1260
16321,4,5,20766,0
16321,4,5,20396,350
16321,4,5,20026,420
16321,4,5,19656,490
16321,4,5,18916,560
16321,4,5,18546,630
16321,4,5,17806,700
16321,4,5,17436,770
16321,4,5,17066,840
16321,4,5,16326,910
16321,4,5,1,980
19294,4,5,22624,0
19294,4,5,22254,350
19294,4,5,21884,630
19294,4,5,21514,840
19294,4,5,21144,1120
19294,4,5,20774,1330
19647,4,5,22255,0
19647,4,5,21885,420
19647,4,5,21515,700
19647,4,5,21145,910
19647,4,5,20775,1190
19647,4,5,20405,1400
19647,4,5,20035,1470
12613,4,5,17056,0
12613,4,5,16686,210
12613,4,5,16316,280
12613,4,5,15946,350
12613,4,5,15576,420
12613,4,5,14836,490
12613,4,5,14466,560
12613,4,5,13726,630
12613,4,5,13356,700
12613,4,5,12986,770
12613,4,5,1,840
19656,4,5,21885,0
19656,4,5,21515,420
19656,4,5,21145,700
19656,4,5,20775,980
19656,4,5,20405,1190
19656,4,5,20035,1260
19656,4,5,1,1330
13719,4,5,20759,0
13719,4,5,20389,350
13719,4,5,19649,420
13719,4,5,19279,490
13719,4,5,18539,560
13719,4,5,18169,630
13719,4,5,17799,700
13719,4,5,17059,770
13719,4,5,16689,840
13719,4,5,15949,910
13719,4,5,15579,980
13719,4,5,15209,1050
13719,4,5,14469,1120
13719,4,5,14099,1190
13719,4,5,1,1260
16692,4,5,20767,0
16692,4,5,20397,350
16692,4,5,20027,420
16692,4,5,19287,490
16692,4,5,18917,560
16692,4,5,18547,630
16692,4,5,17807,700
16692,4,5,17437,770
16692,4,5,16697,840
16692,4,5,1,910
20762,4,5,22628,0
20762,4,5,22258,350
20762,4,5,21888,560
20762,4,5,21518,840
20762,4,5,21148,1120
20762,4,5,20778,1330
13728,4,5,17059,0
13728,4,5,16319,280
13728,4,5,15949,350
13728,4,5,15579,420
13728,4,5,15209,490
13728,4,5,14469,560
13728,4,5,14099,630
13728,4,5,1,700
20771,4,5,21518,0
20771,4,5,21148,490
20771,4,5,20778,700
20771,4,5,1,980
17054,4,5,21508,0
17054,4,5,21138,490
17054,4,5,20768,700
17054,4,5,20398,980
17054,4,5,19658,1050
17054,4,5,19288,1120
17054,4,5,18918,1190
17054,4,5,18178,1260
17054,4,5,17808,1330
17054,4,5,17068,1400
17054,4,5,1,1470
21124,4,5,22999,0
21124,4,5,22629,490
21124,4,5,22259,770
21124,4,5,21889,980
21124,4,5,21519,1260
21883,4,5,23741,0
21883,4,5,23371,420
21883,4,5,23001,700
21883,4,5,22631,910
21883,4,5,22261,1190
21883,4,5,21891,1400
9648,4,5,20748,0
9648,4,5,20378,280
9648,4,5,20008,350
9648,4,5,19268,420
9648,4,5,18898,490
9648,4,5,18528,560
9648,4,5,17788,630
9648,4,5,17418,700
9648,4,5,16678,770
9648,4,5,16308,840
9648,4,5,15938,910
9648,4,5,15198,980
9648,4,5,14828,1050
9648,4,5,14088,1120
9648,4,5,13718,1190
9648,4,5,13348,1260
9648,4,5,12608,1330
9648,4,5,12238,1400
9648,4,5,11498,1470
14090,4,5,20760,0
14090,4,5,20020,420
14090,4,5,19650,490
14090,4,5,18910,560
14090,4,5,18540,630
14090,4,5,18170,700
14090,4,5,17430,770
14090,4,5,17060,840
14090,4,5,16320,910
14090,4,5,15950,980
14090,4,5,15580,1050
14090,4,5,14840,1120
14090,4,5,14470,1190
14090,4,5,1,1260
18169,4,5,21511,0
18169,4,5,21141,490
18169,4,5,20771,700
18169,4,5,20401,980
18169,4,5,19661,1050
18169,4,5,19291,1120
18169,4,5,18551,1190
18169,4,5,18181,1260
18169,4,5,1,1330
14099,4,5,17430,0
14099,4,5,16690,280
14099,4,5,16320,350
14099,4,5,15950,420
14099,4,5,15580,490
14099,4,5,14840,560
14099,4,5,14470,630
14099,4,5,1,700
17803,4,5,21140,0
17803,4,5,20770,280
17803,4,5,20400,490
17803,4,5,20030,560
17803,4,5,19660,630
17803,4,5,18920,700
17803,4,5,18550,770
17803,4,5,17810,840
17803,4,5,1,910
10019,4,5,20749,0
10019,4,5,20379,280
10019,4,5,20009,350
10019,4,5,19639,420
10019,4,5,18899,490
10019,4,5,18529,560
10019,4,5,18159,630
10019,4,5,17419,700
10019,4,5,17049,770
10019,4,5,16309,840
10019,4,5,15939,910
10019,4,5,15569,980
10019,4,5,14829,1050
10019,4,5,14459,1120
10019,4,5,13719,1190
10019,4,5,13349,1260
10019,4,5,12979,1330
10019,4,5,12239,1400
10019,4,5,11869,1470
15201,4,5,21133,0
15201,4,5,20763,350
15201,4,5,20393,630
15201,4,5,19653,700
15201,4,5,19283,770
15201,4,5,18543,840
15201,4,5,18173,910
15201,4,5,17803,980
15201,4,5,17063,1050
15201,4,5,16693,1120
15201,4,5,15953,1190
15201,4,5,15583,1260
15201,4,5,15213,1330
15201,4,5,1,1400
15210,4,5,20393,0
15210,4,5,19653,280
15210,4,5,19283,350
15210,4,5,18913,420
15210,4,5,18173,490
15210,4,5,17803,560
15210,4,5,17433,630
15210,4,5,16693,700
15210,4,5,16323,770
15210,4,5,15583,840
15210,4,5,15213,910
15210,4,5,1,980
19280,4,5,22254,0
19280,4,5,21884,280
19280,4,5,21514,560
19280,4,5,21144,840
19280,4,5,20774,1050
19280,4,5,20404,1330
19280,4,5,19664,1400
19280,4,5,19294,1470
22253,4,5,24112,0
22253,4,5,23742,560
22253,4,5,23372,770
22253,4,5,23002,1050
22253,4,5,22632,1260
16316,4,5,21506,0
16316,4,5,21136,280
16316,4,5,20766,560
16316,4,5,20396,770
16316,4,5,20026,840
16316,4,5,19286,910
16316,4,5,18916,980
16316,4,5,18176,1050
16316,4,5,17806,1120
16316,4,5,17436,1190
16316,4,5,16696,1260
16316,4,5,16326,1330
16316,4,5,1,1400
19289,4,5,21144,0
19289,4,5,20774,490
19289,4,5,20404,700
19289,4,5,20034,770
19289,4,5,19294,840
19289,4,5,1,910
16325,4,5,20396,0
16325,4,5,20026,280
16325,4,5,19286,350
16325,4,5,18916,420
16325,4,5,18546,490
16325,4,5,17806,560
16325,4,5,17436,630
16325,4,5,16696,700
16325,4,5,16326,770
16325,4,5,1,840
12608,4,5,19646,0
12608,4,5,19276,280
12608,4,5,18906,350
12608,4,5,18166,420
12608,4,5,17796,490
12608,4,5,17056,560
12608,4,5,16686,630
12608,4,5,16316,700
12608,4,5,15576,770
12608,4,5,15206,840
12608,4,5,14466,910
12608,4,5,14096,980
12608,4,5,13726,1050
12608,4,5,12986,1120
12608,4,5,12616,1190
12608,4,5,1,1260
20748,4,5,22628,0
20748,4,5,22258,420
20748,4,5,21888,700
20748,4,5,21518,910
20748,4,5,21148,1190
20748,4,5,20778,1400
19651,4,5,22255,0
19651,4,5,21885,420
19651,4,5,21515,700
19651,4,5,21145,910
19651,4,5,20775,1190
19651,4,5,20405,1400
19651,4,5,20035,1470
16678,4,5,21507,0
16678,4,5,21137,350
16678,4,5,20767,560
16678,4,5,20397,840
16678,4,5,19657,910
16678,4,5,19287,980
16678,4,5,18917,1050
16678,4,5,18177,1120
16678,4,5,17807,1190
16678,4,5,17067,1260
16678,4,5,16697,1330
16678,4,5,1,1400
16687,4,5,21507,0
16687,4,5,21137,280
16687,4,5,20767,490
16687,4,5,20397,770
16687,4,5,19657,840
16687,4,5,19287,910
16687,4,5,18917,980
16687,4,5,18177,1050
16687,4,5,17807,1120
16687,4,5,17067,1190
16687,4,5,16697,1260
16687,4,5,1,1330
20757,4,5,22628,0
20757,4,5,22258,420
20757,4,5,21888,630
20757,4,5,21518,910
20757,4,5,21148,1190
20757,4,5,20778,1400
13723,4,5,18169,0
13723,4,5,17799,280
13723,4,5,17429,350
13723,4,5,16689,420
13723,4,5,16319,490
13723,4,5,15949,560
13723,4,5,15209,630
13723,4,5,14839,700
13723,4,5,14099,770
13723,4,5,13729,840
13723,4,5,1,910
20766,4,5,22258,0
20766,4,5,21888,350
20766,4,5,21518,630
20766,4,5,21148,840
20766,4,5,20778,1120
20766,4,5,1,1400
16696,4,5,20397,0
16696,4,5,20027,280
16696,4,5,19287,350
16696,4,5,18917,420
16696,4,5,18177,490
16696,4,5,17807,560
16696,4,5,17437,630
16696,4,5,16697,700
16696,4,5,1,770
1,5,6,1,0
21887,5,6,23741,0
21887,5,6,23371,350
21887,5,6,23001,630
21887,5,6,22631,840
21887,5,6,22261,1120
21887,5,6,21891,1330
17798,5,6,21510,0
17798,5,6,21140,420
17798,5,6,20770,700
17798,5,6,20400,910
17798,5,6,20030,980
17798,5,6,19290,1050
17798,5,6,18920,1120
17798,5,6,18180,1190
17798,5,6,17810,1260
17798,5,6,1,1330
17807,5,6,20770,0
17807,5,6,20400,490
17807,5,6,19660,560
17807,5,6,19290,630
17807,5,6,18920,700
17807,5,6,18180,770
17807,5,6,17810,840
17807,5,6,1,910
23373,5,6,24855,0
23373,5,6,24485,560
23373,5,6,24115,770
23373,5,6,23745,1050
23373,5,6,23375,1330
15205,5,6,21133,0
15205,5,6,20763,350
15205,5,6,20023,630
15205,5,6,19653,700
15205,5,6,18913,770
15205,5,6,18543,840
15205,5,6,18173,910
15205,5,6,17433,980
15205,5,6,17063,1050
15205,5,6,16323,1120
15205,5,6,15953,1190
15205,5,6,15583,1260
15205,5,6,1,1330
19275,5,6,21884,0
19275,5,6,21514,490
19275,5,6,21144,700
19275,5,6,20774,980
19275,5,6,20404,1190
19275,5,6,20034,1260
19275,5,6,19294,1330
19275,5,6,1,1400
16311,5,6,21506,0
16311,5,6,21136,490
16311,5,6,20766,770
16311,5,6,20396,980
16311,5,6,20026,1050
16311,5,6,19286,1120
16311,5,6,18916,1190
16311,5,6,18176,1260
16311,5,6,17806,1330
16311,5,6,17436,1400
16311,5,6,16696,1470
12241,5,6,16685,0
12241,5,6,16315,280
12241,5,6,15945,350
12241,5,6,15205,420
12241,5,6,14835,490
12241,5,6,14095,560
12241,5,6,13725,630
12241,5,6,13355,700
12241,5,6,12615,770
12241,5,6,12245,840
12241,5,6,1,910
19284,5,6,21884,0
19284,5,6,21514,420
19284,5,6,21144,630
19284,5,6,20774,910
19284,5,6,20404,1120
19284,5,6,20034,1190
19284,5,6,19294,1260
19284,5,6,1,1330
16320,5,6,20766,0
16320,5,6,20026,420
16320,5,6,19656,490
16320,5,6,18916,560
16320,5,6,18546,630
16320,5,6,18176,700
16320,5,6,17436,770
16320,5,6,17066,840
16320,5,6,16326,910
16320,5,6,1,980
19293,5,6,21144,0
19293,5,6,20774,350
19293,5,6,20404,560
19293,5,6,20034,630
19293,5,6,19294,700
19293,5,6,1,770
19646,5,6,22255,0
19646,5,6,21885,350
19646,5,6,21515,560
19646,5,6,21145,840
19646,5,6,20775,1050
19646,5,6,20405,1330
19646,5,6,19665,1400
19646,5,6,1,1470
20752,5,6,22628,0
20752,5,6,22258,490
20752,5,6,21888,770
20752,5,6,21518,980
20752,5,6,21148,1260
20752,5,6,20778,1470
16682,5,6,21507,0
16682,5,6,21137,420
16682,5,6,20767,700
16682,5,6,20397,910
16682,5,6,20027,980
16682,5,6,19657,1050
16682,5,6,18917,1120
16682,5,6,18547,1190
16682,5,6,17807,1260
16682,5,6,17437,1330
16682,5,6,17067,1400
16682,5,6,1,1470
12612,5,6,17056,0
12612,5,6,16686,280
12612,5,6,16316,350
12612,5,6,15576,420
12612,5,6,15206,490
12612,5,6,14466,560
12612,5,6,14096,630
12612,5,6,13726,700
12612,5,6,12986,770
12612,5,6,12616,840
12612,5,6,1,910
24484,5,6,26338,0
24484,5,6,25968,560
24484,5,6,25598,770
24484,5,6,25228,1050
24484,5,6,24858,1330
13718,5,6,20759,0
13718,5,6,20389,350
13718,5,6,20019,420
13718,5,6,19279,490
13718,5,6,18909,560
13718,5,6,18169,630
13718,5,6,17799,700
13718,5,6,17429,770
13718,5,6,16689,840
13718,5,6,16319,910
13718,5,6,15579,980
13718,5,6,15209,1050
13718,5,6,14839,1120
13718,5,6,14099,1190
13718,5,6,13729,1260
13718,5,6,1,1330
20761,5,6,22628,0
20761,5,6,22258,350
20761,5,6,21888,560
20761,5,6,21518,840
20761,5,6,21148,1050
20761,5,6,20778,1330
13727,5,6,17429,0
13727,5,6,17059,280
13727,5,6,16689,350
13727,5,6,15949,420
13727,5,6,15579,490
13727,5,6,15209,560
13727,5,6,14469,630
13727,5,6,14099,700
13727,5,6,1,770
20395,5,6,22257,0
20395,5,6,21887,350
20395,5,6,21517,560
20395,5,6,21147,840
20395,5,6,20777,1050
20395,5,6,20407,1330
20395,5,6,1,1400
21873,5,6,23741,0
21873,5,6,23371,420
21873,5,6,23001,700
21873,5,6,22631,910
21873,5,6,22261,1190
21873,5,6,21891,1400
20404,5,6,21517,0
20404,5,6,21147,350
20404,5,6,20777,630
20404,5,6,1,910
21882,5,6,23741,0
21882,5,6,23371,420
21882,5,6,23001,700
21882,5,6,22631,910
21882,5,6,22261,1190
21882,5,6,21891,1400
24855,5,6,26709,0
24855,5,6,26339,490
24855,5,6,25969,770
24855,5,6,25599,980
24855,5,6,25229,1260
24855,5,6,24859,1470
21891,5,6,24111,0
21891,5,6,23741,350
21891,5,6,23371,630
21891,5,6,23001,840
21891,5,6,22631,1120
21891,5,6,22261,1400
17793,5,6,21880,0
17793,5,6,21510,350
17793,5,6,21140,630
17793,5,6,20770,840
17793,5,6,20400,1120
17793,5,6,19660,1190
17793,5,6,19290,1260
17793,5,6,18550,1330
17793,5,6,18180,1400
17793,5,6,17810,1470
14829,5,6,21132,0
14829,5,6,20762,280
14829,5,6,20392,560
14829,5,6,20022,630
14829,5,6,19282,700
14829,5,6,18912,770
14829,5,6,18172,840
14829,5,6,17802,910
14829,5,6,17432,980
14829,5,6,16692,1050
14829,5,6,16322,1120
14829,5,6,15582,1190
14829,5,6,15212,1260
14829,5,6,14842,1330
14829,5,6,1,1400
17802,5,6,21510,0
17802,5,6,21140,420
17802,5,6,20770,630
17802,5,6,20400,910
17802,5,6,19660,980
17802,5,6,19290,1050
17802,5,6,18550,1120
17802,5,6,18180,1190
17802,5,6,17810,1260
17802,5,6,1,1330
14838,5,6,20392,0
14838,5,6,20022,210
14838,5,6,19652,280
14838,5,6,19282,350
14838,5,6,18542,420
14838,5,6,18172,490
14838,5,6,17802,560
14838,5,6,17062,630
14838,5,6,16692,700
14838,5,6,15952,770
14838,5,6,15582,840
14838,5,6,15212,910
14838,5,6,1,980
19270,5,6,22254,0
19270,5,6,21884,420
19270,5,6,21514,700
19270,5,6,21144,910
19270,5,6,20774,1190
19270,5,6,20404,1400
19270,5,6,20034,1470
15200,5,6,21133,0
15200,5,6,20763,350
15200,5,6,20393,630
15200,5,6,19653,700
15200,5,6,19283,770
15200,5,6,18543,840
15200,5,6,18173,910
15200,5,6,17803,980
15200,5,6,17063,1050
15200,5,6,16693,1120
15200,5,6,15953,1190
15200,5,6,15583,1260
15200,5,6,15213,1330
15200,5,6,1,1400
23002,5,6,24484,0
23002,5,6,24114,490
23002,5,6,23744,770
23002,5,6,23374,1050
23002,5,6,23004,1260
19279,5,6,22254,0
19279,5,6,21884,280
19279,5,6,21514,560
19279,5,6,21144,840
19279,5,6,20774,1050
19279,5,6,20404,1330
19279,5,6,19664,1400
19279,5,6,19294,1470
15209,5,6,20763,0
15209,5,6,20393,210
15209,5,6,20023,280
15209,5,6,19653,350
15209,5,6,18913,420
15209,5,6,18543,490
15209,5,6,18173,560
15209,5,6,17433,630
15209,5,6,17063,700
15209,5,6,16323,770
15209,5,6,15953,840
15209,5,6,15583,910
15209,5,6,1,980
12245,5,6,21125,0
12245,5,6,20755,350
12245,5,6,20015,630
12245,5,6,19645,700
12245,5,6,19275,770
12245,5,6,18535,840
12245,5,6,18165,910
12245,5,6,17425,980
12245,5,6,17055,1050
12245,5,6,16685,1120
12245,5,6,15945,1190
12245,5,6,15575,1260
12245,5,6,14835,1330
12245,5,6,14465,1400
12245,5,6,14095,1470
16315,5,6,21506,0
16315,5,6,21136,280
16315,5,6,20766,560
16315,5,6,20396,770
16315,5,6,20026,840
16315,5,6,19286,910
16315,5,6,18916,980
16315,5,6,18546,1050
16315,5,6,17806,1120
16315,5,6,17436,1190
16315,5,6,16696,1260
16315,5,6,16326,1330
16315,5,6,1,1400
19288,5,6,21144,0
19288,5,6,20774,490
19288,5,6,20404,700
19288,5,6,20034,770
19288,5,6,19664,840
19288,5,6,1,910
16324,5,6,20766,0
16324,5,6,20396,280
16324,5,6,19656,350
16324,5,6,19286,420
16324,5,6,18916,490
16324,5,6,18176,560
16324,5,6,17806,630
16324,5,6,17066,700
16324,5,6,16696,770
16324,5,6,16326,840
16324,5,6,1,910
18922,5,6,21143,0
18922,5,6,20773,280
18922,5,6,20403,490
18922,5,6,20033,560
18922,5,6,19293,630
18922,5,6,18923,700
18922,5,6,1,770
13722,5,6,18169,0
13722,5,6,17799,280
13722,5,6,17429,350
13722,5,6,16689,420
13722,5,6,16319,490
13722,5,6,15949,560
13722,5,6,15209,630
13722,5,6,14839,700
13722,5,6,14099,770
13722,5,6,13729,840
13722,5,6,1,910
20390,5,6,22257,0
20390,5,6,21887,560
20390,5,6,21517,770
20390,5,6,21147,1050
20390,5,6,20777,1260
17426,5,6,21509,0
17426,5,6,21139,280
17426,5,6,20769,560
17426,5,6,20399,840
17426,5,6,19659,910
17426,5,6,19289,980
17426,5,6,18549,1050
17426,5,6,18179,1120
17426,5,6,17809,1190
17426,5,6,1,1260
13356,5,6,17428,0
13356,5,6,16688,280
13356,5,6,16318,350
13356,5,6,15948,420
13356,5,6,15578,490
13356,5,6,14838,560
13356,5,6,14468,630
13356,5,6,13728,700
13356,5,6,13358,770
13356,5,6,1,840
20399,5,6,21887,0
20399,5,6,21517,560
20399,5,6,21147,840
20399,5,6,20777,1050
20399,5,6,20407,1330
20399,5,6,1,1400
17435,5,6,20769,0
17435,5,6,20399,420
17435,5,6,20029,490
17435,5,6,19289,560
17435,5,6,18919,630
17435,5,6,18549,700
17435,5,6,17809,770
17435,5,6,17439,840
17435,5,6,1,910
21877,5,6,23741,0
21877,5,6,23371,490
21877,5,6,23001,770
21877,5,6,22631,980
21877,5,6,22261,1260
21886,5,6,23371,0
21886,5,6,23001,560
21886,5,6,22631,840
21886,5,6,22261,1050
21886,5,6,21891,1330
17788,5,6,21510,0
17788,5,6,21140,490
17788,5,6,20770,700
17788,5,6,20030,980
17788,5,6,19660,1050
17788,5,6,19290,1120
17788,5,6,18550,1190
17788,5,6,18180,1260
17788,5,6,1,1330
17797,5,6,21510,0
17797,5,6,21140,420
17797,5,6,20770,700
17797,5,6,20400,910
17797,5,6,20030,980
17797,5,6,19290,1050
17797,5,6,18920,1120
17797,5,6,18180,1190
17797,5,6,17810,1260
17797,5,6,1,1330
14833,5,6,21132,0
14833,5,6,20762,280
14833,5,6,20392,560
14833,5,6,19652,630
14833,5,6,19282,700
14833,5,6,18912,770
14833,5,6,18172,840
14833,5,6,17802,910
14833,5,6,17062,980
14833,5,6,16692,1050
14833,5,6,16322,1120
14833,5,6,15582,1190
14833,5,6,15212,1260
14833,5,6,1,1330
17806,5,6,21140,0
17806,5,6,20770,280
17806,5,6,20400,490
17806,5,6,20030,560
17806,5,6,19660,630
17806,5,6,18920,700
17806,5,6,18550,770
17806,5,6,17810,840
17806,5,6,1,910
14842,5,6,21872,0
14842,5,6,21502,280
14842,5,6,21132,560
14842,5,6,20762,840
14842,5,6,20392,1050
14842,5,6,20022,1120
14842,5,6,19282,1190
14842,5,6,18912,1260
14842,5,6,18172,1330
14842,5,6,17802,1400
14842,5,6,17432,1470
15204,5,6,21133,0
15204,5,6,20763,350
15204,5,6,20023,630
15204,5,6,19653,700
15204,5,6,19283,770
15204,5,6,18543,840
15204,5,6,18173,910
15204,5,6,17433,980
15204,5,6,17063,1050
15204,5,6,16693,1120
15204,5,6,15953,1190
15204,5,6,15583,1260
15204,5,6,1,1330
20033,5,6,21516,0
20033,5,6,21146,350
20033,5,6,20776,560
20033,5,6,20406,840
20033,5,6,1,910
19274,5,6,22254,0
19274,5,6,21884,420
19274,5,6,21514,630
19274,5,6,21144,910
19274,5,6,20774,1120
19274,5,6,20404,1400
19274,5,6,19664,1470
16310,5,6,21876,0
16310,5,6,21506,280
16310,5,6,21136,490
16310,5,6,20766,770
16310,5,6,20396,980
16310,5,6,20026,1050
16310,5,6,19656,1120
16310,5,6,18916,1190
16310,5,6,18546,1260
16310,5,6,17806,1330
16310,5,6,17436,1400
16310,5,6,17066,1470
12240,5,6,16685,0
12240,5,6,16315,280
12240,5,6,15945,350
12240,5,6,15205,420
12240,5,6,14835,490
12240,5,6,14095,560
12240,5,6,13725,630
12240,5,6,13355,700
12240,5,6,12615,770
12240,5,6,12245,840
12240,5,6,1,910
16319,5,6,20766,0
16319,5,6,20026,420
16319,5,6,19656,490
16319,5,6,18916,560
16319,5,6,18546,630
16319,5,6,18176,700
16319,5,6,17436,770
16319,5,6,17066,840
16319,5,6,16326,910
16319,5,6,1,980
18917,5,6,21143,0
18917,5,6,20773,420
18917,5,6,20033,700
18917,5,6,19663,770
18917,5,6,19293,840
18917,5,6,1,910
15953,5,6,20395,0
15953,5,6,19655,350
15953,5,6,18915,420
15953,5,6,18545,490
15953,5,6,18175,560
15953,5,6,17435,630
15953,5,6,17065,700
15953,5,6,16325,770
15953,5,6,15955,840
15953,5,6,1,910
24483,5,6,26338,0
24483,5,6,25968,420
24483,5,6,25598,700
24483,5,6,25228,980
24483,5,6,24858,1190
24483,5,6,24488,1470
17421,5,6,21879,0
17421,5,6,21509,280
17421,5,6,21139,490
17421,5,6,20769,770
17421,5,6,20029,1050
17421,5,6,19659,1120
17421,5,6,18919,1190
17421,5,6,18549,1260
17421,5,6,18179,1330
17421,5,6,17439,1400
17421,5,6,1,1470
13351,5,6,18168,0
13351,5,6,17798,280
13351,5,6,17428,350
13351,5,6,16688,420
13351,5,6,16318,490
13351,5,6,15578,560
13351,5,6,15208,630
13351,5,6,14838,700
13351,5,6,14098,770
13351,5,6,13728,840
13351,5,6,1,910
20394,5,6,22257,0
20394,5,6,21887,350
20394,5,6,21517,560
20394,5,6,21147,840
20394,5,6,20777,1050
20394,5,6,20407,1330
20394,5,6,1,1400
21872,5,6,23741,0
21872,5,6,23371,420
21872,5,6,23001,700
21872,5,6,22631,910
21872,5,6,22261,1190
21872,5,6,21891,1400
17430,5,6,21509,0
17430,5,6,21139,280
17430,5,6,20769,560
17430,5,6,20029,840
17430,5,6,19659,910
17430,5,6,19289,980
17430,5,6,18549,1050
17430,5,6,18179,1120
17430,5,6,17439,1190
17430,5,6,1,1260
20403,5,6,21517,0
20403,5,6,21147,420
20403,5,6,20777,630
20403,5,6,20407,910
20403,5,6,1,980
17439,5,6,22249,0
17439,5,6,21879,350
17439,5,6,21509,560
17439,5,6,21139,770
17439,5,6,20769,1050
17439,5,6,20029,1330
17439,5,6,19659,1400
17439,5,6,18919,1470
21881,5,6,23371,0
21881,5,6,23001,420
21881,5,6,22631,700
21881,5,6,22261,910
21881,5,6,21891,1190
21881,5,6,1,1470
17792,5,6,21880,0
17792,5,6,21510,350
17792,5,6,21140,630
17792,5,6,20770,840
17792,5,6,20400,1120
17792,5,6,19660,1190
17792,5,6,19290,1260
17792,5,6,18550,1330
17792,5,6,18180,1400
17792,5,6,17810,1470
14828,5,6,21502,0
14828,5,6,21132,280
14828,5,6,20762,560
14828,5,6,20022,840
14828,5,6,19652,910
14828,5,6,18912,980
14828,5,6,18542,1050
14828,5,6,18172,1120
14828,5,6,17432,1190
14828,5,6,17062,1260
14828,5,6,16322,1330
14828,5,6,15952,1400
14828,5,6,15582,1470
17801,5,6,21510,0
17801,5,6,21140,420
17801,5,6,20770,630
17801,5,6,20400,910
17801,5,6,19660,980
17801,5,6,19290,1050
17801,5,6,18550,1120
17801,5,6,18180,1190
17801,5,6,17810,1260
17801,5,6,1,1330
14837,5,6,20022,0
14837,5,6,19652,280
14837,5,6,19282,350
14837,5,6,18542,420
14837,5,6,18172,490
14837,5,6,17802,560
14837,5,6,17062,630
14837,5,6,16692,700
14837,5,6,15952,770
14837,5,6,15582,840
14837,5,6,15212,910
14837,5,6,1,980
20028,5,6,21886,0
20028,5,6,21516,490
20028,5,6,21146,770
20028,5,6,20776,1050
20028,5,6,20406,1260
20028,5,6,20036,1330
20028,5,6,1,1400
23001,5,6,24854,0
23001,5,6,24484,490
23001,5,6,24114,700
23001,5,6,23744,980
23001,5,6,23374,1260
23001,5,6,23004,1470
18903,5,6,22253,0
18903,5,6,21883,350
18903,5,6,21513,630
18903,5,6,21143,840
18903,5,6,20773,1120
18903,5,6,20403,1330
18903,5,6,20033,1400
18903,5,6,19293,1470
18912,5,6,21883,0
18912,5,6,21513,350
18912,5,6,21143,630
18912,5,6,20773,840
18912,5,6,20033,1120
18912,5,6,19663,1190
18912,5,6,19293,1260
18912,5,6,1,1330
15948,5,6,20765,0
15948,5,6,20395,350
15948,5,6,19655,420
15948,5,6,19285,490
15948,5,6,18915,560
15948,5,6,18175,630
15948,5,6,17805,700
15948,5,6,17065,770
15948,5,6,16695,840
15948,5,6,16325,910
15948,5,6,1,980
18921,5,6,21143,0
18921,5,6,20773,350
18921,5,6,20403,560
18921,5,6,20033,630
18921,5,6,19293,700
18921,5,6,18923,770
18921,5,6,1,840
20380,5,6,22627,0
20380,5,6,22257,420
20380,5,6,21887,700
20380,5,6,21517,910
20380,5,6,21147,1190
20380,5,6,20777,1470
20389,5,6,22257,0
20389,5,6,21887,560
20389,5,6,21517,770
20389,5,6,21147,1050
20389,5,6,20777,1260
13355,5,6,18168,0
13355,5,6,17798,210
13355,5,6,17428,280
13355,5,6,17058,350
13355,5,6,16318,420
13355,5,6,15948,490
13355,5,6,15578,560
13355,5,6,14838,630
13355,5,6,14468,700
13355,5,6,13728,770
13355,5,6,13358,840
13355,5,6,1,910
17425,5,6,21879,0
17425,5,6,21509,280
17425,5,6,21139,560
17425,5,6,20769,770
17425,5,6,20029,1050
17425,5,6,19659,1120
17425,5,6,19289,1190
17425,5,6,18549,1260
17425,5,6,18179,1330
17425,5,6,17439,1400
17425,5,6,1,1470
20398,5,6,21887,0
20398,5,6,21517,560
20398,5,6,21147,840
20398,5,6,20777,1050
20398,5,6,1,1330
17434,5,6,20769,0
17434,5,6,20399,420
17434,5,6,20029,490
17434,5,6,19289,560
17434,5,6,18919,630
17434,5,6,18179,700
17434,5,6,17809,770
17434,5,6,17439,840
17434,5,6,1,910
21876,5,6,23741,0
21876,5,6,23371,490
21876,5,6,23001,770
21876,5,6,22631,980
21876,5,6,22261,1260
21510,5,6,23370,0
21510,5,6,23000,350
21510,5,6,22630,630
21510,5,6,22260,840
21510,5,6,21890,1120
21510,5,6,21520,1330
21519,5,6,22260,0
21519,5,6,21890,490
21519,5,6,21520,770
21519,5,6,1,980
17796,5,6,21880,0
17796,5,6,21510,350
17796,5,6,21140,630
17796,5,6,20770,840
17796,5,6,20400,1120
17796,5,6,19660,1190
17796,5,6,19290,1260
17796,5,6,18920,1330
17796,5,6,18180,1400
17796,5,6,17810,1470
14832,5,6,21132,0
14832,5,6,20762,350
14832,5,6,20392,560
14832,5,6,20022,630
14832,5,6,19652,700
14832,5,6,18912,770
14832,5,6,18542,840
14832,5,6,17802,910
14832,5,6,17432,980
14832,5,6,17062,1050
14832,5,6,16322,1120
14832,5,6,15952,1190
14832,5,6,15212,1260
14832,5,6,14842,1330
14832,5,6,1,1400
20014,5,6,22256,0
20014,5,6,21886,350
20014,5,6,21516,560
20014,5,6,21146,840
20014,5,6,20776,1120
20014,5,6,20406,1330
20014,5,6,20036,1400
20014,5,6,1,1470
20023,5,6,21886,0
20023,5,6,21516,560
20023,5,6,21146,770
20023,5,6,20776,1050
20023,5,6,20406,1260
20023,5,6,20036,1330
20023,5,6,1,1400
20032,5,6,21516,0
20032,5,6,21146,350
20032,5,6,20776,630
20032,5,6,20406,840
20032,5,6,20036,910
20032,5,6,1,980
18898,5,6,22253,0
18898,5,6,21883,350
18898,5,6,21513,630
18898,5,6,21143,840
18898,5,6,20773,1120
18898,5,6,20403,1330
18898,5,6,20033,1400
18898,5,6,19663,1470
18907,5,6,22253,0
18907,5,6,21883,280
18907,5,6,21513,560
18907,5,6,21143,770
18907,5,6,20773,1050
18907,5,6,20403,1260
18907,5,6,20033,1330
18907,5,6,19293,1400
18907,5,6,18923,1470
11873,5,6,15204,0
11873,5,6,14464,280
11873,5,6,14094,350
11873,5,6,13724,420
11873,5,6,12984,490
11873,5,6,12614,560
11873,5,6,11874,630
11873,5,6,1,700
15943,5,6,21135,0
15943,5,6,20765,490
15943,5,6,20395,700
15943,5,6,20025,770
15943,5,6,19285,840
15943,5,6,18915,910
15943,5,6,18545,980
15943,5,6,17805,1050
15943,5,6,17435,1120
15943,5,6,16695,1190
15943,5,6,16325,1260
15943,5,6,15955,1330
15943,5,6,1,1400
18916,5,6,21143,0
18916,5,6,20773,420
18916,5,6,20033,700
18916,5,6,19663,770
18916,5,6,19293,840
18916,5,6,1,910
12979,5,6,20017,0
12979,5,6,19647,280
12979,5,6,19277,350
12979,5,6,18537,420
12979,5,6,18167,490
12979,5,6,17427,560
12979,5,6,17057,630
12979,5,6,16687,700
12979,5,6,15947,770
12979,5,6,15577,840
12979,5,6,14837,910
12979,5,6,14467,980
12979,5,6,14097,1050
12979,5,6,13357,1120
12979,5,6,12987,1190
12979,5,6,1,1260
15952,5,6,20765,0
15952,5,6,20395,280
15952,5,6,20025,350
15952,5,6,19655,420
15952,5,6,18915,490
15952,5,6,18545,560
15952,5,6,18175,630
15952,5,6,17435,700
15952,5,6,17065,770
15952,5,6,16325,840
15952,5,6,15955,910
15952,5,6,1,980
17420,5,6,21509,0
17420,5,6,21139,420
17420,5,6,20769,700
17420,5,6,20399,910
17420,5,6,20029,980
17420,5,6,19289,1050
17420,5,6,18919,1120
17420,5,6,18549,1190
17420,5,6,17809,1260
17420,5,6,17439,1330
17420,5,6,1,1400
13350,5,6,20758,0
13350,5,6,20388,280
13350,5,6,20018,350
13350,5,6,19278,420
13350,5,6,18908,490
13350,5,6,18168,560
13350,5,6,17798,630
13350,5,6,17428,700
13350,5,6,16688,770
13350,5,6,16318,840
13350,5,6,15578,910
13350,5,6,15208,980
13350,5,6,14838,1050
13350,5,6,14098,1120
13350,5,6,13728,1190
13350,5,6,1,1260
20393,5,6,22257,0
20393,5,6,21887,560
20393,5,6,21517,770
20393,5,6,21147,1050
20393,5,6,20777,1260
17429,5,6,21509,0
17429,5,6,21139,350
17429,5,6,20769,630
17429,5,6,20399,840
17429,5,6,20029,910
17429,5,6,19289,980
17429,5,6,18919,1050
17429,5,6,18549,1120
17429,5,6,17809,1190
17429,5,6,17439,1260
17429,5,6,1,1330
17438,5,6,20769,0
17438,5,6,20399,280
17438,5,6,19659,350
17438,5,6,19289,420
17438,5,6,18919,490
17438,5,6,18179,560
17438,5,6,17809,630
17438,5,6,1,700
21505,5,6,23000,0
21505,5,6,22630,490
21505,5,6,22260,700
21505,5,6,21890,980
21505,5,6,21520,1190
21505,5,6,1,1470
18541,5,6,21882,0
18541,5,6,21512,280
18541,5,6,21142,560
18541,5,6,20772,770
18541,5,6,20402,1050
18541,5,6,19662,1120
18541,5,6,19292,1190
18541,5,6,18922,1260
18541,5,6,1,1330
21514,5,6,23370,0
21514,5,6,23000,350
21514,5,6,22630,630
21514,5,6,22260,840
21514,5,6,21890,1120
21514,5,6,21520,1330
18550,5,6,21142,0
18550,5,6,20772,280
18550,5,6,20032,560
18550,5,6,19662,630
18550,5,6,18922,700
18550,5,6,18552,770
18550,5,6,1,840
22629,5,6,24483,0
22629,5,6,24113,560
22629,5,6,23743,770
22629,5,6,23373,1050
22629,5,6,23003,1330
14461,5,6,20761,0
14461,5,6,20391,420
14461,5,6,20021,490
14461,5,6,19281,560
14461,5,6,18911,630
14461,5,6,18541,700
14461,5,6,17801,770
14461,5,6,17431,840
14461,5,6,16691,910
14461,5,6,16321,980
14461,5,6,15951,1050
14461,5,6,15211,1120
14461,5,6,14841,1190
14461,5,6,1,1260
20009,5,6,22626,0
20009,5,6,22256,420
20009,5,6,21886,630
20009,5,6,21516,910
20009,5,6,21146,1120
20009,5,6,20776,1400
14470,5,6,17801,0
14470,5,6,17061,280
14470,5,6,16691,350
14470,5,6,16321,420
14470,5,6,15951,490
14470,5,6,15211,560
14470,5,6,14841,630
14470,5,6,1,700
20018,5,6,22256,0
20018,5,6,21886,490
20018,5,6,21516,700
20018,5,6,21146,980
20018,5,6,20776,1260
20018,5,6,20406,1470
20027,5,6,21886,0
20027,5,6,21516,490
20027,5,6,21146,770
20027,5,6,20776,1050
20027,5,6,20406,1260
20027,5,6,20036,1330
20027,5,6,1,1400
23000,5,6,24854,0
23000,5,6,24484,560
23000,5,6,24114,840
23000,5,6,23744,1050
23000,5,6,23374,1330
20036,5,6,22626,0
20036,5,6,22256,490
20036,5,6,21886,770
20036,5,6,21516,980
20036,5,6,21146,1260
18902,5,6,22253,0
18902,5,6,21883,350
18902,5,6,21513,630
18902,5,6,21143,840
18902,5,6,20773,1120
18902,5,6,20403,1330
18902,5,6,20033,1400
18902,5,6,19293,1470
15938,5,6,21505,0
15938,5,6,21135,420
15938,5,6,20765,700
15938,5,6,20025,980
15938,5,6,19655,1050
15938,5,6,18915,1120
15938,5,6,18545,1190
15938,5,6,18175,1260
15938,5,6,17435,1330
15938,5,6,17065,1400
15938,5,6,16325,1470
18911,5,6,21883,0
18911,5,6,21513,280
18911,5,6,21143,560
18911,5,6,20773,840
18911,5,6,20403,1050
18911,5,6,20033,1120
18911,5,6,19293,1190
18911,5,6,18923,1260
18911,5,6,1,1330
15947,5,6,21135,0
15947,5,6,20765,420
15947,5,6,20395,700
15947,5,6,19655,770
15947,5,6,19285,840
15947,5,6,18915,910
15947,5,6,18175,980
15947,5,6,17805,1050
15947,5,6,17065,1120
15947,5,6,16695,1190
15947,5,6,16325,1260
15947,5,6,1,1330
18920,5,6,21143,0
18920,5,6,20773,420
18920,5,6,20403,630
18920,5,6,20033,700
18920,5,6,19293,770
18920,5,6,18923,840
18920,5,6,1,910
12983,5,6,17427,0
12983,5,6,17057,280
12983,5,6,16687,350
12983,5,6,15947,420
12983,5,6,15577,490
12983,5,6,14837,560
12983,5,6,14467,630
12983,5,6,14097,700
12983,5,6,13357,770
12983,5,6,12987,840
12983,5,6,1,910
20379,5,6,22627,0
20379,5,6,22257,490
20379,5,6,21887,700
20379,5,6,21517,980
20379,5,6,21147,1190
20379,5,6,20777,1470
17068,5,6,21878,0
17068,5,6,21508,490
17068,5,6,21138,770
17068,5,6,20768,980
17068,5,6,20398,1260
17068,5,6,19658,1330
17068,5,6,19288,1400
17068,5,6,18548,1470
21147,5,6,21889,0
21147,5,6,21519,490
21147,5,6,21149,770
21147,5,6,1,980
13354,5,6,18168,0
13354,5,6,17428,280
13354,5,6,17058,350
13354,5,6,16688,420
13354,5,6,16318,490
13354,5,6,15578,560
13354,5,6,15208,630
13354,5,6,14468,700
13354,5,6,14098,770
13354,5,6,13728,840
13354,5,6,1,910
17424,5,6,21879,0
17424,5,6,21509,280
17424,5,6,21139,560
17424,5,6,20769,770
17424,5,6,20029,1050
17424,5,6,19659,1120
17424,5,6,19289,1190
17424,5,6,18549,1260
17424,5,6,18179,1330
17424,5,6,17439,1400
17424,5,6,1,1470
10390,5,6,20750,0
10390,5,6,20380,350
10390,5,6,20010,420
10390,5,6,19270,490
10390,5,6,18900,560
10390,5,6,18530,630
10390,5,6,17790,700
10390,5,6,17420,770
10390,5,6,16680,840
10390,5,6,16310,910
10390,5,6,15940,980
10390,5,6,15200,1050
10390,5,6,14830,1120
10390,5,6,14090,1190
10390,5,6,13720,1260
10390,5,6,13350,1330
10390,5,6,12610,1400
10390,5,6,12240,1470
21500,5,6,23370,0
21500,5,6,23000,560
21500,5,6,22630,770
21500,5,6,22260,1050
21500,5,6,21890,1260
18536,5,6,21882,0
18536,5,6,21512,490
18536,5,6,21142,700
18536,5,6,20772,980
18536,5,6,20032,1260
18536,5,6,19662,1330
18536,5,6,18922,1400
18536,5,6,18552,1470
21509,5,6,23000,0
21509,5,6,22630,490
21509,5,6,22260,770
21509,5,6,21890,980
21509,5,6,21520,1260
18545,5,6,21142,0
18545,5,6,20772,350
18545,5,6,20402,630
18545,5,6,19662,700
18545,5,6,19292,770
18545,5,6,18922,840
18545,5,6,1,910
21518,5,6,23000,0
21518,5,6,22630,420
21518,5,6,22260,700
21518,5,6,21890,910
21518,5,6,21520,1190
21518,5,6,1,1400
15581,5,6,20764,0
15581,5,6,20024,280
15581,5,6,19654,350
15581,5,6,19284,420
15581,5,6,18544,490
15581,5,6,18174,560
15581,5,6,17804,630
15581,5,6,17064,700
15581,5,6,16694,770
15581,5,6,15954,840
15581,5,6,15584,910
15581,5,6,1,980
22624,5,6,24853,0
22624,5,6,24483,350
22624,5,6,24113,630
22624,5,6,23743,840
22624,5,6,23373,1120
22624,5,6,23003,1400
22633,5,6,24853,0
22633,5,6,24483,490
22633,5,6,24113,770
22633,5,6,23743,980
22633,5,6,23373,1260
22633,5,6,23003,1470
14465,5,6,18911,0
14465,5,6,18541,280
14465,5,6,18171,350
14465,5,6,17431,420
14465,5,6,17061,490
14465,5,6,16691,560
14465,5,6,15951,630
14465,5,6,15581,700
14465,5,6,14841,770
14465,5,6,14471,840
14465,5,6,1,910
11501,5,6,15203,0
11501,5,6,14833,280
11501,5,6,14463,350
11501,5,6,13723,420
11501,5,6,13353,490
11501,5,6,12613,560
11501,5,6,12243,630
11501,5,6,11873,700
11501,5,6,1,770
20022,5,6,22256,0
20022,5,6,21886,490
20022,5,6,21516,700
20022,5,6,21146,980
20022,5,6,20776,1260
20022,5,6,20406,1470
20031,5,6,21516,0
20031,5,6,21146,350
20031,5,6,20776,630
20031,5,6,20036,910
20031,5,6,1,980
18906,5,6,22253,0
18906,5,6,21883,210
18906,5,6,21513,490
18906,5,6,21143,770
18906,5,6,20773,980
18906,5,6,20403,1260
18906,5,6,19663,1330
18906,5,6,19293,1400
18906,5,6,18923,1470
11872,5,6,15574,0
11872,5,6,15204,280
11872,5,6,14834,350
11872,5,6,14094,420
11872,5,6,13724,490
11872,5,6,12984,560
11872,5,6,12614,630
11872,5,6,12244,700
11872,5,6,1,770
15942,5,6,21135,0
15942,5,6,20765,490
15942,5,6,20395,700
15942,5,6,20025,770
15942,5,6,19285,840
15942,5,6,18915,910
15942,5,6,18545,980
15942,5,6,17805,1050
15942,5,6,17435,1120
15942,5,6,16695,1190
15942,5,6,16325,1260
15942,5,6,15955,1330
15942,5,6,1,1400
23744,5,6,25226,0
23744,5,6,24856,560
23744,5,6,24486,840
23744,5,6,24116,1050
23744,5,6,23746,1330
15951,5,6,20765,0
15951,5,6,20395,350
15951,5,6,19655,420
15951,5,6,19285,490
15951,5,6,18915,560
15951,5,6,18175,630
15951,5,6,17805,700
15951,5,6,17065,770
15951,5,6,16695,840
15951,5,6,16325,910
15951,5,6,1,980
12987,5,6,21127,0
12987,5,6,20757,490
12987,5,6,20387,700
12987,5,6,20017,770
12987,5,6,19277,840
12987,5,6,18907,910
12987,5,6,18167,980
12987,5,6,17797,1050
12987,5,6,17427,1120
12987,5,6,16687,1190
12987,5,6,16317,1260
12987,5,6,15577,1330
12987,5,6,15207,1400
12987,5,6,14837,1470
21133,5,6,22999,0
21133,5,6,22629,420
21133,5,6,22259,700
21133,5,6,21889,910
21133,5,6,21519,1190
21133,5,6,21149,1470
17063,5,6,20768,0
17063,5,6,20398,350
17063,5,6,20028,420
17063,5,6,19658,490
17063,5,6,18918,560
17063,5,6,18548,630
17063,5,6,17808,700
17063,5,6,17438,770
17063,5,6,17068,840
17063,5,6,1,910
21142,5,6,22629,0
21142,5,6,22259,420
21142,5,6,21889,700
21142,5,6,21519,910
21142,5,6,21149,1190
21142,5,6,1,1400
24115,5,6,25597,0
24115,5,6,25227,560
24115,5,6,24857,770
24115,5,6,24487,1050
24115,5,6,24117,1330
18178,5,6,21141,0
18178,5,6,20771,280
18178,5,6,20031,560
18178,5,6,19661,630
18178,5,6,19291,700
18178,5,6,18551,770
18178,5,6,18181,840
18178,5,6,1,910
17419,5,6,21879,0
17419,5,6,21509,350
17419,5,6,21139,630
17419,5,6,20769,840
17419,5,6,20399,1120
17419,5,6,19659,1190
17419,5,6,19289,1260
17419,5,6,18919,1330
17419,5,6,18179,1400
17419,5,6,17809,1470
18531,5,6,22252,0
18531,5,6,21882,280
18531,5,6,21512,560
18531,5,6,21142,770
18531,5,6,20772,1050
18531,5,6,20032,1330
18531,5,6,19662,1400
18531,5,6,18922,1470
21504,5,6,23370,0
21504,5,6,23000,490
21504,5,6,22630,700
21504,5,6,22260,980
21504,5,6,21890,1190
21504,5,6,21520,1470
18540,5,6,21882,0
18540,5,6,21512,280
18540,5,6,21142,490
18540,5,6,20772,770
18540,5,6,20032,1050
18540,5,6,19662,1120
18540,5,6,18922,1190
18540,5,6,18552,1260
18540,5,6,1,1330
21513,5,6,23370,0
21513,5,6,23000,350
21513,5,6,22630,630
21513,5,6,22260,840
21513,5,6,21890,1120
21513,5,6,21520,1330
15576,5,6,21134,0
15576,5,6,20764,420
15576,5,6,20394,630
15576,5,6,20024,700
15576,5,6,19284,770
15576,5,6,18914,840
15576,5,6,18544,910
15576,5,6,17804,980
15576,5,6,17434,1050
15576,5,6,16694,1120
15576,5,6,16324,1190
15576,5,6,15954,1260
15576,5,6,1,1330
18549,5,6,21142,0
18549,5,6,20772,350
18549,5,6,20402,560
18549,5,6,20032,630
18549,5,6,19662,700
18549,5,6,18922,770
18549,5,6,18552,840
18549,5,6,1,910
22628,5,6,24483,0
22628,5,6,24113,560
22628,5,6,23743,770
22628,5,6,23373,1050
22628,5,6,23003,1260
14460,5,6,20761,0
14460,5,6,20021,490
14460,5,6,19651,560
14460,5,6,18911,630
14460,5,6,18541,700
14460,5,6,18171,770
14460,5,6,17431,840
14460,5,6,17061,910
14460,5,6,16321,980
14460,5,6,15951,1050
14460,5,6,15581,1120
14460,5,6,14841,1190
14460,5,6,14471,1260
14460,5,6,1,1330
20008,5,6,22626,0
20008,5,6,22256,420
20008,5,6,21886,700
20008,5,6,21516,910
20008,5,6,21146,1190
20008,5,6,20776,1400
14469,5,6,18171,0
14469,5,6,17801,280
14469,5,6,17431,350
14469,5,6,16691,420
14469,5,6,16321,490
14469,5,6,15951,560
14469,5,6,15211,630
14469,5,6,14841,700
14469,5,6,1,770
20017,5,6,22256,0
20017,5,6,21886,420
20017,5,6,21516,630
20017,5,6,21146,910
20017,5,6,20776,1120
20017,5,6,20036,1400
20017,5,6,1,1470
20026,5,6,21886,0
20026,5,6,21516,560
20026,5,6,21146,840
20026,5,6,20776,1050
20026,5,6,20036,1330
20026,5,6,1,1400
18901,5,6,21883,0
18901,5,6,21513,350
18901,5,6,21143,630
18901,5,6,20773,840
18901,5,6,20403,1120
18901,5,6,19663,1190
18901,5,6,19293,1260
18901,5,6,18923,1330
18901,5,6,1,1400
19660,5,6,21515,0
19660,5,6,21145,350
19660,5,6,20775,560
19660,5,6,20405,840
19660,5,6,19665,910
19660,5,6,1,980
15946,5,6,21135,0
15946,5,6,20765,490
15946,5,6,20395,700
15946,5,6,20025,770
15946,5,6,19285,840
15946,5,6,18915,910
15946,5,6,18175,980
15946,5,6,17805,1050
15946,5,6,17435,1120
15946,5,6,16695,1190
15946,5,6,16325,1260
15946,5,6,1,1330
20775,5,6,21518,0
20775,5,6,21148,420
20775,5,6,20778,700
20775,5,6,1,910
12982,5,6,17427,0
12982,5,6,17057,280
12982,5,6,16687,350
12982,5,6,15947,420
12982,5,6,15577,490
12982,5,6,14837,560
12982,5,6,14467,630
12982,5,6,14097,700
12982,5,6,13357,770
12982,5,6,12987,840
12982,5,6,1,910
17049,5,6,21508,0
17049,5,6,21138,350
17049,5,6,20768,630
17049,5,6,20028,910
17049,5,6,19658,980
17049,5,6,18918,1050
17049,5,6,18548,1120
17049,5,6,18178,1190
17049,5,6,17438,1260
17049,5,6,17068,1330
17049,5,6,1,1400
17058,5,6,21508,0
17058,5,6,21138,280
17058,5,6,20768,560
17058,5,6,20028,840
17058,5,6,19658,910
17058,5,6,18918,980
17058,5,6,18548,1050
17058,5,6,18178,1120
17058,5,6,17438,1190
17058,5,6,17068,1260
17058,5,6,1,1330
21128,5,6,22999,0
21128,5,6,22629,420
21128,5,6,22259,700
21128,5,6,21889,980
21128,5,6,21519,1190
21128,5,6,21149,1470
14094,5,6,18540,0
14094,5,6,18170,280
14094,5,6,17800,350
14094,5,6,17060,420
14094,5,6,16690,490
14094,5,6,16320,560
14094,5,6,15580,630
14094,5,6,15210,700
14094,5,6,14470,770
14094,5,6,14100,840
14094,5,6,1,910
18164,5,6,21881,0
18164,5,6,21511,420
18164,5,6,21141,630
18164,5,6,20771,910
18164,5,6,20031,1190
18164,5,6,19661,1260
18164,5,6,18921,1330
18164,5,6,18551,1400
18164,5,6,18181,1470
21137,5,6,22999,0
21137,5,6,22629,420
21137,5,6,22259,630
21137,5,6,21889,840
21137,5,6,21519,1120
21137,5,6,21149,1330
17067,5,6,20398,0
17067,5,6,20028,280
17067,5,6,19288,350
17067,5,6,18918,420
17067,5,6,18548,490
17067,5,6,17808,560
17067,5,6,17438,630
17067,5,6,1,700
18173,5,6,21511,0
18173,5,6,21141,420
18173,5,6,20771,700
18173,5,6,20031,980
18173,5,6,19661,1050
18173,5,6,18921,1120
18173,5,6,18551,1190
18173,5,6,18181,1260
18173,5,6,1,1330
21146,5,6,21889,0
21146,5,6,21519,490
21146,5,6,21149,770
21146,5,6,1,980
25225,5,6,26710,0
25225,5,6,26340,560
25225,5,6,25970,770
25225,5,6,25600,1050
25225,5,6,25230,1330
21499,5,6,23370,0
21499,5,6,23000,560
21499,5,6,22630,770
21499,5,6,22260,1050
21499,5,6,21890,1260
18535,5,6,21882,0
18535,5,6,21512,490
18535,5,6,21142,700
18535,5,6,20772,980
18535,5,6,20402,1190
18535,5,6,20032,1260
18535,5,6,19292,1330
18535,5,6,18922,1400
18535,5,6,18552,1470
21508,5,6,23370,0
21508,5,6,23000,420
21508,5,6,22630,700
21508,5,6,22260,910
21508,5,6,21890,1190
21508,5,6,21520,1470
15571,5,6,21134,0
15571,5,6,20764,420
15571,5,6,20024,700
15571,5,6,19654,770
15571,5,6,18914,840
15571,5,6,18544,910
15571,5,6,18174,980
15571,5,6,17434,1050
15571,5,6,17064,1120
15571,5,6,16324,1190
15571,5,6,15954,1260
15571,5,6,15584,1330
15571,5,6,1,1400
18544,5,6,21512,0
18544,5,6,21142,490
18544,5,6,20772,770
18544,5,6,20402,980
18544,5,6,20032,1050
18544,5,6,19292,1120
18544,5,6,18922,1190
18544,5,6,18552,1260
18544,5,6,1,1330
15580,5,6,20764,0
15580,5,6,20394,280
15580,5,6,20024,350
15580,5,6,19284,420
15580,5,6,18914,490
15580,5,6,18544,560
15580,5,6,17804,630
15580,5,6,17434,700
15580,5,6,16694,770
15580,5,6,16324,840
15580,5,6,15954,910
15580,5,6,1,980
22623,5,6,24483,0
22623,5,6,24113,560
22623,5,6,23743,770
22623,5,6,23373,1050
22623,5,6,23003,1260
22257,5,6,24112,0
22257,5,6,23742,560
22257,5,6,23372,770
22257,5,6,23002,1050
22257,5,6,22632,1260
14464,5,6,18911,0
14464,5,6,18541,280
14464,5,6,18171,350
14464,5,6,17431,420
14464,5,6,17061,490
14464,5,6,16691,560
14464,5,6,15951,630
14464,5,6,15581,700
14464,5,6,14841,770
14464,5,6,14471,840
14464,5,6,1,910
20012,5,6,22626,0
20012,5,6,22256,350
20012,5,6,21886,560
20012,5,6,21516,840
20012,5,6,21146,1120
20012,5,6,20776,1330
11500,5,6,15943,0
11500,5,6,15203,280
11500,5,6,14833,350
11500,5,6,14463,420
11500,5,6,13723,490
11500,5,6,13353,560
11500,5,6,12613,630
11500,5,6,12243,700
11500,5,6,11873,770
11500,5,6,1,840
19655,5,6,21885,0
19655,5,6,21515,490
19655,5,6,21145,770
19655,5,6,20775,980
19655,5,6,20405,1260
19655,5,6,19665,1330
19655,5,6,1,1400
16691,5,6,20767,0
16691,5,6,20397,350
16691,5,6,20027,420
16691,5,6,19657,490
16691,5,6,18917,560
16691,5,6,18547,630
16691,5,6,17807,700
16691,5,6,17437,770
16691,5,6,17067,840
16691,5,6,1,910
19664,5,6,21145,0
19664,5,6,20775,420
19664,5,6,20035,700
19664,5,6,19665,770
19664,5,6,1,840
20770,5,6,22258,0
20770,5,6,21888,350
20770,5,6,21518,630
20770,5,6,21148,840
20770,5,6,20778,1120
20770,5,6,1,1330
23743,5,6,25596,0
23743,5,6,25226,490
23743,5,6,24856,700
23743,5,6,24486,980
23743,5,6,24116,1260
23743,5,6,23746,1470
17053,5,6,21508,0
17053,5,6,21138,490
17053,5,6,20768,700
17053,5,6,20398,980
17053,5,6,19658,1050
17053,5,6,19288,1120
17053,5,6,18918,1190
17053,5,6,18178,1260
17053,5,6,17808,1330
17053,5,6,17068,1400
17053,5,6,1,1470
18159,5,6,21881,0
18159,5,6,21511,280
18159,5,6,21141,490
18159,5,6,20771,770
18159,5,6,20031,1050
18159,5,6,19661,1120
18159,5,6,18921,1190
18159,5,6,18551,1260
18159,5,6,18181,1330
18159,5,6,1,1400
17062,5,6,20768,0
17062,5,6,20028,420
17062,5,6,19658,490
17062,5,6,18918,560
17062,5,6,18548,630
17062,5,6,18178,700
17062,5,6,17438,770
17062,5,6,17068,840
17062,5,6,1,910
21132,5,6,22999,0
21132,5,6,22629,420
21132,5,6,22259,700
21132,5,6,21889,910
21132,5,6,21519,1190
21132,5,6,21149,1400
18168,5,6,21511,0
18168,5,6,21141,490
18168,5,6,20771,700
18168,5,6,20401,980
18168,5,6,19661,1050
18168,5,6,19291,1120
18168,5,6,18551,1190
18168,5,6,18181,1260
18168,5,6,1,1330
14098,5,6,17800,0
14098,5,6,17430,280
14098,5,6,17060,350
14098,5,6,16320,420
14098,5,6,15950,490
14098,5,6,15580,560
14098,5,6,14840,630
14098,5,6,14470,700
14098,5,6,1,770
21141,5,6,22629,0
21141,5,6,22259,350
21141,5,6,21889,630
21141,5,6,21519,910
21141,5,6,21149,1120
21141,5,6,1,1400
18177,5,6,21141,0
18177,5,6,20771,280
18177,5,6,20401,560
18177,5,6,20031,630
18177,5,6,19291,700
18177,5,6,18921,770
18177,5,6,18181,840
18177,5,6,1,910
18530,5,6,21882,0
18530,5,6,21512,280
18530,5,6,21142,560
18530,5,6,20772,840
18530,5,6,20402,1050
18530,5,6,20032,1120
18530,5,6,19292,1190
18530,5,6,18922,1260
18530,5,6,18552,1330
18530,5,6,1,1400
18539,5,6,21882,0
18539,5,6,21512,280
18539,5,6,21142,490
18539,5,6,20772,770
18539,5,6,20032,1050
18539,5,6,19662,1120
18539,5,6,18922,1190
18539,5,6,18552,1260
18539,5,6,1,1330
15575,5,6,21134,0
15575,5,6,20764,420
15575,5,6,20394,630
15575,5,6,20024,700
15575,5,6,19654,770
15575,5,6,18914,840
15575,5,6,18544,910
15575,5,6,17804,980
15575,5,6,17434,1050
15575,5,6,17064,1120
15575,5,6,16324,1190
15575,5,6,15954,1260
15575,5,6,1,1330
15584,5,6,21874,0
15584,5,6,21504,420
15584,5,6,21134,630
15584,5,6,20764,910
15584,5,6,20024,1190
15584,5,6,19654,1260
15584,5,6,18914,1330
15584,5,6,18544,1400
15584,5,6,18174,1470
22252,5,6,24112,0
22252,5,6,23742,560
22252,5,6,23372,840
22252,5,6,23002,1120
22252,5,6,22632,1330
14459,5,6,20761,0
14459,5,6,20391,420
14459,5,6,19651,490
14459,5,6,19281,560
14459,5,6,18911,630
14459,5,6,18171,700
14459,5,6,17801,770
14459,5,6,17061,840
14459,5,6,16691,910
14459,5,6,16321,980
14459,5,6,15581,1050
14459,5,6,15211,1120
14459,5,6,14471,1190
14459,5,6,1,1260
22261,5,6,23002,0
22261,5,6,22632,560
22261,5,6,22262,840
22261,5,6,1,1050
19641,5,6,22255,0
19641,5,6,21885,560
19641,5,6,21515,770
19641,5,6,21145,1050
19641,5,6,20775,1260
19650,5,6,22255,0
19650,5,6,21885,420
19650,5,6,21515,700
19650,5,6,21145,910
19650,5,6,20775,1190
19650,5,6,20405,1400
19650,5,6,20035,1470
16686,5,6,21507,0
16686,5,6,21137,280
16686,5,6,20767,560
16686,5,6,20397,770
16686,5,6,20027,840
16686,5,6,19287,910
16686,5,6,18917,980
16686,5,6,18177,1050
16686,5,6,17807,1120
16686,5,6,17437,1190
16686,5,6,16697,1260
16686,5,6,1,1330
12616,5,6,21126,0
12616,5,6,20756,420
12616,5,6,20386,630
12616,5,6,20016,700
12616,5,6,19646,770
12616,5,6,18906,840
12616,5,6,18536,910
12616,5,6,17796,980
12616,5,6,17426,1050
12616,5,6,17056,1120
12616,5,6,16316,1190
12616,5,6,15946,1260
12616,5,6,15206,1330
12616,5,6,14836,1400
12616,5,6,14466,1470
19659,5,6,21515,0
19659,5,6,21145,350
19659,5,6,20775,560
19659,5,6,20405,840
19659,5,6,19665,910
19659,5,6,1,980
20756,5,6,22258,0
20756,5,6,21888,420
20756,5,6,21518,700
20756,5,6,21148,910
20756,5,6,20778,1190
20756,5,6,1,1470
20765,5,6,22258,0
20765,5,6,21888,350
20765,5,6,21518,630
20765,5,6,21148,910
20765,5,6,20778,1120
20765,5,6,1,1400
16695,5,6,20767,0
16695,5,6,20397,280
16695,5,6,19657,350
16695,5,6,19287,420
16695,5,6,18917,490
16695,5,6,18177,560
16695,5,6,17807,630
16695,5,6,17067,700
16695,5,6,16697,770
16695,5,6,1,840
20774,5,6,21518,0
20774,5,6,21148,490
20774,5,6,20778,700
20774,5,6,1,980
17057,5,6,21508,0
17057,5,6,21138,280
17057,5,6,20768,560
17057,5,6,20028,840
17057,5,6,19658,910
17057,5,6,19288,980
17057,5,6,18548,1050
17057,5,6,18178,1120
17057,5,6,17438,1190
17057,5,6,17068,1260
17057,5,6,1,1330
21127,5,6,22999,0
21127,5,6,22629,490
21127,5,6,22259,770
21127,5,6,21889,980
21127,5,6,21519,1260
14093,5,6,18540,0
14093,5,6,18170,280
14093,5,6,17800,350
14093,5,6,17060,420
14093,5,6,16690,490
14093,5,6,16320,560
14093,5,6,15580,630
14093,5,6,15210,700
14093,5,6,14470,770
14093,5,6,14100,840
14093,5,6,1,910
18163,5,6,21881,0
18163,5,6,21511,420
18163,5,6,21141,630
18163,5,6,20771,910
18163,5,6,20031,1190
18163,5,6,19661,1260
18163,5,6,18921,1330
18163,5,6,18551,1400
18163,5,6,18181,1470
21136,5,6,22999,0
21136,5,6,22629,350
21136,5,6,22259,560
21136,5,6,21889,840
21136,5,6,21519,1120
21136,5,6,21149,1330
17066,5,6,20768,0
17066,5,6,20398,280
17066,5,6,20028,350
17066,5,6,19288,420
17066,5,6,18918,490
17066,5,6,18178,560
17066,5,6,17808,630
17066,5,6,17438,700
17066,5,6,1,770
18172,5,6,21511,0
18172,5,6,21141,420
18172,5,6,20771,700
18172,5,6,20031,980
18172,5,6,19661,1050
18172,5,6,18921,1120
18172,5,6,18551,1190
18172,5,6,18181,1260
18172,5,6,1,1330
18181,5,6,22251,0
18181,5,6,21881,420
18181,5,6,21511,700
18181,5,6,21141,910
18181,5,6,20771,1190
18181,5,6,20031,1470
18534,5,6,21882,0
18534,5,6,21512,490
18534,5,6,21142,700
18534,5,6,20772,980
18534,5,6,20402,1190
18534,5,6,20032,1260
18534,5,6,19292,1330
18534,5,6,18922,1400
18534,5,6,18552,1470
23372,5,6,25225,0
23372,5,6,24855,490
23372,5,6,24485,770
23372,5,6,24115,980
23372,5,6,23745,1260
19283,5,6,21884,0
19283,5,6,21514,420
19283,5,6,21144,630
19283,5,6,20774,910
19283,5,6,20404,1120
19283,5,6,20034,1190
19283,5,6,19664,1260
19283,5,6,1,1330
15213,5,6,21873,0
15213,5,6,21503,350
15213,5,6,21133,630
15213,5,6,20763,840
15213,5,6,20393,1120
15213,5,6,19653,1190
15213,5,6,19283,1260
15213,5,6,18543,1330
15213,5,6,18173,1400
15213,5,6,17803,1470
22256,5,6,23742,0
22256,5,6,23372,560
22256,5,6,23002,840
22256,5,6,22632,1050
22256,5,6,22262,1330
19292,5,6,21144,0
19292,5,6,20774,350
19292,5,6,20404,630
19292,5,6,19664,700
19292,5,6,19294,770
19292,5,6,1,840
19645,5,6,22255,0
19645,5,6,21885,490
19645,5,6,21515,770
19645,5,6,21145,1050
19645,5,6,20775,1260
12611,5,6,17056,0
12611,5,6,16686,280
12611,5,6,16316,350
12611,5,6,15576,420
12611,5,6,15206,490
12611,5,6,14466,560
12611,5,6,14096,630
12611,5,6,13726,700
12611,5,6,12986,770
12611,5,6,12616,840
12611,5,6,1,910
20751,5,6,22628,0
20751,5,6,22258,490
20751,5,6,21888,770
20751,5,6,21518,980
20751,5,6,21148,1260
20751,5,6,20778,1470
19654,5,6,21885,0
19654,5,6,21515,490
19654,5,6,21145,770
19654,5,6,20775,980
19654,5,6,20405,1260
19654,5,6,19665,1330
19654,5,6,1,1400
16690,5,6,20767,0
16690,5,6,20397,350
16690,5,6,20027,420
16690,5,6,19657,490
16690,5,6,18917,560
16690,5,6,18547,630
16690,5,6,17807,700
16690,5,6,17437,770
16690,5,6,17067,840
16690,5,6,1,910
20760,5,6,22628,0
20760,5,6,22258,350
20760,5,6,21888,560
20760,5,6,21518,840
20760,5,6,21148,1050
20760,5,6,20778,1330
19663,5,6,21145,0
19663,5,6,20775,490
19663,5,6,20035,770
19663,5,6,19665,840
19663,5,6,1,910
13726,5,6,18169,0
13726,5,6,17429,280
13726,5,6,17059,350
13726,5,6,16689,420
13726,5,6,15949,490
13726,5,6,15579,560
13726,5,6,15209,630
13726,5,6,14469,700
13726,5,6,14099,770
13726,5,6,1,840
20769,5,6,22258,0
20769,5,6,21888,350
20769,5,6,21518,630
20769,5,6,21148,840
20769,5,6,20778,1120
20769,5,6,1,1330
23742,5,6,25596,0
23742,5,6,25226,560
23742,5,6,24856,840
23742,5,6,24486,1050
23742,5,6,24116,1330
20778,5,6,22998,0
20778,5,6,22628,350
20778,5,6,22258,630
20778,5,6,21888,840
20778,5,6,21518,1120
20778,5,6,21148,1330
24854,5,6,26709,0
24854,5,6,26339,420
24854,5,6,25969,700
24854,5,6,25599,910
24854,5,6,25229,1190
24854,5,6,24859,1400
14088,5,6,20760,0
14088,5,6,20390,350
14088,5,6,20020,420
14088,5,6,19280,490
14088,5,6,18910,560
14088,5,6,18540,630
14088,5,6,17800,700
14088,5,6,17430,770
14088,5,6,16690,840
14088,5,6,16320,910
14088,5,6,15950,980
14088,5,6,15210,1050
14088,5,6,14840,1120
14088,5,6,14100,1190
14088,5,6,1,1260
17061,5,6,20768,0
17061,5,6,20028,420
17061,5,6,19658,490
17061,5,6,18918,560
17061,5,6,18548,630
17061,5,6,18178,700
17061,5,6,17438,770
17061,5,6,17068,840
17061,5,6,1,910
21890,5,6,22631,0
21890,5,6,22261,490
21890,5,6,21891,700
21890,5,6,1,980
21131,5,6,22629,0
21131,5,6,22259,420
21131,5,6,21889,700
21131,5,6,21519,910
21131,5,6,21149,1190
21131,5,6,1,1470
18167,5,6,21881,0
18167,5,6,21511,420
18167,5,6,21141,700
18167,5,6,20771,910
18167,5,6,20031,1190
18167,5,6,19661,1260
18167,5,6,19291,1330
18167,5,6,18551,1400
18167,5,6,18181,1470
14097,5,6,18540,0
14097,5,6,17800,280
14097,5,6,17430,350
14097,5,6,17060,420
14097,5,6,16320,490
14097,5,6,15950,560
14097,5,6,15580,630
14097,5,6,14840,700
14097,5,6,14470,770
14097,5,6,1,840
18176,5,6,21141,0
18176,5,6,20771,280
18176,5,6,20401,560
18176,5,6,20031,630
18176,5,6,19291,700
18176,5,6,18921,770
18176,5,6,18181,840
18176,5,6,1,910
17810,5,6,22250,0
17810,5,6,21880,350
17810,5,6,21510,630
17810,5,6,21140,910
17810,5,6,20770,1120
17810,5,6,20030,1400
17810,5,6,19660,1470
11132,5,6,20752,0
11132,5,6,20382,420
11132,5,6,20012,490
11132,5,6,19272,560
11132,5,6,18902,630
11132,5,6,18532,700
11132,5,6,17792,770
11132,5,6,17422,840
11132,5,6,16682,910
11132,5,6,16312,980
11132,5,6,15942,1050
11132,5,6,15202,1120
11132,5,6,14832,1190
11132,5,6,14092,1260
11132,5,6,13722,1330
11132,5,6,13352,1400
11132,5,6,12612,1470
15208,5,6,20393,0
15208,5,6,20023,280
15208,5,6,19653,350
15208,5,6,18913,420
15208,5,6,18543,490
15208,5,6,18173,560
15208,5,6,17433,630
15208,5,6,17063,700
15208,5,6,16323,770
15208,5,6,15953,840
15208,5,6,15583,910
15208,5,6,1,980
19278,5,6,22254,0
19278,5,6,21884,350
19278,5,6,21514,560
19278,5,6,21144,840
19278,5,6,20774,1050
19278,5,6,20404,1330
19278,5,6,19664,1400
19278,5,6,19294,1470
22251,5,6,24112,0
22251,5,6,23742,630
22251,5,6,23372,840
22251,5,6,23002,1120
22251,5,6,22632,1330
16314,5,6,21136,0
16314,5,6,20766,490
16314,5,6,20026,770
16314,5,6,19656,840
16314,5,6,19286,910
16314,5,6,18546,980
16314,5,6,18176,1050
16314,5,6,17436,1120
16314,5,6,17066,1190
16314,5,6,16696,1260
16314,5,6,1,1330
12244,5,6,15575,0
12244,5,6,14835,280
12244,5,6,14465,350
12244,5,6,14095,420
12244,5,6,13725,490
12244,5,6,12985,560
12244,5,6,12615,630
12244,5,6,1,700
19287,5,6,21144,0
19287,5,6,20774,490
19287,5,6,20404,700
19287,5,6,20034,770
19287,5,6,19664,840
19287,5,6,1,910
22260,5,6,23742,0
22260,5,6,23372,490
22260,5,6,23002,770
22260,5,6,22632,980
22260,5,6,22262,1260
22260,5,6,1,1470
16323,5,6,20766,0
16323,5,6,20396,350
16323,5,6,19656,420
16323,5,6,19286,490
16323,5,6,18916,560
16323,5,6,18176,630
16323,5,6,17806,700
16323,5,6,17066,770
16323,5,6,16696,840
16323,5,6,16326,910
16323,5,6,1,980
19649,5,6,22255,0
19649,5,6,21885,420
19649,5,6,21515,700
19649,5,6,21145,910
19649,5,6,20775,1190
19649,5,6,20035,1470
16685,5,6,21137,0
16685,5,6,20767,490
16685,5,6,20027,770
16685,5,6,19657,840
16685,5,6,18917,910
16685,5,6,18547,980
16685,5,6,18177,1050
16685,5,6,17437,1120
16685,5,6,17067,1190
16685,5,6,1,1260
12615,5,6,15946,0
12615,5,6,15206,280
12615,5,6,14836,350
12615,5,6,14466,420
12615,5,6,13726,490
12615,5,6,13356,560
12615,5,6,12986,630
12615,5,6,1,700
20755,5,6,22258,0
20755,5,6,21888,420
20755,5,6,21518,700
20755,5,6,21148,980
20755,5,6,20778,1190
20755,5,6,1,1470
13721,5,6,20759,0
13721,5,6,20389,280
13721,5,6,20019,350
13721,5,6,19279,420
13721,5,6,18909,490
13721,5,6,18539,560
13721,5,6,17799,630
13721,5,6,17429,700
13721,5,6,16689,770
13721,5,6,16319,840
13721,5,6,15949,910
13721,5,6,15209,980
13721,5,6,14839,1050
13721,5,6,14099,1120
13721,5,6,13729,1190
13721,5,6,1,1260
19658,5,6,21515,0
19658,5,6,21145,350
19658,5,6,20775,560
19658,5,6,20405,840
19658,5,6,19665,910
19658,5,6,1,980
20764,5,6,22628,0
20764,5,6,22258,350
20764,5,6,21888,560
20764,5,6,21518,840
20764,5,6,21148,1050
20764,5,6,20778,1330
16694,5,6,20767,0
16694,5,6,20397,350
16694,5,6,19657,420
16694,5,6,19287,490
16694,5,6,18547,560
16694,5,6,18177,630
16694,5,6,17807,700
16694,5,6,17067,770
16694,5,6,16697,840
16694,5,6,1,910
20773,5,6,21518,0
20773,5,6,21148,490
20773,5,6,20778,700
20773,5,6,1,980
20407,5,6,22627,0
20407,5,6,22257,560
20407,5,6,21887,770
20407,5,6,21517,1050
20407,5,6,21147,1330
21885,5,6,23371,0
21885,5,6,23001,560
21885,5,6,22631,840
21885,5,6,22261,1050
21885,5,6,21891,1330
14092,5,6,20760,0
14092,5,6,20390,350
14092,5,6,19650,420
14092,5,6,19280,490
14092,5,6,18910,560
14092,5,6,18170,630
14092,5,6,17800,700
14092,5,6,17060,770
14092,5,6,16690,840
14092,5,6,16320,910
14092,5,6,15580,980
14092,5,6,15210,1050
14092,5,6,14470,1120
14092,5,6,14100,1190
14092,5,6,1,1260
17805,5,6,21140,0
17805,5,6,20770,280
17805,5,6,20400,490
17805,5,6,20030,560
17805,5,6,19660,630
17805,5,6,18920,700
17805,5,6,18550,770
17805,5,6,17810,840
17805,5,6,1,910
14841,5,6,18912,0
14841,5,6,18172,280
14841,5,6,17802,350
14841,5,6,17432,420
14841,5,6,17062,490
14841,5,6,16322,560
14841,5,6,15952,630
14841,5,6,15212,700
14841,5,6,14842,770
14841,5,6,1,840
23371,5,6,25595,0
23371,5,6,25225,350
23371,5,6,24855,560
23371,5,6,24485,840
23371,5,6,24115,1120
23371,5,6,23745,1330
15203,5,6,21133,0
15203,5,6,20763,420
15203,5,6,20393,630
15203,5,6,20023,700
15203,5,6,19283,770
15203,5,6,18913,840
15203,5,6,18173,910
15203,5,6,17803,980
15203,5,6,17433,1050
15203,5,6,16693,1120
15203,5,6,16323,1190
15203,5,6,15583,1260
15203,5,6,15213,1330
15203,5,6,1,1400
19273,5,6,22254,0
19273,5,6,21884,420
19273,5,6,21514,630
19273,5,6,21144,910
19273,5,6,20774,1120
19273,5,6,20404,1400
19273,5,6,19664,1470
16309,5,6,21506,0
16309,5,6,21136,490
16309,5,6,20766,700
16309,5,6,20396,980
16309,5,6,19656,1050
16309,5,6,19286,1120
16309,5,6,18916,1190
16309,5,6,18176,1260
16309,5,6,17806,1330
16309,5,6,17066,1400
16309,5,6,16696,1470
12239,5,6,16685,0
12239,5,6,16315,280
12239,5,6,15945,350
12239,5,6,15205,420
12239,5,6,14835,490
12239,5,6,14465,560
12239,5,6,13725,630
12239,5,6,13355,700
12239,5,6,12615,770
12239,5,6,12245,840
12239,5,6,1,910
19282,5,6,21884,0
19282,5,6,21514,350
19282,5,6,21144,630
19282,5,6,20774,840
19282,5,6,20404,1120
19282,5,6,19664,1190
19282,5,6,19294,1260
19282,5,6,1,1330
15212,5,6,19283,0
15212,5,6,18913,280
15212,5,6,18543,350
15212,5,6,17803,420
15212,5,6,17433,490
15212,5,6,16693,560
15212,5,6,16323,630
15212,5,6,15953,700
15212,5,6,15213,770
15212,5,6,1,840
22255,5,6,23742,0
22255,5,6,23372,560
22255,5,6,23002,840
22255,5,6,22632,1050
22255,5,6,22262,1330
16318,5,6,21136,0
16318,5,6,20766,490
16318,5,6,20026,770
16318,5,6,19656,840
16318,5,6,18916,910
16318,5,6,18546,980
16318,5,6,18176,1050
16318,5,6,17436,1120
16318,5,6,17066,1190
16318,5,6,16326,1260
16318,5,6,1,1330
19291,5,6,21144,0
19291,5,6,20774,420
19291,5,6,20404,700
19291,5,6,19664,770
19291,5,6,19294,840
19291,5,6,1,910
19644,5,6,22255,0
19644,5,6,21885,490
19644,5,6,21515,770
19644,5,6,21145,1050
19644,5,6,20775,1260
20750,5,6,22628,0
20750,5,6,22258,490
20750,5,6,21888,770
20750,5,6,21518,980
20750,5,6,21148,1260
16680,5,6,21507,0
16680,5,6,21137,420
16680,5,6,20767,700
16680,5,6,20397,910
16680,5,6,20027,980
16680,5,6,19287,1050
16680,5,6,18917,1120
16680,5,6,18547,1190
16680,5,6,17807,1260
16680,5,6,17437,1330
16680,5,6,16697,1400
16680,5,6,1,1470
12610,5,6,17056,0
12610,5,6,16686,280
12610,5,6,16316,350
12610,5,6,15576,420
12610,5,6,15206,490
12610,5,6,14466,560
12610,5,6,14096,630
12610,5,6,13726,700
12610,5,6,12986,770
12610,5,6,12616,840
12610,5,6,1,910
20759,5,6,22258,0
20759,5,6,21888,490
20759,5,6,21518,700
20759,5,6,21148,980
20759,5,6,20778,1260
20759,5,6,1,1470
16689,5,6,21137,0
16689,5,6,20767,490
16689,5,6,20397,700
16689,5,6,20027,770
16689,5,6,19657,840
16689,5,6,18917,910
16689,5,6,18547,980
16689,5,6,17807,1050
16689,5,6,17437,1120
16689,5,6,17067,1190
16689,5,6,1,1260
13725,5,6,18539,0
13725,5,6,18169,210
13725,5,6,17799,280
13725,5,6,17429,350
13725,5,6,16689,420
13725,5,6,16319,490
13725,5,6,15949,560
13725,5,6,15209,630
13725,5,6,14839,700
13725,5,6,14099,770
13725,5,6,13729,840
13725,5,6,1,910
20402,5,6,21517,0
20402,5,6,21147,420
20402,5,6,20777,700
20402,5,6,20407,910
20402,5,6,1,980
21880,5,6,23371,0
21880,5,6,23001,420
21880,5,6,22631,700
21880,5,6,22261,980
21880,5,6,21891,1190
21880,5,6,1,1470
21889,5,6,23371,0
21889,5,6,23001,420
21889,5,6,22631,700
21889,5,6,22261,910
21889,5,6,21891,1190
21889,5,6,1,1400
17800,5,6,21510,0
17800,5,6,21140,420
17800,5,6,20770,700
17800,5,6,20400,910
17800,5,6,20030,980
17800,5,6,19660,1050
17800,5,6,18920,1120
17800,5,6,18550,1190
17800,5,6,17810,1260
17800,5,6,1,1330
14836,5,6,20392,0
14836,5,6,20022,210
14836,5,6,19652,280
14836,5,6,19282,350
14836,5,6,18542,420
14836,5,6,18172,490
14836,5,6,17802,560
14836,5,6,17062,630
14836,5,6,16692,700
14836,5,6,15952,770
14836,5,6,15582,840
14836,5,6,15212,910
14836,5,6,1,980
17809,5,6,20770,0
17809,5,6,20400,350
17809,5,6,20030,420
17809,5,6,19290,490
17809,5,6,18920,560
17809,5,6,18180,630
17809,5,6,17810,700
17809,5,6,1,770
19268,5,6,22254,0
19268,5,6,21884,490
19268,5,6,21514,700
19268,5,6,21144,980
19268,5,6,20774,1190
19268,5,6,20404,1470
15198,5,6,21503,0
15198,5,6,21133,350
15198,5,6,20763,630
15198,5,6,20393,840
15198,5,6,20023,910
15198,5,6,19283,980
15198,5,6,18913,1050
15198,5,6,18543,1120
15198,5,6,17803,1190
15198,5,6,17433,1260
15198,5,6,16693,1330
15198,5,6,16323,1400
15198,5,6,15953,1470
19277,5,6,22254,0
19277,5,6,21884,280
19277,5,6,21514,560
19277,5,6,21144,840
19277,5,6,20774,1050
19277,5,6,20034,1330
19277,5,6,19664,1400
19277,5,6,19294,1470
15207,5,6,20763,0
15207,5,6,20393,210
15207,5,6,20023,280
15207,5,6,19653,350
15207,5,6,18913,420
15207,5,6,18543,490
15207,5,6,18173,560
15207,5,6,17433,630
15207,5,6,17063,700
15207,5,6,16323,770
15207,5,6,15953,840
15207,5,6,15583,910
15207,5,6,1,980
22250,5,6,24482,0
22250,5,6,24112,350
22250,5,6,23742,630
22250,5,6,23372,840
22250,5,6,23002,1120
22250,5,6,22632,1400
12243,5,6,15945,0
12243,5,6,15575,280
12243,5,6,15205,350
12243,5,6,14465,420
12243,5,6,14095,490
12243,5,6,13355,560
12243,5,6,12985,630
12243,5,6,12615,700
12243,5,6,1,770
16313,5,6,21136,0
16313,5,6,20766,490
16313,5,6,20026,770
16313,5,6,19656,840
16313,5,6,19286,910
16313,5,6,18546,980
16313,5,6,18176,1050
16313,5,6,17436,1120
16313,5,6,17066,1190
16313,5,6,16696,1260
16313,5,6,1,1330
19286,5,6,21884,0
19286,5,6,21514,350
19286,5,6,21144,630
19286,5,6,20774,840
19286,5,6,20034,1120
19286,5,6,19664,1190
19286,5,6,19294,1260
19286,5,6,1,1330
16322,5,6,20766,0
16322,5,6,20396,350
16322,5,6,20026,420
16322,5,6,19656,490
16322,5,6,18916,560
16322,5,6,18546,630
16322,5,6,17806,700
16322,5,6,17436,770
16322,5,6,17066,840
16322,5,6,16326,910
16322,5,6,1,980
19639,5,6,22625,0
19639,5,6,22255,350
19639,5,6,21885,560
19639,5,6,21515,840
19639,5,6,21145,1120
19639,5,6,20775,1330
20754,5,6,22628,0
20754,5,6,22258,420
20754,5,6,21888,700
20754,5,6,21518,910
20754,5,6,21148,1190
20754,5,6,20778,1470
16684,5,6,21137,0
16684,5,6,20767,490
16684,5,6,20027,770
16684,5,6,19657,840
16684,5,6,18917,910
16684,5,6,18547,980
16684,5,6,18177,1050
16684,5,6,17437,1120
16684,5,6,17067,1190
16684,5,6,1,1260
13720,5,6,20759,0
13720,5,6,20389,280
13720,5,6,20019,350
13720,5,6,19279,420
13720,5,6,18909,490
13720,5,6,18539,560
13720,5,6,17799,630
13720,5,6,17429,700
13720,5,6,16689,770
13720,5,6,16319,840
13720,5,6,15949,910
13720,5,6,15209,980
13720,5,6,14839,1050
13720,5,6,14099,1120
13720,5,6,13729,1190
13720,5,6,1,1260
20388,5,6,22257,0
20388,5,6,21887,420
20388,5,6,21517,700
20388,5,6,21147,910
20388,5,6,20777,1190
20388,5,6,20407,1400
20388,5,6,1,1470
20397,5,6,22257,0
20397,5,6,21887,350
20397,5,6,21517,630
20397,5,6,21147,840
20397,5,6,20777,1120
20397,5,6,20407,1330
20397,5,6,1,1400
17433,5,6,20769,0
17433,5,6,20399,420
17433,5,6,20029,490
17433,5,6,19289,560
17433,5,6,18919,630
17433,5,6,18549,700
17433,5,6,17809,770
17433,5,6,17439,840
17433,5,6,1,910
21875,5,6,23741,0
21875,5,6,23371,560
21875,5,6,23001,770
21875,5,6,22631,1050
21875,5,6,22261,1260
20406,5,6,21147,0
20406,5,6,20777,490
20406,5,6,20407,770
20406,5,6,1,840
21884,5,6,23371,0
21884,5,6,23001,490
21884,5,6,22631,770
21884,5,6,22261,980
21884,5,6,21891,1260
21884,5,6,1,1470
14831,5,6,21132,0
14831,5,6,20762,350
14831,5,6,20022,630
14831,5,6,19652,700
14831,5,6,19282,770
14831,5,6,18542,840
14831,5,6,18172,910
14831,5,6,17432,980
14831,5,6,17062,1050
14831,5,6,16692,1120
14831,5,6,15952,1190
14831,5,6,15582,1260
14831,5,6,14842,1330
14831,5,6,1,1400
17804,5,6,21140,0
17804,5,6,20770,280
17804,5,6,20400,490
17804,5,6,20030,560
17804,5,6,19660,630
17804,5,6,18920,700
17804,5,6,18550,770
17804,5,6,17810,840
17804,5,6,1,910
14840,5,6,19282,0
14840,5,6,18912,280
14840,5,6,18542,350
14840,5,6,17802,420
14840,5,6,17432,490
14840,5,6,17062,560
14840,5,6,16322,630
14840,5,6,15952,700
14840,5,6,15212,770
14840,5,6,14842,840
14840,5,6,1,910
19272,5,6,21884,0
19272,5,6,21514,420
19272,5,6,21144,700
19272,5,6,20774,910
19272,5,6,20034,1190
19272,5,6,19664,1260
19272,5,6,19294,1330
19272,5,6,1,1400
15202,5,6,21133,0
15202,5,6,20763,420
15202,5,6,20393,630
15202,5,6,20023,700
15202,5,6,19653,770
15202,5,6,18913,840
15202,5,6,18543,910
15202,5,6,17803,980
15202,5,6,17433,1050
15202,5,6,17063,1120
15202,5,6,16323,1190
15202,5,6,15953,1260
15202,5,6,15213,1330
15202,5,6,1,1400
16308,5,6,21506,0
16308,5,6,21136,490
16308,5,6,20766,700
16308,5,6,20396,980
16308,5,6,19656,1050
16308,5,6,19286,1120
16308,5,6,18916,1190
16308,5,6,18176,1260
16308,5,6,17806,1330
16308,5,6,17066,1400
16308,5,6,16696,1470
12238,5,6,16685,0
12238,5,6,16315,280
12238,5,6,15945,350
12238,5,6,15205,420
12238,5,6,14835,490
12238,5,6,14465,560
12238,5,6,13725,630
12238,5,6,13355,700
12238,5,6,12615,770
12238,5,6,12245,840
12238,5,6,1,910
19281,5,6,21884,0
19281,5,6,21514,350
19281,5,6,21144,630
19281,5,6,20774,840
19281,5,6,20404,1120
19281,5,6,19664,1190
19281,5,6,19294,1260
19281,5,6,1,1330
15211,5,6,19653,0
15211,5,6,18913,350
15211,5,6,18543,420
15211,5,6,17803,490
15211,5,6,17433,560
15211,5,6,16693,630
15211,5,6,16323,700
15211,5,6,15953,770
15211,5,6,15213,840
15211,5,6,1,910
16317,5,6,21136,0
16317,5,6,20766,490
16317,5,6,20026,770
16317,5,6,19656,840
16317,5,6,18916,910
16317,5,6,18546,980
16317,5,6,18176,1050
16317,5,6,17436,1120
16317,5,6,17066,1190
16317,5,6,16326,1260
16317,5,6,1,1330
16326,5,6,21876,0
16326,5,6,21506,490
16326,5,6,21136,770
16326,5,6,20766,980
16326,5,6,20396,1260
16326,5,6,19656,1330
16326,5,6,19286,1400
16326,5,6,18546,1470
18915,5,6,21883,0
18915,5,6,21513,280
18915,5,6,21143,560
18915,5,6,20773,770
18915,5,6,20403,1050
18915,5,6,19663,1120
18915,5,6,19293,1190
18915,5,6,18923,1260
18915,5,6,1,1330
20383,5,6,22627,0
20383,5,6,22257,420
20383,5,6,21887,630
20383,5,6,21517,910
20383,5,6,21147,1120
20383,5,6,20777,1400
13349,5,6,20758,0
13349,5,6,20388,280
13349,5,6,20018,350
13349,5,6,19278,420
13349,5,6,18908,490
13349,5,6,18168,560
13349,5,6,17798,630
13349,5,6,17428,700
13349,5,6,16688,770
13349,5,6,16318,840
13349,5,6,15578,910
13349,5,6,15208,980
13349,5,6,14838,1050
13349,5,6,14098,1120
13349,5,6,13728,1190
13349,5,6,1,1260
20392,5,6,22257,0
20392,5,6,21887,560
20392,5,6,21517,770
20392,5,6,21147,1050
20392,5,6,20777,1260
17428,5,6,21509,0
17428,5,6,21139,350
17428,5,6,20769,630
17428,5,6,20399,840
17428,5,6,20029,910
17428,5,6,19659,980
17428,5,6,18919,1050
17428,5,6,18549,1120
17428,5,6,17809,1190
17428,5,6,17439,1260
17428,5,6,1,1330
13358,5,6,21498,0
13358,5,6,21128,280
13358,5,6,20758,560
13358,5,6,20388,770
13358,5,6,20018,840
13358,5,6,19648,910
13358,5,6,18908,980
13358,5,6,18538,1050
13358,5,6,17798,1120
13358,5,6,17428,1190
13358,5,6,17058,1260
13358,5,6,16318,1330
13358,5,6,15948,1400
13358,5,6,15208,1470
20401,5,6,21517,0
20401,5,6,21147,420
20401,5,6,20777,700
20401,5,6,20407,910
20401,5,6,1,980
17437,5,6,20769,0
17437,5,6,20399,350
17437,5,6,19659,420
17437,5,6,19289,490
17437,5,6,18549,560
17437,5,6,18179,630
17437,5,6,17809,700
17437,5,6,1,770
21879,5,6,23741,0
21879,5,6,23371,420
21879,5,6,23001,700
21879,5,6,22631,980
21879,5,6,22261,1190
21879,5,6,21891,1470
21888,5,6,23371,0
21888,5,6,23001,560
21888,5,6,22631,840
21888,5,6,22261,1120
21888,5,6,21891,1330
17790,5,6,21880,0
17790,5,6,21510,420
17790,5,6,21140,700
17790,5,6,20770,980
17790,5,6,20400,1190
17790,5,6,20030,1260
17790,5,6,19290,1330
17790,5,6,18920,1400
17790,5,6,18180,1470
17799,5,6,21510,0
17799,5,6,21140,420
17799,5,6,20770,700
17799,5,6,20030,980
17799,5,6,19660,1050
17799,5,6,18920,1120
17799,5,6,18550,1190
17799,5,6,18180,1260
17799,5,6,1,1330
14835,5,6,20392,0
14835,5,6,20022,210
14835,5,6,19652,280
14835,5,6,19282,350
14835,5,6,18542,420
14835,5,6,18172,490
14835,5,6,17802,560
14835,5,6,17062,630
14835,5,6,16692,700
14835,5,6,15952,770
14835,5,6,15582,840
14835,5,6,15212,910
14835,5,6,1,980
17808,5,6,20770,0
17808,5,6,20400,420
17808,5,6,19660,490
17808,5,6,19290,560
17808,5,6,18920,630
17808,5,6,18180,700
17808,5,6,17810,770
17808,5,6,1,840
22999,5,6,24854,0
22999,5,6,24484,560
22999,5,6,24114,770
22999,5,6,23744,1050
22999,5,6,23374,1260
20035,5,6,21146,0
20035,5,6,20776,490
20035,5,6,20406,700
20035,5,6,20036,770
20035,5,6,1,840
12242,5,6,16685,0
12242,5,6,15945,280
12242,5,6,15575,350
12242,5,6,15205,420
12242,5,6,14465,490
12242,5,6,14095,560
12242,5,6,13355,630
12242,5,6,12985,700
12242,5,6,12615,770
12242,5,6,1,840
16312,5,6,21506,0
16312,5,6,21136,490
16312,5,6,20766,770
16312,5,6,20396,980
16312,5,6,20026,1050
16312,5,6,19286,1120
16312,5,6,18916,1190
16312,5,6,18176,1260
16312,5,6,17806,1330
16312,5,6,17436,1400
16312,5,6,16696,1470
18910,5,6,21883,0
18910,5,6,21513,280
18910,5,6,21143,560
18910,5,6,20773,840
18910,5,6,20403,1050
18910,5,6,20033,1120
18910,5,6,19293,1190
18910,5,6,18923,1260
18910,5,6,1,1330
18919,5,6,21143,0
18919,5,6,20773,420
18919,5,6,20033,700
18919,5,6,19663,770
18919,5,6,18923,840
18919,5,6,1,910
15955,5,6,21875,0
15955,5,6,21505,490
15955,5,6,21135,700
15955,5,6,20765,980
15955,5,6,20395,1190
15955,5,6,20025,1260
15955,5,6,19285,1330
15955,5,6,18915,1400
15955,5,6,18545,1470
24485,5,6,26338,0
24485,5,6,25968,490
24485,5,6,25598,700
24485,5,6,25228,980
24485,5,6,24858,1190
24485,5,6,24488,1470
20378,5,6,22627,0
20378,5,6,22257,420
20378,5,6,21887,700
20378,5,6,21517,980
20378,5,6,21147,1190
20378,5,6,20777,1470
20387,5,6,22627,0
20387,5,6,22257,420
20387,5,6,21887,630
20387,5,6,21517,840
20387,5,6,21147,1120
20387,5,6,20777,1400
13353,5,6,18168,0
13353,5,6,17428,280
13353,5,6,17058,350
13353,5,6,16688,420
13353,5,6,16318,490
13353,5,6,15578,560
13353,5,6,15208,630
13353,5,6,14468,700
13353,5,6,14098,770
13353,5,6,13728,840
13353,5,6,1,910
20396,5,6,22257,0
20396,5,6,21887,350
20396,5,6,21517,630
20396,5,6,21147,840
20396,5,6,20777,1120
20396,5,6,20407,1330
20396,5,6,1,1400
17432,5,6,20769,0
17432,5,6,20399,420
17432,5,6,20029,490
17432,5,6,19289,560
17432,5,6,18919,630
17432,5,6,18549,700
17432,5,6,17809,770
17432,5,6,17439,840
17432,5,6,1,910
21874,5,6,23741,0
21874,5,6,23371,490
21874,5,6,23001,770
21874,5,6,22631,1050
21874,5,6,22261,1260
20405,5,6,21517,0
20405,5,6,21147,350
20405,5,6,20777,560
20405,5,6,20407,840
20405,5,6,1,910
21517,5,6,23000,0
21517,5,6,22630,420
21517,5,6,22260,700
21517,5,6,21890,980
21517,5,6,21520,1190
21517,5,6,1,1470
14830,5,6,21132,0
14830,5,6,20762,280
14830,5,6,20392,560
14830,5,6,20022,630
14830,5,6,19282,700
14830,5,6,18912,770
14830,5,6,18172,840
14830,5,6,17802,910
14830,5,6,17432,980
14830,5,6,16692,1050
14830,5,6,16322,1120
14830,5,6,15582,1190
14830,5,6,15212,1260
14830,5,6,14842,1330
14830,5,6,1,1400
10760,5,6,14091,0
10760,5,6,13721,210
10760,5,6,13351,280
10760,5,6,12981,350
10760,5,6,12611,420
10760,5,6,11871,490
10760,5,6,11501,560
10760,5,6,10761,630
10760,5,6,1,700
22632,5,6,23373,0
22632,5,6,23003,560
22632,5,6,22633,840
22632,5,6,1,1050
14839,5,6,20022,0
14839,5,6,19282,280
14839,5,6,18912,350
14839,5,6,18542,420
14839,5,6,17802,490
14839,5,6,17432,560
14839,5,6,17062,630
14839,5,6,16322,700
14839,5,6,15952,770
14839,5,6,15212,840
14839,5,6,14842,910
14839,5,6,1,980
20021,5,6,22256,0
20021,5,6,21886,490
20021,5,6,21516,770
20021,5,6,21146,980
20021,5,6,20776,1260
20021,5,6,20406,1470
20030,5,6,21516,0
20030,5,6,21146,350
20030,5,6,20776,630
20030,5,6,20036,910
20030,5,6,1,980
23003,5,6,24114,0
23003,5,6,23744,350
23003,5,6,23374,560
23003,5,6,23004,840
23003,5,6,1,1120
11871,5,6,16314,0
11871,5,6,15574,280
11871,5,6,15204,350
11871,5,6,14834,420
11871,5,6,14094,490
11871,5,6,13724,560
11871,5,6,12984,630
11871,5,6,12614,700
11871,5,6,12244,770
11871,5,6,1,840
15941,5,6,21505,0
15941,5,6,21135,490
15941,5,6,20765,700
15941,5,6,20025,980
15941,5,6,19655,1050
15941,5,6,19285,1120
15941,5,6,18545,1190
15941,5,6,18175,1260
15941,5,6,17435,1330
15941,5,6,17065,1400
15941,5,6,16695,1470
18914,5,6,21883,0
18914,5,6,21513,280
18914,5,6,21143,560
18914,5,6,20773,770
18914,5,6,20403,1050
18914,5,6,19663,1120
18914,5,6,19293,1190
18914,5,6,18923,1260
18914,5,6,1,1330
15950,5,6,20765,0
15950,5,6,20395,350
15950,5,6,19655,420
15950,5,6,19285,490
15950,5,6,18915,560
15950,5,6,18175,630
15950,5,6,17805,700
15950,5,6,17065,770
15950,5,6,16695,840
15950,5,6,16325,910
15950,5,6,1,980
18923,5,6,22623,0
18923,5,6,22253,280
18923,5,6,21883,560
18923,5,6,21513,770
18923,5,6,21143,1050
18923,5,6,20773,1260
12986,5,6,16317,0
12986,5,6,15577,280
12986,5,6,15207,350
12986,5,6,14837,420
12986,5,6,14097,490
12986,5,6,13727,560
12986,5,6,13357,630
12986,5,6,1,700
20382,5,6,22627,0
20382,5,6,22257,420
20382,5,6,21887,630
20382,5,6,21517,910
20382,5,6,21147,1120
20382,5,6,20777,1400
24114,5,6,25967,0
24114,5,6,25597,490
24114,5,6,25227,700
24114,5,6,24857,980
24114,5,6,24487,1190
24114,5,6,24117,1470
17418,5,6,21879,0
17418,5,6,21509,350
17418,5,6,21139,630
17418,5,6,20769,840
17418,5,6,20399,1120
17418,5,6,19659,1190
17418,5,6,19289,1260
17418,5,6,18919,1330
17418,5,6,18179,1400
17418,5,6,17809,1470
20391,5,6,22257,0
20391,5,6,21887,560
20391,5,6,21517,770
20391,5,6,21147,1050
20391,5,6,20777,1260
13348,5,6,20758,0
13348,5,6,20388,280
13348,5,6,20018,350
13348,5,6,19648,420
13348,5,6,19278,490
13348,5,6,18538,560
13348,5,6,18168,630
13348,5,6,17428,700
13348,5,6,17058,770
13348,5,6,16688,840
13348,5,6,15948,910
13348,5,6,15578,980
13348,5,6,14838,1050
13348,5,6,14468,1120
13348,5,6,14098,1190
13348,5,6,13358,1260
13348,5,6,1,1330
17427,5,6,21509,0
17427,5,6,21139,280
17427,5,6,20769,560
17427,5,6,20399,840
17427,5,6,19659,910
17427,5,6,19289,980
17427,5,6,18549,1050
17427,5,6,18179,1120
17427,5,6,17809,1190
17427,5,6,1,1260
13357,5,6,17058,0
13357,5,6,16318,280
13357,5,6,15948,350
13357,5,6,15578,420
13357,5,6,14838,490
13357,5,6,14468,560
13357,5,6,13728,630
13357,5,6,13358,700
13357,5,6,1,770
20400,5,6,21517,0
20400,5,6,21147,420
20400,5,6,20777,700
20400,5,6,20407,910
20400,5,6,1,980
17436,5,6,20769,0
17436,5,6,20399,420
17436,5,6,19659,490
17436,5,6,19289,560
17436,5,6,18549,630
17436,5,6,18179,700
17436,5,6,17809,770
17436,5,6,1,840
21503,5,6,23370,0
21503,5,6,23000,490
21503,5,6,22630,700
21503,5,6,22260,980
21503,5,6,21890,1190
21503,5,6,21520,1470
21512,5,6,23370,0
21512,5,6,23000,420
21512,5,6,22630,630
21512,5,6,22260,840
21512,5,6,21890,1120
21512,5,6,21520,1400
18548,5,6,21142,0
18548,5,6,20772,350
18548,5,6,20402,630
18548,5,6,19662,700
18548,5,6,19292,770
18548,5,6,18552,840
18548,5,6,1,910
22627,5,6,24483,0
22627,5,6,24113,630
22627,5,6,23743,840
22627,5,6,23373,1120
22627,5,6,23003,1330
14834,5,6,21132,0
14834,5,6,20762,280
14834,5,6,20392,560
14834,5,6,19652,630
14834,5,6,19282,700
14834,5,6,18542,770
14834,5,6,18172,840
14834,5,6,17802,910
14834,5,6,17062,980
14834,5,6,16692,1050
14834,5,6,15952,1120
14834,5,6,15582,1190
14834,5,6,15212,1260
14834,5,6,1,1330
14468,5,6,18911,0
14468,5,6,18171,280
14468,5,6,17801,350
14468,5,6,17431,420
14468,5,6,16691,490
14468,5,6,16321,560
14468,5,6,15951,630
14468,5,6,15211,700
14468,5,6,14841,770
14468,5,6,1,840
20016,5,6,22256,0
20016,5,6,21886,560
20016,5,6,21516,840
20016,5,6,21146,1050
20016,5,6,20776,1330
20025,5,6,22256,0
20025,5,6,21886,280
20025,5,6,21516,560
20025,5,6,21146,840
20025,5,6,20776,1050
20025,5,6,20406,1330
20025,5,6,1,1400
22998,5,6,25224,0
22998,5,6,24854,350
22998,5,6,24484,560
22998,5,6,24114,770
22998,5,6,23744,1050
22998,5,6,23374,1330
20034,5,6,21146,0
20034,5,6,20776,560
20034,5,6,20406,770
20034,5,6,20036,840
20034,5,6,1,910
18900,5,6,21883,0
18900,5,6,21513,350
18900,5,6,21143,630
18900,5,6,20773,910
18900,5,6,20403,1120
18900,5,6,20033,1190
18900,5,6,19293,1260
18900,5,6,18923,1330
18900,5,6,1,1400
18909,5,6,22253,0
18909,5,6,21883,280
18909,5,6,21513,490
18909,5,6,21143,770
18909,5,6,20773,1050
18909,5,6,20403,1260
18909,5,6,20033,1330
18909,5,6,19293,1400
18909,5,6,18923,1470
15945,5,6,21135,0
15945,5,6,20765,490
15945,5,6,20025,770
15945,5,6,19655,840
15945,5,6,18915,910
15945,5,6,18545,980
15945,5,6,18175,1050
15945,5,6,17435,1120
15945,5,6,17065,1190
15945,5,6,16325,1260
15945,5,6,15955,1330
15945,5,6,1,1400
18918,5,6,21143,0
18918,5,6,20773,420
18918,5,6,20033,700
18918,5,6,19663,770
18918,5,6,18923,840
18918,5,6,1,910
12981,5,6,17427,0
12981,5,6,17057,280
12981,5,6,16687,350
12981,5,6,15947,420
12981,5,6,15577,490
12981,5,6,14837,560
12981,5,6,14467,630
12981,5,6,14097,700
12981,5,6,13357,770
12981,5,6,12987,840
12981,5,6,1,910
15954,5,6,20025,0
15954,5,6,19655,280
15954,5,6,19285,350
15954,5,6,18545,420
15954,5,6,18175,490
15954,5,6,17435,560
15954,5,6,17065,630
15954,5,6,16695,700
15954,5,6,15955,770
15954,5,6,1,840
20386,5,6,22627,0
20386,5,6,22257,420
20386,5,6,21887,630
20386,5,6,21517,840
20386,5,6,21147,1120
20386,5,6,20777,1400
21145,5,6,22629,0
21145,5,6,22259,420
21145,5,6,21889,630
21145,5,6,21519,910
21145,5,6,21149,1120
21145,5,6,1,1400
13352,5,6,18168,0
13352,5,6,17798,280
13352,5,6,17428,350
13352,5,6,16688,420
13352,5,6,16318,490
13352,5,6,15578,560
13352,5,6,15208,630
13352,5,6,14838,700
13352,5,6,14098,770
13352,5,6,13728,840
13352,5,6,1,910
17422,5,6,21879,0
17422,5,6,21509,280
17422,5,6,21139,490
17422,5,6,20769,770
17422,5,6,20029,1050
17422,5,6,19659,1120
17422,5,6,18919,1190
17422,5,6,18549,1260
17422,5,6,18179,1330
17422,5,6,17439,1400
17422,5,6,1,1470
17431,5,6,21509,0
17431,5,6,21139,280
17431,5,6,20769,560
17431,5,6,20029,840
17431,5,6,19659,910
17431,5,6,19289,980
17431,5,6,18549,1050
17431,5,6,18179,1120
17431,5,6,17439,1190
17431,5,6,1,1260
21498,5,6,23370,0
21498,5,6,23000,420
21498,5,6,22630,700
21498,5,6,22260,910
21498,5,6,21890,1190
21498,5,6,21520,1470
21507,5,6,23370,0
21507,5,6,23000,420
21507,5,6,22630,700
21507,5,6,22260,910
21507,5,6,21890,1190
21507,5,6,21520,1470
18543,5,6,21512,0
18543,5,6,21142,490
18543,5,6,20772,770
18543,5,6,20402,980
18543,5,6,20032,1050
18543,5,6,19292,1120
18543,5,6,18922,1190
18543,5,6,18552,1260
18543,5,6,1,1330
21516,5,6,23000,0
21516,5,6,22630,420
21516,5,6,22260,630
21516,5,6,21890,910
21516,5,6,21520,1190
21516,5,6,1,1400
15579,5,6,20764,0
15579,5,6,20394,280
15579,5,6,20024,350
15579,5,6,19284,420
15579,5,6,18914,490
15579,5,6,18544,560
15579,5,6,17804,630
15579,5,6,17434,700
15579,5,6,16694,770
15579,5,6,16324,840
15579,5,6,15954,910
15579,5,6,1,980
18552,5,6,22252,0
18552,5,6,21882,490
18552,5,6,21512,770
18552,5,6,21142,980
18552,5,6,20772,1260
18552,5,6,20402,1470
22631,5,6,24113,0
22631,5,6,23743,490
22631,5,6,23373,770
22631,5,6,23003,980
22631,5,6,22633,1260
14463,5,6,20761,0
14463,5,6,20021,420
14463,5,6,19651,490
14463,5,6,19281,560
14463,5,6,18541,630
14463,5,6,18171,700
14463,5,6,17431,770
14463,5,6,17061,840
14463,5,6,16691,910
14463,5,6,15951,980
14463,5,6,15581,1050
14463,5,6,14841,1120
14463,5,6,14471,1190
14463,5,6,1,1260
20011,5,6,22626,0
20011,5,6,22256,350
20011,5,6,21886,560
20011,5,6,21516,840
20011,5,6,21146,1050
20011,5,6,20776,1330
20020,5,6,22256,0
20020,5,6,21886,490
20020,5,6,21516,770
20020,5,6,21146,980
20020,5,6,20776,1260
20020,5,6,20406,1470
20029,5,6,21516,0
20029,5,6,21146,350
20029,5,6,20776,630
20029,5,6,20036,910
20029,5,6,1,980
15940,5,6,21505,0
15940,5,6,21135,490
15940,5,6,20765,700
15940,5,6,20025,980
15940,5,6,19655,1050
15940,5,6,19285,1120
15940,5,6,18545,1190
15940,5,6,18175,1260
15940,5,6,17435,1330
15940,5,6,17065,1400
15940,5,6,16695,1470
11870,5,6,16314,0
11870,5,6,15944,280
11870,5,6,15574,350
11870,5,6,14834,420
11870,5,6,14464,490
11870,5,6,13724,560
11870,5,6,13354,630
11870,5,6,12984,700
11870,5,6,12244,770
11870,5,6,11874,840
11870,5,6,1,910
18913,5,6,21883,0
18913,5,6,21513,350
18913,5,6,21143,560
18913,5,6,20773,840
18913,5,6,20033,1120
18913,5,6,19663,1190
18913,5,6,18923,1260
18913,5,6,1,1330
15949,5,6,20765,0
15949,5,6,20395,350
15949,5,6,19655,420
15949,5,6,19285,490
15949,5,6,18915,560
15949,5,6,18175,630
15949,5,6,17805,700
15949,5,6,17065,770
15949,5,6,16695,840
15949,5,6,16325,910
15949,5,6,1,980
12985,5,6,16687,0
12985,5,6,16317,280
12985,5,6,15947,350
12985,5,6,15207,420
12985,5,6,14837,490
12985,5,6,14097,560
12985,5,6,13727,630
12985,5,6,13357,700
12985,5,6,1,770
21140,5,6,22629,0
21140,5,6,22259,350
21140,5,6,21889,630
21140,5,6,21519,910
21140,5,6,21149,1120
21140,5,6,1,1400
24113,5,6,25967,0
24113,5,6,25597,560
24113,5,6,25227,770
24113,5,6,24857,1050
24113,5,6,24487,1330
21149,5,6,23369,0
21149,5,6,22999,350
21149,5,6,22629,630
21149,5,6,22259,840
21149,5,6,21889,1120
21149,5,6,21519,1330
18529,5,6,21882,0
18529,5,6,21512,280
18529,5,6,21142,560
18529,5,6,20772,840
18529,5,6,20402,1050
18529,5,6,20032,1120
18529,5,6,19662,1190
18529,5,6,18922,1260
18529,5,6,18552,1330
18529,5,6,1,1400
21502,5,6,23370,0
21502,5,6,23000,490
21502,5,6,22630,770
21502,5,6,22260,1050
21502,5,6,21890,1260
18538,5,6,21882,0
18538,5,6,21512,490
18538,5,6,21142,700
18538,5,6,20772,980
18538,5,6,20402,1190
18538,5,6,20032,1260
18538,5,6,19662,1330
18538,5,6,18922,1400
18538,5,6,18552,1470
21511,5,6,23370,0
21511,5,6,23000,350
21511,5,6,22630,630
21511,5,6,22260,840
21511,5,6,21890,1120
21511,5,6,21520,1330
15574,5,6,21134,0
15574,5,6,20764,420
15574,5,6,20394,700
15574,5,6,19654,770
15574,5,6,19284,840
15574,5,6,18544,910
15574,5,6,18174,980
15574,5,6,17804,1050
15574,5,6,17064,1120
15574,5,6,16694,1190
15574,5,6,15954,1260
15574,5,6,15584,1330
15574,5,6,1,1400
18547,5,6,21142,0
18547,5,6,20772,350
18547,5,6,20402,630
18547,5,6,19662,700
18547,5,6,19292,770
18547,5,6,18552,840
18547,5,6,1,910
21520,5,6,23740,0
21520,5,6,23370,420
21520,5,6,23000,630
21520,5,6,22630,910
21520,5,6,22260,1120
21520,5,6,21890,1400
15583,5,6,19654,0
15583,5,6,19284,280
15583,5,6,18914,350
15583,5,6,18174,420
15583,5,6,17804,490
15583,5,6,17064,560
15583,5,6,16694,630
15583,5,6,16324,700
15583,5,6,15584,770
15583,5,6,1,840
22626,5,6,24483,0
22626,5,6,24113,630
22626,5,6,23743,840
22626,5,6,23373,1120
22626,5,6,23003,1330
14467,5,6,19281,0
14467,5,6,18911,210
14467,5,6,18541,280
14467,5,6,18171,350
14467,5,6,17431,420
14467,5,6,17061,490
14467,5,6,16691,560
14467,5,6,15951,630
14467,5,6,15581,700
14467,5,6,14841,770
14467,5,6,14471,840
14467,5,6,1,910
20015,5,6,22256,0
20015,5,6,21886,560
20015,5,6,21516,840
20015,5,6,21146,1050
20015,5,6,20776,1330
11503,5,6,20753,0
11503,5,6,20383,490
11503,5,6,19643,560
11503,5,6,19273,630
11503,5,6,18903,700
11503,5,6,18163,770
11503,5,6,17793,840
11503,5,6,17053,910
11503,5,6,16683,980
11503,5,6,16313,1050
11503,5,6,15573,1120
11503,5,6,15203,1190
11503,5,6,14463,1260
11503,5,6,14093,1330
11503,5,6,13723,1400
11503,5,6,12983,1470
20024,5,6,21886,0
20024,5,6,21516,560
20024,5,6,21146,770
20024,5,6,20776,1050
20024,5,6,20406,1260
20024,5,6,20036,1330
20024,5,6,1,1400
18899,5,6,22253,0
18899,5,6,21883,350
18899,5,6,21513,630
18899,5,6,21143,840
18899,5,6,20773,1120
18899,5,6,20033,1400
18899,5,6,19663,1470
18908,5,6,22253,0
18908,5,6,21883,280
18908,5,6,21513,490
18908,5,6,21143,770
18908,5,6,20773,1050
18908,5,6,20403,1260
18908,5,6,20033,1330
18908,5,6,19293,1400
18908,5,6,18923,1470
11874,5,6,21124,0
11874,5,6,20754,280
11874,5,6,20014,560
11874,5,6,19644,630
11874,5,6,19274,700
11874,5,6,18534,770
11874,5,6,18164,840
11874,5,6,17424,910
11874,5,6,17054,980
11874,5,6,16684,1050
11874,5,6,15944,1120
11874,5,6,15574,1190
11874,5,6,14834,1260
11874,5,6,14464,1330
11874,5,6,14094,1400
11874,5,6,13354,1470
15944,5,6,21505,0
15944,5,6,21135,280
15944,5,6,20765,490
15944,5,6,20395,770
15944,5,6,19655,840
15944,5,6,19285,910
15944,5,6,18545,980
15944,5,6,18175,1050
15944,5,6,17805,1120
15944,5,6,17065,1190
15944,5,6,16695,1260
15944,5,6,15955,1330
15944,5,6,1,1400
12980,5,6,17427,0
12980,5,6,17057,280
12980,5,6,16687,350
12980,5,6,15947,420
12980,5,6,15577,490
12980,5,6,14837,560
12980,5,6,14467,630
12980,5,6,14097,700
12980,5,6,13357,770
12980,5,6,12987,840
12980,5,6,1,910
17056,5,6,21508,0
17056,5,6,21138,280
17056,5,6,20768,560
17056,5,6,20398,770
17056,5,6,20028,840
17056,5,6,19288,910
17056,5,6,18918,980
17056,5,6,18178,1050
17056,5,6,17808,1120
17056,5,6,17438,1190
17056,5,6,1,1260
21126,5,6,22999,0
21126,5,6,22629,490
21126,5,6,22259,770
21126,5,6,21889,980
21126,5,6,21519,1260
17065,5,6,20768,0
17065,5,6,20398,350
17065,5,6,20028,420
17065,5,6,19288,490
17065,5,6,18918,560
17065,5,6,18178,630
17065,5,6,17808,700
17065,5,6,17438,770
17065,5,6,1,840
21135,5,6,22999,0
21135,5,6,22629,350
21135,5,6,22259,560
21135,5,6,21889,840
21135,5,6,21519,1120
21135,5,6,21149,1330
18171,5,6,21511,0
18171,5,6,21141,490
18171,5,6,20771,770
18171,5,6,20401,980
18171,5,6,20031,1050
18171,5,6,19291,1120
18171,5,6,18921,1190
18171,5,6,18181,1260
18171,5,6,1,1330
21144,5,6,22629,0
21144,5,6,22259,420
21144,5,6,21889,630
21144,5,6,21519,910
21144,5,6,21149,1120
21144,5,6,1,1400
18180,5,6,20771,0
18180,5,6,20401,420
18180,5,6,19661,490
18180,5,6,19291,560
18180,5,6,18551,630
18180,5,6,18181,700
18180,5,6,1,770
21506,5,6,23000,0
21506,5,6,22630,490
21506,5,6,22260,700
21506,5,6,21890,980
21506,5,6,21520,1190
21506,5,6,1,1470
15569,5,6,21504,0
15569,5,6,21134,420
15569,5,6,20764,630
15569,5,6,20394,910
15569,5,6,19654,980
15569,5,6,19284,1050
15569,5,6,18914,1120
15569,5,6,18174,1190
15569,5,6,17804,1260
15569,5,6,17064,1330
15569,5,6,16694,1400
15569,5,6,16324,1470
18542,5,6,21882,0
18542,5,6,21512,280
18542,5,6,21142,560
18542,5,6,20772,770
18542,5,6,20402,1050
18542,5,6,19662,1120
18542,5,6,19292,1190
18542,5,6,18552,1260
18542,5,6,1,1330
21515,5,6,23000,0
21515,5,6,22630,420
21515,5,6,22260,630
21515,5,6,21890,910
21515,5,6,21520,1190
21515,5,6,1,1400
15578,5,6,20764,0
15578,5,6,20394,280
15578,5,6,20024,350
15578,5,6,19284,420
15578,5,6,18914,490
15578,5,6,18544,560
15578,5,6,17804,630
15578,5,6,17434,700
15578,5,6,16694,770
15578,5,6,16324,840
15578,5,6,15954,910
15578,5,6,1,980
18551,5,6,20772,0
18551,5,6,20032,490
18551,5,6,19662,560
18551,5,6,18922,630
18551,5,6,18552,700
18551,5,6,1,770
22630,5,6,24483,0
22630,5,6,24113,490
22630,5,6,23743,700
22630,5,6,23373,980
22630,5,6,23003,1190
22630,5,6,22633,1470
14462,5,6,20761,0
14462,5,6,20021,420
14462,5,6,19651,490
14462,5,6,19281,560
14462,5,6,18541,630
14462,5,6,18171,700
14462,5,6,17431,770
14462,5,6,17061,840
14462,5,6,16691,910
14462,5,6,15951,980
14462,5,6,15581,1050
14462,5,6,14841,1120
14462,5,6,14471,1190
14462,5,6,1,1260
20010,5,6,22626,0
20010,5,6,22256,420
20010,5,6,21886,630
20010,5,6,21516,910
20010,5,6,21146,1120
20010,5,6,20776,1400
11498,5,6,15943,0
11498,5,6,15573,280
11498,5,6,15203,350
11498,5,6,14463,420
11498,5,6,14093,490
11498,5,6,13353,560
11498,5,6,12983,630
11498,5,6,12613,700
11498,5,6,11873,770
11498,5,6,11503,840
11498,5,6,1,910
14471,5,6,21501,0
14471,5,6,21131,420
14471,5,6,20761,630
14471,5,6,20391,910
14471,5,6,19651,980
14471,5,6,19281,1050
14471,5,6,18911,1120
14471,5,6,18171,1190
14471,5,6,17801,1260
14471,5,6,17061,1330
14471,5,6,16691,1400
14471,5,6,16321,1470
20019,5,6,22256,0
20019,5,6,21886,490
20019,5,6,21516,700
20019,5,6,21146,980
20019,5,6,20776,1260
20019,5,6,20406,1470
19653,5,6,21885,0
19653,5,6,21515,490
19653,5,6,21145,700
19653,5,6,20775,980
19653,5,6,20035,1260
19653,5,6,19665,1330
19653,5,6,1,1400
19662,5,6,21145,0
19662,5,6,20775,560
19662,5,6,20405,770
19662,5,6,20035,840
19662,5,6,19665,910
19662,5,6,1,980
15939,5,6,21505,0
15939,5,6,21135,490
15939,5,6,20765,700
15939,5,6,20395,980
15939,5,6,19655,1050
15939,5,6,19285,1120
15939,5,6,18915,1190
15939,5,6,18175,1260
15939,5,6,17805,1330
15939,5,6,17065,1400
15939,5,6,16695,1470
20768,5,6,22258,0
20768,5,6,21888,420
20768,5,6,21518,630
20768,5,6,21148,910
20768,5,6,20778,1120
20768,5,6,1,1400
11869,5,6,16314,0
11869,5,6,15944,280
11869,5,6,15574,350
11869,5,6,14834,420
11869,5,6,14464,490
11869,5,6,13724,560
11869,5,6,13354,630
11869,5,6,12984,700
11869,5,6,12244,770
11869,5,6,11874,840
11869,5,6,1,910
23741,5,6,25596,0
23741,5,6,25226,560
23741,5,6,24856,770
23741,5,6,24486,1050
23741,5,6,24116,1260
20777,5,6,21518,0
20777,5,6,21148,350
20777,5,6,20778,560
20777,5,6,1,840
12984,5,6,17427,0
12984,5,6,17057,210
12984,5,6,16687,280
12984,5,6,16317,350
12984,5,6,15947,420
12984,5,6,15207,490
12984,5,6,14837,560
12984,5,6,14097,630
12984,5,6,13727,700
12984,5,6,13357,770
12984,5,6,1,840
17051,5,6,21508,0
17051,5,6,21138,490
17051,5,6,20768,700
17051,5,6,20398,980
17051,5,6,19658,1050
17051,5,6,19288,1120
17051,5,6,18548,1190
17051,5,6,18178,1260
17051,5,6,17808,1330
17051,5,6,17068,1400
17051,5,6,1,1470
17060,5,6,21508,0
17060,5,6,21138,280
17060,5,6,20768,490
17060,5,6,20398,770
17060,5,6,19658,840
17060,5,6,19288,910
17060,5,6,18918,980
17060,5,6,18178,1050
17060,5,6,17808,1120
17060,5,6,17068,1190
17060,5,6,1,1260
21130,5,6,22629,0
21130,5,6,22259,490
21130,5,6,21889,700
21130,5,6,21519,980
21130,5,6,21149,1190
21130,5,6,1,1470
14096,5,6,18910,0
14096,5,6,18540,210
14096,5,6,18170,280
14096,5,6,17800,350
14096,5,6,17060,420
14096,5,6,16690,490
14096,5,6,16320,560
14096,5,6,15580,630
14096,5,6,15210,700
14096,5,6,14470,770
14096,5,6,14100,840
14096,5,6,1,910
18166,5,6,21881,0
18166,5,6,21511,420
18166,5,6,21141,700
18166,5,6,20771,910
18166,5,6,20031,1190
18166,5,6,19661,1260
18166,5,6,19291,1330
18166,5,6,18551,1400
18166,5,6,18181,1470
21139,5,6,22999,0
21139,5,6,22629,350
21139,5,6,22259,560
21139,5,6,21889,840
21139,5,6,21519,1120
21139,5,6,21149,1330
24112,5,6,25967,0
24112,5,6,25597,420
24112,5,6,25227,700
24112,5,6,24857,980
24112,5,6,24487,1190
24112,5,6,24117,1470
18175,5,6,21141,0
18175,5,6,20771,280
18175,5,6,20401,560
18175,5,6,20031,630
18175,5,6,19291,700
18175,5,6,18921,770
18175,5,6,18551,840
18175,5,6,1,910
21148,5,6,21889,0
21148,5,6,21519,490
21148,5,6,21149,770
21148,5,6,1,980
18528,5,6,22252,0
18528,5,6,21882,280
18528,5,6,21512,560
18528,5,6,21142,840
18528,5,6,20772,1050
18528,5,6,20402,1330
18528,5,6,19662,1400
18528,5,6,19292,1470
21501,5,6,23370,0
21501,5,6,23000,560
21501,5,6,22630,770
21501,5,6,22260,1050
21501,5,6,21890,1260
18537,5,6,21882,0
18537,5,6,21512,490
18537,5,6,21142,700
18537,5,6,20772,980
18537,5,6,20402,1190
18537,5,6,20032,1260
18537,5,6,19662,1330
18537,5,6,18922,1400
18537,5,6,18552,1470
11131,5,6,14462,0
11131,5,6,13722,280
11131,5,6,13352,350
11131,5,6,12982,420
11131,5,6,12242,490
11131,5,6,11872,560
11131,5,6,11132,630
11131,5,6,1,700
15573,5,6,21134,0
15573,5,6,20764,490
15573,5,6,20394,700
15573,5,6,20024,770
15573,5,6,19284,840
15573,5,6,18914,910
15573,5,6,18174,980
15573,5,6,17804,1050
15573,5,6,17434,1120
15573,5,6,16694,1190
15573,5,6,16324,1260
15573,5,6,15584,1330
15573,5,6,1,1400
18546,5,6,21142,0
18546,5,6,20772,350
18546,5,6,20402,630
18546,5,6,19662,700
18546,5,6,19292,770
18546,5,6,18922,840
18546,5,6,1,910
15582,5,6,20024,0
15582,5,6,19284,350
15582,5,6,18544,420
15582,5,6,18174,490
15582,5,6,17804,560
15582,5,6,17064,630
15582,5,6,16694,700
15582,5,6,15954,770
15582,5,6,15584,840
15582,5,6,1,910
22259,5,6,24112,0
22259,5,6,23742,490
22259,5,6,23372,700
22259,5,6,23002,980
22259,5,6,22632,1190
22259,5,6,22262,1470
14466,5,6,18911,0
14466,5,6,18541,280
14466,5,6,18171,350
14466,5,6,17431,420
14466,5,6,17061,490
14466,5,6,16691,560
14466,5,6,15951,630
14466,5,6,15581,700
14466,5,6,14841,770
14466,5,6,14471,840
14466,5,6,1,910
11502,5,6,14833,0
11502,5,6,14093,280
11502,5,6,13723,350
11502,5,6,13353,420
11502,5,6,12613,490
11502,5,6,12243,560
11502,5,6,11503,630
11502,5,6,1,700
19648,5,6,22255,0
19648,5,6,21885,420
19648,5,6,21515,700
19648,5,6,21145,910
19648,5,6,20775,1190
19648,5,6,20405,1400
19648,5,6,20035,1470
12614,5,6,16316,0
12614,5,6,15946,280
12614,5,6,15576,350
12614,5,6,14836,420
12614,5,6,14466,490
12614,5,6,13726,560
12614,5,6,13356,630
12614,5,6,12986,700
12614,5,6,1,770
19657,5,6,21885,0
19657,5,6,21515,490
19657,5,6,21145,700
19657,5,6,20775,980
19657,5,6,20405,1190
19657,5,6,20035,1260
19657,5,6,1,1330
20763,5,6,22628,0
20763,5,6,22258,350
20763,5,6,21888,560
20763,5,6,21518,840
20763,5,6,21148,1050
20763,5,6,20778,1330
16693,5,6,20767,0
16693,5,6,20397,350
16693,5,6,20027,420
16693,5,6,19287,490
16693,5,6,18917,560
16693,5,6,18547,630
16693,5,6,17807,700
16693,5,6,17437,770
16693,5,6,16697,840
16693,5,6,1,910
13729,5,6,21499,0
13729,5,6,21129,280
13729,5,6,20759,560
13729,5,6,20019,840
13729,5,6,19649,910
13729,5,6,18909,980
13729,5,6,18539,1050
13729,5,6,18169,1120
13729,5,6,17429,1190
13729,5,6,17059,1260
13729,5,6,16319,1330
13729,5,6,15949,1400
13729,5,6,15579,1470
20772,5,6,21518,0
20772,5,6,21148,490
20772,5,6,20778,700
20772,5,6,1,980
23745,5,6,24856,0
23745,5,6,24486,420
23745,5,6,24116,630
23745,5,6,23746,910
23745,5,6,1,1120
21125,5,6,22999,0
21125,5,6,22629,560
21125,5,6,22259,770
21125,5,6,21889,1050
21125,5,6,21519,1260
17055,5,6,21508,0
17055,5,6,21138,280
17055,5,6,20768,560
17055,5,6,20398,770
17055,5,6,20028,840
17055,5,6,19288,910
17055,5,6,18918,980
17055,5,6,18178,1050
17055,5,6,17808,1120
17055,5,6,17438,1190
17055,5,6,1,1260
14091,5,6,20760,0
14091,5,6,20390,350
14091,5,6,19650,420
14091,5,6,19280,490
14091,5,6,18910,560
14091,5,6,18170,630
14091,5,6,17800,700
14091,5,6,17060,770
14091,5,6,16690,840
14091,5,6,16320,910
14091,5,6,15580,980
14091,5,6,15210,1050
14091,5,6,14470,1120
14091,5,6,14100,1190
14091,5,6,1,1260
18161,5,6,21881,0
18161,5,6,21511,490
18161,5,6,21141,770
18161,5,6,20771,980
18161,5,6,20401,1260
18161,5,6,19661,1330
18161,5,6,19291,1400
18161,5,6,18551,1470
17064,5,6,20768,0
17064,5,6,20028,420
17064,5,6,19658,490
17064,5,6,18918,560
17064,5,6,18548,630
17064,5,6,18178,700
17064,5,6,17438,770
17064,5,6,17068,840
17064,5,6,1,910
21134,5,6,22629,0
21134,5,6,22259,490
21134,5,6,21889,770
21134,5,6,21519,980
21134,5,6,21149,1260
21134,5,6,1,1470
18170,5,6,21881,0
18170,5,6,21511,210
18170,5,6,21141,490
18170,5,6,20771,770
18170,5,6,20401,980
18170,5,6,20031,1050
18170,5,6,19291,1120
18170,5,6,18921,1190
18170,5,6,18551,1260
18170,5,6,1,1330
14100,5,6,21500,0
14100,5,6,21130,350
14100,5,6,20760,630
14100,5,6,20390,840
14100,5,6,20020,910
14100,5,6,19280,980
14100,5,6,18910,1050
14100,5,6,18540,1120
14100,5,6,17800,1190
14100,5,6,17430,1260
14100,5,6,16690,1330
14100,5,6,16320,1400
14100,5,6,15950,1470
21143,5,6,22629,0
21143,5,6,22259,420
21143,5,6,21889,700
21143,5,6,21519,910
21143,5,6,21149,1190
21143,5,6,1,1400
18179,5,6,20771,0
18179,5,6,20031,490
18179,5,6,19661,560
18179,5,6,19291,630
18179,5,6,18551,700
18179,5,6,18181,770
18179,5,6,1,840
18532,5,6,22252,0
18532,5,6,21882,280
18532,5,6,21512,560
18532,5,6,21142,770
18532,5,6,20772,1050
18532,5,6,20032,1330
18532,5,6,19662,1400
18532,5,6,18922,1470
23370,5,6,25225,0
23370,5,6,24855,560
23370,5,6,24485,770
23370,5,6,24115,1050
23370,5,6,23745,1330
15577,5,6,20764,0
15577,5,6,20394,280
15577,5,6,20024,350
15577,5,6,19284,420
15577,5,6,18914,490
15577,5,6,18544,560
15577,5,6,17804,630
15577,5,6,17434,700
15577,5,6,16694,770
15577,5,6,16324,840
15577,5,6,15954,910
15577,5,6,1,980
22254,5,6,24112,0
22254,5,6,23742,560
22254,5,6,23372,770
22254,5,6,23002,1050
22254,5,6,22632,1260
19290,5,6,21144,0
19290,5,6,20774,490
19290,5,6,20404,700
19290,5,6,20034,770
19290,5,6,19294,840
19290,5,6,1,910
19643,5,6,21885,0
19643,5,6,21515,560
19643,5,6,21145,770
19643,5,6,20775,1050
19643,5,6,20405,1260
19643,5,6,20035,1330
19643,5,6,19665,1400
19643,5,6,1,1470
20749,5,6,22628,0
20749,5,6,22258,490
20749,5,6,21888,770
20749,5,6,21518,980
20749,5,6,21148,1260
20749,5,6,20778,1470
19652,5,6,21885,0
19652,5,6,21515,490
19652,5,6,21145,700
19652,5,6,20775,980
19652,5,6,20035,1260
19652,5,6,19665,1330
19652,5,6,1,1400
16688,5,6,21137,0
16688,5,6,20767,490
16688,5,6,20397,700
16688,5,6,20027,770
16688,5,6,19657,840
16688,5,6,18917,910
16688,5,6,18547,980
16688,5,6,17807,1050
16688,5,6,17437,1120
16688,5,6,17067,1190
16688,5,6,1,1260
20758,5,6,22628,0
20758,5,6,22258,420
20758,5,6,21888,700
20758,5,6,21518,910
20758,5,6,21148,1190
20758,5,6,20778,1400
19661,5,6,21515,0
19661,5,6,21145,350
19661,5,6,20775,560
19661,5,6,20035,840
19661,5,6,19665,910
19661,5,6,1,980
13724,5,6,18169,0
13724,5,6,17799,280
13724,5,6,17429,350
13724,5,6,16689,420
13724,5,6,16319,490
13724,5,6,15949,560
13724,5,6,15209,630
13724,5,6,14839,700
13724,5,6,14099,770
13724,5,6,13729,840
13724,5,6,1,910
20767,5,6,22258,0
20767,5,6,21888,420
20767,5,6,21518,630
20767,5,6,21148,910
20767,5,6,20778,1190
20767,5,6,1,1400
16697,5,6,21877,0
16697,5,6,21507,490
16697,5,6,21137,770
16697,5,6,20767,980
16697,5,6,20027,1260
16697,5,6,19657,1330
16697,5,6,19287,1400
16697,5,6,18547,1470
23740,5,6,25596,0
23740,5,6,25226,560
23740,5,6,24856,770
23740,5,6,24486,1050
23740,5,6,24116,1260
20776,5,6,21518,0
20776,5,6,21148,350
20776,5,6,20778,630
20776,5,6,1,910
17059,5,6,21508,0
17059,5,6,21138,280
17059,5,6,20768,490
17059,5,6,20398,770
17059,5,6,19658,840
17059,5,6,19288,910
17059,5,6,18918,980
17059,5,6,18178,1050
17059,5,6,17808,1120
17059,5,6,17068,1190
17059,5,6,1,1260
21129,5,6,22999,0
21129,5,6,22629,420
21129,5,6,22259,700
21129,5,6,21889,980
21129,5,6,21519,1190
21129,5,6,21149,1470
14095,5,6,18540,0
14095,5,6,18170,280
14095,5,6,17800,350
14095,5,6,17060,420
14095,5,6,16690,490
14095,5,6,16320,560
14095,5,6,15580,630
14095,5,6,15210,700
14095,5,6,14470,770
14095,5,6,14100,840
14095,5,6,1,910
18165,5,6,21881,0
18165,5,6,21511,420
18165,5,6,21141,700
18165,5,6,20771,910
18165,5,6,20401,1190
18165,5,6,19661,1260
18165,5,6,19291,1330
18165,5,6,18551,1400
18165,5,6,18181,1470
21138,5,6,22999,0
21138,5,6,22629,350
21138,5,6,22259,560
21138,5,6,21889,840
21138,5,6,21519,1120
21138,5,6,21149,1330
18174,5,6,21141,0
18174,5,6,20771,280
18174,5,6,20401,560
18174,5,6,20031,630
18174,5,6,19291,700
18174,5,6,18921,770
18174,5,6,18551,840
18174,5,6,1,910
15572,5,6,21134,0
15572,5,6,20764,420
15572,5,6,20024,700
15572,5,6,19654,770
15572,5,6,18914,840
15572,5,6,18544,910
15572,5,6,18174,980
15572,5,6,17434,1050
15572,5,6,17064,1120
15572,5,6,16324,1190
15572,5,6,15954,1260
15572,5,6,15584,1330
15572,5,6,1,1400
11130,5,6,14832,0
11130,5,6,14462,280
11130,5,6,14092,350
11130,5,6,13352,420
11130,5,6,12982,490
11130,5,6,12242,560
11130,5,6,11872,630
11130,5,6,11502,700
11130,5,6,1,770
23374,5,6,24485,0
23374,5,6,24115,420
23374,5,6,23745,630
23374,5,6,23375,840
23374,5,6,1,1120
15206,5,6,20763,0
15206,5,6,20393,210
15206,5,6,20023,280
15206,5,6,19653,350
15206,5,6,18913,420
15206,5,6,18543,490
15206,5,6,18173,560
15206,5,6,17433,630
15206,5,6,17063,700
15206,5,6,16323,770
15206,5,6,15953,840
15206,5,6,15583,910
15206,5,6,1,980
19276,5,6,22254,0
19276,5,6,21884,280
19276,5,6,21514,560
19276,5,6,21144,840
19276,5,6,20774,1050
19276,5,6,20034,1330
19276,5,6,19664,1400
19276,5,6,19294,1470
22249,5,6,24482,0
22249,5,6,24112,350
22249,5,6,23742,630
22249,5,6,23372,840
22249,5,6,23002,1120
22249,5,6,22632,1330
19285,5,6,21884,0
19285,5,6,21514,350
19285,5,6,21144,630
19285,5,6,20774,840
19285,5,6,20034,1120
19285,5,6,19664,1190
19285,5,6,19294,1260
19285,5,6,1,1330
22258,5,6,24112,0
22258,5,6,23742,560
22258,5,6,23372,770
22258,5,6,23002,1050
22258,5,6,22632,1260
16321,5,6,20766,0
16321,5,6,20396,350
16321,5,6,20026,420
16321,5,6,19656,490
16321,5,6,18916,560
16321,5,6,18546,630
16321,5,6,17806,700
16321,5,6,17436,770
16321,5,6,17066,840
16321,5,6,16326,910
16321,5,6,1,980
19294,5,6,22624,0
19294,5,6,22254,350
19294,5,6,21884,630
19294,5,6,21514,840
19294,5,6,21144,1120
19294,5,6,20774,1330
19647,5,6,22255,0
19647,5,6,21885,420
19647,5,6,21515,700
19647,5,6,21145,910
19647,5,6,20775,1190
19647,5,6,20405,1400
19647,5,6,20035,1470
12613,5,6,17056,0
12613,5,6,16686,210
12613,5,6,16316,280
12613,5,6,15946,350
12613,5,6,15576,420
12613,5,6,14836,490
12613,5,6,14466,560
12613,5,6,13726,630
12613,5,6,13356,700
12613,5,6,12986,770
12613,5,6,1,840
20753,5,6,22628,0
20753,5,6,22258,420
20753,5,6,21888,700
20753,5,6,21518,910
20753,5,6,21148,1190
20753,5,6,20778,1400
19656,5,6,21885,0
19656,5,6,21515,490
19656,5,6,21145,700
19656,5,6,20775,980
19656,5,6,20405,1190
19656,5,6,20035,1260
19656,5,6,1,1330
16683,5,6,21507,0
16683,5,6,21137,420
16683,5,6,20767,700
16683,5,6,20397,910
16683,5,6,20027,980
16683,5,6,19657,1050
16683,5,6,18917,1120
16683,5,6,18547,1190
16683,5,6,17807,1260
16683,5,6,17437,1330
16683,5,6,17067,1400
16683,5,6,1,1470
13719,5,6,20759,0
13719,5,6,20389,350
13719,5,6,19649,420
13719,5,6,19279,490
13719,5,6,18539,560
13719,5,6,18169,630
13719,5,6,17799,700
13719,5,6,17059,770
13719,5,6,16689,840
13719,5,6,15949,910
13719,5,6,15579,980
13719,5,6,15209,1050
13719,5,6,14469,1120
13719,5,6,14099,1190
13719,5,6,1,1260
16692,5,6,20767,0
16692,5,6,20397,350
16692,5,6,20027,420
16692,5,6,19287,490
16692,5,6,18917,560
16692,5,6,18547,630
16692,5,6,17807,700
16692,5,6,17437,770
16692,5,6,16697,840
16692,5,6,1,910
20762,5,6,22628,0
20762,5,6,22258,350
20762,5,6,21888,560
20762,5,6,21518,840
20762,5,6,21148,1120
20762,5,6,20778,1330
19665,5,6,22625,0
19665,5,6,22255,490
19665,5,6,21885,700
19665,5,6,21515,980
19665,5,6,21145,1190
19665,5,6,20775,1470
13728,5,6,17059,0
13728,5,6,16319,280
13728,5,6,15949,350
13728,5,6,15579,420
13728,5,6,15209,490
13728,5,6,14469,560
13728,5,6,14099,630
13728,5,6,1,700
20771,5,6,21518,0
20771,5,6,21148,490
20771,5,6,20778,700
20771,5,6,1,980
21124,5,6,22999,0
21124,5,6,22629,490
21124,5,6,22259,770
21124,5,6,21889,1050
21124,5,6,21519,1260
21883,5,6,23741,0
21883,5,6,23371,420
21883,5,6,23001,700
21883,5,6,22631,910
21883,5,6,22261,1190
21883,5,6,21891,1400
17054,5,6,21508,0
17054,5,6,21138,490
17054,5,6,20768,700
17054,5,6,20398,980
17054,5,6,19658,1050
17054,5,6,19288,1120
17054,5,6,18918,1190
17054,5,6,18178,1260
17054,5,6,17808,1330
17054,5,6,17068,1400
17054,5,6,1,1470
14090,5,6,20760,0
14090,5,6,20020,420
14090,5,6,19650,490
14090,5,6,18910,560
14090,5,6,18540,630
14090,5,6,18170,700
14090,5,6,17430,770
14090,5,6,17060,840
14090,5,6,16320,910
14090,5,6,15950,980
14090,5,6,15580,1050
14090,5,6,14840,1120
14090,5,6,14470,1190
14090,5,6,1,1260
18169,5,6,21511,0
18169,5,6,21141,490
18169,5,6,20771,700
18169,5,6,20401,980
18169,5,6,19661,1050
18169,5,6,19291,1120
18169,5,6,18551,1190
18169,5,6,18181,1260
18169,5,6,1,1330
14099,5,6,17430,0
14099,5,6,16690,280
14099,5,6,16320,350
14099,5,6,15950,420
14099,5,6,15580,490
14099,5,6,14840,560
14099,5,6,14470,630
14099,5,6,1,700
17803,5,6,21140,0
17803,5,6,20770,280
17803,5,6,20400,490
17803,5,6,20030,560
17803,5,6,19660,630
17803,5,6,18920,700
17803,5,6,18550,770
17803,5,6,17810,840
17803,5,6,1,910
23369,5,6,25595,0
23369,5,6,25225,350
23369,5,6,24855,560
23369,5,6,24485,770
23369,5,6,24115,1050
23369,5,6,23745,1330
15201,5,6,21133,0
15201,5,6,20763,350
15201,5,6,20393,630
15201,5,6,19653,700
15201,5,6,19283,770
15201,5,6,18543,840
15201,5,6,18173,910
15201,5,6,17803,980
15201,5,6,17063,1050
15201,5,6,16693,1120
15201,5,6,15953,1190
15201,5,6,15583,1260
15201,5,6,15213,1330
15201,5,6,1,1400
15210,5,6,20393,0
15210,5,6,19653,280
15210,5,6,19283,350
15210,5,6,18913,420
15210,5,6,18173,490
15210,5,6,17803,560
15210,5,6,17433,630
15210,5,6,16693,700
15210,5,6,16323,770
15210,5,6,15583,840
15210,5,6,15213,910
15210,5,6,1,980
19280,5,6,22254,0
19280,5,6,21884,280
19280,5,6,21514,560
19280,5,6,21144,840
19280,5,6,20774,1050
19280,5,6,20404,1330
19280,5,6,19664,1400
19280,5,6,19294,1470
22253,5,6,24112,0
22253,5,6,23742,560
22253,5,6,23372,770
22253,5,6,23002,1050
22253,5,6,22632,1260
16316,5,6,21506,0
16316,5,6,21136,280
16316,5,6,20766,560
16316,5,6,20396,770
16316,5,6,20026,840
16316,5,6,19286,910
16316,5,6,18916,980
16316,5,6,18176,1050
16316,5,6,17806,1120
16316,5,6,17436,1190
16316,5,6,16696,1260
16316,5,6,16326,1330
16316,5,6,1,1400
19289,5,6,21144,0
19289,5,6,20774,490
19289,5,6,20404,700
19289,5,6,20034,770
19289,5,6,19294,840
19289,5,6,1,910
22262,5,6,24482,0
22262,5,6,24112,490
22262,5,6,23742,700
22262,5,6,23372,980
22262,5,6,23002,1260
22262,5,6,22632,1470
16325,5,6,20396,0
16325,5,6,20026,280
16325,5,6,19286,350
16325,5,6,18916,420
16325,5,6,18546,490
16325,5,6,17806,560
16325,5,6,17436,630
16325,5,6,16696,700
16325,5,6,16326,770
16325,5,6,1,840
20748,5,6,22628,0
20748,5,6,22258,420
20748,5,6,21888,700
20748,5,6,21518,910
20748,5,6,21148,1190
20748,5,6,20778,1400
16678,5,6,21507,0
16678,5,6,21137,350
16678,5,6,20767,560
16678,5,6,20397,840
16678,5,6,19657,910
16678,5,6,19287,980
16678,5,6,18917,1050
16678,5,6,18177,1120
16678,5,6,17807,1190
16678,5,6,17067,1260
16678,5,6,16697,1330
16678,5,6,1,1400
19651,5,6,22255,0
19651,5,6,21885,420
19651,5,6,21515,700
19651,5,6,21145,910
19651,5,6,20775,1190
19651,5,6,20405,1400
19651,5,6,20035,1470
12608,5,6,19646,0
12608,5,6,19276,280
12608,5,6,18906,350
12608,5,6,18166,420
12608,5,6,17796,490
12608,5,6,17056,560
12608,5,6,16686,630
12608,5,6,16316,700
12608,5,6,15576,770
12608,5,6,15206,840
12608,5,6,14466,910
12608,5,6,14096,980
12608,5,6,13726,1050
12608,5,6,12986,1120
12608,5,6,12616,1190
12608,5,6,1,1260
16687,5,6,21507,0
16687,5,6,21137,280
16687,5,6,20767,490
16687,5,6,20397,770
16687,5,6,19657,840
16687,5,6,19287,910
16687,5,6,18917,980
16687,5,6,18177,1050
16687,5,6,17807,1120
16687,5,6,17067,1190
16687,5,6,16697,1260
16687,5,6,1,1330
20757,5,6,22628,0
20757,5,6,22258,420
20757,5,6,21888,700
20757,5,6,21518,910
20757,5,6,21148,1190
20757,5,6,20778,1400
13723,5,6,18169,0
13723,5,6,17799,280
13723,5,6,17429,350
13723,5,6,16689,420
13723,5,6,16319,490
13723,5,6,15949,560
13723,5,6,15209,630
13723,5,6,14839,700
13723,5,6,14099,770
13723,5,6,13729,840
13723,5,6,1,910
20766,5,6,22258,0
20766,5,6,21888,350
20766,5,6,21518,630
20766,5,6,21148,910
20766,5,6,20778,1120
20766,5,6,1,1400
16696,5,6,20397,0
16696,5,6,20027,280
16696,5,6,19287,350
16696,5,6,18917,420
16696,5,6,18177,490
16696,5,6,17807,560
16696,5,6,17437,630
16696,5,6,16697,700
16696,5,6,1,770
21878,5,6,23741,0
21878,5,6,23371,420
21878,5,6,23001,700
21878,5,6,22631,910
21878,5,6,22261,1190
21878,5,6,21891,1470
21887,6,7,23741,0
21887,6,7,23371,420
21887,6,7,23001,630
21887,6,7,22631,910
21887,6,7,22261,1120
21887,6,7,21891,1400
17798,6,7,21510,0
17798,6,7,21140,420
17798,6,7,20770,700
17798,6,7,20400,910
17798,6,7,20030,980
17798,6,7,19290,1050
17798,6,7,18920,1120
17798,6,7,18550,1190
17798,6,7,17810,1260
17798,6,7,1,1330
17807,6,7,21140,0
17807,6,7,20770,280
17807,6,7,20400,490
17807,6,7,20030,560
17807,6,7,19290,630
17807,6,7,18920,700
17807,6,7,18550,770
17807,6,7,17810,840
17807,6,7,1,910
23373,6,7,25225,0
23373,6,7,24855,420
23373,6,7,24485,630
23373,6,7,24115,840
23373,6,7,23745,1120
23373,6,7,23375,1330
15205,6,7,21133,0
15205,6,7,20763,350
15205,6,7,20393,630
15205,6,7,19653,700
15205,6,7,19283,770
15205,6,7,18543,840
15205,6,7,18173,910
15205,6,7,17803,980
15205,6,7,17063,1050
15205,6,7,16693,1120
15205,6,7,15953,1190
15205,6,7,15583,1260
15205,6,7,15213,1330
15205,6,7,1,1400
19275,6,7,21884,0
19275,6,7,21514,490
19275,6,7,21144,700
19275,6,7,20774,980
19275,6,7,20034,1260
19275,6,7,19664,1330
19275,6,7,1,1400
19284,6,7,21884,0
19284,6,7,21514,420
19284,6,7,21144,630
19284,6,7,20774,910
19284,6,7,20034,1190
19284,6,7,19664,1260
19284,6,7,1,1330
16320,6,7,20766,0
16320,6,7,20026,420
16320,6,7,19656,490
16320,6,7,19286,560
16320,6,7,18546,630
16320,6,7,18176,700
16320,6,7,17436,770
16320,6,7,17066,840
16320,6,7,16696,910
16320,6,7,1,980
19293,6,7,21144,0
19293,6,7,20774,350
19293,6,7,20404,560
19293,6,7,20034,630
19293,6,7,19294,700
19293,6,7,1,770
19646,6,7,22255,0
19646,6,7,21885,350
19646,6,7,21515,630
19646,6,7,21145,840
19646,6,7,20775,1120
19646,6,7,20405,1330
19646,6,7,20035,1400
19646,6,7,1,1470
20752,6,7,22628,0
20752,6,7,22258,490
20752,6,7,21888,770
20752,6,7,21518,980
20752,6,7,21148,1260
16682,6,7,21507,0
16682,6,7,21137,490
16682,6,7,20767,700
16682,6,7,20027,980
16682,6,7,19657,1050
16682,6,7,19287,1120
16682,6,7,18547,1190
16682,6,7,18177,1260
16682,6,7,17437,1330
16682,6,7,17067,1400
16682,6,7,16697,1470
12612,6,7,17426,0
12612,6,7,17056,210
12612,6,7,16686,280
12612,6,7,16316,350
12612,6,7,15946,420
12612,6,7,15206,490
12612,6,7,14836,560
12612,6,7,14096,630
12612,6,7,13726,700
12612,6,7,13356,770
12612,6,7,12616,840
12612,6,7,1,910
24484,6,7,26338,0
24484,6,7,25968,630
24484,6,7,25598,840
24484,6,7,25228,1120
24484,6,7,24858,1330
20761,6,7,22628,0
20761,6,7,22258,350
20761,6,7,21888,630
20761,6,7,21518,840
20761,6,7,21148,1120
20761,6,7,20778,1330
13727,6,7,17799,0
13727,6,7,17059,280
13727,6,7,16689,350
13727,6,7,16319,420
13727,6,7,15579,490
13727,6,7,15209,560
13727,6,7,14839,630
13727,6,7,14099,700
13727,6,7,13729,770
13727,6,7,1,840
20395,6,7,22257,0
20395,6,7,21887,350
20395,6,7,21517,630
20395,6,7,21147,840
20395,6,7,20777,1120
20395,6,7,20407,1330
20395,6,7,1,1400
21873,6,7,23741,0
21873,6,7,23371,490
21873,6,7,23001,700
21873,6,7,22631,980
21873,6,7,22261,1260
21873,6,7,21891,1470
20404,6,7,21517,0
20404,6,7,21147,420
20404,6,7,20777,630
20404,6,7,20407,910
20404,6,7,1,980
21882,6,7,23741,0
21882,6,7,23371,490
21882,6,7,23001,700
21882,6,7,22631,980
21882,6,7,22261,1190
21882,6,7,21891,1470
24855,6,7,26709,0
24855,6,7,26339,560
24855,6,7,25969,770
24855,6,7,25599,1050
24855,6,7,25229,1330
21891,6,7,24111,0
21891,6,7,23741,420
21891,6,7,23371,630
21891,6,7,23001,910
21891,6,7,22631,1190
21891,6,7,22261,1400
25970,6,7,27452,0
25970,6,7,27082,490
25970,6,7,26712,770
25970,6,7,26342,980
25970,6,7,25972,1260
25970,6,7,1,1470
17793,6,7,21880,0
17793,6,7,21510,350
17793,6,7,21140,630
17793,6,7,20770,910
17793,6,7,20400,1120
17793,6,7,20030,1190
17793,6,7,19290,1260
17793,6,7,18920,1330
17793,6,7,18180,1400
17793,6,7,17810,1470
17802,6,7,21510,0
17802,6,7,21140,420
17802,6,7,20770,700
17802,6,7,20400,910
17802,6,7,20030,980
17802,6,7,19290,1050
17802,6,7,18920,1120
17802,6,7,18180,1190
17802,6,7,17810,1260
17802,6,7,1,1330
14838,6,7,20392,0
14838,6,7,20022,210
14838,6,7,19652,280
14838,6,7,19282,350
14838,6,7,18912,420
14838,6,7,18172,490
14838,6,7,17802,560
14838,6,7,17432,630
14838,6,7,16692,700
14838,6,7,16322,770
14838,6,7,15582,840
14838,6,7,15212,910
14838,6,7,14842,980
14838,6,7,1,1050
19270,6,7,22254,0
19270,6,7,21884,420
19270,6,7,21514,700
19270,6,7,21144,910
19270,6,7,20774,1190
19270,6,7,20404,1400
19270,6,7,20034,1470
15200,6,7,21133,0
15200,6,7,20763,420
15200,6,7,20393,630
15200,6,7,20023,700
15200,6,7,19283,770
15200,6,7,18913,840
15200,6,7,18173,910
15200,6,7,17803,980
15200,6,7,17433,1050
15200,6,7,16693,1120
15200,6,7,16323,1190
15200,6,7,15583,1260
15200,6,7,15213,1330
15200,6,7,1,1400
23002,6,7,24484,0
23002,6,7,24114,560
23002,6,7,23744,840
23002,6,7,23374,1050
23002,6,7,23004,1330
19279,6,7,22254,0
19279,6,7,21884,350
19279,6,7,21514,560
19279,6,7,21144,840
19279,6,7,20774,1120
19279,6,7,20404,1330
19279,6,7,20034,1400
19279,6,7,19294,1470
15209,6,7,20763,0
15209,6,7,20023,280
15209,6,7,19653,350
15209,6,7,19283,420
15209,6,7,18543,490
15209,6,7,18173,560
15209,6,7,17803,630
15209,6,7,17063,700
15209,6,7,16693,770
15209,6,7,15953,840
15209,6,7,15583,910
15209,6,7,15213,980
15209,6,7,1,1050
12245,6,7,21125,0
12245,6,7,20755,350
12245,6,7,20385,630
12245,6,7,19645,700
12245,6,7,19275,770
12245,6,7,18535,840
12245,6,7,18165,910
12245,6,7,17795,980
12245,6,7,17055,1050
12245,6,7,16685,1120
12245,6,7,15945,1190
12245,6,7,15575,1260
12245,6,7,15205,1330
12245,6,7,14465,1400
12245,6,7,14095,1470
16315,6,7,21506,0
16315,6,7,21136,280
16315,6,7,20766,560
16315,6,7,20026,840
16315,6,7,19656,910
16315,6,7,18916,980
16315,6,7,18546,1050
16315,6,7,18176,1120
16315,6,7,17436,1190
16315,6,7,17066,1260
16315,6,7,16326,1330
16315,6,7,1,1400
19288,6,7,21144,0
19288,6,7,20774,490
19288,6,7,20034,770
19288,6,7,19664,840
19288,6,7,1,910
16324,6,7,20766,0
16324,6,7,20026,350
16324,6,7,19286,420
16324,6,7,18916,490
16324,6,7,18546,560
16324,6,7,17806,630
16324,6,7,17436,700
16324,6,7,16696,770
16324,6,7,16326,840
16324,6,7,1,910
18922,6,7,21143,0
18922,6,7,20773,280
18922,6,7,20033,560
18922,6,7,19663,630
18922,6,7,18923,700
18922,6,7,1,770
24488,6,7,26708,0
24488,6,7,26338,490
24488,6,7,25968,770
24488,6,7,25598,980
24488,6,7,25228,1260
24488,6,7,24858,1470
13722,6,7,18539,0
13722,6,7,18169,210
13722,6,7,17799,280
13722,6,7,17429,350
13722,6,7,17059,420
13722,6,7,16319,490
13722,6,7,15949,560
13722,6,7,15579,630
13722,6,7,14839,700
13722,6,7,14469,770
13722,6,7,13729,840
13722,6,7,1,910
20390,6,7,22257,0
20390,6,7,21887,560
20390,6,7,21517,770
20390,6,7,21147,1050
20390,6,7,20777,1330
17426,6,7,21509,0
17426,6,7,21139,350
17426,6,7,20769,630
17426,6,7,20399,840
17426,6,7,20029,910
17426,6,7,19289,980
17426,6,7,18919,1050
17426,6,7,18179,1120
17426,6,7,17809,1190
17426,6,7,17439,1260
17426,6,7,1,1330
13356,6,7,17428,0
13356,6,7,17058,280
13356,6,7,16688,350
13356,6,7,15948,420
13356,6,7,15578,490
13356,6,7,15208,560
13356,6,7,14468,630
13356,6,7,14098,700
13356,6,7,13358,770
13356,6,7,1,840
20399,6,7,22257,0
20399,6,7,21887,350
20399,6,7,21517,560
20399,6,7,21147,840
20399,6,7,20777,1050
20399,6,7,20407,1330
20399,6,7,1,1400
17435,6,7,20769,0
17435,6,7,20029,490
17435,6,7,19659,560
17435,6,7,18919,630
17435,6,7,18549,700
17435,6,7,18179,770
17435,6,7,17439,840
17435,6,7,1,910
21877,6,7,23741,0
21877,6,7,23371,560
21877,6,7,23001,770
21877,6,7,22631,1050
21877,6,7,22261,1330
21886,6,7,23741,0
21886,6,7,23371,420
21886,6,7,23001,630
21886,6,7,22631,910
21886,6,7,22261,1120
21886,6,7,21891,1400
17797,6,7,21510,0
17797,6,7,21140,420
17797,6,7,20770,700
17797,6,7,20400,910
17797,6,7,20030,980
17797,6,7,19290,1050
17797,6,7,18920,1120
17797,6,7,18550,1190
17797,6,7,17810,1260
17797,6,7,1,1330
25599,6,7,27081,0
25599,6,7,26711,490
25599,6,7,26341,700
25599,6,7,25971,980
25599,6,7,25601,1260
25599,6,7,1,1470
14833,6,7,21132,0
14833,6,7,20762,280
14833,6,7,20392,560
14833,6,7,20022,630
14833,6,7,19282,700
14833,6,7,18912,770
14833,6,7,18172,840
14833,6,7,17802,910
14833,6,7,17432,980
14833,6,7,16692,1050
14833,6,7,16322,1120
14833,6,7,15582,1190
14833,6,7,15212,1260
14833,6,7,14842,1330
14833,6,7,1,1400
17806,6,7,21140,0
17806,6,7,20770,280
17806,6,7,20030,560
17806,6,7,19660,630
17806,6,7,19290,700
17806,6,7,18550,770
17806,6,7,18180,840
17806,6,7,1,910
14842,6,7,21872,0
14842,6,7,21502,280
14842,6,7,21132,560
14842,6,7,20762,840
14842,6,7,20392,1050
14842,6,7,20022,1120
14842,6,7,19282,1190
14842,6,7,18912,1260
14842,6,7,18542,1330
14842,6,7,17802,1400
14842,6,7,17432,1470
15204,6,7,21133,0
15204,6,7,20763,350
15204,6,7,20393,630
15204,6,7,19653,700
15204,6,7,19283,770
15204,6,7,18543,840
15204,6,7,18173,910
15204,6,7,17803,980
15204,6,7,17063,1050
15204,6,7,16693,1120
15204,6,7,15953,1190
15204,6,7,15583,1260
15204,6,7,15213,1330
15204,6,7,1,1400
20033,6,7,21516,0
20033,6,7,21146,350
20033,6,7,20776,630
20033,6,7,20406,840
20033,6,7,20036,910
20033,6,7,1,980
19274,6,7,22254,0
19274,6,7,21884,420
19274,6,7,21514,700
19274,6,7,21144,910
19274,6,7,20774,1190
19274,6,7,20404,1400
19274,6,7,20034,1470
16310,6,7,21876,0
16310,6,7,21506,280
16310,6,7,21136,560
16310,6,7,20766,770
16310,6,7,20026,1050
16310,6,7,19656,1120
16310,6,7,19286,1190
16310,6,7,18546,1260
16310,6,7,18176,1330
16310,6,7,17436,1400
16310,6,7,17066,1470
12240,6,7,17055,0
12240,6,7,16685,210
12240,6,7,16315,280
12240,6,7,15945,350
12240,6,7,15575,420
12240,6,7,14835,490
12240,6,7,14465,560
12240,6,7,13725,630
12240,6,7,13355,700
12240,6,7,12985,770
12240,6,7,12245,840
12240,6,7,1,910
16319,6,7,20766,0
16319,6,7,20026,420
16319,6,7,19656,490
16319,6,7,19286,560
16319,6,7,18546,630
16319,6,7,18176,700
16319,6,7,17436,770
16319,6,7,17066,840
16319,6,7,16696,910
16319,6,7,1,980
18917,6,7,21143,0
18917,6,7,20773,420
18917,6,7,20403,700
18917,6,7,19663,770
18917,6,7,19293,840
18917,6,7,1,910
15953,6,7,20765,0
15953,6,7,20395,280
15953,6,7,19655,350
15953,6,7,19285,420
15953,6,7,18545,490
15953,6,7,18175,560
15953,6,7,17805,630
15953,6,7,17065,700
15953,6,7,16695,770
15953,6,7,15955,840
15953,6,7,1,910
24483,6,7,26338,0
24483,6,7,25968,490
24483,6,7,25598,700
24483,6,7,25228,980
24483,6,7,24858,1190
24483,6,7,24488,1470
13351,6,7,18538,0
13351,6,7,18168,210
13351,6,7,17798,280
13351,6,7,17428,350
13351,6,7,16688,420
13351,6,7,16318,490
13351,6,7,15948,560
13351,6,7,15208,630
13351,6,7,14838,700
13351,6,7,14098,770
13351,6,7,13728,840
13351,6,7,13358,910
13351,6,7,1,980
20394,6,7,22257,0
20394,6,7,21887,350
20394,6,7,21517,630
20394,6,7,21147,840
20394,6,7,20777,1120
20394,6,7,20407,1330
20394,6,7,1,1400
21872,6,7,23741,0
21872,6,7,23371,490
21872,6,7,23001,700
21872,6,7,22631,980
21872,6,7,22261,1260
21872,6,7,21891,1470
17430,6,7,21509,0
17430,6,7,21139,350
17430,6,7,20769,560
17430,6,7,20399,840
17430,6,7,19659,910
17430,6,7,19289,980
17430,6,7,18919,1050
17430,6,7,18179,1120
17430,6,7,17809,1190
17430,6,7,1,1260
20403,6,7,21517,0
20403,6,7,21147,420
20403,6,7,20777,700
20403,6,7,20407,910
20403,6,7,1,980
17439,6,7,22249,0
17439,6,7,21879,280
17439,6,7,21509,560
17439,6,7,21139,840
17439,6,7,20769,1050
17439,6,7,20029,1330
17439,6,7,19659,1400
17439,6,7,19289,1470
21881,6,7,23371,0
21881,6,7,23001,490
21881,6,7,22631,770
21881,6,7,22261,980
21881,6,7,21891,1260
21881,6,7,1,1470
17792,6,7,21880,0
17792,6,7,21510,350
17792,6,7,21140,630
17792,6,7,20770,910
17792,6,7,20400,1120
17792,6,7,20030,1190
17792,6,7,19290,1260
17792,6,7,18920,1330
17792,6,7,18180,1400
17792,6,7,17810,1470
17801,6,7,21510,0
17801,6,7,21140,420
17801,6,7,20770,700
17801,6,7,20400,910
17801,6,7,20030,980
17801,6,7,19290,1050
17801,6,7,18920,1120
17801,6,7,18180,1190
17801,6,7,17810,1260
17801,6,7,1,1330
14837,6,7,20392,0
14837,6,7,20022,210
14837,6,7,19652,280
14837,6,7,19282,350
14837,6,7,18912,420
14837,6,7,18172,490
14837,6,7,17802,560
14837,6,7,17432,630
14837,6,7,16692,700
14837,6,7,16322,770
14837,6,7,15582,840
14837,6,7,15212,910
14837,6,7,14842,980
14837,6,7,1,1050
20028,6,7,21886,0
20028,6,7,21516,560
20028,6,7,21146,770
20028,6,7,20776,1050
20028,6,7,20406,1260
20028,6,7,20036,1330
20028,6,7,1,1400
23001,6,7,24854,0
23001,6,7,24484,560
23001,6,7,24114,770
23001,6,7,23744,1050
23001,6,7,23374,1260
18903,6,7,22253,0
18903,6,7,21883,350
18903,6,7,21513,630
18903,6,7,21143,840
18903,6,7,20773,1120
18903,6,7,20033,1400
18903,6,7,19663,1470
18912,6,7,21883,0
18912,6,7,21513,350
18912,6,7,21143,630
18912,6,7,20773,840
18912,6,7,20403,1120
18912,6,7,19663,1190
18912,6,7,19293,1260
18912,6,7,18923,1330
18912,6,7,1,1400
15948,6,7,20765,0
15948,6,7,20395,350
15948,6,7,20025,420
15948,6,7,19285,490
15948,6,7,18915,560
15948,6,7,18545,630
15948,6,7,17805,700
15948,6,7,17435,770
15948,6,7,16695,840
15948,6,7,16325,910
15948,6,7,15955,980
15948,6,7,1,1050
18921,6,7,21143,0
18921,6,7,20773,350
18921,6,7,20403,560
18921,6,7,20033,630
18921,6,7,19663,700
18921,6,7,18923,770
18921,6,7,1,840
20380,6,7,22627,0
20380,6,7,22257,490
20380,6,7,21887,700
20380,6,7,21517,980
20380,6,7,21147,1190
20380,6,7,20777,1470
20389,6,7,22257,0
20389,6,7,21887,560
20389,6,7,21517,770
20389,6,7,21147,1050
20389,6,7,20777,1330
13355,6,7,18168,0
13355,6,7,17428,280
13355,6,7,17058,350
13355,6,7,16688,420
13355,6,7,15948,490
13355,6,7,15578,560
13355,6,7,15208,630
13355,6,7,14468,700
13355,6,7,14098,770
13355,6,7,13358,840
13355,6,7,1,910
17425,6,7,21879,0
17425,6,7,21509,280
17425,6,7,21139,560
17425,6,7,20769,770
17425,6,7,20399,1050
17425,6,7,19659,1120
17425,6,7,19289,1190
17425,6,7,18919,1260
17425,6,7,18179,1330
17425,6,7,17809,1400
17425,6,7,17439,1470
20398,6,7,22257,0
20398,6,7,21887,350
20398,6,7,21517,560
20398,6,7,21147,840
20398,6,7,20777,1050
20398,6,7,20407,1330
20398,6,7,1,1400
21876,6,7,23741,0
21876,6,7,23371,560
21876,6,7,23001,840
21876,6,7,22631,1050
21876,6,7,22261,1330
17434,6,7,20769,0
17434,6,7,20399,420
17434,6,7,20029,490
17434,6,7,19659,560
17434,6,7,18919,630
17434,6,7,18549,700
17434,6,7,17809,770
17434,6,7,17439,840
17434,6,7,1,910
21510,6,7,23370,0
21510,6,7,23000,350
21510,6,7,22630,630
21510,6,7,22260,840
21510,6,7,21890,1120
21510,6,7,21520,1400
21519,6,7,22260,0
21519,6,7,21890,490
21519,6,7,21520,770
21519,6,7,1,980
17796,6,7,21880,0
17796,6,7,21510,350
17796,6,7,21140,630
17796,6,7,20770,910
17796,6,7,20400,1120
17796,6,7,20030,1190
17796,6,7,19290,1260
17796,6,7,18920,1330
17796,6,7,18180,1400
17796,6,7,17810,1470
22625,6,7,24853,0
22625,6,7,24483,420
22625,6,7,24113,700
22625,6,7,23743,910
22625,6,7,23373,1190
22625,6,7,23003,1400
25598,6,7,27451,0
25598,6,7,27081,420
25598,6,7,26711,630
25598,6,7,26341,910
25598,6,7,25971,1190
25598,6,7,25601,1400
14832,6,7,21132,0
14832,6,7,20762,350
14832,6,7,20022,630
14832,6,7,19652,700
14832,6,7,19282,770
14832,6,7,18542,840
14832,6,7,18172,910
14832,6,7,17432,980
14832,6,7,17062,1050
14832,6,7,16692,1120
14832,6,7,15952,1190
14832,6,7,15582,1260
14832,6,7,14842,1330
14832,6,7,1,1400
20014,6,7,22256,0
20014,6,7,21886,350
20014,6,7,21516,630
20014,6,7,21146,840
20014,6,7,20776,1120
20014,6,7,20406,1330
20014,6,7,20036,1400
20014,6,7,1,1470
20023,6,7,21886,0
20023,6,7,21516,560
20023,6,7,21146,770
20023,6,7,20776,1050
20023,6,7,20036,1330
20023,6,7,1,1400
20032,6,7,21516,0
20032,6,7,21146,350
20032,6,7,20776,630
20032,6,7,20036,910
20032,6,7,1,980
18907,6,7,22253,0
18907,6,7,21883,280
18907,6,7,21513,560
18907,6,7,21143,770
18907,6,7,20773,1050
18907,6,7,20033,1330
18907,6,7,19663,1400
18907,6,7,18923,1470
11873,6,7,15204,0
11873,6,7,14464,280
11873,6,7,14094,350
11873,6,7,13724,420
11873,6,7,13354,490
11873,6,7,12614,560
11873,6,7,12244,630
11873,6,7,1,700
15943,6,7,21135,0
15943,6,7,20765,490
15943,6,7,20025,770
15943,6,7,19655,840
15943,6,7,18915,910
15943,6,7,18545,980
15943,6,7,18175,1050
15943,6,7,17435,1120
15943,6,7,17065,1190
15943,6,7,16325,1260
15943,6,7,15955,1330
15943,6,7,1,1400
18916,6,7,21143,0
18916,6,7,20773,420
18916,6,7,20403,700
18916,6,7,19663,770
18916,6,7,19293,840
18916,6,7,1,910
15952,6,7,20765,0
15952,6,7,20395,350
15952,6,7,19655,420
15952,6,7,19285,490
15952,6,7,18545,560
15952,6,7,18175,630
15952,6,7,17805,700
15952,6,7,17065,770
15952,6,7,16695,840
15952,6,7,15955,910
15952,6,7,1,980
17420,6,7,21509,0
17420,6,7,21139,420
17420,6,7,20769,700
17420,6,7,20029,980
17420,6,7,19659,1050
17420,6,7,18919,1120
17420,6,7,18549,1190
17420,6,7,18179,1260
17420,6,7,17439,1330
17420,6,7,1,1400
13350,6,7,20758,0
13350,6,7,20388,280
13350,6,7,20018,350
13350,6,7,19278,420
13350,6,7,18908,490
13350,6,7,18538,560
13350,6,7,17798,630
13350,6,7,17428,700
13350,6,7,16688,770
13350,6,7,16318,840
13350,6,7,15948,910
13350,6,7,15208,980
13350,6,7,14838,1050
13350,6,7,14098,1120
13350,6,7,13728,1190
13350,6,7,13358,1260
13350,6,7,1,1330
20393,6,7,22257,0
20393,6,7,21887,560
20393,6,7,21517,770
20393,6,7,21147,1050
20393,6,7,20777,1330
24116,6,7,25227,0
24116,6,7,24857,420
24116,6,7,24487,700
24116,6,7,24117,910
24116,6,7,1,1190
17429,6,7,21509,0
17429,6,7,21139,350
17429,6,7,20769,630
17429,6,7,20399,840
17429,6,7,20029,910
17429,6,7,19659,980
17429,6,7,18919,1050
17429,6,7,18549,1120
17429,6,7,17809,1190
17429,6,7,17439,1260
17429,6,7,1,1330
17438,6,7,20769,0
17438,6,7,20399,280
17438,6,7,20029,350
17438,6,7,19289,420
17438,6,7,18919,490
17438,6,7,18179,560
17438,6,7,17809,630
17438,6,7,17439,700
17438,6,7,1,770
21505,6,7,23000,0
21505,6,7,22630,490
21505,6,7,22260,770
21505,6,7,21890,980
21505,6,7,21520,1260
21505,6,7,1,1470
18541,6,7,21882,0
18541,6,7,21512,280
18541,6,7,21142,560
18541,6,7,20772,840
18541,6,7,20402,1050
18541,6,7,20032,1120
18541,6,7,19292,1190
18541,6,7,18922,1260
18541,6,7,18552,1330
18541,6,7,1,1400
21514,6,7,23370,0
21514,6,7,23000,420
21514,6,7,22630,630
21514,6,7,22260,840
21514,6,7,21890,1120
21514,6,7,21520,1400
18550,6,7,21142,0
18550,6,7,20772,280
18550,6,7,20032,560
18550,6,7,19662,630
18550,6,7,19292,700
18550,6,7,18552,770
18550,6,7,1,840
22629,6,7,24853,0
22629,6,7,24483,350
22629,6,7,24113,630
22629,6,7,23743,840
22629,6,7,23373,1120
22629,6,7,23003,1330
14470,6,7,17801,0
14470,6,7,17431,280
14470,6,7,17061,350
14470,6,7,16321,420
14470,6,7,15951,490
14470,6,7,15581,560
14470,6,7,14841,630
14470,6,7,14471,700
14470,6,7,1,770
20018,6,7,22256,0
20018,6,7,21886,490
20018,6,7,21516,770
20018,6,7,21146,980
20018,6,7,20776,1260
20018,6,7,20406,1470
20027,6,7,21886,0
20027,6,7,21516,560
20027,6,7,21146,770
20027,6,7,20776,1050
20027,6,7,20406,1260
20027,6,7,20036,1330
20027,6,7,1,1400
23000,6,7,25224,0
23000,6,7,24854,420
23000,6,7,24484,630
23000,6,7,24114,840
23000,6,7,23744,1120
23000,6,7,23374,1330
20036,6,7,22626,0
20036,6,7,22256,490
20036,6,7,21886,770
20036,6,7,21516,980
20036,6,7,21146,1260
20036,6,7,20776,1470
18902,6,7,22253,0
18902,6,7,21883,350
18902,6,7,21513,630
18902,6,7,21143,840
18902,6,7,20773,1120
18902,6,7,20033,1400
18902,6,7,19663,1470
18911,6,7,21883,0
18911,6,7,21513,350
18911,6,7,21143,560
18911,6,7,20773,840
18911,6,7,20033,1120
18911,6,7,19663,1190
18911,6,7,18923,1260
18911,6,7,1,1330
15947,6,7,21135,0
15947,6,7,20765,490
15947,6,7,20395,700
15947,6,7,20025,770
15947,6,7,19285,840
15947,6,7,18915,910
15947,6,7,18545,980
15947,6,7,17805,1050
15947,6,7,17435,1120
15947,6,7,16695,1190
15947,6,7,16325,1260
15947,6,7,15955,1330
15947,6,7,1,1400
18920,6,7,21143,0
18920,6,7,20773,420
18920,6,7,20403,630
18920,6,7,20033,700
18920,6,7,19663,770
18920,6,7,18923,840
18920,6,7,1,910
12983,6,7,17797,0
12983,6,7,17427,210
12983,6,7,17057,280
12983,6,7,16687,350
12983,6,7,16317,420
12983,6,7,15577,490
12983,6,7,15207,560
12983,6,7,14467,630
12983,6,7,14097,700
12983,6,7,13727,770
12983,6,7,12987,840
12983,6,7,1,910
17068,6,7,22248,0
17068,6,7,21878,210
17068,6,7,21508,490
17068,6,7,21138,770
17068,6,7,20768,980
17068,6,7,20398,1260
17068,6,7,19658,1330
17068,6,7,19288,1400
17068,6,7,18918,1470
24111,6,7,25967,0
24111,6,7,25597,490
24111,6,7,25227,770
24111,6,7,24857,980
24111,6,7,24487,1260
21147,6,7,21889,0
21147,6,7,21519,490
21147,6,7,21149,770
21147,6,7,1,980
13354,6,7,18538,0
13354,6,7,18168,210
13354,6,7,17798,280
13354,6,7,17428,350
13354,6,7,16688,420
13354,6,7,16318,490
13354,6,7,15948,560
13354,6,7,15208,630
13354,6,7,14838,700
13354,6,7,14098,770
13354,6,7,13728,840
13354,6,7,13358,910
13354,6,7,1,980
17424,6,7,21879,0
17424,6,7,21509,280
17424,6,7,21139,560
17424,6,7,20769,770
17424,6,7,20399,1050
17424,6,7,19659,1120
17424,6,7,19289,1190
17424,6,7,18919,1260
17424,6,7,18179,1330
17424,6,7,17809,1400
17424,6,7,17439,1470
25226,6,7,27080,0
25226,6,7,26710,490
25226,6,7,26340,770
25226,6,7,25970,980
25226,6,7,25600,1260
25226,6,7,25230,1470
21500,6,7,23370,0
21500,6,7,23000,560
21500,6,7,22630,840
21500,6,7,22260,1050
21500,6,7,21890,1330
18536,6,7,21882,0
18536,6,7,21512,490
18536,6,7,21142,770
18536,6,7,20772,980
18536,6,7,20402,1260
18536,6,7,19662,1330
18536,6,7,19292,1400
18536,6,7,18552,1470
21509,6,7,23000,0
21509,6,7,22630,490
21509,6,7,22260,770
21509,6,7,21890,1050
21509,6,7,21520,1260
18545,6,7,21142,0
18545,6,7,20772,420
18545,6,7,20402,630
18545,6,7,20032,700
18545,6,7,19292,770
18545,6,7,18922,840
18545,6,7,1,910
21518,6,7,23000,0
21518,6,7,22630,420
21518,6,7,22260,700
21518,6,7,21890,980
21518,6,7,21520,1190
21518,6,7,1,1470
15581,6,7,20764,0
15581,6,7,20394,280
15581,6,7,20024,350
15581,6,7,19284,420
15581,6,7,18914,490
15581,6,7,18174,560
15581,6,7,17804,630
15581,6,7,17434,700
15581,6,7,16694,770
15581,6,7,16324,840
15581,6,7,15584,910
15581,6,7,1,980
22624,6,7,24853,0
22624,6,7,24483,420
22624,6,7,24113,700
22624,6,7,23743,910
22624,6,7,23373,1190
22624,6,7,23003,1400
25597,6,7,27451,0
25597,6,7,27081,490
25597,6,7,26711,770
25597,6,7,26341,980
25597,6,7,25971,1260
25597,6,7,25601,1470
22633,6,7,24853,0
22633,6,7,24483,490
22633,6,7,24113,770
22633,6,7,23743,1050
22633,6,7,23373,1260
14465,6,7,19281,0
14465,6,7,18911,210
14465,6,7,18541,280
14465,6,7,18171,350
14465,6,7,17801,420
14465,6,7,17061,490
14465,6,7,16691,560
14465,6,7,16321,630
14465,6,7,15581,700
14465,6,7,15211,770
14465,6,7,14471,840
14465,6,7,1,910
11501,6,7,15573,0
11501,6,7,15203,210
11501,6,7,14833,280
11501,6,7,14463,350
11501,6,7,14093,420
11501,6,7,13353,490
11501,6,7,12983,560
11501,6,7,12243,630
11501,6,7,11873,700
11501,6,7,11503,770
11501,6,7,1,840
20022,6,7,22256,0
20022,6,7,21886,490
20022,6,7,21516,770
20022,6,7,21146,980
20022,6,7,20776,1260
20022,6,7,20406,1470
20031,6,7,21516,0
20031,6,7,21146,420
20031,6,7,20776,630
20031,6,7,20406,910
20031,6,7,1,980
18906,6,7,22253,0
18906,6,7,21883,280
18906,6,7,21513,560
18906,6,7,21143,770
18906,6,7,20773,1050
18906,6,7,20403,1260
18906,6,7,20033,1330
18906,6,7,19293,1400
18906,6,7,18923,1470
15942,6,7,21135,0
15942,6,7,20765,490
15942,6,7,20025,770
15942,6,7,19655,840
15942,6,7,18915,910
15942,6,7,18545,980
15942,6,7,18175,1050
15942,6,7,17435,1120
15942,6,7,17065,1190
15942,6,7,16325,1260
15942,6,7,15955,1330
15942,6,7,1,1400
11872,6,7,15944,0
11872,6,7,15574,210
11872,6,7,15204,280
11872,6,7,14834,350
11872,6,7,14464,420
11872,6,7,13724,490
11872,6,7,13354,560
11872,6,7,12614,630
11872,6,7,12244,700
11872,6,7,11874,770
11872,6,7,1,840
23744,6,7,25596,0
23744,6,7,25226,420
23744,6,7,24856,630
23744,6,7,24486,840
23744,6,7,24116,1120
23744,6,7,23746,1400
15951,6,7,20765,0
15951,6,7,20395,350
15951,6,7,20025,420
15951,6,7,19285,490
15951,6,7,18915,560
15951,6,7,18545,630
15951,6,7,17805,700
15951,6,7,17435,770
15951,6,7,16695,840
15951,6,7,16325,910
15951,6,7,15955,980
15951,6,7,1,1050
12987,6,7,21127,0
12987,6,7,20757,490
12987,6,7,20387,700
12987,6,7,20017,770
12987,6,7,19277,840
12987,6,7,18907,910
12987,6,7,18537,980
12987,6,7,17797,1050
12987,6,7,17427,1120
12987,6,7,16687,1190
12987,6,7,16317,1260
12987,6,7,15947,1330
12987,6,7,15207,1400
12987,6,7,14837,1470
21133,6,7,22999,0
21133,6,7,22629,420
21133,6,7,22259,700
21133,6,7,21889,980
21133,6,7,21519,1190
21133,6,7,21149,1470
17063,6,7,20768,0
17063,6,7,20028,420
17063,6,7,19658,490
17063,6,7,19288,560
17063,6,7,18548,630
17063,6,7,18178,700
17063,6,7,17438,770
17063,6,7,17068,840
17063,6,7,1,910
21142,6,7,22629,0
21142,6,7,22259,420
21142,6,7,21889,700
21142,6,7,21519,980
21142,6,7,21149,1190
21142,6,7,1,1470
24115,6,7,25597,0
24115,6,7,25227,630
24115,6,7,24857,840
24115,6,7,24487,1120
24115,6,7,24117,1330
18178,6,7,21141,0
18178,6,7,20771,280
18178,6,7,20401,560
18178,6,7,19661,630
18178,6,7,19291,700
18178,6,7,18921,770
18178,6,7,18181,840
18178,6,7,1,910
25230,6,7,27450,0
25230,6,7,27080,420
25230,6,7,26710,630
25230,6,7,26340,910
25230,6,7,25970,1190
25230,6,7,25600,1400
21504,6,7,23370,0
21504,6,7,23000,490
21504,6,7,22630,700
21504,6,7,22260,980
21504,6,7,21890,1190
21504,6,7,21520,1470
18540,6,7,21882,0
18540,6,7,21512,280
18540,6,7,21142,560
18540,6,7,20772,770
18540,6,7,20402,1050
18540,6,7,19662,1120
18540,6,7,19292,1190
18540,6,7,18552,1260
18540,6,7,1,1330
21513,6,7,23370,0
21513,6,7,23000,420
21513,6,7,22630,630
21513,6,7,22260,840
21513,6,7,21890,1120
21513,6,7,21520,1400
15576,6,7,21134,0
15576,6,7,20764,420
15576,6,7,20024,700
15576,6,7,19654,770
15576,6,7,18914,840
15576,6,7,18544,910
15576,6,7,18174,980
15576,6,7,17434,1050
15576,6,7,17064,1120
15576,6,7,16324,1190
15576,6,7,15954,1260
15576,6,7,15584,1330
15576,6,7,1,1400
18549,6,7,21142,0
18549,6,7,20772,350
18549,6,7,20032,630
18549,6,7,19662,700
18549,6,7,19292,770
18549,6,7,18552,840
18549,6,7,1,910
22628,6,7,24483,0
22628,6,7,24113,560
22628,6,7,23743,840
22628,6,7,23373,1050
22628,6,7,23003,1330
14469,6,7,18541,0
14469,6,7,17801,280
14469,6,7,17431,350
14469,6,7,17061,420
14469,6,7,16321,490
14469,6,7,15951,560
14469,6,7,15581,630
14469,6,7,14841,700
14469,6,7,14471,770
14469,6,7,1,840
20017,6,7,22256,0
20017,6,7,21886,420
20017,6,7,21516,630
20017,6,7,21146,910
20017,6,7,20776,1120
20017,6,7,20406,1400
20017,6,7,20036,1470
20026,6,7,22256,0
20026,6,7,21886,350
20026,6,7,21516,560
20026,6,7,21146,840
20026,6,7,20776,1050
20026,6,7,20406,1330
20026,6,7,1,1400
19660,6,7,21515,0
19660,6,7,21145,350
19660,6,7,20775,560
19660,6,7,20405,840
19660,6,7,19665,910
19660,6,7,1,980
15946,6,7,21135,0
15946,6,7,20765,490
15946,6,7,20395,700
15946,6,7,20025,770
15946,6,7,19285,840
15946,6,7,18915,910
15946,6,7,18545,980
15946,6,7,17805,1050
15946,6,7,17435,1120
15946,6,7,16695,1190
15946,6,7,16325,1260
15946,6,7,15955,1330
15946,6,7,1,1400
20775,6,7,21518,0
20775,6,7,21148,420
20775,6,7,20778,700
20775,6,7,1,980
12982,6,7,17797,0
12982,6,7,17427,210
12982,6,7,17057,280
12982,6,7,16687,350
12982,6,7,16317,420
12982,6,7,15577,490
12982,6,7,15207,560
12982,6,7,14467,630
12982,6,7,14097,700
12982,6,7,13727,770
12982,6,7,12987,840
12982,6,7,1,910
17058,6,7,21508,0
17058,6,7,21138,280
17058,6,7,20768,560
17058,6,7,20028,840
17058,6,7,19658,910
17058,6,7,19288,980
17058,6,7,18548,1050
17058,6,7,18178,1120
17058,6,7,17438,1190
17058,6,7,17068,1260
17058,6,7,1,1330
21128,6,7,22999,0
21128,6,7,22629,490
21128,6,7,22259,700
21128,6,7,21889,980
21128,6,7,21519,1190
21128,6,7,21149,1470
14094,6,7,18910,0
14094,6,7,18540,210
14094,6,7,18170,280
14094,6,7,17800,350
14094,6,7,17430,420
14094,6,7,16690,490
14094,6,7,16320,560
14094,6,7,15950,630
14094,6,7,15210,700
14094,6,7,14840,770
14094,6,7,14100,840
14094,6,7,1,910
18164,6,7,21881,0
18164,6,7,21511,420
18164,6,7,21141,700
18164,6,7,20771,910
18164,6,7,20401,1190
18164,6,7,19661,1260
18164,6,7,19291,1330
18164,6,7,18551,1400
18164,6,7,18181,1470
21137,6,7,22999,0
21137,6,7,22629,420
21137,6,7,22259,630
21137,6,7,21889,910
21137,6,7,21519,1120
21137,6,7,21149,1400
17067,6,7,20398,0
17067,6,7,20028,280
17067,6,7,19658,350
17067,6,7,18918,420
17067,6,7,18548,490
17067,6,7,17808,560
17067,6,7,17438,630
17067,6,7,17068,700
17067,6,7,1,770
18173,6,7,21511,0
18173,6,7,21141,490
18173,6,7,20771,700
18173,6,7,20401,980
18173,6,7,19661,1050
18173,6,7,19291,1120
18173,6,7,18551,1190
18173,6,7,18181,1260
18173,6,7,1,1330
21146,6,7,21889,0
21146,6,7,21519,490
21146,6,7,21149,770
21146,6,7,1,980
25225,6,7,27080,0
25225,6,7,26710,350
25225,6,7,26340,630
25225,6,7,25970,840
25225,6,7,25600,1120
25225,6,7,25230,1330
21499,6,7,23370,0
21499,6,7,23000,560
21499,6,7,22630,770
21499,6,7,22260,1050
21499,6,7,21890,1330
18535,6,7,21882,0
18535,6,7,21512,490
18535,6,7,21142,700
18535,6,7,20772,980
18535,6,7,20032,1260
18535,6,7,19662,1330
18535,6,7,18922,1400
18535,6,7,18552,1470
21508,6,7,23370,0
21508,6,7,23000,490
21508,6,7,22630,700
21508,6,7,22260,980
21508,6,7,21890,1190
21508,6,7,21520,1470
18544,6,7,21882,0
18544,6,7,21512,280
18544,6,7,21142,490
18544,6,7,20772,770
18544,6,7,20032,1050
18544,6,7,19662,1120
18544,6,7,18922,1190
18544,6,7,18552,1260
18544,6,7,1,1330
15580,6,7,20764,0
15580,6,7,20394,280
15580,6,7,20024,350
15580,6,7,19654,420
15580,6,7,18914,490
15580,6,7,18544,560
15580,6,7,18174,630
15580,6,7,17434,700
15580,6,7,17064,770
15580,6,7,16324,840
15580,6,7,15954,910
15580,6,7,15584,980
15580,6,7,1,1050
22623,6,7,24853,0
22623,6,7,24483,350
22623,6,7,24113,560
22623,6,7,23743,840
22623,6,7,23373,1120
22623,6,7,23003,1330
22257,6,7,24482,0
22257,6,7,24112,350
22257,6,7,23742,560
22257,6,7,23372,840
22257,6,7,23002,1120
22257,6,7,22632,1330
14464,6,7,19281,0
14464,6,7,18911,210
14464,6,7,18541,280
14464,6,7,18171,350
14464,6,7,17801,420
14464,6,7,17061,490
14464,6,7,16691,560
14464,6,7,16321,630
14464,6,7,15581,700
14464,6,7,15211,770
14464,6,7,14471,840
14464,6,7,1,910
20012,6,7,22626,0
20012,6,7,22256,350
20012,6,7,21886,630
20012,6,7,21516,840
20012,6,7,21146,1120
20012,6,7,20776,1330
19655,6,7,21885,0
19655,6,7,21515,490
19655,6,7,21145,770
19655,6,7,20775,1050
19655,6,7,20405,1260
19655,6,7,20035,1330
19655,6,7,1,1400
16691,6,7,20767,0
16691,6,7,20027,420
16691,6,7,19657,490
16691,6,7,19287,560
16691,6,7,18547,630
16691,6,7,18177,700
16691,6,7,17437,770
16691,6,7,17067,840
16691,6,7,16697,910
16691,6,7,1,980
19664,6,7,21145,0
19664,6,7,20775,420
19664,6,7,20405,700
19664,6,7,19665,770
19664,6,7,1,840
20770,6,7,22258,0
20770,6,7,21888,350
20770,6,7,21518,630
20770,6,7,21148,910
20770,6,7,20778,1120
20770,6,7,1,1400
23743,6,7,25596,0
23743,6,7,25226,560
23743,6,7,24856,770
23743,6,7,24486,1050
23743,6,7,24116,1260
17053,6,7,21508,0
17053,6,7,21138,490
17053,6,7,20768,770
17053,6,7,20398,980
17053,6,7,20028,1050
17053,6,7,19288,1120
17053,6,7,18918,1190
17053,6,7,18548,1260
17053,6,7,17808,1330
17053,6,7,17438,1400
17053,6,7,17068,1470
21132,6,7,22999,0
21132,6,7,22629,420
21132,6,7,22259,700
21132,6,7,21889,980
21132,6,7,21519,1190
21132,6,7,21149,1470
17062,6,7,20768,0
17062,6,7,20398,420
17062,6,7,19658,490
17062,6,7,19288,560
17062,6,7,18548,630
17062,6,7,18178,700
17062,6,7,17808,770
17062,6,7,17068,840
17062,6,7,1,910
18168,6,7,21511,0
18168,6,7,21141,490
18168,6,7,20771,770
18168,6,7,20401,980
18168,6,7,20031,1050
18168,6,7,19291,1120
18168,6,7,18921,1190
18168,6,7,18181,1260
18168,6,7,1,1330
14098,6,7,18170,0
14098,6,7,17430,280
14098,6,7,17060,350
14098,6,7,16690,420
14098,6,7,15950,490
14098,6,7,15580,560
14098,6,7,15210,630
14098,6,7,14470,700
14098,6,7,14100,770
14098,6,7,1,840
21141,6,7,22629,0
21141,6,7,22259,420
21141,6,7,21889,630
21141,6,7,21519,910
21141,6,7,21149,1120
21141,6,7,1,1400
18177,6,7,21141,0
18177,6,7,20771,350
18177,6,7,20401,560
18177,6,7,20031,630
18177,6,7,19661,700
18177,6,7,18921,770
18177,6,7,18551,840
18177,6,7,1,910
18530,6,7,21882,0
18530,6,7,21512,280
18530,6,7,21142,560
18530,6,7,20772,840
18530,6,7,20402,1050
18530,6,7,20032,1120
18530,6,7,19662,1190
18530,6,7,18922,1260
18530,6,7,18552,1330
18530,6,7,1,1400
18539,6,7,21882,0
18539,6,7,21512,280
18539,6,7,21142,560
18539,6,7,20772,770
18539,6,7,20402,1050
18539,6,7,19662,1120
18539,6,7,19292,1190
18539,6,7,18552,1260
18539,6,7,1,1330
15575,6,7,21134,0
15575,6,7,20764,420
15575,6,7,20024,700
15575,6,7,19654,770
15575,6,7,18914,840
15575,6,7,18544,910
15575,6,7,18174,980
15575,6,7,17434,1050
15575,6,7,17064,1120
15575,6,7,16324,1190
15575,6,7,15954,1260
15575,6,7,15584,1330
15575,6,7,1,1400
15584,6,7,21874,0
15584,6,7,21504,420
15584,6,7,21134,700
15584,6,7,20764,910
15584,6,7,20024,1190
15584,6,7,19654,1260
15584,6,7,19284,1330
15584,6,7,18544,1400
15584,6,7,18174,1470
22252,6,7,24482,0
22252,6,7,24112,420
22252,6,7,23742,630
22252,6,7,23372,910
22252,6,7,23002,1120
22252,6,7,22632,1400
22261,6,7,23372,0
22261,6,7,23002,350
22261,6,7,22632,630
22261,6,7,22262,840
22261,6,7,1,1120
19650,6,7,22255,0
19650,6,7,21885,420
19650,6,7,21515,700
19650,6,7,21145,980
19650,6,7,20775,1190
19650,6,7,20035,1470
16686,6,7,21507,0
16686,6,7,21137,280
16686,6,7,20767,560
16686,6,7,20397,770
16686,6,7,20027,840
16686,6,7,19657,910
16686,6,7,18917,980
16686,6,7,18547,1050
16686,6,7,17807,1120
16686,6,7,17437,1190
16686,6,7,17067,1260
16686,6,7,1,1330
12616,6,7,21126,0
12616,6,7,20756,420
12616,6,7,20016,700
12616,6,7,19646,770
12616,6,7,18906,840
12616,6,7,18536,910
12616,6,7,18166,980
12616,6,7,17426,1050
12616,6,7,17056,1120
12616,6,7,16316,1190
12616,6,7,15946,1260
12616,6,7,15576,1330
12616,6,7,14836,1400
12616,6,7,14466,1470
19659,6,7,21515,0
19659,6,7,21145,350
19659,6,7,20775,560
19659,6,7,20405,840
19659,6,7,19665,910
19659,6,7,1,980
20756,6,7,22258,0
20756,6,7,21888,420
20756,6,7,21518,700
20756,6,7,21148,980
20756,6,7,20778,1190
20756,6,7,1,1470
20765,6,7,22258,0
20765,6,7,21888,420
20765,6,7,21518,630
20765,6,7,21148,910
20765,6,7,20778,1120
20765,6,7,1,1400
16695,6,7,20767,0
16695,6,7,20397,280
16695,6,7,20027,350
16695,6,7,19287,420
16695,6,7,18917,490
16695,6,7,18177,560
16695,6,7,17807,630
16695,6,7,17437,700
16695,6,7,16697,770
16695,6,7,1,840
20774,6,7,21518,0
20774,6,7,21148,490
20774,6,7,20778,700
20774,6,7,1,980
17057,6,7,21508,0
17057,6,7,21138,350
17057,6,7,20768,560
17057,6,7,20398,840
17057,6,7,19658,910
17057,6,7,19288,980
17057,6,7,18918,1050
17057,6,7,18178,1120
17057,6,7,17808,1190
17057,6,7,17068,1260
17057,6,7,1,1330
21127,6,7,22999,0
21127,6,7,22629,560
21127,6,7,22259,770
21127,6,7,21889,1050
21127,6,7,21519,1260
24859,6,7,27079,0
24859,6,7,26709,490
24859,6,7,26339,700
24859,6,7,25969,980
24859,6,7,25599,1190
24859,6,7,25229,1470
18163,6,7,21881,0
18163,6,7,21511,420
18163,6,7,21141,700
18163,6,7,20771,910
18163,6,7,20401,1190
18163,6,7,19661,1260
18163,6,7,19291,1330
18163,6,7,18551,1400
18163,6,7,18181,1470
21136,6,7,22999,0
21136,6,7,22629,350
21136,6,7,22259,630
21136,6,7,21889,840
21136,6,7,21519,1120
21136,6,7,21149,1330
17066,6,7,20768,0
17066,6,7,20028,350
17066,6,7,19288,420
17066,6,7,18918,490
17066,6,7,18548,560
17066,6,7,17808,630
17066,6,7,17438,700
17066,6,7,1,770
14093,6,7,18910,0
14093,6,7,18540,210
14093,6,7,18170,280
14093,6,7,17800,350
14093,6,7,17430,420
14093,6,7,16690,490
14093,6,7,16320,560
14093,6,7,15950,630
14093,6,7,15210,700
14093,6,7,14840,770
14093,6,7,14100,840
14093,6,7,1,910
18172,6,7,21511,0
18172,6,7,21141,490
18172,6,7,20771,700
18172,6,7,20401,980
18172,6,7,19661,1050
18172,6,7,19291,1120
18172,6,7,18551,1190
18172,6,7,18181,1260
18172,6,7,1,1330
18181,6,7,22251,0
18181,6,7,21881,420
18181,6,7,21511,700
18181,6,7,21141,910
18181,6,7,20771,1190
18181,6,7,20031,1470
18534,6,7,21882,0
18534,6,7,21512,490
18534,6,7,21142,700
18534,6,7,20772,980
18534,6,7,20032,1260
18534,6,7,19662,1330
18534,6,7,18922,1400
18534,6,7,18552,1470
23372,6,7,25225,0
23372,6,7,24855,560
23372,6,7,24485,840
23372,6,7,24115,1050
23372,6,7,23745,1330
19283,6,7,21884,0
19283,6,7,21514,420
19283,6,7,21144,700
19283,6,7,20774,910
19283,6,7,20034,1190
19283,6,7,19664,1260
19283,6,7,19294,1330
19283,6,7,1,1400
15213,6,7,21873,0
15213,6,7,21503,350
15213,6,7,21133,630
15213,6,7,20763,840
15213,6,7,20393,1120
15213,6,7,19653,1190
15213,6,7,19283,1260
15213,6,7,18913,1330
15213,6,7,18173,1400
15213,6,7,17803,1470
22256,6,7,24112,0
22256,6,7,23742,350
22256,6,7,23372,630
22256,6,7,23002,840
22256,6,7,22632,1120
22256,6,7,22262,1330
19292,6,7,21144,0
19292,6,7,20774,420
19292,6,7,20404,630
19292,6,7,20034,700
19292,6,7,19294,770
19292,6,7,1,840
19645,6,7,22255,0
19645,6,7,21885,560
19645,6,7,21515,770
19645,6,7,21145,1050
19645,6,7,20775,1260
12611,6,7,17426,0
12611,6,7,17056,210
12611,6,7,16686,280
12611,6,7,16316,350
12611,6,7,15946,420
12611,6,7,15206,490
12611,6,7,14836,560
12611,6,7,14096,630
12611,6,7,13726,700
12611,6,7,13356,770
12611,6,7,12616,840
12611,6,7,1,910
19654,6,7,21885,0
19654,6,7,21515,560
19654,6,7,21145,770
19654,6,7,20775,1050
19654,6,7,20405,1260
19654,6,7,20035,1330
19654,6,7,1,1400
16690,6,7,20767,0
16690,6,7,20027,420
16690,6,7,19657,490
16690,6,7,19287,560
16690,6,7,18547,630
16690,6,7,18177,700
16690,6,7,17437,770
16690,6,7,17067,840
16690,6,7,16697,910
16690,6,7,1,980
20760,6,7,22628,0
20760,6,7,22258,350
20760,6,7,21888,630
20760,6,7,21518,840
20760,6,7,21148,1120
20760,6,7,20778,1330
19663,6,7,21145,0
19663,6,7,20775,490
19663,6,7,20035,770
19663,6,7,19665,840
19663,6,7,1,910
13726,6,7,18169,0
13726,6,7,17799,280
13726,6,7,17429,350
13726,6,7,16689,420
13726,6,7,16319,490
13726,6,7,15579,560
13726,6,7,15209,630
13726,6,7,14839,700
13726,6,7,14099,770
13726,6,7,13729,840
13726,6,7,1,910
20769,6,7,22258,0
20769,6,7,21888,350
20769,6,7,21518,630
20769,6,7,21148,910
20769,6,7,20778,1120
20769,6,7,1,1400
23742,6,7,25966,0
23742,6,7,25596,420
23742,6,7,25226,630
23742,6,7,24856,840
23742,6,7,24486,1120
23742,6,7,24116,1400
20778,6,7,22998,0
20778,6,7,22628,350
20778,6,7,22258,630
20778,6,7,21888,840
20778,6,7,21518,1120
20778,6,7,21148,1330
24854,6,7,26709,0
24854,6,7,26339,420
24854,6,7,25969,700
24854,6,7,25599,910
24854,6,7,25229,1190
24854,6,7,24859,1400
17061,6,7,20768,0
17061,6,7,20398,420
17061,6,7,19658,490
17061,6,7,19288,560
17061,6,7,18548,630
17061,6,7,18178,700
17061,6,7,17808,770
17061,6,7,17068,840
17061,6,7,1,910
21890,6,7,22631,0
21890,6,7,22261,490
21890,6,7,21891,770
21890,6,7,1,1050
21131,6,7,22629,0
21131,6,7,22259,490
21131,6,7,21889,700
21131,6,7,21519,980
21131,6,7,21149,1190
21131,6,7,1,1470
18167,6,7,21881,0
18167,6,7,21511,420
18167,6,7,21141,700
18167,6,7,20771,910
18167,6,7,20401,1190
18167,6,7,19661,1260
18167,6,7,19291,1330
18167,6,7,18921,1400
18167,6,7,18181,1470
14097,6,7,18540,0
14097,6,7,18170,280
14097,6,7,17800,350
14097,6,7,17060,420
14097,6,7,16690,490
14097,6,7,15950,560
14097,6,7,15580,630
14097,6,7,15210,700
14097,6,7,14470,770
14097,6,7,14100,840
14097,6,7,1,910
25969,6,7,27822,0
25969,6,7,27452,420
25969,6,7,27082,700
25969,6,7,26712,910
25969,6,7,26342,1190
25969,6,7,25972,1400
18176,6,7,21141,0
18176,6,7,20771,350
18176,6,7,20401,560
18176,6,7,20031,630
18176,6,7,19661,700
18176,6,7,18921,770
18176,6,7,18551,840
18176,6,7,1,910
17810,6,7,22250,0
17810,6,7,21880,420
17810,6,7,21510,630
17810,6,7,21140,910
17810,6,7,20770,1120
17810,6,7,20400,1400
17810,6,7,19660,1470
26340,6,7,28193,0
26340,6,7,27823,420
26340,6,7,27453,700
26340,6,7,27083,910
26340,6,7,26713,1190
26340,6,7,26343,1400
11132,6,7,20752,0
11132,6,7,20382,420
11132,6,7,20012,490
11132,6,7,19642,560
11132,6,7,18902,630
11132,6,7,18532,700
11132,6,7,17792,770
11132,6,7,17422,840
11132,6,7,17052,910
11132,6,7,16312,980
11132,6,7,15942,1050
11132,6,7,15202,1120
11132,6,7,14832,1190
11132,6,7,14462,1260
11132,6,7,13722,1330
11132,6,7,13352,1400
11132,6,7,12612,1470
15208,6,7,20763,0
15208,6,7,20023,280
15208,6,7,19653,350
15208,6,7,19283,420
15208,6,7,18543,490
15208,6,7,18173,560
15208,6,7,17803,630
15208,6,7,17063,700
15208,6,7,16693,770
15208,6,7,15953,840
15208,6,7,15583,910
15208,6,7,15213,980
15208,6,7,1,1050
19278,6,7,22254,0
19278,6,7,21884,350
19278,6,7,21514,630
19278,6,7,21144,840
19278,6,7,20774,1120
19278,6,7,20404,1330
19278,6,7,20034,1400
19278,6,7,19294,1470
22251,6,7,24482,0
22251,6,7,24112,420
22251,6,7,23742,630
22251,6,7,23372,910
22251,6,7,23002,1120
22251,6,7,22632,1400
12244,6,7,15575,0
12244,6,7,15205,280
12244,6,7,14835,350
12244,6,7,14095,420
12244,6,7,13725,490
12244,6,7,12985,560
12244,6,7,12615,630
12244,6,7,12245,700
12244,6,7,1,770
16314,6,7,21506,0
16314,6,7,21136,280
16314,6,7,20766,490
16314,6,7,20396,770
16314,6,7,19656,840
16314,6,7,19286,910
16314,6,7,18916,980
16314,6,7,18176,1050
16314,6,7,17806,1120
16314,6,7,17066,1190
16314,6,7,16696,1260
16314,6,7,16326,1330
16314,6,7,1,1400
19287,6,7,21144,0
19287,6,7,20774,490
19287,6,7,20034,770
19287,6,7,19664,840
19287,6,7,1,910
22260,6,7,23742,0
22260,6,7,23372,560
22260,6,7,23002,770
22260,6,7,22632,1050
22260,6,7,22262,1330
16323,6,7,20766,0
16323,6,7,20396,350
16323,6,7,20026,420
16323,6,7,19286,490
16323,6,7,18916,560
16323,6,7,18546,630
16323,6,7,17806,700
16323,6,7,17436,770
16323,6,7,16696,840
16323,6,7,16326,910
16323,6,7,1,980
19649,6,7,22255,0
19649,6,7,21885,490
19649,6,7,21515,700
19649,6,7,21145,980
19649,6,7,20775,1190
19649,6,7,20405,1470
16685,6,7,21507,0
16685,6,7,21137,210
16685,6,7,20767,490
16685,6,7,20397,770
16685,6,7,19657,840
16685,6,7,19287,910
16685,6,7,18547,980
16685,6,7,18177,1050
16685,6,7,17807,1120
16685,6,7,17067,1190
16685,6,7,16697,1260
16685,6,7,1,1330
12615,6,7,15946,0
12615,6,7,15576,280
12615,6,7,15206,350
12615,6,7,14466,420
12615,6,7,14096,490
12615,6,7,13356,560
12615,6,7,12986,630
12615,6,7,12616,700
12615,6,7,1,770
20755,6,7,22258,0
20755,6,7,21888,490
20755,6,7,21518,700
20755,6,7,21148,980
20755,6,7,20778,1190
20755,6,7,1,1470
19658,6,7,21515,0
19658,6,7,21145,350
19658,6,7,20775,560
19658,6,7,20405,840
19658,6,7,19665,910
19658,6,7,1,980
24487,6,7,25598,0
24487,6,7,25228,420
24487,6,7,24858,700
24487,6,7,24488,910
24487,6,7,1,1190
20764,6,7,22628,0
20764,6,7,22258,350
20764,6,7,21888,630
20764,6,7,21518,840
20764,6,7,21148,1120
20764,6,7,20778,1330
16694,6,7,20767,0
16694,6,7,20397,350
16694,6,7,20027,420
16694,6,7,19287,490
16694,6,7,18917,560
16694,6,7,18177,630
16694,6,7,17807,700
16694,6,7,17437,770
16694,6,7,16697,840
16694,6,7,1,910
13721,6,7,20759,0
13721,6,7,20389,280
13721,6,7,20019,350
13721,6,7,19649,420
13721,6,7,18909,490
13721,6,7,18539,560
13721,6,7,18169,630
13721,6,7,17429,700
13721,6,7,17059,770
13721,6,7,16319,840
13721,6,7,15949,910
13721,6,7,15579,980
13721,6,7,14839,1050
13721,6,7,14469,1120
13721,6,7,13729,1190
13721,6,7,1,1260
20773,6,7,21518,0
20773,6,7,21148,490
20773,6,7,20778,770
20773,6,7,1,980
20407,6,7,22627,0
20407,6,7,22257,560
20407,6,7,21887,770
20407,6,7,21517,1050
20407,6,7,21147,1330
21885,6,7,23741,0
21885,6,7,23371,420
21885,6,7,23001,630
21885,6,7,22631,910
21885,6,7,22261,1120
21885,6,7,21891,1400
24858,6,7,25969,0
24858,6,7,25599,420
24858,6,7,25229,630
24858,6,7,24859,910
24858,6,7,1,1120
14092,6,7,20760,0
14092,6,7,20390,350
14092,6,7,20020,420
14092,6,7,19280,490
14092,6,7,18910,560
14092,6,7,18540,630
14092,6,7,17800,700
14092,6,7,17430,770
14092,6,7,16690,840
14092,6,7,16320,910
14092,6,7,15950,980
14092,6,7,15210,1050
14092,6,7,14840,1120
14092,6,7,14100,1190
14092,6,7,1,1260
17805,6,7,21140,0
17805,6,7,20770,280
17805,6,7,20030,560
17805,6,7,19660,630
17805,6,7,19290,700
17805,6,7,18550,770
17805,6,7,18180,840
17805,6,7,1,910
14841,6,7,18912,0
14841,6,7,18542,280
14841,6,7,18172,350
14841,6,7,17432,420
14841,6,7,17062,490
14841,6,7,16692,560
14841,6,7,15952,630
14841,6,7,15582,700
14841,6,7,14842,770
14841,6,7,1,840
23371,6,7,25595,0
23371,6,7,25225,420
23371,6,7,24855,630
23371,6,7,24485,910
23371,6,7,24115,1120
23371,6,7,23745,1400
15203,6,7,21133,0
15203,6,7,20763,420
15203,6,7,20393,630
15203,6,7,20023,700
15203,6,7,19653,770
15203,6,7,18913,840
15203,6,7,18543,910
15203,6,7,17803,980
15203,6,7,17433,1050
15203,6,7,17063,1120
15203,6,7,16323,1190
15203,6,7,15953,1260
15203,6,7,15213,1330
15203,6,7,1,1400
19273,6,7,22254,0
19273,6,7,21884,420
19273,6,7,21514,700
19273,6,7,21144,910
19273,6,7,20774,1190
19273,6,7,20404,1400
19273,6,7,20034,1470
19282,6,7,21884,0
19282,6,7,21514,420
19282,6,7,21144,630
19282,6,7,20774,910
19282,6,7,20404,1120
19282,6,7,20034,1190
19282,6,7,19294,1260
19282,6,7,1,1330
15212,6,7,19283,0
15212,6,7,18543,350
15212,6,7,17803,420
15212,6,7,17433,490
15212,6,7,17063,560
15212,6,7,16323,630
15212,6,7,15953,700
15212,6,7,15213,770
15212,6,7,1,840
22255,6,7,24112,0
22255,6,7,23742,420
22255,6,7,23372,630
22255,6,7,23002,840
22255,6,7,22632,1120
22255,6,7,22262,1400
16318,6,7,21506,0
16318,6,7,21136,210
16318,6,7,20766,490
16318,6,7,20026,770
16318,6,7,19656,840
16318,6,7,19286,910
16318,6,7,18546,980
16318,6,7,18176,1050
16318,6,7,17436,1120
16318,6,7,17066,1190
16318,6,7,16696,1260
16318,6,7,1,1330
19291,6,7,21144,0
19291,6,7,20774,490
19291,6,7,20404,700
19291,6,7,20034,770
19291,6,7,19294,840
19291,6,7,1,910
19644,6,7,22255,0
19644,6,7,21885,560
19644,6,7,21515,770
19644,6,7,21145,1050
19644,6,7,20775,1260
20750,6,7,22628,0
20750,6,7,22258,560
20750,6,7,21888,770
20750,6,7,21518,1050
20750,6,7,21148,1260
16680,6,7,21507,0
16680,6,7,21137,420
16680,6,7,20767,700
16680,6,7,20027,980
16680,6,7,19657,1050
16680,6,7,18917,1120
16680,6,7,18547,1190
16680,6,7,18177,1260
16680,6,7,17437,1330
16680,6,7,17067,1400
16680,6,7,16697,1470
12610,6,7,17426,0
12610,6,7,17056,210
12610,6,7,16686,280
12610,6,7,16316,350
12610,6,7,15946,420
12610,6,7,15206,490
12610,6,7,14836,560
12610,6,7,14096,630
12610,6,7,13726,700
12610,6,7,13356,770
12610,6,7,12616,840
12610,6,7,1,910
24482,6,7,26338,0
24482,6,7,25968,490
24482,6,7,25598,770
24482,6,7,25228,980
24482,6,7,24858,1260
20759,6,7,22258,0
20759,6,7,21888,490
20759,6,7,21518,770
20759,6,7,21148,980
20759,6,7,20778,1260
20759,6,7,1,1470
16689,6,7,21137,0
16689,6,7,20767,490
16689,6,7,20027,770
16689,6,7,19657,840
16689,6,7,19287,910
16689,6,7,18547,980
16689,6,7,18177,1050
16689,6,7,17437,1120
16689,6,7,17067,1190
16689,6,7,16697,1260
16689,6,7,1,1330
13725,6,7,18539,0
13725,6,7,18169,210
13725,6,7,17799,280
13725,6,7,17429,350
13725,6,7,17059,420
13725,6,7,16319,490
13725,6,7,15949,560
13725,6,7,15579,630
13725,6,7,14839,700
13725,6,7,14469,770
13725,6,7,13729,840
13725,6,7,1,910
20402,6,7,21517,0
20402,6,7,21147,420
20402,6,7,20777,700
20402,6,7,20407,910
20402,6,7,1,980
21880,6,7,23371,0
21880,6,7,23001,490
21880,6,7,22631,770
21880,6,7,22261,980
21880,6,7,21891,1260
21880,6,7,1,1470
24853,6,7,26709,0
24853,6,7,26339,490
24853,6,7,25969,700
24853,6,7,25599,980
24853,6,7,25229,1190
24853,6,7,24859,1470
21889,6,7,23371,0
21889,6,7,23001,420
21889,6,7,22631,700
21889,6,7,22261,980
21889,6,7,21891,1190
21889,6,7,1,1470
25968,6,7,27822,0
25968,6,7,27452,490
25968,6,7,27082,770
25968,6,7,26712,980
25968,6,7,26342,1260
17800,6,7,21510,0
17800,6,7,21140,490
17800,6,7,20770,700
17800,6,7,20030,980
17800,6,7,19660,1050
17800,6,7,19290,1120
17800,6,7,18550,1190
17800,6,7,18180,1260
17800,6,7,1,1330
14836,6,7,20392,0
14836,6,7,20022,210
14836,6,7,19652,280
14836,6,7,19282,350
14836,6,7,18912,420
14836,6,7,18172,490
14836,6,7,17802,560
14836,6,7,17432,630
14836,6,7,16692,700
14836,6,7,16322,770
14836,6,7,15582,840
14836,6,7,15212,910
14836,6,7,14842,980
14836,6,7,1,1050
17809,6,7,20770,0
17809,6,7,20400,350
17809,6,7,20030,420
17809,6,7,19290,490
17809,6,7,18920,560
17809,6,7,18550,630
17809,6,7,17810,700
17809,6,7,1,770
23375,6,7,25595,0
23375,6,7,25225,560
23375,6,7,24855,770
23375,6,7,24485,1050
23375,6,7,24115,1260
19277,6,7,22254,0
19277,6,7,21884,280
19277,6,7,21514,560
19277,6,7,21144,840
19277,6,7,20774,1050
19277,6,7,20404,1330
19277,6,7,19664,1400
19277,6,7,19294,1470
15207,6,7,20763,0
15207,6,7,20023,280
15207,6,7,19653,350
15207,6,7,19283,420
15207,6,7,18543,490
15207,6,7,18173,560
15207,6,7,17803,630
15207,6,7,17063,700
15207,6,7,16693,770
15207,6,7,15953,840
15207,6,7,15583,910
15207,6,7,15213,980
15207,6,7,1,1050
22250,6,7,24482,0
22250,6,7,24112,420
22250,6,7,23742,700
22250,6,7,23372,910
22250,6,7,23002,1190
22250,6,7,22632,1400
12243,6,7,16315,0
12243,6,7,15945,210
12243,6,7,15575,280
12243,6,7,15205,350
12243,6,7,14835,420
12243,6,7,14095,490
12243,6,7,13725,560
12243,6,7,12985,630
12243,6,7,12615,700
12243,6,7,12245,770
12243,6,7,1,840
16313,6,7,21506,0
16313,6,7,21136,280
16313,6,7,20766,490
16313,6,7,20396,770
16313,6,7,19656,840
16313,6,7,19286,910
16313,6,7,18916,980
16313,6,7,18176,1050
16313,6,7,17806,1120
16313,6,7,17066,1190
16313,6,7,16696,1260
16313,6,7,16326,1330
16313,6,7,1,1400
19286,6,7,21884,0
19286,6,7,21514,350
19286,6,7,21144,630
19286,6,7,20774,840
19286,6,7,20404,1120
19286,6,7,19664,1190
19286,6,7,19294,1260
19286,6,7,1,1330
16322,6,7,20766,0
16322,6,7,20026,420
16322,6,7,19656,490
16322,6,7,19286,560
16322,6,7,18546,630
16322,6,7,18176,700
16322,6,7,17436,770
16322,6,7,17066,840
16322,6,7,16696,910
16322,6,7,1,980
20754,6,7,22628,0
20754,6,7,22258,420
20754,6,7,21888,700
20754,6,7,21518,980
20754,6,7,21148,1190
20754,6,7,20778,1470
16684,6,7,21507,0
16684,6,7,21137,210
16684,6,7,20767,490
16684,6,7,20397,770
16684,6,7,19657,840
16684,6,7,19287,910
16684,6,7,18547,980
16684,6,7,18177,1050
16684,6,7,17807,1120
16684,6,7,17067,1190
16684,6,7,16697,1260
16684,6,7,1,1330
13720,6,7,20759,0
13720,6,7,20389,280
13720,6,7,20019,350
13720,6,7,19649,420
13720,6,7,18909,490
13720,6,7,18539,560
13720,6,7,18169,630
13720,6,7,17429,700
13720,6,7,17059,770
13720,6,7,16319,840
13720,6,7,15949,910
13720,6,7,15579,980
13720,6,7,14839,1050
13720,6,7,14469,1120
13720,6,7,13729,1190
13720,6,7,1,1260
24486,6,7,25968,0
24486,6,7,25598,630
24486,6,7,25228,840
24486,6,7,24858,1120
24486,6,7,24488,1330
20388,6,7,22257,0
20388,6,7,21887,420
20388,6,7,21517,700
20388,6,7,21147,980
20388,6,7,20777,1190
20388,6,7,20407,1470
20397,6,7,22257,0
20397,6,7,21887,350
20397,6,7,21517,630
20397,6,7,21147,840
20397,6,7,20777,1120
20397,6,7,1,1400
17433,6,7,20769,0
17433,6,7,20029,490
17433,6,7,19659,560
17433,6,7,18919,630
17433,6,7,18549,700
17433,6,7,18179,770
17433,6,7,17439,840
17433,6,7,1,910
21875,6,7,23741,0
21875,6,7,23371,560
21875,6,7,23001,840
21875,6,7,22631,1050
21875,6,7,22261,1330
20406,6,7,21147,0
20406,6,7,20777,560
20406,6,7,20407,770
20406,6,7,1,840
21884,6,7,23371,0
21884,6,7,23001,560
21884,6,7,22631,770
21884,6,7,22261,1050
21884,6,7,21891,1260
24857,6,7,26339,0
24857,6,7,25969,560
24857,6,7,25599,840
24857,6,7,25229,1050
24857,6,7,24859,1330
10761,6,7,20751,0
10761,6,7,20011,420
10761,6,7,19641,490
10761,6,7,19271,560
10761,6,7,18531,630
10761,6,7,18161,700
10761,6,7,17421,770
10761,6,7,17051,840
10761,6,7,16681,910
10761,6,7,15941,980
10761,6,7,15571,1050
10761,6,7,14831,1120
10761,6,7,14461,1190
10761,6,7,14091,1260
10761,6,7,13351,1330
10761,6,7,12981,1400
10761,6,7,12241,1470
17804,6,7,21140,0
17804,6,7,20770,280
17804,6,7,20030,560
17804,6,7,19660,630
17804,6,7,19290,700
17804,6,7,18550,770
17804,6,7,18180,840
17804,6,7,1,910
14840,6,7,19652,0
14840,6,7,18912,280
14840,6,7,18542,350
14840,6,7,18172,420
14840,6,7,17432,490
14840,6,7,17062,560
14840,6,7,16692,630
14840,6,7,15952,700
14840,6,7,15582,770
14840,6,7,14842,840
14840,6,7,1,910
19272,6,7,21884,0
19272,6,7,21514,420
19272,6,7,21144,700
19272,6,7,20774,910
19272,6,7,20404,1190
19272,6,7,19664,1260
19272,6,7,19294,1330
19272,6,7,1,1400
15202,6,7,21133,0
15202,6,7,20763,420
15202,6,7,20023,700
15202,6,7,19653,770
15202,6,7,18913,840
15202,6,7,18543,910
15202,6,7,18173,980
15202,6,7,17433,1050
15202,6,7,17063,1120
15202,6,7,16323,1190
15202,6,7,15953,1260
15202,6,7,15583,1330
15202,6,7,1,1400
23004,6,7,25224,0
23004,6,7,24854,490
23004,6,7,24484,770
23004,6,7,24114,980
23004,6,7,23744,1260
23004,6,7,23374,1470
19281,6,7,21884,0
19281,6,7,21514,420
19281,6,7,21144,630
19281,6,7,20774,910
19281,6,7,20404,1120
19281,6,7,20034,1190
19281,6,7,19294,1260
19281,6,7,1,1330
15211,6,7,20023,0
15211,6,7,19283,280
15211,6,7,18913,350
15211,6,7,18543,420
15211,6,7,17803,490
15211,6,7,17433,560
15211,6,7,17063,630
15211,6,7,16323,700
15211,6,7,15953,770
15211,6,7,15213,840
15211,6,7,1,910
16317,6,7,21506,0
16317,6,7,21136,280
16317,6,7,20766,490
16317,6,7,20396,770
16317,6,7,19656,840
16317,6,7,19286,910
16317,6,7,18546,980
16317,6,7,18176,1050
16317,6,7,17806,1120
16317,6,7,17066,1190
16317,6,7,16696,1260
16317,6,7,1,1330
16326,6,7,21876,0
16326,6,7,21506,490
16326,6,7,21136,770
16326,6,7,20766,980
16326,6,7,20396,1260
16326,6,7,19656,1330
16326,6,7,19286,1400
16326,6,7,18546,1470
18915,6,7,21883,0
18915,6,7,21513,280
18915,6,7,21143,560
18915,6,7,20773,840
18915,6,7,20403,1050
18915,6,7,20033,1120
18915,6,7,19293,1190
18915,6,7,18923,1260
18915,6,7,1,1330
20383,6,7,22627,0
20383,6,7,22257,420
20383,6,7,21887,630
20383,6,7,21517,910
20383,6,7,21147,1120
20383,6,7,20777,1400
20392,6,7,22257,0
20392,6,7,21887,560
20392,6,7,21517,770
20392,6,7,21147,1050
20392,6,7,20777,1330
17428,6,7,21509,0
17428,6,7,21139,420
17428,6,7,20769,630
17428,6,7,20029,910
17428,6,7,19659,980
17428,6,7,19289,1050
17428,6,7,18549,1120
17428,6,7,18179,1190
17428,6,7,17439,1260
17428,6,7,1,1330
13358,6,7,21498,0
13358,6,7,21128,280
13358,6,7,20758,560
13358,6,7,20388,770
13358,6,7,20018,840
13358,6,7,19648,910
13358,6,7,18908,980
13358,6,7,18538,1050
13358,6,7,17798,1120
13358,6,7,17428,1190
13358,6,7,17058,1260
13358,6,7,16318,1330
13358,6,7,15948,1400
13358,6,7,15208,1470
20401,6,7,21517,0
20401,6,7,21147,420
20401,6,7,20777,700
20401,6,7,20407,910
20401,6,7,1,980
17437,6,7,20769,0
17437,6,7,20399,350
17437,6,7,19659,420
17437,6,7,19289,490
17437,6,7,18919,560
17437,6,7,18179,630
17437,6,7,17809,700
17437,6,7,1,770
21879,6,7,23741,0
21879,6,7,23371,490
21879,6,7,23001,770
21879,6,7,22631,980
21879,6,7,22261,1260
21879,6,7,21891,1470
21888,6,7,23741,0
21888,6,7,23371,420
21888,6,7,23001,630
21888,6,7,22631,910
21888,6,7,22261,1120
21888,6,7,21891,1400
17790,6,7,21880,0
17790,6,7,21510,490
17790,6,7,21140,700
17790,6,7,20770,980
17790,6,7,20400,1190
17790,6,7,20030,1260
17790,6,7,19660,1330
17790,6,7,18920,1400
17790,6,7,18550,1470
17799,6,7,21510,0
17799,6,7,21140,490
17799,6,7,20770,700
17799,6,7,20400,980
17799,6,7,19660,1050
17799,6,7,19290,1120
17799,6,7,18550,1190
17799,6,7,18180,1260
17799,6,7,17810,1330
17799,6,7,1,1400
14835,6,7,20392,0
14835,6,7,20022,210
14835,6,7,19652,280
14835,6,7,19282,350
14835,6,7,18912,420
14835,6,7,18172,490
14835,6,7,17802,560
14835,6,7,17432,630
14835,6,7,16692,700
14835,6,7,16322,770
14835,6,7,15582,840
14835,6,7,15212,910
14835,6,7,14842,980
14835,6,7,1,1050
17808,6,7,20770,0
17808,6,7,20400,420
17808,6,7,20030,490
17808,6,7,19290,560
17808,6,7,18920,630
17808,6,7,18550,700
17808,6,7,17810,770
17808,6,7,1,840
22999,6,7,25224,0
22999,6,7,24854,350
22999,6,7,24484,560
22999,6,7,24114,840
22999,6,7,23744,1120
22999,6,7,23374,1330
20035,6,7,21146,0
20035,6,7,20776,490
20035,6,7,20036,770
20035,6,7,1,840
16312,6,7,21876,0
16312,6,7,21506,280
16312,6,7,21136,490
16312,6,7,20766,770
16312,6,7,20396,980
16312,6,7,20026,1050
16312,6,7,19656,1120
16312,6,7,18916,1190
16312,6,7,18546,1260
16312,6,7,17806,1330
16312,6,7,17436,1400
16312,6,7,17066,1470
12242,6,7,16685,0
12242,6,7,15945,280
12242,6,7,15575,350
12242,6,7,15205,420
12242,6,7,14835,490
12242,6,7,14095,560
12242,6,7,13725,630
12242,6,7,12985,700
12242,6,7,12615,770
12242,6,7,12245,840
12242,6,7,1,910
18910,6,7,21883,0
18910,6,7,21513,350
18910,6,7,21143,560
18910,6,7,20773,840
18910,6,7,20033,1120
18910,6,7,19663,1190
18910,6,7,18923,1260
18910,6,7,1,1330
18919,6,7,21143,0
18919,6,7,20773,420
18919,6,7,20403,700
18919,6,7,19663,770
18919,6,7,19293,840
18919,6,7,1,910
15955,6,7,21875,0
15955,6,7,21505,490
15955,6,7,21135,700
15955,6,7,20765,980
15955,6,7,20395,1190
15955,6,7,20025,1260
15955,6,7,19655,1330
15955,6,7,18915,1400
15955,6,7,18545,1470
24485,6,7,26338,0
24485,6,7,25968,490
24485,6,7,25598,770
24485,6,7,25228,980
24485,6,7,24858,1260
20387,6,7,22627,0
20387,6,7,22257,420
20387,6,7,21887,630
20387,6,7,21517,910
20387,6,7,21147,1120
20387,6,7,20777,1400
13353,6,7,18168,0
13353,6,7,17798,280
13353,6,7,17428,350
13353,6,7,16688,420
13353,6,7,16318,490
13353,6,7,15948,560
13353,6,7,15208,630
13353,6,7,14838,700
13353,6,7,14098,770
13353,6,7,13728,840
13353,6,7,13358,910
13353,6,7,1,980
20396,6,7,22257,0
20396,6,7,21887,350
20396,6,7,21517,630
20396,6,7,21147,910
20396,6,7,20777,1120
20396,6,7,1,1400
17432,6,7,20769,0
17432,6,7,20029,490
17432,6,7,19659,560
17432,6,7,18919,630
17432,6,7,18549,700
17432,6,7,18179,770
17432,6,7,17439,840
17432,6,7,1,910
21874,6,7,23741,0
21874,6,7,23371,560
21874,6,7,23001,840
21874,6,7,22631,1050
21874,6,7,22261,1330
20405,6,7,21517,0
20405,6,7,21147,350
20405,6,7,20777,630
20405,6,7,20407,840
20405,6,7,1,910
21517,6,7,23000,0
21517,6,7,22630,490
21517,6,7,22260,700
21517,6,7,21890,980
21517,6,7,21520,1190
21517,6,7,1,1470
14830,6,7,21132,0
14830,6,7,20762,350
14830,6,7,20392,560
14830,6,7,20022,630
14830,6,7,19652,700
14830,6,7,18912,770
14830,6,7,18542,840
14830,6,7,17802,910
14830,6,7,17432,980
14830,6,7,17062,1050
14830,6,7,16322,1120
14830,6,7,15952,1190
14830,6,7,15212,1260
14830,6,7,14842,1330
14830,6,7,1,1400
25596,6,7,27451,0
25596,6,7,27081,420
25596,6,7,26711,630
25596,6,7,26341,910
25596,6,7,25971,1120
25596,6,7,25601,1400
22632,6,7,23743,0
22632,6,7,23373,420
22632,6,7,23003,630
22632,6,7,22633,840
22632,6,7,1,1120
14839,6,7,20022,0
14839,6,7,19652,280
14839,6,7,19282,350
14839,6,7,18542,420
14839,6,7,18172,490
14839,6,7,17432,560
14839,6,7,17062,630
14839,6,7,16692,700
14839,6,7,15952,770
14839,6,7,15582,840
14839,6,7,14842,910
14839,6,7,1,980
20021,6,7,22256,0
20021,6,7,21886,490
20021,6,7,21516,770
20021,6,7,21146,980
20021,6,7,20776,1260
20021,6,7,20406,1470
20030,6,7,21516,0
20030,6,7,21146,420
20030,6,7,20776,630
20030,6,7,20036,910
20030,6,7,1,980
23003,6,7,24114,0
23003,6,7,23744,420
23003,6,7,23374,630
23003,6,7,23004,910
23003,6,7,1,1120
11871,6,7,16314,0
11871,6,7,15574,280
11871,6,7,15204,350
11871,6,7,14834,420
11871,6,7,14464,490
11871,6,7,13724,560
11871,6,7,13354,630
11871,6,7,12614,700
11871,6,7,12244,770
11871,6,7,11874,840
11871,6,7,1,910
18914,6,7,21883,0
18914,6,7,21513,280
18914,6,7,21143,560
18914,6,7,20773,840
18914,6,7,20403,1050
18914,6,7,20033,1120
18914,6,7,19293,1190
18914,6,7,18923,1260
18914,6,7,1,1330
15950,6,7,20765,0
15950,6,7,20395,350
15950,6,7,20025,420
15950,6,7,19285,490
15950,6,7,18915,560
15950,6,7,18545,630
15950,6,7,17805,700
15950,6,7,17435,770
15950,6,7,16695,840
15950,6,7,16325,910
15950,6,7,15955,980
15950,6,7,1,1050
18923,6,7,22623,0
18923,6,7,22253,280
18923,6,7,21883,560
18923,6,7,21513,770
18923,6,7,21143,1050
18923,6,7,20773,1260
12986,6,7,16317,0
12986,6,7,15947,280
12986,6,7,15577,350
12986,6,7,14837,420
12986,6,7,14467,490
12986,6,7,13727,560
12986,6,7,13357,630
12986,6,7,12987,700
12986,6,7,1,770
20382,6,7,22627,0
20382,6,7,22257,420
20382,6,7,21887,630
20382,6,7,21517,910
20382,6,7,21147,1120
20382,6,7,20777,1400
24114,6,7,25967,0
24114,6,7,25597,490
24114,6,7,25227,770
24114,6,7,24857,980
24114,6,7,24487,1260
20391,6,7,22257,0
20391,6,7,21887,560
20391,6,7,21517,840
20391,6,7,21147,1050
20391,6,7,20777,1330
13357,6,7,17058,0
13357,6,7,16318,280
13357,6,7,15948,350
13357,6,7,15578,420
13357,6,7,15208,490
13357,6,7,14468,560
13357,6,7,14098,630
13357,6,7,13358,700
13357,6,7,1,770
17427,6,7,21509,0
17427,6,7,21139,350
17427,6,7,20769,630
17427,6,7,20399,840
17427,6,7,20029,910
17427,6,7,19289,980
17427,6,7,18919,1050
17427,6,7,18179,1120
17427,6,7,17809,1190
17427,6,7,17439,1260
17427,6,7,1,1330
20400,6,7,21517,0
20400,6,7,21147,420
20400,6,7,20777,700
20400,6,7,20407,910
20400,6,7,1,980
25229,6,7,25970,0
25229,6,7,25600,560
25229,6,7,25230,840
25229,6,7,1,1050
17436,6,7,20769,0
17436,6,7,20399,420
17436,6,7,20029,490
17436,6,7,19289,560
17436,6,7,18919,630
17436,6,7,18179,700
17436,6,7,17809,770
17436,6,7,17439,840
17436,6,7,1,910
21503,6,7,23370,0
21503,6,7,23000,490
21503,6,7,22630,700
21503,6,7,22260,980
21503,6,7,21890,1190
21503,6,7,21520,1470
21512,6,7,23370,0
21512,6,7,23000,420
21512,6,7,22630,630
21512,6,7,22260,910
21512,6,7,21890,1120
21512,6,7,21520,1400
18548,6,7,21142,0
18548,6,7,20772,420
18548,6,7,20402,630
18548,6,7,20032,700
18548,6,7,19292,770
18548,6,7,18922,840
18548,6,7,1,910
22627,6,7,24853,0
22627,6,7,24483,420
22627,6,7,24113,630
22627,6,7,23743,910
22627,6,7,23373,1120
22627,6,7,23003,1400
14834,6,7,21132,0
14834,6,7,20762,280
14834,6,7,20392,560
14834,6,7,20022,630
14834,6,7,19282,700
14834,6,7,18912,770
14834,6,7,18172,840
14834,6,7,17802,910
14834,6,7,17432,980
14834,6,7,16692,1050
14834,6,7,16322,1120
14834,6,7,15582,1190
14834,6,7,15212,1260
14834,6,7,14842,1330
14834,6,7,1,1400
25600,6,7,26341,0
25600,6,7,25971,560
25600,6,7,25601,840
25600,6,7,1,1050
14468,6,7,18911,0
14468,6,7,18541,280
14468,6,7,18171,350
14468,6,7,17431,420
14468,6,7,17061,490
14468,6,7,16321,560
14468,6,7,15951,630
14468,6,7,15581,700
14468,6,7,14841,770
14468,6,7,14471,840
14468,6,7,1,910
20016,6,7,22626,0
20016,6,7,22256,350
20016,6,7,21886,560
20016,6,7,21516,840
20016,6,7,21146,1120
20016,6,7,20776,1330
20025,6,7,22256,0
20025,6,7,21886,350
20025,6,7,21516,560
20025,6,7,21146,840
20025,6,7,20776,1120
20025,6,7,20406,1330
20025,6,7,20036,1400
20025,6,7,1,1470
22998,6,7,25224,0
22998,6,7,24854,350
22998,6,7,24484,630
22998,6,7,24114,840
22998,6,7,23744,1120
22998,6,7,23374,1330
20034,6,7,21146,0
20034,6,7,20776,560
20034,6,7,20036,840
20034,6,7,1,910
18900,6,7,21883,0
18900,6,7,21513,420
18900,6,7,21143,630
18900,6,7,20773,910
18900,6,7,20403,1120
18900,6,7,20033,1190
18900,6,7,19663,1260
18900,6,7,18923,1330
18900,6,7,1,1400
18909,6,7,22253,0
18909,6,7,21883,280
18909,6,7,21513,560
18909,6,7,21143,770
18909,6,7,20773,1050
18909,6,7,20403,1260
18909,6,7,20033,1330
18909,6,7,19663,1400
18909,6,7,18923,1470
15945,6,7,21505,0
15945,6,7,21135,280
15945,6,7,20765,490
15945,6,7,20395,770
15945,6,7,19655,840
15945,6,7,19285,910
15945,6,7,18545,980
15945,6,7,18175,1050
15945,6,7,17805,1120
15945,6,7,17065,1190
15945,6,7,16695,1260
15945,6,7,15955,1330
15945,6,7,1,1400
18918,6,7,21143,0
18918,6,7,20773,420
18918,6,7,20403,700
18918,6,7,19663,770
18918,6,7,19293,840
18918,6,7,1,910
12981,6,7,17797,0
12981,6,7,17427,210
12981,6,7,17057,280
12981,6,7,16687,350
12981,6,7,16317,420
12981,6,7,15577,490
12981,6,7,15207,560
12981,6,7,14467,630
12981,6,7,14097,700
12981,6,7,13727,770
12981,6,7,12987,840
12981,6,7,1,910
15954,6,7,20025,0
15954,6,7,19285,350
15954,6,7,18545,420
15954,6,7,18175,490
15954,6,7,17805,560
15954,6,7,17065,630
15954,6,7,16695,700
15954,6,7,15955,770
15954,6,7,1,840
20386,6,7,22627,0
20386,6,7,22257,420
20386,6,7,21887,630
20386,6,7,21517,910
20386,6,7,21147,1120
20386,6,7,20777,1400
21145,6,7,22629,0
21145,6,7,22259,420
21145,6,7,21889,630
21145,6,7,21519,910
21145,6,7,21149,1120
21145,6,7,1,1400
17422,6,7,21879,0
17422,6,7,21509,280
17422,6,7,21139,560
17422,6,7,20769,770
17422,6,7,20399,1050
17422,6,7,19659,1120
17422,6,7,19289,1190
17422,6,7,18549,1260
17422,6,7,18179,1330
17422,6,7,17809,1400
17422,6,7,1,1470
13352,6,7,18538,0
13352,6,7,18168,210
13352,6,7,17798,280
13352,6,7,17428,350
13352,6,7,16688,420
13352,6,7,16318,490
13352,6,7,15948,560
13352,6,7,15208,630
13352,6,7,14838,700
13352,6,7,14098,770
13352,6,7,13728,840
13352,6,7,13358,910
13352,6,7,1,980
25224,6,7,27080,0
25224,6,7,26710,420
25224,6,7,26340,700
25224,6,7,25970,910
25224,6,7,25600,1190
25224,6,7,25230,1400
17431,6,7,21509,0
17431,6,7,21139,350
17431,6,7,20769,560
17431,6,7,20399,840
17431,6,7,19659,910
17431,6,7,19289,980
17431,6,7,18549,1050
17431,6,7,18179,1120
17431,6,7,17809,1190
17431,6,7,1,1260
21498,6,7,23370,0
21498,6,7,23000,490
21498,6,7,22630,700
21498,6,7,22260,980
21498,6,7,21890,1190
21498,6,7,21520,1470
21507,6,7,23370,0
21507,6,7,23000,490
21507,6,7,22630,700
21507,6,7,22260,980
21507,6,7,21890,1190
21507,6,7,21520,1470
18543,6,7,21882,0
18543,6,7,21512,280
18543,6,7,21142,490
18543,6,7,20772,770
18543,6,7,20032,1050
18543,6,7,19662,1120
18543,6,7,18922,1190
18543,6,7,18552,1260
18543,6,7,1,1330
21516,6,7,23000,0
21516,6,7,22630,420
21516,6,7,22260,700
21516,6,7,21890,910
21516,6,7,21520,1190
21516,6,7,1,1400
15579,6,7,20764,0
15579,6,7,20394,280
15579,6,7,20024,350
15579,6,7,19654,420
15579,6,7,18914,490
15579,6,7,18544,560
15579,6,7,18174,630
15579,6,7,17434,700
15579,6,7,17064,770
15579,6,7,16324,840
15579,6,7,15954,910
15579,6,7,15584,980
15579,6,7,1,1050
18552,6,7,22252,0
18552,6,7,21882,490
18552,6,7,21512,770
18552,6,7,21142,980
18552,6,7,20772,1260
18552,6,7,20402,1470
25595,6,7,27451,0
25595,6,7,27081,420
25595,6,7,26711,700
25595,6,7,26341,910
25595,6,7,25971,1190
25595,6,7,25601,1470
22631,6,7,24113,0
22631,6,7,23743,560
22631,6,7,23373,840
22631,6,7,23003,1050
22631,6,7,22633,1330
14463,6,7,20761,0
14463,6,7,20391,420
14463,6,7,19651,490
14463,6,7,19281,560
14463,6,7,18911,630
14463,6,7,18171,700
14463,6,7,17801,770
14463,6,7,17061,840
14463,6,7,16691,910
14463,6,7,16321,980
14463,6,7,15581,1050
14463,6,7,15211,1120
14463,6,7,14471,1190
14463,6,7,1,1260
20020,6,7,22256,0
20020,6,7,21886,490
20020,6,7,21516,770
20020,6,7,21146,980
20020,6,7,20776,1260
20029,6,7,21516,0
20029,6,7,21146,420
20029,6,7,20776,630
20029,6,7,20036,910
20029,6,7,1,980
15940,6,7,21505,0
15940,6,7,21135,490
15940,6,7,20765,700
15940,6,7,20395,980
15940,6,7,19655,1050
15940,6,7,19285,1120
15940,6,7,18915,1190
15940,6,7,18175,1260
15940,6,7,17805,1330
15940,6,7,17065,1400
15940,6,7,16695,1470
18913,6,7,21883,0
18913,6,7,21513,350
18913,6,7,21143,630
18913,6,7,20773,840
18913,6,7,20403,1120
18913,6,7,19663,1190
18913,6,7,19293,1260
18913,6,7,1,1330
15949,6,7,20765,0
15949,6,7,20395,350
15949,6,7,20025,420
15949,6,7,19285,490
15949,6,7,18915,560
15949,6,7,18545,630
15949,6,7,17805,700
15949,6,7,17435,770
15949,6,7,16695,840
15949,6,7,16325,910
15949,6,7,15955,980
15949,6,7,1,1050
12985,6,7,17057,0
12985,6,7,16687,210
12985,6,7,16317,280
12985,6,7,15947,350
12985,6,7,15577,420
12985,6,7,14837,490
12985,6,7,14467,560
12985,6,7,13727,630
12985,6,7,13357,700
12985,6,7,12987,770
12985,6,7,1,840
21140,6,7,22629,0
21140,6,7,22259,420
21140,6,7,21889,630
21140,6,7,21519,910
21140,6,7,21149,1120
21140,6,7,1,1400
24113,6,7,25967,0
24113,6,7,25597,560
24113,6,7,25227,840
24113,6,7,24857,1120
24113,6,7,24487,1330
21149,6,7,23369,0
21149,6,7,22999,350
21149,6,7,22629,630
21149,6,7,22259,840
21149,6,7,21889,1120
21149,6,7,21519,1330
25228,6,7,26710,0
25228,6,7,26340,490
25228,6,7,25970,770
25228,6,7,25600,980
25228,6,7,25230,1260
25228,6,7,1,1470
21502,6,7,23370,0
21502,6,7,23000,560
21502,6,7,22630,770
21502,6,7,22260,1050
21502,6,7,21890,1260
18538,6,7,21882,0
18538,6,7,21512,490
18538,6,7,21142,770
18538,6,7,20772,980
18538,6,7,20032,1260
18538,6,7,19662,1330
18538,6,7,19292,1400
18538,6,7,18552,1470
21511,6,7,23370,0
21511,6,7,23000,350
21511,6,7,22630,630
21511,6,7,22260,840
21511,6,7,21890,1120
21511,6,7,21520,1400
15574,6,7,21134,0
15574,6,7,20764,490
15574,6,7,20394,700
15574,6,7,20024,770
15574,6,7,19284,840
15574,6,7,18914,910
15574,6,7,18174,980
15574,6,7,17804,1050
15574,6,7,17434,1120
15574,6,7,16694,1190
15574,6,7,16324,1260
15574,6,7,15584,1330
15574,6,7,1,1400
18547,6,7,21142,0
18547,6,7,20772,420
18547,6,7,20402,630
18547,6,7,20032,700
18547,6,7,19292,770
18547,6,7,18922,840
18547,6,7,1,910
21520,6,7,23740,0
21520,6,7,23370,420
21520,6,7,23000,630
21520,6,7,22630,910
21520,6,7,22260,1120
21520,6,7,21890,1400
15583,6,7,19654,0
15583,6,7,18914,350
15583,6,7,18174,420
15583,6,7,17804,490
15583,6,7,17434,560
15583,6,7,16694,630
15583,6,7,16324,700
15583,6,7,15584,770
15583,6,7,1,840
22626,6,7,24853,0
22626,6,7,24483,420
22626,6,7,24113,630
22626,6,7,23743,910
22626,6,7,23373,1190
22626,6,7,23003,1400
14467,6,7,19281,0
14467,6,7,18911,210
14467,6,7,18541,280
14467,6,7,18171,350
14467,6,7,17801,420
14467,6,7,17061,490
14467,6,7,16691,560
14467,6,7,16321,630
14467,6,7,15581,700
14467,6,7,15211,770
14467,6,7,14471,840
14467,6,7,1,910
20015,6,7,22626,0
20015,6,7,22256,350
20015,6,7,21886,560
20015,6,7,21516,840
20015,6,7,21146,1120
20015,6,7,20776,1330
11503,6,7,20753,0
11503,6,7,20383,490
11503,6,7,20013,560
11503,6,7,19273,630
11503,6,7,18903,700
11503,6,7,18163,770
11503,6,7,17793,840
11503,6,7,17423,910
11503,6,7,16683,980
11503,6,7,16313,1050
11503,6,7,15573,1120
11503,6,7,15203,1190
11503,6,7,14833,1260
11503,6,7,14093,1330
11503,6,7,13723,1400
11503,6,7,12983,1470
20024,6,7,21886,0
20024,6,7,21516,560
20024,6,7,21146,770
20024,6,7,20776,1050
20024,6,7,20036,1330
20024,6,7,1,1400
18908,6,7,22253,0
18908,6,7,21883,280
18908,6,7,21513,560
18908,6,7,21143,770
18908,6,7,20773,1050
18908,6,7,20403,1260
18908,6,7,20033,1330
18908,6,7,19663,1400
18908,6,7,18923,1470
11874,6,7,21124,0
11874,6,7,20754,280
11874,6,7,20384,560
11874,6,7,19644,630
11874,6,7,19274,700
11874,6,7,18534,770
11874,6,7,18164,840
11874,6,7,17794,910
11874,6,7,17054,980
11874,6,7,16684,1050
11874,6,7,15944,1120
11874,6,7,15574,1190
11874,6,7,15204,1260
11874,6,7,14464,1330
11874,6,7,14094,1400
11874,6,7,13354,1470
26710,6,7,28564,0
26710,6,7,28194,490
26710,6,7,27824,770
26710,6,7,27454,980
26710,6,7,27084,1260
26710,6,7,26714,1470
15944,6,7,21505,0
15944,6,7,21135,280
15944,6,7,20765,490
15944,6,7,20395,770
15944,6,7,19655,840
15944,6,7,19285,910
15944,6,7,18915,980
15944,6,7,18175,1050
15944,6,7,17805,1120
15944,6,7,17065,1190
15944,6,7,16695,1260
15944,6,7,16325,1330
15944,6,7,1,1400
23746,6,7,25966,0
23746,6,7,25596,560
23746,6,7,25226,770
23746,6,7,24856,1050
23746,6,7,24486,1260
17056,6,7,21508,0
17056,6,7,21138,280
17056,6,7,20768,560
17056,6,7,20398,770
17056,6,7,20028,840
17056,6,7,19658,910
17056,6,7,18918,980
17056,6,7,18548,1050
17056,6,7,17808,1120
17056,6,7,17438,1190
17056,6,7,17068,1260
17056,6,7,1,1330
21126,6,7,22999,0
21126,6,7,22629,560
21126,6,7,22259,770
21126,6,7,21889,1050
21126,6,7,21519,1260
17065,6,7,20768,0
17065,6,7,20398,350
17065,6,7,20028,420
17065,6,7,19658,490
17065,6,7,18918,560
17065,6,7,18548,630
17065,6,7,17808,700
17065,6,7,17438,770
17065,6,7,17068,840
17065,6,7,1,910
21135,6,7,22999,0
21135,6,7,22629,350
21135,6,7,22259,630
21135,6,7,21889,840
21135,6,7,21519,1120
21135,6,7,21149,1330
18171,6,7,21881,0
18171,6,7,21511,210
18171,6,7,21141,490
18171,6,7,20771,770
18171,6,7,20401,980
18171,6,7,20031,1050
18171,6,7,19661,1120
18171,6,7,18921,1190
18171,6,7,18551,1260
18171,6,7,1,1330
21144,6,7,22629,0
21144,6,7,22259,420
21144,6,7,21889,630
21144,6,7,21519,910
21144,6,7,21149,1120
21144,6,7,1,1400
24117,6,7,26337,0
24117,6,7,25967,490
24117,6,7,25597,770
24117,6,7,25227,980
24117,6,7,24857,1260
24117,6,7,24487,1470
18180,6,7,20771,0
18180,6,7,20401,420
18180,6,7,19661,490
18180,6,7,19291,560
18180,6,7,18921,630
18180,6,7,18181,700
18180,6,7,1,770
21506,6,7,23000,0
21506,6,7,22630,490
21506,6,7,22260,700
21506,6,7,21890,980
21506,6,7,21520,1260
21506,6,7,1,1470
18542,6,7,21882,0
18542,6,7,21512,280
18542,6,7,21142,560
18542,6,7,20772,840
18542,6,7,20402,1050
18542,6,7,20032,1120
18542,6,7,19292,1190
18542,6,7,18922,1260
18542,6,7,1,1330
21515,6,7,23000,0
21515,6,7,22630,420
21515,6,7,22260,700
21515,6,7,21890,910
21515,6,7,21520,1190
21515,6,7,1,1400
15578,6,7,20764,0
15578,6,7,20394,280
15578,6,7,20024,350
15578,6,7,19654,420
15578,6,7,18914,490
15578,6,7,18544,560
15578,6,7,18174,630
15578,6,7,17434,700
15578,6,7,17064,770
15578,6,7,16324,840
15578,6,7,15954,910
15578,6,7,15584,980
15578,6,7,1,1050
18551,6,7,20772,0
18551,6,7,20402,490
18551,6,7,19662,560
18551,6,7,19292,630
18551,6,7,18552,700
18551,6,7,1,770
22630,6,7,24483,0
22630,6,7,24113,490
22630,6,7,23743,770
22630,6,7,23373,980
22630,6,7,23003,1260
14462,6,7,20761,0
14462,6,7,20391,420
14462,6,7,19651,490
14462,6,7,19281,560
14462,6,7,18911,630
14462,6,7,18171,700
14462,6,7,17801,770
14462,6,7,17061,840
14462,6,7,16691,910
14462,6,7,16321,980
14462,6,7,15581,1050
14462,6,7,15211,1120
14462,6,7,14471,1190
14462,6,7,1,1260
20010,6,7,22626,0
20010,6,7,22256,420
20010,6,7,21886,630
20010,6,7,21516,910
20010,6,7,21146,1190
20010,6,7,20776,1400
14471,6,7,21501,0
14471,6,7,21131,420
14471,6,7,20761,700
14471,6,7,20391,910
14471,6,7,20021,980
14471,6,7,19281,1050
14471,6,7,18911,1120
14471,6,7,18171,1190
14471,6,7,17801,1260
14471,6,7,17431,1330
14471,6,7,16691,1400
14471,6,7,16321,1470
20019,6,7,22256,0
20019,6,7,21886,490
20019,6,7,21516,770
20019,6,7,21146,980
20019,6,7,20776,1260
20019,6,7,20406,1470
19653,6,7,21885,0
19653,6,7,21515,490
19653,6,7,21145,770
19653,6,7,20775,980
19653,6,7,20035,1260
19653,6,7,19665,1330
19653,6,7,1,1400
19662,6,7,21515,0
19662,6,7,21145,280
19662,6,7,20775,560
19662,6,7,20405,770
19662,6,7,20035,840
19662,6,7,19665,910
19662,6,7,1,980
20768,6,7,22258,0
20768,6,7,21888,420
20768,6,7,21518,700
20768,6,7,21148,910
20768,6,7,20778,1190
20768,6,7,1,1400
23741,6,7,25596,0
23741,6,7,25226,560
23741,6,7,24856,840
23741,6,7,24486,1050
23741,6,7,24116,1330
20777,6,7,21518,0
20777,6,7,21148,350
20777,6,7,20778,560
20777,6,7,1,840
12984,6,7,17427,0
12984,6,7,16687,280
12984,6,7,16317,350
12984,6,7,15947,420
12984,6,7,15577,490
12984,6,7,14837,560
12984,6,7,14467,630
12984,6,7,13727,700
12984,6,7,13357,770
12984,6,7,12987,840
12984,6,7,1,910
17060,6,7,21508,0
17060,6,7,21138,280
17060,6,7,20768,560
17060,6,7,20398,770
17060,6,7,20028,840
17060,6,7,19288,910
17060,6,7,18918,980
17060,6,7,18178,1050
17060,6,7,17808,1120
17060,6,7,17438,1190
17060,6,7,1,1260
21130,6,7,22629,0
21130,6,7,22259,490
21130,6,7,21889,700
21130,6,7,21519,980
21130,6,7,21149,1190
21130,6,7,1,1470
14096,6,7,18910,0
14096,6,7,18540,210
14096,6,7,18170,280
14096,6,7,17800,350
14096,6,7,17430,420
14096,6,7,16690,490
14096,6,7,16320,560
14096,6,7,15950,630
14096,6,7,15210,700
14096,6,7,14840,770
14096,6,7,14100,840
14096,6,7,1,910
18166,6,7,21881,0
18166,6,7,21511,420
18166,6,7,21141,700
18166,6,7,20771,910
18166,6,7,20401,1190
18166,6,7,19661,1260
18166,6,7,19291,1330
18166,6,7,18921,1400
18166,6,7,18181,1470
21139,6,7,22999,0
21139,6,7,22629,420
21139,6,7,22259,630
21139,6,7,21889,840
21139,6,7,21519,1120
21139,6,7,21149,1330
24112,6,7,25967,0
24112,6,7,25597,490
24112,6,7,25227,700
24112,6,7,24857,980
24112,6,7,24487,1190
24112,6,7,24117,1470
18175,6,7,21141,0
18175,6,7,20771,350
18175,6,7,20401,560
18175,6,7,20031,630
18175,6,7,19661,700
18175,6,7,18921,770
18175,6,7,18551,840
18175,6,7,1,910
21148,6,7,21889,0
21148,6,7,21519,490
21148,6,7,21149,770
21148,6,7,1,980
25227,6,7,27080,0
25227,6,7,26710,350
25227,6,7,26340,630
25227,6,7,25970,840
25227,6,7,25600,1120
25227,6,7,25230,1330
21501,6,7,23370,0
21501,6,7,23000,560
21501,6,7,22630,770
21501,6,7,22260,1050
21501,6,7,21890,1260
18537,6,7,21882,0
18537,6,7,21512,490
18537,6,7,21142,770
18537,6,7,20772,980
18537,6,7,20032,1260
18537,6,7,19662,1330
18537,6,7,19292,1400
18537,6,7,18552,1470
26339,6,7,28193,0
26339,6,7,27823,490
26339,6,7,27453,770
26339,6,7,27083,980
26339,6,7,26713,1260
15573,6,7,21134,0
15573,6,7,20764,490
15573,6,7,20394,700
15573,6,7,20024,770
15573,6,7,19284,840
15573,6,7,18914,910
15573,6,7,18544,980
15573,6,7,17804,1050
15573,6,7,17434,1120
15573,6,7,16694,1190
15573,6,7,16324,1260
15573,6,7,15954,1330
15573,6,7,1,1400
18546,6,7,21142,0
18546,6,7,20772,420
18546,6,7,20402,630
18546,6,7,20032,700
18546,6,7,19292,770
18546,6,7,18922,840
18546,6,7,1,910
15582,6,7,20394,0
15582,6,7,20024,280
15582,6,7,19284,350
15582,6,7,18914,420
15582,6,7,18174,490
15582,6,7,17804,560
15582,6,7,17434,630
15582,6,7,16694,700
15582,6,7,16324,770
15582,6,7,15584,840
15582,6,7,1,910
22259,6,7,24112,0
22259,6,7,23742,490
22259,6,7,23372,770
22259,6,7,23002,980
22259,6,7,22632,1260
14466,6,7,19281,0
14466,6,7,18911,210
14466,6,7,18541,280
14466,6,7,18171,350
14466,6,7,17801,420
14466,6,7,17061,490
14466,6,7,16691,560
14466,6,7,16321,630
14466,6,7,15581,700
14466,6,7,15211,770
14466,6,7,14471,840
14466,6,7,1,910
11502,6,7,14833,0
11502,6,7,14093,280
11502,6,7,13723,350
11502,6,7,13353,420
11502,6,7,12983,490
11502,6,7,12243,560
11502,6,7,11873,630
11502,6,7,1,700
19648,6,7,22255,0
19648,6,7,21885,420
19648,6,7,21515,700
19648,6,7,21145,980
19648,6,7,20775,1190
19648,6,7,20035,1470
12614,6,7,16686,0
12614,6,7,16316,210
12614,6,7,15946,280
12614,6,7,15576,350
12614,6,7,15206,420
12614,6,7,14466,490
12614,6,7,14096,560
12614,6,7,13356,630
12614,6,7,12986,700
12614,6,7,12616,770
12614,6,7,1,840
19657,6,7,21885,0
19657,6,7,21515,490
19657,6,7,21145,700
19657,6,7,20775,980
19657,6,7,20035,1260
19657,6,7,19665,1330
19657,6,7,1,1400
20763,6,7,22628,0
20763,6,7,22258,350
20763,6,7,21888,630
20763,6,7,21518,840
20763,6,7,21148,1120
20763,6,7,20778,1330
16693,6,7,20767,0
16693,6,7,20027,420
16693,6,7,19657,490
16693,6,7,18917,560
16693,6,7,18547,630
16693,6,7,18177,700
16693,6,7,17437,770
16693,6,7,17067,840
16693,6,7,1,910
13729,6,7,21499,0
13729,6,7,21129,280
13729,6,7,20759,560
13729,6,7,20019,840
13729,6,7,19649,910
13729,6,7,19279,980
13729,6,7,18539,1050
13729,6,7,18169,1120
13729,6,7,17429,1190
13729,6,7,17059,1260
13729,6,7,16689,1330
13729,6,7,15949,1400
13729,6,7,15579,1470
26709,6,7,28564,0
26709,6,7,28194,420
26709,6,7,27824,630
26709,6,7,27454,910
26709,6,7,27084,1120
26709,6,7,26714,1400
20772,6,7,21518,0
20772,6,7,21148,490
20772,6,7,20778,770
20772,6,7,1,980
23745,6,7,24856,0
23745,6,7,24486,420
23745,6,7,24116,700
23745,6,7,23746,910
23745,6,7,1,1190
21125,6,7,22999,0
21125,6,7,22629,560
21125,6,7,22259,770
21125,6,7,21889,1050
21125,6,7,21519,1330
17055,6,7,21508,0
17055,6,7,21138,280
17055,6,7,20768,560
17055,6,7,20398,770
17055,6,7,20028,840
17055,6,7,19658,910
17055,6,7,18918,980
17055,6,7,18548,1050
17055,6,7,17808,1120
17055,6,7,17438,1190
17055,6,7,17068,1260
17055,6,7,1,1330
14091,6,7,20760,0
14091,6,7,20390,350
14091,6,7,20020,420
14091,6,7,19280,490
14091,6,7,18910,560
14091,6,7,18540,630
14091,6,7,17800,700
14091,6,7,17430,770
14091,6,7,16690,840
14091,6,7,16320,910
14091,6,7,15950,980
14091,6,7,15210,1050
14091,6,7,14840,1120
14091,6,7,14100,1190
14091,6,7,1,1260
17064,6,7,20768,0
17064,6,7,20398,420
17064,6,7,19658,490
17064,6,7,19288,560
17064,6,7,18548,630
17064,6,7,18178,700
17064,6,7,17808,770
17064,6,7,17068,840
17064,6,7,1,910
21134,6,7,22629,0
21134,6,7,22259,490
21134,6,7,21889,770
21134,6,7,21519,980
21134,6,7,21149,1260
18170,6,7,21881,0
18170,6,7,21511,280
18170,6,7,21141,490
18170,6,7,20771,770
18170,6,7,20031,1050
18170,6,7,19661,1120
18170,6,7,18921,1190
18170,6,7,18551,1260
18170,6,7,18181,1330
18170,6,7,1,1400
14100,6,7,21500,0
14100,6,7,21130,350
14100,6,7,20760,630
14100,6,7,20390,840
14100,6,7,20020,910
14100,6,7,19650,980
14100,6,7,18910,1050
14100,6,7,18540,1120
14100,6,7,17800,1190
14100,6,7,17430,1260
14100,6,7,17060,1330
14100,6,7,16320,1400
14100,6,7,15950,1470
21143,6,7,22629,0
21143,6,7,22259,420
21143,6,7,21889,700
21143,6,7,21519,910
21143,6,7,21149,1190
21143,6,7,1,1470
18179,6,7,20771,0
18179,6,7,20401,490
18179,6,7,19661,560
18179,6,7,19291,630
18179,6,7,18921,700
18179,6,7,18181,770
18179,6,7,1,840
18532,6,7,22252,0
18532,6,7,21882,280
18532,6,7,21512,560
18532,6,7,21142,840
18532,6,7,20772,1050
18532,6,7,20402,1330
18532,6,7,19662,1400
18532,6,7,19292,1470
23370,6,7,25595,0
23370,6,7,25225,350
23370,6,7,24855,630
23370,6,7,24485,840
23370,6,7,24115,1120
23370,6,7,23745,1330
15577,6,7,20764,0
15577,6,7,20394,280
15577,6,7,20024,350
15577,6,7,19654,420
15577,6,7,18914,490
15577,6,7,18544,560
15577,6,7,18174,630
15577,6,7,17434,700
15577,6,7,17064,770
15577,6,7,16324,840
15577,6,7,15954,910
15577,6,7,15584,980
15577,6,7,1,1050
22254,6,7,24112,0
22254,6,7,23742,560
22254,6,7,23372,840
22254,6,7,23002,1050
22254,6,7,22632,1330
19290,6,7,21144,0
19290,6,7,20774,490
19290,6,7,20034,770
19290,6,7,19664,840
19290,6,7,1,910
19643,6,7,21885,0
19643,6,7,21515,560
19643,6,7,21145,770
19643,6,7,20775,1050
19643,6,7,20035,1330
19643,6,7,19665,1400
19643,6,7,1,1470
19652,6,7,21885,0
19652,6,7,21515,490
19652,6,7,21145,770
19652,6,7,20775,980
19652,6,7,20035,1260
19652,6,7,19665,1330
19652,6,7,1,1400
16688,6,7,21137,0
16688,6,7,20767,490
16688,6,7,20027,770
16688,6,7,19657,840
16688,6,7,19287,910
16688,6,7,18547,980
16688,6,7,18177,1050
16688,6,7,17437,1120
16688,6,7,17067,1190
16688,6,7,16697,1260
16688,6,7,1,1330
20758,6,7,22628,0
20758,6,7,22258,420
20758,6,7,21888,700
20758,6,7,21518,910
20758,6,7,21148,1190
20758,6,7,20778,1470
19661,6,7,21515,0
19661,6,7,21145,350
19661,6,7,20775,560
19661,6,7,20405,840
19661,6,7,19665,910
19661,6,7,1,980
13724,6,7,18539,0
13724,6,7,18169,210
13724,6,7,17799,280
13724,6,7,17429,350
13724,6,7,17059,420
13724,6,7,16319,490
13724,6,7,15949,560
13724,6,7,15579,630
13724,6,7,14839,700
13724,6,7,14469,770
13724,6,7,13729,840
13724,6,7,1,910
20767,6,7,22258,0
20767,6,7,21888,420
20767,6,7,21518,700
20767,6,7,21148,910
20767,6,7,20778,1190
20767,6,7,1,1400
16697,6,7,21877,0
16697,6,7,21507,490
16697,6,7,21137,770
16697,6,7,20767,980
16697,6,7,20397,1260
16697,6,7,19657,1330
16697,6,7,19287,1400
16697,6,7,18547,1470
23740,6,7,25966,0
23740,6,7,25596,350
23740,6,7,25226,560
23740,6,7,24856,840
23740,6,7,24486,1050
23740,6,7,24116,1330
20776,6,7,21518,0
20776,6,7,21148,420
20776,6,7,20778,630
20776,6,7,1,910
17059,6,7,21508,0
17059,6,7,21138,280
17059,6,7,20768,560
17059,6,7,20398,770
17059,6,7,20028,840
17059,6,7,19288,910
17059,6,7,18918,980
17059,6,7,18548,1050
17059,6,7,17808,1120
17059,6,7,17438,1190
17059,6,7,1,1260
21129,6,7,22999,0
21129,6,7,22629,490
21129,6,7,22259,700
21129,6,7,21889,980
21129,6,7,21519,1190
21129,6,7,21149,1470
14095,6,7,18910,0
14095,6,7,18540,210
14095,6,7,18170,280
14095,6,7,17800,350
14095,6,7,17430,420
14095,6,7,16690,490
14095,6,7,16320,560
14095,6,7,15950,630
14095,6,7,15210,700
14095,6,7,14840,770
14095,6,7,14100,840
14095,6,7,1,910
18165,6,7,21881,0
18165,6,7,21511,420
18165,6,7,21141,700
18165,6,7,20771,980
18165,6,7,20401,1190
18165,6,7,20031,1260
18165,6,7,19291,1330
18165,6,7,18921,1400
18165,6,7,18181,1470
21138,6,7,22999,0
21138,6,7,22629,420
21138,6,7,22259,630
21138,6,7,21889,840
21138,6,7,21519,1120
21138,6,7,21149,1330
25967,6,7,27822,0
25967,6,7,27452,420
25967,6,7,27082,630
25967,6,7,26712,910
25967,6,7,26342,1190
25967,6,7,25972,1400
18174,6,7,21141,0
18174,6,7,20771,350
18174,6,7,20401,560
18174,6,7,20031,630
18174,6,7,19661,700
18174,6,7,18921,770
18174,6,7,18551,840
18174,6,7,1,910
26338,6,7,28193,0
26338,6,7,27823,420
26338,6,7,27453,630
26338,6,7,27083,910
26338,6,7,26713,1190
26338,6,7,26343,1400
23374,6,7,24485,0
23374,6,7,24115,420
23374,6,7,23745,630
23374,6,7,23375,910
23374,6,7,1,1190
15206,6,7,20763,0
15206,6,7,20023,280
15206,6,7,19653,350
15206,6,7,19283,420
15206,6,7,18543,490
15206,6,7,18173,560
15206,6,7,17803,630
15206,6,7,17063,700
15206,6,7,16693,770
15206,6,7,15953,840
15206,6,7,15583,910
15206,6,7,15213,980
15206,6,7,1,1050
19276,6,7,22254,0
19276,6,7,21884,280
19276,6,7,21514,560
19276,6,7,21144,840
19276,6,7,20774,1050
19276,6,7,20404,1330
19276,6,7,19664,1400
19276,6,7,19294,1470
22249,6,7,24482,0
22249,6,7,24112,420
22249,6,7,23742,630
22249,6,7,23372,910
22249,6,7,23002,1190
22249,6,7,22632,1400
19285,6,7,21884,0
19285,6,7,21514,350
19285,6,7,21144,630
19285,6,7,20774,840
19285,6,7,20404,1120
19285,6,7,19664,1190
19285,6,7,19294,1260
19285,6,7,1,1330
22258,6,7,24482,0
22258,6,7,24112,350
22258,6,7,23742,560
22258,6,7,23372,840
22258,6,7,23002,1120
22258,6,7,22632,1330
16321,6,7,20766,0
16321,6,7,20026,420
16321,6,7,19656,490
16321,6,7,19286,560
16321,6,7,18546,630
16321,6,7,18176,700
16321,6,7,17436,770
16321,6,7,17066,840
16321,6,7,16696,910
16321,6,7,1,980
19294,6,7,22624,0
19294,6,7,22254,350
19294,6,7,21884,560
19294,6,7,21514,840
19294,6,7,21144,1120
19294,6,7,20774,1330
19647,6,7,22255,0
19647,6,7,21885,420
19647,6,7,21515,700
19647,6,7,21145,980
19647,6,7,20775,1190
19647,6,7,20035,1470
12613,6,7,17056,0
12613,6,7,16316,280
12613,6,7,15946,350
12613,6,7,15576,420
12613,6,7,15206,490
12613,6,7,14466,560
12613,6,7,14096,630
12613,6,7,13356,700
12613,6,7,12986,770
12613,6,7,12616,840
12613,6,7,1,910
20753,6,7,22628,0
20753,6,7,22258,420
20753,6,7,21888,700
20753,6,7,21518,980
20753,6,7,21148,1190
20753,6,7,20778,1470
19656,6,7,21885,0
19656,6,7,21515,490
19656,6,7,21145,700
19656,6,7,20775,980
19656,6,7,20405,1190
19656,6,7,20035,1260
19656,6,7,19665,1330
19656,6,7,1,1400
16683,6,7,21507,0
16683,6,7,21137,490
16683,6,7,20767,700
16683,6,7,20027,980
16683,6,7,19657,1050
16683,6,7,19287,1120
16683,6,7,18547,1190
16683,6,7,18177,1260
16683,6,7,17437,1330
16683,6,7,17067,1400
16683,6,7,16697,1470
20762,6,7,22628,0
20762,6,7,22258,350
20762,6,7,21888,630
20762,6,7,21518,840
20762,6,7,21148,1120
20762,6,7,20778,1330
16692,6,7,20767,0
16692,6,7,20027,420
16692,6,7,19657,490
16692,6,7,18917,560
16692,6,7,18547,630
16692,6,7,18177,700
16692,6,7,17437,770
16692,6,7,17067,840
16692,6,7,1,910
19665,6,7,22625,0
19665,6,7,22255,420
19665,6,7,21885,700
19665,6,7,21515,980
19665,6,7,21145,1190
19665,6,7,20775,1470
13728,6,7,17059,0
13728,6,7,16689,280
13728,6,7,16319,350
13728,6,7,15579,420
13728,6,7,15209,490
13728,6,7,14839,560
13728,6,7,14099,630
13728,6,7,13729,700
13728,6,7,1,770
20771,6,7,21518,0
20771,6,7,21148,490
20771,6,7,20778,770
20771,6,7,1,980
21124,6,7,22999,0
21124,6,7,22629,560
21124,6,7,22259,770
21124,6,7,21889,1050
21124,6,7,21519,1260
21883,6,7,23741,0
21883,6,7,23371,490
21883,6,7,23001,700
21883,6,7,22631,980
21883,6,7,22261,1190
21883,6,7,21891,1470
17054,6,7,21508,0
17054,6,7,21138,490
17054,6,7,20768,770
17054,6,7,20398,980
17054,6,7,20028,1050
17054,6,7,19288,1120
17054,6,7,18918,1190
17054,6,7,18548,1260
17054,6,7,17808,1330
17054,6,7,17438,1400
17054,6,7,17068,1470
14090,6,7,20760,0
14090,6,7,20390,420
14090,6,7,19650,490
14090,6,7,19280,560
14090,6,7,18540,630
14090,6,7,18170,700
14090,6,7,17800,770
14090,6,7,17060,840
14090,6,7,16690,910
14090,6,7,15950,980
14090,6,7,15580,1050
14090,6,7,15210,1120
14090,6,7,14470,1190
14090,6,7,14100,1260
14090,6,7,1,1330
24856,6,7,26709,0
24856,6,7,26339,490
24856,6,7,25969,700
24856,6,7,25599,980
24856,6,7,25229,1190
24856,6,7,24859,1470
18169,6,7,21511,0
18169,6,7,21141,490
18169,6,7,20771,770
18169,6,7,20401,980
18169,6,7,20031,1050
18169,6,7,19291,1120
18169,6,7,18921,1190
18169,6,7,18181,1260
18169,6,7,1,1330
14099,6,7,17430,0
14099,6,7,17060,280
14099,6,7,16690,350
14099,6,7,15950,420
14099,6,7,15580,490
14099,6,7,15210,560
14099,6,7,14470,630
14099,6,7,14100,700
14099,6,7,1,770
17803,6,7,21140,0
17803,6,7,20770,280
17803,6,7,20030,560
17803,6,7,19660,630
17803,6,7,19290,700
17803,6,7,18550,770
17803,6,7,18180,840
17803,6,7,1,910
23369,6,7,25595,0
23369,6,7,25225,350
23369,6,7,24855,630
23369,6,7,24485,840
23369,6,7,24115,1120
23369,6,7,23745,1330
15210,6,7,20393,0
15210,6,7,20023,280
15210,6,7,19653,350
15210,6,7,18913,420
15210,6,7,18543,490
15210,6,7,17803,560
15210,6,7,17433,630
15210,6,7,17063,700
15210,6,7,16323,770
15210,6,7,15953,840
15210,6,7,15213,910
15210,6,7,1,980
19280,6,7,22254,0
19280,6,7,21884,350
19280,6,7,21514,560
19280,6,7,21144,840
19280,6,7,20774,1120
19280,6,7,20404,1330
19280,6,7,20034,1400
19280,6,7,19294,1470
22253,6,7,24112,0
22253,6,7,23742,560
22253,6,7,23372,840
22253,6,7,23002,1050
22253,6,7,22632,1330
16316,6,7,21506,0
16316,6,7,21136,280
16316,6,7,20766,560
16316,6,7,20396,770
16316,6,7,20026,840
16316,6,7,19286,910
16316,6,7,18916,980
16316,6,7,18546,1050
16316,6,7,17806,1120
16316,6,7,17436,1190
16316,6,7,16696,1260
16316,6,7,16326,1330
16316,6,7,1,1400
19289,6,7,21144,0
19289,6,7,20774,490
19289,6,7,20034,770
19289,6,7,19664,840
19289,6,7,1,910
22262,6,7,24482,0
22262,6,7,24112,490
22262,6,7,23742,770
22262,6,7,23372,1050
22262,6,7,23002,1260
16325,6,7,20396,0
16325,6,7,20026,280
16325,6,7,19286,350
16325,6,7,18916,420
16325,6,7,18546,490
16325,6,7,17806,560
16325,6,7,17436,630
16325,6,7,16696,700
16325,6,7,16326,770
16325,6,7,1,840
19651,6,7,22255,0
19651,6,7,21885,420
19651,6,7,21515,700
19651,6,7,21145,980
19651,6,7,20775,1190
19651,6,7,20035,1470
16687,6,7,21507,0
16687,6,7,21137,280
16687,6,7,20767,560
16687,6,7,20397,770
16687,6,7,20027,840
16687,6,7,19287,910
16687,6,7,18917,980
16687,6,7,18177,1050
16687,6,7,17807,1120
16687,6,7,17437,1190
16687,6,7,16697,1260
16687,6,7,1,1330
20757,6,7,22628,0
20757,6,7,22258,420
20757,6,7,21888,700
20757,6,7,21518,910
20757,6,7,21148,1190
20757,6,7,20778,1470
13723,6,7,18539,0
13723,6,7,18169,210
13723,6,7,17799,280
13723,6,7,17429,350
13723,6,7,17059,420
13723,6,7,16319,490
13723,6,7,15949,560
13723,6,7,15579,630
13723,6,7,14839,700
13723,6,7,14469,770
13723,6,7,13729,840
13723,6,7,1,910
20766,6,7,22258,0
20766,6,7,21888,420
20766,6,7,21518,630
20766,6,7,21148,910
20766,6,7,20778,1120
20766,6,7,1,1400
16696,6,7,20397,0
16696,6,7,20027,280
16696,6,7,19287,350
16696,6,7,18917,420
16696,6,7,18547,490
16696,6,7,17807,560
16696,6,7,17437,630
16696,6,7,16697,700
16696,6,7,1,770
21878,6,7,23741,0
21878,6,7,23371,490
21878,6,7,23001,700
21878,6,7,22631,980
21878,6,7,22261,1260
21878,6,7,21891,1470
21887,7,8,23741,0
21887,7,8,23371,350
21887,7,8,23001,630
21887,7,8,22631,840
21887,7,8,22261,1120
21887,7,8,21891,1330
25966,7,8,27822,0
25966,7,8,27452,420
25966,7,8,27082,700
25966,7,8,26712,910
25966,7,8,26342,1190
25966,7,8,25972,1470
17798,7,8,21510,0
17798,7,8,21140,420
17798,7,8,20770,630
17798,7,8,20030,910
17798,7,8,19660,980
17798,7,8,19290,1050
17798,7,8,18550,1120
17798,7,8,18180,1190
17798,7,8,1,1260
17807,7,8,20770,0
17807,7,8,20030,490
17807,7,8,19660,560
17807,7,8,19290,630
17807,7,8,18550,700
17807,7,8,18180,770
17807,7,8,1,840
23373,7,8,24855,0
23373,7,8,24485,560
23373,7,8,24115,840
23373,7,8,23745,1050
23373,7,8,23375,1330
19275,7,8,21884,0
19275,7,8,21514,420
19275,7,8,21144,700
19275,7,8,20774,910
19275,7,8,20404,1190
19275,7,8,19664,1260
19275,7,8,19294,1330
19275,7,8,1,1400
15205,7,8,21133,0
15205,7,8,20763,280
15205,7,8,20393,560
15205,7,8,20023,630
15205,7,8,19283,700
15205,7,8,18913,770
15205,7,8,18543,840
15205,7,8,17803,910
15205,7,8,17433,980
15205,7,8,16693,1050
15205,7,8,16323,1120
15205,7,8,15953,1190
15205,7,8,15213,1260
15205,7,8,1,1330
22248,7,8,24112,0
22248,7,8,23742,490
22248,7,8,23372,770
22248,7,8,23002,1050
22248,7,8,22632,1260
12241,7,8,16685,0
12241,7,8,16315,210
12241,7,8,15945,280
12241,7,8,15575,350
12241,7,8,15205,420
12241,7,8,14465,490
12241,7,8,14095,560
12241,7,8,13725,630
12241,7,8,12985,700
12241,7,8,12615,770
12241,7,8,1,840
19284,7,8,21884,0
19284,7,8,21514,350
19284,7,8,21144,630
19284,7,8,20774,840
19284,7,8,20404,1120
19284,7,8,19664,1190
19284,7,8,19294,1260
19284,7,8,1,1330
16320,7,8,20766,0
16320,7,8,20396,350
16320,7,8,20026,420
16320,7,8,19286,490
16320,7,8,18916,560
16320,7,8,18176,630
16320,7,8,17806,700
16320,7,8,17436,770
16320,7,8,16696,840
16320,7,8,16326,910
16320,7,8,1,980
19293,7,8,21144,0
19293,7,8,20774,280
19293,7,8,20034,560
19293,7,8,19664,630
19293,7,8,19294,700
19293,7,8,1,770
19646,7,8,21885,0
19646,7,8,21515,560
19646,7,8,21145,770
19646,7,8,20775,1050
19646,7,8,20035,1330
19646,7,8,19665,1400
19646,7,8,1,1470
20752,7,8,22628,0
20752,7,8,22258,490
20752,7,8,21888,700
20752,7,8,21518,980
20752,7,8,21148,1190
20752,7,8,20778,1470
12612,7,8,17056,0
12612,7,8,16686,210
12612,7,8,16316,280
12612,7,8,15946,350
12612,7,8,15576,420
12612,7,8,14836,490
12612,7,8,14466,560
12612,7,8,14096,630
12612,7,8,13356,700
12612,7,8,12986,770
12612,7,8,1,840
24484,7,8,26338,0
24484,7,8,25968,560
24484,7,8,25598,840
24484,7,8,25228,1050
24484,7,8,24858,1330
20761,7,8,22258,0
20761,7,8,21888,560
20761,7,8,21518,770
20761,7,8,21148,1050
20761,7,8,20778,1330
13727,7,8,17429,0
13727,7,8,16689,280
13727,7,8,16319,350
13727,7,8,15949,420
13727,7,8,15579,490
13727,7,8,14839,560
13727,7,8,14469,630
13727,7,8,13729,700
13727,7,8,1,770
20395,7,8,21887,0
20395,7,8,21517,560
20395,7,8,21147,770
20395,7,8,20777,1050
20395,7,8,20407,1260
20395,7,8,1,1330
21873,7,8,23741,0
21873,7,8,23371,420
21873,7,8,23001,700
21873,7,8,22631,910
21873,7,8,22261,1190
21873,7,8,21891,1400
20404,7,8,21517,0
20404,7,8,21147,350
20404,7,8,20777,630
20404,7,8,20407,840
20404,7,8,1,910
21882,7,8,23741,0
21882,7,8,23371,420
21882,7,8,23001,700
21882,7,8,22631,910
21882,7,8,22261,1190
21882,7,8,21891,1400
24855,7,8,26709,0
24855,7,8,26339,560
24855,7,8,25969,770
24855,7,8,25599,1050
24855,7,8,25229,1330
21891,7,8,24111,0
21891,7,8,23741,420
21891,7,8,23371,630
21891,7,8,23001,910
21891,7,8,22631,1120
21891,7,8,22261,1400
25970,7,8,27452,0
25970,7,8,27082,490
25970,7,8,26712,700
25970,7,8,26342,980
25970,7,8,25972,1260
25970,7,8,1,1470
17793,7,8,21880,0
17793,7,8,21510,280
17793,7,8,21140,560
17793,7,8,20770,840
17793,7,8,20400,1050
17793,7,8,20030,1120
17793,7,8,19660,1190
17793,7,8,18920,1260
17793,7,8,18550,1330
17793,7,8,17810,1400
17793,7,8,1,1470
17802,7,8,21510,0
17802,7,8,21140,350
17802,7,8,20770,630
17802,7,8,20030,910
17802,7,8,19660,980
17802,7,8,18920,1050
17802,7,8,18550,1120
17802,7,8,18180,1190
17802,7,8,1,1260
14838,7,8,20022,0
14838,7,8,19282,280
14838,7,8,18912,350
14838,7,8,18542,420
14838,7,8,18172,490
14838,7,8,17432,560
14838,7,8,17062,630
14838,7,8,16322,700
14838,7,8,15952,770
14838,7,8,15582,840
14838,7,8,14842,910
14838,7,8,1,980
23002,7,8,24484,0
23002,7,8,24114,560
23002,7,8,23744,770
23002,7,8,23374,1050
23002,7,8,23004,1260
15209,7,8,20393,0
15209,7,8,19653,280
15209,7,8,19283,350
15209,7,8,18913,420
15209,7,8,18543,490
15209,7,8,17803,560
15209,7,8,17433,630
15209,7,8,16693,700
15209,7,8,16323,770
15209,7,8,15953,840
15209,7,8,15213,910
15209,7,8,1,980
19279,7,8,22254,0
19279,7,8,21884,280
19279,7,8,21514,560
19279,7,8,21144,770
19279,7,8,20774,1050
19279,7,8,20404,1260
19279,7,8,20034,1330
19279,7,8,19664,1400
19279,7,8,1,1470
27081,7,8,28935,0
27081,7,8,28565,490
27081,7,8,28195,770
27081,7,8,27825,980
27081,7,8,27455,1260
27081,7,8,27085,1470
16315,7,8,21506,0
16315,7,8,21136,280
16315,7,8,20766,490
16315,7,8,20396,770
16315,7,8,19656,840
16315,7,8,19286,910
16315,7,8,18546,980
16315,7,8,18176,1050
16315,7,8,17806,1120
16315,7,8,17066,1190
16315,7,8,16696,1260
16315,7,8,1,1330
12245,7,8,21125,0
12245,7,8,20755,350
12245,7,8,20015,630
12245,7,8,19645,700
12245,7,8,18905,770
12245,7,8,18535,840
12245,7,8,18165,910
12245,7,8,17425,980
12245,7,8,17055,1050
12245,7,8,16315,1120
12245,7,8,15945,1190
12245,7,8,15575,1260
12245,7,8,14835,1330
12245,7,8,14465,1400
12245,7,8,13725,1470
19288,7,8,21144,0
19288,7,8,20774,420
19288,7,8,20404,700
19288,7,8,19664,770
19288,7,8,19294,840
19288,7,8,1,910
16324,7,8,20766,0
16324,7,8,20026,280
16324,7,8,19656,350
16324,7,8,19286,420
16324,7,8,18546,490
16324,7,8,18176,560
16324,7,8,17436,630
16324,7,8,17066,700
16324,7,8,16696,770
16324,7,8,1,840
18922,7,8,20773,0
18922,7,8,20403,490
18922,7,8,19663,560
18922,7,8,19293,630
18922,7,8,18923,700
18922,7,8,1,770
27452,7,8,29306,0
27452,7,8,28936,560
27452,7,8,28566,770
27452,7,8,28196,1050
27452,7,8,27826,1330
24488,7,8,26708,0
24488,7,8,26338,490
24488,7,8,25968,770
24488,7,8,25598,980
24488,7,8,25228,1260
24488,7,8,24858,1470
13722,7,8,18169,0
13722,7,8,17429,280
13722,7,8,17059,350
13722,7,8,16689,420
13722,7,8,16319,490
13722,7,8,15579,560
13722,7,8,15209,630
13722,7,8,14469,700
13722,7,8,14099,770
13722,7,8,13729,840
13722,7,8,1,910
20390,7,8,22257,0
20390,7,8,21887,490
20390,7,8,21517,770
20390,7,8,21147,980
20390,7,8,20777,1260
20390,7,8,20407,1470
17426,7,8,21509,0
17426,7,8,21139,280
17426,7,8,20769,560
17426,7,8,20029,840
17426,7,8,19659,910
17426,7,8,18919,980
17426,7,8,18549,1050
17426,7,8,18179,1120
17426,7,8,17439,1190
17426,7,8,1,1260
13356,7,8,17428,0
13356,7,8,17058,210
13356,7,8,16688,280
13356,7,8,16318,350
13356,7,8,15948,420
13356,7,8,15208,490
13356,7,8,14838,560
13356,7,8,14098,630
13356,7,8,13728,700
13356,7,8,13358,770
13356,7,8,1,840
20399,7,8,21887,0
20399,7,8,21517,560
20399,7,8,21147,770
20399,7,8,20777,1050
20399,7,8,20407,1260
20399,7,8,1,1330
17435,7,8,20769,0
17435,7,8,20399,420
17435,7,8,19659,490
17435,7,8,19289,560
17435,7,8,18549,630
17435,7,8,18179,700
17435,7,8,17809,770
17435,7,8,1,840
21877,7,8,23741,0
21877,7,8,23371,490
21877,7,8,23001,770
21877,7,8,22631,980
21877,7,8,22261,1260
21877,7,8,21891,1470
21886,7,8,23371,0
21886,7,8,23001,560
21886,7,8,22631,840
21886,7,8,22261,1120
21886,7,8,21891,1330
17797,7,8,21510,0
17797,7,8,21140,420
17797,7,8,20770,630
17797,7,8,20030,910
17797,7,8,19660,980
17797,7,8,19290,1050
17797,7,8,18550,1120
17797,7,8,18180,1190
17797,7,8,1,1260
25599,7,8,27081,0
25599,7,8,26711,490
25599,7,8,26341,700
25599,7,8,25971,980
25599,7,8,25601,1190
25599,7,8,1,1470
14833,7,8,21132,0
14833,7,8,20762,280
14833,7,8,20022,560
14833,7,8,19652,630
14833,7,8,18912,700
14833,7,8,18542,770
14833,7,8,18172,840
14833,7,8,17432,910
14833,7,8,17062,980
14833,7,8,16322,1050
14833,7,8,15952,1120
14833,7,8,15582,1190
14833,7,8,14842,1260
14833,7,8,1,1330
17806,7,8,20770,0
17806,7,8,20400,490
17806,7,8,20030,560
17806,7,8,19290,630
17806,7,8,18920,700
17806,7,8,18180,770
17806,7,8,17810,840
17806,7,8,1,910
14842,7,8,21872,0
14842,7,8,21502,280
14842,7,8,21132,560
14842,7,8,20762,840
14842,7,8,20392,1050
14842,7,8,20022,1120
14842,7,8,19282,1190
14842,7,8,18912,1260
14842,7,8,18172,1330
14842,7,8,17802,1400
14842,7,8,17432,1470
15204,7,8,21133,0
15204,7,8,20763,280
15204,7,8,20393,560
15204,7,8,20023,630
15204,7,8,19283,700
15204,7,8,18913,770
15204,7,8,18543,840
15204,7,8,17803,910
15204,7,8,17433,980
15204,7,8,16693,1050
15204,7,8,16323,1120
15204,7,8,15953,1190
15204,7,8,15213,1260
15204,7,8,1,1330
20033,7,8,21516,0
20033,7,8,21146,350
20033,7,8,20776,560
20033,7,8,20036,840
20033,7,8,1,910
19274,7,8,22254,0
19274,7,8,21884,350
19274,7,8,21514,630
19274,7,8,21144,910
19274,7,8,20774,1120
19274,7,8,20034,1400
19274,7,8,19664,1470
16319,7,8,20766,0
16319,7,8,20396,350
16319,7,8,20026,420
16319,7,8,19286,490
16319,7,8,18916,560
16319,7,8,18176,630
16319,7,8,17806,700
16319,7,8,17436,770
16319,7,8,16696,840
16319,7,8,16326,910
16319,7,8,1,980
18917,7,8,21143,0
18917,7,8,20773,420
18917,7,8,20403,630
18917,7,8,20033,700
18917,7,8,19293,770
18917,7,8,18923,840
18917,7,8,1,910
15953,7,8,20395,0
15953,7,8,20025,280
15953,7,8,19285,350
15953,7,8,18915,420
15953,7,8,18545,490
15953,7,8,17805,560
15953,7,8,17435,630
15953,7,8,16695,700
15953,7,8,16325,770
15953,7,8,15955,840
15953,7,8,1,910
24483,7,8,26338,0
24483,7,8,25968,490
24483,7,8,25598,700
24483,7,8,25228,980
24483,7,8,24858,1260
24483,7,8,24488,1470
20385,7,8,22257,0
20385,7,8,21887,350
20385,7,8,21517,630
20385,7,8,21147,840
20385,7,8,20777,1120
20385,7,8,20407,1330
20385,7,8,1,1400
17421,7,8,21509,0
17421,7,8,21139,490
17421,7,8,20769,770
17421,7,8,20399,980
17421,7,8,20029,1050
17421,7,8,19289,1120
17421,7,8,18919,1190
17421,7,8,18549,1260
17421,7,8,17809,1330
17421,7,8,17439,1400
17421,7,8,1,1470
13351,7,8,18168,0
13351,7,8,17798,210
13351,7,8,17428,280
13351,7,8,17058,350
13351,7,8,16688,420
13351,7,8,15948,490
13351,7,8,15578,560
13351,7,8,14838,630
13351,7,8,14468,700
13351,7,8,14098,770
13351,7,8,13358,840
13351,7,8,1,910
20394,7,8,21887,0
20394,7,8,21517,560
20394,7,8,21147,770
20394,7,8,20777,1050
20394,7,8,20407,1260
20394,7,8,1,1330
21872,7,8,23741,0
21872,7,8,23371,420
21872,7,8,23001,700
21872,7,8,22631,910
21872,7,8,22261,1190
21872,7,8,21891,1470
17430,7,8,21509,0
17430,7,8,21139,280
17430,7,8,20769,560
17430,7,8,20399,770
17430,7,8,20029,840
17430,7,8,19289,910
17430,7,8,18919,980
17430,7,8,18549,1050
17430,7,8,17809,1120
17430,7,8,17439,1190
17430,7,8,1,1260
20403,7,8,21517,0
20403,7,8,21147,420
20403,7,8,20777,630
20403,7,8,1,910
17439,7,8,22249,0
17439,7,8,21879,280
17439,7,8,21509,560
17439,7,8,21139,770
17439,7,8,20769,1050
17439,7,8,20399,1260
17439,7,8,20029,1330
17439,7,8,19659,1400
17439,7,8,18919,1470
21881,7,8,23371,0
21881,7,8,23001,420
21881,7,8,22631,700
21881,7,8,22261,980
21881,7,8,21891,1190
21881,7,8,1,1470
17792,7,8,21880,0
17792,7,8,21510,280
17792,7,8,21140,560
17792,7,8,20770,840
17792,7,8,20400,1050
17792,7,8,20030,1120
17792,7,8,19660,1190
17792,7,8,18920,1260
17792,7,8,18550,1330
17792,7,8,17810,1400
17792,7,8,1,1470
17801,7,8,21510,0
17801,7,8,21140,350
17801,7,8,20770,630
17801,7,8,20030,910
17801,7,8,19660,980
17801,7,8,18920,1050
17801,7,8,18550,1120
17801,7,8,18180,1190
17801,7,8,1,1260
14837,7,8,20022,0
14837,7,8,19282,280
14837,7,8,18912,350
14837,7,8,18542,420
14837,7,8,17802,490
14837,7,8,17432,560
14837,7,8,17062,630
14837,7,8,16322,700
14837,7,8,15952,770
14837,7,8,15212,840
14837,7,8,14842,910
14837,7,8,1,980
20028,7,8,21886,0
20028,7,8,21516,490
20028,7,8,21146,770
20028,7,8,20776,980
20028,7,8,20036,1260
20028,7,8,1,1330
23001,7,8,24854,0
23001,7,8,24484,490
23001,7,8,24114,770
23001,7,8,23744,980
23001,7,8,23374,1260
23001,7,8,23004,1470
27080,7,8,28935,0
27080,7,8,28565,350
27080,7,8,28195,630
27080,7,8,27825,840
27080,7,8,27455,1120
27080,7,8,27085,1330
18903,7,8,22253,0
18903,7,8,21883,280
18903,7,8,21513,560
18903,7,8,21143,840
18903,7,8,20773,1050
18903,7,8,20403,1330
18903,7,8,19663,1400
18903,7,8,19293,1470
18912,7,8,21883,0
18912,7,8,21513,280
18912,7,8,21143,560
18912,7,8,20773,840
18912,7,8,20403,1050
18912,7,8,20033,1120
18912,7,8,19663,1190
18912,7,8,18923,1260
18912,7,8,1,1330
15948,7,8,20765,0
15948,7,8,20395,280
15948,7,8,20025,350
15948,7,8,19655,420
15948,7,8,19285,490
15948,7,8,18545,560
15948,7,8,18175,630
15948,7,8,17435,700
15948,7,8,17065,770
15948,7,8,16695,840
15948,7,8,15955,910
15948,7,8,1,980
18921,7,8,21143,0
18921,7,8,20773,350
18921,7,8,20403,560
18921,7,8,19663,630
18921,7,8,19293,700
18921,7,8,1,770
20389,7,8,22257,0
20389,7,8,21887,490
20389,7,8,21517,770
20389,7,8,21147,980
20389,7,8,20777,1260
20389,7,8,20407,1470
13355,7,8,17798,0
13355,7,8,17058,280
13355,7,8,16688,350
13355,7,8,16318,420
13355,7,8,15948,490
13355,7,8,15208,560
13355,7,8,14838,630
13355,7,8,14098,700
13355,7,8,13728,770
13355,7,8,13358,840
13355,7,8,1,910
20398,7,8,21887,0
20398,7,8,21517,560
20398,7,8,21147,770
20398,7,8,20777,1050
20398,7,8,20407,1260
20398,7,8,1,1330
21876,7,8,23741,0
21876,7,8,23371,490
21876,7,8,23001,770
21876,7,8,22631,980
21876,7,8,22261,1260
21876,7,8,21891,1470
17434,7,8,20769,0
17434,7,8,20399,420
17434,7,8,19659,490
17434,7,8,19289,560
17434,7,8,18549,630
17434,7,8,18179,700
17434,7,8,17809,770
17434,7,8,1,840
21510,7,8,23000,0
21510,7,8,22630,560
21510,7,8,22260,840
21510,7,8,21890,1050
21510,7,8,21520,1330
21519,7,8,22260,0
21519,7,8,21890,490
21519,7,8,21520,700
21519,7,8,1,980
22625,7,8,24853,0
22625,7,8,24483,420
22625,7,8,24113,630
22625,7,8,23743,910
22625,7,8,23373,1120
22625,7,8,23003,1400
25598,7,8,27451,0
25598,7,8,27081,420
25598,7,8,26711,630
25598,7,8,26341,910
25598,7,8,25971,1190
25598,7,8,25601,1400
14832,7,8,21132,0
14832,7,8,20762,280
14832,7,8,20392,560
14832,7,8,20022,630
14832,7,8,19282,700
14832,7,8,18912,770
14832,7,8,18172,840
14832,7,8,17802,910
14832,7,8,17432,980
14832,7,8,16692,1050
14832,7,8,16322,1120
14832,7,8,15582,1190
14832,7,8,15212,1260
14832,7,8,14842,1330
14832,7,8,1,1400
20023,7,8,21886,0
20023,7,8,21516,490
20023,7,8,21146,770
20023,7,8,20776,980
20023,7,8,20406,1260
20023,7,8,1,1330
20032,7,8,21516,0
20032,7,8,21146,350
20032,7,8,20776,560
20032,7,8,20406,840
20032,7,8,1,910
27084,7,8,27825,0
27084,7,8,27455,560
27084,7,8,27085,770
27084,7,8,1,1050
18907,7,8,22253,0
18907,7,8,21883,210
18907,7,8,21513,490
18907,7,8,21143,770
18907,7,8,20773,980
18907,7,8,20403,1260
18907,7,8,19663,1330
18907,7,8,19293,1400
18907,7,8,18923,1470
11873,7,8,14834,0
11873,7,8,14464,280
11873,7,8,14094,350
11873,7,8,13354,420
11873,7,8,12984,490
11873,7,8,12244,560
11873,7,8,11874,630
11873,7,8,1,700
18916,7,8,21143,0
18916,7,8,20773,420
18916,7,8,20403,630
18916,7,8,20033,700
18916,7,8,19293,770
18916,7,8,18923,840
18916,7,8,1,910
15952,7,8,20765,0
15952,7,8,20395,280
15952,7,8,20025,350
15952,7,8,19285,420
15952,7,8,18915,490
15952,7,8,18545,560
15952,7,8,17805,630
15952,7,8,17435,700
15952,7,8,16695,770
15952,7,8,16325,840
15952,7,8,15955,910
15952,7,8,1,980
20384,7,8,22257,0
20384,7,8,21887,350
20384,7,8,21517,630
20384,7,8,21147,840
20384,7,8,20777,1120
20384,7,8,20407,1330
20384,7,8,1,1400
24116,7,8,25227,0
24116,7,8,24857,420
24116,7,8,24487,630
24116,7,8,24117,910
24116,7,8,1,1120
20393,7,8,22257,0
20393,7,8,21887,490
20393,7,8,21517,770
20393,7,8,21147,980
20393,7,8,20777,1260
20393,7,8,20407,1470
17429,7,8,21509,0
17429,7,8,21139,280
17429,7,8,20769,560
17429,7,8,20399,840
17429,7,8,19659,910
17429,7,8,19289,980
17429,7,8,18549,1050
17429,7,8,18179,1120
17429,7,8,17809,1190
17429,7,8,1,1260
17438,7,8,20399,0
17438,7,8,19659,350
17438,7,8,18919,420
17438,7,8,18549,490
17438,7,8,17809,560
17438,7,8,17439,630
17438,7,8,1,700
21505,7,8,23000,0
21505,7,8,22630,420
21505,7,8,22260,700
21505,7,8,21890,980
21505,7,8,21520,1190
21505,7,8,1,1470
18541,7,8,21882,0
18541,7,8,21512,280
18541,7,8,21142,560
18541,7,8,20772,770
18541,7,8,20032,1050
18541,7,8,19662,1120
18541,7,8,19292,1190
18541,7,8,18552,1260
18541,7,8,1,1330
21514,7,8,23000,0
21514,7,8,22630,560
21514,7,8,22260,840
21514,7,8,21890,1050
21514,7,8,21520,1330
18550,7,8,20772,0
18550,7,8,20402,490
18550,7,8,20032,560
18550,7,8,19292,630
18550,7,8,18922,700
18550,7,8,1,770
22629,7,8,24483,0
22629,7,8,24113,560
22629,7,8,23743,840
22629,7,8,23373,1050
22629,7,8,23003,1330
14461,7,8,20761,0
14461,7,8,20391,420
14461,7,8,19651,490
14461,7,8,19281,560
14461,7,8,18911,630
14461,7,8,18171,700
14461,7,8,17801,770
14461,7,8,17061,840
14461,7,8,16691,910
14461,7,8,16321,980
14461,7,8,15581,1050
14461,7,8,15211,1120
14461,7,8,14471,1190
14461,7,8,1,1260
14470,7,8,17801,0
14470,7,8,17431,210
14470,7,8,17061,280
14470,7,8,16691,350
14470,7,8,16321,420
14470,7,8,15581,490
14470,7,8,15211,560
14470,7,8,14471,630
14470,7,8,1,700
20018,7,8,22256,0
20018,7,8,21886,490
20018,7,8,21516,700
20018,7,8,21146,980
20018,7,8,20776,1190
20018,7,8,20406,1470
20027,7,8,21886,0
20027,7,8,21516,490
20027,7,8,21146,770
20027,7,8,20776,980
20027,7,8,20036,1260
20027,7,8,1,1330
23000,7,8,25224,0
23000,7,8,24854,350
23000,7,8,24484,560
23000,7,8,24114,840
23000,7,8,23744,1050
23000,7,8,23374,1330
20036,7,8,22626,0
20036,7,8,22256,490
20036,7,8,21886,770
20036,7,8,21516,980
20036,7,8,21146,1260
20036,7,8,20776,1470
18902,7,8,22253,0
18902,7,8,21883,280
18902,7,8,21513,560
18902,7,8,21143,840
18902,7,8,20773,1050
18902,7,8,20403,1330
18902,7,8,19663,1400
18902,7,8,19293,1470
18911,7,8,21883,0
18911,7,8,21513,280
18911,7,8,21143,560
18911,7,8,20773,770
18911,7,8,20403,1050
18911,7,8,19663,1120
18911,7,8,19293,1190
18911,7,8,1,1260
15947,7,8,21135,0
15947,7,8,20765,420
15947,7,8,20025,700
15947,7,8,19655,770
15947,7,8,19285,840
15947,7,8,18545,910
15947,7,8,18175,980
15947,7,8,17435,1050
15947,7,8,17065,1120
15947,7,8,16695,1190
15947,7,8,15955,1260
15947,7,8,1,1330
26713,7,8,27454,0
26713,7,8,27084,560
26713,7,8,26714,770
26713,7,8,1,1050
18920,7,8,21143,0
18920,7,8,20773,350
18920,7,8,20403,630
18920,7,8,19663,700
18920,7,8,19293,770
18920,7,8,1,840
12983,7,8,17427,0
12983,7,8,17057,210
12983,7,8,16687,280
12983,7,8,16317,350
12983,7,8,15947,420
12983,7,8,15207,490
12983,7,8,14837,560
12983,7,8,14467,630
12983,7,8,13727,700
12983,7,8,13357,770
12983,7,8,1,840
17068,7,8,21878,0
17068,7,8,21508,490
17068,7,8,21138,770
17068,7,8,20768,980
17068,7,8,20028,1260
17068,7,8,19658,1330
17068,7,8,19288,1400
17068,7,8,18548,1470
24111,7,8,25967,0
24111,7,8,25597,490
24111,7,8,25227,700
24111,7,8,24857,980
24111,7,8,24487,1190
24111,7,8,24117,1470
21147,7,8,21889,0
21147,7,8,21519,490
21147,7,8,21149,700
21147,7,8,1,980
13354,7,8,18168,0
13354,7,8,17798,210
13354,7,8,17428,280
13354,7,8,17058,350
13354,7,8,16688,420
13354,7,8,15948,490
13354,7,8,15578,560
13354,7,8,14838,630
13354,7,8,14468,700
13354,7,8,14098,770
13354,7,8,13358,840
13354,7,8,1,910
25226,7,8,27080,0
25226,7,8,26710,490
25226,7,8,26340,700
25226,7,8,25970,980
25226,7,8,25600,1260
25226,7,8,25230,1470
21500,7,8,23370,0
21500,7,8,23000,490
21500,7,8,22630,770
21500,7,8,22260,980
21500,7,8,21890,1260
18536,7,8,21882,0
18536,7,8,21512,490
18536,7,8,21142,700
18536,7,8,20772,980
18536,7,8,20402,1190
18536,7,8,20032,1260
18536,7,8,19292,1330
18536,7,8,18922,1400
18536,7,8,18552,1470
21509,7,8,23000,0
21509,7,8,22630,490
21509,7,8,22260,700
21509,7,8,21890,980
21509,7,8,21520,1260
21509,7,8,1,1470
18545,7,8,21142,0
18545,7,8,20772,350
18545,7,8,20032,630
18545,7,8,19662,700
18545,7,8,18922,770
18545,7,8,18552,840
18545,7,8,1,910
21518,7,8,23000,0
21518,7,8,22630,420
21518,7,8,22260,630
21518,7,8,21890,910
21518,7,8,21520,1190
21518,7,8,1,1400
15581,7,8,20764,0
15581,7,8,20394,210
15581,7,8,20024,280
15581,7,8,19654,350
15581,7,8,18914,420
15581,7,8,18544,490
15581,7,8,18174,560
15581,7,8,17434,630
15581,7,8,17064,700
15581,7,8,16324,770
15581,7,8,15954,840
15581,7,8,15584,910
15581,7,8,1,980
22624,7,8,24853,0
22624,7,8,24483,420
22624,7,8,24113,630
22624,7,8,23743,910
22624,7,8,23373,1120
22624,7,8,23003,1400
25597,7,8,27451,0
25597,7,8,27081,490
25597,7,8,26711,770
25597,7,8,26341,980
25597,7,8,25971,1260
25597,7,8,25601,1470
22633,7,8,24853,0
22633,7,8,24483,490
22633,7,8,24113,770
22633,7,8,23743,980
22633,7,8,23373,1260
14465,7,8,18911,0
14465,7,8,18171,280
14465,7,8,17801,350
14465,7,8,17431,420
14465,7,8,17061,490
14465,7,8,16321,560
14465,7,8,15951,630
14465,7,8,15211,700
14465,7,8,14841,770
14465,7,8,14471,840
14465,7,8,1,910
20013,7,8,22256,0
20013,7,8,21886,280
20013,7,8,21516,560
20013,7,8,21146,840
20013,7,8,20776,1050
20013,7,8,20406,1330
20013,7,8,1,1400
20022,7,8,22256,0
20022,7,8,21886,420
20022,7,8,21516,700
20022,7,8,21146,980
20022,7,8,20776,1190
20022,7,8,20036,1470
27824,7,8,29677,0
27824,7,8,29307,420
27824,7,8,28937,700
27824,7,8,28567,910
27824,7,8,28197,1190
27824,7,8,27827,1470
20031,7,8,21516,0
20031,7,8,21146,350
20031,7,8,20776,630
20031,7,8,20406,840
20031,7,8,20036,910
20031,7,8,1,980
18906,7,8,21883,0
18906,7,8,21513,490
18906,7,8,21143,770
18906,7,8,20773,980
18906,7,8,20033,1260
18906,7,8,19663,1330
18906,7,8,19293,1400
18906,7,8,1,1470
26708,7,8,28564,0
26708,7,8,28194,420
26708,7,8,27824,700
26708,7,8,27454,910
26708,7,8,27084,1190
26708,7,8,26714,1400
15942,7,8,21135,0
15942,7,8,20765,420
15942,7,8,20395,700
15942,7,8,19655,770
15942,7,8,19285,840
15942,7,8,18545,910
15942,7,8,18175,980
15942,7,8,17805,1050
15942,7,8,17065,1120
15942,7,8,16695,1190
15942,7,8,15955,1260
15942,7,8,1,1330
23744,7,8,25226,0
23744,7,8,24856,560
23744,7,8,24486,840
23744,7,8,24116,1120
23744,7,8,23746,1330
15951,7,8,20765,0
15951,7,8,20395,280
15951,7,8,20025,350
15951,7,8,19655,420
15951,7,8,19285,490
15951,7,8,18545,560
15951,7,8,18175,630
15951,7,8,17435,700
15951,7,8,17065,770
15951,7,8,16695,840
15951,7,8,15955,910
15951,7,8,1,980
12987,7,8,21127,0
12987,7,8,20757,420
12987,7,8,20387,700
12987,7,8,19647,770
12987,7,8,19277,840
12987,7,8,18907,910
12987,7,8,18167,980
12987,7,8,17797,1050
12987,7,8,17057,1120
12987,7,8,16687,1190
12987,7,8,16317,1260
12987,7,8,15577,1330
12987,7,8,15207,1400
12987,7,8,14467,1470
21133,7,8,22999,0
21133,7,8,22629,420
21133,7,8,22259,630
21133,7,8,21889,910
21133,7,8,21519,1190
21133,7,8,21149,1400
17063,7,8,20768,0
17063,7,8,20398,350
17063,7,8,20028,420
17063,7,8,19288,490
17063,7,8,18918,560
17063,7,8,18178,630
17063,7,8,17808,700
17063,7,8,17438,770
17063,7,8,1,840
21142,7,8,22629,0
21142,7,8,22259,420
21142,7,8,21889,630
21142,7,8,21519,910
21142,7,8,21149,1120
21142,7,8,1,1400
24115,7,8,25597,0
24115,7,8,25227,560
24115,7,8,24857,840
24115,7,8,24487,1050
24115,7,8,24117,1330
18178,7,8,21141,0
18178,7,8,20771,280
18178,7,8,20401,490
18178,7,8,20031,560
18178,7,8,19661,630
18178,7,8,18921,700
18178,7,8,18551,770
18178,7,8,1,840
28194,7,8,30048,0
28194,7,8,29678,490
28194,7,8,29308,770
28194,7,8,28938,980
28194,7,8,28568,1260
28194,7,8,28198,1470
25230,7,8,27450,0
25230,7,8,27080,420
25230,7,8,26710,700
25230,7,8,26340,910
25230,7,8,25970,1190
25230,7,8,25600,1400
18531,7,8,22252,0
18531,7,8,21882,280
18531,7,8,21512,560
18531,7,8,21142,770
18531,7,8,20772,1050
18531,7,8,20402,1260
18531,7,8,20032,1330
18531,7,8,19292,1400
18531,7,8,18922,1470
21504,7,8,23370,0
21504,7,8,23000,420
21504,7,8,22630,700
21504,7,8,22260,910
21504,7,8,21890,1190
21504,7,8,21520,1400
18540,7,8,21512,0
18540,7,8,21142,490
18540,7,8,20772,770
18540,7,8,20402,980
18540,7,8,20032,1050
18540,7,8,19292,1120
18540,7,8,18922,1190
18540,7,8,1,1260
21513,7,8,23000,0
21513,7,8,22630,560
21513,7,8,22260,840
21513,7,8,21890,1050
21513,7,8,21520,1330
15576,7,8,21134,0
15576,7,8,20764,350
15576,7,8,20394,630
15576,7,8,19654,700
15576,7,8,19284,770
15576,7,8,18914,840
15576,7,8,18174,910
15576,7,8,17804,980
15576,7,8,17064,1050
15576,7,8,16694,1120
15576,7,8,16324,1190
15576,7,8,15584,1260
15576,7,8,1,1330
18549,7,8,21142,0
18549,7,8,20772,280
18549,7,8,20402,560
18549,7,8,20032,630
18549,7,8,19292,700
18549,7,8,18922,770
18549,7,8,1,840
22628,7,8,24483,0
22628,7,8,24113,560
22628,7,8,23743,770
22628,7,8,23373,1050
22628,7,8,23003,1260
14469,7,8,18171,0
14469,7,8,17431,280
14469,7,8,17061,350
14469,7,8,16691,420
14469,7,8,16321,490
14469,7,8,15581,560
14469,7,8,15211,630
14469,7,8,14471,700
14469,7,8,1,770
20017,7,8,22256,0
20017,7,8,21886,350
20017,7,8,21516,630
20017,7,8,21146,840
20017,7,8,20776,1120
20017,7,8,20406,1330
20017,7,8,20036,1400
20017,7,8,1,1470
20026,7,8,21886,0
20026,7,8,21516,560
20026,7,8,21146,770
20026,7,8,20776,1050
20026,7,8,20406,1260
20026,7,8,20036,1330
20026,7,8,1,1400
19660,7,8,21145,0
19660,7,8,20775,560
19660,7,8,20405,770
19660,7,8,20035,840
19660,7,8,19665,910
19660,7,8,1,980
15946,7,8,21135,0
15946,7,8,20765,420
15946,7,8,20025,700
15946,7,8,19655,770
15946,7,8,19285,840
15946,7,8,18545,910
15946,7,8,18175,980
15946,7,8,17435,1050
15946,7,8,17065,1120
15946,7,8,16695,1190
15946,7,8,15955,1260
15946,7,8,1,1330
20775,7,8,21518,0
20775,7,8,21148,420
20775,7,8,20778,630
20775,7,8,1,910
26712,7,8,28194,0
26712,7,8,27824,490
26712,7,8,27454,700
26712,7,8,27084,980
26712,7,8,26714,1190
26712,7,8,1,1470
17058,7,8,21508,0
17058,7,8,21138,280
17058,7,8,20768,560
17058,7,8,20398,770
17058,7,8,20028,840
17058,7,8,19288,910
17058,7,8,18918,980
17058,7,8,18178,1050
17058,7,8,17808,1120
17058,7,8,17438,1190
17058,7,8,1,1260
21128,7,8,22999,0
21128,7,8,22629,420
21128,7,8,22259,630
21128,7,8,21889,910
21128,7,8,21519,1190
21128,7,8,21149,1400
14094,7,8,18540,0
14094,7,8,17800,280
14094,7,8,17430,350
14094,7,8,17060,420
14094,7,8,16690,490
14094,7,8,15950,560
14094,7,8,15580,630
14094,7,8,14840,700
14094,7,8,14470,770
14094,7,8,14100,840
14094,7,8,1,910
18164,7,8,21881,0
18164,7,8,21511,420
18164,7,8,21141,630
18164,7,8,20771,910
18164,7,8,20401,1120
18164,7,8,20031,1190
18164,7,8,19291,1260
18164,7,8,18921,1330
18164,7,8,18551,1400
18164,7,8,1,1470
21137,7,8,22999,0
21137,7,8,22629,350
21137,7,8,22259,560
21137,7,8,21889,840
21137,7,8,21519,1050
21137,7,8,21149,1330
17067,7,8,20028,0
17067,7,8,19288,350
17067,7,8,18548,420
17067,7,8,18178,490
17067,7,8,17438,560
17067,7,8,17068,630
17067,7,8,1,700
18173,7,8,21511,0
18173,7,8,21141,420
18173,7,8,20771,700
18173,7,8,20401,910
18173,7,8,20031,980
18173,7,8,19291,1050
18173,7,8,18921,1120
18173,7,8,18551,1190
18173,7,8,1,1260
21146,7,8,21889,0
21146,7,8,21519,490
21146,7,8,21149,700
21146,7,8,1,980
25225,7,8,27080,0
25225,7,8,26710,420
25225,7,8,26340,630
25225,7,8,25970,910
25225,7,8,25600,1120
25225,7,8,25230,1400
21499,7,8,23370,0
21499,7,8,23000,490
21499,7,8,22630,770
21499,7,8,22260,980
21499,7,8,21890,1260
21499,7,8,21520,1470
18535,7,8,21882,0
18535,7,8,21512,420
18535,7,8,21142,700
18535,7,8,20772,910
18535,7,8,20402,1190
18535,7,8,19662,1260
18535,7,8,19292,1330
18535,7,8,18922,1400
18535,7,8,1,1470
21508,7,8,23370,0
21508,7,8,23000,420
21508,7,8,22630,700
21508,7,8,22260,910
21508,7,8,21890,1190
21508,7,8,21520,1400
15571,7,8,21134,0
15571,7,8,20764,420
15571,7,8,20394,630
15571,7,8,20024,700
15571,7,8,19284,770
15571,7,8,18914,840
15571,7,8,18174,910
15571,7,8,17804,980
15571,7,8,17434,1050
15571,7,8,16694,1120
15571,7,8,16324,1190
15571,7,8,15584,1260
15571,7,8,1,1330
26337,7,8,28193,0
26337,7,8,27823,420
26337,7,8,27453,700
26337,7,8,27083,910
26337,7,8,26713,1190
26337,7,8,26343,1470
18544,7,8,21512,0
18544,7,8,21142,490
18544,7,8,20772,700
18544,7,8,20402,980
18544,7,8,19662,1050
18544,7,8,19292,1120
18544,7,8,18922,1190
18544,7,8,1,1260
15580,7,8,20764,0
15580,7,8,20024,280
15580,7,8,19654,350
15580,7,8,19284,420
15580,7,8,18914,490
15580,7,8,18174,560
15580,7,8,17804,630
15580,7,8,17064,700
15580,7,8,16694,770
15580,7,8,16324,840
15580,7,8,15584,910
15580,7,8,1,980
22623,7,8,24483,0
22623,7,8,24113,560
22623,7,8,23743,840
22623,7,8,23373,1050
22623,7,8,23003,1330
22257,7,8,24112,0
22257,7,8,23742,560
22257,7,8,23372,770
22257,7,8,23002,1050
22257,7,8,22632,1260
14464,7,8,18911,0
14464,7,8,18171,280
14464,7,8,17801,350
14464,7,8,17431,420
14464,7,8,17061,490
14464,7,8,16321,560
14464,7,8,15951,630
14464,7,8,15211,700
14464,7,8,14841,770
14464,7,8,14471,840
14464,7,8,1,910
20012,7,8,22256,0
20012,7,8,21886,560
20012,7,8,21516,840
20012,7,8,21146,1050
20012,7,8,20776,1330
27823,7,8,29677,0
27823,7,8,29307,560
27823,7,8,28937,770
27823,7,8,28567,1050
27823,7,8,28197,1260
19655,7,8,21885,0
19655,7,8,21515,490
19655,7,8,21145,700
19655,7,8,20775,980
19655,7,8,20035,1260
19655,7,8,19665,1330
19655,7,8,1,1400
16691,7,8,20767,0
16691,7,8,20397,350
16691,7,8,19657,420
16691,7,8,19287,490
16691,7,8,18917,560
16691,7,8,18177,630
16691,7,8,17807,700
16691,7,8,17067,770
16691,7,8,16697,840
16691,7,8,1,910
19664,7,8,21145,0
19664,7,8,20775,420
19664,7,8,20405,630
19664,7,8,20035,700
19664,7,8,1,770
20770,7,8,22258,0
20770,7,8,21888,350
20770,7,8,21518,560
20770,7,8,21148,840
20770,7,8,20778,1120
20770,7,8,1,1330
23743,7,8,25596,0
23743,7,8,25226,490
23743,7,8,24856,770
23743,7,8,24486,980
23743,7,8,24116,1260
23743,7,8,23746,1470
21132,7,8,22999,0
21132,7,8,22629,420
21132,7,8,22259,630
21132,7,8,21889,910
21132,7,8,21519,1190
21132,7,8,21149,1400
17062,7,8,20768,0
17062,7,8,20398,350
17062,7,8,20028,420
17062,7,8,19288,490
17062,7,8,18918,560
17062,7,8,18548,630
17062,7,8,17808,700
17062,7,8,17438,770
17062,7,8,1,840
14098,7,8,17800,0
14098,7,8,17060,280
14098,7,8,16690,350
14098,7,8,16320,420
14098,7,8,15950,490
14098,7,8,15210,560
14098,7,8,14840,630
14098,7,8,14100,700
14098,7,8,1,770
18168,7,8,21511,0
18168,7,8,21141,420
18168,7,8,20771,700
18168,7,8,20401,910
18168,7,8,20031,980
18168,7,8,19661,1050
18168,7,8,18921,1120
18168,7,8,18551,1190
18168,7,8,1,1260
21141,7,8,22629,0
21141,7,8,22259,350
21141,7,8,21889,630
21141,7,8,21519,840
21141,7,8,21149,1120
21141,7,8,1,1330
18177,7,8,21141,0
18177,7,8,20771,280
18177,7,8,20401,560
18177,7,8,19661,630
18177,7,8,19291,700
18177,7,8,18551,770
18177,7,8,18181,840
18177,7,8,1,910
18539,7,8,21512,0
18539,7,8,21142,490
18539,7,8,20772,770
18539,7,8,20402,980
18539,7,8,20032,1050
18539,7,8,19292,1120
18539,7,8,18922,1190
18539,7,8,1,1260
15575,7,8,21134,0
15575,7,8,20764,350
15575,7,8,20394,630
15575,7,8,19654,700
15575,7,8,19284,770
15575,7,8,18914,840
15575,7,8,18174,910
15575,7,8,17804,980
15575,7,8,17064,1050
15575,7,8,16694,1120
15575,7,8,16324,1190
15575,7,8,15584,1260
15575,7,8,1,1330
26341,7,8,27823,0
26341,7,8,27453,490
26341,7,8,27083,700
26341,7,8,26713,980
26341,7,8,26343,1260
26341,7,8,1,1470
15584,7,8,21874,0
15584,7,8,21504,420
15584,7,8,21134,630
15584,7,8,20764,910
15584,7,8,20024,1190
15584,7,8,19654,1260
15584,7,8,18914,1330
15584,7,8,18544,1400
15584,7,8,18174,1470
22252,7,8,24112,0
22252,7,8,23742,560
22252,7,8,23372,840
22252,7,8,23002,1120
22252,7,8,22632,1330
22261,7,8,23002,0
22261,7,8,22632,560
22261,7,8,22262,840
22261,7,8,1,1050
19641,7,8,22255,0
19641,7,8,21885,490
19641,7,8,21515,770
19641,7,8,21145,980
19641,7,8,20775,1260
19650,7,8,22255,0
19650,7,8,21885,420
19650,7,8,21515,630
19650,7,8,21145,910
19650,7,8,20775,1120
19650,7,8,20405,1400
19650,7,8,19665,1470
16686,7,8,21507,0
16686,7,8,21137,210
16686,7,8,20767,490
16686,7,8,20027,770
16686,7,8,19657,840
16686,7,8,19287,910
16686,7,8,18547,980
16686,7,8,18177,1050
16686,7,8,17437,1120
16686,7,8,17067,1190
16686,7,8,16697,1260
16686,7,8,1,1330
12616,7,8,21126,0
12616,7,8,20756,420
12616,7,8,20386,630
12616,7,8,20016,700
12616,7,8,19276,770
12616,7,8,18906,840
12616,7,8,18536,910
12616,7,8,17796,980
12616,7,8,17426,1050
12616,7,8,16686,1120
12616,7,8,16316,1190
12616,7,8,15946,1260
12616,7,8,15206,1330
12616,7,8,14836,1400
12616,7,8,14096,1470
19659,7,8,21145,0
19659,7,8,20775,560
19659,7,8,20405,770
19659,7,8,20035,840
19659,7,8,19665,910
19659,7,8,1,980
20756,7,8,22258,0
20756,7,8,21888,420
20756,7,8,21518,630
20756,7,8,21148,910
20756,7,8,20778,1120
20756,7,8,1,1400
20765,7,8,22258,0
20765,7,8,21888,350
20765,7,8,21518,560
20765,7,8,21148,840
20765,7,8,20778,1120
20765,7,8,1,1330
16695,7,8,20397,0
16695,7,8,19657,350
16695,7,8,18917,420
16695,7,8,18547,490
16695,7,8,18177,560
16695,7,8,17437,630
16695,7,8,17067,700
16695,7,8,1,770
20774,7,8,21518,0
20774,7,8,21148,420
20774,7,8,20778,700
20774,7,8,1,910
17057,7,8,21508,0
17057,7,8,21138,280
17057,7,8,20768,560
17057,7,8,20398,770
17057,7,8,20028,840
17057,7,8,19288,910
17057,7,8,18918,980
17057,7,8,18548,1050
17057,7,8,17808,1120
17057,7,8,17438,1190
17057,7,8,1,1260
21127,7,8,22999,0
21127,7,8,22629,490
21127,7,8,22259,700
21127,7,8,21889,980
21127,7,8,21519,1260
21127,7,8,21149,1470
14093,7,8,18540,0
14093,7,8,17800,280
14093,7,8,17430,350
14093,7,8,17060,420
14093,7,8,16690,490
14093,7,8,15950,560
14093,7,8,15580,630
14093,7,8,14840,700
14093,7,8,14470,770
14093,7,8,14100,840
14093,7,8,1,910
24859,7,8,27079,0
24859,7,8,26709,490
24859,7,8,26339,770
24859,7,8,25969,980
24859,7,8,25599,1260
24859,7,8,25229,1470
17066,7,8,20768,0
17066,7,8,20398,280
17066,7,8,19658,350
17066,7,8,19288,420
17066,7,8,18548,490
17066,7,8,18178,560
17066,7,8,17438,630
17066,7,8,17068,700
17066,7,8,1,770
21136,7,8,22629,0
21136,7,8,22259,560
21136,7,8,21889,840
21136,7,8,21519,1050
21136,7,8,21149,1330
18163,7,8,21881,0
18163,7,8,21511,420
18163,7,8,21141,630
18163,7,8,20771,910
18163,7,8,20401,1120
18163,7,8,20031,1190
18163,7,8,19291,1260
18163,7,8,18921,1330
18163,7,8,18551,1400
18163,7,8,1,1470
18172,7,8,21511,0
18172,7,8,21141,420
18172,7,8,20771,700
18172,7,8,20401,910
18172,7,8,20031,980
18172,7,8,19291,1050
18172,7,8,18921,1120
18172,7,8,18551,1190
18172,7,8,1,1260
18181,7,8,22251,0
18181,7,8,21881,420
18181,7,8,21511,700
18181,7,8,21141,910
18181,7,8,20771,1190
18181,7,8,20401,1400
18181,7,8,20031,1470
18534,7,8,21882,0
18534,7,8,21512,420
18534,7,8,21142,700
18534,7,8,20772,910
18534,7,8,20402,1190
18534,7,8,19662,1260
18534,7,8,19292,1330
18534,7,8,18922,1400
18534,7,8,1,1470
23372,7,8,25225,0
23372,7,8,24855,490
23372,7,8,24485,770
23372,7,8,24115,1050
23372,7,8,23745,1260
19283,7,8,21884,0
19283,7,8,21514,350
19283,7,8,21144,630
19283,7,8,20774,910
19283,7,8,20404,1120
19283,7,8,20034,1190
19283,7,8,19294,1260
19283,7,8,1,1330
15213,7,8,21873,0
15213,7,8,21503,350
15213,7,8,21133,630
15213,7,8,20763,840
15213,7,8,20393,1120
15213,7,8,19653,1190
15213,7,8,19283,1260
15213,7,8,18543,1330
15213,7,8,18173,1400
15213,7,8,17803,1470
22256,7,8,23742,0
22256,7,8,23372,560
22256,7,8,23002,840
22256,7,8,22632,1050
22256,7,8,22262,1330
19292,7,8,21144,0
19292,7,8,20774,350
19292,7,8,20034,630
19292,7,8,19664,700
19292,7,8,1,770
27822,7,8,29677,0
27822,7,8,29307,420
27822,7,8,28937,630
27822,7,8,28567,910
27822,7,8,28197,1120
27822,7,8,27827,1400
19645,7,8,22255,0
19645,7,8,21885,490
19645,7,8,21515,770
19645,7,8,21145,980
19645,7,8,20775,1260
19645,7,8,20405,1470
20751,7,8,22628,0
20751,7,8,22258,490
20751,7,8,21888,700
20751,7,8,21518,980
20751,7,8,21148,1190
20751,7,8,20778,1470
16681,7,8,21507,0
16681,7,8,21137,420
16681,7,8,20767,700
16681,7,8,20397,910
16681,7,8,20027,980
16681,7,8,19657,1050
16681,7,8,18917,1120
16681,7,8,18547,1190
16681,7,8,17807,1260
16681,7,8,17437,1330
16681,7,8,17067,1400
16681,7,8,1,1470
19654,7,8,21885,0
19654,7,8,21515,490
19654,7,8,21145,770
19654,7,8,20775,980
19654,7,8,20035,1260
19654,7,8,19665,1330
19654,7,8,1,1400
16690,7,8,20767,0
16690,7,8,20397,350
16690,7,8,19657,420
16690,7,8,19287,490
16690,7,8,18917,560
16690,7,8,18177,630
16690,7,8,17807,700
16690,7,8,17067,770
16690,7,8,16697,840
16690,7,8,1,910
20760,7,8,22258,0
20760,7,8,21888,560
20760,7,8,21518,770
20760,7,8,21148,1050
20760,7,8,20778,1330
19663,7,8,21145,0
19663,7,8,20775,490
19663,7,8,20405,700
19663,7,8,20035,770
19663,7,8,1,840
13726,7,8,17799,0
13726,7,8,17429,280
13726,7,8,17059,350
13726,7,8,16319,420
13726,7,8,15949,490
13726,7,8,15579,560
13726,7,8,14839,630
13726,7,8,14469,700
13726,7,8,13729,770
13726,7,8,1,840
20769,7,8,22258,0
20769,7,8,21888,350
20769,7,8,21518,560
20769,7,8,21148,840
20769,7,8,20778,1120
20769,7,8,1,1330
23742,7,8,25596,0
23742,7,8,25226,560
23742,7,8,24856,840
23742,7,8,24486,1120
23742,7,8,24116,1330
20778,7,8,22998,0
20778,7,8,22628,350
20778,7,8,22258,560
20778,7,8,21888,840
20778,7,8,21518,1120
20778,7,8,21148,1330
17052,7,8,21508,0
17052,7,8,21138,490
17052,7,8,20768,700
17052,7,8,20398,980
17052,7,8,19658,1050
17052,7,8,19288,1120
17052,7,8,18548,1190
17052,7,8,18178,1260
17052,7,8,17808,1330
17052,7,8,17068,1400
17052,7,8,1,1470
24854,7,8,26709,0
24854,7,8,26339,420
24854,7,8,25969,700
24854,7,8,25599,980
24854,7,8,25229,1190
24854,7,8,24859,1470
17061,7,8,20768,0
17061,7,8,20398,350
17061,7,8,20028,420
17061,7,8,19288,490
17061,7,8,18918,560
17061,7,8,18548,630
17061,7,8,17808,700
17061,7,8,17438,770
17061,7,8,1,840
21890,7,8,22631,0
21890,7,8,22261,490
21890,7,8,21891,700
21890,7,8,1,980
21131,7,8,22629,0
21131,7,8,22259,420
21131,7,8,21889,700
21131,7,8,21519,910
21131,7,8,21149,1190
21131,7,8,1,1400
14097,7,8,18170,0
14097,7,8,17800,280
14097,7,8,17430,350
14097,7,8,16690,420
14097,7,8,16320,490
14097,7,8,15950,560
14097,7,8,15210,630
14097,7,8,14840,700
14097,7,8,14100,770
14097,7,8,1,840
25969,7,8,27822,0
25969,7,8,27452,420
25969,7,8,27082,630
25969,7,8,26712,910
25969,7,8,26342,1190
25969,7,8,25972,1400
18176,7,8,21141,0
18176,7,8,20771,280
18176,7,8,20401,560
18176,7,8,19661,630
18176,7,8,19291,700
18176,7,8,18551,770
18176,7,8,18181,840
18176,7,8,1,910
17810,7,8,22250,0
17810,7,8,21880,350
17810,7,8,21510,630
17810,7,8,21140,910
17810,7,8,20770,1120
17810,7,8,20030,1400
17810,7,8,19660,1470
26340,7,8,28193,0
26340,7,8,27823,420
26340,7,8,27453,630
26340,7,8,27083,910
26340,7,8,26713,1190
26340,7,8,26343,1400
19278,7,8,22254,0
19278,7,8,21884,280
19278,7,8,21514,560
19278,7,8,21144,840
19278,7,8,20774,1050
19278,7,8,20034,1330
19278,7,8,19664,1400
19278,7,8,19294,1470
15208,7,8,20393,0
15208,7,8,19653,280
15208,7,8,19283,350
15208,7,8,18913,420
15208,7,8,18173,490
15208,7,8,17803,560
15208,7,8,17433,630
15208,7,8,16693,700
15208,7,8,16323,770
15208,7,8,15583,840
15208,7,8,15213,910
15208,7,8,1,980
22251,7,8,24482,0
22251,7,8,24112,350
22251,7,8,23742,560
22251,7,8,23372,840
22251,7,8,23002,1120
22251,7,8,22632,1330
12244,7,8,15205,0
12244,7,8,14835,280
12244,7,8,14465,350
12244,7,8,13725,420
12244,7,8,13355,490
12244,7,8,12985,560
12244,7,8,12245,630
12244,7,8,1,700
16314,7,8,21136,0
16314,7,8,20766,490
16314,7,8,20396,700
16314,7,8,20026,770
16314,7,8,19656,840
16314,7,8,18916,910
16314,7,8,18546,980
16314,7,8,17806,1050
16314,7,8,17436,1120
16314,7,8,17066,1190
16314,7,8,16326,1260
16314,7,8,1,1330
19287,7,8,21144,0
19287,7,8,20774,420
19287,7,8,20404,700
19287,7,8,19664,770
19287,7,8,19294,840
19287,7,8,1,910
22260,7,8,23742,0
22260,7,8,23372,490
22260,7,8,23002,770
22260,7,8,22632,980
22260,7,8,22262,1260
22260,7,8,1,1470
16323,7,8,20766,0
16323,7,8,20396,280
16323,7,8,20026,350
16323,7,8,19656,420
16323,7,8,19286,490
16323,7,8,18546,560
16323,7,8,18176,630
16323,7,8,17436,700
16323,7,8,17066,770
16323,7,8,16696,840
16323,7,8,1,910
19649,7,8,22255,0
19649,7,8,21885,420
19649,7,8,21515,630
19649,7,8,21145,910
19649,7,8,20775,1190
19649,7,8,20405,1400
19649,7,8,20035,1470
20755,7,8,22258,0
20755,7,8,21888,420
20755,7,8,21518,630
20755,7,8,21148,910
20755,7,8,20778,1190
20755,7,8,1,1400
16685,7,8,21137,0
16685,7,8,20767,490
16685,7,8,20397,700
16685,7,8,20027,770
16685,7,8,19287,840
16685,7,8,18917,910
16685,7,8,18547,980
16685,7,8,17807,1050
16685,7,8,17437,1120
16685,7,8,16697,1190
16685,7,8,1,1260
27451,7,8,29306,0
27451,7,8,28936,420
27451,7,8,28566,700
27451,7,8,28196,910
27451,7,8,27826,1190
27451,7,8,27456,1400
24487,7,8,25598,0
24487,7,8,25228,420
24487,7,8,24858,630
24487,7,8,24488,910
24487,7,8,1,1120
19658,7,8,21145,0
19658,7,8,20775,560
19658,7,8,20405,770
19658,7,8,20035,840
19658,7,8,19665,910
19658,7,8,1,980
20764,7,8,22258,0
20764,7,8,21888,560
20764,7,8,21518,770
20764,7,8,21148,1050
20764,7,8,20778,1260
16694,7,8,20767,0
16694,7,8,20397,280
16694,7,8,20027,350
16694,7,8,19657,420
16694,7,8,18917,490
16694,7,8,18547,560
16694,7,8,18177,630
16694,7,8,17437,700
16694,7,8,17067,770
16694,7,8,1,840
12615,7,8,15576,0
12615,7,8,15206,280
12615,7,8,14836,350
12615,7,8,14096,420
12615,7,8,13726,490
12615,7,8,13356,560
12615,7,8,12616,630
12615,7,8,1,700
20773,7,8,21518,0
20773,7,8,21148,420
20773,7,8,20778,700
20773,7,8,1,980
20407,7,8,22627,0
20407,7,8,22257,560
20407,7,8,21887,770
20407,7,8,21517,1050
20407,7,8,21147,1260
21885,7,8,23371,0
21885,7,8,23001,560
21885,7,8,22631,840
21885,7,8,22261,1120
21885,7,8,21891,1330
24858,7,8,25969,0
24858,7,8,25599,350
24858,7,8,25229,630
24858,7,8,24859,840
24858,7,8,1,1120
17805,7,8,20770,0
17805,7,8,20400,490
17805,7,8,19660,560
17805,7,8,19290,630
17805,7,8,18920,700
17805,7,8,18180,770
17805,7,8,17810,840
17805,7,8,1,910
14841,7,8,18912,0
14841,7,8,18542,210
14841,7,8,18172,280
14841,7,8,17802,350
14841,7,8,17432,420
14841,7,8,16692,490
14841,7,8,16322,560
14841,7,8,15582,630
14841,7,8,15212,700
14841,7,8,14842,770
14841,7,8,1,840
23371,7,8,25595,0
23371,7,8,25225,420
23371,7,8,24855,630
23371,7,8,24485,840
23371,7,8,24115,1120
23371,7,8,23745,1330
15203,7,8,21133,0
15203,7,8,20763,350
15203,7,8,20393,630
15203,7,8,19653,700
15203,7,8,19283,770
15203,7,8,18543,840
15203,7,8,18173,910
15203,7,8,17803,980
15203,7,8,17063,1050
15203,7,8,16693,1120
15203,7,8,15953,1190
15203,7,8,15583,1260
15203,7,8,15213,1330
15203,7,8,1,1400
19273,7,8,22254,0
19273,7,8,21884,350
19273,7,8,21514,630
19273,7,8,21144,910
19273,7,8,20774,1120
19273,7,8,20034,1400
19273,7,8,19664,1470
19282,7,8,21884,0
19282,7,8,21514,350
19282,7,8,21144,560
19282,7,8,20774,840
19282,7,8,20034,1120
19282,7,8,19664,1190
19282,7,8,1,1260
15212,7,8,19283,0
15212,7,8,18913,280
15212,7,8,18173,350
15212,7,8,17803,420
15212,7,8,17063,490
15212,7,8,16693,560
15212,7,8,15953,630
15212,7,8,15583,700
15212,7,8,15213,770
15212,7,8,1,840
22255,7,8,23742,0
22255,7,8,23372,560
22255,7,8,23002,840
22255,7,8,22632,1050
22255,7,8,22262,1330
16318,7,8,21136,0
16318,7,8,20766,490
16318,7,8,20396,700
16318,7,8,20026,770
16318,7,8,19286,840
16318,7,8,18916,910
16318,7,8,18176,980
16318,7,8,17806,1050
16318,7,8,17436,1120
16318,7,8,16696,1190
16318,7,8,16326,1260
16318,7,8,1,1330
19291,7,8,21144,0
19291,7,8,20774,420
19291,7,8,20034,700
19291,7,8,19664,770
19291,7,8,1,840
19644,7,8,22255,0
19644,7,8,21885,490
19644,7,8,21515,770
19644,7,8,21145,980
19644,7,8,20775,1260
19644,7,8,20405,1470
24482,7,8,26338,0
24482,7,8,25968,490
24482,7,8,25598,700
24482,7,8,25228,980
24482,7,8,24858,1190
24482,7,8,24488,1470
16689,7,8,21137,0
16689,7,8,20767,420
16689,7,8,20397,700
16689,7,8,19657,770
16689,7,8,19287,840
16689,7,8,18917,910
16689,7,8,18177,980
16689,7,8,17807,1050
16689,7,8,17067,1120
16689,7,8,16697,1190
16689,7,8,1,1260
20759,7,8,22258,0
20759,7,8,21888,420
20759,7,8,21518,700
20759,7,8,21148,980
20759,7,8,20778,1190
20759,7,8,1,1470
13725,7,8,18169,0
13725,7,8,17429,280
13725,7,8,17059,350
13725,7,8,16689,420
13725,7,8,16319,490
13725,7,8,15579,560
13725,7,8,15209,630
13725,7,8,14469,700
13725,7,8,14099,770
13725,7,8,13729,840
13725,7,8,1,910
20402,7,8,21517,0
20402,7,8,21147,420
20402,7,8,20777,630
20402,7,8,20407,910
20402,7,8,1,980
21880,7,8,23371,0
21880,7,8,23001,490
21880,7,8,22631,700
21880,7,8,22261,980
21880,7,8,21891,1190
21880,7,8,1,1470
24853,7,8,26709,0
24853,7,8,26339,420
24853,7,8,25969,700
24853,7,8,25599,980
24853,7,8,25229,1190
24853,7,8,24859,1470
21889,7,8,23371,0
21889,7,8,23001,420
21889,7,8,22631,630
21889,7,8,22261,910
21889,7,8,21891,1190
21889,7,8,1,1400
25968,7,8,27822,0
25968,7,8,27452,490
25968,7,8,27082,770
25968,7,8,26712,980
25968,7,8,26342,1260
25968,7,8,25972,1470
17800,7,8,21510,0
17800,7,8,21140,420
17800,7,8,20770,700
17800,7,8,20400,910
17800,7,8,20030,980
17800,7,8,19290,1050
17800,7,8,18920,1120
17800,7,8,18180,1190
17800,7,8,17810,1260
17800,7,8,1,1330
14836,7,8,20022,0
14836,7,8,19282,280
14836,7,8,18912,350
14836,7,8,18542,420
14836,7,8,18172,490
14836,7,8,17432,560
14836,7,8,17062,630
14836,7,8,16322,700
14836,7,8,15952,770
14836,7,8,15582,840
14836,7,8,14842,910
14836,7,8,1,980
17809,7,8,20770,0
17809,7,8,20030,350
17809,7,8,19660,420
17809,7,8,19290,490
17809,7,8,18550,560
17809,7,8,18180,630
17809,7,8,1,700
23375,7,8,25595,0
23375,7,8,25225,560
23375,7,8,24855,770
23375,7,8,24485,1050
23375,7,8,24115,1260
15207,7,8,20393,0
15207,7,8,19653,280
15207,7,8,19283,350
15207,7,8,18913,420
15207,7,8,18543,490
15207,7,8,17803,560
15207,7,8,17433,630
15207,7,8,16693,700
15207,7,8,16323,770
15207,7,8,15953,840
15207,7,8,15213,910
15207,7,8,1,980
19277,7,8,22254,0
19277,7,8,21884,280
19277,7,8,21514,560
19277,7,8,21144,770
19277,7,8,20774,1050
19277,7,8,20404,1260
19277,7,8,20034,1330
19277,7,8,19664,1400
19277,7,8,1,1470
22250,7,8,24482,0
22250,7,8,24112,350
22250,7,8,23742,630
22250,7,8,23372,840
22250,7,8,23002,1120
22250,7,8,22632,1330
12243,7,8,15945,0
12243,7,8,15205,280
12243,7,8,14835,350
12243,7,8,14465,420
12243,7,8,13725,490
12243,7,8,13355,560
12243,7,8,12985,630
12243,7,8,12245,700
12243,7,8,1,770
27079,7,8,28935,0
27079,7,8,28565,420
27079,7,8,28195,630
27079,7,8,27825,910
27079,7,8,27455,1120
27079,7,8,27085,1400
19286,7,8,21884,0
19286,7,8,21514,350
19286,7,8,21144,560
19286,7,8,20774,840
19286,7,8,20404,1050
19286,7,8,20034,1120
19286,7,8,19664,1190
19286,7,8,1,1260
16313,7,8,21136,0
16313,7,8,20766,490
16313,7,8,20396,700
16313,7,8,20026,770
16313,7,8,19656,840
16313,7,8,18916,910
16313,7,8,18546,980
16313,7,8,17806,1050
16313,7,8,17436,1120
16313,7,8,17066,1190
16313,7,8,16326,1260
16313,7,8,1,1330
16322,7,8,20766,0
16322,7,8,20396,350
16322,7,8,20026,420
16322,7,8,19286,490
16322,7,8,18916,560
16322,7,8,18176,630
16322,7,8,17806,700
16322,7,8,17436,770
16322,7,8,16696,840
16322,7,8,16326,910
16322,7,8,1,980
27450,7,8,29306,0
27450,7,8,28936,490
27450,7,8,28566,700
27450,7,8,28196,980
27450,7,8,27826,1190
27450,7,8,27456,1470
20754,7,8,22628,0
20754,7,8,22258,420
20754,7,8,21888,630
20754,7,8,21518,910
20754,7,8,21148,1190
20754,7,8,20778,1400
16684,7,8,21137,0
16684,7,8,20767,490
16684,7,8,20397,700
16684,7,8,20027,770
16684,7,8,19287,840
16684,7,8,18917,910
16684,7,8,18547,980
16684,7,8,17807,1050
16684,7,8,17437,1120
16684,7,8,16697,1190
16684,7,8,1,1260
24486,7,8,25968,0
24486,7,8,25598,560
24486,7,8,25228,840
24486,7,8,24858,1050
24486,7,8,24488,1330
20388,7,8,22257,0
20388,7,8,21887,420
20388,7,8,21517,630
20388,7,8,21147,910
20388,7,8,20777,1190
20388,7,8,20407,1400
20388,7,8,1,1470
20397,7,8,22257,0
20397,7,8,21887,350
20397,7,8,21517,560
20397,7,8,21147,840
20397,7,8,20777,1050
20397,7,8,20407,1330
20397,7,8,1,1400
17433,7,8,20769,0
17433,7,8,20399,420
17433,7,8,19659,490
17433,7,8,19289,560
17433,7,8,18919,630
17433,7,8,18179,700
17433,7,8,17809,770
17433,7,8,1,840
21875,7,8,23741,0
21875,7,8,23371,490
21875,7,8,23001,770
21875,7,8,22631,1050
21875,7,8,22261,1260
20406,7,8,21147,0
20406,7,8,20777,490
20406,7,8,1,770
21884,7,8,23371,0
21884,7,8,23001,490
21884,7,8,22631,770
21884,7,8,22261,980
21884,7,8,21891,1260
21884,7,8,1,1470
24857,7,8,26339,0
24857,7,8,25969,560
24857,7,8,25599,770
24857,7,8,25229,1050
24857,7,8,24859,1330
25972,7,8,28192,0
25972,7,8,27822,490
25972,7,8,27452,700
25972,7,8,27082,980
25972,7,8,26712,1190
25972,7,8,26342,1470
17795,7,8,21880,0
17795,7,8,21510,350
17795,7,8,21140,560
17795,7,8,20770,840
17795,7,8,20030,1120
17795,7,8,19660,1190
17795,7,8,18920,1260
17795,7,8,18550,1330
17795,7,8,18180,1400
17795,7,8,1,1470
14831,7,8,21132,0
14831,7,8,20762,280
14831,7,8,20392,560
14831,7,8,20022,630
14831,7,8,19282,700
14831,7,8,18912,770
14831,7,8,18542,840
14831,7,8,17802,910
14831,7,8,17432,980
14831,7,8,16692,1050
14831,7,8,16322,1120
14831,7,8,15952,1190
14831,7,8,15212,1260
14831,7,8,14842,1330
14831,7,8,1,1400
17804,7,8,20770,0
17804,7,8,20400,490
17804,7,8,20030,560
17804,7,8,19290,630
17804,7,8,18920,700
17804,7,8,18180,770
17804,7,8,17810,840
17804,7,8,1,910
14840,7,8,19282,0
14840,7,8,18542,280
14840,7,8,18172,350
14840,7,8,17802,420
14840,7,8,17432,490
14840,7,8,16692,560
14840,7,8,16322,630
14840,7,8,15582,700
14840,7,8,15212,770
14840,7,8,14842,840
14840,7,8,1,910
15202,7,8,21133,0
15202,7,8,20763,350
15202,7,8,20393,630
15202,7,8,19653,700
15202,7,8,19283,770
15202,7,8,18913,840
15202,7,8,18173,910
15202,7,8,17803,980
15202,7,8,17063,1050
15202,7,8,16693,1120
15202,7,8,16323,1190
15202,7,8,15583,1260
15202,7,8,15213,1330
15202,7,8,1,1400
23004,7,8,25224,0
23004,7,8,24854,490
23004,7,8,24484,770
23004,7,8,24114,980
23004,7,8,23744,1260
23004,7,8,23374,1470
19281,7,8,21884,0
19281,7,8,21514,350
19281,7,8,21144,560
19281,7,8,20774,840
19281,7,8,20034,1120
19281,7,8,19664,1190
19281,7,8,1,1260
15211,7,8,19653,0
15211,7,8,18913,280
15211,7,8,18543,350
15211,7,8,18173,420
15211,7,8,17803,490
15211,7,8,17063,560
15211,7,8,16693,630
15211,7,8,15953,700
15211,7,8,15583,770
15211,7,8,15213,840
15211,7,8,1,910
16317,7,8,21136,0
16317,7,8,20766,490
16317,7,8,20396,700
16317,7,8,20026,770
16317,7,8,19286,840
16317,7,8,18916,910
16317,7,8,18176,980
16317,7,8,17806,1050
16317,7,8,17436,1120
16317,7,8,16696,1190
16317,7,8,16326,1260
16317,7,8,1,1330
27083,7,8,28565,0
27083,7,8,28195,490
27083,7,8,27825,700
27083,7,8,27455,980
27083,7,8,27085,1190
27083,7,8,1,1470
16326,7,8,21876,0
16326,7,8,21506,490
16326,7,8,21136,770
16326,7,8,20766,980
16326,7,8,20026,1260
16326,7,8,19656,1330
16326,7,8,19286,1400
16326,7,8,18546,1470
18915,7,8,21883,0
18915,7,8,21513,280
18915,7,8,21143,560
18915,7,8,20773,770
18915,7,8,20033,1050
18915,7,8,19663,1120
18915,7,8,19293,1190
18915,7,8,1,1260
27454,7,8,28936,0
27454,7,8,28566,560
27454,7,8,28196,770
27454,7,8,27826,1050
27454,7,8,27456,1260
20383,7,8,22627,0
20383,7,8,22257,420
20383,7,8,21887,630
20383,7,8,21517,840
20383,7,8,21147,1120
20383,7,8,20777,1330
20392,7,8,22257,0
20392,7,8,21887,490
20392,7,8,21517,770
20392,7,8,21147,980
20392,7,8,20777,1260
20392,7,8,20407,1470
17428,7,8,21509,0
17428,7,8,21139,350
17428,7,8,20769,560
17428,7,8,20399,840
17428,7,8,19659,910
17428,7,8,19289,980
17428,7,8,18919,1050
17428,7,8,18179,1120
17428,7,8,17809,1190
17428,7,8,1,1260
13358,7,8,21498,0
13358,7,8,21128,280
13358,7,8,20758,560
13358,7,8,20388,770
13358,7,8,20018,840
13358,7,8,19278,910
13358,7,8,18908,980
13358,7,8,18538,1050
13358,7,8,17798,1120
13358,7,8,17428,1190
13358,7,8,16688,1260
13358,7,8,16318,1330
13358,7,8,15948,1400
13358,7,8,15208,1470
20401,7,8,21517,0
20401,7,8,21147,420
20401,7,8,20777,630
20401,7,8,20407,910
20401,7,8,1,980
17437,7,8,20769,0
17437,7,8,20029,350
17437,7,8,19659,420
17437,7,8,18919,490
17437,7,8,18549,560
17437,7,8,17809,630
17437,7,8,17439,700
17437,7,8,1,770
21879,7,8,23741,0
21879,7,8,23371,420
21879,7,8,23001,700
21879,7,8,22631,910
21879,7,8,22261,1190
21879,7,8,21891,1470
21888,7,8,23741,0
21888,7,8,23371,350
21888,7,8,23001,560
21888,7,8,22631,840
21888,7,8,22261,1120
21888,7,8,21891,1330
17799,7,8,21510,0
17799,7,8,21140,420
17799,7,8,20770,700
17799,7,8,20400,910
17799,7,8,20030,980
17799,7,8,19290,1050
17799,7,8,18920,1120
17799,7,8,18550,1190
17799,7,8,17810,1260
17799,7,8,1,1330
25601,7,8,27821,0
25601,7,8,27451,490
25601,7,8,27081,700
25601,7,8,26711,980
25601,7,8,26341,1190
25601,7,8,25971,1470
14835,7,8,20022,0
14835,7,8,19282,280
14835,7,8,18912,350
14835,7,8,18542,420
14835,7,8,18172,490
14835,7,8,17432,560
14835,7,8,17062,630
14835,7,8,16322,700
14835,7,8,15952,770
14835,7,8,15582,840
14835,7,8,14842,910
14835,7,8,1,980
17808,7,8,20770,0
17808,7,8,20030,420
17808,7,8,19660,490
17808,7,8,19290,560
17808,7,8,18550,630
17808,7,8,18180,700
17808,7,8,1,770
22999,7,8,24854,0
22999,7,8,24484,560
22999,7,8,24114,840
22999,7,8,23744,1050
22999,7,8,23374,1330
20035,7,8,21146,0
20035,7,8,20776,490
20035,7,8,20406,700
20035,7,8,20036,770
20035,7,8,1,840
16312,7,8,21506,0
16312,7,8,21136,490
16312,7,8,20766,700
16312,7,8,20396,980
16312,7,8,19656,1050
16312,7,8,19286,1120
16312,7,8,18546,1190
16312,7,8,18176,1260
16312,7,8,17806,1330
16312,7,8,17066,1400
16312,7,8,16696,1470
18910,7,8,21883,0
18910,7,8,21513,280
18910,7,8,21143,560
18910,7,8,20773,770
18910,7,8,20403,1050
18910,7,8,19663,1120
18910,7,8,19293,1190
18910,7,8,1,1260
18919,7,8,21143,0
18919,7,8,20773,420
18919,7,8,20403,630
18919,7,8,20033,700
18919,7,8,19293,770
18919,7,8,18923,840
18919,7,8,1,910
15955,7,8,21875,0
15955,7,8,21505,490
15955,7,8,21135,700
15955,7,8,20765,980
15955,7,8,20395,1190
15955,7,8,20025,1260
15955,7,8,19285,1330
15955,7,8,18915,1400
15955,7,8,18545,1470
24485,7,8,26338,0
24485,7,8,25968,490
24485,7,8,25598,700
24485,7,8,25228,980
24485,7,8,24858,1260
24485,7,8,24488,1470
20387,7,8,22627,0
20387,7,8,22257,350
20387,7,8,21887,630
20387,7,8,21517,840
20387,7,8,21147,1120
20387,7,8,20777,1330
13353,7,8,18168,0
13353,7,8,17798,210
13353,7,8,17428,280
13353,7,8,17058,350
13353,7,8,16688,420
13353,7,8,15948,490
13353,7,8,15578,560
13353,7,8,14838,630
13353,7,8,14468,700
13353,7,8,14098,770
13353,7,8,13358,840
13353,7,8,1,910
17423,7,8,21879,0
17423,7,8,21509,280
17423,7,8,21139,490
17423,7,8,20769,770
17423,7,8,20029,1050
17423,7,8,19659,1120
17423,7,8,18919,1190
17423,7,8,18549,1260
17423,7,8,18179,1330
17423,7,8,17439,1400
17423,7,8,1,1470
20396,7,8,22257,0
20396,7,8,21887,350
20396,7,8,21517,560
20396,7,8,21147,840
20396,7,8,20777,1120
20396,7,8,20407,1330
20396,7,8,1,1400
17432,7,8,20769,0
17432,7,8,20399,420
17432,7,8,19659,490
17432,7,8,19289,560
17432,7,8,18919,630
17432,7,8,18179,700
17432,7,8,17809,770
17432,7,8,1,840
21874,7,8,23741,0
21874,7,8,23371,490
21874,7,8,23001,770
21874,7,8,22631,980
21874,7,8,22261,1260
20405,7,8,21147,0
20405,7,8,20777,560
20405,7,8,1,840
21517,7,8,23000,0
21517,7,8,22630,420
21517,7,8,22260,700
21517,7,8,21890,910
21517,7,8,21520,1190
21517,7,8,1,1400
17794,7,8,21880,0
17794,7,8,21510,350
17794,7,8,21140,630
17794,7,8,20770,840
17794,7,8,20400,1120
17794,7,8,19660,1190
17794,7,8,19290,1260
17794,7,8,18550,1330
17794,7,8,18180,1400
17794,7,8,17810,1470
25596,7,8,27451,0
25596,7,8,27081,420
25596,7,8,26711,630
25596,7,8,26341,910
25596,7,8,25971,1120
25596,7,8,25601,1400
22632,7,8,23743,0
22632,7,8,23373,350
22632,7,8,23003,560
22632,7,8,22633,840
22632,7,8,1,1120
14839,7,8,20022,0
14839,7,8,19652,210
14839,7,8,19282,280
14839,7,8,18912,350
14839,7,8,18172,420
14839,7,8,17802,490
14839,7,8,17432,560
14839,7,8,16692,630
14839,7,8,16322,700
14839,7,8,15582,770
14839,7,8,15212,840
14839,7,8,14842,910
14839,7,8,1,980
20021,7,8,22256,0
20021,7,8,21886,420
20021,7,8,21516,700
20021,7,8,21146,980
20021,7,8,20776,1190
20021,7,8,20036,1470
20030,7,8,21516,0
20030,7,8,21146,350
20030,7,8,20776,630
20030,7,8,20406,840
20030,7,8,20036,910
20030,7,8,1,980
23003,7,8,24114,0
23003,7,8,23744,420
23003,7,8,23374,630
23003,7,8,23004,840
23003,7,8,1,1120
27082,7,8,28935,0
27082,7,8,28565,420
27082,7,8,28195,630
27082,7,8,27825,910
27082,7,8,27455,1120
27082,7,8,27085,1400
15941,7,8,21505,0
15941,7,8,21135,420
15941,7,8,20765,700
15941,7,8,20395,910
15941,7,8,20025,980
15941,7,8,19285,1050
15941,7,8,18915,1120
15941,7,8,18545,1190
15941,7,8,17805,1260
15941,7,8,17435,1330
15941,7,8,16695,1400
15941,7,8,16325,1470
18914,7,8,21883,0
18914,7,8,21513,280
18914,7,8,21143,560
18914,7,8,20773,770
18914,7,8,20033,1050
18914,7,8,19663,1120
18914,7,8,19293,1190
18914,7,8,1,1260
15950,7,8,20765,0
15950,7,8,20395,280
15950,7,8,20025,350
15950,7,8,19655,420
15950,7,8,18915,490
15950,7,8,18545,560
15950,7,8,18175,630
15950,7,8,17435,700
15950,7,8,17065,770
15950,7,8,16325,840
15950,7,8,15955,910
15950,7,8,1,980
18923,7,8,22623,0
18923,7,8,22253,280
18923,7,8,21883,560
18923,7,8,21513,770
18923,7,8,21143,1050
18923,7,8,20773,1260
12986,7,8,15947,0
12986,7,8,15577,280
12986,7,8,15207,350
12986,7,8,14467,420
12986,7,8,14097,490
12986,7,8,13727,560
12986,7,8,12987,630
12986,7,8,1,700
20382,7,8,22627,0
20382,7,8,22257,350
20382,7,8,21887,630
20382,7,8,21517,840
20382,7,8,21147,1120
20382,7,8,20777,1330
24114,7,8,25967,0
24114,7,8,25597,490
24114,7,8,25227,700
24114,7,8,24857,980
24114,7,8,24487,1260
24114,7,8,24117,1470
20391,7,8,22257,0
20391,7,8,21887,490
20391,7,8,21517,770
20391,7,8,21147,1050
20391,7,8,20777,1260
17427,7,8,21509,0
17427,7,8,21139,280
17427,7,8,20769,560
17427,7,8,20029,840
17427,7,8,19659,910
17427,7,8,18919,980
17427,7,8,18549,1050
17427,7,8,18179,1120
17427,7,8,17439,1190
17427,7,8,1,1260
28193,7,8,30048,0
28193,7,8,29678,350
28193,7,8,29308,630
28193,7,8,28938,840
28193,7,8,28568,1120
28193,7,8,28198,1400
20400,7,8,21517,0
20400,7,8,21147,420
20400,7,8,20777,630
20400,7,8,20407,910
20400,7,8,1,980
25229,7,8,25970,0
25229,7,8,25600,560
25229,7,8,25230,840
25229,7,8,1,1050
13357,7,8,16688,0
13357,7,8,16318,280
13357,7,8,15948,350
13357,7,8,15208,420
13357,7,8,14838,490
13357,7,8,14098,560
13357,7,8,13728,630
13357,7,8,13358,700
13357,7,8,1,770
17436,7,8,20769,0
17436,7,8,20399,350
17436,7,8,20029,420
17436,7,8,19659,490
17436,7,8,18919,560
17436,7,8,18549,630
17436,7,8,17809,700
17436,7,8,17439,770
17436,7,8,1,840
21503,7,8,23370,0
21503,7,8,23000,420
21503,7,8,22630,700
21503,7,8,22260,910
21503,7,8,21890,1190
21503,7,8,21520,1400
21512,7,8,23370,0
21512,7,8,23000,350
21512,7,8,22630,560
21512,7,8,22260,840
21512,7,8,21890,1120
21512,7,8,21520,1330
18548,7,8,21142,0
18548,7,8,20772,350
18548,7,8,20032,630
18548,7,8,19662,700
18548,7,8,18922,770
18548,7,8,18552,840
18548,7,8,1,910
28564,7,8,30419,0
28564,7,8,30049,350
28564,7,8,29679,560
28564,7,8,29309,840
28564,7,8,28939,1120
28564,7,8,28569,1330
22627,7,8,24853,0
22627,7,8,24483,350
22627,7,8,24113,630
22627,7,8,23743,840
22627,7,8,23373,1120
22627,7,8,23003,1330
25600,7,8,26341,0
25600,7,8,25971,560
25600,7,8,25601,770
25600,7,8,1,1050
14834,7,8,21132,0
14834,7,8,20762,280
14834,7,8,20022,560
14834,7,8,19652,630
14834,7,8,18912,700
14834,7,8,18542,770
14834,7,8,18172,840
14834,7,8,17432,910
14834,7,8,17062,980
14834,7,8,16322,1050
14834,7,8,15952,1120
14834,7,8,15582,1190
14834,7,8,14842,1260
14834,7,8,1,1330
14468,7,8,18541,0
14468,7,8,18171,280
14468,7,8,17801,350
14468,7,8,17061,420
14468,7,8,16691,490
14468,7,8,16321,560
14468,7,8,15581,630
14468,7,8,15211,700
14468,7,8,14471,770
14468,7,8,1,840
20016,7,8,22256,0
20016,7,8,21886,560
20016,7,8,21516,770
20016,7,8,21146,1050
20016,7,8,20776,1330
20025,7,8,21886,0
20025,7,8,21516,560
20025,7,8,21146,770
20025,7,8,20776,1050
20025,7,8,20406,1260
20025,7,8,20036,1330
20025,7,8,1,1400
22998,7,8,25224,0
22998,7,8,24854,350
22998,7,8,24484,560
22998,7,8,24114,840
22998,7,8,23744,1050
22998,7,8,23374,1330
20034,7,8,21146,0
20034,7,8,20776,490
20034,7,8,20406,770
20034,7,8,1,840
18909,7,8,21883,0
18909,7,8,21513,490
18909,7,8,21143,770
18909,7,8,20773,980
18909,7,8,20033,1260
18909,7,8,19663,1330
18909,7,8,19293,1400
18909,7,8,1,1470
15945,7,8,21135,0
15945,7,8,20765,490
15945,7,8,20395,700
15945,7,8,20025,770
15945,7,8,19285,840
15945,7,8,18915,910
15945,7,8,18545,980
15945,7,8,17805,1050
15945,7,8,17435,1120
15945,7,8,16695,1190
15945,7,8,16325,1260
15945,7,8,15955,1330
15945,7,8,1,1400
26711,7,8,28564,0
26711,7,8,28194,420
26711,7,8,27824,630
26711,7,8,27454,910
26711,7,8,27084,1120
26711,7,8,26714,1400
18918,7,8,21143,0
18918,7,8,20773,420
18918,7,8,20403,630
18918,7,8,20033,700
18918,7,8,19293,770
18918,7,8,18923,840
18918,7,8,1,910
12981,7,8,17427,0
12981,7,8,17057,210
12981,7,8,16687,280
12981,7,8,16317,350
12981,7,8,15947,420
12981,7,8,15207,490
12981,7,8,14837,560
12981,7,8,14467,630
12981,7,8,13727,700
12981,7,8,13357,770
12981,7,8,1,840
15954,7,8,20025,0
15954,7,8,19655,280
15954,7,8,18915,350
15954,7,8,18545,420
15954,7,8,17805,490
15954,7,8,17435,560
15954,7,8,16695,630
15954,7,8,16325,700
15954,7,8,15955,770
15954,7,8,1,840
21145,7,8,22629,0
21145,7,8,22259,350
21145,7,8,21889,630
21145,7,8,21519,840
21145,7,8,21149,1120
21145,7,8,1,1330
17422,7,8,21509,0
17422,7,8,21139,490
17422,7,8,20769,770
17422,7,8,20399,980
17422,7,8,20029,1050
17422,7,8,19289,1120
17422,7,8,18919,1190
17422,7,8,18549,1260
17422,7,8,17809,1330
17422,7,8,17439,1400
17422,7,8,1,1470
13352,7,8,18168,0
13352,7,8,17798,210
13352,7,8,17428,280
13352,7,8,17058,350
13352,7,8,16688,420
13352,7,8,15948,490
13352,7,8,15578,560
13352,7,8,14838,630
13352,7,8,14468,700
13352,7,8,14098,770
13352,7,8,13358,840
13352,7,8,1,910
25224,7,8,27080,0
25224,7,8,26710,420
25224,7,8,26340,700
25224,7,8,25970,910
25224,7,8,25600,1190
25224,7,8,25230,1400
17431,7,8,21509,0
17431,7,8,21139,280
17431,7,8,20769,560
17431,7,8,20399,770
17431,7,8,20029,840
17431,7,8,19289,910
17431,7,8,18919,980
17431,7,8,18549,1050
17431,7,8,17809,1120
17431,7,8,17439,1190
17431,7,8,1,1260
21498,7,8,23370,0
21498,7,8,23000,420
21498,7,8,22630,700
21498,7,8,22260,910
21498,7,8,21890,1190
21498,7,8,21520,1400
21507,7,8,23370,0
21507,7,8,23000,420
21507,7,8,22630,700
21507,7,8,22260,910
21507,7,8,21890,1190
21507,7,8,21520,1400
18543,7,8,21512,0
18543,7,8,21142,490
18543,7,8,20772,700
18543,7,8,20402,980
18543,7,8,19662,1050
18543,7,8,19292,1120
18543,7,8,18922,1190
18543,7,8,1,1260
21516,7,8,23000,0
21516,7,8,22630,420
21516,7,8,22260,630
21516,7,8,21890,840
21516,7,8,21520,1120
21516,7,8,1,1400
15579,7,8,20764,0
15579,7,8,20024,280
15579,7,8,19654,350
15579,7,8,19284,420
15579,7,8,18544,490
15579,7,8,18174,560
15579,7,8,17804,630
15579,7,8,17064,700
15579,7,8,16694,770
15579,7,8,15954,840
15579,7,8,15584,910
15579,7,8,1,980
18552,7,8,22252,0
18552,7,8,21882,490
18552,7,8,21512,700
18552,7,8,21142,980
18552,7,8,20772,1260
18552,7,8,20402,1470
25595,7,8,27451,0
25595,7,8,27081,420
25595,7,8,26711,700
25595,7,8,26341,910
25595,7,8,25971,1190
25595,7,8,25601,1400
22631,7,8,24113,0
22631,7,8,23743,490
22631,7,8,23373,770
22631,7,8,23003,1050
22631,7,8,22633,1260
14463,7,8,20761,0
14463,7,8,20391,350
14463,7,8,20021,420
14463,7,8,19651,490
14463,7,8,18911,560
14463,7,8,18541,630
14463,7,8,17801,700
14463,7,8,17431,770
14463,7,8,17061,840
14463,7,8,16321,910
14463,7,8,15951,980
14463,7,8,15211,1050
14463,7,8,14841,1120
14463,7,8,14471,1190
14463,7,8,1,1260
20011,7,8,22256,0
20011,7,8,21886,560
20011,7,8,21516,840
20011,7,8,21146,1050
20011,7,8,20776,1330
20020,7,8,22256,0
20020,7,8,21886,490
20020,7,8,21516,700
20020,7,8,21146,980
20020,7,8,20776,1190
20020,7,8,20406,1470
20029,7,8,21516,0
20029,7,8,21146,350
20029,7,8,20776,630
20029,7,8,20406,840
20029,7,8,20036,910
20029,7,8,1,980
18913,7,8,21883,0
18913,7,8,21513,280
18913,7,8,21143,560
18913,7,8,20773,840
18913,7,8,20403,1050
18913,7,8,20033,1120
18913,7,8,19293,1190
18913,7,8,18923,1260
18913,7,8,1,1330
15949,7,8,20765,0
15949,7,8,20395,280
15949,7,8,20025,350
15949,7,8,19655,420
15949,7,8,19285,490
15949,7,8,18545,560
15949,7,8,18175,630
15949,7,8,17435,700
15949,7,8,17065,770
15949,7,8,16695,840
15949,7,8,15955,910
15949,7,8,1,980
12985,7,8,16687,0
12985,7,8,16317,210
12985,7,8,15947,280
12985,7,8,15577,350
12985,7,8,15207,420
12985,7,8,14467,490
12985,7,8,14097,560
12985,7,8,13727,630
12985,7,8,12987,700
12985,7,8,1,770
21140,7,8,22629,0
21140,7,8,22259,350
21140,7,8,21889,630
21140,7,8,21519,840
21140,7,8,21149,1120
21140,7,8,1,1330
24113,7,8,25967,0
24113,7,8,25597,560
24113,7,8,25227,840
24113,7,8,24857,1050
24113,7,8,24487,1330
21149,7,8,23369,0
21149,7,8,22999,350
21149,7,8,22629,630
21149,7,8,22259,840
21149,7,8,21889,1120
21149,7,8,21519,1330
25228,7,8,26710,0
25228,7,8,26340,420
25228,7,8,25970,700
25228,7,8,25600,910
25228,7,8,25230,1190
25228,7,8,1,1470
21502,7,8,23370,0
21502,7,8,23000,490
21502,7,8,22630,770
21502,7,8,22260,980
21502,7,8,21890,1260
21502,7,8,21520,1470
18538,7,8,21882,0
18538,7,8,21512,420
18538,7,8,21142,700
18538,7,8,20772,910
18538,7,8,20402,1190
18538,7,8,19662,1260
18538,7,8,19292,1330
18538,7,8,18922,1400
18538,7,8,1,1470
21511,7,8,23000,0
21511,7,8,22630,560
21511,7,8,22260,840
21511,7,8,21890,1050
21511,7,8,21520,1330
15574,7,8,21134,0
15574,7,8,20764,420
15574,7,8,20024,700
15574,7,8,19654,770
15574,7,8,18914,840
15574,7,8,18544,910
15574,7,8,18174,980
15574,7,8,17434,1050
15574,7,8,17064,1120
15574,7,8,16324,1190
15574,7,8,15954,1260
15574,7,8,15584,1330
15574,7,8,1,1400
18547,7,8,21142,0
18547,7,8,20772,350
18547,7,8,20032,630
18547,7,8,19662,700
18547,7,8,18922,770
18547,7,8,18552,840
18547,7,8,1,910
21520,7,8,23740,0
21520,7,8,23370,350
21520,7,8,23000,630
21520,7,8,22630,840
21520,7,8,22260,1120
21520,7,8,21890,1400
15583,7,8,19654,0
15583,7,8,19284,280
15583,7,8,18544,350
15583,7,8,18174,420
15583,7,8,17434,490
15583,7,8,17064,560
15583,7,8,16324,630
15583,7,8,15954,700
15583,7,8,15584,770
15583,7,8,1,840
22626,7,8,24853,0
22626,7,8,24483,350
22626,7,8,24113,630
22626,7,8,23743,910
22626,7,8,23373,1120
22626,7,8,23003,1400
14467,7,8,18911,0
14467,7,8,18171,280
14467,7,8,17801,350
14467,7,8,17431,420
14467,7,8,17061,490
14467,7,8,16321,560
14467,7,8,15951,630
14467,7,8,15211,700
14467,7,8,14841,770
14467,7,8,14471,840
14467,7,8,1,910
11503,7,8,20753,0
11503,7,8,20383,490
11503,7,8,19643,560
11503,7,8,19273,630
11503,7,8,18903,700
11503,7,8,18163,770
11503,7,8,17793,840
11503,7,8,17053,910
11503,7,8,16683,980
11503,7,8,16313,1050
11503,7,8,15573,1120
11503,7,8,15203,1190
11503,7,8,14463,1260
11503,7,8,14093,1330
11503,7,8,13723,1400
11503,7,8,12983,1470
20024,7,8,21886,0
20024,7,8,21516,490
20024,7,8,21146,770
20024,7,8,20776,980
20024,7,8,20406,1260
20024,7,8,1,1330
18908,7,8,21883,0
18908,7,8,21513,490
18908,7,8,21143,770
18908,7,8,20773,980
18908,7,8,20033,1260
18908,7,8,19663,1330
18908,7,8,19293,1400
18908,7,8,1,1470
26710,7,8,28564,0
26710,7,8,28194,490
26710,7,8,27824,770
26710,7,8,27454,980
26710,7,8,27084,1260
26710,7,8,26714,1470
15944,7,8,21135,0
15944,7,8,20765,490
15944,7,8,20395,700
15944,7,8,20025,770
15944,7,8,19655,840
15944,7,8,18915,910
15944,7,8,18545,980
15944,7,8,17805,1050
15944,7,8,17435,1120
15944,7,8,17065,1190
15944,7,8,16325,1260
15944,7,8,15955,1330
15944,7,8,1,1400
11874,7,8,21124,0
11874,7,8,20754,280
11874,7,8,20014,560
11874,7,8,19644,630
11874,7,8,19274,700
11874,7,8,18534,770
11874,7,8,18164,840
11874,7,8,17424,910
11874,7,8,17054,980
11874,7,8,16684,1050
11874,7,8,15944,1120
11874,7,8,15574,1190
11874,7,8,14834,1260
11874,7,8,14464,1330
11874,7,8,14094,1400
11874,7,8,13354,1470
23746,7,8,25966,0
23746,7,8,25596,560
23746,7,8,25226,770
23746,7,8,24856,1050
23746,7,8,24486,1260
17056,7,8,21508,0
17056,7,8,21138,210
17056,7,8,20768,490
17056,7,8,20398,770
17056,7,8,19658,840
17056,7,8,19288,910
17056,7,8,18548,980
17056,7,8,18178,1050
17056,7,8,17808,1120
17056,7,8,17068,1190
17056,7,8,1,1260
21126,7,8,22999,0
21126,7,8,22629,490
21126,7,8,22259,770
21126,7,8,21889,980
21126,7,8,21519,1260
21126,7,8,21149,1470
17065,7,8,20768,0
17065,7,8,20398,280
17065,7,8,20028,350
17065,7,8,19658,420
17065,7,8,19288,490
17065,7,8,18548,560
17065,7,8,18178,630
17065,7,8,17438,700
17065,7,8,17068,770
17065,7,8,1,840
21135,7,8,22629,0
21135,7,8,22259,560
21135,7,8,21889,840
21135,7,8,21519,1050
21135,7,8,21149,1330
18171,7,8,21511,0
18171,7,8,21141,490
18171,7,8,20771,700
18171,7,8,20401,980
18171,7,8,19661,1050
18171,7,8,19291,1120
18171,7,8,18551,1190
18171,7,8,18181,1260
18171,7,8,1,1330
21144,7,8,22629,0
21144,7,8,22259,350
21144,7,8,21889,630
21144,7,8,21519,840
21144,7,8,21149,1120
21144,7,8,1,1330
24117,7,8,26337,0
24117,7,8,25967,490
24117,7,8,25597,770
24117,7,8,25227,980
24117,7,8,24857,1260
24117,7,8,24487,1470
18180,7,8,20771,0
18180,7,8,20401,350
18180,7,8,20031,420
18180,7,8,19661,490
18180,7,8,18921,560
18180,7,8,18551,630
18180,7,8,1,700
21506,7,8,23000,0
21506,7,8,22630,420
21506,7,8,22260,700
21506,7,8,21890,910
21506,7,8,21520,1190
21506,7,8,1,1400
18542,7,8,21882,0
18542,7,8,21512,280
18542,7,8,21142,490
18542,7,8,20772,770
18542,7,8,20032,1050
18542,7,8,19662,1120
18542,7,8,18922,1190
18542,7,8,18552,1260
18542,7,8,1,1330
21515,7,8,23000,0
21515,7,8,22630,420
21515,7,8,22260,630
21515,7,8,21890,840
21515,7,8,21520,1120
21515,7,8,1,1400
15578,7,8,20764,0
15578,7,8,20024,280
15578,7,8,19654,350
15578,7,8,19284,420
15578,7,8,18914,490
15578,7,8,18174,560
15578,7,8,17804,630
15578,7,8,17064,700
15578,7,8,16694,770
15578,7,8,16324,840
15578,7,8,15584,910
15578,7,8,1,980
18551,7,8,20772,0
18551,7,8,20402,420
18551,7,8,20032,490
18551,7,8,19292,560
18551,7,8,18922,630
18551,7,8,18552,700
18551,7,8,1,770
22630,7,8,24483,0
22630,7,8,24113,490
22630,7,8,23743,700
22630,7,8,23373,980
22630,7,8,23003,1260
22630,7,8,22633,1470
14462,7,8,20761,0
14462,7,8,20391,350
14462,7,8,20021,420
14462,7,8,19651,490
14462,7,8,18911,560
14462,7,8,18541,630
14462,7,8,17801,700
14462,7,8,17431,770
14462,7,8,17061,840
14462,7,8,16321,910
14462,7,8,15951,980
14462,7,8,15211,1050
14462,7,8,14841,1120
14462,7,8,14471,1190
14462,7,8,1,1260
14471,7,8,21501,0
14471,7,8,21131,420
14471,7,8,20761,630
14471,7,8,20391,910
14471,7,8,19651,980
14471,7,8,19281,1050
14471,7,8,18911,1120
14471,7,8,18171,1190
14471,7,8,17801,1260
14471,7,8,17061,1330
14471,7,8,16691,1400
14471,7,8,16321,1470
20019,7,8,22256,0
20019,7,8,21886,490
20019,7,8,21516,700
20019,7,8,21146,980
20019,7,8,20776,1190
20019,7,8,20406,1470
19653,7,8,21885,0
19653,7,8,21515,420
19653,7,8,21145,700
19653,7,8,20775,910
19653,7,8,20405,1190
19653,7,8,19665,1260
19653,7,8,1,1330
19662,7,8,21145,0
19662,7,8,20775,490
19662,7,8,20405,770
19662,7,8,19665,840
19662,7,8,1,910
20768,7,8,22258,0
20768,7,8,21888,350
20768,7,8,21518,630
20768,7,8,21148,910
20768,7,8,20778,1120
20768,7,8,1,1400
23741,7,8,25596,0
23741,7,8,25226,560
23741,7,8,24856,770
23741,7,8,24486,1050
23741,7,8,24116,1330
26714,7,8,28934,0
26714,7,8,28564,490
26714,7,8,28194,700
26714,7,8,27824,980
26714,7,8,27454,1190
26714,7,8,27084,1470
20777,7,8,21148,0
20777,7,8,20778,560
20777,7,8,1,770
17051,7,8,21508,0
17051,7,8,21138,420
17051,7,8,20768,700
17051,7,8,20028,980
17051,7,8,19658,1050
17051,7,8,18918,1120
17051,7,8,18548,1190
17051,7,8,18178,1260
17051,7,8,17438,1330
17051,7,8,17068,1400
17051,7,8,1,1470
17060,7,8,21138,0
17060,7,8,20768,490
17060,7,8,20028,770
17060,7,8,19658,840
17060,7,8,18918,910
17060,7,8,18548,980
17060,7,8,18178,1050
17060,7,8,17438,1120
17060,7,8,17068,1190
17060,7,8,1,1260
21130,7,8,22629,0
21130,7,8,22259,420
21130,7,8,21889,700
21130,7,8,21519,910
21130,7,8,21149,1190
21130,7,8,1,1400
14096,7,8,18540,0
14096,7,8,17800,280
14096,7,8,17430,350
14096,7,8,17060,420
14096,7,8,16690,490
14096,7,8,15950,560
14096,7,8,15580,630
14096,7,8,14840,700
14096,7,8,14470,770
14096,7,8,14100,840
14096,7,8,1,910
18166,7,8,21881,0
18166,7,8,21511,420
18166,7,8,21141,630
18166,7,8,20771,910
18166,7,8,20401,1120
18166,7,8,20031,1190
18166,7,8,19291,1260
18166,7,8,18921,1330
18166,7,8,18551,1400
18166,7,8,1,1470
21139,7,8,22629,0
21139,7,8,22259,560
21139,7,8,21889,840
21139,7,8,21519,1050
21139,7,8,21149,1330
24112,7,8,25967,0
24112,7,8,25597,490
24112,7,8,25227,700
24112,7,8,24857,980
24112,7,8,24487,1260
24112,7,8,24117,1470
18175,7,8,21141,0
18175,7,8,20771,280
18175,7,8,20401,560
18175,7,8,19661,630
18175,7,8,19291,700
18175,7,8,18551,770
18175,7,8,18181,840
18175,7,8,1,910
21148,7,8,21889,0
21148,7,8,21519,490
21148,7,8,21149,700
21148,7,8,1,980
25227,7,8,27080,0
25227,7,8,26710,350
25227,7,8,26340,630
25227,7,8,25970,840
25227,7,8,25600,1120
25227,7,8,25230,1330
21501,7,8,23370,0
21501,7,8,23000,490
21501,7,8,22630,770
21501,7,8,22260,980
21501,7,8,21890,1260
21501,7,8,21520,1470
18537,7,8,21882,0
18537,7,8,21512,420
18537,7,8,21142,700
18537,7,8,20772,910
18537,7,8,20402,1190
18537,7,8,19662,1260
18537,7,8,19292,1330
18537,7,8,18922,1400
18537,7,8,1,1470
26339,7,8,28193,0
26339,7,8,27823,490
26339,7,8,27453,770
26339,7,8,27083,980
26339,7,8,26713,1260
26339,7,8,26343,1470
15573,7,8,21134,0
15573,7,8,20764,420
15573,7,8,20024,700
15573,7,8,19654,770
15573,7,8,19284,840
15573,7,8,18544,910
15573,7,8,18174,980
15573,7,8,17434,1050
15573,7,8,17064,1120
15573,7,8,16694,1190
15573,7,8,15954,1260
15573,7,8,15584,1330
15573,7,8,1,1400
18546,7,8,21142,0
18546,7,8,20772,350
18546,7,8,20032,630
18546,7,8,19662,700
18546,7,8,18922,770
18546,7,8,18552,840
18546,7,8,1,910
15582,7,8,20024,0
15582,7,8,19654,280
15582,7,8,18914,350
15582,7,8,18544,420
15582,7,8,18174,490
15582,7,8,17434,560
15582,7,8,17064,630
15582,7,8,16324,700
15582,7,8,15954,770
15582,7,8,15584,840
15582,7,8,1,910
22259,7,8,24112,0
22259,7,8,23742,490
22259,7,8,23372,700
22259,7,8,23002,980
22259,7,8,22632,1190
22259,7,8,22262,1470
14466,7,8,18911,0
14466,7,8,18541,210
14466,7,8,18171,280
14466,7,8,17801,350
14466,7,8,17431,420
14466,7,8,16691,490
14466,7,8,16321,560
14466,7,8,15951,630
14466,7,8,15211,700
14466,7,8,14841,770
14466,7,8,1,840
19648,7,8,22255,0
19648,7,8,21885,420
19648,7,8,21515,630
19648,7,8,21145,910
19648,7,8,20775,1120
19648,7,8,20405,1400
19648,7,8,19665,1470
12614,7,8,16316,0
12614,7,8,15946,210
12614,7,8,15576,280
12614,7,8,15206,350
12614,7,8,14836,420
12614,7,8,14096,490
12614,7,8,13726,560
12614,7,8,13356,630
12614,7,8,12616,700
12614,7,8,1,770
19657,7,8,21885,0
19657,7,8,21515,420
19657,7,8,21145,700
19657,7,8,20775,910
19657,7,8,20405,1190
19657,7,8,19665,1260
19657,7,8,1,1330
20763,7,8,22258,0
20763,7,8,21888,560
20763,7,8,21518,770
20763,7,8,21148,1050
20763,7,8,20778,1260
16693,7,8,20767,0
16693,7,8,20397,350
16693,7,8,19657,420
16693,7,8,19287,490
16693,7,8,18917,560
16693,7,8,18177,630
16693,7,8,17807,700
16693,7,8,17067,770
16693,7,8,16697,840
16693,7,8,1,910
13729,7,8,21499,0
13729,7,8,21129,280
13729,7,8,20759,560
13729,7,8,20019,840
13729,7,8,19649,910
13729,7,8,18909,980
13729,7,8,18539,1050
13729,7,8,18169,1120
13729,7,8,17429,1190
13729,7,8,17059,1260
13729,7,8,16319,1330
13729,7,8,15949,1400
13729,7,8,15579,1470
26709,7,8,28564,0
26709,7,8,28194,350
26709,7,8,27824,630
26709,7,8,27454,910
26709,7,8,27084,1120
26709,7,8,26714,1400
20772,7,8,21518,0
20772,7,8,21148,490
20772,7,8,20778,700
20772,7,8,1,980
23745,7,8,24856,0
23745,7,8,24486,420
23745,7,8,24116,630
23745,7,8,23746,910
23745,7,8,1,1190
21125,7,8,22999,0
21125,7,8,22629,490
21125,7,8,22259,770
21125,7,8,21889,980
21125,7,8,21519,1260
17055,7,8,21508,0
17055,7,8,21138,210
17055,7,8,20768,490
17055,7,8,20398,770
17055,7,8,19658,840
17055,7,8,19288,910
17055,7,8,18548,980
17055,7,8,18178,1050
17055,7,8,17808,1120
17055,7,8,17068,1190
17055,7,8,1,1260
18161,7,8,21881,0
18161,7,8,21511,490
18161,7,8,21141,700
18161,7,8,20771,980
18161,7,8,20031,1260
18161,7,8,19661,1330
18161,7,8,18921,1400
18161,7,8,18551,1470
14091,7,8,20760,0
14091,7,8,20390,280
14091,7,8,20020,350
14091,7,8,19650,420
14091,7,8,19280,490
14091,7,8,18540,560
14091,7,8,18170,630
14091,7,8,17430,700
14091,7,8,17060,770
14091,7,8,16690,840
14091,7,8,15950,910
14091,7,8,15580,980
14091,7,8,14840,1050
14091,7,8,14470,1120
14091,7,8,14100,1190
14091,7,8,1,1260
21134,7,8,22629,0
21134,7,8,22259,490
21134,7,8,21889,700
21134,7,8,21519,980
21134,7,8,21149,1190
21134,7,8,1,1470
17064,7,8,20768,0
17064,7,8,20398,350
17064,7,8,20028,420
17064,7,8,19288,490
17064,7,8,18918,560
17064,7,8,18178,630
17064,7,8,17808,700
17064,7,8,17438,770
17064,7,8,1,840
18170,7,8,21511,0
18170,7,8,21141,490
18170,7,8,20771,700
18170,7,8,20401,980
18170,7,8,19661,1050
18170,7,8,19291,1120
18170,7,8,18921,1190
18170,7,8,18181,1260
18170,7,8,1,1330
14100,7,8,21500,0
14100,7,8,21130,350
14100,7,8,20760,630
14100,7,8,20390,840
14100,7,8,20020,910
14100,7,8,19280,980
14100,7,8,18910,1050
14100,7,8,18540,1120
14100,7,8,17800,1190
14100,7,8,17430,1260
14100,7,8,16690,1330
14100,7,8,16320,1400
14100,7,8,15950,1470
21143,7,8,22629,0
21143,7,8,22259,350
21143,7,8,21889,630
21143,7,8,21519,910
21143,7,8,21149,1120
21143,7,8,1,1400
18179,7,8,20771,0
18179,7,8,20401,420
18179,7,8,20031,490
18179,7,8,19661,560
18179,7,8,18921,630
18179,7,8,18551,700
18179,7,8,1,770
18532,7,8,22252,0
18532,7,8,21882,280
18532,7,8,21512,560
18532,7,8,21142,770
18532,7,8,20772,1050
18532,7,8,20402,1260
18532,7,8,20032,1330
18532,7,8,19292,1400
18532,7,8,18922,1470
23370,7,8,25225,0
23370,7,8,24855,560
23370,7,8,24485,840
23370,7,8,24115,1050
23370,7,8,23745,1330
15577,7,8,20764,0
15577,7,8,20024,280
15577,7,8,19654,350
15577,7,8,19284,420
15577,7,8,18914,490
15577,7,8,18174,560
15577,7,8,17804,630
15577,7,8,17064,700
15577,7,8,16694,770
15577,7,8,16324,840
15577,7,8,15584,910
15577,7,8,1,980
26343,7,8,28563,0
26343,7,8,28193,490
26343,7,8,27823,700
26343,7,8,27453,980
26343,7,8,27083,1190
26343,7,8,26713,1470
22254,7,8,24112,0
22254,7,8,23742,560
22254,7,8,23372,770
22254,7,8,23002,1050
22254,7,8,22632,1260
19290,7,8,21144,0
19290,7,8,20774,420
19290,7,8,20404,700
19290,7,8,19664,770
19290,7,8,19294,840
19290,7,8,1,910
19652,7,8,21885,0
19652,7,8,21515,420
19652,7,8,21145,700
19652,7,8,20775,910
19652,7,8,20405,1190
19652,7,8,19665,1260
19652,7,8,1,1330
16688,7,8,21137,0
16688,7,8,20767,420
16688,7,8,20397,700
16688,7,8,19657,770
16688,7,8,19287,840
16688,7,8,18917,910
16688,7,8,18177,980
16688,7,8,17807,1050
16688,7,8,17067,1120
16688,7,8,16697,1190
16688,7,8,1,1260
20758,7,8,22628,0
20758,7,8,22258,350
20758,7,8,21888,630
20758,7,8,21518,910
20758,7,8,21148,1120
20758,7,8,20778,1400
19661,7,8,21145,0
19661,7,8,20775,560
19661,7,8,20405,770
19661,7,8,20035,840
19661,7,8,1,910
13724,7,8,18169,0
13724,7,8,17799,210
13724,7,8,17429,280
13724,7,8,17059,350
13724,7,8,16689,420
13724,7,8,15949,490
13724,7,8,15579,560
13724,7,8,15209,630
13724,7,8,14469,700
13724,7,8,14099,770
13724,7,8,1,840
20767,7,8,22258,0
20767,7,8,21888,350
20767,7,8,21518,630
20767,7,8,21148,910
20767,7,8,20778,1120
20767,7,8,1,1400
16697,7,8,21877,0
16697,7,8,21507,490
16697,7,8,21137,700
16697,7,8,20767,980
16697,7,8,20027,1260
16697,7,8,19657,1330
16697,7,8,18917,1400
16697,7,8,18547,1470
23740,7,8,25596,0
23740,7,8,25226,560
23740,7,8,24856,770
23740,7,8,24486,1050
23740,7,8,24116,1260
20776,7,8,21518,0
20776,7,8,21148,350
20776,7,8,20778,630
20776,7,8,1,840
17059,7,8,21138,0
17059,7,8,20768,490
17059,7,8,20028,770
17059,7,8,19658,840
17059,7,8,18918,910
17059,7,8,18548,980
17059,7,8,18178,1050
17059,7,8,17438,1120
17059,7,8,17068,1190
17059,7,8,1,1260
21129,7,8,22999,0
21129,7,8,22629,420
21129,7,8,22259,700
21129,7,8,21889,910
21129,7,8,21519,1190
21129,7,8,21149,1400
18165,7,8,21881,0
18165,7,8,21511,420
18165,7,8,21141,630
18165,7,8,20771,910
18165,7,8,20031,1190
18165,7,8,19661,1260
18165,7,8,18921,1330
18165,7,8,18551,1400
18165,7,8,18181,1470
14095,7,8,18540,0
14095,7,8,18170,210
14095,7,8,17800,280
14095,7,8,17430,350
14095,7,8,17060,420
14095,7,8,16320,490
14095,7,8,15950,560
14095,7,8,15580,630
14095,7,8,14840,700
14095,7,8,14470,770
14095,7,8,1,840
21138,7,8,22629,0
21138,7,8,22259,560
21138,7,8,21889,840
21138,7,8,21519,1050
21138,7,8,21149,1330
25967,7,8,27822,0
25967,7,8,27452,420
25967,7,8,27082,630
25967,7,8,26712,910
25967,7,8,26342,1120
25967,7,8,25972,1400
18174,7,8,21141,0
18174,7,8,20771,280
18174,7,8,20401,560
18174,7,8,19661,630
18174,7,8,19291,700
18174,7,8,18551,770
18174,7,8,18181,840
18174,7,8,1,910
26338,7,8,28193,0
26338,7,8,27823,420
26338,7,8,27453,630
26338,7,8,27083,910
26338,7,8,26713,1120
26338,7,8,26343,1400
23374,7,8,24485,0
23374,7,8,24115,420
23374,7,8,23745,630
23374,7,8,23375,910
23374,7,8,1,1120
15206,7,8,20393,0
15206,7,8,19653,280
15206,7,8,19283,350
15206,7,8,18913,420
15206,7,8,18543,490
15206,7,8,17803,560
15206,7,8,17433,630
15206,7,8,16693,700
15206,7,8,16323,770
15206,7,8,15953,840
15206,7,8,15213,910
15206,7,8,1,980
22249,7,8,24482,0
22249,7,8,24112,350
22249,7,8,23742,630
22249,7,8,23372,840
22249,7,8,23002,1120
22249,7,8,22632,1330
19285,7,8,21884,0
19285,7,8,21514,350
19285,7,8,21144,560
19285,7,8,20774,840
19285,7,8,20404,1050
19285,7,8,20034,1120
19285,7,8,19664,1190
19285,7,8,1,1260
22258,7,8,24112,0
22258,7,8,23742,560
22258,7,8,23372,770
22258,7,8,23002,1050
22258,7,8,22632,1260
16321,7,8,20766,0
16321,7,8,20396,350
16321,7,8,20026,420
16321,7,8,19286,490
16321,7,8,18916,560
16321,7,8,18176,630
16321,7,8,17806,700
16321,7,8,17436,770
16321,7,8,16696,840
16321,7,8,16326,910
16321,7,8,1,980
19294,7,8,22624,0
19294,7,8,22254,350
19294,7,8,21884,560
19294,7,8,21514,840
19294,7,8,21144,1050
19294,7,8,20774,1330
20753,7,8,22628,0
20753,7,8,22258,420
20753,7,8,21888,630
20753,7,8,21518,910
20753,7,8,21148,1190
20753,7,8,20778,1400
16683,7,8,21507,0
16683,7,8,21137,420
16683,7,8,20767,700
16683,7,8,20397,910
16683,7,8,20027,980
16683,7,8,19287,1050
16683,7,8,18917,1120
16683,7,8,18177,1190
16683,7,8,17807,1260
16683,7,8,17437,1330
16683,7,8,16697,1400
16683,7,8,1,1470
19656,7,8,21885,0
19656,7,8,21515,420
19656,7,8,21145,700
19656,7,8,20775,910
19656,7,8,20405,1190
19656,7,8,19665,1260
19656,7,8,1,1330
16692,7,8,20767,0
16692,7,8,20397,350
16692,7,8,19657,420
16692,7,8,19287,490
16692,7,8,18917,560
16692,7,8,18177,630
16692,7,8,17807,700
16692,7,8,17067,770
16692,7,8,16697,840
16692,7,8,1,910
20762,7,8,22628,0
20762,7,8,22258,280
20762,7,8,21888,560
20762,7,8,21518,840
20762,7,8,21148,1050
20762,7,8,20778,1330
19665,7,8,22625,0
19665,7,8,22255,420
19665,7,8,21885,700
19665,7,8,21515,910
19665,7,8,21145,1190
19665,7,8,20775,1470
13728,7,8,17059,0
13728,7,8,16689,210
13728,7,8,16319,280
13728,7,8,15949,350
13728,7,8,15579,420
13728,7,8,14839,490
13728,7,8,14469,560
13728,7,8,13729,630
13728,7,8,1,700
20771,7,8,21518,0
20771,7,8,21148,420
20771,7,8,20778,700
20771,7,8,1,980
21124,7,8,22999,0
21124,7,8,22629,490
21124,7,8,22259,770
21124,7,8,21889,980
21124,7,8,21519,1260
21124,7,8,21149,1470
21883,7,8,23741,0
21883,7,8,23371,420
21883,7,8,23001,700
21883,7,8,22631,910
21883,7,8,22261,1190
21883,7,8,21891,1400
17054,7,8,21508,0
17054,7,8,21138,490
17054,7,8,20768,700
17054,7,8,20028,980
17054,7,8,19658,1050
17054,7,8,19288,1120
17054,7,8,18548,1190
17054,7,8,18178,1260
17054,7,8,17438,1330
17054,7,8,17068,1400
17054,7,8,1,1470
24856,7,8,26709,0
24856,7,8,26339,490
24856,7,8,25969,700
24856,7,8,25599,980
24856,7,8,25229,1190
24856,7,8,24859,1470
14099,7,8,17430,0
14099,7,8,17060,210
14099,7,8,16690,280
14099,7,8,16320,350
14099,7,8,15950,420
14099,7,8,15210,490
14099,7,8,14840,560
14099,7,8,14100,630
14099,7,8,1,700
18169,7,8,21511,0
18169,7,8,21141,420
18169,7,8,20771,700
18169,7,8,20401,910
18169,7,8,20031,980
18169,7,8,19661,1050
18169,7,8,18921,1120
18169,7,8,18551,1190
18169,7,8,1,1260
25971,7,8,26712,0
25971,7,8,26342,560
25971,7,8,25972,840
25971,7,8,1,1050
17803,7,8,20770,0
17803,7,8,20400,490
17803,7,8,20030,560
17803,7,8,19290,630
17803,7,8,18920,700
17803,7,8,18180,770
17803,7,8,17810,840
17803,7,8,1,910
23369,7,8,25595,0
23369,7,8,25225,350
23369,7,8,24855,560
23369,7,8,24485,840
23369,7,8,24115,1050
23369,7,8,23745,1330
26342,7,8,27083,0
26342,7,8,26713,560
26342,7,8,26343,840
26342,7,8,1,1050
19271,7,8,21884,0
19271,7,8,21514,420
19271,7,8,21144,630
19271,7,8,20774,910
19271,7,8,20404,1120
19271,7,8,20034,1190
19271,7,8,19664,1260
19271,7,8,1,1330
15210,7,8,20393,0
15210,7,8,20023,210
15210,7,8,19653,280
15210,7,8,19283,350
15210,7,8,18543,420
15210,7,8,18173,490
15210,7,8,17803,560
15210,7,8,17063,630
15210,7,8,16693,700
15210,7,8,15953,770
15210,7,8,15583,840
15210,7,8,15213,910
15210,7,8,1,980
19280,7,8,22254,0
19280,7,8,21884,280
19280,7,8,21514,560
19280,7,8,21144,770
19280,7,8,20774,1050
19280,7,8,20404,1260
19280,7,8,20034,1330
19280,7,8,19664,1400
19280,7,8,1,1470
22253,7,8,24112,0
22253,7,8,23742,560
22253,7,8,23372,770
22253,7,8,23002,1050
22253,7,8,22632,1260
16316,7,8,21136,0
16316,7,8,20766,490
16316,7,8,20026,770
16316,7,8,19656,840
16316,7,8,19286,910
16316,7,8,18546,980
16316,7,8,18176,1050
16316,7,8,17436,1120
16316,7,8,17066,1190
16316,7,8,16696,1260
16316,7,8,1,1330
19289,7,8,21144,0
19289,7,8,20774,420
19289,7,8,20404,700
19289,7,8,19664,770
19289,7,8,19294,840
19289,7,8,1,910
22262,7,8,24482,0
22262,7,8,24112,490
22262,7,8,23742,770
22262,7,8,23372,980
22262,7,8,23002,1260
22262,7,8,22632,1470
16325,7,8,20026,0
16325,7,8,19656,280
16325,7,8,19286,350
16325,7,8,18546,420
16325,7,8,18176,490
16325,7,8,17436,560
16325,7,8,17066,630
16325,7,8,16696,700
16325,7,8,1,770
19642,7,8,21885,0
19642,7,8,21515,490
19642,7,8,21145,770
19642,7,8,20775,980
19642,7,8,20405,1260
19642,7,8,19665,1330
19642,7,8,1,1400
19651,7,8,22255,0
19651,7,8,21885,420
19651,7,8,21515,630
19651,7,8,21145,910
19651,7,8,20775,1120
19651,7,8,20405,1400
19651,7,8,19665,1470
16687,7,8,21137,0
16687,7,8,20767,490
16687,7,8,20027,770
16687,7,8,19657,840
16687,7,8,18917,910
16687,7,8,18547,980
16687,7,8,18177,1050
16687,7,8,17437,1120
16687,7,8,17067,1190
16687,7,8,1,1260
20757,7,8,22628,0
20757,7,8,22258,350
20757,7,8,21888,630
20757,7,8,21518,910
20757,7,8,21148,1120
20757,7,8,20778,1400
27453,7,8,29306,0
27453,7,8,28936,490
27453,7,8,28566,700
27453,7,8,28196,980
27453,7,8,27826,1190
27453,7,8,27456,1470
13723,7,8,18169,0
13723,7,8,17429,280
13723,7,8,17059,350
13723,7,8,16689,420
13723,7,8,16319,490
13723,7,8,15579,560
13723,7,8,15209,630
13723,7,8,14469,700
13723,7,8,14099,770
13723,7,8,13729,840
13723,7,8,1,910
20766,7,8,22258,0
20766,7,8,21888,350
20766,7,8,21518,560
20766,7,8,21148,840
20766,7,8,20778,1120
20766,7,8,1,1330
16696,7,8,20027,0
16696,7,8,19657,280
16696,7,8,19287,350
16696,7,8,18547,420
16696,7,8,18177,490
16696,7,8,17437,560
16696,7,8,17067,630
16696,7,8,16697,700
16696,7,8,1,770
21878,7,8,23741,0
21878,7,8,23371,420
21878,7,8,23001,700
21878,7,8,22631,910
21878,7,8,22261,1190
21878,7,8,21891,1470
21887,8,9,23371,0
21887,8,9,23001,560
21887,8,9,22631,840
21887,8,9,22261,1050
21887,8,9,21891,1330
25966,8,9,27822,0
25966,8,9,27452,490
25966,8,9,27082,700
25966,8,9,26712,980
25966,8,9,26342,1260
25966,8,9,25972,1470
28939,8,9,29680,0
28939,8,9,29310,490
28939,8,9,28940,770
28939,8,9,1,1050
17798,8,9,21510,0
17798,8,9,21140,350
17798,8,9,20770,630
17798,8,9,20400,840
17798,8,9,20030,910
17798,8,9,19660,980
17798,8,9,18920,1050
17798,8,9,18550,1120
17798,8,9,17810,1190
17798,8,9,1,1260
17807,8,9,20770,0
17807,8,9,20400,420
17807,8,9,20030,490
17807,8,9,19660,560
17807,8,9,18920,630
17807,8,9,18550,700
17807,8,9,17810,770
17807,8,9,1,840
23373,8,9,24855,0
23373,8,9,24485,560
23373,8,9,24115,840
23373,8,9,23745,1050
23373,8,9,23375,1330
15205,8,9,21133,0
15205,8,9,20763,280
15205,8,9,20393,560
15205,8,9,19653,630
15205,8,9,19283,700
15205,8,9,18913,770
15205,8,9,18173,840
15205,8,9,17803,910
15205,8,9,17063,980
15205,8,9,16693,1050
15205,8,9,16323,1120
15205,8,9,15583,1190
15205,8,9,15213,1260
15205,8,9,1,1330
19284,8,9,21884,0
19284,8,9,21514,350
19284,8,9,21144,630
19284,8,9,20774,840
19284,8,9,20034,1120
19284,8,9,19664,1190
19284,8,9,19294,1260
19284,8,9,1,1330
16320,8,9,20766,0
16320,8,9,20396,350
16320,8,9,19656,420
16320,8,9,19286,490
16320,8,9,18916,560
16320,8,9,18176,630
16320,8,9,17806,700
16320,8,9,17066,770
16320,8,9,16696,840
16320,8,9,16326,910
16320,8,9,1,980
19293,8,9,21144,0
19293,8,9,20774,280
19293,8,9,20034,560
19293,8,9,19664,630
19293,8,9,1,700
24484,8,9,26338,0
24484,8,9,25968,560
24484,8,9,25598,840
24484,8,9,25228,1050
24484,8,9,24858,1330
20761,8,9,22258,0
20761,8,9,21888,490
20761,8,9,21518,770
20761,8,9,21148,1050
20761,8,9,20778,1260
13727,8,9,17429,0
13727,8,9,17059,210
13727,8,9,16689,280
13727,8,9,16319,350
13727,8,9,15949,420
13727,8,9,15209,490
13727,8,9,14839,560
13727,8,9,14099,630
13727,8,9,13729,700
13727,8,9,1,770
20395,8,9,21887,0
20395,8,9,21517,490
20395,8,9,21147,770
20395,8,9,20777,1050
20395,8,9,20407,1260
20395,8,9,1,1330
21873,8,9,23741,0
21873,8,9,23371,420
21873,8,9,23001,630
21873,8,9,22631,910
21873,8,9,22261,1190
21873,8,9,21891,1400
20404,8,9,21517,0
20404,8,9,21147,350
20404,8,9,20777,560
20404,8,9,20407,840
20404,8,9,1,910
21882,8,9,23741,0
21882,8,9,23371,420
21882,8,9,23001,630
21882,8,9,22631,910
21882,8,9,22261,1120
21882,8,9,21891,1400
24855,8,9,26709,0
24855,8,9,26339,560
24855,8,9,25969,770
24855,8,9,25599,1050
24855,8,9,25229,1260
21891,8,9,24111,0
21891,8,9,23741,420
21891,8,9,23371,630
21891,8,9,23001,910
21891,8,9,22631,1120
21891,8,9,22261,1400
28934,8,9,30420,0
28934,8,9,30050,560
28934,8,9,29680,840
28934,8,9,29310,1050
28934,8,9,28940,1330
25970,8,9,27452,0
25970,8,9,27082,490
25970,8,9,26712,700
25970,8,9,26342,980
25970,8,9,25972,1260
25970,8,9,1,1470
17793,8,9,21880,0
17793,8,9,21510,280
17793,8,9,21140,560
17793,8,9,20770,840
17793,8,9,20400,1050
17793,8,9,20030,1120
17793,8,9,19290,1190
17793,8,9,18920,1260
17793,8,9,18180,1330
17793,8,9,17810,1400
17793,8,9,1,1470
17802,8,9,21510,0
17802,8,9,21140,350
17802,8,9,20770,630
17802,8,9,20400,840
17802,8,9,20030,910
17802,8,9,19290,980
17802,8,9,18920,1050
17802,8,9,18550,1120
17802,8,9,17810,1190
17802,8,9,1,1260
28568,8,9,29309,0
28568,8,9,28939,560
28568,8,9,28569,770
28568,8,9,1,1050
14838,8,9,20022,0
14838,8,9,19652,210
14838,8,9,19282,280
14838,8,9,18912,350
14838,8,9,18542,420
14838,8,9,17802,490
14838,8,9,17432,560
14838,8,9,16692,630
14838,8,9,16322,700
14838,8,9,15952,770
14838,8,9,15212,840
14838,8,9,14842,910
14838,8,9,1,980
23002,8,9,24484,0
23002,8,9,24114,560
23002,8,9,23744,770
23002,8,9,23374,1050
23002,8,9,23004,1260
15209,8,9,20393,0
15209,8,9,20023,210
15209,8,9,19653,280
15209,8,9,19283,350
15209,8,9,18913,420
15209,8,9,18173,490
15209,8,9,17803,560
15209,8,9,17063,630
15209,8,9,16693,700
15209,8,9,16323,770
15209,8,9,15583,840
15209,8,9,15213,910
15209,8,9,1,980
16315,8,9,21136,0
16315,8,9,20766,490
16315,8,9,20026,770
16315,8,9,19656,840
16315,8,9,19286,910
16315,8,9,18546,980
16315,8,9,18176,1050
16315,8,9,17436,1120
16315,8,9,17066,1190
16315,8,9,16696,1260
16315,8,9,1,1330
27081,8,9,28935,0
27081,8,9,28565,490
27081,8,9,28195,700
27081,8,9,27825,980
27081,8,9,27455,1260
27081,8,9,27085,1470
19288,8,9,21144,0
19288,8,9,20774,420
19288,8,9,20404,700
19288,8,9,19664,770
19288,8,9,19294,840
19288,8,9,1,910
12245,8,9,21125,0
12245,8,9,20755,350
12245,8,9,20015,630
12245,8,9,19645,700
12245,8,9,18905,770
12245,8,9,18535,840
12245,8,9,18165,910
12245,8,9,17425,980
12245,8,9,17055,1050
12245,8,9,16315,1120
12245,8,9,15945,1190
12245,8,9,15575,1260
12245,8,9,14835,1330
12245,8,9,14465,1400
12245,8,9,13725,1470
16324,8,9,20396,0
16324,8,9,20026,280
16324,8,9,19656,350
16324,8,9,18916,420
16324,8,9,18546,490
16324,8,9,17806,560
16324,8,9,17436,630
16324,8,9,17066,700
16324,8,9,16326,770
16324,8,9,1,840
18922,8,9,20773,0
18922,8,9,20403,490
18922,8,9,19663,560
18922,8,9,19293,630
18922,8,9,1,700
27452,8,9,29306,0
27452,8,9,28936,560
27452,8,9,28566,770
27452,8,9,28196,1050
27452,8,9,27826,1330
24488,8,9,26708,0
24488,8,9,26338,490
24488,8,9,25968,700
24488,8,9,25598,980
24488,8,9,25228,1260
24488,8,9,24858,1470
20390,8,9,22257,0
20390,8,9,21887,490
20390,8,9,21517,700
20390,8,9,21147,980
20390,8,9,20777,1190
20390,8,9,20407,1470
13356,8,9,17058,0
13356,8,9,16688,280
13356,8,9,16318,350
13356,8,9,15578,420
13356,8,9,15208,490
13356,8,9,14468,560
13356,8,9,14098,630
13356,8,9,13728,700
13356,8,9,1,770
17426,8,9,21509,0
17426,8,9,21139,280
17426,8,9,20769,560
17426,8,9,20399,770
17426,8,9,20029,840
17426,8,9,19289,910
17426,8,9,18919,980
17426,8,9,18179,1050
17426,8,9,17809,1120
17426,8,9,17439,1190
17426,8,9,1,1260
20399,8,9,21887,0
20399,8,9,21517,490
20399,8,9,21147,770
20399,8,9,20777,1050
20399,8,9,20407,1260
20399,8,9,1,1330
17435,8,9,20769,0
17435,8,9,20029,420
17435,8,9,19659,490
17435,8,9,19289,560
17435,8,9,18549,630
17435,8,9,18179,700
17435,8,9,17439,770
17435,8,9,1,840
21877,8,9,23741,0
21877,8,9,23371,490
21877,8,9,23001,700
21877,8,9,22631,980
21877,8,9,22261,1260
21877,8,9,21891,1470
21886,8,9,23371,0
21886,8,9,23001,560
21886,8,9,22631,770
21886,8,9,22261,1050
21886,8,9,21891,1330
17797,8,9,21510,0
17797,8,9,21140,350
17797,8,9,20770,630
17797,8,9,20400,840
17797,8,9,20030,910
17797,8,9,19660,980
17797,8,9,18920,1050
17797,8,9,18550,1120
17797,8,9,17810,1190
17797,8,9,1,1260
28563,8,9,30049,0
28563,8,9,29679,560
28563,8,9,29309,840
28563,8,9,28939,1050
28563,8,9,28569,1330
25599,8,9,27081,0
25599,8,9,26711,490
25599,8,9,26341,700
25599,8,9,25971,980
25599,8,9,25601,1190
25599,8,9,1,1470
17806,8,9,20770,0
17806,8,9,20400,490
17806,8,9,19660,560
17806,8,9,19290,630
17806,8,9,18550,700
17806,8,9,18180,770
17806,8,9,17810,840
17806,8,9,1,910
14842,8,9,21872,0
14842,8,9,21502,280
14842,8,9,21132,560
14842,8,9,20762,770
14842,8,9,20392,1050
14842,8,9,19652,1120
14842,8,9,19282,1190
14842,8,9,18912,1260
14842,8,9,18172,1330
14842,8,9,17802,1400
14842,8,9,17062,1470
29678,8,9,31532,0
29678,8,9,31162,490
29678,8,9,30792,700
29678,8,9,30422,980
29678,8,9,30052,1190
29678,8,9,29682,1470
19274,8,9,22254,0
19274,8,9,21884,350
19274,8,9,21514,630
19274,8,9,21144,840
19274,8,9,20774,1120
19274,8,9,20404,1330
19274,8,9,20034,1400
19274,8,9,19294,1470
20033,8,9,21516,0
20033,8,9,21146,280
20033,8,9,20776,560
20033,8,9,20406,770
20033,8,9,20036,840
20033,8,9,1,910
30049,8,9,31903,0
30049,8,9,31533,490
30049,8,9,31163,700
30049,8,9,30793,980
30049,8,9,30423,1190
30049,8,9,30053,1470
16319,8,9,20766,0
16319,8,9,20396,350
16319,8,9,19656,420
16319,8,9,19286,490
16319,8,9,18916,560
16319,8,9,18176,630
16319,8,9,17806,700
16319,8,9,17066,770
16319,8,9,16696,840
16319,8,9,16326,910
16319,8,9,1,980
27085,8,9,29305,0
27085,8,9,28935,420
27085,8,9,28565,700
27085,8,9,28195,980
27085,8,9,27825,1190
27085,8,9,27455,1470
18917,8,9,21143,0
18917,8,9,20773,420
18917,8,9,20403,630
18917,8,9,20033,700
18917,8,9,19293,770
18917,8,9,18923,840
18917,8,9,1,910
15953,8,9,20395,0
15953,8,9,20025,280
15953,8,9,19285,350
15953,8,9,18915,420
15953,8,9,18175,490
15953,8,9,17805,560
15953,8,9,17065,630
15953,8,9,16695,700
15953,8,9,16325,770
15953,8,9,1,840
24483,8,9,26338,0
24483,8,9,25968,490
24483,8,9,25598,700
24483,8,9,25228,980
24483,8,9,24858,1190
24483,8,9,24488,1470
20394,8,9,21887,0
20394,8,9,21517,490
20394,8,9,21147,770
20394,8,9,20777,1050
20394,8,9,20407,1260
20394,8,9,1,1330
21872,8,9,23741,0
21872,8,9,23371,420
21872,8,9,23001,630
21872,8,9,22631,910
21872,8,9,22261,1190
21872,8,9,21891,1400
17430,8,9,21509,0
17430,8,9,21139,280
17430,8,9,20769,560
17430,8,9,20399,770
17430,8,9,20029,840
17430,8,9,19289,910
17430,8,9,18919,980
17430,8,9,18179,1050
17430,8,9,17809,1120
17430,8,9,17439,1190
17430,8,9,1,1260
20403,8,9,21517,0
20403,8,9,21147,350
20403,8,9,20777,630
20403,8,9,20407,840
20403,8,9,1,910
17439,8,9,22249,0
17439,8,9,21879,280
17439,8,9,21509,560
17439,8,9,21139,770
17439,8,9,20769,1050
17439,8,9,20399,1260
17439,8,9,20029,1330
17439,8,9,19659,1400
17439,8,9,18919,1470
21881,8,9,23371,0
21881,8,9,23001,420
21881,8,9,22631,630
21881,8,9,22261,910
21881,8,9,21891,1190
21881,8,9,1,1400
17801,8,9,21510,0
17801,8,9,21140,350
17801,8,9,20770,630
17801,8,9,20400,840
17801,8,9,20030,910
17801,8,9,19290,980
17801,8,9,18920,1050
17801,8,9,18550,1120
17801,8,9,17810,1190
17801,8,9,1,1260
28567,8,9,30049,0
28567,8,9,29679,420
28567,8,9,29309,700
28567,8,9,28939,980
28567,8,9,28569,1190
28567,8,9,1,1470
14837,8,9,20022,0
14837,8,9,19652,210
14837,8,9,19282,280
14837,8,9,18912,350
14837,8,9,18542,420
14837,8,9,17802,490
14837,8,9,17432,560
14837,8,9,16692,630
14837,8,9,16322,700
14837,8,9,15952,770
14837,8,9,15212,840
14837,8,9,14842,910
14837,8,9,1,980
20028,8,9,21886,0
20028,8,9,21516,490
20028,8,9,21146,700
20028,8,9,20776,980
20028,8,9,20406,1190
20028,8,9,20036,1260
20028,8,9,1,1330
23001,8,9,24854,0
23001,8,9,24484,490
23001,8,9,24114,700
23001,8,9,23744,980
23001,8,9,23374,1260
23001,8,9,23004,1470
27080,8,9,28935,0
27080,8,9,28565,350
27080,8,9,28195,560
27080,8,9,27825,840
27080,8,9,27455,1120
27080,8,9,27085,1330
18903,8,9,22253,0
18903,8,9,21883,280
18903,8,9,21513,560
18903,8,9,21143,770
18903,8,9,20773,1050
18903,8,9,20033,1330
18903,8,9,19663,1400
18903,8,9,18923,1470
18912,8,9,21883,0
18912,8,9,21513,280
18912,8,9,21143,560
18912,8,9,20773,840
18912,8,9,20403,1050
18912,8,9,20033,1120
18912,8,9,19293,1190
18912,8,9,18923,1260
18912,8,9,1,1330
15948,8,9,20765,0
15948,8,9,20395,280
15948,8,9,20025,350
15948,8,9,19655,420
15948,8,9,18915,490
15948,8,9,18545,560
15948,8,9,17805,630
15948,8,9,17435,700
15948,8,9,17065,770
15948,8,9,16325,840
15948,8,9,15955,910
15948,8,9,1,980
18921,8,9,21143,0
18921,8,9,20773,280
18921,8,9,20033,560
18921,8,9,19663,630
18921,8,9,18923,700
18921,8,9,1,770
17425,8,9,21509,0
17425,8,9,21139,490
17425,8,9,20769,700
17425,8,9,20399,980
17425,8,9,19659,1050
17425,8,9,19289,1120
17425,8,9,18919,1190
17425,8,9,18179,1260
17425,8,9,17809,1330
17425,8,9,1,1400
13355,8,9,17798,0
13355,8,9,17428,210
13355,8,9,17058,280
13355,8,9,16688,350
13355,8,9,16318,420
13355,8,9,15578,490
13355,8,9,15208,560
13355,8,9,14468,630
13355,8,9,14098,700
13355,8,9,13728,770
13355,8,9,1,840
20398,8,9,21887,0
20398,8,9,21517,490
20398,8,9,21147,770
20398,8,9,20777,1050
20398,8,9,20407,1260
20398,8,9,1,1330
17434,8,9,20769,0
17434,8,9,20029,420
17434,8,9,19659,490
17434,8,9,18919,560
17434,8,9,18549,630
17434,8,9,18179,700
17434,8,9,17439,770
17434,8,9,1,840
21876,8,9,23741,0
21876,8,9,23371,490
21876,8,9,23001,700
21876,8,9,22631,980
21876,8,9,22261,1260
21876,8,9,21891,1470
21510,8,9,23000,0
21510,8,9,22630,560
21510,8,9,22260,770
21510,8,9,21890,1050
21510,8,9,21520,1260
21519,8,9,22260,0
21519,8,9,21890,420
21519,8,9,21520,700
21519,8,9,1,980
17796,8,9,21880,0
17796,8,9,21510,280
17796,8,9,21140,560
17796,8,9,20770,840
17796,8,9,20400,1050
17796,8,9,20030,1120
17796,8,9,19290,1190
17796,8,9,18920,1260
17796,8,9,18550,1330
17796,8,9,17810,1400
17796,8,9,1,1470
22625,8,9,24853,0
22625,8,9,24483,420
22625,8,9,24113,630
22625,8,9,23743,910
22625,8,9,23373,1120
22625,8,9,23003,1400
25598,8,9,27451,0
25598,8,9,27081,420
25598,8,9,26711,630
25598,8,9,26341,910
25598,8,9,25971,1120
25598,8,9,25601,1400
29677,8,9,31162,0
29677,8,9,30792,560
29677,8,9,30422,840
29677,8,9,30052,1050
29677,8,9,29682,1330
20014,8,9,21886,0
20014,8,9,21516,560
20014,8,9,21146,770
20014,8,9,20776,1050
20014,8,9,20406,1260
20014,8,9,20036,1330
20014,8,9,1,1400
20023,8,9,21886,0
20023,8,9,21516,490
20023,8,9,21146,700
20023,8,9,20776,980
20023,8,9,20406,1190
20023,8,9,20036,1260
20023,8,9,1,1330
20032,8,9,21516,0
20032,8,9,21146,350
20032,8,9,20776,560
20032,8,9,20036,840
20032,8,9,1,910
27084,8,9,27825,0
27084,8,9,27455,560
27084,8,9,27085,770
27084,8,9,1,1050
18907,8,9,21883,0
18907,8,9,21513,490
18907,8,9,21143,770
18907,8,9,20773,980
18907,8,9,20033,1260
18907,8,9,19663,1330
18907,8,9,19293,1400
18907,8,9,1,1470
18916,8,9,21143,0
18916,8,9,20773,420
18916,8,9,20403,630
18916,8,9,20033,700
18916,8,9,19293,770
18916,8,9,18923,840
18916,8,9,1,910
15952,8,9,20765,0
15952,8,9,20025,280
15952,8,9,19655,350
15952,8,9,19285,420
15952,8,9,18915,490
15952,8,9,18175,560
15952,8,9,17805,630
15952,8,9,17065,700
15952,8,9,16695,770
15952,8,9,16325,840
15952,8,9,1,910
24116,8,9,25227,0
24116,8,9,24857,420
24116,8,9,24487,630
24116,8,9,24117,910
24116,8,9,1,1120
20393,8,9,22257,0
20393,8,9,21887,490
20393,8,9,21517,700
20393,8,9,21147,980
20393,8,9,20777,1190
20393,8,9,20407,1470
17429,8,9,21509,0
17429,8,9,21139,280
17429,8,9,20769,560
17429,8,9,20029,840
17429,8,9,19659,910
17429,8,9,19289,980
17429,8,9,18549,1050
17429,8,9,18179,1120
17429,8,9,17439,1190
17429,8,9,1,1260
28195,8,9,30048,0
28195,8,9,29678,420
28195,8,9,29308,630
28195,8,9,28938,910
28195,8,9,28568,1190
28195,8,9,28198,1400
17438,8,9,20399,0
17438,8,9,20029,280
17438,8,9,19289,350
17438,8,9,18919,420
17438,8,9,18549,490
17438,8,9,17809,560
17438,8,9,17439,630
17438,8,9,1,700
21505,8,9,23000,0
21505,8,9,22630,420
21505,8,9,22260,630
21505,8,9,21890,910
21505,8,9,21520,1190
21505,8,9,1,1400
18541,8,9,21882,0
18541,8,9,21512,210
18541,8,9,21142,490
18541,8,9,20772,770
18541,8,9,20402,980
18541,8,9,20032,1050
18541,8,9,19662,1120
18541,8,9,18922,1190
18541,8,9,18552,1260
18541,8,9,1,1330
21514,8,9,23000,0
21514,8,9,22630,560
21514,8,9,22260,770
21514,8,9,21890,1050
21514,8,9,21520,1330
18550,8,9,20772,0
18550,8,9,20402,490
18550,8,9,19662,560
18550,8,9,19292,630
18550,8,9,18552,700
18550,8,9,1,770
28566,8,9,30419,0
28566,8,9,30049,350
28566,8,9,29679,630
28566,8,9,29309,910
28566,8,9,28939,1120
28566,8,9,28569,1400
22629,8,9,24483,0
22629,8,9,24113,560
22629,8,9,23743,770
22629,8,9,23373,1050
22629,8,9,23003,1330
14470,8,9,17431,0
14470,8,9,17061,280
14470,8,9,16691,350
14470,8,9,15951,420
14470,8,9,15581,490
14470,8,9,14841,560
14470,8,9,14471,630
14470,8,9,1,700
20018,8,9,22256,0
20018,8,9,21886,420
20018,8,9,21516,700
20018,8,9,21146,910
20018,8,9,20776,1190
20018,8,9,20406,1400
20018,8,9,20036,1470
20027,8,9,21886,0
20027,8,9,21516,490
20027,8,9,21146,700
20027,8,9,20776,980
20027,8,9,20406,1190
20027,8,9,20036,1260
20027,8,9,1,1330
23000,8,9,24854,0
23000,8,9,24484,560
23000,8,9,24114,840
23000,8,9,23744,1050
23000,8,9,23374,1330
20036,8,9,22626,0
20036,8,9,22256,490
20036,8,9,21886,700
20036,8,9,21516,980
20036,8,9,21146,1260
20036,8,9,20776,1470
18911,8,9,21883,0
18911,8,9,21513,280
18911,8,9,21143,490
18911,8,9,20773,770
18911,8,9,20033,1050
18911,8,9,19663,1120
18911,8,9,18923,1190
18911,8,9,1,1260
15947,8,9,21135,0
15947,8,9,20765,420
15947,8,9,20395,630
15947,8,9,20025,700
15947,8,9,19655,770
15947,8,9,18915,840
15947,8,9,18545,910
15947,8,9,17805,980
15947,8,9,17435,1050
15947,8,9,17065,1120
15947,8,9,16325,1190
15947,8,9,15955,1260
15947,8,9,1,1330
26713,8,9,27454,0
26713,8,9,27084,560
26713,8,9,26714,770
26713,8,9,1,1050
18920,8,9,21143,0
18920,8,9,20773,350
18920,8,9,20033,630
18920,8,9,19663,700
18920,8,9,18923,770
18920,8,9,1,840
12983,8,9,17427,0
12983,8,9,17057,210
12983,8,9,16687,280
12983,8,9,16317,350
12983,8,9,15577,420
12983,8,9,15207,490
12983,8,9,14837,560
12983,8,9,14097,630
12983,8,9,13727,700
12983,8,9,12987,770
12983,8,9,1,840
17068,8,9,21878,0
17068,8,9,21508,490
17068,8,9,21138,770
17068,8,9,20768,980
17068,8,9,20028,1260
17068,8,9,19658,1330
17068,8,9,19288,1400
17068,8,9,18548,1470
24111,8,9,25967,0
24111,8,9,25597,490
24111,8,9,25227,700
24111,8,9,24857,980
24111,8,9,24487,1190
24111,8,9,24117,1470
21147,8,9,21889,0
21147,8,9,21519,420
21147,8,9,21149,700
21147,8,9,1,980
13354,8,9,17798,0
13354,8,9,17428,280
13354,8,9,17058,350
13354,8,9,16318,420
13354,8,9,15948,490
13354,8,9,15208,560
13354,8,9,14838,630
13354,8,9,14468,700
13354,8,9,13728,770
13354,8,9,13358,840
13354,8,9,1,910
17424,8,9,21509,0
17424,8,9,21139,490
17424,8,9,20769,700
17424,8,9,20399,980
17424,8,9,19659,1050
17424,8,9,19289,1120
17424,8,9,18919,1190
17424,8,9,18179,1260
17424,8,9,17809,1330
17424,8,9,1,1400
25226,8,9,27080,0
25226,8,9,26710,490
25226,8,9,26340,700
25226,8,9,25970,980
25226,8,9,25600,1190
25226,8,9,25230,1470
21500,8,9,23370,0
21500,8,9,23000,490
21500,8,9,22630,700
21500,8,9,22260,980
21500,8,9,21890,1260
21500,8,9,21520,1470
18536,8,9,21882,0
18536,8,9,21512,420
18536,8,9,21142,700
18536,8,9,20772,910
18536,8,9,20402,1190
18536,8,9,19662,1260
18536,8,9,19292,1330
18536,8,9,18922,1400
18536,8,9,1,1470
21509,8,9,23000,0
21509,8,9,22630,490
21509,8,9,22260,700
21509,8,9,21890,980
21509,8,9,21520,1190
21509,8,9,1,1470
18545,8,9,21142,0
18545,8,9,20772,350
18545,8,9,20402,560
18545,8,9,20032,630
18545,8,9,19662,700
18545,8,9,18922,770
18545,8,9,18552,840
18545,8,9,1,910
21518,8,9,23000,0
21518,8,9,22630,420
21518,8,9,22260,630
21518,8,9,21890,910
21518,8,9,21520,1120
21518,8,9,1,1400
15581,8,9,20394,0
15581,8,9,19654,280
15581,8,9,19284,350
15581,8,9,18914,420
15581,8,9,18544,490
15581,8,9,17804,560
15581,8,9,17434,630
15581,8,9,16694,700
15581,8,9,16324,770
15581,8,9,15954,840
15581,8,9,1,910
22624,8,9,24853,0
22624,8,9,24483,420
22624,8,9,24113,630
22624,8,9,23743,910
22624,8,9,23373,1120
22624,8,9,23003,1400
25597,8,9,27451,0
25597,8,9,27081,490
25597,8,9,26711,700
25597,8,9,26341,980
25597,8,9,25971,1260
25597,8,9,25601,1470
22633,8,9,24853,0
22633,8,9,24483,490
22633,8,9,24113,770
22633,8,9,23743,980
22633,8,9,23373,1260
14465,8,9,18911,0
14465,8,9,18541,210
14465,8,9,18171,280
14465,8,9,17801,350
14465,8,9,17431,420
14465,8,9,16691,490
14465,8,9,16321,560
14465,8,9,15581,630
14465,8,9,15211,700
14465,8,9,14841,770
14465,8,9,1,840
20022,8,9,22256,0
20022,8,9,21886,420
20022,8,9,21516,700
20022,8,9,21146,910
20022,8,9,20776,1190
20022,8,9,20406,1400
20022,8,9,20036,1470
27824,8,9,29677,0
27824,8,9,29307,420
27824,8,9,28937,700
27824,8,9,28567,910
27824,8,9,28197,1190
27824,8,9,27827,1470
20031,8,9,21516,0
20031,8,9,21146,350
20031,8,9,20776,560
20031,8,9,20406,840
20031,8,9,1,910
18906,8,9,21883,0
18906,8,9,21513,490
18906,8,9,21143,700
18906,8,9,20773,980
18906,8,9,20403,1190
18906,8,9,20033,1260
18906,8,9,19293,1330
18906,8,9,18923,1400
18906,8,9,1,1470
26708,8,9,28564,0
26708,8,9,28194,420
26708,8,9,27824,700
26708,8,9,27454,910
26708,8,9,27084,1190
26708,8,9,26714,1400
23744,8,9,25226,0
23744,8,9,24856,560
23744,8,9,24486,840
23744,8,9,24116,1120
23744,8,9,23746,1330
15951,8,9,20765,0
15951,8,9,20395,280
15951,8,9,20025,350
15951,8,9,19655,420
15951,8,9,18915,490
15951,8,9,18545,560
15951,8,9,17805,630
15951,8,9,17435,700
15951,8,9,17065,770
15951,8,9,16325,840
15951,8,9,15955,910
15951,8,9,1,980
12987,8,9,21127,0
12987,8,9,20757,420
12987,8,9,20387,700
12987,8,9,19647,770
12987,8,9,19277,840
12987,8,9,18537,910
12987,8,9,18167,980
12987,8,9,17797,1050
12987,8,9,17057,1120
12987,8,9,16687,1190
12987,8,9,15947,1260
12987,8,9,15577,1330
12987,8,9,15207,1400
12987,8,9,14467,1470
21133,8,9,22999,0
21133,8,9,22629,420
21133,8,9,22259,630
21133,8,9,21889,910
21133,8,9,21519,1120
21133,8,9,21149,1400
17063,8,9,20768,0
17063,8,9,20398,350
17063,8,9,19658,420
17063,8,9,19288,490
17063,8,9,18548,560
17063,8,9,18178,630
17063,8,9,17808,700
17063,8,9,17068,770
17063,8,9,1,840
21142,8,9,22629,0
21142,8,9,22259,350
21142,8,9,21889,630
21142,8,9,21519,910
21142,8,9,21149,1120
21142,8,9,1,1400
24115,8,9,25597,0
24115,8,9,25227,560
24115,8,9,24857,840
24115,8,9,24487,1050
24115,8,9,24117,1330
18178,8,9,21141,0
18178,8,9,20771,210
18178,8,9,20401,490
18178,8,9,20031,560
18178,8,9,19291,630
18178,8,9,18921,700
18178,8,9,18181,770
18178,8,9,1,840
28194,8,9,30048,0
28194,8,9,29678,490
28194,8,9,29308,770
28194,8,9,28938,980
28194,8,9,28568,1260
28194,8,9,28198,1470
25230,8,9,27450,0
25230,8,9,27080,420
25230,8,9,26710,700
25230,8,9,26340,910
25230,8,9,25970,1190
25230,8,9,25600,1400
21504,8,9,23370,0
21504,8,9,23000,420
21504,8,9,22630,630
21504,8,9,22260,910
21504,8,9,21890,1190
21504,8,9,21520,1400
29306,8,9,30791,0
29306,8,9,30421,560
29306,8,9,30051,840
29306,8,9,29681,1050
29306,8,9,29311,1330
18540,8,9,21512,0
18540,8,9,21142,490
18540,8,9,20772,700
18540,8,9,20402,980
18540,8,9,19662,1050
18540,8,9,19292,1120
18540,8,9,18552,1190
18540,8,9,1,1260
21513,8,9,23000,0
21513,8,9,22630,560
21513,8,9,22260,770
21513,8,9,21890,1050
21513,8,9,21520,1330
15576,8,9,21134,0
15576,8,9,20764,350
15576,8,9,20024,630
15576,8,9,19654,700
15576,8,9,19284,770
15576,8,9,18544,840
15576,8,9,18174,910
15576,8,9,17434,980
15576,8,9,17064,1050
15576,8,9,16694,1120
15576,8,9,15954,1190
15576,8,9,15584,1260
15576,8,9,1,1330
18549,8,9,21142,0
18549,8,9,20772,280
18549,8,9,20402,560
18549,8,9,19662,630
18549,8,9,19292,700
18549,8,9,18552,770
18549,8,9,1,840
22628,8,9,24483,0
22628,8,9,24113,560
22628,8,9,23743,770
22628,8,9,23373,1050
22628,8,9,23003,1260
14469,8,9,18171,0
14469,8,9,17801,210
14469,8,9,17431,280
14469,8,9,17061,350
14469,8,9,16691,420
14469,8,9,15951,490
14469,8,9,15581,560
14469,8,9,14841,630
14469,8,9,14471,700
14469,8,9,1,770
20026,8,9,21886,0
20026,8,9,21516,490
20026,8,9,21146,770
20026,8,9,20776,980
20026,8,9,20406,1260
20026,8,9,1,1330
19660,8,9,21145,0
19660,8,9,20775,560
19660,8,9,20405,770
19660,8,9,20035,840
19660,8,9,1,910
26712,8,9,28194,0
26712,8,9,27824,490
26712,8,9,27454,700
26712,8,9,27084,980
26712,8,9,26714,1190
26712,8,9,1,1470
20775,8,9,21518,0
20775,8,9,21148,420
20775,8,9,20778,630
20775,8,9,1,910
15946,8,9,21135,0
15946,8,9,20765,420
15946,8,9,20025,700
15946,8,9,19655,770
15946,8,9,18915,840
15946,8,9,18545,910
15946,8,9,18175,980
15946,8,9,17435,1050
15946,8,9,17065,1120
15946,8,9,16325,1190
15946,8,9,15955,1260
15946,8,9,1,1330
17058,8,9,21508,0
17058,8,9,21138,210
17058,8,9,20768,490
17058,8,9,20398,770
17058,8,9,19658,840
17058,8,9,19288,910
17058,8,9,18918,980
17058,8,9,18178,1050
17058,8,9,17808,1120
17058,8,9,17068,1190
17058,8,9,1,1260
21128,8,9,22999,0
21128,8,9,22629,420
21128,8,9,22259,630
21128,8,9,21889,910
21128,8,9,21519,1120
21128,8,9,21149,1400
14094,8,9,18540,0
14094,8,9,18170,210
14094,8,9,17800,280
14094,8,9,17430,350
14094,8,9,17060,420
14094,8,9,16320,490
14094,8,9,15950,560
14094,8,9,15210,630
14094,8,9,14840,700
14094,8,9,14470,770
14094,8,9,1,840
18164,8,9,21881,0
18164,8,9,21511,350
18164,8,9,21141,630
18164,8,9,20771,840
18164,8,9,20401,1120
18164,8,9,19661,1190
18164,8,9,19291,1260
18164,8,9,18551,1330
18164,8,9,18181,1400
18164,8,9,1,1470
17067,8,9,20028,0
17067,8,9,19658,280
17067,8,9,18918,350
17067,8,9,18548,420
17067,8,9,18178,490
17067,8,9,17438,560
17067,8,9,17068,630
17067,8,9,1,700
21137,8,9,22629,0
21137,8,9,22259,560
21137,8,9,21889,770
21137,8,9,21519,1050
21137,8,9,21149,1330
18173,8,9,21511,0
18173,8,9,21141,420
18173,8,9,20771,630
18173,8,9,20401,910
18173,8,9,19661,980
18173,8,9,19291,1050
18173,8,9,18921,1120
18173,8,9,18181,1190
18173,8,9,1,1260
21146,8,9,21889,0
21146,8,9,21519,420
21146,8,9,21149,700
21146,8,9,1,910
25225,8,9,26710,0
25225,8,9,26340,630
25225,8,9,25970,910
25225,8,9,25600,1120
25225,8,9,25230,1400
21499,8,9,23370,0
21499,8,9,23000,490
21499,8,9,22630,700
21499,8,9,22260,980
21499,8,9,21890,1190
21499,8,9,21520,1470
18535,8,9,21882,0
18535,8,9,21512,420
18535,8,9,21142,630
18535,8,9,20772,910
18535,8,9,20032,1190
18535,8,9,19662,1260
18535,8,9,18922,1330
18535,8,9,18552,1400
18535,8,9,1,1470
21508,8,9,23370,0
21508,8,9,23000,420
21508,8,9,22630,630
21508,8,9,22260,910
21508,8,9,21890,1120
21508,8,9,21520,1400
26337,8,9,28193,0
26337,8,9,27823,490
26337,8,9,27453,700
26337,8,9,27083,980
26337,8,9,26713,1260
26337,8,9,26343,1470
18544,8,9,21512,0
18544,8,9,21142,490
18544,8,9,20772,700
18544,8,9,20032,980
18544,8,9,19662,1050
18544,8,9,19292,1120
18544,8,9,18552,1190
18544,8,9,1,1260
15580,8,9,20764,0
15580,8,9,20024,280
15580,8,9,19654,350
15580,8,9,19284,420
15580,8,9,18544,490
15580,8,9,18174,560
15580,8,9,17434,630
15580,8,9,17064,700
15580,8,9,16694,770
15580,8,9,15954,840
15580,8,9,15584,910
15580,8,9,1,980
22623,8,9,24483,0
22623,8,9,24113,560
22623,8,9,23743,770
22623,8,9,23373,1050
22623,8,9,23003,1260
22257,8,9,24112,0
22257,8,9,23742,560
22257,8,9,23372,770
22257,8,9,23002,1050
22257,8,9,22632,1260
14464,8,9,18911,0
14464,8,9,18541,210
14464,8,9,18171,280
14464,8,9,17801,350
14464,8,9,17431,420
14464,8,9,16691,490
14464,8,9,16321,560
14464,8,9,15581,630
14464,8,9,15211,700
14464,8,9,14841,770
14464,8,9,1,840
27823,8,9,29677,0
27823,8,9,29307,490
27823,8,9,28937,770
27823,8,9,28567,1050
27823,8,9,28197,1260
19655,8,9,21885,0
19655,8,9,21515,420
19655,8,9,21145,700
19655,8,9,20775,980
19655,8,9,20405,1190
19655,8,9,20035,1260
19655,8,9,1,1330
16691,8,9,20767,0
16691,8,9,20397,350
16691,8,9,19657,420
16691,8,9,19287,490
16691,8,9,18547,560
16691,8,9,18177,630
16691,8,9,17807,700
16691,8,9,17067,770
16691,8,9,16697,840
16691,8,9,1,910
19664,8,9,21145,0
19664,8,9,20775,420
19664,8,9,20405,630
19664,8,9,20035,700
19664,8,9,1,770
20770,8,9,22258,0
20770,8,9,21888,350
20770,8,9,21518,560
20770,8,9,21148,840
20770,8,9,20778,1050
20770,8,9,1,1330
23743,8,9,25596,0
23743,8,9,25226,490
23743,8,9,24856,770
23743,8,9,24486,980
23743,8,9,24116,1260
23743,8,9,23746,1470
17053,8,9,21508,0
17053,8,9,21138,420
17053,8,9,20768,700
17053,8,9,20398,910
17053,8,9,20028,980
17053,8,9,19288,1050
17053,8,9,18918,1120
17053,8,9,18548,1190
17053,8,9,17808,1260
17053,8,9,17438,1330
17053,8,9,1,1400
17062,8,9,20768,0
17062,8,9,20398,350
17062,8,9,19658,420
17062,8,9,19288,490
17062,8,9,18918,560
17062,8,9,18178,630
17062,8,9,17808,700
17062,8,9,17068,770
17062,8,9,1,840
21132,8,9,22999,0
21132,8,9,22629,420
21132,8,9,22259,630
21132,8,9,21889,910
21132,8,9,21519,1120
21132,8,9,21149,1400
14098,8,9,17800,0
14098,8,9,17430,210
14098,8,9,17060,280
14098,8,9,16690,350
14098,8,9,16320,420
14098,8,9,15580,490
14098,8,9,15210,560
14098,8,9,14470,630
14098,8,9,14100,700
14098,8,9,1,770
18168,8,9,21511,0
18168,8,9,21141,420
18168,8,9,20771,700
18168,8,9,20401,910
18168,8,9,20031,980
18168,8,9,19291,1050
18168,8,9,18921,1120
18168,8,9,18181,1190
18168,8,9,1,1260
21141,8,9,22629,0
21141,8,9,22259,350
21141,8,9,21889,560
21141,8,9,21519,840
21141,8,9,21149,1050
21141,8,9,1,1330
18177,8,9,21141,0
18177,8,9,20771,280
18177,8,9,20031,560
18177,8,9,19661,630
18177,8,9,18921,700
18177,8,9,18551,770
18177,8,9,18181,840
18177,8,9,1,910
18539,8,9,21512,0
18539,8,9,21142,490
18539,8,9,20772,700
18539,8,9,20402,980
18539,8,9,19662,1050
18539,8,9,19292,1120
18539,8,9,18552,1190
18539,8,9,1,1260
15575,8,9,21134,0
15575,8,9,20764,350
15575,8,9,20394,630
15575,8,9,19654,700
15575,8,9,19284,770
15575,8,9,18544,840
15575,8,9,18174,910
15575,8,9,17804,980
15575,8,9,17064,1050
15575,8,9,16694,1120
15575,8,9,15954,1190
15575,8,9,15584,1260
15575,8,9,1,1330
26341,8,9,27823,0
26341,8,9,27453,490
26341,8,9,27083,700
26341,8,9,26713,980
26341,8,9,26343,1260
26341,8,9,1,1470
15584,8,9,21874,0
15584,8,9,21504,420
15584,8,9,21134,630
15584,8,9,20764,910
15584,8,9,20394,1120
15584,8,9,20024,1190
15584,8,9,19654,1260
15584,8,9,18914,1330
15584,8,9,18544,1400
15584,8,9,17804,1470
22252,8,9,24112,0
22252,8,9,23742,560
22252,8,9,23372,840
22252,8,9,23002,1050
22252,8,9,22632,1330
22261,8,9,23002,0
22261,8,9,22632,560
22261,8,9,22262,840
22261,8,9,1,1050
27827,8,9,30047,0
27827,8,9,29677,490
27827,8,9,29307,770
27827,8,9,28937,980
27827,8,9,28567,1260
27827,8,9,28197,1470
19650,8,9,22255,0
19650,8,9,21885,350
19650,8,9,21515,630
19650,8,9,21145,840
19650,8,9,20775,1120
19650,8,9,20035,1400
19650,8,9,19665,1470
16686,8,9,21137,0
16686,8,9,20767,490
16686,8,9,20027,770
16686,8,9,19657,840
16686,8,9,18917,910
16686,8,9,18547,980
16686,8,9,18177,1050
16686,8,9,17437,1120
16686,8,9,17067,1190
16686,8,9,1,1260
20756,8,9,22258,0
20756,8,9,21888,350
20756,8,9,21518,630
20756,8,9,21148,910
20756,8,9,20778,1120
20756,8,9,1,1400
19659,8,9,21145,0
19659,8,9,20775,560
19659,8,9,20405,770
19659,8,9,20035,840
19659,8,9,19665,910
19659,8,9,1,980
12616,8,9,21126,0
12616,8,9,20756,420
12616,8,9,20386,630
12616,8,9,20016,700
12616,8,9,19276,770
12616,8,9,18906,840
12616,8,9,18166,910
12616,8,9,17796,980
12616,8,9,17426,1050
12616,8,9,16686,1120
12616,8,9,16316,1190
12616,8,9,15576,1260
12616,8,9,15206,1330
12616,8,9,14836,1400
12616,8,9,14096,1470
16695,8,9,20397,0
16695,8,9,20027,280
16695,8,9,19287,350
16695,8,9,18917,420
16695,8,9,18547,490
16695,8,9,17807,560
16695,8,9,17437,630
16695,8,9,16697,700
16695,8,9,1,770
20765,8,9,22258,0
20765,8,9,21888,350
20765,8,9,21518,560
20765,8,9,21148,840
20765,8,9,20778,1050
20765,8,9,1,1330
20774,8,9,21518,0
20774,8,9,21148,420
20774,8,9,20778,700
20774,8,9,1,910
17057,8,9,21508,0
17057,8,9,21138,280
17057,8,9,20768,560
17057,8,9,20398,770
17057,8,9,20028,840
17057,8,9,19288,910
17057,8,9,18918,980
17057,8,9,18178,1050
17057,8,9,17808,1120
17057,8,9,17438,1190
17057,8,9,1,1260
21127,8,9,22999,0
21127,8,9,22629,420
21127,8,9,22259,700
21127,8,9,21889,980
21127,8,9,21519,1190
21127,8,9,21149,1470
24859,8,9,27079,0
24859,8,9,26709,490
24859,8,9,26339,700
24859,8,9,25969,980
24859,8,9,25599,1260
24859,8,9,25229,1470
18163,8,9,21881,0
18163,8,9,21511,350
18163,8,9,21141,630
18163,8,9,20771,840
18163,8,9,20401,1120
18163,8,9,19661,1190
18163,8,9,19291,1260
18163,8,9,18551,1330
18163,8,9,18181,1400
18163,8,9,1,1470
21136,8,9,22629,0
21136,8,9,22259,560
21136,8,9,21889,770
21136,8,9,21519,1050
21136,8,9,21149,1260
17066,8,9,20398,0
17066,8,9,19658,350
17066,8,9,18918,420
17066,8,9,18548,490
17066,8,9,18178,560
17066,8,9,17438,630
17066,8,9,17068,700
17066,8,9,1,770
14093,8,9,18540,0
14093,8,9,18170,210
14093,8,9,17800,280
14093,8,9,17430,350
14093,8,9,17060,420
14093,8,9,16320,490
14093,8,9,15950,560
14093,8,9,15210,630
14093,8,9,14840,700
14093,8,9,14470,770
14093,8,9,1,840
18172,8,9,21511,0
18172,8,9,21141,420
18172,8,9,20771,630
18172,8,9,20401,910
18172,8,9,19661,980
18172,8,9,19291,1050
18172,8,9,18921,1120
18172,8,9,18181,1190
18172,8,9,1,1260
28938,8,9,30420,0
28938,8,9,30050,420
28938,8,9,29680,700
28938,8,9,29310,910
28938,8,9,28940,1190
28938,8,9,1,1470
18181,8,9,22251,0
18181,8,9,21881,420
18181,8,9,21511,700
18181,8,9,21141,910
18181,8,9,20771,1190
18181,8,9,20401,1400
18181,8,9,20031,1470
18534,8,9,21882,0
18534,8,9,21512,420
18534,8,9,21142,630
18534,8,9,20772,910
18534,8,9,20032,1190
18534,8,9,19662,1260
18534,8,9,18922,1330
18534,8,9,18552,1400
18534,8,9,1,1470
29309,8,9,30791,0
29309,8,9,30421,420
29309,8,9,30051,700
29309,8,9,29681,910
29309,8,9,29311,1190
29309,8,9,1,1470
23372,8,9,25225,0
23372,8,9,24855,490
23372,8,9,24485,770
23372,8,9,24115,980
23372,8,9,23745,1260
19283,8,9,21884,0
19283,8,9,21514,350
19283,8,9,21144,630
19283,8,9,20774,840
19283,8,9,20404,1120
19283,8,9,19664,1190
19283,8,9,19294,1260
19283,8,9,1,1330
15213,8,9,21873,0
15213,8,9,21503,350
15213,8,9,21133,630
15213,8,9,20763,840
15213,8,9,20023,1120
15213,8,9,19653,1190
15213,8,9,19283,1260
15213,8,9,18543,1330
15213,8,9,18173,1400
15213,8,9,17433,1470
22256,8,9,23742,0
22256,8,9,23372,560
22256,8,9,23002,770
22256,8,9,22632,1050
22256,8,9,22262,1260
19292,8,9,21144,0
19292,8,9,20774,350
19292,8,9,20404,560
19292,8,9,20034,630
19292,8,9,19294,700
19292,8,9,1,770
27822,8,9,29677,0
27822,8,9,29307,420
27822,8,9,28937,630
27822,8,9,28567,910
27822,8,9,28197,1120
27822,8,9,27827,1400
19645,8,9,22255,0
19645,8,9,21885,490
19645,8,9,21515,700
19645,8,9,21145,980
19645,8,9,20775,1190
19645,8,9,20405,1470
19654,8,9,21885,0
19654,8,9,21515,490
19654,8,9,21145,700
19654,8,9,20775,980
19654,8,9,20405,1190
19654,8,9,20035,1260
19654,8,9,1,1330
16690,8,9,20767,0
16690,8,9,20397,350
16690,8,9,19657,420
16690,8,9,19287,490
16690,8,9,18547,560
16690,8,9,18177,630
16690,8,9,17807,700
16690,8,9,17067,770
16690,8,9,16697,840
16690,8,9,1,910
27456,8,9,29676,0
27456,8,9,29306,490
27456,8,9,28936,770
27456,8,9,28566,980
27456,8,9,28196,1260
19663,8,9,21145,0
19663,8,9,20775,420
19663,8,9,20405,700
19663,8,9,19665,770
19663,8,9,1,840
13726,8,9,17799,0
13726,8,9,17059,280
13726,8,9,16689,350
13726,8,9,16319,420
13726,8,9,15949,490
13726,8,9,15209,560
13726,8,9,14839,630
13726,8,9,14099,700
13726,8,9,13729,770
13726,8,9,1,840
20760,8,9,22258,0
20760,8,9,21888,490
20760,8,9,21518,770
20760,8,9,21148,1050
20760,8,9,20778,1260
20769,8,9,22258,0
20769,8,9,21888,280
20769,8,9,21518,560
20769,8,9,21148,840
20769,8,9,20778,1050
20769,8,9,1,1330
23742,8,9,25596,0
23742,8,9,25226,560
23742,8,9,24856,840
23742,8,9,24486,1050
23742,8,9,24116,1330
20778,8,9,22998,0
20778,8,9,22628,350
20778,8,9,22258,560
20778,8,9,21888,840
20778,8,9,21518,1050
20778,8,9,21148,1330
24854,8,9,26709,0
24854,8,9,26339,420
24854,8,9,25969,700
24854,8,9,25599,910
24854,8,9,25229,1190
24854,8,9,24859,1470
17061,8,9,20768,0
17061,8,9,20398,350
17061,8,9,19658,420
17061,8,9,19288,490
17061,8,9,18918,560
17061,8,9,18178,630
17061,8,9,17808,700
17061,8,9,17068,770
17061,8,9,1,840
21890,8,9,22631,0
21890,8,9,22261,490
21890,8,9,21891,700
21890,8,9,1,980
21131,8,9,22629,0
21131,8,9,22259,420
21131,8,9,21889,630
21131,8,9,21519,910
21131,8,9,21149,1120
21131,8,9,1,1400
18167,8,9,21881,0
18167,8,9,21511,350
18167,8,9,21141,630
18167,8,9,20771,840
18167,8,9,20401,1120
18167,8,9,19661,1190
18167,8,9,19291,1260
18167,8,9,18921,1330
18167,8,9,18181,1400
18167,8,9,1,1470
14097,8,9,18170,0
14097,8,9,17430,280
14097,8,9,17060,350
14097,8,9,16690,420
14097,8,9,16320,490
14097,8,9,15580,560
14097,8,9,15210,630
14097,8,9,14470,700
14097,8,9,14100,770
14097,8,9,1,840
25969,8,9,27822,0
25969,8,9,27452,420
25969,8,9,27082,630
25969,8,9,26712,910
25969,8,9,26342,1190
25969,8,9,25972,1400
18176,8,9,21141,0
18176,8,9,20771,280
18176,8,9,20031,560
18176,8,9,19661,630
18176,8,9,18921,700
18176,8,9,18551,770
18176,8,9,18181,840
18176,8,9,1,910
17810,8,9,22250,0
17810,8,9,21880,350
17810,8,9,21510,630
17810,8,9,21140,840
17810,8,9,20770,1120
17810,8,9,20030,1400
17810,8,9,19660,1470
26340,8,9,28193,0
26340,8,9,27823,420
26340,8,9,27453,630
26340,8,9,27083,910
26340,8,9,26713,1190
26340,8,9,26343,1400
30419,8,9,32274,0
30419,8,9,31904,350
30419,8,9,31534,630
30419,8,9,31164,840
30419,8,9,30794,1120
30419,8,9,30424,1330
15208,8,9,20393,0
15208,8,9,20023,210
15208,8,9,19653,280
15208,8,9,19283,350
15208,8,9,18913,420
15208,8,9,18173,490
15208,8,9,17803,560
15208,8,9,17063,630
15208,8,9,16693,700
15208,8,9,16323,770
15208,8,9,15583,840
15208,8,9,15213,910
15208,8,9,1,980
19278,8,9,22254,0
19278,8,9,21884,280
19278,8,9,21514,560
19278,8,9,21144,770
19278,8,9,20774,1050
19278,8,9,20404,1260
19278,8,9,20034,1330
19278,8,9,19664,1400
19278,8,9,1,1470
22251,8,9,24112,0
22251,8,9,23742,560
22251,8,9,23372,840
22251,8,9,23002,1050
22251,8,9,22632,1330
12244,8,9,15205,0
12244,8,9,14835,280
12244,8,9,14465,350
12244,8,9,13725,420
12244,8,9,13355,490
12244,8,9,12615,560
12244,8,9,12245,630
12244,8,9,1,700
19287,8,9,21144,0
19287,8,9,20774,420
19287,8,9,20404,700
19287,8,9,19664,770
19287,8,9,19294,840
19287,8,9,1,910
22260,8,9,23742,0
22260,8,9,23372,490
22260,8,9,23002,770
22260,8,9,22632,980
22260,8,9,22262,1260
16323,8,9,20766,0
16323,8,9,20396,280
16323,8,9,20026,350
16323,8,9,19656,420
16323,8,9,18916,490
16323,8,9,18546,560
16323,8,9,17806,630
16323,8,9,17436,700
16323,8,9,17066,770
16323,8,9,16326,840
16323,8,9,1,910
19649,8,9,22255,0
19649,8,9,21885,420
19649,8,9,21515,630
19649,8,9,21145,910
19649,8,9,20775,1120
19649,8,9,20405,1400
19649,8,9,19665,1470
16685,8,9,21137,0
16685,8,9,20767,420
16685,8,9,20397,700
16685,8,9,19657,770
16685,8,9,19287,840
16685,8,9,18547,910
16685,8,9,18177,980
16685,8,9,17807,1050
16685,8,9,17067,1120
16685,8,9,16697,1190
16685,8,9,1,1260
12615,8,9,15576,0
12615,8,9,14836,280
12615,8,9,14466,350
12615,8,9,14096,420
12615,8,9,13726,490
12615,8,9,12986,560
12615,8,9,12616,630
12615,8,9,1,700
20755,8,9,22258,0
20755,8,9,21888,350
20755,8,9,21518,630
20755,8,9,21148,910
20755,8,9,20778,1120
20755,8,9,1,1400
27451,8,9,29306,0
27451,8,9,28936,420
27451,8,9,28566,700
27451,8,9,28196,910
27451,8,9,27826,1190
27451,8,9,27456,1400
24487,8,9,25598,0
24487,8,9,25228,420
24487,8,9,24858,630
24487,8,9,24488,910
24487,8,9,1,1120
19658,8,9,21145,0
19658,8,9,20775,560
19658,8,9,20405,770
19658,8,9,20035,840
19658,8,9,1,910
20764,8,9,22258,0
20764,8,9,21888,490
20764,8,9,21518,770
20764,8,9,21148,1050
20764,8,9,20778,1260
16694,8,9,20767,0
16694,8,9,20397,280
16694,8,9,20027,350
16694,8,9,19657,420
16694,8,9,18917,490
16694,8,9,18547,560
16694,8,9,17807,630
16694,8,9,17437,700
16694,8,9,17067,770
16694,8,9,1,840
20773,8,9,21518,0
20773,8,9,21148,420
20773,8,9,20778,700
20773,8,9,1,910
20407,8,9,22627,0
20407,8,9,22257,560
20407,8,9,21887,770
20407,8,9,21517,1050
20407,8,9,21147,1260
21885,8,9,23371,0
21885,8,9,23001,560
21885,8,9,22631,770
21885,8,9,22261,1050
21885,8,9,21891,1330
24858,8,9,25969,0
24858,8,9,25599,350
24858,8,9,25229,630
24858,8,9,24859,840
24858,8,9,1,1120
28937,8,9,30790,0
28937,8,9,30420,350
28937,8,9,30050,630
28937,8,9,29680,840
28937,8,9,29310,1120
28937,8,9,28940,1330
17805,8,9,20770,0
17805,8,9,20400,490
17805,8,9,19660,560
17805,8,9,19290,630
17805,8,9,18550,700
17805,8,9,18180,770
17805,8,9,17810,840
17805,8,9,1,910
14841,8,9,18542,0
14841,8,9,18172,280
14841,8,9,17802,350
14841,8,9,17062,420
14841,8,9,16692,490
14841,8,9,15952,560
14841,8,9,15582,630
14841,8,9,15212,700
14841,8,9,1,770
23371,8,9,25595,0
23371,8,9,25225,420
23371,8,9,24855,560
23371,8,9,24485,840
23371,8,9,24115,1120
23371,8,9,23745,1330
19273,8,9,22254,0
19273,8,9,21884,350
19273,8,9,21514,630
19273,8,9,21144,840
19273,8,9,20774,1120
19273,8,9,20404,1330
19273,8,9,20034,1400
19273,8,9,19294,1470
15203,8,9,21133,0
15203,8,9,20763,350
15203,8,9,20023,630
15203,8,9,19653,700
15203,8,9,18913,770
15203,8,9,18543,840
15203,8,9,18173,910
15203,8,9,17433,980
15203,8,9,17063,1050
15203,8,9,16323,1120
15203,8,9,15953,1190
15203,8,9,15583,1260
15203,8,9,1,1330
19282,8,9,21884,0
19282,8,9,21514,280
19282,8,9,21144,560
19282,8,9,20774,840
19282,8,9,20404,1050
19282,8,9,20034,1120
19282,8,9,19294,1190
19282,8,9,1,1260
15212,8,9,18913,0
15212,8,9,18173,350
15212,8,9,17433,420
15212,8,9,17063,490
15212,8,9,16323,560
15212,8,9,15953,630
15212,8,9,15583,700
15212,8,9,1,770
30048,8,9,31903,0
30048,8,9,31533,350
30048,8,9,31163,630
30048,8,9,30793,840
30048,8,9,30423,1120
30048,8,9,30053,1330
16318,8,9,21136,0
16318,8,9,20766,420
16318,8,9,20396,700
16318,8,9,19656,770
16318,8,9,19286,840
16318,8,9,18916,910
16318,8,9,18176,980
16318,8,9,17806,1050
16318,8,9,17066,1120
16318,8,9,16696,1190
16318,8,9,16326,1260
16318,8,9,1,1330
22255,8,9,23742,0
22255,8,9,23372,560
22255,8,9,23002,770
22255,8,9,22632,1050
22255,8,9,22262,1330
19291,8,9,21144,0
19291,8,9,20774,420
19291,8,9,20404,630
19291,8,9,20034,700
19291,8,9,19294,770
19291,8,9,1,840
19644,8,9,22255,0
19644,8,9,21885,490
19644,8,9,21515,700
19644,8,9,21145,980
19644,8,9,20775,1190
19644,8,9,20405,1470
24482,8,9,26338,0
24482,8,9,25968,490
24482,8,9,25598,700
24482,8,9,25228,980
24482,8,9,24858,1190
24482,8,9,24488,1470
16689,8,9,21137,0
16689,8,9,20767,420
16689,8,9,20397,700
16689,8,9,19657,770
16689,8,9,19287,840
16689,8,9,18547,910
16689,8,9,18177,980
16689,8,9,17807,1050
16689,8,9,17067,1120
16689,8,9,16697,1190
16689,8,9,1,1260
27455,8,9,28566,0
27455,8,9,28196,350
27455,8,9,27826,630
27455,8,9,27456,840
27455,8,9,1,1120
20759,8,9,22258,0
20759,8,9,21888,420
20759,8,9,21518,700
20759,8,9,21148,910
20759,8,9,20778,1190
20759,8,9,1,1400
13725,8,9,18169,0
13725,8,9,17799,210
13725,8,9,17429,280
13725,8,9,17059,350
13725,8,9,16689,420
13725,8,9,15949,490
13725,8,9,15579,560
13725,8,9,14839,630
13725,8,9,14469,700
13725,8,9,14099,770
13725,8,9,1,840
20402,8,9,21517,0
20402,8,9,21147,350
20402,8,9,20777,630
20402,8,9,1,910
21880,8,9,23371,0
21880,8,9,23001,420
21880,8,9,22631,700
21880,8,9,22261,910
21880,8,9,21891,1190
21880,8,9,1,1400
24853,8,9,26709,0
24853,8,9,26339,420
24853,8,9,25969,700
24853,8,9,25599,910
24853,8,9,25229,1190
24853,8,9,24859,1470
21889,8,9,23371,0
21889,8,9,23001,420
21889,8,9,22631,630
21889,8,9,22261,910
21889,8,9,21891,1120
21889,8,9,1,1400
25968,8,9,27822,0
25968,8,9,27452,490
25968,8,9,27082,770
25968,8,9,26712,980
25968,8,9,26342,1260
25968,8,9,25972,1470
17800,8,9,21510,0
17800,8,9,21140,420
17800,8,9,20770,630
17800,8,9,20400,910
17800,8,9,19660,980
17800,8,9,19290,1050
17800,8,9,18550,1120
17800,8,9,18180,1190
17800,8,9,17810,1260
17800,8,9,1,1330
14836,8,9,20022,0
14836,8,9,19652,210
14836,8,9,19282,280
14836,8,9,18912,350
14836,8,9,18542,420
14836,8,9,17802,490
14836,8,9,17432,560
14836,8,9,16692,630
14836,8,9,16322,700
14836,8,9,15952,770
14836,8,9,15212,840
14836,8,9,14842,910
14836,8,9,1,980
17809,8,9,20770,0
17809,8,9,20030,350
17809,8,9,19660,420
17809,8,9,18920,490
17809,8,9,18550,560
17809,8,9,17810,630
17809,8,9,1,700
23375,8,9,25595,0
23375,8,9,25225,490
23375,8,9,24855,770
23375,8,9,24485,1050
23375,8,9,24115,1260
15207,8,9,20393,0
15207,8,9,20023,210
15207,8,9,19653,280
15207,8,9,19283,350
15207,8,9,18913,420
15207,8,9,18173,490
15207,8,9,17803,560
15207,8,9,17063,630
15207,8,9,16693,700
15207,8,9,16323,770
15207,8,9,15583,840
15207,8,9,15213,910
15207,8,9,1,980
19277,8,9,22254,0
19277,8,9,21884,280
19277,8,9,21514,490
19277,8,9,21144,770
19277,8,9,20774,980
19277,8,9,20404,1260
19277,8,9,19664,1330
19277,8,9,19294,1400
19277,8,9,1,1470
22250,8,9,24482,0
22250,8,9,24112,350
22250,8,9,23742,630
22250,8,9,23372,840
22250,8,9,23002,1120
22250,8,9,22632,1330
27079,8,9,28935,0
27079,8,9,28565,350
27079,8,9,28195,630
27079,8,9,27825,910
27079,8,9,27455,1120
27079,8,9,27085,1400
16313,8,9,21136,0
16313,8,9,20766,420
16313,8,9,20396,700
16313,8,9,19656,770
16313,8,9,19286,840
16313,8,9,18916,910
16313,8,9,18176,980
16313,8,9,17806,1050
16313,8,9,17066,1120
16313,8,9,16696,1190
16313,8,9,16326,1260
16313,8,9,1,1330
19286,8,9,21884,0
19286,8,9,21514,350
19286,8,9,21144,560
19286,8,9,20774,840
19286,8,9,20404,1050
19286,8,9,20034,1120
19286,8,9,19294,1190
19286,8,9,1,1260
16322,8,9,20766,0
16322,8,9,20396,350
16322,8,9,19656,420
16322,8,9,19286,490
16322,8,9,18546,560
16322,8,9,18176,630
16322,8,9,17806,700
16322,8,9,17066,770
16322,8,9,16696,840
16322,8,9,1,910
27450,8,9,29306,0
27450,8,9,28936,490
27450,8,9,28566,700
27450,8,9,28196,980
27450,8,9,27826,1190
27450,8,9,27456,1470
20754,8,9,22628,0
20754,8,9,22258,350
20754,8,9,21888,630
20754,8,9,21518,910
20754,8,9,21148,1120
20754,8,9,20778,1400
16684,8,9,21137,0
16684,8,9,20767,420
16684,8,9,20397,700
16684,8,9,19657,770
16684,8,9,19287,840
16684,8,9,18547,910
16684,8,9,18177,980
16684,8,9,17807,1050
16684,8,9,17067,1120
16684,8,9,16697,1190
16684,8,9,1,1260
24486,8,9,25968,0
24486,8,9,25598,560
24486,8,9,25228,840
24486,8,9,24858,1050
24486,8,9,24488,1330
20388,8,9,22257,0
20388,8,9,21887,350
20388,8,9,21517,630
20388,8,9,21147,910
20388,8,9,20777,1120
20388,8,9,1,1400
20397,8,9,21887,0
20397,8,9,21517,560
20397,8,9,21147,840
20397,8,9,20777,1050
20397,8,9,1,1330
17433,8,9,20769,0
17433,8,9,20029,420
17433,8,9,19659,490
17433,8,9,19289,560
17433,8,9,18549,630
17433,8,9,18179,700
17433,8,9,17439,770
17433,8,9,1,840
21875,8,9,23741,0
21875,8,9,23371,490
21875,8,9,23001,770
21875,8,9,22631,980
21875,8,9,22261,1260
21875,8,9,21891,1470
20406,8,9,21147,0
20406,8,9,20777,490
20406,8,9,1,770
21884,8,9,23371,0
21884,8,9,23001,490
21884,8,9,22631,700
21884,8,9,22261,980
21884,8,9,21891,1190
21884,8,9,1,1470
24857,8,9,26339,0
24857,8,9,25969,560
24857,8,9,25599,770
24857,8,9,25229,1050
24857,8,9,24859,1330
25972,8,9,28192,0
25972,8,9,27822,490
25972,8,9,27452,700
25972,8,9,27082,980
25972,8,9,26712,1190
25972,8,9,26342,1470
17804,8,9,20770,0
17804,8,9,20400,490
17804,8,9,19660,560
17804,8,9,19290,630
17804,8,9,18550,700
17804,8,9,18180,770
17804,8,9,17810,840
17804,8,9,1,910
14840,8,9,19282,0
14840,8,9,18912,210
14840,8,9,18542,280
14840,8,9,18172,350
14840,8,9,17802,420
14840,8,9,17062,490
14840,8,9,16692,560
14840,8,9,15952,630
14840,8,9,15582,700
14840,8,9,15212,770
14840,8,9,1,840
23004,8,9,25224,0
23004,8,9,24854,490
23004,8,9,24484,770
23004,8,9,24114,980
23004,8,9,23744,1260
23004,8,9,23374,1470
19281,8,9,21884,0
19281,8,9,21514,280
19281,8,9,21144,560
19281,8,9,20774,840
19281,8,9,20404,1050
19281,8,9,20034,1120
19281,8,9,19294,1190
19281,8,9,1,1260
15211,8,9,19653,0
15211,8,9,18913,280
15211,8,9,18543,350
15211,8,9,18173,420
15211,8,9,17433,490
15211,8,9,17063,560
15211,8,9,16323,630
15211,8,9,15953,700
15211,8,9,15583,770
15211,8,9,1,840
16317,8,9,21136,0
16317,8,9,20766,420
16317,8,9,20396,700
16317,8,9,19656,770
16317,8,9,19286,840
16317,8,9,18916,910
16317,8,9,18176,980
16317,8,9,17806,1050
16317,8,9,17066,1120
16317,8,9,16696,1190
16317,8,9,16326,1260
16317,8,9,1,1330
27083,8,9,28565,0
27083,8,9,28195,490
27083,8,9,27825,700
27083,8,9,27455,980
27083,8,9,27085,1190
27083,8,9,1,1470
16326,8,9,21876,0
16326,8,9,21506,490
16326,8,9,21136,700
16326,8,9,20766,980
16326,8,9,20026,1260
16326,8,9,19656,1330
16326,8,9,18916,1400
16326,8,9,18546,1470
18915,8,9,21883,0
18915,8,9,21513,280
18915,8,9,21143,490
18915,8,9,20773,770
18915,8,9,20403,980
18915,8,9,20033,1050
18915,8,9,19663,1120
18915,8,9,18923,1190
18915,8,9,1,1260
27454,8,9,28936,0
27454,8,9,28566,560
27454,8,9,28196,770
27454,8,9,27826,1050
27454,8,9,27456,1260
20383,8,9,22627,0
20383,8,9,22257,350
20383,8,9,21887,560
20383,8,9,21517,840
20383,8,9,21147,1120
20383,8,9,20777,1330
20392,8,9,22257,0
20392,8,9,21887,490
20392,8,9,21517,700
20392,8,9,21147,980
20392,8,9,20777,1190
20392,8,9,20407,1470
17428,8,9,21509,0
17428,8,9,21139,280
17428,8,9,20769,560
17428,8,9,20399,840
17428,8,9,19659,910
17428,8,9,19289,980
17428,8,9,18549,1050
17428,8,9,18179,1120
17428,8,9,17809,1190
17428,8,9,1,1260
13358,8,9,21498,0
13358,8,9,21128,280
13358,8,9,20758,560
13358,8,9,20388,770
13358,8,9,20018,840
13358,8,9,19278,910
13358,8,9,18908,980
13358,8,9,18168,1050
13358,8,9,17798,1120
13358,8,9,17428,1190
13358,8,9,16688,1260
13358,8,9,16318,1330
13358,8,9,15578,1400
13358,8,9,15208,1470
20401,8,9,21517,0
20401,8,9,21147,420
20401,8,9,20777,630
20401,8,9,20407,910
20401,8,9,1,980
21879,8,9,23741,0
21879,8,9,23371,420
21879,8,9,23001,700
21879,8,9,22631,910
21879,8,9,22261,1190
21879,8,9,21891,1400
17437,8,9,20769,0
17437,8,9,20029,350
17437,8,9,19289,420
17437,8,9,18919,490
17437,8,9,18549,560
17437,8,9,17809,630
17437,8,9,17439,700
17437,8,9,1,770
21888,8,9,23371,0
21888,8,9,23001,560
21888,8,9,22631,840
21888,8,9,22261,1050
21888,8,9,21891,1330
28565,8,9,30419,0
28565,8,9,30049,490
28565,8,9,29679,700
28565,8,9,29309,980
28565,8,9,28939,1190
28565,8,9,28569,1470
17799,8,9,21510,0
17799,8,9,21140,420
17799,8,9,20770,630
17799,8,9,20400,910
17799,8,9,19660,980
17799,8,9,19290,1050
17799,8,9,18920,1120
17799,8,9,18180,1190
17799,8,9,17810,1260
17799,8,9,1,1330
14835,8,9,20022,0
14835,8,9,19652,210
14835,8,9,19282,280
14835,8,9,18912,350
14835,8,9,18542,420
14835,8,9,17802,490
14835,8,9,17432,560
14835,8,9,16692,630
14835,8,9,16322,700
14835,8,9,15952,770
14835,8,9,15212,840
14835,8,9,14842,910
14835,8,9,1,980
25601,8,9,27821,0
25601,8,9,27451,420
25601,8,9,27081,700
25601,8,9,26711,980
25601,8,9,26341,1190
25601,8,9,25971,1470
17808,8,9,20770,0
17808,8,9,20400,350
17808,8,9,20030,420
17808,8,9,19660,490
17808,8,9,18920,560
17808,8,9,18550,630
17808,8,9,17810,700
17808,8,9,1,770
22999,8,9,24854,0
22999,8,9,24484,560
22999,8,9,24114,770
22999,8,9,23744,1050
22999,8,9,23374,1260
20035,8,9,21146,0
20035,8,9,20776,420
20035,8,9,20406,700
20035,8,9,1,770
18910,8,9,21883,0
18910,8,9,21513,210
18910,8,9,21143,490
18910,8,9,20773,770
18910,8,9,20033,1050
18910,8,9,19663,1120
18910,8,9,18923,1190
18910,8,9,1,1260
18919,8,9,21143,0
18919,8,9,20773,350
18919,8,9,20403,630
18919,8,9,19663,700
18919,8,9,19293,770
18919,8,9,18923,840
18919,8,9,1,910
15955,8,9,21875,0
15955,8,9,21505,420
15955,8,9,21135,700
15955,8,9,20765,980
15955,8,9,20395,1190
15955,8,9,20025,1260
15955,8,9,19285,1330
15955,8,9,18915,1400
15955,8,9,18175,1470
24485,8,9,26338,0
24485,8,9,25968,490
24485,8,9,25598,700
24485,8,9,25228,980
24485,8,9,24858,1190
24485,8,9,24488,1470
20387,8,9,22257,0
20387,8,9,21887,560
20387,8,9,21517,840
20387,8,9,21147,1050
20387,8,9,20777,1330
20396,8,9,22257,0
20396,8,9,21887,350
20396,8,9,21517,560
20396,8,9,21147,840
20396,8,9,20777,1050
20396,8,9,20407,1330
20396,8,9,1,1400
17432,8,9,20769,0
17432,8,9,20029,420
17432,8,9,19659,490
17432,8,9,19289,560
17432,8,9,18549,630
17432,8,9,18179,700
17432,8,9,17439,770
17432,8,9,1,840
28198,8,9,30418,0
28198,8,9,30048,490
28198,8,9,29678,700
28198,8,9,29308,980
28198,8,9,28938,1190
28198,8,9,28568,1470
20405,8,9,21147,0
20405,8,9,20777,560
20405,8,9,20407,770
20405,8,9,1,840
21874,8,9,23741,0
21874,8,9,23371,490
21874,8,9,23001,770
21874,8,9,22631,980
21874,8,9,22261,1260
21874,8,9,21891,1470
21517,8,9,23000,0
21517,8,9,22630,420
21517,8,9,22260,630
21517,8,9,21890,910
21517,8,9,21520,1120
21517,8,9,1,1400
25596,8,9,27451,0
25596,8,9,27081,350
25596,8,9,26711,630
25596,8,9,26341,910
25596,8,9,25971,1120
25596,8,9,25601,1400
28569,8,9,30789,0
28569,8,9,30419,420
28569,8,9,30049,700
28569,8,9,29679,910
28569,8,9,29309,1190
28569,8,9,28939,1470
22632,8,9,23743,0
22632,8,9,23373,350
22632,8,9,23003,560
22632,8,9,22633,840
22632,8,9,1,1120
14839,8,9,19652,0
14839,8,9,18912,280
14839,8,9,18542,350
14839,8,9,18172,420
14839,8,9,17802,490
14839,8,9,17062,560
14839,8,9,16692,630
14839,8,9,15952,700
14839,8,9,15582,770
14839,8,9,15212,840
14839,8,9,1,910
20021,8,9,22256,0
20021,8,9,21886,420
20021,8,9,21516,700
20021,8,9,21146,910
20021,8,9,20776,1190
20021,8,9,20406,1400
20021,8,9,20036,1470
20030,8,9,21516,0
20030,8,9,21146,350
20030,8,9,20776,560
20030,8,9,20406,840
20030,8,9,1,910
23003,8,9,24114,0
23003,8,9,23744,420
23003,8,9,23374,630
23003,8,9,23004,840
23003,8,9,1,1120
27082,8,9,28935,0
27082,8,9,28565,420
27082,8,9,28195,630
27082,8,9,27825,910
27082,8,9,27455,1120
27082,8,9,27085,1400
18905,8,9,21883,0
18905,8,9,21513,490
18905,8,9,21143,700
18905,8,9,20773,980
18905,8,9,20403,1190
18905,8,9,20033,1260
18905,8,9,19293,1330
18905,8,9,18923,1400
18905,8,9,1,1470
18914,8,9,21883,0
18914,8,9,21513,280
18914,8,9,21143,490
18914,8,9,20773,770
18914,8,9,20403,980
18914,8,9,20033,1050
18914,8,9,19663,1120
18914,8,9,18923,1190
18914,8,9,1,1260
15950,8,9,20765,0
15950,8,9,20395,280
15950,8,9,20025,350
15950,8,9,19655,420
15950,8,9,18915,490
15950,8,9,18545,560
15950,8,9,17805,630
15950,8,9,17435,700
15950,8,9,17065,770
15950,8,9,16325,840
15950,8,9,15955,910
15950,8,9,1,980
18923,8,9,22623,0
18923,8,9,22253,280
18923,8,9,21883,490
18923,8,9,21513,770
18923,8,9,21143,1050
18923,8,9,20773,1260
12986,8,9,15947,0
12986,8,9,15207,280
12986,8,9,14837,350
12986,8,9,14467,420
12986,8,9,14097,490
12986,8,9,13357,560
12986,8,9,12987,630
12986,8,9,1,700
24114,8,9,25967,0
24114,8,9,25597,490
24114,8,9,25227,700
24114,8,9,24857,980
24114,8,9,24487,1190
24114,8,9,24117,1470
20391,8,9,22257,0
20391,8,9,21887,490
20391,8,9,21517,770
20391,8,9,21147,980
20391,8,9,20777,1260
20391,8,9,20407,1470
17427,8,9,21509,0
17427,8,9,21139,280
17427,8,9,20769,560
17427,8,9,20399,770
17427,8,9,20029,840
17427,8,9,19289,910
17427,8,9,18919,980
17427,8,9,18179,1050
17427,8,9,17809,1120
17427,8,9,17439,1190
17427,8,9,1,1260
13357,8,9,16688,0
13357,8,9,15948,280
13357,8,9,15578,350
13357,8,9,15208,420
13357,8,9,14838,490
13357,8,9,14098,560
13357,8,9,13728,630
13357,8,9,1,700
20400,8,9,21517,0
20400,8,9,21147,350
20400,8,9,20777,630
20400,8,9,1,910
25229,8,9,25970,0
25229,8,9,25600,560
25229,8,9,25230,840
25229,8,9,1,1050
28193,8,9,30048,0
28193,8,9,29678,350
28193,8,9,29308,630
28193,8,9,28938,840
28193,8,9,28568,1120
28193,8,9,28198,1330
17436,8,9,20769,0
17436,8,9,20399,350
17436,8,9,20029,420
17436,8,9,19289,490
17436,8,9,18919,560
17436,8,9,18549,630
17436,8,9,17809,700
17436,8,9,17439,770
17436,8,9,1,840
21503,8,9,23370,0
21503,8,9,23000,420
21503,8,9,22630,630
21503,8,9,22260,910
21503,8,9,21890,1120
21503,8,9,21520,1400
21512,8,9,23000,0
21512,8,9,22630,560
21512,8,9,22260,840
21512,8,9,21890,1050
21512,8,9,21520,1330
18548,8,9,21142,0
18548,8,9,20772,280
18548,8,9,20402,560
18548,8,9,20032,630
18548,8,9,19292,700
18548,8,9,18922,770
18548,8,9,18552,840
18548,8,9,1,910
28564,8,9,30049,0
28564,8,9,29679,560
28564,8,9,29309,840
28564,8,9,28939,1050
28564,8,9,28569,1330
22627,8,9,24853,0
22627,8,9,24483,350
22627,8,9,24113,630
22627,8,9,23743,840
22627,8,9,23373,1120
22627,8,9,23003,1330
14834,8,9,21132,0
14834,8,9,20762,210
14834,8,9,20392,490
14834,8,9,20022,560
14834,8,9,19282,630
14834,8,9,18912,700
14834,8,9,18542,770
14834,8,9,17802,840
14834,8,9,17432,910
14834,8,9,16692,980
14834,8,9,16322,1050
14834,8,9,15952,1120
14834,8,9,15212,1190
14834,8,9,14842,1260
14834,8,9,1,1330
25600,8,9,26341,0
25600,8,9,25971,560
25600,8,9,25601,770
25600,8,9,1,1050
29679,8,9,31532,0
29679,8,9,31162,350
29679,8,9,30792,630
29679,8,9,30422,840
29679,8,9,30052,1120
29679,8,9,29682,1400
14468,8,9,18541,0
14468,8,9,17801,280
14468,8,9,17431,350
14468,8,9,17061,420
14468,8,9,16691,490
14468,8,9,15951,560
14468,8,9,15581,630
14468,8,9,14841,700
14468,8,9,14471,770
14468,8,9,1,840
20016,8,9,22256,0
20016,8,9,21886,490
20016,8,9,21516,770
20016,8,9,21146,1050
20016,8,9,20776,1260
20025,8,9,21886,0
20025,8,9,21516,490
20025,8,9,21146,770
20025,8,9,20776,1050
20025,8,9,20406,1260
20025,8,9,20036,1330
20025,8,9,1,1400
22998,8,9,25224,0
22998,8,9,24854,350
22998,8,9,24484,560
22998,8,9,24114,770
22998,8,9,23744,1050
22998,8,9,23374,1330
20034,8,9,21146,0
20034,8,9,20776,490
20034,8,9,20036,770
20034,8,9,1,840
18909,8,9,21883,0
18909,8,9,21513,490
18909,8,9,21143,700
18909,8,9,20773,980
18909,8,9,20403,1190
18909,8,9,20033,1260
18909,8,9,19663,1330
18909,8,9,18923,1400
18909,8,9,1,1470
15945,8,9,21135,0
15945,8,9,20765,420
15945,8,9,20395,700
15945,8,9,19655,770
15945,8,9,19285,840
15945,8,9,18915,910
15945,8,9,18175,980
15945,8,9,17805,1050
15945,8,9,17065,1120
15945,8,9,16695,1190
15945,8,9,16325,1260
15945,8,9,1,1330
26711,8,9,28564,0
26711,8,9,28194,420
26711,8,9,27824,630
26711,8,9,27454,910
26711,8,9,27084,1120
26711,8,9,26714,1400
18918,8,9,21143,0
18918,8,9,20773,350
18918,8,9,20403,630
18918,8,9,19663,700
18918,8,9,19293,770
18918,8,9,18923,840
18918,8,9,1,910
15954,8,9,19655,0
15954,8,9,19285,280
15954,8,9,18915,350
15954,8,9,18175,420
15954,8,9,17805,490
15954,8,9,17065,560
15954,8,9,16695,630
15954,8,9,16325,700
15954,8,9,1,770
20386,8,9,22257,0
20386,8,9,21887,560
20386,8,9,21517,840
20386,8,9,21147,1050
20386,8,9,20777,1330
21145,8,9,22629,0
21145,8,9,22259,350
21145,8,9,21889,560
21145,8,9,21519,840
21145,8,9,21149,1120
21145,8,9,1,1330
25224,8,9,27080,0
25224,8,9,26710,420
25224,8,9,26340,630
25224,8,9,25970,910
25224,8,9,25600,1190
25224,8,9,25230,1400
17431,8,9,21509,0
17431,8,9,21139,280
17431,8,9,20769,560
17431,8,9,20399,770
17431,8,9,20029,840
17431,8,9,19289,910
17431,8,9,18919,980
17431,8,9,18179,1050
17431,8,9,17809,1120
17431,8,9,17439,1190
17431,8,9,1,1260
28197,8,9,28938,0
28197,8,9,28568,560
28197,8,9,28198,840
28197,8,9,1,1050
21498,8,9,23370,0
21498,8,9,23000,420
21498,8,9,22630,630
21498,8,9,22260,910
21498,8,9,21890,1120
21498,8,9,21520,1400
21507,8,9,23370,0
21507,8,9,23000,420
21507,8,9,22630,630
21507,8,9,22260,910
21507,8,9,21890,1120
21507,8,9,21520,1400
18543,8,9,21512,0
18543,8,9,21142,490
18543,8,9,20772,700
18543,8,9,20032,980
18543,8,9,19662,1050
18543,8,9,19292,1120
18543,8,9,18552,1190
18543,8,9,1,1260
21516,8,9,23000,0
21516,8,9,22630,350
21516,8,9,22260,630
21516,8,9,21890,840
21516,8,9,21520,1120
21516,8,9,1,1330
15579,8,9,20764,0
15579,8,9,20394,210
15579,8,9,20024,280
15579,8,9,19654,350
15579,8,9,19284,420
15579,8,9,18544,490
15579,8,9,18174,560
15579,8,9,17434,630
15579,8,9,17064,700
15579,8,9,16694,770
15579,8,9,15954,840
15579,8,9,15584,910
15579,8,9,1,980
18552,8,9,22252,0
18552,8,9,21882,490
18552,8,9,21512,700
18552,8,9,21142,980
18552,8,9,20772,1190
18552,8,9,20402,1470
25595,8,9,27451,0
25595,8,9,27081,490
25595,8,9,26711,700
25595,8,9,26341,980
25595,8,9,25971,1190
25595,8,9,25601,1470
22631,8,9,24113,0
22631,8,9,23743,490
22631,8,9,23373,770
22631,8,9,23003,1050
22631,8,9,22633,1260
14463,8,9,20761,0
14463,8,9,20391,350
14463,8,9,20021,420
14463,8,9,19281,490
14463,8,9,18911,560
14463,8,9,18171,630
14463,8,9,17801,700
14463,8,9,17431,770
14463,8,9,16691,840
14463,8,9,16321,910
14463,8,9,15581,980
14463,8,9,15211,1050
14463,8,9,14841,1120
14463,8,9,1,1190
20020,8,9,22256,0
20020,8,9,21886,420
20020,8,9,21516,700
20020,8,9,21146,980
20020,8,9,20776,1190
20020,8,9,20036,1470
20029,8,9,21516,0
20029,8,9,21146,350
20029,8,9,20776,630
20029,8,9,20406,840
20029,8,9,20036,910
20029,8,9,1,980
18913,8,9,21883,0
18913,8,9,21513,280
18913,8,9,21143,560
18913,8,9,20773,770
18913,8,9,20403,1050
18913,8,9,19663,1120
18913,8,9,19293,1190
18913,8,9,18923,1260
18913,8,9,1,1330
15949,8,9,20765,0
15949,8,9,20395,280
15949,8,9,20025,350
15949,8,9,19655,420
15949,8,9,18915,490
15949,8,9,18545,560
15949,8,9,17805,630
15949,8,9,17435,700
15949,8,9,17065,770
15949,8,9,16325,840
15949,8,9,15955,910
15949,8,9,1,980
12985,8,9,16317,0
12985,8,9,15947,280
12985,8,9,15577,350
12985,8,9,14837,420
12985,8,9,14467,490
12985,8,9,14097,560
12985,8,9,13357,630
12985,8,9,12987,700
12985,8,9,1,770
21140,8,9,22629,0
21140,8,9,22259,350
21140,8,9,21889,560
21140,8,9,21519,840
21140,8,9,21149,1050
21140,8,9,1,1330
24113,8,9,25967,0
24113,8,9,25597,560
24113,8,9,25227,840
24113,8,9,24857,1050
24113,8,9,24487,1330
21149,8,9,23369,0
21149,8,9,22999,350
21149,8,9,22629,630
21149,8,9,22259,840
21149,8,9,21889,1120
21149,8,9,21519,1330
28192,8,9,30048,0
28192,8,9,29678,350
28192,8,9,29308,630
28192,8,9,28938,840
28192,8,9,28568,1120
28192,8,9,28198,1330
25228,8,9,26710,0
25228,8,9,26340,490
25228,8,9,25970,770
25228,8,9,25600,980
25228,8,9,25230,1260
21502,8,9,23370,0
21502,8,9,23000,490
21502,8,9,22630,700
21502,8,9,22260,980
21502,8,9,21890,1190
21502,8,9,21520,1470
18538,8,9,21882,0
18538,8,9,21512,420
18538,8,9,21142,700
18538,8,9,20772,910
18538,8,9,20032,1190
18538,8,9,19662,1260
18538,8,9,19292,1330
18538,8,9,18552,1400
18538,8,9,1,1470
21511,8,9,23000,0
21511,8,9,22630,560
21511,8,9,22260,770
21511,8,9,21890,1050
21511,8,9,21520,1260
15574,8,9,21134,0
15574,8,9,20764,420
15574,8,9,20394,630
15574,8,9,20024,700
15574,8,9,19284,770
15574,8,9,18914,840
15574,8,9,18544,910
15574,8,9,17804,980
15574,8,9,17434,1050
15574,8,9,16694,1120
15574,8,9,16324,1190
15574,8,9,15954,1260
15574,8,9,1,1330
18547,8,9,21142,0
18547,8,9,20772,280
18547,8,9,20402,560
18547,8,9,20032,630
18547,8,9,19292,700
18547,8,9,18922,770
18547,8,9,18552,840
18547,8,9,1,910
21520,8,9,23740,0
21520,8,9,23370,350
21520,8,9,23000,630
21520,8,9,22630,840
21520,8,9,22260,1120
21520,8,9,21890,1330
15583,8,9,19284,0
15583,8,9,18914,280
15583,8,9,18544,350
15583,8,9,17804,420
15583,8,9,17434,490
15583,8,9,16694,560
15583,8,9,16324,630
15583,8,9,15954,700
15583,8,9,1,770
22626,8,9,24853,0
22626,8,9,24483,350
22626,8,9,24113,630
22626,8,9,23743,840
22626,8,9,23373,1120
22626,8,9,23003,1400
14467,8,9,18911,0
14467,8,9,18541,210
14467,8,9,18171,280
14467,8,9,17801,350
14467,8,9,17431,420
14467,8,9,16691,490
14467,8,9,16321,560
14467,8,9,15581,630
14467,8,9,15211,700
14467,8,9,14841,770
14467,8,9,1,840
20015,8,9,22256,0
20015,8,9,21886,490
20015,8,9,21516,770
20015,8,9,21146,980
20015,8,9,20776,1260
20024,8,9,21886,0
20024,8,9,21516,490
20024,8,9,21146,700
20024,8,9,20776,980
20024,8,9,20406,1190
20024,8,9,20036,1260
20024,8,9,1,1330
27826,8,9,28937,0
27826,8,9,28567,350
27826,8,9,28197,560
27826,8,9,27827,840
27826,8,9,1,1120
18908,8,9,21883,0
18908,8,9,21513,490
18908,8,9,21143,700
18908,8,9,20773,980
18908,8,9,20403,1190
18908,8,9,20033,1260
18908,8,9,19663,1330
18908,8,9,18923,1400
18908,8,9,1,1470
11874,8,9,21124,0
11874,8,9,20754,280
11874,8,9,20014,560
11874,8,9,19644,630
11874,8,9,18904,700
11874,8,9,18534,770
11874,8,9,18164,840
11874,8,9,17424,910
11874,8,9,17054,980
11874,8,9,16314,1050
11874,8,9,15944,1120
11874,8,9,15574,1190
11874,8,9,14834,1260
11874,8,9,14464,1330
11874,8,9,13724,1400
11874,8,9,13354,1470
26710,8,9,28564,0
26710,8,9,28194,490
26710,8,9,27824,700
26710,8,9,27454,980
26710,8,9,27084,1260
26710,8,9,26714,1470
15944,8,9,21135,0
15944,8,9,20765,490
15944,8,9,20395,700
15944,8,9,20025,770
15944,8,9,19285,840
15944,8,9,18915,910
15944,8,9,18545,980
15944,8,9,17805,1050
15944,8,9,17435,1120
15944,8,9,16695,1190
15944,8,9,16325,1260
15944,8,9,15955,1330
15944,8,9,1,1400
23746,8,9,25966,0
23746,8,9,25596,490
23746,8,9,25226,770
23746,8,9,24856,1050
23746,8,9,24486,1260
17056,8,9,21138,0
17056,8,9,20768,490
17056,8,9,20398,700
17056,8,9,20028,770
17056,8,9,19658,840
17056,8,9,18918,910
17056,8,9,18548,980
17056,8,9,17808,1050
17056,8,9,17438,1120
17056,8,9,17068,1190
17056,8,9,1,1260
21126,8,9,22999,0
21126,8,9,22629,420
21126,8,9,22259,700
21126,8,9,21889,980
21126,8,9,21519,1190
21126,8,9,21149,1470
17065,8,9,20768,0
17065,8,9,20398,280
17065,8,9,20028,350
17065,8,9,19658,420
17065,8,9,18918,490
17065,8,9,18548,560
17065,8,9,18178,630
17065,8,9,17438,700
17065,8,9,17068,770
17065,8,9,1,840
21135,8,9,22629,0
21135,8,9,22259,560
21135,8,9,21889,770
21135,8,9,21519,1050
21135,8,9,21149,1260
18171,8,9,21511,0
18171,8,9,21141,420
18171,8,9,20771,700
18171,8,9,20031,980
18171,8,9,19661,1050
18171,8,9,18921,1120
18171,8,9,18551,1190
18171,8,9,18181,1260
18171,8,9,1,1330
21144,8,9,22629,0
21144,8,9,22259,350
21144,8,9,21889,560
21144,8,9,21519,840
21144,8,9,21149,1050
21144,8,9,1,1330
24117,8,9,26337,0
24117,8,9,25967,490
24117,8,9,25597,700
24117,8,9,25227,980
24117,8,9,24857,1260
24117,8,9,24487,1470
18180,8,9,20771,0
18180,8,9,20401,350
18180,8,9,20031,420
18180,8,9,19291,490
18180,8,9,18921,560
18180,8,9,18551,630
18180,8,9,1,700
28196,8,9,29678,0
28196,8,9,29308,490
28196,8,9,28938,700
28196,8,9,28568,980
28196,8,9,28198,1260
28196,8,9,1,1470
21506,8,9,23000,0
21506,8,9,22630,420
21506,8,9,22260,630
21506,8,9,21890,910
21506,8,9,21520,1120
21506,8,9,1,1400
18542,8,9,21512,0
18542,8,9,21142,490
18542,8,9,20772,770
18542,8,9,20402,980
18542,8,9,20032,1050
18542,8,9,19292,1120
18542,8,9,18922,1190
18542,8,9,18552,1260
18542,8,9,1,1330
29308,8,9,31161,0
29308,8,9,30791,350
29308,8,9,30421,630
29308,8,9,30051,840
29308,8,9,29681,1120
29308,8,9,29311,1330
21515,8,9,23000,0
21515,8,9,22630,350
21515,8,9,22260,630
21515,8,9,21890,840
21515,8,9,21520,1120
21515,8,9,1,1330
15578,8,9,20764,0
15578,8,9,20024,280
15578,8,9,19654,350
15578,8,9,19284,420
15578,8,9,18544,490
15578,8,9,18174,560
15578,8,9,17434,630
15578,8,9,17064,700
15578,8,9,16694,770
15578,8,9,15954,840
15578,8,9,15584,910
15578,8,9,1,980
18551,8,9,20772,0
18551,8,9,20402,420
18551,8,9,20032,490
18551,8,9,19292,560
18551,8,9,18922,630
18551,8,9,1,700
22630,8,9,24483,0
22630,8,9,24113,490
22630,8,9,23743,700
22630,8,9,23373,980
22630,8,9,23003,1190
22630,8,9,22633,1470
14471,8,9,21501,0
14471,8,9,21131,420
14471,8,9,20761,630
14471,8,9,20391,910
14471,8,9,19651,980
14471,8,9,19281,1050
14471,8,9,18541,1120
14471,8,9,18171,1190
14471,8,9,17801,1260
14471,8,9,17061,1330
14471,8,9,16691,1400
14471,8,9,15951,1470
20019,8,9,22256,0
20019,8,9,21886,420
20019,8,9,21516,700
20019,8,9,21146,910
20019,8,9,20776,1190
20019,8,9,20406,1400
20019,8,9,20036,1470
27821,8,9,29677,0
27821,8,9,29307,420
27821,8,9,28937,700
27821,8,9,28567,910
27821,8,9,28197,1190
27821,8,9,27827,1400
19653,8,9,21885,0
19653,8,9,21515,420
19653,8,9,21145,700
19653,8,9,20775,910
19653,8,9,20405,1190
19653,8,9,19665,1260
19653,8,9,1,1330
19662,8,9,21145,0
19662,8,9,20775,490
19662,8,9,20035,770
19662,8,9,19665,840
19662,8,9,1,910
20768,8,9,22258,0
20768,8,9,21888,350
20768,8,9,21518,630
20768,8,9,21148,840
20768,8,9,20778,1120
20768,8,9,1,1330
23741,8,9,25596,0
23741,8,9,25226,560
23741,8,9,24856,770
23741,8,9,24486,1050
23741,8,9,24116,1260
26714,8,9,28934,0
26714,8,9,28564,420
26714,8,9,28194,700
26714,8,9,27824,980
26714,8,9,27454,1190
26714,8,9,27084,1470
20777,8,9,21148,0
20777,8,9,20778,560
20777,8,9,1,770
12984,8,9,17057,0
12984,8,9,16317,280
12984,8,9,15947,350
12984,8,9,15577,420
12984,8,9,14837,490
12984,8,9,14467,560
12984,8,9,14097,630
12984,8,9,13357,700
12984,8,9,12987,770
12984,8,9,1,840
17060,8,9,21138,0
17060,8,9,20768,490
17060,8,9,20398,700
17060,8,9,20028,770
17060,8,9,19658,840
17060,8,9,18918,910
17060,8,9,18548,980
17060,8,9,17808,1050
17060,8,9,17438,1120
17060,8,9,17068,1190
17060,8,9,1,1260
21130,8,9,22629,0
21130,8,9,22259,420
21130,8,9,21889,630
21130,8,9,21519,910
21130,8,9,21149,1190
21130,8,9,1,1400
14096,8,9,18540,0
14096,8,9,18170,210
14096,8,9,17800,280
14096,8,9,17430,350
14096,8,9,17060,420
14096,8,9,16320,490
14096,8,9,15950,560
14096,8,9,15210,630
14096,8,9,14840,700
14096,8,9,14470,770
14096,8,9,1,840
21139,8,9,22629,0
21139,8,9,22259,560
21139,8,9,21889,770
21139,8,9,21519,1050
21139,8,9,21149,1260
24112,8,9,25967,0
24112,8,9,25597,490
24112,8,9,25227,700
24112,8,9,24857,980
24112,8,9,24487,1190
24112,8,9,24117,1470
18175,8,9,21141,0
18175,8,9,20771,280
18175,8,9,20031,560
18175,8,9,19661,630
18175,8,9,19291,700
18175,8,9,18551,770
18175,8,9,18181,840
18175,8,9,1,910
21148,8,9,21889,0
21148,8,9,21519,420
21148,8,9,21149,700
21148,8,9,1,980
25227,8,9,27080,0
25227,8,9,26710,350
25227,8,9,26340,560
25227,8,9,25970,840
25227,8,9,25600,1120
25227,8,9,25230,1330
21501,8,9,23370,0
21501,8,9,23000,490
21501,8,9,22630,700
21501,8,9,22260,980
21501,8,9,21890,1190
21501,8,9,21520,1470
26339,8,9,28193,0
26339,8,9,27823,490
26339,8,9,27453,770
26339,8,9,27083,980
26339,8,9,26713,1260
26339,8,9,26343,1470
15573,8,9,21134,0
15573,8,9,20764,420
15573,8,9,20024,700
15573,8,9,19654,770
15573,8,9,18914,840
15573,8,9,18544,910
15573,8,9,18174,980
15573,8,9,17434,1050
15573,8,9,17064,1120
15573,8,9,16324,1190
15573,8,9,15954,1260
15573,8,9,15584,1330
15573,8,9,1,1400
18546,8,9,21142,0
18546,8,9,20772,350
18546,8,9,20402,560
18546,8,9,20032,630
18546,8,9,19662,700
18546,8,9,18922,770
18546,8,9,18552,840
18546,8,9,1,910
15582,8,9,20024,0
15582,8,9,19654,280
15582,8,9,18914,350
15582,8,9,18544,420
15582,8,9,17804,490
15582,8,9,17434,560
15582,8,9,16694,630
15582,8,9,16324,700
15582,8,9,15954,770
15582,8,9,1,840
22259,8,9,24112,0
22259,8,9,23742,420
22259,8,9,23372,700
22259,8,9,23002,910
22259,8,9,22632,1190
22259,8,9,22262,1470
14466,8,9,18911,0
14466,8,9,18541,210
14466,8,9,18171,280
14466,8,9,17801,350
14466,8,9,17431,420
14466,8,9,16691,490
14466,8,9,16321,560
14466,8,9,15581,630
14466,8,9,15211,700
14466,8,9,14841,770
14466,8,9,1,840
27825,8,9,29307,0
27825,8,9,28937,490
27825,8,9,28567,770
27825,8,9,28197,980
27825,8,9,27827,1260
19657,8,9,21885,0
19657,8,9,21515,420
19657,8,9,21145,700
19657,8,9,20775,910
19657,8,9,20035,1190
19657,8,9,19665,1260
19657,8,9,1,1330
20763,8,9,22258,0
20763,8,9,21888,490
20763,8,9,21518,770
20763,8,9,21148,1050
20763,8,9,20778,1260
16693,8,9,20767,0
16693,8,9,20397,280
16693,8,9,20027,350
16693,8,9,19657,420
16693,8,9,19287,490
16693,8,9,18547,560
16693,8,9,18177,630
16693,8,9,17437,700
16693,8,9,17067,770
16693,8,9,16697,840
16693,8,9,1,910
13729,8,9,21499,0
13729,8,9,21129,280
13729,8,9,20759,560
13729,8,9,20389,770
13729,8,9,20019,840
13729,8,9,19649,910
13729,8,9,18909,980
13729,8,9,18539,1050
13729,8,9,17799,1120
13729,8,9,17429,1190
13729,8,9,17059,1260
13729,8,9,16319,1330
13729,8,9,15949,1400
13729,8,9,15209,1470
26709,8,9,28564,0
26709,8,9,28194,350
26709,8,9,27824,630
26709,8,9,27454,840
26709,8,9,27084,1120
26709,8,9,26714,1400
20772,8,9,21518,0
20772,8,9,21148,420
20772,8,9,20778,700
20772,8,9,1,910
23745,8,9,24856,0
23745,8,9,24486,420
23745,8,9,24116,630
23745,8,9,23746,910
23745,8,9,1,1190
21125,8,9,22999,0
21125,8,9,22629,490
21125,8,9,22259,700
21125,8,9,21889,980
21125,8,9,21519,1260
21125,8,9,21149,1470
17055,8,9,21138,0
17055,8,9,20768,490
17055,8,9,20398,700
17055,8,9,20028,770
17055,8,9,19658,840
17055,8,9,18918,910
17055,8,9,18548,980
17055,8,9,17808,1050
17055,8,9,17438,1120
17055,8,9,17068,1190
17055,8,9,1,1260
17064,8,9,20768,0
17064,8,9,20398,350
17064,8,9,19658,420
17064,8,9,19288,490
17064,8,9,18918,560
17064,8,9,18178,630
17064,8,9,17808,700
17064,8,9,17068,770
17064,8,9,1,840
21134,8,9,22629,0
21134,8,9,22259,420
21134,8,9,21889,700
21134,8,9,21519,910
21134,8,9,21149,1190
21134,8,9,1,1470
28936,8,9,30790,0
28936,8,9,30420,420
28936,8,9,30050,700
28936,8,9,29680,910
28936,8,9,29310,1190
28936,8,9,28940,1470
14100,8,9,21500,0
14100,8,9,21130,350
14100,8,9,20760,630
14100,8,9,20390,840
14100,8,9,20020,910
14100,8,9,19280,980
14100,8,9,18910,1050
14100,8,9,18170,1120
14100,8,9,17800,1190
14100,8,9,17430,1260
14100,8,9,16690,1330
14100,8,9,16320,1400
14100,8,9,15580,1470
21143,8,9,22629,0
21143,8,9,22259,350
21143,8,9,21889,630
21143,8,9,21519,840
21143,8,9,21149,1120
21143,8,9,1,1400
18170,8,9,21511,0
18170,8,9,21141,490
18170,8,9,20771,700
18170,8,9,20031,980
18170,8,9,19661,1050
18170,8,9,19291,1120
18170,8,9,18551,1190
18170,8,9,18181,1260
18170,8,9,1,1330
18179,8,9,20771,0
18179,8,9,20401,420
18179,8,9,20031,490
18179,8,9,19291,560
18179,8,9,18921,630
18179,8,9,18181,700
18179,8,9,1,770
29307,8,9,31161,0
29307,8,9,30791,420
29307,8,9,30421,700
29307,8,9,30051,910
29307,8,9,29681,1190
29307,8,9,29311,1470
23370,8,9,25225,0
23370,8,9,24855,560
23370,8,9,24485,840
23370,8,9,24115,1050
23370,8,9,23745,1330
15577,8,9,20764,0
15577,8,9,20394,210
15577,8,9,20024,280
15577,8,9,19654,350
15577,8,9,19284,420
15577,8,9,18544,490
15577,8,9,18174,560
15577,8,9,17434,630
15577,8,9,17064,700
15577,8,9,16694,770
15577,8,9,15954,840
15577,8,9,15584,910
15577,8,9,1,980
26343,8,9,28563,0
26343,8,9,28193,490
26343,8,9,27823,700
26343,8,9,27453,980
26343,8,9,27083,1190
26343,8,9,26713,1470
22254,8,9,24112,0
22254,8,9,23742,490
22254,8,9,23372,770
22254,8,9,23002,1050
22254,8,9,22632,1260
19290,8,9,21144,0
19290,8,9,20774,420
19290,8,9,20034,700
19290,8,9,19664,770
19290,8,9,19294,840
19290,8,9,1,910
19643,8,9,21885,0
19643,8,9,21515,490
19643,8,9,21145,700
19643,8,9,20775,980
19643,8,9,20035,1260
19643,8,9,19665,1330
19643,8,9,1,1400
19652,8,9,21885,0
19652,8,9,21515,420
19652,8,9,21145,700
19652,8,9,20775,910
19652,8,9,20405,1190
19652,8,9,19665,1260
19652,8,9,1,1330
16688,8,9,21137,0
16688,8,9,20767,420
16688,8,9,20397,700
16688,8,9,19657,770
16688,8,9,19287,840
16688,8,9,18547,910
16688,8,9,18177,980
16688,8,9,17807,1050
16688,8,9,17067,1120
16688,8,9,16697,1190
16688,8,9,1,1260
20758,8,9,22628,0
20758,8,9,22258,350
20758,8,9,21888,630
20758,8,9,21518,840
20758,8,9,21148,1120
20758,8,9,20778,1330
19661,8,9,21145,0
19661,8,9,20775,490
19661,8,9,20405,770
19661,8,9,19665,840
19661,8,9,1,910
20767,8,9,22258,0
20767,8,9,21888,350
20767,8,9,21518,630
20767,8,9,21148,840
20767,8,9,20778,1120
20767,8,9,1,1330
16697,8,9,21877,0
16697,8,9,21507,490
16697,8,9,21137,700
16697,8,9,20767,980
16697,8,9,20397,1190
16697,8,9,20027,1260
16697,8,9,19657,1330
16697,8,9,18917,1400
16697,8,9,18547,1470
23740,8,9,25596,0
23740,8,9,25226,560
23740,8,9,24856,770
23740,8,9,24486,1050
23740,8,9,24116,1260
20776,8,9,21518,0
20776,8,9,21148,350
20776,8,9,20778,560
20776,8,9,1,840
17059,8,9,21138,0
17059,8,9,20768,490
17059,8,9,20398,700
17059,8,9,20028,770
17059,8,9,19658,840
17059,8,9,18918,910
17059,8,9,18548,980
17059,8,9,17808,1050
17059,8,9,17438,1120
17059,8,9,17068,1190
17059,8,9,1,1260
21129,8,9,22999,0
21129,8,9,22629,420
21129,8,9,22259,630
21129,8,9,21889,910
21129,8,9,21519,1120
21129,8,9,21149,1400
14095,8,9,18540,0
14095,8,9,18170,210
14095,8,9,17800,280
14095,8,9,17430,350
14095,8,9,17060,420
14095,8,9,16320,490
14095,8,9,15950,560
14095,8,9,15210,630
14095,8,9,14840,700
14095,8,9,14470,770
14095,8,9,1,840
18165,8,9,21881,0
18165,8,9,21511,420
18165,8,9,21141,630
18165,8,9,20771,910
18165,8,9,20401,1120
18165,8,9,20031,1190
18165,8,9,19291,1260
18165,8,9,18921,1330
18165,8,9,18551,1400
18165,8,9,1,1470
21138,8,9,22629,0
21138,8,9,22259,560
21138,8,9,21889,770
21138,8,9,21519,1050
21138,8,9,21149,1260
25967,8,9,27822,0
25967,8,9,27452,420
25967,8,9,27082,630
25967,8,9,26712,910
25967,8,9,26342,1120
25967,8,9,25972,1400
18174,8,9,21141,0
18174,8,9,20771,280
18174,8,9,20031,560
18174,8,9,19661,630
18174,8,9,19291,700
18174,8,9,18551,770
18174,8,9,18181,840
18174,8,9,1,910
26338,8,9,28193,0
26338,8,9,27823,420
26338,8,9,27453,630
26338,8,9,27083,910
26338,8,9,26713,1120
26338,8,9,26343,1400
23374,8,9,24485,0
23374,8,9,24115,420
23374,8,9,23745,630
23374,8,9,23375,910
23374,8,9,1,1120
19276,8,9,22254,0
19276,8,9,21884,280
19276,8,9,21514,490
19276,8,9,21144,770
19276,8,9,20774,980
19276,8,9,20404,1260
19276,8,9,19664,1330
19276,8,9,19294,1400
19276,8,9,1,1470
15206,8,9,20393,0
15206,8,9,20023,210
15206,8,9,19653,280
15206,8,9,19283,350
15206,8,9,18913,420
15206,8,9,18173,490
15206,8,9,17803,560
15206,8,9,17063,630
15206,8,9,16693,700
15206,8,9,16323,770
15206,8,9,15583,840
15206,8,9,15213,910
15206,8,9,1,980
22249,8,9,24482,0
22249,8,9,24112,350
22249,8,9,23742,560
22249,8,9,23372,840
22249,8,9,23002,1120
22249,8,9,22632,1330
19285,8,9,21884,0
19285,8,9,21514,280
19285,8,9,21144,560
19285,8,9,20774,840
19285,8,9,20404,1050
19285,8,9,20034,1120
19285,8,9,19294,1190
19285,8,9,1,1260
22258,8,9,24112,0
22258,8,9,23742,560
22258,8,9,23372,770
22258,8,9,23002,1050
22258,8,9,22632,1260
16321,8,9,20766,0
16321,8,9,20396,350
16321,8,9,19656,420
16321,8,9,19286,490
16321,8,9,18546,560
16321,8,9,18176,630
16321,8,9,17806,700
16321,8,9,17066,770
16321,8,9,16696,840
16321,8,9,1,910
19294,8,9,22624,0
19294,8,9,22254,350
19294,8,9,21884,560
19294,8,9,21514,840
19294,8,9,21144,1050
19294,8,9,20774,1330
19647,8,9,22255,0
19647,8,9,21885,350
19647,8,9,21515,630
19647,8,9,21145,840
19647,8,9,20775,1120
19647,8,9,20035,1400
19647,8,9,19665,1470
20753,8,9,22628,0
20753,8,9,22258,350
20753,8,9,21888,630
20753,8,9,21518,840
20753,8,9,21148,1120
20753,8,9,20778,1400
16683,8,9,21507,0
16683,8,9,21137,420
16683,8,9,20767,630
16683,8,9,20027,910
16683,8,9,19657,980
16683,8,9,19287,1050
16683,8,9,18547,1120
16683,8,9,18177,1190
16683,8,9,17437,1260
16683,8,9,17067,1330
16683,8,9,16697,1400
16683,8,9,1,1470
19656,8,9,21885,0
19656,8,9,21515,420
19656,8,9,21145,630
19656,8,9,20775,910
19656,8,9,20035,1190
19656,8,9,19665,1260
19656,8,9,1,1330
20762,8,9,22258,0
20762,8,9,21888,560
20762,8,9,21518,770
20762,8,9,21148,1050
20762,8,9,20778,1260
16692,8,9,20767,0
16692,8,9,20397,280
16692,8,9,20027,350
16692,8,9,19657,420
16692,8,9,19287,490
16692,8,9,18547,560
16692,8,9,18177,630
16692,8,9,17437,700
16692,8,9,17067,770
16692,8,9,16697,840
16692,8,9,1,910
19665,8,9,22625,0
19665,8,9,22255,420
19665,8,9,21885,700
19665,8,9,21515,910
19665,8,9,21145,1190
19665,8,9,20775,1400
13728,8,9,16689,0
13728,8,9,16319,280
13728,8,9,15949,350
13728,8,9,15209,420
13728,8,9,14839,490
13728,8,9,14099,560
13728,8,9,13729,630
13728,8,9,1,700
20771,8,9,21518,0
20771,8,9,21148,420
20771,8,9,20778,700
20771,8,9,1,910
21124,8,9,22999,0
21124,8,9,22629,490
21124,8,9,22259,700
21124,8,9,21889,980
21124,8,9,21519,1190
21124,8,9,21149,1470
21883,8,9,23741,0
21883,8,9,23371,420
21883,8,9,23001,630
21883,8,9,22631,910
21883,8,9,22261,1190
21883,8,9,21891,1400
17054,8,9,21508,0
17054,8,9,21138,420
17054,8,9,20768,700
17054,8,9,20398,910
17054,8,9,20028,980
17054,8,9,19288,1050
17054,8,9,18918,1120
17054,8,9,18548,1190
17054,8,9,17808,1260
17054,8,9,17438,1330
17054,8,9,1,1400
24856,8,9,26709,0
24856,8,9,26339,420
24856,8,9,25969,700
24856,8,9,25599,980
24856,8,9,25229,1190
24856,8,9,24859,1470
28935,8,9,30420,0
28935,8,9,30050,560
28935,8,9,29680,840
28935,8,9,29310,1050
28935,8,9,28940,1330
18169,8,9,21511,0
18169,8,9,21141,420
18169,8,9,20771,700
18169,8,9,20401,910
18169,8,9,20031,980
18169,8,9,19291,1050
18169,8,9,18921,1120
18169,8,9,18181,1190
18169,8,9,1,1260
14099,8,9,17060,0
14099,8,9,16690,280
14099,8,9,16320,350
14099,8,9,15580,420
14099,8,9,15210,490
14099,8,9,14470,560
14099,8,9,14100,630
14099,8,9,1,700
25971,8,9,26712,0
25971,8,9,26342,560
25971,8,9,25972,840
25971,8,9,1,1050
17803,8,9,20770,0
17803,8,9,20400,490
17803,8,9,19660,560
17803,8,9,19290,630
17803,8,9,18550,700
17803,8,9,18180,770
17803,8,9,17810,840
17803,8,9,1,910
23369,8,9,25595,0
23369,8,9,25225,350
23369,8,9,24855,560
23369,8,9,24485,770
23369,8,9,24115,1050
23369,8,9,23745,1330
26342,8,9,27083,0
26342,8,9,26713,560
26342,8,9,26343,840
26342,8,9,1,1050
15210,8,9,20023,0
15210,8,9,19283,280
15210,8,9,18913,350
15210,8,9,18543,420
15210,8,9,18173,490
15210,8,9,17433,560
15210,8,9,17063,630
15210,8,9,16323,700
15210,8,9,15953,770
15210,8,9,15583,840
15210,8,9,1,910
19280,8,9,22254,0
19280,8,9,21884,280
19280,8,9,21514,490
19280,8,9,21144,770
19280,8,9,20774,1050
19280,8,9,20404,1260
19280,8,9,20034,1330
19280,8,9,19294,1400
19280,8,9,1,1470
22253,8,9,24112,0
22253,8,9,23742,490
22253,8,9,23372,770
22253,8,9,23002,1050
22253,8,9,22632,1260
16316,8,9,21136,0
16316,8,9,20766,490
16316,8,9,20026,770
16316,8,9,19656,840
16316,8,9,18916,910
16316,8,9,18546,980
16316,8,9,18176,1050
16316,8,9,17436,1120
16316,8,9,17066,1190
16316,8,9,16326,1260
16316,8,9,1,1330
19289,8,9,21144,0
19289,8,9,20774,420
19289,8,9,20034,700
19289,8,9,19664,770
19289,8,9,19294,840
19289,8,9,1,910
22262,8,9,24482,0
22262,8,9,24112,490
22262,8,9,23742,770
22262,8,9,23372,980
22262,8,9,23002,1260
22262,8,9,22632,1470
16325,8,9,20026,0
16325,8,9,19656,280
16325,8,9,18916,350
16325,8,9,18546,420
16325,8,9,18176,490
16325,8,9,17436,560
16325,8,9,17066,630
16325,8,9,16326,700
16325,8,9,1,770
19651,8,9,22255,0
19651,8,9,21885,350
19651,8,9,21515,630
19651,8,9,21145,840
19651,8,9,20775,1120
19651,8,9,20035,1400
19651,8,9,19665,1470
16687,8,9,21137,0
16687,8,9,20767,490
16687,8,9,20397,700
16687,8,9,20027,770
16687,8,9,19657,840
16687,8,9,18917,910
16687,8,9,18547,980
16687,8,9,17807,1050
16687,8,9,17437,1120
16687,8,9,17067,1190
16687,8,9,1,1260
20757,8,9,22628,0
20757,8,9,22258,350
20757,8,9,21888,630
20757,8,9,21518,840
20757,8,9,21148,1120
20757,8,9,20778,1330
27453,8,9,29306,0
27453,8,9,28936,490
27453,8,9,28566,700
27453,8,9,28196,980
27453,8,9,27826,1190
27453,8,9,27456,1470
13723,8,9,18169,0
13723,8,9,17799,210
13723,8,9,17429,280
13723,8,9,17059,350
13723,8,9,16689,420
13723,8,9,15949,490
13723,8,9,15579,560
13723,8,9,14839,630
13723,8,9,14469,700
13723,8,9,14099,770
13723,8,9,1,840
20766,8,9,22258,0
20766,8,9,21888,350
20766,8,9,21518,560
20766,8,9,21148,840
20766,8,9,20778,1050
20766,8,9,1,1330
16696,8,9,20027,0
16696,8,9,19657,280
16696,8,9,18917,350
16696,8,9,18547,420
16696,8,9,18177,490
16696,8,9,17437,560
16696,8,9,17067,630
16696,8,9,1,700
21878,8,9,23741,0
21878,8,9,23371,420
21878,8,9,23001,630
21878,8,9,22631,910
21878,8,9,22261,1190
21878,8,9,21891,1400
21887,9,10,23371,0
21887,9,10,23001,560
21887,9,10,22631,840
21887,9,10,22261,1050
21887,9,10,21891,1330
25966,9,10,27822,0
25966,9,10,27452,490
25966,9,10,27082,700
25966,9,10,26712,980
25966,9,10,26342,1260
25966,9,10,25972,1470
28939,9,10,29680,0
28939,9,10,29310,490
28939,9,10,28940,770
28939,9,10,1,1050
17798,9,10,21510,0
17798,9,10,21140,350
17798,9,10,20770,630
17798,9,10,20400,840
17798,9,10,20030,910
17798,9,10,19660,980
17798,9,10,18920,1050
17798,9,10,18550,1120
17798,9,10,17810,1190
17798,9,10,1,1260
17807,9,10,20770,0
17807,9,10,20400,420
17807,9,10,20030,490
17807,9,10,19660,560
17807,9,10,18920,630
17807,9,10,18550,700
17807,9,10,17810,770
17807,9,10,1,840
23373,9,10,24855,0
23373,9,10,24485,560
23373,9,10,24115,840
23373,9,10,23745,1050
23373,9,10,23375,1330
15205,9,10,21133,0
15205,9,10,20763,280
15205,9,10,20393,560
15205,9,10,19653,630
15205,9,10,19283,700
15205,9,10,18913,770
15205,9,10,18173,840
15205,9,10,17803,910
15205,9,10,17063,980
15205,9,10,16693,1050
15205,9,10,16323,1120
15205,9,10,15583,1190
15205,9,10,15213,1260
15205,9,10,1,1330
30050,9,10,31903,0
30050,9,10,31533,420
30050,9,10,31163,630
30050,9,10,30793,910
30050,9,10,30423,1120
30050,9,10,30053,1400
19284,9,10,21884,0
19284,9,10,21514,350
19284,9,10,21144,630
19284,9,10,20774,840
19284,9,10,20034,1120
19284,9,10,19664,1190
19284,9,10,19294,1260
19284,9,10,1,1330
16320,9,10,20766,0
16320,9,10,20396,350
16320,9,10,19656,420
16320,9,10,19286,490
16320,9,10,18916,560
16320,9,10,18176,630
16320,9,10,17806,700
16320,9,10,17066,770
16320,9,10,16696,840
16320,9,10,16326,910
16320,9,10,1,980
19293,9,10,21144,0
19293,9,10,20774,280
19293,9,10,20034,560
19293,9,10,19664,630
19293,9,10,1,700
24484,9,10,26338,0
24484,9,10,25968,560
24484,9,10,25598,840
24484,9,10,25228,1050
24484,9,10,24858,1330
20761,9,10,22258,0
20761,9,10,21888,490
20761,9,10,21518,770
20761,9,10,21148,1050
20761,9,10,20778,1260
13727,9,10,17429,0
13727,9,10,17059,210
13727,9,10,16689,280
13727,9,10,16319,350
13727,9,10,15949,420
13727,9,10,15209,490
13727,9,10,14839,560
13727,9,10,14099,630
13727,9,10,13729,700
13727,9,10,1,770
20395,9,10,21887,0
20395,9,10,21517,490
20395,9,10,21147,770
20395,9,10,20777,1050
20395,9,10,20407,1260
20395,9,10,1,1330
21873,9,10,23741,0
21873,9,10,23371,420
21873,9,10,23001,630
21873,9,10,22631,910
21873,9,10,22261,1190
21873,9,10,21891,1400
20404,9,10,21517,0
20404,9,10,21147,350
20404,9,10,20777,560
20404,9,10,20407,840
20404,9,10,1,910
21882,9,10,23741,0
21882,9,10,23371,420
21882,9,10,23001,630
21882,9,10,22631,910
21882,9,10,22261,1120
21882,9,10,21891,1400
24855,9,10,26709,0
24855,9,10,26339,560
24855,9,10,25969,770
24855,9,10,25599,1050
24855,9,10,25229,1260
21891,9,10,24111,0
21891,9,10,23741,420
21891,9,10,23371,630
21891,9,10,23001,910
21891,9,10,22631,1120
21891,9,10,22261,1400
28934,9,10,30420,0
28934,9,10,30050,560
28934,9,10,29680,840
28934,9,10,29310,1050
28934,9,10,28940,1330
25970,9,10,27452,0
25970,9,10,27082,490
25970,9,10,26712,700
25970,9,10,26342,980
25970,9,10,25972,1260
25970,9,10,1,1470
17802,9,10,21510,0
17802,9,10,21140,350
17802,9,10,20770,630
17802,9,10,20400,840
17802,9,10,20030,910
17802,9,10,19290,980
17802,9,10,18920,1050
17802,9,10,18550,1120
17802,9,10,17810,1190
17802,9,10,1,1260
28568,9,10,29309,0
28568,9,10,28939,560
28568,9,10,28569,770
28568,9,10,1,1050
14838,9,10,20022,0
14838,9,10,19652,210
14838,9,10,19282,280
14838,9,10,18912,350
14838,9,10,18542,420
14838,9,10,17802,490
14838,9,10,17432,560
14838,9,10,16692,630
14838,9,10,16322,700
14838,9,10,15952,770
14838,9,10,15212,840
14838,9,10,14842,910
14838,9,10,1,980
23002,9,10,24484,0
23002,9,10,24114,560
23002,9,10,23744,770
23002,9,10,23374,1050
23002,9,10,23004,1260
15209,9,10,20393,0
15209,9,10,20023,210
15209,9,10,19653,280
15209,9,10,19283,350
15209,9,10,18913,420
15209,9,10,18173,490
15209,9,10,17803,560
15209,9,10,17063,630
15209,9,10,16693,700
15209,9,10,16323,770
15209,9,10,15583,840
15209,9,10,15213,910
15209,9,10,1,980
16315,9,10,21136,0
16315,9,10,20766,490
16315,9,10,20026,770
16315,9,10,19656,840
16315,9,10,19286,910
16315,9,10,18546,980
16315,9,10,18176,1050
16315,9,10,17436,1120
16315,9,10,17066,1190
16315,9,10,16696,1260
16315,9,10,1,1330
27081,9,10,28935,0
27081,9,10,28565,490
27081,9,10,28195,700
27081,9,10,27825,980
27081,9,10,27455,1260
27081,9,10,27085,1470
19288,9,10,21144,0
19288,9,10,20774,420
19288,9,10,20404,700
19288,9,10,19664,770
19288,9,10,19294,840
19288,9,10,1,910
12245,9,10,21125,0
12245,9,10,20755,350
12245,9,10,20015,630
12245,9,10,19645,700
12245,9,10,18905,770
12245,9,10,18535,840
12245,9,10,18165,910
12245,9,10,17425,980
12245,9,10,17055,1050
12245,9,10,16315,1120
12245,9,10,15945,1190
12245,9,10,15575,1260
12245,9,10,14835,1330
12245,9,10,14465,1400
12245,9,10,13725,1470
16324,9,10,20396,0
16324,9,10,20026,280
16324,9,10,19656,350
16324,9,10,18916,420
16324,9,10,18546,490
16324,9,10,17806,560
16324,9,10,17436,630
16324,9,10,17066,700
16324,9,10,16326,770
16324,9,10,1,840
18922,9,10,20773,0
18922,9,10,20403,490
18922,9,10,19663,560
18922,9,10,19293,630
18922,9,10,1,700
27452,9,10,29306,0
27452,9,10,28936,560
27452,9,10,28566,770
27452,9,10,28196,1050
27452,9,10,27826,1330
24488,9,10,26708,0
24488,9,10,26338,490
24488,9,10,25968,700
24488,9,10,25598,980
24488,9,10,25228,1260
24488,9,10,24858,1470
20390,9,10,22257,0
20390,9,10,21887,490
20390,9,10,21517,700
20390,9,10,21147,980
20390,9,10,20777,1190
20390,9,10,20407,1470
17426,9,10,21509,0
17426,9,10,21139,280
17426,9,10,20769,560
17426,9,10,20399,770
17426,9,10,20029,840
17426,9,10,19289,910
17426,9,10,18919,980
17426,9,10,18179,1050
17426,9,10,17809,1120
17426,9,10,17439,1190
17426,9,10,1,1260
20399,9,10,21887,0
20399,9,10,21517,490
20399,9,10,21147,770
20399,9,10,20777,1050
20399,9,10,20407,1260
20399,9,10,1,1330
17435,9,10,20769,0
17435,9,10,20029,420
17435,9,10,19659,490
17435,9,10,19289,560
17435,9,10,18549,630
17435,9,10,18179,700
17435,9,10,17439,770
17435,9,10,1,840
21877,9,10,23741,0
21877,9,10,23371,490
21877,9,10,23001,700
21877,9,10,22631,980
21877,9,10,22261,1260
21877,9,10,21891,1470
21886,9,10,23371,0
21886,9,10,23001,560
21886,9,10,22631,770
21886,9,10,22261,1050
21886,9,10,21891,1330
17797,9,10,21510,0
17797,9,10,21140,350
17797,9,10,20770,630
17797,9,10,20400,840
17797,9,10,20030,910
17797,9,10,19660,980
17797,9,10,18920,1050
17797,9,10,18550,1120
17797,9,10,17810,1190
17797,9,10,1,1260
28563,9,10,30049,0
28563,9,10,29679,560
28563,9,10,29309,840
28563,9,10,28939,1050
28563,9,10,28569,1330
25599,9,10,27081,0
25599,9,10,26711,490
25599,9,10,26341,700
25599,9,10,25971,980
25599,9,10,25601,1190
25599,9,10,1,1470
17806,9,10,20770,0
17806,9,10,20400,490
17806,9,10,19660,560
17806,9,10,19290,630
17806,9,10,18550,700
17806,9,10,18180,770
17806,9,10,17810,840
17806,9,10,1,910
14842,9,10,21872,0
14842,9,10,21502,280
14842,9,10,21132,560
14842,9,10,20762,770
14842,9,10,20392,1050
14842,9,10,19652,1120
14842,9,10,19282,1190
14842,9,10,18912,1260
14842,9,10,18172,1330
14842,9,10,17802,1400
14842,9,10,17062,1470
29678,9,10,31532,0
29678,9,10,31162,490
29678,9,10,30792,700
29678,9,10,30422,980
29678,9,10,30052,1190
29678,9,10,29682,1470
20033,9,10,21516,0
20033,9,10,21146,280
20033,9,10,20776,560
20033,9,10,20406,770
20033,9,10,20036,840
20033,9,10,1,910
30049,9,10,31903,0
30049,9,10,31533,490
30049,9,10,31163,700
30049,9,10,30793,980
30049,9,10,30423,1190
30049,9,10,30053,1470
16319,9,10,20766,0
16319,9,10,20396,350
16319,9,10,19656,420
16319,9,10,19286,490
16319,9,10,18916,560
16319,9,10,18176,630
16319,9,10,17806,700
16319,9,10,17066,770
16319,9,10,16696,840
16319,9,10,16326,910
16319,9,10,1,980
27085,9,10,29305,0
27085,9,10,28935,420
27085,9,10,28565,700
27085,9,10,28195,980
27085,9,10,27825,1190
27085,9,10,27455,1470
18917,9,10,21143,0
18917,9,10,20773,420
18917,9,10,20403,630
18917,9,10,20033,700
18917,9,10,19293,770
18917,9,10,18923,840
18917,9,10,1,910
15953,9,10,20395,0
15953,9,10,20025,280
15953,9,10,19285,350
15953,9,10,18915,420
15953,9,10,18175,490
15953,9,10,17805,560
15953,9,10,17065,630
15953,9,10,16695,700
15953,9,10,16325,770
15953,9,10,1,840
24483,9,10,26338,0
24483,9,10,25968,490
24483,9,10,25598,700
24483,9,10,25228,980
24483,9,10,24858,1190
24483,9,10,24488,1470
20394,9,10,21887,0
20394,9,10,21517,490
20394,9,10,21147,770
20394,9,10,20777,1050
20394,9,10,20407,1260
20394,9,10,1,1330
21872,9,10,23741,0
21872,9,10,23371,420
21872,9,10,23001,630
21872,9,10,22631,910
21872,9,10,22261,1190
21872,9,10,21891,1400
17430,9,10,21509,0
17430,9,10,21139,280
17430,9,10,20769,560
17430,9,10,20399,770
17430,9,10,20029,840
17430,9,10,19289,910
17430,9,10,18919,980
17430,9,10,18179,1050
17430,9,10,17809,1120
17430,9,10,17439,1190
17430,9,10,1,1260
20403,9,10,21517,0
20403,9,10,21147,350
20403,9,10,20777,630
20403,9,10,20407,840
20403,9,10,1,910
17439,9,10,22249,0
17439,9,10,21879,280
17439,9,10,21509,560
17439,9,10,21139,770
17439,9,10,20769,1050
17439,9,10,20399,1260
17439,9,10,20029,1330
17439,9,10,19659,1400
17439,9,10,18919,1470
21881,9,10,23371,0
21881,9,10,23001,420
21881,9,10,22631,630
21881,9,10,22261,910
21881,9,10,21891,1190
21881,9,10,1,1400
17801,9,10,21510,0
17801,9,10,21140,350
17801,9,10,20770,630
17801,9,10,20400,840
17801,9,10,20030,910
17801,9,10,19290,980
17801,9,10,18920,1050
17801,9,10,18550,1120
17801,9,10,17810,1190
17801,9,10,1,1260
28567,9,10,30049,0
28567,9,10,29679,420
28567,9,10,29309,700
28567,9,10,28939,980
28567,9,10,28569,1190
28567,9,10,1,1470
14837,9,10,20022,0
14837,9,10,19652,210
14837,9,10,19282,280
14837,9,10,18912,350
14837,9,10,18542,420
14837,9,10,17802,490
14837,9,10,17432,560
14837,9,10,16692,630
14837,9,10,16322,700
14837,9,10,15952,770
14837,9,10,15212,840
14837,9,10,14842,910
14837,9,10,1,980
29682,9,10,31902,0
29682,9,10,31532,420
29682,9,10,31162,700
29682,9,10,30792,910
29682,9,10,30422,1190
29682,9,10,30052,1400
20028,9,10,21886,0
20028,9,10,21516,490
20028,9,10,21146,700
20028,9,10,20776,980
20028,9,10,20406,1190
20028,9,10,20036,1260
20028,9,10,1,1330
23001,9,10,24854,0
23001,9,10,24484,490
23001,9,10,24114,700
23001,9,10,23744,980
23001,9,10,23374,1260
23001,9,10,23004,1470
27080,9,10,28935,0
27080,9,10,28565,350
27080,9,10,28195,560
27080,9,10,27825,840
27080,9,10,27455,1120
27080,9,10,27085,1330
18912,9,10,21883,0
18912,9,10,21513,280
18912,9,10,21143,560
18912,9,10,20773,840
18912,9,10,20403,1050
18912,9,10,20033,1120
18912,9,10,19293,1190
18912,9,10,18923,1260
18912,9,10,1,1330
15948,9,10,20765,0
15948,9,10,20395,280
15948,9,10,20025,350
15948,9,10,19655,420
15948,9,10,18915,490
15948,9,10,18545,560
15948,9,10,17805,630
15948,9,10,17435,700
15948,9,10,17065,770
15948,9,10,16325,840
15948,9,10,15955,910
15948,9,10,1,980
18921,9,10,21143,0
18921,9,10,20773,280
18921,9,10,20033,560
18921,9,10,19663,630
18921,9,10,18923,700
18921,9,10,1,770
20389,9,10,22257,0
20389,9,10,21887,490
20389,9,10,21517,700
20389,9,10,21147,980
20389,9,10,20777,1190
20389,9,10,20407,1470
17425,9,10,21509,0
17425,9,10,21139,490
17425,9,10,20769,700
17425,9,10,20399,980
17425,9,10,19659,1050
17425,9,10,19289,1120
17425,9,10,18919,1190
17425,9,10,18179,1260
17425,9,10,17809,1330
17425,9,10,1,1400
13355,9,10,17798,0
13355,9,10,17428,210
13355,9,10,17058,280
13355,9,10,16688,350
13355,9,10,16318,420
13355,9,10,15578,490
13355,9,10,15208,560
13355,9,10,14468,630
13355,9,10,14098,700
13355,9,10,13728,770
13355,9,10,1,840
20398,9,10,21887,0
20398,9,10,21517,490
20398,9,10,21147,770
20398,9,10,20777,1050
20398,9,10,20407,1260
20398,9,10,1,1330
17434,9,10,20769,0
17434,9,10,20029,420
17434,9,10,19659,490
17434,9,10,18919,560
17434,9,10,18549,630
17434,9,10,18179,700
17434,9,10,17439,770
17434,9,10,1,840
21876,9,10,23741,0
21876,9,10,23371,490
21876,9,10,23001,700
21876,9,10,22631,980
21876,9,10,22261,1260
21876,9,10,21891,1470
21510,9,10,23000,0
21510,9,10,22630,560
21510,9,10,22260,770
21510,9,10,21890,1050
21510,9,10,21520,1260
21519,9,10,22260,0
21519,9,10,21890,420
21519,9,10,21520,700
21519,9,10,1,980
17796,9,10,21880,0
17796,9,10,21510,280
17796,9,10,21140,560
17796,9,10,20770,840
17796,9,10,20400,1050
17796,9,10,20030,1120
17796,9,10,19290,1190
17796,9,10,18920,1260
17796,9,10,18550,1330
17796,9,10,17810,1400
17796,9,10,1,1470
22625,9,10,24853,0
22625,9,10,24483,420
22625,9,10,24113,630
22625,9,10,23743,910
22625,9,10,23373,1120
22625,9,10,23003,1400
25598,9,10,27451,0
25598,9,10,27081,420
25598,9,10,26711,630
25598,9,10,26341,910
25598,9,10,25971,1120
25598,9,10,25601,1400
29677,9,10,31162,0
29677,9,10,30792,560
29677,9,10,30422,840
29677,9,10,30052,1050
29677,9,10,29682,1330
20014,9,10,21886,0
20014,9,10,21516,560
20014,9,10,21146,770
20014,9,10,20776,1050
20014,9,10,20406,1260
20014,9,10,20036,1330
20014,9,10,1,1400
20023,9,10,21886,0
20023,9,10,21516,490
20023,9,10,21146,700
20023,9,10,20776,980
20023,9,10,20406,1190
20023,9,10,20036,1260
20023,9,10,1,1330
20032,9,10,21516,0
20032,9,10,21146,350
20032,9,10,20776,560
20032,9,10,20036,840
20032,9,10,1,910
27084,9,10,27825,0
27084,9,10,27455,560
27084,9,10,27085,770
27084,9,10,1,1050
18916,9,10,21143,0
18916,9,10,20773,420
18916,9,10,20403,630
18916,9,10,20033,700
18916,9,10,19293,770
18916,9,10,18923,840
18916,9,10,1,910
15952,9,10,20765,0
15952,9,10,20025,280
15952,9,10,19655,350
15952,9,10,19285,420
15952,9,10,18915,490
15952,9,10,18175,560
15952,9,10,17805,630
15952,9,10,17065,700
15952,9,10,16695,770
15952,9,10,16325,840
15952,9,10,1,910
24116,9,10,25227,0
24116,9,10,24857,420
24116,9,10,24487,630
24116,9,10,24117,910
24116,9,10,1,1120
20393,9,10,22257,0
20393,9,10,21887,490
20393,9,10,21517,700
20393,9,10,21147,980
20393,9,10,20777,1190
20393,9,10,20407,1470
17429,9,10,21509,0
17429,9,10,21139,280
17429,9,10,20769,560
17429,9,10,20029,840
17429,9,10,19659,910
17429,9,10,19289,980
17429,9,10,18549,1050
17429,9,10,18179,1120
17429,9,10,17439,1190
17429,9,10,1,1260
28195,9,10,30048,0
28195,9,10,29678,420
28195,9,10,29308,630
28195,9,10,28938,910
28195,9,10,28568,1190
28195,9,10,28198,1400
17438,9,10,20399,0
17438,9,10,20029,280
17438,9,10,19289,350
17438,9,10,18919,420
17438,9,10,18549,490
17438,9,10,17809,560
17438,9,10,17439,630
17438,9,10,1,700
21505,9,10,23000,0
21505,9,10,22630,420
21505,9,10,22260,630
21505,9,10,21890,910
21505,9,10,21520,1190
21505,9,10,1,1400
18541,9,10,21882,0
18541,9,10,21512,210
18541,9,10,21142,490
18541,9,10,20772,770
18541,9,10,20402,980
18541,9,10,20032,1050
18541,9,10,19662,1120
18541,9,10,18922,1190
18541,9,10,18552,1260
18541,9,10,1,1330
21514,9,10,23000,0
21514,9,10,22630,560
21514,9,10,22260,770
21514,9,10,21890,1050
21514,9,10,21520,1330
18550,9,10,20772,0
18550,9,10,20402,490
18550,9,10,19662,560
18550,9,10,19292,630
18550,9,10,18552,700
18550,9,10,1,770
28566,9,10,30419,0
28566,9,10,30049,350
28566,9,10,29679,630
28566,9,10,29309,910
28566,9,10,28939,1120
28566,9,10,28569,1400
22629,9,10,24483,0
22629,9,10,24113,560
22629,9,10,23743,770
22629,9,10,23373,1050
22629,9,10,23003,1330
29681,9,10,30422,0
29681,9,10,30052,490
29681,9,10,29682,770
29681,9,10,1,1050
14470,9,10,17431,0
14470,9,10,17061,280
14470,9,10,16691,350
14470,9,10,15951,420
14470,9,10,15581,490
14470,9,10,14841,560
14470,9,10,14471,630
14470,9,10,1,700
20018,9,10,22256,0
20018,9,10,21886,420
20018,9,10,21516,700
20018,9,10,21146,910
20018,9,10,20776,1190
20018,9,10,20406,1400
20018,9,10,20036,1470
30793,9,10,32275,0
30793,9,10,31905,560
30793,9,10,31535,770
30793,9,10,31165,1050
30793,9,10,30795,1260
20027,9,10,21886,0
20027,9,10,21516,490
20027,9,10,21146,700
20027,9,10,20776,980
20027,9,10,20406,1190
20027,9,10,20036,1260
20027,9,10,1,1330
23000,9,10,24854,0
23000,9,10,24484,560
23000,9,10,24114,840
23000,9,10,23744,1050
23000,9,10,23374,1330
20036,9,10,22626,0
20036,9,10,22256,490
20036,9,10,21886,700
20036,9,10,21516,980
20036,9,10,21146,1260
20036,9,10,20776,1470
18911,9,10,21883,0
18911,9,10,21513,280
18911,9,10,21143,490
18911,9,10,20773,770
18911,9,10,20033,1050
18911,9,10,19663,1120
18911,9,10,18923,1190
18911,9,10,1,1260
15947,9,10,21135,0
15947,9,10,20765,420
15947,9,10,20395,630
15947,9,10,20025,700
15947,9,10,19655,770
15947,9,10,18915,840
15947,9,10,18545,910
15947,9,10,17805,980
15947,9,10,17435,1050
15947,9,10,17065,1120
15947,9,10,16325,1190
15947,9,10,15955,1260
15947,9,10,1,1330
26713,9,10,27454,0
26713,9,10,27084,560
26713,9,10,26714,770
26713,9,10,1,1050
18920,9,10,21143,0
18920,9,10,20773,350
18920,9,10,20033,630
18920,9,10,19663,700
18920,9,10,18923,770
18920,9,10,1,840
31164,9,10,32646,0
31164,9,10,32276,420
31164,9,10,31906,700
31164,9,10,31536,910
31164,9,10,31166,1190
31164,9,10,1,1400
17068,9,10,21878,0
17068,9,10,21508,490
17068,9,10,21138,770
17068,9,10,20768,980
17068,9,10,20028,1260
17068,9,10,19658,1330
17068,9,10,19288,1400
17068,9,10,18548,1470
24111,9,10,25967,0
24111,9,10,25597,490
24111,9,10,25227,700
24111,9,10,24857,980
24111,9,10,24487,1190
24111,9,10,24117,1470
21147,9,10,21889,0
21147,9,10,21519,420
21147,9,10,21149,700
21147,9,10,1,980
17424,9,10,21509,0
17424,9,10,21139,490
17424,9,10,20769,700
17424,9,10,20399,980
17424,9,10,19659,1050
17424,9,10,19289,1120
17424,9,10,18919,1190
17424,9,10,18179,1260
17424,9,10,17809,1330
17424,9,10,1,1400
13354,9,10,17798,0
13354,9,10,17428,280
13354,9,10,17058,350
13354,9,10,16318,420
13354,9,10,15948,490
13354,9,10,15208,560
13354,9,10,14838,630
13354,9,10,14468,700
13354,9,10,13728,770
13354,9,10,13358,840
13354,9,10,1,910
25226,9,10,27080,0
25226,9,10,26710,490
25226,9,10,26340,700
25226,9,10,25970,980
25226,9,10,25600,1190
25226,9,10,25230,1470
21500,9,10,23370,0
21500,9,10,23000,490
21500,9,10,22630,700
21500,9,10,22260,980
21500,9,10,21890,1260
21500,9,10,21520,1470
21509,9,10,23000,0
21509,9,10,22630,490
21509,9,10,22260,700
21509,9,10,21890,980
21509,9,10,21520,1190
21509,9,10,1,1470
18545,9,10,21142,0
18545,9,10,20772,350
18545,9,10,20402,560
18545,9,10,20032,630
18545,9,10,19662,700
18545,9,10,18922,770
18545,9,10,18552,840
18545,9,10,1,910
21518,9,10,23000,0
21518,9,10,22630,420
21518,9,10,22260,630
21518,9,10,21890,910
21518,9,10,21520,1120
21518,9,10,1,1400
15581,9,10,20394,0
15581,9,10,19654,280
15581,9,10,19284,350
15581,9,10,18914,420
15581,9,10,18544,490
15581,9,10,17804,560
15581,9,10,17434,630
15581,9,10,16694,700
15581,9,10,16324,770
15581,9,10,15954,840
15581,9,10,1,910
22624,9,10,24853,0
22624,9,10,24483,420
22624,9,10,24113,630
22624,9,10,23743,910
22624,9,10,23373,1120
22624,9,10,23003,1400
25597,9,10,27451,0
25597,9,10,27081,490
25597,9,10,26711,700
25597,9,10,26341,980
25597,9,10,25971,1260
25597,9,10,25601,1470
22633,9,10,24853,0
22633,9,10,24483,490
22633,9,10,24113,770
22633,9,10,23743,980
22633,9,10,23373,1260
14465,9,10,18911,0
14465,9,10,18541,210
14465,9,10,18171,280
14465,9,10,17801,350
14465,9,10,17431,420
14465,9,10,16691,490
14465,9,10,16321,560
14465,9,10,15581,630
14465,9,10,15211,700
14465,9,10,14841,770
14465,9,10,1,840
20022,9,10,22256,0
20022,9,10,21886,420
20022,9,10,21516,700
20022,9,10,21146,910
20022,9,10,20776,1190
20022,9,10,20406,1400
20022,9,10,20036,1470
27824,9,10,29677,0
27824,9,10,29307,420
27824,9,10,28937,700
27824,9,10,28567,910
27824,9,10,28197,1190
27824,9,10,27827,1470
20031,9,10,21516,0
20031,9,10,21146,350
20031,9,10,20776,560
20031,9,10,20406,840
20031,9,10,1,910
18906,9,10,21883,0
18906,9,10,21513,490
18906,9,10,21143,700
18906,9,10,20773,980
18906,9,10,20403,1190
18906,9,10,20033,1260
18906,9,10,19293,1330
18906,9,10,18923,1400
18906,9,10,1,1470
26708,9,10,28564,0
26708,9,10,28194,420
26708,9,10,27824,700
26708,9,10,27454,910
26708,9,10,27084,1190
26708,9,10,26714,1400
23744,9,10,25226,0
23744,9,10,24856,560
23744,9,10,24486,840
23744,9,10,24116,1120
23744,9,10,23746,1330
15951,9,10,20765,0
15951,9,10,20395,280
15951,9,10,20025,350
15951,9,10,19655,420
15951,9,10,18915,490
15951,9,10,18545,560
15951,9,10,17805,630
15951,9,10,17435,700
15951,9,10,17065,770
15951,9,10,16325,840
15951,9,10,15955,910
15951,9,10,1,980
12987,9,10,21127,0
12987,9,10,20757,420
12987,9,10,20387,700
12987,9,10,19647,770
12987,9,10,19277,840
12987,9,10,18537,910
12987,9,10,18167,980
12987,9,10,17797,1050
12987,9,10,17057,1120
12987,9,10,16687,1190
12987,9,10,15947,1260
12987,9,10,15577,1330
12987,9,10,15207,1400
12987,9,10,14467,1470
32274,9,10,34129,0
32274,9,10,33759,420
32274,9,10,33389,630
32274,9,10,33019,910
32274,9,10,32649,1120
32274,9,10,32279,1400
21133,9,10,22999,0
21133,9,10,22629,420
21133,9,10,22259,630
21133,9,10,21889,910
21133,9,10,21519,1120
21133,9,10,21149,1400
17063,9,10,20768,0
17063,9,10,20398,350
17063,9,10,19658,420
17063,9,10,19288,490
17063,9,10,18548,560
17063,9,10,18178,630
17063,9,10,17808,700
17063,9,10,17068,770
17063,9,10,1,840
21142,9,10,22629,0
21142,9,10,22259,350
21142,9,10,21889,630
21142,9,10,21519,910
21142,9,10,21149,1120
21142,9,10,1,1400
24115,9,10,25597,0
24115,9,10,25227,560
24115,9,10,24857,840
24115,9,10,24487,1050
24115,9,10,24117,1330
18178,9,10,21141,0
18178,9,10,20771,210
18178,9,10,20401,490
18178,9,10,20031,560
18178,9,10,19291,630
18178,9,10,18921,700
18178,9,10,18181,770
18178,9,10,1,840
28194,9,10,30048,0
28194,9,10,29678,490
28194,9,10,29308,770
28194,9,10,28938,980
28194,9,10,28568,1260
28194,9,10,28198,1470
25230,9,10,27450,0
25230,9,10,27080,420
25230,9,10,26710,700
25230,9,10,26340,910
25230,9,10,25970,1190
25230,9,10,25600,1400
21504,9,10,23370,0
21504,9,10,23000,420
21504,9,10,22630,630
21504,9,10,22260,910
21504,9,10,21890,1190
21504,9,10,21520,1400
29306,9,10,30791,0
29306,9,10,30421,560
29306,9,10,30051,840
29306,9,10,29681,1050
29306,9,10,29311,1330
18540,9,10,21512,0
18540,9,10,21142,490
18540,9,10,20772,700
18540,9,10,20402,980
18540,9,10,19662,1050
18540,9,10,19292,1120
18540,9,10,18552,1190
18540,9,10,1,1260
21513,9,10,23000,0
21513,9,10,22630,560
21513,9,10,22260,770
21513,9,10,21890,1050
21513,9,10,21520,1330
15576,9,10,21134,0
15576,9,10,20764,350
15576,9,10,20024,630
15576,9,10,19654,700
15576,9,10,19284,770
15576,9,10,18544,840
15576,9,10,18174,910
15576,9,10,17434,980
15576,9,10,17064,1050
15576,9,10,16694,1120
15576,9,10,15954,1190
15576,9,10,15584,1260
15576,9,10,1,1330
18549,9,10,21142,0
18549,9,10,20772,280
18549,9,10,20402,560
18549,9,10,19662,630
18549,9,10,19292,700
18549,9,10,18552,770
18549,9,10,1,840
30421,9,10,32274,0
30421,9,10,31904,420
30421,9,10,31534,630
30421,9,10,31164,910
30421,9,10,30794,1120
30421,9,10,30424,1400
22628,9,10,24483,0
22628,9,10,24113,560
22628,9,10,23743,770
22628,9,10,23373,1050
22628,9,10,23003,1260
14469,9,10,18171,0
14469,9,10,17801,210
14469,9,10,17431,280
14469,9,10,17061,350
14469,9,10,16691,420
14469,9,10,15951,490
14469,9,10,15581,560
14469,9,10,14841,630
14469,9,10,14471,700
14469,9,10,1,770
20026,9,10,21886,0
20026,9,10,21516,490
20026,9,10,21146,770
20026,9,10,20776,980
20026,9,10,20406,1260
20026,9,10,1,1330
30792,9,10,32645,0
30792,9,10,32275,420
30792,9,10,31905,700
30792,9,10,31535,980
30792,9,10,31165,1190
30792,9,10,30795,1470
19660,9,10,21145,0
19660,9,10,20775,560
19660,9,10,20405,770
19660,9,10,20035,840
19660,9,10,1,910
26712,9,10,28194,0
26712,9,10,27824,490
26712,9,10,27454,700
26712,9,10,27084,980
26712,9,10,26714,1190
26712,9,10,1,1470
20775,9,10,21518,0
20775,9,10,21148,420
20775,9,10,20778,630
20775,9,10,1,910
17058,9,10,21508,0
17058,9,10,21138,210
17058,9,10,20768,490
17058,9,10,20398,770
17058,9,10,19658,840
17058,9,10,19288,910
17058,9,10,18918,980
17058,9,10,18178,1050
17058,9,10,17808,1120
17058,9,10,17068,1190
17058,9,10,1,1260
21128,9,10,22999,0
21128,9,10,22629,420
21128,9,10,22259,630
21128,9,10,21889,910
21128,9,10,21519,1120
21128,9,10,21149,1400
18164,9,10,21881,0
18164,9,10,21511,350
18164,9,10,21141,630
18164,9,10,20771,840
18164,9,10,20401,1120
18164,9,10,19661,1190
18164,9,10,19291,1260
18164,9,10,18551,1330
18164,9,10,18181,1400
18164,9,10,1,1470
31903,9,10,33758,0
31903,9,10,33388,350
31903,9,10,33018,630
31903,9,10,32648,910
31903,9,10,32278,1120
31903,9,10,31908,1400
17067,9,10,20028,0
17067,9,10,19658,280
17067,9,10,18918,350
17067,9,10,18548,420
17067,9,10,18178,490
17067,9,10,17438,560
17067,9,10,17068,630
17067,9,10,1,700
21137,9,10,22629,0
21137,9,10,22259,560
21137,9,10,21889,770
21137,9,10,21519,1050
21137,9,10,21149,1330
18173,9,10,21511,0
18173,9,10,21141,420
18173,9,10,20771,630
18173,9,10,20401,910
18173,9,10,19661,980
18173,9,10,19291,1050
18173,9,10,18921,1120
18173,9,10,18181,1190
18173,9,10,1,1260
21146,9,10,21889,0
21146,9,10,21519,420
21146,9,10,21149,700
21146,9,10,1,910
25225,9,10,26710,0
25225,9,10,26340,630
25225,9,10,25970,910
25225,9,10,25600,1120
25225,9,10,25230,1400
21499,9,10,23370,0
21499,9,10,23000,490
21499,9,10,22630,700
21499,9,10,22260,980
21499,9,10,21890,1190
21499,9,10,21520,1470
18535,9,10,21882,0
18535,9,10,21512,420
18535,9,10,21142,630
18535,9,10,20772,910
18535,9,10,20032,1190
18535,9,10,19662,1260
18535,9,10,18922,1330
18535,9,10,18552,1400
18535,9,10,1,1470
21508,9,10,23370,0
21508,9,10,23000,420
21508,9,10,22630,630
21508,9,10,22260,910
21508,9,10,21890,1120
21508,9,10,21520,1400
26337,9,10,28193,0
26337,9,10,27823,490
26337,9,10,27453,700
26337,9,10,27083,980
26337,9,10,26713,1260
26337,9,10,26343,1470
29310,9,10,30051,0
29310,9,10,29681,490
29310,9,10,29311,770
29310,9,10,1,1050
18544,9,10,21512,0
18544,9,10,21142,490
18544,9,10,20772,700
18544,9,10,20032,980
18544,9,10,19662,1050
18544,9,10,19292,1120
18544,9,10,18552,1190
18544,9,10,1,1260
15580,9,10,20764,0
15580,9,10,20024,280
15580,9,10,19654,350
15580,9,10,19284,420
15580,9,10,18544,490
15580,9,10,18174,560
15580,9,10,17434,630
15580,9,10,17064,700
15580,9,10,16694,770
15580,9,10,15954,840
15580,9,10,15584,910
15580,9,10,1,980
22623,9,10,24483,0
22623,9,10,24113,560
22623,9,10,23743,770
22623,9,10,23373,1050
22623,9,10,23003,1260
22257,9,10,24112,0
22257,9,10,23742,560
22257,9,10,23372,770
22257,9,10,23002,1050
22257,9,10,22632,1260
14464,9,10,18911,0
14464,9,10,18541,210
14464,9,10,18171,280
14464,9,10,17801,350
14464,9,10,17431,420
14464,9,10,16691,490
14464,9,10,16321,560
14464,9,10,15581,630
14464,9,10,15211,700
14464,9,10,14841,770
14464,9,10,1,840
27823,9,10,29677,0
27823,9,10,29307,490
27823,9,10,28937,770
27823,9,10,28567,1050
27823,9,10,28197,1260
19655,9,10,21885,0
19655,9,10,21515,420
19655,9,10,21145,700
19655,9,10,20775,980
19655,9,10,20405,1190
19655,9,10,20035,1260
19655,9,10,1,1330
16691,9,10,20767,0
16691,9,10,20397,350
16691,9,10,19657,420
16691,9,10,19287,490
16691,9,10,18547,560
16691,9,10,18177,630
16691,9,10,17807,700
16691,9,10,17067,770
16691,9,10,16697,840
16691,9,10,1,910
19664,9,10,21145,0
19664,9,10,20775,420
19664,9,10,20405,630
19664,9,10,20035,700
19664,9,10,1,770
20770,9,10,22258,0
20770,9,10,21888,350
20770,9,10,21518,560
20770,9,10,21148,840
20770,9,10,20778,1050
20770,9,10,1,1330
23743,9,10,25596,0
23743,9,10,25226,490
23743,9,10,24856,770
23743,9,10,24486,980
23743,9,10,24116,1260
23743,9,10,23746,1470
21132,9,10,22999,0
21132,9,10,22629,420
21132,9,10,22259,630
21132,9,10,21889,910
21132,9,10,21519,1120
21132,9,10,21149,1400
17062,9,10,20768,0
17062,9,10,20398,350
17062,9,10,19658,420
17062,9,10,19288,490
17062,9,10,18918,560
17062,9,10,18178,630
17062,9,10,17808,700
17062,9,10,17068,770
17062,9,10,1,840
14098,9,10,17800,0
14098,9,10,17430,210
14098,9,10,17060,280
14098,9,10,16690,350
14098,9,10,16320,420
14098,9,10,15580,490
14098,9,10,15210,560
14098,9,10,14470,630
14098,9,10,14100,700
14098,9,10,1,770
18168,9,10,21511,0
18168,9,10,21141,420
18168,9,10,20771,700
18168,9,10,20401,910
18168,9,10,20031,980
18168,9,10,19291,1050
18168,9,10,18921,1120
18168,9,10,18181,1190
18168,9,10,1,1260
21141,9,10,22629,0
21141,9,10,22259,350
21141,9,10,21889,560
21141,9,10,21519,840
21141,9,10,21149,1050
21141,9,10,1,1330
18177,9,10,21141,0
18177,9,10,20771,280
18177,9,10,20031,560
18177,9,10,19661,630
18177,9,10,18921,700
18177,9,10,18551,770
18177,9,10,18181,840
18177,9,10,1,910
29305,9,10,30791,0
29305,9,10,30421,560
29305,9,10,30051,840
29305,9,10,29681,1050
29305,9,10,29311,1330
18539,9,10,21512,0
18539,9,10,21142,490
18539,9,10,20772,700
18539,9,10,20402,980
18539,9,10,19662,1050
18539,9,10,19292,1120
18539,9,10,18552,1190
18539,9,10,1,1260
15575,9,10,21134,0
15575,9,10,20764,350
15575,9,10,20394,630
15575,9,10,19654,700
15575,9,10,19284,770
15575,9,10,18544,840
15575,9,10,18174,910
15575,9,10,17804,980
15575,9,10,17064,1050
15575,9,10,16694,1120
15575,9,10,15954,1190
15575,9,10,15584,1260
15575,9,10,1,1330
26341,9,10,27823,0
26341,9,10,27453,490
26341,9,10,27083,700
26341,9,10,26713,980
26341,9,10,26343,1260
26341,9,10,1,1470
30420,9,10,32274,0
30420,9,10,31904,490
30420,9,10,31534,700
30420,9,10,31164,980
30420,9,10,30794,1190
30420,9,10,30424,1470
15584,9,10,21874,0
15584,9,10,21504,420
15584,9,10,21134,630
15584,9,10,20764,910
15584,9,10,20394,1120
15584,9,10,20024,1190
15584,9,10,19654,1260
15584,9,10,18914,1330
15584,9,10,18544,1400
15584,9,10,17804,1470
22252,9,10,24112,0
22252,9,10,23742,560
22252,9,10,23372,840
22252,9,10,23002,1050
22252,9,10,22632,1330
22261,9,10,23002,0
22261,9,10,22632,560
22261,9,10,22262,840
22261,9,10,1,1050
27827,9,10,30047,0
27827,9,10,29677,490
27827,9,10,29307,770
27827,9,10,28937,980
27827,9,10,28567,1260
27827,9,10,28197,1470
20756,9,10,22258,0
20756,9,10,21888,350
20756,9,10,21518,630
20756,9,10,21148,910
20756,9,10,20778,1120
20756,9,10,1,1400
16686,9,10,21137,0
16686,9,10,20767,490
16686,9,10,20027,770
16686,9,10,19657,840
16686,9,10,18917,910
16686,9,10,18547,980
16686,9,10,18177,1050
16686,9,10,17437,1120
16686,9,10,17067,1190
16686,9,10,1,1260
19659,9,10,21145,0
19659,9,10,20775,560
19659,9,10,20405,770
19659,9,10,20035,840
19659,9,10,19665,910
19659,9,10,1,980
12616,9,10,21126,0
12616,9,10,20756,420
12616,9,10,20386,630
12616,9,10,20016,700
12616,9,10,19276,770
12616,9,10,18906,840
12616,9,10,18166,910
12616,9,10,17796,980
12616,9,10,17426,1050
12616,9,10,16686,1120
12616,9,10,16316,1190
12616,9,10,15576,1260
12616,9,10,15206,1330
12616,9,10,14836,1400
12616,9,10,14096,1470
16695,9,10,20397,0
16695,9,10,20027,280
16695,9,10,19287,350
16695,9,10,18917,420
16695,9,10,18547,490
16695,9,10,17807,560
16695,9,10,17437,630
16695,9,10,16697,700
16695,9,10,1,770
20765,9,10,22258,0
20765,9,10,21888,350
20765,9,10,21518,560
20765,9,10,21148,840
20765,9,10,20778,1050
20765,9,10,1,1330
20774,9,10,21518,0
20774,9,10,21148,420
20774,9,10,20778,700
20774,9,10,1,910
17057,9,10,21508,0
17057,9,10,21138,280
17057,9,10,20768,560
17057,9,10,20398,770
17057,9,10,20028,840
17057,9,10,19288,910
17057,9,10,18918,980
17057,9,10,18178,1050
17057,9,10,17808,1120
17057,9,10,17438,1190
17057,9,10,1,1260
21127,9,10,22999,0
21127,9,10,22629,420
21127,9,10,22259,700
21127,9,10,21889,980
21127,9,10,21519,1190
21127,9,10,21149,1470
24859,9,10,27079,0
24859,9,10,26709,490
24859,9,10,26339,700
24859,9,10,25969,980
24859,9,10,25599,1260
24859,9,10,25229,1470
17066,9,10,20398,0
17066,9,10,19658,350
17066,9,10,18918,420
17066,9,10,18548,490
17066,9,10,18178,560
17066,9,10,17438,630
17066,9,10,17068,700
17066,9,10,1,770
21136,9,10,22629,0
21136,9,10,22259,560
21136,9,10,21889,770
21136,9,10,21519,1050
21136,9,10,21149,1260
18172,9,10,21511,0
18172,9,10,21141,420
18172,9,10,20771,630
18172,9,10,20401,910
18172,9,10,19661,980
18172,9,10,19291,1050
18172,9,10,18921,1120
18172,9,10,18181,1190
18172,9,10,1,1260
28938,9,10,30420,0
28938,9,10,30050,420
28938,9,10,29680,700
28938,9,10,29310,910
28938,9,10,28940,1190
28938,9,10,1,1470
18181,9,10,22251,0
18181,9,10,21881,420
18181,9,10,21511,700
18181,9,10,21141,910
18181,9,10,20771,1190
18181,9,10,20401,1400
18181,9,10,20031,1470
18534,9,10,21882,0
18534,9,10,21512,420
18534,9,10,21142,630
18534,9,10,20772,910
18534,9,10,20032,1190
18534,9,10,19662,1260
18534,9,10,18922,1330
18534,9,10,18552,1400
18534,9,10,1,1470
29309,9,10,30791,0
29309,9,10,30421,420
29309,9,10,30051,700
29309,9,10,29681,910
29309,9,10,29311,1190
29309,9,10,1,1470
23372,9,10,25225,0
23372,9,10,24855,490
23372,9,10,24485,770
23372,9,10,24115,980
23372,9,10,23745,1260
30424,9,10,32644,0
30424,9,10,32274,420
30424,9,10,31904,700
30424,9,10,31534,980
30424,9,10,31164,1190
30424,9,10,30794,1470
19283,9,10,21884,0
19283,9,10,21514,350
19283,9,10,21144,630
19283,9,10,20774,840
19283,9,10,20404,1120
19283,9,10,19664,1190
19283,9,10,19294,1260
19283,9,10,1,1330
15213,9,10,21873,0
15213,9,10,21503,350
15213,9,10,21133,630
15213,9,10,20763,840
15213,9,10,20023,1120
15213,9,10,19653,1190
15213,9,10,19283,1260
15213,9,10,18543,1330
15213,9,10,18173,1400
15213,9,10,17433,1470
22256,9,10,23742,0
22256,9,10,23372,560
22256,9,10,23002,770
22256,9,10,22632,1050
22256,9,10,22262,1260
19292,9,10,21144,0
19292,9,10,20774,350
19292,9,10,20404,560
19292,9,10,20034,630
19292,9,10,19294,700
19292,9,10,1,770
27822,9,10,29677,0
27822,9,10,29307,420
27822,9,10,28937,630
27822,9,10,28567,910
27822,9,10,28197,1120
27822,9,10,27827,1400
19645,9,10,22255,0
19645,9,10,21885,490
19645,9,10,21515,700
19645,9,10,21145,980
19645,9,10,20775,1190
19645,9,10,20405,1470
19654,9,10,21885,0
19654,9,10,21515,490
19654,9,10,21145,700
19654,9,10,20775,980
19654,9,10,20405,1190
19654,9,10,20035,1260
19654,9,10,1,1330
16690,9,10,20767,0
16690,9,10,20397,350
16690,9,10,19657,420
16690,9,10,19287,490
16690,9,10,18547,560
16690,9,10,18177,630
16690,9,10,17807,700
16690,9,10,17067,770
16690,9,10,16697,840
16690,9,10,1,910
27456,9,10,29676,0
27456,9,10,29306,490
27456,9,10,28936,770
27456,9,10,28566,980
27456,9,10,28196,1260
19663,9,10,21145,0
19663,9,10,20775,420
19663,9,10,20405,700
19663,9,10,19665,770
19663,9,10,1,840
13726,9,10,17799,0
13726,9,10,17059,280
13726,9,10,16689,350
13726,9,10,16319,420
13726,9,10,15949,490
13726,9,10,15209,560
13726,9,10,14839,630
13726,9,10,14099,700
13726,9,10,13729,770
13726,9,10,1,840
20760,9,10,22258,0
20760,9,10,21888,490
20760,9,10,21518,770
20760,9,10,21148,1050
20760,9,10,20778,1260
20769,9,10,22258,0
20769,9,10,21888,280
20769,9,10,21518,560
20769,9,10,21148,840
20769,9,10,20778,1050
20769,9,10,1,1330
23742,9,10,25596,0
23742,9,10,25226,560
23742,9,10,24856,840
23742,9,10,24486,1050
23742,9,10,24116,1330
20778,9,10,22998,0
20778,9,10,22628,350
20778,9,10,22258,560
20778,9,10,21888,840
20778,9,10,21518,1050
20778,9,10,21148,1330
24854,9,10,26709,0
24854,9,10,26339,420
24854,9,10,25969,700
24854,9,10,25599,910
24854,9,10,25229,1190
24854,9,10,24859,1470
17061,9,10,20768,0
17061,9,10,20398,350
17061,9,10,19658,420
17061,9,10,19288,490
17061,9,10,18918,560
17061,9,10,18178,630
17061,9,10,17808,700
17061,9,10,17068,770
17061,9,10,1,840
21890,9,10,22631,0
21890,9,10,22261,490
21890,9,10,21891,700
21890,9,10,1,980
21131,9,10,22629,0
21131,9,10,22259,420
21131,9,10,21889,630
21131,9,10,21519,910
21131,9,10,21149,1120
21131,9,10,1,1400
14097,9,10,18170,0
14097,9,10,17430,280
14097,9,10,17060,350
14097,9,10,16690,420
14097,9,10,16320,490
14097,9,10,15580,560
14097,9,10,15210,630
14097,9,10,14470,700
14097,9,10,14100,770
14097,9,10,1,840
18167,9,10,21881,0
18167,9,10,21511,350
18167,9,10,21141,630
18167,9,10,20771,840
18167,9,10,20401,1120
18167,9,10,19661,1190
18167,9,10,19291,1260
18167,9,10,18921,1330
18167,9,10,18181,1400
18167,9,10,1,1470
25969,9,10,27822,0
25969,9,10,27452,420
25969,9,10,27082,630
25969,9,10,26712,910
25969,9,10,26342,1190
25969,9,10,25972,1400
18176,9,10,21141,0
18176,9,10,20771,280
18176,9,10,20031,560
18176,9,10,19661,630
18176,9,10,18921,700
18176,9,10,18551,770
18176,9,10,18181,840
18176,9,10,1,910
17810,9,10,22250,0
17810,9,10,21880,350
17810,9,10,21510,630
17810,9,10,21140,840
17810,9,10,20770,1120
17810,9,10,20030,1400
17810,9,10,19660,1470
26340,9,10,28193,0
26340,9,10,27823,420
26340,9,10,27453,630
26340,9,10,27083,910
26340,9,10,26713,1190
26340,9,10,26343,1400
30419,9,10,32274,0
30419,9,10,31904,350
30419,9,10,31534,630
30419,9,10,31164,840
30419,9,10,30794,1120
30419,9,10,30424,1330
15208,9,10,20393,0
15208,9,10,20023,210
15208,9,10,19653,280
15208,9,10,19283,350
15208,9,10,18913,420
15208,9,10,18173,490
15208,9,10,17803,560
15208,9,10,17063,630
15208,9,10,16693,700
15208,9,10,16323,770
15208,9,10,15583,840
15208,9,10,15213,910
15208,9,10,1,980
19278,9,10,22254,0
19278,9,10,21884,280
19278,9,10,21514,560
19278,9,10,21144,770
19278,9,10,20774,1050
19278,9,10,20404,1260
19278,9,10,20034,1330
19278,9,10,19664,1400
19278,9,10,1,1470
22251,9,10,24112,0
22251,9,10,23742,560
22251,9,10,23372,840
22251,9,10,23002,1050
22251,9,10,22632,1330
16314,9,10,21136,0
16314,9,10,20766,420
16314,9,10,20396,700
16314,9,10,19656,770
16314,9,10,19286,840
16314,9,10,18916,910
16314,9,10,18176,980
16314,9,10,17806,1050
16314,9,10,17066,1120
16314,9,10,16696,1190
16314,9,10,16326,1260
16314,9,10,1,1330
30053,9,10,32273,0
30053,9,10,31903,420
30053,9,10,31533,700
30053,9,10,31163,980
30053,9,10,30793,1190
30053,9,10,30423,1470
19287,9,10,21144,0
19287,9,10,20774,420
19287,9,10,20404,700
19287,9,10,19664,770
19287,9,10,19294,840
19287,9,10,1,910
22260,9,10,23742,0
22260,9,10,23372,490
22260,9,10,23002,770
22260,9,10,22632,980
22260,9,10,22262,1260
16323,9,10,20766,0
16323,9,10,20396,280
16323,9,10,20026,350
16323,9,10,19656,420
16323,9,10,18916,490
16323,9,10,18546,560
16323,9,10,17806,630
16323,9,10,17436,700
16323,9,10,17066,770
16323,9,10,16326,840
16323,9,10,1,910
19649,9,10,22255,0
19649,9,10,21885,420
19649,9,10,21515,630
19649,9,10,21145,910
19649,9,10,20775,1120
19649,9,10,20405,1400
19649,9,10,19665,1470
20755,9,10,22258,0
20755,9,10,21888,350
20755,9,10,21518,630
20755,9,10,21148,910
20755,9,10,20778,1120
20755,9,10,1,1400
27451,9,10,29306,0
27451,9,10,28936,420
27451,9,10,28566,700
27451,9,10,28196,910
27451,9,10,27826,1190
27451,9,10,27456,1400
19658,9,10,21145,0
19658,9,10,20775,560
19658,9,10,20405,770
19658,9,10,20035,840
19658,9,10,1,910
24487,9,10,25598,0
24487,9,10,25228,420
24487,9,10,24858,630
24487,9,10,24488,910
24487,9,10,1,1120
12615,9,10,15576,0
12615,9,10,14836,280
12615,9,10,14466,350
12615,9,10,14096,420
12615,9,10,13726,490
12615,9,10,12986,560
12615,9,10,12616,630
12615,9,10,1,700
16694,9,10,20767,0
16694,9,10,20397,280
16694,9,10,20027,350
16694,9,10,19657,420
16694,9,10,18917,490
16694,9,10,18547,560
16694,9,10,17807,630
16694,9,10,17437,700
16694,9,10,17067,770
16694,9,10,1,840
20764,9,10,22258,0
20764,9,10,21888,490
20764,9,10,21518,770
20764,9,10,21148,1050
20764,9,10,20778,1260
20773,9,10,21518,0
20773,9,10,21148,420
20773,9,10,20778,700
20773,9,10,1,910
20407,9,10,22627,0
20407,9,10,22257,560
20407,9,10,21887,770
20407,9,10,21517,1050
20407,9,10,21147,1260
21885,9,10,23371,0
21885,9,10,23001,560
21885,9,10,22631,770
21885,9,10,22261,1050
21885,9,10,21891,1330
24858,9,10,25969,0
24858,9,10,25599,350
24858,9,10,25229,630
24858,9,10,24859,840
24858,9,10,1,1120
28937,9,10,30790,0
28937,9,10,30420,350
28937,9,10,30050,630
28937,9,10,29680,840
28937,9,10,29310,1120
28937,9,10,28940,1330
17805,9,10,20770,0
17805,9,10,20400,490
17805,9,10,19660,560
17805,9,10,19290,630
17805,9,10,18550,700
17805,9,10,18180,770
17805,9,10,17810,840
17805,9,10,1,910
14841,9,10,18542,0
14841,9,10,18172,280
14841,9,10,17802,350
14841,9,10,17062,420
14841,9,10,16692,490
14841,9,10,15952,560
14841,9,10,15582,630
14841,9,10,15212,700
14841,9,10,1,770
23371,9,10,25595,0
23371,9,10,25225,420
23371,9,10,24855,560
23371,9,10,24485,840
23371,9,10,24115,1120
23371,9,10,23745,1330
19282,9,10,21884,0
19282,9,10,21514,280
19282,9,10,21144,560
19282,9,10,20774,840
19282,9,10,20404,1050
19282,9,10,20034,1120
19282,9,10,19294,1190
19282,9,10,1,1260
15212,9,10,18913,0
15212,9,10,18173,350
15212,9,10,17433,420
15212,9,10,17063,490
15212,9,10,16323,560
15212,9,10,15953,630
15212,9,10,15583,700
15212,9,10,1,770
30048,9,10,31903,0
30048,9,10,31533,350
30048,9,10,31163,630
30048,9,10,30793,840
30048,9,10,30423,1120
30048,9,10,30053,1330
16318,9,10,21136,0
16318,9,10,20766,420
16318,9,10,20396,700
16318,9,10,19656,770
16318,9,10,19286,840
16318,9,10,18916,910
16318,9,10,18176,980
16318,9,10,17806,1050
16318,9,10,17066,1120
16318,9,10,16696,1190
16318,9,10,16326,1260
16318,9,10,1,1330
22255,9,10,23742,0
22255,9,10,23372,560
22255,9,10,23002,770
22255,9,10,22632,1050
22255,9,10,22262,1330
19291,9,10,21144,0
19291,9,10,20774,420
19291,9,10,20404,630
19291,9,10,20034,700
19291,9,10,19294,770
19291,9,10,1,840
19644,9,10,22255,0
19644,9,10,21885,490
19644,9,10,21515,700
19644,9,10,21145,980
19644,9,10,20775,1190
19644,9,10,20405,1470
24482,9,10,26338,0
24482,9,10,25968,490
24482,9,10,25598,700
24482,9,10,25228,980
24482,9,10,24858,1190
24482,9,10,24488,1470
16689,9,10,21137,0
16689,9,10,20767,420
16689,9,10,20397,700
16689,9,10,19657,770
16689,9,10,19287,840
16689,9,10,18547,910
16689,9,10,18177,980
16689,9,10,17807,1050
16689,9,10,17067,1120
16689,9,10,16697,1190
16689,9,10,1,1260
27455,9,10,28566,0
27455,9,10,28196,350
27455,9,10,27826,630
27455,9,10,27456,840
27455,9,10,1,1120
20759,9,10,22258,0
20759,9,10,21888,420
20759,9,10,21518,700
20759,9,10,21148,910
20759,9,10,20778,1190
20759,9,10,1,1400
13725,9,10,18169,0
13725,9,10,17799,210
13725,9,10,17429,280
13725,9,10,17059,350
13725,9,10,16689,420
13725,9,10,15949,490
13725,9,10,15579,560
13725,9,10,14839,630
13725,9,10,14469,700
13725,9,10,14099,770
13725,9,10,1,840
31534,9,10,33017,0
31534,9,10,32647,560
31534,9,10,32277,840
31534,9,10,31907,1050
31534,9,10,31537,1330
20402,9,10,21517,0
20402,9,10,21147,350
20402,9,10,20777,630
20402,9,10,1,910
21880,9,10,23371,0
21880,9,10,23001,420
21880,9,10,22631,700
21880,9,10,22261,910
21880,9,10,21891,1190
21880,9,10,1,1400
24853,9,10,26709,0
24853,9,10,26339,420
24853,9,10,25969,700
24853,9,10,25599,910
24853,9,10,25229,1190
24853,9,10,24859,1470
21889,9,10,23371,0
21889,9,10,23001,420
21889,9,10,22631,630
21889,9,10,22261,910
21889,9,10,21891,1120
21889,9,10,1,1400
25968,9,10,27822,0
25968,9,10,27452,490
25968,9,10,27082,770
25968,9,10,26712,980
25968,9,10,26342,1260
25968,9,10,25972,1470
17800,9,10,21510,0
17800,9,10,21140,420
17800,9,10,20770,630
17800,9,10,20400,910
17800,9,10,19660,980
17800,9,10,19290,1050
17800,9,10,18550,1120
17800,9,10,18180,1190
17800,9,10,17810,1260
17800,9,10,1,1330
14836,9,10,20022,0
14836,9,10,19652,210
14836,9,10,19282,280
14836,9,10,18912,350
14836,9,10,18542,420
14836,9,10,17802,490
14836,9,10,17432,560
14836,9,10,16692,630
14836,9,10,16322,700
14836,9,10,15952,770
14836,9,10,15212,840
14836,9,10,14842,910
14836,9,10,1,980
17809,9,10,20770,0
17809,9,10,20030,350
17809,9,10,19660,420
17809,9,10,18920,490
17809,9,10,18550,560
17809,9,10,17810,630
17809,9,10,1,700
23375,9,10,25595,0
23375,9,10,25225,490
23375,9,10,24855,770
23375,9,10,24485,1050
23375,9,10,24115,1260
15207,9,10,20393,0
15207,9,10,20023,210
15207,9,10,19653,280
15207,9,10,19283,350
15207,9,10,18913,420
15207,9,10,18173,490
15207,9,10,17803,560
15207,9,10,17063,630
15207,9,10,16693,700
15207,9,10,16323,770
15207,9,10,15583,840
15207,9,10,15213,910
15207,9,10,1,980
19277,9,10,22254,0
19277,9,10,21884,280
19277,9,10,21514,490
19277,9,10,21144,770
19277,9,10,20774,980
19277,9,10,20404,1260
19277,9,10,19664,1330
19277,9,10,19294,1400
19277,9,10,1,1470
22250,9,10,24482,0
22250,9,10,24112,350
22250,9,10,23742,630
22250,9,10,23372,840
22250,9,10,23002,1120
22250,9,10,22632,1330
27079,9,10,28935,0
27079,9,10,28565,350
27079,9,10,28195,630
27079,9,10,27825,910
27079,9,10,27455,1120
27079,9,10,27085,1400
19286,9,10,21884,0
19286,9,10,21514,350
19286,9,10,21144,560
19286,9,10,20774,840
19286,9,10,20404,1050
19286,9,10,20034,1120
19286,9,10,19294,1190
19286,9,10,1,1260
30052,9,10,30793,0
30052,9,10,30423,560
30052,9,10,30053,770
30052,9,10,1,1050
16322,9,10,20766,0
16322,9,10,20396,350
16322,9,10,19656,420
16322,9,10,19286,490
16322,9,10,18546,560
16322,9,10,18176,630
16322,9,10,17806,700
16322,9,10,17066,770
16322,9,10,16696,840
16322,9,10,1,910
27450,9,10,29306,0
27450,9,10,28936,490
27450,9,10,28566,700
27450,9,10,28196,980
27450,9,10,27826,1190
27450,9,10,27456,1470
20754,9,10,22628,0
20754,9,10,22258,350
20754,9,10,21888,630
20754,9,10,21518,910
20754,9,10,21148,1120
20754,9,10,20778,1400
24486,9,10,25968,0
24486,9,10,25598,560
24486,9,10,25228,840
24486,9,10,24858,1050
24486,9,10,24488,1330
20388,9,10,22257,0
20388,9,10,21887,350
20388,9,10,21517,630
20388,9,10,21147,910
20388,9,10,20777,1120
20388,9,10,1,1400
20397,9,10,21887,0
20397,9,10,21517,560
20397,9,10,21147,840
20397,9,10,20777,1050
20397,9,10,1,1330
17433,9,10,20769,0
17433,9,10,20029,420
17433,9,10,19659,490
17433,9,10,19289,560
17433,9,10,18549,630
17433,9,10,18179,700
17433,9,10,17439,770
17433,9,10,1,840
21875,9,10,23741,0
21875,9,10,23371,490
21875,9,10,23001,770
21875,9,10,22631,980
21875,9,10,22261,1260
21875,9,10,21891,1470
20406,9,10,21147,0
20406,9,10,20777,490
20406,9,10,1,770
21884,9,10,23371,0
21884,9,10,23001,490
21884,9,10,22631,700
21884,9,10,22261,980
21884,9,10,21891,1190
21884,9,10,1,1470
24857,9,10,26339,0
24857,9,10,25969,560
24857,9,10,25599,770
24857,9,10,25229,1050
24857,9,10,24859,1330
25972,9,10,28192,0
25972,9,10,27822,490
25972,9,10,27452,700
25972,9,10,27082,980
25972,9,10,26712,1190
25972,9,10,26342,1470
17804,9,10,20770,0
17804,9,10,20400,490
17804,9,10,19660,560
17804,9,10,19290,630
17804,9,10,18550,700
17804,9,10,18180,770
17804,9,10,17810,840
17804,9,10,1,910
14840,9,10,19282,0
14840,9,10,18912,210
14840,9,10,18542,280
14840,9,10,18172,350
14840,9,10,17802,420
14840,9,10,17062,490
14840,9,10,16692,560
14840,9,10,15952,630
14840,9,10,15582,700
14840,9,10,15212,770
14840,9,10,1,840
29676,9,10,31162,0
29676,9,10,30792,560
29676,9,10,30422,840
29676,9,10,30052,1050
29676,9,10,29682,1330
23004,9,10,25224,0
23004,9,10,24854,490
23004,9,10,24484,770
23004,9,10,24114,980
23004,9,10,23744,1260
23004,9,10,23374,1470
15211,9,10,19653,0
15211,9,10,18913,280
15211,9,10,18543,350
15211,9,10,18173,420
15211,9,10,17433,490
15211,9,10,17063,560
15211,9,10,16323,630
15211,9,10,15953,700
15211,9,10,15583,770
15211,9,10,1,840
30047,9,10,31903,0
30047,9,10,31533,350
30047,9,10,31163,560
30047,9,10,30793,840
30047,9,10,30423,1120
30047,9,10,30053,1330
19281,9,10,21884,0
19281,9,10,21514,280
19281,9,10,21144,560
19281,9,10,20774,840
19281,9,10,20404,1050
19281,9,10,20034,1120
19281,9,10,19294,1190
19281,9,10,1,1260
16317,9,10,21136,0
16317,9,10,20766,420
16317,9,10,20396,700
16317,9,10,19656,770
16317,9,10,19286,840
16317,9,10,18916,910
16317,9,10,18176,980
16317,9,10,17806,1050
16317,9,10,17066,1120
16317,9,10,16696,1190
16317,9,10,16326,1260
16317,9,10,1,1330
27083,9,10,28565,0
27083,9,10,28195,490
27083,9,10,27825,700
27083,9,10,27455,980
27083,9,10,27085,1190
27083,9,10,1,1470
16326,9,10,21876,0
16326,9,10,21506,490
16326,9,10,21136,700
16326,9,10,20766,980
16326,9,10,20026,1260
16326,9,10,19656,1330
16326,9,10,18916,1400
16326,9,10,18546,1470
18915,9,10,21883,0
18915,9,10,21513,280
18915,9,10,21143,490
18915,9,10,20773,770
18915,9,10,20403,980
18915,9,10,20033,1050
18915,9,10,19663,1120
18915,9,10,18923,1190
18915,9,10,1,1260
27454,9,10,28936,0
27454,9,10,28566,560
27454,9,10,28196,770
27454,9,10,27826,1050
27454,9,10,27456,1260
20392,9,10,22257,0
20392,9,10,21887,490
20392,9,10,21517,700
20392,9,10,21147,980
20392,9,10,20777,1190
20392,9,10,20407,1470
17428,9,10,21509,0
17428,9,10,21139,280
17428,9,10,20769,560
17428,9,10,20399,840
17428,9,10,19659,910
17428,9,10,19289,980
17428,9,10,18549,1050
17428,9,10,18179,1120
17428,9,10,17809,1190
17428,9,10,1,1260
13358,9,10,21498,0
13358,9,10,21128,280
13358,9,10,20758,560
13358,9,10,20388,770
13358,9,10,20018,840
13358,9,10,19278,910
13358,9,10,18908,980
13358,9,10,18168,1050
13358,9,10,17798,1120
13358,9,10,17428,1190
13358,9,10,16688,1260
13358,9,10,16318,1330
13358,9,10,15578,1400
13358,9,10,15208,1470
20401,9,10,21517,0
20401,9,10,21147,420
20401,9,10,20777,630
20401,9,10,20407,910
20401,9,10,1,980
21879,9,10,23741,0
21879,9,10,23371,420
21879,9,10,23001,700
21879,9,10,22631,910
21879,9,10,22261,1190
21879,9,10,21891,1400
17437,9,10,20769,0
17437,9,10,20029,350
17437,9,10,19289,420
17437,9,10,18919,490
17437,9,10,18549,560
17437,9,10,17809,630
17437,9,10,17439,700
17437,9,10,1,770
21888,9,10,23371,0
21888,9,10,23001,560
21888,9,10,22631,840
21888,9,10,22261,1050
21888,9,10,21891,1330
28565,9,10,30419,0
28565,9,10,30049,490
28565,9,10,29679,700
28565,9,10,29309,980
28565,9,10,28939,1190
28565,9,10,28569,1470
17799,9,10,21510,0
17799,9,10,21140,420
17799,9,10,20770,630
17799,9,10,20400,910
17799,9,10,19660,980
17799,9,10,19290,1050
17799,9,10,18920,1120
17799,9,10,18180,1190
17799,9,10,17810,1260
17799,9,10,1,1330
14835,9,10,20022,0
14835,9,10,19652,210
14835,9,10,19282,280
14835,9,10,18912,350
14835,9,10,18542,420
14835,9,10,17802,490
14835,9,10,17432,560
14835,9,10,16692,630
14835,9,10,16322,700
14835,9,10,15952,770
14835,9,10,15212,840
14835,9,10,14842,910
14835,9,10,1,980
25601,9,10,27821,0
25601,9,10,27451,420
25601,9,10,27081,700
25601,9,10,26711,980
25601,9,10,26341,1190
25601,9,10,25971,1470
17808,9,10,20770,0
17808,9,10,20400,350
17808,9,10,20030,420
17808,9,10,19660,490
17808,9,10,18920,560
17808,9,10,18550,630
17808,9,10,17810,700
17808,9,10,1,770
29680,9,10,31162,0
29680,9,10,30792,420
29680,9,10,30422,700
29680,9,10,30052,980
29680,9,10,29682,1190
29680,9,10,1,1470
22999,9,10,24854,0
22999,9,10,24484,560
22999,9,10,24114,770
22999,9,10,23744,1050
22999,9,10,23374,1260
20035,9,10,21146,0
20035,9,10,20776,420
20035,9,10,20406,700
20035,9,10,1,770
30051,9,10,31533,0
30051,9,10,31163,490
30051,9,10,30793,700
30051,9,10,30423,980
30051,9,10,30053,1190
30051,9,10,1,1470
18910,9,10,21883,0
18910,9,10,21513,210
18910,9,10,21143,490
18910,9,10,20773,770
18910,9,10,20033,1050
18910,9,10,19663,1120
18910,9,10,18923,1190
18910,9,10,1,1260
18919,9,10,21143,0
18919,9,10,20773,350
18919,9,10,20403,630
18919,9,10,19663,700
18919,9,10,19293,770
18919,9,10,18923,840
18919,9,10,1,910
31163,9,10,33016,0
31163,9,10,32646,350
31163,9,10,32276,630
31163,9,10,31906,840
31163,9,10,31536,1120
31163,9,10,31166,1330
15955,9,10,21875,0
15955,9,10,21505,420
15955,9,10,21135,700
15955,9,10,20765,980
15955,9,10,20395,1190
15955,9,10,20025,1260
15955,9,10,19285,1330
15955,9,10,18915,1400
15955,9,10,18175,1470
24485,9,10,26338,0
24485,9,10,25968,490
24485,9,10,25598,700
24485,9,10,25228,980
24485,9,10,24858,1190
24485,9,10,24488,1470
20387,9,10,22257,0
20387,9,10,21887,560
20387,9,10,21517,840
20387,9,10,21147,1050
20387,9,10,20777,1330
20396,9,10,22257,0
20396,9,10,21887,350
20396,9,10,21517,560
20396,9,10,21147,840
20396,9,10,20777,1050
20396,9,10,20407,1330
20396,9,10,1,1400
17432,9,10,20769,0
17432,9,10,20029,420
17432,9,10,19659,490
17432,9,10,19289,560
17432,9,10,18549,630
17432,9,10,18179,700
17432,9,10,17439,770
17432,9,10,1,840
28198,9,10,30418,0
28198,9,10,30048,490
28198,9,10,29678,700
28198,9,10,29308,980
28198,9,10,28938,1190
28198,9,10,28568,1470
20405,9,10,21147,0
20405,9,10,20777,560
20405,9,10,20407,770
20405,9,10,1,840
21874,9,10,23741,0
21874,9,10,23371,490
21874,9,10,23001,770
21874,9,10,22631,980
21874,9,10,22261,1260
21874,9,10,21891,1470
21517,9,10,23000,0
21517,9,10,22630,420
21517,9,10,22260,630
21517,9,10,21890,910
21517,9,10,21520,1120
21517,9,10,1,1400
25596,9,10,27451,0
25596,9,10,27081,350
25596,9,10,26711,630
25596,9,10,26341,910
25596,9,10,25971,1120
25596,9,10,25601,1400
28569,9,10,30789,0
28569,9,10,30419,420
28569,9,10,30049,700
28569,9,10,29679,910
28569,9,10,29309,1190
28569,9,10,28939,1470
22632,9,10,23743,0
22632,9,10,23373,350
22632,9,10,23003,560
22632,9,10,22633,840
22632,9,10,1,1120
14839,9,10,19652,0
14839,9,10,18912,280
14839,9,10,18542,350
14839,9,10,18172,420
14839,9,10,17802,490
14839,9,10,17062,560
14839,9,10,16692,630
14839,9,10,15952,700
14839,9,10,15582,770
14839,9,10,15212,840
14839,9,10,1,910
20021,9,10,22256,0
20021,9,10,21886,420
20021,9,10,21516,700
20021,9,10,21146,910
20021,9,10,20776,1190
20021,9,10,20406,1400
20021,9,10,20036,1470
20030,9,10,21516,0
20030,9,10,21146,350
20030,9,10,20776,560
20030,9,10,20406,840
20030,9,10,1,910
23003,9,10,24114,0
23003,9,10,23744,420
23003,9,10,23374,630
23003,9,10,23004,840
23003,9,10,1,1120
27082,9,10,28935,0
27082,9,10,28565,420
27082,9,10,28195,630
27082,9,10,27825,910
27082,9,10,27455,1120
27082,9,10,27085,1400
18905,9,10,21883,0
18905,9,10,21513,490
18905,9,10,21143,700
18905,9,10,20773,980
18905,9,10,20403,1190
18905,9,10,20033,1260
18905,9,10,19293,1330
18905,9,10,18923,1400
18905,9,10,1,1470
18914,9,10,21883,0
18914,9,10,21513,280
18914,9,10,21143,490
18914,9,10,20773,770
18914,9,10,20403,980
18914,9,10,20033,1050
18914,9,10,19663,1120
18914,9,10,18923,1190
18914,9,10,1,1260
15950,9,10,20765,0
15950,9,10,20395,280
15950,9,10,20025,350
15950,9,10,19655,420
15950,9,10,18915,490
15950,9,10,18545,560
15950,9,10,17805,630
15950,9,10,17435,700
15950,9,10,17065,770
15950,9,10,16325,840
15950,9,10,15955,910
15950,9,10,1,980
18923,9,10,22623,0
18923,9,10,22253,280
18923,9,10,21883,490
18923,9,10,21513,770
18923,9,10,21143,1050
18923,9,10,20773,1260
12986,9,10,15947,0
12986,9,10,15207,280
12986,9,10,14837,350
12986,9,10,14467,420
12986,9,10,14097,490
12986,9,10,13357,560
12986,9,10,12987,630
12986,9,10,1,700
24114,9,10,25967,0
24114,9,10,25597,490
24114,9,10,25227,700
24114,9,10,24857,980
24114,9,10,24487,1190
24114,9,10,24117,1470
20391,9,10,22257,0
20391,9,10,21887,490
20391,9,10,21517,770
20391,9,10,21147,980
20391,9,10,20777,1260
20391,9,10,20407,1470
17427,9,10,21509,0
17427,9,10,21139,280
17427,9,10,20769,560
17427,9,10,20399,770
17427,9,10,20029,840
17427,9,10,19289,910
17427,9,10,18919,980
17427,9,10,18179,1050
17427,9,10,17809,1120
17427,9,10,17439,1190
17427,9,10,1,1260
28193,9,10,30048,0
28193,9,10,29678,350
28193,9,10,29308,630
28193,9,10,28938,840
28193,9,10,28568,1120
28193,9,10,28198,1330
20400,9,10,21517,0
20400,9,10,21147,350
20400,9,10,20777,630
20400,9,10,1,910
25229,9,10,25970,0
25229,9,10,25600,560
25229,9,10,25230,840
25229,9,10,1,1050
13357,9,10,16688,0
13357,9,10,15948,280
13357,9,10,15578,350
13357,9,10,15208,420
13357,9,10,14838,490
13357,9,10,14098,560
13357,9,10,13728,630
13357,9,10,1,700
17436,9,10,20769,0
17436,9,10,20399,350
17436,9,10,20029,420
17436,9,10,19289,490
17436,9,10,18919,560
17436,9,10,18549,630
17436,9,10,17809,700
17436,9,10,17439,770
17436,9,10,1,840
21503,9,10,23370,0
21503,9,10,23000,420
21503,9,10,22630,630
21503,9,10,22260,910
21503,9,10,21890,1120
21503,9,10,21520,1400
21512,9,10,23000,0
21512,9,10,22630,560
21512,9,10,22260,840
21512,9,10,21890,1050
21512,9,10,21520,1330
18548,9,10,21142,0
18548,9,10,20772,280
18548,9,10,20402,560
18548,9,10,20032,630
18548,9,10,19292,700
18548,9,10,18922,770
18548,9,10,18552,840
18548,9,10,1,910
28564,9,10,30049,0
28564,9,10,29679,560
28564,9,10,29309,840
28564,9,10,28939,1050
28564,9,10,28569,1330
22627,9,10,24853,0
22627,9,10,24483,350
22627,9,10,24113,630
22627,9,10,23743,840
22627,9,10,23373,1120
22627,9,10,23003,1330
25600,9,10,26341,0
25600,9,10,25971,560
25600,9,10,25601,770
25600,9,10,1,1050
14834,9,10,21132,0
14834,9,10,20762,210
14834,9,10,20392,490
14834,9,10,20022,560
14834,9,10,19282,630
14834,9,10,18912,700
14834,9,10,18542,770
14834,9,10,17802,840
14834,9,10,17432,910
14834,9,10,16692,980
14834,9,10,16322,1050
14834,9,10,15952,1120
14834,9,10,15212,1190
14834,9,10,14842,1260
14834,9,10,1,1330
29679,9,10,31532,0
29679,9,10,31162,350
29679,9,10,30792,630
29679,9,10,30422,840
29679,9,10,30052,1120
29679,9,10,29682,1400
14468,9,10,18541,0
14468,9,10,17801,280
14468,9,10,17431,350
14468,9,10,17061,420
14468,9,10,16691,490
14468,9,10,15951,560
14468,9,10,15581,630
14468,9,10,14841,700
14468,9,10,14471,770
14468,9,10,1,840
20016,9,10,22256,0
20016,9,10,21886,490
20016,9,10,21516,770
20016,9,10,21146,1050
20016,9,10,20776,1260
20025,9,10,21886,0
20025,9,10,21516,490
20025,9,10,21146,770
20025,9,10,20776,1050
20025,9,10,20406,1260
20025,9,10,20036,1330
20025,9,10,1,1400
30791,9,10,32645,0
30791,9,10,32275,560
30791,9,10,31905,770
30791,9,10,31535,1050
30791,9,10,31165,1260
22998,9,10,25224,0
22998,9,10,24854,350
22998,9,10,24484,560
22998,9,10,24114,770
22998,9,10,23744,1050
22998,9,10,23374,1330
20034,9,10,21146,0
20034,9,10,20776,490
20034,9,10,20036,770
20034,9,10,1,840
18909,9,10,21883,0
18909,9,10,21513,490
18909,9,10,21143,700
18909,9,10,20773,980
18909,9,10,20403,1190
18909,9,10,20033,1260
18909,9,10,19663,1330
18909,9,10,18923,1400
18909,9,10,1,1470
15945,9,10,21135,0
15945,9,10,20765,420
15945,9,10,20395,700
15945,9,10,19655,770
15945,9,10,19285,840
15945,9,10,18915,910
15945,9,10,18175,980
15945,9,10,17805,1050
15945,9,10,17065,1120
15945,9,10,16695,1190
15945,9,10,16325,1260
15945,9,10,1,1330
26711,9,10,28564,0
26711,9,10,28194,420
26711,9,10,27824,630
26711,9,10,27454,910
26711,9,10,27084,1120
26711,9,10,26714,1400
18918,9,10,21143,0
18918,9,10,20773,350
18918,9,10,20403,630
18918,9,10,19663,700
18918,9,10,19293,770
18918,9,10,18923,840
18918,9,10,1,910
31162,9,10,33016,0
31162,9,10,32646,420
31162,9,10,32276,700
31162,9,10,31906,910
31162,9,10,31536,1190
31162,9,10,31166,1400
15954,9,10,19655,0
15954,9,10,19285,280
15954,9,10,18915,350
15954,9,10,18175,420
15954,9,10,17805,490
15954,9,10,17065,560
15954,9,10,16695,630
15954,9,10,16325,700
15954,9,10,1,770
20386,9,10,22257,0
20386,9,10,21887,560
20386,9,10,21517,840
20386,9,10,21147,1050
20386,9,10,20777,1330
21145,9,10,22629,0
21145,9,10,22259,350
21145,9,10,21889,560
21145,9,10,21519,840
21145,9,10,21149,1120
21145,9,10,1,1330
25224,9,10,27080,0
25224,9,10,26710,420
25224,9,10,26340,630
25224,9,10,25970,910
25224,9,10,25600,1190
25224,9,10,25230,1400
17431,9,10,21509,0
17431,9,10,21139,280
17431,9,10,20769,560
17431,9,10,20399,770
17431,9,10,20029,840
17431,9,10,19289,910
17431,9,10,18919,980
17431,9,10,18179,1050
17431,9,10,17809,1120
17431,9,10,17439,1190
17431,9,10,1,1260
28197,9,10,28938,0
28197,9,10,28568,560
28197,9,10,28198,840
28197,9,10,1,1050
21498,9,10,23370,0
21498,9,10,23000,420
21498,9,10,22630,630
21498,9,10,22260,910
21498,9,10,21890,1120
21498,9,10,21520,1400
21507,9,10,23370,0
21507,9,10,23000,420
21507,9,10,22630,630
21507,9,10,22260,910
21507,9,10,21890,1120
21507,9,10,21520,1400
18543,9,10,21512,0
18543,9,10,21142,490
18543,9,10,20772,700
18543,9,10,20032,980
18543,9,10,19662,1050
18543,9,10,19292,1120
18543,9,10,18552,1190
18543,9,10,1,1260
21516,9,10,23000,0
21516,9,10,22630,350
21516,9,10,22260,630
21516,9,10,21890,840
21516,9,10,21520,1120
21516,9,10,1,1330
15579,9,10,20764,0
15579,9,10,20394,210
15579,9,10,20024,280
15579,9,10,19654,350
15579,9,10,19284,420
15579,9,10,18544,490
15579,9,10,18174,560
15579,9,10,17434,630
15579,9,10,17064,700
15579,9,10,16694,770
15579,9,10,15954,840
15579,9,10,15584,910
15579,9,10,1,980
18552,9,10,22252,0
18552,9,10,21882,490
18552,9,10,21512,700
18552,9,10,21142,980
18552,9,10,20772,1190
18552,9,10,20402,1470
25595,9,10,27451,0
25595,9,10,27081,490
25595,9,10,26711,700
25595,9,10,26341,980
25595,9,10,25971,1190
25595,9,10,25601,1470
22631,9,10,24113,0
22631,9,10,23743,490
22631,9,10,23373,770
22631,9,10,23003,1050
22631,9,10,22633,1260
20020,9,10,22256,0
20020,9,10,21886,420
20020,9,10,21516,700
20020,9,10,21146,980
20020,9,10,20776,1190
20020,9,10,20036,1470
20029,9,10,21516,0
20029,9,10,21146,350
20029,9,10,20776,630
20029,9,10,20406,840
20029,9,10,20036,910
20029,9,10,1,980
18904,9,10,21883,0
18904,9,10,21513,350
18904,9,10,21143,630
18904,9,10,20773,840
18904,9,10,20403,1120
18904,9,10,19663,1190
18904,9,10,19293,1260
18904,9,10,18923,1330
18904,9,10,1,1400
18913,9,10,21883,0
18913,9,10,21513,280
18913,9,10,21143,560
18913,9,10,20773,770
18913,9,10,20403,1050
18913,9,10,19663,1120
18913,9,10,19293,1190
18913,9,10,18923,1260
18913,9,10,1,1330
15949,9,10,20765,0
15949,9,10,20395,280
15949,9,10,20025,350
15949,9,10,19655,420
15949,9,10,18915,490
15949,9,10,18545,560
15949,9,10,17805,630
15949,9,10,17435,700
15949,9,10,17065,770
15949,9,10,16325,840
15949,9,10,15955,910
15949,9,10,1,980
21140,9,10,22629,0
21140,9,10,22259,350
21140,9,10,21889,560
21140,9,10,21519,840
21140,9,10,21149,1050
21140,9,10,1,1330
24113,9,10,25967,0
24113,9,10,25597,560
24113,9,10,25227,840
24113,9,10,24857,1050
24113,9,10,24487,1330
21149,9,10,23369,0
21149,9,10,22999,350
21149,9,10,22629,630
21149,9,10,22259,840
21149,9,10,21889,1120
21149,9,10,21519,1330
28192,9,10,30048,0
28192,9,10,29678,350
28192,9,10,29308,630
28192,9,10,28938,840
28192,9,10,28568,1120
28192,9,10,28198,1330
25228,9,10,26710,0
25228,9,10,26340,490
25228,9,10,25970,770
25228,9,10,25600,980
25228,9,10,25230,1260
21502,9,10,23370,0
21502,9,10,23000,490
21502,9,10,22630,700
21502,9,10,22260,980
21502,9,10,21890,1190
21502,9,10,21520,1470
21511,9,10,23000,0
21511,9,10,22630,560
21511,9,10,22260,770
21511,9,10,21890,1050
21511,9,10,21520,1260
15574,9,10,21134,0
15574,9,10,20764,420
15574,9,10,20394,630
15574,9,10,20024,700
15574,9,10,19284,770
15574,9,10,18914,840
15574,9,10,18544,910
15574,9,10,17804,980
15574,9,10,17434,1050
15574,9,10,16694,1120
15574,9,10,16324,1190
15574,9,10,15954,1260
15574,9,10,1,1330
18547,9,10,21142,0
18547,9,10,20772,280
18547,9,10,20402,560
18547,9,10,20032,630
18547,9,10,19292,700
18547,9,10,18922,770
18547,9,10,18552,840
18547,9,10,1,910
21520,9,10,23740,0
21520,9,10,23370,350
21520,9,10,23000,630
21520,9,10,22630,840
21520,9,10,22260,1120
21520,9,10,21890,1330
15583,9,10,19284,0
15583,9,10,18914,280
15583,9,10,18544,350
15583,9,10,17804,420
15583,9,10,17434,490
15583,9,10,16694,560
15583,9,10,16324,630
15583,9,10,15954,700
15583,9,10,1,770
22626,9,10,24853,0
22626,9,10,24483,350
22626,9,10,24113,630
22626,9,10,23743,840
22626,9,10,23373,1120
22626,9,10,23003,1400
14467,9,10,18911,0
14467,9,10,18541,210
14467,9,10,18171,280
14467,9,10,17801,350
14467,9,10,17431,420
14467,9,10,16691,490
14467,9,10,16321,560
14467,9,10,15581,630
14467,9,10,15211,700
14467,9,10,14841,770
14467,9,10,1,840
20015,9,10,22256,0
20015,9,10,21886,490
20015,9,10,21516,770
20015,9,10,21146,980
20015,9,10,20776,1260
20024,9,10,21886,0
20024,9,10,21516,490
20024,9,10,21146,700
20024,9,10,20776,980
20024,9,10,20406,1190
20024,9,10,20036,1260
20024,9,10,1,1330
30790,9,10,32645,0
30790,9,10,32275,490
30790,9,10,31905,770
30790,9,10,31535,980
30790,9,10,31165,1260
27826,9,10,28937,0
27826,9,10,28567,350
27826,9,10,28197,560
27826,9,10,27827,840
27826,9,10,1,1120
18908,9,10,21883,0
18908,9,10,21513,490
18908,9,10,21143,700
18908,9,10,20773,980
18908,9,10,20403,1190
18908,9,10,20033,1260
18908,9,10,19663,1330
18908,9,10,18923,1400
18908,9,10,1,1470
26710,9,10,28564,0
26710,9,10,28194,490
26710,9,10,27824,700
26710,9,10,27454,980
26710,9,10,27084,1260
26710,9,10,26714,1470
15944,9,10,21135,0
15944,9,10,20765,490
15944,9,10,20395,700
15944,9,10,20025,770
15944,9,10,19285,840
15944,9,10,18915,910
15944,9,10,18545,980
15944,9,10,17805,1050
15944,9,10,17435,1120
15944,9,10,16695,1190
15944,9,10,16325,1260
15944,9,10,15955,1330
15944,9,10,1,1400
23746,9,10,25966,0
23746,9,10,25596,490
23746,9,10,25226,770
23746,9,10,24856,1050
23746,9,10,24486,1260
31161,9,10,33016,0
31161,9,10,32646,420
31161,9,10,32276,630
31161,9,10,31906,910
31161,9,10,31536,1120
31161,9,10,31166,1400
21126,9,10,22999,0
21126,9,10,22629,420
21126,9,10,22259,700
21126,9,10,21889,980
21126,9,10,21519,1190
21126,9,10,21149,1470
17065,9,10,20768,0
17065,9,10,20398,280
17065,9,10,20028,350
17065,9,10,19658,420
17065,9,10,18918,490
17065,9,10,18548,560
17065,9,10,18178,630
17065,9,10,17438,700
17065,9,10,17068,770
17065,9,10,1,840
21135,9,10,22629,0
21135,9,10,22259,560
21135,9,10,21889,770
21135,9,10,21519,1050
21135,9,10,21149,1260
18171,9,10,21511,0
18171,9,10,21141,420
18171,9,10,20771,700
18171,9,10,20031,980
18171,9,10,19661,1050
18171,9,10,18921,1120
18171,9,10,18551,1190
18171,9,10,18181,1260
18171,9,10,1,1330
21144,9,10,22629,0
21144,9,10,22259,350
21144,9,10,21889,560
21144,9,10,21519,840
21144,9,10,21149,1050
21144,9,10,1,1330
24117,9,10,26337,0
24117,9,10,25967,490
24117,9,10,25597,700
24117,9,10,25227,980
24117,9,10,24857,1260
24117,9,10,24487,1470
18180,9,10,20771,0
18180,9,10,20401,350
18180,9,10,20031,420
18180,9,10,19291,490
18180,9,10,18921,560
18180,9,10,18551,630
18180,9,10,1,700
28196,9,10,29678,0
28196,9,10,29308,490
28196,9,10,28938,700
28196,9,10,28568,980
28196,9,10,28198,1260
28196,9,10,1,1470
21506,9,10,23000,0
21506,9,10,22630,420
21506,9,10,22260,630
21506,9,10,21890,910
21506,9,10,21520,1120
21506,9,10,1,1400
18542,9,10,21512,0
18542,9,10,21142,490
18542,9,10,20772,770
18542,9,10,20402,980
18542,9,10,20032,1050
18542,9,10,19292,1120
18542,9,10,18922,1190
18542,9,10,18552,1260
18542,9,10,1,1330
29308,9,10,31161,0
29308,9,10,30791,350
29308,9,10,30421,630
29308,9,10,30051,840
29308,9,10,29681,1120
29308,9,10,29311,1330
21515,9,10,23000,0
21515,9,10,22630,350
21515,9,10,22260,630
21515,9,10,21890,840
21515,9,10,21520,1120
21515,9,10,1,1330
15578,9,10,20764,0
15578,9,10,20024,280
15578,9,10,19654,350
15578,9,10,19284,420
15578,9,10,18544,490
15578,9,10,18174,560
15578,9,10,17434,630
15578,9,10,17064,700
15578,9,10,16694,770
15578,9,10,15954,840
15578,9,10,15584,910
15578,9,10,1,980
18551,9,10,20772,0
18551,9,10,20402,420
18551,9,10,20032,490
18551,9,10,19292,560
18551,9,10,18922,630
18551,9,10,1,700
30423,9,10,31164,0
30423,9,10,30794,560
30423,9,10,30424,770
30423,9,10,1,1050
22630,9,10,24483,0
22630,9,10,24113,490
22630,9,10,23743,700
22630,9,10,23373,980
22630,9,10,23003,1190
22630,9,10,22633,1470
14471,9,10,21501,0
14471,9,10,21131,420
14471,9,10,20761,630
14471,9,10,20391,910
14471,9,10,19651,980
14471,9,10,19281,1050
14471,9,10,18541,1120
14471,9,10,18171,1190
14471,9,10,17801,1260
14471,9,10,17061,1330
14471,9,10,16691,1400
14471,9,10,15951,1470
20019,9,10,22256,0
20019,9,10,21886,420
20019,9,10,21516,700
20019,9,10,21146,910
20019,9,10,20776,1190
20019,9,10,20406,1400
20019,9,10,20036,1470
27821,9,10,29677,0
27821,9,10,29307,420
27821,9,10,28937,700
27821,9,10,28567,910
27821,9,10,28197,1190
27821,9,10,27827,1400
30794,9,10,31905,0
30794,9,10,31535,350
30794,9,10,31165,630
30794,9,10,30795,840
30794,9,10,1,1120
19653,9,10,21885,0
19653,9,10,21515,420
19653,9,10,21145,700
19653,9,10,20775,910
19653,9,10,20405,1190
19653,9,10,19665,1260
19653,9,10,1,1330
19662,9,10,21145,0
19662,9,10,20775,490
19662,9,10,20035,770
19662,9,10,19665,840
19662,9,10,1,910
20768,9,10,22258,0
20768,9,10,21888,350
20768,9,10,21518,630
20768,9,10,21148,840
20768,9,10,20778,1120
20768,9,10,1,1330
23741,9,10,25596,0
23741,9,10,25226,560
23741,9,10,24856,770
23741,9,10,24486,1050
23741,9,10,24116,1260
26714,9,10,28934,0
26714,9,10,28564,420
26714,9,10,28194,700
26714,9,10,27824,980
26714,9,10,27454,1190
26714,9,10,27084,1470
20777,9,10,21148,0
20777,9,10,20778,560
20777,9,10,1,770
17060,9,10,21138,0
17060,9,10,20768,490
17060,9,10,20398,700
17060,9,10,20028,770
17060,9,10,19658,840
17060,9,10,18918,910
17060,9,10,18548,980
17060,9,10,17808,1050
17060,9,10,17438,1120
17060,9,10,17068,1190
17060,9,10,1,1260
21130,9,10,22629,0
21130,9,10,22259,420
21130,9,10,21889,630
21130,9,10,21519,910
21130,9,10,21149,1190
21130,9,10,1,1400
18166,9,10,21881,0
18166,9,10,21511,350
18166,9,10,21141,630
18166,9,10,20771,840
18166,9,10,20401,1120
18166,9,10,19661,1190
18166,9,10,19291,1260
18166,9,10,18921,1330
18166,9,10,18181,1400
18166,9,10,1,1470
14096,9,10,18540,0
14096,9,10,18170,210
14096,9,10,17800,280
14096,9,10,17430,350
14096,9,10,17060,420
14096,9,10,16320,490
14096,9,10,15950,560
14096,9,10,15210,630
14096,9,10,14840,700
14096,9,10,14470,770
14096,9,10,1,840
21139,9,10,22629,0
21139,9,10,22259,560
21139,9,10,21889,770
21139,9,10,21519,1050
21139,9,10,21149,1260
24112,9,10,25967,0
24112,9,10,25597,490
24112,9,10,25227,700
24112,9,10,24857,980
24112,9,10,24487,1190
24112,9,10,24117,1470
18175,9,10,21141,0
18175,9,10,20771,280
18175,9,10,20031,560
18175,9,10,19661,630
18175,9,10,19291,700
18175,9,10,18551,770
18175,9,10,18181,840
18175,9,10,1,910
21148,9,10,21889,0
21148,9,10,21519,420
21148,9,10,21149,700
21148,9,10,1,980
25227,9,10,27080,0
25227,9,10,26710,350
25227,9,10,26340,560
25227,9,10,25970,840
25227,9,10,25600,1120
25227,9,10,25230,1330
21501,9,10,23370,0
21501,9,10,23000,490
21501,9,10,22630,700
21501,9,10,22260,980
21501,9,10,21890,1190
21501,9,10,21520,1470
18537,9,10,21882,0
18537,9,10,21512,420
18537,9,10,21142,700
18537,9,10,20772,910
18537,9,10,20032,1190
18537,9,10,19662,1260
18537,9,10,19292,1330
18537,9,10,18552,1400
18537,9,10,1,1470
26339,9,10,28193,0
26339,9,10,27823,490
26339,9,10,27453,770
26339,9,10,27083,980
26339,9,10,26713,1260
26339,9,10,26343,1470
18546,9,10,21142,0
18546,9,10,20772,350
18546,9,10,20402,560
18546,9,10,20032,630
18546,9,10,19662,700
18546,9,10,18922,770
18546,9,10,18552,840
18546,9,10,1,910
15582,9,10,20024,0
15582,9,10,19654,280
15582,9,10,18914,350
15582,9,10,18544,420
15582,9,10,17804,490
15582,9,10,17434,560
15582,9,10,16694,630
15582,9,10,16324,700
15582,9,10,15954,770
15582,9,10,1,840
30418,9,10,32274,0
30418,9,10,31904,350
30418,9,10,31534,560
30418,9,10,31164,840
30418,9,10,30794,1120
30418,9,10,30424,1330
22259,9,10,24112,0
22259,9,10,23742,420
22259,9,10,23372,700
22259,9,10,23002,910
22259,9,10,22632,1190
22259,9,10,22262,1470
14466,9,10,18911,0
14466,9,10,18541,210
14466,9,10,18171,280
14466,9,10,17801,350
14466,9,10,17431,420
14466,9,10,16691,490
14466,9,10,16321,560
14466,9,10,15581,630
14466,9,10,15211,700
14466,9,10,14841,770
14466,9,10,1,840
30789,9,10,32645,0
30789,9,10,32275,490
30789,9,10,31905,770
30789,9,10,31535,980
30789,9,10,31165,1260
27825,9,10,29307,0
27825,9,10,28937,490
27825,9,10,28567,770
27825,9,10,28197,980
27825,9,10,27827,1260
19657,9,10,21885,0
19657,9,10,21515,420
19657,9,10,21145,700
19657,9,10,20775,910
19657,9,10,20035,1190
19657,9,10,19665,1260
19657,9,10,1,1330
20763,9,10,22258,0
20763,9,10,21888,490
20763,9,10,21518,770
20763,9,10,21148,1050
20763,9,10,20778,1260
16693,9,10,20767,0
16693,9,10,20397,280
16693,9,10,20027,350
16693,9,10,19657,420
16693,9,10,19287,490
16693,9,10,18547,560
16693,9,10,18177,630
16693,9,10,17437,700
16693,9,10,17067,770
16693,9,10,16697,840
16693,9,10,1,910
13729,9,10,21499,0
13729,9,10,21129,280
13729,9,10,20759,560
13729,9,10,20389,770
13729,9,10,20019,840
13729,9,10,19649,910
13729,9,10,18909,980
13729,9,10,18539,1050
13729,9,10,17799,1120
13729,9,10,17429,1190
13729,9,10,17059,1260
13729,9,10,16319,1330
13729,9,10,15949,1400
13729,9,10,15209,1470
26709,9,10,28564,0
26709,9,10,28194,350
26709,9,10,27824,630
26709,9,10,27454,840
26709,9,10,27084,1120
26709,9,10,26714,1400
20772,9,10,21518,0
20772,9,10,21148,420
20772,9,10,20778,700
20772,9,10,1,910
23745,9,10,24856,0
23745,9,10,24486,420
23745,9,10,24116,630
23745,9,10,23746,910
23745,9,10,1,1190
21125,9,10,22999,0
21125,9,10,22629,490
21125,9,10,22259,700
21125,9,10,21889,980
21125,9,10,21519,1260
21125,9,10,21149,1470
17055,9,10,21138,0
17055,9,10,20768,490
17055,9,10,20398,700
17055,9,10,20028,770
17055,9,10,19658,840
17055,9,10,18918,910
17055,9,10,18548,980
17055,9,10,17808,1050
17055,9,10,17438,1120
17055,9,10,17068,1190
17055,9,10,1,1260
21134,9,10,22629,0
21134,9,10,22259,420
21134,9,10,21889,700
21134,9,10,21519,910
21134,9,10,21149,1190
21134,9,10,1,1470
17064,9,10,20768,0
17064,9,10,20398,350
17064,9,10,19658,420
17064,9,10,19288,490
17064,9,10,18918,560
17064,9,10,18178,630
17064,9,10,17808,700
17064,9,10,17068,770
17064,9,10,1,840
28936,9,10,30790,0
28936,9,10,30420,420
28936,9,10,30050,700
28936,9,10,29680,910
28936,9,10,29310,1190
28936,9,10,28940,1470
18170,9,10,21511,0
18170,9,10,21141,490
18170,9,10,20771,700
18170,9,10,20031,980
18170,9,10,19661,1050
18170,9,10,19291,1120
18170,9,10,18551,1190
18170,9,10,18181,1260
18170,9,10,1,1330
21143,9,10,22629,0
21143,9,10,22259,350
21143,9,10,21889,630
21143,9,10,21519,840
21143,9,10,21149,1120
21143,9,10,1,1400
14100,9,10,21500,0
14100,9,10,21130,350
14100,9,10,20760,630
14100,9,10,20390,840
14100,9,10,20020,910
14100,9,10,19280,980
14100,9,10,18910,1050
14100,9,10,18170,1120
14100,9,10,17800,1190
14100,9,10,17430,1260
14100,9,10,16690,1330
14100,9,10,16320,1400
14100,9,10,15580,1470
18179,9,10,20771,0
18179,9,10,20401,420
18179,9,10,20031,490
18179,9,10,19291,560
18179,9,10,18921,630
18179,9,10,18181,700
18179,9,10,1,770
29307,9,10,31161,0
29307,9,10,30791,420
29307,9,10,30421,700
29307,9,10,30051,910
29307,9,10,29681,1190
29307,9,10,29311,1470
23370,9,10,25225,0
23370,9,10,24855,560
23370,9,10,24485,840
23370,9,10,24115,1050
23370,9,10,23745,1330
15577,9,10,20764,0
15577,9,10,20394,210
15577,9,10,20024,280
15577,9,10,19654,350
15577,9,10,19284,420
15577,9,10,18544,490
15577,9,10,18174,560
15577,9,10,17434,630
15577,9,10,17064,700
15577,9,10,16694,770
15577,9,10,15954,840
15577,9,10,15584,910
15577,9,10,1,980
26343,9,10,28563,0
26343,9,10,28193,490
26343,9,10,27823,700
26343,9,10,27453,980
26343,9,10,27083,1190
26343,9,10,26713,1470
30422,9,10,31904,0
30422,9,10,31534,490
30422,9,10,31164,700
30422,9,10,30794,980
30422,9,10,30424,1190
30422,9,10,1,1470
22254,9,10,24112,0
22254,9,10,23742,490
22254,9,10,23372,770
22254,9,10,23002,1050
22254,9,10,22632,1260
19290,9,10,21144,0
19290,9,10,20774,420
19290,9,10,20034,700
19290,9,10,19664,770
19290,9,10,19294,840
19290,9,10,1,910
19652,9,10,21885,0
19652,9,10,21515,420
19652,9,10,21145,700
19652,9,10,20775,910
19652,9,10,20405,1190
19652,9,10,19665,1260
19652,9,10,1,1330
16688,9,10,21137,0
16688,9,10,20767,420
16688,9,10,20397,700
16688,9,10,19657,770
16688,9,10,19287,840
16688,9,10,18547,910
16688,9,10,18177,980
16688,9,10,17807,1050
16688,9,10,17067,1120
16688,9,10,16697,1190
16688,9,10,1,1260
20758,9,10,22628,0
20758,9,10,22258,350
20758,9,10,21888,630
20758,9,10,21518,840
20758,9,10,21148,1120
20758,9,10,20778,1330
19661,9,10,21145,0
19661,9,10,20775,490
19661,9,10,20405,770
19661,9,10,19665,840
19661,9,10,1,910
13724,9,10,18169,0
13724,9,10,17799,210
13724,9,10,17429,280
13724,9,10,17059,350
13724,9,10,16689,420
13724,9,10,15949,490
13724,9,10,15579,560
13724,9,10,14839,630
13724,9,10,14469,700
13724,9,10,14099,770
13724,9,10,1,840
31533,9,10,33387,0
31533,9,10,33017,420
31533,9,10,32647,630
31533,9,10,32277,910
31533,9,10,31907,1190
31533,9,10,31537,1400
20767,9,10,22258,0
20767,9,10,21888,350
20767,9,10,21518,630
20767,9,10,21148,840
20767,9,10,20778,1120
20767,9,10,1,1330
16697,9,10,21877,0
16697,9,10,21507,490
16697,9,10,21137,700
16697,9,10,20767,980
16697,9,10,20397,1190
16697,9,10,20027,1260
16697,9,10,19657,1330
16697,9,10,18917,1400
16697,9,10,18547,1470
23740,9,10,25596,0
23740,9,10,25226,560
23740,9,10,24856,770
23740,9,10,24486,1050
23740,9,10,24116,1260
20776,9,10,21518,0
20776,9,10,21148,350
20776,9,10,20778,560
20776,9,10,1,840
17059,9,10,21138,0
17059,9,10,20768,490
17059,9,10,20398,700
17059,9,10,20028,770
17059,9,10,19658,840
17059,9,10,18918,910
17059,9,10,18548,980
17059,9,10,17808,1050
17059,9,10,17438,1120
17059,9,10,17068,1190
17059,9,10,1,1260
21129,9,10,22999,0
21129,9,10,22629,420
21129,9,10,22259,630
21129,9,10,21889,910
21129,9,10,21519,1120
21129,9,10,21149,1400
18165,9,10,21881,0
18165,9,10,21511,420
18165,9,10,21141,630
18165,9,10,20771,910
18165,9,10,20401,1120
18165,9,10,20031,1190
18165,9,10,19291,1260
18165,9,10,18921,1330
18165,9,10,18551,1400
18165,9,10,1,1470
21138,9,10,22629,0
21138,9,10,22259,560
21138,9,10,21889,770
21138,9,10,21519,1050
21138,9,10,21149,1260
25967,9,10,27822,0
25967,9,10,27452,420
25967,9,10,27082,630
25967,9,10,26712,910
25967,9,10,26342,1120
25967,9,10,25972,1400
31904,9,10,33758,0
31904,9,10,33388,420
31904,9,10,33018,630
31904,9,10,32648,910
31904,9,10,32278,1190
31904,9,10,31908,1400
28940,9,10,31160,0
28940,9,10,30790,420
28940,9,10,30420,700
28940,9,10,30050,910
28940,9,10,29680,1190
28940,9,10,29310,1400
18174,9,10,21141,0
18174,9,10,20771,280
18174,9,10,20031,560
18174,9,10,19661,630
18174,9,10,19291,700
18174,9,10,18551,770
18174,9,10,18181,840
18174,9,10,1,910
26338,9,10,28193,0
26338,9,10,27823,420
26338,9,10,27453,630
26338,9,10,27083,910
26338,9,10,26713,1120
26338,9,10,26343,1400
29311,9,10,31531,0
29311,9,10,31161,420
29311,9,10,30791,700
29311,9,10,30421,910
29311,9,10,30051,1190
29311,9,10,29681,1400
23374,9,10,24485,0
23374,9,10,24115,420
23374,9,10,23745,630
23374,9,10,23375,910
23374,9,10,1,1120
19276,9,10,22254,0
19276,9,10,21884,280
19276,9,10,21514,490
19276,9,10,21144,770
19276,9,10,20774,980
19276,9,10,20404,1260
19276,9,10,19664,1330
19276,9,10,19294,1400
19276,9,10,1,1470
15206,9,10,20393,0
15206,9,10,20023,210
15206,9,10,19653,280
15206,9,10,19283,350
15206,9,10,18913,420
15206,9,10,18173,490
15206,9,10,17803,560
15206,9,10,17063,630
15206,9,10,16693,700
15206,9,10,16323,770
15206,9,10,15583,840
15206,9,10,15213,910
15206,9,10,1,980
22249,9,10,24482,0
22249,9,10,24112,350
22249,9,10,23742,560
22249,9,10,23372,840
22249,9,10,23002,1120
22249,9,10,22632,1330
19285,9,10,21884,0
19285,9,10,21514,280
19285,9,10,21144,560
19285,9,10,20774,840
19285,9,10,20404,1050
19285,9,10,20034,1120
19285,9,10,19294,1190
19285,9,10,1,1260
22258,9,10,24112,0
22258,9,10,23742,560
22258,9,10,23372,770
22258,9,10,23002,1050
22258,9,10,22632,1260
16321,9,10,20766,0
16321,9,10,20396,350
16321,9,10,19656,420
16321,9,10,19286,490
16321,9,10,18546,560
16321,9,10,18176,630
16321,9,10,17806,700
16321,9,10,17066,770
16321,9,10,16696,840
16321,9,10,1,910
19294,9,10,22624,0
19294,9,10,22254,350
19294,9,10,21884,560
19294,9,10,21514,840
19294,9,10,21144,1050
19294,9,10,20774,1330
19647,9,10,22255,0
19647,9,10,21885,350
19647,9,10,21515,630
19647,9,10,21145,840
19647,9,10,20775,1120
19647,9,10,20035,1400
19647,9,10,19665,1470
19656,9,10,21885,0
19656,9,10,21515,420
19656,9,10,21145,630
19656,9,10,20775,910
19656,9,10,20035,1190
19656,9,10,19665,1260
19656,9,10,1,1330
16692,9,10,20767,0
16692,9,10,20397,280
16692,9,10,20027,350
16692,9,10,19657,420
16692,9,10,19287,490
16692,9,10,18547,560
16692,9,10,18177,630
16692,9,10,17437,700
16692,9,10,17067,770
16692,9,10,16697,840
16692,9,10,1,910
20762,9,10,22258,0
20762,9,10,21888,560
20762,9,10,21518,770
20762,9,10,21148,1050
20762,9,10,20778,1260
19665,9,10,22625,0
19665,9,10,22255,420
19665,9,10,21885,700
19665,9,10,21515,910
19665,9,10,21145,1190
19665,9,10,20775,1400
13728,9,10,16689,0
13728,9,10,16319,280
13728,9,10,15949,350
13728,9,10,15209,420
13728,9,10,14839,490
13728,9,10,14099,560
13728,9,10,13729,630
13728,9,10,1,700
20771,9,10,21518,0
20771,9,10,21148,420
20771,9,10,20778,700
20771,9,10,1,910
21124,9,10,22999,0
21124,9,10,22629,490
21124,9,10,22259,700
21124,9,10,21889,980
21124,9,10,21519,1190
21124,9,10,21149,1470
21883,9,10,23741,0
21883,9,10,23371,420
21883,9,10,23001,630
21883,9,10,22631,910
21883,9,10,22261,1190
21883,9,10,21891,1400
17054,9,10,21508,0
17054,9,10,21138,420
17054,9,10,20768,700
17054,9,10,20398,910
17054,9,10,20028,980
17054,9,10,19288,1050
17054,9,10,18918,1120
17054,9,10,18548,1190
17054,9,10,17808,1260
17054,9,10,17438,1330
17054,9,10,1,1400
24856,9,10,26709,0
24856,9,10,26339,420
24856,9,10,25969,700
24856,9,10,25599,980
24856,9,10,25229,1190
24856,9,10,24859,1470
14099,9,10,17060,0
14099,9,10,16690,280
14099,9,10,16320,350
14099,9,10,15580,420
14099,9,10,15210,490
14099,9,10,14470,560
14099,9,10,14100,630
14099,9,10,1,700
28935,9,10,30420,0
28935,9,10,30050,560
28935,9,10,29680,840
28935,9,10,29310,1050
28935,9,10,28940,1330
18169,9,10,21511,0
18169,9,10,21141,420
18169,9,10,20771,700
18169,9,10,20401,910
18169,9,10,20031,980
18169,9,10,19291,1050
18169,9,10,18921,1120
18169,9,10,18181,1190
18169,9,10,1,1260
25971,9,10,26712,0
25971,9,10,26342,560
25971,9,10,25972,840
25971,9,10,1,1050
17803,9,10,20770,0
17803,9,10,20400,490
17803,9,10,19660,560
17803,9,10,19290,630
17803,9,10,18550,700
17803,9,10,18180,770
17803,9,10,17810,840
17803,9,10,1,910
23369,9,10,25595,0
23369,9,10,25225,350
23369,9,10,24855,560
23369,9,10,24485,770
23369,9,10,24115,1050
23369,9,10,23745,1330
26342,9,10,27083,0
26342,9,10,26713,560
26342,9,10,26343,840
26342,9,10,1,1050
15210,9,10,20023,0
15210,9,10,19283,280
15210,9,10,18913,350
15210,9,10,18543,420
15210,9,10,18173,490
15210,9,10,17433,560
15210,9,10,17063,630
15210,9,10,16323,700
15210,9,10,15953,770
15210,9,10,15583,840
15210,9,10,1,910
19280,9,10,22254,0
19280,9,10,21884,280
19280,9,10,21514,490
19280,9,10,21144,770
19280,9,10,20774,1050
19280,9,10,20404,1260
19280,9,10,20034,1330
19280,9,10,19294,1400
19280,9,10,1,1470
22253,9,10,24112,0
22253,9,10,23742,490
22253,9,10,23372,770
22253,9,10,23002,1050
22253,9,10,22632,1260
16316,9,10,21136,0
16316,9,10,20766,490
16316,9,10,20026,770
16316,9,10,19656,840
16316,9,10,18916,910
16316,9,10,18546,980
16316,9,10,18176,1050
16316,9,10,17436,1120
16316,9,10,17066,1190
16316,9,10,16326,1260
16316,9,10,1,1330
19289,9,10,21144,0
19289,9,10,20774,420
19289,9,10,20034,700
19289,9,10,19664,770
19289,9,10,19294,840
19289,9,10,1,910
22262,9,10,24482,0
22262,9,10,24112,490
22262,9,10,23742,770
22262,9,10,23372,980
22262,9,10,23002,1260
22262,9,10,22632,1470
16325,9,10,20026,0
16325,9,10,19656,280
16325,9,10,18916,350
16325,9,10,18546,420
16325,9,10,18176,490
16325,9,10,17436,560
16325,9,10,17066,630
16325,9,10,16326,700
16325,9,10,1,770
19651,9,10,22255,0
19651,9,10,21885,350
19651,9,10,21515,630
19651,9,10,21145,840
19651,9,10,20775,1120
19651,9,10,20035,1400
19651,9,10,19665,1470
16687,9,10,21137,0
16687,9,10,20767,490
16687,9,10,20397,700
16687,9,10,20027,770
16687,9,10,19657,840
16687,9,10,18917,910
16687,9,10,18547,980
16687,9,10,17807,1050
16687,9,10,17437,1120
16687,9,10,17067,1190
16687,9,10,1,1260
20757,9,10,22628,0
20757,9,10,22258,350
20757,9,10,21888,630
20757,9,10,21518,840
20757,9,10,21148,1120
20757,9,10,20778,1330
27453,9,10,29306,0
27453,9,10,28936,490
27453,9,10,28566,700
27453,9,10,28196,980
27453,9,10,27826,1190
27453,9,10,27456,1470
20766,9,10,22258,0
20766,9,10,21888,350
20766,9,10,21518,560
20766,9,10,21148,840
20766,9,10,20778,1050
20766,9,10,1,1330
16696,9,10,20027,0
16696,9,10,19657,280
16696,9,10,18917,350
16696,9,10,18547,420
16696,9,10,18177,490
16696,9,10,17437,560
16696,9,10,17067,630
16696,9,10,1,700
31532,9,10,33387,0
31532,9,10,33017,350
31532,9,10,32647,630
31532,9,10,32277,910
31532,9,10,31907,1120
31532,9,10,31537,1400
21878,9,10,23741,0
21878,9,10,23371,420
21878,9,10,23001,630
21878,9,10,22631,910
21878,9,10,22261,1190
21878,9,10,21891,1400
21887,10,11,23371,0
21887,10,11,23001,560
21887,10,11,22631,840
21887,10,11,22261,1050
21887,10,11,21891,1330
25966,10,11,27822,0
25966,10,11,27452,420
25966,10,11,27082,700
25966,10,11,26712,980
25966,10,11,26342,1190
25966,10,11,25972,1470
28939,10,11,29680,0
28939,10,11,29310,490
28939,10,11,28940,700
28939,10,11,1,980
17798,10,11,21510,0
17798,10,11,21140,350
17798,10,11,20770,630
17798,10,11,20400,840
17798,10,11,20030,910
17798,10,11,19290,980
17798,10,11,18920,1050
17798,10,11,18180,1120
17798,10,11,17810,1190
17798,10,11,1,1260
17807,10,11,20770,0
17807,10,11,20400,420
17807,10,11,20030,490
17807,10,11,19290,560
17807,10,11,18920,630
17807,10,11,18550,700
17807,10,11,17810,770
17807,10,11,1,840
23373,10,11,24855,0
23373,10,11,24485,560
23373,10,11,24115,770
23373,10,11,23745,1050
23373,10,11,23375,1330
30050,10,11,31533,0
30050,10,11,31163,560
30050,10,11,30793,840
30050,10,11,30423,1050
30050,10,11,30053,1330
19284,10,11,21884,0
19284,10,11,21514,350
19284,10,11,21144,560
19284,10,11,20774,840
19284,10,11,20404,1050
19284,10,11,20034,1120
19284,10,11,19664,1190
19284,10,11,1,1260
16320,10,11,20766,0
16320,10,11,20396,280
16320,10,11,20026,350
16320,10,11,19656,420
16320,10,11,19286,490
16320,10,11,18546,560
16320,10,11,18176,630
16320,10,11,17436,700
16320,10,11,17066,770
16320,10,11,16696,840
16320,10,11,1,910
19293,10,11,20774,0
19293,10,11,20404,490
19293,10,11,20034,560
19293,10,11,19294,630
19293,10,11,1,700
24484,10,11,26338,0
24484,10,11,25968,560
24484,10,11,25598,770
24484,10,11,25228,1050
24484,10,11,24858,1260
20761,10,11,22258,0
20761,10,11,21888,490
20761,10,11,21518,770
20761,10,11,21148,980
20761,10,11,20778,1260
31536,10,11,32277,0
31536,10,11,31907,420
31536,10,11,31537,630
31536,10,11,1,910
20395,10,11,21887,0
20395,10,11,21517,490
20395,10,11,21147,770
20395,10,11,20777,980
20395,10,11,20407,1260
20395,10,11,1,1330
21873,10,11,23741,0
21873,10,11,23371,420
21873,10,11,23001,630
21873,10,11,22631,910
21873,10,11,22261,1120
21873,10,11,21891,1400
20404,10,11,21517,0
20404,10,11,21147,350
20404,10,11,20777,560
20404,10,11,20407,840
20404,10,11,1,910
21882,10,11,23741,0
21882,10,11,23371,420
21882,10,11,23001,630
21882,10,11,22631,910
21882,10,11,22261,1120
21882,10,11,21891,1400
32648,10,11,34130,0
32648,10,11,33760,350
32648,10,11,33390,630
32648,10,11,33020,840
32648,10,11,32650,1120
32648,10,11,1,1330
24855,10,11,26709,0
24855,10,11,26339,490
24855,10,11,25969,770
24855,10,11,25599,1050
24855,10,11,25229,1260
21891,10,11,24111,0
21891,10,11,23741,350
21891,10,11,23371,630
21891,10,11,23001,840
21891,10,11,22631,1120
21891,10,11,22261,1400
28934,10,11,30420,0
28934,10,11,30050,490
28934,10,11,29680,770
28934,10,11,29310,980
28934,10,11,28940,1260
25970,10,11,27452,0
25970,10,11,27082,490
25970,10,11,26712,700
25970,10,11,26342,980
25970,10,11,25972,1190
25970,10,11,1,1470
17802,10,11,21510,0
17802,10,11,21140,350
17802,10,11,20770,560
17802,10,11,20400,840
17802,10,11,19660,910
17802,10,11,19290,980
17802,10,11,18920,1050
17802,10,11,18180,1120
17802,10,11,17810,1190
17802,10,11,1,1260
28568,10,11,29309,0
28568,10,11,28939,490
28568,10,11,28569,700
28568,10,11,1,980
14838,10,11,19652,0
14838,10,11,19282,280
14838,10,11,18912,350
14838,10,11,18172,420
14838,10,11,17802,490
14838,10,11,17062,560
14838,10,11,16692,630
14838,10,11,16322,700
14838,10,11,15582,770
14838,10,11,15212,840
14838,10,11,1,910
23002,10,11,24484,0
23002,10,11,24114,490
23002,10,11,23744,770
23002,10,11,23374,980
23002,10,11,23004,1260
15209,10,11,20023,0
15209,10,11,19653,280
15209,10,11,19283,350
15209,10,11,18543,420
15209,10,11,18173,490
15209,10,11,17433,560
15209,10,11,17063,630
15209,10,11,16693,700
15209,10,11,15953,770
15209,10,11,15583,840
15209,10,11,1,910
16315,10,11,21136,0
16315,10,11,20766,490
16315,10,11,20396,700
16315,10,11,20026,770
16315,10,11,19656,840
16315,10,11,18916,910
16315,10,11,18546,980
16315,10,11,17806,1050
16315,10,11,17436,1120
16315,10,11,17066,1190
16315,10,11,16326,1260
16315,10,11,1,1330
27081,10,11,28935,0
27081,10,11,28565,490
27081,10,11,28195,700
27081,10,11,27825,980
27081,10,11,27455,1190
27081,10,11,27085,1470
19288,10,11,21144,0
19288,10,11,20774,420
19288,10,11,20034,700
19288,10,11,19664,770
19288,10,11,1,840
16324,10,11,20396,0
16324,10,11,19656,280
16324,10,11,19286,350
16324,10,11,18916,420
16324,10,11,18546,490
16324,10,11,17806,560
16324,10,11,17436,630
16324,10,11,16696,700
16324,10,11,16326,770
16324,10,11,1,840
18922,10,11,20773,0
18922,10,11,20033,490
18922,10,11,19663,560
18922,10,11,18923,630
18922,10,11,1,700
27452,10,11,29306,0
27452,10,11,28936,490
27452,10,11,28566,770
27452,10,11,28196,980
27452,10,11,27826,1260
27452,10,11,27456,1470
24488,10,11,26708,0
24488,10,11,26338,490
24488,10,11,25968,700
24488,10,11,25598,980
24488,10,11,25228,1190
24488,10,11,24858,1470
31531,10,11,33017,0
31531,10,11,32647,560
31531,10,11,32277,840
31531,10,11,31907,1050
31531,10,11,31537,1330
20390,10,11,22257,0
20390,10,11,21887,420
20390,10,11,21517,700
20390,10,11,21147,980
20390,10,11,20777,1190
20390,10,11,1,1470
17426,10,11,21509,0
17426,10,11,21139,210
17426,10,11,20769,490
17426,10,11,20399,770
17426,10,11,19659,840
17426,10,11,19289,910
17426,10,11,18549,980
17426,10,11,18179,1050
17426,10,11,17809,1120
17426,10,11,1,1190
20399,10,11,21887,0
20399,10,11,21517,490
20399,10,11,21147,770
20399,10,11,20777,980
20399,10,11,20407,1260
20399,10,11,1,1330
17435,10,11,20769,0
17435,10,11,20399,350
17435,10,11,20029,420
17435,10,11,19659,490
17435,10,11,18919,560
17435,10,11,18549,630
17435,10,11,17809,700
17435,10,11,17439,770
17435,10,11,1,840
21877,10,11,23741,0
21877,10,11,23371,490
21877,10,11,23001,700
21877,10,11,22631,980
21877,10,11,22261,1190
21877,10,11,21891,1470
21886,10,11,23371,0
21886,10,11,23001,560
21886,10,11,22631,770
21886,10,11,22261,1050
21886,10,11,21891,1260
17797,10,11,21510,0
17797,10,11,21140,350
17797,10,11,20770,630
17797,10,11,20400,840
17797,10,11,20030,910
17797,10,11,19290,980
17797,10,11,18920,1050
17797,10,11,18180,1120
17797,10,11,17810,1190
17797,10,11,1,1260
28563,10,11,30049,0
28563,10,11,29679,490
28563,10,11,29309,770
28563,10,11,28939,1050
28563,10,11,28569,1260
25599,10,11,27081,0
25599,10,11,26711,490
25599,10,11,26341,700
25599,10,11,25971,980
25599,10,11,25601,1190
25599,10,11,1,1470
17806,10,11,20770,0
17806,10,11,20030,490
17806,10,11,19660,560
17806,10,11,18920,630
17806,10,11,18550,700
17806,10,11,18180,770
17806,10,11,1,840
14842,10,11,21872,0
14842,10,11,21502,280
14842,10,11,21132,560
14842,10,11,20762,770
14842,10,11,20022,1050
14842,10,11,19652,1120
14842,10,11,19282,1190
14842,10,11,18542,1260
14842,10,11,18172,1330
14842,10,11,17432,1400
14842,10,11,17062,1470
29678,10,11,31532,0
29678,10,11,31162,420
29678,10,11,30792,630
29678,10,11,30422,910
29678,10,11,30052,1120
29678,10,11,29682,1400
34129,10,11,35984,0
34129,10,11,35614,420
34129,10,11,35244,630
34129,10,11,34874,910
34129,10,11,34504,1120
34129,10,11,34134,1400
20033,10,11,21146,0
20033,10,11,20776,560
20033,10,11,20406,770
20033,10,11,20036,840
20033,10,11,1,910
30049,10,11,31903,0
30049,10,11,31533,420
30049,10,11,31163,700
30049,10,11,30793,910
30049,10,11,30423,1190
30049,10,11,30053,1400
16319,10,11,20766,0
16319,10,11,20396,280
16319,10,11,20026,350
16319,10,11,19656,420
16319,10,11,19286,490
16319,10,11,18546,560
16319,10,11,18176,630
16319,10,11,17436,700
16319,10,11,17066,770
16319,10,11,16696,840
16319,10,11,1,910
27085,10,11,29305,0
27085,10,11,28935,420
27085,10,11,28565,700
27085,10,11,28195,910
27085,10,11,27825,1190
27085,10,11,27455,1400
18917,10,11,21143,0
18917,10,11,20773,350
18917,10,11,20403,630
18917,10,11,19663,700
18917,10,11,19293,770
18917,10,11,1,840
15953,10,11,20025,0
15953,10,11,19285,350
15953,10,11,18545,420
15953,10,11,18175,490
15953,10,11,17435,560
15953,10,11,17065,630
15953,10,11,16695,700
15953,10,11,15955,770
15953,10,11,1,840
24483,10,11,26338,0
24483,10,11,25968,420
24483,10,11,25598,700
24483,10,11,25228,910
24483,10,11,24858,1190
24483,10,11,24488,1470
20394,10,11,21887,0
20394,10,11,21517,490
20394,10,11,21147,770
20394,10,11,20777,980
20394,10,11,20407,1260
20394,10,11,1,1330
21872,10,11,23741,0
21872,10,11,23371,420
21872,10,11,23001,630
21872,10,11,22631,910
21872,10,11,22261,1120
21872,10,11,21891,1400
17430,10,11,21509,0
17430,10,11,21139,210
17430,10,11,20769,490
17430,10,11,20399,770
17430,10,11,19659,840
17430,10,11,19289,910
17430,10,11,18549,980
17430,10,11,18179,1050
17430,10,11,17809,1120
17430,10,11,1,1190
20403,10,11,21517,0
20403,10,11,21147,350
20403,10,11,20777,630
20403,10,11,20407,840
20403,10,11,1,910
17439,10,11,22249,0
17439,10,11,21879,280
17439,10,11,21509,490
17439,10,11,21139,770
17439,10,11,20769,1050
17439,10,11,20399,1260
17439,10,11,20029,1330
17439,10,11,19289,1400
17439,10,11,18919,1470
21881,10,11,23371,0
21881,10,11,23001,420
21881,10,11,22631,630
21881,10,11,22261,910
21881,10,11,21891,1120
21881,10,11,1,1400
32647,10,11,34130,0
32647,10,11,33760,490
32647,10,11,33390,770
32647,10,11,33020,1050
32647,10,11,32650,1260
17801,10,11,21510,0
17801,10,11,21140,350
17801,10,11,20770,630
17801,10,11,20400,840
17801,10,11,20030,910
17801,10,11,19290,980
17801,10,11,18920,1050
17801,10,11,18180,1120
17801,10,11,17810,1190
17801,10,11,1,1260
28567,10,11,30049,0
28567,10,11,29679,420
28567,10,11,29309,630
28567,10,11,28939,910
28567,10,11,28569,1120
28567,10,11,1,1400
14837,10,11,19652,0
14837,10,11,19282,280
14837,10,11,18912,350
14837,10,11,18172,420
14837,10,11,17802,490
14837,10,11,17062,560
14837,10,11,16692,630
14837,10,11,16322,700
14837,10,11,15582,770
14837,10,11,15212,840
14837,10,11,1,910
29682,10,11,31902,0
29682,10,11,31532,350
29682,10,11,31162,630
29682,10,11,30792,840
29682,10,11,30422,1120
29682,10,11,30052,1400
20028,10,11,21886,0
20028,10,11,21516,490
20028,10,11,21146,700
20028,10,11,20776,980
20028,10,11,20406,1190
20028,10,11,20036,1260
20028,10,11,1,1330
23001,10,11,24854,0
23001,10,11,24484,490
23001,10,11,24114,700
23001,10,11,23744,980
23001,10,11,23374,1190
23001,10,11,23004,1470
27080,10,11,28565,0
27080,10,11,28195,560
27080,10,11,27825,840
27080,10,11,27455,1050
27080,10,11,27085,1330
18912,10,11,21883,0
18912,10,11,21513,280
18912,10,11,21143,560
18912,10,11,20773,770
18912,10,11,20403,1050
18912,10,11,19663,1120
18912,10,11,19293,1190
18912,10,11,18923,1260
18912,10,11,1,1330
15948,10,11,20765,0
15948,10,11,20395,280
15948,10,11,20025,350
15948,10,11,19285,420
15948,10,11,18915,490
15948,10,11,18545,560
15948,10,11,17805,630
15948,10,11,17435,700
15948,10,11,16695,770
15948,10,11,16325,840
15948,10,11,15955,910
15948,10,11,1,980
18921,10,11,21143,0
18921,10,11,20773,280
18921,10,11,20403,490
18921,10,11,20033,560
18921,10,11,19663,630
18921,10,11,18923,700
18921,10,11,1,770
31165,10,11,31906,0
31165,10,11,31536,420
31165,10,11,31166,700
31165,10,11,1,910
20389,10,11,22257,0
20389,10,11,21887,420
20389,10,11,21517,700
20389,10,11,21147,980
20389,10,11,20777,1190
20389,10,11,1,1470
17425,10,11,21509,0
17425,10,11,21139,490
17425,10,11,20769,700
17425,10,11,20029,980
17425,10,11,19659,1050
17425,10,11,19289,1120
17425,10,11,18549,1190
17425,10,11,18179,1260
17425,10,11,17439,1330
17425,10,11,1,1400
20398,10,11,21887,0
20398,10,11,21517,490
20398,10,11,21147,770
20398,10,11,20777,980
20398,10,11,20407,1260
20398,10,11,1,1330
17434,10,11,20769,0
17434,10,11,20399,350
17434,10,11,20029,420
17434,10,11,19659,490
17434,10,11,18919,560
17434,10,11,18549,630
17434,10,11,17809,700
17434,10,11,17439,770
17434,10,11,1,840
21876,10,11,23741,0
21876,10,11,23371,490
21876,10,11,23001,700
21876,10,11,22631,980
21876,10,11,22261,1190
21876,10,11,21891,1470
21510,10,11,23000,0
21510,10,11,22630,490
21510,10,11,22260,770
21510,10,11,21890,1050
21510,10,11,21520,1260
21519,10,11,22260,0
21519,10,11,21890,420
21519,10,11,21520,700
21519,10,11,1,910
17796,10,11,21880,0
17796,10,11,21510,280
17796,10,11,21140,560
17796,10,11,20770,770
17796,10,11,20400,1050
17796,10,11,19660,1120
17796,10,11,19290,1190
17796,10,11,18920,1260
17796,10,11,18180,1330
17796,10,11,17810,1400
17796,10,11,1,1470
22625,10,11,24853,0
22625,10,11,24483,350
22625,10,11,24113,630
22625,10,11,23743,840
22625,10,11,23373,1120
22625,10,11,23003,1400
25598,10,11,27451,0
25598,10,11,27081,350
25598,10,11,26711,630
25598,10,11,26341,910
25598,10,11,25971,1120
25598,10,11,25601,1400
29677,10,11,31162,0
29677,10,11,30792,490
29677,10,11,30422,770
29677,10,11,30052,1050
29677,10,11,29682,1260
20023,10,11,21886,0
20023,10,11,21516,420
20023,10,11,21146,700
20023,10,11,20776,980
20023,10,11,20406,1190
20023,10,11,20036,1260
20023,10,11,1,1330
20032,10,11,21516,0
20032,10,11,21146,350
20032,10,11,20776,560
20032,10,11,20036,840
20032,10,11,1,910
27084,10,11,27825,0
27084,10,11,27455,560
27084,10,11,27085,770
27084,10,11,1,1050
18916,10,11,21143,0
18916,10,11,20773,350
18916,10,11,20403,630
18916,10,11,19663,700
18916,10,11,19293,770
18916,10,11,1,840
15952,10,11,20765,0
15952,10,11,20025,280
15952,10,11,19655,350
15952,10,11,19285,420
15952,10,11,18545,490
15952,10,11,18175,560
15952,10,11,17805,630
15952,10,11,17065,700
15952,10,11,16695,770
15952,10,11,15955,840
15952,10,11,1,910
31160,10,11,33016,0
31160,10,11,32646,350
31160,10,11,32276,630
31160,10,11,31906,840
31160,10,11,31536,1120
31160,10,11,31166,1330
32275,10,11,34129,0
32275,10,11,33759,350
32275,10,11,33389,630
32275,10,11,33019,840
32275,10,11,32649,1120
32275,10,11,32279,1400
24116,10,11,25227,0
24116,10,11,24857,420
24116,10,11,24487,630
24116,10,11,24117,840
24116,10,11,1,1120
20393,10,11,22257,0
20393,10,11,21887,420
20393,10,11,21517,700
20393,10,11,21147,980
20393,10,11,20777,1190
20393,10,11,20407,1470
17429,10,11,21509,0
17429,10,11,21139,280
17429,10,11,20769,560
17429,10,11,20399,770
17429,10,11,20029,840
17429,10,11,19659,910
17429,10,11,18919,980
17429,10,11,18549,1050
17429,10,11,17809,1120
17429,10,11,17439,1190
17429,10,11,1,1260
28195,10,11,30048,0
28195,10,11,29678,350
28195,10,11,29308,630
28195,10,11,28938,840
28195,10,11,28568,1120
28195,10,11,28198,1330
32646,10,11,34500,0
32646,10,11,34130,350
32646,10,11,33760,630
32646,10,11,33390,840
32646,10,11,33020,1120
32646,10,11,32650,1400
17438,10,11,20399,0
17438,10,11,20029,280
17438,10,11,19289,350
17438,10,11,18919,420
17438,10,11,18179,490
17438,10,11,17809,560
17438,10,11,1,630
21505,10,11,23000,0
21505,10,11,22630,420
21505,10,11,22260,630
21505,10,11,21890,910
21505,10,11,21520,1120
21505,10,11,1,1400
18541,10,11,21512,0
18541,10,11,21142,490
18541,10,11,20772,770
18541,10,11,20402,980
18541,10,11,20032,1050
18541,10,11,19292,1120
18541,10,11,18922,1190
18541,10,11,18552,1260
18541,10,11,1,1330
21514,10,11,23000,0
21514,10,11,22630,560
21514,10,11,22260,770
21514,10,11,21890,1050
21514,10,11,21520,1260
18550,10,11,20772,0
18550,10,11,20032,490
18550,10,11,19662,560
18550,10,11,19292,630
18550,10,11,18552,700
18550,10,11,1,770
28566,10,11,30049,0
28566,10,11,29679,560
28566,10,11,29309,840
28566,10,11,28939,1050
28566,10,11,28569,1330
22629,10,11,24483,0
22629,10,11,24113,560
22629,10,11,23743,770
22629,10,11,23373,1050
22629,10,11,23003,1260
29681,10,11,30422,0
29681,10,11,30052,490
29681,10,11,29682,700
29681,10,11,1,980
14470,10,11,17431,0
14470,10,11,16691,280
14470,10,11,16321,350
14470,10,11,15951,420
14470,10,11,15581,490
14470,10,11,14841,560
14470,10,11,14471,630
14470,10,11,1,700
20018,10,11,22256,0
20018,10,11,21886,420
20018,10,11,21516,630
20018,10,11,21146,910
20018,10,11,20776,1120
20018,10,11,20406,1400
20018,10,11,20036,1470
30793,10,11,32275,0
30793,10,11,31905,490
30793,10,11,31535,700
30793,10,11,31165,980
30793,10,11,30795,1190
30793,10,11,1,1470
20027,10,11,21886,0
20027,10,11,21516,490
20027,10,11,21146,700
20027,10,11,20776,980
20027,10,11,20406,1190
20027,10,11,20036,1260
20027,10,11,1,1330
23000,10,11,24854,0
23000,10,11,24484,560
23000,10,11,24114,770
23000,10,11,23744,1050
23000,10,11,23374,1260
20036,10,11,22626,0
20036,10,11,22256,490
20036,10,11,21886,700
20036,10,11,21516,980
20036,10,11,21146,1190
20036,10,11,20776,1470
18911,10,11,21513,0
18911,10,11,21143,490
18911,10,11,20773,770
18911,10,11,20403,980
18911,10,11,20033,1050
18911,10,11,19293,1120
18911,10,11,18923,1190
18911,10,11,1,1260
15947,10,11,21135,0
15947,10,11,20765,420
15947,10,11,20395,630
15947,10,11,20025,700
15947,10,11,19285,770
15947,10,11,18915,840
15947,10,11,18545,910
15947,10,11,17805,980
15947,10,11,17435,1050
15947,10,11,16695,1120
15947,10,11,16325,1190
15947,10,11,15955,1260
15947,10,11,1,1330
26713,10,11,27454,0
26713,10,11,27084,560
26713,10,11,26714,770
26713,10,11,1,1050
18920,10,11,21143,0
18920,10,11,20773,350
18920,10,11,20403,560
18920,10,11,20033,630
18920,10,11,19663,700
18920,10,11,18923,770
18920,10,11,1,840
31164,10,11,32646,0
31164,10,11,32276,350
31164,10,11,31906,630
31164,10,11,31536,840
31164,10,11,31166,1120
31164,10,11,1,1330
32279,10,11,34499,0
32279,10,11,34129,350
32279,10,11,33759,630
32279,10,11,33389,840
32279,10,11,33019,1120
32279,10,11,32649,1330
17068,10,11,21878,0
17068,10,11,21508,490
17068,10,11,21138,700
17068,10,11,20768,980
17068,10,11,20398,1190
17068,10,11,20028,1260
17068,10,11,19658,1330
17068,10,11,18918,1400
17068,10,11,18548,1470
24111,10,11,25967,0
24111,10,11,25597,420
24111,10,11,25227,700
24111,10,11,24857,910
24111,10,11,24487,1190
24111,10,11,24117,1470
21147,10,11,21889,0
21147,10,11,21519,420
21147,10,11,21149,700
21147,10,11,1,910
25226,10,11,27080,0
25226,10,11,26710,420
25226,10,11,26340,700
25226,10,11,25970,980
25226,10,11,25600,1190
25226,10,11,25230,1470
21500,10,11,23370,0
21500,10,11,23000,490
21500,10,11,22630,700
21500,10,11,22260,980
21500,10,11,21890,1190
21500,10,11,21520,1470
21509,10,11,23000,0
21509,10,11,22630,420
21509,10,11,22260,700
21509,10,11,21890,910
21509,10,11,21520,1190
21509,10,11,1,1470
18545,10,11,21142,0
18545,10,11,20772,280
18545,10,11,20402,560
18545,10,11,20032,630
18545,10,11,19292,700
18545,10,11,18922,770
18545,10,11,1,840
21518,10,11,23000,0
21518,10,11,22630,420
21518,10,11,22260,630
21518,10,11,21890,840
21518,10,11,21520,1120
21518,10,11,1,1400
15581,10,11,20394,0
15581,10,11,19654,280
15581,10,11,19284,350
15581,10,11,18914,420
15581,10,11,18174,490
15581,10,11,17804,560
15581,10,11,17434,630
15581,10,11,16694,700
15581,10,11,16324,770
15581,10,11,15584,840
15581,10,11,1,910
22624,10,11,24853,0
22624,10,11,24483,350
22624,10,11,24113,630
22624,10,11,23743,840
22624,10,11,23373,1120
22624,10,11,23003,1330
25597,10,11,27451,0
25597,10,11,27081,490
25597,10,11,26711,700
25597,10,11,26341,980
25597,10,11,25971,1190
25597,10,11,25601,1470
22633,10,11,24853,0
22633,10,11,24483,490
22633,10,11,24113,770
22633,10,11,23743,980
22633,10,11,23373,1260
22633,10,11,23003,1470
14465,10,11,18541,0
14465,10,11,18171,280
14465,10,11,17801,350
14465,10,11,17061,420
14465,10,11,16691,490
14465,10,11,16321,560
14465,10,11,15581,630
14465,10,11,15211,700
14465,10,11,14471,770
14465,10,11,1,840
20022,10,11,22256,0
20022,10,11,21886,420
20022,10,11,21516,630
20022,10,11,21146,910
20022,10,11,20776,1190
20022,10,11,20406,1400
20022,10,11,20036,1470
27824,10,11,29677,0
27824,10,11,29307,350
27824,10,11,28937,630
27824,10,11,28567,910
27824,10,11,28197,1120
27824,10,11,27827,1400
20031,10,11,21516,0
20031,10,11,21146,350
20031,10,11,20776,560
20031,10,11,20036,840
20031,10,11,1,910
18906,10,11,21883,0
18906,10,11,21513,420
18906,10,11,21143,700
18906,10,11,20773,910
18906,10,11,20403,1190
18906,10,11,19663,1260
18906,10,11,19293,1330
18906,10,11,18923,1400
18906,10,11,1,1470
26708,10,11,28564,0
26708,10,11,28194,420
26708,10,11,27824,630
26708,10,11,27454,910
26708,10,11,27084,1120
26708,10,11,26714,1400
23744,10,11,25226,0
23744,10,11,24856,560
23744,10,11,24486,840
23744,10,11,24116,1050
23744,10,11,23746,1330
15951,10,11,20765,0
15951,10,11,20395,280
15951,10,11,20025,350
15951,10,11,19285,420
15951,10,11,18915,490
15951,10,11,18175,560
15951,10,11,17805,630
15951,10,11,17435,700
15951,10,11,16695,770
15951,10,11,16325,840
15951,10,11,1,910
12987,10,11,21127,0
12987,10,11,20757,420
12987,10,11,20017,700
12987,10,11,19647,770
12987,10,11,19277,840
12987,10,11,18537,910
12987,10,11,18167,980
12987,10,11,17427,1050
12987,10,11,17057,1120
12987,10,11,16687,1190
12987,10,11,15947,1260
12987,10,11,15577,1330
12987,10,11,14837,1400
12987,10,11,14467,1470
32274,10,11,34129,0
32274,10,11,33759,350
32274,10,11,33389,560
32274,10,11,33019,840
32274,10,11,32649,1120
32274,10,11,32279,1330
21133,10,11,22999,0
21133,10,11,22629,420
21133,10,11,22259,630
21133,10,11,21889,840
21133,10,11,21519,1120
21133,10,11,21149,1330
17063,10,11,20768,0
17063,10,11,20398,280
17063,10,11,20028,350
17063,10,11,19658,420
17063,10,11,19288,490
17063,10,11,18548,560
17063,10,11,18178,630
17063,10,11,17438,700
17063,10,11,17068,770
17063,10,11,1,840
21142,10,11,22629,0
21142,10,11,22259,350
21142,10,11,21889,630
21142,10,11,21519,840
21142,10,11,21149,1120
21142,10,11,1,1400
24115,10,11,25597,0
24115,10,11,25227,560
24115,10,11,24857,770
24115,10,11,24487,1050
24115,10,11,24117,1330
18178,10,11,20771,0
18178,10,11,20401,490
18178,10,11,19661,560
18178,10,11,19291,630
18178,10,11,18921,700
18178,10,11,18181,770
18178,10,11,1,840
28194,10,11,30048,0
28194,10,11,29678,420
28194,10,11,29308,700
28194,10,11,28938,910
28194,10,11,28568,1190
28194,10,11,28198,1400
25230,10,11,27450,0
25230,10,11,27080,420
25230,10,11,26710,630
25230,10,11,26340,910
25230,10,11,25970,1120
25230,10,11,25600,1400
21504,10,11,23370,0
21504,10,11,23000,420
21504,10,11,22630,630
21504,10,11,22260,910
21504,10,11,21890,1120
21504,10,11,21520,1400
29306,10,11,30791,0
29306,10,11,30421,490
29306,10,11,30051,770
29306,10,11,29681,980
29306,10,11,29311,1260
18540,10,11,21512,0
18540,10,11,21142,420
18540,10,11,20772,700
18540,10,11,20032,980
18540,10,11,19662,1050
18540,10,11,18922,1120
18540,10,11,18552,1190
18540,10,11,1,1260
21513,10,11,23000,0
21513,10,11,22630,560
21513,10,11,22260,770
21513,10,11,21890,1050
21513,10,11,21520,1260
15576,10,11,21134,0
15576,10,11,20764,350
15576,10,11,20024,630
15576,10,11,19654,700
15576,10,11,18914,770
15576,10,11,18544,840
15576,10,11,18174,910
15576,10,11,17434,980
15576,10,11,17064,1050
15576,10,11,16324,1120
15576,10,11,15954,1190
15576,10,11,15584,1260
15576,10,11,1,1330
18549,10,11,21142,0
18549,10,11,20772,280
18549,10,11,20032,560
18549,10,11,19662,630
18549,10,11,19292,700
18549,10,11,18552,770
18549,10,11,1,840
30421,10,11,31904,0
30421,10,11,31534,560
30421,10,11,31164,840
30421,10,11,30794,1050
30421,10,11,30424,1330
22628,10,11,24483,0
22628,10,11,24113,490
22628,10,11,23743,770
22628,10,11,23373,1050
22628,10,11,23003,1260
14469,10,11,17801,0
14469,10,11,17431,280
14469,10,11,17061,350
14469,10,11,16321,420
14469,10,11,15951,490
14469,10,11,15211,560
14469,10,11,14841,630
14469,10,11,14471,700
14469,10,11,1,770
20026,10,11,21886,0
20026,10,11,21516,490
20026,10,11,21146,770
20026,10,11,20776,980
20026,10,11,20036,1260
20026,10,11,1,1330
30792,10,11,32645,0
30792,10,11,32275,420
30792,10,11,31905,630
30792,10,11,31535,910
30792,10,11,31165,1120
30792,10,11,30795,1400
19660,10,11,21145,0
19660,10,11,20775,490
19660,10,11,20405,770
19660,10,11,19665,840
19660,10,11,1,910
26712,10,11,28194,0
26712,10,11,27824,490
26712,10,11,27454,700
26712,10,11,27084,980
26712,10,11,26714,1190
26712,10,11,1,1470
20775,10,11,21518,0
20775,10,11,21148,350
20775,10,11,20778,630
20775,10,11,1,910
17058,10,11,21138,0
17058,10,11,20768,490
17058,10,11,20028,770
17058,10,11,19658,840
17058,10,11,19288,910
17058,10,11,18548,980
17058,10,11,18178,1050
17058,10,11,17438,1120
17058,10,11,17068,1190
17058,10,11,1,1260
21128,10,11,22999,0
21128,10,11,22629,420
21128,10,11,22259,630
21128,10,11,21889,840
21128,10,11,21519,1120
21128,10,11,21149,1400
31903,10,11,33388,0
31903,10,11,33018,560
31903,10,11,32648,840
31903,10,11,32278,1050
31903,10,11,31908,1330
17067,10,11,20028,0
17067,10,11,19658,280
17067,10,11,18918,350
17067,10,11,18548,420
17067,10,11,17808,490
17067,10,11,17438,560
17067,10,11,1,630
21137,10,11,22629,0
21137,10,11,22259,560
21137,10,11,21889,770
21137,10,11,21519,1050
21137,10,11,21149,1260
18173,10,11,21511,0
18173,10,11,21141,420
18173,10,11,20771,630
18173,10,11,20401,910
18173,10,11,19661,980
18173,10,11,19291,1050
18173,10,11,18551,1120
18173,10,11,18181,1190
18173,10,11,1,1260
21146,10,11,21889,0
21146,10,11,21519,420
21146,10,11,21149,700
21146,10,11,1,910
33018,10,11,34501,0
33018,10,11,34131,560
33018,10,11,33761,840
33018,10,11,33391,1050
33018,10,11,33021,1330
25225,10,11,26710,0
25225,10,11,26340,630
25225,10,11,25970,840
25225,10,11,25600,1120
25225,10,11,25230,1330
21499,10,11,23370,0
21499,10,11,23000,490
21499,10,11,22630,700
21499,10,11,22260,980
21499,10,11,21890,1190
21499,10,11,21520,1470
18535,10,11,21882,0
18535,10,11,21512,420
18535,10,11,21142,630
18535,10,11,20772,910
18535,10,11,20402,1120
18535,10,11,20032,1190
18535,10,11,19292,1260
18535,10,11,18922,1330
18535,10,11,18552,1400
18535,10,11,1,1470
21508,10,11,23370,0
21508,10,11,23000,420
21508,10,11,22630,630
21508,10,11,22260,910
21508,10,11,21890,1120
21508,10,11,21520,1400
26337,10,11,28193,0
26337,10,11,27823,420
26337,10,11,27453,700
26337,10,11,27083,980
26337,10,11,26713,1190
26337,10,11,26343,1470
29310,10,11,30051,0
29310,10,11,29681,490
29310,10,11,29311,700
29310,10,11,1,980
18544,10,11,21512,0
18544,10,11,21142,420
18544,10,11,20772,700
18544,10,11,20032,980
18544,10,11,19662,1050
18544,10,11,18922,1120
18544,10,11,18552,1190
18544,10,11,1,1260
15580,10,11,20394,0
15580,10,11,20024,280
15580,10,11,19654,350
15580,10,11,18914,420
15580,10,11,18544,490
15580,10,11,17804,560
15580,10,11,17434,630
15580,10,11,17064,700
15580,10,11,16324,770
15580,10,11,15954,840
15580,10,11,1,910
33389,10,11,34872,0
33389,10,11,34502,560
33389,10,11,34132,840
33389,10,11,33762,1050
33389,10,11,33392,1330
22623,10,11,24483,0
22623,10,11,24113,490
22623,10,11,23743,770
22623,10,11,23373,1050
22623,10,11,23003,1260
22257,10,11,24112,0
22257,10,11,23742,490
22257,10,11,23372,770
22257,10,11,23002,980
22257,10,11,22632,1260
27823,10,11,29677,0
27823,10,11,29307,490
27823,10,11,28937,700
27823,10,11,28567,980
27823,10,11,28197,1190
27823,10,11,27827,1470
19655,10,11,21885,0
19655,10,11,21515,420
19655,10,11,21145,700
19655,10,11,20775,910
19655,10,11,20405,1190
19655,10,11,19665,1260
19655,10,11,1,1330
16691,10,11,20767,0
16691,10,11,20397,280
16691,10,11,20027,350
16691,10,11,19657,420
16691,10,11,18917,490
16691,10,11,18547,560
16691,10,11,18177,630
16691,10,11,17437,700
16691,10,11,17067,770
16691,10,11,1,840
19664,10,11,21145,0
19664,10,11,20775,420
19664,10,11,20405,630
19664,10,11,19665,700
19664,10,11,1,770
20770,10,11,21888,0
20770,10,11,21518,560
20770,10,11,21148,840
20770,10,11,20778,1050
20770,10,11,1,1330
23743,10,11,25596,0
23743,10,11,25226,490
23743,10,11,24856,700
23743,10,11,24486,980
23743,10,11,24116,1260
23743,10,11,23746,1470
21132,10,11,22999,0
21132,10,11,22629,420
21132,10,11,22259,630
21132,10,11,21889,840
21132,10,11,21519,1120
21132,10,11,21149,1330
17062,10,11,20768,0
17062,10,11,20398,280
17062,10,11,20028,350
17062,10,11,19658,420
17062,10,11,19288,490
17062,10,11,18548,560
17062,10,11,18178,630
17062,10,11,17438,700
17062,10,11,17068,770
17062,10,11,1,840
14098,10,11,17430,0
14098,10,11,17060,280
14098,10,11,16690,350
14098,10,11,15950,420
14098,10,11,15580,490
14098,10,11,14840,560
14098,10,11,14470,630
14098,10,11,14100,700
14098,10,11,1,770
18168,10,11,21511,0
18168,10,11,21141,420
18168,10,11,20771,630
18168,10,11,20401,910
18168,10,11,19661,980
18168,10,11,19291,1050
18168,10,11,18551,1120
18168,10,11,18181,1190
18168,10,11,1,1260
21141,10,11,22629,0
21141,10,11,22259,350
21141,10,11,21889,560
21141,10,11,21519,840
21141,10,11,21149,1050
21141,10,11,1,1330
31907,10,11,32648,0
31907,10,11,32278,420
31907,10,11,31908,630
31907,10,11,1,910
18177,10,11,21141,0
18177,10,11,20771,280
18177,10,11,20401,490
18177,10,11,20031,560
18177,10,11,19661,630
18177,10,11,18921,700
18177,10,11,18551,770
18177,10,11,1,840
29305,10,11,30791,0
29305,10,11,30421,490
29305,10,11,30051,770
29305,10,11,29681,980
29305,10,11,29311,1260
29305,10,11,1,1470
18539,10,11,21512,0
18539,10,11,21142,420
18539,10,11,20772,700
18539,10,11,20032,980
18539,10,11,19662,1050
18539,10,11,18922,1120
18539,10,11,18552,1190
18539,10,11,1,1260
15575,10,11,21134,0
15575,10,11,20764,350
15575,10,11,20024,630
15575,10,11,19654,700
15575,10,11,18914,770
15575,10,11,18544,840
15575,10,11,18174,910
15575,10,11,17434,980
15575,10,11,17064,1050
15575,10,11,16324,1120
15575,10,11,15954,1190
15575,10,11,15584,1260
15575,10,11,1,1330
26341,10,11,27823,0
26341,10,11,27453,490
26341,10,11,27083,700
26341,10,11,26713,980
26341,10,11,26343,1190
26341,10,11,1,1470
30420,10,11,32274,0
30420,10,11,31904,420
30420,10,11,31534,700
30420,10,11,31164,910
30420,10,11,30794,1190
30420,10,11,30424,1400
15584,10,11,21874,0
15584,10,11,21504,350
15584,10,11,21134,630
15584,10,11,20764,910
15584,10,11,20394,1120
15584,10,11,20024,1190
15584,10,11,19284,1260
15584,10,11,18914,1330
15584,10,11,18174,1400
15584,10,11,17804,1470
22252,10,11,24112,0
22252,10,11,23742,560
22252,10,11,23372,840
22252,10,11,23002,1050
22252,10,11,22632,1330
22261,10,11,23002,0
22261,10,11,22632,560
22261,10,11,22262,770
22261,10,11,1,1050
27827,10,11,30047,0
27827,10,11,29677,420
27827,10,11,29307,700
27827,10,11,28937,910
27827,10,11,28567,1190
27827,10,11,28197,1470
20756,10,11,22258,0
20756,10,11,21888,350
20756,10,11,21518,630
20756,10,11,21148,840
20756,10,11,20778,1120
20756,10,11,1,1330
16686,10,11,21137,0
16686,10,11,20767,490
16686,10,11,20397,700
16686,10,11,20027,770
16686,10,11,19287,840
16686,10,11,18917,910
16686,10,11,18547,980
16686,10,11,17807,1050
16686,10,11,17437,1120
16686,10,11,16697,1190
16686,10,11,1,1260
19659,10,11,21145,0
19659,10,11,20775,560
19659,10,11,20405,770
19659,10,11,20035,840
19659,10,11,1,910
12616,10,11,21126,0
12616,10,11,20756,350
12616,10,11,20386,630
12616,10,11,19646,700
12616,10,11,19276,770
12616,10,11,18906,840
12616,10,11,18166,910
12616,10,11,17796,980
12616,10,11,17056,1050
12616,10,11,16686,1120
12616,10,11,16316,1190
12616,10,11,15576,1260
12616,10,11,15206,1330
12616,10,11,14466,1400
12616,10,11,14096,1470
16695,10,11,20397,0
16695,10,11,20027,280
16695,10,11,19287,350
16695,10,11,18917,420
16695,10,11,18177,490
16695,10,11,17807,560
16695,10,11,17437,630
16695,10,11,16697,700
16695,10,11,1,770
20765,10,11,21888,0
20765,10,11,21518,560
20765,10,11,21148,840
20765,10,11,20778,1050
20765,10,11,1,1330
20774,10,11,21518,0
20774,10,11,21148,420
20774,10,11,20778,630
20774,10,11,1,910
21127,10,11,22999,0
21127,10,11,22629,420
21127,10,11,22259,700
21127,10,11,21889,910
21127,10,11,21519,1190
21127,10,11,21149,1400
17057,10,11,21508,0
17057,10,11,21138,210
17057,10,11,20768,490
17057,10,11,20398,770
17057,10,11,19658,840
17057,10,11,19288,910
17057,10,11,18548,980
17057,10,11,18178,1050
17057,10,11,17808,1120
17057,10,11,17068,1190
17057,10,11,1,1260
24859,10,11,27079,0
24859,10,11,26709,490
24859,10,11,26339,700
24859,10,11,25969,980
24859,10,11,25599,1190
24859,10,11,25229,1470
17066,10,11,20398,0
17066,10,11,20028,280
17066,10,11,19288,350
17066,10,11,18918,420
17066,10,11,18548,490
17066,10,11,17808,560
17066,10,11,17438,630
17066,10,11,1,700
21136,10,11,22629,0
21136,10,11,22259,490
21136,10,11,21889,770
21136,10,11,21519,1050
21136,10,11,21149,1260
31902,10,11,33388,0
31902,10,11,33018,560
31902,10,11,32648,840
31902,10,11,32278,1050
31902,10,11,31908,1330
18172,10,11,21511,0
18172,10,11,21141,420
18172,10,11,20771,630
18172,10,11,20401,910
18172,10,11,19661,980
18172,10,11,19291,1050
18172,10,11,18551,1120
18172,10,11,18181,1190
18172,10,11,1,1260
28938,10,11,30420,0
28938,10,11,30050,350
28938,10,11,29680,630
28938,10,11,29310,910
28938,10,11,28940,1120
28938,10,11,1,1400
18181,10,11,22251,0
18181,10,11,21881,420
18181,10,11,21511,630
18181,10,11,21141,910
18181,10,11,20771,1190
18181,10,11,20401,1400
18181,10,11,20031,1470
33017,10,11,34871,0
33017,10,11,34501,420
33017,10,11,34131,700
33017,10,11,33761,910
33017,10,11,33391,1190
33017,10,11,33021,1400
29309,10,11,30791,0
29309,10,11,30421,350
29309,10,11,30051,630
29309,10,11,29681,910
29309,10,11,29311,1120
29309,10,11,1,1400
23372,10,11,25225,0
23372,10,11,24855,490
23372,10,11,24485,770
23372,10,11,24115,980
23372,10,11,23745,1260
23372,10,11,23375,1470
33388,10,11,35242,0
33388,10,11,34872,420
33388,10,11,34502,700
33388,10,11,34132,910
33388,10,11,33762,1190
33388,10,11,33392,1400
30424,10,11,32644,0
30424,10,11,32274,420
30424,10,11,31904,630
30424,10,11,31534,910
30424,10,11,31164,1120
30424,10,11,30794,1400
19283,10,11,21884,0
19283,10,11,21514,350
19283,10,11,21144,630
19283,10,11,20774,840
19283,10,11,20034,1120
19283,10,11,19664,1190
19283,10,11,19294,1260
19283,10,11,1,1330
15213,10,11,21873,0
15213,10,11,21503,350
15213,10,11,21133,560
15213,10,11,20763,840
15213,10,11,20393,1050
15213,10,11,20023,1120
15213,10,11,19653,1190
15213,10,11,18913,1260
15213,10,11,18543,1330
15213,10,11,17803,1400
15213,10,11,17433,1470
22256,10,11,23742,0
22256,10,11,23372,490
22256,10,11,23002,770
22256,10,11,22632,1050
22256,10,11,22262,1260
19292,10,11,21144,0
19292,10,11,20774,350
19292,10,11,20404,560
19292,10,11,20034,630
19292,10,11,19294,700
19292,10,11,1,770
27822,10,11,29677,0
27822,10,11,29307,350
27822,10,11,28937,560
27822,10,11,28567,840
27822,10,11,28197,1120
27822,10,11,27827,1330
19645,10,11,22255,0
19645,10,11,21885,420
19645,10,11,21515,700
19645,10,11,21145,980
19645,10,11,20775,1190
19645,10,11,20035,1470
19654,10,11,21885,0
19654,10,11,21515,420
19654,10,11,21145,700
19654,10,11,20775,980
19654,10,11,20405,1190
19654,10,11,20035,1260
19654,10,11,1,1330
16690,10,11,20767,0
16690,10,11,20397,280
16690,10,11,20027,350
16690,10,11,19657,420
16690,10,11,18917,490
16690,10,11,18547,560
16690,10,11,18177,630
16690,10,11,17437,700
16690,10,11,17067,770
16690,10,11,1,840
27456,10,11,29676,0
27456,10,11,29306,420
27456,10,11,28936,700
27456,10,11,28566,980
27456,10,11,28196,1190
27456,10,11,27826,1470
19663,10,11,21145,0
19663,10,11,20775,420
19663,10,11,20035,700
19663,10,11,19665,770
19663,10,11,1,840
13726,10,11,17799,0
13726,10,11,17429,210
13726,10,11,17059,280
13726,10,11,16689,350
13726,10,11,16319,420
13726,10,11,15579,490
13726,10,11,15209,560
13726,10,11,14469,630
13726,10,11,14099,700
13726,10,11,13729,770
13726,10,11,1,840
20760,10,11,22258,0
20760,10,11,21888,490
20760,10,11,21518,770
20760,10,11,21148,980
20760,10,11,20778,1260
20769,10,11,21888,0
20769,10,11,21518,560
20769,10,11,21148,770
20769,10,11,20778,1050
20769,10,11,1,1330
31535,10,11,32647,0
31535,10,11,32277,560
31535,10,11,31907,840
31535,10,11,31537,1050
31535,10,11,1,1330
23742,10,11,25596,0
23742,10,11,25226,560
23742,10,11,24856,840
23742,10,11,24486,1050
23742,10,11,24116,1330
20778,10,11,22628,0
20778,10,11,22258,560
20778,10,11,21888,840
20778,10,11,21518,1050
20778,10,11,21148,1330
24854,10,11,26709,0
24854,10,11,26339,420
24854,10,11,25969,700
24854,10,11,25599,910
24854,10,11,25229,1190
24854,10,11,24859,1400
17061,10,11,20768,0
17061,10,11,20398,280
17061,10,11,20028,350
17061,10,11,19658,420
17061,10,11,19288,490
17061,10,11,18548,560
17061,10,11,18178,630
17061,10,11,17438,700
17061,10,11,17068,770
17061,10,11,1,840
21890,10,11,22631,0
21890,10,11,22261,420
21890,10,11,21891,700
21890,10,11,1,980
21131,10,11,22629,0
21131,10,11,22259,420
21131,10,11,21889,630
21131,10,11,21519,910
21131,10,11,21149,1120
21131,10,11,1,1400
18167,10,11,21881,0
18167,10,11,21511,350
18167,10,11,21141,630
18167,10,11,20771,840
18167,10,11,20031,1120
18167,10,11,19661,1190
18167,10,11,19291,1260
18167,10,11,18551,1330
18167,10,11,18181,1400
18167,10,11,1,1470
14097,10,11,18170,0
14097,10,11,17800,210
14097,10,11,17430,280
14097,10,11,17060,350
14097,10,11,16690,420
14097,10,11,15950,490
14097,10,11,15580,560
14097,10,11,14840,630
14097,10,11,14470,700
14097,10,11,14100,770
14097,10,11,1,840
31906,10,11,33018,0
31906,10,11,32648,560
31906,10,11,32278,840
31906,10,11,31908,1050
31906,10,11,1,1330
25969,10,11,27822,0
25969,10,11,27452,420
25969,10,11,27082,630
25969,10,11,26712,910
25969,10,11,26342,1120
25969,10,11,25972,1400
18176,10,11,21141,0
18176,10,11,20771,210
18176,10,11,20401,490
18176,10,11,20031,560
18176,10,11,19291,630
18176,10,11,18921,700
18176,10,11,18551,770
18176,10,11,1,840
17810,10,11,22250,0
17810,10,11,21880,350
17810,10,11,21510,630
17810,10,11,21140,840
17810,10,11,20770,1120
17810,10,11,20400,1330
17810,10,11,20030,1400
17810,10,11,19290,1470
26340,10,11,28193,0
26340,10,11,27823,420
26340,10,11,27453,630
26340,10,11,27083,910
26340,10,11,26713,1120
26340,10,11,26343,1400
30419,10,11,31904,0
30419,10,11,31534,560
30419,10,11,31164,770
30419,10,11,30794,1050
30419,10,11,30424,1260
15208,10,11,20023,0
15208,10,11,19653,280
15208,10,11,19283,350
15208,10,11,18543,420
15208,10,11,18173,490
15208,10,11,17433,560
15208,10,11,17063,630
15208,10,11,16693,700
15208,10,11,15953,770
15208,10,11,15583,840
15208,10,11,1,910
19278,10,11,22254,0
19278,10,11,21884,280
19278,10,11,21514,490
19278,10,11,21144,770
19278,10,11,20774,1050
19278,10,11,20404,1260
19278,10,11,20034,1330
19278,10,11,19294,1400
19278,10,11,1,1470
22251,10,11,24112,0
22251,10,11,23742,560
22251,10,11,23372,840
22251,10,11,23002,1050
22251,10,11,22632,1330
30053,10,11,32273,0
30053,10,11,31903,420
30053,10,11,31533,630
30053,10,11,31163,910
30053,10,11,30793,1120
30053,10,11,30423,1400
19287,10,11,21144,0
19287,10,11,20774,420
19287,10,11,20034,700
19287,10,11,19664,770
19287,10,11,1,840
22260,10,11,23742,0
22260,10,11,23372,490
22260,10,11,23002,770
22260,10,11,22632,980
22260,10,11,22262,1260
22260,10,11,1,1470
16323,10,11,20766,0
16323,10,11,20396,280
16323,10,11,20026,350
16323,10,11,19286,420
16323,10,11,18916,490
16323,10,11,18546,560
16323,10,11,17806,630
16323,10,11,17436,700
16323,10,11,16696,770
16323,10,11,16326,840
16323,10,11,1,910
19649,10,11,22255,0
19649,10,11,21885,350
19649,10,11,21515,630
19649,10,11,21145,840
19649,10,11,20775,1120
19649,10,11,20035,1400
19649,10,11,19665,1470
20755,10,11,22258,0
20755,10,11,21888,350
20755,10,11,21518,630
20755,10,11,21148,840
20755,10,11,20778,1120
20755,10,11,1,1400
27451,10,11,29306,0
27451,10,11,28936,350
27451,10,11,28566,630
27451,10,11,28196,840
27451,10,11,27826,1120
27451,10,11,27456,1330
19658,10,11,21145,0
19658,10,11,20775,490
19658,10,11,20405,770
19658,10,11,19665,840
19658,10,11,1,910
24487,10,11,25598,0
24487,10,11,25228,420
24487,10,11,24858,630
24487,10,11,24488,910
24487,10,11,1,1120
16694,10,11,20767,0
16694,10,11,20397,280
16694,10,11,20027,350
16694,10,11,19287,420
16694,10,11,18917,490
16694,10,11,18177,560
16694,10,11,17807,630
16694,10,11,17437,700
16694,10,11,16697,770
16694,10,11,1,840
20764,10,11,22258,0
20764,10,11,21888,490
20764,10,11,21518,770
20764,10,11,21148,980
20764,10,11,20778,1260
20773,10,11,21518,0
20773,10,11,21148,420
20773,10,11,20778,630
20773,10,11,1,910
20407,10,11,22627,0
20407,10,11,22257,490
20407,10,11,21887,770
20407,10,11,21517,1050
20407,10,11,21147,1260
21885,10,11,23371,0
21885,10,11,23001,560
21885,10,11,22631,770
21885,10,11,22261,1050
21885,10,11,21891,1260
24858,10,11,25599,0
24858,10,11,25229,630
24858,10,11,24859,840
24858,10,11,1,1120
28937,10,11,30420,0
28937,10,11,30050,560
28937,10,11,29680,770
28937,10,11,29310,1050
28937,10,11,28940,1330
33016,10,11,34871,0
33016,10,11,34501,420
33016,10,11,34131,630
33016,10,11,33761,910
33016,10,11,33391,1120
33016,10,11,33021,1400
17805,10,11,20770,0
17805,10,11,20030,490
17805,10,11,19660,560
17805,10,11,18920,630
17805,10,11,18550,700
17805,10,11,18180,770
17805,10,11,1,840
14841,10,11,18542,0
14841,10,11,17802,280
14841,10,11,17432,350
14841,10,11,17062,420
14841,10,11,16692,490
14841,10,11,15952,560
14841,10,11,15582,630
14841,10,11,14842,700
14841,10,11,1,770
23371,10,11,25595,0
23371,10,11,25225,350
23371,10,11,24855,560
23371,10,11,24485,840
23371,10,11,24115,1050
23371,10,11,23745,1330
19282,10,11,21884,0
19282,10,11,21514,280
19282,10,11,21144,560
19282,10,11,20774,770
19282,10,11,20404,1050
19282,10,11,19664,1120
19282,10,11,19294,1190
19282,10,11,1,1260
15212,10,11,18913,0
15212,10,11,18543,280
15212,10,11,17803,350
15212,10,11,17433,420
15212,10,11,17063,490
15212,10,11,16323,560
15212,10,11,15953,630
15212,10,11,15213,700
15212,10,11,1,770
30048,10,11,31533,0
30048,10,11,31163,560
30048,10,11,30793,770
30048,10,11,30423,1050
30048,10,11,30053,1260
16318,10,11,21136,0
16318,10,11,20766,420
16318,10,11,20026,700
16318,10,11,19656,770
16318,10,11,19286,840
16318,10,11,18546,910
16318,10,11,18176,980
16318,10,11,17436,1050
16318,10,11,17066,1120
16318,10,11,16696,1190
16318,10,11,1,1260
22255,10,11,23742,0
22255,10,11,23372,560
22255,10,11,23002,770
22255,10,11,22632,1050
22255,10,11,22262,1260
19291,10,11,21144,0
19291,10,11,20774,420
19291,10,11,20404,630
19291,10,11,20034,700
19291,10,11,19294,770
19291,10,11,1,840
24482,10,11,26338,0
24482,10,11,25968,420
24482,10,11,25598,700
24482,10,11,25228,980
24482,10,11,24858,1190
24482,10,11,24488,1470
16689,10,11,21137,0
16689,10,11,20767,420
16689,10,11,20027,700
16689,10,11,19657,770
16689,10,11,18917,840
16689,10,11,18547,910
16689,10,11,18177,980
16689,10,11,17437,1050
16689,10,11,17067,1120
16689,10,11,1,1190
27455,10,11,28196,0
27455,10,11,27826,560
27455,10,11,27456,840
27455,10,11,1,1050
20759,10,11,22258,0
20759,10,11,21888,420
20759,10,11,21518,630
20759,10,11,21148,910
20759,10,11,20778,1190
20759,10,11,1,1400
13725,10,11,17799,0
13725,10,11,17429,280
13725,10,11,17059,350
13725,10,11,16319,420
13725,10,11,15949,490
13725,10,11,15209,560
13725,10,11,14839,630
13725,10,11,14469,700
13725,10,11,13729,770
13725,10,11,1,840
31534,10,11,33017,0
31534,10,11,32647,490
31534,10,11,32277,770
31534,10,11,31907,980
31534,10,11,31537,1260
20402,10,11,21517,0
20402,10,11,21147,350
20402,10,11,20777,630
20402,10,11,20407,840
20402,10,11,1,910
21880,10,11,23371,0
21880,10,11,23001,420
21880,10,11,22631,630
21880,10,11,22261,910
21880,10,11,21891,1190
21880,10,11,1,1400
24853,10,11,26709,0
24853,10,11,26339,420
24853,10,11,25969,700
24853,10,11,25599,910
24853,10,11,25229,1190
24853,10,11,24859,1400
21889,10,11,23371,0
21889,10,11,23001,420
21889,10,11,22631,630
21889,10,11,22261,910
21889,10,11,21891,1120
21889,10,11,1,1400
25968,10,11,27822,0
25968,10,11,27452,490
25968,10,11,27082,700
25968,10,11,26712,980
25968,10,11,26342,1190
25968,10,11,25972,1470
17800,10,11,21510,0
17800,10,11,21140,350
17800,10,11,20770,630
17800,10,11,20030,910
17800,10,11,19660,980
17800,10,11,18920,1050
17800,10,11,18550,1120
17800,10,11,18180,1190
17800,10,11,1,1260
14836,10,11,19652,0
14836,10,11,19282,280
14836,10,11,18912,350
14836,10,11,18172,420
14836,10,11,17802,490
14836,10,11,17432,560
14836,10,11,16692,630
14836,10,11,16322,700
14836,10,11,15582,770
14836,10,11,15212,840
14836,10,11,14842,910
14836,10,11,1,980
17809,10,11,20770,0
17809,10,11,20030,350
17809,10,11,19290,420
17809,10,11,18920,490
17809,10,11,18550,560
17809,10,11,17810,630
17809,10,11,1,700
23375,10,11,25595,0
23375,10,11,25225,490
23375,10,11,24855,770
23375,10,11,24485,980
23375,10,11,24115,1260
19277,10,11,21884,0
19277,10,11,21514,490
19277,10,11,21144,770
19277,10,11,20774,980
19277,10,11,20034,1260
19277,10,11,19664,1330
19277,10,11,19294,1400
19277,10,11,1,1470
15207,10,11,20023,0
15207,10,11,19653,280
15207,10,11,19283,350
15207,10,11,18543,420
15207,10,11,18173,490
15207,10,11,17803,560
15207,10,11,17063,630
15207,10,11,16693,700
15207,10,11,15953,770
15207,10,11,15583,840
15207,10,11,15213,910
15207,10,11,1,980
22250,10,11,24112,0
22250,10,11,23742,560
22250,10,11,23372,840
22250,10,11,23002,1050
22250,10,11,22632,1330
27079,10,11,28935,0
27079,10,11,28565,350
27079,10,11,28195,630
27079,10,11,27825,840
27079,10,11,27455,1120
27079,10,11,27085,1330
19286,10,11,21884,0
19286,10,11,21514,350
19286,10,11,21144,560
19286,10,11,20774,770
19286,10,11,20404,1050
19286,10,11,19664,1120
19286,10,11,19294,1190
19286,10,11,1,1260
30052,10,11,30793,0
30052,10,11,30423,490
30052,10,11,30053,700
30052,10,11,1,980
16322,10,11,20766,0
16322,10,11,20396,280
16322,10,11,20026,350
16322,10,11,19656,420
16322,10,11,19286,490
16322,10,11,18546,560
16322,10,11,18176,630
16322,10,11,17436,700
16322,10,11,17066,770
16322,10,11,16696,840
16322,10,11,1,910
27450,10,11,29306,0
27450,10,11,28936,420
27450,10,11,28566,630
27450,10,11,28196,910
27450,10,11,27826,1120
27450,10,11,27456,1400
24486,10,11,25968,0
24486,10,11,25598,560
24486,10,11,25228,840
24486,10,11,24858,1050
24486,10,11,24488,1330
20388,10,11,22257,0
20388,10,11,21887,350
20388,10,11,21517,630
20388,10,11,21147,840
20388,10,11,20777,1120
20388,10,11,20407,1330
20388,10,11,1,1400
20397,10,11,21887,0
20397,10,11,21517,560
20397,10,11,21147,770
20397,10,11,20777,1050
20397,10,11,20407,1260
20397,10,11,1,1330
17433,10,11,20769,0
17433,10,11,20399,350
17433,10,11,20029,420
17433,10,11,19659,490
17433,10,11,18919,560
17433,10,11,18549,630
17433,10,11,17809,700
17433,10,11,17439,770
17433,10,11,1,840
21875,10,11,23741,0
21875,10,11,23371,490
21875,10,11,23001,700
21875,10,11,22631,980
21875,10,11,22261,1260
21875,10,11,21891,1470
20406,10,11,21147,0
20406,10,11,20777,490
20406,10,11,20407,700
20406,10,11,1,770
21884,10,11,23371,0
21884,10,11,23001,420
21884,10,11,22631,700
21884,10,11,22261,980
21884,10,11,21891,1190
21884,10,11,1,1470
24857,10,11,26339,0
24857,10,11,25969,560
24857,10,11,25599,770
24857,10,11,25229,1050
24857,10,11,24859,1260
25972,10,11,28192,0
25972,10,11,27822,420
25972,10,11,27452,700
25972,10,11,27082,910
25972,10,11,26712,1190
25972,10,11,26342,1470
17804,10,11,20770,0
17804,10,11,20030,490
17804,10,11,19660,560
17804,10,11,19290,630
17804,10,11,18550,700
17804,10,11,18180,770
17804,10,11,1,840
29676,10,11,31162,0
29676,10,11,30792,490
29676,10,11,30422,770
29676,10,11,30052,1050
29676,10,11,29682,1260
14840,10,11,18912,0
14840,10,11,18542,280
14840,10,11,18172,350
14840,10,11,17432,420
14840,10,11,17062,490
14840,10,11,16322,560
14840,10,11,15952,630
14840,10,11,15582,700
14840,10,11,14842,770
14840,10,11,1,840
23004,10,11,25224,0
23004,10,11,24854,490
23004,10,11,24484,700
23004,10,11,24114,980
23004,10,11,23744,1260
23004,10,11,23374,1470
15211,10,11,19283,0
15211,10,11,18913,280
15211,10,11,18543,350
15211,10,11,17803,420
15211,10,11,17433,490
15211,10,11,16693,560
15211,10,11,16323,630
15211,10,11,15953,700
15211,10,11,15213,770
15211,10,11,1,840
30047,10,11,31533,0
30047,10,11,31163,560
30047,10,11,30793,770
30047,10,11,30423,1050
30047,10,11,30053,1260
19281,10,11,21884,0
19281,10,11,21514,280
19281,10,11,21144,560
19281,10,11,20774,770
19281,10,11,20404,1050
19281,10,11,19664,1120
19281,10,11,19294,1190
19281,10,11,1,1260
27083,10,11,28565,0
27083,10,11,28195,490
27083,10,11,27825,700
27083,10,11,27455,980
27083,10,11,27085,1190
27083,10,11,1,1470
16326,10,11,21876,0
16326,10,11,21506,490
16326,10,11,21136,700
16326,10,11,20766,980
16326,10,11,20396,1190
16326,10,11,20026,1260
16326,10,11,19656,1330
16326,10,11,18916,1400
16326,10,11,18546,1470
18915,10,11,21513,0
18915,10,11,21143,490
18915,10,11,20773,770
18915,10,11,20403,980
18915,10,11,20033,1050
18915,10,11,19293,1120
18915,10,11,18923,1190
18915,10,11,1,1260
27454,10,11,28936,0
27454,10,11,28566,490
27454,10,11,28196,700
27454,10,11,27826,980
27454,10,11,27456,1260
27454,10,11,1,1470
20392,10,11,22257,0
20392,10,11,21887,420
20392,10,11,21517,700
20392,10,11,21147,980
20392,10,11,20777,1190
20392,10,11,20407,1470
17428,10,11,21509,0
17428,10,11,21139,280
17428,10,11,20769,560
17428,10,11,20029,840
17428,10,11,19659,910
17428,10,11,18919,980
17428,10,11,18549,1050
17428,10,11,18179,1120
17428,10,11,17439,1190
17428,10,11,1,1260
13358,10,11,21498,0
13358,10,11,21128,210
13358,10,11,20758,490
13358,10,11,20388,770
13358,10,11,19648,840
13358,10,11,19278,910
13358,10,11,18908,980
13358,10,11,18168,1050
13358,10,11,17798,1120
13358,10,11,17058,1190
13358,10,11,16688,1260
13358,10,11,16318,1330
13358,10,11,15578,1400
13358,10,11,15208,1470
20401,10,11,21517,0
20401,10,11,21147,350
20401,10,11,20777,630
20401,10,11,1,910
21879,10,11,23741,0
21879,10,11,23371,420
21879,10,11,23001,630
21879,10,11,22631,910
21879,10,11,22261,1120
21879,10,11,21891,1400
32645,10,11,34500,0
32645,10,11,34130,350
32645,10,11,33760,560
32645,10,11,33390,840
32645,10,11,33020,1120
32645,10,11,32650,1330
17437,10,11,20769,0
17437,10,11,20399,280
17437,10,11,19659,350
17437,10,11,19289,420
17437,10,11,18919,490
17437,10,11,18179,560
17437,10,11,17809,630
17437,10,11,1,700
21888,10,11,23371,0
21888,10,11,23001,560
21888,10,11,22631,770
21888,10,11,22261,1050
21888,10,11,21891,1260
28565,10,11,30419,0
28565,10,11,30049,420
28565,10,11,29679,630
28565,10,11,29309,910
28565,10,11,28939,1120
28565,10,11,28569,1400
17799,10,11,21510,0
17799,10,11,21140,420
17799,10,11,20770,630
17799,10,11,20400,910
17799,10,11,19660,980
17799,10,11,19290,1050
17799,10,11,18550,1120
17799,10,11,18180,1190
17799,10,11,17810,1260
17799,10,11,1,1330
14835,10,11,19652,0
14835,10,11,19282,280
14835,10,11,18912,350
14835,10,11,18172,420
14835,10,11,17802,490
14835,10,11,17432,560
14835,10,11,16692,630
14835,10,11,16322,700
14835,10,11,15582,770
14835,10,11,15212,840
14835,10,11,14842,910
14835,10,11,1,980
25601,10,11,27821,0
25601,10,11,27451,420
25601,10,11,27081,700
25601,10,11,26711,910
25601,10,11,26341,1190
25601,10,11,25971,1400
17808,10,11,20770,0
17808,10,11,20400,350
17808,10,11,20030,420
17808,10,11,19290,490
17808,10,11,18920,560
17808,10,11,18180,630
17808,10,11,17810,700
17808,10,11,1,770
29680,10,11,31162,0
29680,10,11,30792,420
29680,10,11,30422,630
29680,10,11,30052,910
29680,10,11,29682,1120
29680,10,11,1,1400
22999,10,11,24854,0
22999,10,11,24484,560
22999,10,11,24114,770
22999,10,11,23744,1050
22999,10,11,23374,1260
20035,10,11,21146,0
20035,10,11,20776,420
20035,10,11,20036,700
20035,10,11,1,770
30051,10,11,31533,0
30051,10,11,31163,420
30051,10,11,30793,630
30051,10,11,30423,910
30051,10,11,30053,1190
30051,10,11,1,1400
18910,10,11,21513,0
18910,10,11,21143,490
18910,10,11,20773,770
18910,10,11,20403,980
18910,10,11,20033,1050
18910,10,11,19293,1120
18910,10,11,18923,1190
18910,10,11,1,1260
18919,10,11,21143,0
18919,10,11,20773,350
18919,10,11,20403,630
18919,10,11,19663,700
18919,10,11,19293,770
18919,10,11,1,840
31163,10,11,32646,0
31163,10,11,32276,560
31163,10,11,31906,770
31163,10,11,31536,1050
31163,10,11,31166,1260
15955,10,11,21875,0
15955,10,11,21505,420
15955,10,11,21135,700
15955,10,11,20765,910
15955,10,11,20395,1190
15955,10,11,19655,1260
15955,10,11,19285,1330
15955,10,11,18545,1400
15955,10,11,18175,1470
32278,10,11,33019,0
32278,10,11,32649,420
32278,10,11,32279,700
32278,10,11,1,910
24485,10,11,26338,0
24485,10,11,25968,490
24485,10,11,25598,700
24485,10,11,25228,980
24485,10,11,24858,1190
24485,10,11,24488,1470
20387,10,11,22257,0
20387,10,11,21887,560
20387,10,11,21517,770
20387,10,11,21147,1050
20387,10,11,20777,1330
20396,10,11,21887,0
20396,10,11,21517,560
20396,10,11,21147,840
20396,10,11,20777,1050
20396,10,11,1,1330
17432,10,11,20769,0
17432,10,11,20399,350
17432,10,11,20029,420
17432,10,11,19659,490
17432,10,11,18919,560
17432,10,11,18549,630
17432,10,11,17809,700
17432,10,11,17439,770
17432,10,11,1,840
28198,10,11,30418,0
28198,10,11,30048,420
28198,10,11,29678,630
28198,10,11,29308,910
28198,10,11,28938,1190
28198,10,11,28568,1400
20405,10,11,21147,0
20405,10,11,20777,560
20405,10,11,20407,770
20405,10,11,1,840
21874,10,11,23741,0
21874,10,11,23371,490
21874,10,11,23001,700
21874,10,11,22631,980
21874,10,11,22261,1190
21874,10,11,21891,1470
32649,10,11,33390,0
32649,10,11,33020,420
32649,10,11,32650,700
32649,10,11,1,910
21517,10,11,23000,0
21517,10,11,22630,420
21517,10,11,22260,630
21517,10,11,21890,910
21517,10,11,21520,1120
21517,10,11,1,1400
25596,10,11,27451,0
25596,10,11,27081,350
25596,10,11,26711,630
25596,10,11,26341,840
25596,10,11,25971,1120
25596,10,11,25601,1400
28569,10,11,30789,0
28569,10,11,30419,350
28569,10,11,30049,630
28569,10,11,29679,910
28569,10,11,29309,1120
28569,10,11,28939,1400
22632,10,11,23373,0
22632,10,11,23003,560
22632,10,11,22633,840
22632,10,11,1,1050
14839,10,11,19652,0
14839,10,11,19282,210
14839,10,11,18912,280
14839,10,11,18542,350
14839,10,11,18172,420
14839,10,11,17432,490
14839,10,11,17062,560
14839,10,11,16692,630
14839,10,11,15952,700
14839,10,11,15582,770
14839,10,11,14842,840
14839,10,11,1,910
20030,10,11,21516,0
20030,10,11,21146,350
20030,10,11,20776,560
20030,10,11,20036,840
20030,10,11,1,910
23003,10,11,24114,0
23003,10,11,23744,350
23003,10,11,23374,560
23003,10,11,23004,840
23003,10,11,1,1050
27082,10,11,28935,0
27082,10,11,28565,350
27082,10,11,28195,630
27082,10,11,27825,910
27082,10,11,27455,1120
27082,10,11,27085,1400
18905,10,11,21883,0
18905,10,11,21513,420
18905,10,11,21143,700
18905,10,11,20773,910
18905,10,11,20403,1190
18905,10,11,19663,1260
18905,10,11,19293,1330
18905,10,11,18923,1400
18905,10,11,1,1470
18914,10,11,21513,0
18914,10,11,21143,490
18914,10,11,20773,770
18914,10,11,20403,980
18914,10,11,20033,1050
18914,10,11,19293,1120
18914,10,11,18923,1190
18914,10,11,1,1260
15950,10,11,20765,0
15950,10,11,20395,280
15950,10,11,20025,350
15950,10,11,19285,420
15950,10,11,18915,490
15950,10,11,18175,560
15950,10,11,17805,630
15950,10,11,17435,700
15950,10,11,16695,770
15950,10,11,16325,840
15950,10,11,1,910
18923,10,11,22253,0
18923,10,11,21883,490
18923,10,11,21513,770
18923,10,11,21143,980
18923,10,11,20773,1260
12986,10,11,15947,0
12986,10,11,15207,280
12986,10,11,14837,350
12986,10,11,14467,420
12986,10,11,13727,490
12986,10,11,13357,560
12986,10,11,12987,630
12986,10,11,1,700
32273,10,11,34129,0
32273,10,11,33759,350
32273,10,11,33389,630
32273,10,11,33019,840
32273,10,11,32649,1120
32273,10,11,32279,1330
24114,10,11,25967,0
24114,10,11,25597,420
24114,10,11,25227,700
24114,10,11,24857,980
24114,10,11,24487,1190
24114,10,11,24117,1470
20391,10,11,22257,0
20391,10,11,21887,490
20391,10,11,21517,700
20391,10,11,21147,980
20391,10,11,20777,1190
20391,10,11,20407,1470
28193,10,11,29678,0
28193,10,11,29308,560
28193,10,11,28938,840
28193,10,11,28568,1050
28193,10,11,28198,1330
13357,10,11,16688,0
13357,10,11,16318,210
13357,10,11,15948,280
13357,10,11,15578,350
13357,10,11,15208,420
13357,10,11,14468,490
13357,10,11,14098,560
13357,10,11,13358,630
13357,10,11,1,700
20400,10,11,21517,0
20400,10,11,21147,350
20400,10,11,20777,630
20400,10,11,20407,840
20400,10,11,1,910
25229,10,11,25970,0
25229,10,11,25600,560
25229,10,11,25230,770
25229,10,11,1,1050
17436,10,11,20769,0
17436,10,11,20399,350
17436,10,11,19659,420
17436,10,11,19289,490
17436,10,11,18919,560
17436,10,11,18179,630
17436,10,11,17809,700
17436,10,11,1,770
32644,10,11,34500,0
32644,10,11,34130,350
32644,10,11,33760,630
32644,10,11,33390,910
32644,10,11,33020,1120
32644,10,11,32650,1400
21503,10,11,23370,0
21503,10,11,23000,420
21503,10,11,22630,630
21503,10,11,22260,910
21503,10,11,21890,1120
21503,10,11,21520,1400
21512,10,11,23000,0
21512,10,11,22630,560
21512,10,11,22260,770
21512,10,11,21890,1050
21512,10,11,21520,1330
18548,10,11,21142,0
18548,10,11,20772,280
18548,10,11,20402,560
18548,10,11,20032,630
18548,10,11,19292,700
18548,10,11,18922,770
18548,10,11,1,840
28564,10,11,30049,0
28564,10,11,29679,490
28564,10,11,29309,770
28564,10,11,28939,1050
28564,10,11,28569,1260
22627,10,11,24483,0
22627,10,11,24113,560
22627,10,11,23743,840
22627,10,11,23373,1050
22627,10,11,23003,1330
25600,10,11,26341,0
25600,10,11,25971,560
25600,10,11,25601,770
25600,10,11,1,1050
29679,10,11,31162,0
29679,10,11,30792,560
29679,10,11,30422,840
29679,10,11,30052,1050
29679,10,11,29682,1330
14468,10,11,18541,0
14468,10,11,18171,210
14468,10,11,17801,280
14468,10,11,17431,350
14468,10,11,17061,420
14468,10,11,16321,490
14468,10,11,15951,560
14468,10,11,15211,630
14468,10,11,14841,700
14468,10,11,14471,770
14468,10,11,1,840
20016,10,11,22256,0
20016,10,11,21886,490
20016,10,11,21516,770
20016,10,11,21146,980
20016,10,11,20776,1260
20025,10,11,21886,0
20025,10,11,21516,490
20025,10,11,21146,770
20025,10,11,20776,980
20025,10,11,20406,1260
20025,10,11,1,1330
30791,10,11,32645,0
30791,10,11,32275,490
30791,10,11,31905,700
30791,10,11,31535,980
30791,10,11,31165,1260
30791,10,11,30795,1470
22998,10,11,25224,0
22998,10,11,24854,280
22998,10,11,24484,560
22998,10,11,24114,770
22998,10,11,23744,1050
22998,10,11,23374,1260
20034,10,11,21146,0
20034,10,11,20776,490
20034,10,11,20036,770
20034,10,11,1,840
18909,10,11,21883,0
18909,10,11,21513,420
18909,10,11,21143,700
18909,10,11,20773,980
18909,10,11,20403,1190
18909,10,11,20033,1260
18909,10,11,19293,1330
18909,10,11,18923,1400
18909,10,11,1,1470
15945,10,11,21135,0
15945,10,11,20765,420
15945,10,11,20395,700
15945,10,11,19655,770
15945,10,11,19285,840
15945,10,11,18545,910
15945,10,11,18175,980
15945,10,11,17805,1050
15945,10,11,17065,1120
15945,10,11,16695,1190
15945,10,11,15955,1260
15945,10,11,1,1330
26711,10,11,28564,0
26711,10,11,28194,350
26711,10,11,27824,630
26711,10,11,27454,910
26711,10,11,27084,1120
26711,10,11,26714,1400
18918,10,11,21143,0
18918,10,11,20773,350
18918,10,11,20033,630
18918,10,11,19663,700
18918,10,11,19293,770
18918,10,11,1,840
31162,10,11,33016,0
31162,10,11,32646,350
31162,10,11,32276,630
31162,10,11,31906,840
31162,10,11,31536,1120
31162,10,11,31166,1400
15954,10,11,19655,0
15954,10,11,19285,280
15954,10,11,18545,350
15954,10,11,18175,420
15954,10,11,17805,490
15954,10,11,17065,560
15954,10,11,16695,630
15954,10,11,15955,700
15954,10,11,1,770
32277,10,11,33759,0
32277,10,11,33389,350
32277,10,11,33019,630
32277,10,11,32649,840
32277,10,11,32279,1120
32277,10,11,1,1330
20386,10,11,22257,0
20386,10,11,21887,560
20386,10,11,21517,770
20386,10,11,21147,1050
20386,10,11,20777,1330
21145,10,11,22259,0
21145,10,11,21889,560
21145,10,11,21519,840
21145,10,11,21149,1050
21145,10,11,1,1330
25224,10,11,27080,0
25224,10,11,26710,420
25224,10,11,26340,630
25224,10,11,25970,910
25224,10,11,25600,1120
25224,10,11,25230,1400
17431,10,11,21509,0
17431,10,11,21139,280
17431,10,11,20769,490
17431,10,11,20399,770
17431,10,11,19659,840
17431,10,11,19289,910
17431,10,11,18549,980
17431,10,11,18179,1050
17431,10,11,17809,1120
17431,10,11,1,1190
28197,10,11,28938,0
28197,10,11,28568,490
28197,10,11,28198,770
28197,10,11,1,980
21498,10,11,23370,0
21498,10,11,23000,350
21498,10,11,22630,630
21498,10,11,22260,910
21498,10,11,21890,1120
21498,10,11,21520,1400
21507,10,11,23370,0
21507,10,11,23000,420
21507,10,11,22630,630
21507,10,11,22260,840
21507,10,11,21890,1120
21507,10,11,21520,1400
18543,10,11,21512,0
18543,10,11,21142,420
18543,10,11,20772,700
18543,10,11,20032,980
18543,10,11,19662,1050
18543,10,11,18922,1120
18543,10,11,18552,1190
18543,10,11,1,1260
21516,10,11,22630,0
21516,10,11,22260,560
21516,10,11,21890,840
21516,10,11,21520,1050
21516,10,11,1,1330
15579,10,11,20394,0
15579,10,11,20024,280
15579,10,11,19654,350
15579,10,11,18914,420
15579,10,11,18544,490
15579,10,11,17804,560
15579,10,11,17434,630
15579,10,11,17064,700
15579,10,11,16324,770
15579,10,11,15954,840
15579,10,11,1,910
18552,10,11,22252,0
18552,10,11,21882,490
18552,10,11,21512,700
18552,10,11,21142,980
18552,10,11,20772,1190
18552,10,11,20402,1470
25595,10,11,27451,0
25595,10,11,27081,420
25595,10,11,26711,700
25595,10,11,26341,980
25595,10,11,25971,1190
25595,10,11,25601,1470
22631,10,11,24113,0
22631,10,11,23743,490
22631,10,11,23373,770
22631,10,11,23003,980
22631,10,11,22633,1260
22631,10,11,1,1470
20020,10,11,22256,0
20020,10,11,21886,420
20020,10,11,21516,700
20020,10,11,21146,910
20020,10,11,20776,1190
20020,10,11,20406,1400
20020,10,11,20036,1470
33759,10,11,35613,0
33759,10,11,35243,420
33759,10,11,34873,700
33759,10,11,34503,910
33759,10,11,34133,1190
33759,10,11,33763,1400
20029,10,11,21516,0
20029,10,11,21146,350
20029,10,11,20776,560
20029,10,11,20406,840
20029,10,11,1,910
30795,10,11,33015,0
30795,10,11,32645,420
30795,10,11,32275,700
30795,10,11,31905,980
30795,10,11,31535,1190
30795,10,11,31165,1470
18913,10,11,21883,0
18913,10,11,21513,280
18913,10,11,21143,560
18913,10,11,20773,770
18913,10,11,20033,1050
18913,10,11,19663,1120
18913,10,11,19293,1190
18913,10,11,1,1260
15949,10,11,20765,0
15949,10,11,20395,280
15949,10,11,20025,350
15949,10,11,19285,420
15949,10,11,18915,490
15949,10,11,18545,560
15949,10,11,17805,630
15949,10,11,17435,700
15949,10,11,16695,770
15949,10,11,16325,840
15949,10,11,15955,910
15949,10,11,1,980
31166,10,11,33386,0
31166,10,11,33016,350
31166,10,11,32646,630
31166,10,11,32276,910
31166,10,11,31906,1120
31166,10,11,31536,1400
21140,10,11,22629,0
21140,10,11,22259,350
21140,10,11,21889,560
21140,10,11,21519,840
21140,10,11,21149,1050
21140,10,11,1,1330
24113,10,11,25967,0
24113,10,11,25597,560
24113,10,11,25227,770
24113,10,11,24857,1050
24113,10,11,24487,1260
21149,10,11,22999,0
21149,10,11,22629,560
21149,10,11,22259,840
21149,10,11,21889,1050
21149,10,11,21519,1330
28192,10,11,29678,0
28192,10,11,29308,560
28192,10,11,28938,770
28192,10,11,28568,1050
28192,10,11,28198,1330
25228,10,11,26710,0
25228,10,11,26340,490
25228,10,11,25970,700
25228,10,11,25600,980
25228,10,11,25230,1260
25228,10,11,1,1470
21502,10,11,23370,0
21502,10,11,23000,420
21502,10,11,22630,700
21502,10,11,22260,980
21502,10,11,21890,1190
21502,10,11,21520,1470
21511,10,11,23000,0
21511,10,11,22630,490
21511,10,11,22260,770
21511,10,11,21890,1050
21511,10,11,21520,1260
18547,10,11,21142,0
18547,10,11,20772,280
18547,10,11,20402,560
18547,10,11,19662,630
18547,10,11,19292,700
18547,10,11,18922,770
18547,10,11,1,840
21520,10,11,23370,0
21520,10,11,23000,630
21520,10,11,22630,840
21520,10,11,22260,1120
21520,10,11,21890,1330
15583,10,11,19284,0
15583,10,11,18914,280
15583,10,11,18174,350
15583,10,11,17804,420
15583,10,11,17434,490
15583,10,11,16694,560
15583,10,11,16324,630
15583,10,11,15584,700
15583,10,11,1,770
22626,10,11,24483,0
22626,10,11,24113,630
22626,10,11,23743,840
22626,10,11,23373,1120
22626,10,11,23003,1330
14467,10,11,18541,0
14467,10,11,18171,280
14467,10,11,17801,350
14467,10,11,17061,420
14467,10,11,16691,490
14467,10,11,15951,560
14467,10,11,15581,630
14467,10,11,15211,700
14467,10,11,14471,770
14467,10,11,1,840
20015,10,11,22256,0
20015,10,11,21886,490
20015,10,11,21516,770
20015,10,11,21146,980
20015,10,11,20776,1260
20015,10,11,20406,1470
20024,10,11,21886,0
20024,10,11,21516,420
20024,10,11,21146,700
20024,10,11,20776,980
20024,10,11,20406,1190
20024,10,11,20036,1260
20024,10,11,1,1330
30790,10,11,32645,0
30790,10,11,32275,490
30790,10,11,31905,700
30790,10,11,31535,980
30790,10,11,31165,1190
30790,10,11,30795,1470
27826,10,11,28567,0
27826,10,11,28197,560
27826,10,11,27827,770
27826,10,11,1,1050
18908,10,11,21883,0
18908,10,11,21513,420
18908,10,11,21143,700
18908,10,11,20773,980
18908,10,11,20403,1190
18908,10,11,20033,1260
18908,10,11,19293,1330
18908,10,11,18923,1400
18908,10,11,1,1470
26710,10,11,28564,0
26710,10,11,28194,490
26710,10,11,27824,700
26710,10,11,27454,980
26710,10,11,27084,1190
26710,10,11,26714,1470
23746,10,11,25966,0
23746,10,11,25596,490
23746,10,11,25226,770
23746,10,11,24856,980
23746,10,11,24486,1260
31161,10,11,33016,0
31161,10,11,32646,350
31161,10,11,32276,560
31161,10,11,31906,840
31161,10,11,31536,1120
31161,10,11,31166,1330
21126,10,11,22999,0
21126,10,11,22629,420
21126,10,11,22259,700
21126,10,11,21889,910
21126,10,11,21519,1190
21126,10,11,21149,1470
32276,10,11,33759,0
32276,10,11,33389,490
32276,10,11,33019,770
32276,10,11,32649,1050
32276,10,11,32279,1260
17065,10,11,20768,0
17065,10,11,20398,280
17065,10,11,20028,350
17065,10,11,19288,420
17065,10,11,18918,490
17065,10,11,18548,560
17065,10,11,17808,630
17065,10,11,17438,700
17065,10,11,1,770
21135,10,11,22629,0
21135,10,11,22259,490
21135,10,11,21889,770
21135,10,11,21519,1050
21135,10,11,21149,1260
18171,10,11,21511,0
18171,10,11,21141,420
18171,10,11,20771,700
18171,10,11,20401,910
18171,10,11,20031,980
18171,10,11,19291,1050
18171,10,11,18921,1120
18171,10,11,18551,1190
18171,10,11,1,1260
21144,10,11,22629,0
21144,10,11,22259,280
21144,10,11,21889,560
21144,10,11,21519,840
21144,10,11,21149,1050
21144,10,11,1,1330
24117,10,11,26337,0
24117,10,11,25967,490
24117,10,11,25597,700
24117,10,11,25227,980
24117,10,11,24857,1190
24117,10,11,24487,1470
18180,10,11,20771,0
18180,10,11,20401,350
18180,10,11,19661,420
18180,10,11,19291,490
18180,10,11,18921,560
18180,10,11,18181,630
18180,10,11,1,700
28196,10,11,29678,0
28196,10,11,29308,420
28196,10,11,28938,700
28196,10,11,28568,910
28196,10,11,28198,1190
28196,10,11,1,1400
21506,10,11,23000,0
21506,10,11,22630,420
21506,10,11,22260,630
21506,10,11,21890,910
21506,10,11,21520,1120
21506,10,11,1,1400
18542,10,11,21512,0
18542,10,11,21142,490
18542,10,11,20772,700
18542,10,11,20402,980
18542,10,11,19662,1050
18542,10,11,19292,1120
18542,10,11,18922,1190
18542,10,11,1,1260
29308,10,11,30791,0
29308,10,11,30421,560
29308,10,11,30051,770
29308,10,11,29681,1050
29308,10,11,29311,1330
21515,10,11,22630,0
21515,10,11,22260,560
21515,10,11,21890,840
21515,10,11,21520,1050
21515,10,11,1,1330
15578,10,11,20394,0
15578,10,11,20024,280
15578,10,11,19654,350
15578,10,11,18914,420
15578,10,11,18544,490
15578,10,11,18174,560
15578,10,11,17434,630
15578,10,11,17064,700
15578,10,11,16324,770
15578,10,11,15954,840
15578,10,11,15584,910
15578,10,11,1,980
18551,10,11,20772,0
18551,10,11,20402,420
18551,10,11,19662,490
18551,10,11,19292,560
18551,10,11,18552,630
18551,10,11,1,700
33387,10,11,35242,0
33387,10,11,34872,420
33387,10,11,34502,630
33387,10,11,34132,910
33387,10,11,33762,1120
33387,10,11,33392,1400
30423,10,11,31164,0
30423,10,11,30794,490
30423,10,11,30424,700
30423,10,11,1,980
22630,10,11,24483,0
22630,10,11,24113,420
22630,10,11,23743,700
22630,10,11,23373,980
22630,10,11,23003,1190
22630,10,11,22633,1470
14471,10,11,21501,0
14471,10,11,21131,350
14471,10,11,20761,630
14471,10,11,20021,910
14471,10,11,19651,980
14471,10,11,18911,1050
14471,10,11,18541,1120
14471,10,11,18171,1190
14471,10,11,17431,1260
14471,10,11,17061,1330
14471,10,11,16321,1400
14471,10,11,15951,1470
20019,10,11,22256,0
20019,10,11,21886,420
20019,10,11,21516,630
20019,10,11,21146,910
20019,10,11,20776,1120
20019,10,11,20406,1400
20019,10,11,20036,1470
33758,10,11,35613,0
33758,10,11,35243,420
33758,10,11,34873,630
33758,10,11,34503,910
33758,10,11,34133,1120
33758,10,11,33763,1400
27821,10,11,29677,0
27821,10,11,29307,350
27821,10,11,28937,630
27821,10,11,28567,840
27821,10,11,28197,1120
27821,10,11,27827,1330
30794,10,11,31535,0
30794,10,11,31165,560
30794,10,11,30795,770
30794,10,11,1,1050
19653,10,11,21885,0
19653,10,11,21515,420
19653,10,11,21145,630
19653,10,11,20775,910
19653,10,11,20035,1190
19653,10,11,19665,1260
19653,10,11,1,1330
19662,10,11,21145,0
19662,10,11,20775,490
19662,10,11,20405,700
19662,10,11,20035,770
19662,10,11,19665,840
19662,10,11,1,910
20768,10,11,22258,0
20768,10,11,21888,350
20768,10,11,21518,560
20768,10,11,21148,840
20768,10,11,20778,1050
20768,10,11,1,1330
23741,10,11,25596,0
23741,10,11,25226,490
23741,10,11,24856,770
23741,10,11,24486,980
23741,10,11,24116,1260
26714,10,11,28934,0
26714,10,11,28564,420
26714,10,11,28194,700
26714,10,11,27824,910
26714,10,11,27454,1190
26714,10,11,27084,1400
20777,10,11,21148,0
20777,10,11,20778,490
20777,10,11,1,770
17060,10,11,21138,0
17060,10,11,20768,490
17060,10,11,20398,700
17060,10,11,20028,770
17060,10,11,19288,840
17060,10,11,18918,910
17060,10,11,18178,980
17060,10,11,17808,1050
17060,10,11,17438,1120
17060,10,11,1,1190
21130,10,11,22629,0
21130,10,11,22259,420
21130,10,11,21889,630
21130,10,11,21519,910
21130,10,11,21149,1120
21130,10,11,1,1400
18166,10,11,21881,0
18166,10,11,21511,350
18166,10,11,21141,630
18166,10,11,20771,840
18166,10,11,20031,1120
18166,10,11,19661,1190
18166,10,11,19291,1260
18166,10,11,18551,1330
18166,10,11,18181,1400
18166,10,11,1,1470
14096,10,11,18170,0
14096,10,11,17800,280
14096,10,11,17430,350
14096,10,11,16690,420
14096,10,11,16320,490
14096,10,11,15580,560
14096,10,11,15210,630
14096,10,11,14840,700
14096,10,11,14100,770
14096,10,11,1,840
21139,10,11,22629,0
21139,10,11,22259,490
21139,10,11,21889,770
21139,10,11,21519,1050
21139,10,11,21149,1260
31905,10,11,33388,0
31905,10,11,33018,490
31905,10,11,32648,770
31905,10,11,32278,980
31905,10,11,31908,1260
24112,10,11,25967,0
24112,10,11,25597,420
24112,10,11,25227,700
24112,10,11,24857,910
24112,10,11,24487,1190
24112,10,11,24117,1470
18175,10,11,21141,0
18175,10,11,20771,280
18175,10,11,20401,490
18175,10,11,20031,560
18175,10,11,19661,630
18175,10,11,18921,700
18175,10,11,18551,770
18175,10,11,1,840
21148,10,11,21889,0
21148,10,11,21519,420
21148,10,11,21149,700
21148,10,11,1,910
25227,10,11,26710,0
25227,10,11,26340,560
25227,10,11,25970,840
25227,10,11,25600,1050
25227,10,11,25230,1330
21501,10,11,23370,0
21501,10,11,23000,420
21501,10,11,22630,700
21501,10,11,22260,980
21501,10,11,21890,1190
21501,10,11,21520,1470
18537,10,11,21882,0
18537,10,11,21512,420
18537,10,11,21142,630
18537,10,11,20772,910
18537,10,11,20402,1120
18537,10,11,20032,1190
18537,10,11,19662,1260
18537,10,11,18922,1330
18537,10,11,18552,1400
18537,10,11,1,1470
26339,10,11,28193,0
26339,10,11,27823,490
26339,10,11,27453,700
26339,10,11,27083,980
26339,10,11,26713,1190
26339,10,11,26343,1470
18546,10,11,21142,0
18546,10,11,20772,280
18546,10,11,20402,560
18546,10,11,20032,630
18546,10,11,19292,700
18546,10,11,18922,770
18546,10,11,1,840
15582,10,11,19654,0
15582,10,11,18914,350
15582,10,11,18174,420
15582,10,11,17804,490
15582,10,11,17064,560
15582,10,11,16694,630
15582,10,11,16324,700
15582,10,11,15584,770
15582,10,11,1,840
30418,10,11,31904,0
30418,10,11,31534,560
30418,10,11,31164,770
30418,10,11,30794,1050
30418,10,11,30424,1260
22259,10,11,24112,0
22259,10,11,23742,420
22259,10,11,23372,700
22259,10,11,23002,910
22259,10,11,22632,1190
22259,10,11,22262,1400
14466,10,11,18541,0
14466,10,11,18171,280
14466,10,11,17801,350
14466,10,11,17061,420
14466,10,11,16691,490
14466,10,11,15951,560
14466,10,11,15581,630
14466,10,11,15211,700
14466,10,11,14471,770
14466,10,11,1,840
30789,10,11,32645,0
30789,10,11,32275,420
30789,10,11,31905,700
30789,10,11,31535,980
30789,10,11,31165,1190
30789,10,11,30795,1470
27825,10,11,29307,0
27825,10,11,28937,420
27825,10,11,28567,700
27825,10,11,28197,980
27825,10,11,27827,1190
27825,10,11,1,1470
19657,10,11,21885,0
19657,10,11,21515,420
19657,10,11,21145,630
19657,10,11,20775,910
19657,10,11,20035,1190
19657,10,11,19665,1260
19657,10,11,1,1330
20763,10,11,22258,0
20763,10,11,21888,490
20763,10,11,21518,770
20763,10,11,21148,980
20763,10,11,20778,1260
16693,10,11,20767,0
16693,10,11,20397,280
16693,10,11,20027,350
16693,10,11,19657,420
16693,10,11,18917,490
16693,10,11,18547,560
16693,10,11,18177,630
16693,10,11,17437,700
16693,10,11,17067,770
16693,10,11,1,840
13729,10,11,21499,0
13729,10,11,21129,280
13729,10,11,20759,560
13729,10,11,20389,770
13729,10,11,20019,840
13729,10,11,19279,910
13729,10,11,18909,980
13729,10,11,18169,1050
13729,10,11,17799,1120
13729,10,11,17429,1190
13729,10,11,16689,1260
13729,10,11,16319,1330
13729,10,11,15579,1400
13729,10,11,15209,1470
26709,10,11,28564,0
26709,10,11,28194,350
26709,10,11,27824,630
26709,10,11,27454,840
26709,10,11,27084,1120
26709,10,11,26714,1330
20772,10,11,21518,0
20772,10,11,21148,420
20772,10,11,20778,700
20772,10,11,1,910
23745,10,11,24856,0
23745,10,11,24486,420
23745,10,11,24116,630
23745,10,11,23746,910
23745,10,11,1,1120
21125,10,11,22999,0
21125,10,11,22629,490
21125,10,11,22259,700
21125,10,11,21889,980
21125,10,11,21519,1190
21125,10,11,21149,1470
17055,10,11,21138,0
17055,10,11,20768,490
17055,10,11,20398,700
17055,10,11,20028,770
17055,10,11,19288,840
17055,10,11,18918,910
17055,10,11,18178,980
17055,10,11,17808,1050
17055,10,11,17438,1120
17055,10,11,1,1190
21134,10,11,22629,0
21134,10,11,22259,420
21134,10,11,21889,700
21134,10,11,21519,910
21134,10,11,21149,1190
21134,10,11,1,1400
17064,10,11,20768,0
17064,10,11,20398,280
17064,10,11,20028,350
17064,10,11,19658,420
17064,10,11,19288,490
17064,10,11,18548,560
17064,10,11,18178,630
17064,10,11,17438,700
17064,10,11,17068,770
17064,10,11,1,840
28936,10,11,30790,0
28936,10,11,30420,420
28936,10,11,30050,630
28936,10,11,29680,910
28936,10,11,29310,1120
28936,10,11,28940,1400
14100,10,11,21500,0
14100,10,11,21130,280
14100,10,11,20760,560
14100,10,11,20390,840
14100,10,11,19650,910
14100,10,11,19280,980
14100,10,11,18540,1050
14100,10,11,18170,1120
14100,10,11,17800,1190
14100,10,11,17060,1260
14100,10,11,16690,1330
14100,10,11,15950,1400
14100,10,11,15580,1470
21143,10,11,22629,0
21143,10,11,22259,350
21143,10,11,21889,630
21143,10,11,21519,840
21143,10,11,21149,1120
21143,10,11,1,1330
18170,10,11,21511,0
18170,10,11,21141,420
18170,10,11,20771,700
18170,10,11,20031,980
18170,10,11,19661,1050
18170,10,11,18921,1120
18170,10,11,18551,1190
18170,10,11,18181,1260
18170,10,11,1,1330
18179,10,11,20771,0
18179,10,11,20401,420
18179,10,11,19661,490
18179,10,11,19291,560
18179,10,11,18921,630
18179,10,11,18181,700
18179,10,11,1,770
29307,10,11,31161,0
29307,10,11,30791,420
29307,10,11,30421,630
29307,10,11,30051,910
29307,10,11,29681,1120
29307,10,11,29311,1400
23370,10,11,25225,0
23370,10,11,24855,560
23370,10,11,24485,770
23370,10,11,24115,1050
23370,10,11,23745,1260
15577,10,11,20394,0
15577,10,11,20024,280
15577,10,11,19654,350
15577,10,11,18914,420
15577,10,11,18544,490
15577,10,11,18174,560
15577,10,11,17434,630
15577,10,11,17064,700
15577,10,11,16324,770
15577,10,11,15954,840
15577,10,11,15584,910
15577,10,11,1,980
26343,10,11,28563,0
26343,10,11,28193,420
26343,10,11,27823,700
26343,10,11,27453,910
26343,10,11,27083,1190
26343,10,11,26713,1470
30422,10,11,31904,0
30422,10,11,31534,420
30422,10,11,31164,630
30422,10,11,30794,910
30422,10,11,30424,1190
30422,10,11,1,1400
22254,10,11,24112,0
22254,10,11,23742,490
22254,10,11,23372,770
22254,10,11,23002,980
22254,10,11,22632,1260
19290,10,11,21144,0
19290,10,11,20774,420
19290,10,11,20034,700
19290,10,11,19664,770
19290,10,11,1,840
19652,10,11,21885,0
19652,10,11,21515,420
19652,10,11,21145,630
19652,10,11,20775,910
19652,10,11,20035,1190
19652,10,11,19665,1260
19652,10,11,1,1330
16688,10,11,21137,0
16688,10,11,20767,420
16688,10,11,20027,700
16688,10,11,19657,770
16688,10,11,18917,840
16688,10,11,18547,910
16688,10,11,18177,980
16688,10,11,17437,1050
16688,10,11,17067,1120
16688,10,11,1,1190
20758,10,11,22628,0
20758,10,11,22258,350
20758,10,11,21888,630
20758,10,11,21518,840
20758,10,11,21148,1120
20758,10,11,20778,1330
19661,10,11,21145,0
19661,10,11,20775,490
19661,10,11,20405,770
19661,10,11,19665,840
19661,10,11,1,910
31533,10,11,33387,0
31533,10,11,33017,350
31533,10,11,32647,630
31533,10,11,32277,840
31533,10,11,31907,1120
31533,10,11,31537,1330
20767,10,11,22258,0
20767,10,11,21888,350
20767,10,11,21518,630
20767,10,11,21148,840
20767,10,11,20778,1120
20767,10,11,1,1330
16697,10,11,21877,0
16697,10,11,21507,490
16697,10,11,21137,700
16697,10,11,20767,980
16697,10,11,20397,1190
16697,10,11,20027,1260
16697,10,11,19287,1330
16697,10,11,18917,1400
16697,10,11,18547,1470
23740,10,11,25596,0
23740,10,11,25226,490
23740,10,11,24856,770
23740,10,11,24486,1050
23740,10,11,24116,1260
20776,10,11,21518,0
20776,10,11,21148,350
20776,10,11,20778,560
20776,10,11,1,840
17059,10,11,21138,0
17059,10,11,20768,490
17059,10,11,20398,700
17059,10,11,20028,770
17059,10,11,19288,840
17059,10,11,18918,910
17059,10,11,18178,980
17059,10,11,17808,1050
17059,10,11,17438,1120
17059,10,11,1,1190
21129,10,11,22999,0
21129,10,11,22629,420
21129,10,11,22259,630
21129,10,11,21889,910
21129,10,11,21519,1120
21129,10,11,21149,1400
18165,10,11,21881,0
18165,10,11,21511,350
18165,10,11,21141,630
18165,10,11,20771,840
18165,10,11,20401,1120
18165,10,11,19661,1190
18165,10,11,19291,1260
18165,10,11,18921,1330
18165,10,11,18181,1400
18165,10,11,1,1470
21138,10,11,22629,0
21138,10,11,22259,490
21138,10,11,21889,770
21138,10,11,21519,1050
21138,10,11,21149,1260
25967,10,11,27822,0
25967,10,11,27452,350
25967,10,11,27082,630
25967,10,11,26712,840
25967,10,11,26342,1120
25967,10,11,25972,1400
31904,10,11,33758,0
31904,10,11,33388,350
31904,10,11,33018,630
31904,10,11,32648,840
31904,10,11,32278,1120
31904,10,11,31908,1330
28940,10,11,31160,0
28940,10,11,30790,350
28940,10,11,30420,630
28940,10,11,30050,840
28940,10,11,29680,1120
28940,10,11,29310,1400
18174,10,11,21141,0
18174,10,11,20771,280
18174,10,11,20401,490
18174,10,11,20031,560
18174,10,11,19661,630
18174,10,11,18921,700
18174,10,11,18551,770
18174,10,11,1,840
33019,10,11,34501,0
33019,10,11,34131,350
33019,10,11,33761,630
33019,10,11,33391,840
33019,10,11,33021,1120
33019,10,11,1,1330
26338,10,11,28193,0
26338,10,11,27823,350
26338,10,11,27453,630
26338,10,11,27083,840
26338,10,11,26713,1120
26338,10,11,26343,1400
29311,10,11,31531,0
29311,10,11,31161,350
29311,10,11,30791,630
29311,10,11,30421,840
29311,10,11,30051,1120
29311,10,11,29681,1400
23374,10,11,24485,0
23374,10,11,24115,420
23374,10,11,23745,630
23374,10,11,23375,840
23374,10,11,1,1120
19276,10,11,21884,0
19276,10,11,21514,490
19276,10,11,21144,770
19276,10,11,20774,980
19276,10,11,20034,1260
19276,10,11,19664,1330
19276,10,11,19294,1400
19276,10,11,1,1470
15206,10,11,20023,0
15206,10,11,19653,280
15206,10,11,19283,350
15206,10,11,18543,420
15206,10,11,18173,490
15206,10,11,17803,560
15206,10,11,17063,630
15206,10,11,16693,700
15206,10,11,15953,770
15206,10,11,15583,840
15206,10,11,15213,910
15206,10,11,1,980
22249,10,11,24112,0
22249,10,11,23742,560
22249,10,11,23372,840
22249,10,11,23002,1050
22249,10,11,22632,1330
19285,10,11,21884,0
19285,10,11,21514,280
19285,10,11,21144,560
19285,10,11,20774,770
19285,10,11,20404,1050
19285,10,11,19664,1120
19285,10,11,19294,1190
19285,10,11,1,1260
22258,10,11,24112,0
22258,10,11,23742,490
22258,10,11,23372,770
22258,10,11,23002,980
22258,10,11,22632,1260
16321,10,11,20766,0
16321,10,11,20396,280
16321,10,11,20026,350
16321,10,11,19656,420
16321,10,11,18916,490
16321,10,11,18546,560
16321,10,11,18176,630
16321,10,11,17436,700
16321,10,11,17066,770
16321,10,11,16326,840
16321,10,11,1,910
19294,10,11,22624,0
19294,10,11,22254,350
19294,10,11,21884,560
19294,10,11,21514,840
19294,10,11,21144,1050
19294,10,11,20774,1330
19647,10,11,22255,0
19647,10,11,21885,350
19647,10,11,21515,630
19647,10,11,21145,840
19647,10,11,20775,1120
19647,10,11,20405,1330
19647,10,11,20035,1400
19647,10,11,19665,1470
19656,10,11,21885,0
19656,10,11,21515,420
19656,10,11,21145,630
19656,10,11,20775,910
19656,10,11,20405,1120
19656,10,11,20035,1190
19656,10,11,19665,1260
19656,10,11,1,1330
16692,10,11,20767,0
16692,10,11,20397,280
16692,10,11,20027,350
16692,10,11,19657,420
16692,10,11,18917,490
16692,10,11,18547,560
16692,10,11,17807,630
16692,10,11,17437,700
16692,10,11,17067,770
16692,10,11,1,840
20762,10,11,22258,0
20762,10,11,21888,490
20762,10,11,21518,770
20762,10,11,21148,1050
20762,10,11,20778,1260
19665,10,11,22625,0
19665,10,11,22255,420
19665,10,11,21885,700
19665,10,11,21515,910
19665,10,11,21145,1190
19665,10,11,20775,1400
13728,10,11,16689,0
13728,10,11,15949,280
13728,10,11,15579,350
13728,10,11,15209,420
13728,10,11,14839,490
13728,10,11,14099,560
13728,10,11,13729,630
13728,10,11,1,700
20771,10,11,21518,0
20771,10,11,21148,420
20771,10,11,20778,630
20771,10,11,1,910
31537,10,11,33757,0
31537,10,11,33387,350
31537,10,11,33017,560
31537,10,11,32647,840
31537,10,11,32277,1120
31537,10,11,31907,1330
21883,10,11,23741,0
21883,10,11,23371,420
21883,10,11,23001,630
21883,10,11,22631,910
21883,10,11,22261,1120
21883,10,11,21891,1400
24856,10,11,26709,0
24856,10,11,26339,420
24856,10,11,25969,700
24856,10,11,25599,910
24856,10,11,25229,1190
24856,10,11,24859,1470
14099,10,11,17060,0
14099,10,11,16320,280
14099,10,11,15950,350
14099,10,11,15580,420
14099,10,11,15210,490
14099,10,11,14470,560
14099,10,11,14100,630
14099,10,11,1,700
28935,10,11,30420,0
28935,10,11,30050,490
28935,10,11,29680,770
28935,10,11,29310,980
28935,10,11,28940,1260
31908,10,11,34128,0
31908,10,11,33758,350
31908,10,11,33388,560
31908,10,11,33018,840
31908,10,11,32648,1120
31908,10,11,32278,1330
25971,10,11,26712,0
25971,10,11,26342,560
25971,10,11,25972,770
25971,10,11,1,1050
18169,10,11,21511,0
18169,10,11,21141,420
18169,10,11,20771,630
18169,10,11,20401,910
18169,10,11,19661,980
18169,10,11,19291,1050
18169,10,11,18551,1120
18169,10,11,18181,1190
18169,10,11,1,1260
17803,10,11,20770,0
17803,10,11,20030,490
17803,10,11,19660,560
17803,10,11,19290,630
17803,10,11,18550,700
17803,10,11,18180,770
17803,10,11,1,840
23369,10,11,25595,0
23369,10,11,25225,350
23369,10,11,24855,560
23369,10,11,24485,770
23369,10,11,24115,1050
23369,10,11,23745,1260
26342,10,11,27083,0
26342,10,11,26713,560
26342,10,11,26343,770
26342,10,11,1,1050
15210,10,11,20023,0
15210,10,11,19283,280
15210,10,11,18913,350
15210,10,11,18543,420
15210,10,11,17803,490
15210,10,11,17433,560
15210,10,11,17063,630
15210,10,11,16323,700
15210,10,11,15953,770
15210,10,11,15213,840
15210,10,11,1,910
19280,10,11,21884,0
19280,10,11,21514,490
19280,10,11,21144,770
19280,10,11,20774,980
19280,10,11,20404,1260
19280,10,11,19664,1330
19280,10,11,19294,1400
19280,10,11,1,1470
22253,10,11,24112,0
22253,10,11,23742,490
22253,10,11,23372,770
22253,10,11,23002,980
22253,10,11,22632,1260
22253,10,11,22262,1470
16316,10,11,21136,0
16316,10,11,20766,490
16316,10,11,20396,700
16316,10,11,20026,770
16316,10,11,19286,840
16316,10,11,18916,910
16316,10,11,18546,980
16316,10,11,17806,1050
16316,10,11,17436,1120
16316,10,11,16696,1190
16316,10,11,16326,1260
16316,10,11,1,1330
19289,10,11,21144,0
19289,10,11,20774,420
19289,10,11,20404,630
19289,10,11,20034,700
19289,10,11,19664,770
19289,10,11,1,840
22262,10,11,24482,0
22262,10,11,24112,490
22262,10,11,23742,700
22262,10,11,23372,980
22262,10,11,23002,1190
22262,10,11,22632,1470
16325,10,11,20026,0
16325,10,11,19656,280
16325,10,11,18916,350
16325,10,11,18546,420
16325,10,11,17806,490
16325,10,11,17436,560
16325,10,11,16696,630
16325,10,11,16326,700
16325,10,11,1,770
19651,10,11,22255,0
19651,10,11,21885,350
19651,10,11,21515,630
19651,10,11,21145,840
19651,10,11,20775,1120
19651,10,11,20405,1330
19651,10,11,20035,1400
19651,10,11,1,1470
20757,10,11,22628,0
20757,10,11,22258,350
20757,10,11,21888,630
20757,10,11,21518,840
20757,10,11,21148,1120
20757,10,11,20778,1330
16687,10,11,21137,0
16687,10,11,20767,490
16687,10,11,20397,700
16687,10,11,20027,770
16687,10,11,19287,840
16687,10,11,18917,910
16687,10,11,18177,980
16687,10,11,17807,1050
16687,10,11,17437,1120
16687,10,11,16697,1190
16687,10,11,1,1260
27453,10,11,29306,0
27453,10,11,28936,420
27453,10,11,28566,630
27453,10,11,28196,910
27453,10,11,27826,1120
27453,10,11,27456,1400
20766,10,11,21888,0
20766,10,11,21518,560
20766,10,11,21148,840
20766,10,11,20778,1050
20766,10,11,1,1330
16696,10,11,19657,0
16696,10,11,18917,350
16696,10,11,18547,420
16696,10,11,17807,490
16696,10,11,17437,560
16696,10,11,16697,630
16696,10,11,1,700
31532,10,11,33017,0
31532,10,11,32647,560
31532,10,11,32277,840
31532,10,11,31907,1050
31532,10,11,31537,1330
21878,10,11,23741,0
21878,10,11,23371,420
21878,10,11,23001,630
21878,10,11,22631,910
21878,10,11,22261,1120
21878,10,11,21891,1400
21887,11,12,23371,0
21887,11,12,23001,560
21887,11,12,22631,840
21887,11,12,22261,1050
21887,11,12,21891,1330
25966,11,12,27822,0
25966,11,12,27452,420
25966,11,12,27082,700
25966,11,12,26712,980
25966,11,12,26342,1190
25966,11,12,25972,1470
28939,11,12,29680,0
28939,11,12,29310,490
28939,11,12,28940,700
28939,11,12,1,980
17798,11,12,21510,0
17798,11,12,21140,350
17798,11,12,20770,630
17798,11,12,20400,840
17798,11,12,20030,910
17798,11,12,19290,980
17798,11,12,18920,1050
17798,11,12,18180,1120
17798,11,12,17810,1190
17798,11,12,1,1260
17807,11,12,20770,0
17807,11,12,20400,420
17807,11,12,20030,490
17807,11,12,19290,560
17807,11,12,18920,630
17807,11,12,18550,700
17807,11,12,17810,770
17807,11,12,1,840
34130,11,12,35984,0
34130,11,12,35614,420
34130,11,12,35244,700
34130,11,12,34874,910
34130,11,12,34504,1190
34130,11,12,34134,1400
23373,11,12,24855,0
23373,11,12,24485,560
23373,11,12,24115,770
23373,11,12,23745,1050
23373,11,12,23375,1330
30050,11,12,31533,0
30050,11,12,31163,560
30050,11,12,30793,840
30050,11,12,30423,1050
30050,11,12,30053,1330
19284,11,12,21884,0
19284,11,12,21514,350
19284,11,12,21144,560
19284,11,12,20774,840
19284,11,12,20404,1050
19284,11,12,20034,1120
19284,11,12,19664,1190
19284,11,12,1,1260
16320,11,12,20766,0
16320,11,12,20396,280
16320,11,12,20026,350
16320,11,12,19656,420
16320,11,12,19286,490
16320,11,12,18546,560
16320,11,12,18176,630
16320,11,12,17436,700
16320,11,12,17066,770
16320,11,12,16696,840
16320,11,12,1,910
19293,11,12,20774,0
19293,11,12,20404,490
19293,11,12,20034,560
19293,11,12,19294,630
19293,11,12,1,700
19646,11,12,21885,0
19646,11,12,21515,490
19646,11,12,21145,770
19646,11,12,20775,980
19646,11,12,20405,1260
19646,11,12,19665,1330
19646,11,12,1,1400
24484,11,12,26338,0
24484,11,12,25968,560
24484,11,12,25598,770
24484,11,12,25228,1050
24484,11,12,24858,1260
20761,11,12,22258,0
20761,11,12,21888,490
20761,11,12,21518,770
20761,11,12,21148,980
20761,11,12,20778,1260
34500,11,12,36355,0
34500,11,12,35985,420
34500,11,12,35615,630
34500,11,12,35245,910
34500,11,12,34875,1120
34500,11,12,34505,1400
13727,11,12,17059,0
13727,11,12,16689,280
13727,11,12,16319,350
13727,11,12,15579,420
13727,11,12,15209,490
13727,11,12,14469,560
13727,11,12,14099,630
13727,11,12,13729,700
13727,11,12,1,770
31536,11,12,32277,0
31536,11,12,31907,420
31536,11,12,31537,630
31536,11,12,1,910
20395,11,12,21887,0
20395,11,12,21517,490
20395,11,12,21147,770
20395,11,12,20777,980
20395,11,12,20407,1260
20395,11,12,1,1330
21873,11,12,23741,0
21873,11,12,23371,420
21873,11,12,23001,630
21873,11,12,22631,910
21873,11,12,22261,1120
21873,11,12,21891,1400
20404,11,12,21517,0
20404,11,12,21147,350
20404,11,12,20777,560
20404,11,12,20407,840
20404,11,12,1,910
32648,11,12,34130,0
32648,11,12,33760,350
32648,11,12,33390,630
32648,11,12,33020,840
32648,11,12,32650,1120
32648,11,12,1,1330
21882,11,12,23741,0
21882,11,12,23371,420
21882,11,12,23001,630
21882,11,12,22631,910
21882,11,12,22261,1120
21882,11,12,21891,1400
24855,11,12,26709,0
24855,11,12,26339,490
24855,11,12,25969,770
24855,11,12,25599,1050
24855,11,12,25229,1260
21891,11,12,24111,0
21891,11,12,23741,350
21891,11,12,23371,630
21891,11,12,23001,840
21891,11,12,22631,1120
21891,11,12,22261,1400
28934,11,12,30420,0
28934,11,12,30050,490
28934,11,12,29680,770
28934,11,12,29310,980
28934,11,12,28940,1260
25970,11,12,27452,0
25970,11,12,27082,490
25970,11,12,26712,700
25970,11,12,26342,980
25970,11,12,25972,1190
25970,11,12,1,1470
17802,11,12,21510,0
17802,11,12,21140,350
17802,11,12,20770,560
17802,11,12,20400,840
17802,11,12,19660,910
17802,11,12,19290,980
17802,11,12,18920,1050
17802,11,12,18180,1120
17802,11,12,17810,1190
17802,11,12,1,1260
28568,11,12,29309,0
28568,11,12,28939,490
28568,11,12,28569,700
28568,11,12,1,980
34134,11,12,36354,0
34134,11,12,35984,350
34134,11,12,35614,630
34134,11,12,35244,840
34134,11,12,34874,1120
34134,11,12,34504,1330
23002,11,12,24484,0
23002,11,12,24114,490
23002,11,12,23744,770
23002,11,12,23374,980
23002,11,12,23004,1260
15209,11,12,20023,0
15209,11,12,19653,280
15209,11,12,19283,350
15209,11,12,18543,420
15209,11,12,18173,490
15209,11,12,17433,560
15209,11,12,17063,630
15209,11,12,16693,700
15209,11,12,15953,770
15209,11,12,15583,840
15209,11,12,1,910
19279,11,12,21884,0
19279,11,12,21514,490
19279,11,12,21144,770
19279,11,12,20774,980
19279,11,12,20404,1260
19279,11,12,19664,1330
19279,11,12,19294,1400
19279,11,12,1,1470
27081,11,12,28935,0
27081,11,12,28565,490
27081,11,12,28195,700
27081,11,12,27825,980
27081,11,12,27455,1190
27081,11,12,27085,1470
19288,11,12,21144,0
19288,11,12,20774,420
19288,11,12,20034,700
19288,11,12,19664,770
19288,11,12,1,840
16324,11,12,20396,0
16324,11,12,19656,280
16324,11,12,19286,350
16324,11,12,18916,420
16324,11,12,18546,490
16324,11,12,17806,560
16324,11,12,17436,630
16324,11,12,16696,700
16324,11,12,16326,770
16324,11,12,1,840
18922,11,12,20773,0
18922,11,12,20033,490
18922,11,12,19663,560
18922,11,12,18923,630
18922,11,12,1,700
27452,11,12,29306,0
27452,11,12,28936,490
27452,11,12,28566,770
27452,11,12,28196,980
27452,11,12,27826,1260
27452,11,12,27456,1470
24488,11,12,26708,0
24488,11,12,26338,490
24488,11,12,25968,700
24488,11,12,25598,980
24488,11,12,25228,1190
24488,11,12,24858,1470
31531,11,12,33017,0
31531,11,12,32647,560
31531,11,12,32277,840
31531,11,12,31907,1050
31531,11,12,31537,1330
20390,11,12,22257,0
20390,11,12,21887,420
20390,11,12,21517,700
20390,11,12,21147,980
20390,11,12,20777,1190
20390,11,12,1,1470
20399,11,12,21887,0
20399,11,12,21517,490
20399,11,12,21147,770
20399,11,12,20777,980
20399,11,12,20407,1260
20399,11,12,1,1330
17435,11,12,20769,0
17435,11,12,20399,350
17435,11,12,20029,420
17435,11,12,19659,490
17435,11,12,18919,560
17435,11,12,18549,630
17435,11,12,17809,700
17435,11,12,17439,770
17435,11,12,1,840
21877,11,12,23741,0
21877,11,12,23371,490
21877,11,12,23001,700
21877,11,12,22631,980
21877,11,12,22261,1190
21877,11,12,21891,1470
21886,11,12,23371,0
21886,11,12,23001,560
21886,11,12,22631,770
21886,11,12,22261,1050
21886,11,12,21891,1260
28563,11,12,30049,0
28563,11,12,29679,490
28563,11,12,29309,770
28563,11,12,28939,1050
28563,11,12,28569,1260
25599,11,12,27081,0
25599,11,12,26711,490
25599,11,12,26341,700
25599,11,12,25971,980
25599,11,12,25601,1190
25599,11,12,1,1470
17806,11,12,20770,0
17806,11,12,20030,490
17806,11,12,19660,560
17806,11,12,18920,630
17806,11,12,18550,700
17806,11,12,18180,770
17806,11,12,1,840
29678,11,12,31532,0
29678,11,12,31162,420
29678,11,12,30792,630
29678,11,12,30422,910
29678,11,12,30052,1120
29678,11,12,29682,1400
14842,11,12,21872,0
14842,11,12,21502,280
14842,11,12,21132,560
14842,11,12,20762,770
14842,11,12,20022,1050
14842,11,12,19652,1120
14842,11,12,19282,1190
14842,11,12,18542,1260
14842,11,12,18172,1330
14842,11,12,17432,1400
14842,11,12,17062,1470
34129,11,12,35984,0
34129,11,12,35614,420
34129,11,12,35244,630
34129,11,12,34874,910
34129,11,12,34504,1120
34129,11,12,34134,1400
20033,11,12,21146,0
20033,11,12,20776,560
20033,11,12,20406,770
20033,11,12,20036,840
20033,11,12,1,910
30049,11,12,31903,0
30049,11,12,31533,420
30049,11,12,31163,700
30049,11,12,30793,910
30049,11,12,30423,1190
30049,11,12,30053,1400
27085,11,12,29305,0
27085,11,12,28935,420
27085,11,12,28565,700
27085,11,12,28195,910
27085,11,12,27825,1190
27085,11,12,27455,1400
16319,11,12,20766,0
16319,11,12,20396,280
16319,11,12,20026,350
16319,11,12,19656,420
16319,11,12,19286,490
16319,11,12,18546,560
16319,11,12,18176,630
16319,11,12,17436,700
16319,11,12,17066,770
16319,11,12,16696,840
16319,11,12,1,910
18917,11,12,21143,0
18917,11,12,20773,350
18917,11,12,20403,630
18917,11,12,19663,700
18917,11,12,19293,770
18917,11,12,1,840
15953,11,12,20025,0
15953,11,12,19285,350
15953,11,12,18545,420
15953,11,12,18175,490
15953,11,12,17435,560
15953,11,12,17065,630
15953,11,12,16695,700
15953,11,12,15955,770
15953,11,12,1,840
24483,11,12,26338,0
24483,11,12,25968,420
24483,11,12,25598,700
24483,11,12,25228,910
24483,11,12,24858,1190
24483,11,12,24488,1470
20394,11,12,21887,0
20394,11,12,21517,490
20394,11,12,21147,770
20394,11,12,20777,980
20394,11,12,20407,1260
20394,11,12,1,1330
21872,11,12,23741,0
21872,11,12,23371,420
21872,11,12,23001,630
21872,11,12,22631,910
21872,11,12,22261,1120
21872,11,12,21891,1400
17430,11,12,21509,0
17430,11,12,21139,210
17430,11,12,20769,490
17430,11,12,20399,770
17430,11,12,19659,840
17430,11,12,19289,910
17430,11,12,18549,980
17430,11,12,18179,1050
17430,11,12,17809,1120
17430,11,12,1,1190
20403,11,12,21517,0
20403,11,12,21147,350
20403,11,12,20777,630
20403,11,12,20407,840
20403,11,12,1,910
32647,11,12,34130,0
32647,11,12,33760,490
32647,11,12,33390,770
32647,11,12,33020,1050
32647,11,12,32650,1260
17439,11,12,22249,0
17439,11,12,21879,280
17439,11,12,21509,490
17439,11,12,21139,770
17439,11,12,20769,1050
17439,11,12,20399,1260
17439,11,12,20029,1330
17439,11,12,19289,1400
17439,11,12,18919,1470
21881,11,12,23371,0
21881,11,12,23001,420
21881,11,12,22631,630
21881,11,12,22261,910
21881,11,12,21891,1120
21881,11,12,1,1400
17801,11,12,21510,0
17801,11,12,21140,350
17801,11,12,20770,630
17801,11,12,20400,840
17801,11,12,20030,910
17801,11,12,19290,980
17801,11,12,18920,1050
17801,11,12,18180,1120
17801,11,12,17810,1190
17801,11,12,1,1260
28567,11,12,30049,0
28567,11,12,29679,420
28567,11,12,29309,630
28567,11,12,28939,910
28567,11,12,28569,1120
28567,11,12,1,1400
14837,11,12,19652,0
14837,11,12,19282,280
14837,11,12,18912,350
14837,11,12,18172,420
14837,11,12,17802,490
14837,11,12,17062,560
14837,11,12,16692,630
14837,11,12,16322,700
14837,11,12,15582,770
14837,11,12,15212,840
14837,11,12,1,910
29682,11,12,31902,0
29682,11,12,31532,350
29682,11,12,31162,630
29682,11,12,30792,840
29682,11,12,30422,1120
29682,11,12,30052,1400
20028,11,12,21886,0
20028,11,12,21516,490
20028,11,12,21146,700
20028,11,12,20776,980
20028,11,12,20406,1190
20028,11,12,20036,1260
20028,11,12,1,1330
23001,11,12,24854,0
23001,11,12,24484,490
23001,11,12,24114,700
23001,11,12,23744,980
23001,11,12,23374,1190
23001,11,12,23004,1470
27080,11,12,28565,0
27080,11,12,28195,560
27080,11,12,27825,840
27080,11,12,27455,1050
27080,11,12,27085,1330
18912,11,12,21883,0
18912,11,12,21513,280
18912,11,12,21143,560
18912,11,12,20773,770
18912,11,12,20403,1050
18912,11,12,19663,1120
18912,11,12,19293,1190
18912,11,12,18923,1260
18912,11,12,1,1330
15948,11,12,20765,0
15948,11,12,20395,280
15948,11,12,20025,350
15948,11,12,19285,420
15948,11,12,18915,490
15948,11,12,18545,560
15948,11,12,17805,630
15948,11,12,17435,700
15948,11,12,16695,770
15948,11,12,16325,840
15948,11,12,15955,910
15948,11,12,1,980
18921,11,12,21143,0
18921,11,12,20773,280
18921,11,12,20403,490
18921,11,12,20033,560
18921,11,12,19663,630
18921,11,12,18923,700
18921,11,12,1,770
31165,11,12,31906,0
31165,11,12,31536,420
31165,11,12,31166,700
31165,11,12,1,910
35244,11,12,36727,0
35244,11,12,36357,560
35244,11,12,35987,840
35244,11,12,35617,1050
35244,11,12,35247,1330
20389,11,12,22257,0
20389,11,12,21887,420
20389,11,12,21517,700
20389,11,12,21147,980
20389,11,12,20777,1190
20389,11,12,1,1470
20398,11,12,21887,0
20398,11,12,21517,490
20398,11,12,21147,770
20398,11,12,20777,980
20398,11,12,20407,1260
20398,11,12,1,1330
17434,11,12,20769,0
17434,11,12,20399,350
17434,11,12,20029,420
17434,11,12,19659,490
17434,11,12,18919,560
17434,11,12,18549,630
17434,11,12,17809,700
17434,11,12,17439,770
17434,11,12,1,840
21876,11,12,23741,0
21876,11,12,23371,490
21876,11,12,23001,700
21876,11,12,22631,980
21876,11,12,22261,1190
21876,11,12,21891,1470
21510,11,12,23000,0
21510,11,12,22630,490
21510,11,12,22260,770
21510,11,12,21890,1050
21510,11,12,21520,1260
21519,11,12,22260,0
21519,11,12,21890,420
21519,11,12,21520,700
21519,11,12,1,910
17796,11,12,21880,0
17796,11,12,21510,280
17796,11,12,21140,560
17796,11,12,20770,770
17796,11,12,20400,1050
17796,11,12,19660,1120
17796,11,12,19290,1190
17796,11,12,18920,1260
17796,11,12,18180,1330
17796,11,12,17810,1400
17796,11,12,1,1470
22625,11,12,24853,0
22625,11,12,24483,350
22625,11,12,24113,630
22625,11,12,23743,840
22625,11,12,23373,1120
22625,11,12,23003,1400
25598,11,12,27451,0
25598,11,12,27081,350
25598,11,12,26711,630
25598,11,12,26341,910
25598,11,12,25971,1120
25598,11,12,25601,1400
29677,11,12,31162,0
29677,11,12,30792,490
29677,11,12,30422,770
29677,11,12,30052,1050
29677,11,12,29682,1260
20023,11,12,21886,0
20023,11,12,21516,420
20023,11,12,21146,700
20023,11,12,20776,980
20023,11,12,20406,1190
20023,11,12,20036,1260
20023,11,12,1,1330
33762,11,12,34503,0
33762,11,12,34133,420
33762,11,12,33763,700
33762,11,12,1,910
20032,11,12,21516,0
20032,11,12,21146,350
20032,11,12,20776,560
20032,11,12,20036,840
20032,11,12,1,910
27084,11,12,27825,0
27084,11,12,27455,560
27084,11,12,27085,770
27084,11,12,1,1050
18916,11,12,21143,0
18916,11,12,20773,350
18916,11,12,20403,630
18916,11,12,19663,700
18916,11,12,19293,770
18916,11,12,1,840
15952,11,12,20765,0
15952,11,12,20025,280
15952,11,12,19655,350
15952,11,12,19285,420
15952,11,12,18545,490
15952,11,12,18175,560
15952,11,12,17805,630
15952,11,12,17065,700
15952,11,12,16695,770
15952,11,12,15955,840
15952,11,12,1,910
31160,11,12,33016,0
31160,11,12,32646,350
31160,11,12,32276,630
31160,11,12,31906,840
31160,11,12,31536,1120
31160,11,12,31166,1330
32275,11,12,34129,0
32275,11,12,33759,350
32275,11,12,33389,630
32275,11,12,33019,840
32275,11,12,32649,1120
32275,11,12,32279,1400
24116,11,12,25227,0
24116,11,12,24857,420
24116,11,12,24487,630
24116,11,12,24117,840
24116,11,12,1,1120
20393,11,12,22257,0
20393,11,12,21887,420
20393,11,12,21517,700
20393,11,12,21147,980
20393,11,12,20777,1190
20393,11,12,20407,1470
28195,11,12,30048,0
28195,11,12,29678,350
28195,11,12,29308,630
28195,11,12,28938,840
28195,11,12,28568,1120
28195,11,12,28198,1330
17429,11,12,21509,0
17429,11,12,21139,280
17429,11,12,20769,560
17429,11,12,20399,770
17429,11,12,20029,840
17429,11,12,19659,910
17429,11,12,18919,980
17429,11,12,18549,1050
17429,11,12,17809,1120
17429,11,12,17439,1190
17429,11,12,1,1260
32646,11,12,34500,0
32646,11,12,34130,350
32646,11,12,33760,630
32646,11,12,33390,840
32646,11,12,33020,1120
32646,11,12,32650,1400
17438,11,12,20399,0
17438,11,12,20029,280
17438,11,12,19289,350
17438,11,12,18919,420
17438,11,12,18179,490
17438,11,12,17809,560
17438,11,12,1,630
21505,11,12,23000,0
21505,11,12,22630,420
21505,11,12,22260,630
21505,11,12,21890,910
21505,11,12,21520,1120
21505,11,12,1,1400
18541,11,12,21512,0
18541,11,12,21142,490
18541,11,12,20772,770
18541,11,12,20402,980
18541,11,12,20032,1050
18541,11,12,19292,1120
18541,11,12,18922,1190
18541,11,12,18552,1260
18541,11,12,1,1330
21514,11,12,23000,0
21514,11,12,22630,560
21514,11,12,22260,770
21514,11,12,21890,1050
21514,11,12,21520,1260
18550,11,12,20772,0
18550,11,12,20032,490
18550,11,12,19662,560
18550,11,12,19292,630
18550,11,12,18552,700
18550,11,12,1,770
28566,11,12,30049,0
28566,11,12,29679,560
28566,11,12,29309,840
28566,11,12,28939,1050
28566,11,12,28569,1330
22629,11,12,24483,0
22629,11,12,24113,560
22629,11,12,23743,770
22629,11,12,23373,1050
22629,11,12,23003,1260
29681,11,12,30422,0
29681,11,12,30052,490
29681,11,12,29682,700
29681,11,12,1,980
14470,11,12,17431,0
14470,11,12,16691,280
14470,11,12,16321,350
14470,11,12,15951,420
14470,11,12,15581,490
14470,11,12,14841,560
14470,11,12,14471,630
14470,11,12,1,700
33757,11,12,35613,0
33757,11,12,35243,420
33757,11,12,34873,700
33757,11,12,34503,910
33757,11,12,34133,1190
33757,11,12,33763,1400
30793,11,12,32275,0
30793,11,12,31905,490
30793,11,12,31535,700
30793,11,12,31165,980
30793,11,12,30795,1190
30793,11,12,1,1470
20027,11,12,21886,0
20027,11,12,21516,490
20027,11,12,21146,700
20027,11,12,20776,980
20027,11,12,20406,1190
20027,11,12,20036,1260
20027,11,12,1,1330
23000,11,12,24854,0
23000,11,12,24484,560
23000,11,12,24114,770
23000,11,12,23744,1050
23000,11,12,23374,1260
20036,11,12,22626,0
20036,11,12,22256,490
20036,11,12,21886,700
20036,11,12,21516,980
20036,11,12,21146,1190
20036,11,12,20776,1470
34872,11,12,36726,0
34872,11,12,36356,420
34872,11,12,35986,700
34872,11,12,35616,910
34872,11,12,35246,1190
34872,11,12,34876,1400
18911,11,12,21513,0
18911,11,12,21143,490
18911,11,12,20773,770
18911,11,12,20403,980
18911,11,12,20033,1050
18911,11,12,19293,1120
18911,11,12,18923,1190
18911,11,12,1,1260
15947,11,12,21135,0
15947,11,12,20765,420
15947,11,12,20395,630
15947,11,12,20025,700
15947,11,12,19285,770
15947,11,12,18915,840
15947,11,12,18545,910
15947,11,12,17805,980
15947,11,12,17435,1050
15947,11,12,16695,1120
15947,11,12,16325,1190
15947,11,12,15955,1260
15947,11,12,1,1330
26713,11,12,27454,0
26713,11,12,27084,560
26713,11,12,26714,770
26713,11,12,1,1050
18920,11,12,21143,0
18920,11,12,20773,350
18920,11,12,20403,560
18920,11,12,20033,630
18920,11,12,19663,700
18920,11,12,18923,770
18920,11,12,1,840
31164,11,12,32646,0
31164,11,12,32276,350
31164,11,12,31906,630
31164,11,12,31536,840
31164,11,12,31166,1120
31164,11,12,1,1330
35243,11,12,37097,0
35243,11,12,36727,420
35243,11,12,36357,630
35243,11,12,35987,910
35243,11,12,35617,1190
35243,11,12,35247,1400
32279,11,12,34499,0
32279,11,12,34129,350
32279,11,12,33759,630
32279,11,12,33389,840
32279,11,12,33019,1120
32279,11,12,32649,1330
17068,11,12,21878,0
17068,11,12,21508,490
17068,11,12,21138,700
17068,11,12,20768,980
17068,11,12,20398,1190
17068,11,12,20028,1260
17068,11,12,19658,1330
17068,11,12,18918,1400
17068,11,12,18548,1470
24111,11,12,25967,0
24111,11,12,25597,420
24111,11,12,25227,700
24111,11,12,24857,910
24111,11,12,24487,1190
24111,11,12,24117,1470
21147,11,12,21889,0
21147,11,12,21519,420
21147,11,12,21149,700
21147,11,12,1,910
25226,11,12,27080,0
25226,11,12,26710,420
25226,11,12,26340,700
25226,11,12,25970,980
25226,11,12,25600,1190
25226,11,12,25230,1470
21500,11,12,23370,0
21500,11,12,23000,490
21500,11,12,22630,700
21500,11,12,22260,980
21500,11,12,21890,1190
21500,11,12,21520,1470
21509,11,12,23000,0
21509,11,12,22630,420
21509,11,12,22260,700
21509,11,12,21890,910
21509,11,12,21520,1190
21509,11,12,1,1470
18545,11,12,21142,0
18545,11,12,20772,280
18545,11,12,20402,560
18545,11,12,20032,630
18545,11,12,19292,700
18545,11,12,18922,770
18545,11,12,1,840
21518,11,12,23000,0
21518,11,12,22630,420
21518,11,12,22260,630
21518,11,12,21890,840
21518,11,12,21520,1120
21518,11,12,1,1400
15581,11,12,20394,0
15581,11,12,19654,280
15581,11,12,19284,350
15581,11,12,18914,420
15581,11,12,18174,490
15581,11,12,17804,560
15581,11,12,17434,630
15581,11,12,16694,700
15581,11,12,16324,770
15581,11,12,15584,840
15581,11,12,1,910
33390,11,12,34872,0
33390,11,12,34502,350
33390,11,12,34132,630
33390,11,12,33762,840
33390,11,12,33392,1120
33390,11,12,1,1330
22624,11,12,24853,0
22624,11,12,24483,350
22624,11,12,24113,630
22624,11,12,23743,840
22624,11,12,23373,1120
22624,11,12,23003,1330
25597,11,12,27451,0
25597,11,12,27081,490
25597,11,12,26711,700
25597,11,12,26341,980
25597,11,12,25971,1190
25597,11,12,25601,1470
22633,11,12,24853,0
22633,11,12,24483,490
22633,11,12,24113,770
22633,11,12,23743,980
22633,11,12,23373,1260
22633,11,12,23003,1470
20022,11,12,22256,0
20022,11,12,21886,420
20022,11,12,21516,630
20022,11,12,21146,910
20022,11,12,20776,1190
20022,11,12,20406,1400
20022,11,12,20036,1470
33761,11,12,35243,0
33761,11,12,34873,350
33761,11,12,34503,630
33761,11,12,34133,840
33761,11,12,33763,1120
33761,11,12,1,1330
27824,11,12,29677,0
27824,11,12,29307,350
27824,11,12,28937,630
27824,11,12,28567,910
27824,11,12,28197,1120
27824,11,12,27827,1400
20031,11,12,21516,0
20031,11,12,21146,350
20031,11,12,20776,560
20031,11,12,20036,840
20031,11,12,1,910
18906,11,12,21883,0
18906,11,12,21513,420
18906,11,12,21143,700
18906,11,12,20773,910
18906,11,12,20403,1190
18906,11,12,19663,1260
18906,11,12,19293,1330
18906,11,12,18923,1400
18906,11,12,1,1470
26708,11,12,28564,0
26708,11,12,28194,420
26708,11,12,27824,630
26708,11,12,27454,910
26708,11,12,27084,1120
26708,11,12,26714,1400
23744,11,12,25226,0
23744,11,12,24856,560
23744,11,12,24486,840
23744,11,12,24116,1050
23744,11,12,23746,1330
15951,11,12,20765,0
15951,11,12,20395,280
15951,11,12,20025,350
15951,11,12,19285,420
15951,11,12,18915,490
15951,11,12,18175,560
15951,11,12,17805,630
15951,11,12,17435,700
15951,11,12,16695,770
15951,11,12,16325,840
15951,11,12,1,910
12987,11,12,21127,0
12987,11,12,20757,420
12987,11,12,20017,700
12987,11,12,19647,770
12987,11,12,19277,840
12987,11,12,18537,910
12987,11,12,18167,980
12987,11,12,17427,1050
12987,11,12,17057,1120
12987,11,12,16687,1190
12987,11,12,15947,1260
12987,11,12,15577,1330
12987,11,12,14837,1400
12987,11,12,14467,1470
32274,11,12,34129,0
32274,11,12,33759,350
32274,11,12,33389,560
32274,11,12,33019,840
32274,11,12,32649,1120
32274,11,12,32279,1330
17063,11,12,20768,0
17063,11,12,20398,280
17063,11,12,20028,350
17063,11,12,19658,420
17063,11,12,19288,490
17063,11,12,18548,560
17063,11,12,18178,630
17063,11,12,17438,700
17063,11,12,17068,770
17063,11,12,1,840
21133,11,12,22999,0
21133,11,12,22629,420
21133,11,12,22259,630
21133,11,12,21889,840
21133,11,12,21519,1120
21133,11,12,21149,1330
21142,11,12,22629,0
21142,11,12,22259,350
21142,11,12,21889,630
21142,11,12,21519,840
21142,11,12,21149,1120
21142,11,12,1,1400
24115,11,12,25597,0
24115,11,12,25227,560
24115,11,12,24857,770
24115,11,12,24487,1050
24115,11,12,24117,1330
18178,11,12,20771,0
18178,11,12,20401,490
18178,11,12,19661,560
18178,11,12,19291,630
18178,11,12,18921,700
18178,11,12,18181,770
18178,11,12,1,840
28194,11,12,30048,0
28194,11,12,29678,420
28194,11,12,29308,700
28194,11,12,28938,910
28194,11,12,28568,1190
28194,11,12,28198,1400
25230,11,12,27450,0
25230,11,12,27080,420
25230,11,12,26710,630
25230,11,12,26340,910
25230,11,12,25970,1120
25230,11,12,25600,1400
21504,11,12,23370,0
21504,11,12,23000,420
21504,11,12,22630,630
21504,11,12,22260,910
21504,11,12,21890,1120
21504,11,12,21520,1400
29306,11,12,30791,0
29306,11,12,30421,490
29306,11,12,30051,770
29306,11,12,29681,980
29306,11,12,29311,1260
18540,11,12,21512,0
18540,11,12,21142,420
18540,11,12,20772,700
18540,11,12,20032,980
18540,11,12,19662,1050
18540,11,12,18922,1120
18540,11,12,18552,1190
18540,11,12,1,1260
21513,11,12,23000,0
21513,11,12,22630,560
21513,11,12,22260,770
21513,11,12,21890,1050
21513,11,12,21520,1260
15576,11,12,21134,0
15576,11,12,20764,350
15576,11,12,20024,630
15576,11,12,19654,700
15576,11,12,18914,770
15576,11,12,18544,840
15576,11,12,18174,910
15576,11,12,17434,980
15576,11,12,17064,1050
15576,11,12,16324,1120
15576,11,12,15954,1190
15576,11,12,15584,1260
15576,11,12,1,1330
18549,11,12,21142,0
18549,11,12,20772,280
18549,11,12,20032,560
18549,11,12,19662,630
18549,11,12,19292,700
18549,11,12,18552,770
18549,11,12,1,840
30421,11,12,31904,0
30421,11,12,31534,560
30421,11,12,31164,840
30421,11,12,30794,1050
30421,11,12,30424,1330
22628,11,12,24483,0
22628,11,12,24113,490
22628,11,12,23743,770
22628,11,12,23373,1050
22628,11,12,23003,1260
14469,11,12,17801,0
14469,11,12,17431,280
14469,11,12,17061,350
14469,11,12,16321,420
14469,11,12,15951,490
14469,11,12,15211,560
14469,11,12,14841,630
14469,11,12,14471,700
14469,11,12,1,770
20017,11,12,21886,0
20017,11,12,21516,560
20017,11,12,21146,840
20017,11,12,20776,1050
20017,11,12,20406,1330
20017,11,12,1,1400
20026,11,12,21886,0
20026,11,12,21516,490
20026,11,12,21146,770
20026,11,12,20776,980
20026,11,12,20036,1260
20026,11,12,1,1330
30792,11,12,32645,0
30792,11,12,32275,420
30792,11,12,31905,630
30792,11,12,31535,910
30792,11,12,31165,1120
30792,11,12,30795,1400
34871,11,12,36726,0
34871,11,12,36356,420
34871,11,12,35986,630
34871,11,12,35616,910
34871,11,12,35246,1120
34871,11,12,34876,1400
19660,11,12,21145,0
19660,11,12,20775,490
19660,11,12,20405,770
19660,11,12,19665,840
19660,11,12,1,910
26712,11,12,28194,0
26712,11,12,27824,490
26712,11,12,27454,700
26712,11,12,27084,980
26712,11,12,26714,1190
26712,11,12,1,1470
20775,11,12,21518,0
20775,11,12,21148,350
20775,11,12,20778,630
20775,11,12,1,910
21128,11,12,22999,0
21128,11,12,22629,420
21128,11,12,22259,630
21128,11,12,21889,840
21128,11,12,21519,1120
21128,11,12,21149,1400
17058,11,12,21138,0
17058,11,12,20768,490
17058,11,12,20028,770
17058,11,12,19658,840
17058,11,12,19288,910
17058,11,12,18548,980
17058,11,12,18178,1050
17058,11,12,17438,1120
17058,11,12,17068,1190
17058,11,12,1,1260
31903,11,12,33388,0
31903,11,12,33018,560
31903,11,12,32648,840
31903,11,12,32278,1050
31903,11,12,31908,1330
17067,11,12,20028,0
17067,11,12,19658,280
17067,11,12,18918,350
17067,11,12,18548,420
17067,11,12,17808,490
17067,11,12,17438,560
17067,11,12,1,630
21137,11,12,22629,0
21137,11,12,22259,560
21137,11,12,21889,770
21137,11,12,21519,1050
21137,11,12,21149,1260
18173,11,12,21511,0
18173,11,12,21141,420
18173,11,12,20771,630
18173,11,12,20401,910
18173,11,12,19661,980
18173,11,12,19291,1050
18173,11,12,18551,1120
18173,11,12,18181,1190
18173,11,12,1,1260
21146,11,12,21889,0
21146,11,12,21519,420
21146,11,12,21149,700
21146,11,12,1,910
33018,11,12,34501,0
33018,11,12,34131,560
33018,11,12,33761,840
33018,11,12,33391,1050
33018,11,12,33021,1330
25225,11,12,26710,0
25225,11,12,26340,630
25225,11,12,25970,840
25225,11,12,25600,1120
25225,11,12,25230,1330
21499,11,12,23370,0
21499,11,12,23000,490
21499,11,12,22630,700
21499,11,12,22260,980
21499,11,12,21890,1190
21499,11,12,21520,1470
21508,11,12,23370,0
21508,11,12,23000,420
21508,11,12,22630,630
21508,11,12,22260,910
21508,11,12,21890,1120
21508,11,12,21520,1400
26337,11,12,28193,0
26337,11,12,27823,420
26337,11,12,27453,700
26337,11,12,27083,980
26337,11,12,26713,1190
26337,11,12,26343,1470
29310,11,12,30051,0
29310,11,12,29681,490
29310,11,12,29311,700
29310,11,12,1,980
18544,11,12,21512,0
18544,11,12,21142,420
18544,11,12,20772,700
18544,11,12,20032,980
18544,11,12,19662,1050
18544,11,12,18922,1120
18544,11,12,18552,1190
18544,11,12,1,1260
15580,11,12,20394,0
15580,11,12,20024,280
15580,11,12,19654,350
15580,11,12,18914,420
15580,11,12,18544,490
15580,11,12,17804,560
15580,11,12,17434,630
15580,11,12,17064,700
15580,11,12,16324,770
15580,11,12,15954,840
15580,11,12,1,910
33389,11,12,34872,0
33389,11,12,34502,560
33389,11,12,34132,840
33389,11,12,33762,1050
33389,11,12,33392,1330
22257,11,12,24112,0
22257,11,12,23742,490
22257,11,12,23372,770
22257,11,12,23002,980
22257,11,12,22632,1260
27823,11,12,29677,0
27823,11,12,29307,490
27823,11,12,28937,700
27823,11,12,28567,980
27823,11,12,28197,1190
27823,11,12,27827,1470
19655,11,12,21885,0
19655,11,12,21515,420
19655,11,12,21145,700
19655,11,12,20775,910
19655,11,12,20405,1190
19655,11,12,19665,1260
19655,11,12,1,1330
16691,11,12,20767,0
16691,11,12,20397,280
16691,11,12,20027,350
16691,11,12,19657,420
16691,11,12,18917,490
16691,11,12,18547,560
16691,11,12,18177,630
16691,11,12,17437,700
16691,11,12,17067,770
16691,11,12,1,840
19664,11,12,21145,0
19664,11,12,20775,420
19664,11,12,20405,630
19664,11,12,19665,700
19664,11,12,1,770
20770,11,12,21888,0
20770,11,12,21518,560
20770,11,12,21148,840
20770,11,12,20778,1050
20770,11,12,1,1330
23743,11,12,25596,0
23743,11,12,25226,490
23743,11,12,24856,700
23743,11,12,24486,980
23743,11,12,24116,1260
23743,11,12,23746,1470
17062,11,12,20768,0
17062,11,12,20398,280
17062,11,12,20028,350
17062,11,12,19658,420
17062,11,12,19288,490
17062,11,12,18548,560
17062,11,12,18178,630
17062,11,12,17438,700
17062,11,12,17068,770
17062,11,12,1,840
21132,11,12,22999,0
21132,11,12,22629,420
21132,11,12,22259,630
21132,11,12,21889,840
21132,11,12,21519,1120
21132,11,12,21149,1330
18168,11,12,21511,0
18168,11,12,21141,420
18168,11,12,20771,630
18168,11,12,20401,910
18168,11,12,19661,980
18168,11,12,19291,1050
18168,11,12,18551,1120
18168,11,12,18181,1190
18168,11,12,1,1260
14098,11,12,17430,0
14098,11,12,17060,280
14098,11,12,16690,350
14098,11,12,15950,420
14098,11,12,15580,490
14098,11,12,14840,560
14098,11,12,14470,630
14098,11,12,14100,700
14098,11,12,1,770
31907,11,12,32648,0
31907,11,12,32278,420
31907,11,12,31908,630
31907,11,12,1,910
21141,11,12,22629,0
21141,11,12,22259,350
21141,11,12,21889,560
21141,11,12,21519,840
21141,11,12,21149,1050
21141,11,12,1,1330
18177,11,12,21141,0
18177,11,12,20771,280
18177,11,12,20401,490
18177,11,12,20031,560
18177,11,12,19661,630
18177,11,12,18921,700
18177,11,12,18551,770
18177,11,12,1,840
29305,11,12,30791,0
29305,11,12,30421,490
29305,11,12,30051,770
29305,11,12,29681,980
29305,11,12,29311,1260
29305,11,12,1,1470
26341,11,12,27823,0
26341,11,12,27453,490
26341,11,12,27083,700
26341,11,12,26713,980
26341,11,12,26343,1190
26341,11,12,1,1470
30420,11,12,32274,0
30420,11,12,31904,420
30420,11,12,31534,700
30420,11,12,31164,910
30420,11,12,30794,1190
30420,11,12,30424,1400
15584,11,12,21874,0
15584,11,12,21504,350
15584,11,12,21134,630
15584,11,12,20764,910
15584,11,12,20394,1120
15584,11,12,20024,1190
15584,11,12,19284,1260
15584,11,12,18914,1330
15584,11,12,18174,1400
15584,11,12,17804,1470
22252,11,12,24112,0
22252,11,12,23742,560
22252,11,12,23372,840
22252,11,12,23002,1050
22252,11,12,22632,1330
22261,11,12,23002,0
22261,11,12,22632,560
22261,11,12,22262,770
22261,11,12,1,1050
27827,11,12,30047,0
27827,11,12,29677,420
27827,11,12,29307,700
27827,11,12,28937,910
27827,11,12,28567,1190
27827,11,12,28197,1470
19650,11,12,22255,0
19650,11,12,21885,350
19650,11,12,21515,630
19650,11,12,21145,840
19650,11,12,20775,1120
19650,11,12,20405,1330
19650,11,12,20035,1400
19650,11,12,1,1470
20756,11,12,22258,0
20756,11,12,21888,350
20756,11,12,21518,630
20756,11,12,21148,840
20756,11,12,20778,1120
20756,11,12,1,1330
16686,11,12,21137,0
16686,11,12,20767,490
16686,11,12,20397,700
16686,11,12,20027,770
16686,11,12,19287,840
16686,11,12,18917,910
16686,11,12,18547,980
16686,11,12,17807,1050
16686,11,12,17437,1120
16686,11,12,16697,1190
16686,11,12,1,1260
19659,11,12,21145,0
19659,11,12,20775,560
19659,11,12,20405,770
19659,11,12,20035,840
19659,11,12,1,910
16695,11,12,20397,0
16695,11,12,20027,280
16695,11,12,19287,350
16695,11,12,18917,420
16695,11,12,18177,490
16695,11,12,17807,560
16695,11,12,17437,630
16695,11,12,16697,700
16695,11,12,1,770
20765,11,12,21888,0
20765,11,12,21518,560
20765,11,12,21148,840
20765,11,12,20778,1050
20765,11,12,1,1330
34504,11,12,35245,0
34504,11,12,34875,420
34504,11,12,34505,700
34504,11,12,1,910
20774,11,12,21518,0
20774,11,12,21148,420
20774,11,12,20778,630
20774,11,12,1,910
21127,11,12,22999,0
21127,11,12,22629,420
21127,11,12,22259,700
21127,11,12,21889,910
21127,11,12,21519,1190
21127,11,12,21149,1400
17057,11,12,21508,0
17057,11,12,21138,210
17057,11,12,20768,490
17057,11,12,20398,770
17057,11,12,19658,840
17057,11,12,19288,910
17057,11,12,18548,980
17057,11,12,18178,1050
17057,11,12,17808,1120
17057,11,12,17068,1190
17057,11,12,1,1260
24859,11,12,27079,0
24859,11,12,26709,490
24859,11,12,26339,700
24859,11,12,25969,980
24859,11,12,25599,1190
24859,11,12,25229,1470
17066,11,12,20398,0
17066,11,12,20028,280
17066,11,12,19288,350
17066,11,12,18918,420
17066,11,12,18548,490
17066,11,12,17808,560
17066,11,12,17438,630
17066,11,12,1,700
21136,11,12,22629,0
21136,11,12,22259,490
21136,11,12,21889,770
21136,11,12,21519,1050
21136,11,12,21149,1260
31902,11,12,33388,0
31902,11,12,33018,560
31902,11,12,32648,840
31902,11,12,32278,1050
31902,11,12,31908,1330
18172,11,12,21511,0
18172,11,12,21141,420
18172,11,12,20771,630
18172,11,12,20401,910
18172,11,12,19661,980
18172,11,12,19291,1050
18172,11,12,18551,1120
18172,11,12,18181,1190
18172,11,12,1,1260
28938,11,12,30420,0
28938,11,12,30050,350
28938,11,12,29680,630
28938,11,12,29310,910
28938,11,12,28940,1120
28938,11,12,1,1400
33017,11,12,34871,0
33017,11,12,34501,420
33017,11,12,34131,700
33017,11,12,33761,910
33017,11,12,33391,1190
33017,11,12,33021,1400
18181,11,12,22251,0
18181,11,12,21881,420
18181,11,12,21511,630
18181,11,12,21141,910
18181,11,12,20771,1190
18181,11,12,20401,1400
18181,11,12,20031,1470
29309,11,12,30791,0
29309,11,12,30421,350
29309,11,12,30051,630
29309,11,12,29681,910
29309,11,12,29311,1120
29309,11,12,1,1400
23372,11,12,25225,0
23372,11,12,24855,490
23372,11,12,24485,770
23372,11,12,24115,980
23372,11,12,23745,1260
23372,11,12,23375,1470
33388,11,12,35242,0
33388,11,12,34872,420
33388,11,12,34502,700
33388,11,12,34132,910
33388,11,12,33762,1190
33388,11,12,33392,1400
30424,11,12,32644,0
30424,11,12,32274,420
30424,11,12,31904,630
30424,11,12,31534,910
30424,11,12,31164,1120
30424,11,12,30794,1400
19283,11,12,21884,0
19283,11,12,21514,350
19283,11,12,21144,630
19283,11,12,20774,840
19283,11,12,20034,1120
19283,11,12,19664,1190
19283,11,12,19294,1260
19283,11,12,1,1330
15213,11,12,21873,0
15213,11,12,21503,350
15213,11,12,21133,560
15213,11,12,20763,840
15213,11,12,20393,1050
15213,11,12,20023,1120
15213,11,12,19653,1190
15213,11,12,18913,1260
15213,11,12,18543,1330
15213,11,12,17803,1400
15213,11,12,17433,1470
22256,11,12,23742,0
22256,11,12,23372,490
22256,11,12,23002,770
22256,11,12,22632,1050
22256,11,12,22262,1260
19292,11,12,21144,0
19292,11,12,20774,350
19292,11,12,20404,560
19292,11,12,20034,630
19292,11,12,19294,700
19292,11,12,1,770
27822,11,12,29677,0
27822,11,12,29307,350
27822,11,12,28937,560
27822,11,12,28567,840
27822,11,12,28197,1120
27822,11,12,27827,1330
19654,11,12,21885,0
19654,11,12,21515,420
19654,11,12,21145,700
19654,11,12,20775,980
19654,11,12,20405,1190
19654,11,12,20035,1260
19654,11,12,1,1330
27456,11,12,29676,0
27456,11,12,29306,420
27456,11,12,28936,700
27456,11,12,28566,980
27456,11,12,28196,1190
27456,11,12,27826,1470
16690,11,12,20767,0
16690,11,12,20397,280
16690,11,12,20027,350
16690,11,12,19657,420
16690,11,12,18917,490
16690,11,12,18547,560
16690,11,12,18177,630
16690,11,12,17437,700
16690,11,12,17067,770
16690,11,12,1,840
34499,11,12,36355,0
34499,11,12,35985,420
34499,11,12,35615,700
34499,11,12,35245,910
34499,11,12,34875,1190
34499,11,12,34505,1400
19663,11,12,21145,0
19663,11,12,20775,420
19663,11,12,20035,700
19663,11,12,19665,770
19663,11,12,1,840
20760,11,12,22258,0
20760,11,12,21888,490
20760,11,12,21518,770
20760,11,12,21148,980
20760,11,12,20778,1260
20769,11,12,21888,0
20769,11,12,21518,560
20769,11,12,21148,770
20769,11,12,20778,1050
20769,11,12,1,1330
31535,11,12,32647,0
31535,11,12,32277,560
31535,11,12,31907,840
31535,11,12,31537,1050
31535,11,12,1,1330
23742,11,12,25596,0
23742,11,12,25226,560
23742,11,12,24856,840
23742,11,12,24486,1050
23742,11,12,24116,1330
20778,11,12,22628,0
20778,11,12,22258,560
20778,11,12,21888,840
20778,11,12,21518,1050
20778,11,12,21148,1330
24854,11,12,26709,0
24854,11,12,26339,420
24854,11,12,25969,700
24854,11,12,25599,910
24854,11,12,25229,1190
24854,11,12,24859,1400
17061,11,12,20768,0
17061,11,12,20398,280
17061,11,12,20028,350
17061,11,12,19658,420
17061,11,12,19288,490
17061,11,12,18548,560
17061,11,12,18178,630
17061,11,12,17438,700
17061,11,12,17068,770
17061,11,12,1,840
21890,11,12,22631,0
21890,11,12,22261,420
21890,11,12,21891,700
21890,11,12,1,980
21131,11,12,22629,0
21131,11,12,22259,420
21131,11,12,21889,630
21131,11,12,21519,910
21131,11,12,21149,1120
21131,11,12,1,1400
18167,11,12,21881,0
18167,11,12,21511,350
18167,11,12,21141,630
18167,11,12,20771,840
18167,11,12,20031,1120
18167,11,12,19661,1190
18167,11,12,19291,1260
18167,11,12,18551,1330
18167,11,12,18181,1400
18167,11,12,1,1470
31906,11,12,33018,0
31906,11,12,32648,560
31906,11,12,32278,840
31906,11,12,31908,1050
31906,11,12,1,1330
25969,11,12,27822,0
25969,11,12,27452,420
25969,11,12,27082,630
25969,11,12,26712,910
25969,11,12,26342,1120
25969,11,12,25972,1400
18176,11,12,21141,0
18176,11,12,20771,210
18176,11,12,20401,490
18176,11,12,20031,560
18176,11,12,19291,630
18176,11,12,18921,700
18176,11,12,18551,770
18176,11,12,1,840
33021,11,12,35241,0
33021,11,12,34871,350
33021,11,12,34501,630
33021,11,12,34131,840
33021,11,12,33761,1120
33021,11,12,33391,1330
17810,11,12,22250,0
17810,11,12,21880,350
17810,11,12,21510,630
17810,11,12,21140,840
17810,11,12,20770,1120
17810,11,12,20400,1330
17810,11,12,20030,1400
17810,11,12,19290,1470
34133,11,12,34874,0
34133,11,12,34504,420
34133,11,12,34134,700
34133,11,12,1,910
26340,11,12,28193,0
26340,11,12,27823,420
26340,11,12,27453,630
26340,11,12,27083,910
26340,11,12,26713,1120
26340,11,12,26343,1400
30419,11,12,31904,0
30419,11,12,31534,560
30419,11,12,31164,770
30419,11,12,30794,1050
30419,11,12,30424,1260
19278,11,12,22254,0
19278,11,12,21884,280
19278,11,12,21514,490
19278,11,12,21144,770
19278,11,12,20774,1050
19278,11,12,20404,1260
19278,11,12,20034,1330
19278,11,12,19294,1400
19278,11,12,1,1470
15208,11,12,20023,0
15208,11,12,19653,280
15208,11,12,19283,350
15208,11,12,18543,420
15208,11,12,18173,490
15208,11,12,17433,560
15208,11,12,17063,630
15208,11,12,16693,700
15208,11,12,15953,770
15208,11,12,15583,840
15208,11,12,1,910
22251,11,12,24112,0
22251,11,12,23742,560
22251,11,12,23372,840
22251,11,12,23002,1050
22251,11,12,22632,1330
30053,11,12,32273,0
30053,11,12,31903,420
30053,11,12,31533,630
30053,11,12,31163,910
30053,11,12,30793,1120
30053,11,12,30423,1400
19287,11,12,21144,0
19287,11,12,20774,420
19287,11,12,20034,700
19287,11,12,19664,770
19287,11,12,1,840
22260,11,12,23742,0
22260,11,12,23372,490
22260,11,12,23002,770
22260,11,12,22632,980
22260,11,12,22262,1260
22260,11,12,1,1470
16323,11,12,20766,0
16323,11,12,20396,280
16323,11,12,20026,350
16323,11,12,19286,420
16323,11,12,18916,490
16323,11,12,18546,560
16323,11,12,17806,630
16323,11,12,17436,700
16323,11,12,16696,770
16323,11,12,16326,840
16323,11,12,1,910
27451,11,12,29306,0
27451,11,12,28936,350
27451,11,12,28566,630
27451,11,12,28196,840
27451,11,12,27826,1120
27451,11,12,27456,1330
19658,11,12,21145,0
19658,11,12,20775,490
19658,11,12,20405,770
19658,11,12,19665,840
19658,11,12,1,910
24487,11,12,25598,0
24487,11,12,25228,420
24487,11,12,24858,630
24487,11,12,24488,910
24487,11,12,1,1120
16694,11,12,20767,0
16694,11,12,20397,280
16694,11,12,20027,350
16694,11,12,19287,420
16694,11,12,18917,490
16694,11,12,18177,560
16694,11,12,17807,630
16694,11,12,17437,700
16694,11,12,16697,770
16694,11,12,1,840
20764,11,12,22258,0
20764,11,12,21888,490
20764,11,12,21518,770
20764,11,12,21148,980
20764,11,12,20778,1260
34503,11,12,35985,0
34503,11,12,35615,350
34503,11,12,35245,630
34503,11,12,34875,840
34503,11,12,34505,1120
34503,11,12,1,1330
20773,11,12,21518,0
20773,11,12,21148,420
20773,11,12,20778,630
20773,11,12,1,910
20407,11,12,22627,0
20407,11,12,22257,490
20407,11,12,21887,770
20407,11,12,21517,1050
20407,11,12,21147,1260
21885,11,12,23371,0
21885,11,12,23001,560
21885,11,12,22631,770
21885,11,12,22261,1050
21885,11,12,21891,1260
24858,11,12,25599,0
24858,11,12,25229,630
24858,11,12,24859,840
24858,11,12,1,1120
28937,11,12,30420,0
28937,11,12,30050,560
28937,11,12,29680,770
28937,11,12,29310,1050
28937,11,12,28940,1330
33016,11,12,34871,0
33016,11,12,34501,420
33016,11,12,34131,630
33016,11,12,33761,910
33016,11,12,33391,1120
33016,11,12,33021,1400
17805,11,12,20770,0
17805,11,12,20030,490
17805,11,12,19660,560
17805,11,12,18920,630
17805,11,12,18550,700
17805,11,12,18180,770
17805,11,12,1,840
14841,11,12,18542,0
14841,11,12,17802,280
14841,11,12,17432,350
14841,11,12,17062,420
14841,11,12,16692,490
14841,11,12,15952,560
14841,11,12,15582,630
14841,11,12,14842,700
14841,11,12,1,770
34128,11,12,35984,0
34128,11,12,35614,420
34128,11,12,35244,700
34128,11,12,34874,910
34128,11,12,34504,1190
34128,11,12,34134,1400
23371,11,12,25595,0
23371,11,12,25225,350
23371,11,12,24855,560
23371,11,12,24485,840
23371,11,12,24115,1050
23371,11,12,23745,1330
19282,11,12,21884,0
19282,11,12,21514,280
19282,11,12,21144,560
19282,11,12,20774,770
19282,11,12,20404,1050
19282,11,12,19664,1120
19282,11,12,19294,1190
19282,11,12,1,1260
15212,11,12,18913,0
15212,11,12,18543,280
15212,11,12,17803,350
15212,11,12,17433,420
15212,11,12,17063,490
15212,11,12,16323,560
15212,11,12,15953,630
15212,11,12,15213,700
15212,11,12,1,770
30048,11,12,31533,0
30048,11,12,31163,560
30048,11,12,30793,770
30048,11,12,30423,1050
30048,11,12,30053,1260
22255,11,12,23742,0
22255,11,12,23372,560
22255,11,12,23002,770
22255,11,12,22632,1050
22255,11,12,22262,1260
16318,11,12,21136,0
16318,11,12,20766,420
16318,11,12,20026,700
16318,11,12,19656,770
16318,11,12,19286,840
16318,11,12,18546,910
16318,11,12,18176,980
16318,11,12,17436,1050
16318,11,12,17066,1120
16318,11,12,16696,1190
16318,11,12,1,1260
19291,11,12,21144,0
19291,11,12,20774,420
19291,11,12,20404,630
19291,11,12,20034,700
19291,11,12,19294,770
19291,11,12,1,840
24482,11,12,26338,0
24482,11,12,25968,420
24482,11,12,25598,700
24482,11,12,25228,980
24482,11,12,24858,1190
24482,11,12,24488,1470
27455,11,12,28196,0
27455,11,12,27826,560
27455,11,12,27456,840
27455,11,12,1,1050
16689,11,12,21137,0
16689,11,12,20767,420
16689,11,12,20027,700
16689,11,12,19657,770
16689,11,12,18917,840
16689,11,12,18547,910
16689,11,12,18177,980
16689,11,12,17437,1050
16689,11,12,17067,1120
16689,11,12,1,1190
20759,11,12,22258,0
20759,11,12,21888,420
20759,11,12,21518,630
20759,11,12,21148,910
20759,11,12,20778,1190
20759,11,12,1,1400
31534,11,12,33017,0
31534,11,12,32647,490
31534,11,12,32277,770
31534,11,12,31907,980
31534,11,12,31537,1260
20402,11,12,21517,0
20402,11,12,21147,350
20402,11,12,20777,630
20402,11,12,20407,840
20402,11,12,1,910
21880,11,12,23371,0
21880,11,12,23001,420
21880,11,12,22631,630
21880,11,12,22261,910
21880,11,12,21891,1190
21880,11,12,1,1400
24853,11,12,26709,0
24853,11,12,26339,420
24853,11,12,25969,700
24853,11,12,25599,910
24853,11,12,25229,1190
24853,11,12,24859,1400
21889,11,12,23371,0
21889,11,12,23001,420
21889,11,12,22631,630
21889,11,12,22261,910
21889,11,12,21891,1120
21889,11,12,1,1400
25968,11,12,27822,0
25968,11,12,27452,490
25968,11,12,27082,700
25968,11,12,26712,980
25968,11,12,26342,1190
25968,11,12,25972,1470
17800,11,12,21510,0
17800,11,12,21140,350
17800,11,12,20770,630
17800,11,12,20030,910
17800,11,12,19660,980
17800,11,12,18920,1050
17800,11,12,18550,1120
17800,11,12,18180,1190
17800,11,12,1,1260
17809,11,12,20770,0
17809,11,12,20030,350
17809,11,12,19290,420
17809,11,12,18920,490
17809,11,12,18550,560
17809,11,12,17810,630
17809,11,12,1,700
34132,11,12,35614,0
34132,11,12,35244,350
34132,11,12,34874,630
34132,11,12,34504,840
34132,11,12,34134,1120
34132,11,12,1,1330
23375,11,12,25595,0
23375,11,12,25225,490
23375,11,12,24855,770
23375,11,12,24485,980
23375,11,12,24115,1260
19277,11,12,21884,0
19277,11,12,21514,490
19277,11,12,21144,770
19277,11,12,20774,980
19277,11,12,20034,1260
19277,11,12,19664,1330
19277,11,12,19294,1400
19277,11,12,1,1470
15207,11,12,20023,0
15207,11,12,19653,280
15207,11,12,19283,350
15207,11,12,18543,420
15207,11,12,18173,490
15207,11,12,17803,560
15207,11,12,17063,630
15207,11,12,16693,700
15207,11,12,15953,770
15207,11,12,15583,840
15207,11,12,15213,910
15207,11,12,1,980
22250,11,12,24112,0
22250,11,12,23742,560
22250,11,12,23372,840
22250,11,12,23002,1050
22250,11,12,22632,1330
27079,11,12,28935,0
27079,11,12,28565,350
27079,11,12,28195,630
27079,11,12,27825,840
27079,11,12,27455,1120
27079,11,12,27085,1330
19286,11,12,21884,0
19286,11,12,21514,350
19286,11,12,21144,560
19286,11,12,20774,770
19286,11,12,20404,1050
19286,11,12,19664,1120
19286,11,12,19294,1190
19286,11,12,1,1260
30052,11,12,30793,0
30052,11,12,30423,490
30052,11,12,30053,700
30052,11,12,1,980
16322,11,12,20766,0
16322,11,12,20396,280
16322,11,12,20026,350
16322,11,12,19656,420
16322,11,12,19286,490
16322,11,12,18546,560
16322,11,12,18176,630
16322,11,12,17436,700
16322,11,12,17066,770
16322,11,12,16696,840
16322,11,12,1,910
27450,11,12,29306,0
27450,11,12,28936,420
27450,11,12,28566,630
27450,11,12,28196,910
27450,11,12,27826,1120
27450,11,12,27456,1400
24486,11,12,25968,0
24486,11,12,25598,560
24486,11,12,25228,840
24486,11,12,24858,1050
24486,11,12,24488,1330
20388,11,12,22257,0
20388,11,12,21887,350
20388,11,12,21517,630
20388,11,12,21147,840
20388,11,12,20777,1120
20388,11,12,20407,1330
20388,11,12,1,1400
20397,11,12,21887,0
20397,11,12,21517,560
20397,11,12,21147,770
20397,11,12,20777,1050
20397,11,12,20407,1260
20397,11,12,1,1330
17433,11,12,20769,0
17433,11,12,20399,350
17433,11,12,20029,420
17433,11,12,19659,490
17433,11,12,18919,560
17433,11,12,18549,630
17433,11,12,17809,700
17433,11,12,17439,770
17433,11,12,1,840
21875,11,12,23741,0
21875,11,12,23371,490
21875,11,12,23001,700
21875,11,12,22631,980
21875,11,12,22261,1260
21875,11,12,21891,1470
35614,11,12,37468,0
35614,11,12,37098,420
35614,11,12,36728,630
35614,11,12,36358,910
35614,11,12,35988,1190
35614,11,12,35618,1400
20406,11,12,21147,0
20406,11,12,20777,490
20406,11,12,20407,700
20406,11,12,1,770
32650,11,12,34870,0
32650,11,12,34500,350
32650,11,12,34130,630
32650,11,12,33760,840
32650,11,12,33390,1120
32650,11,12,33020,1330
21884,11,12,23371,0
21884,11,12,23001,420
21884,11,12,22631,700
21884,11,12,22261,980
21884,11,12,21891,1190
21884,11,12,1,1470
24857,11,12,26339,0
24857,11,12,25969,560
24857,11,12,25599,770
24857,11,12,25229,1050
24857,11,12,24859,1260
25972,11,12,28192,0
25972,11,12,27822,420
25972,11,12,27452,700
25972,11,12,27082,910
25972,11,12,26712,1190
25972,11,12,26342,1470
17804,11,12,20770,0
17804,11,12,20030,490
17804,11,12,19660,560
17804,11,12,19290,630
17804,11,12,18550,700
17804,11,12,18180,770
17804,11,12,1,840
14840,11,12,18912,0
14840,11,12,18542,280
14840,11,12,18172,350
14840,11,12,17432,420
14840,11,12,17062,490
14840,11,12,16322,560
14840,11,12,15952,630
14840,11,12,15582,700
14840,11,12,14842,770
14840,11,12,1,840
29676,11,12,31162,0
29676,11,12,30792,490
29676,11,12,30422,770
29676,11,12,30052,1050
29676,11,12,29682,1260
23004,11,12,25224,0
23004,11,12,24854,490
23004,11,12,24484,700
23004,11,12,24114,980
23004,11,12,23744,1260
23004,11,12,23374,1470
15211,11,12,19283,0
15211,11,12,18913,280
15211,11,12,18543,350
15211,11,12,17803,420
15211,11,12,17433,490
15211,11,12,16693,560
15211,11,12,16323,630
15211,11,12,15953,700
15211,11,12,15213,770
15211,11,12,1,840
30047,11,12,31533,0
30047,11,12,31163,560
30047,11,12,30793,770
30047,11,12,30423,1050
30047,11,12,30053,1260
27083,11,12,28565,0
27083,11,12,28195,490
27083,11,12,27825,700
27083,11,12,27455,980
27083,11,12,27085,1190
27083,11,12,1,1470
16326,11,12,21876,0
16326,11,12,21506,490
16326,11,12,21136,700
16326,11,12,20766,980
16326,11,12,20396,1190
16326,11,12,20026,1260
16326,11,12,19656,1330
16326,11,12,18916,1400
16326,11,12,18546,1470
18915,11,12,21513,0
18915,11,12,21143,490
18915,11,12,20773,770
18915,11,12,20403,980
18915,11,12,20033,1050
18915,11,12,19293,1120
18915,11,12,18923,1190
18915,11,12,1,1260
27454,11,12,28936,0
27454,11,12,28566,490
27454,11,12,28196,700
27454,11,12,27826,980
27454,11,12,27456,1260
27454,11,12,1,1470
13358,11,12,21498,0
13358,11,12,21128,210
13358,11,12,20758,490
13358,11,12,20388,770
13358,11,12,19648,840
13358,11,12,19278,910
13358,11,12,18908,980
13358,11,12,18168,1050
13358,11,12,17798,1120
13358,11,12,17058,1190
13358,11,12,16688,1260
13358,11,12,16318,1330
13358,11,12,15578,1400
13358,11,12,15208,1470
20401,11,12,21517,0
20401,11,12,21147,350
20401,11,12,20777,630
20401,11,12,1,910
21879,11,12,23741,0
21879,11,12,23371,420
21879,11,12,23001,630
21879,11,12,22631,910
21879,11,12,22261,1120
21879,11,12,21891,1400
32645,11,12,34500,0
32645,11,12,34130,350
32645,11,12,33760,560
32645,11,12,33390,840
32645,11,12,33020,1120
32645,11,12,32650,1330
17437,11,12,20769,0
17437,11,12,20399,280
17437,11,12,19659,350
17437,11,12,19289,420
17437,11,12,18919,490
17437,11,12,18179,560
17437,11,12,17809,630
17437,11,12,1,700
21888,11,12,23371,0
21888,11,12,23001,560
21888,11,12,22631,770
21888,11,12,22261,1050
21888,11,12,21891,1260
28565,11,12,30419,0
28565,11,12,30049,420
28565,11,12,29679,630
28565,11,12,29309,910
28565,11,12,28939,1120
28565,11,12,28569,1400
17799,11,12,21510,0
17799,11,12,21140,420
17799,11,12,20770,630
17799,11,12,20400,910
17799,11,12,19660,980
17799,11,12,19290,1050
17799,11,12,18550,1120
17799,11,12,18180,1190
17799,11,12,17810,1260
17799,11,12,1,1330
25601,11,12,27821,0
25601,11,12,27451,420
25601,11,12,27081,700
25601,11,12,26711,910
25601,11,12,26341,1190
25601,11,12,25971,1400
17808,11,12,20770,0
17808,11,12,20400,350
17808,11,12,20030,420
17808,11,12,19290,490
17808,11,12,18920,560
17808,11,12,18180,630
17808,11,12,17810,700
17808,11,12,1,770
29680,11,12,31162,0
29680,11,12,30792,420
29680,11,12,30422,630
29680,11,12,30052,910
29680,11,12,29682,1120
29680,11,12,1,1400
34131,11,12,35614,0
34131,11,12,35244,560
34131,11,12,34874,840
34131,11,12,34504,1050
34131,11,12,34134,1330
22999,11,12,24854,0
22999,11,12,24484,560
22999,11,12,24114,770
22999,11,12,23744,1050
22999,11,12,23374,1260
20035,11,12,21146,0
20035,11,12,20776,420
20035,11,12,20036,700
20035,11,12,1,770
30051,11,12,31533,0
30051,11,12,31163,420
30051,11,12,30793,630
30051,11,12,30423,910
30051,11,12,30053,1190
30051,11,12,1,1400
18919,11,12,21143,0
18919,11,12,20773,350
18919,11,12,20403,630
18919,11,12,19663,700
18919,11,12,19293,770
18919,11,12,1,840
31163,11,12,32646,0
31163,11,12,32276,560
31163,11,12,31906,770
31163,11,12,31536,1050
31163,11,12,31166,1260
15955,11,12,21875,0
15955,11,12,21505,420
15955,11,12,21135,700
15955,11,12,20765,910
15955,11,12,20395,1190
15955,11,12,19655,1260
15955,11,12,19285,1330
15955,11,12,18545,1400
15955,11,12,18175,1470
35242,11,12,37097,0
35242,11,12,36727,350
35242,11,12,36357,630
35242,11,12,35987,910
35242,11,12,35617,1120
35242,11,12,35247,1400
32278,11,12,33019,0
32278,11,12,32649,420
32278,11,12,32279,700
32278,11,12,1,910
24485,11,12,26338,0
24485,11,12,25968,490
24485,11,12,25598,700
24485,11,12,25228,980
24485,11,12,24858,1190
24485,11,12,24488,1470
20396,11,12,21887,0
20396,11,12,21517,560
20396,11,12,21147,840
20396,11,12,20777,1050
20396,11,12,1,1330
17432,11,12,20769,0
17432,11,12,20399,350
17432,11,12,20029,420
17432,11,12,19659,490
17432,11,12,18919,560
17432,11,12,18549,630
17432,11,12,17809,700
17432,11,12,17439,770
17432,11,12,1,840
28198,11,12,30418,0
28198,11,12,30048,420
28198,11,12,29678,630
28198,11,12,29308,910
28198,11,12,28938,1190
28198,11,12,28568,1400
20405,11,12,21147,0
20405,11,12,20777,560
20405,11,12,20407,770
20405,11,12,1,840
21874,11,12,23741,0
21874,11,12,23371,490
21874,11,12,23001,700
21874,11,12,22631,980
21874,11,12,22261,1190
21874,11,12,21891,1470
35613,11,12,37468,0
35613,11,12,37098,350
35613,11,12,36728,630
35613,11,12,36358,910
35613,11,12,35988,1120
35613,11,12,35618,1400
32649,11,12,33390,0
32649,11,12,33020,420
32649,11,12,32650,700
32649,11,12,1,910
21517,11,12,23000,0
21517,11,12,22630,420
21517,11,12,22260,630
21517,11,12,21890,910
21517,11,12,21520,1120
21517,11,12,1,1400
25596,11,12,27451,0
25596,11,12,27081,350
25596,11,12,26711,630
25596,11,12,26341,840
25596,11,12,25971,1120
25596,11,12,25601,1400
28569,11,12,30789,0
28569,11,12,30419,350
28569,11,12,30049,630
28569,11,12,29679,910
28569,11,12,29309,1120
28569,11,12,28939,1400
22632,11,12,23373,0
22632,11,12,23003,560
22632,11,12,22633,840
22632,11,12,1,1050
14839,11,12,19652,0
14839,11,12,19282,210
14839,11,12,18912,280
14839,11,12,18542,350
14839,11,12,18172,420
14839,11,12,17432,490
14839,11,12,17062,560
14839,11,12,16692,630
14839,11,12,15952,700
14839,11,12,15582,770
14839,11,12,14842,840
14839,11,12,1,910
20021,11,12,22256,0
20021,11,12,21886,420
20021,11,12,21516,630
20021,11,12,21146,910
20021,11,12,20776,1190
20021,11,12,20406,1400
20021,11,12,20036,1470
33760,11,12,35243,0
33760,11,12,34873,560
33760,11,12,34503,840
33760,11,12,34133,1050
33760,11,12,33763,1330
20030,11,12,21516,0
20030,11,12,21146,350
20030,11,12,20776,560
20030,11,12,20036,840
20030,11,12,1,910
23003,11,12,24114,0
23003,11,12,23744,350
23003,11,12,23374,560
23003,11,12,23004,840
23003,11,12,1,1050
27082,11,12,28935,0
27082,11,12,28565,350
27082,11,12,28195,630
27082,11,12,27825,910
27082,11,12,27455,1120
27082,11,12,27085,1400
18914,11,12,21513,0
18914,11,12,21143,490
18914,11,12,20773,770
18914,11,12,20403,980
18914,11,12,20033,1050
18914,11,12,19293,1120
18914,11,12,18923,1190
18914,11,12,1,1260
15950,11,12,20765,0
15950,11,12,20395,280
15950,11,12,20025,350
15950,11,12,19285,420
15950,11,12,18915,490
15950,11,12,18175,560
15950,11,12,17805,630
15950,11,12,17435,700
15950,11,12,16695,770
15950,11,12,16325,840
15950,11,12,1,910
18923,11,12,22253,0
18923,11,12,21883,490
18923,11,12,21513,770
18923,11,12,21143,980
18923,11,12,20773,1260
32273,11,12,34129,0
32273,11,12,33759,350
32273,11,12,33389,630
32273,11,12,33019,840
32273,11,12,32649,1120
32273,11,12,32279,1330
24114,11,12,25967,0
24114,11,12,25597,420
24114,11,12,25227,700
24114,11,12,24857,980
24114,11,12,24487,1190
24114,11,12,24117,1470
17427,11,12,21509,0
17427,11,12,21139,210
17427,11,12,20769,490
17427,11,12,20399,770
17427,11,12,19659,840
17427,11,12,19289,910
17427,11,12,18549,980
17427,11,12,18179,1050
17427,11,12,17809,1120
17427,11,12,1,1190
28193,11,12,29678,0
28193,11,12,29308,560
28193,11,12,28938,840
28193,11,12,28568,1050
28193,11,12,28198,1330
20400,11,12,21517,0
20400,11,12,21147,350
20400,11,12,20777,630
20400,11,12,20407,840
20400,11,12,1,910
25229,11,12,25970,0
25229,11,12,25600,560
25229,11,12,25230,770
25229,11,12,1,1050
13357,11,12,16688,0
13357,11,12,16318,210
13357,11,12,15948,280
13357,11,12,15578,350
13357,11,12,15208,420
13357,11,12,14468,490
13357,11,12,14098,560
13357,11,12,13358,630
13357,11,12,1,700
17436,11,12,20769,0
17436,11,12,20399,350
17436,11,12,19659,420
17436,11,12,19289,490
17436,11,12,18919,560
17436,11,12,18179,630
17436,11,12,17809,700
17436,11,12,1,770
32644,11,12,34500,0
32644,11,12,34130,350
32644,11,12,33760,630
32644,11,12,33390,910
32644,11,12,33020,1120
32644,11,12,32650,1400
21503,11,12,23370,0
21503,11,12,23000,420
21503,11,12,22630,630
21503,11,12,22260,910
21503,11,12,21890,1120
21503,11,12,21520,1400
21512,11,12,23000,0
21512,11,12,22630,560
21512,11,12,22260,770
21512,11,12,21890,1050
21512,11,12,21520,1330
18548,11,12,21142,0
18548,11,12,20772,280
18548,11,12,20402,560
18548,11,12,20032,630
18548,11,12,19292,700
18548,11,12,18922,770
18548,11,12,1,840
28564,11,12,30049,0
28564,11,12,29679,490
28564,11,12,29309,770
28564,11,12,28939,1050
28564,11,12,28569,1260
22627,11,12,24483,0
22627,11,12,24113,560
22627,11,12,23743,840
22627,11,12,23373,1050
22627,11,12,23003,1330
25600,11,12,26341,0
25600,11,12,25971,560
25600,11,12,25601,770
25600,11,12,1,1050
29679,11,12,31162,0
29679,11,12,30792,560
29679,11,12,30422,840
29679,11,12,30052,1050
29679,11,12,29682,1330
14468,11,12,18541,0
14468,11,12,18171,210
14468,11,12,17801,280
14468,11,12,17431,350
14468,11,12,17061,420
14468,11,12,16321,490
14468,11,12,15951,560
14468,11,12,15211,630
14468,11,12,14841,700
14468,11,12,14471,770
14468,11,12,1,840
20025,11,12,21886,0
20025,11,12,21516,490
20025,11,12,21146,770
20025,11,12,20776,980
20025,11,12,20406,1260
20025,11,12,1,1330
30791,11,12,32645,0
30791,11,12,32275,490
30791,11,12,31905,700
30791,11,12,31535,980
30791,11,12,31165,1260
30791,11,12,30795,1470
20034,11,12,21146,0
20034,11,12,20776,490
20034,11,12,20036,770
20034,11,12,1,840
18909,11,12,21883,0
18909,11,12,21513,420
18909,11,12,21143,700
18909,11,12,20773,980
18909,11,12,20403,1190
18909,11,12,20033,1260
18909,11,12,19293,1330
18909,11,12,18923,1400
18909,11,12,1,1470
26711,11,12,28564,0
26711,11,12,28194,350
26711,11,12,27824,630
26711,11,12,27454,910
26711,11,12,27084,1120
26711,11,12,26714,1400
18918,11,12,21143,0
18918,11,12,20773,350
18918,11,12,20033,630
18918,11,12,19663,700
18918,11,12,19293,770
18918,11,12,1,840
31162,11,12,33016,0
31162,11,12,32646,350
31162,11,12,32276,630
31162,11,12,31906,840
31162,11,12,31536,1120
31162,11,12,31166,1400
15954,11,12,19655,0
15954,11,12,19285,280
15954,11,12,18545,350
15954,11,12,18175,420
15954,11,12,17805,490
15954,11,12,17065,560
15954,11,12,16695,630
15954,11,12,15955,700
15954,11,12,1,770
32277,11,12,33759,0
32277,11,12,33389,350
32277,11,12,33019,630
32277,11,12,32649,840
32277,11,12,32279,1120
32277,11,12,1,1330
20386,11,12,22257,0
20386,11,12,21887,560
20386,11,12,21517,770
20386,11,12,21147,1050
20386,11,12,20777,1330
21145,11,12,22259,0
21145,11,12,21889,560
21145,11,12,21519,840
21145,11,12,21149,1050
21145,11,12,1,1330
25224,11,12,27080,0
25224,11,12,26710,420
25224,11,12,26340,630
25224,11,12,25970,910
25224,11,12,25600,1120
25224,11,12,25230,1400
17431,11,12,21509,0
17431,11,12,21139,280
17431,11,12,20769,490
17431,11,12,20399,770
17431,11,12,19659,840
17431,11,12,19289,910
17431,11,12,18549,980
17431,11,12,18179,1050
17431,11,12,17809,1120
17431,11,12,1,1190
28197,11,12,28938,0
28197,11,12,28568,490
28197,11,12,28198,770
28197,11,12,1,980
21498,11,12,23370,0
21498,11,12,23000,350
21498,11,12,22630,630
21498,11,12,22260,910
21498,11,12,21890,1120
21498,11,12,21520,1400
21507,11,12,23370,0
21507,11,12,23000,420
21507,11,12,22630,630
21507,11,12,22260,840
21507,11,12,21890,1120
21507,11,12,21520,1400
18543,11,12,21512,0
18543,11,12,21142,420
18543,11,12,20772,700
18543,11,12,20032,980
18543,11,12,19662,1050
18543,11,12,18922,1120
18543,11,12,18552,1190
18543,11,12,1,1260
21516,11,12,22630,0
21516,11,12,22260,560
21516,11,12,21890,840
21516,11,12,21520,1050
21516,11,12,1,1330
15579,11,12,20394,0
15579,11,12,20024,280
15579,11,12,19654,350
15579,11,12,18914,420
15579,11,12,18544,490
15579,11,12,17804,560
15579,11,12,17434,630
15579,11,12,17064,700
15579,11,12,16324,770
15579,11,12,15954,840
15579,11,12,1,910
18552,11,12,22252,0
18552,11,12,21882,490
18552,11,12,21512,700
18552,11,12,21142,980
18552,11,12,20772,1190
18552,11,12,20402,1470
25595,11,12,27451,0
25595,11,12,27081,420
25595,11,12,26711,700
25595,11,12,26341,980
25595,11,12,25971,1190
25595,11,12,25601,1470
22631,11,12,24113,0
22631,11,12,23743,490
22631,11,12,23373,770
22631,11,12,23003,980
22631,11,12,22633,1260
22631,11,12,1,1470
33759,11,12,35613,0
33759,11,12,35243,420
33759,11,12,34873,700
33759,11,12,34503,910
33759,11,12,34133,1190
33759,11,12,33763,1400
20029,11,12,21516,0
20029,11,12,21146,350
20029,11,12,20776,560
20029,11,12,20406,840
20029,11,12,1,910
30795,11,12,33015,0
30795,11,12,32645,420
30795,11,12,32275,700
30795,11,12,31905,980
30795,11,12,31535,1190
30795,11,12,31165,1470
34874,11,12,36356,0
34874,11,12,35986,350
34874,11,12,35616,630
34874,11,12,35246,840
34874,11,12,34876,1120
34874,11,12,1,1330
18913,11,12,21883,0
18913,11,12,21513,280
18913,11,12,21143,560
18913,11,12,20773,770
18913,11,12,20033,1050
18913,11,12,19663,1120
18913,11,12,19293,1190
18913,11,12,1,1260
15949,11,12,20765,0
15949,11,12,20395,280
15949,11,12,20025,350
15949,11,12,19285,420
15949,11,12,18915,490
15949,11,12,18545,560
15949,11,12,17805,630
15949,11,12,17435,700
15949,11,12,16695,770
15949,11,12,16325,840
15949,11,12,15955,910
15949,11,12,1,980
31166,11,12,33386,0
31166,11,12,33016,350
31166,11,12,32646,630
31166,11,12,32276,910
31166,11,12,31906,1120
31166,11,12,31536,1400
21140,11,12,22629,0
21140,11,12,22259,350
21140,11,12,21889,560
21140,11,12,21519,840
21140,11,12,21149,1050
21140,11,12,1,1330
24113,11,12,25967,0
24113,11,12,25597,560
24113,11,12,25227,770
24113,11,12,24857,1050
24113,11,12,24487,1260
21149,11,12,22999,0
21149,11,12,22629,560
21149,11,12,22259,840
21149,11,12,21889,1050
21149,11,12,21519,1330
28192,11,12,29678,0
28192,11,12,29308,560
28192,11,12,28938,770
28192,11,12,28568,1050
28192,11,12,28198,1330
25228,11,12,26710,0
25228,11,12,26340,490
25228,11,12,25970,700
25228,11,12,25600,980
25228,11,12,25230,1260
25228,11,12,1,1470
21502,11,12,23370,0
21502,11,12,23000,420
21502,11,12,22630,700
21502,11,12,22260,980
21502,11,12,21890,1190
21502,11,12,21520,1470
21511,11,12,23000,0
21511,11,12,22630,490
21511,11,12,22260,770
21511,11,12,21890,1050
21511,11,12,21520,1260
18547,11,12,21142,0
18547,11,12,20772,280
18547,11,12,20402,560
18547,11,12,19662,630
18547,11,12,19292,700
18547,11,12,18922,770
18547,11,12,1,840
21520,11,12,23370,0
21520,11,12,23000,630
21520,11,12,22630,840
21520,11,12,22260,1120
21520,11,12,21890,1330
15583,11,12,19284,0
15583,11,12,18914,280
15583,11,12,18174,350
15583,11,12,17804,420
15583,11,12,17434,490
15583,11,12,16694,560
15583,11,12,16324,630
15583,11,12,15584,700
15583,11,12,1,770
22626,11,12,24483,0
22626,11,12,24113,630
22626,11,12,23743,840
22626,11,12,23373,1120
22626,11,12,23003,1330
33392,11,12,35612,0
33392,11,12,35242,350
33392,11,12,34872,630
33392,11,12,34502,840
33392,11,12,34132,1120
33392,11,12,33762,1330
14467,11,12,18541,0
14467,11,12,18171,280
14467,11,12,17801,350
14467,11,12,17061,420
14467,11,12,16691,490
14467,11,12,15951,560
14467,11,12,15581,630
14467,11,12,15211,700
14467,11,12,14471,770
14467,11,12,1,840
20024,11,12,21886,0
20024,11,12,21516,420
20024,11,12,21146,700
20024,11,12,20776,980
20024,11,12,20406,1190
20024,11,12,20036,1260
20024,11,12,1,1330
30790,11,12,32645,0
30790,11,12,32275,490
30790,11,12,31905,700
30790,11,12,31535,980
30790,11,12,31165,1190
30790,11,12,30795,1470
33763,11,12,35983,0
33763,11,12,35613,350
33763,11,12,35243,630
33763,11,12,34873,840
33763,11,12,34503,1120
33763,11,12,34133,1330
27826,11,12,28567,0
27826,11,12,28197,560
27826,11,12,27827,770
27826,11,12,1,1050
18908,11,12,21883,0
18908,11,12,21513,420
18908,11,12,21143,700
18908,11,12,20773,980
18908,11,12,20403,1190
18908,11,12,20033,1260
18908,11,12,19293,1330
18908,11,12,18923,1400
18908,11,12,1,1470
26710,11,12,28564,0
26710,11,12,28194,490
26710,11,12,27824,700
26710,11,12,27454,980
26710,11,12,27084,1190
26710,11,12,26714,1470
23746,11,12,25966,0
23746,11,12,25596,490
23746,11,12,25226,770
23746,11,12,24856,980
23746,11,12,24486,1260
31161,11,12,33016,0
31161,11,12,32646,350
31161,11,12,32276,560
31161,11,12,31906,840
31161,11,12,31536,1120
31161,11,12,31166,1330
21126,11,12,22999,0
21126,11,12,22629,420
21126,11,12,22259,700
21126,11,12,21889,910
21126,11,12,21519,1190
21126,11,12,21149,1470
32276,11,12,33759,0
32276,11,12,33389,490
32276,11,12,33019,770
32276,11,12,32649,1050
32276,11,12,32279,1260
17056,11,12,21138,0
17056,11,12,20768,490
17056,11,12,20398,700
17056,11,12,20028,770
17056,11,12,19288,840
17056,11,12,18918,910
17056,11,12,18178,980
17056,11,12,17808,1050
17056,11,12,17438,1120
17056,11,12,1,1190
17065,11,12,20768,0
17065,11,12,20398,280
17065,11,12,20028,350
17065,11,12,19288,420
17065,11,12,18918,490
17065,11,12,18548,560
17065,11,12,17808,630
17065,11,12,17438,700
17065,11,12,1,770
21135,11,12,22629,0
21135,11,12,22259,490
21135,11,12,21889,770
21135,11,12,21519,1050
21135,11,12,21149,1260
18171,11,12,21511,0
18171,11,12,21141,420
18171,11,12,20771,700
18171,11,12,20401,910
18171,11,12,20031,980
18171,11,12,19291,1050
18171,11,12,18921,1120
18171,11,12,18551,1190
18171,11,12,1,1260
21144,11,12,22629,0
21144,11,12,22259,280
21144,11,12,21889,560
21144,11,12,21519,840
21144,11,12,21149,1050
21144,11,12,1,1330
24117,11,12,26337,0
24117,11,12,25967,490
24117,11,12,25597,700
24117,11,12,25227,980
24117,11,12,24857,1190
24117,11,12,24487,1470
18180,11,12,20771,0
18180,11,12,20401,350
18180,11,12,19661,420
18180,11,12,19291,490
18180,11,12,18921,560
18180,11,12,18181,630
18180,11,12,1,700
28196,11,12,29678,0
28196,11,12,29308,420
28196,11,12,28938,700
28196,11,12,28568,910
28196,11,12,28198,1190
28196,11,12,1,1400
21506,11,12,23000,0
21506,11,12,22630,420
21506,11,12,22260,630
21506,11,12,21890,910
21506,11,12,21520,1120
21506,11,12,1,1400
18542,11,12,21512,0
18542,11,12,21142,490
18542,11,12,20772,700
18542,11,12,20402,980
18542,11,12,19662,1050
18542,11,12,19292,1120
18542,11,12,18922,1190
18542,11,12,1,1260
29308,11,12,30791,0
29308,11,12,30421,560
29308,11,12,30051,770
29308,11,12,29681,1050
29308,11,12,29311,1330
21515,11,12,22630,0
21515,11,12,22260,560
21515,11,12,21890,840
21515,11,12,21520,1050
21515,11,12,1,1330
15578,11,12,20394,0
15578,11,12,20024,280
15578,11,12,19654,350
15578,11,12,18914,420
15578,11,12,18544,490
15578,11,12,18174,560
15578,11,12,17434,630
15578,11,12,17064,700
15578,11,12,16324,770
15578,11,12,15954,840
15578,11,12,15584,910
15578,11,12,1,980
18551,11,12,20772,0
18551,11,12,20402,420
18551,11,12,19662,490
18551,11,12,19292,560
18551,11,12,18552,630
18551,11,12,1,700
33387,11,12,35242,0
33387,11,12,34872,420
33387,11,12,34502,630
33387,11,12,34132,910
33387,11,12,33762,1120
33387,11,12,33392,1400
30423,11,12,31164,0
30423,11,12,30794,490
30423,11,12,30424,700
30423,11,12,1,980
22630,11,12,24483,0
22630,11,12,24113,420
22630,11,12,23743,700
22630,11,12,23373,980
22630,11,12,23003,1190
22630,11,12,22633,1470
14471,11,12,21501,0
14471,11,12,21131,350
14471,11,12,20761,630
14471,11,12,20021,910
14471,11,12,19651,980
14471,11,12,18911,1050
14471,11,12,18541,1120
14471,11,12,18171,1190
14471,11,12,17431,1260
14471,11,12,17061,1330
14471,11,12,16321,1400
14471,11,12,15951,1470
20019,11,12,22256,0
20019,11,12,21886,420
20019,11,12,21516,630
20019,11,12,21146,910
20019,11,12,20776,1120
20019,11,12,20406,1400
20019,11,12,20036,1470
33758,11,12,35613,0
33758,11,12,35243,420
33758,11,12,34873,630
33758,11,12,34503,910
33758,11,12,34133,1120
33758,11,12,33763,1400
27821,11,12,29677,0
27821,11,12,29307,350
27821,11,12,28937,630
27821,11,12,28567,840
27821,11,12,28197,1120
27821,11,12,27827,1330
30794,11,12,31535,0
30794,11,12,31165,560
30794,11,12,30795,770
30794,11,12,1,1050
19653,11,12,21885,0
19653,11,12,21515,420
19653,11,12,21145,630
19653,11,12,20775,910
19653,11,12,20035,1190
19653,11,12,19665,1260
19653,11,12,1,1330
34873,11,12,36356,0
34873,11,12,35986,560
34873,11,12,35616,840
34873,11,12,35246,1050
34873,11,12,34876,1330
19662,11,12,21145,0
19662,11,12,20775,490
19662,11,12,20405,700
19662,11,12,20035,770
19662,11,12,19665,840
19662,11,12,1,910
20768,11,12,22258,0
20768,11,12,21888,350
20768,11,12,21518,560
20768,11,12,21148,840
20768,11,12,20778,1050
20768,11,12,1,1330
23741,11,12,25596,0
23741,11,12,25226,490
23741,11,12,24856,770
23741,11,12,24486,980
23741,11,12,24116,1260
26714,11,12,28934,0
26714,11,12,28564,420
26714,11,12,28194,700
26714,11,12,27824,910
26714,11,12,27454,1190
26714,11,12,27084,1400
20777,11,12,21148,0
20777,11,12,20778,490
20777,11,12,1,770
17060,11,12,21138,0
17060,11,12,20768,490
17060,11,12,20398,700
17060,11,12,20028,770
17060,11,12,19288,840
17060,11,12,18918,910
17060,11,12,18178,980
17060,11,12,17808,1050
17060,11,12,17438,1120
17060,11,12,1,1190
21130,11,12,22629,0
21130,11,12,22259,420
21130,11,12,21889,630
21130,11,12,21519,910
21130,11,12,21149,1120
21130,11,12,1,1400
18166,11,12,21881,0
18166,11,12,21511,350
18166,11,12,21141,630
18166,11,12,20771,840
18166,11,12,20031,1120
18166,11,12,19661,1190
18166,11,12,19291,1260
18166,11,12,18551,1330
18166,11,12,18181,1400
18166,11,12,1,1470
14096,11,12,18170,0
14096,11,12,17800,280
14096,11,12,17430,350
14096,11,12,16690,420
14096,11,12,16320,490
14096,11,12,15580,560
14096,11,12,15210,630
14096,11,12,14840,700
14096,11,12,14100,770
14096,11,12,1,840
21139,11,12,22629,0
21139,11,12,22259,490
21139,11,12,21889,770
21139,11,12,21519,1050
21139,11,12,21149,1260
31905,11,12,33388,0
31905,11,12,33018,490
31905,11,12,32648,770
31905,11,12,32278,980
31905,11,12,31908,1260
24112,11,12,25967,0
24112,11,12,25597,420
24112,11,12,25227,700
24112,11,12,24857,910
24112,11,12,24487,1190
24112,11,12,24117,1470
18175,11,12,21141,0
18175,11,12,20771,280
18175,11,12,20401,490
18175,11,12,20031,560
18175,11,12,19661,630
18175,11,12,18921,700
18175,11,12,18551,770
18175,11,12,1,840
21148,11,12,21889,0
21148,11,12,21519,420
21148,11,12,21149,700
21148,11,12,1,910
35984,11,12,37839,0
35984,11,12,37469,350
35984,11,12,37099,630
35984,11,12,36729,840
35984,11,12,36359,1120
35984,11,12,35989,1330
33020,11,12,33761,0
33020,11,12,33391,420
33020,11,12,33021,700
33020,11,12,1,910
25227,11,12,26710,0
25227,11,12,26340,560
25227,11,12,25970,840
25227,11,12,25600,1050
25227,11,12,25230,1330
21501,11,12,23370,0
21501,11,12,23000,420
21501,11,12,22630,700
21501,11,12,22260,980
21501,11,12,21890,1190
21501,11,12,21520,1470
18537,11,12,21882,0
18537,11,12,21512,420
18537,11,12,21142,630
18537,11,12,20772,910
18537,11,12,20402,1120
18537,11,12,20032,1190
18537,11,12,19662,1260
18537,11,12,18922,1330
18537,11,12,18552,1400
18537,11,12,1,1470
26339,11,12,28193,0
26339,11,12,27823,490
26339,11,12,27453,700
26339,11,12,27083,980
26339,11,12,26713,1190
26339,11,12,26343,1470
18546,11,12,21142,0
18546,11,12,20772,280
18546,11,12,20402,560
18546,11,12,20032,630
18546,11,12,19292,700
18546,11,12,18922,770
18546,11,12,1,840
15582,11,12,19654,0
15582,11,12,18914,350
15582,11,12,18174,420
15582,11,12,17804,490
15582,11,12,17064,560
15582,11,12,16694,630
15582,11,12,16324,700
15582,11,12,15584,770
15582,11,12,1,840
30418,11,12,31904,0
30418,11,12,31534,560
30418,11,12,31164,770
30418,11,12,30794,1050
30418,11,12,30424,1260
33391,11,12,34132,0
33391,11,12,33762,420
33391,11,12,33392,700
33391,11,12,1,910
22259,11,12,24112,0
22259,11,12,23742,420
22259,11,12,23372,700
22259,11,12,23002,910
22259,11,12,22632,1190
22259,11,12,22262,1400
14466,11,12,18541,0
14466,11,12,18171,280
14466,11,12,17801,350
14466,11,12,17061,420
14466,11,12,16691,490
14466,11,12,15951,560
14466,11,12,15581,630
14466,11,12,15211,700
14466,11,12,14471,770
14466,11,12,1,840
30789,11,12,32645,0
30789,11,12,32275,420
30789,11,12,31905,700
30789,11,12,31535,980
30789,11,12,31165,1190
30789,11,12,30795,1470
27825,11,12,29307,0
27825,11,12,28937,420
27825,11,12,28567,700
27825,11,12,28197,980
27825,11,12,27827,1190
27825,11,12,1,1470
19648,11,12,22255,0
19648,11,12,21885,350
19648,11,12,21515,630
19648,11,12,21145,840
19648,11,12,20775,1120
19648,11,12,20405,1330
19648,11,12,20035,1400
19648,11,12,19665,1470
19657,11,12,21885,0
19657,11,12,21515,420
19657,11,12,21145,630
19657,11,12,20775,910
19657,11,12,20035,1190
19657,11,12,19665,1260
19657,11,12,1,1330
16693,11,12,20767,0
16693,11,12,20397,280
16693,11,12,20027,350
16693,11,12,19657,420
16693,11,12,18917,490
16693,11,12,18547,560
16693,11,12,18177,630
16693,11,12,17437,700
16693,11,12,17067,770
16693,11,12,1,840
20763,11,12,22258,0
20763,11,12,21888,490
20763,11,12,21518,770
20763,11,12,21148,980
20763,11,12,20778,1260
34502,11,12,35985,0
34502,11,12,35615,560
34502,11,12,35245,840
34502,11,12,34875,1050
34502,11,12,34505,1330
13729,11,12,21499,0
13729,11,12,21129,280
13729,11,12,20759,560
13729,11,12,20389,770
13729,11,12,20019,840
13729,11,12,19279,910
13729,11,12,18909,980
13729,11,12,18169,1050
13729,11,12,17799,1120
13729,11,12,17429,1190
13729,11,12,16689,1260
13729,11,12,16319,1330
13729,11,12,15579,1400
13729,11,12,15209,1470
26709,11,12,28564,0
26709,11,12,28194,350
26709,11,12,27824,630
26709,11,12,27454,840
26709,11,12,27084,1120
26709,11,12,26714,1330
20772,11,12,21518,0
20772,11,12,21148,420
20772,11,12,20778,700
20772,11,12,1,910
23745,11,12,24856,0
23745,11,12,24486,420
23745,11,12,24116,630
23745,11,12,23746,910
23745,11,12,1,1120
21134,11,12,22629,0
21134,11,12,22259,420
21134,11,12,21889,700
21134,11,12,21519,910
21134,11,12,21149,1190
21134,11,12,1,1400
17064,11,12,20768,0
17064,11,12,20398,280
17064,11,12,20028,350
17064,11,12,19658,420
17064,11,12,19288,490
17064,11,12,18548,560
17064,11,12,18178,630
17064,11,12,17438,700
17064,11,12,17068,770
17064,11,12,1,840
28936,11,12,30790,0
28936,11,12,30420,420
28936,11,12,30050,630
28936,11,12,29680,910
28936,11,12,29310,1120
28936,11,12,28940,1400
14100,11,12,21500,0
14100,11,12,21130,280
14100,11,12,20760,560
14100,11,12,20390,840
14100,11,12,19650,910
14100,11,12,19280,980
14100,11,12,18540,1050
14100,11,12,18170,1120
14100,11,12,17800,1190
14100,11,12,17060,1260
14100,11,12,16690,1330
14100,11,12,15950,1400
14100,11,12,15580,1470
21143,11,12,22629,0
21143,11,12,22259,350
21143,11,12,21889,630
21143,11,12,21519,840
21143,11,12,21149,1120
21143,11,12,1,1330
18170,11,12,21511,0
18170,11,12,21141,420
18170,11,12,20771,700
18170,11,12,20031,980
18170,11,12,19661,1050
18170,11,12,18921,1120
18170,11,12,18551,1190
18170,11,12,18181,1260
18170,11,12,1,1330
18179,11,12,20771,0
18179,11,12,20401,420
18179,11,12,19661,490
18179,11,12,19291,560
18179,11,12,18921,630
18179,11,12,18181,700
18179,11,12,1,770
33015,11,12,34871,0
33015,11,12,34501,420
33015,11,12,34131,700
33015,11,12,33761,910
33015,11,12,33391,1190
33015,11,12,33021,1400
29307,11,12,31161,0
29307,11,12,30791,420
29307,11,12,30421,630
29307,11,12,30051,910
29307,11,12,29681,1120
29307,11,12,29311,1400
23370,11,12,25225,0
23370,11,12,24855,560
23370,11,12,24485,770
23370,11,12,24115,1050
23370,11,12,23745,1260
15577,11,12,20394,0
15577,11,12,20024,280
15577,11,12,19654,350
15577,11,12,18914,420
15577,11,12,18544,490
15577,11,12,18174,560
15577,11,12,17434,630
15577,11,12,17064,700
15577,11,12,16324,770
15577,11,12,15954,840
15577,11,12,15584,910
15577,11,12,1,980
26343,11,12,28563,0
26343,11,12,28193,420
26343,11,12,27823,700
26343,11,12,27453,910
26343,11,12,27083,1190
26343,11,12,26713,1470
33386,11,12,35242,0
33386,11,12,34872,420
33386,11,12,34502,700
33386,11,12,34132,910
33386,11,12,33762,1190
33386,11,12,33392,1400
30422,11,12,31904,0
30422,11,12,31534,420
30422,11,12,31164,630
30422,11,12,30794,910
30422,11,12,30424,1190
30422,11,12,1,1400
22254,11,12,24112,0
22254,11,12,23742,490
22254,11,12,23372,770
22254,11,12,23002,980
22254,11,12,22632,1260
19290,11,12,21144,0
19290,11,12,20774,420
19290,11,12,20034,700
19290,11,12,19664,770
19290,11,12,1,840
19652,11,12,21885,0
19652,11,12,21515,420
19652,11,12,21145,630
19652,11,12,20775,910
19652,11,12,20035,1190
19652,11,12,19665,1260
19652,11,12,1,1330
20758,11,12,22628,0
20758,11,12,22258,350
20758,11,12,21888,630
20758,11,12,21518,840
20758,11,12,21148,1120
20758,11,12,20778,1330
16688,11,12,21137,0
16688,11,12,20767,420
16688,11,12,20027,700
16688,11,12,19657,770
16688,11,12,18917,840
16688,11,12,18547,910
16688,11,12,18177,980
16688,11,12,17437,1050
16688,11,12,17067,1120
16688,11,12,1,1190
19661,11,12,21145,0
19661,11,12,20775,490
19661,11,12,20405,770
19661,11,12,19665,840
19661,11,12,1,910
31533,11,12,33387,0
31533,11,12,33017,350
31533,11,12,32647,630
31533,11,12,32277,840
31533,11,12,31907,1120
31533,11,12,31537,1330
20767,11,12,22258,0
20767,11,12,21888,350
20767,11,12,21518,630
20767,11,12,21148,840
20767,11,12,20778,1120
20767,11,12,1,1330
16697,11,12,21877,0
16697,11,12,21507,490
16697,11,12,21137,700
16697,11,12,20767,980
16697,11,12,20397,1190
16697,11,12,20027,1260
16697,11,12,19287,1330
16697,11,12,18917,1400
16697,11,12,18547,1470
20776,11,12,21518,0
20776,11,12,21148,350
20776,11,12,20778,560
20776,11,12,1,840
17059,11,12,21138,0
17059,11,12,20768,490
17059,11,12,20398,700
17059,11,12,20028,770
17059,11,12,19288,840
17059,11,12,18918,910
17059,11,12,18178,980
17059,11,12,17808,1050
17059,11,12,17438,1120
17059,11,12,1,1190
21129,11,12,22999,0
21129,11,12,22629,420
21129,11,12,22259,630
21129,11,12,21889,910
21129,11,12,21519,1120
21129,11,12,21149,1400
21138,11,12,22629,0
21138,11,12,22259,490
21138,11,12,21889,770
21138,11,12,21519,1050
21138,11,12,21149,1260
25967,11,12,27822,0
25967,11,12,27452,350
25967,11,12,27082,630
25967,11,12,26712,840
25967,11,12,26342,1120
25967,11,12,25972,1400
31904,11,12,33758,0
31904,11,12,33388,350
31904,11,12,33018,630
31904,11,12,32648,840
31904,11,12,32278,1120
31904,11,12,31908,1330
28940,11,12,31160,0
28940,11,12,30790,350
28940,11,12,30420,630
28940,11,12,30050,840
28940,11,12,29680,1120
28940,11,12,29310,1400
18174,11,12,21141,0
18174,11,12,20771,280
18174,11,12,20401,490
18174,11,12,20031,560
18174,11,12,19661,630
18174,11,12,18921,700
18174,11,12,18551,770
18174,11,12,1,840
33019,11,12,34501,0
33019,11,12,34131,350
33019,11,12,33761,630
33019,11,12,33391,840
33019,11,12,33021,1120
33019,11,12,1,1330
26338,11,12,28193,0
26338,11,12,27823,350
26338,11,12,27453,630
26338,11,12,27083,840
26338,11,12,26713,1120
26338,11,12,26343,1400
29311,11,12,31531,0
29311,11,12,31161,350
29311,11,12,30791,630
29311,11,12,30421,840
29311,11,12,30051,1120
29311,11,12,29681,1400
23374,11,12,24485,0
23374,11,12,24115,420
23374,11,12,23745,630
23374,11,12,23375,840
23374,11,12,1,1120
19276,11,12,21884,0
19276,11,12,21514,490
19276,11,12,21144,770
19276,11,12,20774,980
19276,11,12,20034,1260
19276,11,12,19664,1330
19276,11,12,19294,1400
19276,11,12,1,1470
15206,11,12,20023,0
15206,11,12,19653,280
15206,11,12,19283,350
15206,11,12,18543,420
15206,11,12,18173,490
15206,11,12,17803,560
15206,11,12,17063,630
15206,11,12,16693,700
15206,11,12,15953,770
15206,11,12,15583,840
15206,11,12,15213,910
15206,11,12,1,980
22249,11,12,24112,0
22249,11,12,23742,560
22249,11,12,23372,840
22249,11,12,23002,1050
22249,11,12,22632,1330
19285,11,12,21884,0
19285,11,12,21514,280
19285,11,12,21144,560
19285,11,12,20774,770
19285,11,12,20404,1050
19285,11,12,19664,1120
19285,11,12,19294,1190
19285,11,12,1,1260
22258,11,12,24112,0
22258,11,12,23742,490
22258,11,12,23372,770
22258,11,12,23002,980
22258,11,12,22632,1260
16321,11,12,20766,0
16321,11,12,20396,280
16321,11,12,20026,350
16321,11,12,19656,420
16321,11,12,18916,490
16321,11,12,18546,560
16321,11,12,18176,630
16321,11,12,17436,700
16321,11,12,17066,770
16321,11,12,16326,840
16321,11,12,1,910
19294,11,12,22624,0
19294,11,12,22254,350
19294,11,12,21884,560
19294,11,12,21514,840
19294,11,12,21144,1050
19294,11,12,20774,1330
19647,11,12,22255,0
19647,11,12,21885,350
19647,11,12,21515,630
19647,11,12,21145,840
19647,11,12,20775,1120
19647,11,12,20405,1330
19647,11,12,20035,1400
19647,11,12,19665,1470
19656,11,12,21885,0
19656,11,12,21515,420
19656,11,12,21145,630
19656,11,12,20775,910
19656,11,12,20405,1120
19656,11,12,20035,1190
19656,11,12,19665,1260
19656,11,12,1,1330
16692,11,12,20767,0
16692,11,12,20397,280
16692,11,12,20027,350
16692,11,12,19657,420
16692,11,12,18917,490
16692,11,12,18547,560
16692,11,12,17807,630
16692,11,12,17437,700
16692,11,12,17067,770
16692,11,12,1,840
20762,11,12,22258,0
20762,11,12,21888,490
20762,11,12,21518,770
20762,11,12,21148,1050
20762,11,12,20778,1260
19665,11,12,22625,0
19665,11,12,22255,420
19665,11,12,21885,700
19665,11,12,21515,910
19665,11,12,21145,1190
19665,11,12,20775,1400
34501,11,12,36355,0
34501,11,12,35985,420
34501,11,12,35615,700
34501,11,12,35245,910
34501,11,12,34875,1190
34501,11,12,34505,1400
31537,11,12,33757,0
31537,11,12,33387,350
31537,11,12,33017,560
31537,11,12,32647,840
31537,11,12,32277,1120
31537,11,12,31907,1330
20771,11,12,21518,0
20771,11,12,21148,420
20771,11,12,20778,630
20771,11,12,1,910
21883,11,12,23741,0
21883,11,12,23371,420
21883,11,12,23001,630
21883,11,12,22631,910
21883,11,12,22261,1120
21883,11,12,21891,1400
24856,11,12,26709,0
24856,11,12,26339,420
24856,11,12,25969,700
24856,11,12,25599,910
24856,11,12,25229,1190
24856,11,12,24859,1470
28935,11,12,30420,0
28935,11,12,30050,490
28935,11,12,29680,770
28935,11,12,29310,980
28935,11,12,28940,1260
14099,11,12,17060,0
14099,11,12,16320,280
14099,11,12,15950,350
14099,11,12,15580,420
14099,11,12,15210,490
14099,11,12,14470,560
14099,11,12,14100,630
14099,11,12,1,700
31908,11,12,34128,0
31908,11,12,33758,350
31908,11,12,33388,560
31908,11,12,33018,840
31908,11,12,32648,1120
31908,11,12,32278,1330
25971,11,12,26712,0
25971,11,12,26342,560
25971,11,12,25972,770
25971,11,12,1,1050
18169,11,12,21511,0
18169,11,12,21141,420
18169,11,12,20771,630
18169,11,12,20401,910
18169,11,12,19661,980
18169,11,12,19291,1050
18169,11,12,18551,1120
18169,11,12,18181,1190
18169,11,12,1,1260
17803,11,12,20770,0
17803,11,12,20030,490
17803,11,12,19660,560
17803,11,12,19290,630
17803,11,12,18550,700
17803,11,12,18180,770
17803,11,12,1,840
26342,11,12,27083,0
26342,11,12,26713,560
26342,11,12,26343,770
26342,11,12,1,1050
15210,11,12,20023,0
15210,11,12,19283,280
15210,11,12,18913,350
15210,11,12,18543,420
15210,11,12,17803,490
15210,11,12,17433,560
15210,11,12,17063,630
15210,11,12,16323,700
15210,11,12,15953,770
15210,11,12,15213,840
15210,11,12,1,910
19280,11,12,21884,0
19280,11,12,21514,490
19280,11,12,21144,770
19280,11,12,20774,980
19280,11,12,20404,1260
19280,11,12,19664,1330
19280,11,12,19294,1400
19280,11,12,1,1470
22253,11,12,24112,0
22253,11,12,23742,490
22253,11,12,23372,770
22253,11,12,23002,980
22253,11,12,22632,1260
22253,11,12,22262,1470
16316,11,12,21136,0
16316,11,12,20766,490
16316,11,12,20396,700
16316,11,12,20026,770
16316,11,12,19286,840
16316,11,12,18916,910
16316,11,12,18546,980
16316,11,12,17806,1050
16316,11,12,17436,1120
16316,11,12,16696,1190
16316,11,12,16326,1260
16316,11,12,1,1330
19289,11,12,21144,0
19289,11,12,20774,420
19289,11,12,20404,630
19289,11,12,20034,700
19289,11,12,19664,770
19289,11,12,1,840
22262,11,12,24482,0
22262,11,12,24112,490
22262,11,12,23742,700
22262,11,12,23372,980
22262,11,12,23002,1190
22262,11,12,22632,1470
16325,11,12,20026,0
16325,11,12,19656,280
16325,11,12,18916,350
16325,11,12,18546,420
16325,11,12,17806,490
16325,11,12,17436,560
16325,11,12,16696,630
16325,11,12,16326,700
16325,11,12,1,770
19651,11,12,22255,0
19651,11,12,21885,350
19651,11,12,21515,630
19651,11,12,21145,840
19651,11,12,20775,1120
19651,11,12,20405,1330
19651,11,12,20035,1400
19651,11,12,1,1470
20757,11,12,22628,0
20757,11,12,22258,350
20757,11,12,21888,630
20757,11,12,21518,840
20757,11,12,21148,1120
20757,11,12,20778,1330
16687,11,12,21137,0
16687,11,12,20767,490
16687,11,12,20397,700
16687,11,12,20027,770
16687,11,12,19287,840
16687,11,12,18917,910
16687,11,12,18177,980
16687,11,12,17807,1050
16687,11,12,17437,1120
16687,11,12,16697,1190
16687,11,12,1,1260
27453,11,12,29306,0
27453,11,12,28936,420
27453,11,12,28566,630
27453,11,12,28196,910
27453,11,12,27826,1120
27453,11,12,27456,1400
20766,11,12,21888,0
20766,11,12,21518,560
20766,11,12,21148,840
20766,11,12,20778,1050
20766,11,12,1,1330
16696,11,12,19657,0
16696,11,12,18917,350
16696,11,12,18547,420
16696,11,12,17807,490
16696,11,12,17437,560
16696,11,12,16697,630
16696,11,12,1,700
31532,11,12,33017,0
31532,11,12,32647,560
31532,11,12,32277,840
31532,11,12,31907,1050
31532,11,12,31537,1330
21878,11,12,23741,0
21878,11,12,23371,420
21878,11,12,23001,630
21878,11,12,22631,910
21878,11,12,22261,1120
21878,11,12,21891,1400
35617,12,13,36358,0
35617,12,13,35988,420
35617,12,13,35618,630
35617,12,13,1,910
21887,12,13,23371,0
21887,12,13,23001,560
21887,12,13,22631,840
21887,12,13,22261,1050
21887,12,13,21891,1330
25966,12,13,27822,0
25966,12,13,27452,420
25966,12,13,27082,700
25966,12,13,26712,980
25966,12,13,26342,1190
25966,12,13,25972,1470
28939,12,13,29680,0
28939,12,13,29310,490
28939,12,13,28940,700
28939,12,13,1,980
17798,12,13,21510,0
17798,12,13,21140,350
17798,12,13,20770,630
17798,12,13,20400,840
17798,12,13,20030,910
17798,12,13,19290,980
17798,12,13,18920,1050
17798,12,13,18180,1120
17798,12,13,17810,1190
17798,12,13,1,1260
17807,12,13,20770,0
17807,12,13,20400,420
17807,12,13,20030,490
17807,12,13,19290,560
17807,12,13,18920,630
17807,12,13,18550,700
17807,12,13,17810,770
17807,12,13,1,840
34130,12,13,35984,0
34130,12,13,35614,420
34130,12,13,35244,700
34130,12,13,34874,910
34130,12,13,34504,1190
34130,12,13,34134,1400
23373,12,13,24855,0
23373,12,13,24485,560
23373,12,13,24115,770
23373,12,13,23745,1050
23373,12,13,23375,1330
30050,12,13,31533,0
30050,12,13,31163,560
30050,12,13,30793,840
30050,12,13,30423,1050
30050,12,13,30053,1330
19284,12,13,21884,0
19284,12,13,21514,350
19284,12,13,21144,560
19284,12,13,20774,840
19284,12,13,20404,1050
19284,12,13,20034,1120
19284,12,13,19664,1190
19284,12,13,1,1260
16320,12,13,20766,0
16320,12,13,20396,280
16320,12,13,20026,350
16320,12,13,19656,420
16320,12,13,19286,490
16320,12,13,18546,560
16320,12,13,18176,630
16320,12,13,17436,700
16320,12,13,17066,770
16320,12,13,16696,840
16320,12,13,1,910
19293,12,13,20774,0
19293,12,13,20404,490
19293,12,13,20034,560
19293,12,13,19294,630
19293,12,13,1,700
24484,12,13,26338,0
24484,12,13,25968,560
24484,12,13,25598,770
24484,12,13,25228,1050
24484,12,13,24858,1260
20761,12,13,22258,0
20761,12,13,21888,490
20761,12,13,21518,770
20761,12,13,21148,980
20761,12,13,20778,1260
34500,12,13,36355,0
34500,12,13,35985,420
34500,12,13,35615,630
34500,12,13,35245,910
34500,12,13,34875,1120
34500,12,13,34505,1400
31536,12,13,32277,0
31536,12,13,31907,420
31536,12,13,31537,630
31536,12,13,1,910
20395,12,13,21887,0
20395,12,13,21517,490
20395,12,13,21147,770
20395,12,13,20777,980
20395,12,13,20407,1260
20395,12,13,1,1330
21873,12,13,23741,0
21873,12,13,23371,420
21873,12,13,23001,630
21873,12,13,22631,910
21873,12,13,22261,1120
21873,12,13,21891,1400
20404,12,13,21517,0
20404,12,13,21147,350
20404,12,13,20777,560
20404,12,13,20407,840
20404,12,13,1,910
35612,12,13,37468,0
35612,12,13,37098,420
35612,12,13,36728,700
35612,12,13,36358,910
35612,12,13,35988,1190
35612,12,13,35618,1400
32648,12,13,34130,0
32648,12,13,33760,350
32648,12,13,33390,630
32648,12,13,33020,840
32648,12,13,32650,1120
32648,12,13,1,1330
21882,12,13,23741,0
21882,12,13,23371,420
21882,12,13,23001,630
21882,12,13,22631,910
21882,12,13,22261,1120
21882,12,13,21891,1400
24855,12,13,26709,0
24855,12,13,26339,490
24855,12,13,25969,770
24855,12,13,25599,1050
24855,12,13,25229,1260
21891,12,13,24111,0
21891,12,13,23741,350
21891,12,13,23371,630
21891,12,13,23001,840
21891,12,13,22631,1120
21891,12,13,22261,1400
36727,12,13,38211,0
36727,12,13,37841,560
36727,12,13,37471,840
36727,12,13,37101,1050
36727,12,13,36731,1330
28934,12,13,30420,0
28934,12,13,30050,490
28934,12,13,29680,770
28934,12,13,29310,980
28934,12,13,28940,1260
28934,12,13,1,1470
25970,12,13,27452,0
25970,12,13,27082,490
25970,12,13,26712,700
25970,12,13,26342,980
25970,12,13,25972,1190
25970,12,13,1,1470
17802,12,13,21510,0
17802,12,13,21140,350
17802,12,13,20770,560
17802,12,13,20400,840
17802,12,13,19660,910
17802,12,13,19290,980
17802,12,13,18920,1050
17802,12,13,18180,1120
17802,12,13,17810,1190
17802,12,13,1,1260
28568,12,13,29309,0
28568,12,13,28939,490
28568,12,13,28569,700
28568,12,13,1,980
37098,12,13,38952,0
37098,12,13,38582,350
37098,12,13,38212,630
37098,12,13,37842,840
37098,12,13,37472,1120
37098,12,13,37102,1330
34134,12,13,36354,0
34134,12,13,35984,350
34134,12,13,35614,630
34134,12,13,35244,840
34134,12,13,34874,1120
34134,12,13,34504,1330
23002,12,13,24484,0
23002,12,13,24114,490
23002,12,13,23744,770
23002,12,13,23374,980
23002,12,13,23004,1260
15209,12,13,20023,0
15209,12,13,19653,280
15209,12,13,19283,350
15209,12,13,18543,420
15209,12,13,18173,490
15209,12,13,17433,560
15209,12,13,17063,630
15209,12,13,16693,700
15209,12,13,15953,770
15209,12,13,15583,840
15209,12,13,1,910
19279,12,13,21884,0
19279,12,13,21514,490
19279,12,13,21144,770
19279,12,13,20774,980
19279,12,13,20404,1260
19279,12,13,19664,1330
19279,12,13,19294,1400
19279,12,13,1,1470
27081,12,13,28935,0
27081,12,13,28565,490
27081,12,13,28195,700
27081,12,13,27825,980
27081,12,13,27455,1190
27081,12,13,27085,1470
19288,12,13,21144,0
19288,12,13,20774,420
19288,12,13,20034,700
19288,12,13,19664,770
19288,12,13,1,840
16324,12,13,20396,0
16324,12,13,19656,280
16324,12,13,19286,350
16324,12,13,18916,420
16324,12,13,18546,490
16324,12,13,17806,560
16324,12,13,17436,630
16324,12,13,16696,700
16324,12,13,16326,770
16324,12,13,1,840
18922,12,13,20773,0
18922,12,13,20033,490
18922,12,13,19663,560
18922,12,13,18923,630
18922,12,13,1,700
35245,12,13,36727,0
35245,12,13,36357,350
35245,12,13,35987,560
35245,12,13,35617,840
35245,12,13,35247,1120
35245,12,13,1,1330
27452,12,13,29306,0
27452,12,13,28936,490
27452,12,13,28566,770
27452,12,13,28196,980
27452,12,13,27826,1260
27452,12,13,27456,1470
24488,12,13,26708,0
24488,12,13,26338,490
24488,12,13,25968,700
24488,12,13,25598,980
24488,12,13,25228,1190
24488,12,13,24858,1470
31531,12,13,33017,0
31531,12,13,32647,560
31531,12,13,32277,840
31531,12,13,31907,1050
31531,12,13,31537,1330
20390,12,13,22257,0
20390,12,13,21887,420
20390,12,13,21517,700
20390,12,13,21147,980
20390,12,13,20777,1190
20390,12,13,1,1470
20399,12,13,21887,0
20399,12,13,21517,490
20399,12,13,21147,770
20399,12,13,20777,980
20399,12,13,20407,1260
20399,12,13,1,1330
17435,12,13,20769,0
17435,12,13,20399,350
17435,12,13,20029,420
17435,12,13,19659,490
17435,12,13,18919,560
17435,12,13,18549,630
17435,12,13,17809,700
17435,12,13,17439,770
17435,12,13,1,840
21877,12,13,23741,0
21877,12,13,23371,490
21877,12,13,23001,700
21877,12,13,22631,980
21877,12,13,22261,1190
21877,12,13,21891,1470
35616,12,13,37098,0
35616,12,13,36728,350
35616,12,13,36358,560
35616,12,13,35988,840
35616,12,13,35618,1120
35616,12,13,1,1330
21886,12,13,23371,0
21886,12,13,23001,560
21886,12,13,22631,770
21886,12,13,22261,1050
21886,12,13,21891,1260
28563,12,13,30049,0
28563,12,13,29679,490
28563,12,13,29309,770
28563,12,13,28939,1050
28563,12,13,28569,1260
25599,12,13,27081,0
25599,12,13,26711,490
25599,12,13,26341,700
25599,12,13,25971,980
25599,12,13,25601,1190
25599,12,13,1,1470
17806,12,13,20770,0
17806,12,13,20030,490
17806,12,13,19660,560
17806,12,13,18920,630
17806,12,13,18550,700
17806,12,13,18180,770
17806,12,13,1,840
29678,12,13,31532,0
29678,12,13,31162,420
29678,12,13,30792,630
29678,12,13,30422,910
29678,12,13,30052,1120
29678,12,13,29682,1400
14842,12,13,21872,0
14842,12,13,21502,280
14842,12,13,21132,560
14842,12,13,20762,770
14842,12,13,20022,1050
14842,12,13,19652,1120
14842,12,13,19282,1190
14842,12,13,18542,1260
14842,12,13,18172,1330
14842,12,13,17432,1400
14842,12,13,17062,1470
34129,12,13,35984,0
34129,12,13,35614,420
34129,12,13,35244,630
34129,12,13,34874,910
34129,12,13,34504,1120
34129,12,13,34134,1400
20033,12,13,21146,0
20033,12,13,20776,560
20033,12,13,20406,770
20033,12,13,20036,840
20033,12,13,1,910
30049,12,13,31903,0
30049,12,13,31533,420
30049,12,13,31163,700
30049,12,13,30793,910
30049,12,13,30423,1190
30049,12,13,30053,1400
16319,12,13,20766,0
16319,12,13,20396,280
16319,12,13,20026,350
16319,12,13,19656,420
16319,12,13,19286,490
16319,12,13,18546,560
16319,12,13,18176,630
16319,12,13,17436,700
16319,12,13,17066,770
16319,12,13,16696,840
16319,12,13,1,910
27085,12,13,29305,0
27085,12,13,28935,420
27085,12,13,28565,700
27085,12,13,28195,910
27085,12,13,27825,1190
27085,12,13,27455,1400
18917,12,13,21143,0
18917,12,13,20773,350
18917,12,13,20403,630
18917,12,13,19663,700
18917,12,13,19293,770
18917,12,13,1,840
15953,12,13,20025,0
15953,12,13,19285,350
15953,12,13,18545,420
15953,12,13,18175,490
15953,12,13,17435,560
15953,12,13,17065,630
15953,12,13,16695,700
15953,12,13,15955,770
15953,12,13,1,840
24483,12,13,26338,0
24483,12,13,25968,420
24483,12,13,25598,700
24483,12,13,25228,910
24483,12,13,24858,1190
24483,12,13,24488,1470
20394,12,13,21887,0
20394,12,13,21517,490
20394,12,13,21147,770
20394,12,13,20777,980
20394,12,13,20407,1260
20394,12,13,1,1330
21872,12,13,23741,0
21872,12,13,23371,420
21872,12,13,23001,630
21872,12,13,22631,910
21872,12,13,22261,1120
21872,12,13,21891,1400
17430,12,13,21509,0
17430,12,13,21139,210
17430,12,13,20769,490
17430,12,13,20399,770
17430,12,13,19659,840
17430,12,13,19289,910
17430,12,13,18549,980
17430,12,13,18179,1050
17430,12,13,17809,1120
17430,12,13,1,1190
20403,12,13,21517,0
20403,12,13,21147,350
20403,12,13,20777,630
20403,12,13,20407,840
20403,12,13,1,910
32647,12,13,34130,0
32647,12,13,33760,490
32647,12,13,33390,770
32647,12,13,33020,1050
32647,12,13,32650,1260
17439,12,13,22249,0
17439,12,13,21879,280
17439,12,13,21509,490
17439,12,13,21139,770
17439,12,13,20769,1050
17439,12,13,20399,1260
17439,12,13,20029,1330
17439,12,13,19289,1400
17439,12,13,18919,1470
21881,12,13,23371,0
21881,12,13,23001,420
21881,12,13,22631,630
21881,12,13,22261,910
21881,12,13,21891,1120
21881,12,13,1,1400
36726,12,13,38211,0
36726,12,13,37841,560
36726,12,13,37471,770
36726,12,13,37101,1050
36726,12,13,36731,1260
28567,12,13,30049,0
28567,12,13,29679,420
28567,12,13,29309,630
28567,12,13,28939,910
28567,12,13,28569,1120
28567,12,13,1,1400
17801,12,13,21510,0
17801,12,13,21140,350
17801,12,13,20770,630
17801,12,13,20400,840
17801,12,13,20030,910
17801,12,13,19290,980
17801,12,13,18920,1050
17801,12,13,18180,1120
17801,12,13,17810,1190
17801,12,13,1,1260
14837,12,13,19652,0
14837,12,13,19282,280
14837,12,13,18912,350
14837,12,13,18172,420
14837,12,13,17802,490
14837,12,13,17062,560
14837,12,13,16692,630
14837,12,13,16322,700
14837,12,13,15582,770
14837,12,13,15212,840
14837,12,13,1,910
29682,12,13,31902,0
29682,12,13,31532,350
29682,12,13,31162,630
29682,12,13,30792,840
29682,12,13,30422,1120
29682,12,13,30052,1400
20028,12,13,21886,0
20028,12,13,21516,490
20028,12,13,21146,700
20028,12,13,20776,980
20028,12,13,20406,1190
20028,12,13,20036,1260
20028,12,13,1,1330
23001,12,13,24854,0
23001,12,13,24484,490
23001,12,13,24114,700
23001,12,13,23744,980
23001,12,13,23374,1190
23001,12,13,23004,1470
27080,12,13,28565,0
27080,12,13,28195,560
27080,12,13,27825,840
27080,12,13,27455,1050
27080,12,13,27085,1330
18912,12,13,21883,0
18912,12,13,21513,280
18912,12,13,21143,560
18912,12,13,20773,770
18912,12,13,20403,1050
18912,12,13,19663,1120
18912,12,13,19293,1190
18912,12,13,18923,1260
18912,12,13,1,1330
15948,12,13,20765,0
15948,12,13,20395,280
15948,12,13,20025,350
15948,12,13,19285,420
15948,12,13,18915,490
15948,12,13,18545,560
15948,12,13,17805,630
15948,12,13,17435,700
15948,12,13,16695,770
15948,12,13,16325,840
15948,12,13,15955,910
15948,12,13,1,980
18921,12,13,21143,0
18921,12,13,20773,280
18921,12,13,20403,490
18921,12,13,20033,560
18921,12,13,19663,630
18921,12,13,18923,700
18921,12,13,1,770
31165,12,13,31906,0
31165,12,13,31536,420
31165,12,13,31166,700
31165,12,13,1,910
35244,12,13,36727,0
35244,12,13,36357,560
35244,12,13,35987,840
35244,12,13,35617,1050
35244,12,13,35247,1330
20389,12,13,22257,0
20389,12,13,21887,420
20389,12,13,21517,700
20389,12,13,21147,980
20389,12,13,20777,1190
20389,12,13,1,1470
20398,12,13,21887,0
20398,12,13,21517,490
20398,12,13,21147,770
20398,12,13,20777,980
20398,12,13,20407,1260
20398,12,13,1,1330
17434,12,13,20769,0
17434,12,13,20399,350
17434,12,13,20029,420
17434,12,13,19659,490
17434,12,13,18919,560
17434,12,13,18549,630
17434,12,13,17809,700
17434,12,13,17439,770
17434,12,13,1,840
21876,12,13,23741,0
21876,12,13,23371,490
21876,12,13,23001,700
21876,12,13,22631,980
21876,12,13,22261,1190
21876,12,13,21891,1470
35615,12,13,37098,0
35615,12,13,36728,560
35615,12,13,36358,840
35615,12,13,35988,1050
35615,12,13,35618,1330
21510,12,13,23000,0
21510,12,13,22630,490
21510,12,13,22260,770
21510,12,13,21890,1050
21510,12,13,21520,1260
21519,12,13,22260,0
21519,12,13,21890,420
21519,12,13,21520,700
21519,12,13,1,910
22625,12,13,24853,0
22625,12,13,24483,350
22625,12,13,24113,630
22625,12,13,23743,840
22625,12,13,23373,1120
22625,12,13,23003,1400
25598,12,13,27451,0
25598,12,13,27081,350
25598,12,13,26711,630
25598,12,13,26341,910
25598,12,13,25971,1120
25598,12,13,25601,1400
29677,12,13,31162,0
29677,12,13,30792,490
29677,12,13,30422,770
29677,12,13,30052,1050
29677,12,13,29682,1260
20023,12,13,21886,0
20023,12,13,21516,420
20023,12,13,21146,700
20023,12,13,20776,980
20023,12,13,20406,1190
20023,12,13,20036,1260
20023,12,13,1,1330
33762,12,13,34503,0
33762,12,13,34133,420
33762,12,13,33763,700
33762,12,13,1,910
20032,12,13,21516,0
20032,12,13,21146,350
20032,12,13,20776,560
20032,12,13,20036,840
20032,12,13,1,910
27084,12,13,27825,0
27084,12,13,27455,560
27084,12,13,27085,770
27084,12,13,1,1050
18916,12,13,21143,0
18916,12,13,20773,350
18916,12,13,20403,630
18916,12,13,19663,700
18916,12,13,19293,770
18916,12,13,1,840
15952,12,13,20765,0
15952,12,13,20025,280
15952,12,13,19655,350
15952,12,13,19285,420
15952,12,13,18545,490
15952,12,13,18175,560
15952,12,13,17805,630
15952,12,13,17065,700
15952,12,13,16695,770
15952,12,13,15955,840
15952,12,13,1,910
31160,12,13,33016,0
31160,12,13,32646,350
31160,12,13,32276,630
31160,12,13,31906,840
31160,12,13,31536,1120
31160,12,13,31166,1330
32275,12,13,34129,0
32275,12,13,33759,350
32275,12,13,33389,630
32275,12,13,33019,840
32275,12,13,32649,1120
32275,12,13,32279,1400
24116,12,13,25227,0
24116,12,13,24857,420
24116,12,13,24487,630
24116,12,13,24117,840
24116,12,13,1,1120
20393,12,13,22257,0
20393,12,13,21887,420
20393,12,13,21517,700
20393,12,13,21147,980
20393,12,13,20777,1190
20393,12,13,1,1470
28195,12,13,30048,0
28195,12,13,29678,350
28195,12,13,29308,630
28195,12,13,28938,840
28195,12,13,28568,1120
28195,12,13,28198,1330
17429,12,13,21509,0
17429,12,13,21139,280
17429,12,13,20769,560
17429,12,13,20399,770
17429,12,13,20029,840
17429,12,13,19659,910
17429,12,13,18919,980
17429,12,13,18549,1050
17429,12,13,17809,1120
17429,12,13,17439,1190
17429,12,13,1,1260
32646,12,13,34500,0
32646,12,13,34130,350
32646,12,13,33760,630
32646,12,13,33390,840
32646,12,13,33020,1120
32646,12,13,32650,1400
17438,12,13,20399,0
17438,12,13,20029,280
17438,12,13,19289,350
17438,12,13,18919,420
17438,12,13,18179,490
17438,12,13,17809,560
17438,12,13,1,630
21505,12,13,23000,0
21505,12,13,22630,420
21505,12,13,22260,630
21505,12,13,21890,910
21505,12,13,21520,1120
21505,12,13,1,1400
18541,12,13,21512,0
18541,12,13,21142,490
18541,12,13,20772,770
18541,12,13,20402,980
18541,12,13,20032,1050
18541,12,13,19292,1120
18541,12,13,18922,1190
18541,12,13,18552,1260
18541,12,13,1,1330
21514,12,13,23000,0
21514,12,13,22630,560
21514,12,13,22260,770
21514,12,13,21890,1050
21514,12,13,21520,1260
18550,12,13,20772,0
18550,12,13,20032,490
18550,12,13,19662,560
18550,12,13,19292,630
18550,12,13,18552,700
18550,12,13,1,770
36359,12,13,36730,0
36359,12,13,36360,560
36359,12,13,1,840
28566,12,13,30049,0
28566,12,13,29679,560
28566,12,13,29309,840
28566,12,13,28939,1050
28566,12,13,28569,1330
22629,12,13,24483,0
22629,12,13,24113,560
22629,12,13,23743,770
22629,12,13,23373,1050
22629,12,13,23003,1260
29681,12,13,30422,0
29681,12,13,30052,490
29681,12,13,29682,700
29681,12,13,1,980
14470,12,13,17431,0
14470,12,13,16691,280
14470,12,13,16321,350
14470,12,13,15951,420
14470,12,13,15581,490
14470,12,13,14841,560
14470,12,13,14471,630
14470,12,13,1,700
33757,12,13,35613,0
33757,12,13,35243,420
33757,12,13,34873,700
33757,12,13,34503,910
33757,12,13,34133,1190
33757,12,13,33763,1400
30793,12,13,32275,0
30793,12,13,31905,490
30793,12,13,31535,700
30793,12,13,31165,980
30793,12,13,30795,1190
30793,12,13,1,1470
20027,12,13,21886,0
20027,12,13,21516,490
20027,12,13,21146,700
20027,12,13,20776,980
20027,12,13,20406,1190
20027,12,13,20036,1260
20027,12,13,1,1330
23000,12,13,24854,0
23000,12,13,24484,560
23000,12,13,24114,770
23000,12,13,23744,1050
23000,12,13,23374,1260
20036,12,13,22626,0
20036,12,13,22256,490
20036,12,13,21886,700
20036,12,13,21516,980
20036,12,13,21146,1190
20036,12,13,20776,1470
34872,12,13,36726,0
34872,12,13,36356,420
34872,12,13,35986,700
34872,12,13,35616,910
34872,12,13,35246,1190
34872,12,13,34876,1400
18911,12,13,21513,0
18911,12,13,21143,490
18911,12,13,20773,770
18911,12,13,20403,980
18911,12,13,20033,1050
18911,12,13,19293,1120
18911,12,13,18923,1190
18911,12,13,1,1260
15947,12,13,21135,0
15947,12,13,20765,420
15947,12,13,20395,630
15947,12,13,20025,700
15947,12,13,19285,770
15947,12,13,18915,840
15947,12,13,18545,910
15947,12,13,17805,980
15947,12,13,17435,1050
15947,12,13,16695,1120
15947,12,13,16325,1190
15947,12,13,15955,1260
15947,12,13,1,1330
26713,12,13,27454,0
26713,12,13,27084,560
26713,12,13,26714,770
26713,12,13,1,1050
18920,12,13,21143,0
18920,12,13,20773,350
18920,12,13,20403,560
18920,12,13,20033,630
18920,12,13,19663,700
18920,12,13,18923,770
18920,12,13,1,840
31164,12,13,32646,0
31164,12,13,32276,350
31164,12,13,31906,630
31164,12,13,31536,840
31164,12,13,31166,1120
31164,12,13,1,1330
35243,12,13,37097,0
35243,12,13,36727,420
35243,12,13,36357,630
35243,12,13,35987,910
35243,12,13,35617,1190
35243,12,13,35247,1400
32279,12,13,34499,0
32279,12,13,34129,350
32279,12,13,33759,630
32279,12,13,33389,840
32279,12,13,33019,1120
32279,12,13,32649,1330
17068,12,13,21878,0
17068,12,13,21508,490
17068,12,13,21138,700
17068,12,13,20768,980
17068,12,13,20398,1190
17068,12,13,20028,1260
17068,12,13,19658,1330
17068,12,13,18918,1400
17068,12,13,18548,1470
24111,12,13,25967,0
24111,12,13,25597,420
24111,12,13,25227,700
24111,12,13,24857,910
24111,12,13,24487,1190
24111,12,13,24117,1470
21147,12,13,21889,0
21147,12,13,21519,420
21147,12,13,21149,700
21147,12,13,1,910
25226,12,13,27080,0
25226,12,13,26710,420
25226,12,13,26340,700
25226,12,13,25970,980
25226,12,13,25600,1190
25226,12,13,25230,1470
21500,12,13,23370,0
21500,12,13,23000,490
21500,12,13,22630,700
21500,12,13,22260,980
21500,12,13,21890,1190
21500,12,13,21520,1470
21509,12,13,23000,0
21509,12,13,22630,420
21509,12,13,22260,700
21509,12,13,21890,910
21509,12,13,21520,1190
21509,12,13,1,1400
18545,12,13,21142,0
18545,12,13,20772,280
18545,12,13,20402,560
18545,12,13,20032,630
18545,12,13,19292,700
18545,12,13,18922,770
18545,12,13,1,840
21518,12,13,23000,0
21518,12,13,22630,420
21518,12,13,22260,630
21518,12,13,21890,840
21518,12,13,21520,1120
21518,12,13,1,1400
36354,12,13,38210,0
36354,12,13,37840,350
36354,12,13,37470,630
36354,12,13,37100,840
36354,12,13,36730,1120
36354,12,13,36360,1330
15581,12,13,20394,0
15581,12,13,19654,280
15581,12,13,19284,350
15581,12,13,18914,420
15581,12,13,18174,490
15581,12,13,17804,560
15581,12,13,17434,630
15581,12,13,16694,700
15581,12,13,16324,770
15581,12,13,15584,840
15581,12,13,1,910
33390,12,13,34872,0
33390,12,13,34502,350
33390,12,13,34132,630
33390,12,13,33762,840
33390,12,13,33392,1120
33390,12,13,1,1330
22624,12,13,24853,0
22624,12,13,24483,350
22624,12,13,24113,630
22624,12,13,23743,840
22624,12,13,23373,1120
22624,12,13,23003,1330
25597,12,13,27451,0
25597,12,13,27081,490
25597,12,13,26711,700
25597,12,13,26341,980
25597,12,13,25971,1190
25597,12,13,25601,1470
22633,12,13,24853,0
22633,12,13,24483,490
22633,12,13,24113,770
22633,12,13,23743,980
22633,12,13,23373,1260
22633,12,13,23003,1470
37469,12,13,39323,0
37469,12,13,38953,350
37469,12,13,38583,630
37469,12,13,38213,840
37469,12,13,37843,1120
37469,12,13,37473,1330
20022,12,13,22256,0
20022,12,13,21886,420
20022,12,13,21516,630
20022,12,13,21146,910
20022,12,13,20776,1120
20022,12,13,20406,1400
20022,12,13,20036,1470
33761,12,13,35243,0
33761,12,13,34873,350
33761,12,13,34503,630
33761,12,13,34133,840
33761,12,13,33763,1120
33761,12,13,1,1330
27824,12,13,29677,0
27824,12,13,29307,350
27824,12,13,28937,630
27824,12,13,28567,910
27824,12,13,28197,1120
27824,12,13,27827,1400
20031,12,13,21516,0
20031,12,13,21146,350
20031,12,13,20776,560
20031,12,13,20036,840
20031,12,13,1,910
34876,12,13,37096,0
34876,12,13,36726,350
34876,12,13,36356,630
34876,12,13,35986,840
34876,12,13,35616,1120
34876,12,13,35246,1330
26708,12,13,28564,0
26708,12,13,28194,420
26708,12,13,27824,630
26708,12,13,27454,910
26708,12,13,27084,1120
26708,12,13,26714,1400
23744,12,13,25226,0
23744,12,13,24856,560
23744,12,13,24486,840
23744,12,13,24116,1050
23744,12,13,23746,1330
15951,12,13,20765,0
15951,12,13,20395,280
15951,12,13,20025,350
15951,12,13,19285,420
15951,12,13,18915,490
15951,12,13,18175,560
15951,12,13,17805,630
15951,12,13,17435,700
15951,12,13,16695,770
15951,12,13,16325,840
15951,12,13,1,910
32274,12,13,34129,0
32274,12,13,33759,350
32274,12,13,33389,560
32274,12,13,33019,840
32274,12,13,32649,1120
32274,12,13,32279,1330
17063,12,13,20768,0
17063,12,13,20398,280
17063,12,13,20028,350
17063,12,13,19658,420
17063,12,13,19288,490
17063,12,13,18548,560
17063,12,13,18178,630
17063,12,13,17438,700
17063,12,13,17068,770
17063,12,13,1,840
21133,12,13,22999,0
21133,12,13,22629,420
21133,12,13,22259,630
21133,12,13,21889,840
21133,12,13,21519,1120
21133,12,13,21149,1330
21142,12,13,22629,0
21142,12,13,22259,350
21142,12,13,21889,630
21142,12,13,21519,840
21142,12,13,21149,1120
21142,12,13,1,1400
24115,12,13,25597,0
24115,12,13,25227,560
24115,12,13,24857,770
24115,12,13,24487,1050
24115,12,13,24117,1330
18178,12,13,20771,0
18178,12,13,20401,490
18178,12,13,19661,560
18178,12,13,19291,630
18178,12,13,18921,700
18178,12,13,18181,770
18178,12,13,1,840
35987,12,13,37099,0
35987,12,13,36729,560
35987,12,13,36359,840
35987,12,13,35989,1050
35987,12,13,1,1330
28194,12,13,30048,0
28194,12,13,29678,420
28194,12,13,29308,700
28194,12,13,28938,910
28194,12,13,28568,1190
28194,12,13,28198,1400
25230,12,13,27450,0
25230,12,13,27080,420
25230,12,13,26710,630
25230,12,13,26340,910
25230,12,13,25970,1120
25230,12,13,25600,1400
21504,12,13,23370,0
21504,12,13,23000,420
21504,12,13,22630,630
21504,12,13,22260,910
21504,12,13,21890,1120
21504,12,13,21520,1400
29306,12,13,30791,0
29306,12,13,30421,490
29306,12,13,30051,770
29306,12,13,29681,980
29306,12,13,29311,1260
18540,12,13,21512,0
18540,12,13,21142,420
18540,12,13,20772,700
18540,12,13,20032,980
18540,12,13,19662,1050
18540,12,13,18922,1120
18540,12,13,18552,1190
18540,12,13,1,1260
21513,12,13,23000,0
21513,12,13,22630,560
21513,12,13,22260,770
21513,12,13,21890,1050
21513,12,13,21520,1260
18549,12,13,21142,0
18549,12,13,20772,280
18549,12,13,20032,560
18549,12,13,19662,630
18549,12,13,19292,700
18549,12,13,18552,770
18549,12,13,1,840
36358,12,13,37470,0
36358,12,13,37100,490
36358,12,13,36730,770
36358,12,13,36360,980
36358,12,13,1,1260
30421,12,13,31904,0
30421,12,13,31534,560
30421,12,13,31164,840
30421,12,13,30794,1050
30421,12,13,30424,1330
22628,12,13,24483,0
22628,12,13,24113,490
22628,12,13,23743,770
22628,12,13,23373,1050
22628,12,13,23003,1260
14469,12,13,17801,0
14469,12,13,17431,280
14469,12,13,17061,350
14469,12,13,16321,420
14469,12,13,15951,490
14469,12,13,15211,560
14469,12,13,14841,630
14469,12,13,14471,700
14469,12,13,1,770
20017,12,13,21886,0
20017,12,13,21516,560
20017,12,13,21146,840
20017,12,13,20776,1050
20017,12,13,20036,1330
20017,12,13,1,1400
20026,12,13,21886,0
20026,12,13,21516,490
20026,12,13,21146,770
20026,12,13,20776,980
20026,12,13,20036,1260
20026,12,13,1,1330
30792,12,13,32645,0
30792,12,13,32275,420
30792,12,13,31905,630
30792,12,13,31535,910
30792,12,13,31165,1120
30792,12,13,30795,1400
34871,12,13,36726,0
34871,12,13,36356,420
34871,12,13,35986,630
34871,12,13,35616,910
34871,12,13,35246,1120
34871,12,13,34876,1400
19660,12,13,21145,0
19660,12,13,20775,490
19660,12,13,20405,770
19660,12,13,19665,840
19660,12,13,1,910
26712,12,13,28194,0
26712,12,13,27824,490
26712,12,13,27454,700
26712,12,13,27084,980
26712,12,13,26714,1190
26712,12,13,1,1470
20775,12,13,21518,0
20775,12,13,21148,350
20775,12,13,20778,630
20775,12,13,1,910
21128,12,13,22999,0
21128,12,13,22629,420
21128,12,13,22259,630
21128,12,13,21889,840
21128,12,13,21519,1120
21128,12,13,21149,1400
17058,12,13,21138,0
17058,12,13,20768,490
17058,12,13,20028,770
17058,12,13,19658,840
17058,12,13,19288,910
17058,12,13,18548,980
17058,12,13,18178,1050
17058,12,13,17438,1120
17058,12,13,17068,1190
17058,12,13,1,1260
31903,12,13,33388,0
31903,12,13,33018,560
31903,12,13,32648,840
31903,12,13,32278,1050
31903,12,13,31908,1330
17067,12,13,20028,0
17067,12,13,19658,280
17067,12,13,18918,350
17067,12,13,18548,420
17067,12,13,17808,490
17067,12,13,17438,560
17067,12,13,1,630
21137,12,13,22629,0
21137,12,13,22259,560
21137,12,13,21889,770
21137,12,13,21519,1050
21137,12,13,21149,1260
18173,12,13,21511,0
18173,12,13,21141,420
18173,12,13,20771,630
18173,12,13,20401,910
18173,12,13,19661,980
18173,12,13,19291,1050
18173,12,13,18551,1120
18173,12,13,18181,1190
18173,12,13,1,1260
21146,12,13,21889,0
21146,12,13,21519,420
21146,12,13,21149,700
21146,12,13,1,910
33018,12,13,34501,0
33018,12,13,34131,560
33018,12,13,33761,840
33018,12,13,33391,1050
33018,12,13,33021,1330
25225,12,13,26710,0
25225,12,13,26340,630
25225,12,13,25970,840
25225,12,13,25600,1120
25225,12,13,25230,1330
21499,12,13,23370,0
21499,12,13,23000,490
21499,12,13,22630,700
21499,12,13,22260,980
21499,12,13,21890,1190
21499,12,13,21520,1470
21508,12,13,23370,0
21508,12,13,23000,420
21508,12,13,22630,630
21508,12,13,22260,840
21508,12,13,21890,1120
21508,12,13,21520,1400
26337,12,13,28193,0
26337,12,13,27823,420
26337,12,13,27453,700
26337,12,13,27083,980
26337,12,13,26713,1190
26337,12,13,26343,1470
29310,12,13,30051,0
29310,12,13,29681,490
29310,12,13,29311,700
29310,12,13,1,980
18544,12,13,21512,0
18544,12,13,21142,420
18544,12,13,20772,700
18544,12,13,20032,980
18544,12,13,19662,1050
18544,12,13,18922,1120
18544,12,13,18552,1190
18544,12,13,1,1260
15580,12,13,20394,0
15580,12,13,20024,280
15580,12,13,19654,350
15580,12,13,18914,420
15580,12,13,18544,490
15580,12,13,17804,560
15580,12,13,17434,630
15580,12,13,17064,700
15580,12,13,16324,770
15580,12,13,15954,840
15580,12,13,1,910
33389,12,13,34872,0
33389,12,13,34502,560
33389,12,13,34132,840
33389,12,13,33762,1050
33389,12,13,33392,1330
37468,12,13,38953,0
37468,12,13,38583,560
37468,12,13,38213,840
37468,12,13,37843,1050
37468,12,13,37473,1330
22257,12,13,24112,0
22257,12,13,23742,490
22257,12,13,23372,770
22257,12,13,23002,980
22257,12,13,22632,1260
27823,12,13,29677,0
27823,12,13,29307,490
27823,12,13,28937,700
27823,12,13,28567,980
27823,12,13,28197,1190
27823,12,13,27827,1470
19655,12,13,21885,0
19655,12,13,21515,420
19655,12,13,21145,700
19655,12,13,20775,910
19655,12,13,20405,1190
19655,12,13,19665,1260
19655,12,13,1,1330
16691,12,13,20767,0
16691,12,13,20397,280
16691,12,13,20027,350
16691,12,13,19657,420
16691,12,13,18917,490
16691,12,13,18547,560
16691,12,13,18177,630
16691,12,13,17437,700
16691,12,13,17067,770
16691,12,13,1,840
19664,12,13,21145,0
19664,12,13,20775,420
19664,12,13,20405,630
19664,12,13,19665,700
19664,12,13,1,770
20770,12,13,21888,0
20770,12,13,21518,560
20770,12,13,21148,840
20770,12,13,20778,1050
20770,12,13,1,1330
23743,12,13,25596,0
23743,12,13,25226,490
23743,12,13,24856,700
23743,12,13,24486,980
23743,12,13,24116,1260
23743,12,13,23746,1470
21132,12,13,22999,0
21132,12,13,22629,420
21132,12,13,22259,630
21132,12,13,21889,840
21132,12,13,21519,1120
21132,12,13,21149,1330
17062,12,13,20768,0
17062,12,13,20398,280
17062,12,13,20028,350
17062,12,13,19658,420
17062,12,13,19288,490
17062,12,13,18548,560
17062,12,13,18178,630
17062,12,13,17438,700
17062,12,13,17068,770
17062,12,13,1,840
18168,12,13,21511,0
18168,12,13,21141,420
18168,12,13,20771,630
18168,12,13,20401,910
18168,12,13,19661,980
18168,12,13,19291,1050
18168,12,13,18551,1120
18168,12,13,18181,1190
18168,12,13,1,1260
14098,12,13,17430,0
14098,12,13,17060,280
14098,12,13,16690,350
14098,12,13,15950,420
14098,12,13,15580,490
14098,12,13,14840,560
14098,12,13,14470,630
14098,12,13,14100,700
14098,12,13,1,770
31907,12,13,32648,0
31907,12,13,32278,420
31907,12,13,31908,630
31907,12,13,1,910
21141,12,13,22629,0
21141,12,13,22259,350
21141,12,13,21889,560
21141,12,13,21519,840
21141,12,13,21149,1050
21141,12,13,1,1330
18177,12,13,21141,0
18177,12,13,20771,280
18177,12,13,20401,490
18177,12,13,20031,560
18177,12,13,19661,630
18177,12,13,18921,700
18177,12,13,18551,770
18177,12,13,1,840
35986,12,13,37469,0
35986,12,13,37099,560
35986,12,13,36729,770
35986,12,13,36359,1050
35986,12,13,35989,1260
29305,12,13,30791,0
29305,12,13,30421,490
29305,12,13,30051,770
29305,12,13,29681,980
29305,12,13,29311,1260
29305,12,13,1,1470
26341,12,13,27823,0
26341,12,13,27453,490
26341,12,13,27083,700
26341,12,13,26713,980
26341,12,13,26343,1190
26341,12,13,1,1470
30420,12,13,32274,0
30420,12,13,31904,420
30420,12,13,31534,700
30420,12,13,31164,910
30420,12,13,30794,1190
30420,12,13,30424,1400
15584,12,13,21874,0
15584,12,13,21504,350
15584,12,13,21134,630
15584,12,13,20764,910
15584,12,13,20394,1120
15584,12,13,20024,1190
15584,12,13,19284,1260
15584,12,13,18914,1330
15584,12,13,18174,1400
15584,12,13,17804,1470
22252,12,13,24112,0
22252,12,13,23742,560
22252,12,13,23372,840
22252,12,13,23002,1050
22252,12,13,22632,1330
22261,12,13,23002,0
22261,12,13,22632,560
22261,12,13,22262,770
22261,12,13,1,1050
27827,12,13,30047,0
27827,12,13,29677,420
27827,12,13,29307,700
27827,12,13,28937,910
27827,12,13,28567,1190
27827,12,13,28197,1470
19650,12,13,22255,0
19650,12,13,21885,350
19650,12,13,21515,630
19650,12,13,21145,840
19650,12,13,20775,1120
19650,12,13,20405,1330
19650,12,13,20035,1400
19650,12,13,19665,1470
19659,12,13,21145,0
19659,12,13,20775,560
19659,12,13,20405,770
19659,12,13,20035,840
19659,12,13,1,910
16695,12,13,20397,0
16695,12,13,20027,280
16695,12,13,19287,350
16695,12,13,18917,420
16695,12,13,18177,490
16695,12,13,17807,560
16695,12,13,17437,630
16695,12,13,16697,700
16695,12,13,1,770
20765,12,13,21888,0
20765,12,13,21518,560
20765,12,13,21148,840
20765,12,13,20778,1050
20765,12,13,1,1330
34504,12,13,35245,0
34504,12,13,34875,420
34504,12,13,34505,700
34504,12,13,1,910
20774,12,13,21518,0
20774,12,13,21148,420
20774,12,13,20778,630
20774,12,13,1,910
21127,12,13,22999,0
21127,12,13,22629,420
21127,12,13,22259,700
21127,12,13,21889,910
21127,12,13,21519,1190
21127,12,13,21149,1400
17057,12,13,21508,0
17057,12,13,21138,210
17057,12,13,20768,490
17057,12,13,20398,770
17057,12,13,19658,840
17057,12,13,19288,910
17057,12,13,18548,980
17057,12,13,18178,1050
17057,12,13,17808,1120
17057,12,13,17068,1190
17057,12,13,1,1260
24859,12,13,27079,0
24859,12,13,26709,490
24859,12,13,26339,700
24859,12,13,25969,980
24859,12,13,25599,1190
24859,12,13,25229,1470
17066,12,13,20398,0
17066,12,13,20028,280
17066,12,13,19288,350
17066,12,13,18918,420
17066,12,13,18548,490
17066,12,13,17808,560
17066,12,13,17438,630
17066,12,13,1,700
31902,12,13,33388,0
31902,12,13,33018,560
31902,12,13,32648,840
31902,12,13,32278,1050
31902,12,13,31908,1330
21136,12,13,22629,0
21136,12,13,22259,490
21136,12,13,21889,770
21136,12,13,21519,1050
21136,12,13,21149,1260
18172,12,13,21511,0
18172,12,13,21141,420
18172,12,13,20771,630
18172,12,13,20401,910
18172,12,13,19661,980
18172,12,13,19291,1050
18172,12,13,18551,1120
18172,12,13,18181,1190
18172,12,13,1,1260
28938,12,13,30420,0
28938,12,13,30050,350
28938,12,13,29680,630
28938,12,13,29310,910
28938,12,13,28940,1120
28938,12,13,1,1400
33017,12,13,34871,0
33017,12,13,34501,420
33017,12,13,34131,700
33017,12,13,33761,910
33017,12,13,33391,1190
33017,12,13,33021,1400
18181,12,13,22251,0
18181,12,13,21881,420
18181,12,13,21511,630
18181,12,13,21141,910
18181,12,13,20771,1190
18181,12,13,20401,1400
18181,12,13,20031,1470
29309,12,13,30791,0
29309,12,13,30421,350
29309,12,13,30051,630
29309,12,13,29681,910
29309,12,13,29311,1120
29309,12,13,1,1400
23372,12,13,25225,0
23372,12,13,24855,490
23372,12,13,24485,770
23372,12,13,24115,980
23372,12,13,23745,1260
23372,12,13,23375,1470
33388,12,13,35242,0
33388,12,13,34872,420
33388,12,13,34502,700
33388,12,13,34132,910
33388,12,13,33762,1190
33388,12,13,33392,1400
30424,12,13,32644,0
30424,12,13,32274,420
30424,12,13,31904,630
30424,12,13,31534,910
30424,12,13,31164,1120
30424,12,13,30794,1400
19283,12,13,21884,0
19283,12,13,21514,350
19283,12,13,21144,630
19283,12,13,20774,840
19283,12,13,20034,1120
19283,12,13,19664,1190
19283,12,13,19294,1260
19283,12,13,1,1330
15213,12,13,21873,0
15213,12,13,21503,350
15213,12,13,21133,560
15213,12,13,20763,840
15213,12,13,20393,1050
15213,12,13,20023,1120
15213,12,13,19653,1190
15213,12,13,18913,1260
15213,12,13,18543,1330
15213,12,13,17803,1400
15213,12,13,17433,1470
22256,12,13,23742,0
22256,12,13,23372,490
22256,12,13,23002,770
22256,12,13,22632,1050
22256,12,13,22262,1260
19292,12,13,21144,0
19292,12,13,20774,350
19292,12,13,20404,560
19292,12,13,20034,630
19292,12,13,19294,700
19292,12,13,1,770
27822,12,13,29677,0
27822,12,13,29307,350
27822,12,13,28937,560
27822,12,13,28567,840
27822,12,13,28197,1120
27822,12,13,27827,1330
19654,12,13,21885,0
19654,12,13,21515,420
19654,12,13,21145,700
19654,12,13,20775,980
19654,12,13,20405,1190
19654,12,13,20035,1260
19654,12,13,1,1330
27456,12,13,29676,0
27456,12,13,29306,420
27456,12,13,28936,700
27456,12,13,28566,980
27456,12,13,28196,1190
27456,12,13,27826,1470
16690,12,13,20767,0
16690,12,13,20397,280
16690,12,13,20027,350
16690,12,13,19657,420
16690,12,13,18917,490
16690,12,13,18547,560
16690,12,13,18177,630
16690,12,13,17437,700
16690,12,13,17067,770
16690,12,13,1,840
19663,12,13,21145,0
19663,12,13,20775,420
19663,12,13,20035,700
19663,12,13,19665,770
19663,12,13,1,840
34499,12,13,36355,0
34499,12,13,35985,420
34499,12,13,35615,700
34499,12,13,35245,910
34499,12,13,34875,1190
34499,12,13,34505,1400
20760,12,13,22258,0
20760,12,13,21888,490
20760,12,13,21518,770
20760,12,13,21148,980
20760,12,13,20778,1260
20769,12,13,21888,0
20769,12,13,21518,560
20769,12,13,21148,770
20769,12,13,20778,1050
20769,12,13,1,1330
31535,12,13,32647,0
31535,12,13,32277,560
31535,12,13,31907,840
31535,12,13,31537,1050
31535,12,13,1,1330
23742,12,13,25596,0
23742,12,13,25226,560
23742,12,13,24856,840
23742,12,13,24486,1050
23742,12,13,24116,1330
20778,12,13,22628,0
20778,12,13,22258,560
20778,12,13,21888,840
20778,12,13,21518,1050
20778,12,13,21148,1330
24854,12,13,26709,0
24854,12,13,26339,420
24854,12,13,25969,700
24854,12,13,25599,910
24854,12,13,25229,1190
24854,12,13,24859,1400
17061,12,13,20768,0
17061,12,13,20398,280
17061,12,13,20028,350
17061,12,13,19658,420
17061,12,13,19288,490
17061,12,13,18548,560
17061,12,13,18178,630
17061,12,13,17438,700
17061,12,13,17068,770
17061,12,13,1,840
21890,12,13,22631,0
21890,12,13,22261,420
21890,12,13,21891,700
21890,12,13,1,980
21131,12,13,22629,0
21131,12,13,22259,420
21131,12,13,21889,630
21131,12,13,21519,910
21131,12,13,21149,1120
21131,12,13,1,1400
18167,12,13,21881,0
18167,12,13,21511,350
18167,12,13,21141,630
18167,12,13,20771,840
18167,12,13,20031,1120
18167,12,13,19661,1190
18167,12,13,19291,1260
18167,12,13,18551,1330
18167,12,13,18181,1400
18167,12,13,1,1470
31906,12,13,33018,0
31906,12,13,32648,560
31906,12,13,32278,840
31906,12,13,31908,1050
31906,12,13,1,1330
25969,12,13,27822,0
25969,12,13,27452,420
25969,12,13,27082,630
25969,12,13,26712,910
25969,12,13,26342,1120
25969,12,13,25972,1400
18176,12,13,21141,0
18176,12,13,20771,210
18176,12,13,20401,490
18176,12,13,20031,560
18176,12,13,19291,630
18176,12,13,18921,700
18176,12,13,18551,770
18176,12,13,1,840
35985,12,13,37839,0
35985,12,13,37469,350
35985,12,13,37099,630
35985,12,13,36729,910
35985,12,13,36359,1120
35985,12,13,35989,1400
33021,12,13,35241,0
33021,12,13,34871,350
33021,12,13,34501,630
33021,12,13,34131,840
33021,12,13,33761,1120
33021,12,13,33391,1330
17810,12,13,22250,0
17810,12,13,21880,350
17810,12,13,21510,630
17810,12,13,21140,840
17810,12,13,20770,1120
17810,12,13,20400,1330
17810,12,13,20030,1400
17810,12,13,19290,1470
37097,12,13,38582,0
37097,12,13,38212,560
37097,12,13,37842,840
37097,12,13,37472,1050
37097,12,13,37102,1330
34133,12,13,34874,0
34133,12,13,34504,420
34133,12,13,34134,700
34133,12,13,1,910
26340,12,13,28193,0
26340,12,13,27823,420
26340,12,13,27453,630
26340,12,13,27083,910
26340,12,13,26713,1120
26340,12,13,26343,1400
30419,12,13,31904,0
30419,12,13,31534,560
30419,12,13,31164,770
30419,12,13,30794,1050
30419,12,13,30424,1260
19278,12,13,22254,0
19278,12,13,21884,280
19278,12,13,21514,490
19278,12,13,21144,770
19278,12,13,20774,1050
19278,12,13,20404,1260
19278,12,13,20034,1330
19278,12,13,19294,1400
19278,12,13,1,1470
15208,12,13,20023,0
15208,12,13,19653,280
15208,12,13,19283,350
15208,12,13,18543,420
15208,12,13,18173,490
15208,12,13,17433,560
15208,12,13,17063,630
15208,12,13,16693,700
15208,12,13,15953,770
15208,12,13,15583,840
15208,12,13,1,910
22251,12,13,24112,0
22251,12,13,23742,560
22251,12,13,23372,840
22251,12,13,23002,1050
22251,12,13,22632,1330
30053,12,13,32273,0
30053,12,13,31903,420
30053,12,13,31533,630
30053,12,13,31163,910
30053,12,13,30793,1120
30053,12,13,30423,1400
19287,12,13,21144,0
19287,12,13,20774,420
19287,12,13,20034,700
19287,12,13,19664,770
19287,12,13,1,840
22260,12,13,23742,0
22260,12,13,23372,490
22260,12,13,23002,770
22260,12,13,22632,980
22260,12,13,22262,1260
22260,12,13,1,1470
16323,12,13,20766,0
16323,12,13,20396,280
16323,12,13,20026,350
16323,12,13,19286,420
16323,12,13,18916,490
16323,12,13,18546,560
16323,12,13,17806,630
16323,12,13,17436,700
16323,12,13,16696,770
16323,12,13,16326,840
16323,12,13,1,910
27451,12,13,29306,0
27451,12,13,28936,350
27451,12,13,28566,630
27451,12,13,28196,840
27451,12,13,27826,1120
27451,12,13,27456,1330
19658,12,13,21145,0
19658,12,13,20775,490
19658,12,13,20405,770
19658,12,13,19665,840
19658,12,13,1,910
24487,12,13,25598,0
24487,12,13,25228,420
24487,12,13,24858,630
24487,12,13,24488,910
24487,12,13,1,1120
16694,12,13,20767,0
16694,12,13,20397,280
16694,12,13,20027,350
16694,12,13,19287,420
16694,12,13,18917,490
16694,12,13,18177,560
16694,12,13,17807,630
16694,12,13,17437,700
16694,12,13,16697,770
16694,12,13,1,840
20764,12,13,22258,0
20764,12,13,21888,490
20764,12,13,21518,770
20764,12,13,21148,980
20764,12,13,20778,1260
20764,12,13,1,1470
34503,12,13,35985,0
34503,12,13,35615,350
34503,12,13,35245,630
34503,12,13,34875,840
34503,12,13,34505,1120
34503,12,13,1,1330
20773,12,13,21518,0
20773,12,13,21148,420
20773,12,13,20778,630
20773,12,13,1,910
20407,12,13,22627,0
20407,12,13,22257,490
20407,12,13,21887,770
20407,12,13,21517,1050
20407,12,13,21147,1260
21885,12,13,23371,0
21885,12,13,23001,560
21885,12,13,22631,770
21885,12,13,22261,1050
21885,12,13,21891,1260
24858,12,13,25599,0
24858,12,13,25229,630
24858,12,13,24859,840
24858,12,13,1,1120
28937,12,13,30420,0
28937,12,13,30050,560
28937,12,13,29680,770
28937,12,13,29310,1050
28937,12,13,28940,1330
33016,12,13,34871,0
33016,12,13,34501,420
33016,12,13,34131,630
33016,12,13,33761,910
33016,12,13,33391,1120
33016,12,13,33021,1400
17805,12,13,20770,0
17805,12,13,20030,490
17805,12,13,19660,560
17805,12,13,18920,630
17805,12,13,18550,700
17805,12,13,18180,770
17805,12,13,1,840
14841,12,13,18542,0
14841,12,13,17802,280
14841,12,13,17432,350
14841,12,13,17062,420
14841,12,13,16692,490
14841,12,13,15952,560
14841,12,13,15582,630
14841,12,13,14842,700
14841,12,13,1,770
34128,12,13,35984,0
34128,12,13,35614,420
34128,12,13,35244,700
34128,12,13,34874,910
34128,12,13,34504,1190
34128,12,13,34134,1400
23371,12,13,25595,0
23371,12,13,25225,350
23371,12,13,24855,560
23371,12,13,24485,840
23371,12,13,24115,1050
23371,12,13,23745,1330
19282,12,13,21884,0
19282,12,13,21514,280
19282,12,13,21144,560
19282,12,13,20774,770
19282,12,13,20404,1050
19282,12,13,19664,1120
19282,12,13,19294,1190
19282,12,13,1,1260
15212,12,13,18913,0
15212,12,13,18543,280
15212,12,13,17803,350
15212,12,13,17433,420
15212,12,13,17063,490
15212,12,13,16323,560
15212,12,13,15953,630
15212,12,13,15213,700
15212,12,13,1,770
30048,12,13,31533,0
30048,12,13,31163,560
30048,12,13,30793,770
30048,12,13,30423,1050
30048,12,13,30053,1260
22255,12,13,23742,0
22255,12,13,23372,560
22255,12,13,23002,770
22255,12,13,22632,1050
22255,12,13,22262,1260
16318,12,13,21136,0
16318,12,13,20766,420
16318,12,13,20026,700
16318,12,13,19656,770
16318,12,13,19286,840
16318,12,13,18546,910
16318,12,13,18176,980
16318,12,13,17436,1050
16318,12,13,17066,1120
16318,12,13,16696,1190
16318,12,13,1,1260
19291,12,13,21144,0
19291,12,13,20774,420
19291,12,13,20404,630
19291,12,13,20034,700
19291,12,13,19294,770
19291,12,13,1,840
24482,12,13,26338,0
24482,12,13,25968,420
24482,12,13,25598,700
24482,12,13,25228,980
24482,12,13,24858,1190
24482,12,13,24488,1470
16689,12,13,21137,0
16689,12,13,20767,420
16689,12,13,20027,700
16689,12,13,19657,770
16689,12,13,18917,840
16689,12,13,18547,910
16689,12,13,18177,980
16689,12,13,17437,1050
16689,12,13,17067,1120
16689,12,13,1,1190
27455,12,13,28196,0
27455,12,13,27826,560
27455,12,13,27456,840
27455,12,13,1,1050
20759,12,13,22258,0
20759,12,13,21888,420
20759,12,13,21518,630
20759,12,13,21148,910
20759,12,13,20778,1190
20759,12,13,1,1400
31534,12,13,33017,0
31534,12,13,32647,490
31534,12,13,32277,770
31534,12,13,31907,980
31534,12,13,31537,1260
20402,12,13,21517,0
20402,12,13,21147,350
20402,12,13,20777,630
20402,12,13,20407,840
20402,12,13,1,910
21880,12,13,23371,0
21880,12,13,23001,420
21880,12,13,22631,630
21880,12,13,22261,910
21880,12,13,21891,1190
21880,12,13,1,1400
24853,12,13,26709,0
24853,12,13,26339,420
24853,12,13,25969,700
24853,12,13,25599,910
24853,12,13,25229,1190
24853,12,13,24859,1400
21889,12,13,23371,0
21889,12,13,23001,420
21889,12,13,22631,630
21889,12,13,22261,910
21889,12,13,21891,1120
21889,12,13,1,1400
25968,12,13,27822,0
25968,12,13,27452,490
25968,12,13,27082,700
25968,12,13,26712,980
25968,12,13,26342,1190
25968,12,13,25972,1470
17800,12,13,21510,0
17800,12,13,21140,350
17800,12,13,20770,630
17800,12,13,20030,910
17800,12,13,19660,980
17800,12,13,18920,1050
17800,12,13,18550,1120
17800,12,13,18180,1190
17800,12,13,1,1260
17809,12,13,20770,0
17809,12,13,20030,350
17809,12,13,19290,420
17809,12,13,18920,490
17809,12,13,18550,560
17809,12,13,17810,630
17809,12,13,1,700
34132,12,13,35614,0
34132,12,13,35244,350
34132,12,13,34874,630
34132,12,13,34504,840
34132,12,13,34134,1120
34132,12,13,1,1330
23375,12,13,25595,0
23375,12,13,25225,490
23375,12,13,24855,770
23375,12,13,24485,980
23375,12,13,24115,1260
19277,12,13,21884,0
19277,12,13,21514,490
19277,12,13,21144,770
19277,12,13,20774,980
19277,12,13,20034,1260
19277,12,13,19664,1330
19277,12,13,19294,1400
19277,12,13,1,1470
22250,12,13,24112,0
22250,12,13,23742,560
22250,12,13,23372,840
22250,12,13,23002,1050
22250,12,13,22632,1330
27079,12,13,28935,0
27079,12,13,28565,350
27079,12,13,28195,630
27079,12,13,27825,840
27079,12,13,27455,1120
27079,12,13,27085,1330
19286,12,13,21884,0
19286,12,13,21514,350
19286,12,13,21144,560
19286,12,13,20774,770
19286,12,13,20404,1050
19286,12,13,19664,1120
19286,12,13,19294,1190
19286,12,13,1,1260
30052,12,13,30793,0
30052,12,13,30423,490
30052,12,13,30053,700
30052,12,13,1,980
16322,12,13,20766,0
16322,12,13,20396,280
16322,12,13,20026,350
16322,12,13,19656,420
16322,12,13,19286,490
16322,12,13,18546,560
16322,12,13,18176,630
16322,12,13,17436,700
16322,12,13,17066,770
16322,12,13,16696,840
16322,12,13,1,910
27450,12,13,29306,0
27450,12,13,28936,420
27450,12,13,28566,630
27450,12,13,28196,910
27450,12,13,27826,1120
27450,12,13,27456,1400
24486,12,13,25968,0
24486,12,13,25598,560
24486,12,13,25228,840
24486,12,13,24858,1050
24486,12,13,24488,1330
20388,12,13,22257,0
20388,12,13,21887,350
20388,12,13,21517,630
20388,12,13,21147,840
20388,12,13,20777,1120
20388,12,13,20407,1330
20388,12,13,1,1400
20397,12,13,21887,0
20397,12,13,21517,560
20397,12,13,21147,770
20397,12,13,20777,1050
20397,12,13,20407,1260
20397,12,13,1,1330
17433,12,13,20769,0
17433,12,13,20399,350
17433,12,13,20029,420
17433,12,13,19659,490
17433,12,13,18919,560
17433,12,13,18549,630
17433,12,13,17809,700
17433,12,13,17439,770
17433,12,13,1,840
21875,12,13,23741,0
21875,12,13,23371,490
21875,12,13,23001,700
21875,12,13,22631,980
21875,12,13,22261,1260
21875,12,13,21891,1470
35614,12,13,37468,0
35614,12,13,37098,420
35614,12,13,36728,630
35614,12,13,36358,910
35614,12,13,35988,1190
35614,12,13,35618,1400
20406,12,13,21147,0
20406,12,13,20777,490
20406,12,13,20407,700
20406,12,13,1,770
21884,12,13,23371,0
21884,12,13,23001,420
21884,12,13,22631,700
21884,12,13,22261,910
21884,12,13,21891,1190
21884,12,13,1,1470
32650,12,13,34870,0
32650,12,13,34500,350
32650,12,13,34130,630
32650,12,13,33760,840
32650,12,13,33390,1120
32650,12,13,33020,1330
24857,12,13,26339,0
24857,12,13,25969,560
24857,12,13,25599,770
24857,12,13,25229,1050
24857,12,13,24859,1260
36729,12,13,37841,0
36729,12,13,37471,490
36729,12,13,37101,770
36729,12,13,36731,980
36729,12,13,1,1260
25972,12,13,28192,0
25972,12,13,27822,420
25972,12,13,27452,700
25972,12,13,27082,910
25972,12,13,26712,1190
25972,12,13,26342,1470
17804,12,13,20770,0
17804,12,13,20030,490
17804,12,13,19660,560
17804,12,13,19290,630
17804,12,13,18550,700
17804,12,13,18180,770
17804,12,13,1,840
14840,12,13,18912,0
14840,12,13,18542,280
14840,12,13,18172,350
14840,12,13,17432,420
14840,12,13,17062,490
14840,12,13,16322,560
14840,12,13,15952,630
14840,12,13,15582,700
14840,12,13,14842,770
14840,12,13,1,840
29676,12,13,31162,0
29676,12,13,30792,490
29676,12,13,30422,770
29676,12,13,30052,1050
29676,12,13,29682,1260
23004,12,13,25224,0
23004,12,13,24854,490
23004,12,13,24484,700
23004,12,13,24114,980
23004,12,13,23744,1260
23004,12,13,23374,1470
15211,12,13,19283,0
15211,12,13,18913,280
15211,12,13,18543,350
15211,12,13,17803,420
15211,12,13,17433,490
15211,12,13,16693,560
15211,12,13,16323,630
15211,12,13,15953,700
15211,12,13,15213,770
15211,12,13,1,840
30047,12,13,31533,0
30047,12,13,31163,560
30047,12,13,30793,770
30047,12,13,30423,1050
30047,12,13,30053,1260
27083,12,13,28565,0
27083,12,13,28195,490
27083,12,13,27825,700
27083,12,13,27455,980
27083,12,13,27085,1190
27083,12,13,1,1470
16326,12,13,21876,0
16326,12,13,21506,490
16326,12,13,21136,700
16326,12,13,20766,980
16326,12,13,20396,1190
16326,12,13,20026,1260
16326,12,13,19656,1330
16326,12,13,18916,1400
16326,12,13,18546,1470
18915,12,13,21513,0
18915,12,13,21143,490
18915,12,13,20773,770
18915,12,13,20403,980
18915,12,13,20033,1050
18915,12,13,19293,1120
18915,12,13,18923,1190
18915,12,13,1,1260
35247,12,13,37467,0
35247,12,13,37097,350
35247,12,13,36727,630
35247,12,13,36357,840
35247,12,13,35987,1120
35247,12,13,35617,1330
27454,12,13,28936,0
27454,12,13,28566,490
27454,12,13,28196,700
27454,12,13,27826,980
27454,12,13,27456,1260
27454,12,13,1,1470
13358,12,13,21498,0
13358,12,13,21128,210
13358,12,13,20758,490
13358,12,13,20388,770
13358,12,13,19648,840
13358,12,13,19278,910
13358,12,13,18908,980
13358,12,13,18168,1050
13358,12,13,17798,1120
13358,12,13,17058,1190
13358,12,13,16688,1260
13358,12,13,16318,1330
13358,12,13,15578,1400
13358,12,13,15208,1470
20401,12,13,21517,0
20401,12,13,21147,350
20401,12,13,20777,630
20401,12,13,1,910
21879,12,13,23741,0
21879,12,13,23371,420
21879,12,13,23001,630
21879,12,13,22631,910
21879,12,13,22261,1120
21879,12,13,21891,1400
32645,12,13,34500,0
32645,12,13,34130,350
32645,12,13,33760,560
32645,12,13,33390,840
32645,12,13,33020,1120
32645,12,13,32650,1330
17437,12,13,20769,0
17437,12,13,20399,280
17437,12,13,19659,350
17437,12,13,19289,420
17437,12,13,18919,490
17437,12,13,18179,560
17437,12,13,17809,630
17437,12,13,1,700
35618,12,13,37838,0
35618,12,13,37468,350
35618,12,13,37098,630
35618,12,13,36728,840
35618,12,13,36358,1120
35618,12,13,35988,1330
21888,12,13,23371,0
21888,12,13,23001,560
21888,12,13,22631,770
21888,12,13,22261,1050
21888,12,13,21891,1260
28565,12,13,30419,0
28565,12,13,30049,420
28565,12,13,29679,630
28565,12,13,29309,910
28565,12,13,28939,1120
28565,12,13,28569,1400
17799,12,13,21510,0
17799,12,13,21140,420
17799,12,13,20770,630
17799,12,13,20400,910
17799,12,13,19660,980
17799,12,13,19290,1050
17799,12,13,18550,1120
17799,12,13,18180,1190
17799,12,13,17810,1260
17799,12,13,1,1330
25601,12,13,27821,0
25601,12,13,27451,420
25601,12,13,27081,700
25601,12,13,26711,910
25601,12,13,26341,1190
25601,12,13,25971,1400
17808,12,13,20770,0
17808,12,13,20400,350
17808,12,13,20030,420
17808,12,13,19290,490
17808,12,13,18920,560
17808,12,13,18180,630
17808,12,13,17810,700
17808,12,13,1,770
29680,12,13,31162,0
29680,12,13,30792,420
29680,12,13,30422,630
29680,12,13,30052,910
29680,12,13,29682,1120
29680,12,13,1,1400
34131,12,13,35614,0
34131,12,13,35244,560
34131,12,13,34874,840
34131,12,13,34504,1050
34131,12,13,34134,1330
22999,12,13,24854,0
22999,12,13,24484,560
22999,12,13,24114,770
22999,12,13,23744,1050
22999,12,13,23374,1260
20035,12,13,21146,0
20035,12,13,20776,420
20035,12,13,20036,700
20035,12,13,1,770
30051,12,13,31533,0
30051,12,13,31163,420
30051,12,13,30793,630
30051,12,13,30423,910
30051,12,13,30053,1190
30051,12,13,1,1400
18919,12,13,21143,0
18919,12,13,20773,350
18919,12,13,20403,630
18919,12,13,19663,700
18919,12,13,19293,770
18919,12,13,1,840
31163,12,13,32646,0
31163,12,13,32276,560
31163,12,13,31906,770
31163,12,13,31536,1050
31163,12,13,31166,1260
15955,12,13,21875,0
15955,12,13,21505,420
15955,12,13,21135,700
15955,12,13,20765,910
15955,12,13,20395,1190
15955,12,13,19655,1260
15955,12,13,19285,1330
15955,12,13,18545,1400
15955,12,13,18175,1470
35242,12,13,37097,0
35242,12,13,36727,350
35242,12,13,36357,630
35242,12,13,35987,910
35242,12,13,35617,1120
35242,12,13,35247,1400
32278,12,13,33019,0
32278,12,13,32649,420
32278,12,13,32279,700
32278,12,13,1,910
24485,12,13,26338,0
24485,12,13,25968,490
24485,12,13,25598,700
24485,12,13,25228,980
24485,12,13,24858,1190
24485,12,13,24488,1470
20396,12,13,21887,0
20396,12,13,21517,560
20396,12,13,21147,770
20396,12,13,20777,1050
20396,12,13,1,1330
17432,12,13,20769,0
17432,12,13,20399,350
17432,12,13,20029,420
17432,12,13,19659,490
17432,12,13,18919,560
17432,12,13,18549,630
17432,12,13,17809,700
17432,12,13,17439,770
17432,12,13,1,840
28198,12,13,30418,0
28198,12,13,30048,420
28198,12,13,29678,630
28198,12,13,29308,910
28198,12,13,28938,1190
28198,12,13,28568,1400
20405,12,13,21147,0
20405,12,13,20777,560
20405,12,13,20407,770
20405,12,13,1,840
35613,12,13,37468,0
35613,12,13,37098,350
35613,12,13,36728,630
35613,12,13,36358,910
35613,12,13,35988,1120
35613,12,13,35618,1400
21874,12,13,23741,0
21874,12,13,23371,490
21874,12,13,23001,700
21874,12,13,22631,980
21874,12,13,22261,1190
21874,12,13,21891,1470
32649,12,13,33390,0
32649,12,13,33020,420
32649,12,13,32650,700
32649,12,13,1,910
36728,12,13,38211,0
36728,12,13,37841,490
36728,12,13,37471,700
36728,12,13,37101,980
36728,12,13,36731,1190
36728,12,13,1,1470
21517,12,13,23000,0
21517,12,13,22630,420
21517,12,13,22260,630
21517,12,13,21890,910
21517,12,13,21520,1120
21517,12,13,1,1400
25596,12,13,27451,0
25596,12,13,27081,350
25596,12,13,26711,630
25596,12,13,26341,840
25596,12,13,25971,1120
25596,12,13,25601,1400
28569,12,13,30789,0
28569,12,13,30419,350
28569,12,13,30049,630
28569,12,13,29679,910
28569,12,13,29309,1120
28569,12,13,28939,1400
22632,12,13,23373,0
22632,12,13,23003,560
22632,12,13,22633,840
22632,12,13,1,1050
20021,12,13,22256,0
20021,12,13,21886,420
20021,12,13,21516,630
20021,12,13,21146,910
20021,12,13,20776,1190
20021,12,13,20406,1400
20021,12,13,20036,1470
33760,12,13,35243,0
33760,12,13,34873,560
33760,12,13,34503,840
33760,12,13,34133,1050
33760,12,13,33763,1330
20030,12,13,21516,0
20030,12,13,21146,350
20030,12,13,20776,560
20030,12,13,20036,840
20030,12,13,1,910
23003,12,13,24114,0
23003,12,13,23744,350
23003,12,13,23374,560
23003,12,13,23004,840
23003,12,13,1,1050
37839,12,13,39324,0
37839,12,13,38954,560
37839,12,13,38584,840
37839,12,13,38214,1050
37839,12,13,37844,1330
34875,12,13,35616,0
34875,12,13,35246,420
34875,12,13,34876,700
34875,12,13,1,910
27082,12,13,28935,0
27082,12,13,28565,350
27082,12,13,28195,630
27082,12,13,27825,910
27082,12,13,27455,1120
27082,12,13,27085,1400
18914,12,13,21513,0
18914,12,13,21143,490
18914,12,13,20773,770
18914,12,13,20403,980
18914,12,13,20033,1050
18914,12,13,19293,1120
18914,12,13,18923,1190
18914,12,13,1,1260
15950,12,13,20765,0
15950,12,13,20395,280
15950,12,13,20025,350
15950,12,13,19285,420
15950,12,13,18915,490
15950,12,13,18175,560
15950,12,13,17805,630
15950,12,13,17435,700
15950,12,13,16695,770
15950,12,13,16325,840
15950,12,13,1,910
18923,12,13,22253,0
18923,12,13,21883,490
18923,12,13,21513,770
18923,12,13,21143,980
18923,12,13,20773,1260
32273,12,13,34129,0
32273,12,13,33759,350
32273,12,13,33389,630
32273,12,13,33019,840
32273,12,13,32649,1120
32273,12,13,32279,1330
35246,12,13,35987,0
35246,12,13,35617,420
35246,12,13,35247,630
35246,12,13,1,910
24114,12,13,25967,0
24114,12,13,25597,420
24114,12,13,25227,700
24114,12,13,24857,980
24114,12,13,24487,1190
24114,12,13,24117,1470
17427,12,13,21509,0
17427,12,13,21139,210
17427,12,13,20769,490
17427,12,13,20399,770
17427,12,13,19659,840
17427,12,13,19289,910
17427,12,13,18549,980
17427,12,13,18179,1050
17427,12,13,17809,1120
17427,12,13,1,1190
28193,12,13,29678,0
28193,12,13,29308,560
28193,12,13,28938,840
28193,12,13,28568,1050
28193,12,13,28198,1330
20400,12,13,21517,0
20400,12,13,21147,350
20400,12,13,20777,630
20400,12,13,20407,840
20400,12,13,1,910
25229,12,13,25970,0
25229,12,13,25600,560
25229,12,13,25230,770
25229,12,13,1,1050
17436,12,13,20769,0
17436,12,13,20399,350
17436,12,13,19659,420
17436,12,13,19289,490
17436,12,13,18919,560
17436,12,13,18179,630
17436,12,13,17809,700
17436,12,13,1,770
32644,12,13,34500,0
32644,12,13,34130,350
32644,12,13,33760,630
32644,12,13,33390,910
32644,12,13,33020,1120
32644,12,13,32650,1400
21503,12,13,23370,0
21503,12,13,23000,420
21503,12,13,22630,630
21503,12,13,22260,910
21503,12,13,21890,1120
21503,12,13,21520,1400
21512,12,13,23000,0
21512,12,13,22630,560
21512,12,13,22260,770
21512,12,13,21890,1050
21512,12,13,21520,1330
18548,12,13,21142,0
18548,12,13,20772,280
18548,12,13,20402,560
18548,12,13,20032,630
18548,12,13,19292,700
18548,12,13,18922,770
18548,12,13,1,840
36357,12,13,37840,0
36357,12,13,37470,490
36357,12,13,37100,700
36357,12,13,36730,980
36357,12,13,36360,1190
36357,12,13,1,1470
28564,12,13,30049,0
28564,12,13,29679,490
28564,12,13,29309,770
28564,12,13,28939,1050
28564,12,13,28569,1260
22627,12,13,24483,0
22627,12,13,24113,560
22627,12,13,23743,840
22627,12,13,23373,1050
22627,12,13,23003,1330
25600,12,13,26341,0
25600,12,13,25971,560
25600,12,13,25601,770
25600,12,13,1,1050
29679,12,13,31162,0
29679,12,13,30792,560
29679,12,13,30422,840
29679,12,13,30052,1050
29679,12,13,29682,1330
14468,12,13,18541,0
14468,12,13,18171,210
14468,12,13,17801,280
14468,12,13,17431,350
14468,12,13,17061,420
14468,12,13,16321,490
14468,12,13,15951,560
14468,12,13,15211,630
14468,12,13,14841,700
14468,12,13,14471,770
14468,12,13,1,840
20025,12,13,21886,0
20025,12,13,21516,490
20025,12,13,21146,770
20025,12,13,20776,980
20025,12,13,20406,1260
20025,12,13,1,1330
30791,12,13,32645,0
30791,12,13,32275,490
30791,12,13,31905,700
30791,12,13,31535,980
30791,12,13,31165,1260
30791,12,13,30795,1470
20034,12,13,21146,0
20034,12,13,20776,490
20034,12,13,20036,770
20034,12,13,1,840
34870,12,13,36726,0
34870,12,13,36356,420
34870,12,13,35986,700
34870,12,13,35616,910
34870,12,13,35246,1190
34870,12,13,34876,1400
18909,12,13,21883,0
18909,12,13,21513,420
18909,12,13,21143,700
18909,12,13,20773,980
18909,12,13,20403,1190
18909,12,13,20033,1260
18909,12,13,19293,1330
18909,12,13,18923,1400
18909,12,13,1,1470
26711,12,13,28564,0
26711,12,13,28194,350
26711,12,13,27824,630
26711,12,13,27454,910
26711,12,13,27084,1120
26711,12,13,26714,1400
18918,12,13,21143,0
18918,12,13,20773,350
18918,12,13,20033,630
18918,12,13,19663,700
18918,12,13,19293,770
18918,12,13,1,840
31162,12,13,33016,0
31162,12,13,32646,350
31162,12,13,32276,630
31162,12,13,31906,840
31162,12,13,31536,1120
31162,12,13,31166,1400
15954,12,13,19655,0
15954,12,13,19285,280
15954,12,13,18545,350
15954,12,13,18175,420
15954,12,13,17805,490
15954,12,13,17065,560
15954,12,13,16695,630
15954,12,13,15955,700
15954,12,13,1,770
35241,12,13,37097,0
35241,12,13,36727,420
35241,12,13,36357,700
35241,12,13,35987,910
35241,12,13,35617,1190
35241,12,13,35247,1400
32277,12,13,33759,0
32277,12,13,33389,350
32277,12,13,33019,630
32277,12,13,32649,840
32277,12,13,32279,1120
32277,12,13,1,1330
21145,12,13,22259,0
21145,12,13,21889,560
21145,12,13,21519,840
21145,12,13,21149,1050
21145,12,13,1,1330
25224,12,13,27080,0
25224,12,13,26710,420
25224,12,13,26340,630
25224,12,13,25970,910
25224,12,13,25600,1120
25224,12,13,25230,1400
17431,12,13,21509,0
17431,12,13,21139,280
17431,12,13,20769,490
17431,12,13,20399,770
17431,12,13,19659,840
17431,12,13,19289,910
17431,12,13,18549,980
17431,12,13,18179,1050
17431,12,13,17809,1120
17431,12,13,1,1190
28197,12,13,28938,0
28197,12,13,28568,490
28197,12,13,28198,770
28197,12,13,1,980
21498,12,13,23370,0
21498,12,13,23000,350
21498,12,13,22630,630
21498,12,13,22260,910
21498,12,13,21890,1120
21498,12,13,21520,1400
21507,12,13,23370,0
21507,12,13,23000,420
21507,12,13,22630,630
21507,12,13,22260,840
21507,12,13,21890,1120
21507,12,13,21520,1400
18543,12,13,21512,0
18543,12,13,21142,420
18543,12,13,20772,700
18543,12,13,20032,980
18543,12,13,19662,1050
18543,12,13,18922,1120
18543,12,13,18552,1190
18543,12,13,1,1260
21516,12,13,22630,0
21516,12,13,22260,560
21516,12,13,21890,840
21516,12,13,21520,1050
21516,12,13,1,1330
15579,12,13,20394,0
15579,12,13,20024,280
15579,12,13,19654,350
15579,12,13,18914,420
15579,12,13,18544,490
15579,12,13,17804,560
15579,12,13,17434,630
15579,12,13,17064,700
15579,12,13,16324,770
15579,12,13,15954,840
15579,12,13,1,910
18552,12,13,22252,0
18552,12,13,21882,490
18552,12,13,21512,700
18552,12,13,21142,980
18552,12,13,20772,1190
18552,12,13,20402,1470
25595,12,13,27451,0
25595,12,13,27081,420
25595,12,13,26711,700
25595,12,13,26341,980
25595,12,13,25971,1190
25595,12,13,25601,1470
22631,12,13,24113,0
22631,12,13,23743,490
22631,12,13,23373,770
22631,12,13,23003,980
22631,12,13,22633,1260
22631,12,13,1,1470
33759,12,13,35613,0
33759,12,13,35243,420
33759,12,13,34873,700
33759,12,13,34503,910
33759,12,13,34133,1190
33759,12,13,33763,1400
20029,12,13,21516,0
20029,12,13,21146,350
20029,12,13,20776,560
20029,12,13,20406,840
20029,12,13,1,910
30795,12,13,33015,0
30795,12,13,32645,420
30795,12,13,32275,700
30795,12,13,31905,980
30795,12,13,31535,1190
30795,12,13,31165,1470
34874,12,13,36356,0
34874,12,13,35986,350
34874,12,13,35616,630
34874,12,13,35246,840
34874,12,13,34876,1120
34874,12,13,1,1330
18913,12,13,21883,0
18913,12,13,21513,280
18913,12,13,21143,560
18913,12,13,20773,770
18913,12,13,20033,1050
18913,12,13,19663,1120
18913,12,13,19293,1190
18913,12,13,1,1260
31166,12,13,33386,0
31166,12,13,33016,350
31166,12,13,32646,630
31166,12,13,32276,910
31166,12,13,31906,1120
31166,12,13,31536,1400
21140,12,13,22629,0
21140,12,13,22259,350
21140,12,13,21889,560
21140,12,13,21519,840
21140,12,13,21149,1050
21140,12,13,1,1330
24113,12,13,25967,0
24113,12,13,25597,560
24113,12,13,25227,770
24113,12,13,24857,1050
24113,12,13,24487,1260
21149,12,13,22999,0
21149,12,13,22629,560
21149,12,13,22259,840
21149,12,13,21889,1050
21149,12,13,21519,1330
28192,12,13,29678,0
28192,12,13,29308,560
28192,12,13,28938,770
28192,12,13,28568,1050
28192,12,13,28198,1330
25228,12,13,26710,0
25228,12,13,26340,490
25228,12,13,25970,700
25228,12,13,25600,980
25228,12,13,25230,1190
25228,12,13,1,1470
21502,12,13,23370,0
21502,12,13,23000,420
21502,12,13,22630,700
21502,12,13,22260,980
21502,12,13,21890,1190
21502,12,13,21520,1470
21511,12,13,23000,0
21511,12,13,22630,490
21511,12,13,22260,770
21511,12,13,21890,1050
21511,12,13,21520,1260
18547,12,13,21142,0
18547,12,13,20772,280
18547,12,13,20402,560
18547,12,13,19662,630
18547,12,13,19292,700
18547,12,13,18922,770
18547,12,13,1,840
21520,12,13,23370,0
21520,12,13,23000,630
21520,12,13,22630,840
21520,12,13,22260,1120
21520,12,13,21890,1330
15583,12,13,19284,0
15583,12,13,18914,280
15583,12,13,18174,350
15583,12,13,17804,420
15583,12,13,17434,490
15583,12,13,16694,560
15583,12,13,16324,630
15583,12,13,15584,700
15583,12,13,1,770
36356,12,13,37840,0
36356,12,13,37470,560
36356,12,13,37100,840
36356,12,13,36730,1050
36356,12,13,36360,1330
22626,12,13,24483,0
22626,12,13,24113,630
22626,12,13,23743,840
22626,12,13,23373,1120
22626,12,13,23003,1330
33392,12,13,35612,0
33392,12,13,35242,350
33392,12,13,34872,630
33392,12,13,34502,840
33392,12,13,34132,1120
33392,12,13,33762,1330
14467,12,13,18541,0
14467,12,13,18171,280
14467,12,13,17801,350
14467,12,13,17061,420
14467,12,13,16691,490
14467,12,13,15951,560
14467,12,13,15581,630
14467,12,13,15211,700
14467,12,13,14471,770
14467,12,13,1,840
20024,12,13,21886,0
20024,12,13,21516,420
20024,12,13,21146,700
20024,12,13,20776,980
20024,12,13,20406,1190
20024,12,13,20036,1260
20024,12,13,1,1330
30790,12,13,32645,0
30790,12,13,32275,490
30790,12,13,31905,700
30790,12,13,31535,980
30790,12,13,31165,1190
30790,12,13,30795,1470
33763,12,13,35983,0
33763,12,13,35613,350
33763,12,13,35243,630
33763,12,13,34873,840
33763,12,13,34503,1120
33763,12,13,34133,1330
27826,12,13,28567,0
27826,12,13,28197,560
27826,12,13,27827,770
27826,12,13,1,1050
18908,12,13,21883,0
18908,12,13,21513,420
18908,12,13,21143,700
18908,12,13,20773,980
18908,12,13,20403,1190
18908,12,13,20033,1260
18908,12,13,19293,1330
18908,12,13,18923,1400
18908,12,13,1,1470
26710,12,13,28564,0
26710,12,13,28194,490
26710,12,13,27824,700
26710,12,13,27454,980
26710,12,13,27084,1190
26710,12,13,26714,1470
23746,12,13,25966,0
23746,12,13,25596,490
23746,12,13,25226,770
23746,12,13,24856,980
23746,12,13,24486,1260
31161,12,13,33016,0
31161,12,13,32646,350
31161,12,13,32276,560
31161,12,13,31906,840
31161,12,13,31536,1120
31161,12,13,31166,1330
32276,12,13,33759,0
32276,12,13,33389,490
32276,12,13,33019,770
32276,12,13,32649,1050
32276,12,13,32279,1260
17065,12,13,20768,0
17065,12,13,20398,280
17065,12,13,20028,350
17065,12,13,19288,420
17065,12,13,18918,490
17065,12,13,18548,560
17065,12,13,17808,630
17065,12,13,17438,700
17065,12,13,1,770
21135,12,13,22629,0
21135,12,13,22259,490
21135,12,13,21889,770
21135,12,13,21519,1050
21135,12,13,21149,1260
18171,12,13,21511,0
18171,12,13,21141,420
18171,12,13,20771,700
18171,12,13,20401,910
18171,12,13,20031,980
18171,12,13,19291,1050
18171,12,13,18921,1120
18171,12,13,18551,1190
18171,12,13,1,1260
21144,12,13,22629,0
21144,12,13,22259,350
21144,12,13,21889,560
21144,12,13,21519,840
21144,12,13,21149,1050
21144,12,13,1,1330
24117,12,13,26337,0
24117,12,13,25967,490
24117,12,13,25597,700
24117,12,13,25227,980
24117,12,13,24857,1190
24117,12,13,24487,1470
18180,12,13,20771,0
18180,12,13,20401,350
18180,12,13,19661,420
18180,12,13,19291,490
18180,12,13,18921,560
18180,12,13,18181,630
18180,12,13,1,700
35989,12,13,37839,0
35989,12,13,37469,560
35989,12,13,37099,840
35989,12,13,36729,1050
35989,12,13,36359,1330
28196,12,13,29678,0
28196,12,13,29308,420
28196,12,13,28938,700
28196,12,13,28568,910
28196,12,13,28198,1190
28196,12,13,1,1400
21506,12,13,23000,0
21506,12,13,22630,420
21506,12,13,22260,630
21506,12,13,21890,910
21506,12,13,21520,1120
21506,12,13,1,1400
18542,12,13,21512,0
18542,12,13,21142,490
18542,12,13,20772,700
18542,12,13,20402,980
18542,12,13,19662,1050
18542,12,13,19292,1120
18542,12,13,18922,1190
18542,12,13,1,1260
29308,12,13,30791,0
29308,12,13,30421,560
29308,12,13,30051,770
29308,12,13,29681,1050
29308,12,13,29311,1330
21515,12,13,22630,0
21515,12,13,22260,560
21515,12,13,21890,840
21515,12,13,21520,1050
21515,12,13,1,1330
15578,12,13,20394,0
15578,12,13,20024,280
15578,12,13,19654,350
15578,12,13,18914,420
15578,12,13,18544,490
15578,12,13,18174,560
15578,12,13,17434,630
15578,12,13,17064,700
15578,12,13,16324,770
15578,12,13,15954,840
15578,12,13,15584,910
15578,12,13,1,980
18551,12,13,20772,0
18551,12,13,20402,420
18551,12,13,19662,490
18551,12,13,19292,560
18551,12,13,18552,630
18551,12,13,1,700
33387,12,13,35242,0
33387,12,13,34872,420
33387,12,13,34502,630
33387,12,13,34132,910
33387,12,13,33762,1120
33387,12,13,33392,1400
30423,12,13,31164,0
30423,12,13,30794,490
30423,12,13,30424,700
30423,12,13,1,980
22630,12,13,24483,0
22630,12,13,24113,420
22630,12,13,23743,700
22630,12,13,23373,980
22630,12,13,23003,1190
22630,12,13,22633,1470
14471,12,13,21501,0
14471,12,13,21131,350
14471,12,13,20761,630
14471,12,13,20021,910
14471,12,13,19651,980
14471,12,13,18911,1050
14471,12,13,18541,1120
14471,12,13,18171,1190
14471,12,13,17431,1260
14471,12,13,17061,1330
14471,12,13,16321,1400
14471,12,13,15951,1470
20019,12,13,22256,0
20019,12,13,21886,420
20019,12,13,21516,630
20019,12,13,21146,910
20019,12,13,20776,1120
20019,12,13,20406,1400
20019,12,13,1,1470
33758,12,13,35613,0
33758,12,13,35243,420
33758,12,13,34873,630
33758,12,13,34503,910
33758,12,13,34133,1120
33758,12,13,33763,1400
27821,12,13,29677,0
27821,12,13,29307,350
27821,12,13,28937,630
27821,12,13,28567,840
27821,12,13,28197,1120
27821,12,13,27827,1330
30794,12,13,31535,0
30794,12,13,31165,560
30794,12,13,30795,770
30794,12,13,1,1050
19653,12,13,21885,0
19653,12,13,21515,420
19653,12,13,21145,630
19653,12,13,20775,910
19653,12,13,20405,1120
19653,12,13,20035,1190
19653,12,13,19665,1260
19653,12,13,1,1330
34873,12,13,36356,0
34873,12,13,35986,560
34873,12,13,35616,840
34873,12,13,35246,1050
34873,12,13,34876,1330
19662,12,13,21145,0
19662,12,13,20775,490
19662,12,13,20405,700
19662,12,13,20035,770
19662,12,13,19665,840
19662,12,13,1,910
20768,12,13,22258,0
20768,12,13,21888,350
20768,12,13,21518,560
20768,12,13,21148,840
20768,12,13,20778,1050
20768,12,13,1,1330
23741,12,13,25596,0
23741,12,13,25226,490
23741,12,13,24856,770
23741,12,13,24486,980
23741,12,13,24116,1260
26714,12,13,28934,0
26714,12,13,28564,420
26714,12,13,28194,700
26714,12,13,27824,910
26714,12,13,27454,1190
26714,12,13,27084,1400
20777,12,13,21148,0
20777,12,13,20778,490
20777,12,13,1,770
17060,12,13,21138,0
17060,12,13,20768,490
17060,12,13,20398,700
17060,12,13,20028,770
17060,12,13,19288,840
17060,12,13,18918,910
17060,12,13,18178,980
17060,12,13,17808,1050
17060,12,13,17438,1120
17060,12,13,1,1190
21130,12,13,22629,0
21130,12,13,22259,420
21130,12,13,21889,630
21130,12,13,21519,910
21130,12,13,21149,1120
21130,12,13,1,1400
21139,12,13,22629,0
21139,12,13,22259,490
21139,12,13,21889,770
21139,12,13,21519,1050
21139,12,13,21149,1260
31905,12,13,33388,0
31905,12,13,33018,490
31905,12,13,32648,770
31905,12,13,32278,980
31905,12,13,31908,1260
31905,12,13,1,1470
24112,12,13,25967,0
24112,12,13,25597,420
24112,12,13,25227,700
24112,12,13,24857,910
24112,12,13,24487,1190
24112,12,13,24117,1470
18175,12,13,21141,0
18175,12,13,20771,280
18175,12,13,20401,490
18175,12,13,20031,560
18175,12,13,19661,630
18175,12,13,18921,700
18175,12,13,18551,770
18175,12,13,1,840
35984,12,13,37839,0
35984,12,13,37469,350
35984,12,13,37099,630
35984,12,13,36729,840
35984,12,13,36359,1120
35984,12,13,35989,1330
21148,12,13,21889,0
21148,12,13,21519,420
21148,12,13,21149,700
21148,12,13,1,910
33020,12,13,33761,0
33020,12,13,33391,420
33020,12,13,33021,700
33020,12,13,1,910
25227,12,13,26710,0
25227,12,13,26340,630
25227,12,13,25970,840
25227,12,13,25600,1120
25227,12,13,25230,1400
21501,12,13,23370,0
21501,12,13,23000,420
21501,12,13,22630,700
21501,12,13,22260,980
21501,12,13,21890,1190
21501,12,13,21520,1470
18537,12,13,21882,0
18537,12,13,21512,420
18537,12,13,21142,630
18537,12,13,20772,910
18537,12,13,20402,1120
18537,12,13,20032,1190
18537,12,13,19662,1260
18537,12,13,18922,1330
18537,12,13,18552,1400
18537,12,13,1,1470
26339,12,13,28193,0
26339,12,13,27823,490
26339,12,13,27453,700
26339,12,13,27083,980
26339,12,13,26713,1190
26339,12,13,26343,1470
18546,12,13,21142,0
18546,12,13,20772,280
18546,12,13,20402,560
18546,12,13,20032,630
18546,12,13,19292,700
18546,12,13,18922,770
18546,12,13,1,840
36355,12,13,37840,0
36355,12,13,37470,560
36355,12,13,37100,770
36355,12,13,36730,1050
36355,12,13,36360,1260
15582,12,13,19654,0
15582,12,13,18914,350
15582,12,13,18174,420
15582,12,13,17804,490
15582,12,13,17064,560
15582,12,13,16694,630
15582,12,13,16324,700
15582,12,13,15584,770
15582,12,13,1,840
30418,12,13,31904,0
30418,12,13,31534,560
30418,12,13,31164,770
30418,12,13,30794,1050
30418,12,13,30424,1260
33391,12,13,34132,0
33391,12,13,33762,420
33391,12,13,33392,700
33391,12,13,1,910
22259,12,13,24112,0
22259,12,13,23742,420
22259,12,13,23372,700
22259,12,13,23002,910
22259,12,13,22632,1190
22259,12,13,22262,1400
30789,12,13,32645,0
30789,12,13,32275,420
30789,12,13,31905,700
30789,12,13,31535,980
30789,12,13,31165,1190
30789,12,13,30795,1470
27825,12,13,29307,0
27825,12,13,28937,420
27825,12,13,28567,700
27825,12,13,28197,980
27825,12,13,27827,1190
27825,12,13,1,1470
19648,12,13,22255,0
19648,12,13,21885,350
19648,12,13,21515,630
19648,12,13,21145,840
19648,12,13,20775,1120
19648,12,13,20405,1330
19648,12,13,20035,1400
19648,12,13,19665,1470
19657,12,13,21885,0
19657,12,13,21515,420
19657,12,13,21145,630
19657,12,13,20775,910
19657,12,13,20405,1120
19657,12,13,20035,1190
19657,12,13,19665,1260
19657,12,13,1,1330
16693,12,13,20767,0
16693,12,13,20397,280
16693,12,13,20027,350
16693,12,13,19657,420
16693,12,13,18917,490
16693,12,13,18547,560
16693,12,13,18177,630
16693,12,13,17437,700
16693,12,13,17067,770
16693,12,13,1,840
20763,12,13,22258,0
20763,12,13,21888,490
20763,12,13,21518,770
20763,12,13,21148,980
20763,12,13,20778,1260
20763,12,13,1,1470
34502,12,13,35985,0
34502,12,13,35615,560
34502,12,13,35245,840
34502,12,13,34875,1050
34502,12,13,34505,1330
13729,12,13,21499,0
13729,12,13,21129,280
13729,12,13,20759,560
13729,12,13,20389,770
13729,12,13,20019,840
13729,12,13,19279,910
13729,12,13,18909,980
13729,12,13,18169,1050
13729,12,13,17799,1120
13729,12,13,17429,1190
13729,12,13,16689,1260
13729,12,13,16319,1330
13729,12,13,15579,1400
13729,12,13,15209,1470
26709,12,13,28564,0
26709,12,13,28194,350
26709,12,13,27824,630
26709,12,13,27454,840
26709,12,13,27084,1120
26709,12,13,26714,1330
20772,12,13,21518,0
20772,12,13,21148,420
20772,12,13,20778,700
20772,12,13,1,910
23745,12,13,24856,0
23745,12,13,24486,420
23745,12,13,24116,630
23745,12,13,23746,910
23745,12,13,1,1120
21134,12,13,22629,0
21134,12,13,22259,420
21134,12,13,21889,700
21134,12,13,21519,910
21134,12,13,21149,1190
21134,12,13,1,1400
17064,12,13,20768,0
17064,12,13,20398,280
17064,12,13,20028,350
17064,12,13,19658,420
17064,12,13,19288,490
17064,12,13,18548,560
17064,12,13,18178,630
17064,12,13,17438,700
17064,12,13,17068,770
17064,12,13,1,840
28936,12,13,30790,0
28936,12,13,30420,420
28936,12,13,30050,630
28936,12,13,29680,910
28936,12,13,29310,1120
28936,12,13,28940,1400
14100,12,13,21500,0
14100,12,13,21130,280
14100,12,13,20760,560
14100,12,13,20390,840
14100,12,13,19650,910
14100,12,13,19280,980
14100,12,13,18540,1050
14100,12,13,18170,1120
14100,12,13,17800,1190
14100,12,13,17060,1260
14100,12,13,16690,1330
14100,12,13,15950,1400
14100,12,13,15580,1470
21143,12,13,22629,0
21143,12,13,22259,350
21143,12,13,21889,630
21143,12,13,21519,840
21143,12,13,21149,1120
21143,12,13,1,1330
18170,12,13,21511,0
18170,12,13,21141,420
18170,12,13,20771,700
18170,12,13,20031,980
18170,12,13,19661,1050
18170,12,13,18921,1120
18170,12,13,18551,1190
18170,12,13,18181,1260
18170,12,13,1,1330
18179,12,13,20771,0
18179,12,13,20401,420
18179,12,13,19661,490
18179,12,13,19291,560
18179,12,13,18921,630
18179,12,13,18181,700
18179,12,13,1,770
33015,12,13,34871,0
33015,12,13,34501,420
33015,12,13,34131,700
33015,12,13,33761,910
33015,12,13,33391,1190
33015,12,13,33021,1400
35988,12,13,36729,0
35988,12,13,36359,350
35988,12,13,35989,630
35988,12,13,1,910
29307,12,13,31161,0
29307,12,13,30791,420
29307,12,13,30421,630
29307,12,13,30051,910
29307,12,13,29681,1120
29307,12,13,29311,1400
23370,12,13,25225,0
23370,12,13,24855,560
23370,12,13,24485,770
23370,12,13,24115,1050
23370,12,13,23745,1260
15577,12,13,20394,0
15577,12,13,20024,280
15577,12,13,19654,350
15577,12,13,18914,420
15577,12,13,18544,490
15577,12,13,18174,560
15577,12,13,17434,630
15577,12,13,17064,700
15577,12,13,16324,770
15577,12,13,15954,840
15577,12,13,15584,910
15577,12,13,1,980
26343,12,13,28563,0
26343,12,13,28193,420
26343,12,13,27823,700
26343,12,13,27453,910
26343,12,13,27083,1190
26343,12,13,26713,1470
33386,12,13,35242,0
33386,12,13,34872,420
33386,12,13,34502,700
33386,12,13,34132,910
33386,12,13,33762,1190
33386,12,13,33392,1400
30422,12,13,31904,0
30422,12,13,31534,420
30422,12,13,31164,630
30422,12,13,30794,910
30422,12,13,30424,1190
30422,12,13,1,1400
22254,12,13,24112,0
22254,12,13,23742,490
22254,12,13,23372,770
22254,12,13,23002,980
22254,12,13,22632,1260
19290,12,13,21144,0
19290,12,13,20774,420
19290,12,13,20034,700
19290,12,13,19664,770
19290,12,13,1,840
19652,12,13,21885,0
19652,12,13,21515,420
19652,12,13,21145,630
19652,12,13,20775,910
19652,12,13,20405,1120
19652,12,13,20035,1190
19652,12,13,19665,1260
19652,12,13,1,1330
20758,12,13,22628,0
20758,12,13,22258,350
20758,12,13,21888,630
20758,12,13,21518,840
20758,12,13,21148,1120
20758,12,13,20778,1330
16688,12,13,21137,0
16688,12,13,20767,420
16688,12,13,20027,700
16688,12,13,19657,770
16688,12,13,18917,840
16688,12,13,18547,910
16688,12,13,18177,980
16688,12,13,17437,1050
16688,12,13,17067,1120
16688,12,13,1,1190
19661,12,13,21145,0
19661,12,13,20775,490
19661,12,13,20405,770
19661,12,13,19665,840
19661,12,13,1,910
31533,12,13,33387,0
31533,12,13,33017,350
31533,12,13,32647,630
31533,12,13,32277,840
31533,12,13,31907,1120
31533,12,13,31537,1330
20767,12,13,22258,0
20767,12,13,21888,350
20767,12,13,21518,630
20767,12,13,21148,840
20767,12,13,20778,1120
20767,12,13,1,1330
16697,12,13,21877,0
16697,12,13,21507,490
16697,12,13,21137,700
16697,12,13,20767,980
16697,12,13,20397,1190
16697,12,13,20027,1260
16697,12,13,19287,1330
16697,12,13,18917,1400
16697,12,13,18547,1470
20776,12,13,21518,0
20776,12,13,21148,350
20776,12,13,20778,560
20776,12,13,1,840
17059,12,13,21138,0
17059,12,13,20768,490
17059,12,13,20398,700
17059,12,13,20028,770
17059,12,13,19288,840
17059,12,13,18918,910
17059,12,13,18178,980
17059,12,13,17808,1050
17059,12,13,17438,1120
17059,12,13,1,1190
21129,12,13,22999,0
21129,12,13,22629,420
21129,12,13,22259,630
21129,12,13,21889,910
21129,12,13,21519,1120
21129,12,13,21149,1400
21138,12,13,22629,0
21138,12,13,22259,490
21138,12,13,21889,770
21138,12,13,21519,1050
21138,12,13,21149,1260
25967,12,13,27822,0
25967,12,13,27452,350
25967,12,13,27082,630
25967,12,13,26712,840
25967,12,13,26342,1120
25967,12,13,25972,1400
31904,12,13,33758,0
31904,12,13,33388,350
31904,12,13,33018,630
31904,12,13,32648,840
31904,12,13,32278,1120
31904,12,13,31908,1330
28940,12,13,31160,0
28940,12,13,30790,350
28940,12,13,30420,630
28940,12,13,30050,840
28940,12,13,29680,1120
28940,12,13,29310,1400
18174,12,13,21141,0
18174,12,13,20771,280
18174,12,13,20401,490
18174,12,13,20031,560
18174,12,13,19661,630
18174,12,13,18921,700
18174,12,13,18551,770
18174,12,13,1,840
35983,12,13,37839,0
35983,12,13,37469,420
35983,12,13,37099,630
35983,12,13,36729,910
35983,12,13,36359,1190
35983,12,13,35989,1400
33019,12,13,34501,0
33019,12,13,34131,350
33019,12,13,33761,630
33019,12,13,33391,840
33019,12,13,33021,1120
33019,12,13,1,1330
26338,12,13,28193,0
26338,12,13,27823,350
26338,12,13,27453,630
26338,12,13,27083,840
26338,12,13,26713,1120
26338,12,13,26343,1400
29311,12,13,31531,0
29311,12,13,31161,350
29311,12,13,30791,630
29311,12,13,30421,840
29311,12,13,30051,1120
29311,12,13,29681,1400
23374,12,13,24485,0
23374,12,13,24115,420
23374,12,13,23745,630
23374,12,13,23375,840
23374,12,13,1,1120
22249,12,13,24112,0
22249,12,13,23742,560
22249,12,13,23372,840
22249,12,13,23002,1050
22249,12,13,22632,1330
19285,12,13,21884,0
19285,12,13,21514,280
19285,12,13,21144,560
19285,12,13,20774,770
19285,12,13,20404,1050
19285,12,13,19664,1120
19285,12,13,19294,1190
19285,12,13,1,1260
22258,12,13,24112,0
22258,12,13,23742,490
22258,12,13,23372,770
22258,12,13,23002,980
22258,12,13,22632,1260
16321,12,13,20766,0
16321,12,13,20396,280
16321,12,13,20026,350
16321,12,13,19656,420
16321,12,13,18916,490
16321,12,13,18546,560
16321,12,13,18176,630
16321,12,13,17436,700
16321,12,13,17066,770
16321,12,13,16326,840
16321,12,13,1,910
19294,12,13,22624,0
19294,12,13,22254,350
19294,12,13,21884,560
19294,12,13,21514,840
19294,12,13,21144,1050
19294,12,13,20774,1330
19647,12,13,22255,0
19647,12,13,21885,350
19647,12,13,21515,630
19647,12,13,21145,840
19647,12,13,20775,1120
19647,12,13,20405,1330
19647,12,13,20035,1400
19647,12,13,19665,1470
19656,12,13,21885,0
19656,12,13,21515,420
19656,12,13,21145,630
19656,12,13,20775,910
19656,12,13,20405,1120
19656,12,13,20035,1190
19656,12,13,19665,1260
19656,12,13,1,1330
20762,12,13,22258,0
20762,12,13,21888,490
20762,12,13,21518,770
20762,12,13,21148,1050
20762,12,13,20778,1260
16692,12,13,20767,0
16692,12,13,20397,280
16692,12,13,20027,350
16692,12,13,19657,420
16692,12,13,18917,490
16692,12,13,18547,560
16692,12,13,17807,630
16692,12,13,17437,700
16692,12,13,17067,770
16692,12,13,1,840
19665,12,13,22625,0
19665,12,13,22255,420
19665,12,13,21885,700
19665,12,13,21515,910
19665,12,13,21145,1190
19665,12,13,20775,1400
34501,12,13,36355,0
34501,12,13,35985,420
34501,12,13,35615,700
34501,12,13,35245,910
34501,12,13,34875,1190
34501,12,13,34505,1400
31537,12,13,33757,0
31537,12,13,33387,350
31537,12,13,33017,560
31537,12,13,32647,840
31537,12,13,32277,1120
31537,12,13,31907,1330
20771,12,13,21518,0
20771,12,13,21148,420
20771,12,13,20778,630
20771,12,13,1,910
21883,12,13,23741,0
21883,12,13,23371,420
21883,12,13,23001,630
21883,12,13,22631,910
21883,12,13,22261,1120
21883,12,13,21891,1400
24856,12,13,26709,0
24856,12,13,26339,420
24856,12,13,25969,700
24856,12,13,25599,910
24856,12,13,25229,1190
24856,12,13,24859,1470
14099,12,13,17060,0
14099,12,13,16320,280
14099,12,13,15950,350
14099,12,13,15580,420
14099,12,13,15210,490
14099,12,13,14470,560
14099,12,13,14100,630
14099,12,13,1,700
28935,12,13,30420,0
28935,12,13,30050,490
28935,12,13,29680,770
28935,12,13,29310,980
28935,12,13,28940,1260
31908,12,13,34128,0
31908,12,13,33758,350
31908,12,13,33388,560
31908,12,13,33018,840
31908,12,13,32648,1120
31908,12,13,32278,1330
25971,12,13,26712,0
25971,12,13,26342,560
25971,12,13,25972,770
25971,12,13,1,1050
18169,12,13,21511,0
18169,12,13,21141,420
18169,12,13,20771,630
18169,12,13,20401,910
18169,12,13,19661,980
18169,12,13,19291,1050
18169,12,13,18551,1120
18169,12,13,18181,1190
18169,12,13,1,1260
17803,12,13,20770,0
17803,12,13,20030,490
17803,12,13,19660,560
17803,12,13,19290,630
17803,12,13,18550,700
17803,12,13,18180,770
17803,12,13,1,840
37099,12,13,38582,0
37099,12,13,38212,490
37099,12,13,37842,770
37099,12,13,37472,980
37099,12,13,37102,1260
37099,12,13,1,1470
26342,12,13,27083,0
26342,12,13,26713,560
26342,12,13,26343,770
26342,12,13,1,1050
15210,12,13,20023,0
15210,12,13,19283,280
15210,12,13,18913,350
15210,12,13,18543,420
15210,12,13,17803,490
15210,12,13,17433,560
15210,12,13,17063,630
15210,12,13,16323,700
15210,12,13,15953,770
15210,12,13,15213,840
15210,12,13,1,910
19280,12,13,21884,0
19280,12,13,21514,490
19280,12,13,21144,770
19280,12,13,20774,980
19280,12,13,20404,1260
19280,12,13,19664,1330
19280,12,13,19294,1400
19280,12,13,1,1470
22253,12,13,24112,0
22253,12,13,23742,490
22253,12,13,23372,770
22253,12,13,23002,980
22253,12,13,22632,1260
22253,12,13,22262,1470
19289,12,13,21144,0
19289,12,13,20774,420
19289,12,13,20404,630
19289,12,13,20034,700
19289,12,13,19664,770
19289,12,13,1,840
22262,12,13,24482,0
22262,12,13,24112,490
22262,12,13,23742,700
22262,12,13,23372,980
22262,12,13,23002,1190
22262,12,13,22632,1470
16325,12,13,20026,0
16325,12,13,19656,280
16325,12,13,18916,350
16325,12,13,18546,420
16325,12,13,17806,490
16325,12,13,17436,560
16325,12,13,16696,630
16325,12,13,16326,700
16325,12,13,1,770
19651,12,13,22255,0
19651,12,13,21885,350
19651,12,13,21515,630
19651,12,13,21145,840
19651,12,13,20775,1120
19651,12,13,20405,1330
19651,12,13,20035,1400
19651,12,13,19665,1470
20757,12,13,22628,0
20757,12,13,22258,350
20757,12,13,21888,630
20757,12,13,21518,840
20757,12,13,21148,1120
20757,12,13,20778,1330
16687,12,13,21137,0
16687,12,13,20767,490
16687,12,13,20397,700
16687,12,13,20027,770
16687,12,13,19287,840
16687,12,13,18917,910
16687,12,13,18177,980
16687,12,13,17807,1050
16687,12,13,17437,1120
16687,12,13,16697,1190
16687,12,13,1,1260
27453,12,13,29306,0
27453,12,13,28936,420
27453,12,13,28566,630
27453,12,13,28196,910
27453,12,13,27826,1120
27453,12,13,27456,1400
20766,12,13,21888,0
20766,12,13,21518,560
20766,12,13,21148,840
20766,12,13,20778,1050
20766,12,13,1,1330
16696,12,13,19657,0
16696,12,13,18917,350
16696,12,13,18547,420
16696,12,13,17807,490
16696,12,13,17437,560
16696,12,13,16697,630
16696,12,13,1,700
34505,12,13,36725,0
34505,12,13,36355,350
34505,12,13,35985,630
34505,12,13,35615,840
34505,12,13,35245,1120
34505,12,13,34875,1330
31532,12,13,33017,0
31532,12,13,32647,560
31532,12,13,32277,840
31532,12,13,31907,1050
31532,12,13,31537,1330
21878,12,13,23741,0
21878,12,13,23371,420
21878,12,13,23001,630
21878,12,13,22631,910
21878,12,13,22261,1120
21878,12,13,21891,1400
35617,13,14,36358,0
35617,13,14,35988,420
35617,13,14,35618,630
35617,13,14,1,910
21887,13,14,23371,0
21887,13,14,23001,560
21887,13,14,22631,840
21887,13,14,22261,1050
21887,13,14,21891,1330
25966,13,14,27822,0
25966,13,14,27452,420
25966,13,14,27082,700
25966,13,14,26712,980
25966,13,14,26342,1190
25966,13,14,25972,1470
28939,13,14,29680,0
28939,13,14,29310,490
28939,13,14,28940,700
28939,13,14,1,980
17798,13,14,21510,0
17798,13,14,21140,350
17798,13,14,20770,630
17798,13,14,20400,840
17798,13,14,20030,910
17798,13,14,19290,980
17798,13,14,18920,1050
17798,13,14,18180,1120
17798,13,14,17810,1190
17798,13,14,1,1260
17807,13,14,20770,0
17807,13,14,20400,420
17807,13,14,20030,490
17807,13,14,19290,560
17807,13,14,18920,630
17807,13,14,18550,700
17807,13,14,17810,770
17807,13,14,1,840
34130,13,14,35984,0
34130,13,14,35614,420
34130,13,14,35244,700
34130,13,14,34874,910
34130,13,14,34504,1190
34130,13,14,34134,1400
23373,13,14,24855,0
23373,13,14,24485,560
23373,13,14,24115,770
23373,13,14,23745,1050
23373,13,14,23375,1330
30050,13,14,31533,0
30050,13,14,31163,560
30050,13,14,30793,840
30050,13,14,30423,1050
30050,13,14,30053,1330
19284,13,14,21884,0
19284,13,14,21514,350
19284,13,14,21144,560
19284,13,14,20774,840
19284,13,14,20404,1050
19284,13,14,20034,1120
19284,13,14,19664,1190
19284,13,14,1,1260
16320,13,14,20766,0
16320,13,14,20396,280
16320,13,14,20026,350
16320,13,14,19656,420
16320,13,14,19286,490
16320,13,14,18546,560
16320,13,14,18176,630
16320,13,14,17436,700
16320,13,14,17066,770
16320,13,14,16696,840
16320,13,14,1,910
19293,13,14,20774,0
19293,13,14,20404,490
19293,13,14,20034,560
19293,13,14,19294,630
19293,13,14,1,700
38214,13,14,38955,0
38214,13,14,38585,350
38214,13,14,38215,630
38214,13,14,1,840
24484,13,14,26338,0
24484,13,14,25968,560
24484,13,14,25598,770
24484,13,14,25228,1050
24484,13,14,24858,1260
20761,13,14,22258,0
20761,13,14,21888,490
20761,13,14,21518,770
20761,13,14,21148,980
20761,13,14,20778,1260
34500,13,14,36355,0
34500,13,14,35985,420
34500,13,14,35615,630
34500,13,14,35245,910
34500,13,14,34875,1120
34500,13,14,34505,1400
31536,13,14,32277,0
31536,13,14,31907,420
31536,13,14,31537,630
31536,13,14,1,910
20395,13,14,21887,0
20395,13,14,21517,490
20395,13,14,21147,770
20395,13,14,20777,980
20395,13,14,20407,1260
20395,13,14,1,1330
21873,13,14,23741,0
21873,13,14,23371,420
21873,13,14,23001,630
21873,13,14,22631,910
21873,13,14,22261,1120
21873,13,14,21891,1400
20404,13,14,21517,0
20404,13,14,21147,350
20404,13,14,20777,560
20404,13,14,20407,840
20404,13,14,1,910
35612,13,14,37468,0
35612,13,14,37098,420
35612,13,14,36728,700
35612,13,14,36358,910
35612,13,14,35988,1190
35612,13,14,35618,1400
32648,13,14,34130,0
32648,13,14,33760,350
32648,13,14,33390,630
32648,13,14,33020,840
32648,13,14,32650,1120
32648,13,14,1,1330
21882,13,14,23741,0
21882,13,14,23371,420
21882,13,14,23001,630
21882,13,14,22631,910
21882,13,14,22261,1120
21882,13,14,21891,1400
24855,13,14,26709,0
24855,13,14,26339,490
24855,13,14,25969,770
24855,13,14,25599,1050
24855,13,14,25229,1260
21891,13,14,24111,0
21891,13,14,23741,350
21891,13,14,23371,630
21891,13,14,23001,840
21891,13,14,22631,1120
21891,13,14,22261,1400
36727,13,14,38211,0
36727,13,14,37841,560
36727,13,14,37471,840
36727,13,14,37101,1050
36727,13,14,36731,1330
28934,13,14,30420,0
28934,13,14,30050,490
28934,13,14,29680,770
28934,13,14,29310,980
28934,13,14,28940,1260
28934,13,14,1,1470
25970,13,14,27452,0
25970,13,14,27082,490
25970,13,14,26712,700
25970,13,14,26342,980
25970,13,14,25972,1190
25970,13,14,1,1470
17802,13,14,21510,0
17802,13,14,21140,350
17802,13,14,20770,560
17802,13,14,20400,840
17802,13,14,19660,910
17802,13,14,19290,980
17802,13,14,18920,1050
17802,13,14,18180,1120
17802,13,14,17810,1190
17802,13,14,1,1260
28568,13,14,29309,0
28568,13,14,28939,490
28568,13,14,28569,700
28568,13,14,1,980
37098,13,14,38952,0
37098,13,14,38582,350
37098,13,14,38212,630
37098,13,14,37842,840
37098,13,14,37472,1120
37098,13,14,37102,1330
34134,13,14,36354,0
34134,13,14,35984,350
34134,13,14,35614,630
34134,13,14,35244,840
34134,13,14,34874,1120
34134,13,14,34504,1330
23002,13,14,24484,0
23002,13,14,24114,490
23002,13,14,23744,770
23002,13,14,23374,980
23002,13,14,23004,1260
19279,13,14,21884,0
19279,13,14,21514,490
19279,13,14,21144,770
19279,13,14,20774,980
19279,13,14,20404,1260
19279,13,14,19664,1330
19279,13,14,19294,1400
19279,13,14,1,1470
15209,13,14,20023,0
15209,13,14,19653,280
15209,13,14,19283,350
15209,13,14,18543,420
15209,13,14,18173,490
15209,13,14,17433,560
15209,13,14,17063,630
15209,13,14,16693,700
15209,13,14,15953,770
15209,13,14,15583,840
15209,13,14,1,910
27081,13,14,28935,0
27081,13,14,28565,490
27081,13,14,28195,700
27081,13,14,27825,980
27081,13,14,27455,1190
27081,13,14,27085,1470
19288,13,14,21144,0
19288,13,14,20774,420
19288,13,14,20034,700
19288,13,14,19664,770
19288,13,14,1,840
16324,13,14,20396,0
16324,13,14,19656,280
16324,13,14,19286,350
16324,13,14,18916,420
16324,13,14,18546,490
16324,13,14,17806,560
16324,13,14,17436,630
16324,13,14,16696,700
16324,13,14,16326,770
16324,13,14,1,840
18922,13,14,20773,0
18922,13,14,20033,490
18922,13,14,19663,560
18922,13,14,18923,630
18922,13,14,1,700
35245,13,14,36727,0
35245,13,14,36357,350
35245,13,14,35987,560
35245,13,14,35617,840
35245,13,14,35247,1120
35245,13,14,1,1330
27452,13,14,29306,0
27452,13,14,28936,490
27452,13,14,28566,770
27452,13,14,28196,980
27452,13,14,27826,1260
27452,13,14,27456,1470
24488,13,14,26708,0
24488,13,14,26338,490
24488,13,14,25968,700
24488,13,14,25598,980
24488,13,14,25228,1190
24488,13,14,24858,1470
39324,13,14,41178,0
39324,13,14,40808,350
39324,13,14,40438,630
39324,13,14,40068,840
39324,13,14,39698,1120
39324,13,14,39328,1330
31531,13,14,33017,0
31531,13,14,32647,560
31531,13,14,32277,840
31531,13,14,31907,1050
31531,13,14,31537,1330
20390,13,14,22257,0
20390,13,14,21887,420
20390,13,14,21517,700
20390,13,14,21147,980
20390,13,14,20777,1190
20390,13,14,1,1470
20399,13,14,21887,0
20399,13,14,21517,490
20399,13,14,21147,770
20399,13,14,20777,980
20399,13,14,20407,1260
20399,13,14,1,1330
17435,13,14,20769,0
17435,13,14,20399,350
17435,13,14,20029,420
17435,13,14,19659,490
17435,13,14,18919,560
17435,13,14,18549,630
17435,13,14,17809,700
17435,13,14,17439,770
17435,13,14,1,840
21877,13,14,23741,0
21877,13,14,23371,490
21877,13,14,23001,700
21877,13,14,22631,980
21877,13,14,22261,1190
21877,13,14,21891,1470
35616,13,14,37098,0
35616,13,14,36728,350
35616,13,14,36358,560
35616,13,14,35988,840
35616,13,14,35618,1120
35616,13,14,1,1330
21886,13,14,23371,0
21886,13,14,23001,560
21886,13,14,22631,770
21886,13,14,22261,1050
21886,13,14,21891,1260
36731,13,14,38581,0
36731,13,14,38211,490
36731,13,14,37841,770
36731,13,14,37471,1050
36731,13,14,37101,1260
28563,13,14,30049,0
28563,13,14,29679,490
28563,13,14,29309,770
28563,13,14,28939,1050
28563,13,14,28569,1260
25599,13,14,27081,0
25599,13,14,26711,490
25599,13,14,26341,700
25599,13,14,25971,980
25599,13,14,25601,1190
25599,13,14,1,1470
17806,13,14,20770,0
17806,13,14,20030,490
17806,13,14,19660,560
17806,13,14,18920,630
17806,13,14,18550,700
17806,13,14,18180,770
17806,13,14,1,840
29678,13,14,31532,0
29678,13,14,31162,420
29678,13,14,30792,630
29678,13,14,30422,910
29678,13,14,30052,1120
29678,13,14,29682,1400
14842,13,14,21872,0
14842,13,14,21502,280
14842,13,14,21132,560
14842,13,14,20762,770
14842,13,14,20022,1050
14842,13,14,19652,1120
14842,13,14,19282,1190
14842,13,14,18542,1260
14842,13,14,18172,1330
14842,13,14,17432,1400
14842,13,14,17062,1470
34129,13,14,35984,0
34129,13,14,35614,420
34129,13,14,35244,630
34129,13,14,34874,910
34129,13,14,34504,1120
34129,13,14,34134,1400
20033,13,14,21146,0
20033,13,14,20776,560
20033,13,14,20406,770
20033,13,14,20036,840
20033,13,14,1,910
30049,13,14,31903,0
30049,13,14,31533,420
30049,13,14,31163,700
30049,13,14,30793,910
30049,13,14,30423,1190
30049,13,14,30053,1400
27085,13,14,29305,0
27085,13,14,28935,420
27085,13,14,28565,700
27085,13,14,28195,910
27085,13,14,27825,1190
27085,13,14,27455,1400
16319,13,14,20766,0
16319,13,14,20396,280
16319,13,14,20026,350
16319,13,14,19656,420
16319,13,14,19286,490
16319,13,14,18546,560
16319,13,14,18176,630
16319,13,14,17436,700
16319,13,14,17066,770
16319,13,14,16696,840
16319,13,14,1,910
18917,13,14,21143,0
18917,13,14,20773,350
18917,13,14,20403,630
18917,13,14,19663,700
18917,13,14,19293,770
18917,13,14,1,840
15953,13,14,20025,0
15953,13,14,19285,350
15953,13,14,18545,420
15953,13,14,18175,490
15953,13,14,17435,560
15953,13,14,17065,630
15953,13,14,16695,700
15953,13,14,15955,770
15953,13,14,1,840
38213,13,14,39325,0
38213,13,14,38955,560
38213,13,14,38585,770
38213,13,14,38215,1050
38213,13,14,1,1260
24483,13,14,26338,0
24483,13,14,25968,420
24483,13,14,25598,700
24483,13,14,25228,910
24483,13,14,24858,1190
24483,13,14,24488,1470
20394,13,14,21887,0
20394,13,14,21517,490
20394,13,14,21147,770
20394,13,14,20777,980
20394,13,14,20407,1260
20394,13,14,1,1330
21872,13,14,23741,0
21872,13,14,23371,420
21872,13,14,23001,630
21872,13,14,22631,910
21872,13,14,22261,1120
21872,13,14,21891,1400
17430,13,14,21509,0
17430,13,14,21139,210
17430,13,14,20769,490
17430,13,14,20399,770
17430,13,14,19659,840
17430,13,14,19289,910
17430,13,14,18549,980
17430,13,14,18179,1050
17430,13,14,17809,1120
17430,13,14,1,1190
20403,13,14,21517,0
20403,13,14,21147,350
20403,13,14,20777,630
20403,13,14,20407,840
20403,13,14,1,910
32647,13,14,34130,0
32647,13,14,33760,490
32647,13,14,33390,770
32647,13,14,33020,1050
32647,13,14,32650,1260
17439,13,14,22249,0
17439,13,14,21879,280
17439,13,14,21509,490
17439,13,14,21139,770
17439,13,14,20769,1050
17439,13,14,20399,1260
17439,13,14,20029,1330
17439,13,14,19289,1400
17439,13,14,18919,1470
21881,13,14,23371,0
21881,13,14,23001,420
21881,13,14,22631,630
21881,13,14,22261,910
21881,13,14,21891,1120
21881,13,14,1,1400
36726,13,14,38211,0
36726,13,14,37841,560
36726,13,14,37471,770
36726,13,14,37101,1050
36726,13,14,36731,1260
28567,13,14,30049,0
28567,13,14,29679,420
28567,13,14,29309,630
28567,13,14,28939,910
28567,13,14,28569,1120
28567,13,14,1,1400
17801,13,14,21510,0
17801,13,14,21140,350
17801,13,14,20770,630
17801,13,14,20400,840
17801,13,14,20030,910
17801,13,14,19290,980
17801,13,14,18920,1050
17801,13,14,18180,1120
17801,13,14,17810,1190
17801,13,14,1,1260
29682,13,14,31902,0
29682,13,14,31532,350
29682,13,14,31162,630
29682,13,14,30792,840
29682,13,14,30422,1120
29682,13,14,30052,1400
20028,13,14,21886,0
20028,13,14,21516,490
20028,13,14,21146,700
20028,13,14,20776,980
20028,13,14,20406,1190
20028,13,14,20036,1260
20028,13,14,1,1330
23001,13,14,24854,0
23001,13,14,24484,490
23001,13,14,24114,700
23001,13,14,23744,980
23001,13,14,23374,1190
23001,13,14,23004,1470
27080,13,14,28565,0
27080,13,14,28195,560
27080,13,14,27825,840
27080,13,14,27455,1050
27080,13,14,27085,1330
18912,13,14,21883,0
18912,13,14,21513,280
18912,13,14,21143,560
18912,13,14,20773,770
18912,13,14,20403,1050
18912,13,14,19663,1120
18912,13,14,19293,1190
18912,13,14,18923,1260
18912,13,14,1,1330
18921,13,14,21143,0
18921,13,14,20773,280
18921,13,14,20403,490
18921,13,14,20033,560
18921,13,14,19663,630
18921,13,14,18923,700
18921,13,14,1,770
31165,13,14,31906,0
31165,13,14,31536,420
31165,13,14,31166,700
31165,13,14,1,910
35244,13,14,36727,0
35244,13,14,36357,560
35244,13,14,35987,840
35244,13,14,35617,1050
35244,13,14,35247,1330
39323,13,14,40808,0
39323,13,14,40438,560
39323,13,14,40068,840
39323,13,14,39698,1050
39323,13,14,39328,1330
20389,13,14,22257,0
20389,13,14,21887,420
20389,13,14,21517,700
20389,13,14,21147,980
20389,13,14,20777,1190
20389,13,14,1,1470
20398,13,14,21887,0
20398,13,14,21517,490
20398,13,14,21147,770
20398,13,14,20777,980
20398,13,14,20407,1260
20398,13,14,1,1330
17434,13,14,20769,0
17434,13,14,20399,350
17434,13,14,20029,420
17434,13,14,19659,490
17434,13,14,18919,560
17434,13,14,18549,630
17434,13,14,17809,700
17434,13,14,17439,770
17434,13,14,1,840
21876,13,14,23741,0
21876,13,14,23371,490
21876,13,14,23001,700
21876,13,14,22631,980
21876,13,14,22261,1190
21876,13,14,21891,1470
35615,13,14,37098,0
35615,13,14,36728,560
35615,13,14,36358,840
35615,13,14,35988,1050
35615,13,14,35618,1330
21510,13,14,23000,0
21510,13,14,22630,490
21510,13,14,22260,770
21510,13,14,21890,1050
21510,13,14,21520,1260
36730,13,14,37101,0
36730,13,14,36731,560
36730,13,14,1,840
21519,13,14,22260,0
21519,13,14,21890,420
21519,13,14,21520,700
21519,13,14,1,910
22625,13,14,24853,0
22625,13,14,24483,350
22625,13,14,24113,630
22625,13,14,23743,840
22625,13,14,23373,1120
22625,13,14,23003,1400
25598,13,14,27451,0
25598,13,14,27081,350
25598,13,14,26711,630
25598,13,14,26341,910
25598,13,14,25971,1120
25598,13,14,25601,1400
29677,13,14,31162,0
29677,13,14,30792,490
29677,13,14,30422,770
29677,13,14,30052,1050
29677,13,14,29682,1260
20023,13,14,21886,0
20023,13,14,21516,420
20023,13,14,21146,700
20023,13,14,20776,980
20023,13,14,20406,1190
20023,13,14,20036,1260
20023,13,14,1,1330
33762,13,14,34503,0
33762,13,14,34133,420
33762,13,14,33763,700
33762,13,14,1,910
20032,13,14,21516,0
20032,13,14,21146,350
20032,13,14,20776,560
20032,13,14,20036,840
20032,13,14,1,910
37841,13,14,39324,0
37841,13,14,38954,490
37841,13,14,38584,770
37841,13,14,38214,980
37841,13,14,37844,1260
27084,13,14,27825,0
27084,13,14,27455,560
27084,13,14,27085,770
27084,13,14,1,1050
18916,13,14,21143,0
18916,13,14,20773,350
18916,13,14,20403,630
18916,13,14,19663,700
18916,13,14,19293,770
18916,13,14,1,840
15952,13,14,20765,0
15952,13,14,20025,280
15952,13,14,19655,350
15952,13,14,19285,420
15952,13,14,18545,490
15952,13,14,18175,560
15952,13,14,17805,630
15952,13,14,17065,700
15952,13,14,16695,770
15952,13,14,15955,840
15952,13,14,1,910
31160,13,14,33016,0
31160,13,14,32646,350
31160,13,14,32276,630
31160,13,14,31906,840
31160,13,14,31536,1120
31160,13,14,31166,1330
38212,13,14,39695,0
38212,13,14,39325,490
38212,13,14,38955,770
38212,13,14,38585,980
38212,13,14,38215,1260
32275,13,14,34129,0
32275,13,14,33759,350
32275,13,14,33389,630
32275,13,14,33019,840
32275,13,14,32649,1120
32275,13,14,32279,1400
24116,13,14,25227,0
24116,13,14,24857,420
24116,13,14,24487,630
24116,13,14,24117,840
24116,13,14,1,1120
20393,13,14,22257,0
20393,13,14,21887,420
20393,13,14,21517,700
20393,13,14,21147,980
20393,13,14,20777,1190
20393,13,14,1,1470
28195,13,14,30048,0
28195,13,14,29678,350
28195,13,14,29308,630
28195,13,14,28938,840
28195,13,14,28568,1120
28195,13,14,28198,1330
17429,13,14,21509,0
17429,13,14,21139,280
17429,13,14,20769,560
17429,13,14,20399,770
17429,13,14,20029,840
17429,13,14,19659,910
17429,13,14,18919,980
17429,13,14,18549,1050
17429,13,14,17809,1120
17429,13,14,17439,1190
17429,13,14,1,1260
32646,13,14,34500,0
32646,13,14,34130,350
32646,13,14,33760,630
32646,13,14,33390,840
32646,13,14,33020,1120
32646,13,14,32650,1400
17438,13,14,20399,0
17438,13,14,20029,280
17438,13,14,19289,350
17438,13,14,18919,420
17438,13,14,18179,490
17438,13,14,17809,560
17438,13,14,1,630
21505,13,14,23000,0
21505,13,14,22630,420
21505,13,14,22260,630
21505,13,14,21890,910
21505,13,14,21520,1120
21505,13,14,1,1400
18541,13,14,21512,0
18541,13,14,21142,490
18541,13,14,20772,770
18541,13,14,20402,980
18541,13,14,20032,1050
18541,13,14,19292,1120
18541,13,14,18922,1190
18541,13,14,18552,1260
18541,13,14,1,1330
21514,13,14,23000,0
21514,13,14,22630,560
21514,13,14,22260,770
21514,13,14,21890,1050
21514,13,14,21520,1260
18550,13,14,20772,0
18550,13,14,20032,490
18550,13,14,19662,560
18550,13,14,19292,630
18550,13,14,18552,700
18550,13,14,1,770
36359,13,14,36730,0
36359,13,14,36360,560
36359,13,14,1,840
28566,13,14,30049,0
28566,13,14,29679,560
28566,13,14,29309,840
28566,13,14,28939,1050
28566,13,14,28569,1330
22629,13,14,24483,0
22629,13,14,24113,560
22629,13,14,23743,770
22629,13,14,23373,1050
22629,13,14,23003,1260
29681,13,14,30422,0
29681,13,14,30052,490
29681,13,14,29682,700
29681,13,14,1,980
14470,13,14,17431,0
14470,13,14,16691,280
14470,13,14,16321,350
14470,13,14,15951,420
14470,13,14,15581,490
14470,13,14,14841,560
14470,13,14,14471,630
14470,13,14,1,700
33757,13,14,35613,0
33757,13,14,35243,420
33757,13,14,34873,700
33757,13,14,34503,910
33757,13,14,34133,1190
33757,13,14,33763,1400
30793,13,14,32275,0
30793,13,14,31905,490
30793,13,14,31535,700
30793,13,14,31165,980
30793,13,14,30795,1190
30793,13,14,1,1470
20027,13,14,21886,0
20027,13,14,21516,490
20027,13,14,21146,700
20027,13,14,20776,980
20027,13,14,20406,1190
20027,13,14,20036,1260
20027,13,14,1,1330
23000,13,14,24854,0
23000,13,14,24484,560
23000,13,14,24114,770
23000,13,14,23744,1050
23000,13,14,23374,1260
20036,13,14,22626,0
20036,13,14,22256,490
20036,13,14,21886,700
20036,13,14,21516,980
20036,13,14,21146,1190
20036,13,14,20776,1470
34872,13,14,36726,0
34872,13,14,36356,420
34872,13,14,35986,700
34872,13,14,35616,910
34872,13,14,35246,1190
34872,13,14,34876,1400
18911,13,14,21513,0
18911,13,14,21143,490
18911,13,14,20773,770
18911,13,14,20403,980
18911,13,14,20033,1050
18911,13,14,19293,1120
18911,13,14,18923,1190
18911,13,14,1,1260
26713,13,14,27454,0
26713,13,14,27084,560
26713,13,14,26714,770
26713,13,14,1,1050
18920,13,14,21143,0
18920,13,14,20773,350
18920,13,14,20403,560
18920,13,14,20033,630
18920,13,14,19663,700
18920,13,14,18923,770
18920,13,14,1,840
31164,13,14,32646,0
31164,13,14,32276,350
31164,13,14,31906,630
31164,13,14,31536,840
31164,13,14,31166,1120
31164,13,14,1,1330
35243,13,14,37097,0
35243,13,14,36727,420
35243,13,14,36357,630
35243,13,14,35987,910
35243,13,14,35617,1190
35243,13,14,35247,1400
32279,13,14,34499,0
32279,13,14,34129,350
32279,13,14,33759,630
32279,13,14,33389,840
32279,13,14,33019,1120
32279,13,14,32649,1330
17068,13,14,21878,0
17068,13,14,21508,490
17068,13,14,21138,700
17068,13,14,20768,980
17068,13,14,20398,1190
17068,13,14,20028,1260
17068,13,14,19658,1330
17068,13,14,18918,1400
17068,13,14,18548,1470
24111,13,14,25967,0
24111,13,14,25597,420
24111,13,14,25227,700
24111,13,14,24857,910
24111,13,14,24487,1190
24111,13,14,24117,1470
21147,13,14,21889,0
21147,13,14,21519,420
21147,13,14,21149,700
21147,13,14,1,910
25226,13,14,27080,0
25226,13,14,26710,420
25226,13,14,26340,700
25226,13,14,25970,980
25226,13,14,25600,1190
25226,13,14,25230,1470
21500,13,14,23370,0
21500,13,14,23000,490
21500,13,14,22630,700
21500,13,14,22260,980
21500,13,14,21890,1190
21500,13,14,21520,1470
21509,13,14,23000,0
21509,13,14,22630,420
21509,13,14,22260,700
21509,13,14,21890,910
21509,13,14,21520,1190
21509,13,14,1,1400
18545,13,14,21142,0
18545,13,14,20772,280
18545,13,14,20402,560
18545,13,14,20032,630
18545,13,14,19292,700
18545,13,14,18922,770
18545,13,14,1,840
21518,13,14,23000,0
21518,13,14,22630,420
21518,13,14,22260,630
21518,13,14,21890,840
21518,13,14,21520,1120
21518,13,14,1,1400
36354,13,14,38210,0
36354,13,14,37840,350
36354,13,14,37470,630
36354,13,14,37100,840
36354,13,14,36730,1120
36354,13,14,36360,1330
15581,13,14,20394,0
15581,13,14,19654,280
15581,13,14,19284,350
15581,13,14,18914,420
15581,13,14,18174,490
15581,13,14,17804,560
15581,13,14,17434,630
15581,13,14,16694,700
15581,13,14,16324,770
15581,13,14,15584,840
15581,13,14,1,910
33390,13,14,34872,0
33390,13,14,34502,350
33390,13,14,34132,630
33390,13,14,33762,840
33390,13,14,33392,1120
33390,13,14,1,1330
22624,13,14,24853,0
22624,13,14,24483,350
22624,13,14,24113,630
22624,13,14,23743,840
22624,13,14,23373,1120
22624,13,14,23003,1330
25597,13,14,27451,0
25597,13,14,27081,490
25597,13,14,26711,700
25597,13,14,26341,980
25597,13,14,25971,1190
25597,13,14,25601,1470
37469,13,14,39323,0
37469,13,14,38953,350
37469,13,14,38583,630
37469,13,14,38213,840
37469,13,14,37843,1120
37469,13,14,37473,1330
22633,13,14,24853,0
22633,13,14,24483,490
22633,13,14,24113,770
22633,13,14,23743,980
22633,13,14,23373,1260
22633,13,14,23003,1470
20022,13,14,22256,0
20022,13,14,21886,420
20022,13,14,21516,630
20022,13,14,21146,910
20022,13,14,20776,1120
20022,13,14,20406,1400
20022,13,14,20036,1470
33761,13,14,35243,0
33761,13,14,34873,350
33761,13,14,34503,630
33761,13,14,34133,840
33761,13,14,33763,1120
33761,13,14,1,1330
27824,13,14,29677,0
27824,13,14,29307,350
27824,13,14,28937,630
27824,13,14,28567,910
27824,13,14,28197,1120
27824,13,14,27827,1400
20031,13,14,21516,0
20031,13,14,21146,350
20031,13,14,20776,560
20031,13,14,20036,840
20031,13,14,1,910
37840,13,14,39694,0
37840,13,14,39324,350
37840,13,14,38954,630
37840,13,14,38584,840
37840,13,14,38214,1120
37840,13,14,37844,1330
34876,13,14,37096,0
34876,13,14,36726,350
34876,13,14,36356,630
34876,13,14,35986,840
34876,13,14,35616,1120
34876,13,14,35246,1330
26708,13,14,28564,0
26708,13,14,28194,420
26708,13,14,27824,630
26708,13,14,27454,910
26708,13,14,27084,1120
26708,13,14,26714,1400
38952,13,14,40437,0
38952,13,14,40067,560
38952,13,14,39697,840
38952,13,14,39327,1050
38952,13,14,38957,1330
23744,13,14,25226,0
23744,13,14,24856,560
23744,13,14,24486,840
23744,13,14,24116,1050
23744,13,14,23746,1330
15951,13,14,20765,0
15951,13,14,20395,280
15951,13,14,20025,350
15951,13,14,19285,420
15951,13,14,18915,490
15951,13,14,18175,560
15951,13,14,17805,630
15951,13,14,17435,700
15951,13,14,16695,770
15951,13,14,16325,840
15951,13,14,1,910
32274,13,14,34129,0
32274,13,14,33759,350
32274,13,14,33389,560
32274,13,14,33019,840
32274,13,14,32649,1120
32274,13,14,32279,1330
17063,13,14,20768,0
17063,13,14,20398,280
17063,13,14,20028,350
17063,13,14,19658,420
17063,13,14,19288,490
17063,13,14,18548,560
17063,13,14,18178,630
17063,13,14,17438,700
17063,13,14,17068,770
17063,13,14,1,840
21133,13,14,22999,0
21133,13,14,22629,420
21133,13,14,22259,630
21133,13,14,21889,840
21133,13,14,21519,1120
21133,13,14,21149,1330
21142,13,14,22629,0
21142,13,14,22259,350
21142,13,14,21889,630
21142,13,14,21519,840
21142,13,14,21149,1120
21142,13,14,1,1400
24115,13,14,25597,0
24115,13,14,25227,560
24115,13,14,24857,770
24115,13,14,24487,1050
24115,13,14,24117,1330
18178,13,14,20771,0
18178,13,14,20401,490
18178,13,14,19661,560
18178,13,14,19291,630
18178,13,14,18921,700
18178,13,14,18181,770
18178,13,14,1,840
35987,13,14,37099,0
35987,13,14,36729,560
35987,13,14,36359,840
35987,13,14,35989,1050
35987,13,14,1,1330
28194,13,14,30048,0
28194,13,14,29678,420
28194,13,14,29308,700
28194,13,14,28938,910
28194,13,14,28568,1190
28194,13,14,28198,1400
25230,13,14,27450,0
25230,13,14,27080,420
25230,13,14,26710,630
25230,13,14,26340,910
25230,13,14,25970,1120
25230,13,14,25600,1400
21504,13,14,23370,0
21504,13,14,23000,420
21504,13,14,22630,630
21504,13,14,22260,910
21504,13,14,21890,1120
21504,13,14,21520,1400
29306,13,14,30791,0
29306,13,14,30421,490
29306,13,14,30051,770
29306,13,14,29681,980
29306,13,14,29311,1260
18540,13,14,21512,0
18540,13,14,21142,420
18540,13,14,20772,700
18540,13,14,20032,980
18540,13,14,19662,1050
18540,13,14,18922,1120
18540,13,14,18552,1190
18540,13,14,1,1260
21513,13,14,23000,0
21513,13,14,22630,560
21513,13,14,22260,770
21513,13,14,21890,1050
21513,13,14,21520,1260
18549,13,14,21142,0
18549,13,14,20772,280
18549,13,14,20032,560
18549,13,14,19662,630
18549,13,14,19292,700
18549,13,14,18552,770
18549,13,14,1,840
36358,13,14,37470,0
36358,13,14,37100,490
36358,13,14,36730,770
36358,13,14,36360,980
36358,13,14,1,1260
30421,13,14,31904,0
30421,13,14,31534,560
30421,13,14,31164,840
30421,13,14,30794,1050
30421,13,14,30424,1330
22628,13,14,24483,0
22628,13,14,24113,490
22628,13,14,23743,770
22628,13,14,23373,1050
22628,13,14,23003,1260
37473,13,14,39323,0
37473,13,14,38953,490
37473,13,14,38583,770
37473,13,14,38213,1050
37473,13,14,37843,1260
20026,13,14,21886,0
20026,13,14,21516,490
20026,13,14,21146,770
20026,13,14,20776,980
20026,13,14,20036,1260
20026,13,14,1,1330
30792,13,14,32645,0
30792,13,14,32275,420
30792,13,14,31905,630
30792,13,14,31535,910
30792,13,14,31165,1120
30792,13,14,30795,1400
34871,13,14,36726,0
34871,13,14,36356,420
34871,13,14,35986,630
34871,13,14,35616,910
34871,13,14,35246,1120
34871,13,14,34876,1400
19660,13,14,21145,0
19660,13,14,20775,490
19660,13,14,20405,770
19660,13,14,19665,840
19660,13,14,1,910
26712,13,14,28194,0
26712,13,14,27824,490
26712,13,14,27454,700
26712,13,14,27084,980
26712,13,14,26714,1190
26712,13,14,1,1470
20775,13,14,21518,0
20775,13,14,21148,350
20775,13,14,20778,630
20775,13,14,1,910
21128,13,14,22999,0
21128,13,14,22629,420
21128,13,14,22259,630
21128,13,14,21889,840
21128,13,14,21519,1120
21128,13,14,21149,1400
17058,13,14,21138,0
17058,13,14,20768,490
17058,13,14,20028,770
17058,13,14,19658,840
17058,13,14,19288,910
17058,13,14,18548,980
17058,13,14,18178,1050
17058,13,14,17438,1120
17058,13,14,17068,1190
17058,13,14,1,1260
31903,13,14,33388,0
31903,13,14,33018,560
31903,13,14,32648,840
31903,13,14,32278,1050
31903,13,14,31908,1330
17067,13,14,20028,0
17067,13,14,19658,280
17067,13,14,18918,350
17067,13,14,18548,420
17067,13,14,17808,490
17067,13,14,17438,560
17067,13,14,1,630
21137,13,14,22629,0
21137,13,14,22259,560
21137,13,14,21889,770
21137,13,14,21519,1050
21137,13,14,21149,1260
18173,13,14,21511,0
18173,13,14,21141,420
18173,13,14,20771,630
18173,13,14,20401,910
18173,13,14,19661,980
18173,13,14,19291,1050
18173,13,14,18551,1120
18173,13,14,18181,1190
18173,13,14,1,1260
21146,13,14,21889,0
21146,13,14,21519,420
21146,13,14,21149,700
21146,13,14,1,910
33018,13,14,34501,0
33018,13,14,34131,560
33018,13,14,33761,840
33018,13,14,33391,1050
33018,13,14,33021,1330
25225,13,14,26710,0
25225,13,14,26340,630
25225,13,14,25970,840
25225,13,14,25600,1120
25225,13,14,25230,1330
21499,13,14,23370,0
21499,13,14,23000,490
21499,13,14,22630,700
21499,13,14,22260,980
21499,13,14,21890,1190
21499,13,14,21520,1470
21508,13,14,23370,0
21508,13,14,23000,420
21508,13,14,22630,630
21508,13,14,22260,840
21508,13,14,21890,1120
21508,13,14,21520,1400
26337,13,14,28193,0
26337,13,14,27823,420
26337,13,14,27453,700
26337,13,14,27083,980
26337,13,14,26713,1190
26337,13,14,26343,1470
29310,13,14,30051,0
29310,13,14,29681,490
29310,13,14,29311,700
29310,13,14,1,980
18544,13,14,21512,0
18544,13,14,21142,420
18544,13,14,20772,700
18544,13,14,20032,980
18544,13,14,19662,1050
18544,13,14,18922,1120
18544,13,14,18552,1190
18544,13,14,1,1260
15580,13,14,20394,0
15580,13,14,20024,280
15580,13,14,19654,350
15580,13,14,18914,420
15580,13,14,18544,490
15580,13,14,17804,560
15580,13,14,17434,630
15580,13,14,17064,700
15580,13,14,16324,770
15580,13,14,15954,840
15580,13,14,1,910
33389,13,14,34872,0
33389,13,14,34502,560
33389,13,14,34132,840
33389,13,14,33762,1050
33389,13,14,33392,1330
37468,13,14,38953,0
37468,13,14,38583,560
37468,13,14,38213,840
37468,13,14,37843,1050
37468,13,14,37473,1330
22257,13,14,24112,0
22257,13,14,23742,490
22257,13,14,23372,770
22257,13,14,23002,980
22257,13,14,22632,1260
27823,13,14,29677,0
27823,13,14,29307,490
27823,13,14,28937,700
27823,13,14,28567,980
27823,13,14,28197,1190
27823,13,14,27827,1470
19655,13,14,21885,0
19655,13,14,21515,420
19655,13,14,21145,700
19655,13,14,20775,910
19655,13,14,20405,1190
19655,13,14,19665,1260
19655,13,14,1,1330
16691,13,14,20767,0
16691,13,14,20397,280
16691,13,14,20027,350
16691,13,14,19657,420
16691,13,14,18917,490
16691,13,14,18547,560
16691,13,14,18177,630
16691,13,14,17437,700
16691,13,14,17067,770
16691,13,14,1,840
19664,13,14,21145,0
19664,13,14,20775,420
19664,13,14,20405,630
19664,13,14,19665,700
19664,13,14,1,770
20770,13,14,21888,0
20770,13,14,21518,560
20770,13,14,21148,840
20770,13,14,20778,1050
20770,13,14,1,1330
23743,13,14,25596,0
23743,13,14,25226,490
23743,13,14,24856,700
23743,13,14,24486,980
23743,13,14,24116,1260
23743,13,14,23746,1470
21132,13,14,22999,0
21132,13,14,22629,420
21132,13,14,22259,630
21132,13,14,21889,840
21132,13,14,21519,1120
21132,13,14,21149,1330
17062,13,14,20768,0
17062,13,14,20398,280
17062,13,14,20028,350
17062,13,14,19658,420
17062,13,14,19288,490
17062,13,14,18548,560
17062,13,14,18178,630
17062,13,14,17438,700
17062,13,14,17068,770
17062,13,14,1,840
18168,13,14,21511,0
18168,13,14,21141,420
18168,13,14,20771,630
18168,13,14,20401,910
18168,13,14,19661,980
18168,13,14,19291,1050
18168,13,14,18551,1120
18168,13,14,18181,1190
18168,13,14,1,1260
31907,13,14,32648,0
31907,13,14,32278,420
31907,13,14,31908,630
31907,13,14,1,910
21141,13,14,22629,0
21141,13,14,22259,350
21141,13,14,21889,560
21141,13,14,21519,840
21141,13,14,21149,1050
21141,13,14,1,1330
18177,13,14,21141,0
18177,13,14,20771,280
18177,13,14,20401,490
18177,13,14,20031,560
18177,13,14,19661,630
18177,13,14,18921,700
18177,13,14,18551,770
18177,13,14,1,840
35986,13,14,37469,0
35986,13,14,37099,560
35986,13,14,36729,770
35986,13,14,36359,1050
35986,13,14,35989,1260
29305,13,14,30791,0
29305,13,14,30421,490
29305,13,14,30051,770
29305,13,14,29681,980
29305,13,14,29311,1260
29305,13,14,1,1470
26341,13,14,27823,0
26341,13,14,27453,490
26341,13,14,27083,700
26341,13,14,26713,980
26341,13,14,26343,1190
26341,13,14,1,1470
30420,13,14,32274,0
30420,13,14,31904,420
30420,13,14,31534,700
30420,13,14,31164,910
30420,13,14,30794,1190
30420,13,14,30424,1400
15584,13,14,21874,0
15584,13,14,21504,350
15584,13,14,21134,630
15584,13,14,20764,910
15584,13,14,20394,1120
15584,13,14,20024,1190
15584,13,14,19284,1260
15584,13,14,18914,1330
15584,13,14,18174,1400
15584,13,14,17804,1470
22252,13,14,24112,0
22252,13,14,23742,560
22252,13,14,23372,840
22252,13,14,23002,1050
22252,13,14,22632,1330
22261,13,14,23002,0
22261,13,14,22632,560
22261,13,14,22262,770
22261,13,14,1,1050
38584,13,14,39696,0
38584,13,14,39326,560
38584,13,14,38956,770
38584,13,14,38586,1050
38584,13,14,1,1260
27827,13,14,30047,0
27827,13,14,29677,420
27827,13,14,29307,700
27827,13,14,28937,910
27827,13,14,28567,1190
27827,13,14,28197,1470
19650,13,14,22255,0
19650,13,14,21885,350
19650,13,14,21515,630
19650,13,14,21145,840
19650,13,14,20775,1120
19650,13,14,20405,1330
19650,13,14,20035,1400
19650,13,14,19665,1470
19659,13,14,21145,0
19659,13,14,20775,560
19659,13,14,20405,770
19659,13,14,20035,840
19659,13,14,1,910
16695,13,14,20397,0
16695,13,14,20027,280
16695,13,14,19287,350
16695,13,14,18917,420
16695,13,14,18177,490
16695,13,14,17807,560
16695,13,14,17437,630
16695,13,14,16697,700
16695,13,14,1,770
20765,13,14,21888,0
20765,13,14,21518,560
20765,13,14,21148,840
20765,13,14,20778,1050
20765,13,14,1,1330
34504,13,14,35245,0
34504,13,14,34875,420
34504,13,14,34505,700
34504,13,14,1,910
20774,13,14,21518,0
20774,13,14,21148,420
20774,13,14,20778,630
20774,13,14,1,910
24859,13,14,27079,0
24859,13,14,26709,490
24859,13,14,26339,700
24859,13,14,25969,980
24859,13,14,25599,1190
24859,13,14,25229,1470
17066,13,14,20398,0
17066,13,14,20028,280
17066,13,14,19288,350
17066,13,14,18918,420
17066,13,14,18548,490
17066,13,14,17808,560
17066,13,14,17438,630
17066,13,14,1,700
31902,13,14,33388,0
31902,13,14,33018,560
31902,13,14,32648,840
31902,13,14,32278,1050
31902,13,14,31908,1330
21136,13,14,22629,0
21136,13,14,22259,490
21136,13,14,21889,770
21136,13,14,21519,1050
21136,13,14,21149,1260
18172,13,14,21511,0
18172,13,14,21141,420
18172,13,14,20771,630
18172,13,14,20401,910
18172,13,14,19661,980
18172,13,14,19291,1050
18172,13,14,18551,1120
18172,13,14,18181,1190
18172,13,14,1,1260
28938,13,14,30420,0
28938,13,14,30050,350
28938,13,14,29680,630
28938,13,14,29310,910
28938,13,14,28940,1120
28938,13,14,1,1400
33017,13,14,34871,0
33017,13,14,34501,420
33017,13,14,34131,700
33017,13,14,33761,910
33017,13,14,33391,1190
33017,13,14,33021,1400
18181,13,14,22251,0
18181,13,14,21881,420
18181,13,14,21511,630
18181,13,14,21141,910
18181,13,14,20771,1190
18181,13,14,20401,1400
18181,13,14,20031,1470
37102,13,14,38952,0
37102,13,14,38582,490
37102,13,14,38212,770
37102,13,14,37842,1050
37102,13,14,37472,1260
29309,13,14,30791,0
29309,13,14,30421,350
29309,13,14,30051,630
29309,13,14,29681,910
29309,13,14,29311,1120
29309,13,14,1,1400
23372,13,14,25225,0
23372,13,14,24855,490
23372,13,14,24485,770
23372,13,14,24115,980
23372,13,14,23745,1260
23372,13,14,23375,1470
33388,13,14,35242,0
33388,13,14,34872,420
33388,13,14,34502,700
33388,13,14,34132,910
33388,13,14,33762,1190
33388,13,14,33392,1400
30424,13,14,32644,0
30424,13,14,32274,420
30424,13,14,31904,630
30424,13,14,31534,910
30424,13,14,31164,1120
30424,13,14,30794,1400
19283,13,14,21884,0
19283,13,14,21514,350
19283,13,14,21144,630
19283,13,14,20774,840
19283,13,14,20034,1120
19283,13,14,19664,1190
19283,13,14,19294,1260
19283,13,14,1,1330
15213,13,14,21873,0
15213,13,14,21503,350
15213,13,14,21133,560
15213,13,14,20763,840
15213,13,14,20393,1050
15213,13,14,20023,1120
15213,13,14,19653,1190
15213,13,14,18913,1260
15213,13,14,18543,1330
15213,13,14,17803,1400
15213,13,14,17433,1470
22256,13,14,23742,0
22256,13,14,23372,490
22256,13,14,23002,770
22256,13,14,22632,1050
22256,13,14,22262,1260
19292,13,14,21144,0
19292,13,14,20774,350
19292,13,14,20404,560
19292,13,14,20034,630
19292,13,14,19294,700
19292,13,14,1,770
27822,13,14,29677,0
27822,13,14,29307,350
27822,13,14,28937,560
27822,13,14,28567,840
27822,13,14,28197,1120
27822,13,14,27827,1330
19654,13,14,21885,0
19654,13,14,21515,420
19654,13,14,21145,700
19654,13,14,20775,980
19654,13,14,20405,1190
19654,13,14,20035,1260
19654,13,14,1,1330
27456,13,14,29676,0
27456,13,14,29306,420
27456,13,14,28936,700
27456,13,14,28566,980
27456,13,14,28196,1190
27456,13,14,27826,1470
16690,13,14,20767,0
16690,13,14,20397,280
16690,13,14,20027,350
16690,13,14,19657,420
16690,13,14,18917,490
16690,13,14,18547,560
16690,13,14,18177,630
16690,13,14,17437,700
16690,13,14,17067,770
16690,13,14,1,840
19663,13,14,21145,0
19663,13,14,20775,420
19663,13,14,20035,700
19663,13,14,19665,770
19663,13,14,1,840
34499,13,14,36355,0
34499,13,14,35985,420
34499,13,14,35615,700
34499,13,14,35245,910
34499,13,14,34875,1190
34499,13,14,34505,1400
20760,13,14,22258,0
20760,13,14,21888,490
20760,13,14,21518,770
20760,13,14,21148,980
20760,13,14,20778,1260
20769,13,14,21888,0
20769,13,14,21518,560
20769,13,14,21148,770
20769,13,14,20778,1050
20769,13,14,1,1330
31535,13,14,32647,0
31535,13,14,32277,560
31535,13,14,31907,840
31535,13,14,31537,1050
31535,13,14,1,1330
23742,13,14,25596,0
23742,13,14,25226,560
23742,13,14,24856,840
23742,13,14,24486,1050
23742,13,14,24116,1330
20778,13,14,22628,0
20778,13,14,22258,560
20778,13,14,21888,840
20778,13,14,21518,1050
20778,13,14,21148,1330
24854,13,14,26709,0
24854,13,14,26339,420
24854,13,14,25969,700
24854,13,14,25599,910
24854,13,14,25229,1190
24854,13,14,24859,1400
17061,13,14,20768,0
17061,13,14,20398,280
17061,13,14,20028,350
17061,13,14,19658,420
17061,13,14,19288,490
17061,13,14,18548,560
17061,13,14,18178,630
17061,13,14,17438,700
17061,13,14,17068,770
17061,13,14,1,840
21890,13,14,22631,0
21890,13,14,22261,420
21890,13,14,21891,700
21890,13,14,1,980
21131,13,14,22629,0
21131,13,14,22259,420
21131,13,14,21889,630
21131,13,14,21519,910
21131,13,14,21149,1120
21131,13,14,1,1400
31906,13,14,33018,0
31906,13,14,32648,560
31906,13,14,32278,840
31906,13,14,31908,1050
31906,13,14,1,1330
25969,13,14,27822,0
25969,13,14,27452,420
25969,13,14,27082,630
25969,13,14,26712,910
25969,13,14,26342,1120
25969,13,14,25972,1400
18176,13,14,21141,0
18176,13,14,20771,210
18176,13,14,20401,490
18176,13,14,20031,560
18176,13,14,19291,630
18176,13,14,18921,700
18176,13,14,18551,770
18176,13,14,1,840
35985,13,14,37839,0
35985,13,14,37469,350
35985,13,14,37099,630
35985,13,14,36729,910
35985,13,14,36359,1120
35985,13,14,35989,1400
33021,13,14,35241,0
33021,13,14,34871,350
33021,13,14,34501,630
33021,13,14,34131,840
33021,13,14,33761,1120
33021,13,14,33391,1330
17810,13,14,22250,0
17810,13,14,21880,350
17810,13,14,21510,630
17810,13,14,21140,840
17810,13,14,20770,1120
17810,13,14,20400,1330
17810,13,14,20030,1400
17810,13,14,19290,1470
37097,13,14,38582,0
37097,13,14,38212,560
37097,13,14,37842,840
37097,13,14,37472,1050
37097,13,14,37102,1330
34133,13,14,34874,0
34133,13,14,34504,420
34133,13,14,34134,700
34133,13,14,1,910
26340,13,14,28193,0
26340,13,14,27823,420
26340,13,14,27453,630
26340,13,14,27083,910
26340,13,14,26713,1120
26340,13,14,26343,1400
30419,13,14,31904,0
30419,13,14,31534,560
30419,13,14,31164,770
30419,13,14,30794,1050
30419,13,14,30424,1260
19278,13,14,22254,0
19278,13,14,21884,280
19278,13,14,21514,490
19278,13,14,21144,770
19278,13,14,20774,1050
19278,13,14,20404,1260
19278,13,14,20034,1330
19278,13,14,19294,1400
19278,13,14,1,1470
15208,13,14,20023,0
15208,13,14,19653,280
15208,13,14,19283,350
15208,13,14,18543,420
15208,13,14,18173,490
15208,13,14,17433,560
15208,13,14,17063,630
15208,13,14,16693,700
15208,13,14,15953,770
15208,13,14,15583,840
15208,13,14,1,910
22251,13,14,24112,0
22251,13,14,23742,560
22251,13,14,23372,840
22251,13,14,23002,1050
22251,13,14,22632,1330
30053,13,14,32273,0
30053,13,14,31903,420
30053,13,14,31533,630
30053,13,14,31163,910
30053,13,14,30793,1120
30053,13,14,30423,1400
19287,13,14,21144,0
19287,13,14,20774,420
19287,13,14,20034,700
19287,13,14,19664,770
19287,13,14,1,840
22260,13,14,23742,0
22260,13,14,23372,490
22260,13,14,23002,770
22260,13,14,22632,980
22260,13,14,22262,1260
22260,13,14,1,1470
16323,13,14,20766,0
16323,13,14,20396,280
16323,13,14,20026,350
16323,13,14,19286,420
16323,13,14,18916,490
16323,13,14,18546,560
16323,13,14,17806,630
16323,13,14,17436,700
16323,13,14,16696,770
16323,13,14,16326,840
16323,13,14,1,910
38583,13,14,40066,0
38583,13,14,39696,490
38583,13,14,39326,770
38583,13,14,38956,980
38583,13,14,38586,1260
27451,13,14,29306,0
27451,13,14,28936,350
27451,13,14,28566,630
27451,13,14,28196,840
27451,13,14,27826,1120
27451,13,14,27456,1330
19658,13,14,21145,0
19658,13,14,20775,490
19658,13,14,20405,770
19658,13,14,19665,840
19658,13,14,1,910
24487,13,14,25598,0
24487,13,14,25228,420
24487,13,14,24858,630
24487,13,14,24488,910
24487,13,14,1,1120
16694,13,14,20767,0
16694,13,14,20397,280
16694,13,14,20027,350
16694,13,14,19287,420
16694,13,14,18917,490
16694,13,14,18177,560
16694,13,14,17807,630
16694,13,14,17437,700
16694,13,14,16697,770
16694,13,14,1,840
20764,13,14,22258,0
20764,13,14,21888,490
20764,13,14,21518,770
20764,13,14,21148,980
20764,13,14,20778,1260
20764,13,14,1,1470
34503,13,14,35985,0
34503,13,14,35615,350
34503,13,14,35245,630
34503,13,14,34875,840
34503,13,14,34505,1120
34503,13,14,1,1330
20773,13,14,21518,0
20773,13,14,21148,420
20773,13,14,20778,630
20773,13,14,1,910
20407,13,14,22627,0
20407,13,14,22257,490
20407,13,14,21887,770
20407,13,14,21517,1050
20407,13,14,21147,1260
21885,13,14,23371,0
21885,13,14,23001,560
21885,13,14,22631,770
21885,13,14,22261,1050
21885,13,14,21891,1260
24858,13,14,25599,0
24858,13,14,25229,630
24858,13,14,24859,840
24858,13,14,1,1120
28937,13,14,30420,0
28937,13,14,30050,560
28937,13,14,29680,770
28937,13,14,29310,1050
28937,13,14,28940,1330
33016,13,14,34871,0
33016,13,14,34501,420
33016,13,14,34131,630
33016,13,14,33761,910
33016,13,14,33391,1120
33016,13,14,33021,1400
17805,13,14,20770,0
17805,13,14,20030,490
17805,13,14,19660,560
17805,13,14,18920,630
17805,13,14,18550,700
17805,13,14,18180,770
17805,13,14,1,840
14841,13,14,18542,0
14841,13,14,17802,280
14841,13,14,17432,350
14841,13,14,17062,420
14841,13,14,16692,490
14841,13,14,15952,560
14841,13,14,15582,630
14841,13,14,14842,700
14841,13,14,1,770
34128,13,14,35984,0
34128,13,14,35614,420
34128,13,14,35244,700
34128,13,14,34874,910
34128,13,14,34504,1190
34128,13,14,34134,1400
37101,13,14,37842,0
37101,13,14,37472,350
37101,13,14,37102,630
37101,13,14,1,840
23371,13,14,25595,0
23371,13,14,25225,350
23371,13,14,24855,560
23371,13,14,24485,840
23371,13,14,24115,1050
23371,13,14,23745,1330
19282,13,14,21884,0
19282,13,14,21514,280
19282,13,14,21144,560
19282,13,14,20774,770
19282,13,14,20404,1050
19282,13,14,19664,1120
19282,13,14,19294,1190
19282,13,14,1,1260
15212,13,14,18913,0
15212,13,14,18543,280
15212,13,14,17803,350
15212,13,14,17433,420
15212,13,14,17063,490
15212,13,14,16323,560
15212,13,14,15953,630
15212,13,14,15213,700
15212,13,14,1,770
30048,13,14,31533,0
30048,13,14,31163,560
30048,13,14,30793,770
30048,13,14,30423,1050
30048,13,14,30053,1260
22255,13,14,23742,0
22255,13,14,23372,560
22255,13,14,23002,770
22255,13,14,22632,1050
22255,13,14,22262,1260
16318,13,14,21136,0
16318,13,14,20766,420
16318,13,14,20026,700
16318,13,14,19656,770
16318,13,14,19286,840
16318,13,14,18546,910
16318,13,14,18176,980
16318,13,14,17436,1050
16318,13,14,17066,1120
16318,13,14,16696,1190
16318,13,14,1,1260
19291,13,14,21144,0
19291,13,14,20774,420
19291,13,14,20404,630
19291,13,14,20034,700
19291,13,14,19294,770
19291,13,14,1,840
24482,13,14,26338,0
24482,13,14,25968,420
24482,13,14,25598,700
24482,13,14,25228,980
24482,13,14,24858,1190
24482,13,14,24488,1470
27455,13,14,28196,0
27455,13,14,27826,560
27455,13,14,27456,840
27455,13,14,1,1050
20759,13,14,22258,0
20759,13,14,21888,420
20759,13,14,21518,630
20759,13,14,21148,910
20759,13,14,20778,1190
20759,13,14,1,1400
16689,13,14,21137,0
16689,13,14,20767,420
16689,13,14,20027,700
16689,13,14,19657,770
16689,13,14,18917,840
16689,13,14,18547,910
16689,13,14,18177,980
16689,13,14,17437,1050
16689,13,14,17067,1120
16689,13,14,1,1190
31534,13,14,33017,0
31534,13,14,32647,490
31534,13,14,32277,770
31534,13,14,31907,980
31534,13,14,31537,1260
20402,13,14,21517,0
20402,13,14,21147,350
20402,13,14,20777,630
20402,13,14,20407,840
20402,13,14,1,910
21880,13,14,23371,0
21880,13,14,23001,420
21880,13,14,22631,630
21880,13,14,22261,910
21880,13,14,21891,1190
21880,13,14,1,1400
24853,13,14,26709,0
24853,13,14,26339,420
24853,13,14,25969,700
24853,13,14,25599,910
24853,13,14,25229,1190
24853,13,14,24859,1400
21889,13,14,23371,0
21889,13,14,23001,420
21889,13,14,22631,630
21889,13,14,22261,910
21889,13,14,21891,1120
21889,13,14,1,1400
36725,13,14,38581,0
36725,13,14,38211,350
36725,13,14,37841,630
36725,13,14,37471,840
36725,13,14,37101,1120
36725,13,14,36731,1330
25968,13,14,27822,0
25968,13,14,27452,490
25968,13,14,27082,700
25968,13,14,26712,980
25968,13,14,26342,1190
25968,13,14,25972,1470
17800,13,14,21510,0
17800,13,14,21140,350
17800,13,14,20770,630
17800,13,14,20030,910
17800,13,14,19660,980
17800,13,14,18920,1050
17800,13,14,18550,1120
17800,13,14,18180,1190
17800,13,14,1,1260
17809,13,14,20770,0
17809,13,14,20030,350
17809,13,14,19290,420
17809,13,14,18920,490
17809,13,14,18550,560
17809,13,14,17810,630
17809,13,14,1,700
37096,13,14,38952,0
37096,13,14,38582,350
37096,13,14,38212,630
37096,13,14,37842,910
37096,13,14,37472,1120
37096,13,14,37102,1400
34132,13,14,35614,0
34132,13,14,35244,350
34132,13,14,34874,630
34132,13,14,34504,840
34132,13,14,34134,1120
34132,13,14,1,1330
23375,13,14,25595,0
23375,13,14,25225,490
23375,13,14,24855,770
23375,13,14,24485,980
23375,13,14,24115,1260
22250,13,14,24112,0
22250,13,14,23742,560
22250,13,14,23372,840
22250,13,14,23002,1050
22250,13,14,22632,1330
27079,13,14,28935,0
27079,13,14,28565,350
27079,13,14,28195,630
27079,13,14,27825,840
27079,13,14,27455,1120
27079,13,14,27085,1330
19286,13,14,21884,0
19286,13,14,21514,350
19286,13,14,21144,560
19286,13,14,20774,770
19286,13,14,20404,1050
19286,13,14,19664,1120
19286,13,14,19294,1190
19286,13,14,1,1260
30052,13,14,30793,0
30052,13,14,30423,490
30052,13,14,30053,700
30052,13,14,1,980
16322,13,14,20766,0
16322,13,14,20396,280
16322,13,14,20026,350
16322,13,14,19656,420
16322,13,14,19286,490
16322,13,14,18546,560
16322,13,14,18176,630
16322,13,14,17436,700
16322,13,14,17066,770
16322,13,14,16696,840
16322,13,14,1,910
27450,13,14,29306,0
27450,13,14,28936,420
27450,13,14,28566,630
27450,13,14,28196,910
27450,13,14,27826,1120
27450,13,14,27456,1400
24486,13,14,25968,0
24486,13,14,25598,560
24486,13,14,25228,840
24486,13,14,24858,1050
24486,13,14,24488,1330
20388,13,14,22257,0
20388,13,14,21887,350
20388,13,14,21517,630
20388,13,14,21147,840
20388,13,14,20777,1120
20388,13,14,20407,1330
20388,13,14,1,1400
20397,13,14,21887,0
20397,13,14,21517,560
20397,13,14,21147,770
20397,13,14,20777,1050
20397,13,14,20407,1260
20397,13,14,1,1330
17433,13,14,20769,0
17433,13,14,20399,350
17433,13,14,20029,420
17433,13,14,19659,490
17433,13,14,18919,560
17433,13,14,18549,630
17433,13,14,17809,700
17433,13,14,17439,770
17433,13,14,1,840
21875,13,14,23741,0
21875,13,14,23371,490
21875,13,14,23001,700
21875,13,14,22631,980
21875,13,14,22261,1260
21875,13,14,21891,1470
35614,13,14,37468,0
35614,13,14,37098,420
35614,13,14,36728,630
35614,13,14,36358,910
35614,13,14,35988,1190
35614,13,14,35618,1400
20406,13,14,21147,0
20406,13,14,20777,490
20406,13,14,20407,700
20406,13,14,1,770
21884,13,14,23371,0
21884,13,14,23001,420
21884,13,14,22631,700
21884,13,14,22261,910
21884,13,14,21891,1190
21884,13,14,1,1470
32650,13,14,34870,0
32650,13,14,34500,350
32650,13,14,34130,630
32650,13,14,33760,840
32650,13,14,33390,1120
32650,13,14,33020,1330
24857,13,14,26339,0
24857,13,14,25969,560
24857,13,14,25599,770
24857,13,14,25229,1050
24857,13,14,24859,1260
36729,13,14,37841,0
36729,13,14,37471,490
36729,13,14,37101,770
36729,13,14,36731,980
36729,13,14,1,1260
25972,13,14,28192,0
25972,13,14,27822,420
25972,13,14,27452,700
25972,13,14,27082,910
25972,13,14,26712,1190
25972,13,14,26342,1470
17804,13,14,20770,0
17804,13,14,20030,490
17804,13,14,19660,560
17804,13,14,19290,630
17804,13,14,18550,700
17804,13,14,18180,770
17804,13,14,1,840
14840,13,14,18912,0
14840,13,14,18542,280
14840,13,14,18172,350
14840,13,14,17432,420
14840,13,14,17062,490
14840,13,14,16322,560
14840,13,14,15952,630
14840,13,14,15582,700
14840,13,14,14842,770
14840,13,14,1,840
29676,13,14,31162,0
29676,13,14,30792,490
29676,13,14,30422,770
29676,13,14,30052,1050
29676,13,14,29682,1260
37100,13,14,38212,0
37100,13,14,37842,560
37100,13,14,37472,770
37100,13,14,37102,1050
37100,13,14,1,1260
23004,13,14,25224,0
23004,13,14,24854,490
23004,13,14,24484,700
23004,13,14,24114,980
23004,13,14,23744,1260
23004,13,14,23374,1470
15211,13,14,19283,0
15211,13,14,18913,280
15211,13,14,18543,350
15211,13,14,17803,420
15211,13,14,17433,490
15211,13,14,16693,560
15211,13,14,16323,630
15211,13,14,15953,700
15211,13,14,15213,770
15211,13,14,1,840
30047,13,14,31533,0
30047,13,14,31163,560
30047,13,14,30793,770
30047,13,14,30423,1050
30047,13,14,30053,1260
27083,13,14,28565,0
27083,13,14,28195,490
27083,13,14,27825,700
27083,13,14,27455,980
27083,13,14,27085,1190
27083,13,14,1,1470
16326,13,14,21876,0
16326,13,14,21506,490
16326,13,14,21136,700
16326,13,14,20766,980
16326,13,14,20396,1190
16326,13,14,20026,1260
16326,13,14,19656,1330
16326,13,14,18916,1400
16326,13,14,18546,1470
18915,13,14,21513,0
18915,13,14,21143,490
18915,13,14,20773,770
18915,13,14,20403,980
18915,13,14,20033,1050
18915,13,14,19293,1120
18915,13,14,18923,1190
18915,13,14,1,1260
38211,13,14,40065,0
38211,13,14,39695,350
38211,13,14,39325,630
38211,13,14,38955,840
38211,13,14,38585,1120
38211,13,14,38215,1330
35247,13,14,37467,0
35247,13,14,37097,350
35247,13,14,36727,630
35247,13,14,36357,840
35247,13,14,35987,1120
35247,13,14,35617,1330
27454,13,14,28936,0
27454,13,14,28566,490
27454,13,14,28196,700
27454,13,14,27826,980
27454,13,14,27456,1260
27454,13,14,1,1470
20401,13,14,21517,0
20401,13,14,21147,350
20401,13,14,20777,630
20401,13,14,1,910
21879,13,14,23741,0
21879,13,14,23371,420
21879,13,14,23001,630
21879,13,14,22631,910
21879,13,14,22261,1120
21879,13,14,21891,1400
32645,13,14,34500,0
32645,13,14,34130,350
32645,13,14,33760,560
32645,13,14,33390,840
32645,13,14,33020,1120
32645,13,14,32650,1330
35618,13,14,37838,0
35618,13,14,37468,350
35618,13,14,37098,630
35618,13,14,36728,840
35618,13,14,36358,1120
35618,13,14,35988,1330
17437,13,14,20769,0
17437,13,14,20399,280
17437,13,14,19659,350
17437,13,14,19289,420
17437,13,14,18919,490
17437,13,14,18179,560
17437,13,14,17809,630
17437,13,14,1,700
21888,13,14,23371,0
21888,13,14,23001,560
21888,13,14,22631,770
21888,13,14,22261,1050
21888,13,14,21891,1260
28565,13,14,30419,0
28565,13,14,30049,420
28565,13,14,29679,630
28565,13,14,29309,910
28565,13,14,28939,1120
28565,13,14,28569,1400
17799,13,14,21510,0
17799,13,14,21140,420
17799,13,14,20770,630
17799,13,14,20400,910
17799,13,14,19660,980
17799,13,14,19290,1050
17799,13,14,18550,1120
17799,13,14,18180,1190
17799,13,14,17810,1260
17799,13,14,1,1330
25601,13,14,27821,0
25601,13,14,27451,420
25601,13,14,27081,700
25601,13,14,26711,910
25601,13,14,26341,1190
25601,13,14,25971,1400
17808,13,14,20770,0
17808,13,14,20400,350
17808,13,14,20030,420
17808,13,14,19290,490
17808,13,14,18920,560
17808,13,14,18180,630
17808,13,14,17810,700
17808,13,14,1,770
29680,13,14,31162,0
29680,13,14,30792,420
29680,13,14,30422,630
29680,13,14,30052,910
29680,13,14,29682,1120
29680,13,14,1,1400
34131,13,14,35614,0
34131,13,14,35244,560
34131,13,14,34874,840
34131,13,14,34504,1050
34131,13,14,34134,1330
22999,13,14,24854,0
22999,13,14,24484,560
22999,13,14,24114,770
22999,13,14,23744,1050
22999,13,14,23374,1260
20035,13,14,21146,0
20035,13,14,20776,420
20035,13,14,20036,700
20035,13,14,1,770
37844,13,14,39694,0
37844,13,14,39324,490
37844,13,14,38954,770
37844,13,14,38584,1050
37844,13,14,38214,1260
30051,13,14,31533,0
30051,13,14,31163,420
30051,13,14,30793,630
30051,13,14,30423,910
30051,13,14,30053,1190
30051,13,14,1,1400
18919,13,14,21143,0
18919,13,14,20773,350
18919,13,14,20403,630
18919,13,14,19663,700
18919,13,14,19293,770
18919,13,14,1,840
31163,13,14,32646,0
31163,13,14,32276,560
31163,13,14,31906,770
31163,13,14,31536,1050
31163,13,14,31166,1260
15955,13,14,21875,0
15955,13,14,21505,420
15955,13,14,21135,700
15955,13,14,20765,910
15955,13,14,20395,1190
15955,13,14,19655,1260
15955,13,14,19285,1330
15955,13,14,18545,1400
15955,13,14,18175,1470
35242,13,14,37097,0
35242,13,14,36727,350
35242,13,14,36357,630
35242,13,14,35987,910
35242,13,14,35617,1120
35242,13,14,35247,1400
32278,13,14,33019,0
32278,13,14,32649,420
32278,13,14,32279,700
32278,13,14,1,910
24485,13,14,26338,0
24485,13,14,25968,490
24485,13,14,25598,700
24485,13,14,25228,980
24485,13,14,24858,1190
24485,13,14,24488,1470
20396,13,14,21887,0
20396,13,14,21517,560
20396,13,14,21147,770
20396,13,14,20777,1050
20396,13,14,1,1330
17432,13,14,20769,0
17432,13,14,20399,350
17432,13,14,20029,420
17432,13,14,19659,490
17432,13,14,18919,560
17432,13,14,18549,630
17432,13,14,17809,700
17432,13,14,17439,770
17432,13,14,1,840
28198,13,14,30418,0
28198,13,14,30048,420
28198,13,14,29678,630
28198,13,14,29308,910
28198,13,14,28938,1190
28198,13,14,28568,1400
35613,13,14,37468,0
35613,13,14,37098,350
35613,13,14,36728,630
35613,13,14,36358,910
35613,13,14,35988,1120
35613,13,14,35618,1400
20405,13,14,21147,0
20405,13,14,20777,560
20405,13,14,20407,770
20405,13,14,1,840
21874,13,14,23741,0
21874,13,14,23371,490
21874,13,14,23001,700
21874,13,14,22631,980
21874,13,14,22261,1190
21874,13,14,21891,1470
32649,13,14,33390,0
32649,13,14,33020,420
32649,13,14,32650,700
32649,13,14,1,910
36728,13,14,38211,0
36728,13,14,37841,490
36728,13,14,37471,700
36728,13,14,37101,980
36728,13,14,36731,1190
36728,13,14,1,1470
21517,13,14,23000,0
21517,13,14,22630,420
21517,13,14,22260,630
21517,13,14,21890,910
21517,13,14,21520,1120
21517,13,14,1,1400
25596,13,14,27451,0
25596,13,14,27081,350
25596,13,14,26711,630
25596,13,14,26341,840
25596,13,14,25971,1120
25596,13,14,25601,1400
28569,13,14,30789,0
28569,13,14,30419,350
28569,13,14,30049,630
28569,13,14,29679,910
28569,13,14,29309,1120
28569,13,14,28939,1400
22632,13,14,23373,0
22632,13,14,23003,560
22632,13,14,22633,840
22632,13,14,1,1050
20021,13,14,22256,0
20021,13,14,21886,420
20021,13,14,21516,630
20021,13,14,21146,910
20021,13,14,20776,1190
20021,13,14,20406,1400
20021,13,14,20036,1470
33760,13,14,35243,0
33760,13,14,34873,560
33760,13,14,34503,840
33760,13,14,34133,1050
33760,13,14,33763,1330
20030,13,14,21516,0
20030,13,14,21146,350
20030,13,14,20776,560
20030,13,14,20036,840
20030,13,14,1,910
23003,13,14,24114,0
23003,13,14,23744,350
23003,13,14,23374,560
23003,13,14,23004,840
23003,13,14,1,1050
37839,13,14,39324,0
37839,13,14,38954,560
37839,13,14,38584,840
37839,13,14,38214,1050
37839,13,14,37844,1330
34875,13,14,35616,0
34875,13,14,35246,420
34875,13,14,34876,700
34875,13,14,1,910
27082,13,14,28935,0
27082,13,14,28565,350
27082,13,14,28195,630
27082,13,14,27825,910
27082,13,14,27455,1120
27082,13,14,27085,1400
18914,13,14,21513,0
18914,13,14,21143,490
18914,13,14,20773,770
18914,13,14,20403,980
18914,13,14,20033,1050
18914,13,14,19293,1120
18914,13,14,18923,1190
18914,13,14,1,1260
15950,13,14,20765,0
15950,13,14,20395,280
15950,13,14,20025,350
15950,13,14,19285,420
15950,13,14,18915,490
15950,13,14,18175,560
15950,13,14,17805,630
15950,13,14,17435,700
15950,13,14,16695,770
15950,13,14,16325,840
15950,13,14,1,910
18923,13,14,22253,0
18923,13,14,21883,490
18923,13,14,21513,770
18923,13,14,21143,980
18923,13,14,20773,1260
38210,13,14,39695,0
38210,13,14,39325,560
38210,13,14,38955,840
38210,13,14,38585,1050
38210,13,14,38215,1330
32273,13,14,34129,0
32273,13,14,33759,350
32273,13,14,33389,630
32273,13,14,33019,840
32273,13,14,32649,1120
32273,13,14,32279,1330
35246,13,14,35987,0
35246,13,14,35617,420
35246,13,14,35247,630
35246,13,14,1,910
24114,13,14,25967,0
24114,13,14,25597,420
24114,13,14,25227,700
24114,13,14,24857,980
24114,13,14,24487,1190
24114,13,14,24117,1470
28193,13,14,29678,0
28193,13,14,29308,560
28193,13,14,28938,840
28193,13,14,28568,1050
28193,13,14,28198,1330
20400,13,14,21517,0
20400,13,14,21147,350
20400,13,14,20777,630
20400,13,14,20407,840
20400,13,14,1,910
25229,13,14,25970,0
25229,13,14,25600,560
25229,13,14,25230,770
25229,13,14,1,1050
17436,13,14,20769,0
17436,13,14,20399,350
17436,13,14,19659,420
17436,13,14,19289,490
17436,13,14,18919,560
17436,13,14,18179,630
17436,13,14,17809,700
17436,13,14,1,770
32644,13,14,34500,0
32644,13,14,34130,350
32644,13,14,33760,630
32644,13,14,33390,910
32644,13,14,33020,1120
32644,13,14,32650,1400
21503,13,14,23370,0
21503,13,14,23000,420
21503,13,14,22630,630
21503,13,14,22260,910
21503,13,14,21890,1120
21503,13,14,21520,1400
21512,13,14,23000,0
21512,13,14,22630,560
21512,13,14,22260,770
21512,13,14,21890,1050
21512,13,14,21520,1330
18548,13,14,21142,0
18548,13,14,20772,280
18548,13,14,20402,560
18548,13,14,20032,630
18548,13,14,19292,700
18548,13,14,18922,770
18548,13,14,1,840
36357,13,14,37840,0
36357,13,14,37470,490
36357,13,14,37100,700
36357,13,14,36730,980
36357,13,14,36360,1190
36357,13,14,1,1470
28564,13,14,30049,0
28564,13,14,29679,490
28564,13,14,29309,770
28564,13,14,28939,1050
28564,13,14,28569,1260
22627,13,14,24483,0
22627,13,14,24113,560
22627,13,14,23743,840
22627,13,14,23373,1050
22627,13,14,23003,1330
25600,13,14,26341,0
25600,13,14,25971,560
25600,13,14,25601,770
25600,13,14,1,1050
37472,13,14,38213,0
37472,13,14,37843,350
37472,13,14,37473,630
37472,13,14,1,840
29679,13,14,31162,0
29679,13,14,30792,560
29679,13,14,30422,840
29679,13,14,30052,1050
29679,13,14,29682,1330
20025,13,14,21886,0
20025,13,14,21516,490
20025,13,14,21146,770
20025,13,14,20776,980
20025,13,14,20406,1260
20025,13,14,1,1330
30791,13,14,32645,0
30791,13,14,32275,490
30791,13,14,31905,700
30791,13,14,31535,980
30791,13,14,31165,1260
30791,13,14,30795,1470
20034,13,14,21146,0
20034,13,14,20776,490
20034,13,14,20036,770
20034,13,14,1,840
34870,13,14,36726,0
34870,13,14,36356,420
34870,13,14,35986,700
34870,13,14,35616,910
34870,13,14,35246,1190
34870,13,14,34876,1400
37843,13,14,38584,0
37843,13,14,38214,350
37843,13,14,37844,630
37843,13,14,1,840
18909,13,14,21883,0
18909,13,14,21513,420
18909,13,14,21143,700
18909,13,14,20773,980
18909,13,14,20403,1190
18909,13,14,20033,1260
18909,13,14,19293,1330
18909,13,14,18923,1400
18909,13,14,1,1470
26711,13,14,28564,0
26711,13,14,28194,350
26711,13,14,27824,630
26711,13,14,27454,910
26711,13,14,27084,1120
26711,13,14,26714,1400
18918,13,14,21143,0
18918,13,14,20773,350
18918,13,14,20033,630
18918,13,14,19663,700
18918,13,14,19293,770
18918,13,14,1,840
31162,13,14,33016,0
31162,13,14,32646,350
31162,13,14,32276,630
31162,13,14,31906,840
31162,13,14,31536,1120
31162,13,14,31166,1400
15954,13,14,19655,0
15954,13,14,19285,280
15954,13,14,18545,350
15954,13,14,18175,420
15954,13,14,17805,490
15954,13,14,17065,560
15954,13,14,16695,630
15954,13,14,15955,700
15954,13,14,1,770
35241,13,14,37097,0
35241,13,14,36727,420
35241,13,14,36357,700
35241,13,14,35987,910
35241,13,14,35617,1190
35241,13,14,35247,1400
32277,13,14,33759,0
32277,13,14,33389,350
32277,13,14,33019,630
32277,13,14,32649,840
32277,13,14,32279,1120
32277,13,14,1,1330
21145,13,14,22259,0
21145,13,14,21889,560
21145,13,14,21519,840
21145,13,14,21149,1050
21145,13,14,1,1330
25224,13,14,27080,0
25224,13,14,26710,420
25224,13,14,26340,630
25224,13,14,25970,910
25224,13,14,25600,1120
25224,13,14,25230,1400
17431,13,14,21509,0
17431,13,14,21139,280
17431,13,14,20769,490
17431,13,14,20399,770
17431,13,14,19659,840
17431,13,14,19289,910
17431,13,14,18549,980
17431,13,14,18179,1050
17431,13,14,17809,1120
17431,13,14,1,1190
28197,13,14,28938,0
28197,13,14,28568,490
28197,13,14,28198,770
28197,13,14,1,980
21498,13,14,23370,0
21498,13,14,23000,350
21498,13,14,22630,630
21498,13,14,22260,910
21498,13,14,21890,1120
21498,13,14,21520,1400
21507,13,14,23370,0
21507,13,14,23000,420
21507,13,14,22630,630
21507,13,14,22260,840
21507,13,14,21890,1120
21507,13,14,21520,1400
18543,13,14,21512,0
18543,13,14,21142,420
18543,13,14,20772,700
18543,13,14,20032,980
18543,13,14,19662,1050
18543,13,14,18922,1120
18543,13,14,18552,1190
18543,13,14,1,1260
21516,13,14,22630,0
21516,13,14,22260,560
21516,13,14,21890,840
21516,13,14,21520,1050
21516,13,14,1,1330
15579,13,14,20394,0
15579,13,14,20024,280
15579,13,14,19654,350
15579,13,14,18914,420
15579,13,14,18544,490
15579,13,14,17804,560
15579,13,14,17434,630
15579,13,14,17064,700
15579,13,14,16324,770
15579,13,14,15954,840
15579,13,14,1,910
18552,13,14,22252,0
18552,13,14,21882,490
18552,13,14,21512,700
18552,13,14,21142,980
18552,13,14,20772,1190
18552,13,14,20402,1470
25595,13,14,27451,0
25595,13,14,27081,420
25595,13,14,26711,700
25595,13,14,26341,980
25595,13,14,25971,1190
25595,13,14,25601,1470
22631,13,14,24113,0
22631,13,14,23743,490
22631,13,14,23373,770
22631,13,14,23003,980
22631,13,14,22633,1260
22631,13,14,1,1470
37467,13,14,39323,0
37467,13,14,38953,350
37467,13,14,38583,630
37467,13,14,38213,910
37467,13,14,37843,1120
37467,13,14,37473,1400
33759,13,14,35613,0
33759,13,14,35243,420
33759,13,14,34873,700
33759,13,14,34503,910
33759,13,14,34133,1190
33759,13,14,33763,1400
20029,13,14,21516,0
20029,13,14,21146,350
20029,13,14,20776,560
20029,13,14,20406,840
20029,13,14,1,910
30795,13,14,33015,0
30795,13,14,32645,420
30795,13,14,32275,700
30795,13,14,31905,980
30795,13,14,31535,1190
30795,13,14,31165,1470
37838,13,14,39694,0
37838,13,14,39324,350
37838,13,14,38954,630
37838,13,14,38584,910
37838,13,14,38214,1120
37838,13,14,37844,1400
34874,13,14,36356,0
34874,13,14,35986,350
34874,13,14,35616,630
34874,13,14,35246,840
34874,13,14,34876,1120
34874,13,14,1,1330
18913,13,14,21883,0
18913,13,14,21513,280
18913,13,14,21143,560
18913,13,14,20773,770
18913,13,14,20033,1050
18913,13,14,19663,1120
18913,13,14,19293,1190
18913,13,14,1,1260
31166,13,14,33386,0
31166,13,14,33016,350
31166,13,14,32646,630
31166,13,14,32276,910
31166,13,14,31906,1120
31166,13,14,31536,1400
21140,13,14,22629,0
21140,13,14,22259,350
21140,13,14,21889,560
21140,13,14,21519,840
21140,13,14,21149,1050
21140,13,14,1,1330
24113,13,14,25967,0
24113,13,14,25597,560
24113,13,14,25227,770
24113,13,14,24857,1050
24113,13,14,24487,1260
21149,13,14,22999,0
21149,13,14,22629,560
21149,13,14,22259,840
21149,13,14,21889,1050
21149,13,14,21519,1330
28192,13,14,29678,0
28192,13,14,29308,560
28192,13,14,28938,770
28192,13,14,28568,1050
28192,13,14,28198,1330
25228,13,14,26710,0
25228,13,14,26340,490
25228,13,14,25970,700
25228,13,14,25600,980
25228,13,14,25230,1190
25228,13,14,1,1470
21502,13,14,23370,0
21502,13,14,23000,420
21502,13,14,22630,700
21502,13,14,22260,980
21502,13,14,21890,1190
21502,13,14,21520,1470
21511,13,14,23000,0
21511,13,14,22630,490
21511,13,14,22260,770
21511,13,14,21890,1050
21511,13,14,21520,1260
18547,13,14,21142,0
18547,13,14,20772,280
18547,13,14,20402,560
18547,13,14,19662,630
18547,13,14,19292,700
18547,13,14,18922,770
18547,13,14,1,840
21520,13,14,23370,0
21520,13,14,23000,630
21520,13,14,22630,840
21520,13,14,22260,1120
21520,13,14,21890,1330
15583,13,14,19284,0
15583,13,14,18914,280
15583,13,14,18174,350
15583,13,14,17804,420
15583,13,14,17434,490
15583,13,14,16694,560
15583,13,14,16324,630
15583,13,14,15584,700
15583,13,14,1,770
36356,13,14,37840,0
36356,13,14,37470,560
36356,13,14,37100,840
36356,13,14,36730,1050
36356,13,14,36360,1330
22626,13,14,24483,0
22626,13,14,24113,630
22626,13,14,23743,840
22626,13,14,23373,1120
22626,13,14,23003,1330
33392,13,14,35612,0
33392,13,14,35242,350
33392,13,14,34872,630
33392,13,14,34502,840
33392,13,14,34132,1120
33392,13,14,33762,1330
37471,13,14,38583,0
37471,13,14,38213,560
37471,13,14,37843,770
37471,13,14,37473,1050
37471,13,14,1,1260
20024,13,14,21886,0
20024,13,14,21516,420
20024,13,14,21146,700
20024,13,14,20776,980
20024,13,14,20406,1190
20024,13,14,20036,1260
20024,13,14,1,1330
30790,13,14,32645,0
30790,13,14,32275,490
30790,13,14,31905,700
30790,13,14,31535,980
30790,13,14,31165,1190
30790,13,14,30795,1470
33763,13,14,35983,0
33763,13,14,35613,350
33763,13,14,35243,630
33763,13,14,34873,840
33763,13,14,34503,1120
33763,13,14,34133,1330
27826,13,14,28567,0
27826,13,14,28197,560
27826,13,14,27827,770
27826,13,14,1,1050
37842,13,14,38954,0
37842,13,14,38584,560
37842,13,14,38214,770
37842,13,14,37844,1050
37842,13,14,1,1260
18908,13,14,21883,0
18908,13,14,21513,420
18908,13,14,21143,700
18908,13,14,20773,980
18908,13,14,20403,1190
18908,13,14,20033,1260
18908,13,14,19293,1330
18908,13,14,18923,1400
18908,13,14,1,1470
26710,13,14,28564,0
26710,13,14,28194,490
26710,13,14,27824,700
26710,13,14,27454,980
26710,13,14,27084,1190
26710,13,14,26714,1470
23746,13,14,25966,0
23746,13,14,25596,490
23746,13,14,25226,770
23746,13,14,24856,980
23746,13,14,24486,1260
38954,13,14,40437,0
38954,13,14,40067,490
38954,13,14,39697,770
38954,13,14,39327,980
38954,13,14,38957,1260
38954,13,14,1,1470
31161,13,14,33016,0
31161,13,14,32646,350
31161,13,14,32276,560
31161,13,14,31906,840
31161,13,14,31536,1120
31161,13,14,31166,1330
32276,13,14,33759,0
32276,13,14,33389,490
32276,13,14,33019,770
32276,13,14,32649,1050
32276,13,14,32279,1260
17065,13,14,20768,0
17065,13,14,20398,280
17065,13,14,20028,350
17065,13,14,19288,420
17065,13,14,18918,490
17065,13,14,18548,560
17065,13,14,17808,630
17065,13,14,17438,700
17065,13,14,1,770
21135,13,14,22629,0
21135,13,14,22259,490
21135,13,14,21889,770
21135,13,14,21519,1050
21135,13,14,21149,1260
18171,13,14,21511,0
18171,13,14,21141,420
18171,13,14,20771,700
18171,13,14,20401,910
18171,13,14,20031,980
18171,13,14,19291,1050
18171,13,14,18921,1120
18171,13,14,18551,1190
18171,13,14,1,1260
21144,13,14,22629,0
21144,13,14,22259,350
21144,13,14,21889,560
21144,13,14,21519,840
21144,13,14,21149,1050
21144,13,14,1,1330
24117,13,14,26337,0
24117,13,14,25967,490
24117,13,14,25597,700
24117,13,14,25227,980
24117,13,14,24857,1190
24117,13,14,24487,1470
18180,13,14,20771,0
18180,13,14,20401,350
18180,13,14,19661,420
18180,13,14,19291,490
18180,13,14,18921,560
18180,13,14,18181,630
18180,13,14,1,700
35989,13,14,37839,0
35989,13,14,37469,560
35989,13,14,37099,840
35989,13,14,36729,1050
35989,13,14,36359,1330
28196,13,14,29678,0
28196,13,14,29308,420
28196,13,14,28938,700
28196,13,14,28568,910
28196,13,14,28198,1190
28196,13,14,1,1400
21506,13,14,23000,0
21506,13,14,22630,420
21506,13,14,22260,630
21506,13,14,21890,910
21506,13,14,21520,1120
21506,13,14,1,1400
18542,13,14,21512,0
18542,13,14,21142,490
18542,13,14,20772,700
18542,13,14,20402,980
18542,13,14,19662,1050
18542,13,14,19292,1120
18542,13,14,18922,1190
18542,13,14,1,1260
29308,13,14,30791,0
29308,13,14,30421,560
29308,13,14,30051,770
29308,13,14,29681,1050
29308,13,14,29311,1330
21515,13,14,22630,0
21515,13,14,22260,560
21515,13,14,21890,840
21515,13,14,21520,1050
21515,13,14,1,1330
15578,13,14,20394,0
15578,13,14,20024,280
15578,13,14,19654,350
15578,13,14,18914,420
15578,13,14,18544,490
15578,13,14,18174,560
15578,13,14,17434,630
15578,13,14,17064,700
15578,13,14,16324,770
15578,13,14,15954,840
15578,13,14,15584,910
15578,13,14,1,980
18551,13,14,20772,0
18551,13,14,20402,420
18551,13,14,19662,490
18551,13,14,19292,560
18551,13,14,18552,630
18551,13,14,1,700
33387,13,14,35242,0
33387,13,14,34872,420
33387,13,14,34502,630
33387,13,14,34132,910
33387,13,14,33762,1120
33387,13,14,33392,1400
36360,13,14,38210,0
36360,13,14,37840,490
36360,13,14,37470,770
36360,13,14,37100,1050
36360,13,14,36730,1260
30423,13,14,31164,0
30423,13,14,30794,490
30423,13,14,30424,700
30423,13,14,1,980
22630,13,14,24483,0
22630,13,14,24113,420
22630,13,14,23743,700
22630,13,14,23373,980
22630,13,14,23003,1190
22630,13,14,22633,1470
14471,13,14,21501,0
14471,13,14,21131,350
14471,13,14,20761,630
14471,13,14,20021,910
14471,13,14,19651,980
14471,13,14,18911,1050
14471,13,14,18541,1120
14471,13,14,18171,1190
14471,13,14,17431,1260
14471,13,14,17061,1330
14471,13,14,16321,1400
14471,13,14,15951,1470
20019,13,14,22256,0
20019,13,14,21886,420
20019,13,14,21516,630
20019,13,14,21146,910
20019,13,14,20776,1120
20019,13,14,20406,1400
20019,13,14,1,1470
33758,13,14,35613,0
33758,13,14,35243,420
33758,13,14,34873,630
33758,13,14,34503,910
33758,13,14,34133,1120
33758,13,14,33763,1400
27821,13,14,29677,0
27821,13,14,29307,350
27821,13,14,28937,630
27821,13,14,28567,840
27821,13,14,28197,1120
27821,13,14,27827,1330
30794,13,14,31535,0
30794,13,14,31165,560
30794,13,14,30795,770
30794,13,14,1,1050
19653,13,14,21885,0
19653,13,14,21515,420
19653,13,14,21145,630
19653,13,14,20775,910
19653,13,14,20405,1120
19653,13,14,20035,1190
19653,13,14,19665,1260
19653,13,14,1,1330
34873,13,14,36356,0
34873,13,14,35986,560
34873,13,14,35616,840
34873,13,14,35246,1050
34873,13,14,34876,1330
19662,13,14,21145,0
19662,13,14,20775,490
19662,13,14,20405,700
19662,13,14,20035,770
19662,13,14,19665,840
19662,13,14,1,910
20768,13,14,22258,0
20768,13,14,21888,350
20768,13,14,21518,560
20768,13,14,21148,840
20768,13,14,20778,1050
20768,13,14,1,1330
23741,13,14,25596,0
23741,13,14,25226,490
23741,13,14,24856,770
23741,13,14,24486,980
23741,13,14,24116,1260
26714,13,14,28934,0
26714,13,14,28564,420
26714,13,14,28194,700
26714,13,14,27824,910
26714,13,14,27454,1190
26714,13,14,27084,1400
20777,13,14,21148,0
20777,13,14,20778,490
20777,13,14,1,770
17060,13,14,21138,0
17060,13,14,20768,490
17060,13,14,20398,700
17060,13,14,20028,770
17060,13,14,19288,840
17060,13,14,18918,910
17060,13,14,18178,980
17060,13,14,17808,1050
17060,13,14,17438,1120
17060,13,14,1,1190
21130,13,14,22629,0
21130,13,14,22259,420
21130,13,14,21889,630
21130,13,14,21519,910
21130,13,14,21149,1120
21130,13,14,1,1400
21139,13,14,22629,0
21139,13,14,22259,490
21139,13,14,21889,770
21139,13,14,21519,1050
21139,13,14,21149,1260
31905,13,14,33388,0
31905,13,14,33018,490
31905,13,14,32648,770
31905,13,14,32278,980
31905,13,14,31908,1260
31905,13,14,1,1470
24112,13,14,25967,0
24112,13,14,25597,420
24112,13,14,25227,700
24112,13,14,24857,910
24112,13,14,24487,1190
24112,13,14,24117,1470
18175,13,14,21141,0
18175,13,14,20771,280
18175,13,14,20401,490
18175,13,14,20031,560
18175,13,14,19661,630
18175,13,14,18921,700
18175,13,14,18551,770
18175,13,14,1,840
35984,13,14,37839,0
35984,13,14,37469,350
35984,13,14,37099,630
35984,13,14,36729,840
35984,13,14,36359,1120
35984,13,14,35989,1330
21148,13,14,21889,0
21148,13,14,21519,420
21148,13,14,21149,700
21148,13,14,1,910
33020,13,14,33761,0
33020,13,14,33391,420
33020,13,14,33021,700
33020,13,14,1,910
25227,13,14,26710,0
25227,13,14,26340,630
25227,13,14,25970,840
25227,13,14,25600,1120
25227,13,14,25230,1400
21501,13,14,23370,0
21501,13,14,23000,420
21501,13,14,22630,700
21501,13,14,22260,980
21501,13,14,21890,1190
21501,13,14,21520,1470
26339,13,14,28193,0
26339,13,14,27823,490
26339,13,14,27453,700
26339,13,14,27083,980
26339,13,14,26713,1190
26339,13,14,26343,1470
18546,13,14,21142,0
18546,13,14,20772,280
18546,13,14,20402,560
18546,13,14,20032,630
18546,13,14,19292,700
18546,13,14,18922,770
18546,13,14,1,840
36355,13,14,37840,0
36355,13,14,37470,560
36355,13,14,37100,770
36355,13,14,36730,1050
36355,13,14,36360,1260
15582,13,14,19654,0
15582,13,14,18914,350
15582,13,14,18174,420
15582,13,14,17804,490
15582,13,14,17064,560
15582,13,14,16694,630
15582,13,14,16324,700
15582,13,14,15584,770
15582,13,14,1,840
30418,13,14,31904,0
30418,13,14,31534,560
30418,13,14,31164,770
30418,13,14,30794,1050
30418,13,14,30424,1260
33391,13,14,34132,0
33391,13,14,33762,420
33391,13,14,33392,700
33391,13,14,1,910
37470,13,14,38953,0
37470,13,14,38583,490
37470,13,14,38213,770
37470,13,14,37843,980
37470,13,14,37473,1260
37470,13,14,1,1470
22259,13,14,24112,0
22259,13,14,23742,420
22259,13,14,23372,700
22259,13,14,23002,910
22259,13,14,22632,1190
22259,13,14,22262,1400
38582,13,14,40436,0
38582,13,14,40066,350
38582,13,14,39696,630
38582,13,14,39326,840
38582,13,14,38956,1120
38582,13,14,38586,1330
30789,13,14,32645,0
30789,13,14,32275,420
30789,13,14,31905,700
30789,13,14,31535,980
30789,13,14,31165,1190
30789,13,14,30795,1470
27825,13,14,29307,0
27825,13,14,28937,420
27825,13,14,28567,700
27825,13,14,28197,980
27825,13,14,27827,1190
27825,13,14,1,1470
19648,13,14,22255,0
19648,13,14,21885,350
19648,13,14,21515,630
19648,13,14,21145,840
19648,13,14,20775,1120
19648,13,14,20405,1330
19648,13,14,20035,1400
19648,13,14,19665,1470
19657,13,14,21885,0
19657,13,14,21515,420
19657,13,14,21145,630
19657,13,14,20775,910
19657,13,14,20405,1120
19657,13,14,20035,1190
19657,13,14,19665,1260
19657,13,14,1,1330
16693,13,14,20767,0
16693,13,14,20397,280
16693,13,14,20027,350
16693,13,14,19657,420
16693,13,14,18917,490
16693,13,14,18547,560
16693,13,14,18177,630
16693,13,14,17437,700
16693,13,14,17067,770
16693,13,14,1,840
20763,13,14,22258,0
20763,13,14,21888,490
20763,13,14,21518,770
20763,13,14,21148,980
20763,13,14,20778,1260
20763,13,14,1,1470
34502,13,14,35985,0
34502,13,14,35615,560
34502,13,14,35245,840
34502,13,14,34875,1050
34502,13,14,34505,1330
26709,13,14,28564,0
26709,13,14,28194,350
26709,13,14,27824,630
26709,13,14,27454,840
26709,13,14,27084,1120
26709,13,14,26714,1330
20772,13,14,21518,0
20772,13,14,21148,420
20772,13,14,20778,700
20772,13,14,1,910
23745,13,14,24856,0
23745,13,14,24486,420
23745,13,14,24116,630
23745,13,14,23746,910
23745,13,14,1,1120
38953,13,14,40807,0
38953,13,14,40437,350
38953,13,14,40067,630
38953,13,14,39697,840
38953,13,14,39327,1120
38953,13,14,38957,1330
17064,13,14,20768,0
17064,13,14,20398,280
17064,13,14,20028,350
17064,13,14,19658,420
17064,13,14,19288,490
17064,13,14,18548,560
17064,13,14,18178,630
17064,13,14,17438,700
17064,13,14,17068,770
17064,13,14,1,840
21134,13,14,22629,0
21134,13,14,22259,420
21134,13,14,21889,700
21134,13,14,21519,910
21134,13,14,21149,1190
21134,13,14,1,1400
28936,13,14,30790,0
28936,13,14,30420,420
28936,13,14,30050,630
28936,13,14,29680,910
28936,13,14,29310,1120
28936,13,14,28940,1400
14100,13,14,21500,0
14100,13,14,21130,280
14100,13,14,20760,560
14100,13,14,20390,840
14100,13,14,19650,910
14100,13,14,19280,980
14100,13,14,18540,1050
14100,13,14,18170,1120
14100,13,14,17800,1190
14100,13,14,17060,1260
14100,13,14,16690,1330
14100,13,14,15950,1400
14100,13,14,15580,1470
21143,13,14,22629,0
21143,13,14,22259,350
21143,13,14,21889,630
21143,13,14,21519,840
21143,13,14,21149,1120
21143,13,14,1,1330
18170,13,14,21511,0
18170,13,14,21141,420
18170,13,14,20771,700
18170,13,14,20031,980
18170,13,14,19661,1050
18170,13,14,18921,1120
18170,13,14,18551,1190
18170,13,14,18181,1260
18170,13,14,1,1330
18179,13,14,20771,0
18179,13,14,20401,420
18179,13,14,19661,490
18179,13,14,19291,560
18179,13,14,18921,630
18179,13,14,18181,700
18179,13,14,1,770
33015,13,14,34871,0
33015,13,14,34501,420
33015,13,14,34131,700
33015,13,14,33761,910
33015,13,14,33391,1190
33015,13,14,33021,1400
35988,13,14,36729,0
35988,13,14,36359,350
35988,13,14,35989,630
35988,13,14,1,910
29307,13,14,31161,0
29307,13,14,30791,420
29307,13,14,30421,630
29307,13,14,30051,910
29307,13,14,29681,1120
29307,13,14,29311,1400
23370,13,14,25225,0
23370,13,14,24855,560
23370,13,14,24485,770
23370,13,14,24115,1050
23370,13,14,23745,1260
26343,13,14,28563,0
26343,13,14,28193,420
26343,13,14,27823,700
26343,13,14,27453,910
26343,13,14,27083,1190
26343,13,14,26713,1470
33386,13,14,35242,0
33386,13,14,34872,420
33386,13,14,34502,700
33386,13,14,34132,910
33386,13,14,33762,1190
33386,13,14,33392,1400
30422,13,14,31904,0
30422,13,14,31534,420
30422,13,14,31164,630
30422,13,14,30794,910
30422,13,14,30424,1190
30422,13,14,1,1400
22254,13,14,24112,0
22254,13,14,23742,490
22254,13,14,23372,770
22254,13,14,23002,980
22254,13,14,22632,1260
19290,13,14,21144,0
19290,13,14,20774,420
19290,13,14,20034,700
19290,13,14,19664,770
19290,13,14,1,840
19652,13,14,21885,0
19652,13,14,21515,420
19652,13,14,21145,630
19652,13,14,20775,910
19652,13,14,20405,1120
19652,13,14,20035,1190
19652,13,14,19665,1260
19652,13,14,1,1330
20758,13,14,22628,0
20758,13,14,22258,350
20758,13,14,21888,630
20758,13,14,21518,840
20758,13,14,21148,1120
20758,13,14,20778,1330
16688,13,14,21137,0
16688,13,14,20767,420
16688,13,14,20027,700
16688,13,14,19657,770
16688,13,14,18917,840
16688,13,14,18547,910
16688,13,14,18177,980
16688,13,14,17437,1050
16688,13,14,17067,1120
16688,13,14,1,1190
19661,13,14,21145,0
19661,13,14,20775,490
19661,13,14,20405,770
19661,13,14,19665,840
19661,13,14,1,910
31533,13,14,33387,0
31533,13,14,33017,350
31533,13,14,32647,630
31533,13,14,32277,840
31533,13,14,31907,1120
31533,13,14,31537,1330
20767,13,14,22258,0
20767,13,14,21888,350
20767,13,14,21518,630
20767,13,14,21148,840
20767,13,14,20778,1120
20767,13,14,1,1330
16697,13,14,21877,0
16697,13,14,21507,490
16697,13,14,21137,700
16697,13,14,20767,980
16697,13,14,20397,1190
16697,13,14,20027,1260
16697,13,14,19287,1330
16697,13,14,18917,1400
16697,13,14,18547,1470
20776,13,14,21518,0
20776,13,14,21148,350
20776,13,14,20778,560
20776,13,14,1,840
21129,13,14,22999,0
21129,13,14,22629,420
21129,13,14,22259,630
21129,13,14,21889,910
21129,13,14,21519,1120
21129,13,14,21149,1400
21138,13,14,22629,0
21138,13,14,22259,490
21138,13,14,21889,770
21138,13,14,21519,1050
21138,13,14,21149,1260
25967,13,14,27822,0
25967,13,14,27452,350
25967,13,14,27082,630
25967,13,14,26712,840
25967,13,14,26342,1120
25967,13,14,25972,1400
31904,13,14,33758,0
31904,13,14,33388,350
31904,13,14,33018,630
31904,13,14,32648,840
31904,13,14,32278,1120
31904,13,14,31908,1330
28940,13,14,31160,0
28940,13,14,30790,350
28940,13,14,30420,630
28940,13,14,30050,840
28940,13,14,29680,1120
28940,13,14,29310,1400
18174,13,14,21141,0
18174,13,14,20771,280
18174,13,14,20401,490
18174,13,14,20031,560
18174,13,14,19661,630
18174,13,14,18921,700
18174,13,14,18551,770
18174,13,14,1,840
35983,13,14,37839,0
35983,13,14,37469,420
35983,13,14,37099,630
35983,13,14,36729,910
35983,13,14,36359,1190
35983,13,14,35989,1400
33019,13,14,34501,0
33019,13,14,34131,350
33019,13,14,33761,630
33019,13,14,33391,840
33019,13,14,33021,1120
33019,13,14,1,1330
26338,13,14,28193,0
26338,13,14,27823,350
26338,13,14,27453,630
26338,13,14,27083,840
26338,13,14,26713,1120
26338,13,14,26343,1400
29311,13,14,31531,0
29311,13,14,31161,350
29311,13,14,30791,630
29311,13,14,30421,840
29311,13,14,30051,1120
29311,13,14,29681,1400
23374,13,14,24485,0
23374,13,14,24115,420
23374,13,14,23745,630
23374,13,14,23375,840
23374,13,14,1,1120
22249,13,14,24112,0
22249,13,14,23742,560
22249,13,14,23372,840
22249,13,14,23002,1050
22249,13,14,22632,1330
19285,13,14,21884,0
19285,13,14,21514,280
19285,13,14,21144,560
19285,13,14,20774,770
19285,13,14,20404,1050
19285,13,14,19664,1120
19285,13,14,19294,1190
19285,13,14,1,1260
22258,13,14,24112,0
22258,13,14,23742,490
22258,13,14,23372,770
22258,13,14,23002,980
22258,13,14,22632,1260
16321,13,14,20766,0
16321,13,14,20396,280
16321,13,14,20026,350
16321,13,14,19656,420
16321,13,14,18916,490
16321,13,14,18546,560
16321,13,14,18176,630
16321,13,14,17436,700
16321,13,14,17066,770
16321,13,14,16326,840
16321,13,14,1,910
19294,13,14,22624,0
19294,13,14,22254,350
19294,13,14,21884,560
19294,13,14,21514,840
19294,13,14,21144,1050
19294,13,14,20774,1330
19656,13,14,21885,0
19656,13,14,21515,420
19656,13,14,21145,630
19656,13,14,20775,910
19656,13,14,20405,1120
19656,13,14,20035,1190
19656,13,14,19665,1260
19656,13,14,1,1330
20762,13,14,22258,0
20762,13,14,21888,490
20762,13,14,21518,770
20762,13,14,21148,1050
20762,13,14,20778,1260
16692,13,14,20767,0
16692,13,14,20397,280
16692,13,14,20027,350
16692,13,14,19657,420
16692,13,14,18917,490
16692,13,14,18547,560
16692,13,14,17807,630
16692,13,14,17437,700
16692,13,14,17067,770
16692,13,14,1,840
19665,13,14,22625,0
19665,13,14,22255,420
19665,13,14,21885,700
19665,13,14,21515,910
19665,13,14,21145,1190
19665,13,14,20775,1400
34501,13,14,36355,0
34501,13,14,35985,420
34501,13,14,35615,700
34501,13,14,35245,910
34501,13,14,34875,1190
34501,13,14,34505,1400
31537,13,14,33757,0
31537,13,14,33387,350
31537,13,14,33017,560
31537,13,14,32647,840
31537,13,14,32277,1120
31537,13,14,31907,1330
20771,13,14,21518,0
20771,13,14,21148,420
20771,13,14,20778,630
20771,13,14,1,910
21883,13,14,23741,0
21883,13,14,23371,420
21883,13,14,23001,630
21883,13,14,22631,910
21883,13,14,22261,1120
21883,13,14,21891,1400
24856,13,14,26709,0
24856,13,14,26339,420
24856,13,14,25969,700
24856,13,14,25599,910
24856,13,14,25229,1190
24856,13,14,24859,1470
28935,13,14,30420,0
28935,13,14,30050,490
28935,13,14,29680,770
28935,13,14,29310,980
28935,13,14,28940,1260
18169,13,14,21511,0
18169,13,14,21141,420
18169,13,14,20771,630
18169,13,14,20401,910
18169,13,14,19661,980
18169,13,14,19291,1050
18169,13,14,18551,1120
18169,13,14,18181,1190
18169,13,14,1,1260
31908,13,14,34128,0
31908,13,14,33758,350
31908,13,14,33388,560
31908,13,14,33018,840
31908,13,14,32648,1120
31908,13,14,32278,1330
25971,13,14,26712,0
25971,13,14,26342,560
25971,13,14,25972,770
25971,13,14,1,1050
17803,13,14,20770,0
17803,13,14,20030,490
17803,13,14,19660,560
17803,13,14,19290,630
17803,13,14,18550,700
17803,13,14,18180,770
17803,13,14,1,840
37099,13,14,38582,0
37099,13,14,38212,490
37099,13,14,37842,770
37099,13,14,37472,980
37099,13,14,37102,1260
37099,13,14,1,1470
26342,13,14,27083,0
26342,13,14,26713,560
26342,13,14,26343,770
26342,13,14,1,1050
19280,13,14,21884,0
19280,13,14,21514,490
19280,13,14,21144,770
19280,13,14,20774,980
19280,13,14,20404,1260
19280,13,14,19664,1330
19280,13,14,19294,1400
19280,13,14,1,1470
15210,13,14,20023,0
15210,13,14,19283,280
15210,13,14,18913,350
15210,13,14,18543,420
15210,13,14,17803,490
15210,13,14,17433,560
15210,13,14,17063,630
15210,13,14,16323,700
15210,13,14,15953,770
15210,13,14,15213,840
15210,13,14,1,910
22253,13,14,24112,0
22253,13,14,23742,490
22253,13,14,23372,770
22253,13,14,23002,980
22253,13,14,22632,1260
22253,13,14,22262,1470
19289,13,14,21144,0
19289,13,14,20774,420
19289,13,14,20404,630
19289,13,14,20034,700
19289,13,14,19664,770
19289,13,14,1,840
22262,13,14,24482,0
22262,13,14,24112,490
22262,13,14,23742,700
22262,13,14,23372,980
22262,13,14,23002,1190
22262,13,14,22632,1470
16325,13,14,20026,0
16325,13,14,19656,280
16325,13,14,18916,350
16325,13,14,18546,420
16325,13,14,17806,490
16325,13,14,17436,560
16325,13,14,16696,630
16325,13,14,16326,700
16325,13,14,1,770
19651,13,14,22255,0
19651,13,14,21885,350
19651,13,14,21515,630
19651,13,14,21145,840
19651,13,14,20775,1120
19651,13,14,20405,1330
19651,13,14,20035,1400
19651,13,14,19665,1470
27453,13,14,29306,0
27453,13,14,28936,420
27453,13,14,28566,630
27453,13,14,28196,910
27453,13,14,27826,1120
27453,13,14,27456,1400
20766,13,14,21888,0
20766,13,14,21518,560
20766,13,14,21148,840
20766,13,14,20778,1050
20766,13,14,1,1330
16696,13,14,19657,0
16696,13,14,18917,350
16696,13,14,18547,420
16696,13,14,17807,490
16696,13,14,17437,560
16696,13,14,16697,630
16696,13,14,1,700
34505,13,14,36725,0
34505,13,14,36355,350
34505,13,14,35985,630
34505,13,14,35615,840
34505,13,14,35245,1120
34505,13,14,34875,1330
31532,13,14,33017,0
31532,13,14,32647,560
31532,13,14,32277,840
31532,13,14,31907,1050
31532,13,14,31537,1330
21878,13,14,23741,0
21878,13,14,23371,420
21878,13,14,23001,630
21878,13,14,22631,910
21878,13,14,22261,1120
21878,13,14,21891,1400
35617,14,15,36358,0
35617,14,15,35988,420
35617,14,15,35618,630
35617,14,15,1,910
21887,14,15,23371,0
21887,14,15,23001,560
21887,14,15,22631,770
21887,14,15,22261,1050
21887,14,15,21891,1330
39696,14,15,41179,0
39696,14,15,40809,490
39696,14,15,40439,770
39696,14,15,40069,980
39696,14,15,39699,1260
39696,14,15,1,1470
25966,14,15,27822,0
25966,14,15,27452,420
25966,14,15,27082,700
25966,14,15,26712,980
25966,14,15,26342,1190
25966,14,15,25972,1470
28939,14,15,29680,0
28939,14,15,29310,490
28939,14,15,28940,700
28939,14,15,1,980
17807,14,15,20770,0
17807,14,15,20400,420
17807,14,15,20030,490
17807,14,15,19290,560
17807,14,15,18920,630
17807,14,15,18180,700
17807,14,15,17810,770
17807,14,15,1,840
34130,14,15,35984,0
34130,14,15,35614,420
34130,14,15,35244,700
34130,14,15,34874,910
34130,14,15,34504,1190
34130,14,15,34134,1400
23373,14,15,24855,0
23373,14,15,24485,560
23373,14,15,24115,770
23373,14,15,23745,1050
23373,14,15,23375,1260
30050,14,15,31533,0
30050,14,15,31163,560
30050,14,15,30793,840
30050,14,15,30423,1050
30050,14,15,30053,1330
19284,14,15,21884,0
19284,14,15,21514,280
19284,14,15,21144,560
19284,14,15,20774,840
19284,14,15,20404,1050
19284,14,15,20034,1120
19284,14,15,19294,1190
19284,14,15,1,1260
19293,14,15,20774,0
19293,14,15,20404,490
19293,14,15,20034,560
19293,14,15,19294,630
19293,14,15,1,700
38214,14,15,38955,0
38214,14,15,38585,350
38214,14,15,38215,630
38214,14,15,1,840
24484,14,15,26338,0
24484,14,15,25968,560
24484,14,15,25598,770
24484,14,15,25228,1050
24484,14,15,24858,1260
20761,14,15,22258,0
20761,14,15,21888,490
20761,14,15,21518,770
20761,14,15,21148,980
20761,14,15,20778,1260
20761,14,15,1,1470
34500,14,15,36355,0
34500,14,15,35985,350
34500,14,15,35615,630
34500,14,15,35245,910
34500,14,15,34875,1120
34500,14,15,34505,1400
31536,14,15,32277,0
31536,14,15,31907,420
31536,14,15,31537,630
31536,14,15,1,910
20395,14,15,21887,0
20395,14,15,21517,490
20395,14,15,21147,770
20395,14,15,20777,980
20395,14,15,1,1260
21873,14,15,23741,0
21873,14,15,23371,350
21873,14,15,23001,630
21873,14,15,22631,910
21873,14,15,22261,1120
21873,14,15,21891,1400
20404,14,15,21517,0
20404,14,15,21147,350
20404,14,15,20777,560
20404,14,15,1,840
35612,14,15,37468,0
35612,14,15,37098,420
35612,14,15,36728,700
35612,14,15,36358,910
35612,14,15,35988,1190
35612,14,15,35618,1400
32648,14,15,34130,0
32648,14,15,33760,350
32648,14,15,33390,560
32648,14,15,33020,840
32648,14,15,32650,1120
32648,14,15,1,1330
21882,14,15,23741,0
21882,14,15,23371,420
21882,14,15,23001,630
21882,14,15,22631,840
21882,14,15,22261,1120
21882,14,15,21891,1400
24855,14,15,26709,0
24855,14,15,26339,490
24855,14,15,25969,770
24855,14,15,25599,1050
24855,14,15,25229,1260
21891,14,15,24111,0
21891,14,15,23741,350
21891,14,15,23371,630
21891,14,15,23001,840
21891,14,15,22631,1120
21891,14,15,22261,1400
36727,14,15,38211,0
36727,14,15,37841,560
36727,14,15,37471,840
36727,14,15,37101,1050
36727,14,15,36731,1330
28934,14,15,30420,0
28934,14,15,30050,490
28934,14,15,29680,770
28934,14,15,29310,980
28934,14,15,28940,1260
28934,14,15,1,1470
25970,14,15,27452,0
25970,14,15,27082,490
25970,14,15,26712,700
25970,14,15,26342,980
25970,14,15,25972,1190
25970,14,15,1,1470
28568,14,15,29309,0
28568,14,15,28939,490
28568,14,15,28569,700
28568,14,15,1,980
17802,14,15,21510,0
17802,14,15,21140,280
17802,14,15,20770,560
17802,14,15,20400,840
17802,14,15,19660,910
17802,14,15,19290,980
17802,14,15,18550,1050
17802,14,15,18180,1120
17802,14,15,17810,1190
17802,14,15,1,1260
37098,14,15,38952,0
37098,14,15,38582,350
37098,14,15,38212,630
37098,14,15,37842,840
37098,14,15,37472,1120
37098,14,15,37102,1330
34134,14,15,36354,0
34134,14,15,35984,350
34134,14,15,35614,630
34134,14,15,35244,840
34134,14,15,34874,1120
34134,14,15,34504,1330
23002,14,15,24484,0
23002,14,15,24114,490
23002,14,15,23744,770
23002,14,15,23374,980
23002,14,15,23004,1260
27081,14,15,28935,0
27081,14,15,28565,490
27081,14,15,28195,700
27081,14,15,27825,980
27081,14,15,27455,1190
27081,14,15,27085,1470
19288,14,15,21144,0
19288,14,15,20774,420
19288,14,15,20404,630
19288,14,15,20034,700
19288,14,15,19664,770
19288,14,15,1,840
16324,14,15,20396,0
16324,14,15,19656,280
16324,14,15,19286,350
16324,14,15,18916,420
16324,14,15,18176,490
16324,14,15,17806,560
16324,14,15,17436,630
16324,14,15,16696,700
16324,14,15,16326,770
16324,14,15,1,840
18922,14,15,20773,0
18922,14,15,20403,420
18922,14,15,20033,490
18922,14,15,19663,560
18922,14,15,18923,630
18922,14,15,1,700
35245,14,15,36357,0
35245,14,15,35987,560
35245,14,15,35617,840
35245,14,15,35247,1050
35245,14,15,1,1330
27452,14,15,29306,0
27452,14,15,28936,490
27452,14,15,28566,700
27452,14,15,28196,980
27452,14,15,27826,1260
27452,14,15,27456,1470
24488,14,15,26708,0
24488,14,15,26338,490
24488,14,15,25968,700
24488,14,15,25598,980
24488,14,15,25228,1190
24488,14,15,24858,1470
39324,14,15,41178,0
39324,14,15,40808,350
39324,14,15,40438,630
39324,14,15,40068,840
39324,14,15,39698,1120
39324,14,15,39328,1330
31531,14,15,33017,0
31531,14,15,32647,560
31531,14,15,32277,840
31531,14,15,31907,1050
31531,14,15,31537,1330
20390,14,15,22257,0
20390,14,15,21887,420
20390,14,15,21517,700
20390,14,15,21147,910
20390,14,15,20777,1190
20390,14,15,1,1470
20399,14,15,21887,0
20399,14,15,21517,490
20399,14,15,21147,770
20399,14,15,20777,980
20399,14,15,20407,1260
20399,14,15,1,1330
17435,14,15,20769,0
17435,14,15,20399,350
17435,14,15,20029,420
17435,14,15,19289,490
17435,14,15,18919,560
17435,14,15,18549,630
17435,14,15,17809,700
17435,14,15,17439,770
17435,14,15,1,840
21877,14,15,23741,0
21877,14,15,23371,420
21877,14,15,23001,700
21877,14,15,22631,980
21877,14,15,22261,1190
21877,14,15,21891,1470
35616,14,15,36728,0
35616,14,15,36358,560
35616,14,15,35988,840
35616,14,15,35618,1050
35616,14,15,1,1330
21886,14,15,23371,0
21886,14,15,23001,560
21886,14,15,22631,770
21886,14,15,22261,1050
21886,14,15,21891,1260
39695,14,15,41549,0
39695,14,15,41179,350
39695,14,15,40809,630
39695,14,15,40439,840
39695,14,15,40069,1120
39695,14,15,39699,1330
36731,14,15,38581,0
36731,14,15,38211,490
36731,14,15,37841,770
36731,14,15,37471,980
36731,14,15,37101,1260
28563,14,15,30049,0
28563,14,15,29679,490
28563,14,15,29309,770
28563,14,15,28939,1050
28563,14,15,28569,1260
25599,14,15,27081,0
25599,14,15,26711,420
25599,14,15,26341,700
25599,14,15,25971,980
25599,14,15,25601,1190
25599,14,15,1,1470
17806,14,15,20770,0
17806,14,15,20400,420
17806,14,15,20030,490
17806,14,15,19660,560
17806,14,15,18920,630
17806,14,15,18550,700
17806,14,15,17810,770
17806,14,15,1,840
29678,14,15,31532,0
29678,14,15,31162,420
29678,14,15,30792,630
29678,14,15,30422,910
29678,14,15,30052,1120
29678,14,15,29682,1400
14842,14,15,21872,0
14842,14,15,21502,280
14842,14,15,21132,560
14842,14,15,20762,770
14842,14,15,20022,1050
14842,14,15,19652,1120
14842,14,15,19282,1190
14842,14,15,18542,1260
14842,14,15,18172,1330
14842,14,15,17432,1400
14842,14,15,17062,1470
34129,14,15,35984,0
34129,14,15,35614,350
34129,14,15,35244,630
34129,14,15,34874,910
34129,14,15,34504,1120
34129,14,15,34134,1400
20033,14,15,21146,0
20033,14,15,20776,490
20033,14,15,20406,770
20033,14,15,1,840
30049,14,15,31903,0
30049,14,15,31533,420
30049,14,15,31163,630
30049,14,15,30793,910
30049,14,15,30423,1190
30049,14,15,30053,1400
27085,14,15,29305,0
27085,14,15,28935,420
27085,14,15,28565,700
27085,14,15,28195,910
27085,14,15,27825,1190
27085,14,15,27455,1400
18917,14,15,21143,0
18917,14,15,20773,350
18917,14,15,20033,630
18917,14,15,19663,700
18917,14,15,19293,770
18917,14,15,1,840
15953,14,15,20025,0
15953,14,15,19655,280
15953,14,15,18915,350
15953,14,15,18545,420
15953,14,15,18175,490
15953,14,15,17435,560
15953,14,15,17065,630
15953,14,15,16325,700
15953,14,15,15955,770
15953,14,15,1,840
38213,14,15,39325,0
38213,14,15,38955,490
38213,14,15,38585,770
38213,14,15,38215,1050
38213,14,15,1,1260
24483,14,15,26338,0
24483,14,15,25968,420
24483,14,15,25598,700
24483,14,15,25228,910
24483,14,15,24858,1190
24483,14,15,24488,1470
39328,14,15,41178,0
39328,14,15,40808,490
39328,14,15,40438,770
39328,14,15,40068,980
39328,14,15,39698,1260
20394,14,15,21887,0
20394,14,15,21517,490
20394,14,15,21147,770
20394,14,15,20777,980
20394,14,15,1,1260
21872,14,15,23741,0
21872,14,15,23371,350
21872,14,15,23001,630
21872,14,15,22631,910
21872,14,15,22261,1120
21872,14,15,21891,1400
20403,14,15,21517,0
20403,14,15,21147,350
20403,14,15,20777,630
20403,14,15,20407,840
20403,14,15,1,910
32647,14,15,34130,0
32647,14,15,33760,490
32647,14,15,33390,770
32647,14,15,33020,1050
32647,14,15,32650,1260
17439,14,15,22249,0
17439,14,15,21879,280
17439,14,15,21509,490
17439,14,15,21139,770
17439,14,15,20769,1050
17439,14,15,20399,1260
17439,14,15,20029,1330
17439,14,15,19289,1400
17439,14,15,18919,1470
21881,14,15,23371,0
21881,14,15,23001,420
21881,14,15,22631,630
21881,14,15,22261,910
21881,14,15,21891,1120
21881,14,15,1,1400
36726,14,15,38211,0
36726,14,15,37841,560
36726,14,15,37471,770
36726,14,15,37101,1050
36726,14,15,36731,1260
28567,14,15,30049,0
28567,14,15,29679,420
28567,14,15,29309,630
28567,14,15,28939,910
28567,14,15,28569,1120
28567,14,15,1,1400
29682,14,15,31902,0
29682,14,15,31532,350
29682,14,15,31162,630
29682,14,15,30792,840
29682,14,15,30422,1120
29682,14,15,30052,1400
20028,14,15,21886,0
20028,14,15,21516,420
20028,14,15,21146,700
20028,14,15,20776,980
20028,14,15,20406,1190
20028,14,15,20036,1260
20028,14,15,1,1330
23001,14,15,24854,0
23001,14,15,24484,490
23001,14,15,24114,700
23001,14,15,23744,980
23001,14,15,23374,1190
23001,14,15,23004,1470
27080,14,15,28565,0
27080,14,15,28195,560
27080,14,15,27825,840
27080,14,15,27455,1050
27080,14,15,27085,1330
18912,14,15,21883,0
18912,14,15,21513,280
18912,14,15,21143,560
18912,14,15,20773,770
18912,14,15,20403,1050
18912,14,15,19663,1120
18912,14,15,19293,1190
18912,14,15,1,1260
18921,14,15,21143,0
18921,14,15,20773,280
18921,14,15,20403,490
18921,14,15,20033,560
18921,14,15,19293,630
18921,14,15,18923,700
18921,14,15,1,770
31165,14,15,31906,0
31165,14,15,31536,420
31165,14,15,31166,700
31165,14,15,1,910
35244,14,15,36727,0
35244,14,15,36357,560
35244,14,15,35987,770
35244,14,15,35617,1050
35244,14,15,35247,1330
39323,14,15,40808,0
39323,14,15,40438,560
39323,14,15,40068,840
39323,14,15,39698,1050
39323,14,15,39328,1330
20398,14,15,21887,0
20398,14,15,21517,490
20398,14,15,21147,770
20398,14,15,20777,980
20398,14,15,1,1260
17434,14,15,20769,0
17434,14,15,20399,350
17434,14,15,20029,420
17434,14,15,19289,490
17434,14,15,18919,560
17434,14,15,18549,630
17434,14,15,17809,700
17434,14,15,17439,770
17434,14,15,1,840
21876,14,15,23741,0
21876,14,15,23371,490
21876,14,15,23001,700
21876,14,15,22631,980
21876,14,15,22261,1190
21876,14,15,21891,1470
35615,14,15,37098,0
35615,14,15,36728,560
35615,14,15,36358,770
35615,14,15,35988,1050
35615,14,15,35618,1330
21510,14,15,23000,0
21510,14,15,22630,490
21510,14,15,22260,770
21510,14,15,21890,980
21510,14,15,21520,1260
36730,14,15,37101,0
36730,14,15,36731,560
36730,14,15,1,840
21519,14,15,22260,0
21519,14,15,21890,420
21519,14,15,21520,700
21519,14,15,1,910
22625,14,15,24853,0
22625,14,15,24483,350
22625,14,15,24113,630
22625,14,15,23743,840
22625,14,15,23373,1120
22625,14,15,23003,1400
25598,14,15,27451,0
25598,14,15,27081,350
25598,14,15,26711,630
25598,14,15,26341,910
25598,14,15,25971,1120
25598,14,15,25601,1400
29677,14,15,31162,0
29677,14,15,30792,490
29677,14,15,30422,770
29677,14,15,30052,1050
29677,14,15,29682,1260
20023,14,15,21886,0
20023,14,15,21516,420
20023,14,15,21146,700
20023,14,15,20776,910
20023,14,15,20406,1190
20023,14,15,1,1260
33762,14,15,34503,0
33762,14,15,34133,420
33762,14,15,33763,700
33762,14,15,1,910
20032,14,15,21516,0
20032,14,15,21146,280
20032,14,15,20776,560
20032,14,15,20406,770
20032,14,15,20036,840
20032,14,15,1,910
37841,14,15,39324,0
37841,14,15,38954,490
37841,14,15,38584,770
37841,14,15,38214,980
37841,14,15,37844,1260
37841,14,15,1,1470
27084,14,15,27825,0
27084,14,15,27455,560
27084,14,15,27085,770
27084,14,15,1,1050
18916,14,15,21143,0
18916,14,15,20773,350
18916,14,15,20033,630
18916,14,15,19663,700
18916,14,15,19293,770
18916,14,15,1,840
15952,14,15,20765,0
15952,14,15,20395,210
15952,14,15,20025,280
15952,14,15,19655,350
15952,14,15,19285,420
15952,14,15,18545,490
15952,14,15,18175,560
15952,14,15,17435,630
15952,14,15,17065,700
15952,14,15,16695,770
15952,14,15,15955,840
15952,14,15,1,910
31160,14,15,33016,0
31160,14,15,32646,350
31160,14,15,32276,630
31160,14,15,31906,840
31160,14,15,31536,1120
31160,14,15,31166,1330
38212,14,15,39695,0
38212,14,15,39325,490
38212,14,15,38955,770
38212,14,15,38585,980
38212,14,15,38215,1260
38212,14,15,1,1470
32275,14,15,34129,0
32275,14,15,33759,350
32275,14,15,33389,630
32275,14,15,33019,840
32275,14,15,32649,1120
32275,14,15,32279,1400
39327,14,15,40068,0
39327,14,15,39698,350
39327,14,15,39328,630
39327,14,15,1,840
24116,14,15,25227,0
24116,14,15,24857,350
24116,14,15,24487,630
24116,14,15,24117,840
24116,14,15,1,1120
20393,14,15,22257,0
20393,14,15,21887,420
20393,14,15,21517,700
20393,14,15,21147,910
20393,14,15,20777,1190
20393,14,15,1,1470
28195,14,15,30048,0
28195,14,15,29678,350
28195,14,15,29308,630
28195,14,15,28938,840
28195,14,15,28568,1120
28195,14,15,28198,1330
32646,14,15,34500,0
32646,14,15,34130,350
32646,14,15,33760,630
32646,14,15,33390,840
32646,14,15,33020,1120
32646,14,15,32650,1400
17438,14,15,20029,0
17438,14,15,19289,350
17438,14,15,18549,420
17438,14,15,18179,490
17438,14,15,17809,560
17438,14,15,1,630
21505,14,15,23000,0
21505,14,15,22630,420
21505,14,15,22260,630
21505,14,15,21890,910
21505,14,15,21520,1120
21505,14,15,1,1400
18541,14,15,21512,0
18541,14,15,21142,490
18541,14,15,20772,770
18541,14,15,20402,980
18541,14,15,20032,1050
18541,14,15,19292,1120
18541,14,15,18922,1190
18541,14,15,1,1260
21514,14,15,23000,0
21514,14,15,22630,490
21514,14,15,22260,770
21514,14,15,21890,1050
21514,14,15,21520,1260
18550,14,15,20772,0
18550,14,15,20032,490
18550,14,15,19662,560
18550,14,15,18922,630
18550,14,15,18552,700
18550,14,15,1,770
36359,14,15,36730,0
36359,14,15,36360,560
36359,14,15,1,840
28566,14,15,30049,0
28566,14,15,29679,560
28566,14,15,29309,840
28566,14,15,28939,1050
28566,14,15,28569,1330
22629,14,15,24483,0
22629,14,15,24113,560
22629,14,15,23743,770
22629,14,15,23373,1050
22629,14,15,23003,1260
29681,14,15,30422,0
29681,14,15,30052,490
29681,14,15,29682,700
29681,14,15,1,980
33757,14,15,35613,0
33757,14,15,35243,420
33757,14,15,34873,700
33757,14,15,34503,910
33757,14,15,34133,1190
33757,14,15,33763,1400
30793,14,15,32275,0
30793,14,15,31905,490
30793,14,15,31535,700
30793,14,15,31165,980
30793,14,15,30795,1190
30793,14,15,1,1470
20027,14,15,21886,0
20027,14,15,21516,420
20027,14,15,21146,700
20027,14,15,20776,980
20027,14,15,20406,1190
20027,14,15,20036,1260
20027,14,15,1,1330
23000,14,15,24854,0
23000,14,15,24484,560
23000,14,15,24114,770
23000,14,15,23744,1050
23000,14,15,23374,1260
20036,14,15,22626,0
20036,14,15,22256,490
20036,14,15,21886,700
20036,14,15,21516,980
20036,14,15,21146,1190
20036,14,15,20776,1470
34872,14,15,36726,0
34872,14,15,36356,420
34872,14,15,35986,700
34872,14,15,35616,910
34872,14,15,35246,1190
34872,14,15,34876,1400
18911,14,15,21513,0
18911,14,15,21143,490
18911,14,15,20773,770
18911,14,15,20403,980
18911,14,15,20033,1050
18911,14,15,19293,1120
18911,14,15,18923,1190
18911,14,15,1,1260
26713,14,15,27454,0
26713,14,15,27084,560
26713,14,15,26714,770
26713,14,15,1,1050
18920,14,15,21143,0
18920,14,15,20773,280
18920,14,15,20403,560
18920,14,15,20033,630
18920,14,15,19293,700
18920,14,15,18923,770
18920,14,15,1,840
31164,14,15,32646,0
31164,14,15,32276,350
31164,14,15,31906,630
31164,14,15,31536,840
31164,14,15,31166,1120
31164,14,15,1,1330
35243,14,15,37097,0
35243,14,15,36727,420
35243,14,15,36357,630
35243,14,15,35987,910
35243,14,15,35617,1190
35243,14,15,35247,1400
32279,14,15,34499,0
32279,14,15,34129,350
32279,14,15,33759,630
32279,14,15,33389,840
32279,14,15,33019,1120
32279,14,15,32649,1330
17068,14,15,21878,0
17068,14,15,21508,490
17068,14,15,21138,700
17068,14,15,20768,980
17068,14,15,20398,1190
17068,14,15,20028,1260
17068,14,15,19658,1330
17068,14,15,18918,1400
17068,14,15,18548,1470
24111,14,15,25967,0
24111,14,15,25597,420
24111,14,15,25227,700
24111,14,15,24857,910
24111,14,15,24487,1190
24111,14,15,24117,1470
21147,14,15,21889,0
21147,14,15,21519,420
21147,14,15,21149,700
21147,14,15,1,910
25226,14,15,27080,0
25226,14,15,26710,420
25226,14,15,26340,700
25226,14,15,25970,910
25226,14,15,25600,1190
25226,14,15,25230,1470
21500,14,15,23370,0
21500,14,15,23000,490
21500,14,15,22630,700
21500,14,15,22260,980
21500,14,15,21890,1190
21500,14,15,21520,1470
21509,14,15,23000,0
21509,14,15,22630,420
21509,14,15,22260,700
21509,14,15,21890,910
21509,14,15,21520,1190
21509,14,15,1,1400
18545,14,15,21142,0
18545,14,15,20772,280
18545,14,15,20402,560
18545,14,15,19662,630
18545,14,15,19292,700
18545,14,15,18922,770
18545,14,15,1,840
21518,14,15,23000,0
21518,14,15,22630,350
21518,14,15,22260,630
21518,14,15,21890,840
21518,14,15,21520,1120
21518,14,15,1,1330
36354,14,15,38210,0
36354,14,15,37840,350
36354,14,15,37470,630
36354,14,15,37100,840
36354,14,15,36730,1120
36354,14,15,36360,1330
15581,14,15,20394,0
15581,14,15,20024,210
15581,14,15,19654,280
15581,14,15,19284,350
15581,14,15,18914,420
15581,14,15,18174,490
15581,14,15,17804,560
15581,14,15,17064,630
15581,14,15,16694,700
15581,14,15,16324,770
15581,14,15,15584,840
15581,14,15,1,910
33390,14,15,34872,0
33390,14,15,34502,350
33390,14,15,34132,560
33390,14,15,33762,840
33390,14,15,33392,1120
33390,14,15,1,1330
22624,14,15,24853,0
22624,14,15,24483,350
22624,14,15,24113,630
22624,14,15,23743,840
22624,14,15,23373,1120
22624,14,15,23003,1330
25597,14,15,27451,0
25597,14,15,27081,490
25597,14,15,26711,700
25597,14,15,26341,980
25597,14,15,25971,1190
25597,14,15,25601,1470
37469,14,15,39323,0
37469,14,15,38953,350
37469,14,15,38583,630
37469,14,15,38213,840
37469,14,15,37843,1120
37469,14,15,37473,1330
22633,14,15,24853,0
22633,14,15,24483,490
22633,14,15,24113,770
22633,14,15,23743,980
22633,14,15,23373,1260
22633,14,15,23003,1470
20022,14,15,22256,0
20022,14,15,21886,420
20022,14,15,21516,630
20022,14,15,21146,910
20022,14,15,20776,1120
20022,14,15,20406,1400
20022,14,15,1,1470
33761,14,15,35243,0
33761,14,15,34873,350
33761,14,15,34503,560
33761,14,15,34133,840
33761,14,15,33763,1120
33761,14,15,1,1330
27824,14,15,29677,0
27824,14,15,29307,350
27824,14,15,28937,630
27824,14,15,28567,840
27824,14,15,28197,1120
27824,14,15,27827,1400
20031,14,15,21516,0
20031,14,15,21146,280
20031,14,15,20776,560
20031,14,15,20406,770
20031,14,15,20036,840
20031,14,15,1,910
37840,14,15,39694,0
37840,14,15,39324,350
37840,14,15,38954,630
37840,14,15,38584,840
37840,14,15,38214,1120
37840,14,15,37844,1330
34876,14,15,37096,0
34876,14,15,36726,350
34876,14,15,36356,630
34876,14,15,35986,840
34876,14,15,35616,1120
34876,14,15,35246,1330
26708,14,15,28564,0
26708,14,15,28194,420
26708,14,15,27824,630
26708,14,15,27454,910
26708,14,15,27084,1120
26708,14,15,26714,1400
38952,14,15,40437,0
38952,14,15,40067,560
38952,14,15,39697,840
38952,14,15,39327,1050
38952,14,15,38957,1330
23744,14,15,25226,0
23744,14,15,24856,560
23744,14,15,24486,840
23744,14,15,24116,1050
23744,14,15,23746,1330
15951,14,15,20765,0
15951,14,15,20025,280
15951,14,15,19655,350
15951,14,15,19285,420
15951,14,15,18915,490
15951,14,15,18175,560
15951,14,15,17805,630
15951,14,15,17065,700
15951,14,15,16695,770
15951,14,15,16325,840
15951,14,15,1,910
40067,14,15,41550,0
40067,14,15,41180,490
40067,14,15,40810,770
40067,14,15,40440,980
40067,14,15,40070,1260
40067,14,15,1,1470
32274,14,15,34129,0
32274,14,15,33759,350
32274,14,15,33389,560
32274,14,15,33019,840
32274,14,15,32649,1120
32274,14,15,32279,1330
17063,14,15,20768,0
17063,14,15,20398,280
17063,14,15,20028,350
17063,14,15,19658,420
17063,14,15,18918,490
17063,14,15,18548,560
17063,14,15,18178,630
17063,14,15,17438,700
17063,14,15,17068,770
17063,14,15,1,840
21133,14,15,22999,0
21133,14,15,22629,350
21133,14,15,22259,630
21133,14,15,21889,840
21133,14,15,21519,1120
21133,14,15,21149,1330
21142,14,15,22629,0
21142,14,15,22259,350
21142,14,15,21889,630
21142,14,15,21519,840
21142,14,15,21149,1120
21142,14,15,1,1330
24115,14,15,25597,0
24115,14,15,25227,560
24115,14,15,24857,770
24115,14,15,24487,1050
24115,14,15,24117,1330
18178,14,15,20771,0
18178,14,15,20401,490
18178,14,15,19661,560
18178,14,15,19291,630
18178,14,15,18551,700
18178,14,15,18181,770
18178,14,15,1,840
35987,14,15,37099,0
35987,14,15,36729,560
35987,14,15,36359,770
35987,14,15,35989,1050
35987,14,15,1,1330
28194,14,15,30048,0
28194,14,15,29678,420
28194,14,15,29308,700
28194,14,15,28938,910
28194,14,15,28568,1190
28194,14,15,28198,1400
40438,14,15,41921,0
40438,14,15,41551,490
40438,14,15,41181,770
40438,14,15,40811,980
40438,14,15,40441,1260
40438,14,15,1,1470
25230,14,15,27450,0
25230,14,15,27080,420
25230,14,15,26710,630
25230,14,15,26340,910
25230,14,15,25970,1120
25230,14,15,25600,1400
21504,14,15,23370,0
21504,14,15,23000,420
21504,14,15,22630,630
21504,14,15,22260,910
21504,14,15,21890,1120
21504,14,15,21520,1400
29306,14,15,30791,0
29306,14,15,30421,490
29306,14,15,30051,770
29306,14,15,29681,980
29306,14,15,29311,1260
18540,14,15,21512,0
18540,14,15,21142,420
18540,14,15,20772,700
18540,14,15,20402,910
18540,14,15,20032,980
18540,14,15,19662,1050
18540,14,15,18922,1120
18540,14,15,18552,1190
18540,14,15,1,1260
21513,14,15,23000,0
21513,14,15,22630,490
21513,14,15,22260,770
21513,14,15,21890,1050
21513,14,15,21520,1260
18549,14,15,21142,0
18549,14,15,20772,280
18549,14,15,20032,560
18549,14,15,19662,630
18549,14,15,18922,700
18549,14,15,18552,770
18549,14,15,1,840
36358,14,15,37470,0
36358,14,15,37100,490
36358,14,15,36730,770
36358,14,15,36360,980
36358,14,15,1,1260
30421,14,15,31904,0
30421,14,15,31534,560
30421,14,15,31164,840
30421,14,15,30794,1050
30421,14,15,30424,1330
22628,14,15,24483,0
22628,14,15,24113,490
22628,14,15,23743,770
22628,14,15,23373,980
22628,14,15,23003,1260
37473,14,15,39323,0
37473,14,15,38953,490
37473,14,15,38583,770
37473,14,15,38213,980
37473,14,15,37843,1260
20026,14,15,21886,0
20026,14,15,21516,490
20026,14,15,21146,700
20026,14,15,20776,980
20026,14,15,20036,1260
20026,14,15,1,1330
30792,14,15,32645,0
30792,14,15,32275,420
30792,14,15,31905,630
30792,14,15,31535,910
30792,14,15,31165,1120
30792,14,15,30795,1400
34871,14,15,36726,0
34871,14,15,36356,350
34871,14,15,35986,630
34871,14,15,35616,910
34871,14,15,35246,1120
34871,14,15,34876,1400
19660,14,15,21145,0
19660,14,15,20775,490
19660,14,15,20035,770
19660,14,15,19665,840
19660,14,15,1,910
26712,14,15,28194,0
26712,14,15,27824,420
26712,14,15,27454,700
26712,14,15,27084,980
26712,14,15,26714,1190
26712,14,15,1,1470
20775,14,15,21518,0
20775,14,15,21148,350
20775,14,15,20778,630
20775,14,15,1,840
38956,14,15,39697,0
38956,14,15,39327,350
38956,14,15,38957,630
38956,14,15,1,840
31903,14,15,33388,0
31903,14,15,33018,560
31903,14,15,32648,840
31903,14,15,32278,1050
31903,14,15,31908,1330
17067,14,15,19658,0
17067,14,15,18918,350
17067,14,15,18178,420
17067,14,15,17808,490
17067,14,15,17438,560
17067,14,15,1,630
21137,14,15,22629,0
21137,14,15,22259,560
21137,14,15,21889,770
21137,14,15,21519,1050
21137,14,15,21149,1260
18173,14,15,21511,0
18173,14,15,21141,420
18173,14,15,20771,630
18173,14,15,20031,910
18173,14,15,19661,980
18173,14,15,19291,1050
18173,14,15,18551,1120
18173,14,15,18181,1190
18173,14,15,1,1260
21146,14,15,21889,0
21146,14,15,21519,420
21146,14,15,21149,700
21146,14,15,1,910
33018,14,15,34501,0
33018,14,15,34131,560
33018,14,15,33761,840
33018,14,15,33391,1050
33018,14,15,33021,1330
25225,14,15,26710,0
25225,14,15,26340,630
25225,14,15,25970,840
25225,14,15,25600,1120
25225,14,15,25230,1330
21508,14,15,23370,0
21508,14,15,23000,350
21508,14,15,22630,630
21508,14,15,22260,840
21508,14,15,21890,1120
21508,14,15,21520,1330
26337,14,15,28193,0
26337,14,15,27823,420
26337,14,15,27453,700
26337,14,15,27083,980
26337,14,15,26713,1190
26337,14,15,26343,1470
29310,14,15,30051,0
29310,14,15,29681,490
29310,14,15,29311,700
29310,14,15,1,980
18544,14,15,21512,0
18544,14,15,21142,420
18544,14,15,20772,700
18544,14,15,20402,910
18544,14,15,20032,980
18544,14,15,19662,1050
18544,14,15,18922,1120
18544,14,15,18552,1190
18544,14,15,1,1260
15580,14,15,20394,0
15580,14,15,19654,280
15580,14,15,19284,350
15580,14,15,18914,420
15580,14,15,18544,490
15580,14,15,17804,560
15580,14,15,17434,630
15580,14,15,16694,700
15580,14,15,16324,770
15580,14,15,15954,840
15580,14,15,1,910
33389,14,15,34872,0
33389,14,15,34502,560
33389,14,15,34132,840
33389,14,15,33762,1050
33389,14,15,33392,1330
37468,14,15,38953,0
37468,14,15,38583,560
37468,14,15,38213,840
37468,14,15,37843,1050
37468,14,15,37473,1330
22257,14,15,24112,0
22257,14,15,23742,490
22257,14,15,23372,770
22257,14,15,23002,980
22257,14,15,22632,1260
22257,14,15,22262,1470
27823,14,15,29677,0
27823,14,15,29307,490
27823,14,15,28937,700
27823,14,15,28567,980
27823,14,15,28197,1190
27823,14,15,27827,1470
19655,14,15,21885,0
19655,14,15,21515,420
19655,14,15,21145,700
19655,14,15,20775,910
19655,14,15,20035,1190
19655,14,15,19665,1260
19655,14,15,1,1330
16691,14,15,20767,0
16691,14,15,20397,280
16691,14,15,20027,350
16691,14,15,19657,420
16691,14,15,18917,490
16691,14,15,18547,560
16691,14,15,17807,630
16691,14,15,17437,700
16691,14,15,17067,770
16691,14,15,1,840
19664,14,15,21145,0
19664,14,15,20775,350
19664,14,15,20035,630
19664,14,15,19665,700
19664,14,15,1,770
20770,14,15,21888,0
20770,14,15,21518,560
20770,14,15,21148,770
20770,14,15,20778,1050
20770,14,15,1,1330
23743,14,15,25596,0
23743,14,15,25226,490
23743,14,15,24856,700
23743,14,15,24486,980
23743,14,15,24116,1190
23743,14,15,23746,1470
40066,14,15,41920,0
40066,14,15,41550,350
40066,14,15,41180,630
40066,14,15,40810,840
40066,14,15,40440,1120
40066,14,15,40070,1330
21132,14,15,22999,0
21132,14,15,22629,350
21132,14,15,22259,630
21132,14,15,21889,840
21132,14,15,21519,1120
21132,14,15,21149,1330
17062,14,15,20768,0
17062,14,15,20398,280
17062,14,15,20028,350
17062,14,15,19658,420
17062,14,15,18918,490
17062,14,15,18548,560
17062,14,15,18178,630
17062,14,15,17438,700
17062,14,15,17068,770
17062,14,15,1,840
31907,14,15,32648,0
31907,14,15,32278,420
31907,14,15,31908,630
31907,14,15,1,910
21141,14,15,22259,0
21141,14,15,21889,560
21141,14,15,21519,840
21141,14,15,21149,1050
21141,14,15,1,1330
18177,14,15,21141,0
18177,14,15,20771,210
18177,14,15,20401,490
18177,14,15,20031,560
18177,14,15,19291,630
18177,14,15,18921,700
18177,14,15,18551,770
18177,14,15,1,840
35986,14,15,37469,0
35986,14,15,37099,490
35986,14,15,36729,770
35986,14,15,36359,1050
35986,14,15,35989,1260
29305,14,15,30791,0
29305,14,15,30421,490
29305,14,15,30051,770
29305,14,15,29681,980
29305,14,15,29311,1260
26341,14,15,27823,0
26341,14,15,27453,490
26341,14,15,27083,700
26341,14,15,26713,980
26341,14,15,26343,1190
26341,14,15,1,1470
30420,14,15,32274,0
30420,14,15,31904,420
30420,14,15,31534,630
30420,14,15,31164,910
30420,14,15,30794,1190
30420,14,15,30424,1400
15584,14,15,21874,0
15584,14,15,21504,350
15584,14,15,21134,630
15584,14,15,20764,910
15584,14,15,20394,1120
15584,14,15,20024,1190
15584,14,15,19284,1260
15584,14,15,18914,1330
15584,14,15,18174,1400
15584,14,15,17804,1470
22252,14,15,24112,0
22252,14,15,23742,560
22252,14,15,23372,840
22252,14,15,23002,1050
22252,14,15,22632,1330
22261,14,15,23002,0
22261,14,15,22632,560
22261,14,15,22262,770
22261,14,15,1,1050
38584,14,15,39696,0
38584,14,15,39326,490
38584,14,15,38956,770
38584,14,15,38586,1050
38584,14,15,1,1260
27827,14,15,30047,0
27827,14,15,29677,420
27827,14,15,29307,700
27827,14,15,28937,910
27827,14,15,28567,1190
27827,14,15,28197,1400
19650,14,15,22255,0
19650,14,15,21885,350
19650,14,15,21515,560
19650,14,15,21145,840
19650,14,15,20775,1120
19650,14,15,20405,1330
19650,14,15,20035,1400
19650,14,15,1,1470
19659,14,15,21145,0
19659,14,15,20775,490
19659,14,15,20405,770
19659,14,15,19665,840
19659,14,15,1,910
16695,14,15,20397,0
16695,14,15,20027,280
16695,14,15,19287,350
16695,14,15,18917,420
16695,14,15,18177,490
16695,14,15,17807,560
16695,14,15,17067,630
16695,14,15,16697,700
16695,14,15,1,770
20765,14,15,21888,0
20765,14,15,21518,560
20765,14,15,21148,770
20765,14,15,20778,1050
20765,14,15,1,1330
34504,14,15,35245,0
34504,14,15,34875,420
34504,14,15,34505,700
34504,14,15,1,910
20774,14,15,21518,0
20774,14,15,21148,420
20774,14,15,20778,630
20774,14,15,1,910
38955,14,15,40067,0
38955,14,15,39697,490
38955,14,15,39327,770
38955,14,15,38957,1050
38955,14,15,1,1260
24859,14,15,27079,0
24859,14,15,26709,490
24859,14,15,26339,700
24859,14,15,25969,980
24859,14,15,25599,1190
24859,14,15,25229,1470
17066,14,15,20398,0
17066,14,15,20028,280
17066,14,15,19288,350
17066,14,15,18918,420
17066,14,15,18178,490
17066,14,15,17808,560
17066,14,15,17438,630
17066,14,15,1,700
31902,14,15,33388,0
31902,14,15,33018,560
31902,14,15,32648,840
31902,14,15,32278,1050
31902,14,15,31908,1330
21136,14,15,22629,0
21136,14,15,22259,490
21136,14,15,21889,770
21136,14,15,21519,980
21136,14,15,21149,1260
18172,14,15,21511,0
18172,14,15,21141,420
18172,14,15,20771,630
18172,14,15,20031,910
18172,14,15,19661,980
18172,14,15,19291,1050
18172,14,15,18551,1120
18172,14,15,18181,1190
18172,14,15,1,1260
28938,14,15,30420,0
28938,14,15,30050,350
28938,14,15,29680,630
28938,14,15,29310,840
28938,14,15,28940,1120
28938,14,15,1,1400
33017,14,15,34871,0
33017,14,15,34501,420
33017,14,15,34131,700
33017,14,15,33761,910
33017,14,15,33391,1190
33017,14,15,33021,1400
18181,14,15,22251,0
18181,14,15,21881,420
18181,14,15,21511,630
18181,14,15,21141,910
18181,14,15,20771,1120
18181,14,15,20401,1400
18181,14,15,19661,1470
37102,14,15,38952,0
37102,14,15,38582,490
37102,14,15,38212,770
37102,14,15,37842,980
37102,14,15,37472,1260
29309,14,15,30791,0
29309,14,15,30421,350
29309,14,15,30051,630
29309,14,15,29681,840
29309,14,15,29311,1120
29309,14,15,1,1400
23372,14,15,25225,0
23372,14,15,24855,490
23372,14,15,24485,770
23372,14,15,24115,980
23372,14,15,23745,1260
23372,14,15,23375,1470
33388,14,15,35242,0
33388,14,15,34872,420
33388,14,15,34502,700
33388,14,15,34132,910
33388,14,15,33762,1190
33388,14,15,33392,1400
30424,14,15,32644,0
30424,14,15,32274,420
30424,14,15,31904,630
30424,14,15,31534,910
30424,14,15,31164,1120
30424,14,15,30794,1400
19283,14,15,21884,0
19283,14,15,21514,350
19283,14,15,21144,560
19283,14,15,20774,840
19283,14,15,20034,1120
19283,14,15,19664,1190
19283,14,15,1,1260
15213,14,15,21873,0
15213,14,15,21503,280
15213,14,15,21133,560
15213,14,15,20763,840
15213,14,15,20393,1050
15213,14,15,20023,1120
15213,14,15,19653,1190
15213,14,15,18913,1260
15213,14,15,18543,1330
15213,14,15,17803,1400
15213,14,15,17433,1470
22256,14,15,23742,0
22256,14,15,23372,490
22256,14,15,23002,770
22256,14,15,22632,1050
22256,14,15,22262,1260
19292,14,15,21144,0
19292,14,15,20774,350
19292,14,15,20404,560
19292,14,15,19664,630
19292,14,15,19294,700
19292,14,15,1,770
27822,14,15,29307,0
27822,14,15,28937,560
27822,14,15,28567,840
27822,14,15,28197,1050
27822,14,15,27827,1330
19654,14,15,21885,0
19654,14,15,21515,420
19654,14,15,21145,700
19654,14,15,20775,910
19654,14,15,20405,1190
19654,14,15,19665,1260
19654,14,15,1,1330
27456,14,15,29676,0
27456,14,15,29306,420
27456,14,15,28936,700
27456,14,15,28566,980
27456,14,15,28196,1190
27456,14,15,27826,1470
20760,14,15,22258,0
20760,14,15,21888,490
20760,14,15,21518,770
20760,14,15,21148,980
20760,14,15,20778,1260
20760,14,15,1,1470
19663,14,15,21145,0
19663,14,15,20775,420
19663,14,15,20035,700
19663,14,15,19665,770
19663,14,15,1,840
34499,14,15,36355,0
34499,14,15,35985,420
34499,14,15,35615,700
34499,14,15,35245,910
34499,14,15,34875,1190
34499,14,15,34505,1400
16690,14,15,20767,0
16690,14,15,20397,280
16690,14,15,20027,350
16690,14,15,19657,420
16690,14,15,18917,490
16690,14,15,18547,560
16690,14,15,17807,630
16690,14,15,17437,700
16690,14,15,17067,770
16690,14,15,1,840
20769,14,15,21888,0
20769,14,15,21518,560
20769,14,15,21148,770
20769,14,15,20778,1050
20769,14,15,1,1260
31535,14,15,32647,0
31535,14,15,32277,560
31535,14,15,31907,840
31535,14,15,31537,1050
31535,14,15,1,1330
23742,14,15,25596,0
23742,14,15,25226,560
23742,14,15,24856,840
23742,14,15,24486,1050
23742,14,15,24116,1330
20778,14,15,22628,0
20778,14,15,22258,560
20778,14,15,21888,840
20778,14,15,21518,1050
20778,14,15,21148,1330
40065,14,15,41550,0
40065,14,15,41180,560
40065,14,15,40810,840
40065,14,15,40440,1050
40065,14,15,40070,1330
24854,14,15,26709,0
24854,14,15,26339,420
24854,14,15,25969,700
24854,14,15,25599,910
24854,14,15,25229,1190
24854,14,15,24859,1400
21131,14,15,22629,0
21131,14,15,22259,420
21131,14,15,21889,630
21131,14,15,21519,840
21131,14,15,21149,1120
21131,14,15,1,1400
21890,14,15,22631,0
21890,14,15,22261,420
21890,14,15,21891,700
21890,14,15,1,910
17061,14,15,20768,0
17061,14,15,20398,280
17061,14,15,20028,350
17061,14,15,19658,420
17061,14,15,18918,490
17061,14,15,18548,560
17061,14,15,18178,630
17061,14,15,17438,700
17061,14,15,17068,770
17061,14,15,1,840
31906,14,15,33018,0
31906,14,15,32648,560
31906,14,15,32278,840
31906,14,15,31908,1050
31906,14,15,1,1330
25969,14,15,27822,0
25969,14,15,27452,350
25969,14,15,27082,630
25969,14,15,26712,910
25969,14,15,26342,1120
25969,14,15,25972,1400
18176,14,15,21141,0
18176,14,15,20771,210
18176,14,15,20401,490
18176,14,15,20031,560
18176,14,15,19291,630
18176,14,15,18921,700
18176,14,15,18181,770
18176,14,15,1,840
35985,14,15,37839,0
35985,14,15,37469,350
35985,14,15,37099,630
35985,14,15,36729,910
35985,14,15,36359,1120
35985,14,15,35989,1400
33021,14,15,35241,0
33021,14,15,34871,350
33021,14,15,34501,630
33021,14,15,34131,840
33021,14,15,33761,1120
33021,14,15,33391,1330
17810,14,15,22250,0
17810,14,15,21880,350
17810,14,15,21510,630
17810,14,15,21140,840
17810,14,15,20770,1120
17810,14,15,20400,1330
17810,14,15,20030,1400
17810,14,15,19290,1470
37097,14,15,38582,0
37097,14,15,38212,560
37097,14,15,37842,840
37097,14,15,37472,1050
37097,14,15,37102,1330
34133,14,15,34874,0
34133,14,15,34504,420
34133,14,15,34134,700
34133,14,15,1,910
26340,14,15,28193,0
26340,14,15,27823,350
26340,14,15,27453,630
26340,14,15,27083,910
26340,14,15,26713,1120
26340,14,15,26343,1400
30419,14,15,31904,0
30419,14,15,31534,560
30419,14,15,31164,770
30419,14,15,30794,1050
30419,14,15,30424,1260
22251,14,15,24112,0
22251,14,15,23742,560
22251,14,15,23372,840
22251,14,15,23002,1050
22251,14,15,22632,1330
30053,14,15,32273,0
30053,14,15,31903,420
30053,14,15,31533,630
30053,14,15,31163,910
30053,14,15,30793,1120
30053,14,15,30423,1400
19287,14,15,21144,0
19287,14,15,20774,420
19287,14,15,20404,630
19287,14,15,20034,700
19287,14,15,19664,770
19287,14,15,1,840
22260,14,15,23742,0
22260,14,15,23372,490
22260,14,15,23002,700
22260,14,15,22632,980
22260,14,15,22262,1260
22260,14,15,1,1470
16323,14,15,20766,0
16323,14,15,20396,280
16323,14,15,20026,350
16323,14,15,19286,420
16323,14,15,18916,490
16323,14,15,18176,560
16323,14,15,17806,630
16323,14,15,17436,700
16323,14,15,16696,770
16323,14,15,16326,840
16323,14,15,1,910
38583,14,15,40066,0
38583,14,15,39696,490
38583,14,15,39326,770
38583,14,15,38956,980
38583,14,15,38586,1260
38583,14,15,1,1470
27451,14,15,29306,0
27451,14,15,28936,350
27451,14,15,28566,630
27451,14,15,28196,840
27451,14,15,27826,1120
27451,14,15,27456,1330
19658,14,15,21145,0
19658,14,15,20775,490
19658,14,15,20035,770
19658,14,15,19665,840
19658,14,15,1,910
24487,14,15,25598,0
24487,14,15,25228,420
24487,14,15,24858,630
24487,14,15,24488,840
24487,14,15,1,1120
16694,14,15,20767,0
16694,14,15,20027,280
16694,14,15,19657,350
16694,14,15,19287,420
16694,14,15,18917,490
16694,14,15,18177,560
16694,14,15,17807,630
16694,14,15,17067,700
16694,14,15,16697,770
16694,14,15,1,840
20764,14,15,22258,0
20764,14,15,21888,490
20764,14,15,21518,770
20764,14,15,21148,980
20764,14,15,20778,1260
20764,14,15,1,1470
34503,14,15,35985,0
34503,14,15,35615,350
34503,14,15,35245,560
34503,14,15,34875,840
34503,14,15,34505,1120
34503,14,15,1,1330
20773,14,15,21518,0
20773,14,15,21148,420
20773,14,15,20778,630
20773,14,15,1,910
20407,14,15,22627,0
20407,14,15,22257,490
20407,14,15,21887,770
20407,14,15,21517,980
20407,14,15,21147,1260
21885,14,15,23371,0
21885,14,15,23001,560
21885,14,15,22631,770
21885,14,15,22261,1050
21885,14,15,21891,1260
24858,14,15,25599,0
24858,14,15,25229,630
24858,14,15,24859,840
24858,14,15,1,1120
39694,14,15,41179,0
39694,14,15,40809,560
39694,14,15,40439,840
39694,14,15,40069,1050
39694,14,15,39699,1330
28937,14,15,30420,0
28937,14,15,30050,560
28937,14,15,29680,770
28937,14,15,29310,1050
28937,14,15,28940,1330
33016,14,15,34871,0
33016,14,15,34501,350
33016,14,15,34131,630
33016,14,15,33761,910
33016,14,15,33391,1120
33016,14,15,33021,1400
17805,14,15,20770,0
17805,14,15,20400,420
17805,14,15,20030,490
17805,14,15,19660,560
17805,14,15,18920,630
17805,14,15,18550,700
17805,14,15,17810,770
17805,14,15,1,840
14841,14,15,18542,0
14841,14,15,17802,280
14841,14,15,17432,350
14841,14,15,17062,420
14841,14,15,16322,490
14841,14,15,15952,560
14841,14,15,15582,630
14841,14,15,14842,700
14841,14,15,1,770
34128,14,15,35984,0
34128,14,15,35614,420
34128,14,15,35244,700
34128,14,15,34874,910
34128,14,15,34504,1190
34128,14,15,34134,1400
37101,14,15,37842,0
37101,14,15,37472,350
37101,14,15,37102,630
37101,14,15,1,840
23371,14,15,25595,0
23371,14,15,25225,350
23371,14,15,24855,560
23371,14,15,24485,840
23371,14,15,24115,1050
23371,14,15,23745,1330
19282,14,15,21884,0
19282,14,15,21514,280
19282,14,15,21144,560
19282,14,15,20774,770
19282,14,15,20404,1050
19282,14,15,19664,1120
19282,14,15,19294,1190
19282,14,15,1,1260
30048,14,15,31533,0
30048,14,15,31163,560
30048,14,15,30793,770
30048,14,15,30423,1050
30048,14,15,30053,1260
22255,14,15,23742,0
22255,14,15,23372,560
22255,14,15,23002,770
22255,14,15,22632,1050
22255,14,15,22262,1260
19291,14,15,21144,0
19291,14,15,20774,350
19291,14,15,20404,630
19291,14,15,19664,700
19291,14,15,19294,770
19291,14,15,1,840
24482,14,15,26338,0
24482,14,15,25968,420
24482,14,15,25598,700
24482,14,15,25228,910
24482,14,15,24858,1190
24482,14,15,24488,1470
27455,14,15,28196,0
27455,14,15,27826,560
27455,14,15,27456,840
27455,14,15,1,1050
31534,14,15,33017,0
31534,14,15,32647,490
31534,14,15,32277,770
31534,14,15,31907,980
31534,14,15,31537,1260
20402,14,15,21517,0
20402,14,15,21147,350
20402,14,15,20777,630
20402,14,15,20407,840
20402,14,15,1,910
21880,14,15,23371,0
21880,14,15,23001,420
21880,14,15,22631,630
21880,14,15,22261,910
21880,14,15,21891,1120
21880,14,15,1,1400
24853,14,15,26709,0
24853,14,15,26339,420
24853,14,15,25969,700
24853,14,15,25599,910
24853,14,15,25229,1190
24853,14,15,24859,1400
21889,14,15,23371,0
21889,14,15,23001,420
21889,14,15,22631,630
21889,14,15,22261,840
21889,14,15,21891,1120
21889,14,15,1,1400
36725,14,15,38581,0
36725,14,15,38211,350
36725,14,15,37841,630
36725,14,15,37471,840
36725,14,15,37101,1120
36725,14,15,36731,1330
39698,14,15,40439,0
39698,14,15,40069,350
39698,14,15,39699,630
39698,14,15,1,840
25968,14,15,27822,0
25968,14,15,27452,490
25968,14,15,27082,700
25968,14,15,26712,980
25968,14,15,26342,1190
25968,14,15,25972,1470
17800,14,15,21510,0
17800,14,15,21140,350
17800,14,15,20770,630
17800,14,15,20400,840
17800,14,15,20030,910
17800,14,15,19660,980
17800,14,15,18920,1050
17800,14,15,18550,1120
17800,14,15,17810,1190
17800,14,15,1,1260
17809,14,15,20770,0
17809,14,15,20400,280
17809,14,15,20030,350
17809,14,15,19290,420
17809,14,15,18920,490
17809,14,15,18180,560
17809,14,15,17810,630
17809,14,15,1,700
37096,14,15,38952,0
37096,14,15,38582,350
37096,14,15,38212,630
37096,14,15,37842,840
37096,14,15,37472,1120
37096,14,15,37102,1400
34132,14,15,35614,0
34132,14,15,35244,350
34132,14,15,34874,560
34132,14,15,34504,840
34132,14,15,34134,1120
34132,14,15,1,1330
23375,14,15,25595,0
23375,14,15,25225,490
23375,14,15,24855,770
23375,14,15,24485,980
23375,14,15,24115,1260
23375,14,15,23745,1470
22250,14,15,24112,0
22250,14,15,23742,560
22250,14,15,23372,840
22250,14,15,23002,1050
22250,14,15,22632,1330
27079,14,15,28935,0
27079,14,15,28565,350
27079,14,15,28195,630
27079,14,15,27825,840
27079,14,15,27455,1120
27079,14,15,27085,1330
19286,14,15,21884,0
19286,14,15,21514,280
19286,14,15,21144,560
19286,14,15,20774,770
19286,14,15,20404,1050
19286,14,15,19664,1120
19286,14,15,19294,1190
19286,14,15,1,1260
30052,14,15,30793,0
30052,14,15,30423,490
30052,14,15,30053,700
30052,14,15,1,980
16322,14,15,20766,0
16322,14,15,20396,280
16322,14,15,20026,350
16322,14,15,19656,420
16322,14,15,18916,490
16322,14,15,18546,560
16322,14,15,18176,630
16322,14,15,17436,700
16322,14,15,17066,770
16322,14,15,16326,840
16322,14,15,1,910
27450,14,15,29306,0
27450,14,15,28936,420
27450,14,15,28566,630
27450,14,15,28196,910
27450,14,15,27826,1120
27450,14,15,27456,1400
24486,14,15,25968,0
24486,14,15,25598,560
24486,14,15,25228,770
24486,14,15,24858,1050
24486,14,15,24488,1330
20397,14,15,21887,0
20397,14,15,21517,490
20397,14,15,21147,770
20397,14,15,20777,1050
20397,14,15,20407,1260
20397,14,15,1,1330
17433,14,15,20769,0
17433,14,15,20399,350
17433,14,15,20029,420
17433,14,15,19289,490
17433,14,15,18919,560
17433,14,15,18549,630
17433,14,15,17809,700
17433,14,15,17439,770
17433,14,15,1,840
21875,14,15,23741,0
21875,14,15,23371,490
21875,14,15,23001,700
21875,14,15,22631,980
21875,14,15,22261,1190
21875,14,15,21891,1470
35614,14,15,37468,0
35614,14,15,37098,420
35614,14,15,36728,630
35614,14,15,36358,910
35614,14,15,35988,1190
35614,14,15,35618,1400
20406,14,15,21147,0
20406,14,15,20777,490
20406,14,15,20407,700
20406,14,15,1,770
21884,14,15,23371,0
21884,14,15,23001,420
21884,14,15,22631,700
21884,14,15,22261,910
21884,14,15,21891,1190
21884,14,15,1,1400
32650,14,15,34870,0
32650,14,15,34500,350
32650,14,15,34130,630
32650,14,15,33760,840
32650,14,15,33390,1120
32650,14,15,33020,1330
24857,14,15,26339,0
24857,14,15,25969,560
24857,14,15,25599,770
24857,14,15,25229,1050
24857,14,15,24859,1260
36729,14,15,37841,0
36729,14,15,37471,490
36729,14,15,37101,770
36729,14,15,36731,980
36729,14,15,1,1260
25972,14,15,28192,0
25972,14,15,27822,420
25972,14,15,27452,700
25972,14,15,27082,910
25972,14,15,26712,1190
25972,14,15,26342,1470
17804,14,15,20770,0
17804,14,15,20030,490
17804,14,15,19660,560
17804,14,15,18920,630
17804,14,15,18550,700
17804,14,15,18180,770
17804,14,15,1,840
29676,14,15,31162,0
29676,14,15,30792,490
29676,14,15,30422,770
29676,14,15,30052,980
29676,14,15,29682,1260
37100,14,15,38212,0
37100,14,15,37842,490
37100,14,15,37472,770
37100,14,15,37102,1050
37100,14,15,1,1260
23004,14,15,25224,0
23004,14,15,24854,490
23004,14,15,24484,700
23004,14,15,24114,980
23004,14,15,23744,1190
23004,14,15,23374,1470
30047,14,15,31533,0
30047,14,15,31163,560
30047,14,15,30793,770
30047,14,15,30423,1050
30047,14,15,30053,1260
27083,14,15,28565,0
27083,14,15,28195,420
27083,14,15,27825,700
27083,14,15,27455,980
27083,14,15,27085,1190
27083,14,15,1,1470
16326,14,15,21876,0
16326,14,15,21506,490
16326,14,15,21136,700
16326,14,15,20766,980
16326,14,15,20396,1190
16326,14,15,20026,1260
16326,14,15,19286,1330
16326,14,15,18916,1400
16326,14,15,18546,1470
18915,14,15,21513,0
18915,14,15,21143,490
18915,14,15,20773,770
18915,14,15,20403,980
18915,14,15,20033,1050
18915,14,15,19293,1120
18915,14,15,18923,1190
18915,14,15,1,1260
38211,14,15,40065,0
38211,14,15,39695,350
38211,14,15,39325,630
38211,14,15,38955,840
38211,14,15,38585,1120
38211,14,15,38215,1330
35247,14,15,37467,0
35247,14,15,37097,350
35247,14,15,36727,630
35247,14,15,36357,840
35247,14,15,35987,1120
35247,14,15,35617,1330
27454,14,15,28936,0
27454,14,15,28566,490
27454,14,15,28196,700
27454,14,15,27826,980
27454,14,15,27456,1260
27454,14,15,1,1470
39326,14,15,40438,0
39326,14,15,40068,490
39326,14,15,39698,770
39326,14,15,39328,1050
39326,14,15,1,1260
20401,14,15,21517,0
20401,14,15,21147,350
20401,14,15,20777,630
20401,14,15,20407,840
20401,14,15,1,910
21879,14,15,23741,0
21879,14,15,23371,420
21879,14,15,23001,630
21879,14,15,22631,910
21879,14,15,22261,1120
21879,14,15,21891,1400
32645,14,15,34500,0
32645,14,15,34130,350
32645,14,15,33760,560
32645,14,15,33390,840
32645,14,15,33020,1120
32645,14,15,32650,1330
35618,14,15,37838,0
35618,14,15,37468,350
35618,14,15,37098,630
35618,14,15,36728,840
35618,14,15,36358,1120
35618,14,15,35988,1330
17437,14,15,20769,0
17437,14,15,20399,280
17437,14,15,19659,350
17437,14,15,19289,420
17437,14,15,18549,490
17437,14,15,18179,560
17437,14,15,17809,630
17437,14,15,1,700
21888,14,15,23371,0
21888,14,15,23001,560
21888,14,15,22631,770
21888,14,15,22261,1050
21888,14,15,21891,1260
39697,14,15,40809,0
39697,14,15,40439,560
39697,14,15,40069,770
39697,14,15,39699,1050
39697,14,15,1,1260
28565,14,15,30419,0
28565,14,15,30049,420
28565,14,15,29679,630
28565,14,15,29309,910
28565,14,15,28939,1120
28565,14,15,28569,1400
25601,14,15,27821,0
25601,14,15,27451,420
25601,14,15,27081,700
25601,14,15,26711,910
25601,14,15,26341,1190
25601,14,15,25971,1400
17808,14,15,20770,0
17808,14,15,20400,350
17808,14,15,19660,420
17808,14,15,19290,490
17808,14,15,18920,560
17808,14,15,18180,630
17808,14,15,17810,700
17808,14,15,1,770
29680,14,15,31162,0
29680,14,15,30792,420
29680,14,15,30422,630
29680,14,15,30052,910
29680,14,15,29682,1120
29680,14,15,1,1400
34131,14,15,35614,0
34131,14,15,35244,560
34131,14,15,34874,840
34131,14,15,34504,1050
34131,14,15,34134,1330
22999,14,15,24854,0
22999,14,15,24484,490
22999,14,15,24114,770
22999,14,15,23744,1050
22999,14,15,23374,1260
40808,14,15,42662,0
40808,14,15,42292,350
40808,14,15,41922,630
40808,14,15,41552,840
40808,14,15,41182,1120
40808,14,15,40812,1330
20035,14,15,21146,0
20035,14,15,20776,420
20035,14,15,20036,700
20035,14,15,1,770
37844,14,15,39694,0
37844,14,15,39324,490
37844,14,15,38954,770
37844,14,15,38584,980
37844,14,15,38214,1260
30051,14,15,31533,0
30051,14,15,31163,420
30051,14,15,30793,630
30051,14,15,30423,910
30051,14,15,30053,1120
30051,14,15,1,1400
18919,14,15,21143,0
18919,14,15,20773,350
18919,14,15,20033,630
18919,14,15,19663,700
18919,14,15,19293,770
18919,14,15,1,840
31163,14,15,32646,0
31163,14,15,32276,560
31163,14,15,31906,770
31163,14,15,31536,1050
31163,14,15,31166,1260
15955,14,15,21875,0
15955,14,15,21505,420
15955,14,15,21135,700
15955,14,15,20765,910
15955,14,15,20395,1190
15955,14,15,19655,1260
15955,14,15,19285,1330
15955,14,15,18545,1400
15955,14,15,18175,1470
35242,14,15,37097,0
35242,14,15,36727,350
35242,14,15,36357,630
35242,14,15,35987,840
35242,14,15,35617,1120
35242,14,15,35247,1400
38215,14,15,40065,0
38215,14,15,39695,490
38215,14,15,39325,770
38215,14,15,38955,980
38215,14,15,38585,1260
32278,14,15,33019,0
32278,14,15,32649,420
32278,14,15,32279,700
32278,14,15,1,910
24485,14,15,26338,0
24485,14,15,25968,420
24485,14,15,25598,700
24485,14,15,25228,980
24485,14,15,24858,1190
24485,14,15,24488,1470
20396,14,15,21887,0
20396,14,15,21517,560
20396,14,15,21147,770
20396,14,15,20777,1050
20396,14,15,20407,1260
20396,14,15,1,1330
17432,14,15,20769,0
17432,14,15,20399,350
17432,14,15,20029,420
17432,14,15,19289,490
17432,14,15,18919,560
17432,14,15,18549,630
17432,14,15,17809,700
17432,14,15,17439,770
17432,14,15,1,840
28198,14,15,30418,0
28198,14,15,30048,420
28198,14,15,29678,630
28198,14,15,29308,910
28198,14,15,28938,1190
28198,14,15,28568,1400
35613,14,15,37468,0
35613,14,15,37098,350
35613,14,15,36728,630
35613,14,15,36358,840
35613,14,15,35988,1120
35613,14,15,35618,1400
20405,14,15,21147,0
20405,14,15,20777,560
20405,14,15,20407,770
20405,14,15,1,840
21874,14,15,23741,0
21874,14,15,23371,490
21874,14,15,23001,700
21874,14,15,22631,980
21874,14,15,22261,1190
21874,14,15,21891,1470
32649,14,15,33390,0
32649,14,15,33020,420
32649,14,15,32650,700
32649,14,15,1,910
36728,14,15,38211,0
36728,14,15,37841,490
36728,14,15,37471,700
36728,14,15,37101,980
36728,14,15,36731,1190
36728,14,15,1,1470
21517,14,15,23000,0
21517,14,15,22630,420
21517,14,15,22260,630
21517,14,15,21890,840
21517,14,15,21520,1120
21517,14,15,1,1400
25596,14,15,27451,0
25596,14,15,27081,350
25596,14,15,26711,630
25596,14,15,26341,840
25596,14,15,25971,1120
25596,14,15,25601,1330
28569,14,15,30789,0
28569,14,15,30419,350
28569,14,15,30049,630
28569,14,15,29679,910
28569,14,15,29309,1120
28569,14,15,28939,1400
22632,14,15,23373,0
22632,14,15,23003,560
22632,14,15,22633,840
22632,14,15,1,1050
20021,14,15,22256,0
20021,14,15,21886,420
20021,14,15,21516,630
20021,14,15,21146,910
20021,14,15,20776,1120
20021,14,15,20406,1400
20021,14,15,1,1470
33760,14,15,35243,0
33760,14,15,34873,560
33760,14,15,34503,840
33760,14,15,34133,1050
33760,14,15,33763,1330
20030,14,15,21516,0
20030,14,15,21146,280
20030,14,15,20776,560
20030,14,15,20036,840
20030,14,15,1,910
23003,14,15,24114,0
23003,14,15,23744,350
23003,14,15,23374,560
23003,14,15,23004,840
23003,14,15,1,1050
37839,14,15,39324,0
37839,14,15,38954,560
37839,14,15,38584,840
37839,14,15,38214,1050
37839,14,15,37844,1330
34875,14,15,35616,0
34875,14,15,35246,420
34875,14,15,34876,700
34875,14,15,1,910
27082,14,15,28935,0
27082,14,15,28565,350
27082,14,15,28195,630
27082,14,15,27825,910
27082,14,15,27455,1120
27082,14,15,27085,1400
18914,14,15,21513,0
18914,14,15,21143,490
18914,14,15,20773,770
18914,14,15,20403,980
18914,14,15,20033,1050
18914,14,15,19293,1120
18914,14,15,18923,1190
18914,14,15,1,1260
15950,14,15,20765,0
15950,14,15,20025,280
15950,14,15,19655,350
15950,14,15,19285,420
15950,14,15,18915,490
15950,14,15,18175,560
15950,14,15,17805,630
15950,14,15,17065,700
15950,14,15,16695,770
15950,14,15,16325,840
15950,14,15,1,910
18923,14,15,22253,0
18923,14,15,21883,490
18923,14,15,21513,770
18923,14,15,21143,980
18923,14,15,20773,1260
18923,14,15,20403,1470
38210,14,15,39695,0
38210,14,15,39325,560
38210,14,15,38955,840
38210,14,15,38585,1050
38210,14,15,38215,1330
32273,14,15,34129,0
32273,14,15,33759,350
32273,14,15,33389,630
32273,14,15,33019,840
32273,14,15,32649,1120
32273,14,15,32279,1330
35246,14,15,35987,0
35246,14,15,35617,420
35246,14,15,35247,630
35246,14,15,1,910
39325,14,15,40808,0
39325,14,15,40438,490
39325,14,15,40068,770
39325,14,15,39698,980
39325,14,15,39328,1260
39325,14,15,1,1470
24114,14,15,25967,0
24114,14,15,25597,420
24114,14,15,25227,700
24114,14,15,24857,980
24114,14,15,24487,1190
24114,14,15,24117,1470
28193,14,15,29678,0
28193,14,15,29308,560
28193,14,15,28938,770
28193,14,15,28568,1050
28193,14,15,28198,1330
20400,14,15,21517,0
20400,14,15,21147,350
20400,14,15,20777,630
20400,14,15,20407,840
20400,14,15,1,910
25229,14,15,25970,0
25229,14,15,25600,560
25229,14,15,25230,770
25229,14,15,1,1050
40437,14,15,42291,0
40437,14,15,41921,350
40437,14,15,41551,630
40437,14,15,41181,840
40437,14,15,40811,1120
40437,14,15,40441,1330
17436,14,15,20769,0
17436,14,15,20399,350
17436,14,15,19659,420
17436,14,15,19289,490
17436,14,15,18549,560
17436,14,15,18179,630
17436,14,15,17809,700
17436,14,15,1,770
32644,14,15,34500,0
32644,14,15,34130,350
32644,14,15,33760,630
32644,14,15,33390,910
32644,14,15,33020,1120
32644,14,15,32650,1400
21503,14,15,23370,0
21503,14,15,23000,420
21503,14,15,22630,630
21503,14,15,22260,840
21503,14,15,21890,1120
21503,14,15,21520,1400
21512,14,15,23000,0
21512,14,15,22630,560
21512,14,15,22260,770
21512,14,15,21890,1050
21512,14,15,21520,1260
18548,14,15,21142,0
18548,14,15,20772,280
18548,14,15,20402,560
18548,14,15,19662,630
18548,14,15,19292,700
18548,14,15,18922,770
18548,14,15,1,840
36357,14,15,37840,0
36357,14,15,37470,490
36357,14,15,37100,700
36357,14,15,36730,980
36357,14,15,36360,1190
36357,14,15,1,1470
28564,14,15,30049,0
28564,14,15,29679,490
28564,14,15,29309,770
28564,14,15,28939,1050
28564,14,15,28569,1260
22627,14,15,24483,0
22627,14,15,24113,560
22627,14,15,23743,840
22627,14,15,23373,1050
22627,14,15,23003,1330
25600,14,15,26341,0
25600,14,15,25971,560
25600,14,15,25601,770
25600,14,15,1,1050
37472,14,15,38213,0
37472,14,15,37843,350
37472,14,15,37473,630
37472,14,15,1,840
29679,14,15,31162,0
29679,14,15,30792,560
29679,14,15,30422,840
29679,14,15,30052,1050
29679,14,15,29682,1330
20025,14,15,21886,0
20025,14,15,21516,490
20025,14,15,21146,770
20025,14,15,20776,980
20025,14,15,20406,1260
20025,14,15,1,1330
30791,14,15,32645,0
30791,14,15,32275,490
30791,14,15,31905,700
30791,14,15,31535,980
30791,14,15,31165,1260
30791,14,15,30795,1470
40807,14,15,42292,0
40807,14,15,41922,560
40807,14,15,41552,840
40807,14,15,41182,1050
40807,14,15,40812,1330
20034,14,15,21146,0
20034,14,15,20776,490
20034,14,15,20406,700
20034,14,15,20036,770
20034,14,15,1,840
34870,14,15,36726,0
34870,14,15,36356,420
34870,14,15,35986,700
34870,14,15,35616,910
34870,14,15,35246,1190
34870,14,15,34876,1400
37843,14,15,38584,0
37843,14,15,38214,350
37843,14,15,37844,630
37843,14,15,1,840
26711,14,15,28564,0
26711,14,15,28194,350
26711,14,15,27824,630
26711,14,15,27454,910
26711,14,15,27084,1120
26711,14,15,26714,1400
18918,14,15,21143,0
18918,14,15,20773,350
18918,14,15,20033,630
18918,14,15,19663,700
18918,14,15,18923,770
18918,14,15,1,840
31162,14,15,33016,0
31162,14,15,32646,350
31162,14,15,32276,630
31162,14,15,31906,840
31162,14,15,31536,1120
31162,14,15,31166,1400
15954,14,15,19655,0
15954,14,15,19285,280
15954,14,15,18545,350
15954,14,15,18175,420
15954,14,15,17435,490
15954,14,15,17065,560
15954,14,15,16695,630
15954,14,15,15955,700
15954,14,15,1,770
35241,14,15,37097,0
35241,14,15,36727,420
35241,14,15,36357,700
35241,14,15,35987,910
35241,14,15,35617,1190
35241,14,15,35247,1400
32277,14,15,33759,0
32277,14,15,33389,350
32277,14,15,33019,560
32277,14,15,32649,840
32277,14,15,32279,1120
32277,14,15,1,1330
21145,14,15,22259,0
21145,14,15,21889,560
21145,14,15,21519,840
21145,14,15,21149,1050
21145,14,15,1,1330
25224,14,15,27080,0
25224,14,15,26710,420
25224,14,15,26340,630
25224,14,15,25970,910
25224,14,15,25600,1120
25224,14,15,25230,1400
17431,14,15,21139,0
17431,14,15,20769,490
17431,14,15,20029,770
17431,14,15,19659,840
17431,14,15,19289,910
17431,14,15,18549,980
17431,14,15,18179,1050
17431,14,15,17439,1120
17431,14,15,1,1190
28197,14,15,28938,0
28197,14,15,28568,490
28197,14,15,28198,770
28197,14,15,1,980
21507,14,15,23370,0
21507,14,15,23000,350
21507,14,15,22630,630
21507,14,15,22260,840
21507,14,15,21890,1120
21507,14,15,21520,1330
18543,14,15,21512,0
18543,14,15,21142,420
18543,14,15,20772,700
18543,14,15,20402,910
18543,14,15,20032,980
18543,14,15,19662,1050
18543,14,15,18922,1120
18543,14,15,18552,1190
18543,14,15,1,1260
21516,14,15,22630,0
21516,14,15,22260,560
21516,14,15,21890,840
21516,14,15,21520,1050
21516,14,15,1,1330
18552,14,15,22252,0
18552,14,15,21882,420
18552,14,15,21512,700
18552,14,15,21142,980
18552,14,15,20772,1190
18552,14,15,20032,1470
25595,14,15,27451,0
25595,14,15,27081,420
25595,14,15,26711,700
25595,14,15,26341,980
25595,14,15,25971,1190
25595,14,15,25601,1470
22631,14,15,24113,0
22631,14,15,23743,490
22631,14,15,23373,770
22631,14,15,23003,980
22631,14,15,22633,1260
22631,14,15,1,1470
37467,14,15,39323,0
37467,14,15,38953,350
37467,14,15,38583,630
37467,14,15,38213,840
37467,14,15,37843,1120
37467,14,15,37473,1400
33759,14,15,35613,0
33759,14,15,35243,420
33759,14,15,34873,700
33759,14,15,34503,910
33759,14,15,34133,1190
33759,14,15,33763,1400
20029,14,15,21516,0
20029,14,15,21146,280
20029,14,15,20776,560
20029,14,15,20036,840
20029,14,15,1,910
30795,14,15,33015,0
30795,14,15,32645,420
30795,14,15,32275,700
30795,14,15,31905,980
30795,14,15,31535,1190
30795,14,15,31165,1470
37838,14,15,39694,0
37838,14,15,39324,350
37838,14,15,38954,630
37838,14,15,38584,840
37838,14,15,38214,1120
37838,14,15,37844,1400
34874,14,15,36356,0
34874,14,15,35986,350
34874,14,15,35616,560
34874,14,15,35246,840
34874,14,15,34876,1120
34874,14,15,1,1330
18913,14,15,21883,0
18913,14,15,21513,280
18913,14,15,21143,490
18913,14,15,20773,770
18913,14,15,20033,1050
18913,14,15,19663,1120
18913,14,15,18923,1190
18913,14,15,1,1260
31166,14,15,33386,0
31166,14,15,33016,350
31166,14,15,32646,630
31166,14,15,32276,910
31166,14,15,31906,1120
31166,14,15,31536,1400
21140,14,15,22259,0
21140,14,15,21889,560
21140,14,15,21519,840
21140,14,15,21149,1050
21140,14,15,1,1330
24113,14,15,25967,0
24113,14,15,25597,560
24113,14,15,25227,770
24113,14,15,24857,1050
24113,14,15,24487,1260
21149,14,15,22999,0
21149,14,15,22629,560
21149,14,15,22259,840
21149,14,15,21889,1050
21149,14,15,21519,1330
28192,14,15,29678,0
28192,14,15,29308,560
28192,14,15,28938,770
28192,14,15,28568,1050
28192,14,15,28198,1330
25228,14,15,26710,0
25228,14,15,26340,490
25228,14,15,25970,700
25228,14,15,25600,980
25228,14,15,25230,1190
25228,14,15,1,1470
40436,14,15,41921,0
40436,14,15,41551,560
40436,14,15,41181,840
40436,14,15,40811,1050
40436,14,15,40441,1330
21502,14,15,23370,0
21502,14,15,23000,420
21502,14,15,22630,700
21502,14,15,22260,910
21502,14,15,21890,1190
21502,14,15,21520,1470
21511,14,15,23000,0
21511,14,15,22630,490
21511,14,15,22260,770
21511,14,15,21890,980
21511,14,15,21520,1260
18547,14,15,21142,0
18547,14,15,20772,280
18547,14,15,20402,560
18547,14,15,19662,630
18547,14,15,19292,700
18547,14,15,18552,770
18547,14,15,1,840
21520,14,15,23370,0
21520,14,15,23000,560
21520,14,15,22630,840
21520,14,15,22260,1120
21520,14,15,21890,1330
15583,14,15,19284,0
15583,14,15,18914,280
15583,14,15,18174,350
15583,14,15,17804,420
15583,14,15,17064,490
15583,14,15,16694,560
15583,14,15,16324,630
15583,14,15,15584,700
15583,14,15,1,770
36356,14,15,37840,0
36356,14,15,37470,560
36356,14,15,37100,840
36356,14,15,36730,1050
36356,14,15,36360,1330
22626,14,15,24483,0
22626,14,15,24113,630
22626,14,15,23743,840
22626,14,15,23373,1120
22626,14,15,23003,1330
33392,14,15,35612,0
33392,14,15,35242,350
33392,14,15,34872,630
33392,14,15,34502,840
33392,14,15,34132,1120
33392,14,15,33762,1330
37471,14,15,38583,0
37471,14,15,38213,490
37471,14,15,37843,770
37471,14,15,37473,1050
37471,14,15,1,1260
20024,14,15,21886,0
20024,14,15,21516,420
20024,14,15,21146,700
20024,14,15,20776,910
20024,14,15,20406,1190
20024,14,15,1,1260
30790,14,15,32645,0
30790,14,15,32275,420
30790,14,15,31905,700
30790,14,15,31535,980
30790,14,15,31165,1190
30790,14,15,30795,1470
33763,14,15,35983,0
33763,14,15,35613,350
33763,14,15,35243,630
33763,14,15,34873,840
33763,14,15,34503,1120
33763,14,15,34133,1330
27826,14,15,28567,0
27826,14,15,28197,560
27826,14,15,27827,770
27826,14,15,1,1050
37842,14,15,38954,0
37842,14,15,38584,490
37842,14,15,38214,770
37842,14,15,37844,1050
37842,14,15,1,1260
26710,14,15,28564,0
26710,14,15,28194,490
26710,14,15,27824,700
26710,14,15,27454,980
26710,14,15,27084,1190
26710,14,15,26714,1470
38954,14,15,40437,0
38954,14,15,40067,490
38954,14,15,39697,770
38954,14,15,39327,980
38954,14,15,38957,1260
38954,14,15,1,1470
23746,14,15,25966,0
23746,14,15,25596,490
23746,14,15,25226,770
23746,14,15,24856,980
23746,14,15,24486,1260
23746,14,15,24116,1470
31161,14,15,33016,0
31161,14,15,32646,350
31161,14,15,32276,560
31161,14,15,31906,840
31161,14,15,31536,1120
31161,14,15,31166,1330
32276,14,15,33759,0
32276,14,15,33389,490
32276,14,15,33019,770
32276,14,15,32649,1050
32276,14,15,32279,1260
17065,14,15,20768,0
17065,14,15,20398,280
17065,14,15,20028,350
17065,14,15,19288,420
17065,14,15,18918,490
17065,14,15,18178,560
17065,14,15,17808,630
17065,14,15,17438,700
17065,14,15,1,770
21135,14,15,22629,0
21135,14,15,22259,490
21135,14,15,21889,770
21135,14,15,21519,980
21135,14,15,21149,1260
18171,14,15,21511,0
18171,14,15,21141,420
18171,14,15,20771,700
18171,14,15,20401,910
18171,14,15,20031,980
18171,14,15,19291,1050
18171,14,15,18921,1120
18171,14,15,18181,1190
18171,14,15,1,1260
21144,14,15,22259,0
21144,14,15,21889,560
21144,14,15,21519,770
21144,14,15,21149,1050
21144,14,15,1,1330
24117,14,15,26337,0
24117,14,15,25967,490
24117,14,15,25597,700
24117,14,15,25227,980
24117,14,15,24857,1190
24117,14,15,24487,1470
18180,14,15,20771,0
18180,14,15,20401,350
18180,14,15,19661,420
18180,14,15,19291,490
18180,14,15,18551,560
18180,14,15,18181,630
18180,14,15,1,700
35989,14,15,37839,0
35989,14,15,37469,560
35989,14,15,37099,840
35989,14,15,36729,1050
35989,14,15,36359,1330
28196,14,15,29678,0
28196,14,15,29308,420
28196,14,15,28938,700
28196,14,15,28568,910
28196,14,15,28198,1190
28196,14,15,1,1400
21506,14,15,23000,0
21506,14,15,22630,420
21506,14,15,22260,630
21506,14,15,21890,840
21506,14,15,21520,1120
21506,14,15,1,1400
18542,14,15,21512,0
18542,14,15,21142,490
18542,14,15,20772,700
18542,14,15,20402,980
18542,14,15,19662,1050
18542,14,15,19292,1120
18542,14,15,18552,1190
18542,14,15,1,1260
29308,14,15,30791,0
29308,14,15,30421,560
29308,14,15,30051,770
29308,14,15,29681,1050
29308,14,15,29311,1330
21515,14,15,22630,0
21515,14,15,22260,560
21515,14,15,21890,840
21515,14,15,21520,1050
21515,14,15,1,1330
18551,14,15,20772,0
18551,14,15,20032,420
18551,14,15,19662,490
18551,14,15,19292,560
18551,14,15,18552,630
18551,14,15,1,700
33387,14,15,35242,0
33387,14,15,34872,350
33387,14,15,34502,630
33387,14,15,34132,910
33387,14,15,33762,1120
33387,14,15,33392,1400
36360,14,15,38210,0
36360,14,15,37840,490
36360,14,15,37470,770
36360,14,15,37100,980
36360,14,15,36730,1260
30423,14,15,31164,0
30423,14,15,30794,490
30423,14,15,30424,700
30423,14,15,1,980
22630,14,15,24483,0
22630,14,15,24113,420
22630,14,15,23743,700
22630,14,15,23373,980
22630,14,15,23003,1190
22630,14,15,22633,1470
14471,14,15,21501,0
14471,14,15,21131,350
14471,14,15,20761,630
14471,14,15,20021,910
14471,14,15,19651,980
14471,14,15,18911,1050
14471,14,15,18541,1120
14471,14,15,18171,1190
14471,14,15,17431,1260
14471,14,15,17061,1330
14471,14,15,16321,1400
14471,14,15,15951,1470
33758,14,15,35613,0
33758,14,15,35243,350
33758,14,15,34873,630
33758,14,15,34503,910
33758,14,15,34133,1120
33758,14,15,33763,1400
27821,14,15,29677,0
27821,14,15,29307,350
27821,14,15,28937,630
27821,14,15,28567,840
27821,14,15,28197,1120
27821,14,15,27827,1330
30794,14,15,31535,0
30794,14,15,31165,560
30794,14,15,30795,770
30794,14,15,1,1050
19653,14,15,21885,0
19653,14,15,21515,420
19653,14,15,21145,630
19653,14,15,20775,910
19653,14,15,20405,1120
19653,14,15,20035,1190
19653,14,15,1,1260
34873,14,15,36356,0
34873,14,15,35986,560
34873,14,15,35616,840
34873,14,15,35246,1050
34873,14,15,34876,1330
19662,14,15,21145,0
19662,14,15,20775,490
19662,14,15,20405,700
19662,14,15,20035,770
19662,14,15,1,840
20768,14,15,22258,0
20768,14,15,21888,350
20768,14,15,21518,560
20768,14,15,21148,840
20768,14,15,20778,1050
20768,14,15,1,1330
23741,14,15,25596,0
23741,14,15,25226,490
23741,14,15,24856,770
23741,14,15,24486,980
23741,14,15,24116,1260
26714,14,15,28934,0
26714,14,15,28564,420
26714,14,15,28194,700
26714,14,15,27824,910
26714,14,15,27454,1190
26714,14,15,27084,1400
20777,14,15,21148,0
20777,14,15,20778,490
20777,14,15,1,770
21130,14,15,22629,0
21130,14,15,22259,420
21130,14,15,21889,630
21130,14,15,21519,910
21130,14,15,21149,1120
21130,14,15,1,1400
17060,14,15,21138,0
17060,14,15,20768,420
17060,14,15,20398,700
17060,14,15,19658,770
17060,14,15,19288,840
17060,14,15,18918,910
17060,14,15,18178,980
17060,14,15,17808,1050
17060,14,15,17068,1120
17060,14,15,1,1190
21139,14,15,22629,0
21139,14,15,22259,490
21139,14,15,21889,770
21139,14,15,21519,980
21139,14,15,21149,1260
31905,14,15,33388,0
31905,14,15,33018,490
31905,14,15,32648,770
31905,14,15,32278,980
31905,14,15,31908,1260
24112,14,15,25967,0
24112,14,15,25597,420
24112,14,15,25227,700
24112,14,15,24857,910
24112,14,15,24487,1190
24112,14,15,24117,1470
18175,14,15,21141,0
18175,14,15,20771,210
18175,14,15,20401,490
18175,14,15,20031,560
18175,14,15,19291,630
18175,14,15,18921,700
18175,14,15,18551,770
18175,14,15,1,840
35984,14,15,37839,0
35984,14,15,37469,350
35984,14,15,37099,560
35984,14,15,36729,840
35984,14,15,36359,1120
35984,14,15,35989,1330
21148,14,15,21889,0
21148,14,15,21519,420
21148,14,15,21149,700
21148,14,15,1,910
33020,14,15,33761,0
33020,14,15,33391,420
33020,14,15,33021,700
33020,14,15,1,910
25227,14,15,26710,0
25227,14,15,26340,630
25227,14,15,25970,840
25227,14,15,25600,1120
25227,14,15,25230,1400
21501,14,15,23370,0
21501,14,15,23000,420
21501,14,15,22630,700
21501,14,15,22260,910
21501,14,15,21890,1190
21501,14,15,21520,1470
26339,14,15,28193,0
26339,14,15,27823,490
26339,14,15,27453,700
26339,14,15,27083,980
26339,14,15,26713,1190
26339,14,15,26343,1470
18546,14,15,21142,0
18546,14,15,20772,280
18546,14,15,20402,560
18546,14,15,19662,630
18546,14,15,19292,700
18546,14,15,18922,770
18546,14,15,1,840
36355,14,15,37840,0
36355,14,15,37470,560
36355,14,15,37100,770
36355,14,15,36730,1050
36355,14,15,36360,1260
15582,14,15,19654,0
15582,14,15,19284,280
15582,14,15,18544,350
15582,14,15,18174,420
15582,14,15,17804,490
15582,14,15,17064,560
15582,14,15,16694,630
15582,14,15,15954,700
15582,14,15,15584,770
15582,14,15,1,840
30418,14,15,31904,0
30418,14,15,31534,560
30418,14,15,31164,770
30418,14,15,30794,1050
30418,14,15,30424,1260
33391,14,15,34132,0
33391,14,15,33762,420
33391,14,15,33392,700
33391,14,15,1,910
37470,14,15,38953,0
37470,14,15,38583,490
37470,14,15,38213,770
37470,14,15,37843,980
37470,14,15,37473,1260
37470,14,15,1,1470
22259,14,15,24112,0
22259,14,15,23742,420
22259,14,15,23372,700
22259,14,15,23002,910
22259,14,15,22632,1190
22259,14,15,22262,1400
38582,14,15,40436,0
38582,14,15,40066,350
38582,14,15,39696,630
38582,14,15,39326,840
38582,14,15,38956,1120
38582,14,15,38586,1330
30789,14,15,32645,0
30789,14,15,32275,420
30789,14,15,31905,700
30789,14,15,31535,980
30789,14,15,31165,1190
30789,14,15,30795,1470
27825,14,15,29307,0
27825,14,15,28937,420
27825,14,15,28567,700
27825,14,15,28197,980
27825,14,15,27827,1190
27825,14,15,1,1470
19657,14,15,21885,0
19657,14,15,21515,420
19657,14,15,21145,630
19657,14,15,20775,910
19657,14,15,20405,1120
19657,14,15,20035,1190
19657,14,15,1,1260
16693,14,15,20767,0
16693,14,15,20397,280
16693,14,15,20027,350
16693,14,15,19657,420
16693,14,15,18917,490
16693,14,15,18547,560
16693,14,15,17807,630
16693,14,15,17437,700
16693,14,15,17067,770
16693,14,15,1,840
20763,14,15,22258,0
20763,14,15,21888,490
20763,14,15,21518,770
20763,14,15,21148,980
20763,14,15,20778,1260
20763,14,15,1,1470
34502,14,15,35985,0
34502,14,15,35615,560
34502,14,15,35245,840
34502,14,15,34875,1050
34502,14,15,34505,1330
26709,14,15,28564,0
26709,14,15,28194,350
26709,14,15,27824,630
26709,14,15,27454,840
26709,14,15,27084,1120
26709,14,15,26714,1330
20772,14,15,21518,0
20772,14,15,21148,420
20772,14,15,20778,630
20772,14,15,1,910
23745,14,15,24856,0
23745,14,15,24486,420
23745,14,15,24116,630
23745,14,15,23746,910
23745,14,15,1,1120
38953,14,15,40807,0
38953,14,15,40437,350
38953,14,15,40067,630
38953,14,15,39697,840
38953,14,15,39327,1120
38953,14,15,38957,1330
40068,14,15,41180,0
40068,14,15,40810,560
40068,14,15,40440,770
40068,14,15,40070,1050
40068,14,15,1,1260
17064,14,15,20768,0
17064,14,15,20398,280
17064,14,15,20028,350
17064,14,15,19658,420
17064,14,15,18918,490
17064,14,15,18548,560
17064,14,15,18178,630
17064,14,15,17438,700
17064,14,15,17068,770
17064,14,15,1,840
21134,14,15,22629,0
21134,14,15,22259,420
21134,14,15,21889,700
21134,14,15,21519,910
21134,14,15,21149,1190
21134,14,15,1,1400
28936,14,15,30790,0
28936,14,15,30420,350
28936,14,15,30050,630
28936,14,15,29680,910
28936,14,15,29310,1120
28936,14,15,28940,1400
18170,14,15,21511,0
18170,14,15,21141,420
18170,14,15,20771,700
18170,14,15,20401,910
18170,14,15,20031,980
18170,14,15,19661,1050
18170,14,15,18921,1120
18170,14,15,18551,1190
18170,14,15,1,1260
21143,14,15,22629,0
21143,14,15,22259,350
21143,14,15,21889,560
21143,14,15,21519,840
21143,14,15,21149,1120
21143,14,15,1,1330
18179,14,15,20771,0
18179,14,15,20401,420
18179,14,15,19661,490
18179,14,15,19291,560
18179,14,15,18551,630
18179,14,15,18181,700
18179,14,15,1,770
33015,14,15,34871,0
33015,14,15,34501,420
33015,14,15,34131,700
33015,14,15,33761,910
33015,14,15,33391,1190
33015,14,15,33021,1400
35988,14,15,36729,0
35988,14,15,36359,350
35988,14,15,35989,630
35988,14,15,1,910
29307,14,15,31161,0
29307,14,15,30791,350
29307,14,15,30421,630
29307,14,15,30051,910
29307,14,15,29681,1120
29307,14,15,29311,1400
23370,14,15,25225,0
23370,14,15,24855,560
23370,14,15,24485,770
23370,14,15,24115,1050
23370,14,15,23745,1260
26343,14,15,28563,0
26343,14,15,28193,420
26343,14,15,27823,700
26343,14,15,27453,910
26343,14,15,27083,1190
26343,14,15,26713,1470
33386,14,15,35242,0
33386,14,15,34872,420
33386,14,15,34502,700
33386,14,15,34132,910
33386,14,15,33762,1190
33386,14,15,33392,1400
30422,14,15,31904,0
30422,14,15,31534,420
30422,14,15,31164,630
30422,14,15,30794,910
30422,14,15,30424,1120
30422,14,15,1,1400
22254,14,15,24112,0
22254,14,15,23742,490
22254,14,15,23372,770
22254,14,15,23002,980
22254,14,15,22632,1260
22254,14,15,22262,1470
19290,14,15,21144,0
19290,14,15,20774,420
19290,14,15,20404,630
19290,14,15,20034,700
19290,14,15,19664,770
19290,14,15,1,840
38586,14,15,40436,0
38586,14,15,40066,490
38586,14,15,39696,770
38586,14,15,39326,980
38586,14,15,38956,1260
19652,14,15,21885,0
19652,14,15,21515,420
19652,14,15,21145,630
19652,14,15,20775,910
19652,14,15,20405,1120
19652,14,15,20035,1190
19652,14,15,1,1260
19661,14,15,21145,0
19661,14,15,20775,490
19661,14,15,20035,770
19661,14,15,19665,840
19661,14,15,1,910
31533,14,15,33387,0
31533,14,15,33017,350
31533,14,15,32647,630
31533,14,15,32277,840
31533,14,15,31907,1120
31533,14,15,31537,1330
20767,14,15,22258,0
20767,14,15,21888,350
20767,14,15,21518,560
20767,14,15,21148,840
20767,14,15,20778,1120
20767,14,15,1,1330
16697,14,15,21877,0
16697,14,15,21507,420
16697,14,15,21137,700
16697,14,15,20767,980
16697,14,15,20397,1190
16697,14,15,20027,1260
16697,14,15,19287,1330
16697,14,15,18917,1400
16697,14,15,18177,1470
20776,14,15,21518,0
20776,14,15,21148,350
20776,14,15,20778,560
20776,14,15,1,840
38957,14,15,40807,0
38957,14,15,40437,490
38957,14,15,40067,770
38957,14,15,39697,980
38957,14,15,39327,1260
21138,14,15,22629,0
21138,14,15,22259,490
21138,14,15,21889,770
21138,14,15,21519,980
21138,14,15,21149,1260
25967,14,15,27822,0
25967,14,15,27452,350
25967,14,15,27082,630
25967,14,15,26712,840
25967,14,15,26342,1120
25967,14,15,25972,1400
31904,14,15,33758,0
31904,14,15,33388,350
31904,14,15,33018,630
31904,14,15,32648,840
31904,14,15,32278,1120
31904,14,15,31908,1330
28940,14,15,31160,0
28940,14,15,30790,350
28940,14,15,30420,630
28940,14,15,30050,840
28940,14,15,29680,1120
28940,14,15,29310,1330
18174,14,15,21141,0
18174,14,15,20771,210
18174,14,15,20401,490
18174,14,15,20031,560
18174,14,15,19291,630
18174,14,15,18921,700
18174,14,15,18551,770
18174,14,15,1,840
35983,14,15,37839,0
35983,14,15,37469,420
35983,14,15,37099,630
35983,14,15,36729,910
35983,14,15,36359,1120
35983,14,15,35989,1400
33019,14,15,34501,0
33019,14,15,34131,350
33019,14,15,33761,560
33019,14,15,33391,840
33019,14,15,33021,1120
33019,14,15,1,1330
26338,14,15,28193,0
26338,14,15,27823,350
26338,14,15,27453,630
26338,14,15,27083,840
26338,14,15,26713,1120
26338,14,15,26343,1400
29311,14,15,31531,0
29311,14,15,31161,350
29311,14,15,30791,630
29311,14,15,30421,840
29311,14,15,30051,1120
29311,14,15,29681,1330
23374,14,15,24485,0
23374,14,15,24115,420
23374,14,15,23745,630
23374,14,15,23375,840
23374,14,15,1,1120
22249,14,15,24112,0
22249,14,15,23742,560
22249,14,15,23372,840
22249,14,15,23002,1050
22249,14,15,22632,1330
19285,14,15,21884,0
19285,14,15,21514,280
19285,14,15,21144,560
19285,14,15,20774,770
19285,14,15,20404,1050
19285,14,15,19664,1120
19285,14,15,19294,1190
19285,14,15,1,1260
22258,14,15,24112,0
22258,14,15,23742,490
22258,14,15,23372,770
22258,14,15,23002,980
22258,14,15,22632,1260
22258,14,15,22262,1470
16321,14,15,20766,0
16321,14,15,20396,280
16321,14,15,20026,350
16321,14,15,19656,420
16321,14,15,18916,490
16321,14,15,18546,560
16321,14,15,17806,630
16321,14,15,17436,700
16321,14,15,17066,770
16321,14,15,16326,840
16321,14,15,1,910
19294,14,15,22624,0
19294,14,15,22254,350
19294,14,15,21884,560
19294,14,15,21514,770
19294,14,15,21144,1050
19294,14,15,20774,1330
38581,14,15,40066,0
38581,14,15,39696,560
38581,14,15,39326,840
38581,14,15,38956,1050
38581,14,15,38586,1330
19656,14,15,21885,0
19656,14,15,21515,420
19656,14,15,21145,630
19656,14,15,20775,910
19656,14,15,20405,1120
19656,14,15,20035,1190
19656,14,15,1,1260
20762,14,15,22258,0
20762,14,15,21888,490
20762,14,15,21518,770
20762,14,15,21148,980
20762,14,15,20778,1260
16692,14,15,20767,0
16692,14,15,20397,280
16692,14,15,20027,350
16692,14,15,19287,420
16692,14,15,18917,490
16692,14,15,18547,560
16692,14,15,17807,630
16692,14,15,17437,700
16692,14,15,16697,770
16692,14,15,1,840
19665,14,15,22625,0
19665,14,15,22255,420
19665,14,15,21885,630
19665,14,15,21515,910
19665,14,15,21145,1190
19665,14,15,20775,1400
34501,14,15,36355,0
34501,14,15,35985,420
34501,14,15,35615,700
34501,14,15,35245,910
34501,14,15,34875,1190
34501,14,15,34505,1400
31537,14,15,33757,0
31537,14,15,33387,350
31537,14,15,33017,560
31537,14,15,32647,840
31537,14,15,32277,1120
31537,14,15,31907,1330
20771,14,15,21518,0
20771,14,15,21148,420
20771,14,15,20778,630
20771,14,15,1,910
21883,14,15,23741,0
21883,14,15,23371,420
21883,14,15,23001,630
21883,14,15,22631,840
21883,14,15,22261,1120
21883,14,15,21891,1400
24856,14,15,26709,0
24856,14,15,26339,420
24856,14,15,25969,700
24856,14,15,25599,910
24856,14,15,25229,1190
24856,14,15,24859,1400
28935,14,15,30420,0
28935,14,15,30050,490
28935,14,15,29680,770
28935,14,15,29310,980
28935,14,15,28940,1260
31908,14,15,34128,0
31908,14,15,33758,350
31908,14,15,33388,560
31908,14,15,33018,840
31908,14,15,32648,1120
31908,14,15,32278,1330
25971,14,15,26712,0
25971,14,15,26342,560
25971,14,15,25972,770
25971,14,15,1,1050
17803,14,15,20770,0
17803,14,15,20030,490
17803,14,15,19660,560
17803,14,15,18920,630
17803,14,15,18550,700
17803,14,15,18180,770
17803,14,15,1,840
37099,14,15,38582,0
37099,14,15,38212,490
37099,14,15,37842,770
37099,14,15,37472,980
37099,14,15,37102,1260
37099,14,15,1,1470
26342,14,15,27083,0
26342,14,15,26713,560
26342,14,15,26343,770
26342,14,15,1,1050
41178,14,15,42663,0
41178,14,15,42293,560
41178,14,15,41923,840
41178,14,15,41553,1050
41178,14,15,41183,1330
19280,14,15,21884,0
19280,14,15,21514,490
19280,14,15,21144,770
19280,14,15,20774,980
19280,14,15,20034,1260
19280,14,15,19664,1330
19280,14,15,19294,1400
19280,14,15,1,1470
22253,14,15,24112,0
22253,14,15,23742,490
22253,14,15,23372,770
22253,14,15,23002,980
22253,14,15,22632,1260
22253,14,15,22262,1470
19289,14,15,21144,0
19289,14,15,20774,420
19289,14,15,20404,630
19289,14,15,20034,700
19289,14,15,19294,770
19289,14,15,1,840
22262,14,15,24482,0
22262,14,15,24112,490
22262,14,15,23742,700
22262,14,15,23372,980
22262,14,15,23002,1190
22262,14,15,22632,1470
16325,14,15,19656,0
16325,14,15,18916,350
16325,14,15,18176,420
16325,14,15,17806,490
16325,14,15,17436,560
16325,14,15,16696,630
16325,14,15,16326,700
16325,14,15,1,770
38585,14,15,39326,0
38585,14,15,38956,350
38585,14,15,38586,630
38585,14,15,1,840
19651,14,15,22255,0
19651,14,15,21885,350
19651,14,15,21515,630
19651,14,15,21145,840
19651,14,15,20775,1120
19651,14,15,20405,1330
19651,14,15,20035,1400
19651,14,15,19665,1470
27453,14,15,29306,0
27453,14,15,28936,420
27453,14,15,28566,630
27453,14,15,28196,910
27453,14,15,27826,1120
27453,14,15,27456,1400
20766,14,15,21888,0
20766,14,15,21518,560
20766,14,15,21148,770
20766,14,15,20778,1050
20766,14,15,1,1330
16696,14,15,19657,0
16696,14,15,19287,280
16696,14,15,18917,350
16696,14,15,18177,420
16696,14,15,17807,490
16696,14,15,17437,560
16696,14,15,16697,630
16696,14,15,1,700
34505,14,15,36725,0
34505,14,15,36355,350
34505,14,15,35985,630
34505,14,15,35615,840
34505,14,15,35245,1120
34505,14,15,34875,1330
31532,14,15,33017,0
31532,14,15,32647,560
31532,14,15,32277,840
31532,14,15,31907,1050
31532,14,15,31537,1330
21878,14,15,23741,0
21878,14,15,23371,420
21878,14,15,23001,630
21878,14,15,22631,910
21878,14,15,22261,1120
21878,14,15,21891,1400
