{
    "upper_bounds": [
        null,
        1.1504953481740925,
        1.1501420420324964
    ],
    "lower_bounds": [
        1.1501346271028576,
        1.1501346271028576,
        1.1501420420324964
    ],
    "num_columns": [
        824,
        888,
        996
    ],
    "init_time": 0.2330000400543213,
    "times": [
        2.4090001583099365,
        2.7740001678466797,
        3.2239999771118164
    ],
    "explored_nodes": [
        1,
        2,
        3
    ]
}
