{
    "upper_bounds": [
        1.1501420420324961,
        1.1501420420324961,
        1.1501420420324961
    ],
    "lower_bounds": [
        1.1501346271028576,
        1.1501346271028576,
        1.1501420420324961
    ],
    "num_columns": [
        1154,
        1197,
        1290
    ],
    "init_time": 0.25300002098083496,
    "times": [
        3.7310001850128174,
        3.9079999923706055,
        4.202000141143799
    ],
    "explored_nodes": [
        1,
        2,
        3
    ]
}
