{
    "upper_bounds": [
        1.1501420420324961,
        1.1501420420324961,
        1.1501420420324961
    ],
    "lower_bounds": [
        1.1501346271028576,
        1.1501346271028576,
        1.1501420420324961
    ],
    "num_columns": [
        1154,
        1197,
        1290
    ],
    "init_time": 0.24599981307983398,
    "times": [
        3.672999858856201,
        3.8379998207092285,
        4.1519999504089355
    ],
    "explored_nodes": [
        1,
        2,
        3
    ]
}
