{
    "upper_bounds": [
        null,
        1.1504953481740925,
        1.1501420420324964
    ],
    "lower_bounds": [
        1.1501346271028576,
        1.1501346271028576,
        1.1501420420324964
    ],
    "num_columns": [
        824,
        888,
        996
    ],
    "init_time": 0.26999998092651367,
    "times": [
        2.509999990463257,
        2.8550000190734863,
        3.312000036239624
    ],
    "explored_nodes": [
        1,
        2,
        3
    ]
}
