{
    "upper_bounds": [
        2.725151801836265,
        2.725151801836265,
        2.725151801836265,
        2.725151801836265,
        2.725151801836265,
        2.71480660162948,
        2.71480660162948,
        2.71480660162948,
        2.71480660162948,
        2.71480660162948,
        2.71480660162948,
        2.71480660162948,
        2.71480660162948,
        2.71480660162948,
        2.71480660162948,
        2.71480660162948,
        2.71480660162948,
        2.71480660162948,
        2.71480660162948,
        2.71480660162948,
        2.71480660162948,
        2.71480660162948,
        2.71480660162948,
        2.71480660162948,
        2.71480660162948,
        2.71480660162948,
        2.71480660162948,
        2.71480660162948,
        2.71480660162948,
        2.71480660162948,
        2.71480660162948,
        2.71480660162948,
        2.71480660162948,
        2.71480660162948,
        2.71480660162948,
        2.71480660162948,
        2.71480660162948,
        2.71480660162948,
        2.71480660162948,
        2.71480660162948,
        2.71480660162948,
        2.71480660162948,
        2.71480660162948,
        2.71480660162948,
        2.71480660162948,
        2.71480660162948,
        2.71480660162948,
        2.71480660162948,
        2.71480660162948,
        2.71480660162948,
        2.71480660162948,
        2.71480660162948,
        2.71480660162948,
        2.71480660162948,
        2.71480660162948,
        2.71480660162948,
        2.71480660162948,
        2.7147617813460627,
        2.7147617813460627,
        2.7147617813460627,
        2.7147617813460627,
        2.7147617813460627,
        2.7147617813460627,
        2.7147617813460623,
        2.7147617813460623,
        2.7147617813460623,
        2.7147617813460623,
        2.7147617813460623,
        2.7147617813460623,
        2.7147617813460623,
        2.7147617813460623,
        2.7147617813460623,
        2.7147617813460623,
        2.7147617813460623,
        2.7147617813460623,
        2.7147617813460623,
        2.7147617813460623
    ],
    "lower_bounds": [
        2.702656680388751,
        2.702656680388751,
        2.7138895047378204,
        2.7138895047378204,
        2.7140379925035014,
        2.7140379925035014,
        2.7140379925035014,
        2.7140379925035014,
        2.7140379925035014,
        2.7140379925035014,
        2.714037992503522,
        2.714037992503522,
        2.714037992503522,
        2.714037992503522,
        2.714205022457649,
        2.714205022457649,
        2.714205022457711,
        2.714205022457711,
        2.7142066533066593,
        2.7142066533066593,
        2.714211796705749,
        2.714211796705749,
        2.7142117967057753,
        2.7142117967057753,
        2.7142153447194035,
        2.7142153447194035,
        2.7142632438131353,
        2.7142632438131353,
        2.71426665936969,
        2.71426665936969,
        2.714311744700626,
        2.714311744700626,
        2.714311744700634,
        2.714311744700634,
        2.7144102920082744,
        2.7144102920082744,
        2.7144240289332098,
        2.7144240289332098,
        2.7144937031305694,
        2.7144937031305694,
        2.7144937031306284,
        2.7144937031306284,
        2.7144940037982965,
        2.7144940037982965,
        2.71449983442323,
        2.71449983442323,
        2.71449983442323,
        2.71449983442323,
        2.71449983442323,
        2.71449983442323,
        2.7145106229770164,
        2.7145106229770164,
        2.714601503877799,
        2.714601503877799,
        2.714601984870223,
        2.714601984870223,
        2.7146120622716783,
        2.7146120622716783,
        2.714612062271707,
        2.714612062271707,
        2.714612062271707,
        2.714612062271707,
        2.7146120622717076,
        2.7146120622717076,
        2.7146566135349666,
        2.7146566135349666,
        2.714656613535013,
        2.714656613535013,
        2.7146792708461858,
        2.7146792708461858,
        2.714712881298186,
        2.714712881298186,
        2.7147128812981864,
        2.7147128812981864,
        2.71471288129831,
        2.71471288129831,
        2.7147617813460623
    ],
    "num_columns": [
        4764,
        5203,
        5828,
        6029,
        6216,
        7715,
        7948,
        8113,
        8285,
        8552,
        8616,
        8886,
        9064,
        9353,
        9765,
        9914,
        10124,
        10353,
        10503,
        10537,
        10616,
        10782,
        10913,
        11126,
        11289,
        11384,
        11564,
        11775,
        11897,
        12057,
        12242,
        12359,
        12685,
        12780,
        12965,
        13012,
        13179,
        13233,
        13372,
        13610,
        13832,
        13917,
        14154,
        14247,
        14392,
        14430,
        14489,
        14629,
        14697,
        14742,
        14870,
        14954,
        15118,
        15219,
        15348,
        15399,
        15515,
        15575,
        15667,
        15722,
        15763,
        15832,
        16054,
        16092,
        16331,
        16445,
        16578,
        16652,
        16867,
        16911,
        17086,
        17313,
        17363,
        17550,
        17615,
        17874,
        17969
    ],
    "init_time": 1.1159999370574951,
    "times": [
        70.65899991989136,
        79.32399988174438,
        87.50999999046326,
        91.13199996948242,
        97.76500010490417,
        111.69799995422363,
        115.59299993515015,
        120.1710000038147,
        124.67199993133545,
        129.53399991989136,
        130.3510000705719,
        135.0220000743866,
        139.33500003814697,
        144.58699989318848,
        153.49399995803833,
        158.27600002288818,
        159.71900010108948,
        164.55800008773804,
        168.9340000152588,
        170.74399995803833,
        171.7149999141693,
        176.0920000076294,
        180.1210000514984,
        182.94199991226196,
        185.42199993133545,
        186.50200009346008,
        190.39199995994568,
        194.13700008392334,
        195.56500005722046,
        199.2630000114441,
        201.30099987983704,
        203.86100006103516,
        206.25099992752075,
        208.84699988365173,
        210.74399995803833,
        211.875,
        213.22099995613098,
        214.38299989700317,
        215.31200003623962,
        217.83400011062622,
        223.49200010299683,
        224.135999917984,
        229.2850000858307,
        231.0350000858307,
        233.48099994659424,
        234.31200003623962,
        235.15899991989136,
        237.635999917984,
        238.52900004386902,
        239.7369999885559,
        242.18300008773804,
        243.23600006103516,
        246.0590000152588,
        247.0130000114441,
        247.81200003623962,
        248.50200009346008,
        249.52300000190735,
        250.35199999809265,
        251.6710000038147,
        252.3289999961853,
        252.90899991989136,
        253.56699991226196,
        254.8529999256134,
        255.35599994659424,
        256.65899991989136,
        257.50300002098083,
        258.9449999332428,
        260.07599997520447,
        266.03399991989136,
        266.5369999408722,
        267.90000009536743,
        269.01399993896484,
        269.3949999809265,
        270.2999999523163,
        270.80200004577637,
        271.8680000305176,
        272.6670000553131
    ],