{
    "upper_bounds": [
        null,
        1.1504953481740925,
        1.1501420420324964
    ],
    "lower_bounds": [
        1.1501346271028576,
        1.1501346271028576,
        1.1501420420324964
    ],
    "num_columns": [
        824,
        888,
        996
    ],
    "init_time": 0.2049999237060547,
    "times": [
        2.3919999599456787,
        2.7249999046325684,
        3.1679999828338623
    ],
    "explored_nodes": [
        1,
        2,
        3
    ]
}
