{
    "upper_bounds": [
        1.1501420420324961
    ],
    "lower_bounds": [
        1.1501346271028576
    ],
    "num_columns": [
        1154
    ],
    "init_time": 0.25800013542175293,
    "times": [
        4.843000173568726
    ],
    "explored_nodes": [
        1
    ]
}
