{
    "upper_bounds": [
        null,
        1.1504953481740925,
        1.1501420420324964
    ],
    "lower_bounds": [
        1.1501346271028576,
        1.1501346271028576,
        1.1501420420324964
    ],
    "num_columns": [
        824,
        888,
        996
    ],
    "init_time": 0.25099992752075195,
    "times": [
        2.4210000038146973,
        2.765000104904175,
        3.2139999866485596
    ],
    "explored_nodes": [
        1,
        2,
        3
    ]
}
