{
    "upper_bounds": [
        null,
        null,
        null,
        null,
        null,
        null,
        null,
        null,
        null,
        null,
        null,
        null,
        null,
        null,
        null,
        null,
        null,
        null,
        null,
        null,
        null,
        null,
        null,
        null
    ],
    "lower_bounds": [
        1.1388005347712324,
        1.1388005347712324,
        1.1394932911329647,
        1.1394932911329647,
        1.1400216063449233,
        1.1400216063449233,
        1.1412974329150785,
        1.1412974329150785,
        1.1425566883442646,
        1.1425566883442646,
        1.142589553658512,
        1.142589553658512,
        1.1428186717848638,
        1.1428186717848638,
        1.1430907935480137,
        1.1430907935480137,
        1.1434420258439608,
        1.1434420258439608,
        1.1435589719334984,
        1.1435589719334984,
        1.1440083301212471,
        1.1440083301212471,
        1.1443277432577144,
        1.1443277432577144
    ],
    "num_columns": [
        474,
        549,
        610,
        669,
        734,
        770,
        852,
        889,
        940,
        994,
        1097,
        1148,
        1208,
        1228,
        1285,
        1339,
        1456,
        1474,
        1550,
        1566,
        1671,
        1739,
        1774,
        1832
    ],
    "init_time": 0.21399998664855957,
    "times": [
        0.681999921798706,
        1.0,
        1.1349999904632568,
        1.3610000610351562,
        1.6140000820159912,
        1.6779999732971191,
        1.9140000343322754,
        2.052999973297119,
        2.188999891281128,
        2.367000102996826,
        2.628000020980835,
        2.8529999256134033,
        3.005000114440918,
        3.1089999675750732,
        3.302000045776367,
        3.500999927520752,
        3.7809998989105225,
        3.885999917984009,
        4.0929999351501465,
        4.184999942779541,
        4.392999887466431,
        4.5959999561309814,
        4.775000095367432,
        4.941999912261963
    ],
    "explored_nodes": [
        1,
        2,
        3,
        4,
        5,
        6,
        7,
        8,
        9,
        10,
        11,
        12,
        13,
        14,
        15,
        16,
        17,
        18,
        19,
        20,
        21,
        22,
        23,
        24
    ]
}
