{
    "upper_bounds": [
        null,
        null,
        null,
        null,
        null,
        null,
        null,
        null,
        null,
        null,
        null,
        null,
        null,
        null,
        null,
        null,
        null,
        null,
        null,
        null,
        null,
        null,
        null,
        null,
        null,
        null
    ],
    "lower_bounds": [
        1.1388005347712324,
        1.1388005347712324,
        1.1400936508941035,
        1.1400936508941035,
        1.143212179170231,
        1.143212179170231,
        1.1438914394442756,
        1.1438914394442756,
        1.1442668743284943,
        1.1442668743284943,
        1.1448912481861853,
        1.1448912481861853,
        1.14505920939623,
        1.14505920939623,
        1.145506977671166,
        1.145506977671166,
        1.1457049738100973,
        1.1457049738100973,
        1.1457752868779694,
        1.1457752868779694,
        1.1459003084834622,
        1.1459003084834622,
        1.145955397893692,
        1.145955397893692,
        1.146295130002316,
        1.146295130002316
    ],
    "num_columns": [
        474,
        519,
        622,
        651,
        729,
        768,
        872,
        938,
        1091,
        1127,
        1226,
        1293,
        1332,
        1409,
        1525,
        1602,
        1638,
        1679,
        1721,
        1752,
        1874,
        1944,
        1965,
        1996,
        2074,
        2097
    ],
    "init_time": 0.22900009155273438,
    "times": [
        0.6919999122619629,
        0.7890000343322754,
        1.0729999542236328,
        1.1459999084472656,
        1.4089999198913574,
        1.502000093460083,
        1.7230000495910645,
        1.8640000820159912,
        2.121000051498413,
        2.2350001335144043,
        2.4030001163482666,
        2.6630001068115234,
        2.7829999923706055,
        2.9839999675750732,
        3.1640000343322754,
        3.3450000286102295,
        3.4149999618530273,
        3.5920000076293945,
        3.759999990463257,
        3.8580000400543213,
        4.140000104904175,
        4.306999921798706,
        4.4019999504089355,
        4.502000093460083,
        4.7209999561309814,
        4.822999954223633
    ],
    "explored_nodes": [
        1,
        2,
        3,
        4,
        5,
        6,
        7,
        8,
        9,
        10,
        11,
        12,
        13,
        14,
        15,
        16,
        17,
        18,
        19,
        20,
        21,
        22,
        23,
        24,
        25,
        26
    ]
}
