{
    "upper_bounds": [
        1.1754333641149568,
        1.1754333641149568,
        1.1754333641149568,
        1.1754333641149568,
        1.1754333641149568,
        1.1754333641149568,
        1.1754333641149568,
        1.1754333641149568
    ],
    "lower_bounds": [
        1.1388005347712324,
        1.1388005347712324,
        1.1394932911329647,
        1.1394932911329647,
        1.1400216063449233,
        1.1400216063449233,
        1.1412974329150785,
        1.1412974329150785
    ],
    "num_columns": [
        808,
        883,
        944,
        1013,
        1106,
        1352,
        1425,
        1455
    ],
    "init_time": 0.23799991607666016,
    "times": [
        2.2049999237060547,
        2.48799991607666,
        2.628999948501587,
        2.9039998054504395,
        3.1469998359680176,
        4.630999803543091,
        4.8379998207092285,
        4.94599986076355
    ],
    "explored_nodes": [
        1,
        2,
        3,
        4,
        5,
        6,
        7,
        8
    ]
}
